ad_stat_id,ad_campaign_id,stat_date,impressions,clicks,conversions,ad_cost,attributed_revenue,roi
ADS00000001,AD00001,2025-06-11,52099,761,30,2765.04,18934.34,6.8478
ADS00000002,AD00002,2025-07-02,83923,2205,243,1516.52,109885.39,72.4589
ADS00000003,AD00003,2025-09-18,72709,5564,105,17086.65,11468.47,0.6712
ADS00000004,AD00004,2026-06-24,48973,1842,202,7220.75,127489.07,17.6559
ADS00000005,AD00005,2026-01-25,29495,467,28,1451.73,4637.1,3.1942
ADS00000006,AD00006,2025-02-02,161192,10850,1605,24326.61,921214.9,37.8686
ADS00000007,AD00007,2026-07-26,154410,7931,451,9286.73,291097.35,31.3455
ADS00000008,AD00008,2026-08-22,12699,316,31,1347.8,16925.33,12.5577
ADS00000009,AD00009,2026-07-04,35842,1943,225,5470.29,140139.25,25.6182
ADS00000010,AD00010,2026-08-16,34741,319,13,442.44,6440.75,14.5573
ADS00000011,AD00011,2025-06-17,102322,6508,793,26521.97,243917.08,9.1968
ADS00000012,AD00012,2026-08-20,127054,1929,74,9192.69,6639.94,0.7223
ADS00000013,AD00013,2026-04-14,47130,2662,225,5379.94,62528.96,11.6226
ADS00000014,AD00014,2026-07-03,174234,1803,214,2667.07,117633.56,44.1059
ADS00000015,AD00015,2026-06-17,99104,7762,737,32298.39,428614.0,13.2704
ADS00000016,AD00016,2025-03-08,112476,1827,158,5663.52,79027.62,13.9538
ADS00000017,AD00017,2025-03-30,156730,2673,52,11839.81,12270.48,1.0364
ADS00000018,AD00018,2026-05-11,108321,3301,338,10692.16,136646.09,12.78
ADS00000019,AD00019,2025-08-21,149191,2376,148,1060.46,73641.24,69.4427
ADS00000020,AD00020,2026-06-01,71439,3692,167,6969.38,23998.62,3.4434
ADS00000021,AD00021,2025-09-20,35430,289,28,458.4,9543.65,20.8195
ADS00000022,AD00022,2026-06-14,134243,3200,71,3906.57,4997.33,1.2792
ADS00000023,AD00023,2025-04-18,141792,7007,1003,3877.19,226734.5,58.4791
ADS00000024,AD00024,2026-07-24,166077,9749,155,4565.76,40963.46,8.9719
ADS00000025,AD00025,2025-01-31,114263,7434,664,17714.31,379153.89,21.4038
ADS00000026,AD00026,2026-02-24,81757,5553,576,4676.78,59557.72,12.7348
ADS00000027,AD00027,2025-11-18,144724,2212,176,4439.47,98781.9,22.2508
ADS00000028,AD00028,2025-06-16,174356,8096,861,6449.01,188276.09,29.1946
ADS00000029,AD00029,2025-12-02,39807,1325,118,2848.41,40717.4,14.2948
ADS00000030,AD00030,2025-03-29,52544,2205,174,4643.18,92863.07,19.9999
ADS00000031,AD00031,2025-05-23,51016,3316,72,10772.92,32326.4,3.0007
ADS00000032,AD00032,2026-08-16,170080,8625,891,14913.16,375170.6,25.157
ADS00000033,AD00033,2026-02-12,45701,423,40,1365.05,10756.04,7.8796
ADS00000034,AD00034,2025-04-20,81328,5701,608,3186.29,140017.29,43.9437
ADS00000035,AD00035,2026-02-21,130038,8558,1023,28613.34,114110.68,3.988
ADS00000036,AD00036,2025-04-01,165191,4109,254,18677.98,73792.97,3.9508
ADS00000037,AD00037,2026-07-21,120605,5725,705,19937.18,404632.94,20.2954
ADS00000038,AD00038,2026-05-01,94242,6768,585,6533.23,78393.8,11.9992
ADS00000039,AD00039,2026-06-10,35043,736,24,657.64,16079.26,24.4499
ADS00000040,AD00040,2025-10-07,59249,4006,547,4574.32,177781.55,38.8651
ADS00000041,AD00041,2025-08-10,46743,2114,83,1283.54,7848.43,6.1147
ADS00000042,AD00042,2026-04-11,169165,4959,650,16065.77,352723.46,21.955
ADS00000043,AD00043,2025-04-24,87711,5462,175,1941.24,118288.39,60.9344
ADS00000044,AD00044,2026-01-30,45206,1967,256,8720.45,165470.39,18.975
ADS00000045,AD00045,2026-01-07,69678,984,142,741.85,30728.81,41.4219
ADS00000046,AD00046,2025-06-29,172503,10861,1256,11509.08,152009.7,13.2078
ADS00000047,AD00047,2025-03-17,30424,300,32,586.24,2467.33,4.2087
ADS00000048,AD00048,2025-08-26,159838,5421,284,4102.48,54942.87,13.3926
ADS00000049,AD00049,2026-02-26,156926,12255,882,58142.07,251981.39,4.3339
ADS00000050,AD00050,2025-04-21,68995,4170,204,12967.43,26642.24,2.0546
ADS00000051,AD00051,2025-04-01,13188,883,93,3258.9,50711.13,15.5608
ADS00000052,AD00052,2025-10-18,80609,3837,100,5630.78,9311.25,1.6536
ADS00000053,AD00053,2026-02-07,107243,6214,458,18462.95,71159.2,3.8542
ADS00000054,AD00054,2025-07-20,153268,10501,429,45260.08,63941.89,1.4128
ADS00000055,AD00055,2025-06-11,88196,6334,698,23990.7,331246.58,13.8073
ADS00000056,AD00056,2026-07-28,158377,12504,774,12184.99,127633.45,10.4746
ADS00000057,AD00057,2025-01-16,114436,2317,166,2091.22,70017.5,33.4817
ADS00000058,AD00058,2025-07-11,16413,159,21,741.83,12839.2,17.3075
ADS00000059,AD00059,2026-05-06,12329,783,48,1989.06,12763.39,6.4168
ADS00000060,AD00060,2025-05-05,90302,2809,311,10422.08,143472.83,13.7662
ADS00000061,AD00061,2026-05-01,52464,1266,125,2446.83,20863.46,8.5267
ADS00000062,AD00062,2026-03-26,41399,3132,145,12847.86,44584.13,3.4702
ADS00000063,AD00063,2025-07-09,132849,7210,558,8473.04,202040.71,23.8451
ADS00000064,AD00064,2025-04-07,84875,2334,70,9420.03,43278.27,4.5943
ADS00000065,AD00065,2026-03-03,92732,6188,259,10566.72,173833.66,16.4511
ADS00000066,AD00066,2026-02-18,60360,3135,286,10946.92,132480.08,12.102
ADS00000067,AD00067,2025-09-04,152971,10685,292,14822.21,18933.98,1.2774
ADS00000068,AD00068,2026-07-20,40780,2464,69,2348.74,30874.55,13.1452
ADS00000069,AD00069,2025-08-14,142087,5513,823,14693.2,100671.96,6.8516
ADS00000070,AD00070,2026-07-06,66548,805,66,2491.25,20925.48,8.3996
ADS00000071,AD00071,2026-08-07,123714,5622,191,24613.02,104401.62,4.2417
ADS00000072,AD00072,2025-10-29,144637,10534,1148,16418.84,265442.29,16.1669
ADS00000073,AD00073,2025-05-09,161581,8369,755,38659.67,214038.62,5.5365
ADS00000074,AD00074,2025-06-29,134471,4699,327,21958.51,158705.49,7.2275
ADS00000075,AD00075,2026-04-15,16550,906,44,2456.94,23606.31,9.608
ADS00000076,AD00076,2025-03-03,71873,1156,33,1682.41,8205.7,4.8773
ADS00000077,AD00077,2025-08-07,113003,2219,85,9512.44,10808.26,1.1362
ADS00000078,AD00078,2025-01-16,53067,1886,73,6446.31,19411.65,3.0113
ADS00000079,AD00079,2026-02-17,100710,2255,35,10291.19,18511.35,1.7988
ADS00000080,AD00080,2025-08-14,121445,1026,84,2904.5,53625.56,18.4629
ADS00000081,AD00081,2025-05-11,53414,2272,229,2259.64,153712.52,68.0252
ADS00000082,AD00082,2026-07-29,70161,1383,57,687.59,8679.94,12.6237
ADS00000083,AD00083,2026-01-09,28622,1527,38,1633.65,3920.9,2.4001
ADS00000084,AD00084,2025-09-30,101593,7236,623,18820.35,48239.64,2.5632
ADS00000085,AD00085,2026-08-01,18988,733,74,1060.43,15453.15,14.5725
ADS00000086,AD00086,2025-10-31,12300,139,6,208.49,960.85,4.6086
ADS00000087,AD00087,2025-02-08,149572,8208,963,32093.61,425588.18,13.2608
ADS00000088,AD00088,2025-05-07,111551,3929,349,13061.83,22936.83,1.756
ADS00000089,AD00089,2025-03-08,19928,918,119,2755.44,68648.48,24.9138
ADS00000090,AD00090,2026-08-20,72423,1555,186,4989.19,40257.55,8.069
ADS00000091,AD00091,2025-05-25,83553,3572,416,4772.48,25452.94,5.3333
ADS00000092,AD00092,2025-02-11,144211,1788,118,5307.37,56453.67,10.6368
ADS00000093,AD00093,2026-08-19,144664,9679,616,11331.51,53516.59,4.7228
ADS00000094,AD00094,2025-09-11,16989,408,43,345.17,8792.0,25.4715
ADS00000095,AD00095,2025-03-05,70975,5226,271,15060.92,152243.82,10.1085
ADS00000096,AD00096,2026-07-31,131356,10464,668,18564.21,70199.19,3.7814
ADS00000097,AD00097,2025-05-28,130110,9908,609,38835.65,317695.01,8.1805
ADS00000098,AD00098,2025-05-10,126945,3312,107,14160.36,8121.9,0.5736
ADS00000099,AD00099,2026-03-19,144400,10091,370,19161.72,191854.19,10.0124
ADS00000100,AD00100,2025-08-20,87369,2454,347,3803.21,27934.99,7.3451
ADS00000101,AD00001,2025-07-01,177820,11523,603,30483.53,78956.29,2.5901
ADS00000102,AD00002,2025-06-20,139476,9465,685,32590.12,66444.25,2.0388
ADS00000103,AD00003,2025-09-23,92412,1806,213,3455.73,142876.85,41.3449
ADS00000104,AD00004,2026-06-24,114489,5005,163,9083.3,39597.48,4.3594
ADS00000105,AD00005,2025-12-17,157582,6207,900,6895.15,113950.32,16.5262
ADS00000106,AD00006,2025-03-31,46795,448,54,140.31,16884.45,120.3368
ADS00000107,AD00007,2026-07-25,168162,8034,423,14585.51,283975.4,19.4697
ADS00000108,AD00008,2026-08-21,76954,5273,562,3573.58,192349.01,53.8253
ADS00000109,AD00009,2026-06-18,49465,562,10,711.77,3056.88,4.2948
ADS00000110,AD00010,2026-07-30,173726,11249,557,53201.79,45687.7,0.8588
ADS00000111,AD00011,2025-06-17,124544,7114,172,12309.38,28582.44,2.322
ADS00000112,AD00012,2026-06-23,66873,4696,294,11988.61,29507.52,2.4613
ADS00000113,AD00013,2026-02-19,63232,2612,44,8788.96,19865.13,2.2602
ADS00000114,AD00014,2026-07-04,36648,1728,77,3317.03,19894.02,5.9975
ADS00000115,AD00015,2026-06-09,28832,635,90,680.06,37027.26,54.447
ADS00000116,AD00016,2025-03-04,36256,2767,169,1794.37,83792.44,46.6974
ADS00000117,AD00017,2025-04-10,32175,2427,96,5529.54,59214.81,10.7088
ADS00000118,AD00018,2026-05-09,179874,6607,921,12121.77,378596.14,31.2327
ADS00000119,AD00019,2025-08-08,138216,1554,121,5727.56,72315.8,12.6259
ADS00000120,AD00020,2026-03-23,143106,3999,69,13790.45,25060.06,1.8172
ADS00000121,AD00021,2025-09-27,105413,3748,295,12699.96,93156.34,7.3352
ADS00000122,AD00022,2026-04-24,165299,11089,1364,6864.54,835674.12,121.7378
ADS00000123,AD00023,2025-05-19,28738,1648,125,7810.09,8675.8,1.1108
ADS00000124,AD00024,2026-08-06,97705,5524,382,6741.43,119027.31,17.6561
ADS00000125,AD00025,2025-02-06,102916,4640,578,6434.24,278991.27,43.3604
ADS00000126,AD00026,2026-02-24,166602,8472,424,32249.52,209689.9,6.5021
ADS00000127,AD00027,2025-11-24,50682,925,87,4433.79,16207.89,3.6555
ADS00000128,AD00028,2025-05-15,101507,6276,688,13966.83,264991.89,18.9729
ADS00000129,AD00029,2025-12-08,90399,1914,136,4814.28,44161.74,9.1731
ADS00000130,AD00030,2025-03-04,161830,4748,602,22232.77,165918.94,7.4628
ADS00000131,AD00031,2025-05-26,91533,6637,597,22154.51,218815.24,9.8768
ADS00000132,AD00032,2026-08-22,178472,10434,159,46080.14,50883.33,1.1042
ADS00000133,AD00033,2026-02-11,65541,1567,50,3178.77,22031.83,6.9309
ADS00000134,AD00034,2025-05-05,150743,3022,415,4737.74,93983.55,19.8372
ADS00000135,AD00035,2026-02-10,33342,319,28,1403.88,13545.79,9.6488
ADS00000136,AD00036,2025-03-22,54795,2898,332,9594.56,80667.92,8.4077
ADS00000137,AD00037,2026-05-24,34086,380,52,1580.87,3177.62,2.01
ADS00000138,AD00038,2026-05-07,12769,596,21,2048.72,12547.9,6.1248
ADS00000139,AD00039,2026-06-06,136243,8593,754,11292.03,503576.48,44.5957
ADS00000140,AD00040,2025-09-23,38724,1728,52,971.15,13260.0,13.6539
ADS00000141,AD00041,2025-08-07,135533,7810,657,15952.91,347024.1,21.753
ADS00000142,AD00042,2026-04-08,14358,191,16,889.08,10026.15,11.277
ADS00000143,AD00043,2025-03-04,10242,637,82,2629.28,24054.45,9.1487
ADS00000144,AD00044,2026-02-19,156570,10843,245,12872.83,86376.61,6.71
ADS00000145,AD00045,2026-01-14,75862,2876,89,2693.56,10101.46,3.7502
ADS00000146,AD00046,2025-06-29,105001,8142,829,34868.82,350816.51,10.061
ADS00000147,AD00047,2025-03-01,167148,7689,354,25115.1,48516.88,1.9318
ADS00000148,AD00048,2025-09-03,78302,2516,302,4503.31,107318.53,23.831
ADS00000149,AD00049,2026-02-17,94842,7538,1044,23563.95,542602.31,23.0268
ADS00000150,AD00050,2025-04-30,26130,1678,222,7463.91,77583.5,10.3945
ADS00000151,AD00051,2025-03-29,40578,1341,136,918.25,56760.96,61.8143
ADS00000152,AD00052,2025-10-20,38498,879,95,2976.68,21446.27,7.2048
ADS00000153,AD00053,2026-01-26,90055,4745,294,5927.57,61137.67,10.3141
ADS00000154,AD00054,2025-08-09,20562,987,125,1976.87,63530.83,32.1371
ADS00000155,AD00055,2025-06-02,18118,469,61,334.44,6448.3,19.2809
ADS00000156,AD00056,2026-08-02,3155,190,12,862.35,3800.02,4.4066
ADS00000157,AD00057,2025-02-03,53600,1221,160,1542.13,56404.97,36.576
ADS00000158,AD00058,2025-06-29,177362,8420,908,31438.19,96352.63,3.0648
ADS00000159,AD00059,2026-06-07,103727,6854,806,13818.81,368889.8,26.6948
ADS00000160,AD00060,2025-05-05,48701,2054,258,8323.34,75366.82,9.0549
ADS00000161,AD00061,2026-06-16,135261,4795,111,11211.82,60941.38,5.4355
ADS00000162,AD00062,2026-04-01,67567,2431,158,5311.3,78598.32,14.7983
ADS00000163,AD00063,2025-06-26,105493,6159,708,19429.81,251706.42,12.9547
ADS00000164,AD00064,2025-04-14,164752,10889,1057,15356.56,387084.7,25.2065
ADS00000165,AD00065,2026-03-18,103876,2662,370,4819.8,106783.9,22.1553
ADS00000166,AD00066,2026-02-15,125180,7009,383,21575.11,201404.84,9.3351
ADS00000167,AD00067,2025-08-09,164029,10012,601,48046.73,205348.3,4.2739
ADS00000168,AD00068,2026-07-13,130928,2844,85,11108.51,51839.41,4.6666
ADS00000169,AD00069,2025-08-08,93269,7384,680,23532.96,451634.71,19.1916
ADS00000170,AD00070,2026-06-18,9648,114,16,522.65,2521.3,4.8241
ADS00000171,AD00071,2026-08-07,36048,2121,236,841.51,82900.76,98.5143
ADS00000172,AD00072,2025-10-17,136948,2124,172,9278.82,42149.7,4.5426
ADS00000173,AD00073,2025-05-25,57942,3661,268,14899.68,116491.47,7.8184
ADS00000174,AD00074,2025-06-28,90878,2548,338,11191.7,32235.8,2.8803
ADS00000175,AD00075,2026-04-13,150828,2543,62,4861.95,35144.88,7.2286
ADS00000176,AD00076,2025-03-14,157386,6318,316,21074.72,197690.9,9.3805
ADS00000177,AD00077,2025-08-30,17764,933,123,547.84,12312.96,22.4755
ADS00000178,AD00078,2025-01-29,131480,7089,452,25203.81,178222.81,7.0713
ADS00000179,AD00079,2026-02-17,29648,2324,302,10228.42,20981.6,2.0513
ADS00000180,AD00080,2025-08-31,23151,1306,55,6221.31,29315.06,4.712
ADS00000181,AD00081,2025-07-10,50577,514,50,1241.15,14938.33,12.0359
ADS00000182,AD00082,2026-08-11,66212,3011,253,11211.59,158402.91,14.1285
ADS00000183,AD00083,2026-01-09,83918,1750,247,1744.01,104564.14,59.9562
ADS00000184,AD00084,2025-09-09,4197,200,16,406.94,8937.93,21.9638
ADS00000185,AD00085,2026-08-16,107180,2140,298,5367.92,106934.04,19.9209
ADS00000186,AD00086,2025-11-18,3944,289,6,794.01,3711.42,4.6743
ADS00000187,AD00087,2025-02-03,77429,3384,253,3534.92,74468.6,21.0666
ADS00000188,AD00088,2025-04-26,173198,13276,623,58471.99,174666.83,2.9872
ADS00000189,AD00089,2025-03-04,65600,3890,473,6815.65,128676.9,18.8796
ADS00000190,AD00090,2026-08-13,171229,1829,213,4013.9,23581.22,5.8749
ADS00000191,AD00091,2025-05-31,86061,5416,348,4367.32,33652.38,7.7055
ADS00000192,AD00092,2025-03-02,160710,12011,817,16123.33,463067.75,28.7204
ADS00000193,AD00093,2026-08-20,30106,1070,157,4876.99,86634.14,17.7639
ADS00000194,AD00094,2025-10-14,14400,1034,149,4360.18,30313.51,6.9524
ADS00000195,AD00095,2025-03-01,75190,2040,65,2062.59,28314.62,13.7277
ADS00000196,AD00096,2026-07-28,7345,473,51,278.89,19445.57,69.7249
ADS00000197,AD00097,2025-05-17,95624,5983,369,23889.14,96378.61,4.0344
ADS00000198,AD00098,2025-06-05,79642,1286,20,1506.9,8158.8,5.4143
ADS00000199,AD00099,2026-02-28,153411,12195,1074,56635.16,118148.69,2.0861
ADS00000200,AD00100,2025-09-03,76807,616,12,1171.17,3945.99,3.3693
ADS00000201,AD00001,2025-07-02,28876,1437,107,1416.42,8937.46,6.3099
ADS00000202,AD00002,2025-06-28,176655,10686,552,29394.32,41617.7,1.4158
ADS00000203,AD00003,2025-09-23,148876,3311,226,7470.02,100088.92,13.3987
ADS00000204,AD00004,2026-06-03,148237,1972,100,1403.72,25868.63,18.4286
ADS00000205,AD00005,2026-02-15,146531,10131,981,46996.61,267116.79,5.6837
ADS00000206,AD00006,2025-03-27,152350,1751,183,1754.52,29269.31,16.6822
ADS00000207,AD00007,2026-08-18,173775,5179,479,12761.48,109637.97,8.5913
ADS00000208,AD00008,2026-08-22,70532,5030,520,5929.41,310652.16,52.3917
ADS00000209,AD00009,2026-06-17,85445,3139,379,14685.87,97230.91,6.6207
ADS00000210,AD00010,2026-08-13,114345,3162,315,14619.89,108088.01,7.3932
ADS00000211,AD00011,2025-06-12,14591,308,26,999.66,11782.52,11.7865
ADS00000212,AD00012,2026-06-21,15564,180,4,303.38,1688.22,5.5647
ADS00000213,AD00013,2026-03-22,165460,9000,1041,7062.69,456700.21,64.6638
ADS00000214,AD00014,2026-07-10,54230,1337,196,1920.63,47373.24,24.6655
ADS00000215,AD00015,2026-06-28,29759,1387,114,5655.23,38072.78,6.7323
ADS00000216,AD00016,2025-03-22,85525,2531,94,1008.64,50446.28,50.0142
ADS00000217,AD00017,2025-04-07,52337,2276,185,9589.2,101430.87,10.5776
ADS00000218,AD00018,2026-05-09,36391,345,27,1350.04,12444.26,9.2177
ADS00000219,AD00019,2025-08-06,165291,10195,278,29818.44,117523.16,3.9413
ADS00000220,AD00020,2026-04-04,87417,3241,241,3699.89,151739.3,41.0118
ADS00000221,AD00021,2025-10-02,25466,370,34,411.54,4474.3,10.8721
ADS00000222,AD00022,2026-06-12,138040,8998,148,35085.76,32335.59,0.9216
ADS00000223,AD00023,2025-05-08,43580,2322,234,1329.22,139433.73,104.8989
ADS00000224,AD00024,2026-08-03,165820,8915,205,21586.17,130597.85,6.0501
ADS00000225,AD00025,2025-01-28,140983,2639,312,8406.67,199344.01,23.7126
ADS00000226,AD00026,2026-02-05,175918,6155,800,20585.8,272337.24,13.2294
ADS00000227,AD00027,2025-11-17,107966,1321,24,2000.41,5517.96,2.7584
ADS00000228,AD00028,2025-06-11,105553,2966,261,4757.72,63018.16,13.2455
ADS00000229,AD00029,2025-12-12,45711,2828,166,13493.45,72529.03,5.3751
ADS00000230,AD00030,2025-03-03,84322,6465,275,11546.34,185758.26,16.0881
ADS00000231,AD00031,2025-04-17,171702,7777,988,29171.07,421891.95,14.4627
ADS00000232,AD00032,2026-08-15,15050,164,10,509.98,3201.94,6.2786
ADS00000233,AD00033,2026-02-20,73745,5430,688,5400.08,96081.93,17.7927
ADS00000234,AD00034,2025-05-28,10285,697,86,3154.29,6336.03,2.0087
ADS00000235,AD00035,2026-01-24,168363,13231,1050,12903.57,106970.58,8.29
ADS00000236,AD00036,2025-03-12,157922,12349,1203,6066.9,148417.63,24.4635
ADS00000237,AD00037,2026-06-24,103805,4389,461,4431.04,61053.89,13.7787
ADS00000238,AD00038,2026-04-17,135209,7569,425,28026.55,93818.6,3.3475
ADS00000239,AD00039,2026-06-11,139510,9971,704,15805.75,369764.37,23.3943
ADS00000240,AD00040,2025-10-23,26769,783,22,3480.59,4623.8,1.3285
ADS00000241,AD00041,2025-08-13,157648,8924,1327,22858.48,186350.24,8.1523
ADS00000242,AD00042,2026-03-18,83987,5835,655,18435.25,295539.01,16.0312
ADS00000243,AD00043,2025-04-01,41137,2140,76,692.33,18661.31,26.9544
ADS00000244,AD00044,2026-02-09,96296,1685,141,4623.12,19895.76,4.3035
ADS00000245,AD00045,2026-01-09,107516,1113,61,3126.83,15547.35,4.9722
ADS00000246,AD00046,2025-08-17,170757,9878,939,31133.11,542428.36,17.4229
ADS00000247,AD00047,2025-03-03,81721,2883,151,4227.5,97972.54,23.1751
ADS00000248,AD00048,2025-08-31,32051,1242,52,2783.78,14674.07,5.2713
ADS00000249,AD00049,2026-03-05,165883,5929,335,17317.93,37688.55,2.1763
ADS00000250,AD00050,2025-03-22,86754,4043,181,13987.53,105600.44,7.5496
ADS00000251,AD00051,2025-03-30,95483,4371,307,17386.76,192522.66,11.0729
ADS00000252,AD00052,2025-10-31,30202,844,76,300.49,14876.65,49.508
ADS00000253,AD00053,2026-01-23,151039,11019,390,38439.61,194210.5,5.0524
ADS00000254,AD00054,2025-08-03,158771,2637,51,9295.31,30951.19,3.3298
ADS00000255,AD00055,2025-05-23,138927,7741,431,18045.62,114053.03,6.3203
ADS00000256,AD00056,2026-07-30,44430,1266,72,1167.87,48436.58,41.4743
ADS00000257,AD00057,2025-01-13,142326,3035,163,4699.98,29896.89,6.3611
ADS00000258,AD00058,2025-07-04,43496,1619,135,1092.03,54958.86,50.3272
ADS00000259,AD00059,2026-04-29,20132,1595,126,4241.32,20591.59,4.855
ADS00000260,AD00060,2025-04-30,94597,7265,582,27515.78,285086.27,10.3608
ADS00000261,AD00061,2026-04-28,32753,1445,189,1915.58,117287.81,61.2284
ADS00000262,AD00062,2026-03-26,148830,3833,321,16886.41,47003.39,2.7835
ADS00000263,AD00063,2025-07-02,56962,3250,296,2555.35,59868.84,23.4288
ADS00000264,AD00064,2025-05-23,68907,4613,360,13281.16,60010.08,4.5184
ADS00000265,AD00065,2026-03-21,120558,7224,930,25220.25,329332.9,13.0583
ADS00000266,AD00066,2026-02-20,144320,4774,647,4871.43,65727.52,13.4924
ADS00000267,AD00067,2025-07-21,178593,5560,340,16945.27,215529.55,12.7192
ADS00000268,AD00068,2026-07-10,175895,13859,215,19255.73,60415.91,3.1376
ADS00000269,AD00069,2025-08-26,123809,8465,799,23840.8,452876.8,18.9959
ADS00000270,AD00070,2026-06-04,59579,529,21,2016.48,1442.41,0.7153
ADS00000271,AD00071,2026-07-09,75607,6025,435,10865.97,249686.14,22.9787
ADS00000272,AD00072,2025-10-19,111753,6291,674,2613.74,78769.3,30.1366
ADS00000273,AD00073,2025-04-27,1006,65,4,187.7,331.45,1.7658
ADS00000274,AD00074,2025-06-20,178650,5813,587,17193.22,86384.18,5.0243
ADS00000275,AD00075,2026-04-14,157435,5580,225,16188.65,86781.45,5.3606
ADS00000276,AD00076,2025-04-12,171635,8194,1133,15949.72,492954.6,30.9068
ADS00000277,AD00077,2025-08-27,149495,5037,712,16596.79,185682.45,11.1879
ADS00000278,AD00078,2025-02-17,179878,8539,703,39892.03,353675.05,8.8658
ADS00000279,AD00079,2026-01-08,122461,8075,151,8260.35,65270.38,7.9016
ADS00000280,AD00080,2025-08-23,97582,818,75,639.81,20840.53,32.573
ADS00000281,AD00081,2025-06-05,65151,2458,122,3992.59,11521.15,2.8856
ADS00000282,AD00082,2026-08-04,11268,558,70,1890.28,14796.55,7.8277
ADS00000283,AD00083,2025-12-26,76335,4190,543,1513.66,100312.6,66.2716
ADS00000284,AD00084,2025-09-27,101440,5689,277,7342.28,75452.35,10.2764
ADS00000285,AD00085,2026-08-18,147257,3023,437,4580.09,240896.24,52.5964
ADS00000286,AD00086,2025-10-21,173901,13708,1286,28863.19,820226.4,28.4177
ADS00000287,AD00087,2025-02-02,102949,2422,192,9293.14,63491.96,6.8321
ADS00000288,AD00088,2025-05-02,77174,5411,293,3341.14,86328.52,25.838
ADS00000289,AD00089,2025-02-11,88623,5483,90,25077.94,48359.61,1.9284
ADS00000290,AD00090,2026-08-15,71921,1807,143,5762.88,95777.88,16.6198
ADS00000291,AD00091,2025-05-05,164100,5678,586,22021.04,348146.18,15.8097
ADS00000292,AD00092,2025-03-19,77874,853,112,1859.55,50398.61,27.1026
ADS00000293,AD00093,2026-08-19,2247,161,15,747.45,7051.35,9.4339
ADS00000294,AD00094,2025-09-12,32931,1450,107,5411.76,19473.34,3.5983
ADS00000295,AD00095,2025-03-29,125200,2464,97,7993.4,17965.34,2.2475
ADS00000296,AD00096,2026-08-13,70649,2110,287,6727.36,45405.64,6.7494
ADS00000297,AD00097,2025-04-09,14109,972,16,2868.63,8486.37,2.9583
ADS00000298,AD00098,2025-05-28,157568,5605,388,18323.68,68388.58,3.7323
ADS00000299,AD00099,2026-04-09,106632,7814,840,33602.43,468102.85,13.9306
ADS00000300,AD00100,2025-08-21,33409,2295,340,3994.42,131133.6,32.8292
ADS00000301,AD00001,2025-07-20,75627,3733,356,6827.43,22086.93,3.235
ADS00000302,AD00002,2025-06-26,8123,497,71,435.42,8748.64,20.0924
ADS00000303,AD00003,2025-08-27,88577,3914,264,9529.43,95413.94,10.0126
ADS00000304,AD00004,2026-05-31,173069,4046,286,5968.48,42050.35,7.0454
ADS00000305,AD00005,2026-01-26,35955,1450,192,5213.59,82017.9,15.7316
ADS00000306,AD00006,2025-03-04,5693,144,19,291.85,2602.23,8.9163
ADS00000307,AD00007,2026-08-04,12968,415,33,1377.0,13999.07,10.1664
ADS00000308,AD00008,2026-08-22,86673,3494,187,14009.43,39421.73,2.8139
ADS00000309,AD00009,2026-07-23,58894,1715,30,826.42,4566.56,5.5257
ADS00000310,AD00010,2026-08-01,105038,6597,501,4565.1,186011.21,40.7464
ADS00000311,AD00011,2025-06-04,28086,1761,235,7781.58,69355.89,8.9128
ADS00000312,AD00012,2026-08-19,17111,790,38,3080.4,16299.09,5.2912
ADS00000313,AD00013,2026-04-10,32842,2406,293,7101.71,185749.7,26.1556
ADS00000314,AD00014,2026-07-06,150298,11744,1646,37944.31,193624.26,5.1029
ADS00000315,AD00015,2026-06-29,72055,3765,529,11105.15,251203.09,22.6204
ADS00000316,AD00016,2025-03-26,7664,526,40,2482.74,26508.0,10.6769
ADS00000317,AD00017,2025-04-24,115637,4637,576,19290.24,114669.15,5.9444
ADS00000318,AD00018,2026-05-13,57968,2200,318,8388.8,71999.67,8.5828
ADS00000319,AD00019,2025-08-20,105397,2038,64,4343.69,31892.61,7.3423
ADS00000320,AD00020,2026-05-16,104685,1636,45,2399.4,22047.4,9.1887
ADS00000321,AD00021,2025-09-25,36256,2287,246,7934.41,102217.4,12.8828
ADS00000322,AD00022,2026-04-26,119021,3212,391,3784.45,227660.56,60.1568
ADS00000323,AD00023,2025-06-10,108806,4498,596,7217.44,220292.82,30.5223
ADS00000324,AD00024,2026-06-24,22227,196,8,433.24,1824.49,4.2113
ADS00000325,AD00025,2025-02-07,72470,4842,245,6368.29,135528.57,21.2818
ADS00000326,AD00026,2026-03-27,101104,3887,205,10020.3,62836.51,6.2709
ADS00000327,AD00027,2025-11-24,19922,1143,80,4032.36,4923.65,1.221
ADS00000328,AD00028,2025-04-26,127760,7652,863,17391.97,239627.65,13.7781
ADS00000329,AD00029,2025-10-18,115778,6768,514,16204.57,67784.42,4.183
ADS00000330,AD00030,2025-03-31,130110,4227,161,17449.74,14816.68,0.8491
ADS00000331,AD00031,2025-05-20,87728,6580,295,13970.21,67871.31,4.8583
ADS00000332,AD00032,2026-08-21,101097,7492,892,19007.58,165866.02,8.7263
ADS00000333,AD00033,2026-02-11,95777,4948,411,12651.53,200779.11,15.8699
ADS00000334,AD00034,2025-05-23,160418,7336,222,29823.3,150508.04,5.0467
ADS00000335,AD00035,2026-02-11,114768,3581,135,12990.52,62050.98,4.7766
ADS00000336,AD00036,2025-03-04,78629,939,136,3630.4,44187.75,12.1716
ADS00000337,AD00037,2026-07-05,47106,997,59,3567.28,13163.56,3.6901
ADS00000338,AD00038,2026-05-08,81256,6205,778,6317.76,269956.13,42.7297
ADS00000339,AD00039,2026-06-04,96875,4380,216,10300.65,138132.59,13.4101
ADS00000340,AD00040,2025-11-03,55397,461,33,1963.42,2776.4,1.4141
ADS00000341,AD00041,2025-08-16,39803,2219,194,6147.68,131196.06,21.3407
ADS00000342,AD00042,2026-03-14,142439,4791,227,10702.05,139557.63,13.0403
ADS00000343,AD00043,2025-03-04,11283,792,79,3509.21,47493.75,13.534
ADS00000344,AD00044,2026-01-24,128356,2101,134,2236.16,19396.34,8.6739
ADS00000345,AD00045,2026-01-06,135662,2656,79,2876.04,25878.12,8.9978
ADS00000346,AD00046,2025-07-07,72666,3420,69,4850.57,6024.01,1.2419
ADS00000347,AD00047,2025-03-13,67208,1229,183,5580.91,68235.08,12.2265
ADS00000348,AD00048,2025-10-06,57576,1724,114,3753.46,11247.09,2.9965
ADS00000349,AD00049,2026-02-06,34648,2656,325,12248.54,35423.09,2.892
ADS00000350,AD00050,2025-03-22,164133,9115,1292,35829.37,612661.01,17.0994
ADS00000351,AD00051,2025-03-24,76482,6093,907,26972.21,401250.68,14.8764
ADS00000352,AD00052,2025-10-26,136293,3339,202,10194.93,124355.34,12.1978
ADS00000353,AD00053,2026-01-23,132931,2327,205,7463.55,130762.78,17.5202
ADS00000354,AD00054,2025-08-02,61259,2228,308,6032.76,79999.22,13.2608
ADS00000355,AD00055,2025-05-25,83487,6505,346,14858.86,125902.12,8.4732
ADS00000356,AD00056,2026-07-28,165712,4043,284,13725.43,37414.11,2.7259
ADS00000357,AD00057,2025-01-29,155851,3677,319,13465.2,28548.76,2.1202
ADS00000358,AD00058,2025-06-30,156641,9331,512,11469.53,79650.41,6.9445
ADS00000359,AD00059,2026-06-27,116560,8664,705,13167.31,262876.18,19.9643
ADS00000360,AD00060,2025-05-13,23951,1336,130,2635.94,67355.44,25.5527
ADS00000361,AD00061,2026-05-20,140591,5668,460,8505.23,86827.05,10.2087
ADS00000362,AD00062,2026-04-07,49480,1478,141,809.45,60534.66,74.7849
ADS00000363,AD00063,2025-06-28,169284,7173,470,25852.76,212123.23,8.2051
ADS00000364,AD00064,2025-04-17,139895,2484,167,11324.37,32276.2,2.8502
ADS00000365,AD00065,2026-02-23,170007,4499,386,4348.56,122286.09,28.1211
ADS00000366,AD00066,2026-02-20,15148,1123,132,4241.61,69489.59,16.3828
ADS00000367,AD00067,2025-09-01,25447,1150,116,3699.67,76814.77,20.7626
ADS00000368,AD00068,2026-07-24,91244,5835,304,13561.04,185860.8,13.7055
ADS00000369,AD00069,2025-08-09,68934,3985,99,4764.77,26954.6,5.6571
ADS00000370,AD00070,2026-07-09,29366,2118,217,1258.8,45264.67,35.9586
ADS00000371,AD00071,2026-08-11,56404,3204,142,9481.91,35011.55,3.6925
ADS00000372,AD00072,2025-10-06,170122,12197,246,41570.3,17034.89,0.4098
ADS00000373,AD00073,2025-04-21,133275,10575,741,11331.24,78261.98,6.9067
ADS00000374,AD00074,2025-06-19,152567,8045,711,29508.96,300635.24,10.1879
ADS00000375,AD00075,2026-06-13,142671,3976,139,7580.34,45772.62,6.0383
ADS00000376,AD00076,2025-03-24,17861,1137,80,4459.68,10282.28,2.3056
ADS00000377,AD00077,2025-07-29,2331,108,8,456.78,3192.42,6.989
ADS00000378,AD00078,2025-03-03,112305,8173,1094,38902.56,277309.78,7.1283
ADS00000379,AD00079,2026-02-16,52669,2933,247,10593.5,71132.78,6.7148
ADS00000380,AD00080,2025-08-12,49321,1476,132,4950.58,27267.78,5.508
ADS00000381,AD00081,2025-06-07,89607,1520,92,4240.45,40564.71,9.5661
ADS00000382,AD00082,2026-08-01,29080,1281,168,1517.46,84455.61,55.6559
ADS00000383,AD00083,2026-01-08,27726,711,42,1770.73,26079.66,14.7282
ADS00000384,AD00084,2025-09-13,143577,6414,666,5236.24,346938.01,66.2571
ADS00000385,AD00085,2026-07-31,96831,2798,359,12807.72,135007.67,10.5411
ADS00000386,AD00086,2025-10-26,117650,7193,293,9483.46,61313.33,6.4653
ADS00000387,AD00087,2025-02-15,64920,4641,342,12221.52,221223.75,18.1012
ADS00000388,AD00088,2025-04-27,77595,2721,50,8175.72,7344.76,0.8984
ADS00000389,AD00089,2025-02-20,72370,1904,159,6772.85,106613.4,15.7413
ADS00000390,AD00090,2026-08-13,33741,1546,24,913.65,15717.9,17.2034
ADS00000391,AD00091,2025-06-05,73868,1245,26,1939.03,7446.22,3.8402
ADS00000392,AD00092,2025-02-25,179150,1597,196,4693.34,19622.76,4.181
ADS00000393,AD00093,2026-08-20,39585,2260,215,10349.27,22317.68,2.1564
ADS00000394,AD00094,2025-10-07,50807,1710,46,5501.14,3780.76,0.6873
ADS00000395,AD00095,2025-02-04,80606,5038,298,13968.63,194111.33,13.8962
ADS00000396,AD00096,2026-08-22,87656,1124,165,1499.01,61700.49,41.1608
ADS00000397,AD00097,2025-05-05,107569,4284,188,12057.77,117455.56,9.7411
ADS00000398,AD00098,2025-07-13,118550,6467,298,3118.35,93883.11,30.1067
ADS00000399,AD00099,2026-03-25,155921,4754,246,11710.35,28589.82,2.4414
ADS00000400,AD00100,2025-09-02,19705,217,20,256.31,3952.57,15.4211
ADS00000401,AD00001,2025-06-20,17711,1270,60,6034.95,12807.42,2.1222
ADS00000402,AD00002,2025-07-03,175860,7750,391,21758.17,216827.55,9.9653
ADS00000403,AD00003,2025-09-13,21758,914,42,1759.26,14265.82,8.109
ADS00000404,AD00004,2026-06-23,130195,9480,230,2920.7,26648.92,9.1242
ADS00000405,AD00005,2026-01-15,140237,1337,37,2440.83,5430.0,2.2247
ADS00000406,AD00006,2025-02-14,81020,4253,491,13310.02,77318.72,5.8091
ADS00000407,AD00007,2026-08-16,77997,3832,213,18006.58,135872.24,7.5457
ADS00000408,AD00008,2026-08-21,146863,5546,663,17884.41,203432.21,11.3748
ADS00000409,AD00009,2026-06-11,90662,3293,112,8382.81,64361.51,7.6778
ADS00000410,AD00010,2026-08-22,115458,7783,421,27343.22,170783.19,6.2459
ADS00000411,AD00011,2025-06-11,72125,4681,505,5904.57,120805.15,20.4596
ADS00000412,AD00012,2026-07-26,114506,6960,504,18489.83,239447.72,12.9502
ADS00000413,AD00013,2026-03-03,100887,2717,225,2348.86,26849.34,11.4308
ADS00000414,AD00014,2026-07-08,49112,2077,231,1143.24,23162.11,20.2601
ADS00000415,AD00015,2026-07-02,111769,7217,183,14331.23,54932.33,3.8331
ADS00000416,AD00016,2025-02-24,82642,1312,103,2456.81,67231.06,27.3652
ADS00000417,AD00017,2025-04-12,153869,2320,111,3974.04,63801.53,16.0546
ADS00000418,AD00018,2026-05-27,139120,6637,706,24600.9,163562.47,6.6486
ADS00000419,AD00019,2025-08-10,155018,4260,186,6437.52,99982.02,15.5311
ADS00000420,AD00020,2026-04-19,130115,7739,704,30364.36,396292.89,13.0513
ADS00000421,AD00021,2025-09-29,154214,9781,420,24948.59,264488.75,10.6014
ADS00000422,AD00022,2026-05-07,29097,1059,77,336.5,46094.89,136.9833
ADS00000423,AD00023,2025-05-31,91809,3207,122,4573.12,74662.44,16.3264
ADS00000424,AD00024,2026-07-22,6493,133,3,433.26,1888.71,4.3593
ADS00000425,AD00025,2025-01-31,171041,6749,319,31320.73,28791.5,0.9192
ADS00000426,AD00026,2026-02-21,116503,4705,466,3231.05,238717.65,73.8824
ADS00000427,AD00027,2025-12-06,93415,4382,277,1361.31,89965.25,66.0873
ADS00000428,AD00028,2025-06-12,45995,3473,211,4284.41,135770.78,31.6895
ADS00000429,AD00029,2025-11-18,139846,8800,272,22238.91,129917.71,5.8419
ADS00000430,AD00030,2025-02-24,124925,6681,292,14389.6,84506.13,5.8727
ADS00000431,AD00031,2025-04-23,93023,2719,168,11150.42,105350.37,9.4481
ADS00000432,AD00032,2026-08-13,77899,2871,115,6391.6,45092.85,7.055
ADS00000433,AD00033,2026-02-21,164955,6122,502,17973.94,222936.68,12.4033
ADS00000434,AD00034,2025-06-06,114053,2084,47,6220.46,17283.41,2.7785
ADS00000435,AD00035,2026-02-06,62176,4035,336,9756.19,29393.01,3.0128
ADS00000436,AD00036,2025-03-10,92089,2252,98,2094.16,62195.91,29.6997
ADS00000437,AD00037,2026-07-16,116022,8981,1297,9879.77,575644.26,58.2649
ADS00000438,AD00038,2026-05-04,179858,1564,130,2871.52,79158.01,27.5666
ADS00000439,AD00039,2026-06-06,146635,2177,230,1621.85,60034.23,37.0159
ADS00000440,AD00040,2025-10-28,17829,1055,81,2889.66,32644.43,11.297
ADS00000441,AD00041,2025-08-07,48459,3409,354,16244.77,122657.25,7.5506
ADS00000442,AD00042,2026-04-28,142482,3150,235,14116.25,96493.82,6.8357
ADS00000443,AD00043,2025-02-01,92367,6700,541,9005.07,102727.44,11.4077
ADS00000444,AD00044,2026-02-25,177221,13906,306,54207.55,189829.67,3.5019
ADS00000445,AD00045,2026-01-09,107738,7622,321,29672.68,165928.76,5.592
ADS00000446,AD00046,2025-07-07,83176,3687,194,3910.21,30051.29,7.6853
ADS00000447,AD00047,2025-03-08,129122,8432,357,37202.38,153074.64,4.1146
ADS00000448,AD00048,2025-09-20,25559,764,26,715.47,6309.95,8.8193
ADS00000449,AD00049,2026-02-03,121090,4542,676,11997.12,261294.57,21.7798
ADS00000450,AD00050,2025-03-22,114441,2204,146,3847.03,97671.75,25.3889
ADS00000451,AD00051,2025-04-02,51180,1475,162,3084.55,72561.52,23.5242
ADS00000452,AD00052,2025-11-04,38114,2204,111,1331.73,32825.26,24.6486
ADS00000453,AD00053,2026-02-07,170286,3550,380,9031.09,222494.77,24.6365
ADS00000454,AD00054,2025-07-20,129671,8545,752,5241.61,50887.86,9.7084
ADS00000455,AD00055,2025-06-14,108345,7346,1042,29166.86,149726.61,5.1334
ADS00000456,AD00056,2026-07-28,95502,3085,309,8796.42,26466.21,3.0087
ADS00000457,AD00057,2025-01-23,19702,670,97,2033.35,27132.14,13.3436
ADS00000458,AD00058,2025-07-06,60857,2751,378,2419.88,196088.22,81.0322
ADS00000459,AD00059,2026-06-20,146121,10147,435,7068.24,137026.92,19.3863
ADS00000460,AD00060,2025-04-28,169173,9711,179,3082.29,39865.57,12.9338
ADS00000461,AD00061,2026-04-15,53675,4227,578,6876.9,358447.18,52.1234
ADS00000462,AD00062,2026-04-02,114113,5896,563,9406.52,343857.72,36.5553
ADS00000463,AD00063,2025-07-03,154147,6311,326,9734.58,81324.31,8.3542
ADS00000464,AD00064,2025-05-10,171212,10999,891,32089.62,479298.93,14.9363
ADS00000465,AD00065,2026-02-25,94889,1444,22,558.07,12663.75,22.692
ADS00000466,AD00066,2026-02-22,69311,4760,78,17041.64,25807.46,1.5144
ADS00000467,AD00067,2025-08-04,110737,7228,665,10790.8,49324.64,4.571
ADS00000468,AD00068,2026-08-05,15772,503,11,538.01,715.96,1.3308
ADS00000469,AD00069,2025-10-04,126757,4157,216,4437.28,14812.13,3.3381
ADS00000470,AD00070,2026-07-10,76351,5555,659,18989.19,405027.79,21.3294
ADS00000471,AD00071,2026-08-10,132468,3774,354,8492.28,44206.18,5.2055
ADS00000472,AD00072,2025-09-26,146214,2968,100,10020.74,56556.78,5.644
ADS00000473,AD00073,2025-05-07,4347,252,11,520.42,690.82,1.3274
ADS00000474,AD00074,2025-06-26,160800,2326,36,4315.9,13488.05,3.1252
ADS00000475,AD00075,2026-05-04,57340,769,69,1763.73,21673.84,12.2886
ADS00000476,AD00076,2025-04-07,101630,5697,824,19323.93,72049.97,3.7285
ADS00000477,AD00077,2025-09-08,101676,7026,822,20676.55,337103.67,16.3037
ADS00000478,AD00078,2025-02-08,5628,368,24,663.69,11662.64,17.5724
ADS00000479,AD00079,2026-01-27,51995,2305,158,9042.85,14773.89,1.6338
ADS00000480,AD00080,2025-08-10,31397,431,17,1824.84,8530.02,4.6744
ADS00000481,AD00081,2025-07-17,174442,9355,1266,27097.61,833856.52,30.7723
ADS00000482,AD00082,2026-08-06,144444,9864,902,26817.42,556385.09,20.7472
ADS00000483,AD00083,2026-01-05,30620,770,68,566.08,27246.39,48.1317
ADS00000484,AD00084,2025-09-17,169737,9061,304,18342.81,63854.76,3.4812
ADS00000485,AD00085,2026-07-30,88172,3530,154,8163.78,104517.99,12.8026
ADS00000486,AD00086,2025-11-09,22951,1023,19,3540.65,4282.75,1.2096
ADS00000487,AD00087,2025-02-14,128080,9935,906,30565.18,465451.93,15.2282
ADS00000488,AD00088,2025-05-07,154373,4392,219,15634.44,147699.03,9.447
ADS00000489,AD00089,2025-01-26,83269,5738,195,12962.77,44123.82,3.4039
ADS00000490,AD00090,2026-08-14,158387,8643,481,25852.42,121433.58,4.6972
ADS00000491,AD00091,2025-04-11,143919,8254,1151,37878.88,414669.45,10.9472
ADS00000492,AD00092,2025-02-23,1928,85,4,290.31,433.84,1.4944
ADS00000493,AD00093,2026-08-19,6384,310,31,1355.43,21031.46,15.5164
ADS00000494,AD00094,2025-09-30,75276,1419,142,4533.81,58739.0,12.9558
ADS00000495,AD00095,2025-02-21,51310,2049,205,4304.74,86250.5,20.0362
ADS00000496,AD00096,2026-08-16,62459,2631,278,2192.26,176172.23,80.361
ADS00000497,AD00097,2025-04-11,134268,10546,174,46466.98,84666.91,1.8221
ADS00000498,AD00098,2025-06-19,52224,1262,100,5936.42,48126.79,8.107
ADS00000499,AD00099,2026-04-01,170493,6476,556,30060.92,222804.43,7.4118
ADS00000500,AD00100,2025-09-02,178889,8051,894,38440.85,586868.6,15.2668
ADS00000501,AD00001,2025-06-21,42152,1179,90,4486.65,34233.47,7.6301
ADS00000502,AD00002,2025-07-07,21494,1627,207,6891.58,18468.48,2.6799
ADS00000503,AD00003,2025-10-05,112840,7236,567,29005.32,219202.11,7.5573
ADS00000504,AD00004,2026-06-20,94685,2937,371,7716.74,182176.28,23.6079
ADS00000505,AD00005,2025-11-26,141629,11239,806,43766.85,293799.08,6.7128
ADS00000506,AD00006,2025-02-06,134431,7705,737,16378.8,65983.42,4.0286
ADS00000507,AD00007,2026-08-18,165307,10555,1235,4216.02,171553.64,40.6909
ADS00000508,AD00008,2026-08-22,107758,2557,328,813.49,76441.42,93.9673
ADS00000509,AD00009,2026-07-08,175507,6202,480,10162.36,157180.63,15.4669
ADS00000510,AD00010,2026-08-19,166859,9556,896,25942.7,77909.16,3.0031
ADS00000511,AD00011,2025-06-14,147769,7638,705,33324.2,353669.28,10.613
ADS00000512,AD00012,2026-07-06,18265,1277,61,3492.74,15486.88,4.434
ADS00000513,AD00013,2026-04-10,26381,553,48,1618.6,8242.98,5.0927
ADS00000514,AD00014,2026-07-06,118045,2172,258,2202.39,136535.39,61.9942
ADS00000515,AD00015,2026-06-11,31483,504,65,936.24,37693.42,40.2604
ADS00000516,AD00016,2025-04-04,59821,4321,380,20373.56,232187.65,11.3965
ADS00000517,AD00017,2025-05-16,76789,5911,383,11207.06,99400.67,8.8695
ADS00000518,AD00018,2026-05-05,41841,854,87,2062.76,55392.76,26.8537
ADS00000519,AD00019,2025-08-13,50866,3340,121,10888.81,71620.33,6.5774
ADS00000520,AD00020,2026-04-23,159499,9075,238,12533.18,155959.78,12.4438
ADS00000521,AD00021,2025-09-20,156868,9576,171,18679.22,66363.72,3.5528
ADS00000522,AD00022,2026-04-24,100588,3050,331,10774.1,29065.18,2.6977
ADS00000523,AD00023,2025-05-06,92825,1591,45,6023.01,29616.38,4.9172
ADS00000524,AD00024,2026-06-24,29127,1257,73,2192.56,46724.57,21.3105
ADS00000525,AD00025,2025-01-14,176319,4951,667,18664.72,242097.68,12.9709
ADS00000526,AD00026,2026-02-25,138266,9403,981,44013.26,536436.78,12.1881
ADS00000527,AD00027,2025-11-30,99755,5229,688,23432.57,246916.01,10.5373
ADS00000528,AD00028,2025-06-20,62644,3391,412,12630.49,117552.35,9.307
ADS00000529,AD00029,2025-10-16,63845,3563,219,12089.86,27363.22,2.2633
ADS00000530,AD00030,2025-04-09,16219,740,98,2010.31,28706.73,14.2798
ADS00000531,AD00031,2025-05-31,25847,559,50,1685.51,18291.07,10.8519
ADS00000532,AD00032,2026-08-22,117062,4867,320,10555.27,80899.29,7.6644
ADS00000533,AD00033,2026-02-16,158395,7530,1109,28991.88,309037.16,10.6594
ADS00000534,AD00034,2025-06-06,167217,4990,191,12330.26,129770.06,10.5245
ADS00000535,AD00035,2026-02-18,74665,1145,121,1336.54,80097.1,59.9287
ADS00000536,AD00036,2025-03-06,133686,1504,157,6564.22,48774.66,7.4304
ADS00000537,AD00037,2026-07-08,117792,3377,371,8882.45,141053.36,15.88
ADS00000538,AD00038,2026-04-23,82330,2662,158,12132.76,78598.69,6.4782
ADS00000539,AD00039,2026-06-07,108474,4323,546,10476.14,79899.27,7.6268
ADS00000540,AD00040,2025-11-05,17862,542,73,2108.03,29787.56,14.1305
ADS00000541,AD00041,2025-08-15,95719,5619,288,2332.02,159002.11,68.1821
ADS00000542,AD00042,2026-04-25,151992,9928,460,38956.03,95264.5,2.4454
ADS00000543,AD00043,2025-04-05,156904,6376,782,20977.1,226160.0,10.7813
ADS00000544,AD00044,2026-02-11,20212,1099,158,1991.3,102005.51,51.2256
ADS00000545,AD00045,2026-01-16,177035,8234,911,25215.45,482817.57,19.1477
ADS00000546,AD00046,2025-08-16,18853,225,22,419.67,4144.35,9.8753
ADS00000547,AD00047,2025-03-13,40119,1439,74,5154.12,28145.74,5.4608
ADS00000548,AD00048,2025-08-21,42564,2484,104,4635.57,63293.79,13.6539
ADS00000549,AD00049,2026-02-25,23724,1745,99,8293.11,12943.44,1.5607
ADS00000550,AD00050,2025-04-12,165634,7958,1141,8556.78,83631.96,9.7738
ADS00000551,AD00051,2025-03-27,88037,2207,177,5955.63,100169.25,16.8193
ADS00000552,AD00052,2025-11-02,39094,426,37,1674.02,6660.85,3.979
ADS00000553,AD00053,2026-02-02,134345,9753,1233,28669.07,658113.09,22.9555
ADS00000554,AD00054,2025-07-07,40299,625,36,1595.07,22675.91,14.2162
ADS00000555,AD00055,2025-05-23,179931,7536,1074,24927.77,112774.33,4.524
ADS00000556,AD00056,2026-08-04,41122,2338,327,1458.11,146994.91,100.8119
ADS00000557,AD00057,2025-01-25,59833,4089,67,13103.79,10676.25,0.8147
ADS00000558,AD00058,2025-07-04,45924,3592,444,8964.91,166537.66,18.5766
ADS00000559,AD00059,2026-06-13,8920,575,47,338.76,19442.21,57.3923
ADS00000560,AD00060,2025-05-13,143160,2263,115,3601.38,61586.3,17.1008
ADS00000561,AD00061,2026-06-17,51950,3108,321,3308.19,173445.31,52.4291
ADS00000562,AD00062,2026-03-28,179918,5172,514,9422.63,279906.9,29.7058
ADS00000563,AD00063,2025-07-08,75066,4971,148,5748.85,75096.88,13.0629
ADS00000564,AD00064,2025-03-18,132954,6729,668,2817.91,189395.07,67.2112
ADS00000565,AD00065,2026-02-24,70219,2895,104,13023.24,62344.68,4.7872
ADS00000566,AD00066,2026-02-20,76118,4392,551,12297.14,328742.47,26.7332
ADS00000567,AD00067,2025-07-30,114622,4762,135,14505.03,19951.21,1.3755
ADS00000568,AD00068,2026-07-26,64877,2211,292,10484.61,53850.71,5.1362
ADS00000569,AD00069,2025-09-21,47665,3254,484,11765.37,217945.12,18.5243
ADS00000570,AD00070,2026-07-05,58388,1766,203,2972.71,16823.65,5.6594
ADS00000571,AD00071,2026-08-07,151357,7297,1080,22629.82,563799.15,24.914
ADS00000572,AD00072,2025-10-21,20024,329,18,443.86,10112.02,22.782
ADS00000573,AD00073,2025-05-15,46600,3032,273,11803.0,184994.26,15.6735
ADS00000574,AD00074,2025-06-23,144001,7717,884,5077.67,481524.67,94.8318
ADS00000575,AD00075,2026-05-20,76772,4579,126,9022.58,48510.34,5.3765
ADS00000576,AD00076,2025-04-08,31300,1590,33,1622.43,6604.01,4.0704
ADS00000577,AD00077,2025-09-17,58387,3702,221,4442.41,134233.62,30.2164
ADS00000578,AD00078,2025-02-14,132483,8556,717,29711.4,420205.42,14.1429
ADS00000579,AD00079,2025-12-20,63657,1342,198,3558.03,123169.14,34.6172
ADS00000580,AD00080,2025-08-21,134875,7038,313,20509.02,127811.15,6.2319
ADS00000581,AD00081,2025-05-22,129782,9616,397,10114.09,244006.87,24.1254
ADS00000582,AD00082,2026-07-30,59712,1509,105,2184.94,11969.55,5.4782
ADS00000583,AD00083,2026-01-07,106861,2080,178,8551.44,20434.06,2.3895
ADS00000584,AD00084,2025-09-30,102513,1993,139,3509.06,30692.44,8.7466
ADS00000585,AD00085,2026-08-22,127409,5498,811,24544.55,349985.65,14.2592
ADS00000586,AD00086,2025-11-17,9086,726,39,1875.97,19424.73,10.3545
ADS00000587,AD00087,2025-02-04,133529,5641,753,19024.04,50462.34,2.6526
ADS00000588,AD00088,2025-04-15,62386,1868,33,3757.92,22370.23,5.9528
ADS00000589,AD00089,2025-01-24,114270,5068,93,22498.15,10296.14,0.4576
ADS00000590,AD00090,2026-08-17,8736,511,34,2208.89,21970.14,9.9462
ADS00000591,AD00091,2025-04-18,50387,960,73,1708.37,36275.44,21.2339
ADS00000592,AD00092,2025-02-12,9661,454,64,1079.01,16820.34,15.5887
ADS00000593,AD00093,2026-08-20,43536,749,28,2003.08,13649.56,6.8143
ADS00000594,AD00094,2025-09-10,135486,4912,355,17693.28,215268.36,12.1667
ADS00000595,AD00095,2025-03-28,113472,4068,179,4880.42,91821.72,18.8143
ADS00000596,AD00096,2026-08-17,11043,839,47,1675.32,29553.8,17.6407
ADS00000597,AD00097,2025-05-25,38868,1698,216,1347.84,38836.27,28.8137
ADS00000598,AD00098,2025-05-15,17409,353,9,135.01,5485.79,40.6325
ADS00000599,AD00099,2026-02-27,144893,5097,297,9395.08,170018.24,18.0965
ADS00000600,AD00100,2025-08-15,27527,1468,154,3491.44,96968.34,27.7732
ADS00000601,AD00001,2025-06-27,178939,11879,1343,45602.29,619161.41,13.5774
ADS00000602,AD00002,2025-07-06,104019,5249,235,19545.73,119846.36,6.1316
ADS00000603,AD00003,2025-08-27,67838,4359,183,8341.04,66958.64,8.0276
ADS00000604,AD00004,2026-05-20,8538,444,19,1777.94,2902.93,1.6327
ADS00000605,AD00005,2026-01-24,7903,556,41,1466.15,16394.65,11.1821
ADS00000606,AD00006,2025-02-19,156426,9239,1360,26049.63,629835.04,24.1783
ADS00000607,AD00007,2026-08-19,26436,836,64,3304.54,25597.42,7.7461
ADS00000608,AD00008,2026-08-21,162952,5280,303,2284.1,203828.28,89.2379
ADS00000609,AD00009,2026-07-21,130412,9029,376,35581.56,152015.33,4.2723
ADS00000610,AD00010,2026-08-05,142309,8351,308,25513.05,83188.84,3.2606
ADS00000611,AD00011,2025-06-19,155403,4498,181,3464.16,81520.99,23.5327
ADS00000612,AD00012,2026-06-27,121487,3718,462,11956.74,234907.82,19.6465
ADS00000613,AD00013,2026-03-16,74098,2212,324,9205.85,167044.09,18.1454
ADS00000614,AD00014,2026-07-05,141419,6339,766,9096.48,48994.83,5.3861
ADS00000615,AD00015,2026-06-22,108473,4676,92,7404.5,31154.15,4.2075
ADS00000616,AD00016,2025-04-04,67667,2867,340,12284.09,173650.81,14.1362
ADS00000617,AD00017,2025-04-26,26207,300,5,793.81,2163.62,2.7256
ADS00000618,AD00018,2026-05-22,48763,2412,147,6491.42,23214.59,3.5762
ADS00000619,AD00019,2025-08-18,137300,1476,132,6630.75,89407.25,13.4837
ADS00000620,AD00020,2026-06-07,76606,1390,167,4472.98,52817.89,11.8082
ADS00000621,AD00021,2025-09-19,117939,6941,684,24277.34,170637.64,7.0287
ADS00000622,AD00022,2026-05-07,107136,7585,1045,33515.52,671782.43,20.0439
ADS00000623,AD00023,2025-05-11,132893,4433,174,18951.17,43145.0,2.2766
ADS00000624,AD00024,2026-07-25,91703,3500,264,2598.73,59890.59,23.0461
ADS00000625,AD00025,2025-02-09,171643,1849,56,7264.66,20281.96,2.7919
ADS00000626,AD00026,2026-02-09,8728,131,12,357.53,5573.33,15.5884
ADS00000627,AD00027,2025-11-28,41970,382,54,892.76,12189.06,13.6532
ADS00000628,AD00028,2025-07-01,175884,12172,880,53308.25,71975.81,1.3502
ADS00000629,AD00029,2025-10-17,70228,3558,309,14314.8,27973.07,1.9541
ADS00000630,AD00030,2025-03-03,147548,1823,78,6065.63,40848.48,6.7344
ADS00000631,AD00031,2025-05-31,4764,274,13,370.43,3331.63,8.994
ADS00000632,AD00032,2026-08-19,149944,8390,450,30373.41,47579.0,1.5665
ADS00000633,AD00033,2026-02-13,56144,1033,66,3347.5,25066.05,7.488
ADS00000634,AD00034,2025-07-01,61875,2377,109,7632.88,63422.18,8.3091
ADS00000635,AD00035,2026-02-09,31969,651,48,2579.81,19155.08,7.425
ADS00000636,AD00036,2025-03-23,62190,2313,203,2195.57,35513.53,16.1751
ADS00000637,AD00037,2026-05-02,70655,1913,103,1456.59,44967.07,30.8715
ADS00000638,AD00038,2026-03-30,35023,1210,76,4882.33,9458.76,1.9373
ADS00000639,AD00039,2026-06-13,45953,2916,124,6742.75,60089.91,8.9118
ADS00000640,AD00040,2025-10-20,20103,1166,94,2700.43,9630.14,3.5662
ADS00000641,AD00041,2025-08-18,119996,1580,55,4652.61,20089.72,4.3179
ADS00000642,AD00042,2026-03-27,34723,1161,106,4105.47,46655.01,11.3641
ADS00000643,AD00043,2025-04-18,52571,2210,221,6953.54,108557.07,15.6118
ADS00000644,AD00044,2026-03-18,37905,1576,85,6446.43,43784.77,6.7921
ADS00000645,AD00045,2026-01-04,90622,1904,37,8773.74,13750.0,1.5672
ADS00000646,AD00046,2025-07-23,166690,6656,134,16489.99,41344.72,2.5073
ADS00000647,AD00047,2025-03-10,75586,2148,162,5284.45,100598.27,19.0367
ADS00000648,AD00048,2025-09-29,40359,2201,202,2033.72,74519.66,36.642
ADS00000649,AD00049,2026-02-18,153816,8107,122,13341.61,24716.04,1.8526
ADS00000650,AD00050,2025-05-03,17347,661,81,1354.51,38098.7,28.1273
ADS00000651,AD00051,2025-03-27,22404,1518,58,1878.1,11536.16,6.1425
ADS00000652,AD00052,2025-11-01,49216,1217,129,1860.69,66497.05,35.7378
ADS00000653,AD00053,2026-01-31,155254,10191,432,40398.72,236012.17,5.8421
ADS00000654,AD00054,2025-07-29,136141,3992,273,13305.57,156059.07,11.7289
ADS00000655,AD00055,2025-06-07,173440,6772,183,19333.5,112483.87,5.8181
ADS00000656,AD00056,2026-08-08,160238,8683,1255,6944.29,275891.74,39.7293
ADS00000657,AD00057,2025-01-09,175136,9237,888,31132.59,197263.08,6.3362
ADS00000658,AD00058,2025-07-06,109432,7660,587,25559.99,276058.28,10.8004
ADS00000659,AD00059,2026-06-03,171404,9049,781,16929.27,150712.6,8.9025
ADS00000660,AD00060,2025-05-10,12838,564,64,1033.6,42973.7,41.5767
ADS00000661,AD00061,2026-06-03,26771,1381,173,2779.6,83794.14,30.1461
ADS00000662,AD00062,2026-04-02,50937,2209,163,7516.83,9937.62,1.322
ADS00000663,AD00063,2025-07-07,152026,6876,837,13061.86,279043.4,21.3632
ADS00000664,AD00064,2025-03-19,6027,221,13,829.64,7184.57,8.6599
ADS00000665,AD00065,2026-02-11,54895,1105,94,3593.02,29967.76,8.3405
ADS00000666,AD00066,2026-02-17,14752,934,75,2736.03,39793.28,14.5442
ADS00000667,AD00067,2025-07-21,150482,10917,1151,33110.12,258398.25,7.8042
ADS00000668,AD00068,2026-07-11,179969,12871,1656,18412.51,903474.36,49.0685
ADS00000669,AD00069,2025-08-16,56595,2536,75,1161.04,9002.82,7.7541
ADS00000670,AD00070,2026-06-24,36253,2457,57,6355.75,5448.48,0.8573
ADS00000671,AD00071,2026-07-02,144518,7661,279,21644.88,124398.08,5.7472
ADS00000672,AD00072,2025-10-16,73585,4425,504,9457.27,54025.37,5.7126
ADS00000673,AD00073,2025-05-17,159899,4892,210,15980.38,28132.61,1.7604
ADS00000674,AD00074,2025-06-25,35079,522,30,985.3,7825.58,7.9423
ADS00000675,AD00075,2026-05-05,114747,3395,307,11261.37,160646.42,14.2653
ADS00000676,AD00076,2025-04-03,27421,1819,152,1707.55,79810.04,46.7395
ADS00000677,AD00077,2025-09-06,127227,6483,579,14874.61,136973.1,9.2085
ADS00000678,AD00078,2025-02-10,2515,192,10,701.51,6763.17,9.6409
ADS00000679,AD00079,2026-01-17,41056,2995,167,9740.05,95254.36,9.7797
ADS00000680,AD00080,2025-08-15,27009,1896,214,5914.5,102422.44,17.3172
ADS00000681,AD00081,2025-05-14,64690,2775,179,9219.28,103763.99,11.2551
ADS00000682,AD00082,2026-08-07,148787,3887,308,7496.6,115214.27,15.3689
ADS00000683,AD00083,2026-01-11,21502,1717,75,4569.15,30235.88,6.6174
ADS00000684,AD00084,2025-09-29,113415,7408,271,30923.27,44024.03,1.4237
ADS00000685,AD00085,2026-08-22,13953,556,55,672.25,11344.4,16.8753
ADS00000686,AD00086,2025-11-12,171581,5158,519,12710.83,204263.48,16.07
ADS00000687,AD00087,2025-02-08,16181,432,22,1776.21,7205.82,4.0569
ADS00000688,AD00088,2025-04-22,137905,6030,507,7954.13,304429.46,38.2731
ADS00000689,AD00089,2025-02-02,56508,1433,71,5753.02,38321.4,6.6611
ADS00000690,AD00090,2026-08-13,137318,2469,217,4064.61,58235.11,14.3274
ADS00000691,AD00091,2025-06-10,20868,1283,80,5920.53,12755.99,2.1545
ADS00000692,AD00092,2025-02-07,66663,4551,640,11303.96,116810.73,10.3336
ADS00000693,AD00093,2026-08-14,129590,5408,234,11940.96,26315.54,2.2038
ADS00000694,AD00094,2025-09-21,25531,233,29,245.84,6667.91,27.123
ADS00000695,AD00095,2025-01-29,68429,706,21,489.81,3066.88,6.2614
ADS00000696,AD00096,2026-07-16,2939,201,6,801.04,3809.7,4.7559
ADS00000697,AD00097,2025-04-14,152980,7385,501,33461.03,36054.46,1.0775
ADS00000698,AD00098,2025-06-28,61879,4117,472,14382.65,308968.35,21.482
ADS00000699,AD00099,2026-04-05,165369,7123,993,4558.43,162622.77,35.6752
ADS00000700,AD00100,2025-09-01,177939,2622,72,9762.43,16598.12,1.7002
ADS00000701,AD00001,2025-07-11,118268,5916,847,7749.41,568674.59,73.383
ADS00000702,AD00002,2025-07-05,103706,4156,518,1533.08,83661.85,54.5711
ADS00000703,AD00003,2025-09-09,40276,2500,192,7717.73,73510.35,9.5249
ADS00000704,AD00004,2026-06-22,93679,5406,428,9931.43,30963.01,3.1177
ADS00000705,AD00005,2026-01-20,117599,1057,109,3106.75,7531.74,2.4243
ADS00000706,AD00006,2025-03-20,7913,461,23,1178.49,7785.05,6.606
ADS00000707,AD00007,2026-08-04,2703,202,23,127.64,1920.8,15.0486
ADS00000708,AD00008,2026-08-21,127688,4284,447,7289.92,173249.78,23.7657
ADS00000709,AD00009,2026-06-11,161888,9870,1292,8751.12,694713.08,79.3856
ADS00000710,AD00010,2026-07-20,76024,4517,194,10561.28,130515.49,12.3579
ADS00000711,AD00011,2025-06-01,146063,8748,1216,8090.91,361683.38,44.7024
ADS00000712,AD00012,2026-07-24,8665,247,24,128.34,6630.43,51.663
ADS00000713,AD00013,2026-03-07,2306,103,2,372.82,1166.84,3.1298
ADS00000714,AD00014,2026-07-12,78257,6039,670,18765.65,176126.89,9.3856
ADS00000715,AD00015,2026-06-21,24344,362,15,1558.67,1456.15,0.9342
ADS00000716,AD00016,2025-02-01,142154,10627,1039,12109.1,533734.47,44.0771
ADS00000717,AD00017,2025-05-10,93067,4861,710,5262.66,309737.06,58.8556
ADS00000718,AD00018,2026-05-19,22241,1288,137,6171.58,28848.3,4.6744
ADS00000719,AD00019,2025-08-15,33449,2322,69,7059.65,14985.0,2.1226
ADS00000720,AD00020,2026-05-01,84949,2448,305,10388.79,153960.36,14.8199
ADS00000721,AD00021,2025-09-29,29751,1942,74,4608.71,21248.61,4.6105
ADS00000722,AD00022,2026-05-25,84953,4605,479,21473.74,154434.71,7.1918
ADS00000723,AD00023,2025-05-25,138508,7639,786,32798.66,197715.82,6.0282
ADS00000724,AD00024,2026-06-29,120273,9184,723,5187.95,285850.44,55.0989
ADS00000725,AD00025,2025-01-14,146068,11117,188,33996.11,26541.9,0.7807
ADS00000726,AD00026,2026-02-17,130764,2408,128,4275.92,83363.55,19.496
ADS00000727,AD00027,2025-11-27,35244,1215,122,5031.29,24987.13,4.9663
ADS00000728,AD00028,2025-05-18,92883,5604,815,26143.01,408319.48,15.6187
ADS00000729,AD00029,2025-10-18,164714,4739,340,15336.54,124456.06,8.115
ADS00000730,AD00030,2025-03-19,100885,3369,211,12724.67,28318.47,2.2255
ADS00000731,AD00031,2025-06-01,130512,8364,448,30677.99,186948.0,6.0939
ADS00000732,AD00032,2026-08-13,40504,433,39,1908.9,25945.88,13.5921
ADS00000733,AD00033,2026-02-15,10884,211,24,499.23,10659.12,21.3511
ADS00000734,AD00034,2025-05-27,168476,1853,189,7474.45,105479.31,14.112
ADS00000735,AD00035,2026-02-08,80850,4623,614,1711.6,119937.21,70.0732
ADS00000736,AD00036,2025-03-15,26728,1148,143,3344.63,84991.63,25.4114
ADS00000737,AD00037,2026-05-11,21252,1214,137,2375.11,73642.29,31.0058
ADS00000738,AD00038,2026-03-25,98559,4331,520,5895.75,283362.27,48.0621
ADS00000739,AD00039,2026-06-07,135998,8062,812,32518.76,416948.3,12.8218
ADS00000740,AD00040,2025-09-27,15775,390,38,220.58,8342.05,37.8187
ADS00000741,AD00041,2025-08-10,91481,5242,747,18797.69,220183.19,11.7133
ADS00000742,AD00042,2026-03-25,54030,2837,76,8914.03,21113.57,2.3686
ADS00000743,AD00043,2025-04-03,131868,6294,252,16000.95,134929.39,8.4326
ADS00000744,AD00044,2026-02-27,91742,6078,184,2563.45,15143.81,5.9076
ADS00000745,AD00045,2026-01-15,162682,8373,921,17532.47,192943.93,11.0049
ADS00000746,AD00046,2025-07-18,89025,6537,140,31341.6,69551.44,2.2191
ADS00000747,AD00047,2025-03-10,178513,2657,41,2141.46,26809.2,12.5191
ADS00000748,AD00048,2025-10-25,143120,6854,180,31347.52,54086.8,1.7254
ADS00000749,AD00049,2026-02-20,25594,1615,176,1411.5,19144.2,13.563
ADS00000750,AD00050,2025-03-28,18870,502,8,226.77,2208.77,9.7401
ADS00000751,AD00051,2025-04-04,109720,3529,487,3088.84,232837.57,75.3803
ADS00000752,AD00052,2025-10-20,84919,5250,278,4186.01,38322.79,9.155
ADS00000753,AD00053,2026-01-21,119724,1347,197,5291.24,106190.69,20.0692
ADS00000754,AD00054,2025-08-10,128225,6043,701,18168.77,286225.81,15.7537
ADS00000755,AD00055,2025-05-23,125613,1957,222,2695.54,58006.47,21.5194
ADS00000756,AD00056,2026-08-04,34945,1225,21,3045.88,1479.38,0.4857
ADS00000757,AD00057,2025-01-20,69192,3398,447,16233.85,102581.03,6.319
ADS00000758,AD00058,2025-07-06,83435,3284,355,4645.07,191890.97,41.3107
ADS00000759,AD00059,2026-06-02,175858,4501,255,8544.42,41101.25,4.8103
ADS00000760,AD00060,2025-05-14,31041,1326,132,1810.28,56203.62,31.0469
ADS00000761,AD00061,2026-04-30,27539,1553,194,1538.02,126077.24,81.9737
ADS00000762,AD00062,2026-03-28,177869,2917,151,10273.39,97767.61,9.5166
ADS00000763,AD00063,2025-07-08,87361,2683,219,6062.61,132617.17,21.8746
ADS00000764,AD00064,2025-04-14,23428,736,46,880.88,9615.04,10.9153
ADS00000765,AD00065,2026-02-19,92993,4436,300,14597.4,175405.01,12.0162
ADS00000766,AD00066,2026-02-21,77211,4033,295,17303.63,147055.29,8.4985
ADS00000767,AD00067,2025-08-12,55639,2593,161,3715.95,26081.52,7.0188
ADS00000768,AD00068,2026-07-29,44981,370,36,690.64,22267.18,32.2414
ADS00000769,AD00069,2025-10-02,42948,3423,446,1365.55,44853.4,32.8464
ADS00000770,AD00070,2026-05-31,94550,6945,580,18787.11,251969.03,13.4118
ADS00000771,AD00071,2026-08-03,24373,1066,89,4490.62,54941.84,12.2348
ADS00000772,AD00072,2025-10-11,161979,3827,353,18027.51,85637.48,4.7504
ADS00000773,AD00073,2025-05-03,55737,2173,125,1299.49,56422.28,43.4188
ADS00000774,AD00074,2025-06-18,16721,238,14,1028.89,5965.61,5.7981
ADS00000775,AD00075,2026-05-19,92528,5638,554,13006.38,372436.61,28.6349
ADS00000776,AD00076,2025-04-19,98336,6167,455,10079.91,172970.79,17.16
ADS00000777,AD00077,2025-07-27,104385,7764,1040,37004.96,303543.63,8.2028
ADS00000778,AD00078,2025-02-17,172915,13641,1355,36532.87,633845.59,17.35
ADS00000779,AD00079,2026-02-02,179808,8222,245,26260.05,86758.74,3.3038
ADS00000780,AD00080,2025-08-28,151947,11593,1151,9523.24,339278.71,35.6264
ADS00000781,AD00081,2025-06-11,26716,590,50,1336.16,4711.58,3.5262
ADS00000782,AD00082,2026-08-04,3221,236,4,473.41,2482.99,5.2449
ADS00000783,AD00083,2026-01-02,87894,6169,266,24544.96,35840.33,1.4602
ADS00000784,AD00084,2025-09-24,145750,9220,1011,30070.47,266776.7,8.8717
ADS00000785,AD00085,2026-08-20,160634,4178,350,13039.01,57233.33,4.3894
ADS00000786,AD00086,2025-11-17,28855,2212,168,5450.94,90264.11,16.5594
ADS00000787,AD00087,2025-02-01,30602,405,30,1066.84,11477.51,10.7584
ADS00000788,AD00088,2025-04-12,169121,1884,216,8339.32,73301.11,8.7898
ADS00000789,AD00089,2025-02-10,175231,2588,354,9486.17,221490.92,23.3488
ADS00000790,AD00090,2026-08-22,102848,6741,833,13300.93,526008.66,39.5468
ADS00000791,AD00091,2025-05-27,65643,5179,198,6468.94,53417.55,8.2575
ADS00000792,AD00092,2025-03-06,135728,3644,61,6530.85,6500.31,0.9953
ADS00000793,AD00093,2026-08-22,176620,3311,85,3349.29,19437.53,5.8035
ADS00000794,AD00094,2025-09-20,31146,1136,74,2168.92,40388.58,18.6215
ADS00000795,AD00095,2025-02-22,111924,3109,420,5691.13,284863.44,50.0539
ADS00000796,AD00096,2026-07-30,47022,2105,307,9291.67,152322.6,16.3935
ADS00000797,AD00097,2025-04-26,63943,4231,125,11119.07,9908.91,0.8912
ADS00000798,AD00098,2025-06-02,144291,8069,607,36098.29,148910.6,4.1251
ADS00000799,AD00099,2026-03-09,38941,643,87,1084.08,40615.6,37.4655
ADS00000800,AD00100,2025-08-16,41364,2725,92,5495.69,26068.06,4.7434
ADS00000801,AD00001,2025-06-19,146933,8980,224,6318.17,65990.56,10.4446
ADS00000802,AD00002,2025-07-08,37519,2838,123,8578.68,16243.02,1.8934
ADS00000803,AD00003,2025-09-12,135686,1433,148,4843.05,56579.74,11.6827
ADS00000804,AD00004,2026-06-09,105808,7754,600,32145.49,215847.18,6.7147
ADS00000805,AD00005,2026-02-04,115529,5321,709,14285.39,344092.76,24.087
ADS00000806,AD00006,2025-03-21,60960,3126,139,4393.38,40011.56,9.1072
ADS00000807,AD00007,2026-08-17,42900,406,56,1841.65,26205.56,14.2294
ADS00000808,AD00008,2026-08-21,156081,3539,147,3147.51,69325.08,22.0254
ADS00000809,AD00009,2026-06-18,113618,2366,324,2473.96,201477.35,81.4392
ADS00000810,AD00010,2026-07-30,76124,5994,184,15087.21,36099.48,2.3927
ADS00000811,AD00011,2025-06-06,14047,649,17,2035.82,8654.45,4.2511
ADS00000812,AD00012,2026-08-16,75309,5872,524,22700.7,68901.05,3.0352
ADS00000813,AD00013,2026-04-17,100105,5673,841,19245.18,317902.19,16.5185
ADS00000814,AD00014,2026-07-12,93754,1259,60,3260.38,30205.72,9.2645
ADS00000815,AD00015,2026-06-23,144835,4231,438,14351.9,234378.69,16.3308
ADS00000816,AD00016,2025-02-22,162020,8009,878,10736.29,427671.68,39.8342
ADS00000817,AD00017,2025-03-29,57946,2009,263,861.6,134620.31,156.2446
ADS00000818,AD00018,2026-05-19,36794,713,66,2966.1,28052.54,9.4577
ADS00000819,AD00019,2025-08-20,83642,1151,56,5435.72,21962.15,4.0403
ADS00000820,AD00020,2026-04-30,39723,1482,25,2058.38,10770.61,5.2326
ADS00000821,AD00021,2025-09-06,47924,3823,477,17439.01,306647.6,17.584
ADS00000822,AD00022,2026-05-01,48226,1787,235,7320.51,92006.18,12.5683
ADS00000823,AD00023,2025-04-24,15535,318,16,661.0,5751.78,8.7016
ADS00000824,AD00024,2026-07-21,154644,1797,237,1857.96,78683.9,42.3496
ADS00000825,AD00025,2025-02-03,14791,240,10,108.59,5705.14,52.5384
ADS00000826,AD00026,2026-03-08,45003,1583,60,5147.64,34715.66,6.744
ADS00000827,AD00027,2025-12-17,70527,3991,414,14432.44,182730.47,12.6611
ADS00000828,AD00028,2025-05-01,90726,6529,580,6080.7,255358.23,41.9949
ADS00000829,AD00029,2025-10-23,150277,11499,1644,21888.72,230124.1,10.5134
ADS00000830,AD00030,2025-03-18,52317,1977,246,7782.54,92270.5,11.8561
ADS00000831,AD00031,2025-05-06,98507,1430,209,4359.99,15248.3,3.4973
ADS00000832,AD00032,2026-08-13,99888,4245,315,11358.4,184314.34,16.2271
ADS00000833,AD00033,2026-02-12,11876,778,98,2662.09,52451.68,19.7032
ADS00000834,AD00034,2025-06-06,28394,1484,91,4041.54,52589.49,13.0122
ADS00000835,AD00035,2026-02-22,125311,6954,175,12015.86,51333.5,4.2721
ADS00000836,AD00036,2025-03-31,9436,214,21,144.64,7494.93,51.8178
ADS00000837,AD00037,2026-07-21,51636,620,66,1657.78,3983.88,2.4031
ADS00000838,AD00038,2026-04-03,120485,1012,36,4350.58,18066.31,4.1526
ADS00000839,AD00039,2026-06-12,68685,760,28,785.48,7808.45,9.941
ADS00000840,AD00040,2025-10-08,172058,10241,1401,4366.98,192618.86,44.108
ADS00000841,AD00041,2025-08-13,140440,10973,945,9381.92,466646.38,49.7389
ADS00000842,AD00042,2026-04-23,111629,8897,220,32540.91,99120.14,3.046
ADS00000843,AD00043,2025-03-12,29258,1326,168,1717.8,11584.65,6.7439
ADS00000844,AD00044,2026-03-19,172178,10304,867,15950.49,470262.1,29.4826
ADS00000845,AD00045,2026-01-08,72424,3225,460,6546.3,137371.8,20.9846
ADS00000846,AD00046,2025-07-06,44422,1763,90,6613.73,56261.91,8.5068
ADS00000847,AD00047,2025-03-14,2400,151,14,74.0,1676.91,22.6609
ADS00000848,AD00048,2025-08-19,93816,2292,80,6751.2,27517.5,4.0759
ADS00000849,AD00049,2026-02-06,91639,6086,564,29155.89,175731.38,6.0273
ADS00000850,AD00050,2025-04-09,135976,7246,605,12326.86,249304.55,20.2245
ADS00000851,AD00051,2025-04-07,115275,6625,376,13274.42,105472.29,7.9455
ADS00000852,AD00052,2025-10-16,40331,3160,209,5140.0,42344.08,8.2381
ADS00000853,AD00053,2026-01-19,168498,9055,1277,31374.27,686824.43,21.8913
ADS00000854,AD00054,2025-07-24,149964,8820,476,6779.89,179540.63,26.4813
ADS00000855,AD00055,2025-06-17,90289,5107,210,8799.93,106711.22,12.1264
ADS00000856,AD00056,2026-07-30,179626,2578,344,4790.24,39830.33,8.3149
ADS00000857,AD00057,2025-01-14,52510,2778,209,6436.7,78482.39,12.193
ADS00000858,AD00058,2025-07-01,17979,1241,83,4547.43,6027.12,1.3254
ADS00000859,AD00059,2026-06-03,136008,6866,983,5601.89,148720.85,26.5483
ADS00000860,AD00060,2025-05-04,8723,241,14,619.01,4733.17,7.6464
ADS00000861,AD00061,2026-06-09,162131,9915,494,26306.07,332955.59,12.657
ADS00000862,AD00062,2026-03-20,1069,63,9,130.75,3336.72,25.5198
ADS00000863,AD00063,2025-06-26,131697,6225,738,5923.61,240321.23,40.5701
ADS00000864,AD00064,2025-03-20,76568,3926,337,3831.61,214651.58,56.0212
ADS00000865,AD00065,2026-02-02,9553,192,3,685.38,443.44,0.647
ADS00000866,AD00066,2026-02-22,103340,3466,321,14993.22,142267.11,9.4888
ADS00000867,AD00067,2025-07-29,148401,5606,232,22332.2,53856.81,2.4116
ADS00000868,AD00068,2026-07-20,6656,520,9,1229.37,3433.23,2.7927
ADS00000869,AD00069,2025-08-27,130679,3142,132,13828.65,21884.57,1.5826
ADS00000870,AD00070,2026-06-04,6203,350,23,1420.22,10905.26,7.6786
ADS00000871,AD00071,2026-07-16,142036,5698,662,14241.67,256976.25,18.044
ADS00000872,AD00072,2025-09-28,21679,599,18,703.53,1795.85,2.5526
ADS00000873,AD00073,2025-04-24,67442,1338,172,5874.08,24841.58,4.229
ADS00000874,AD00074,2025-06-20,110930,5758,577,6262.27,57040.24,9.1086
ADS00000875,AD00075,2026-05-01,86686,6146,828,11630.59,329155.2,28.3008
ADS00000876,AD00076,2025-03-15,48075,3547,352,13362.26,77304.32,5.7853
ADS00000877,AD00077,2025-07-22,57773,2408,142,1638.55,89782.31,54.7938
ADS00000878,AD00078,2025-02-27,68330,5031,498,6863.85,43157.88,6.2877
ADS00000879,AD00079,2026-02-05,75441,5251,207,14324.74,70889.81,4.9488
ADS00000880,AD00080,2025-08-21,62971,1457,172,5798.35,46348.95,7.9935
ADS00000881,AD00081,2025-07-06,123612,6686,795,7746.12,311685.96,40.2377
ADS00000882,AD00082,2026-08-08,50659,3646,126,16291.83,20907.59,1.2833
ADS00000883,AD00083,2026-01-07,11384,568,70,1729.15,23685.16,13.6976
ADS00000884,AD00084,2025-09-14,167536,12989,572,14451.82,369304.24,25.5542
ADS00000885,AD00085,2026-07-31,159890,12404,292,6160.63,198206.34,32.1731
ADS00000886,AD00086,2025-12-11,94710,5859,198,12320.87,38385.26,3.1155
ADS00000887,AD00087,2025-02-07,50830,635,59,2747.34,16988.85,6.1837
ADS00000888,AD00088,2025-04-13,153671,8245,425,36479.72,234404.18,6.4256
ADS00000889,AD00089,2025-03-14,123890,3191,314,13662.69,23023.1,1.6851
ADS00000890,AD00090,2026-08-22,166639,3081,381,7625.53,243761.37,31.9665
ADS00000891,AD00091,2025-04-18,62077,2446,225,2428.16,124563.41,51.2995
ADS00000892,AD00092,2025-02-11,103548,2469,133,9508.44,47632.47,5.0095
ADS00000893,AD00093,2026-08-20,145707,2574,361,1068.02,227270.35,212.796
ADS00000894,AD00094,2025-10-13,41295,2389,352,6028.4,71785.2,11.9078
ADS00000895,AD00095,2025-03-17,68400,2615,80,815.14,9266.57,11.3681
ADS00000896,AD00096,2026-08-13,85575,3131,406,6920.87,116192.78,16.7888
ADS00000897,AD00097,2025-06-08,91802,5650,732,10603.16,308822.82,29.1255
ADS00000898,AD00098,2025-06-10,109769,1347,160,4843.78,58811.21,12.1416
ADS00000899,AD00099,2026-04-22,78695,5983,862,20117.03,204433.08,10.1622
ADS00000900,AD00100,2025-08-25,164698,6527,752,18236.86,212347.8,11.6439
ADS00000901,AD00001,2025-06-08,43751,605,78,268.93,10299.89,38.2995
ADS00000902,AD00002,2025-06-17,58926,1710,217,5025.63,71677.28,14.2623
ADS00000903,AD00003,2025-10-03,134606,4709,132,2975.6,65990.7,22.1773
ADS00000904,AD00004,2026-05-30,44934,2101,147,8873.16,51388.9,5.7915
ADS00000905,AD00005,2025-12-13,158904,11869,468,14756.52,58963.17,3.9957
ADS00000906,AD00006,2025-02-09,66608,5206,285,21653.94,68426.81,3.16
ADS00000907,AD00007,2026-07-28,28493,588,70,1741.45,21849.37,12.5467
ADS00000908,AD00008,2026-08-22,77995,5600,400,8564.85,104667.46,12.2206
ADS00000909,AD00009,2026-06-03,78358,1776,237,7734.77,75868.13,9.8087
ADS00000910,AD00010,2026-07-24,140172,4819,82,10534.69,40041.55,3.8009
ADS00000911,AD00011,2025-06-15,68592,1015,85,4739.21,11942.33,2.5199
ADS00000912,AD00012,2026-08-03,101297,5884,320,15918.55,208209.47,13.0797
ADS00000913,AD00013,2026-04-04,63915,4289,473,15133.71,302652.52,19.9986
ADS00000914,AD00014,2026-07-03,159013,9963,607,11108.04,198403.47,17.8612
ADS00000915,AD00015,2026-07-02,77283,3547,313,6836.32,48044.74,7.0279
ADS00000916,AD00016,2025-02-01,18634,698,89,3306.57,44702.32,13.5192
ADS00000917,AD00017,2025-04-30,150698,4005,189,17078.58,35398.79,2.0727
ADS00000918,AD00018,2026-05-23,124084,4435,291,16595.19,147743.85,8.9028
ADS00000919,AD00019,2025-08-12,120743,5189,529,6241.04,209221.6,33.5235
ADS00000920,AD00020,2026-05-07,144441,6614,108,29570.32,71705.85,2.4249
ADS00000921,AD00021,2025-09-09,38899,627,43,548.7,19439.01,35.4274
ADS00000922,AD00022,2026-04-19,54398,1951,190,2095.57,111815.22,53.3579
ADS00000923,AD00023,2025-05-03,71874,1790,66,2151.45,7079.83,3.2907
ADS00000924,AD00024,2026-07-26,76393,2471,261,2571.36,80106.43,31.1533
ADS00000925,AD00025,2025-01-17,16413,739,86,1682.72,48577.93,28.8687
ADS00000926,AD00026,2026-02-15,156562,12102,1031,30639.86,180061.59,5.8767
ADS00000927,AD00027,2025-11-21,150468,8929,1278,37448.37,431451.7,11.5212
ADS00000928,AD00028,2025-06-12,132253,2203,93,9052.98,39980.31,4.4163
ADS00000929,AD00029,2025-11-11,147063,10828,1370,5009.33,163196.96,32.5786
ADS00000930,AD00030,2025-03-08,35337,1909,51,6453.94,23602.06,3.657
ADS00000931,AD00031,2025-05-18,139413,7611,877,10254.87,330479.16,32.2266
ADS00000932,AD00032,2026-08-20,47700,1069,121,4212.5,44405.65,10.5414
ADS00000933,AD00033,2026-02-14,75777,4951,446,15057.32,100587.09,6.6803
ADS00000934,AD00034,2025-04-27,95988,2059,141,785.51,53455.87,68.0524
ADS00000935,AD00035,2026-02-19,122174,8116,414,27444.81,172765.58,6.295
ADS00000936,AD00036,2025-03-29,70954,5455,420,21714.62,123990.63,5.71
ADS00000937,AD00037,2026-07-03,117025,2509,289,1052.53,87017.47,82.6746
ADS00000938,AD00038,2026-04-10,155581,8766,1159,5612.76,336017.44,59.8667
ADS00000939,AD00039,2026-06-11,142702,6367,619,27036.0,244964.22,9.0607
ADS00000940,AD00040,2025-10-11,134343,2133,312,3294.3,177565.15,53.9007
ADS00000941,AD00041,2025-08-13,36190,2038,45,4783.76,16314.8,3.4105
ADS00000942,AD00042,2026-04-03,40528,2011,77,4984.32,34719.79,6.9658
ADS00000943,AD00043,2025-02-25,165041,5565,146,22701.23,56742.11,2.4995
ADS00000944,AD00044,2026-02-13,114781,1467,36,3999.4,8082.83,2.021
ADS00000945,AD00045,2026-01-16,35880,2076,304,7874.2,129993.27,16.5088
ADS00000946,AD00046,2025-07-10,22993,1043,106,2213.73,33667.66,15.2086
ADS00000947,AD00047,2025-03-06,61852,1436,204,3809.01,81483.26,21.3922
ADS00000948,AD00048,2025-08-26,16226,399,10,1186.92,3960.4,3.3367
ADS00000949,AD00049,2026-03-02,67751,2420,163,1602.37,11717.93,7.3129
ADS00000950,AD00050,2025-04-26,25310,1937,261,6156.28,96505.53,15.6759
ADS00000951,AD00051,2025-03-29,41824,2494,355,855.19,63683.08,74.4666
ADS00000952,AD00052,2025-10-23,121554,7754,218,13263.82,143366.86,10.8089
ADS00000953,AD00053,2026-01-25,8635,605,84,244.84,54768.61,223.6914
ADS00000954,AD00054,2025-08-26,77610,4229,81,4871.66,21830.01,4.481
ADS00000955,AD00055,2025-05-23,15312,890,74,1450.87,41980.35,28.9346
ADS00000956,AD00056,2026-07-28,5756,58,3,41.74,743.82,17.8203
ADS00000957,AD00057,2025-01-26,124728,8583,854,16766.37,96323.76,5.7451
ADS00000958,AD00058,2025-07-11,146123,5691,292,5765.45,87577.89,15.1901
ADS00000959,AD00059,2026-06-18,3480,228,32,936.44,17891.6,19.106
ADS00000960,AD00060,2025-05-09,161319,1581,224,1081.85,111946.89,103.4773
ADS00000961,AD00061,2026-05-01,93793,2638,371,2439.86,132327.37,54.2356
ADS00000962,AD00062,2026-03-21,172995,10137,841,19316.11,413886.33,21.427
ADS00000963,AD00063,2025-07-05,172540,8566,304,40345.78,204331.96,5.0645
ADS00000964,AD00064,2025-05-24,79649,3665,468,10018.33,205550.24,20.5174
ADS00000965,AD00065,2026-02-02,57138,4487,473,12096.26,239633.42,19.8105
ADS00000966,AD00066,2026-02-18,106440,5172,760,18055.93,78392.12,4.3416
ADS00000967,AD00067,2025-07-29,168849,8983,921,41316.32,202185.03,4.8936
ADS00000968,AD00068,2026-07-08,140720,4876,118,3696.22,13916.92,3.7652
ADS00000969,AD00069,2025-09-28,93753,6569,786,3699.68,145219.38,39.2519
ADS00000970,AD00070,2026-07-09,40243,2092,89,5613.23,30283.56,5.395
ADS00000971,AD00071,2026-07-03,33484,1364,181,1572.87,71035.53,45.163
ADS00000972,AD00072,2025-10-23,42783,2295,53,5311.17,34304.03,6.4588
ADS00000973,AD00073,2025-05-08,43990,541,36,1948.63,7610.11,3.9054
ADS00000974,AD00074,2025-06-28,118113,7018,304,18543.11,50551.94,2.7262
ADS00000975,AD00075,2026-05-01,99490,3865,373,13348.46,90980.1,6.8158
ADS00000976,AD00076,2025-04-09,57913,2787,262,11262.76,123928.88,11.0034
ADS00000977,AD00077,2025-08-29,47267,1981,136,7116.83,64394.25,9.0482
ADS00000978,AD00078,2025-02-17,82533,4111,436,12569.19,223624.46,17.7915
ADS00000979,AD00079,2026-02-01,148635,7223,184,26057.42,118290.16,4.5396
ADS00000980,AD00080,2025-08-28,146253,2066,287,1042.04,112613.41,108.0701
ADS00000981,AD00081,2025-07-15,91193,5745,87,27414.9,12489.14,0.4556
ADS00000982,AD00082,2026-07-23,5890,450,49,409.18,30110.03,73.5863
ADS00000983,AD00083,2026-01-03,96961,3190,443,3206.16,102886.99,32.0904
ADS00000984,AD00084,2025-08-30,122883,9206,666,16648.12,445763.92,26.7756
ADS00000985,AD00085,2026-08-09,36041,2009,159,3111.31,67896.32,21.8224
ADS00000986,AD00086,2025-11-04,48687,1164,120,2504.5,15047.55,6.0082
ADS00000987,AD00087,2025-02-11,179171,3700,103,10701.79,18103.66,1.6916
ADS00000988,AD00088,2025-04-16,13088,789,81,1604.41,25836.84,16.1036
ADS00000989,AD00089,2025-01-29,179624,11978,454,55732.26,291064.04,5.2225
ADS00000990,AD00090,2026-08-20,93584,3731,300,17460.19,199516.69,11.4269
ADS00000991,AD00091,2025-05-14,43583,2937,165,12131.81,87539.68,7.2157
ADS00000992,AD00092,2025-04-07,99965,2084,216,2299.48,66833.34,29.0645
ADS00000993,AD00093,2026-08-19,46475,3222,405,9809.65,86842.43,8.8528
ADS00000994,AD00094,2025-09-16,141434,6793,962,10029.79,147945.87,14.7506
ADS00000995,AD00095,2025-03-06,139337,2162,93,5478.83,50497.54,9.2168
ADS00000996,AD00096,2026-08-07,106998,4435,639,6390.69,157524.72,24.6491
ADS00000997,AD00097,2025-05-09,157085,12275,887,38202.63,125672.85,3.2896
ADS00000998,AD00098,2025-04-29,17696,475,25,988.22,12898.33,13.0521
ADS00000999,AD00099,2026-04-24,123289,9676,1117,34780.48,552707.2,15.8913
ADS00001000,AD00100,2025-08-17,160149,8523,727,12335.9,166197.92,13.4727
ADS00001001,AD00001,2025-07-19,155517,4738,130,7669.64,19153.95,2.4974
ADS00001002,AD00002,2025-07-08,70497,4948,247,13552.74,92302.93,6.8106
ADS00001003,AD00003,2025-09-29,114720,5137,310,3212.01,117663.67,36.6324
ADS00001004,AD00004,2026-05-31,147442,11582,1322,40190.31,703044.56,17.4929
ADS00001005,AD00005,2025-12-26,90375,844,51,2394.08,4719.42,1.9713
ADS00001006,AD00006,2025-03-11,153772,6579,365,6650.11,104526.97,15.7181
ADS00001007,AD00007,2026-08-21,87984,4946,614,4912.38,299298.34,60.9274
ADS00001008,AD00008,2026-08-22,25812,576,71,512.52,29432.47,57.427
ADS00001009,AD00009,2026-06-16,85906,1697,74,1259.47,33129.95,26.3047
ADS00001010,AD00010,2026-07-24,34440,1219,133,3097.17,60830.2,19.6406
ADS00001011,AD00011,2025-06-13,39957,1563,77,6185.76,46814.18,7.5681
ADS00001012,AD00012,2026-08-19,38387,636,64,843.85,22914.9,27.1552
ADS00001013,AD00013,2026-04-09,82356,5935,418,21907.61,95228.82,4.3468
ADS00001014,AD00014,2026-07-04,168269,10060,1503,23233.62,347908.06,14.9743
ADS00001015,AD00015,2026-06-27,53667,3598,419,5566.8,193678.04,34.7916
ADS00001016,AD00016,2025-02-21,32365,1242,111,3165.01,73528.9,23.2318
ADS00001017,AD00017,2025-04-04,129466,8123,716,38650.51,370515.11,9.5863
ADS00001018,AD00018,2026-05-09,22162,1221,66,5374.32,19278.41,3.5871
ADS00001019,AD00019,2025-08-19,116120,7501,219,31416.15,142857.72,4.5473
ADS00001020,AD00020,2026-04-27,152436,2396,66,747.09,29655.83,39.6951
ADS00001021,AD00021,2025-09-10,68891,1969,52,9420.37,21041.63,2.2336
ADS00001022,AD00022,2026-05-28,140114,6151,719,17123.32,114000.05,6.6576
ADS00001023,AD00023,2025-06-09,80332,2145,55,6637.62,23537.96,3.5461
ADS00001024,AD00024,2026-07-13,17584,488,39,1479.91,9784.06,6.6113
ADS00001025,AD00025,2025-02-01,178570,7424,371,4127.64,198470.62,48.0833
ADS00001026,AD00026,2026-02-25,170993,2910,197,6915.26,44418.89,6.4233
ADS00001027,AD00027,2025-11-27,92726,1897,82,9042.15,34798.97,3.8485
ADS00001028,AD00028,2025-05-30,37560,2893,49,2363.12,30825.7,13.0445
ADS00001029,AD00029,2025-12-11,147563,6986,181,18596.8,42097.74,2.2637
ADS00001030,AD00030,2025-03-14,57445,2914,165,4258.77,27196.02,6.3859
ADS00001031,AD00031,2025-04-26,90617,3783,516,17306.02,211671.26,12.2311
ADS00001032,AD00032,2026-08-17,62785,1714,111,1733.16,60991.96,35.1912
ADS00001033,AD00033,2026-02-17,157371,10585,899,48649.81,63270.4,1.3005
ADS00001034,AD00034,2025-04-25,118629,2970,217,2085.36,66209.86,31.7498
ADS00001035,AD00035,2026-02-08,47065,3557,226,13717.58,80278.41,5.8522
ADS00001036,AD00036,2025-03-07,116928,4538,150,19304.52,40474.32,2.0966
ADS00001037,AD00037,2026-07-20,89484,5778,87,21768.82,18711.27,0.8595
ADS00001038,AD00038,2026-04-09,93431,1373,76,2223.36,42251.04,19.0032
ADS00001039,AD00039,2026-06-06,49712,1595,93,942.55,19149.1,20.3163
ADS00001040,AD00040,2025-10-25,129179,6174,369,25869.75,237273.8,9.1719
ADS00001041,AD00041,2025-08-17,12448,252,36,582.2,23639.76,40.6042
ADS00001042,AD00042,2026-04-15,127597,5886,179,19668.9,102245.73,5.1983
ADS00001043,AD00043,2025-04-13,174075,12913,1916,36854.79,973779.34,26.4221
ADS00001044,AD00044,2026-02-26,40739,604,37,1239.55,9933.8,8.014
ADS00001045,AD00045,2026-01-08,84411,3974,289,12824.11,180577.9,14.0811
ADS00001046,AD00046,2025-08-10,96882,6288,399,11814.47,205990.78,17.4355
ADS00001047,AD00047,2025-02-28,75665,2673,191,3304.05,45784.09,13.857
ADS00001048,AD00048,2025-10-19,43036,1134,167,2721.51,62161.14,22.8407
ADS00001049,AD00049,2026-01-29,10262,714,72,3372.08,39578.69,11.7372
ADS00001050,AD00050,2025-04-02,2259,85,4,176.16,290.5,1.6491
ADS00001051,AD00051,2025-03-25,93020,3076,279,5515.43,123834.61,22.4524
ADS00001052,AD00052,2025-10-15,138016,9141,886,16927.91,74756.19,4.4162
ADS00001053,AD00053,2026-01-31,132851,9811,209,3698.82,99701.74,26.955
ADS00001054,AD00054,2025-08-01,29217,1689,190,2231.13,37294.32,16.7154
ADS00001055,AD00055,2025-06-08,132295,8983,1209,23027.4,330046.07,14.3328
ADS00001056,AD00056,2026-08-10,73323,1818,37,1631.97,22960.65,14.0693
ADS00001057,AD00057,2025-01-28,138195,8957,1160,28733.99,156128.01,5.4336
ADS00001058,AD00058,2025-06-24,116995,8004,297,12540.38,171149.47,13.6479
ADS00001059,AD00059,2026-06-05,91216,5680,393,5996.0,265845.24,44.3371
ADS00001060,AD00060,2025-05-01,105098,7518,902,31536.96,92333.1,2.9278
ADS00001061,AD00061,2026-05-03,61902,4336,175,18099.1,113947.5,6.2958
ADS00001062,AD00062,2026-03-17,113811,3606,325,9727.23,100271.4,10.3083
ADS00001063,AD00063,2025-07-09,129795,4519,556,15769.93,94265.55,5.9776
ADS00001064,AD00064,2025-04-11,14752,1153,158,4932.66,55287.57,11.2085
ADS00001065,AD00065,2026-02-23,18649,1432,24,2458.27,14978.08,6.0929
ADS00001066,AD00066,2026-02-20,158756,11691,468,37996.45,229483.73,6.0396
ADS00001067,AD00067,2025-07-26,117214,2296,106,2010.05,25275.62,12.5746
ADS00001068,AD00068,2026-07-21,18427,916,18,2582.22,4505.45,1.7448
ADS00001069,AD00069,2025-09-11,92526,1353,140,2140.79,86241.9,40.2851
ADS00001070,AD00070,2026-06-10,99946,5805,271,9832.79,42602.44,4.3327
ADS00001071,AD00071,2026-07-06,142005,2567,334,8163.58,182082.83,22.3043
ADS00001072,AD00072,2025-10-26,134627,7560,556,7433.86,372600.57,50.1221
ADS00001073,AD00073,2025-05-28,106767,3582,222,16973.93,87095.56,5.1311
ADS00001074,AD00074,2025-06-21,168141,3547,114,10638.58,25765.01,2.4218
ADS00001075,AD00075,2026-05-15,48700,3847,291,14621.76,168831.25,11.5466
ADS00001076,AD00076,2025-03-12,47449,661,19,2222.48,10960.98,4.9319
ADS00001077,AD00077,2025-08-04,136531,4737,183,7852.41,119125.86,15.1706
ADS00001078,AD00078,2025-01-25,160142,10878,848,7273.12,446157.3,61.3433
ADS00001079,AD00079,2026-02-15,101488,6569,780,21179.62,187974.79,8.8753
ADS00001080,AD00080,2025-08-21,132517,1926,137,8238.9,25198.81,3.0585
ADS00001081,AD00081,2025-05-20,13738,459,16,174.95,3550.46,20.2941
ADS00001082,AD00082,2026-07-27,173852,10635,294,46640.38,29283.67,0.6279
ADS00001083,AD00083,2026-01-01,90891,3556,239,9963.78,90799.84,9.113
ADS00001084,AD00084,2025-09-29,86966,3136,263,6276.09,129570.76,20.6451
ADS00001085,AD00085,2026-08-19,174633,5185,776,3083.82,95858.1,31.0842
ADS00001086,AD00086,2025-12-01,68125,4403,589,2895.22,196256.58,67.7864
ADS00001087,AD00087,2025-02-10,64191,1345,110,3450.37,54434.69,15.7765
ADS00001088,AD00088,2025-04-14,163409,2190,299,3105.78,65302.18,21.026
ADS00001089,AD00089,2025-03-22,156441,9772,632,25087.49,426364.71,16.9951
ADS00001090,AD00090,2026-08-21,134060,2156,138,7876.53,46120.64,5.8555
ADS00001091,AD00091,2025-05-21,169974,6535,172,12737.23,19238.68,1.5104
ADS00001092,AD00092,2025-03-10,173322,8438,1209,27945.46,496446.94,17.7649
ADS00001093,AD00093,2026-08-15,106372,2020,252,848.6,92365.71,108.8448
ADS00001094,AD00094,2025-09-29,37506,2412,104,7285.51,9012.42,1.237
ADS00001095,AD00095,2025-03-31,144079,8231,453,26355.8,282683.31,10.7257
ADS00001096,AD00096,2026-08-02,41902,2450,154,10939.98,88083.01,8.0515
ADS00001097,AD00097,2025-05-13,158740,12474,994,11634.79,213018.72,18.3088
ADS00001098,AD00098,2025-06-11,137873,7865,705,18901.67,444127.33,23.4967
ADS00001099,AD00099,2026-03-10,90674,2147,145,4298.93,82859.51,19.2744
ADS00001100,AD00100,2025-08-31,96702,5906,749,20906.66,404876.07,19.3659
ADS00001101,AD00001,2025-06-08,17991,1377,132,2865.66,17043.4,5.9475
ADS00001102,AD00002,2025-07-07,42180,1622,179,3346.89,67882.18,20.2822
ADS00001103,AD00003,2025-10-03,94979,3734,507,8872.96,311349.26,35.0897
ADS00001104,AD00004,2026-05-25,49139,2679,177,1027.51,35526.8,34.5756
ADS00001105,AD00005,2025-12-24,87275,2967,350,4904.88,93452.45,19.053
ADS00001106,AD00006,2025-02-05,137811,5997,621,6732.33,50185.42,7.4544
ADS00001107,AD00007,2026-08-17,115463,1275,181,1851.93,72733.54,39.2745
ADS00001108,AD00008,2026-08-21,72025,1510,103,5707.04,26968.7,4.7255
ADS00001109,AD00009,2026-06-27,55841,3626,70,2642.82,25143.99,9.5141
ADS00001110,AD00010,2026-07-27,128977,2048,207,4056.7,86296.37,21.2726
ADS00001111,AD00011,2025-06-18,141104,10583,331,18410.79,97583.01,5.3003
ADS00001112,AD00012,2026-08-17,61298,4684,408,19021.28,67423.7,3.5446
ADS00001113,AD00013,2026-02-19,18154,1356,83,1682.61,18132.73,10.7765
ADS00001114,AD00014,2026-07-03,157481,2746,164,9883.38,36298.86,3.6727
ADS00001115,AD00015,2026-06-18,170882,5371,756,14056.98,299714.43,21.3214
ADS00001116,AD00016,2025-02-13,27321,1273,69,5411.95,30782.92,5.688
ADS00001117,AD00017,2025-05-11,84940,2801,372,13288.58,201413.26,15.1569
ADS00001118,AD00018,2026-05-21,51166,1129,134,3677.25,82624.07,22.469
ADS00001119,AD00019,2025-08-16,48489,720,97,3385.81,17113.79,5.0546
ADS00001120,AD00020,2026-04-09,71833,2261,288,7618.84,46783.0,6.1404
ADS00001121,AD00021,2025-09-06,12081,944,42,1487.73,25627.08,17.2256
ADS00001122,AD00022,2026-05-26,74860,4926,383,22881.45,50537.26,2.2087
ADS00001123,AD00023,2025-04-26,48782,2678,112,1121.96,76104.75,67.832
ADS00001124,AD00024,2026-06-29,152615,4815,634,9034.52,366588.3,40.5764
ADS00001125,AD00025,2025-01-15,162357,6492,839,7972.6,229531.61,28.7901
ADS00001126,AD00026,2026-02-16,85587,3829,83,11841.29,37080.7,3.1315
ADS00001127,AD00027,2025-11-19,36269,1429,54,1403.33,11544.03,8.2262
ADS00001128,AD00028,2025-05-03,63044,2937,45,5312.55,8857.72,1.6673
ADS00001129,AD00029,2025-12-01,68396,4329,521,10518.2,114001.79,10.8385
ADS00001130,AD00030,2025-03-23,159825,7286,921,6675.36,391399.37,58.6334
ADS00001131,AD00031,2025-05-14,14062,463,56,847.0,20426.94,24.1168
ADS00001132,AD00032,2026-08-14,174627,3151,112,5392.59,37892.47,7.0268
ADS00001133,AD00033,2026-02-20,34745,1472,147,1198.57,88627.03,73.944
ADS00001134,AD00034,2025-05-31,153904,4839,130,21875.02,44204.66,2.0208
ADS00001135,AD00035,2026-02-20,179592,2461,276,5949.66,61847.46,10.3951
ADS00001136,AD00036,2025-03-21,75144,1866,73,8147.42,30595.07,3.7552
ADS00001137,AD00037,2026-06-27,114124,5313,445,4831.24,203370.67,42.0949
ADS00001138,AD00038,2026-04-03,65591,2146,227,8413.84,49276.8,5.8566
ADS00001139,AD00039,2026-06-10,77851,3632,472,7534.23,197922.36,26.2698
ADS00001140,AD00040,2025-11-02,15940,163,15,132.22,3298.59,24.9477
ADS00001141,AD00041,2025-08-08,89686,4134,383,18467.66,187495.59,10.1526
ADS00001142,AD00042,2026-03-27,91297,6897,406,10353.85,249073.1,24.0561
ADS00001143,AD00043,2025-04-21,4184,209,20,201.16,8700.96,43.2539
ADS00001144,AD00044,2026-01-28,136938,8232,518,2616.29,173383.63,66.2708
ADS00001145,AD00045,2026-01-07,12303,143,16,75.44,10743.66,142.4133
ADS00001146,AD00046,2025-08-27,129562,8925,1021,15632.99,453274.47,28.9947
ADS00001147,AD00047,2025-02-23,63013,1322,105,4938.92,37477.22,7.5881
ADS00001148,AD00048,2025-09-10,75374,3999,583,13978.52,276606.85,19.788
ADS00001149,AD00049,2026-02-12,116155,3074,142,8761.32,92647.67,10.5746
ADS00001150,AD00050,2025-04-23,3019,169,13,598.78,5018.96,8.382
ADS00001151,AD00051,2025-04-05,175367,3341,284,2246.66,118565.34,52.774
ADS00001152,AD00052,2025-11-05,152791,2582,192,12142.37,123526.07,10.1731
ADS00001153,AD00053,2026-01-28,104433,4179,546,18182.43,285612.42,15.7082
ADS00001154,AD00054,2025-08-26,169746,2934,327,4457.46,54878.32,12.3116
ADS00001155,AD00055,2025-06-11,49550,780,99,2065.95,6518.81,3.1554
ADS00001156,AD00056,2026-07-27,87576,1976,275,3010.75,40000.65,13.2859
ADS00001157,AD00057,2025-01-29,160275,9168,1021,33462.59,534109.1,15.9614
ADS00001158,AD00058,2025-07-04,95092,6526,951,6535.29,426072.52,65.1957
ADS00001159,AD00059,2026-06-21,26504,336,49,466.48,14241.54,30.5298
ADS00001160,AD00060,2025-05-08,167354,6516,354,30084.88,130574.43,4.3402
ADS00001161,AD00061,2026-04-19,27376,2179,238,4991.05,61262.87,12.2745
ADS00001162,AD00062,2026-04-06,171920,12201,1576,4602.83,710925.91,154.4541
ADS00001163,AD00063,2025-06-27,30435,1520,222,760.03,102643.54,135.052
ADS00001164,AD00064,2025-04-05,141395,5762,350,25584.84,133664.33,5.2244
ADS00001165,AD00065,2026-02-23,2626,141,8,486.61,4243.65,8.7208
ADS00001166,AD00066,2026-02-27,61896,2790,156,2047.27,36273.69,17.7181
ADS00001167,AD00067,2025-07-19,83093,5896,731,7063.51,121228.38,17.1626
ADS00001168,AD00068,2026-07-08,46171,2984,425,10229.31,131693.11,12.8741
ADS00001169,AD00069,2025-09-19,145110,5222,383,12103.7,222059.15,18.3464
ADS00001170,AD00070,2026-06-02,47301,3076,448,7702.15,98978.5,12.8508
ADS00001171,AD00071,2026-06-27,88531,4149,173,15094.5,43855.27,2.9054
ADS00001172,AD00072,2025-10-04,131752,4617,575,11810.83,332051.28,28.1141
ADS00001173,AD00073,2025-04-28,62352,2159,286,5763.31,49369.2,8.5661
ADS00001174,AD00074,2025-06-26,69298,3054,397,10013.22,110514.58,11.0369
ADS00001175,AD00075,2026-06-01,156909,5029,83,18285.56,32552.81,1.7802
ADS00001176,AD00076,2025-04-10,3357,128,10,552.26,850.87,1.5407
ADS00001177,AD00077,2025-07-31,179633,4486,114,17094.6,51359.11,3.0044
ADS00001178,AD00078,2025-01-19,39372,2189,293,4039.17,182486.51,45.1792
ADS00001179,AD00079,2026-01-03,37143,2409,360,2681.84,205447.04,76.6067
ADS00001180,AD00080,2025-08-21,129479,8812,409,15664.69,162726.93,10.3881
ADS00001181,AD00081,2025-06-14,96066,7067,550,14330.22,45916.45,3.2042
ADS00001182,AD00082,2026-07-30,13706,763,71,2349.41,20715.39,8.8173
ADS00001183,AD00083,2025-12-31,59795,2219,325,3857.46,58208.2,15.0898
ADS00001184,AD00084,2025-09-08,44104,2443,163,7089.67,106761.66,15.0588
ADS00001185,AD00085,2026-08-01,18147,178,9,92.56,2057.45,22.2283
ADS00001186,AD00086,2025-12-06,72098,1724,100,6938.69,56326.78,8.1178
ADS00001187,AD00087,2025-02-06,88830,3637,389,11365.23,138661.68,12.2005
ADS00001188,AD00088,2025-04-26,100140,6212,869,21126.31,426218.19,20.1748
ADS00001189,AD00089,2025-02-01,4117,328,25,1455.48,16054.57,11.0304
ADS00001190,AD00090,2026-08-21,139640,5425,147,20349.31,64052.23,3.1476
ADS00001191,AD00091,2025-06-03,113298,7545,461,25402.19,29229.88,1.1507
ADS00001192,AD00092,2025-03-11,31884,2304,87,766.13,37753.57,49.2783
ADS00001193,AD00093,2026-08-15,83991,3761,190,17099.53,29554.81,1.7284
ADS00001194,AD00094,2025-10-11,42760,1905,43,3658.0,20323.39,5.5559
ADS00001195,AD00095,2025-03-07,124533,7571,541,36254.48,64333.42,1.7745
ADS00001196,AD00096,2026-07-22,69309,1633,138,1509.33,73001.51,48.3668
ADS00001197,AD00097,2025-05-19,161332,9807,164,43741.82,100793.86,2.3043
ADS00001198,AD00098,2025-05-18,161746,5626,487,4773.17,115278.28,24.1513
ADS00001199,AD00099,2026-02-27,150383,2393,61,3709.8,24240.34,6.5341
ADS00001200,AD00100,2025-09-01,32643,690,35,1439.89,22717.58,15.7773
ADS00001201,AD00001,2025-06-26,55147,4301,560,3132.62,101975.54,32.5528
ADS00001202,AD00002,2025-06-24,14610,444,16,615.63,4123.14,6.6974
ADS00001203,AD00003,2025-09-05,94507,6091,837,27926.08,488328.86,17.4865
ADS00001204,AD00004,2026-06-26,118732,8728,247,7613.82,17081.16,2.2434
ADS00001205,AD00005,2025-12-19,57724,1544,179,1894.98,44390.65,23.4254
ADS00001206,AD00006,2025-03-25,106632,6988,705,21621.14,452593.13,20.9329
ADS00001207,AD00007,2026-08-13,103065,2660,105,9417.99,18645.15,1.9797
ADS00001208,AD00008,2026-08-21,138833,4580,276,19766.87,33813.7,1.7106
ADS00001209,AD00009,2026-07-23,137668,1830,178,7118.43,104291.77,14.651
ADS00001210,AD00010,2026-07-23,19428,1228,103,4239.18,36908.05,8.7064
ADS00001211,AD00011,2025-06-05,24878,1982,197,6297.59,123499.64,19.6106
ADS00001212,AD00012,2026-07-01,86301,2885,401,8707.67,63997.86,7.3496
ADS00001213,AD00013,2026-03-24,64405,3326,327,10763.84,197178.2,18.3186
ADS00001214,AD00014,2026-07-06,91659,736,60,2299.7,11096.94,4.8254
ADS00001215,AD00015,2026-07-06,79414,1790,227,4567.71,114913.06,25.1577
ADS00001216,AD00016,2025-01-19,59212,4203,535,2993.93,308371.56,102.9989
ADS00001217,AD00017,2025-05-03,21318,653,94,1786.25,24923.95,13.9532
ADS00001218,AD00018,2026-05-04,107378,1886,76,5504.27,6059.15,1.1008
ADS00001219,AD00019,2025-08-21,139489,6768,252,29984.16,36186.86,1.2069
ADS00001220,AD00020,2026-05-04,135830,7585,411,3262.53,154266.59,47.2843
ADS00001221,AD00021,2025-09-26,100182,5807,102,5001.97,69160.31,13.8266
ADS00001222,AD00022,2026-05-16,70017,4623,633,19862.73,370191.5,18.6375
ADS00001223,AD00023,2025-05-07,91210,5094,541,14664.99,290170.07,19.7866
ADS00001224,AD00024,2026-07-08,166915,5973,165,10129.54,92032.66,9.0856
ADS00001225,AD00025,2025-01-14,146091,2611,54,8438.7,25380.35,3.0076
ADS00001226,AD00026,2026-02-26,6638,214,4,76.42,2384.53,31.203
ADS00001227,AD00027,2025-12-06,58027,4404,101,14079.27,19199.35,1.3637
ADS00001228,AD00028,2025-05-15,1195,85,11,65.8,5232.3,79.5182
ADS00001229,AD00029,2025-12-08,161384,7816,281,34655.97,146773.58,4.2352
ADS00001230,AD00030,2025-03-29,30194,1391,149,2145.24,57833.17,26.9588
ADS00001231,AD00031,2025-04-27,41799,3103,118,6610.15,22847.83,3.4565
ADS00001232,AD00032,2026-08-14,172700,9593,1042,29575.62,421301.43,14.2449
ADS00001233,AD00033,2026-02-14,96400,6529,319,30239.07,131719.19,4.3559
ADS00001234,AD00034,2025-05-23,51294,1918,216,1307.24,35278.7,26.9872
ADS00001235,AD00035,2026-02-11,68377,987,16,1779.97,8866.47,4.9812
ADS00001236,AD00036,2025-03-15,90783,1947,256,9204.01,102162.03,11.0997
ADS00001237,AD00037,2026-05-06,16883,823,85,298.89,5461.13,18.2714
ADS00001238,AD00038,2026-05-10,33035,2085,227,8701.47,139766.86,16.0624
ADS00001239,AD00039,2026-06-12,98059,4967,667,23746.62,358959.07,15.1162
ADS00001240,AD00040,2025-11-04,124724,8995,624,4076.81,356344.48,87.4077
ADS00001241,AD00041,2025-08-13,91932,6563,981,24967.45,430919.33,17.2592
ADS00001242,AD00042,2026-04-02,75109,5159,698,7189.32,172540.05,23.9995
ADS00001243,AD00043,2025-02-28,165941,4086,403,15098.91,75370.54,4.9918
ADS00001244,AD00044,2026-02-14,139267,8038,534,19787.79,151032.86,7.6326
ADS00001245,AD00045,2026-01-08,147517,6826,838,22887.17,430859.44,18.8254
ADS00001246,AD00046,2025-07-22,94772,6718,443,15930.5,169502.51,10.6401
ADS00001247,AD00047,2025-02-24,13389,431,18,1164.38,9571.07,8.2199
ADS00001248,AD00048,2025-09-14,52211,1213,38,3782.08,21741.99,5.7487
ADS00001249,AD00049,2026-02-26,62347,1154,72,3960.21,25174.48,6.3569
ADS00001250,AD00050,2025-04-22,44796,2692,93,7125.7,50918.91,7.1458
ADS00001251,AD00051,2025-04-07,104575,8261,606,17651.54,83381.74,4.7238
ADS00001252,AD00052,2025-10-22,32486,482,45,188.55,12187.94,64.6404
ADS00001253,AD00053,2026-01-27,47687,3677,546,2146.48,342499.6,159.5634
ADS00001254,AD00054,2025-07-31,157335,10059,636,11491.32,229532.71,19.9744
ADS00001255,AD00055,2025-05-29,85605,4450,241,8116.87,147664.63,18.1923
ADS00001256,AD00056,2026-08-02,39033,1135,155,5412.3,82095.21,15.1683
ADS00001257,AD00057,2025-01-20,4007,83,3,330.18,1587.03,4.8066
ADS00001258,AD00058,2025-07-11,142683,10656,1277,26871.07,530194.69,19.7311
ADS00001259,AD00059,2026-06-27,118907,2434,57,7893.11,38129.81,4.8308
ADS00001260,AD00060,2025-05-02,18816,624,29,794.23,18002.76,22.6669
ADS00001261,AD00061,2026-06-05,102208,5087,491,21014.82,153075.82,7.2842
ADS00001262,AD00062,2026-03-20,51632,3748,231,7542.63,102412.75,13.5779
ADS00001263,AD00063,2025-07-02,91745,6018,301,19560.72,73714.83,3.7685
ADS00001264,AD00064,2025-05-02,91603,3051,226,7482.19,76796.51,10.2639
ADS00001265,AD00065,2026-02-02,160527,11606,345,15572.55,169268.51,10.8697
ADS00001266,AD00066,2026-02-28,93185,5170,217,22237.2,67816.14,3.0497
ADS00001267,AD00067,2025-08-18,128426,1553,47,1190.97,5264.85,4.4206
ADS00001268,AD00068,2026-07-24,85940,3039,260,11501.63,58591.39,5.0942
ADS00001269,AD00069,2025-08-08,115151,4493,429,10651.09,61593.61,5.7828
ADS00001270,AD00070,2026-07-08,136010,3056,227,11047.04,79699.14,7.2145
ADS00001271,AD00071,2026-07-14,18086,1045,22,3489.38,10396.89,2.9796
ADS00001272,AD00072,2025-09-27,41890,2685,104,5906.51,38445.0,6.5089
ADS00001273,AD00073,2025-04-20,178015,6512,208,10256.47,55483.97,5.4097
ADS00001274,AD00074,2025-06-18,129565,5490,662,22536.91,86822.71,3.8525
ADS00001275,AD00075,2026-05-13,128939,4788,97,19530.83,23924.77,1.225
ADS00001276,AD00076,2025-03-09,130570,6027,724,8587.55,399045.76,46.4679
ADS00001277,AD00077,2025-09-04,115618,6083,355,23206.43,229525.61,9.8906
ADS00001278,AD00078,2025-01-28,83297,4601,615,18790.21,110614.94,5.8868
ADS00001279,AD00079,2025-12-13,76737,2530,53,9486.53,8131.07,0.8571
ADS00001280,AD00080,2025-08-11,178607,14120,799,35756.61,265377.09,7.4218
ADS00001281,AD00081,2025-06-18,17644,800,27,2870.21,16396.19,5.7125
ADS00001282,AD00082,2026-07-19,45409,2706,113,7800.06,69302.31,8.8848
ADS00001283,AD00083,2025-12-27,9184,538,45,2450.58,9542.24,3.8939
ADS00001284,AD00084,2025-09-26,6970,110,13,468.64,6581.61,14.0441
ADS00001285,AD00085,2026-08-11,105678,6877,762,13258.93,59279.7,4.4709
ADS00001286,AD00086,2025-11-12,8173,535,48,1119.47,7640.96,6.8255
ADS00001287,AD00087,2025-01-31,104566,8051,370,13805.82,106223.84,7.6941
ADS00001288,AD00088,2025-04-16,79368,4655,214,19530.07,102762.05,5.2617
ADS00001289,AD00089,2025-01-21,21362,1437,140,2054.48,58951.69,28.6942
ADS00001290,AD00090,2026-08-17,13553,1052,103,2901.56,6240.03,2.1506
ADS00001291,AD00091,2025-05-17,141227,3390,87,14756.89,44571.98,3.0204
ADS00001292,AD00092,2025-03-22,141962,3816,478,6613.99,72903.12,11.0226
ADS00001293,AD00093,2026-08-17,42471,1884,235,7638.14,23543.32,3.0823
ADS00001294,AD00094,2025-09-24,118899,5739,298,16984.93,180122.12,10.6048
ADS00001295,AD00095,2025-01-18,7334,461,26,890.75,5441.81,6.1092
ADS00001296,AD00096,2026-07-20,135238,5169,634,8540.76,363339.16,42.5418
ADS00001297,AD00097,2025-05-24,88195,6312,560,3241.3,363126.08,112.031
ADS00001298,AD00098,2025-06-08,168754,8035,618,35325.75,129175.95,3.6567
ADS00001299,AD00099,2026-04-12,150648,3541,495,4923.64,105099.02,21.3458
ADS00001300,AD00100,2025-08-14,17412,290,6,1169.17,3182.39,2.7219
ADS00001301,AD00001,2025-06-14,2100,61,8,129.26,3300.84,25.5364
ADS00001302,AD00002,2025-06-23,81402,5556,802,10404.63,278838.26,26.7994
ADS00001303,AD00003,2025-08-25,79951,3419,180,5920.8,22351.05,3.775
ADS00001304,AD00004,2026-05-19,68817,2051,178,2330.97,58970.69,25.2988
ADS00001305,AD00005,2025-12-06,106909,1664,120,1941.83,49498.13,25.4905
ADS00001306,AD00006,2025-04-08,49476,2501,250,4272.53,62212.55,14.5611
ADS00001307,AD00007,2026-08-05,160379,11499,284,40276.5,49314.74,1.2244
ADS00001308,AD00008,2026-08-21,1961,56,7,223.92,745.62,3.3298
ADS00001309,AD00009,2026-06-17,51779,617,41,1690.68,20735.65,12.2647
ADS00001310,AD00010,2026-08-08,107679,7073,424,27888.9,64110.2,2.2988
ADS00001311,AD00011,2025-06-12,120594,1760,222,3587.54,149068.87,41.5518
ADS00001312,AD00012,2026-06-25,66408,1452,198,1029.35,94555.01,91.8589
ADS00001313,AD00013,2026-03-16,168219,9788,1159,30489.13,742213.06,24.3435
ADS00001314,AD00014,2026-07-05,14652,1028,139,4274.46,62233.69,14.5594
ADS00001315,AD00015,2026-07-15,82617,6118,145,25479.4,70090.28,2.7509
ADS00001316,AD00016,2025-03-01,115713,8341,503,13311.65,294679.44,22.137
ADS00001317,AD00017,2025-03-31,39559,2372,145,5271.08,19881.98,3.7719
ADS00001318,AD00018,2026-05-13,134958,10526,347,3577.69,88508.3,24.739
ADS00001319,AD00019,2025-08-03,161492,10748,1001,32919.23,487719.07,14.8156
ADS00001320,AD00020,2026-06-07,49025,3007,344,8923.21,229229.57,25.6891
ADS00001321,AD00021,2025-09-22,1119,60,1,26.28,76.02,2.8927
ADS00001322,AD00022,2026-05-04,72059,4492,392,20481.05,188809.66,9.2187
ADS00001323,AD00023,2025-05-04,42856,1662,65,800.73,6626.12,8.2751
ADS00001324,AD00024,2026-07-22,172627,3173,66,14282.38,32904.03,2.3038
ADS00001325,AD00025,2025-02-01,18999,1368,175,1591.45,61226.59,38.4722
ADS00001326,AD00026,2026-03-19,93631,769,43,2852.83,9211.23,3.2288
ADS00001327,AD00027,2025-11-29,171055,10773,1012,16221.29,82297.04,5.0734
ADS00001328,AD00028,2025-06-08,111137,5341,93,10023.21,32142.22,3.2068
ADS00001329,AD00029,2025-11-26,2090,119,4,453.19,413.29,0.912
ADS00001330,AD00030,2025-04-01,155219,1835,260,1882.28,36865.94,19.5858
ADS00001331,AD00031,2025-04-24,54192,1906,230,5923.47,66730.28,11.2654
ADS00001332,AD00032,2026-08-19,157122,4775,677,16030.55,314386.25,19.6117
ADS00001333,AD00033,2026-02-22,132596,5781,257,5793.45,79876.66,13.7874
ADS00001334,AD00034,2025-04-26,130637,10345,1338,5008.79,434822.26,86.8118
ADS00001335,AD00035,2026-02-10,162119,5082,95,7085.85,35805.17,5.0531
ADS00001336,AD00036,2025-02-28,17781,571,62,2625.73,17686.43,6.7358
ADS00001337,AD00037,2026-07-09,52281,1108,109,3196.64,72664.61,22.7316
ADS00001338,AD00038,2026-04-04,58321,1287,88,3466.31,46186.24,13.3243
ADS00001339,AD00039,2026-06-02,154763,3207,193,12973.26,44761.69,3.4503
ADS00001340,AD00040,2025-11-08,46613,3511,165,3670.12,63116.89,17.1975
ADS00001341,AD00041,2025-08-14,111193,5004,736,5105.92,326384.73,63.9228
ADS00001342,AD00042,2026-05-08,14223,266,21,917.8,3006.14,3.2754
ADS00001343,AD00043,2025-04-26,91203,5701,102,23281.99,16834.04,0.723
ADS00001344,AD00044,2026-03-11,9792,473,58,1546.51,38861.48,25.1285
ADS00001345,AD00045,2026-01-04,55520,2398,135,5185.41,83565.39,16.1155
ADS00001346,AD00046,2025-07-17,88574,4943,664,21270.17,219670.23,10.3276
ADS00001347,AD00047,2025-03-17,17038,998,147,1891.01,45359.43,23.9869
ADS00001348,AD00048,2025-09-01,98781,5233,609,7680.85,393872.81,51.2798
ADS00001349,AD00049,2026-01-29,78990,4947,227,5517.85,95935.43,17.3864
ADS00001350,AD00050,2025-03-21,115716,6450,912,10000.36,428674.42,42.8659
ADS00001351,AD00051,2025-03-25,69960,2355,57,1068.74,14222.85,13.3081
ADS00001352,AD00052,2025-10-28,79156,1234,104,4812.68,7106.52,1.4766
ADS00001353,AD00053,2026-01-28,165101,5287,128,19106.27,14195.24,0.743
ADS00001354,AD00054,2025-07-13,99417,4202,240,10441.29,138124.02,13.2286
ADS00001355,AD00055,2025-06-04,118720,6546,367,6792.2,192269.17,28.3073
ADS00001356,AD00056,2026-08-05,171715,6633,176,9189.56,24632.39,2.6805
ADS00001357,AD00057,2025-01-21,18160,586,78,1188.9,28517.06,23.9861
ADS00001358,AD00058,2025-06-30,167458,7002,194,25175.75,89166.98,3.5418
ADS00001359,AD00059,2026-06-15,59067,3355,363,10294.57,131233.93,12.7479
ADS00001360,AD00060,2025-05-03,24564,1522,29,3997.67,18869.3,4.7201
ADS00001361,AD00061,2026-05-24,43840,3365,280,13840.35,156782.29,11.3279
ADS00001362,AD00062,2026-03-30,21065,853,19,3980.9,10311.39,2.5902
ADS00001363,AD00063,2025-07-02,113906,3234,355,2119.78,209671.55,98.9119
ADS00001364,AD00064,2025-04-14,2814,149,18,575.13,3896.31,6.7747
ADS00001365,AD00065,2026-02-15,147584,3814,200,16802.3,28003.81,1.6667
ADS00001366,AD00066,2026-02-14,159285,9426,909,35632.61,302103.24,8.4783
ADS00001367,AD00067,2025-08-15,60429,2915,377,6084.65,210086.69,34.5273
ADS00001368,AD00068,2026-07-25,60330,2571,299,4778.78,100607.07,21.0529
ADS00001369,AD00069,2025-08-18,20279,596,33,2157.56,5161.69,2.3924
ADS00001370,AD00070,2026-06-04,141948,4732,391,2003.48,105007.29,52.4124
ADS00001371,AD00071,2026-08-02,138753,4800,307,18026.98,126434.1,7.0136
ADS00001372,AD00072,2025-10-18,143468,3786,286,2574.95,58634.56,22.7711
ADS00001373,AD00073,2025-04-29,83823,1941,285,2903.27,52698.21,18.1513
ADS00001374,AD00074,2025-06-26,50179,1390,190,3925.15,97941.71,24.9523
ADS00001375,AD00075,2026-04-08,75716,5786,231,5954.31,69216.59,11.6246
ADS00001376,AD00076,2025-03-07,57055,2242,142,5548.48,38562.0,6.95
ADS00001377,AD00077,2025-09-03,38890,2581,347,3398.41,184508.29,54.2925
ADS00001378,AD00078,2025-02-22,165086,6941,804,23420.64,202164.46,8.6319
ADS00001379,AD00079,2026-01-29,138414,10539,1443,6867.92,105953.99,15.4274
ADS00001380,AD00080,2025-08-25,70062,598,37,1080.33,16832.76,15.5811
ADS00001381,AD00081,2025-05-08,133748,6093,417,11220.68,37820.92,3.3706
ADS00001382,AD00082,2026-08-02,116765,6968,810,31874.1,98669.35,3.0956
ADS00001383,AD00083,2026-01-04,40868,858,91,2975.71,37707.08,12.6716
ADS00001384,AD00084,2025-09-07,64581,2305,134,2851.69,73936.37,25.9272
ADS00001385,AD00085,2026-08-13,23602,790,78,3236.04,44171.15,13.6498
ADS00001386,AD00086,2025-10-21,29750,1155,173,359.67,108152.22,300.6985
ADS00001387,AD00087,2025-02-12,38110,1655,230,980.38,147078.31,150.0217
ADS00001388,AD00088,2025-04-11,140186,7817,190,26682.34,39052.53,1.4636
ADS00001389,AD00089,2025-02-15,150467,7932,670,16683.64,293995.21,17.6218
ADS00001390,AD00090,2026-08-16,164078,3932,398,6725.21,210274.12,31.2666
ADS00001391,AD00091,2025-04-06,1014,28,3,16.01,876.04,54.7183
ADS00001392,AD00092,2025-02-23,149661,3281,471,6984.97,152413.85,21.8203
ADS00001393,AD00093,2026-08-19,7866,412,27,944.18,15619.14,16.5425
ADS00001394,AD00094,2025-10-13,1850,99,8,263.82,3028.16,11.4781
ADS00001395,AD00095,2025-04-02,26512,403,44,127.91,21694.22,169.6053
ADS00001396,AD00096,2026-08-13,141027,6451,547,24295.06,204695.75,8.4254
ADS00001397,AD00097,2025-05-21,141668,4478,294,16165.29,139586.33,8.6349
ADS00001398,AD00098,2025-05-26,99452,4969,490,2217.81,323394.43,145.817
ADS00001399,AD00099,2026-04-22,96549,7224,1068,31437.35,205338.11,6.5317
ADS00001400,AD00100,2025-08-15,4707,204,6,488.81,3103.52,6.3491
ADS00001401,AD00001,2025-06-27,77193,3330,452,4149.69,78742.3,18.9755
ADS00001402,AD00002,2025-06-29,9580,680,23,1735.44,4906.0,2.8269
ADS00001403,AD00003,2025-10-01,93925,1613,197,2983.43,126289.74,42.3304
ADS00001404,AD00004,2026-06-16,86491,6174,773,8811.45,77066.78,8.7462
ADS00001405,AD00005,2025-12-09,53045,3513,89,9423.92,54888.38,5.8244
ADS00001406,AD00006,2025-04-06,100167,1120,29,1395.14,19503.55,13.9796
ADS00001407,AD00007,2026-07-26,23738,949,108,3085.25,37003.68,11.9937
ADS00001408,AD00008,2026-08-21,128233,6175,137,10841.3,64956.76,5.9916
ADS00001409,AD00009,2026-07-09,75172,2241,44,2401.68,2919.96,1.2158
ADS00001410,AD00010,2026-08-02,117342,8496,896,39896.91,381726.21,9.5678
ADS00001411,AD00011,2025-05-30,42975,3371,455,13662.63,146203.36,10.701
ADS00001412,AD00012,2026-08-06,24865,481,23,150.29,11053.16,73.5455
ADS00001413,AD00013,2026-04-06,129316,3921,359,2544.63,221616.25,87.0917
ADS00001414,AD00014,2026-07-07,35672,1575,130,2316.13,78698.39,33.9784
ADS00001415,AD00015,2026-06-17,144326,3885,199,12136.57,24095.81,1.9854
ADS00001416,AD00016,2025-03-28,63481,580,48,1253.9,4954.65,3.9514
ADS00001417,AD00017,2025-04-17,111564,8816,371,20712.8,156856.05,7.5729
ADS00001418,AD00018,2026-05-06,47262,1979,229,1371.82,148352.09,108.1425
ADS00001419,AD00019,2025-08-21,19620,1396,173,3351.2,56458.85,16.8474
ADS00001420,AD00020,2026-05-12,39459,2525,312,2423.91,197652.93,81.543
ADS00001421,AD00021,2025-09-14,11771,813,88,1758.41,42750.36,24.3119
ADS00001422,AD00022,2026-06-10,123762,9316,298,37914.47,64419.41,1.6991
ADS00001423,AD00023,2025-05-14,103659,3233,118,3040.92,29591.9,9.7312
ADS00001424,AD00024,2026-07-13,39871,3130,369,11660.41,114626.52,9.8304
ADS00001425,AD00025,2025-01-22,16767,197,19,252.5,4571.9,18.1065
ADS00001426,AD00026,2026-03-12,8994,420,48,670.18,29807.75,44.4772
ADS00001427,AD00027,2025-12-14,85321,2678,267,7271.71,126288.11,17.367
ADS00001428,AD00028,2025-06-14,94696,4539,167,4350.13,87760.65,20.1743
ADS00001429,AD00029,2025-11-10,172034,13003,1333,34443.93,606429.15,17.6063
ADS00001430,AD00030,2025-04-04,125091,4880,260,4161.85,71656.63,17.2175
ADS00001431,AD00031,2025-04-08,32276,2103,229,7415.48,136551.31,18.4144
ADS00001432,AD00032,2026-08-17,82208,3541,210,15915.65,20123.1,1.2644
ADS00001433,AD00033,2026-02-14,48379,3103,139,1073.11,23608.76,22.0003
ADS00001434,AD00034,2025-06-04,22084,752,63,2617.85,3913.14,1.4948
ADS00001435,AD00035,2026-01-29,153536,6803,265,30376.9,178528.98,5.8771
ADS00001436,AD00036,2025-03-06,91363,4221,548,13572.25,165289.33,12.1785
ADS00001437,AD00037,2026-07-18,91669,7030,633,9971.12,39834.03,3.9949
ADS00001438,AD00038,2026-04-27,167329,9290,850,35808.3,368336.76,10.2864
ADS00001439,AD00039,2026-06-07,20965,631,62,2364.67,4468.25,1.8896
ADS00001440,AD00040,2025-10-15,65139,4631,320,8011.21,54318.62,6.7803
ADS00001441,AD00041,2025-08-11,107622,2490,95,6197.34,54754.68,8.8352
ADS00001442,AD00042,2026-04-23,167107,12690,928,54757.06,490526.46,8.9582
ADS00001443,AD00043,2025-02-18,135169,1677,36,1641.47,5544.09,3.3775
ADS00001444,AD00044,2026-01-23,64540,534,68,263.21,17994.87,68.367
ADS00001445,AD00045,2026-01-12,49969,3297,85,12559.14,12116.51,0.9648
ADS00001446,AD00046,2025-08-06,155511,1721,121,4889.76,65834.21,13.4637
ADS00001447,AD00047,2025-02-27,127542,3722,245,14974.13,18032.45,1.2042
ADS00001448,AD00048,2025-08-19,141156,2085,179,1443.44,68094.41,47.1751
ADS00001449,AD00049,2026-01-31,141882,7685,999,22159.1,82295.43,3.7138
ADS00001450,AD00050,2025-03-28,62550,2579,106,8814.81,40892.98,4.6391
ADS00001451,AD00051,2025-04-03,73013,5797,770,26199.6,56234.74,2.1464
ADS00001452,AD00052,2025-10-15,57396,3606,537,2207.48,34701.79,15.7201
ADS00001453,AD00053,2026-02-08,178800,1834,148,3328.11,56040.8,16.8386
ADS00001454,AD00054,2025-08-22,47861,1134,48,1318.43,4438.17,3.3663
ADS00001455,AD00055,2025-06-11,128008,1123,54,438.14,28764.3,65.6509
ADS00001456,AD00056,2026-08-03,56767,3487,484,7871.08,291006.51,36.9716
ADS00001457,AD00057,2025-01-30,174476,4248,487,17328.24,273630.24,15.791
ADS00001458,AD00058,2025-07-01,41481,1039,103,4580.8,37585.75,8.2051
ADS00001459,AD00059,2026-06-24,145310,9170,789,5367.21,442233.19,82.3954
ADS00001460,AD00060,2025-05-08,41234,2451,100,11658.99,7103.64,0.6093
ADS00001461,AD00061,2026-04-20,18910,1048,65,3765.06,40596.86,10.7825
ADS00001462,AD00062,2026-03-20,169159,11783,1678,29758.46,986129.29,33.1378
ADS00001463,AD00063,2025-07-09,1195,68,4,211.51,550.31,2.6018
ADS00001464,AD00064,2025-03-23,67128,3897,250,9063.8,156887.76,17.3093
ADS00001465,AD00065,2026-03-23,41350,1559,149,5088.22,10803.74,2.1233
ADS00001466,AD00066,2026-02-22,105282,3894,475,1906.18,44567.18,23.3804
ADS00001467,AD00067,2025-08-14,160416,8003,1186,20677.9,96067.18,4.6459
ADS00001468,AD00068,2026-07-24,15145,171,13,691.96,4450.1,6.4312
ADS00001469,AD00069,2025-09-13,125813,7161,681,31281.38,240881.19,7.7005
ADS00001470,AD00070,2026-06-03,40187,1570,218,6038.95,19374.61,3.2083
ADS00001471,AD00071,2026-08-02,105413,7669,980,20781.95,603297.73,29.0299
ADS00001472,AD00072,2025-10-28,108037,3618,204,15023.09,36980.59,2.4616
ADS00001473,AD00073,2025-05-19,179686,8932,1130,32544.53,431119.63,13.2471
ADS00001474,AD00074,2025-06-24,96464,4224,294,6316.08,159408.79,25.2386
ADS00001475,AD00075,2026-05-03,58341,2640,241,4185.63,32715.12,7.8161
ADS00001476,AD00076,2025-04-18,153365,9537,824,17864.52,241739.69,13.5318
ADS00001477,AD00077,2025-08-02,54853,645,66,2908.93,27986.31,9.6208
ADS00001478,AD00078,2025-01-28,161038,3388,147,11820.26,22329.87,1.8891
ADS00001479,AD00079,2026-02-20,2517,164,3,137.74,1548.71,11.2437
ADS00001480,AD00080,2025-08-14,149540,9343,526,12048.01,211319.07,17.5397
ADS00001481,AD00081,2025-05-08,137197,4067,579,6797.2,41846.24,6.1564
ADS00001482,AD00082,2026-07-23,156236,11154,782,43503.76,404184.13,9.2908
ADS00001483,AD00083,2025-12-27,171549,8320,770,4324.61,410926.09,95.0204
ADS00001484,AD00084,2025-09-30,69395,3527,503,13448.75,274853.47,20.4371
ADS00001485,AD00085,2026-08-02,90398,2832,264,7675.56,165184.55,21.5208
ADS00001486,AD00086,2025-11-02,152600,8055,779,19663.55,84349.92,4.2897
ADS00001487,AD00087,2025-02-10,50332,1192,83,1669.61,18427.18,11.0368
ADS00001488,AD00088,2025-04-13,131680,9819,197,6558.32,54317.79,8.2823
ADS00001489,AD00089,2025-02-09,128833,6795,617,6652.07,270076.17,40.6003
ADS00001490,AD00090,2026-08-13,18571,1284,92,2704.01,51233.74,18.9473
ADS00001491,AD00091,2025-05-11,10682,565,58,491.29,4173.5,8.495
ADS00001492,AD00092,2025-04-08,146491,5450,741,9949.89,288061.19,28.9512
ADS00001493,AD00093,2026-08-13,64597,1892,224,2759.04,77732.52,28.1738
ADS00001494,AD00094,2025-10-04,84336,3210,159,14970.62,41743.15,2.7883
ADS00001495,AD00095,2025-02-19,66662,4622,487,13645.2,132448.56,9.7066
ADS00001496,AD00096,2026-07-27,162390,10267,1262,18955.28,286843.15,15.1326
ADS00001497,AD00097,2025-04-14,167896,1836,216,8369.21,144076.71,17.2151
ADS00001498,AD00098,2025-06-24,153495,3498,291,4054.99,160899.15,39.6793
ADS00001499,AD00099,2026-03-28,149154,10957,1199,33521.58,144353.84,4.3063
ADS00001500,AD00100,2025-09-01,100526,2149,255,4700.26,163375.04,34.7587
ADS00001501,AD00001,2025-06-11,40308,1171,120,2273.54,69496.17,30.5674
ADS00001502,AD00002,2025-06-17,130012,5174,363,12570.87,124582.26,9.9104
ADS00001503,AD00003,2025-09-01,174495,2479,117,3345.5,71201.96,21.2829
ADS00001504,AD00004,2026-06-23,176168,12109,895,38775.8,461267.55,11.8958
ADS00001505,AD00005,2025-12-26,73588,1926,194,7099.4,110343.66,15.5427
ADS00001506,AD00006,2025-04-04,127768,8320,993,38062.12,395364.49,10.3873
ADS00001507,AD00007,2026-08-19,127372,2052,240,9415.37,145252.8,15.4272
ADS00001508,AD00008,2026-08-21,155458,8191,1037,23987.61,535551.85,22.3262
ADS00001509,AD00009,2026-06-12,87272,1282,103,2281.6,47465.15,20.8034
ADS00001510,AD00010,2026-07-31,118088,8749,904,34220.9,388405.23,11.3499
ADS00001511,AD00011,2025-06-17,138008,5971,893,26900.68,258752.84,9.6188
ADS00001512,AD00012,2026-08-22,67106,1786,213,5885.33,143576.64,24.3957
ADS00001513,AD00013,2026-04-13,119459,2819,380,9558.19,33121.08,3.4652
ADS00001514,AD00014,2026-07-07,1109,79,7,146.63,2920.94,19.9205
ADS00001515,AD00015,2026-07-19,34072,2343,241,3660.75,59984.63,16.3859
ADS00001516,AD00016,2025-04-02,99602,1715,50,6816.25,15931.49,2.3373
ADS00001517,AD00017,2025-03-26,26837,1100,145,3330.54,38632.36,11.5994
ADS00001518,AD00018,2026-05-26,142055,7482,272,18039.14,131774.42,7.3049
ADS00001519,AD00019,2025-08-02,52298,744,60,1384.37,23512.27,16.9841
ADS00001520,AD00020,2026-04-09,64684,1873,245,8095.58,142373.97,17.5866
ADS00001521,AD00021,2025-10-01,112508,4762,661,13222.17,304241.42,23.0099
ADS00001522,AD00022,2026-06-04,49301,3847,102,10243.97,63061.23,6.1559
ADS00001523,AD00023,2025-04-10,177996,11629,1192,6062.33,776316.02,128.0557
ADS00001524,AD00024,2026-07-12,171755,5872,372,25122.43,61499.94,2.448
ADS00001525,AD00025,2025-01-26,46717,3117,228,2873.35,123855.32,43.1048
ADS00001526,AD00026,2026-02-17,67585,2888,406,10490.74,24532.6,2.3385
ADS00001527,AD00027,2025-12-16,119636,2317,174,5206.7,75909.74,14.5792
ADS00001528,AD00028,2025-06-08,51401,2421,315,7066.84,167857.92,23.7529
ADS00001529,AD00029,2025-12-04,80408,1624,223,4683.22,101441.13,21.6606
ADS00001530,AD00030,2025-03-31,155218,2081,222,4528.35,145410.88,32.1112
ADS00001531,AD00031,2025-04-23,13757,916,92,424.51,23532.82,55.4353
ADS00001532,AD00032,2026-08-17,123907,7566,391,5454.67,69985.81,12.8304
ADS00001533,AD00033,2026-02-11,140097,5712,582,12508.01,124235.02,9.9324
ADS00001534,AD00034,2025-06-12,149946,4909,75,18670.78,10674.9,0.5717
ADS00001535,AD00035,2026-02-23,4948,182,6,785.43,2159.98,2.7501
ADS00001536,AD00036,2025-03-31,177006,12140,1363,20962.69,793439.81,37.8501
ADS00001537,AD00037,2026-05-30,72687,4870,426,10163.5,255845.83,25.173
ADS00001538,AD00038,2026-04-01,159283,4645,484,8386.5,72529.71,8.6484
ADS00001539,AD00039,2026-06-05,49674,1752,142,1322.61,69393.88,52.4674
ADS00001540,AD00040,2025-10-17,77394,1843,161,7059.8,62398.58,8.8386
ADS00001541,AD00041,2025-08-17,109889,4471,249,21044.19,36941.14,1.7554
ADS00001542,AD00042,2026-03-27,58364,4032,294,18235.17,72732.36,3.9886
ADS00001543,AD00043,2025-02-20,73144,1525,143,4096.76,76304.03,18.6255
ADS00001544,AD00044,2026-02-16,27289,1463,71,987.91,10055.52,10.1786
ADS00001545,AD00045,2026-01-17,161928,8494,778,32679.81,469558.42,14.3685
ADS00001546,AD00046,2025-07-08,50748,3963,260,6144.73,33442.27,5.4424
ADS00001547,AD00047,2025-03-03,164937,8267,289,3592.86,60190.44,16.7528
ADS00001548,AD00048,2025-09-21,53059,2356,90,5878.22,9176.43,1.5611
ADS00001549,AD00049,2026-02-13,49130,1657,233,6242.44,80184.46,12.8451
ADS00001550,AD00050,2025-04-15,77387,2243,38,6010.24,17980.61,2.9917
ADS00001551,AD00051,2025-03-26,70461,5234,275,7932.91,150310.21,18.9477
ADS00001552,AD00052,2025-10-30,75396,5077,553,23082.82,62767.1,2.7192
ADS00001553,AD00053,2026-02-06,37406,2427,363,9339.81,201794.29,21.6058
ADS00001554,AD00054,2025-08-21,169102,7572,652,7082.44,113330.77,16.0017
ADS00001555,AD00055,2025-05-27,76767,4967,108,17234.91,40724.68,2.3629
ADS00001556,AD00056,2026-08-03,164827,10216,1517,21954.63,941543.21,42.8859
ADS00001557,AD00057,2025-01-13,176454,7590,980,34092.11,598761.1,17.563
ADS00001558,AD00058,2025-06-29,98798,3916,329,8037.06,21990.43,2.7361
ADS00001559,AD00059,2026-04-26,140067,2444,70,10421.62,44126.14,4.2341
ADS00001560,AD00060,2025-04-28,177187,9094,1322,21403.7,631147.02,29.4878
ADS00001561,AD00061,2026-05-29,98583,4009,596,5240.96,248291.44,47.3752
ADS00001562,AD00062,2026-03-19,3041,34,4,46.8,346.49,7.4036
ADS00001563,AD00063,2025-07-01,28998,560,21,2065.98,1545.91,0.7483
ADS00001564,AD00064,2025-05-14,25930,207,5,897.68,787.89,0.8777
ADS00001565,AD00065,2026-03-20,99364,7431,1047,16479.03,389876.21,23.6589
ADS00001566,AD00066,2026-02-20,130152,9683,156,9802.84,50691.27,5.1711
ADS00001567,AD00067,2025-09-03,161710,3415,444,3526.26,279537.81,79.2732
ADS00001568,AD00068,2026-07-14,137824,8547,872,39382.05,502300.28,12.7545
ADS00001569,AD00069,2025-09-27,31951,2531,258,3642.63,44343.46,12.1735
ADS00001570,AD00070,2026-06-10,61705,1017,57,1613.56,10969.19,6.7981
ADS00001571,AD00071,2026-07-29,104043,1988,266,1463.11,36207.36,24.7468
ADS00001572,AD00072,2025-11-01,135296,3001,415,5691.18,185940.39,32.6717
ADS00001573,AD00073,2025-05-06,2368,112,10,501.33,2028.06,4.0454
ADS00001574,AD00074,2025-06-30,83861,2821,345,6021.95,70312.15,11.676
ADS00001575,AD00075,2026-06-06,94127,6311,776,18763.8,240448.45,12.8145
ADS00001576,AD00076,2025-04-18,152437,8228,459,22819.72,91172.35,3.9953
ADS00001577,AD00077,2025-07-01,78952,5877,110,8046.88,64576.92,8.0251
ADS00001578,AD00078,2025-02-13,56986,2046,290,1256.61,72719.54,57.8696
ADS00001579,AD00079,2026-01-18,41360,2028,76,2357.13,31165.8,13.2219
ADS00001580,AD00080,2025-08-09,147787,3243,203,3157.19,43256.78,13.701
ADS00001581,AD00081,2025-05-31,142994,4306,184,6685.76,23027.28,3.4442
ADS00001582,AD00082,2026-08-03,150517,4969,330,23484.5,92411.02,3.935
ADS00001583,AD00083,2026-01-06,4377,42,0,136.47,0.0,0.0
ADS00001584,AD00084,2025-09-13,13560,583,25,497.39,9864.07,19.8317
ADS00001585,AD00085,2026-08-08,151939,10342,986,39065.54,166541.04,4.2631
ADS00001586,AD00086,2025-11-23,37094,1612,179,7092.37,13978.57,1.9709
ADS00001587,AD00087,2025-02-08,80257,4251,549,9277.72,135667.58,14.6229
ADS00001588,AD00088,2025-05-01,146934,2440,132,10402.54,53690.16,5.1613
ADS00001589,AD00089,2025-02-17,64974,843,103,3958.59,58081.52,14.6723
ADS00001590,AD00090,2026-08-17,133307,3695,115,12434.5,54869.25,4.4127
ADS00001591,AD00091,2025-04-22,89520,1787,176,2105.88,68761.38,32.6521
ADS00001592,AD00092,2025-03-06,62092,2995,371,2002.44,85565.29,42.7305
ADS00001593,AD00093,2026-08-17,44158,1573,70,5946.97,16143.75,2.7146
ADS00001594,AD00094,2025-09-11,103622,7662,817,33505.31,157178.97,4.6912
ADS00001595,AD00095,2025-03-27,165746,7571,164,26813.37,66800.96,2.4913
ADS00001596,AD00096,2026-08-15,20690,693,86,2221.28,49337.14,22.2111
ADS00001597,AD00097,2025-05-27,134778,4376,526,19188.12,162672.86,8.4778
ADS00001598,AD00098,2025-07-18,55807,1415,171,6142.87,110975.71,18.0658
ADS00001599,AD00099,2026-02-21,130025,9601,703,36975.05,459829.93,12.4362
ADS00001600,AD00100,2025-08-19,161569,11882,1467,35907.68,367627.84,10.2381
ADS00001601,AD00001,2025-07-13,165432,8156,630,24582.9,204819.46,8.3318
ADS00001602,AD00002,2025-07-01,24945,658,28,1002.23,15021.29,14.9879
ADS00001603,AD00003,2025-09-16,94202,3737,425,8068.74,86333.41,10.6997
ADS00001604,AD00004,2026-06-14,17243,431,35,924.45,8033.42,8.6899
ADS00001605,AD00005,2026-02-16,132148,5462,306,9950.29,93691.19,9.4159
ADS00001606,AD00006,2025-03-15,63389,2878,78,7228.82,39454.9,5.458
ADS00001607,AD00007,2026-08-02,132226,3929,244,9321.64,158598.6,17.014
ADS00001608,AD00008,2026-08-22,161449,6589,543,16870.85,235012.3,13.9301
ADS00001609,AD00009,2026-05-26,65155,4718,169,19008.4,26762.86,1.4079
ADS00001610,AD00010,2026-07-30,116675,2044,113,929.64,69868.65,75.1567
ADS00001611,AD00011,2025-06-09,136398,8870,975,6196.5,412027.83,66.4936
ADS00001612,AD00012,2026-07-24,63637,4099,378,18595.33,35073.13,1.8861
ADS00001613,AD00013,2026-02-28,149405,9242,302,26002.87,188549.63,7.2511
ADS00001614,AD00014,2026-07-08,94396,1145,35,2615.63,11977.79,4.5793
ADS00001615,AD00015,2026-06-27,84242,4824,466,15828.1,110854.92,7.0037
ADS00001616,AD00016,2025-04-03,70846,2387,253,2266.58,142337.31,62.7983
ADS00001617,AD00017,2025-04-24,142931,10711,337,5425.53,187718.14,34.599
ADS00001618,AD00018,2026-05-12,23432,1296,145,5423.42,52608.13,9.7002
ADS00001619,AD00019,2025-08-20,132081,2451,63,10458.93,23502.97,2.2472
ADS00001620,AD00020,2026-05-22,104668,6679,892,26459.58,548099.53,20.7146
ADS00001621,AD00021,2025-09-06,48946,2870,98,1473.93,12960.97,8.7935
ADS00001622,AD00022,2026-04-29,128346,6533,513,8593.23,65337.28,7.6033
ADS00001623,AD00023,2025-06-14,155078,7939,340,14244.75,177589.64,12.467
ADS00001624,AD00024,2026-07-15,150789,9380,762,11732.66,412085.76,35.123
ADS00001625,AD00025,2025-01-26,14694,1032,98,3883.96,12341.7,3.1776
ADS00001626,AD00026,2026-02-05,11358,687,93,269.19,25976.54,96.4989
ADS00001627,AD00027,2025-11-22,149584,8449,691,38419.91,316259.82,8.2317
ADS00001628,AD00028,2025-05-18,142982,7420,487,13173.06,70140.85,5.3246
ADS00001629,AD00029,2025-11-04,88406,2704,364,1412.07,149963.96,106.2015
ADS00001630,AD00030,2025-03-22,159991,6706,635,10737.03,104745.82,9.7556
ADS00001631,AD00031,2025-05-26,149574,8248,1143,38684.6,266840.27,6.8978
ADS00001632,AD00032,2026-08-15,17507,744,19,3392.05,6048.09,1.783
ADS00001633,AD00033,2026-02-17,120515,3447,96,16105.45,8443.37,0.5243
ADS00001634,AD00034,2025-05-06,118908,7585,246,25215.5,57326.39,2.2735
ADS00001635,AD00035,2026-02-12,84654,2526,206,6375.61,54377.79,8.529
ADS00001636,AD00036,2025-03-12,72901,3450,237,6728.61,124948.66,18.5698
ADS00001637,AD00037,2026-05-24,146059,10321,1385,43121.87,129929.33,3.0131
ADS00001638,AD00038,2026-03-31,153379,5894,697,2130.71,132859.55,62.3546
ADS00001639,AD00039,2026-06-11,67950,3415,395,10451.48,31924.95,3.0546
ADS00001640,AD00040,2025-10-25,7034,293,12,1275.11,7887.18,6.1855
ADS00001641,AD00041,2025-08-07,39229,369,43,218.37,9521.95,43.6047
ADS00001642,AD00042,2026-04-08,160631,12123,945,9874.74,540263.72,54.7117
ADS00001643,AD00043,2025-02-22,107759,3074,444,12787.19,57759.02,4.5169
ADS00001644,AD00044,2026-03-10,3080,29,2,69.16,1039.3,15.0275
ADS00001645,AD00045,2026-01-07,128573,9185,292,31112.31,155156.33,4.987
ADS00001646,AD00046,2025-08-27,118498,3232,160,15493.71,105912.15,6.8358
ADS00001647,AD00047,2025-03-03,57644,1150,140,2186.31,60056.68,27.4694
ADS00001648,AD00048,2025-10-23,70880,5553,189,18835.04,24943.02,1.3243
ADS00001649,AD00049,2026-02-28,59677,2570,276,2640.64,83331.71,31.5574
ADS00001650,AD00050,2025-04-25,34327,768,36,1849.58,9832.38,5.316
ADS00001651,AD00051,2025-03-26,77753,2039,170,2559.12,75574.49,29.5314
ADS00001652,AD00052,2025-11-03,174400,6369,876,8034.9,263718.68,32.8217
ADS00001653,AD00053,2026-02-04,29308,1786,234,6362.12,45708.2,7.1844
ADS00001654,AD00054,2025-08-07,90686,6745,787,7332.44,467783.9,63.7965
ADS00001655,AD00055,2025-06-08,153099,2053,282,6423.35,53269.24,8.2931
ADS00001656,AD00056,2026-07-27,101432,7568,1081,2769.82,497917.05,179.7651
ADS00001657,AD00057,2025-01-25,140823,10360,314,7773.17,162726.08,20.9343
ADS00001658,AD00058,2025-07-04,97633,1508,143,560.53,26272.94,46.8716
ADS00001659,AD00059,2026-06-25,142604,7186,344,7716.25,137521.44,17.8223
ADS00001660,AD00060,2025-05-06,34373,2397,304,5108.68,117811.49,23.061
ADS00001661,AD00061,2026-05-21,30107,820,118,1229.51,36147.38,29.3998
ADS00001662,AD00062,2026-03-17,44115,934,80,3060.42,29332.79,9.5846
ADS00001663,AD00063,2025-06-30,6104,324,42,609.62,2781.83,4.5632
ADS00001664,AD00064,2025-03-15,116290,1458,48,3907.63,25774.46,6.5959
ADS00001665,AD00065,2026-02-17,25204,1022,121,3451.17,45885.58,13.2957
ADS00001666,AD00066,2026-02-18,93759,4900,591,11252.16,271616.38,24.139
ADS00001667,AD00067,2025-07-18,70773,2898,103,9972.04,30152.78,3.0237
ADS00001668,AD00068,2026-07-23,14300,949,39,796.34,21151.54,26.5609
ADS00001669,AD00069,2025-08-10,166412,10634,903,37380.7,549417.51,14.6979
ADS00001670,AD00070,2026-07-02,78525,2334,70,7062.89,24907.39,3.5265
ADS00001671,AD00071,2026-08-08,92826,3717,277,8899.23,181222.94,20.3639
ADS00001672,AD00072,2025-09-27,90608,7233,803,6750.22,56807.19,8.4156
ADS00001673,AD00073,2025-04-23,139865,3124,414,3411.35,237663.76,69.6685
ADS00001674,AD00074,2025-06-26,157005,10821,192,43184.47,119010.96,2.7559
ADS00001675,AD00075,2026-05-04,89006,3528,460,14267.86,197422.27,13.8369
ADS00001676,AD00076,2025-04-15,59311,722,42,1861.1,3189.9,1.714
ADS00001677,AD00077,2025-07-30,44627,1214,165,5630.03,80990.5,14.3854
ADS00001678,AD00078,2025-02-28,33984,2139,249,798.09,79851.35,100.0531
ADS00001679,AD00079,2026-02-21,98247,5775,87,3786.02,5402.95,1.4271
ADS00001680,AD00080,2025-08-23,151459,6513,648,18520.93,234946.1,12.6854
ADS00001681,AD00081,2025-06-24,80762,4218,237,20162.62,48649.21,2.4128
ADS00001682,AD00082,2026-07-22,84667,6496,718,30454.37,215768.61,7.085
ADS00001683,AD00083,2026-01-09,124091,1752,100,6711.65,25452.83,3.7923
ADS00001684,AD00084,2025-09-25,50981,863,126,3823.77,75731.48,19.8054
ADS00001685,AD00085,2026-07-31,54022,3554,55,5334.4,5741.73,1.0764
ADS00001686,AD00086,2025-11-04,7130,72,3,162.41,1926.16,11.8599
ADS00001687,AD00087,2025-02-05,138809,5837,771,19451.42,82832.36,4.2584
ADS00001688,AD00088,2025-04-15,114459,6967,553,24137.46,85886.12,3.5582
ADS00001689,AD00089,2025-03-23,174015,6857,949,25927.82,550213.08,21.221
ADS00001690,AD00090,2026-08-21,141435,6184,181,1944.76,52074.6,26.7769
ADS00001691,AD00091,2025-06-02,81093,1217,79,1569.73,31578.42,20.1171
ADS00001692,AD00092,2025-02-05,134325,3743,328,5119.2,201597.98,39.3808
ADS00001693,AD00093,2026-08-15,23493,776,94,1404.77,50154.51,35.703
ADS00001694,AD00094,2025-09-15,111926,2079,150,847.68,66711.5,78.6989
ADS00001695,AD00095,2025-01-19,93976,6204,522,10435.19,87048.58,8.3418
ADS00001696,AD00096,2026-08-18,153174,2797,290,2256.29,123010.04,54.5187
ADS00001697,AD00097,2025-05-19,28318,1695,82,4667.8,28547.76,6.1159
ADS00001698,AD00098,2025-05-10,137249,6377,491,15225.37,147702.01,9.701
ADS00001699,AD00099,2026-04-05,168131,11577,958,53489.13,167744.29,3.136
ADS00001700,AD00100,2025-08-31,155611,5188,129,8473.4,83531.17,9.858
ADS00001701,AD00001,2025-07-17,75162,4665,343,3639.79,116376.66,31.9735
ADS00001702,AD00002,2025-06-23,87807,1942,73,734.69,38964.29,53.035
ADS00001703,AD00003,2025-10-03,150713,1693,104,4559.09,59123.45,12.9683
ADS00001704,AD00004,2026-06-13,96453,5438,504,10752.84,71253.69,6.6265
ADS00001705,AD00005,2026-01-15,168825,9918,1146,39149.04,252730.61,6.4556
ADS00001706,AD00006,2025-02-03,62128,3815,547,1877.92,234012.18,124.6124
ADS00001707,AD00007,2026-07-31,137966,4591,650,12265.49,225331.64,18.3712
ADS00001708,AD00008,2026-08-22,115074,7990,501,8888.74,152831.51,17.1938
ADS00001709,AD00009,2026-07-08,142838,10410,831,13509.33,52903.64,3.9161
ADS00001710,AD00010,2026-08-02,14754,1170,158,4832.08,41045.4,8.4944
ADS00001711,AD00011,2025-06-17,45459,2751,54,8423.47,33810.22,4.0138
ADS00001712,AD00012,2026-08-03,84036,2363,52,11020.67,16658.04,1.5115
ADS00001713,AD00013,2026-03-03,6092,223,11,648.1,868.51,1.3401
ADS00001714,AD00014,2026-07-15,55589,3217,333,9828.12,207359.97,21.0986
ADS00001715,AD00015,2026-06-06,146182,8708,871,4116.73,578440.43,140.5097
ADS00001716,AD00016,2025-03-03,160955,6588,974,5801.45,220116.6,37.9417
ADS00001717,AD00017,2025-04-19,170922,10795,326,45870.83,76142.84,1.6599
ADS00001718,AD00018,2026-05-21,15615,232,26,560.71,9198.0,16.4042
ADS00001719,AD00019,2025-08-03,66108,2371,196,7152.99,120364.31,16.8271
ADS00001720,AD00020,2026-05-03,97970,5549,774,15943.76,157381.21,9.871
ADS00001721,AD00021,2025-10-01,82578,1570,228,3892.29,15007.72,3.8558
ADS00001722,AD00022,2026-06-02,133041,4416,198,15345.13,91129.23,5.9386
ADS00001723,AD00023,2025-06-01,99334,1669,138,4201.19,25435.71,6.0544
ADS00001724,AD00024,2026-07-29,1547,86,6,273.01,676.12,2.4765
ADS00001725,AD00025,2025-01-24,52326,918,112,1289.75,27726.69,21.4977
ADS00001726,AD00026,2026-02-07,46583,1909,251,4583.31,133004.58,29.0193
ADS00001727,AD00027,2025-11-24,85678,6406,933,4994.87,71692.71,14.3533
ADS00001728,AD00028,2025-05-23,140175,2383,307,8555.57,180569.26,21.1055
ADS00001729,AD00029,2025-12-03,107502,2488,366,3155.52,44329.31,14.0482
ADS00001730,AD00030,2025-04-05,143344,2298,152,1543.0,74394.49,48.2142
ADS00001731,AD00031,2025-04-16,89032,5281,293,21518.19,163867.45,7.6153
ADS00001732,AD00032,2026-08-18,65545,4426,515,10557.5,30931.58,2.9298
ADS00001733,AD00033,2026-02-15,66531,541,19,1338.67,12091.87,9.0327
ADS00001734,AD00034,2025-05-22,37221,1851,237,3369.13,83760.06,24.861
ADS00001735,AD00035,2026-02-02,46517,3586,227,13230.03,75100.28,5.6765
ADS00001736,AD00036,2025-03-26,171207,6470,802,26533.27,359739.82,13.5581
ADS00001737,AD00037,2026-05-17,120915,4688,384,22449.63,113038.92,5.0352
ADS00001738,AD00038,2026-04-10,46491,1639,139,1214.14,94283.01,77.6542
ADS00001739,AD00039,2026-06-07,31445,1499,174,2628.0,113019.43,43.0059
ADS00001740,AD00040,2025-10-28,99109,2908,221,5589.26,72423.25,12.9576
ADS00001741,AD00041,2025-08-14,72576,4650,400,20881.01,237778.64,11.3873
ADS00001742,AD00042,2026-03-18,123787,3920,260,4405.44,48000.54,10.8957
ADS00001743,AD00043,2025-02-13,67611,4875,230,17518.32,42996.61,2.4544
ADS00001744,AD00044,2026-03-03,54011,1495,93,5096.08,52470.67,10.2963
ADS00001745,AD00045,2026-01-15,140458,4444,630,9817.92,358906.19,36.5562
ADS00001746,AD00046,2025-07-05,125885,5458,477,4595.17,105246.25,22.9037
ADS00001747,AD00047,2025-03-13,168499,5387,152,12948.1,31126.17,2.4039
ADS00001748,AD00048,2025-09-29,138999,10529,932,8811.38,532078.13,60.3853
ADS00001749,AD00049,2026-03-04,133719,5514,602,4458.01,328041.43,73.5847
ADS00001750,AD00050,2025-04-10,86143,1392,173,862.28,58394.02,67.7205
ADS00001751,AD00051,2025-03-27,139715,10631,660,24622.43,328308.54,13.3337
ADS00001752,AD00052,2025-10-18,138465,10170,1446,33708.65,761781.26,22.599
ADS00001753,AD00053,2026-01-17,93091,5666,567,23300.51,309276.79,13.2734
ADS00001754,AD00054,2025-08-21,45223,2541,355,1088.13,232930.8,214.0652
ADS00001755,AD00055,2025-06-03,150084,8367,874,26412.46,504366.36,19.0958
ADS00001756,AD00056,2026-08-05,176457,13027,702,42334.53,356405.18,8.4188
ADS00001757,AD00057,2025-01-10,51678,920,60,2287.19,21224.49,9.2797
ADS00001758,AD00058,2025-06-29,14987,1054,122,3076.25,68496.3,22.2662
ADS00001759,AD00059,2026-05-15,155305,9363,1137,16743.07,652508.75,38.9719
ADS00001760,AD00060,2025-05-05,85156,5379,772,2317.46,237517.9,102.4906
ADS00001761,AD00061,2026-05-07,22009,1670,149,2436.51,45349.38,18.6124
ADS00001762,AD00062,2026-04-05,110016,7814,591,19698.43,183261.5,9.3034
ADS00001763,AD00063,2025-07-04,161730,11538,1271,45933.76,436987.14,9.5134
ADS00001764,AD00064,2025-03-29,34619,1148,104,695.66,7190.99,10.3369
ADS00001765,AD00065,2026-03-17,18697,1347,107,3348.35,8224.02,2.4561
ADS00001766,AD00066,2026-02-19,154031,7353,611,9850.85,247070.16,25.0811
ADS00001767,AD00067,2025-08-25,8557,639,85,509.32,30381.42,59.6509
ADS00001768,AD00068,2026-08-06,164327,6754,196,22357.11,90121.86,4.031
ADS00001769,AD00069,2025-09-07,110118,2848,367,5799.7,204503.28,35.261
ADS00001770,AD00070,2026-06-08,143327,2679,263,4059.66,153265.18,37.7532
ADS00001771,AD00071,2026-07-18,166193,6347,731,2582.73,101074.18,39.1346
ADS00001772,AD00072,2025-10-30,165764,7899,661,34124.52,208701.25,6.1159
ADS00001773,AD00073,2025-05-26,136163,4294,335,19786.62,117237.77,5.9251
ADS00001774,AD00074,2025-06-29,39668,3039,256,11570.66,134652.2,11.6374
ADS00001775,AD00075,2026-05-09,153304,1802,46,1804.91,21992.54,12.1848
ADS00001776,AD00076,2025-03-15,36180,461,67,1284.52,28204.5,21.9572
ADS00001777,AD00077,2025-08-17,75047,3664,303,9558.35,99439.33,10.4034
ADS00001778,AD00078,2025-02-24,133669,6974,192,33297.47,21194.17,0.6365
ADS00001779,AD00079,2026-02-25,122454,2080,181,9103.56,72600.35,7.9749
ADS00001780,AD00080,2025-08-06,166265,7271,560,30338.76,50402.7,1.6613
ADS00001781,AD00081,2025-07-02,116167,7771,511,13714.92,79448.24,5.7928
ADS00001782,AD00082,2026-08-11,10375,340,26,1423.39,11030.05,7.7491
ADS00001783,AD00083,2026-01-03,178626,6275,141,20972.88,10719.71,0.5111
ADS00001784,AD00084,2025-09-09,36389,2331,229,10419.56,121880.12,11.6972
ADS00001785,AD00085,2026-08-05,13749,695,78,2493.51,40719.14,16.33
ADS00001786,AD00086,2025-12-04,120884,6565,879,11810.17,368220.48,31.1783
ADS00001787,AD00087,2025-02-05,33795,2669,235,1824.44,124686.48,68.3423
ADS00001788,AD00088,2025-05-07,81185,2879,302,13648.91,94599.9,6.9309
ADS00001789,AD00089,2025-02-28,105404,3043,410,1225.38,136580.43,111.4597
ADS00001790,AD00090,2026-08-19,160721,4284,192,13532.23,80350.66,5.9377
ADS00001791,AD00091,2025-05-07,125737,7042,1045,4076.29,350574.12,86.0032
ADS00001792,AD00092,2025-02-27,22072,1217,148,3186.16,65108.5,20.4348
ADS00001793,AD00093,2026-08-14,66674,2943,48,2831.92,15819.93,5.5863
ADS00001794,AD00094,2025-10-05,29348,1290,139,3155.12,67074.3,21.2589
ADS00001795,AD00095,2025-03-23,129619,6805,1005,29428.22,403428.26,13.7089
ADS00001796,AD00096,2026-07-29,69799,3393,500,7119.74,54632.93,7.6734
ADS00001797,AD00097,2025-04-29,4180,283,37,750.05,3331.17,4.4413
ADS00001798,AD00098,2025-06-17,17565,258,9,732.95,936.68,1.278
ADS00001799,AD00099,2026-03-06,139641,9689,1133,36082.92,86525.55,2.398
ADS00001800,AD00100,2025-08-18,8183,234,14,186.77,7204.48,38.5741
ADS00001801,AD00001,2025-07-17,40010,1631,216,1549.41,122609.73,79.1332
ADS00001802,AD00002,2025-07-06,83697,1845,232,2933.93,36623.5,12.4827
ADS00001803,AD00003,2025-09-15,58839,2979,280,2293.1,148326.65,64.6839
ADS00001804,AD00004,2026-06-10,154974,11590,732,47438.77,372059.86,7.8429
ADS00001805,AD00005,2025-12-23,129695,6717,881,21847.4,358865.4,16.426
ADS00001806,AD00006,2025-02-02,141891,8336,676,10788.48,331495.36,30.7268
ADS00001807,AD00007,2026-08-05,176390,10299,694,34322.38,457513.17,13.3299
ADS00001808,AD00008,2026-08-21,140557,8742,822,8019.39,193171.24,24.088
ADS00001809,AD00009,2026-05-31,136312,4817,610,3911.58,102942.02,26.3172
ADS00001810,AD00010,2026-08-10,176038,7040,658,14188.3,140541.89,9.9055
ADS00001811,AD00011,2025-06-19,67963,5227,746,2142.48,196575.3,91.7513
ADS00001812,AD00012,2026-08-12,101872,2830,57,12078.82,36825.71,3.0488
ADS00001813,AD00013,2026-03-15,118291,3550,191,9768.83,96928.03,9.9222
ADS00001814,AD00014,2026-07-07,161025,8124,417,22404.14,34533.19,1.5414
ADS00001815,AD00015,2026-07-02,60696,556,56,935.3,13945.81,14.9105
ADS00001816,AD00016,2025-02-04,176961,5884,460,7173.27,32843.2,4.5786
ADS00001817,AD00017,2025-05-19,94259,4564,426,14541.85,144659.36,9.9478
ADS00001818,AD00018,2026-05-16,13405,1038,42,387.8,3096.77,7.9855
ADS00001819,AD00019,2025-07-31,174728,12215,290,35526.65,68503.93,1.9282
ADS00001820,AD00020,2026-03-27,30737,1776,37,2213.35,5712.18,2.5808
ADS00001821,AD00021,2025-09-22,19456,1407,81,3279.29,50532.95,15.4097
ADS00001822,AD00022,2026-06-01,39617,2812,61,3129.58,31122.53,9.9446
ADS00001823,AD00023,2025-04-09,88136,6802,994,19094.85,259835.81,13.6076
ADS00001824,AD00024,2026-07-13,50473,635,10,813.21,5331.51,6.5561
ADS00001825,AD00025,2025-01-18,75614,5159,174,16608.22,102426.16,6.1672
ADS00001826,AD00026,2026-02-05,111104,4841,398,22610.32,190949.91,8.4453
ADS00001827,AD00027,2025-12-22,48174,1355,55,1184.67,7567.26,6.3877
ADS00001828,AD00028,2025-05-26,105782,2572,155,2920.63,21532.95,7.3727
ADS00001829,AD00029,2025-10-18,158620,9781,1124,37118.31,156299.35,4.2108
ADS00001830,AD00030,2025-02-27,57826,784,56,1869.69,15844.8,8.4746
ADS00001831,AD00031,2025-05-28,107775,5175,409,16232.26,170412.13,10.4984
ADS00001832,AD00032,2026-08-13,60319,3640,448,4031.51,105289.15,26.1166
ADS00001833,AD00033,2026-02-22,113606,2240,51,5549.5,9486.06,1.7094
ADS00001834,AD00034,2025-05-29,85426,1475,22,3709.72,6173.73,1.6642
ADS00001835,AD00035,2026-01-25,58182,1040,100,2475.37,57582.93,23.2624
ADS00001836,AD00036,2025-03-06,108248,3051,386,10258.61,107691.95,10.4977
ADS00001837,AD00037,2026-07-30,112507,3589,53,8039.91,24444.76,3.0404
ADS00001838,AD00038,2026-05-07,88206,4417,574,4627.3,252811.58,54.6348
ADS00001839,AD00039,2026-06-10,87283,3704,124,6953.19,16076.89,2.3122
ADS00001840,AD00040,2025-11-03,166210,4131,386,17806.95,129518.68,7.2735
ADS00001841,AD00041,2025-08-10,101516,8085,597,13879.11,324338.98,23.3689
ADS00001842,AD00042,2026-04-11,149636,11082,542,51009.09,285268.93,5.5925
ADS00001843,AD00043,2025-02-07,91846,4695,215,2324.35,28774.16,12.3794
ADS00001844,AD00044,2026-02-02,54139,3024,243,14427.01,159094.83,11.0276
ADS00001845,AD00045,2026-01-15,104664,2361,255,1673.69,169420.08,101.2255
ADS00001846,AD00046,2025-07-23,174145,13540,1433,56667.24,112418.6,1.9838
ADS00001847,AD00047,2025-03-11,61803,3570,362,3209.18,166565.34,51.9028
ADS00001848,AD00048,2025-10-12,103955,6919,690,16476.88,166963.16,10.1332
ADS00001849,AD00049,2026-01-29,65193,3602,194,6586.74,81004.36,12.2981
ADS00001850,AD00050,2025-04-08,68502,1465,183,2068.41,122597.88,59.2716
ADS00001851,AD00051,2025-03-25,150919,4040,158,15373.24,102851.44,6.6903
ADS00001852,AD00052,2025-10-31,10838,588,11,2252.66,814.68,0.3617
ADS00001853,AD00053,2026-02-01,108489,995,87,1465.01,10761.31,7.3456
ADS00001854,AD00054,2025-08-03,79064,954,113,4557.14,32004.28,7.0229
ADS00001855,AD00055,2025-06-19,102727,7979,213,34036.74,141834.0,4.1671
ADS00001856,AD00056,2026-08-01,162703,6766,564,17922.46,166064.8,9.2657
ADS00001857,AD00057,2025-01-19,41035,1881,231,8119.87,38554.43,4.7482
ADS00001858,AD00058,2025-07-03,95455,7286,205,4072.69,102459.06,25.1576
ADS00001859,AD00059,2026-06-28,63603,4416,234,4495.41,83038.51,18.4718
ADS00001860,AD00060,2025-05-14,166302,5399,267,24984.87,176746.82,7.0742
ADS00001861,AD00061,2026-04-14,74351,2445,129,914.19,74090.06,81.0445
ADS00001862,AD00062,2026-03-29,152555,4729,307,2293.54,116080.11,50.6118
ADS00001863,AD00063,2025-07-07,72733,1408,167,1770.07,89922.19,50.8015
ADS00001864,AD00064,2025-04-21,55060,510,39,485.91,25643.02,52.7732
ADS00001865,AD00065,2026-02-19,128755,9466,730,40165.68,119417.85,2.9731
ADS00001866,AD00066,2026-02-12,76335,2033,49,9064.96,18620.57,2.0541
ADS00001867,AD00067,2025-08-18,21711,1632,206,2505.71,80250.13,32.0269
ADS00001868,AD00068,2026-07-23,172820,10966,602,15613.31,176263.88,11.2893
ADS00001869,AD00069,2025-08-07,105498,5581,141,14196.3,29818.17,2.1004
ADS00001870,AD00070,2026-05-30,48882,3500,486,5427.53,277220.3,51.0767
ADS00001871,AD00071,2026-08-12,164233,11924,786,34226.24,344262.57,10.0584
ADS00001872,AD00072,2025-11-01,88405,4268,71,2274.11,41698.58,18.3362
ADS00001873,AD00073,2025-05-06,145413,1376,109,885.99,44783.46,50.5462
ADS00001874,AD00074,2025-06-26,108088,1135,155,418.67,49294.48,117.7407
ADS00001875,AD00075,2026-05-11,10370,185,4,341.99,673.95,1.9707
ADS00001876,AD00076,2025-03-23,91838,6545,848,13302.27,222663.32,16.7387
ADS00001877,AD00077,2025-09-08,2382,132,12,518.75,6144.48,11.8448
ADS00001878,AD00078,2025-02-13,81890,5569,649,7374.3,309354.55,41.9504
ADS00001879,AD00079,2025-12-16,170719,12621,1846,31617.01,312437.77,9.882
ADS00001880,AD00080,2025-08-13,70799,2037,279,4811.17,130146.52,27.0509
ADS00001881,AD00081,2025-06-04,153353,8013,730,24113.52,220709.78,9.1529
ADS00001882,AD00082,2026-08-10,13742,629,91,1139.84,16577.87,14.544
ADS00001883,AD00083,2026-01-10,82602,4974,578,19004.14,41623.82,2.1903
ADS00001884,AD00084,2025-09-09,37324,863,91,1200.27,45365.35,37.796
ADS00001885,AD00085,2026-08-15,37425,1877,268,3336.95,149179.87,44.7055
ADS00001886,AD00086,2025-10-25,153939,7726,635,2693.08,353155.37,131.1344
ADS00001887,AD00087,2025-02-10,89440,2560,366,2235.84,206181.22,92.2164
ADS00001888,AD00088,2025-04-22,27039,1330,44,1344.34,24300.78,18.0764
ADS00001889,AD00089,2025-02-19,149367,5972,530,18049.39,334292.39,18.521
ADS00001890,AD00090,2026-08-14,7214,432,11,193.79,3908.67,20.1696
ADS00001891,AD00091,2025-05-26,6871,485,36,2079.87,8971.72,4.3136
ADS00001892,AD00092,2025-03-05,19351,677,28,1088.47,16455.43,15.1179
ADS00001893,AD00093,2026-08-19,29580,500,47,866.21,10112.63,11.6746
ADS00001894,AD00094,2025-10-04,158633,7893,223,36593.29,123138.86,3.3651
ADS00001895,AD00095,2025-02-14,177303,7693,1069,14675.91,256947.75,17.5081
ADS00001896,AD00096,2026-08-04,151260,1555,79,6805.47,37627.17,5.529
ADS00001897,AD00097,2025-04-28,92153,4046,306,19289.65,107531.23,5.5746
ADS00001898,AD00098,2025-06-03,178453,13034,1555,14022.43,126114.77,8.9938
ADS00001899,AD00099,2026-04-10,26041,575,68,940.17,20373.99,21.6705
ADS00001900,AD00100,2025-08-24,117798,1209,80,4476.79,48420.72,10.8159
ADS00001901,AD00001,2025-07-08,36277,1280,34,2501.46,7732.9,3.0914
ADS00001902,AD00002,2025-06-16,172622,2028,142,7391.8,92838.81,12.5597
ADS00001903,AD00003,2025-09-24,92154,2417,152,9333.08,88564.68,9.4893
ADS00001904,AD00004,2026-06-12,65589,3964,497,2379.44,118068.01,49.6201
ADS00001905,AD00005,2026-02-14,145819,3436,353,11452.36,139460.7,12.1775
ADS00001906,AD00006,2025-02-01,161709,9437,1328,28219.46,316417.91,11.2128
ADS00001907,AD00007,2026-08-04,88287,3734,118,6918.26,66791.41,9.6544
ADS00001908,AD00008,2026-08-22,105602,7740,187,13015.18,46866.5,3.6009
ADS00001909,AD00009,2026-06-21,4905,184,20,420.94,4134.14,9.8212
ADS00001910,AD00010,2026-07-26,120316,8782,457,4351.13,272087.7,62.5327
ADS00001911,AD00011,2025-06-02,157107,8661,643,40470.64,104593.05,2.5844
ADS00001912,AD00012,2026-07-20,174869,5954,134,13123.99,19771.79,1.5065
ADS00001913,AD00013,2026-03-20,78516,1927,199,2551.25,128143.99,50.2279
ADS00001914,AD00014,2026-07-05,121416,4755,285,19001.65,119142.15,6.2701
ADS00001915,AD00015,2026-07-19,179236,3996,103,1863.91,35611.29,19.1057
ADS00001916,AD00016,2025-03-28,162310,6998,1049,6066.82,610616.53,100.6485
ADS00001917,AD00017,2025-04-11,87208,2541,123,3337.12,33195.46,9.9473
ADS00001918,AD00018,2026-05-22,87990,3045,227,3914.55,112537.83,28.7486
ADS00001919,AD00019,2025-08-12,100478,2834,261,9405.6,22558.46,2.3984
ADS00001920,AD00020,2026-04-06,75972,3986,109,8753.01,37303.09,4.2617
ADS00001921,AD00021,2025-09-22,128113,10193,990,26446.09,168532.89,6.3727
ADS00001922,AD00022,2026-06-02,119331,8988,732,7335.13,82101.95,11.193
ADS00001923,AD00023,2025-05-08,116103,6547,500,23226.25,194233.94,8.3627
ADS00001924,AD00024,2026-08-07,132470,1900,67,5800.16,23408.37,4.0358
ADS00001925,AD00025,2025-02-08,86476,1231,119,3029.6,8495.24,2.8041
ADS00001926,AD00026,2026-02-10,133452,9089,468,31527.04,53700.88,1.7033
ADS00001927,AD00027,2025-11-25,92985,4328,526,9075.05,68329.22,7.5293
ADS00001928,AD00028,2025-06-27,107528,4406,659,19565.72,364697.83,18.6396
ADS00001929,AD00029,2025-11-23,27546,1698,151,847.47,37495.41,44.2439
ADS00001930,AD00030,2025-03-12,131869,1709,100,4348.16,39292.4,9.0366
ADS00001931,AD00031,2025-04-07,64844,5164,728,16021.29,282135.36,17.61
ADS00001932,AD00032,2026-08-15,163818,1755,134,4910.06,17945.53,3.6548
ADS00001933,AD00033,2026-02-18,173091,6517,660,23440.2,446400.45,19.0442
ADS00001934,AD00034,2025-06-01,97713,1635,114,1210.15,14006.19,11.5739
ADS00001935,AD00035,2026-02-08,59045,1509,103,1100.73,12617.42,11.4628
ADS00001936,AD00036,2025-03-18,131673,7164,761,17017.12,467964.25,27.4996
ADS00001937,AD00037,2026-05-21,144751,10135,961,13996.17,389298.95,27.8147
ADS00001938,AD00038,2026-05-06,95609,7637,410,25786.08,161621.28,6.2678
ADS00001939,AD00039,2026-06-11,69986,5553,400,20176.22,174761.4,8.6618
ADS00001940,AD00040,2025-09-30,129634,7770,408,29009.96,223564.18,7.7065
ADS00001941,AD00041,2025-08-15,116087,8241,616,29302.89,142442.87,4.8611
ADS00001942,AD00042,2026-04-03,173874,6951,331,21817.42,21642.33,0.992
ADS00001943,AD00043,2025-02-04,129169,7944,409,13541.49,254951.03,18.8274
ADS00001944,AD00044,2026-02-09,146458,7576,1019,15344.14,673256.25,43.8771
ADS00001945,AD00045,2026-01-14,137380,3707,398,12440.93,258225.57,20.7561
ADS00001946,AD00046,2025-07-30,54679,1557,176,3816.23,67991.77,17.8165
ADS00001947,AD00047,2025-02-27,170288,11739,1254,45878.9,95944.77,2.0913
ADS00001948,AD00048,2025-10-14,134964,5900,695,15931.12,425690.22,26.7207
ADS00001949,AD00049,2026-03-04,77491,5831,513,15212.09,87560.43,5.756
ADS00001950,AD00050,2025-04-10,46606,2734,297,2918.17,170708.32,58.4984
ADS00001951,AD00051,2025-03-30,66904,4688,457,15387.9,236895.35,15.3949
ADS00001952,AD00052,2025-10-31,89739,2872,199,13471.12,56720.35,4.2105
ADS00001953,AD00053,2026-01-29,13331,963,40,4052.56,21234.06,5.2397
ADS00001954,AD00054,2025-07-24,48251,2639,93,8905.8,59860.76,6.7215
ADS00001955,AD00055,2025-06-12,83452,5200,265,18400.16,96078.84,5.2216
ADS00001956,AD00056,2026-08-02,20423,673,60,3016.96,12074.52,4.0022
ADS00001957,AD00057,2025-01-22,116448,5950,593,10560.02,352618.36,33.3918
ADS00001958,AD00058,2025-07-05,36294,1138,156,4413.23,33113.74,7.5033
ADS00001959,AD00059,2026-04-27,64536,4038,590,18020.89,220189.21,12.2186
ADS00001960,AD00060,2025-05-10,132766,2807,209,8966.3,115551.31,12.8873
ADS00001961,AD00061,2026-04-21,94313,3366,209,10673.37,83093.87,7.7852
ADS00001962,AD00062,2026-03-17,26646,1988,278,4101.95,108541.04,26.4608
ADS00001963,AD00063,2025-07-01,17200,1273,158,3684.79,52623.83,14.2814
ADS00001964,AD00064,2025-04-13,67758,4541,369,8857.63,73207.33,8.2649
ADS00001965,AD00065,2026-02-28,2870,204,12,142.18,3179.5,22.3625
ADS00001966,AD00066,2026-02-12,69438,4360,71,9487.42,10882.73,1.1471
ADS00001967,AD00067,2025-08-22,107788,5021,670,15135.07,431623.36,28.5181
ADS00001968,AD00068,2026-07-28,2198,40,3,163.26,1140.07,6.9832
ADS00001969,AD00069,2025-08-11,128255,3311,98,4686.09,8591.32,1.8334
ADS00001970,AD00070,2026-07-07,109815,3319,296,12735.68,122457.37,9.6153
ADS00001971,AD00071,2026-07-20,10945,790,115,697.6,58413.18,83.7345
ADS00001972,AD00072,2025-10-04,177878,4996,395,18291.39,136133.57,7.4425
ADS00001973,AD00073,2025-04-21,130931,6466,864,21050.15,546640.86,25.9685
ADS00001974,AD00074,2025-06-22,37553,2974,321,11772.8,96790.85,8.2216
ADS00001975,AD00075,2026-05-18,14523,120,14,232.48,6027.21,25.9257
ADS00001976,AD00076,2025-03-11,79434,1604,33,1522.99,22123.07,14.5261
ADS00001977,AD00077,2025-07-04,103379,3409,388,8055.18,99663.2,12.3726
ADS00001978,AD00078,2025-02-20,90122,3300,477,6903.74,207522.56,30.0594
ADS00001979,AD00079,2026-01-27,12480,116,14,85.25,2312.42,27.1252
ADS00001980,AD00080,2025-08-29,63379,2723,41,5484.35,5288.99,0.9644
ADS00001981,AD00081,2025-06-06,75713,1361,30,3321.76,9804.78,2.9517
ADS00001982,AD00082,2026-07-30,152536,9177,524,7404.59,179625.46,24.2587
ADS00001983,AD00083,2026-01-07,175405,3748,227,11418.51,150373.04,13.1692
ADS00001984,AD00084,2025-09-06,102133,6115,449,24481.74,292745.29,11.9577
ADS00001985,AD00085,2026-08-02,133470,4610,611,5341.78,408292.21,76.4337
ADS00001986,AD00086,2025-12-04,104533,5751,325,24623.35,27953.71,1.1353
ADS00001987,AD00087,2025-02-04,17441,1257,172,521.4,110069.46,211.1037
ADS00001988,AD00088,2025-05-08,149639,7142,1048,16158.44,559711.71,34.639
ADS00001989,AD00089,2025-02-20,53514,2340,117,3344.44,24634.66,7.3659
ADS00001990,AD00090,2026-08-13,21158,786,75,3540.14,20950.68,5.918
ADS00001991,AD00091,2025-04-22,59928,2313,298,3290.69,163698.44,49.7459
ADS00001992,AD00092,2025-03-12,50744,1678,97,692.67,26082.74,37.6554
ADS00001993,AD00093,2026-08-13,27952,612,29,552.04,14316.66,25.9341
ADS00001994,AD00094,2025-09-27,167379,8761,527,15949.55,219605.02,13.7687
ADS00001995,AD00095,2025-02-05,135412,10431,1340,22131.94,876815.0,39.6176
ADS00001996,AD00096,2026-08-02,78241,3411,359,6626.71,144795.85,21.8503
ADS00001997,AD00097,2025-04-17,17461,531,38,2116.52,14649.46,6.9215
ADS00001998,AD00098,2025-05-03,140876,3538,452,14930.65,201530.52,13.4978
ADS00001999,AD00099,2026-02-28,111561,6509,787,22956.99,355849.0,15.5007
ADS00002000,AD00100,2025-08-23,147778,5255,287,22985.49,80505.92,3.5025
ADS00002001,AD00001,2025-06-16,147751,4279,221,1336.37,17045.57,12.7551
ADS00002002,AD00002,2025-06-24,146764,11559,1165,28474.93,659778.76,23.1705
ADS00002003,AD00003,2025-08-24,137813,4440,345,9087.99,232284.74,25.5595
ADS00002004,AD00004,2026-05-20,171739,7696,266,24647.06,91797.82,3.7245
ADS00002005,AD00005,2025-12-31,164061,10894,734,7246.25,201122.3,27.7554
ADS00002006,AD00006,2025-02-04,90964,6097,190,7775.16,15633.46,2.0107
ADS00002007,AD00007,2026-08-22,20664,1477,94,867.69,29423.44,33.9101
ADS00002008,AD00008,2026-08-22,91045,4047,181,14084.61,115918.35,8.2301
ADS00002009,AD00009,2026-06-07,128658,4969,539,22800.58,321004.21,14.0788
ADS00002010,AD00010,2026-08-20,155707,7245,901,12309.73,562956.11,45.7326
ADS00002011,AD00011,2025-06-08,47114,516,43,851.41,26167.41,30.7342
ADS00002012,AD00012,2026-07-10,154629,1376,73,2548.88,34427.36,13.5069
ADS00002013,AD00013,2026-04-09,112511,4427,592,7973.4,235019.5,29.4754
ADS00002014,AD00014,2026-07-08,76486,1100,78,3685.95,29829.64,8.0928
ADS00002015,AD00015,2026-07-03,22957,1457,110,6665.04,59715.34,8.9595
ADS00002016,AD00016,2025-02-06,50336,1154,169,5084.53,65935.58,12.9679
ADS00002017,AD00017,2025-04-23,70923,4076,226,9005.86,48964.78,5.437
ADS00002018,AD00018,2026-05-20,176826,10640,577,23599.96,240617.68,10.1957
ADS00002019,AD00019,2025-08-13,101539,2992,46,13428.76,12790.49,0.9525
ADS00002020,AD00020,2026-04-03,154275,9180,669,21484.53,320662.68,14.9253
ADS00002021,AD00021,2025-09-06,141102,1217,77,1097.33,16668.23,15.1898
ADS00002022,AD00022,2026-05-16,48013,929,67,3013.45,18220.17,6.0463
ADS00002023,AD00023,2025-04-16,104427,8197,647,7140.82,139479.92,19.5328
ADS00002024,AD00024,2026-08-02,98344,4733,281,7987.96,81037.11,10.1449
ADS00002025,AD00025,2025-01-19,102983,5210,404,5855.29,251239.69,42.9082
ADS00002026,AD00026,2026-02-19,14074,344,14,675.69,6459.58,9.56
ADS00002027,AD00027,2025-12-01,59267,1823,35,941.86,19581.92,20.7907
ADS00002028,AD00028,2025-05-23,62227,4191,544,2257.32,315633.14,139.8265
ADS00002029,AD00029,2025-11-11,75680,5102,543,4627.13,123623.2,26.717
ADS00002030,AD00030,2025-03-07,40534,3120,213,10064.31,65315.68,6.4898
ADS00002031,AD00031,2025-04-30,33137,1252,87,4695.04,35496.11,7.5603
ADS00002032,AD00032,2026-08-19,45289,2160,288,8375.23,29992.59,3.5811
ADS00002033,AD00033,2026-02-13,89564,2039,264,9657.02,141094.51,14.6106
ADS00002034,AD00034,2025-05-09,110488,8032,658,23341.42,416801.51,17.8567
ADS00002035,AD00035,2026-02-06,29562,1165,69,5219.07,26304.11,5.04
ADS00002036,AD00036,2025-02-21,71659,2136,93,703.04,17311.04,24.6231
ADS00002037,AD00037,2026-07-06,34209,424,54,1655.4,34491.89,20.836
ADS00002038,AD00038,2026-04-16,1702,30,3,99.07,825.29,8.3304
ADS00002039,AD00039,2026-06-07,19870,227,23,646.13,9316.84,14.4195
ADS00002040,AD00040,2025-10-23,7238,192,4,391.98,1607.0,4.0997
ADS00002041,AD00041,2025-08-16,108245,3286,240,7140.41,104528.04,14.6389
ADS00002042,AD00042,2026-03-26,129848,8602,1062,37726.39,225827.66,5.9859
ADS00002043,AD00043,2025-02-21,75415,1123,25,3331.51,15105.04,4.534
ADS00002044,AD00044,2026-03-01,179976,6924,236,9303.22,136250.03,14.6455
ADS00002045,AD00045,2026-01-14,31879,272,16,391.56,9284.51,23.7116
ADS00002046,AD00046,2025-07-24,115518,1061,16,2793.25,2923.15,1.0465
ADS00002047,AD00047,2025-03-04,162173,4066,549,6441.3,77181.82,11.9823
ADS00002048,AD00048,2025-09-14,47128,380,46,1462.74,13905.32,9.5064
ADS00002049,AD00049,2026-02-04,177968,1754,171,7122.96,72741.73,10.2123
ADS00002050,AD00050,2025-03-31,95850,4529,644,20448.77,164557.62,8.0473
ADS00002051,AD00051,2025-04-03,162285,1569,163,6170.58,101035.25,16.3737
ADS00002052,AD00052,2025-10-19,111679,6120,513,8357.05,284973.96,34.0998
ADS00002053,AD00053,2026-02-04,116127,2392,84,2762.21,25057.53,9.0716
ADS00002054,AD00054,2025-09-04,75845,1304,53,767.28,15829.89,20.6312
ADS00002055,AD00055,2025-05-25,42766,2673,111,8667.59,18494.72,2.1338
ADS00002056,AD00056,2026-08-10,63419,2113,124,5616.26,58252.74,10.3722
ADS00002057,AD00057,2025-01-15,106531,3654,58,15325.62,30274.03,1.9754
ADS00002058,AD00058,2025-07-04,72105,4827,403,15397.58,184243.6,11.9658
ADS00002059,AD00059,2026-05-11,98860,4566,574,7390.42,279293.74,37.7913
ADS00002060,AD00060,2025-05-14,1597,69,4,302.14,2178.94,7.2117
ADS00002061,AD00061,2026-04-22,133760,3000,107,6227.24,44458.38,7.1393
ADS00002062,AD00062,2026-03-27,135624,3615,483,5702.0,244632.9,42.903
ADS00002063,AD00063,2025-06-27,102983,7394,964,33854.61,462483.09,13.6609
ADS00002064,AD00064,2025-03-14,165932,12313,1160,42038.77,296920.06,7.063
ADS00002065,AD00065,2026-02-20,168199,13006,1672,48711.44,1084627.77,22.2664
ADS00002066,AD00066,2026-02-23,90701,4439,544,2039.37,287291.89,140.8729
ADS00002067,AD00067,2025-08-05,127907,6967,851,20124.23,114845.98,5.7069
ADS00002068,AD00068,2026-07-23,47946,1515,147,1482.14,40739.9,27.4872
ADS00002069,AD00069,2025-08-23,54223,1749,43,5016.94,24694.57,4.9222
ADS00002070,AD00070,2026-06-24,135745,9708,834,28328.75,61746.98,2.1797
ADS00002071,AD00071,2026-07-18,67208,3001,367,7481.56,231539.7,30.9481
ADS00002072,AD00072,2025-10-29,42073,2990,431,9472.53,96846.63,10.2239
ADS00002073,AD00073,2025-05-09,170344,8614,1123,2786.54,204213.93,73.2858
ADS00002074,AD00074,2025-06-27,66189,3342,215,3455.65,66514.57,19.2481
ADS00002075,AD00075,2026-06-09,108696,4469,106,17361.01,63543.29,3.6601
ADS00002076,AD00076,2025-03-28,105441,6592,653,12818.62,233397.94,18.2077
ADS00002077,AD00077,2025-08-28,104013,8218,1209,20703.92,581263.47,28.075
ADS00002078,AD00078,2025-01-29,112912,1072,134,3839.97,76078.01,19.8121
ADS00002079,AD00079,2025-12-29,142101,9821,1395,25537.3,837503.34,32.7953
ADS00002080,AD00080,2025-08-22,162574,6186,657,6178.74,368220.89,59.5948
ADS00002081,AD00081,2025-06-12,114083,3543,299,9603.36,138347.09,14.4061
ADS00002082,AD00082,2026-08-11,127409,8646,890,32704.02,195086.51,5.9652
ADS00002083,AD00083,2025-12-28,128040,8913,362,31249.87,159784.57,5.1131
ADS00002084,AD00084,2025-09-13,109291,4021,572,1613.63,102853.6,63.7405
ADS00002085,AD00085,2026-08-11,130163,5526,352,14355.29,80853.86,5.6323
ADS00002086,AD00086,2025-12-08,53354,3315,349,2353.85,63432.01,26.9482
ADS00002087,AD00087,2025-02-13,159906,6846,383,13750.47,251018.58,18.2553
ADS00002088,AD00088,2025-04-17,79002,6268,488,3980.81,226485.13,56.8942
ADS00002089,AD00089,2025-03-14,174527,13159,1576,55811.78,232584.31,4.1673
ADS00002090,AD00090,2026-08-15,147640,9440,1011,25424.29,339425.76,13.3505
ADS00002091,AD00091,2025-04-08,38795,690,33,3038.33,3229.57,1.0629
ADS00002092,AD00092,2025-03-11,145163,5587,409,4925.27,86903.4,17.6444
ADS00002093,AD00093,2026-08-14,164001,12678,1153,14973.03,591853.65,39.528
ADS00002094,AD00094,2025-09-16,112791,2623,288,9615.67,105297.66,10.9506
ADS00002095,AD00095,2025-04-03,24861,344,36,1639.44,6635.26,4.0473
ADS00002096,AD00096,2026-08-04,23026,1621,34,6334.29,18750.92,2.9602
ADS00002097,AD00097,2025-04-12,53237,1735,164,7364.58,111290.09,15.1115
ADS00002098,AD00098,2025-05-05,44904,1419,75,5684.91,18723.79,3.2936
ADS00002099,AD00099,2026-03-03,21611,249,28,1169.19,12330.55,10.5462
ADS00002100,AD00100,2025-09-01,125963,7270,874,5124.91,115930.85,22.6211
ADS00002101,AD00001,2025-07-04,104654,7833,901,33495.64,485324.91,14.4892
ADS00002102,AD00002,2025-07-04,28471,2221,275,5334.64,66875.9,12.5362
ADS00002103,AD00003,2025-08-26,48624,3226,245,9476.66,50163.02,5.2933
ADS00002104,AD00004,2026-05-19,167452,12743,631,7007.44,190963.99,27.2516
ADS00002105,AD00005,2026-01-03,112620,2585,249,10984.2,117743.47,10.7193
ADS00002106,AD00006,2025-04-07,17068,461,45,748.39,15041.91,20.099
ADS00002107,AD00007,2026-07-27,84869,1801,46,6110.28,22865.79,3.7422
ADS00002108,AD00008,2026-08-22,119370,2109,58,2382.32,8696.36,3.6504
ADS00002109,AD00009,2026-06-15,92831,2177,189,9363.56,56766.75,6.0625
ADS00002110,AD00010,2026-08-17,35168,2089,100,9257.44,32326.34,3.4919
ADS00002111,AD00011,2025-06-19,10763,742,74,3072.96,25754.63,8.381
ADS00002112,AD00012,2026-08-18,49580,2465,195,8411.15,61657.13,7.3304
ADS00002113,AD00013,2026-04-12,143412,2906,274,6342.59,113136.24,17.8375
ADS00002114,AD00014,2026-07-15,178665,1940,141,6024.31,76111.27,12.634
ADS00002115,AD00015,2026-07-12,46607,2835,93,1625.05,45568.19,28.0411
ADS00002116,AD00016,2025-03-30,88776,2843,342,1756.51,124514.06,70.8872
ADS00002117,AD00017,2025-04-14,156776,6278,118,11530.88,18507.02,1.605
ADS00002118,AD00018,2026-05-19,80317,1413,168,3662.75,29273.31,7.9922
ADS00002119,AD00019,2025-08-07,33121,720,26,3302.48,6482.91,1.963
ADS00002120,AD00020,2026-04-18,66091,4284,576,2779.83,76343.02,27.4632
ADS00002121,AD00021,2025-09-08,163252,9949,1213,25537.84,539187.24,21.1133
ADS00002122,AD00022,2026-04-27,10749,387,39,1024.25,20103.14,19.6272
ADS00002123,AD00023,2025-06-03,34805,2777,282,3903.3,66834.1,17.1225
ADS00002124,AD00024,2026-07-16,93938,3524,59,10374.33,29620.44,2.8552
ADS00002125,AD00025,2025-02-06,56136,3095,458,12968.79,283195.75,21.8367
ADS00002126,AD00026,2026-03-07,42636,3386,186,9277.81,82520.64,8.8944
ADS00002127,AD00027,2025-12-13,178928,9601,541,37321.07,186525.75,4.9979
ADS00002128,AD00028,2025-06-27,44098,2593,155,11420.24,48565.38,4.2526
ADS00002129,AD00029,2025-11-26,14104,416,8,147.77,1985.56,13.4368
ADS00002130,AD00030,2025-04-09,20200,188,18,866.38,7366.14,8.5022
ADS00002131,AD00031,2025-04-08,25762,1034,43,802.84,17525.01,21.8288
ADS00002132,AD00032,2026-08-21,66536,624,28,1619.3,12205.47,7.5375
ADS00002133,AD00033,2026-02-11,159887,4614,619,21360.51,334774.68,15.6726
ADS00002134,AD00034,2025-06-22,31495,383,47,1527.79,17656.32,11.5568
ADS00002135,AD00035,2026-01-30,120941,6887,736,32444.31,438606.14,13.5187
ADS00002136,AD00036,2025-03-29,34027,2247,189,1511.22,97064.6,64.2293
ADS00002137,AD00037,2026-07-04,9984,268,20,123.88,6258.45,50.5203
ADS00002138,AD00038,2026-04-07,156353,10425,362,39235.04,243654.81,6.2101
ADS00002139,AD00039,2026-06-05,45829,1941,151,1922.64,22776.78,11.8466
ADS00002140,AD00040,2025-10-18,47454,3007,446,9842.07,86941.81,8.8337
ADS00002141,AD00041,2025-08-13,43273,3429,458,14548.76,226830.07,15.591
ADS00002142,AD00042,2026-03-14,96323,3298,257,15821.47,60565.62,3.8281
ADS00002143,AD00043,2025-04-26,130803,5309,446,20704.23,35030.8,1.692
ADS00002144,AD00044,2026-03-22,108317,3853,84,1900.33,48040.68,25.2802
ADS00002145,AD00045,2026-01-09,52565,3386,221,6040.67,113278.34,18.7526
ADS00002146,AD00046,2025-08-19,73223,1072,38,1753.32,16075.06,9.1684
ADS00002147,AD00047,2025-02-28,57467,1188,44,4808.73,3501.48,0.7282
ADS00002148,AD00048,2025-10-18,51848,767,50,1355.55,13342.86,9.8431
ADS00002149,AD00049,2026-02-20,25179,561,20,710.61,12023.95,16.9206
ADS00002150,AD00050,2025-04-02,109130,2963,208,7008.0,70026.41,9.9924
ADS00002151,AD00051,2025-03-27,125076,4872,374,5274.3,164879.16,31.2609
ADS00002152,AD00052,2025-10-25,1436,76,8,336.9,3398.6,10.0879
ADS00002153,AD00053,2026-02-01,28539,2090,49,2882.96,24337.08,8.4417
ADS00002154,AD00054,2025-08-16,150434,11511,865,23015.35,311932.73,13.5532
ADS00002155,AD00055,2025-06-13,120529,6353,175,3173.39,20093.48,6.3319
ADS00002156,AD00056,2026-07-31,15458,827,71,521.58,15765.9,30.2272
ADS00002157,AD00057,2025-01-26,162572,7118,164,9989.44,93493.2,9.3592
ADS00002158,AD00058,2025-06-30,24746,1243,57,891.37,4957.03,5.5611
ADS00002159,AD00059,2026-05-26,74154,2113,113,9731.08,60510.65,6.2183
ADS00002160,AD00060,2025-05-05,44950,2522,90,1616.62,32141.8,19.8821
ADS00002161,AD00061,2026-05-22,37669,2704,77,7779.24,40883.62,5.2555
ADS00002162,AD00062,2026-03-15,150268,7714,1013,37002.13,685105.67,18.5153
ADS00002163,AD00063,2025-06-23,172414,7081,627,16189.19,218587.01,13.502
ADS00002164,AD00064,2025-04-25,163366,11360,781,43185.09,350848.91,8.1243
ADS00002165,AD00065,2026-02-19,62346,1948,149,1598.52,36871.96,23.0663
ADS00002166,AD00066,2026-02-21,153287,4656,533,14674.76,197985.83,13.4916
ADS00002167,AD00067,2025-08-18,153632,2175,62,9046.35,14336.56,1.5848
ADS00002168,AD00068,2026-08-05,157251,5209,259,18060.71,160776.9,8.902
ADS00002169,AD00069,2025-09-20,173395,12720,370,4307.76,176562.7,40.9871
ADS00002170,AD00070,2026-06-28,147913,4788,555,3191.24,36318.42,11.3807
ADS00002171,AD00071,2026-06-28,2545,200,18,96.26,5400.65,56.1048
ADS00002172,AD00072,2025-10-07,16326,411,33,505.9,14996.51,29.6432
ADS00002173,AD00073,2025-04-29,176029,11030,1551,37321.51,642419.17,17.2131
ADS00002174,AD00074,2025-06-21,127323,6813,718,29168.37,282046.11,9.6696
ADS00002175,AD00075,2026-04-11,59638,2500,215,5455.15,29625.86,5.4308
ADS00002176,AD00076,2025-04-17,113278,7895,678,15759.66,452790.81,28.731
ADS00002177,AD00077,2025-09-25,11134,268,26,617.4,6893.14,11.1648
ADS00002178,AD00078,2025-02-11,64614,795,114,3507.58,39616.76,11.2946
ADS00002179,AD00079,2026-01-11,156815,7117,368,29807.23,104199.12,3.4958
ADS00002180,AD00080,2025-08-16,171803,7959,700,37863.63,93970.89,2.4818
ADS00002181,AD00081,2025-06-17,8997,278,18,1220.28,1361.87,1.116
ADS00002182,AD00082,2026-08-06,53764,3274,335,13207.04,52384.18,3.9664
ADS00002183,AD00083,2026-01-09,61927,2697,171,12386.9,89656.22,7.238
ADS00002184,AD00084,2025-09-03,150252,7442,1076,6747.59,262875.96,38.9585
ADS00002185,AD00085,2026-08-09,117435,8459,675,24733.07,429729.43,17.3747
ADS00002186,AD00086,2025-11-13,127660,4014,238,14107.08,129127.85,9.1534
ADS00002187,AD00087,2025-02-02,80088,6172,603,5619.37,48033.41,8.5478
ADS00002188,AD00088,2025-04-22,160376,1666,33,2872.79,19459.12,6.7736
ADS00002189,AD00089,2025-02-11,119530,4077,264,11302.77,100837.41,8.9215
ADS00002190,AD00090,2026-08-13,172968,9321,1097,12833.36,613029.45,47.7684
ADS00002191,AD00091,2025-05-01,116130,3825,428,17877.75,108593.68,6.0742
ADS00002192,AD00092,2025-02-11,137418,10355,1196,6118.18,434635.99,71.0401
ADS00002193,AD00093,2026-08-19,84624,3783,415,15432.93,254446.25,16.4872
ADS00002194,AD00094,2025-10-05,69839,2363,137,10400.38,16810.67,1.6164
ADS00002195,AD00095,2025-01-29,34146,888,17,694.56,8936.79,12.8668
ADS00002196,AD00096,2026-08-17,102635,5414,668,1892.77,287601.92,151.9476
ADS00002197,AD00097,2025-05-01,116354,6027,864,10070.56,144639.92,14.3626
ADS00002198,AD00098,2025-05-29,77672,5266,677,2520.42,366400.58,145.3728
ADS00002199,AD00099,2026-03-15,44994,655,82,2425.25,35313.07,14.5606
ADS00002200,AD00100,2025-08-23,53938,1282,187,1582.39,58412.8,36.9143
ADS00002201,AD00001,2025-06-20,122024,9162,1001,3990.28,124995.77,31.3251
ADS00002202,AD00002,2025-06-24,40314,893,85,1325.45,52597.64,39.6829
ADS00002203,AD00003,2025-08-31,62384,2780,201,3137.18,125824.25,40.1074
ADS00002204,AD00004,2026-05-20,120778,2270,308,7171.43,56750.76,7.9135
ADS00002205,AD00005,2025-12-10,113710,7141,935,6856.13,392077.58,57.1864
ADS00002206,AD00006,2025-04-04,43950,1863,140,6082.85,79203.52,13.0208
ADS00002207,AD00007,2026-08-06,116377,6154,219,18319.22,62725.72,3.424
ADS00002208,AD00008,2026-08-22,60875,3609,285,2555.21,107526.0,42.0811
ADS00002209,AD00009,2026-06-07,126391,5856,324,22451.91,199996.43,8.9078
ADS00002210,AD00010,2026-07-22,25400,423,14,1861.87,1375.95,0.739
ADS00002211,AD00011,2025-06-09,82090,1980,198,2525.79,128625.39,50.9248
ADS00002212,AD00012,2026-07-28,38995,2351,207,3362.27,102826.9,30.5826
ADS00002213,AD00013,2026-03-30,154155,8950,318,11071.36,50891.45,4.5967
ADS00002214,AD00014,2026-07-15,158211,10359,1548,35655.82,333825.89,9.3625
ADS00002215,AD00015,2026-07-04,66069,1951,283,6714.19,123117.21,18.3369
ADS00002216,AD00016,2025-01-31,168966,8009,474,3038.81,152897.72,50.315
ADS00002217,AD00017,2025-04-11,76898,5964,443,20997.9,57516.34,2.7391
ADS00002218,AD00018,2026-05-26,105310,950,133,336.07,51082.27,151.9989
ADS00002219,AD00019,2025-08-09,147048,9409,419,29788.25,255457.28,8.5758
ADS00002220,AD00020,2026-05-25,83164,962,90,1104.14,54684.6,49.5269
ADS00002221,AD00021,2025-09-06,142220,3884,474,12630.81,239421.88,18.9554
ADS00002222,AD00022,2026-05-31,35179,2345,140,4510.82,17169.49,3.8063
ADS00002223,AD00023,2025-06-07,75901,5101,632,19458.3,379397.17,19.498
ADS00002224,AD00024,2026-07-29,16637,1032,117,2368.99,20819.99,8.7886
ADS00002225,AD00025,2025-01-25,115456,4126,577,15244.32,152491.3,10.0032
ADS00002226,AD00026,2026-03-27,138739,4422,387,11382.26,182534.62,16.0368
ADS00002227,AD00027,2025-11-24,137047,7316,940,5696.83,76172.69,13.3711
ADS00002228,AD00028,2025-05-15,176206,8260,872,8341.09,96292.93,11.5444
ADS00002229,AD00029,2025-12-07,95544,1032,36,3022.9,5966.08,1.9736
ADS00002230,AD00030,2025-04-01,64950,2458,225,3920.24,98929.07,25.2355
ADS00002231,AD00031,2025-05-30,176469,11578,651,38470.94,75848.07,1.9716
ADS00002232,AD00032,2026-08-20,55774,738,100,3241.56,65177.27,20.1068
ADS00002233,AD00033,2026-02-17,64741,4724,348,20239.81,184256.16,9.1037
ADS00002234,AD00034,2025-04-26,6017,108,7,456.47,2140.96,4.6903
ADS00002235,AD00035,2026-01-29,154769,10946,686,50177.71,143170.04,2.8533
ADS00002236,AD00036,2025-03-06,89185,2658,93,5029.73,6261.76,1.2449
ADS00002237,AD00037,2026-07-21,133717,2039,53,5895.08,12188.66,2.0676
ADS00002238,AD00038,2026-05-03,49494,1776,51,602.67,4391.81,7.2873
ADS00002239,AD00039,2026-06-06,175246,7463,760,16689.07,46216.83,2.7693
ADS00002240,AD00040,2025-10-11,120022,8563,284,14997.17,48781.49,3.2527
ADS00002241,AD00041,2025-08-17,142537,8428,931,26848.16,333006.09,12.4033
ADS00002242,AD00042,2026-03-20,46611,767,30,787.53,4912.49,6.2378
ADS00002243,AD00043,2025-03-26,130409,2827,67,6065.37,18901.71,3.1163
ADS00002244,AD00044,2026-03-07,111360,4979,206,3399.0,43999.74,12.9449
ADS00002245,AD00045,2026-01-12,94244,4449,247,16581.77,42687.73,2.5744
ADS00002246,AD00046,2025-08-21,55092,1775,32,7071.4,14883.88,2.1048
ADS00002247,AD00047,2025-03-15,30868,1635,220,3486.47,41942.05,12.0299
ADS00002248,AD00048,2025-08-25,141550,6611,827,8469.17,490144.78,57.874
ADS00002249,AD00049,2026-02-17,114071,9057,908,14008.44,137027.69,9.7818
ADS00002250,AD00050,2025-04-12,54516,1237,151,1326.65,55011.35,41.4664
ADS00002251,AD00051,2025-04-01,165777,2938,264,2112.43,49780.09,23.5653
ADS00002252,AD00052,2025-10-14,146206,3903,534,9896.23,281108.57,28.4056
ADS00002253,AD00053,2026-01-29,163361,3667,525,2309.52,289660.71,125.4203
ADS00002254,AD00054,2025-07-13,2378,83,5,253.66,3227.93,12.7254
ADS00002255,AD00055,2025-06-04,136134,5094,511,4002.96,49259.93,12.3059
ADS00002256,AD00056,2026-08-07,60464,2469,222,7495.37,18861.72,2.5164
ADS00002257,AD00057,2025-01-20,114472,6704,183,8784.65,59773.29,6.8043
ADS00002258,AD00058,2025-07-01,57347,1989,86,8923.54,9175.37,1.0282
ADS00002259,AD00059,2026-06-07,50458,2032,209,1916.49,87295.66,45.5498
ADS00002260,AD00060,2025-05-06,142134,10565,896,48248.79,583858.97,12.101
ADS00002261,AD00061,2026-05-12,159549,1482,191,4808.83,80664.6,16.7743
ADS00002262,AD00062,2026-03-30,73746,1222,103,1932.61,31641.44,16.3724
ADS00002263,AD00063,2025-06-27,58955,2354,258,9159.08,156751.88,17.1144
ADS00002264,AD00064,2025-03-18,149617,2427,195,5298.52,100254.76,18.9213
ADS00002265,AD00065,2026-03-04,59281,1994,203,8437.05,68454.96,8.1136
ADS00002266,AD00066,2026-02-20,119169,5593,350,23331.31,227608.26,9.7555
ADS00002267,AD00067,2025-09-03,15743,499,59,1890.72,23964.88,12.675
ADS00002268,AD00068,2026-07-10,66580,793,82,1365.11,26902.66,19.7073
ADS00002269,AD00069,2025-08-27,55331,1964,160,7965.99,88132.46,11.0636
ADS00002270,AD00070,2026-07-11,168303,5865,359,24196.28,115340.47,4.7669
ADS00002271,AD00071,2026-06-30,35499,1574,144,7243.59,91566.69,12.6411
ADS00002272,AD00072,2025-10-15,64545,945,98,2668.53,18581.27,6.9631
ADS00002273,AD00073,2025-05-02,110587,2039,53,5399.57,4947.22,0.9162
ADS00002274,AD00074,2025-06-27,81183,5146,457,14727.1,72225.45,4.9043
ADS00002275,AD00075,2026-04-06,39154,1985,141,3254.13,52091.66,16.0079
ADS00002276,AD00076,2025-04-09,139111,4373,311,19484.87,125915.89,6.4622
ADS00002277,AD00077,2025-07-25,41918,905,16,1176.55,6868.72,5.838
ADS00002278,AD00078,2025-01-22,154596,8001,1196,7394.91,759643.9,102.7252
ADS00002279,AD00079,2026-02-17,37192,2621,254,7505.18,132486.84,17.6527
ADS00002280,AD00080,2025-08-22,153022,1594,156,3699.85,61701.51,16.6768
ADS00002281,AD00081,2025-07-11,114993,4102,594,6324.96,385368.05,60.9281
ADS00002282,AD00082,2026-07-28,2196,120,10,534.21,3448.23,6.4548
ADS00002283,AD00083,2026-01-11,39326,700,97,3240.1,56527.38,17.4462
ADS00002284,AD00084,2025-09-03,78503,1880,277,1498.59,71693.41,47.8406
ADS00002285,AD00085,2026-08-01,2194,147,9,89.99,5056.9,56.194
ADS00002286,AD00086,2025-11-30,86152,5883,881,7103.68,193736.06,27.2726
ADS00002287,AD00087,2025-02-13,93584,3295,163,10457.79,86330.76,8.2552
ADS00002288,AD00088,2025-05-07,108156,4757,121,8072.77,23001.46,2.8493
ADS00002289,AD00089,2025-01-26,39085,2267,77,1781.67,44384.55,24.9118
ADS00002290,AD00090,2026-08-15,151973,7178,215,9151.43,39081.98,4.2706
ADS00002291,AD00091,2025-05-31,136441,8028,481,27866.94,149445.48,5.3628
ADS00002292,AD00092,2025-04-05,123115,3445,351,1351.28,135694.76,100.4194
ADS00002293,AD00093,2026-08-16,104651,1373,56,609.66,6867.89,11.2651
ADS00002294,AD00094,2025-09-21,69458,3339,471,6271.81,108158.85,17.2452
ADS00002295,AD00095,2025-01-24,119729,8482,1076,12470.07,301277.51,24.16
ADS00002296,AD00096,2026-07-30,104325,7962,514,7650.4,299716.64,39.1766
ADS00002297,AD00097,2025-04-12,45810,2785,185,1017.22,37334.0,36.702
ADS00002298,AD00098,2025-06-09,152705,7201,711,29204.06,345304.65,11.8239
ADS00002299,AD00099,2026-03-03,83869,2917,341,3246.61,47717.95,14.6978
ADS00002300,AD00100,2025-09-01,140651,6330,859,23464.57,439743.2,18.7407
ADS00002301,AD00001,2025-06-11,28435,1357,27,1354.19,6338.48,4.6806
ADS00002302,AD00002,2025-06-20,31612,848,39,2272.62,10075.14,4.4333
ADS00002303,AD00003,2025-09-09,122994,3376,236,7617.59,26891.7,3.5302
ADS00002304,AD00004,2026-06-08,46579,3112,111,6648.81,30895.27,4.6467
ADS00002305,AD00005,2025-12-18,106490,4761,635,19469.81,98813.72,5.0752
ADS00002306,AD00006,2025-02-04,137312,10262,502,46698.06,222220.07,4.7587
ADS00002307,AD00007,2026-07-26,24817,1234,159,5757.8,82504.18,14.3291
ADS00002308,AD00008,2026-08-21,1795,97,8,359.18,3059.54,8.5181
ADS00002309,AD00009,2026-07-03,71519,2302,40,2520.09,27034.84,10.7277
ADS00002310,AD00010,2026-07-18,91200,5593,113,26008.42,64363.88,2.4747
ADS00002311,AD00011,2025-06-07,33719,1253,114,1244.28,76162.3,61.2099
ADS00002312,AD00012,2026-08-13,81787,5620,618,2035.79,120169.92,59.0286
ADS00002313,AD00013,2026-03-24,6532,201,3,601.35,539.03,0.8964
ADS00002314,AD00014,2026-07-06,19288,1022,49,1129.67,5865.89,5.1926
ADS00002315,AD00015,2026-06-22,125881,5890,545,14376.56,48745.97,3.3907
ADS00002316,AD00016,2025-04-02,8960,491,24,809.06,9402.07,11.621
ADS00002317,AD00017,2025-05-13,8857,88,11,164.48,2842.07,17.2791
ADS00002318,AD00018,2026-05-16,32099,2459,231,6131.96,145277.93,23.6919
ADS00002319,AD00019,2025-08-01,105940,8441,279,24099.9,72294.45,2.9998
ADS00002320,AD00020,2026-06-05,104713,2588,281,2483.58,90573.02,36.4687
ADS00002321,AD00021,2025-09-12,63626,1721,117,6646.14,21115.16,3.1771
ADS00002322,AD00022,2026-06-06,155289,5912,795,24230.66,406551.93,16.7784
ADS00002323,AD00023,2025-05-29,146664,6930,238,8628.92,59242.28,6.8655
ADS00002324,AD00024,2026-07-07,55779,1077,135,1766.59,21568.12,12.2089
ADS00002325,AD00025,2025-01-22,75469,2692,257,12053.54,84707.96,7.0276
ADS00002326,AD00026,2026-02-22,31753,1595,109,3174.86,11472.45,3.6135
ADS00002327,AD00027,2025-11-23,88514,5740,632,23376.69,173070.45,7.4035
ADS00002328,AD00028,2025-05-16,125783,3289,153,7102.93,63481.35,8.9373
ADS00002329,AD00029,2025-10-12,147515,10474,1489,35001.35,801888.65,22.9102
ADS00002330,AD00030,2025-03-04,26858,431,19,881.24,10530.44,11.9496
ADS00002331,AD00031,2025-05-27,84991,2530,208,11703.46,128026.09,10.9392
ADS00002332,AD00032,2026-08-22,4158,78,7,174.9,736.01,4.2082
ADS00002333,AD00033,2026-02-17,64790,5016,727,12655.91,93831.86,7.4141
ADS00002334,AD00034,2025-05-19,75805,1488,23,4141.88,12583.2,3.038
ADS00002335,AD00035,2026-02-16,28153,240,24,531.74,11373.64,21.3895
ADS00002336,AD00036,2025-02-23,73890,2595,204,8794.08,30699.09,3.4909
ADS00002337,AD00037,2026-05-07,65302,1851,179,3045.1,35401.62,11.6258
ADS00002338,AD00038,2026-03-29,22257,228,10,143.0,1134.92,7.9365
ADS00002339,AD00039,2026-06-05,57766,4473,571,9502.48,148824.86,15.6617
ADS00002340,AD00040,2025-09-26,80612,670,44,775.78,24243.41,31.2504
ADS00002341,AD00041,2025-08-07,101484,4187,330,1491.67,100504.31,67.377
ADS00002342,AD00042,2026-04-17,51940,607,24,1783.36,9407.9,5.2754
ADS00002343,AD00043,2025-02-23,123372,3768,346,5854.57,26305.31,4.4931
ADS00002344,AD00044,2026-03-02,179355,9152,647,38094.53,163318.57,4.2872
ADS00002345,AD00045,2026-01-05,12858,1022,22,4438.44,8344.55,1.8801
ADS00002346,AD00046,2025-08-15,139729,3026,346,6858.09,214742.12,31.3122
ADS00002347,AD00047,2025-03-07,56517,3264,381,5872.56,192723.77,32.8177
ADS00002348,AD00048,2025-08-29,77503,1058,20,4078.02,9745.55,2.3898
ADS00002349,AD00049,2026-02-27,153340,2287,167,9003.46,104305.54,11.5851
ADS00002350,AD00050,2025-04-30,27463,1772,53,2151.47,27038.81,12.5676
ADS00002351,AD00051,2025-04-05,101431,7958,894,10309.76,170667.89,16.554
ADS00002352,AD00052,2025-10-14,23136,1365,71,4376.61,10423.71,2.3817
ADS00002353,AD00053,2026-02-03,80005,1763,107,672.32,14240.36,21.1809
ADS00002354,AD00054,2025-07-10,99354,2349,85,6680.25,15255.61,2.2837
ADS00002355,AD00055,2025-06-05,38472,2802,338,9112.19,123082.12,13.5074
ADS00002356,AD00056,2026-08-03,15368,414,26,1546.78,11369.58,7.3505
ADS00002357,AD00057,2025-01-12,40568,2638,354,9039.82,235526.77,26.0544
ADS00002358,AD00058,2025-07-06,78012,4660,457,3213.15,119283.22,37.1235
ADS00002359,AD00059,2026-05-19,174625,13763,538,36445.13,181071.98,4.9683
ADS00002360,AD00060,2025-05-04,90771,1819,78,3079.11,32553.13,10.5723
ADS00002361,AD00061,2026-05-01,54829,1109,121,4598.32,36501.85,7.9381
ADS00002362,AD00062,2026-04-02,30307,299,35,120.17,14044.65,116.8732
ADS00002363,AD00063,2025-06-25,96761,6437,464,13656.98,144752.55,10.5992
ADS00002364,AD00064,2025-03-08,15906,1011,147,468.3,40446.33,86.3684
ADS00002365,AD00065,2026-03-22,26266,1763,70,7474.4,25621.36,3.4279
ADS00002366,AD00066,2026-02-18,44226,635,32,721.68,18216.53,25.2418
ADS00002367,AD00067,2025-07-24,117896,7531,727,27355.65,491264.01,17.9584
ADS00002368,AD00068,2026-07-28,7107,65,8,255.72,4354.73,17.0293
ADS00002369,AD00069,2025-08-07,56775,4305,198,18196.27,75929.36,4.1728
ADS00002370,AD00070,2026-06-14,78202,1039,31,4601.9,13071.66,2.8405
ADS00002371,AD00071,2026-07-16,50317,1198,68,3899.12,19688.62,5.0495
ADS00002372,AD00072,2025-10-13,89813,3705,391,7414.65,131285.7,17.7063
ADS00002373,AD00073,2025-04-19,166750,12154,574,24394.6,78266.88,3.2084
ADS00002374,AD00074,2025-06-23,91353,7178,774,12382.82,174565.77,14.0974
ADS00002375,AD00075,2026-05-01,2040,100,11,380.47,5412.83,14.2267
ADS00002376,AD00076,2025-04-18,116021,3770,174,12439.41,49178.07,3.9534
ADS00002377,AD00077,2025-08-02,90299,2036,118,6763.26,48409.41,7.1577
ADS00002378,AD00078,2025-01-27,167115,2066,130,3907.2,10964.93,2.8063
ADS00002379,AD00079,2025-12-21,59401,3386,195,14047.17,102708.24,7.3117
ADS00002380,AD00080,2025-08-16,47809,3269,172,1455.7,54551.27,37.4743
ADS00002381,AD00081,2025-05-14,112891,3034,238,12530.67,114173.14,9.1115
ADS00002382,AD00082,2026-08-04,91319,3404,367,6351.2,214547.38,33.7806
ADS00002383,AD00083,2026-01-02,136651,5254,183,13486.42,27735.49,2.0565
ADS00002384,AD00084,2025-09-10,34199,1503,132,5651.28,44946.44,7.9533
ADS00002385,AD00085,2026-08-03,158072,3799,254,14379.74,79687.03,5.5416
ADS00002386,AD00086,2025-11-19,72293,5580,796,21415.96,520814.87,24.319
ADS00002387,AD00087,2025-02-01,127775,7421,246,12195.96,156514.5,12.8333
ADS00002388,AD00088,2025-05-09,100091,1947,76,2556.71,25203.28,9.8577
ADS00002389,AD00089,2025-01-24,146411,3161,473,13187.72,284859.56,21.6004
ADS00002390,AD00090,2026-08-20,31231,1076,150,2562.4,48778.66,19.0363
ADS00002391,AD00091,2025-06-10,40495,2971,158,4399.19,58825.0,13.3718
ADS00002392,AD00092,2025-03-02,123519,3489,331,16007.9,154999.16,9.6827
ADS00002393,AD00093,2026-08-13,146006,5254,467,9967.86,38443.01,3.8567
ADS00002394,AD00094,2025-09-26,10643,228,6,776.55,3967.14,5.1087
ADS00002395,AD00095,2025-02-15,15719,291,10,139.4,3991.25,28.6316
ADS00002396,AD00096,2026-08-05,11677,681,96,362.97,42893.15,118.1727
ADS00002397,AD00097,2025-04-10,97942,6568,759,24694.74,61289.05,2.4819
ADS00002398,AD00098,2025-07-14,43794,1537,103,4215.56,48535.22,11.5134
ADS00002399,AD00099,2026-03-17,101222,6807,285,12565.87,64615.3,5.1421
ADS00002400,AD00100,2025-09-01,9046,316,16,430.01,4398.52,10.2289
ADS00002401,AD00001,2025-06-24,140345,9239,176,36519.99,107783.13,2.9513
ADS00002402,AD00002,2025-07-07,58810,4151,370,16142.5,26957.44,1.67
ADS00002403,AD00003,2025-09-14,61861,4782,169,15675.66,99710.1,6.3608
ADS00002404,AD00004,2026-05-31,71127,4430,400,14656.85,126907.31,8.6586
ADS00002405,AD00005,2025-11-26,64349,2663,258,4392.7,67756.65,15.4248
ADS00002406,AD00006,2025-03-29,143933,6068,781,16016.49,365183.9,22.8005
ADS00002407,AD00007,2026-07-27,76209,5506,785,4361.78,423352.8,97.0596
ADS00002408,AD00008,2026-08-21,6947,231,10,163.03,4498.33,27.592
ADS00002409,AD00009,2026-06-18,10951,496,49,1706.66,9309.97,5.4551
ADS00002410,AD00010,2026-08-07,75297,5884,301,24111.29,118185.32,4.9017
ADS00002411,AD00011,2025-06-14,121517,7658,289,35016.59,92246.72,2.6344
ADS00002412,AD00012,2026-08-07,98280,839,50,1201.74,32127.51,26.7342
ADS00002413,AD00013,2026-03-03,88923,4473,376,9831.95,188791.88,19.2019
ADS00002414,AD00014,2026-07-12,136455,8582,633,4645.0,391479.59,84.2798
ADS00002415,AD00015,2026-06-20,124840,3044,281,12227.27,76977.48,6.2956
ADS00002416,AD00016,2025-03-23,7836,274,9,1048.45,2397.97,2.2872
ADS00002417,AD00017,2025-04-28,128750,1815,153,4146.62,16142.67,3.893
ADS00002418,AD00018,2026-05-11,78905,1058,132,4734.45,66164.68,13.9752
ADS00002419,AD00019,2025-08-19,95523,1626,111,2782.49,19494.27,7.0061
ADS00002420,AD00020,2026-05-22,139009,8423,1242,33490.13,192393.94,5.7448
ADS00002421,AD00021,2025-10-01,109634,6099,347,21692.8,160664.99,7.4064
ADS00002422,AD00022,2026-04-26,6051,87,3,302.8,1405.06,4.6402
ADS00002423,AD00023,2025-04-12,106891,2892,187,7466.4,102784.79,13.7663
ADS00002424,AD00024,2026-07-08,19766,1044,81,3778.89,7897.83,2.09
ADS00002425,AD00025,2025-02-02,171000,2300,56,5659.49,23616.48,4.1729
ADS00002426,AD00026,2026-02-27,127032,9999,1419,41889.72,547977.13,13.0814
ADS00002427,AD00027,2025-12-20,74633,1582,129,1178.62,58769.94,49.8633
ADS00002428,AD00028,2025-06-23,41910,1596,158,6709.67,48331.79,7.2033
ADS00002429,AD00029,2025-10-22,146056,3192,356,10205.22,239597.71,23.478
ADS00002430,AD00030,2025-04-05,120841,9639,190,31986.5,65555.16,2.0495
ADS00002431,AD00031,2025-04-17,129927,10092,475,44162.94,255723.25,5.7904
ADS00002432,AD00032,2026-08-13,178631,10564,233,38328.44,152741.43,3.9851
ADS00002433,AD00033,2026-02-21,21662,1498,50,7019.82,32559.34,4.6382
ADS00002434,AD00034,2025-05-29,5882,286,15,1016.55,1391.99,1.3693
ADS00002435,AD00035,2026-02-03,111064,3550,302,16144.47,104756.25,6.4887
ADS00002436,AD00036,2025-03-20,170581,6600,686,6590.5,116140.72,17.6224
ADS00002437,AD00037,2026-05-23,104757,5769,358,13494.26,53236.94,3.9452
ADS00002438,AD00038,2026-04-21,149598,3277,383,1278.95,244628.16,191.2727
ADS00002439,AD00039,2026-06-02,42431,1414,187,5961.45,114229.94,19.1614
ADS00002440,AD00040,2025-10-31,153280,5291,198,6699.2,72953.45,10.8899
ADS00002441,AD00041,2025-08-08,174696,12872,1738,31102.8,398528.59,12.8133
ADS00002442,AD00042,2026-04-06,8228,475,44,401.91,23406.62,58.2385
ADS00002443,AD00043,2025-03-18,93144,6326,323,4990.33,29386.27,5.8886
ADS00002444,AD00044,2026-01-23,116585,7423,189,32386.96,36180.42,1.1171
ADS00002445,AD00045,2026-01-08,127365,8779,198,22127.58,107442.13,4.8556
ADS00002446,AD00046,2025-06-23,148337,2705,159,5178.42,36045.05,6.9606
ADS00002447,AD00047,2025-03-07,56075,4012,115,13117.3,26533.92,2.0228
ADS00002448,AD00048,2025-09-08,17823,974,31,1856.41,3082.96,1.6607
ADS00002449,AD00049,2026-02-04,39982,1862,235,4905.19,47887.56,9.7626
ADS00002450,AD00050,2025-04-21,77926,5342,640,11476.28,427317.82,37.2349
ADS00002451,AD00051,2025-04-03,65055,2110,256,6379.32,36824.93,5.7725
ADS00002452,AD00052,2025-10-28,17276,377,49,516.07,10852.61,21.0293
ADS00002453,AD00053,2026-02-06,145936,6203,926,18613.5,473816.27,25.4555
ADS00002454,AD00054,2025-08-10,20363,1613,149,6582.12,88137.54,13.3904
ADS00002455,AD00055,2025-06-06,40340,1724,230,5905.15,48841.93,8.2711
ADS00002456,AD00056,2026-08-08,37007,459,41,1469.12,6029.83,4.1044
ADS00002457,AD00057,2025-01-16,121278,7436,438,26273.15,285420.66,10.8636
ADS00002458,AD00058,2025-07-10,177115,10015,1142,28564.61,560863.47,19.6349
ADS00002459,AD00059,2026-06-20,178776,13942,1726,8575.81,1088355.62,126.91
ADS00002460,AD00060,2025-05-05,75118,3876,329,10737.57,41282.07,3.8446
ADS00002461,AD00061,2026-04-16,32673,1890,153,3565.38,22273.5,6.2472
ADS00002462,AD00062,2026-03-22,58739,4237,496,8825.22,337100.38,38.1974
ADS00002463,AD00063,2025-06-29,160380,8214,201,39318.51,94463.0,2.4025
ADS00002464,AD00064,2025-04-12,122514,8298,683,34683.06,49941.54,1.4399
ADS00002465,AD00065,2026-03-20,27925,1533,42,1901.11,22063.97,11.6058
ADS00002466,AD00066,2026-02-26,50417,2230,322,3063.3,201131.78,65.6585
ADS00002467,AD00067,2025-08-07,172736,9731,1391,23073.68,134450.21,5.827
ADS00002468,AD00068,2026-07-23,129880,7927,961,27613.69,422754.81,15.3096
ADS00002469,AD00069,2025-08-14,159386,4015,157,18007.89,73492.5,4.0811
ADS00002470,AD00070,2026-07-08,175977,7437,732,21123.74,472140.21,22.3512
ADS00002471,AD00071,2026-08-11,28722,2075,102,4947.84,31302.96,6.3266
ADS00002472,AD00072,2025-10-20,44651,2244,125,10310.92,78550.28,7.6182
ADS00002473,AD00073,2025-05-24,77175,1096,137,2229.39,11767.43,5.2783
ADS00002474,AD00074,2025-06-28,146822,3879,156,12718.17,31926.86,2.5103
ADS00002475,AD00075,2026-06-12,178126,7454,574,8204.79,98230.04,11.9723
ADS00002476,AD00076,2025-03-02,28161,1904,85,3189.85,48089.87,15.0759
ADS00002477,AD00077,2025-08-18,9002,276,10,391.57,5291.71,13.5141
ADS00002478,AD00078,2025-02-01,30652,1091,150,4416.24,60325.09,13.6598
ADS00002479,AD00079,2026-02-28,152069,3158,355,9580.95,201540.16,21.0355
ADS00002480,AD00080,2025-08-06,72480,1135,161,5018.76,56004.45,11.159
ADS00002481,AD00081,2025-05-11,18853,645,96,296.13,55232.9,186.5157
ADS00002482,AD00082,2026-07-27,145347,3622,404,2351.95,161290.04,68.5772
ADS00002483,AD00083,2025-12-30,89523,1380,129,6285.72,54241.85,8.6294
ADS00002484,AD00084,2025-09-07,139844,1846,180,947.28,27333.96,28.8552
ADS00002485,AD00085,2026-08-01,168300,5586,255,11501.92,15833.62,1.3766
ADS00002486,AD00086,2025-12-12,77239,4914,369,20274.31,69274.58,3.4169
ADS00002487,AD00087,2025-02-07,71631,4522,188,15722.49,126812.21,8.0657
ADS00002488,AD00088,2025-04-30,107703,6975,241,4018.17,107209.31,26.6811
ADS00002489,AD00089,2025-03-01,95383,6143,851,17057.61,56243.96,3.2973
ADS00002490,AD00090,2026-08-19,78924,2367,254,4515.66,51621.97,11.4318
ADS00002491,AD00091,2025-06-10,74793,777,18,1134.35,6639.9,5.8535
ADS00002492,AD00092,2025-03-31,174232,11136,940,16620.53,437011.75,26.2935
ADS00002493,AD00093,2026-08-15,116946,8093,1210,13539.95,820983.41,60.6342
ADS00002494,AD00094,2025-09-11,114946,8269,852,17548.39,403064.77,22.9688
ADS00002495,AD00095,2025-03-09,33899,2242,300,8361.05,171163.44,20.4715
ADS00002496,AD00096,2026-08-10,177573,12324,792,46939.84,527799.51,11.2442
ADS00002497,AD00097,2025-05-03,80247,5582,455,22174.14,294104.54,13.2634
ADS00002498,AD00098,2025-06-29,124027,8704,440,3113.63,94186.98,30.2499
ADS00002499,AD00099,2026-04-01,117246,3341,301,1829.3,49304.61,26.9527
ADS00002500,AD00100,2025-08-27,90054,6005,691,10377.63,426842.5,41.131
ADS00002501,AD00001,2025-07-15,47386,1596,42,6618.0,17093.83,2.5829
ADS00002502,AD00002,2025-07-04,56041,3474,265,1726.5,43886.19,25.4192
ADS00002503,AD00003,2025-09-18,164851,2794,415,10671.37,93479.65,8.7599
ADS00002504,AD00004,2026-05-23,13007,162,22,333.9,1736.63,5.201
ADS00002505,AD00005,2025-12-02,122924,6277,544,5469.13,284223.09,51.9686
ADS00002506,AD00006,2025-03-27,68545,2797,70,10479.29,11590.13,1.106
ADS00002507,AD00007,2026-07-26,111096,952,129,1602.53,7844.17,4.8949
ADS00002508,AD00008,2026-08-22,167367,5439,670,5412.02,301156.21,55.6458
ADS00002509,AD00009,2026-06-18,48214,2663,281,8062.2,81384.83,10.0946
ADS00002510,AD00010,2026-07-26,74886,1962,276,3890.16,96264.13,24.7455
ADS00002511,AD00011,2025-06-01,103633,3876,124,6464.2,49532.49,7.6626
ADS00002512,AD00012,2026-07-07,70697,4272,318,2045.17,179411.36,87.7244
ADS00002513,AD00013,2026-03-07,93138,3790,405,13159.08,146255.97,11.1145
ADS00002514,AD00014,2026-07-06,133911,8542,315,24259.97,70912.81,2.923
ADS00002515,AD00015,2026-07-19,158554,11561,1383,53364.67,338829.4,6.3493
ADS00002516,AD00016,2025-03-16,150929,7001,1024,22713.47,128623.05,5.6629
ADS00002517,AD00017,2025-03-26,55364,2421,288,2821.9,69010.15,24.4552
ADS00002518,AD00018,2026-05-15,86059,4585,556,13828.76,339805.55,24.5724
ADS00002519,AD00019,2025-08-02,84144,2979,394,4322.38,26807.26,6.202
ADS00002520,AD00020,2026-05-22,158878,5485,497,15442.41,49514.67,3.2064
ADS00002521,AD00021,2025-09-08,130133,6413,259,15063.06,89566.57,5.9461
ADS00002522,AD00022,2026-05-21,51119,2025,86,4572.48,58171.79,12.7222
ADS00002523,AD00023,2025-04-21,171166,4359,329,5998.49,196734.68,32.7974
ADS00002524,AD00024,2026-07-31,63247,4494,130,5051.68,11243.25,2.2256
ADS00002525,AD00025,2025-01-17,152791,11593,1450,21884.22,271602.46,12.4109
ADS00002526,AD00026,2026-03-25,127026,8541,1005,39315.07,522051.88,13.2787
ADS00002527,AD00027,2025-11-18,137557,8441,154,24424.41,18535.86,0.7589
ADS00002528,AD00028,2025-05-16,142679,9382,1065,37815.56,596116.65,15.7638
ADS00002529,AD00029,2025-10-25,82524,1854,225,5696.88,102227.03,17.9444
ADS00002530,AD00030,2025-03-24,43997,2020,46,3825.09,24417.3,6.3835
ADS00002531,AD00031,2025-05-14,87994,1741,214,1143.96,44148.44,38.5926
ADS00002532,AD00032,2026-08-16,106193,3887,393,7955.5,34044.25,4.2793
ADS00002533,AD00033,2026-02-11,154628,2243,173,3296.57,98905.85,30.0027
ADS00002534,AD00034,2025-06-13,2848,205,24,758.35,7388.79,9.7432
ADS00002535,AD00035,2026-01-27,65986,4953,97,14498.04,53446.5,3.6865
ADS00002536,AD00036,2025-02-24,17907,1318,36,2181.04,12706.83,5.826
ADS00002537,AD00037,2026-07-14,8922,347,30,294.22,13225.93,44.9525
ADS00002538,AD00038,2026-05-10,79446,4037,350,14837.23,219410.23,14.7878
ADS00002539,AD00039,2026-06-11,123203,2501,205,9416.14,28691.96,3.0471
ADS00002540,AD00040,2025-10-26,2261,167,13,697.46,3582.58,5.1366
ADS00002541,AD00041,2025-08-08,110618,1119,112,5208.54,32233.06,6.1885
ADS00002542,AD00042,2026-04-15,62435,2262,92,8829.07,54673.9,6.1925
ADS00002543,AD00043,2025-03-15,70580,3607,486,4897.73,192692.08,39.3431
ADS00002544,AD00044,2026-01-29,52215,3928,418,12412.95,280413.57,22.5904
ADS00002545,AD00045,2026-01-06,28250,2136,108,643.71,67143.8,104.3075
ADS00002546,AD00046,2025-07-19,40557,3194,358,1381.22,116858.82,84.6055
ADS00002547,AD00047,2025-03-14,73658,3370,437,10989.25,83604.11,7.6078
ADS00002548,AD00048,2025-09-29,93151,1487,125,5689.58,77028.44,13.5385
ADS00002549,AD00049,2026-02-07,170808,7332,685,33279.91,390562.64,11.7357
ADS00002550,AD00050,2025-05-04,43900,2575,263,12000.24,110304.36,9.1918
ADS00002551,AD00051,2025-03-25,6192,387,11,805.9,3580.67,4.4431
ADS00002552,AD00052,2025-10-15,33630,626,52,2334.21,7449.6,3.1915
ADS00002553,AD00053,2026-01-31,82281,3505,58,6131.77,19597.65,3.1961
ADS00002554,AD00054,2025-08-19,147187,8804,672,5227.78,193568.37,37.0269
ADS00002555,AD00055,2025-05-31,96015,1387,179,1771.2,70388.81,39.7407
ADS00002556,AD00056,2026-07-30,154815,11646,708,6569.43,179607.34,27.3399
ADS00002557,AD00057,2025-02-01,146611,8448,450,32511.69,255218.58,7.8501
ADS00002558,AD00058,2025-06-26,123826,3087,63,12236.47,5970.42,0.4879
ADS00002559,AD00059,2026-05-10,4287,266,21,472.74,5182.6,10.9629
ADS00002560,AD00060,2025-05-15,28225,637,16,1490.02,5940.24,3.9867
ADS00002561,AD00061,2026-06-03,147921,9181,856,19068.09,482970.28,25.3287
ADS00002562,AD00062,2026-04-08,159156,3877,456,9949.0,259591.54,26.0922
ADS00002563,AD00063,2025-07-08,123917,4086,287,11567.08,71069.17,6.1441
ADS00002564,AD00064,2025-05-08,18981,1516,24,1792.79,12607.36,7.0323
ADS00002565,AD00065,2026-03-06,66373,1341,74,992.42,32429.63,32.6773
ADS00002566,AD00066,2026-02-14,70221,1002,109,1505.8,46747.6,31.045
ADS00002567,AD00067,2025-07-28,129692,8826,478,22084.47,227518.58,10.3022
ADS00002568,AD00068,2026-08-04,101938,7656,395,20726.12,31307.24,1.5105
ADS00002569,AD00069,2025-09-03,42675,3038,327,2796.04,129825.5,46.4319
ADS00002570,AD00070,2026-07-03,67301,2971,166,7964.26,39879.66,5.0073
ADS00002571,AD00071,2026-08-01,151737,3778,94,9347.44,10888.94,1.1649
ADS00002572,AD00072,2025-10-24,97409,5269,611,16595.26,206416.82,12.4383
ADS00002573,AD00073,2025-04-26,117499,3209,68,11224.43,38483.43,3.4285
ADS00002574,AD00074,2025-06-26,123277,9556,970,30537.25,375041.03,12.2814
ADS00002575,AD00075,2026-04-16,154501,11573,579,38240.33,46596.52,1.2185
ADS00002576,AD00076,2025-03-04,20787,1404,47,6340.64,26924.73,4.2464
ADS00002577,AD00077,2025-07-22,114985,6601,945,15812.26,574219.48,36.3148
ADS00002578,AD00078,2025-01-24,93995,2994,346,5550.84,187911.24,33.8528
ADS00002579,AD00079,2026-02-16,100642,6017,523,22963.44,143175.36,6.2349
ADS00002580,AD00080,2025-09-01,108571,3220,379,14190.75,246992.88,17.4052
ADS00002581,AD00081,2025-05-10,65024,1881,218,7200.32,54007.42,7.5007
ADS00002582,AD00082,2026-07-23,163690,4691,151,16353.64,98087.34,5.9979
ADS00002583,AD00083,2025-12-30,64346,3628,206,13394.65,47172.71,3.5218
ADS00002584,AD00084,2025-09-29,156904,7245,1019,20650.07,365700.11,17.7094
ADS00002585,AD00085,2026-07-30,146566,11314,1580,41610.11,714001.64,17.1593
ADS00002586,AD00086,2025-12-12,15777,603,75,1164.86,26864.56,23.0625
ADS00002587,AD00087,2025-02-06,21775,722,50,1217.32,32545.26,26.7352
ADS00002588,AD00088,2025-05-06,64503,1165,76,3265.25,17200.31,5.2677
ADS00002589,AD00089,2025-02-12,148935,7687,976,29240.14,564997.62,19.3227
ADS00002590,AD00090,2026-08-21,37656,2518,165,11106.32,27570.78,2.4824
ADS00002591,AD00091,2025-04-14,52180,3432,247,7458.01,106907.86,14.3346
ADS00002592,AD00092,2025-03-06,79428,3705,530,15064.41,224878.71,14.9278
ADS00002593,AD00093,2026-08-16,73297,4572,175,9410.03,67683.36,7.1927
ADS00002594,AD00094,2025-10-15,117816,6629,418,25745.86,61261.62,2.3795
ADS00002595,AD00095,2025-03-20,120035,7964,859,20627.65,268178.94,13.0009
ADS00002596,AD00096,2026-08-06,177643,5771,319,18517.61,102590.37,5.5402
ADS00002597,AD00097,2025-05-08,149943,6707,500,4039.99,166814.15,41.2907
ADS00002598,AD00098,2025-05-25,65055,3344,120,3408.45,23681.17,6.9478
ADS00002599,AD00099,2026-04-21,56108,1543,149,1701.62,43593.28,25.6187
ADS00002600,AD00100,2025-09-04,142207,9067,735,7535.23,371779.64,49.3389
ADS00002601,AD00001,2025-07-08,1423,14,1,61.75,442.79,7.1707
ADS00002602,AD00002,2025-06-24,62929,2770,182,12029.37,19527.83,1.6233
ADS00002603,AD00003,2025-09-09,89610,4690,534,2815.73,232790.88,82.6751
ADS00002604,AD00004,2026-05-23,154558,4215,304,4811.64,122895.6,25.5413
ADS00002605,AD00005,2025-12-01,140924,8342,725,31658.21,317955.16,10.0434
ADS00002606,AD00006,2025-03-31,1308,94,12,411.84,4190.28,10.1745
ADS00002607,AD00007,2026-08-16,97740,2109,176,9706.55,113920.06,11.7364
ADS00002608,AD00008,2026-08-21,103924,3078,77,1633.88,23984.6,14.6795
ADS00002609,AD00009,2026-05-27,45223,2503,195,7880.46,30831.77,3.9124
ADS00002610,AD00010,2026-08-18,22170,1182,77,1689.04,43127.2,25.5336
ADS00002611,AD00011,2025-06-14,18565,518,52,1127.89,18633.82,16.521
ADS00002612,AD00012,2026-08-13,23154,1066,33,2975.81,19297.92,6.4849
ADS00002613,AD00013,2026-03-28,63801,2604,214,6899.94,68310.0,9.9001
ADS00002614,AD00014,2026-07-07,42124,1987,235,4017.86,17735.86,4.4143
ADS00002615,AD00015,2026-07-08,166888,9550,923,14783.93,118607.51,8.0227
ADS00002616,AD00016,2025-02-05,49608,2404,154,2257.6,13836.79,6.129
ADS00002617,AD00017,2025-04-07,149631,6821,749,21854.46,161780.09,7.4026
ADS00002618,AD00018,2026-05-20,139847,5522,427,9627.8,174308.58,18.1047
ADS00002619,AD00019,2025-08-08,149217,6067,816,17836.22,113802.01,6.3804
ADS00002620,AD00020,2026-06-05,106690,1223,51,1852.59,27837.57,15.0263
ADS00002621,AD00021,2025-09-06,27876,1209,102,3739.91,36336.7,9.7159
ADS00002622,AD00022,2026-04-29,152279,4021,286,14288.45,121332.61,8.4917
ADS00002623,AD00023,2025-06-01,14940,809,19,976.26,7853.98,8.045
ADS00002624,AD00024,2026-08-01,79204,923,60,4018.03,7050.87,1.7548
ADS00002625,AD00025,2025-02-05,24686,818,94,2243.03,34378.15,15.3267
ADS00002626,AD00026,2026-02-18,96022,6261,938,19550.83,545681.77,27.9109
ADS00002627,AD00027,2025-11-26,118097,1860,202,2096.62,131173.74,62.5644
ADS00002628,AD00028,2025-06-26,112875,3170,459,5210.51,96974.73,18.6114
ADS00002629,AD00029,2025-12-06,57916,4446,516,5218.61,79411.67,15.217
ADS00002630,AD00030,2025-03-08,70950,810,78,743.72,8577.51,11.5333
ADS00002631,AD00031,2025-04-09,1693,106,13,385.97,3699.22,9.5842
ADS00002632,AD00032,2026-08-18,176405,7626,306,11743.75,146332.34,12.4604
ADS00002633,AD00033,2026-02-17,172834,5596,505,26660.62,341669.17,12.8155
ADS00002634,AD00034,2025-05-22,122200,1668,158,1342.64,80159.93,59.7032
ADS00002635,AD00035,2026-02-06,160716,12326,1271,57338.44,490835.51,8.5603
ADS00002636,AD00036,2025-03-31,163946,7138,221,29922.21,59851.96,2.0003
ADS00002637,AD00037,2026-05-27,20215,1390,126,5225.87,83760.89,16.0281
ADS00002638,AD00038,2026-04-08,67810,3478,367,4765.82,97009.31,20.3552
ADS00002639,AD00039,2026-06-11,8304,125,14,272.49,8978.82,32.951
ADS00002640,AD00040,2025-10-07,24095,1733,142,5294.9,22086.93,4.1714
ADS00002641,AD00041,2025-08-18,95456,6811,528,14321.68,228227.34,15.9358
ADS00002642,AD00042,2026-03-27,171231,10636,575,40524.0,294403.97,7.2649
ADS00002643,AD00043,2025-04-13,84108,1733,132,4116.5,17619.54,4.2802
ADS00002644,AD00044,2026-03-24,48705,836,82,1813.3,51477.79,28.389
ADS00002645,AD00045,2026-01-06,29599,2216,65,8924.22,3972.62,0.4452
ADS00002646,AD00046,2025-07-16,22888,280,28,1160.25,6638.61,5.7217
ADS00002647,AD00047,2025-02-24,16807,1021,105,414.61,45869.06,110.6318
ADS00002648,AD00048,2025-10-15,30232,669,64,2002.47,19239.11,9.6077
ADS00002649,AD00049,2026-02-10,60019,1013,54,1588.36,22976.3,14.4654
ADS00002650,AD00050,2025-03-31,119915,7265,241,28413.39,128367.09,4.5178
ADS00002651,AD00051,2025-04-02,152778,8468,915,39833.65,588483.2,14.7735
ADS00002652,AD00052,2025-10-30,12357,761,107,785.62,50853.89,64.7309
ADS00002653,AD00053,2026-01-17,154016,2032,253,913.18,20402.6,22.3424
ADS00002654,AD00054,2025-07-09,173639,6157,788,20960.74,82600.41,3.9407
ADS00002655,AD00055,2025-06-19,160496,8335,537,28589.76,247255.69,8.6484
ADS00002656,AD00056,2026-08-06,147520,2831,170,3854.86,87567.75,22.7162
ADS00002657,AD00057,2025-02-02,158064,3618,467,11300.99,75007.35,6.6372
ADS00002658,AD00058,2025-06-24,12690,298,19,119.76,7404.98,61.8318
ADS00002659,AD00059,2026-05-24,34752,1582,233,6856.13,54754.5,7.9862
ADS00002660,AD00060,2025-05-09,39152,1111,124,4783.98,36507.57,7.6312
ADS00002661,AD00061,2026-05-28,10212,701,98,556.92,35662.41,64.0351
ADS00002662,AD00062,2026-03-21,50912,3568,479,4505.27,261136.25,57.9624
ADS00002663,AD00063,2025-06-25,12305,772,57,1589.08,17637.06,11.0989
ADS00002664,AD00064,2025-05-17,119652,4747,551,5535.82,171923.88,31.0566
ADS00002665,AD00065,2026-02-28,178575,13340,1004,43416.12,352735.55,8.1245
ADS00002666,AD00066,2026-02-16,41512,3204,207,4916.03,95176.77,19.3605
ADS00002667,AD00067,2025-08-21,26859,1970,127,4398.89,23255.27,5.2866
ADS00002668,AD00068,2026-07-17,64399,2071,110,1115.05,58887.0,52.8111
ADS00002669,AD00069,2025-08-22,105869,3926,483,14502.96,151805.15,10.4672
ADS00002670,AD00070,2026-07-04,4345,263,31,1052.4,17126.56,16.2738
ADS00002671,AD00071,2026-08-10,39745,1156,31,3562.37,14286.82,4.0105
ADS00002672,AD00072,2025-10-17,59352,1676,82,3697.78,38775.49,10.4862
ADS00002673,AD00073,2025-05-28,99781,4757,334,7997.79,128308.41,16.043
ADS00002674,AD00074,2025-06-30,111731,8130,640,7538.0,411125.63,54.5404
ADS00002675,AD00075,2026-04-19,35435,1796,81,3782.11,10618.59,2.8076
ADS00002676,AD00076,2025-03-29,29090,921,47,3563.09,25950.08,7.283
ADS00002677,AD00077,2025-07-10,164098,5068,359,14215.55,66113.95,4.6508
ADS00002678,AD00078,2025-03-04,94734,1706,79,7112.69,26678.97,3.7509
ADS00002679,AD00079,2026-03-04,126909,1523,68,6596.45,14922.16,2.2622
ADS00002680,AD00080,2025-08-16,66042,3847,165,6731.48,85942.28,12.7672
ADS00002681,AD00081,2025-05-17,49829,2156,150,8520.38,41976.47,4.9266
ADS00002682,AD00082,2026-07-26,25767,1919,165,1593.33,92545.64,58.0832
ADS00002683,AD00083,2026-01-08,24764,610,32,2855.82,3162.97,1.1076
ADS00002684,AD00084,2025-09-21,110947,5956,578,8507.21,192026.53,22.5722
ADS00002685,AD00085,2026-08-09,179258,13910,1740,11550.63,779109.59,67.4517
ADS00002686,AD00086,2025-12-13,169218,11484,1621,45178.88,729829.46,16.1542
ADS00002687,AD00087,2025-01-31,175246,2096,114,1518.9,77433.77,50.9802
ADS00002688,AD00088,2025-04-19,113504,6049,329,9290.05,203310.46,21.8848
ADS00002689,AD00089,2025-03-24,12010,388,32,806.21,20070.38,24.8947
ADS00002690,AD00090,2026-08-17,106138,7426,124,16400.3,50800.15,3.0975
ADS00002691,AD00091,2025-04-04,115118,6502,858,29284.24,236789.43,8.0859
ADS00002692,AD00092,2025-02-07,63492,1001,74,3671.52,33712.12,9.1821
ADS00002693,AD00093,2026-08-16,56653,3152,206,5502.93,97891.13,17.7889
ADS00002694,AD00094,2025-09-12,64044,4588,471,6215.62,127200.08,20.4646
ADS00002695,AD00095,2025-01-28,16638,1034,117,2259.96,16051.11,7.1024
ADS00002696,AD00096,2026-07-18,1187,32,3,95.06,563.49,5.9277
ADS00002697,AD00097,2025-04-27,70291,769,109,2085.43,20546.06,9.8522
ADS00002698,AD00098,2025-07-05,126481,7556,586,27196.49,61388.93,2.2572
ADS00002699,AD00099,2026-03-03,162727,7993,185,31274.59,97584.97,3.1203
ADS00002700,AD00100,2025-08-16,8571,318,19,258.4,6780.0,26.2384
ADS00002701,AD00001,2025-06-18,150946,6981,334,4267.58,124143.4,29.0899
ADS00002702,AD00002,2025-06-20,127286,3188,255,5676.67,172241.82,30.3421
ADS00002703,AD00003,2025-09-25,91164,3979,211,3330.64,53274.27,15.9952
ADS00002704,AD00004,2026-05-25,29721,1075,111,1548.59,34513.1,22.2868
ADS00002705,AD00005,2025-12-13,104208,6350,182,17787.22,57607.65,3.2387
ADS00002706,AD00006,2025-04-01,51311,1549,110,1500.06,54972.14,36.6466
ADS00002707,AD00007,2026-07-30,26900,1168,164,2557.1,46980.4,18.3725
ADS00002708,AD00008,2026-08-22,38925,1966,227,4921.7,36178.28,7.3508
ADS00002709,AD00009,2026-06-17,97430,1146,44,1588.8,3264.03,2.0544
ADS00002710,AD00010,2026-08-19,47725,2900,159,8980.02,29969.46,3.3373
ADS00002711,AD00011,2025-05-28,65970,2607,381,10684.8,83889.23,7.8513
ADS00002712,AD00012,2026-06-25,130698,4400,367,19191.86,177349.22,9.2409
ADS00002713,AD00013,2026-04-22,15095,323,25,1492.7,16951.64,11.3564
ADS00002714,AD00014,2026-07-15,144349,7983,261,33854.91,119462.65,3.5287
ADS00002715,AD00015,2026-07-07,19144,797,83,718.77,48782.92,67.87
ADS00002716,AD00016,2025-03-26,127308,1590,209,4412.86,127054.48,28.7919
ADS00002717,AD00017,2025-04-19,90459,1872,232,1292.21,102360.97,79.2139
ADS00002718,AD00018,2026-05-05,151718,2614,148,6969.68,47616.19,6.8319
ADS00002719,AD00019,2025-08-15,112825,2473,201,4987.62,111951.89,22.446
ADS00002720,AD00020,2026-05-24,170993,13050,1409,59080.14,264182.5,4.4716
ADS00002721,AD00021,2025-09-19,122902,2639,140,9874.23,8559.03,0.8668
ADS00002722,AD00022,2026-04-26,100337,5252,226,14569.85,119711.0,8.2164
ADS00002723,AD00023,2025-05-04,158040,1416,73,3024.22,46468.39,15.3654
ADS00002724,AD00024,2026-06-27,83447,5669,687,25808.3,383770.63,14.87
ADS00002725,AD00025,2025-01-19,89444,5356,212,5145.84,26190.85,5.0897
ADS00002726,AD00026,2026-02-06,85685,953,74,1028.12,39020.27,37.953
ADS00002727,AD00027,2025-12-19,178691,8759,372,24714.25,72372.39,2.9284
ADS00002728,AD00028,2025-05-05,165446,5795,609,17531.79,366832.19,20.9238
ADS00002729,AD00029,2025-10-10,117488,8883,926,13472.87,329310.94,24.4425
ADS00002730,AD00030,2025-02-25,117836,9393,1367,30222.97,395033.84,13.0706
ADS00002731,AD00031,2025-04-17,120639,4401,446,19845.0,29921.34,1.5078
ADS00002732,AD00032,2026-08-16,41296,585,49,2494.32,19726.84,7.9087
ADS00002733,AD00033,2026-02-20,142294,8376,741,36340.69,355648.21,9.7865
ADS00002734,AD00034,2025-06-17,30307,2018,101,8824.28,12110.86,1.3724
ADS00002735,AD00035,2026-02-06,172319,2446,95,4749.57,22284.51,4.6919
ADS00002736,AD00036,2025-03-21,15524,890,34,2684.25,5137.29,1.9139
ADS00002737,AD00037,2026-05-21,173426,10918,1358,43444.01,906295.64,20.8612
ADS00002738,AD00038,2026-04-25,29833,2072,187,2235.56,124248.99,55.5785
ADS00002739,AD00039,2026-06-09,16361,623,78,332.81,14886.0,44.7282
ADS00002740,AD00040,2025-10-02,85084,6032,871,2446.19,258495.49,105.6727
ADS00002741,AD00041,2025-08-14,120754,7331,845,32733.36,309595.79,9.4581
ADS00002742,AD00042,2026-03-26,170771,2551,332,8216.9,175753.36,21.3893
ADS00002743,AD00043,2025-04-27,148657,11173,411,52181.43,132806.47,2.5451
ADS00002744,AD00044,2026-03-20,101458,1499,49,798.14,18567.83,23.2639
ADS00002745,AD00045,2026-01-07,165600,5235,571,6397.28,205077.48,32.057
ADS00002746,AD00046,2025-08-19,167034,6437,586,29363.89,247048.37,8.4133
ADS00002747,AD00047,2025-03-07,16313,131,4,396.5,2709.35,6.8332
ADS00002748,AD00048,2025-10-14,75696,3596,93,12828.11,24596.59,1.9174
ADS00002749,AD00049,2026-02-03,163649,11998,1072,9747.08,722478.65,74.1226
ADS00002750,AD00050,2025-03-24,141159,8422,301,28779.3,119549.66,4.154
ADS00002751,AD00051,2025-03-23,15698,709,92,1591.7,51962.93,32.6462
ADS00002752,AD00052,2025-11-05,2238,102,6,382.61,672.48,1.7576
ADS00002753,AD00053,2026-01-30,67911,2857,124,13062.59,50216.95,3.8443
ADS00002754,AD00054,2025-08-23,17516,1273,54,6065.65,17033.3,2.8082
ADS00002755,AD00055,2025-05-24,46037,2521,309,9340.08,104150.74,11.1509
ADS00002756,AD00056,2026-07-30,128290,6930,961,8630.27,460311.87,53.3369
ADS00002757,AD00057,2025-02-03,32788,530,23,2224.57,2562.98,1.1521
ADS00002758,AD00058,2025-06-24,8314,538,10,733.21,3946.36,5.3823
ADS00002759,AD00059,2026-06-09,73923,3859,165,5647.27,106531.73,18.8643
ADS00002760,AD00060,2025-05-13,20708,714,66,287.23,39007.41,135.8055
ADS00002761,AD00061,2026-05-20,46052,3459,425,11278.46,60244.21,5.3415
ADS00002762,AD00062,2026-03-22,26838,341,7,210.77,4164.65,19.7592
ADS00002763,AD00063,2025-07-03,66237,3868,111,14042.95,39682.87,2.8258
ADS00002764,AD00064,2025-05-25,64095,1113,83,725.54,23054.57,31.7757
ADS00002765,AD00065,2026-02-19,119596,3493,372,7656.43,62483.41,8.1609
ADS00002766,AD00066,2026-02-17,140909,7043,179,4003.44,21579.16,5.3902
ADS00002767,AD00067,2025-08-18,137107,2269,292,1221.43,151765.51,124.2523
ADS00002768,AD00068,2026-07-10,167723,3440,195,7569.62,42661.69,5.6359
ADS00002769,AD00069,2025-09-07,46200,436,56,2048.35,17382.76,8.4862
ADS00002770,AD00070,2026-06-17,65584,3280,176,5483.06,21393.5,3.9017
ADS00002771,AD00071,2026-06-24,22639,454,25,687.03,14020.73,20.4077
ADS00002772,AD00072,2025-09-30,42865,560,24,748.66,14956.19,19.9773
ADS00002773,AD00073,2025-04-23,13589,397,36,1804.7,8088.26,4.4818
ADS00002774,AD00074,2025-06-18,48226,3417,504,7428.35,279175.64,37.5825
ADS00002775,AD00075,2026-05-23,40129,2462,155,10512.09,20816.82,1.9803
ADS00002776,AD00076,2025-03-01,88348,5879,123,12640.41,40205.0,3.1807
ADS00002777,AD00077,2025-09-04,2728,165,24,497.55,8081.15,16.2419
ADS00002778,AD00078,2025-02-23,9642,733,43,2279.13,3699.95,1.6234
ADS00002779,AD00079,2025-12-30,84037,3086,407,6852.78,106995.79,15.6135
ADS00002780,AD00080,2025-08-25,103980,4451,380,17175.64,63582.63,3.7019
ADS00002781,AD00081,2025-06-27,142703,9286,724,6285.14,269261.25,42.8409
ADS00002782,AD00082,2026-08-02,90716,3340,71,6756.37,20978.28,3.105
ADS00002783,AD00083,2026-01-09,117117,6558,658,5291.65,215721.44,40.7664
ADS00002784,AD00084,2025-09-02,71216,3518,108,4940.68,11872.09,2.4029
ADS00002785,AD00085,2026-08-04,84235,2418,224,2819.43,81264.69,28.8231
ADS00002786,AD00086,2025-11-20,79933,3870,313,11452.86,182119.2,15.9016
ADS00002787,AD00087,2025-02-03,38319,836,30,782.56,14020.98,17.9168
ADS00002788,AD00088,2025-04-19,166060,10343,1153,10244.18,387795.44,37.8552
ADS00002789,AD00089,2025-03-14,41488,1665,45,6037.21,9224.37,1.5279
ADS00002790,AD00090,2026-08-18,152655,7757,1066,6376.68,414382.0,64.984
ADS00002791,AD00091,2025-05-24,58870,1323,51,3709.1,25929.76,6.9908
ADS00002792,AD00092,2025-03-25,88729,6192,271,19765.6,75116.96,3.8004
ADS00002793,AD00093,2026-08-20,47751,2602,336,9313.71,131821.34,14.1535
ADS00002794,AD00094,2025-09-26,1059,52,3,64.97,271.58,4.1801
ADS00002795,AD00095,2025-03-14,77081,5064,488,22755.37,87507.34,3.8456
ADS00002796,AD00096,2026-08-19,126485,5799,456,10848.88,282565.1,26.0456
ADS00002797,AD00097,2025-04-26,71214,1932,119,2240.51,18335.91,8.1838
ADS00002798,AD00098,2025-06-17,45819,3037,291,8970.92,123879.04,13.809
ADS00002799,AD00099,2026-04-02,93181,4446,641,15151.74,142001.78,9.372
ADS00002800,AD00100,2025-08-31,61138,697,64,3077.96,28339.55,9.2073
ADS00002801,AD00001,2025-07-09,24144,565,12,698.47,2725.63,3.9023
ADS00002802,AD00002,2025-06-27,97895,3473,125,2499.27,14940.8,5.9781
ADS00002803,AD00003,2025-09-21,138037,2932,131,11131.6,27873.84,2.504
ADS00002804,AD00004,2026-06-15,40233,2931,326,3678.25,88414.03,24.037
ADS00002805,AD00005,2026-01-18,133574,3096,228,5055.45,123923.61,24.5129
ADS00002806,AD00006,2025-03-09,52090,3366,123,5583.16,60234.04,10.7885
ADS00002807,AD00007,2026-07-30,67142,3624,363,14077.36,229073.08,16.2724
ADS00002808,AD00008,2026-08-22,147957,7561,906,21623.93,213938.9,9.8936
ADS00002809,AD00009,2026-07-23,98391,6441,658,21422.85,165122.99,7.7078
ADS00002810,AD00010,2026-07-31,162860,11884,1561,18110.64,514134.31,28.3885
ADS00002811,AD00011,2025-06-15,80935,951,123,2098.72,26590.09,12.6697
ADS00002812,AD00012,2026-08-12,111114,7869,727,13697.59,360114.56,26.2904
ADS00002813,AD00013,2026-03-21,129214,10136,157,40810.75,86505.14,2.1197
ADS00002814,AD00014,2026-07-04,77511,3442,115,6118.15,72736.15,11.8886
ADS00002815,AD00015,2026-06-07,119868,8703,1235,26122.05,127648.16,4.8866
ADS00002816,AD00016,2025-03-27,74298,793,40,3777.07,19676.92,5.2096
ADS00002817,AD00017,2025-05-18,151178,1407,92,3138.73,36243.8,11.5473
ADS00002818,AD00018,2026-05-22,165718,5639,686,5161.48,368412.08,71.3772
ADS00002819,AD00019,2025-08-08,96731,4613,120,15084.79,51840.53,3.4366
ADS00002820,AD00020,2026-04-02,77474,2808,139,1059.41,85528.39,80.7321
ADS00002821,AD00021,2025-09-28,26411,2094,242,1468.2,124027.54,84.4759
ADS00002822,AD00022,2026-06-05,100965,4006,67,12539.92,27221.56,2.1708
ADS00002823,AD00023,2025-04-22,165919,4528,408,7505.01,79928.61,10.65
ADS00002824,AD00024,2026-06-28,176483,5419,228,15160.95,75927.52,5.0081
ADS00002825,AD00025,2025-01-25,61597,767,112,2124.38,36442.7,17.1545
ADS00002826,AD00026,2026-02-04,168328,10885,1325,22000.32,457508.37,20.7955
ADS00002827,AD00027,2025-12-12,68975,5131,283,4964.02,178754.52,36.01
ADS00002828,AD00028,2025-05-16,86710,4923,81,22312.77,11303.95,0.5066
ADS00002829,AD00029,2025-12-11,105661,6767,801,19476.8,271238.64,13.9262
ADS00002830,AD00030,2025-03-02,8811,418,32,1201.15,14204.68,11.8259
ADS00002831,AD00031,2025-05-19,85113,2473,300,3474.34,109017.42,31.3779
ADS00002832,AD00032,2026-08-19,100781,5410,520,2247.6,292242.07,130.0241
ADS00002833,AD00033,2026-02-21,158915,4561,550,6562.47,49325.39,7.5163
ADS00002834,AD00034,2025-06-19,127568,2872,144,7310.87,42626.38,5.8305
ADS00002835,AD00035,2026-01-25,48064,3469,303,10473.85,167756.16,16.0167
ADS00002836,AD00036,2025-03-04,48618,1926,107,4766.15,55240.61,11.5902
ADS00002837,AD00037,2026-06-28,147381,7354,546,21512.88,233340.22,10.8465
ADS00002838,AD00038,2026-03-30,122854,7183,405,16573.6,151408.72,9.1355
ADS00002839,AD00039,2026-06-09,171249,11920,925,6460.58,479467.34,74.2143
ADS00002840,AD00040,2025-11-11,103181,4919,675,17648.39,45136.75,2.5576
ADS00002841,AD00041,2025-08-18,94315,7290,366,4596.54,113684.41,24.7326
ADS00002842,AD00042,2026-05-03,162740,5883,336,19676.16,219718.31,11.1667
ADS00002843,AD00043,2025-02-10,11165,192,24,809.25,10132.8,12.5212
ADS00002844,AD00044,2026-02-01,124647,2701,95,5460.8,37770.7,6.9167
ADS00002845,AD00045,2026-01-08,18249,1458,117,6934.31,16065.92,2.3169
ADS00002846,AD00046,2025-08-18,126541,7489,213,11177.04,120013.15,10.7375
ADS00002847,AD00047,2025-03-01,57841,3872,537,13263.48,128570.19,9.6935
ADS00002848,AD00048,2025-10-02,172687,11924,1184,17610.45,298228.54,16.9347
ADS00002849,AD00049,2026-02-16,108572,7092,120,13359.91,32799.85,2.4551
ADS00002850,AD00050,2025-04-06,136007,2223,135,1468.92,66055.78,44.9689
ADS00002851,AD00051,2025-04-07,27097,1476,68,3690.44,6924.33,1.8763
ADS00002852,AD00052,2025-10-19,41089,1697,243,6704.74,58949.33,8.7922
ADS00002853,AD00053,2026-01-31,39742,3011,98,8048.03,39137.43,4.863
ADS00002854,AD00054,2025-07-19,94933,6034,416,2890.31,173188.68,59.9205
ADS00002855,AD00055,2025-06-05,68881,2588,371,2371.46,27864.96,11.7501
ADS00002856,AD00056,2026-08-09,109251,7213,985,33951.94,426890.14,12.5734
ADS00002857,AD00057,2025-01-24,6246,123,17,172.29,8242.68,47.8419
ADS00002858,AD00058,2025-07-02,106861,3496,505,8104.96,66001.51,8.1433
ADS00002859,AD00059,2026-05-15,144259,3818,498,17141.65,166564.25,9.7169
ADS00002860,AD00060,2025-05-15,164491,3499,498,3345.35,58172.95,17.3892
ADS00002861,AD00061,2026-05-31,49780,2451,311,3377.14,117739.86,34.8638
ADS00002862,AD00062,2026-03-20,156187,5421,139,2509.35,23401.12,9.3256
ADS00002863,AD00063,2025-06-27,168422,10579,703,41506.76,442008.95,10.6491
ADS00002864,AD00064,2025-06-03,25641,1041,111,4868.15,21775.82,4.4731
ADS00002865,AD00065,2026-02-13,175035,4039,452,7018.76,28528.21,4.0646
ADS00002866,AD00066,2026-02-25,122684,7502,1047,13872.41,361617.76,26.0674
ADS00002867,AD00067,2025-08-04,70108,1604,58,2649.33,14363.33,5.4215
ADS00002868,AD00068,2026-07-19,31971,2321,70,6912.28,22248.94,3.2188
ADS00002869,AD00069,2025-09-26,38466,2908,136,2256.73,61943.91,27.4485
ADS00002870,AD00070,2026-06-21,89168,2749,138,12152.07,83895.64,6.9038
ADS00002871,AD00071,2026-07-05,79405,3160,151,6037.79,40337.39,6.6808
ADS00002872,AD00072,2025-10-18,127184,9272,1018,10247.52,272079.72,26.5508
ADS00002873,AD00073,2025-05-26,109612,8104,580,3294.34,56330.54,17.0992
ADS00002874,AD00074,2025-06-28,31891,2343,240,8921.13,116761.88,13.0882
ADS00002875,AD00075,2026-05-29,3472,55,2,73.07,1220.42,16.7021
ADS00002876,AD00076,2025-03-18,156140,10741,928,5235.74,424970.69,81.1673
ADS00002877,AD00077,2025-09-17,15957,435,28,1329.7,14772.65,11.1098
ADS00002878,AD00078,2025-01-20,40652,2487,215,9871.47,121384.87,12.2965
ADS00002879,AD00079,2025-12-19,176425,7623,843,4529.35,394013.07,86.9911
ADS00002880,AD00080,2025-08-18,27758,480,59,907.32,6539.77,7.2078
ADS00002881,AD00081,2025-06-08,173447,9451,1345,26152.19,699626.44,26.7521
ADS00002882,AD00082,2026-08-07,64127,4477,647,10335.71,240770.96,23.2951
ADS00002883,AD00083,2026-01-01,82324,1316,85,1915.26,33694.57,17.5927
ADS00002884,AD00084,2025-09-07,54097,3619,109,12300.64,10240.08,0.8325
ADS00002885,AD00085,2026-08-14,4189,140,15,264.82,1972.0,7.4466
ADS00002886,AD00086,2025-12-05,74423,2934,309,10820.83,193984.69,17.927
ADS00002887,AD00087,2025-02-03,142715,7664,622,10133.06,118298.96,11.6746
ADS00002888,AD00088,2025-04-25,44269,1517,204,2858.48,32090.48,11.2264
ADS00002889,AD00089,2025-02-11,124742,1871,237,621.65,122749.37,197.4574
ADS00002890,AD00090,2026-08-14,129328,6133,507,8403.27,137545.76,16.3681
ADS00002891,AD00091,2025-05-20,88286,1704,224,3455.03,33761.83,9.7718
ADS00002892,AD00092,2025-02-05,82950,2008,226,1040.25,71067.12,68.3173
ADS00002893,AD00093,2026-08-20,38064,1035,102,3602.31,44561.58,12.3703
ADS00002894,AD00094,2025-10-08,121275,6803,989,30334.92,645796.34,21.2889
ADS00002895,AD00095,2025-02-11,165196,11714,862,32441.81,415241.54,12.7996
ADS00002896,AD00096,2026-08-13,170427,4802,420,3396.79,81710.87,24.0553
ADS00002897,AD00097,2025-06-01,43796,1502,61,7135.62,38678.13,5.4204
ADS00002898,AD00098,2025-05-11,78457,2386,315,11016.27,79406.48,7.2081
ADS00002899,AD00099,2026-03-08,160041,7466,1108,30212.14,151335.8,5.0091
ADS00002900,AD00100,2025-09-01,82365,2172,241,5401.14,25067.86,4.6412
ADS00002901,AD00001,2025-06-22,33686,1376,39,1884.2,9461.4,5.0214
ADS00002902,AD00002,2025-06-17,150359,3575,343,6600.21,119891.27,18.1648
ADS00002903,AD00003,2025-08-24,148812,3781,90,4182.49,30494.28,7.2909
ADS00002904,AD00004,2026-06-21,86834,711,86,2251.55,17245.25,7.6593
ADS00002905,AD00005,2026-01-21,35717,336,40,1201.5,8665.49,7.2122
ADS00002906,AD00006,2025-02-10,39829,1549,99,2979.99,56362.14,18.9135
ADS00002907,AD00007,2026-08-08,137902,8931,264,5101.58,88715.57,17.3898
ADS00002908,AD00008,2026-08-21,143440,6310,123,14457.17,41533.79,2.8729
ADS00002909,AD00009,2026-07-20,25141,916,85,2829.14,14495.27,5.1236
ADS00002910,AD00010,2026-08-21,179249,1725,66,7788.92,29410.49,3.7759
ADS00002911,AD00011,2025-06-17,50282,3922,306,11052.39,181997.89,16.4668
ADS00002912,AD00012,2026-06-27,50929,619,81,1669.16,39563.85,23.7029
ADS00002913,AD00013,2026-03-23,101254,1714,247,1383.26,41494.7,29.9978
ADS00002914,AD00014,2026-07-12,8604,453,33,2114.2,8644.04,4.0886
ADS00002915,AD00015,2026-06-26,131652,7834,662,24008.49,52015.7,2.1666
ADS00002916,AD00016,2025-01-13,37091,505,16,1879.89,8763.29,4.6616
ADS00002917,AD00017,2025-04-07,38662,1214,148,4714.55,33098.4,7.0205
ADS00002918,AD00018,2026-05-12,120599,5677,633,20605.05,77099.61,3.7418
ADS00002919,AD00019,2025-08-19,178522,1738,223,1767.18,135025.82,76.4075
ADS00002920,AD00020,2026-04-27,100335,4848,332,15051.15,60283.83,4.0053
ADS00002921,AD00021,2025-09-20,36102,2663,112,6162.83,65849.24,10.6849
ADS00002922,AD00022,2026-05-21,70707,3243,482,2838.0,297864.24,104.9557
ADS00002923,AD00023,2025-06-11,41511,1206,41,5777.93,14402.68,2.4927
ADS00002924,AD00024,2026-08-01,28321,1028,141,382.15,39093.99,102.3001
ADS00002925,AD00025,2025-01-29,85232,2399,234,1400.34,114171.92,81.5316
ADS00002926,AD00026,2026-03-22,162330,11152,230,50802.05,43628.91,0.8588
ADS00002927,AD00027,2025-12-22,136912,1932,130,4650.29,16584.27,3.5663
ADS00002928,AD00028,2025-06-18,95441,4585,426,1910.38,223294.51,116.8849
ADS00002929,AD00029,2025-12-01,54814,2859,138,7916.94,82428.18,10.4116
ADS00002930,AD00030,2025-02-21,70119,2465,329,11678.73,145753.22,12.4802
ADS00002931,AD00031,2025-05-23,42036,1323,144,5988.76,44556.35,7.44
ADS00002932,AD00032,2026-08-21,129677,1566,205,3305.12,114247.81,34.5669
ADS00002933,AD00033,2026-02-22,28910,1583,47,5951.93,9703.3,1.6303
ADS00002934,AD00034,2025-04-28,4521,321,21,1071.91,2835.24,2.645
ADS00002935,AD00035,2026-02-02,173435,7584,705,7007.97,477535.12,68.1417
ADS00002936,AD00036,2025-03-09,142327,10304,482,44039.15,226588.03,5.1451
ADS00002937,AD00037,2026-06-03,23391,611,26,2120.4,16772.29,7.91
ADS00002938,AD00038,2026-05-08,104688,7280,354,9930.39,216795.4,21.8315
ADS00002939,AD00039,2026-06-08,79215,2789,328,10856.69,68348.89,6.2956
ADS00002940,AD00040,2025-10-24,138022,7211,475,33437.18,142719.66,4.2683
ADS00002941,AD00041,2025-08-14,100151,5797,548,15438.13,298722.93,19.3497
ADS00002942,AD00042,2026-04-02,2037,137,3,238.4,1928.68,8.0901
ADS00002943,AD00043,2025-03-30,120070,1172,93,4336.94,33506.05,7.7257
ADS00002944,AD00044,2026-02-09,122633,3087,428,11172.75,150082.83,13.4329
ADS00002945,AD00045,2026-01-12,42639,1513,207,3688.25,125782.83,34.1037
ADS00002946,AD00046,2025-08-18,15112,1158,168,5230.33,87287.16,16.6887
ADS00002947,AD00047,2025-03-06,83935,5443,568,23059.19,257326.91,11.1594
ADS00002948,AD00048,2025-09-23,105053,1122,28,2108.42,3704.13,1.7568
ADS00002949,AD00049,2026-02-26,65981,3813,202,3097.05,85650.29,27.6554
ADS00002950,AD00050,2025-04-17,68574,3980,169,14809.55,39986.85,2.7001
ADS00002951,AD00051,2025-03-23,93864,4515,347,7093.43,92090.51,12.9825
ADS00002952,AD00052,2025-10-14,122065,8702,571,41185.6,207856.75,5.0468
ADS00002953,AD00053,2026-01-23,172289,11542,286,29583.94,66175.95,2.2369
ADS00002954,AD00054,2025-08-25,98220,4009,584,1244.6,70970.0,57.0223
ADS00002955,AD00055,2025-05-25,48843,3810,396,9856.36,87268.52,8.854
ADS00002956,AD00056,2026-08-08,4031,55,8,48.8,4275.73,87.6174
ADS00002957,AD00057,2025-01-18,8003,606,57,761.4,25212.21,33.113
ADS00002958,AD00058,2025-06-24,116463,6488,695,20145.68,248235.75,12.322
ADS00002959,AD00059,2026-04-28,126622,9840,745,15174.48,473362.13,31.1946
ADS00002960,AD00060,2025-05-05,56902,4066,258,15609.36,166843.32,10.6887
ADS00002961,AD00061,2026-05-08,109834,7554,334,11613.78,44871.9,3.8637
ADS00002962,AD00062,2026-04-07,132156,5981,758,8192.51,444224.91,54.2233
ADS00002963,AD00063,2025-06-28,135309,3717,114,15136.06,10581.42,0.6991
ADS00002964,AD00064,2025-05-23,99487,3078,432,3425.21,132694.87,38.7407
ADS00002965,AD00065,2026-02-02,94343,5537,97,19579.19,57354.43,2.9294
ADS00002966,AD00066,2026-02-16,44366,3213,280,4993.69,169842.57,34.0114
ADS00002967,AD00067,2025-07-21,35144,836,107,1664.21,44069.64,26.4808
ADS00002968,AD00068,2026-07-27,39596,1540,203,4889.97,109364.13,22.365
ADS00002969,AD00069,2025-09-23,147793,4065,498,8753.13,228774.42,26.1363
ADS00002970,AD00070,2026-06-01,34801,951,129,3839.95,63641.25,16.5735
ADS00002971,AD00071,2026-07-19,107307,2995,59,1491.4,28450.64,19.0765
ADS00002972,AD00072,2025-10-05,32283,707,79,246.06,20025.29,81.3838
ADS00002973,AD00073,2025-04-25,75975,2640,353,4648.97,139256.64,29.9543
ADS00002974,AD00074,2025-06-20,129555,4076,247,4689.49,110120.64,23.4824
ADS00002975,AD00075,2026-05-02,172038,8602,423,36232.75,109061.22,3.01
ADS00002976,AD00076,2025-03-13,126411,4556,555,21061.31,287826.7,13.6661
ADS00002977,AD00077,2025-09-16,31852,449,10,828.87,3635.85,4.3865
ADS00002978,AD00078,2025-01-29,40027,2409,110,1712.95,39942.27,23.3178
ADS00002979,AD00079,2026-01-28,100107,3843,322,17402.17,207804.24,11.9413
ADS00002980,AD00080,2025-08-11,132028,7314,858,10988.9,495969.52,45.1337
ADS00002981,AD00081,2025-06-17,60070,1689,101,6282.41,68433.19,10.8928
ADS00002982,AD00082,2026-08-05,105934,3689,551,13016.98,73515.56,5.6477
ADS00002983,AD00083,2026-01-10,21709,249,21,1016.97,11878.0,11.6798
ADS00002984,AD00084,2025-09-06,15095,639,55,1258.81,23692.04,18.821
ADS00002985,AD00085,2026-08-06,28959,928,57,3655.08,29904.6,8.1817
ADS00002986,AD00086,2025-11-09,144687,6782,110,22430.09,26655.47,1.1884
ADS00002987,AD00087,2025-02-13,60343,2660,119,6937.37,13018.64,1.8766
ADS00002988,AD00088,2025-04-17,117216,4685,233,18519.54,52084.66,2.8124
ADS00002989,AD00089,2025-02-05,121678,1317,180,3881.51,20271.35,5.2225
ADS00002990,AD00090,2026-08-17,75811,3738,501,9483.89,45451.57,4.7925
ADS00002991,AD00091,2025-05-31,164006,5835,271,5807.19,175796.78,30.2723
ADS00002992,AD00092,2025-03-22,115297,2929,160,6334.24,49953.41,7.8863
ADS00002993,AD00093,2026-08-15,11542,872,81,4162.73,27649.31,6.6421
ADS00002994,AD00094,2025-10-05,28026,1625,227,4125.71,125164.81,30.3378
ADS00002995,AD00095,2025-02-08,9224,435,22,2044.06,11907.32,5.8253
ADS00002996,AD00096,2026-07-24,48193,686,95,2407.77,63611.06,26.4191
ADS00002997,AD00097,2025-05-18,66882,2094,250,8069.08,113434.46,14.0579
ADS00002998,AD00098,2025-05-07,86324,1600,148,7435.59,91400.95,12.2924
ADS00002999,AD00099,2026-04-15,37830,1817,228,2357.0,45106.8,19.1374
ADS00003000,AD00100,2025-08-22,157241,5400,804,19087.21,157656.5,8.2598
ADS00003001,AD00001,2025-06-10,17560,600,74,660.11,48265.78,73.1178
ADS00003002,AD00002,2025-07-02,31256,1813,101,3618.41,16578.72,4.5818
ADS00003003,AD00003,2025-09-14,148734,10974,573,9944.12,222984.78,22.4238
ADS00003004,AD00004,2026-06-13,23976,1469,170,969.65,11680.54,12.0461
ADS00003005,AD00005,2025-12-28,22386,1478,170,1092.83,63658.73,58.2513
ADS00003006,AD00006,2025-03-07,124356,3590,213,16142.38,55307.55,3.4262
ADS00003007,AD00007,2026-07-23,161816,3446,462,2787.5,114464.16,41.0634
ADS00003008,AD00008,2026-08-22,67329,2229,313,3751.67,194149.8,51.7502
ADS00003009,AD00009,2026-06-07,75967,2514,375,6117.41,153951.91,25.1662
ADS00003010,AD00010,2026-08-04,148326,6830,520,31650.02,116980.74,3.6961
ADS00003011,AD00011,2025-05-27,83204,1461,74,3900.44,32840.58,8.4197
ADS00003012,AD00012,2026-07-25,156860,2205,271,6952.74,85459.27,12.2915
ADS00003013,AD00013,2026-04-17,164264,11403,487,41581.47,165974.13,3.9915
ADS00003014,AD00014,2026-07-10,101316,6250,851,5298.22,481662.31,90.9102
ADS00003015,AD00015,2026-07-20,127772,4831,691,16732.03,343518.68,20.5306
ADS00003016,AD00016,2025-01-09,98008,4355,643,3254.5,160448.69,49.3006
ADS00003017,AD00017,2025-04-10,70939,4663,206,15611.09,74549.76,4.7754
ADS00003018,AD00018,2026-05-18,176304,9841,1006,10933.12,181302.59,16.5829
ADS00003019,AD00019,2025-08-04,24804,662,41,2964.39,16491.21,5.5631
ADS00003020,AD00020,2026-03-30,19429,1320,21,5046.09,7965.03,1.5785
ADS00003021,AD00021,2025-09-10,105711,871,14,649.75,6654.39,10.2415
ADS00003022,AD00022,2026-05-13,65636,4010,544,1914.48,329774.4,172.2527
ADS00003023,AD00023,2025-06-13,78273,2231,57,6283.01,9953.06,1.5841
ADS00003024,AD00024,2026-07-21,150559,3609,534,10343.33,284970.11,27.5511
ADS00003025,AD00025,2025-01-25,27069,572,58,2739.24,16244.86,5.9304
ADS00003026,AD00026,2026-02-12,17019,915,64,3558.58,39458.71,11.0883
ADS00003027,AD00027,2025-12-06,93816,2741,119,11944.64,52453.52,4.3914
ADS00003028,AD00028,2025-05-16,15027,984,114,1348.2,54125.91,40.1468
ADS00003029,AD00029,2025-12-09,121904,5506,426,8511.88,61404.77,7.214
ADS00003030,AD00030,2025-02-24,162227,7663,981,12255.34,192241.2,15.6863
ADS00003031,AD00031,2025-04-06,95592,3555,188,15513.48,22388.97,1.4432
ADS00003032,AD00032,2026-08-18,15071,395,36,587.75,11634.45,19.7949
ADS00003033,AD00033,2026-02-16,29298,760,94,1471.75,49647.85,33.7339
ADS00003034,AD00034,2025-07-01,121789,6374,421,15661.95,229026.54,14.6231
ADS00003035,AD00035,2026-01-26,152385,11099,1254,4923.04,169001.06,34.3286
ADS00003036,AD00036,2025-02-24,82720,4664,672,17460.91,397311.48,22.7543
ADS00003037,AD00037,2026-07-26,113548,8008,276,16292.23,112685.08,6.9165
ADS00003038,AD00038,2026-05-01,94518,1328,76,5779.05,22394.19,3.8751
ADS00003039,AD00039,2026-06-11,56743,3417,114,4921.03,11755.27,2.3888
ADS00003040,AD00040,2025-10-20,125210,6074,840,6643.27,235766.07,35.4895
ADS00003041,AD00041,2025-08-07,169144,12332,1259,6638.43,550553.88,82.9344
ADS00003042,AD00042,2026-03-13,5649,86,2,42.73,225.29,5.2724
ADS00003043,AD00043,2025-04-12,170596,11722,1049,25913.24,415980.94,16.0528
ADS00003044,AD00044,2026-02-16,138253,7643,565,9452.88,87861.66,9.2947
ADS00003045,AD00045,2026-01-09,21799,387,10,722.82,6434.26,8.9016
ADS00003046,AD00046,2025-08-26,15142,846,90,1375.94,17259.91,12.5441
ADS00003047,AD00047,2025-03-14,74554,4880,635,15353.27,44810.33,2.9186
ADS00003048,AD00048,2025-09-16,171897,6686,208,3960.75,22830.63,5.7642
ADS00003049,AD00049,2026-02-01,135935,10530,1178,44565.82,797708.53,17.8996
ADS00003050,AD00050,2025-03-23,47741,385,30,1807.45,19495.08,10.786
ADS00003051,AD00051,2025-03-31,21134,1036,33,3174.82,22418.92,7.0615
ADS00003052,AD00052,2025-10-13,89153,878,47,2498.18,31398.53,12.5686
ADS00003053,AD00053,2026-01-26,35042,2710,46,2419.92,29426.34,12.16
ADS00003054,AD00054,2025-08-15,82589,1203,106,4838.47,56565.34,11.6907
ADS00003055,AD00055,2025-06-10,3775,89,1,290.72,178.63,0.6144
ADS00003056,AD00056,2026-08-01,94499,3016,417,11100.3,254970.07,22.9697
ADS00003057,AD00057,2025-01-17,20513,353,13,441.55,5134.81,11.6291
ADS00003058,AD00058,2025-06-28,157683,10946,313,42026.74,149082.56,3.5473
ADS00003059,AD00059,2026-05-22,47748,470,66,1384.73,26455.28,19.105
ADS00003060,AD00060,2025-05-07,112644,1754,197,2960.76,21269.26,7.1837
ADS00003061,AD00061,2026-05-15,147084,5582,220,15590.43,118246.5,7.5846
ADS00003062,AD00062,2026-04-02,158832,1530,51,7075.76,22198.01,3.1372
ADS00003063,AD00063,2025-06-25,138526,1683,209,2507.62,61636.66,24.5797
ADS00003064,AD00064,2025-04-14,78930,2624,143,9304.25,42674.93,4.5866
ADS00003065,AD00065,2026-02-19,21734,958,37,2082.84,16126.97,7.7428
ADS00003066,AD00066,2026-02-15,75089,3075,275,1090.97,169160.12,155.0548
ADS00003067,AD00067,2025-07-31,103949,3552,292,6655.17,149335.04,22.439
ADS00003068,AD00068,2026-08-01,54248,3248,429,8029.52,255664.0,31.8405
ADS00003069,AD00069,2025-08-27,44675,1378,124,5876.67,14621.86,2.4881
ADS00003070,AD00070,2026-06-08,126018,4060,397,3445.72,180511.16,52.3871
ADS00003071,AD00071,2026-07-20,73745,5750,170,3835.08,61253.94,15.972
ADS00003072,AD00072,2025-10-31,37579,303,6,734.73,950.08,1.2931
ADS00003073,AD00073,2025-05-25,112224,4322,375,3960.69,126715.04,31.9932
ADS00003074,AD00074,2025-06-27,153258,10455,702,3526.26,470805.78,133.5142
ADS00003075,AD00075,2026-05-22,63461,3585,73,13209.49,22852.21,1.73
ADS00003076,AD00076,2025-03-15,89635,3634,68,5692.15,26430.1,4.6433
ADS00003077,AD00077,2025-07-12,107886,4937,684,18195.54,133337.09,7.328
ADS00003078,AD00078,2025-01-29,137257,8690,230,41602.21,92900.25,2.2331
ADS00003079,AD00079,2025-12-26,82535,3867,333,7472.72,184417.01,24.6787
ADS00003080,AD00080,2025-08-08,149079,5927,574,19843.9,125953.27,6.3472
ADS00003081,AD00081,2025-05-29,25392,920,133,2106.18,78838.39,37.4319
ADS00003082,AD00082,2026-08-04,173687,12600,549,11186.28,76007.93,6.7947
ADS00003083,AD00083,2026-01-11,33147,2334,237,6388.48,62425.38,9.7716
ADS00003084,AD00084,2025-09-28,111873,1003,67,1491.65,33358.14,22.3632
ADS00003085,AD00085,2026-08-11,155787,5234,254,1858.47,99044.66,53.2937
ADS00003086,AD00086,2025-12-12,103322,2480,227,8353.0,135872.35,16.2663
ADS00003087,AD00087,2025-02-04,36870,2333,301,3828.65,130609.58,34.1137
ADS00003088,AD00088,2025-05-09,114735,1432,147,4627.1,65834.3,14.228
ADS00003089,AD00089,2025-03-08,57412,2073,168,9434.71,60056.76,6.3655
ADS00003090,AD00090,2026-08-18,166469,5155,121,6355.97,35557.67,5.5944
ADS00003091,AD00091,2025-04-06,45871,559,10,2459.25,3806.49,1.5478
ADS00003092,AD00092,2025-03-27,52607,1351,85,734.22,13303.32,18.119
ADS00003093,AD00093,2026-08-22,176786,5022,524,18538.16,240173.38,12.9556
ADS00003094,AD00094,2025-09-09,138652,1738,117,1321.3,70567.13,53.4073
ADS00003095,AD00095,2025-01-24,3268,90,10,197.65,5808.64,29.3885
ADS00003096,AD00096,2026-08-05,135385,10824,545,46574.9,321074.6,6.8937
ADS00003097,AD00097,2025-05-30,110322,6639,806,18511.9,291666.4,15.7556
ADS00003098,AD00098,2025-05-30,161608,10728,1264,13197.88,452335.57,34.2734
ADS00003099,AD00099,2026-04-01,46897,2309,345,7185.87,110079.33,15.3189
ADS00003100,AD00100,2025-08-14,92155,6510,933,16717.35,445851.51,26.67
ADS00003101,AD00001,2025-07-18,39617,2797,364,8863.87,171004.39,19.2923
ADS00003102,AD00002,2025-06-25,9498,589,64,1168.04,39281.21,33.63
ADS00003103,AD00003,2025-09-05,64196,5134,450,11963.0,254391.58,21.2649
ADS00003104,AD00004,2026-06-23,10350,210,21,169.39,10486.7,61.9086
ADS00003105,AD00005,2026-01-27,32536,1585,31,2488.2,13511.27,5.4301
ADS00003106,AD00006,2025-03-22,109684,2001,297,1167.0,21246.98,18.2065
ADS00003107,AD00007,2026-08-16,115259,941,124,2944.59,50756.29,17.2371
ADS00003108,AD00008,2026-08-21,122465,3425,474,14167.8,52614.48,3.7137
ADS00003109,AD00009,2026-07-11,128374,8393,491,5452.14,309387.48,56.7461
ADS00003110,AD00010,2026-07-24,31840,2397,87,7013.12,10182.79,1.452
ADS00003111,AD00011,2025-06-01,69640,3084,390,4832.49,140237.05,29.0196
ADS00003112,AD00012,2026-07-10,19805,1523,129,7240.75,65001.07,8.9771
ADS00003113,AD00013,2026-02-27,11511,459,52,526.26,7904.71,15.0205
ADS00003114,AD00014,2026-07-03,121767,6172,463,22805.16,153948.11,6.7506
ADS00003115,AD00015,2026-06-19,173746,5728,641,11387.1,358167.78,31.4538
ADS00003116,AD00016,2025-01-18,159938,3222,329,3721.28,153715.83,41.3072
ADS00003117,AD00017,2025-05-03,100604,7339,247,34618.8,58484.12,1.6894
ADS00003118,AD00018,2026-05-20,119180,7029,789,25743.22,503747.32,19.5682
ADS00003119,AD00019,2025-08-08,55079,4163,115,3567.7,59950.67,16.8037
ADS00003120,AD00020,2026-05-23,51913,1302,94,3204.6,38443.75,11.9964
ADS00003121,AD00021,2025-09-08,45496,472,58,748.23,35858.64,47.9246
ADS00003122,AD00022,2026-05-01,19139,1245,52,4691.82,9366.41,1.9963
ADS00003123,AD00023,2025-05-26,101317,1449,43,4175.53,3622.31,0.8675
ADS00003124,AD00024,2026-07-20,169026,13190,224,19118.18,149218.28,7.805
ADS00003125,AD00025,2025-01-16,128030,2087,194,826.37,75723.83,91.6343
ADS00003126,AD00026,2026-03-05,175448,10587,341,5895.14,115369.46,19.5703
ADS00003127,AD00027,2025-12-16,125594,1366,28,2678.18,7004.37,2.6153
ADS00003128,AD00028,2025-06-07,148615,2799,102,2943.96,45474.43,15.4467
ADS00003129,AD00029,2025-10-27,170858,2693,390,8730.55,24396.06,2.7943
ADS00003130,AD00030,2025-03-16,53998,3112,270,5073.75,39160.27,7.7182
ADS00003131,AD00031,2025-04-10,178803,13610,1548,17056.46,185892.85,10.8987
ADS00003132,AD00032,2026-08-17,169681,8015,542,22282.33,50606.53,2.2712
ADS00003133,AD00033,2026-02-18,148288,6946,291,9087.04,78835.53,8.6756
ADS00003134,AD00034,2025-05-26,119892,9243,675,3428.22,397536.65,115.9601
ADS00003135,AD00035,2026-02-17,170721,10455,1546,27979.42,905875.63,32.3765
ADS00003136,AD00036,2025-02-21,94649,1757,98,7363.55,28399.95,3.8568
ADS00003137,AD00037,2026-06-04,30221,2185,270,4252.04,85208.03,20.0393
ADS00003138,AD00038,2026-05-01,8832,164,14,215.21,5709.13,26.5282
ADS00003139,AD00039,2026-06-06,40464,2334,213,2582.25,96216.52,37.2607
ADS00003140,AD00040,2025-10-13,29823,2008,78,3964.1,44339.88,11.1854
ADS00003141,AD00041,2025-08-08,29113,1377,59,6132.91,11607.9,1.8927
ADS00003142,AD00042,2026-03-20,13722,753,67,2172.52,30241.24,13.9199
ADS00003143,AD00043,2025-04-21,67977,1377,56,1908.81,35150.04,18.4146
ADS00003144,AD00044,2026-03-21,160508,7915,473,32473.71,163293.34,5.0285
ADS00003145,AD00045,2026-01-13,64916,3408,55,13239.74,7648.85,0.5777
ADS00003146,AD00046,2025-07-27,120922,4683,358,6211.53,173932.29,28.0015
ADS00003147,AD00047,2025-02-24,52826,2969,435,4361.29,36107.31,8.279
ADS00003148,AD00048,2025-08-21,15708,447,66,480.07,28054.95,58.4393
ADS00003149,AD00049,2026-03-01,61359,3627,318,2309.92,55665.02,24.0982
ADS00003150,AD00050,2025-03-29,53673,4274,260,3908.6,130920.1,33.4954
ADS00003151,AD00051,2025-03-31,130936,4247,275,5532.17,172455.55,31.1732
ADS00003152,AD00052,2025-10-25,43036,1156,126,4188.63,62459.73,14.9117
ADS00003153,AD00053,2026-02-08,76258,4300,550,19350.42,254990.65,13.1775
ADS00003154,AD00054,2025-07-08,119012,1428,113,2740.31,76142.18,27.786
ADS00003155,AD00055,2025-06-19,7232,164,21,614.34,7648.37,12.4497
ADS00003156,AD00056,2026-08-04,137936,1583,139,1299.92,37009.87,28.4709
ADS00003157,AD00057,2025-01-28,133730,9602,279,9023.15,158398.93,17.5547
ADS00003158,AD00058,2025-07-10,117859,1997,298,4154.44,51266.74,12.3402
ADS00003159,AD00059,2026-06-27,17473,1069,101,1045.27,62390.77,59.6887
ADS00003160,AD00060,2025-05-13,27891,1379,118,2000.6,65635.26,32.8078
ADS00003161,AD00061,2026-05-27,32532,2157,125,5066.28,57833.93,11.4155
ADS00003162,AD00062,2026-04-05,123616,3172,197,8266.02,107645.05,13.0226
ADS00003163,AD00063,2025-06-30,18600,710,39,1718.4,25213.67,14.6728
ADS00003164,AD00064,2025-06-02,106155,6007,282,23165.21,191464.24,8.2652
ADS00003165,AD00065,2026-03-06,76647,2047,239,1024.16,131252.48,128.1562
ADS00003166,AD00066,2026-02-26,7653,152,13,133.47,4533.63,33.9674
ADS00003167,AD00067,2025-08-08,113957,3240,379,9218.82,35165.26,3.8145
ADS00003168,AD00068,2026-08-01,130261,2525,266,9015.82,164878.76,18.2877
ADS00003169,AD00069,2025-09-30,99178,6425,327,11298.97,179903.36,15.9221
ADS00003170,AD00070,2026-06-20,104272,1926,278,6765.03,103703.57,15.3294
ADS00003171,AD00071,2026-08-06,148591,3860,137,9722.63,41294.65,4.2473
ADS00003172,AD00072,2025-10-17,146523,11161,1316,7617.97,781296.01,102.5596
ADS00003173,AD00073,2025-05-14,11957,322,23,352.7,12212.55,34.6259
ADS00003174,AD00074,2025-06-30,105558,6823,993,27366.66,554613.8,20.266
ADS00003175,AD00075,2026-06-18,136718,4272,347,11682.17,193803.97,16.5897
ADS00003176,AD00076,2025-03-13,63337,3419,464,5260.26,306693.74,58.3039
ADS00003177,AD00077,2025-07-08,142919,5599,586,7160.01,207580.22,28.9916
ADS00003178,AD00078,2025-02-18,14188,802,14,2846.98,4250.08,1.4928
ADS00003179,AD00079,2026-03-04,110719,3586,115,12756.27,58157.99,4.5592
ADS00003180,AD00080,2025-08-15,66097,3337,490,1821.3,114034.62,62.6117
ADS00003181,AD00081,2025-05-12,155918,3649,125,6861.75,8718.41,1.2706
ADS00003182,AD00082,2026-07-26,150240,3843,336,10043.58,162714.28,16.2008
ADS00003183,AD00083,2025-12-31,119430,3931,152,6403.46,36621.95,5.7191
ADS00003184,AD00084,2025-09-25,90441,1576,176,3091.78,18900.77,6.1132
ADS00003185,AD00085,2026-08-01,67072,1775,146,1636.99,98245.63,60.016
ADS00003186,AD00086,2025-10-27,116010,5258,346,22691.72,153872.64,6.781
ADS00003187,AD00087,2025-02-01,74663,4865,353,12400.06,55476.7,4.4739
ADS00003188,AD00088,2025-04-20,3009,143,8,278.69,2200.39,7.8955
ADS00003189,AD00089,2025-02-17,8612,85,2,163.93,708.81,4.3239
ADS00003190,AD00090,2026-08-17,177349,5519,303,20802.39,151822.85,7.2983
ADS00003191,AD00091,2025-06-14,76545,844,86,2075.85,19857.52,9.566
ADS00003192,AD00092,2025-02-06,95457,7374,586,15885.74,352376.71,22.182
ADS00003193,AD00093,2026-08-18,160198,10316,272,48825.84,152452.87,3.1224
ADS00003194,AD00094,2025-10-11,8854,281,7,306.75,996.79,3.2495
ADS00003195,AD00095,2025-02-12,156197,2751,71,10689.42,19441.7,1.8188
ADS00003196,AD00096,2026-07-24,159755,10768,303,26287.88,98883.44,3.7616
ADS00003197,AD00097,2025-06-10,99503,4355,165,13528.69,53504.31,3.9549
ADS00003198,AD00098,2025-05-10,14302,274,38,311.34,19564.85,62.8408
ADS00003199,AD00099,2026-04-06,132476,9466,449,36265.01,109451.58,3.0181
ADS00003200,AD00100,2025-08-19,150701,6800,224,3972.07,135673.08,34.1568
ADS00003201,AD00001,2025-07-15,64130,2439,314,5825.07,19605.28,3.3657
ADS00003202,AD00002,2025-07-03,34067,970,141,3912.02,37502.04,9.5864
ADS00003203,AD00003,2025-09-30,32218,838,99,1829.36,42473.2,23.2175
ADS00003204,AD00004,2026-06-08,31503,266,20,947.78,6581.1,6.9437
ADS00003205,AD00005,2026-01-24,52306,4142,447,10632.81,262663.77,24.7031
ADS00003206,AD00006,2025-02-04,158328,12443,719,23743.14,162584.71,6.8476
ADS00003207,AD00007,2026-08-21,69776,1740,172,5889.81,29936.72,5.0828
ADS00003208,AD00008,2026-08-21,176027,3415,271,15114.17,102353.03,6.772
ADS00003209,AD00009,2026-05-26,46951,2465,350,9878.75,208486.27,21.1045
ADS00003210,AD00010,2026-08-13,98727,1457,41,1697.78,14213.09,8.3716
ADS00003211,AD00011,2025-06-13,142228,5013,400,6533.08,220603.86,33.7672
ADS00003212,AD00012,2026-08-14,176564,10127,593,28628.45,116812.82,4.0803
ADS00003213,AD00013,2026-04-19,122749,1992,167,9329.78,60056.56,6.4371
ADS00003214,AD00014,2026-07-08,164231,6116,896,6301.2,416286.79,66.0647
ADS00003215,AD00015,2026-06-15,125681,9675,749,22425.63,293340.16,13.0806
ADS00003216,AD00016,2025-01-21,68316,1302,133,2365.06,47390.72,20.0379
ADS00003217,AD00017,2025-04-17,175449,10197,368,20648.25,152167.19,7.3695
ADS00003218,AD00018,2026-05-08,117478,6780,702,12595.19,196311.21,15.5862
ADS00003219,AD00019,2025-08-09,112194,8399,351,11989.85,40661.36,3.3913
ADS00003220,AD00020,2026-06-10,112431,3172,267,4263.54,109469.17,25.6757
ADS00003221,AD00021,2025-09-22,104482,866,19,308.18,10709.21,34.7499
ADS00003222,AD00022,2026-04-24,82082,4924,668,17156.37,346341.5,20.1873
ADS00003223,AD00023,2025-05-25,89192,3291,372,6791.99,97253.61,14.3189
ADS00003224,AD00024,2026-07-18,102581,6597,393,24186.78,255176.48,10.5502
ADS00003225,AD00025,2025-01-31,101891,1807,243,6978.5,149747.67,21.4584
ADS00003226,AD00026,2026-02-17,62591,3834,400,16942.67,116302.87,6.8645
ADS00003227,AD00027,2025-11-26,120345,7475,541,7856.32,33325.23,4.2418
ADS00003228,AD00028,2025-06-26,64639,4840,466,7692.8,308069.81,40.0465
ADS00003229,AD00029,2025-10-28,123206,1650,220,4706.0,87216.87,18.5331
ADS00003230,AD00030,2025-04-04,23425,329,21,1258.22,7240.73,5.7547
ADS00003231,AD00031,2025-06-02,168102,10515,1535,31123.0,863418.86,27.7421
ADS00003232,AD00032,2026-08-16,125847,3029,451,2073.9,79477.29,38.3226
ADS00003233,AD00033,2026-02-12,58476,938,105,321.06,37150.38,115.7116
ADS00003234,AD00034,2025-06-27,76860,1093,133,1452.46,63426.93,43.6686
ADS00003235,AD00035,2026-01-22,125068,8553,880,33794.17,530169.25,15.6882
ADS00003236,AD00036,2025-03-03,8279,426,40,1727.34,25600.84,14.821
ADS00003237,AD00037,2026-05-22,67105,1755,42,7684.34,23564.03,3.0665
ADS00003238,AD00038,2026-04-23,32219,2551,86,2881.02,34750.72,12.062
ADS00003239,AD00039,2026-06-04,35148,2244,157,9239.57,98282.99,10.6372
ADS00003240,AD00040,2025-10-11,48291,3711,533,17032.32,126509.57,7.4276
ADS00003241,AD00041,2025-08-08,105467,3231,149,11450.39,29413.27,2.5688
ADS00003242,AD00042,2026-04-16,68539,3286,284,4076.63,90098.94,22.1013
ADS00003243,AD00043,2025-04-06,39280,1281,176,1584.55,63471.57,40.0565
ADS00003244,AD00044,2026-03-17,4633,319,9,919.39,4691.67,5.103
ADS00003245,AD00045,2026-01-05,89432,1927,76,7779.18,36381.72,4.6768
ADS00003246,AD00046,2025-08-10,2743,51,6,122.86,3665.74,29.8367
ADS00003247,AD00047,2025-03-04,106645,5813,575,15357.03,60072.65,3.9117
ADS00003248,AD00048,2025-10-09,19529,283,10,1024.92,1955.86,1.9083
ADS00003249,AD00049,2026-01-29,89096,987,126,2188.71,29971.08,13.6935
ADS00003250,AD00050,2025-04-14,147044,3976,212,17487.0,125581.14,7.1814
ADS00003251,AD00051,2025-04-04,94257,6573,625,5864.06,287707.43,49.0628
ADS00003252,AD00052,2025-11-03,25568,1478,45,747.93,9403.94,12.5733
ADS00003253,AD00053,2026-02-08,174216,4157,254,13895.76,96614.79,6.9528
ADS00003254,AD00054,2025-08-12,36519,1223,88,4988.16,15289.33,3.0651
ADS00003255,AD00055,2025-06-10,2384,133,5,481.89,554.5,1.1507
ADS00003256,AD00056,2026-07-29,13762,370,7,1491.44,4140.55,2.7762
ADS00003257,AD00057,2025-01-20,38447,2945,138,7942.19,62812.11,7.9087
ADS00003258,AD00058,2025-07-10,130823,1602,138,6030.18,59294.42,9.8329
ADS00003259,AD00059,2026-06-20,170357,3960,191,16322.78,49706.28,3.0452
ADS00003260,AD00060,2025-05-10,111458,5255,540,4792.17,60461.16,12.6167
ADS00003261,AD00061,2026-05-18,9458,648,94,1899.33,52408.7,27.5933
ADS00003262,AD00062,2026-04-01,15677,653,50,2560.4,27561.28,10.7644
ADS00003263,AD00063,2025-07-05,26008,1296,145,2540.53,79275.72,31.2044
ADS00003264,AD00064,2025-06-04,128788,8848,189,5272.87,33116.05,6.2805
ADS00003265,AD00065,2026-02-20,155019,3375,320,13554.39,112554.71,8.3039
ADS00003266,AD00066,2026-02-24,57681,3527,430,8231.64,36529.69,4.4377
ADS00003267,AD00067,2025-08-20,42465,2774,357,6067.97,51071.34,8.4165
ADS00003268,AD00068,2026-08-04,132232,8910,461,5333.53,212325.16,39.8095
ADS00003269,AD00069,2025-08-13,120378,9448,601,10503.74,208152.95,19.817
ADS00003270,AD00070,2026-07-01,150859,2898,131,1863.6,83725.74,44.9269
ADS00003271,AD00071,2026-08-10,65468,2270,57,10168.56,4065.65,0.3998
ADS00003272,AD00072,2025-09-30,118256,3627,510,9175.83,258313.1,28.1515
ADS00003273,AD00073,2025-04-28,66286,1015,30,2810.72,6561.56,2.3345
ADS00003274,AD00074,2025-06-22,108643,2027,42,3888.6,20841.41,5.3596
ADS00003275,AD00075,2026-05-06,75288,1865,213,1146.64,115063.67,100.3486
ADS00003276,AD00076,2025-03-02,32445,821,98,991.99,42274.19,42.6155
ADS00003277,AD00077,2025-09-21,98040,6355,130,10227.22,87045.44,8.5112
ADS00003278,AD00078,2025-01-15,111678,7460,968,24941.34,333226.8,13.3604
ADS00003279,AD00079,2026-01-24,51450,669,91,408.91,32225.98,78.8095
ADS00003280,AD00080,2025-08-29,61709,3027,194,9063.08,100637.55,11.1041
ADS00003281,AD00081,2025-05-20,84530,3252,187,8271.02,91102.56,11.0147
ADS00003282,AD00082,2026-08-06,123662,4906,359,2159.46,149077.12,69.0344
ADS00003283,AD00083,2026-01-05,81142,6367,167,24754.0,17370.64,0.7017
ADS00003284,AD00084,2025-09-03,127988,6193,898,13488.36,107768.73,7.9898
ADS00003285,AD00085,2026-08-15,149615,5479,585,18970.18,65534.58,3.4546
ADS00003286,AD00086,2025-11-28,46500,3621,277,10703.0,123285.6,11.5188
ADS00003287,AD00087,2025-02-14,150085,4054,404,8976.83,64370.03,7.1707
ADS00003288,AD00088,2025-04-30,7212,537,43,411.34,15024.55,36.5259
ADS00003289,AD00089,2025-02-21,125120,2426,282,6624.54,45437.79,6.859
ADS00003290,AD00090,2026-08-14,25933,1848,237,4846.54,51743.65,10.6764
ADS00003291,AD00091,2025-05-30,140856,1792,255,5403.57,47246.91,8.7436
ADS00003292,AD00092,2025-03-31,88658,2107,37,6971.01,14667.49,2.1041
ADS00003293,AD00093,2026-08-18,129023,6538,500,22328.69,111437.51,4.9908
ADS00003294,AD00094,2025-10-13,142360,6675,961,23130.66,327140.3,14.1431
ADS00003295,AD00095,2025-03-06,16355,700,89,1835.83,27273.79,14.8564
ADS00003296,AD00096,2026-07-22,1311,49,0,150.48,0.0,0.0
ADS00003297,AD00097,2025-04-25,44912,2492,138,9288.09,13311.09,1.4331
ADS00003298,AD00098,2025-07-06,114585,8729,781,19280.78,119699.58,6.2082
ADS00003299,AD00099,2026-04-05,125695,2747,116,9107.42,21462.71,2.3566
ADS00003300,AD00100,2025-08-19,126346,1960,58,7751.2,29406.48,3.7938
ADS00003301,AD00001,2025-07-12,90695,2539,254,10236.17,65700.48,6.4185
ADS00003302,AD00002,2025-07-02,60042,3608,266,15686.72,108604.02,6.9233
ADS00003303,AD00003,2025-08-24,118804,2139,68,1658.08,12620.31,7.6114
ADS00003304,AD00004,2026-05-16,61918,2321,282,6301.66,161606.34,25.645
ADS00003305,AD00005,2026-02-15,142390,11233,1272,18748.91,500630.89,26.7019
ADS00003306,AD00006,2025-03-21,69669,5532,590,8393.48,272684.75,32.4877
ADS00003307,AD00007,2026-08-14,157422,1743,94,6030.24,35483.8,5.8843
ADS00003308,AD00008,2026-08-22,2846,207,16,759.37,1610.22,2.1205
ADS00003309,AD00009,2026-07-19,138597,3008,327,6597.76,46665.33,7.0729
ADS00003310,AD00010,2026-07-23,29001,769,23,2956.61,6056.32,2.0484
ADS00003311,AD00011,2025-06-09,155293,7213,491,27836.74,31114.45,1.1177
ADS00003312,AD00012,2026-08-14,86861,6453,954,17062.47,310710.14,18.2102
ADS00003313,AD00013,2026-04-02,156151,10208,1444,5853.65,377914.86,64.5605
ADS00003314,AD00014,2026-07-03,106713,4050,65,10524.27,36823.15,3.4989
ADS00003315,AD00015,2026-06-20,36635,1791,148,5612.96,59247.06,10.5554
ADS00003316,AD00016,2025-02-24,173689,7970,462,24823.65,147399.28,5.9379
ADS00003317,AD00017,2025-04-04,150248,4294,166,3799.68,89251.67,23.4893
ADS00003318,AD00018,2026-05-23,76922,5405,638,6433.04,100577.18,15.6345
ADS00003319,AD00019,2025-08-02,96125,4484,499,2578.47,150223.81,58.2608
ADS00003320,AD00020,2026-05-02,53802,1445,95,1320.12,17186.98,13.0193
ADS00003321,AD00021,2025-09-14,133236,3197,232,4348.52,104216.55,23.966
ADS00003322,AD00022,2026-06-02,90500,1891,270,7688.95,100844.76,13.1155
ADS00003323,AD00023,2025-04-07,43895,1410,117,6686.82,67748.91,10.1317
ADS00003324,AD00024,2026-07-14,129114,9639,203,34535.6,56349.19,1.6316
ADS00003325,AD00025,2025-02-02,126190,1169,111,4684.36,17114.69,3.6536
ADS00003326,AD00026,2026-02-20,138425,3559,298,4479.05,28020.7,6.2559
ADS00003327,AD00027,2025-12-08,153738,12288,547,49403.96,117408.79,2.3765
ADS00003328,AD00028,2025-05-23,114892,6199,398,21340.23,228692.88,10.7165
ADS00003329,AD00029,2025-11-08,51552,2710,348,5158.24,147644.3,28.623
ADS00003330,AD00030,2025-03-02,96076,965,43,3341.53,22174.91,6.6362
ADS00003331,AD00031,2025-05-10,68558,3244,88,6325.2,43132.12,6.8191
ADS00003332,AD00032,2026-08-20,146779,2526,93,2337.58,54118.13,23.1513
ADS00003333,AD00033,2026-02-17,86045,4297,332,17975.35,222811.22,12.3954
ADS00003334,AD00034,2025-06-11,148823,7590,1006,16725.72,129752.7,7.7577
ADS00003335,AD00035,2026-02-23,99094,6833,998,25367.07,180860.42,7.1297
ADS00003336,AD00036,2025-02-28,173340,7616,364,28528.97,186719.38,6.5449
ADS00003337,AD00037,2026-06-22,60828,1802,217,8649.41,101498.39,11.7347
ADS00003338,AD00038,2026-04-19,24130,484,59,1837.91,11244.18,6.1179
ADS00003339,AD00039,2026-06-02,69638,2950,217,13179.95,25823.8,1.9593
ADS00003340,AD00040,2025-09-26,39281,819,47,486.14,31173.28,64.1241
ADS00003341,AD00041,2025-08-10,45834,3161,336,7685.34,164329.38,21.3822
ADS00003342,AD00042,2026-03-15,153116,7112,971,29363.14,445420.03,15.1694
ADS00003343,AD00043,2025-02-17,2501,144,9,536.45,4811.39,8.9689
ADS00003344,AD00044,2026-01-18,126496,8043,717,26181.35,72328.25,2.7626
ADS00003345,AD00045,2026-01-11,151227,6941,308,13768.0,62440.61,4.5352
ADS00003346,AD00046,2025-07-21,97746,2945,321,5896.7,160769.32,27.2643
ADS00003347,AD00047,2025-03-04,163289,11275,547,21841.52,299206.9,13.699
ADS00003348,AD00048,2025-09-20,170601,7857,373,11371.96,31403.62,2.7615
ADS00003349,AD00049,2026-02-25,97268,2674,99,3439.58,62955.22,18.3032
ADS00003350,AD00050,2025-03-25,22878,509,73,2318.89,44869.16,19.3494
ADS00003351,AD00051,2025-03-27,80720,4889,134,15513.77,56092.85,3.6157
ADS00003352,AD00052,2025-11-02,72367,1084,33,1827.1,20983.31,11.4845
ADS00003353,AD00053,2026-01-25,101943,6851,193,32270.92,29961.07,0.9284
ADS00003354,AD00054,2025-08-07,152642,8934,1303,10204.36,459828.18,45.0619
ADS00003355,AD00055,2025-05-25,143117,6879,1013,9300.1,649139.59,69.7992
ADS00003356,AD00056,2026-08-10,175357,12941,632,28347.86,43936.5,1.5499
ADS00003357,AD00057,2025-01-26,97185,1689,194,7074.43,96586.88,13.653
ADS00003358,AD00058,2025-07-09,77466,4231,376,11521.33,33721.9,2.9269
ADS00003359,AD00059,2026-06-27,40985,414,26,876.18,11568.86,13.2037
ADS00003360,AD00060,2025-05-01,116797,2322,100,8279.91,37332.66,4.5088
ADS00003361,AD00061,2026-04-23,59930,3924,414,14042.05,256308.91,18.253
ADS00003362,AD00062,2026-03-17,155466,5191,87,19470.86,53543.04,2.7499
ADS00003363,AD00063,2025-06-29,95732,4306,265,2197.27,24361.28,11.0871
ADS00003364,AD00064,2025-04-30,3885,239,22,737.77,14222.98,19.2783
ADS00003365,AD00065,2026-03-13,34361,1207,88,1895.78,41982.25,22.1451
ADS00003366,AD00066,2026-02-16,64197,1424,71,4063.95,22344.4,5.4982
ADS00003367,AD00067,2025-08-28,132968,4114,413,12067.76,134199.06,11.1205
ADS00003368,AD00068,2026-07-10,17352,558,58,1580.75,26334.94,16.6598
ADS00003369,AD00069,2025-09-11,123921,7506,1105,16303.47,336247.37,20.6243
ADS00003370,AD00070,2026-06-30,135155,6264,878,11424.45,225321.33,19.7227
ADS00003371,AD00071,2026-07-21,78850,4192,509,15288.68,335750.69,21.9607
ADS00003372,AD00072,2025-10-11,32797,595,77,1639.12,24664.46,15.0474
ADS00003373,AD00073,2025-05-27,155015,6123,538,21054.01,276039.13,13.111
ADS00003374,AD00074,2025-06-20,132051,5636,577,5958.8,287379.0,48.2277
ADS00003375,AD00075,2026-04-28,147190,9384,1296,30604.65,507283.3,16.5754
ADS00003376,AD00076,2025-03-27,41033,3263,330,3448.29,106079.53,30.7629
ADS00003377,AD00077,2025-07-14,41720,3325,213,3382.7,127240.23,37.615
ADS00003378,AD00078,2025-02-19,85837,4489,563,1827.64,299392.16,163.8135
ADS00003379,AD00079,2026-01-11,22481,1302,114,3491.89,59464.77,17.0294
ADS00003380,AD00080,2025-08-25,80485,4445,616,14930.29,131725.59,8.8227
ADS00003381,AD00081,2025-06-21,130842,7641,610,4075.67,187998.85,46.1271
ADS00003382,AD00082,2026-07-20,46169,3385,104,1386.73,33986.88,24.5086
ADS00003383,AD00083,2026-01-11,20485,589,81,1895.28,18591.45,9.8093
ADS00003384,AD00084,2025-09-04,23206,1756,73,3565.95,8489.6,2.3807
ADS00003385,AD00085,2026-08-22,108773,5479,266,26275.02,177770.77,6.7658
ADS00003386,AD00086,2025-11-15,133148,7360,265,26748.08,163620.82,6.1171
ADS00003387,AD00087,2025-02-15,135172,2886,70,4232.11,34009.06,8.036
ADS00003388,AD00088,2025-05-10,25961,1808,217,2113.74,99344.33,46.9993
ADS00003389,AD00089,2025-03-08,113510,8470,576,10867.77,75844.27,6.9788
ADS00003390,AD00090,2026-08-14,121171,7762,474,17393.99,134597.87,7.7382
ADS00003391,AD00091,2025-05-27,112187,7780,476,20898.33,266774.46,12.7653
ADS00003392,AD00092,2025-03-04,66370,2292,327,6024.94,91108.01,15.1218
ADS00003393,AD00093,2026-08-16,53102,2348,104,6157.75,9780.83,1.5884
ADS00003394,AD00094,2025-10-02,30178,2021,240,3680.33,121746.53,33.0803
ADS00003395,AD00095,2025-02-07,17215,236,16,348.01,9158.32,26.3163
ADS00003396,AD00096,2026-08-10,103272,5217,701,16646.89,85968.4,5.1642
ADS00003397,AD00097,2025-04-17,111513,4880,537,2405.7,184286.29,76.604
ADS00003398,AD00098,2025-07-03,122627,6971,650,32470.54,342968.72,10.5625
ADS00003399,AD00099,2026-04-04,77362,3025,363,11614.74,240623.95,20.7171
ADS00003400,AD00100,2025-08-26,149351,6568,587,25102.07,142145.71,5.6627
ADS00003401,AD00001,2025-07-01,123817,9496,772,16830.46,246103.35,14.6225
ADS00003402,AD00002,2025-06-26,21365,1164,75,775.53,36833.05,47.494
ADS00003403,AD00003,2025-09-27,158740,4500,249,15709.87,35784.08,2.2778
ADS00003404,AD00004,2026-06-19,28961,265,13,450.03,1970.41,4.3784
ADS00003405,AD00005,2026-01-27,99230,4644,126,10137.44,56253.48,5.5491
ADS00003406,AD00006,2025-03-07,132627,9288,435,27913.16,184007.81,6.5922
ADS00003407,AD00007,2026-07-26,35212,2377,229,6294.79,102577.33,16.2956
ADS00003408,AD00008,2026-08-21,109389,5813,865,8327.13,215126.73,25.8344
ADS00003409,AD00009,2026-07-17,43373,2769,65,9334.53,37365.18,4.0029
ADS00003410,AD00010,2026-07-27,173351,2617,202,11342.75,97740.18,8.617
ADS00003411,AD00011,2025-05-28,138884,6048,313,3678.51,146801.16,39.9078
ADS00003412,AD00012,2026-08-10,44569,680,74,1523.43,35600.7,23.3688
ADS00003413,AD00013,2026-03-21,129625,6047,890,4480.77,580645.46,129.5861
ADS00003414,AD00014,2026-07-09,75596,4581,339,9688.11,221529.17,22.8661
ADS00003415,AD00015,2026-06-09,88932,5319,408,19673.91,190504.21,9.6831
ADS00003416,AD00016,2025-02-28,66748,1025,79,1033.37,43750.92,42.3381
ADS00003417,AD00017,2025-04-23,38291,2876,263,12329.47,52058.26,4.2223
ADS00003418,AD00018,2026-05-25,22007,1006,144,4231.01,55024.28,13.005
ADS00003419,AD00019,2025-08-07,58281,3699,119,15063.39,15554.16,1.0326
ADS00003420,AD00020,2026-04-07,123457,8955,213,18697.52,57789.78,3.0908
ADS00003421,AD00021,2025-09-16,27109,1297,83,4760.03,29047.11,6.1023
ADS00003422,AD00022,2026-04-20,24106,936,40,3795.39,9822.67,2.5881
ADS00003423,AD00023,2025-04-07,26388,1956,144,7177.26,61581.24,8.58
ADS00003424,AD00024,2026-08-05,37919,1464,124,3375.93,72115.52,21.3617
ADS00003425,AD00025,2025-01-14,2153,52,6,92.6,1506.39,16.2677
ADS00003426,AD00026,2026-02-22,129896,9385,520,3579.25,74401.08,20.7868
ADS00003427,AD00027,2025-11-23,16510,922,18,3979.4,2169.73,0.5452
ADS00003428,AD00028,2025-05-30,114536,8385,939,26485.74,266607.41,10.0661
ADS00003429,AD00029,2025-11-14,77889,4024,217,16072.89,66897.42,4.1621
ADS00003430,AD00030,2025-03-17,114624,4076,312,8232.33,77864.08,9.4583
ADS00003431,AD00031,2025-04-13,64661,2635,153,7274.43,83965.95,11.5426
ADS00003432,AD00032,2026-08-16,140405,6408,743,14172.02,59780.47,4.2182
ADS00003433,AD00033,2026-02-14,168454,9588,1124,4892.73,653248.75,133.5142
ADS00003434,AD00034,2025-06-25,140486,5974,360,20167.83,96103.24,4.7652
ADS00003435,AD00035,2026-02-18,30742,1946,171,8014.78,51907.0,6.4764
ADS00003436,AD00036,2025-03-09,68055,3820,162,17216.83,40593.49,2.3578
ADS00003437,AD00037,2026-05-10,124184,3754,388,2633.65,83083.9,31.5471
ADS00003438,AD00038,2026-04-10,96399,4723,587,19340.14,282540.61,14.609
ADS00003439,AD00039,2026-06-07,111199,4374,601,6812.46,347780.49,51.0506
ADS00003440,AD00040,2025-10-15,177988,10579,587,16016.19,227181.96,14.1845
ADS00003441,AD00041,2025-08-17,104292,3273,131,14498.26,69047.71,4.7625
ADS00003442,AD00042,2026-04-15,175527,4481,537,18621.34,313220.7,16.8205
ADS00003443,AD00043,2025-02-01,140582,8349,249,21832.32,51701.05,2.3681
ADS00003444,AD00044,2026-03-07,36086,2295,177,6730.65,26608.57,3.9533
ADS00003445,AD00045,2026-01-14,57695,587,86,277.0,21913.26,79.1092
ADS00003446,AD00046,2025-07-14,67621,3377,173,7456.05,76831.0,10.3045
ADS00003447,AD00047,2025-03-12,148869,8373,879,37719.81,538946.57,14.2882
ADS00003448,AD00048,2025-10-23,118392,9110,400,4469.95,134585.86,30.109
ADS00003449,AD00049,2026-01-30,79270,4097,376,1534.05,93200.65,60.7546
ADS00003450,AD00050,2025-03-20,162264,8306,895,36708.02,106125.49,2.8911
ADS00003451,AD00051,2025-03-27,165070,3978,155,4927.01,104927.98,21.2965
ADS00003452,AD00052,2025-10-14,43463,806,66,3089.2,32533.65,10.5314
ADS00003453,AD00053,2026-01-25,124521,5753,456,2971.09,229277.89,77.1696
ADS00003454,AD00054,2025-07-14,109647,3092,168,1805.38,40085.69,22.2035
ADS00003455,AD00055,2025-05-29,161523,10583,473,45105.79,183162.4,4.0607
ADS00003456,AD00056,2026-07-27,144108,10338,644,23306.82,73365.85,3.1478
ADS00003457,AD00057,2025-02-03,60433,1743,133,2953.78,68112.52,23.0594
ADS00003458,AD00058,2025-07-08,137158,3557,159,4645.51,85683.97,18.4445
ADS00003459,AD00059,2026-05-26,106217,3429,437,9323.02,38089.47,4.0855
ADS00003460,AD00060,2025-05-02,10078,631,66,576.11,15479.37,26.8688
ADS00003461,AD00061,2026-06-06,60107,2333,143,2209.99,55362.66,25.0511
ADS00003462,AD00062,2026-03-25,126657,3587,303,8224.27,90996.9,11.0644
ADS00003463,AD00063,2025-06-25,49749,826,21,2766.09,3923.76,1.4185
ADS00003464,AD00064,2025-05-25,48471,2805,186,6040.82,97998.69,16.2227
ADS00003465,AD00065,2026-02-21,26814,2093,220,6059.57,59578.74,9.8322
ADS00003466,AD00066,2026-02-22,168888,8966,1216,28097.38,405064.56,14.4165
ADS00003467,AD00067,2025-08-22,10847,771,40,3678.69,26673.54,7.2508
ADS00003468,AD00068,2026-07-14,58113,1236,179,1763.32,28883.71,16.3803
ADS00003469,AD00069,2025-09-14,85674,1284,180,2146.05,70443.75,32.8248
ADS00003470,AD00070,2026-05-31,62746,2435,284,4025.6,94700.01,23.5244
ADS00003471,AD00071,2026-06-29,112682,7528,403,8794.57,140301.49,15.9532
ADS00003472,AD00072,2025-10-08,146314,6339,257,7609.05,89512.24,11.7639
ADS00003473,AD00073,2025-05-19,174379,6729,577,8933.99,208076.94,23.2905
ADS00003474,AD00074,2025-06-23,78623,2685,401,6489.33,217649.4,33.5396
ADS00003475,AD00075,2026-05-08,149829,9864,392,13970.9,127044.81,9.0935
ADS00003476,AD00076,2025-03-03,85359,4092,197,10465.29,42668.85,4.0772
ADS00003477,AD00077,2025-07-06,161414,4591,231,3921.54,108864.78,27.7607
ADS00003478,AD00078,2025-01-25,164560,4821,75,20857.39,42063.53,2.0167
ADS00003479,AD00079,2026-02-19,90354,6048,185,24454.09,28068.8,1.1478
ADS00003480,AD00080,2025-08-25,58100,3939,418,10365.15,185839.0,17.9292
ADS00003481,AD00081,2025-06-15,145368,3083,452,8063.52,213257.74,26.4472
ADS00003482,AD00082,2026-08-06,51876,3115,438,9814.34,34972.04,3.5634
ADS00003483,AD00083,2026-01-02,96876,5097,484,14887.19,221698.21,14.8919
ADS00003484,AD00084,2025-09-07,164919,1938,280,7251.8,78912.15,10.8817
ADS00003485,AD00085,2026-08-07,147617,9031,1025,34805.55,544802.21,15.6527
ADS00003486,AD00086,2025-10-26,143661,9106,908,9078.09,541858.69,59.6886
ADS00003487,AD00087,2025-02-12,8642,245,25,411.35,5481.41,13.3254
ADS00003488,AD00088,2025-05-10,21266,293,41,620.08,19944.05,32.1637
ADS00003489,AD00089,2025-03-22,41001,3259,158,3553.37,50083.63,14.0947
ADS00003490,AD00090,2026-08-21,36589,773,72,1745.59,24186.49,13.8558
ADS00003491,AD00091,2025-05-11,111250,1365,178,5202.89,61753.21,11.869
ADS00003492,AD00092,2025-03-15,107067,7208,542,16538.9,326753.02,19.7566
ADS00003493,AD00093,2026-08-14,153618,2825,82,5374.0,44150.54,8.2156
ADS00003494,AD00094,2025-10-04,77877,5295,582,24337.64,318144.01,13.0721
ADS00003495,AD00095,2025-02-23,1854,39,0,175.57,0.0,0.0
ADS00003496,AD00096,2026-07-15,45079,1356,198,1026.31,93125.24,90.7379
ADS00003497,AD00097,2025-05-23,74358,1050,63,402.07,11642.21,28.9557
ADS00003498,AD00098,2025-07-10,124403,2792,273,2256.67,110742.69,49.0735
ADS00003499,AD00099,2026-03-17,47602,443,62,416.73,12922.84,31.0101
ADS00003500,AD00100,2025-08-15,96854,3713,290,12177.7,192225.79,15.7851
ADS00003501,AD00001,2025-07-08,57439,4263,580,10258.54,189866.27,18.5081
ADS00003502,AD00002,2025-06-22,71898,2765,200,2973.5,97752.46,32.8745
ADS00003503,AD00003,2025-09-11,8658,184,27,327.42,17741.26,54.185
ADS00003504,AD00004,2026-06-09,121073,7515,839,2985.66,299689.87,100.3764
ADS00003505,AD00005,2026-01-12,112771,3607,189,12746.21,49299.62,3.8678
ADS00003506,AD00006,2025-04-03,6219,432,62,1793.4,32764.43,18.2694
ADS00003507,AD00007,2026-08-03,101823,6577,428,31235.91,50860.06,1.6283
ADS00003508,AD00008,2026-08-22,84088,703,64,1485.89,24122.66,16.2345
ADS00003509,AD00009,2026-07-24,100683,7493,1017,25352.65,614435.78,24.2356
ADS00003510,AD00010,2026-08-09,65376,977,79,810.0,29894.88,36.9073
ADS00003511,AD00011,2025-05-31,163883,5950,425,9878.57,140853.19,14.2585
ADS00003512,AD00012,2026-07-29,138071,10035,171,18672.99,78860.11,4.2232
ADS00003513,AD00013,2026-04-09,129153,7244,148,5314.67,51589.13,9.7069
ADS00003514,AD00014,2026-07-03,113795,6762,156,21908.8,34450.63,1.5725
ADS00003515,AD00015,2026-07-06,177253,2277,117,6552.28,22026.56,3.3617
ADS00003516,AD00016,2025-03-31,90783,3034,49,13978.29,12453.15,0.8909
ADS00003517,AD00017,2025-03-24,32562,1579,126,4155.05,72828.87,17.5278
ADS00003518,AD00018,2026-05-18,99031,4265,291,2750.86,109278.17,39.7251
ADS00003519,AD00019,2025-08-17,117632,7089,518,29073.49,76939.76,2.6464
ADS00003520,AD00020,2026-04-25,127994,3167,328,2586.52,86433.62,33.417
ADS00003521,AD00021,2025-09-11,84499,990,115,410.02,16365.15,39.9131
ADS00003522,AD00022,2026-05-20,127013,9519,982,18035.35,592344.94,32.8436
ADS00003523,AD00023,2025-04-13,124446,3564,369,15370.71,127153.15,8.2724
ADS00003524,AD00024,2026-07-04,162315,12606,921,34931.59,423496.46,12.1236
ADS00003525,AD00025,2025-01-30,58617,4208,328,3327.52,129056.36,38.7845
ADS00003526,AD00026,2026-02-27,128044,8830,404,25351.04,92188.34,3.6365
ADS00003527,AD00027,2025-12-09,106261,5534,256,15717.28,37156.08,2.364
ADS00003528,AD00028,2025-06-04,175477,4981,316,21942.01,211133.02,9.6223
ADS00003529,AD00029,2025-11-09,75373,2681,106,10252.09,21750.04,2.1215
ADS00003530,AD00030,2025-03-05,80805,2391,225,2887.09,53221.55,18.4343
ADS00003531,AD00031,2025-05-31,117759,6569,147,17786.46,67381.14,3.7883
ADS00003532,AD00032,2026-08-18,35121,755,103,2165.83,21050.78,9.7195
ADS00003533,AD00033,2026-02-18,57393,1031,51,4489.55,22851.0,5.0898
ADS00003534,AD00034,2025-05-25,29105,1178,63,1677.8,18516.95,11.0364
ADS00003535,AD00035,2026-01-26,166462,4199,572,19891.47,177988.21,8.948
ADS00003536,AD00036,2025-03-29,16426,624,66,2869.06,39860.35,13.8932
ADS00003537,AD00037,2026-07-07,31726,1568,201,2208.77,44633.74,20.2075
ADS00003538,AD00038,2026-04-09,167832,8561,221,19258.03,35355.45,1.8359
ADS00003539,AD00039,2026-06-05,77984,5744,374,17166.2,194883.35,11.3527
ADS00003540,AD00040,2025-10-03,12759,243,36,551.51,14232.93,25.8072
ADS00003541,AD00041,2025-08-17,9660,223,6,780.02,2060.49,2.6416
ADS00003542,AD00042,2026-03-24,120830,2781,103,7399.64,14440.76,1.9515
ADS00003543,AD00043,2025-02-19,170622,8980,557,9022.74,119782.6,13.2756
ADS00003544,AD00044,2026-03-09,96681,3212,298,3329.43,140145.3,42.0929
ADS00003545,AD00045,2026-01-13,145087,10256,1187,17052.5,669546.46,39.2638
ADS00003546,AD00046,2025-07-30,146427,9317,594,40494.11,313516.45,7.7423
ADS00003547,AD00047,2025-03-13,69875,831,65,1132.25,34058.89,30.0807
ADS00003548,AD00048,2025-08-27,159097,3786,137,9057.05,80457.69,8.8834
ADS00003549,AD00049,2026-02-25,75188,5018,604,1558.33,309469.06,198.5902
ADS00003550,AD00050,2025-04-11,164420,1428,176,1518.95,105205.91,69.2623
ADS00003551,AD00051,2025-03-27,153237,9593,883,32756.72,156042.28,4.7637
ADS00003552,AD00052,2025-11-05,92649,6276,504,13948.34,191064.86,13.698
ADS00003553,AD00053,2026-02-02,59634,4030,223,5909.55,128724.94,21.7825
ADS00003554,AD00054,2025-08-06,10692,477,55,2107.34,31424.79,14.9121
ADS00003555,AD00055,2025-06-14,47547,3524,403,8122.64,251226.42,30.9292
ADS00003556,AD00056,2026-08-02,70102,2008,252,6726.43,56043.9,8.3319
ADS00003557,AD00057,2025-01-26,115555,5481,761,3068.61,89934.14,29.3078
ADS00003558,AD00058,2025-07-04,38708,634,19,567.53,11066.51,19.4994
ADS00003559,AD00059,2026-06-03,95114,2057,261,5270.61,48789.02,9.2568
ADS00003560,AD00060,2025-05-12,54428,2523,245,4626.66,58376.28,12.6174
ADS00003561,AD00061,2026-06-05,65884,869,50,1103.64,5024.84,4.553
ADS00003562,AD00062,2026-03-28,143600,4553,505,14405.97,46027.86,3.1951
ADS00003563,AD00063,2025-06-27,163693,10857,878,50578.25,512364.02,10.1301
ADS00003564,AD00064,2025-04-20,149343,10377,1155,47466.46,569710.2,12.0024
ADS00003565,AD00065,2026-02-25,58953,1492,29,1340.18,16710.85,12.4691
ADS00003566,AD00066,2026-02-12,68079,3807,374,4893.37,159405.77,32.5759
ADS00003567,AD00067,2025-08-19,177853,8748,1105,17015.75,157735.29,9.27
ADS00003568,AD00068,2026-07-31,126178,8135,1210,27275.87,685140.12,25.1189
ADS00003569,AD00069,2025-09-30,35332,1329,89,1146.81,37031.37,32.2908
ADS00003570,AD00070,2026-05-31,41609,732,95,543.83,38879.67,71.4923
ADS00003571,AD00071,2026-08-09,36378,1809,208,5261.77,86924.49,16.52
ADS00003572,AD00072,2025-10-29,68075,3586,87,11802.78,21372.13,1.8108
ADS00003573,AD00073,2025-05-02,87027,2040,72,7375.89,25999.46,3.5249
ADS00003574,AD00074,2025-06-24,110802,3315,379,3913.69,148562.78,37.9598
ADS00003575,AD00075,2026-05-06,175043,12018,1673,8797.04,527505.16,59.9639
ADS00003576,AD00076,2025-03-01,70938,2073,265,1130.64,160976.26,142.3762
ADS00003577,AD00077,2025-07-23,76938,1616,170,1821.7,92154.66,50.5872
ADS00003578,AD00078,2025-02-14,28030,1855,225,1415.76,92849.7,65.5829
ADS00003579,AD00079,2026-01-21,101447,1025,88,3860.18,42406.19,10.9855
ADS00003580,AD00080,2025-08-29,46706,2906,158,1178.81,78839.64,66.8807
ADS00003581,AD00081,2025-06-24,45573,734,54,2856.38,14950.2,5.234
ADS00003582,AD00082,2026-07-24,74764,3443,357,15446.07,146122.12,9.4601
ADS00003583,AD00083,2026-01-02,35062,1869,45,4464.41,6344.73,1.4212
ADS00003584,AD00084,2025-09-04,16915,689,40,1600.7,21333.91,13.3279
ADS00003585,AD00085,2026-07-30,94607,6399,730,15644.92,171329.29,10.9511
ADS00003586,AD00086,2025-12-13,138215,4518,190,5267.69,109704.98,20.826
ADS00003587,AD00087,2025-02-12,61294,2020,122,679.12,34034.94,50.1162
ADS00003588,AD00088,2025-04-26,4665,260,6,362.44,1948.56,5.3762
ADS00003589,AD00089,2025-02-08,77745,6186,391,17215.2,120944.44,7.0254
ADS00003590,AD00090,2026-08-13,73837,2195,328,5101.5,122818.16,24.0749
ADS00003591,AD00091,2025-04-14,120445,8354,572,32973.31,35186.24,1.0671
ADS00003592,AD00092,2025-03-17,125714,3892,534,3001.31,188182.88,62.7002
ADS00003593,AD00093,2026-08-13,47872,2988,201,922.8,19917.57,21.5838
ADS00003594,AD00094,2025-09-28,33408,952,32,2145.87,17510.96,8.1603
ADS00003595,AD00095,2025-03-16,19651,488,39,1131.09,25271.57,22.3427
ADS00003596,AD00096,2026-08-03,61744,522,9,811.06,1270.96,1.567
ADS00003597,AD00097,2025-05-04,142622,6803,1001,25934.11,599131.38,23.1021
ADS00003598,AD00098,2025-05-31,17722,784,71,3207.86,47963.96,14.952
ADS00003599,AD00099,2026-02-19,151560,1526,161,4868.13,25481.62,5.2344
ADS00003600,AD00100,2025-08-23,48922,1959,246,7351.48,154819.87,21.0597
ADS00003601,AD00001,2025-07-13,145766,4768,520,21119.24,185071.13,8.7632
ADS00003602,AD00002,2025-06-17,154314,2736,222,8891.36,102891.96,11.5721
ADS00003603,AD00003,2025-08-25,167270,10904,264,6200.5,30208.29,4.8719
ADS00003604,AD00004,2026-06-04,31645,2082,281,4029.35,134125.9,33.2872
ADS00003605,AD00005,2026-02-09,172816,7319,256,18473.59,172894.0,9.359
ADS00003606,AD00006,2025-02-09,92456,4435,352,2263.73,63864.07,28.2119
ADS00003607,AD00007,2026-07-30,99288,1738,222,2994.47,121603.66,40.6094
ADS00003608,AD00008,2026-08-21,12225,206,26,585.51,3113.35,5.3173
ADS00003609,AD00009,2026-06-30,73685,3302,72,14685.19,8005.26,0.5451
ADS00003610,AD00010,2026-07-18,13678,500,15,1130.51,7762.85,6.8667
ADS00003611,AD00011,2025-06-14,57052,830,62,454.79,26025.41,57.2251
ADS00003612,AD00012,2026-08-19,124732,6734,635,6126.63,94937.19,15.4958
ADS00003613,AD00013,2026-04-18,147700,6536,312,4510.37,161378.17,35.7794
ADS00003614,AD00014,2026-07-06,61342,626,77,447.13,28553.82,63.8602
ADS00003615,AD00015,2026-06-08,39591,1197,79,3337.77,47472.25,14.2227
ADS00003616,AD00016,2025-02-04,119629,8925,827,38107.41,498126.39,13.0716
ADS00003617,AD00017,2025-03-30,146950,3990,109,3327.98,11435.24,3.4361
ADS00003618,AD00018,2026-05-19,99812,4812,507,22117.33,93114.67,4.21
ADS00003619,AD00019,2025-08-20,35991,1827,259,3179.88,44004.79,13.8385
ADS00003620,AD00020,2026-05-24,146662,2762,101,6652.42,10431.9,1.5681
ADS00003621,AD00021,2025-09-04,113171,2406,109,2240.74,60912.58,27.1841
ADS00003622,AD00022,2026-05-16,166103,1832,48,1405.97,8063.37,5.7351
ADS00003623,AD00023,2025-05-17,154918,6058,203,23637.38,36452.37,1.5421
ADS00003624,AD00024,2026-07-26,63438,1139,126,1746.17,20434.83,11.7027
ADS00003625,AD00025,2025-01-30,39945,331,46,221.65,26080.8,117.6666
ADS00003626,AD00026,2026-03-07,159451,10992,373,30000.74,173493.57,5.783
ADS00003627,AD00027,2025-12-10,158730,2583,287,4269.99,21348.77,4.9997
ADS00003628,AD00028,2025-06-17,46859,880,116,1904.23,33800.93,17.7504
ADS00003629,AD00029,2025-12-06,126442,9477,526,16562.15,320142.12,19.3297
ADS00003630,AD00030,2025-04-05,24767,1296,96,5416.5,6749.96,1.2462
ADS00003631,AD00031,2025-05-26,133704,9126,657,41562.22,391806.01,9.427
ADS00003632,AD00032,2026-08-17,124903,1330,188,5066.27,57328.36,11.3157
ADS00003633,AD00033,2026-02-11,128646,3738,317,7278.95,123050.65,16.905
ADS00003634,AD00034,2025-06-01,157081,10041,1075,25035.04,413240.12,16.5065
ADS00003635,AD00035,2026-01-31,166394,7865,1140,5437.82,389387.94,71.6074
ADS00003636,AD00036,2025-03-10,58904,3009,159,2370.16,74864.03,31.5861
ADS00003637,AD00037,2026-07-10,66506,4347,87,15498.09,52235.54,3.3705
ADS00003638,AD00038,2026-03-30,178518,3758,320,8745.9,107138.2,12.2501
ADS00003639,AD00039,2026-06-02,89039,4684,441,7379.49,261508.44,35.4372
ADS00003640,AD00040,2025-11-03,173632,11856,623,28865.02,325719.28,11.2842
ADS00003641,AD00041,2025-08-15,22033,1726,87,6132.55,30352.75,4.9495
ADS00003642,AD00042,2026-03-17,46760,504,55,306.6,35848.42,116.9224
ADS00003643,AD00043,2025-03-05,159855,3422,324,13794.83,192302.88,13.9402
ADS00003644,AD00044,2026-03-10,108458,8546,244,28098.52,29160.06,1.0378
ADS00003645,AD00045,2026-01-06,12671,385,19,1532.24,6138.46,4.0062
ADS00003646,AD00046,2025-08-22,93736,7078,184,29606.15,119369.86,4.0319
ADS00003647,AD00047,2025-03-13,118077,6458,362,29899.6,79257.91,2.6508
ADS00003648,AD00048,2025-09-18,124108,8685,1100,27959.46,580854.16,20.7749
ADS00003649,AD00049,2026-03-05,112234,5528,485,12380.01,269222.55,21.7466
ADS00003650,AD00050,2025-05-01,3505,216,23,96.08,2932.06,30.5169
ADS00003651,AD00051,2025-04-07,169027,11991,284,46616.76,149929.66,3.2162
ADS00003652,AD00052,2025-10-18,130800,4275,398,1658.71,151978.82,91.6247
ADS00003653,AD00053,2026-01-25,26811,251,12,567.08,7585.12,13.3757
ADS00003654,AD00054,2025-07-19,51978,1345,74,2946.5,18485.28,6.2736
ADS00003655,AD00055,2025-06-03,157471,3704,152,16132.51,27718.39,1.7182
ADS00003656,AD00056,2026-08-02,54405,1058,121,1487.6,38862.33,26.1242
ADS00003657,AD00057,2025-02-03,12358,671,26,342.94,14455.26,42.151
ADS00003658,AD00058,2025-06-25,85166,2217,201,5982.65,88229.38,14.7475
ADS00003659,AD00059,2026-06-07,116294,2291,47,6420.28,3098.86,0.4827
ADS00003660,AD00060,2025-05-05,117918,7082,430,7489.13,261121.98,34.8668
ADS00003661,AD00061,2026-06-10,65578,1711,40,3820.72,22304.36,5.8377
ADS00003662,AD00062,2026-03-31,156835,3403,137,4165.76,29886.26,7.1743
ADS00003663,AD00063,2025-07-05,153591,3466,239,1976.44,129411.7,65.4772
ADS00003664,AD00064,2025-04-08,132055,7150,1071,21542.57,641164.48,29.7627
ADS00003665,AD00065,2026-02-18,98995,4263,470,3728.15,293978.96,78.8538
ADS00003666,AD00066,2026-02-24,64749,3484,503,7437.97,290175.58,39.0127
ADS00003667,AD00067,2025-07-22,177342,8800,1024,34862.18,284074.55,8.1485
ADS00003668,AD00068,2026-07-16,88772,3294,337,10446.93,173587.63,16.6161
ADS00003669,AD00069,2025-09-25,131183,8591,511,27253.47,180862.21,6.6363
ADS00003670,AD00070,2026-07-04,33263,527,51,851.63,33648.54,39.5107
ADS00003671,AD00071,2026-06-26,134469,5840,754,5449.66,158380.06,29.0624
ADS00003672,AD00072,2025-10-16,104211,6715,505,14286.62,259081.07,18.1345
ADS00003673,AD00073,2025-05-18,139770,8629,637,9546.12,300631.51,31.4925
ADS00003674,AD00074,2025-06-27,71542,2356,284,5712.44,141913.07,24.8428
ADS00003675,AD00075,2026-04-08,85461,1864,55,7569.67,29535.59,3.9018
ADS00003676,AD00076,2025-03-08,32678,1317,152,2211.57,62874.06,28.4296
ADS00003677,AD00077,2025-09-06,6572,424,36,1912.47,14382.53,7.5204
ADS00003678,AD00078,2025-02-05,68540,3497,66,14645.44,21673.74,1.4799
ADS00003679,AD00079,2026-01-05,167639,7558,438,28406.98,118806.01,4.1823
ADS00003680,AD00080,2025-08-08,134413,2084,130,9511.18,20824.14,2.1894
ADS00003681,AD00081,2025-06-02,142911,10289,691,17957.69,389980.01,21.7166
ADS00003682,AD00082,2026-08-10,43713,3454,370,11961.51,233015.95,19.4805
ADS00003683,AD00083,2026-01-01,135880,4160,417,15549.79,74718.96,4.8051
ADS00003684,AD00084,2025-09-01,64355,2318,62,7505.88,28418.24,3.7861
ADS00003685,AD00085,2026-08-14,79404,3746,191,5453.86,119727.63,21.9528
ADS00003686,AD00086,2025-10-20,111781,7544,668,13005.28,445170.67,34.23
ADS00003687,AD00087,2025-02-15,89937,3967,68,13376.97,42673.5,3.1901
ADS00003688,AD00088,2025-04-29,14234,948,100,3180.92,25313.95,7.9581
ADS00003689,AD00089,2025-02-28,122573,3025,183,3617.45,91796.1,25.3759
ADS00003690,AD00090,2026-08-15,33337,1177,41,2870.38,5679.42,1.9786
ADS00003691,AD00091,2025-04-09,169499,13401,1335,61029.11,647150.16,10.604
ADS00003692,AD00092,2025-02-24,153981,12156,195,11659.35,107387.19,9.2104
ADS00003693,AD00093,2026-08-21,61342,2391,205,2033.9,58694.95,28.8583
ADS00003694,AD00094,2025-09-29,72871,5322,669,17795.49,154248.84,8.6679
ADS00003695,AD00095,2025-04-03,126656,2322,96,1114.52,24004.78,21.5382
ADS00003696,AD00096,2026-07-16,162818,9082,964,24165.89,178328.62,7.3794
ADS00003697,AD00097,2025-04-10,85074,6234,867,15649.59,537415.65,34.3406
ADS00003698,AD00098,2025-06-05,120727,6674,120,23787.75,46926.12,1.9727
ADS00003699,AD00099,2026-03-15,75505,3271,243,12346.84,118809.64,9.6227
ADS00003700,AD00100,2025-08-31,160281,4652,338,4363.53,67367.15,15.4387
ADS00003701,AD00001,2025-06-10,162956,12953,1744,30017.13,150725.76,5.0213
ADS00003702,AD00002,2025-06-26,2326,164,4,306.6,1299.48,4.2384
ADS00003703,AD00003,2025-09-10,176722,10840,253,36593.26,34163.94,0.9336
ADS00003704,AD00004,2026-05-18,105952,5147,83,24237.24,50715.3,2.0925
ADS00003705,AD00005,2026-02-13,141414,2595,50,8885.63,9449.89,1.0635
ADS00003706,AD00006,2025-02-10,124523,7097,365,22659.0,123694.0,5.4589
ADS00003707,AD00007,2026-08-02,131068,2553,177,8509.36,90955.59,10.6889
ADS00003708,AD00008,2026-08-21,18118,967,42,993.09,3714.97,3.7408
ADS00003709,AD00009,2026-06-30,84942,6505,817,8504.85,131738.0,15.4897
ADS00003710,AD00010,2026-08-16,45285,3474,297,8848.85,131866.42,14.9021
ADS00003711,AD00011,2025-06-13,79018,5432,645,21761.5,74357.4,3.4169
ADS00003712,AD00012,2026-07-08,166835,2234,137,8156.47,14986.88,1.8374
ADS00003713,AD00013,2026-02-24,156899,9206,223,29231.07,31489.82,1.0773
ADS00003714,AD00014,2026-07-09,130090,6431,409,3445.78,32184.19,9.3402
ADS00003715,AD00015,2026-07-19,43407,3285,390,13564.46,85796.55,6.3251
ADS00003716,AD00016,2025-03-28,96447,4382,487,16018.25,318289.32,19.8704
ADS00003717,AD00017,2025-03-30,91199,3712,383,10448.15,32493.52,3.11
ADS00003718,AD00018,2026-05-25,122016,7179,167,34432.83,22221.07,0.6453
ADS00003719,AD00019,2025-08-16,8422,592,16,1593.11,10539.96,6.616
ADS00003720,AD00020,2026-06-12,48006,1736,112,4959.27,40049.29,8.0756
ADS00003721,AD00021,2025-09-07,167667,9082,1172,31460.66,143658.85,4.5663
ADS00003722,AD00022,2026-06-08,56489,2585,190,6677.0,100452.88,15.0446
ADS00003723,AD00023,2025-04-05,115329,8879,882,35024.2,373728.83,10.6706
ADS00003724,AD00024,2026-08-07,161951,10226,1339,11113.21,639335.41,57.5293
ADS00003725,AD00025,2025-02-09,61470,528,41,1487.84,12564.25,8.4446
ADS00003726,AD00026,2026-03-16,130855,6812,755,18102.97,106113.16,5.8616
ADS00003727,AD00027,2025-11-28,77082,1879,111,2557.9,13437.18,5.2532
ADS00003728,AD00028,2025-05-02,57995,1839,246,4555.18,104887.18,23.0259
ADS00003729,AD00029,2025-11-19,79255,3797,541,8529.26,316514.65,37.1093
ADS00003730,AD00030,2025-02-23,130596,1326,115,1873.78,47803.29,25.5117
ADS00003731,AD00031,2025-05-13,84638,5780,486,24175.11,121962.76,5.045
ADS00003732,AD00032,2026-08-20,62056,3321,473,13956.41,150653.5,10.7946
ADS00003733,AD00033,2026-02-20,66434,3467,210,9608.23,47733.94,4.968
ADS00003734,AD00034,2025-05-28,90882,7032,886,24221.11,345433.21,14.2617
ADS00003735,AD00035,2026-02-16,79547,1064,48,4285.83,14850.56,3.465
ADS00003736,AD00036,2025-03-18,40097,3183,296,2458.47,29469.83,11.9871
ADS00003737,AD00037,2026-05-27,149287,5610,420,7829.86,56625.35,7.232
ADS00003738,AD00038,2026-04-07,178926,8624,358,25557.8,56847.43,2.2243
ADS00003739,AD00039,2026-06-04,144043,4077,423,10979.89,99951.06,9.1031
ADS00003740,AD00040,2025-10-11,99511,1471,58,3659.08,21871.46,5.9773
ADS00003741,AD00041,2025-08-12,79369,3839,424,7114.79,103489.25,14.5457
ADS00003742,AD00042,2026-04-30,61092,2359,96,6109.52,61209.09,10.0186
ADS00003743,AD00043,2025-03-21,39239,2846,359,1238.26,91606.57,73.9801
ADS00003744,AD00044,2026-02-04,136993,9961,897,15895.96,291122.86,18.3143
ADS00003745,AD00045,2026-01-11,106639,4329,435,4192.52,71601.43,17.0784
ADS00003746,AD00046,2025-07-11,8192,284,6,907.44,3956.73,4.3603
ADS00003747,AD00047,2025-03-15,61387,1255,78,1204.12,42958.35,35.6761
ADS00003748,AD00048,2025-09-25,82518,2481,70,2721.33,41211.66,15.1439
ADS00003749,AD00049,2026-01-30,68112,2925,52,12308.77,23190.25,1.884
ADS00003750,AD00050,2025-04-05,170801,7977,569,30494.65,149953.7,4.9174
ADS00003751,AD00051,2025-03-28,32256,2363,152,9243.49,81767.87,8.846
ADS00003752,AD00052,2025-11-04,130452,3863,512,13123.14,165202.02,12.5886
ADS00003753,AD00053,2026-02-07,99123,7613,316,14353.19,116865.9,8.1422
ADS00003754,AD00054,2025-08-12,27940,1764,168,5267.67,34765.43,6.5998
ADS00003755,AD00055,2025-06-12,143936,5358,281,25202.06,30049.35,1.1923
ADS00003756,AD00056,2026-08-03,117717,8514,1251,5226.27,144942.73,27.7335
ADS00003757,AD00057,2025-01-10,4986,281,26,649.65,11056.82,17.0197
ADS00003758,AD00058,2025-07-07,31553,463,54,1791.62,25105.7,14.0128
ADS00003759,AD00059,2026-06-26,39130,2304,112,1083.44,11913.87,10.9963
ADS00003760,AD00060,2025-05-05,26752,1214,33,980.95,17293.88,17.6297
ADS00003761,AD00061,2026-05-04,115803,6544,636,26149.98,103621.58,3.9626
ADS00003762,AD00062,2026-03-25,171515,6363,409,24154.89,90366.3,3.7411
ADS00003763,AD00063,2025-07-06,8973,297,29,1325.55,6108.47,4.6083
ADS00003764,AD00064,2025-05-30,53327,2429,260,5028.73,119166.67,23.6972
ADS00003765,AD00065,2026-02-25,105802,3739,395,14788.3,266136.54,17.9964
ADS00003766,AD00066,2026-02-16,56711,1420,41,2506.31,10257.46,4.0927
ADS00003767,AD00067,2025-08-25,54822,2767,209,3245.93,129785.12,39.984
ADS00003768,AD00068,2026-08-04,92722,5875,792,11114.62,224545.33,20.2027
ADS00003769,AD00069,2025-09-05,78133,1229,25,1324.12,16528.55,12.4827
ADS00003770,AD00070,2026-06-04,140647,7614,525,16255.89,237012.73,14.5801
ADS00003771,AD00071,2026-07-30,162520,3393,151,8901.02,13398.36,1.5053
ADS00003772,AD00072,2025-10-27,160010,11926,1671,17133.02,538649.66,31.4393
ADS00003773,AD00073,2025-04-30,4987,175,24,736.83,8203.17,11.1331
ADS00003774,AD00074,2025-06-19,169194,5595,578,2801.22,313198.83,111.808
ADS00003775,AD00075,2026-06-03,59792,4220,326,6424.92,216444.74,33.6883
ADS00003776,AD00076,2025-03-20,1855,54,0,39.46,0.0,0.0
ADS00003777,AD00077,2025-07-17,34278,1714,183,1112.55,120352.92,108.1775
ADS00003778,AD00078,2025-03-03,15581,548,10,1959.9,2506.92,1.2791
ADS00003779,AD00079,2026-01-12,135270,2218,311,5800.12,155621.26,26.8307
ADS00003780,AD00080,2025-08-11,127396,2726,242,5828.38,65163.86,11.1804
ADS00003781,AD00081,2025-05-28,154966,6930,873,33052.41,396785.16,12.0047
ADS00003782,AD00082,2026-08-10,114916,942,60,2100.25,5831.43,2.7765
ADS00003783,AD00083,2025-12-26,55818,937,110,1475.05,18076.0,12.2545
ADS00003784,AD00084,2025-09-23,174260,2170,65,3659.1,29508.58,8.0644
ADS00003785,AD00085,2026-08-15,168436,6816,695,11597.62,81120.81,6.9946
ADS00003786,AD00086,2025-11-05,92185,6823,806,7342.8,157042.5,21.3873
ADS00003787,AD00087,2025-02-10,81677,4201,532,4390.49,320579.38,73.0168
ADS00003788,AD00088,2025-04-19,72340,2013,109,7339.61,60391.23,8.2281
ADS00003789,AD00089,2025-01-26,105998,7687,1118,24414.7,502327.24,20.5748
ADS00003790,AD00090,2026-08-18,113399,7386,501,13153.56,62091.81,4.7205
ADS00003791,AD00091,2025-06-01,156751,7829,958,9749.15,137844.79,14.1392
ADS00003792,AD00092,2025-03-23,129931,3784,442,11160.75,288868.53,25.8825
ADS00003793,AD00093,2026-08-20,148747,7449,964,2403.74,348252.48,144.8794
ADS00003794,AD00094,2025-09-12,62389,2056,152,8410.74,16158.32,1.9212
ADS00003795,AD00095,2025-02-15,69988,4030,541,15794.85,113612.69,7.193
ADS00003796,AD00096,2026-08-14,25529,690,13,1342.32,6488.57,4.8338
ADS00003797,AD00097,2025-05-06,14267,814,116,2973.85,38368.53,12.902
ADS00003798,AD00098,2025-06-04,4185,322,11,738.14,4978.38,6.7445
ADS00003799,AD00099,2026-03-26,106747,3381,257,13106.65,45341.51,3.4594
ADS00003800,AD00100,2025-08-14,22954,1471,197,2555.9,21110.21,8.2594
ADS00003801,AD00001,2025-07-02,124162,4335,412,9334.76,39125.5,4.1914
ADS00003802,AD00002,2025-06-26,165490,8937,1283,8282.04,114803.82,13.8618
ADS00003803,AD00003,2025-10-05,101466,4737,471,8027.89,197081.45,24.5496
ADS00003804,AD00004,2026-06-26,151857,5157,363,4555.86,111640.46,24.5048
ADS00003805,AD00005,2026-02-06,118270,4567,382,14894.03,249996.56,16.785
ADS00003806,AD00006,2025-02-03,160668,5056,194,23530.04,122209.95,5.1938
ADS00003807,AD00007,2026-08-19,109548,6761,568,15331.76,81457.77,5.313
ADS00003808,AD00008,2026-08-22,23324,1339,127,5603.87,30498.86,5.4425
ADS00003809,AD00009,2026-06-24,69967,4421,340,8796.97,168528.1,19.1575
ADS00003810,AD00010,2026-08-11,11934,311,31,1401.25,17592.93,12.5552
ADS00003811,AD00011,2025-06-07,106046,3812,282,8942.06,80101.12,8.9578
ADS00003812,AD00012,2026-07-19,161223,10108,757,7638.25,334471.08,43.789
ADS00003813,AD00013,2026-04-12,131519,2413,225,1768.02,64747.52,36.6215
ADS00003814,AD00014,2026-07-12,52434,3949,544,2976.4,195779.3,65.7772
ADS00003815,AD00015,2026-07-20,164290,1883,280,5210.75,33275.92,6.386
ADS00003816,AD00016,2025-03-17,136283,7736,918,14245.88,603943.01,42.3942
ADS00003817,AD00017,2025-03-26,140715,3404,248,12664.02,147666.55,11.6603
ADS00003818,AD00018,2026-05-08,117093,7988,685,12474.71,186588.77,14.9574
ADS00003819,AD00019,2025-08-17,38753,432,63,2057.39,4951.48,2.4067
ADS00003820,AD00020,2026-05-03,77313,2957,156,5773.99,21333.05,3.6947
ADS00003821,AD00021,2025-09-05,121847,8928,1220,35834.26,188440.85,5.2587
ADS00003822,AD00022,2026-04-28,36681,2800,244,10237.58,19753.16,1.9295
ADS00003823,AD00023,2025-04-05,16160,755,98,860.54,42662.47,49.5764
ADS00003824,AD00024,2026-07-14,46636,2541,78,4640.5,18841.2,4.0602
ADS00003825,AD00025,2025-01-23,72334,3728,154,12461.23,75439.59,6.0539
ADS00003826,AD00026,2026-03-01,39002,495,13,2370.2,3077.61,1.2985
ADS00003827,AD00027,2025-12-12,26728,1436,109,3907.94,57411.67,14.691
ADS00003828,AD00028,2025-06-12,94750,1783,30,2306.82,2209.55,0.9578
ADS00003829,AD00029,2025-10-10,2054,141,18,253.23,10736.57,42.3985
ADS00003830,AD00030,2025-03-11,119808,4486,509,20340.09,269757.41,13.2624
ADS00003831,AD00031,2025-05-09,91649,1085,153,3868.93,92142.79,23.8161
ADS00003832,AD00032,2026-08-20,9998,769,106,3535.77,55889.97,15.807
ADS00003833,AD00033,2026-02-20,122801,3199,370,5301.58,179017.54,33.7668
ADS00003834,AD00034,2025-05-06,15915,747,14,523.74,1833.34,3.5005
ADS00003835,AD00035,2026-02-06,103761,906,99,3266.09,11032.67,3.3779
ADS00003836,AD00036,2025-02-24,130931,8924,138,40089.96,35799.86,0.893
ADS00003837,AD00037,2026-05-16,98724,2084,51,4316.26,11966.81,2.7725
ADS00003838,AD00038,2026-04-23,3581,216,28,1014.51,3363.74,3.3156
ADS00003839,AD00039,2026-06-13,174905,6530,490,29414.46,50402.96,1.7135
ADS00003840,AD00040,2025-10-11,106049,8196,908,6274.54,469888.29,74.8881
ADS00003841,AD00041,2025-08-07,48683,3431,400,7299.29,232589.16,31.8646
ADS00003842,AD00042,2026-04-04,57666,996,31,2112.97,6042.76,2.8598
ADS00003843,AD00043,2025-02-15,82297,4510,298,11490.59,119196.16,10.3734
ADS00003844,AD00044,2026-03-12,57432,1594,176,6527.41,56953.26,8.7252
ADS00003845,AD00045,2026-01-14,162973,2227,76,6990.4,14848.01,2.1241
ADS00003846,AD00046,2025-06-25,170958,5399,429,7748.65,256508.4,33.1036
ADS00003847,AD00047,2025-03-12,82436,5131,147,22222.3,75821.93,3.412
ADS00003848,AD00048,2025-09-13,166485,1838,268,8610.68,149481.54,17.36
ADS00003849,AD00049,2026-02-06,95049,2463,216,915.58,56125.12,61.3001
ADS00003850,AD00050,2025-05-04,63114,2850,179,6831.94,53338.23,7.8072
ADS00003851,AD00051,2025-04-03,150229,10059,440,34581.92,207552.04,6.0018
ADS00003852,AD00052,2025-10-22,169145,2408,270,10506.8,20913.17,1.9904
ADS00003853,AD00053,2026-01-22,70390,4736,248,21739.72,102509.9,4.7153
ADS00003854,AD00054,2025-07-16,111965,6214,737,27648.69,457764.71,16.5565
ADS00003855,AD00055,2025-06-18,90282,2722,212,4240.28,24858.27,5.8624
ADS00003856,AD00056,2026-07-29,10920,326,25,732.43,6827.01,9.321
ADS00003857,AD00057,2025-02-01,150527,1991,141,6351.05,79803.37,12.5654
ADS00003858,AD00058,2025-07-12,158493,1961,255,5795.63,101507.45,17.5145
ADS00003859,AD00059,2026-06-12,9921,94,7,215.32,1338.63,6.2169
ADS00003860,AD00060,2025-05-05,139389,1843,227,7852.86,111982.98,14.2602
ADS00003861,AD00061,2026-06-09,8686,215,15,485.52,1945.14,4.0063
ADS00003862,AD00062,2026-03-31,9218,435,19,228.37,1349.08,5.9074
ADS00003863,AD00063,2025-07-02,76337,3912,473,13681.94,113569.87,8.3007
ADS00003864,AD00064,2025-05-28,40107,2067,185,7782.67,11143.89,1.4319
ADS00003865,AD00065,2026-02-08,33252,2075,116,5788.16,26473.23,4.5737
ADS00003866,AD00066,2026-02-14,122692,8011,202,24168.05,30882.17,1.2778
ADS00003867,AD00067,2025-08-27,46733,1212,23,2077.24,12709.95,6.1187
ADS00003868,AD00068,2026-07-30,13293,173,21,588.82,5593.1,9.4988
ADS00003869,AD00069,2025-08-26,142126,3268,344,14535.1,201261.65,13.8466
ADS00003870,AD00070,2026-06-27,167276,6798,564,11615.97,120890.91,10.4073
ADS00003871,AD00071,2026-07-21,51653,3650,302,3442.38,25104.19,7.2927
ADS00003872,AD00072,2025-10-28,26070,741,81,941.63,19333.7,20.5322
ADS00003873,AD00073,2025-04-25,155179,5188,178,20223.44,13183.84,0.6519
ADS00003874,AD00074,2025-06-19,9328,282,25,608.08,11579.25,19.0423
ADS00003875,AD00075,2026-05-09,84587,5508,200,24458.21,110288.76,4.5093
ADS00003876,AD00076,2025-02-27,130257,5481,411,15377.61,90835.25,5.907
ADS00003877,AD00077,2025-07-09,17745,1172,140,4156.54,53251.92,12.8116
ADS00003878,AD00078,2025-03-04,133962,1097,112,1810.92,59778.14,33.0098
ADS00003879,AD00079,2026-02-26,1024,55,6,232.89,1339.64,5.7522
ADS00003880,AD00080,2025-08-22,117656,3546,304,3020.57,110018.22,36.423
ADS00003881,AD00081,2025-06-01,88100,1010,139,3671.57,14983.65,4.081
ADS00003882,AD00082,2026-07-21,24675,507,28,2296.04,15652.39,6.8171
ADS00003883,AD00083,2026-01-07,64855,3712,422,10804.96,190443.12,17.6255
ADS00003884,AD00084,2025-09-28,102189,5738,132,10884.7,17274.34,1.587
ADS00003885,AD00085,2026-08-09,155517,11560,1121,52514.67,682920.66,13.0044
ADS00003886,AD00086,2025-12-11,148668,5679,423,2287.52,215236.79,94.0918
ADS00003887,AD00087,2025-02-02,32368,1791,71,8323.26,4670.52,0.5611
ADS00003888,AD00088,2025-05-03,147953,1954,81,3241.7,20046.8,6.184
ADS00003889,AD00089,2025-02-04,50364,933,73,3395.68,38373.62,11.3007
ADS00003890,AD00090,2026-08-22,97593,1717,60,3647.99,16250.39,4.4546
ADS00003891,AD00091,2025-06-09,126979,4564,87,4731.5,56337.96,11.907
ADS00003892,AD00092,2025-03-28,51137,2480,170,2096.62,38126.51,18.1847
ADS00003893,AD00093,2026-08-22,124729,6328,181,8969.99,104375.11,11.636
ADS00003894,AD00094,2025-09-14,170906,3313,494,13833.92,284833.82,20.5895
ADS00003895,AD00095,2025-03-03,135753,6896,195,8213.54,79203.58,9.6431
ADS00003896,AD00096,2026-07-15,86261,3039,171,3531.89,59179.42,16.7557
ADS00003897,AD00097,2025-05-06,161661,7227,218,10527.87,56528.84,5.3694
ADS00003898,AD00098,2025-06-03,5358,68,2,120.93,595.86,4.9273
ADS00003899,AD00099,2026-03-31,123392,5036,755,22096.63,53433.92,2.4182
ADS00003900,AD00100,2025-08-29,77891,1441,183,3263.07,55986.6,17.1576
ADS00003901,AD00001,2025-06-18,103219,7881,620,32021.98,126500.47,3.9504
ADS00003902,AD00002,2025-07-04,78479,1238,50,5622.29,6809.79,1.2112
ADS00003903,AD00003,2025-09-24,131149,8865,1192,27606.92,481688.23,17.4481
ADS00003904,AD00004,2026-05-27,67873,2057,169,2403.53,63623.63,26.4709
ADS00003905,AD00005,2026-02-09,171532,3130,228,13202.76,125342.64,9.4937
ADS00003906,AD00006,2025-03-25,12158,568,72,218.74,12583.17,57.5257
ADS00003907,AD00007,2026-07-28,148893,3520,81,15625.3,27517.34,1.7611
ADS00003908,AD00008,2026-08-21,47237,910,68,1023.23,26387.44,25.7884
ADS00003909,AD00009,2026-06-07,150929,7947,1122,29083.47,219486.74,7.5468
ADS00003910,AD00010,2026-08-06,46108,2326,85,8768.81,30228.96,3.4473
ADS00003911,AD00011,2025-05-31,152686,7502,297,20032.77,142657.45,7.1212
ADS00003912,AD00012,2026-06-28,105222,3635,329,6512.72,108966.35,16.7313
ADS00003913,AD00013,2026-04-09,54654,3401,200,8733.25,134743.46,15.4288
ADS00003914,AD00014,2026-07-06,16521,672,24,2057.45,3350.46,1.6285
ADS00003915,AD00015,2026-07-13,88554,5748,378,11015.41,197855.22,17.9617
ADS00003916,AD00016,2025-03-07,76334,2799,96,10997.31,48392.5,4.4004
ADS00003917,AD00017,2025-03-30,78944,5873,753,22707.53,505936.11,22.2805
ADS00003918,AD00018,2026-05-05,110101,3270,487,13178.24,72571.7,5.5069
ADS00003919,AD00019,2025-08-07,73149,5737,745,6443.8,484222.46,75.1455
ADS00003920,AD00020,2026-05-26,157125,11618,769,19238.49,187564.49,9.7494
ADS00003921,AD00021,2025-09-27,115532,3580,435,9406.25,67275.61,7.1522
ADS00003922,AD00022,2026-06-02,96823,6759,782,26412.98,166685.47,6.3107
ADS00003923,AD00023,2025-04-20,24431,1587,136,2322.59,10900.91,4.6934
ADS00003924,AD00024,2026-06-24,17456,854,34,1665.0,13717.94,8.239
ADS00003925,AD00025,2025-01-15,24823,1355,45,2944.79,25390.47,8.6222
ADS00003926,AD00026,2026-02-03,118828,6009,827,5702.81,228820.08,40.1241
ADS00003927,AD00027,2025-12-20,5082,390,11,1821.32,5749.01,3.1565
ADS00003928,AD00028,2025-06-24,167912,11157,1229,49112.65,79669.3,1.6222
ADS00003929,AD00029,2025-12-09,173263,2062,278,8905.1,91315.22,10.2543
ADS00003930,AD00030,2025-02-26,137418,3480,300,3336.17,53363.34,15.9954
ADS00003931,AD00031,2025-05-23,174073,9445,709,14974.21,116486.79,7.7792
ADS00003932,AD00032,2026-08-16,86505,5262,125,13746.77,79539.05,5.786
ADS00003933,AD00033,2026-02-15,101956,4456,337,8466.02,90432.25,10.6818
ADS00003934,AD00034,2025-05-24,10700,802,69,3608.33,35048.71,9.7133
ADS00003935,AD00035,2026-02-12,172467,4212,571,14473.6,121864.51,8.4198
ADS00003936,AD00036,2025-03-05,105519,5819,363,22767.83,246380.91,10.8214
ADS00003937,AD00037,2026-07-27,66642,2200,76,8307.04,12913.59,1.5545
ADS00003938,AD00038,2026-04-02,93685,4257,473,18003.66,289073.35,16.0564
ADS00003939,AD00039,2026-06-06,2286,111,14,170.29,3009.09,17.6704
ADS00003940,AD00040,2025-09-22,143028,11166,1559,40326.17,331815.98,8.2283
ADS00003941,AD00041,2025-08-13,16269,1177,46,4423.53,21439.8,4.8468
ADS00003942,AD00042,2026-03-23,135192,2373,216,1111.59,113034.32,101.6871
ADS00003943,AD00043,2025-03-13,177184,1820,50,3273.0,22590.32,6.902
ADS00003944,AD00044,2026-01-24,47808,1746,153,5873.87,100945.17,17.1855
ADS00003945,AD00045,2026-01-08,136830,10256,527,3948.24,327842.79,83.0352
ADS00003946,AD00046,2025-07-01,67364,1106,85,824.79,34111.09,41.3573
ADS00003947,AD00047,2025-02-26,155801,6799,175,18417.2,67026.43,3.6393
ADS00003948,AD00048,2025-08-28,92448,3718,296,7118.47,102068.38,14.3385
ADS00003949,AD00049,2026-02-07,42791,1750,107,3558.2,59285.6,16.6617
ADS00003950,AD00050,2025-05-01,169560,8743,554,9855.01,194133.27,19.6989
ADS00003951,AD00051,2025-04-07,21760,459,49,196.1,22324.5,113.8424
ADS00003952,AD00052,2025-10-27,172043,2793,167,4777.79,91297.05,19.1086
ADS00003953,AD00053,2026-01-18,73686,1115,23,4969.07,8714.02,1.7537
ADS00003954,AD00054,2025-08-27,11536,391,12,318.59,3453.36,10.8395
ADS00003955,AD00055,2025-05-25,34103,521,28,1331.89,10863.27,8.1563
ADS00003956,AD00056,2026-08-10,57452,2826,294,12916.3,25936.3,2.008
ADS00003957,AD00057,2025-02-03,68117,2878,290,2866.75,61164.78,21.3359
ADS00003958,AD00058,2025-07-04,32848,1593,72,6917.69,36491.88,5.2752
ADS00003959,AD00059,2026-06-24,162164,11052,287,43899.58,60602.49,1.3805
ADS00003960,AD00060,2025-05-08,122190,8574,628,39956.55,414398.68,10.3712
ADS00003961,AD00061,2026-05-17,1051,83,2,134.54,370.28,2.7522
ADS00003962,AD00062,2026-04-01,73419,4870,380,8350.39,28669.99,3.4334
ADS00003963,AD00063,2025-06-23,26118,792,61,2912.42,18044.38,6.1957
ADS00003964,AD00064,2025-03-14,150723,9646,1147,20639.03,669031.86,32.4159
ADS00003965,AD00065,2026-03-15,22627,190,16,284.68,4635.45,16.283
ADS00003966,AD00066,2026-02-21,79332,5631,737,15515.68,478831.8,30.8612
ADS00003967,AD00067,2025-08-02,1495,70,6,170.08,3502.86,20.5954
ADS00003968,AD00068,2026-07-09,27635,1151,168,3769.12,27430.53,7.2777
ADS00003969,AD00069,2025-09-06,91345,4050,351,17086.04,126478.74,7.4025
ADS00003970,AD00070,2026-06-23,1451,41,3,158.89,1338.03,8.4211
ADS00003971,AD00071,2026-07-01,137663,1784,227,6952.4,41768.43,6.0078
ADS00003972,AD00072,2025-09-29,176823,7646,190,10038.77,107515.21,10.71
ADS00003973,AD00073,2025-05-04,27372,525,40,2172.64,14346.78,6.6034
ADS00003974,AD00074,2025-06-26,128803,5585,641,17014.64,149281.51,8.7737
ADS00003975,AD00075,2026-04-07,13061,667,16,870.68,3627.48,4.1663
ADS00003976,AD00076,2025-03-07,145425,10929,292,41801.11,126560.12,3.0277
ADS00003977,AD00077,2025-08-10,106572,4007,526,8130.93,86575.16,10.6476
ADS00003978,AD00078,2025-02-11,119321,1103,142,975.61,92934.8,95.2581
ADS00003979,AD00079,2026-03-01,91397,933,43,3978.64,6394.97,1.6073
ADS00003980,AD00080,2025-08-08,89520,5290,279,8049.2,48275.05,5.9975
ADS00003981,AD00081,2025-07-15,120017,4802,154,11711.55,52333.07,4.4685
ADS00003982,AD00082,2026-07-23,116305,6014,471,11582.85,175377.44,15.1411
ADS00003983,AD00083,2026-01-02,32402,2089,121,9257.98,69107.49,7.4646
ADS00003984,AD00084,2025-09-27,42314,981,110,1823.16,8127.72,4.458
ADS00003985,AD00085,2026-08-02,44307,428,13,290.68,6121.5,21.0592
ADS00003986,AD00086,2025-10-30,33332,1335,161,2957.73,14488.95,4.8987
ADS00003987,AD00087,2025-02-04,156729,9584,281,18351.37,26508.91,1.4445
ADS00003988,AD00088,2025-04-12,87815,6076,417,16616.46,179740.77,10.817
ADS00003989,AD00089,2025-02-10,120299,9429,444,34813.47,33427.78,0.9602
ADS00003990,AD00090,2026-08-15,89511,2409,37,10704.53,21912.94,2.0471
ADS00003991,AD00091,2025-05-10,22765,242,5,553.38,1843.6,3.3315
ADS00003992,AD00092,2025-04-01,109356,6634,169,22240.03,33661.08,1.5135
ADS00003993,AD00093,2026-08-21,128570,10001,467,41560.38,313456.16,7.5422
ADS00003994,AD00094,2025-10-02,1513,13,1,32.98,349.15,10.5867
ADS00003995,AD00095,2025-03-31,54683,1911,172,5758.97,75710.93,13.1466
ADS00003996,AD00096,2026-08-13,24806,715,68,2108.86,15345.29,7.2766
ADS00003997,AD00097,2025-05-14,42323,2087,88,4169.84,47185.13,11.3158
ADS00003998,AD00098,2025-07-11,148856,3189,195,3470.06,47390.6,13.657
ADS00003999,AD00099,2026-03-23,92846,7116,246,13716.26,73105.38,5.3298
ADS00004000,AD00100,2025-08-31,57079,3458,189,5653.0,15203.17,2.6894
ADS00004001,AD00001,2025-06-27,58563,1059,144,4354.13,76010.88,17.4572
ADS00004002,AD00002,2025-06-19,12445,988,67,2063.57,16062.16,7.7837
ADS00004003,AD00003,2025-09-03,61729,2127,274,7250.82,52491.27,7.2394
ADS00004004,AD00004,2026-06-10,24807,1234,64,5607.38,18591.97,3.3156
ADS00004005,AD00005,2025-12-06,152475,4594,239,3338.48,111375.37,33.3611
ADS00004006,AD00006,2025-03-28,148463,10208,630,33431.5,90279.58,2.7004
ADS00004007,AD00007,2026-08-10,152301,10851,626,46074.61,86466.65,1.8767
ADS00004008,AD00008,2026-08-21,170009,9431,1009,29928.83,421434.3,14.0812
ADS00004009,AD00009,2026-07-08,67295,2780,180,6691.98,102344.01,15.2935
ADS00004010,AD00010,2026-08-03,111628,8371,952,34632.78,421179.96,12.1613
ADS00004011,AD00011,2025-05-29,157598,5479,779,10501.56,259693.06,24.729
ADS00004012,AD00012,2026-07-08,15360,480,9,1194.53,5860.57,4.9062
ADS00004013,AD00013,2026-04-12,28840,933,19,3360.61,2039.12,0.6068
ADS00004014,AD00014,2026-07-08,80857,4366,187,18442.0,108311.73,5.8731
ADS00004015,AD00015,2026-06-10,11327,647,22,2811.34,9770.84,3.4755
ADS00004016,AD00016,2025-01-19,62539,818,40,656.32,9284.46,14.1462
ADS00004017,AD00017,2025-05-07,179817,11277,1403,5254.02,248221.42,47.2441
ADS00004018,AD00018,2026-05-25,162060,5156,204,10065.03,62216.82,6.1815
ADS00004019,AD00019,2025-07-31,111912,6332,408,22529.63,205174.07,9.1069
ADS00004020,AD00020,2026-06-10,40928,937,56,946.31,7918.53,8.3678
ADS00004021,AD00021,2025-09-11,54310,2308,296,4880.98,189206.54,38.764
ADS00004022,AD00022,2026-06-11,144265,10243,1530,11852.98,184159.25,15.537
ADS00004023,AD00023,2025-05-31,26626,412,39,154.54,11607.95,75.1129
ADS00004024,AD00024,2026-07-03,85461,4095,263,12010.54,101958.48,8.4891
ADS00004025,AD00025,2025-01-25,65913,3652,325,3010.36,131964.17,43.8367
ADS00004026,AD00026,2026-02-26,63319,2007,86,732.27,35906.76,49.0349
ADS00004027,AD00027,2025-12-06,119221,9514,1066,34582.07,351711.16,10.1703
ADS00004028,AD00028,2025-06-11,50802,3685,119,7490.31,64431.94,8.602
ADS00004029,AD00029,2025-10-25,15035,469,26,1207.03,5129.05,4.2493
ADS00004030,AD00030,2025-04-08,15903,564,45,1960.43,3660.99,1.8674
ADS00004031,AD00031,2025-04-15,10613,488,17,1364.38,2275.07,1.6675
ADS00004032,AD00032,2026-08-18,127472,7073,227,18827.89,110738.18,5.8816
ADS00004033,AD00033,2026-02-20,148895,4612,293,8752.87,126235.96,14.4222
ADS00004034,AD00034,2025-05-29,149070,4071,414,1680.61,159719.76,95.0368
ADS00004035,AD00035,2026-02-12,158838,8398,510,14185.1,255898.14,18.0399
ADS00004036,AD00036,2025-04-01,170603,2961,262,5095.43,25256.66,4.9567
ADS00004037,AD00037,2026-07-13,149241,1901,64,4915.81,17811.59,3.6233
ADS00004038,AD00038,2026-04-21,25608,2016,230,1383.23,135577.0,98.0148
ADS00004039,AD00039,2026-06-05,135240,1470,55,3728.01,35435.78,9.5053
ADS00004040,AD00040,2025-10-22,16930,417,12,1105.66,3563.52,3.223
ADS00004041,AD00041,2025-08-13,20623,721,34,3043.31,7118.68,2.3391
ADS00004042,AD00042,2026-04-19,65312,2368,191,7171.47,65840.27,9.1809
ADS00004043,AD00043,2025-02-09,50047,3353,208,8748.86,62478.46,7.1413
ADS00004044,AD00044,2026-01-25,173810,3997,500,2738.4,231429.58,84.5127
ADS00004045,AD00045,2026-01-08,78945,1598,33,7606.97,21292.32,2.7991
ADS00004046,AD00046,2025-08-23,174616,13406,1246,38203.66,483475.28,12.6552
ADS00004047,AD00047,2025-03-09,147905,9498,395,18962.39,156987.74,8.2789
ADS00004048,AD00048,2025-09-09,131415,6548,207,30996.32,16570.64,0.5346
ADS00004049,AD00049,2026-02-24,16482,1012,124,1599.49,8047.21,5.0311
ADS00004050,AD00050,2025-05-02,4874,227,25,213.39,6972.52,32.675
ADS00004051,AD00051,2025-04-05,96357,6901,471,26985.72,141884.33,5.2578
ADS00004052,AD00052,2025-11-02,153951,7100,943,14785.37,247243.06,16.7221
ADS00004053,AD00053,2026-01-30,115082,3118,60,11207.55,33018.03,2.9461
ADS00004054,AD00054,2025-08-28,134655,5495,581,22384.07,288857.26,12.9046
ADS00004055,AD00055,2025-06-18,83948,1209,44,970.38,18527.21,19.0927
ADS00004056,AD00056,2026-08-06,47240,1388,200,6442.54,62929.82,9.7679
ADS00004057,AD00057,2025-01-20,148408,11487,1084,37713.8,652583.73,17.3036
ADS00004058,AD00058,2025-06-26,47983,501,34,287.48,4250.99,14.7871
ADS00004059,AD00059,2026-05-04,175683,8381,1222,28305.36,489867.41,17.3065
ADS00004060,AD00060,2025-05-14,55981,4099,589,18113.27,256762.71,14.1754
ADS00004061,AD00061,2026-06-07,139005,10343,1354,39940.41,436980.76,10.9408
ADS00004062,AD00062,2026-03-31,106370,3474,328,5412.47,116588.69,21.5408
ADS00004063,AD00063,2025-07-06,96206,2110,153,1561.5,68005.46,43.5514
ADS00004064,AD00064,2025-04-23,116981,6038,291,4810.49,34565.05,7.1853
ADS00004065,AD00065,2026-02-27,12875,815,16,2131.67,9450.64,4.4334
ADS00004066,AD00066,2026-02-21,83744,3646,103,15855.59,24909.09,1.571
ADS00004067,AD00067,2025-08-19,146081,9444,712,17121.27,121789.26,7.1133
ADS00004068,AD00068,2026-08-06,153745,11723,1445,42808.57,238714.61,5.5763
ADS00004069,AD00069,2025-08-08,144932,7089,817,27006.81,188504.84,6.9799
ADS00004070,AD00070,2026-06-28,116177,3566,348,9234.86,73083.03,7.9138
ADS00004071,AD00071,2026-07-16,17183,1102,161,2531.68,86228.26,34.0597
ADS00004072,AD00072,2025-10-25,28268,1325,43,6066.08,24357.6,4.0154
ADS00004073,AD00073,2025-05-13,146968,6214,441,12540.0,91559.79,7.3014
ADS00004074,AD00074,2025-06-22,149752,3320,257,12284.36,76968.31,6.2656
ADS00004075,AD00075,2026-04-17,167097,11840,1418,33985.24,223974.93,6.5904
ADS00004076,AD00076,2025-03-16,17948,1126,45,4761.58,25044.66,5.2597
ADS00004077,AD00077,2025-09-24,85223,4770,702,10488.28,376959.59,35.941
ADS00004078,AD00078,2025-02-23,75235,1599,58,6482.65,31076.94,4.7939
ADS00004079,AD00079,2026-02-07,37228,653,9,892.98,1005.52,1.126
ADS00004080,AD00080,2025-08-30,156589,8453,1205,8459.72,643124.59,76.022
ADS00004081,AD00081,2025-07-11,56659,2399,88,2012.14,43093.12,21.4166
ADS00004082,AD00082,2026-07-23,27906,813,67,3722.86,23497.61,6.3117
ADS00004083,AD00083,2025-12-31,129969,5841,645,5727.84,73580.66,12.8461
ADS00004084,AD00084,2025-09-15,128444,4272,145,2017.88,76661.82,37.9913
ADS00004085,AD00085,2026-08-14,7701,608,9,696.85,5911.08,8.4826
ADS00004086,AD00086,2025-11-24,36145,816,81,2708.88,36487.05,13.4694
ADS00004087,AD00087,2025-02-11,7348,552,70,2540.52,4608.74,1.8141
ADS00004088,AD00088,2025-04-14,88769,4890,218,18662.38,109310.77,5.8573
ADS00004089,AD00089,2025-01-21,112108,7348,526,6423.13,113779.82,17.7141
ADS00004090,AD00090,2026-08-21,170826,13253,476,7244.31,209863.95,28.9695
ADS00004091,AD00091,2025-04-14,43340,2412,201,6007.44,32152.52,5.3521
ADS00004092,AD00092,2025-04-01,78195,2663,281,4258.89,146466.64,34.3908
ADS00004093,AD00093,2026-08-19,27477,1707,168,2298.77,11765.94,5.1184
ADS00004094,AD00094,2025-10-06,49634,3312,175,11312.87,28480.5,2.5175
ADS00004095,AD00095,2025-02-20,1440,19,2,72.54,573.81,7.9103
ADS00004096,AD00096,2026-07-22,76401,1520,166,5701.5,46528.33,8.1607
ADS00004097,AD00097,2025-05-12,32607,676,33,2193.49,2475.47,1.1286
ADS00004098,AD00098,2025-05-27,6978,550,23,1790.41,3291.67,1.8385
ADS00004099,AD00099,2026-02-26,24499,603,43,2020.13,7187.05,3.5577
ADS00004100,AD00100,2025-08-28,84791,2795,171,10845.46,62725.02,5.7835
ADS00004101,AD00001,2025-06-23,147547,10035,761,20096.38,500021.72,24.8812
ADS00004102,AD00002,2025-06-30,73703,1571,156,5490.51,30360.23,5.5296
ADS00004103,AD00003,2025-10-02,136710,2775,74,7548.3,9117.64,1.2079
ADS00004104,AD00004,2026-05-21,123579,6752,253,7734.89,133175.26,17.2175
ADS00004105,AD00005,2025-12-28,119376,9476,987,23136.15,394283.17,17.0419
ADS00004106,AD00006,2025-02-15,64780,3951,146,9148.34,27752.09,3.0336
ADS00004107,AD00007,2026-08-20,114914,8825,1107,3100.55,128168.49,41.3373
ADS00004108,AD00008,2026-08-22,87282,4304,624,7210.17,340833.77,47.2713
ADS00004109,AD00009,2026-07-01,39706,610,61,665.99,24119.48,36.216
ADS00004110,AD00010,2026-08-14,26469,212,27,583.36,4650.74,7.9723
ADS00004111,AD00011,2025-06-18,53781,811,78,3290.18,22827.94,6.9382
ADS00004112,AD00012,2026-08-14,11477,292,21,269.36,10970.85,40.7293
ADS00004113,AD00013,2026-02-26,47914,1911,38,5095.68,17678.06,3.4692
ADS00004114,AD00014,2026-07-05,79012,3706,457,14727.6,238633.72,16.2032
ADS00004115,AD00015,2026-06-15,83106,5038,578,16492.26,247719.09,15.0203
ADS00004116,AD00016,2025-03-02,155742,7486,713,18490.75,235611.55,12.7421
ADS00004117,AD00017,2025-05-17,50710,2880,192,2358.23,47127.72,19.9844
ADS00004118,AD00018,2026-05-24,11747,275,18,234.87,5716.49,24.339
ADS00004119,AD00019,2025-08-19,34367,1242,80,522.9,38334.65,73.3116
ADS00004120,AD00020,2026-04-12,95609,6170,404,18650.21,207712.87,11.1373
ADS00004121,AD00021,2025-09-20,136422,7367,297,22610.92,189142.25,8.3651
ADS00004122,AD00022,2026-04-30,134077,6906,999,27474.62,342638.07,12.4711
ADS00004123,AD00023,2025-05-31,39350,1605,138,1780.47,78424.63,44.0472
ADS00004124,AD00024,2026-07-31,121892,6326,396,2657.96,232604.64,87.5125
ADS00004125,AD00025,2025-01-25,143533,6704,643,24330.16,297917.63,12.2448
ADS00004126,AD00026,2026-03-03,7839,281,33,1236.61,12358.73,9.994
ADS00004127,AD00027,2025-12-06,9831,509,56,945.72,38062.69,40.2473
ADS00004128,AD00028,2025-06-14,85550,751,92,3456.08,61574.14,17.8162
ADS00004129,AD00029,2025-10-27,170420,2819,263,6130.22,51071.56,8.3311
ADS00004130,AD00030,2025-03-19,54500,3166,387,5613.39,76595.6,13.6452
ADS00004131,AD00031,2025-04-07,163789,3532,424,16741.82,162165.55,9.6863
ADS00004132,AD00032,2026-08-20,86974,2209,165,3919.6,111436.79,28.4307
ADS00004133,AD00033,2026-02-14,113252,5727,619,4778.88,291322.57,60.9604
ADS00004134,AD00034,2025-06-29,149125,4664,397,13906.16,220718.35,15.872
ADS00004135,AD00035,2026-01-24,42165,1590,170,5570.49,53457.65,9.5966
ADS00004136,AD00036,2025-03-14,19770,1184,97,4949.13,21806.38,4.4061
ADS00004137,AD00037,2026-05-24,112345,5356,331,9515.13,128140.92,13.4671
ADS00004138,AD00038,2026-04-13,126028,7077,686,5748.73,93935.04,16.3401
ADS00004139,AD00039,2026-06-10,120691,7687,899,29844.44,329484.71,11.0401
ADS00004140,AD00040,2025-10-04,102826,6349,324,8836.19,39277.78,4.4451
ADS00004141,AD00041,2025-08-08,135014,9480,262,12744.83,154892.85,12.1534
ADS00004142,AD00042,2026-04-18,17182,404,38,903.47,3054.1,3.3804
ADS00004143,AD00043,2025-02-12,178275,13703,1045,44442.66,475599.07,10.7014
ADS00004144,AD00044,2026-03-03,151488,5794,298,10842.65,44947.95,4.1455
ADS00004145,AD00045,2026-01-16,3423,124,7,250.16,2563.49,10.2474
ADS00004146,AD00046,2025-07-03,142472,2652,314,4954.58,129441.59,26.1256
ADS00004147,AD00047,2025-03-09,116145,2788,316,842.23,148420.14,176.2228
ADS00004148,AD00048,2025-10-21,61028,4802,372,9719.25,40691.54,4.1867
ADS00004149,AD00049,2026-02-20,30966,1188,147,4800.29,99625.77,20.7541
ADS00004150,AD00050,2025-05-01,157288,6116,666,7606.04,45148.02,5.9358
ADS00004151,AD00051,2025-03-23,68580,4556,653,11383.27,275212.6,24.1769
ADS00004152,AD00052,2025-10-22,179671,10477,1332,37984.22,517248.23,13.6175
ADS00004153,AD00053,2026-01-30,62941,1849,180,2305.15,82871.18,35.9505
ADS00004154,AD00054,2025-08-27,133439,2877,183,2490.74,64624.84,25.946
ADS00004155,AD00055,2025-05-30,72051,578,23,999.71,11807.42,11.8108
ADS00004156,AD00056,2026-08-05,169972,7426,701,35610.82,213328.13,5.9905
ADS00004157,AD00057,2025-02-02,130486,3652,507,1776.54,219348.32,123.4694
ADS00004158,AD00058,2025-07-10,48993,1225,126,2579.96,38261.66,14.8303
ADS00004159,AD00059,2026-06-01,40214,2918,219,10553.96,14119.23,1.3378
ADS00004160,AD00060,2025-04-28,30199,428,54,1867.16,10842.73,5.8071
ADS00004161,AD00061,2026-06-04,161045,8111,509,7836.71,72506.16,9.2521
ADS00004162,AD00062,2026-03-19,11216,809,52,3827.11,23891.12,6.2426
ADS00004163,AD00063,2025-07-02,69962,5231,449,18554.42,285976.67,15.4129
ADS00004164,AD00064,2025-03-07,146755,7188,691,14317.95,262632.94,18.3429
ADS00004165,AD00065,2026-03-19,58274,2607,300,6208.96,19470.12,3.1358
ADS00004166,AD00066,2026-02-20,127330,7719,612,22992.11,352350.88,15.3249
ADS00004167,AD00067,2025-08-14,93760,2308,67,10033.51,24775.42,2.4693
ADS00004168,AD00068,2026-07-10,43206,1454,23,4245.85,7181.89,1.6915
ADS00004169,AD00069,2025-09-21,141048,2459,188,2323.12,73063.22,31.4505
ADS00004170,AD00070,2026-06-14,10886,356,28,824.93,10220.95,12.3901
ADS00004171,AD00071,2026-07-30,32192,1631,227,5681.11,27364.31,4.8167
ADS00004172,AD00072,2025-10-22,1815,53,5,83.85,3341.32,39.8488
ADS00004173,AD00073,2025-04-24,88754,5399,494,14652.69,332172.57,22.6697
ADS00004174,AD00074,2025-06-26,14978,173,17,369.72,4864.15,13.1563
ADS00004175,AD00075,2026-06-02,67032,3112,109,9012.48,70683.2,7.8428
ADS00004176,AD00076,2025-03-08,142138,4799,523,12715.15,121311.85,9.5407
ADS00004177,AD00077,2025-07-07,82944,2568,189,1553.29,108073.8,69.5773
ADS00004178,AD00078,2025-02-01,124983,8854,834,38124.6,518237.78,13.5933
ADS00004179,AD00079,2026-01-08,93545,5237,593,3115.12,286036.75,91.8221
ADS00004180,AD00080,2025-08-19,128842,7426,726,18256.65,280217.59,15.3488
ADS00004181,AD00081,2025-07-10,68321,1569,169,3481.21,87545.97,25.1481
ADS00004182,AD00082,2026-08-09,47388,3502,97,4615.79,48988.03,10.6131
ADS00004183,AD00083,2026-01-10,15250,864,67,2943.08,20761.65,7.0544
ADS00004184,AD00084,2025-09-05,94457,4531,127,11726.38,67017.07,5.7151
ADS00004185,AD00085,2026-08-13,89141,842,44,1773.14,2767.36,1.5607
ADS00004186,AD00086,2025-12-14,119270,5219,576,15990.1,202821.47,12.6842
ADS00004187,AD00087,2025-02-09,34901,2222,141,3441.99,10705.52,3.1103
ADS00004188,AD00088,2025-05-05,116944,8442,1080,9095.12,377722.42,41.5302
ADS00004189,AD00089,2025-02-21,45262,2691,84,2508.68,27428.75,10.9335
ADS00004190,AD00090,2026-08-22,113684,3203,92,15207.67,42687.15,2.8069
ADS00004191,AD00091,2025-05-04,138336,10109,1199,44976.86,556479.67,12.3726
ADS00004192,AD00092,2025-03-27,18693,889,109,1055.6,34705.96,32.8779
ADS00004193,AD00093,2026-08-21,39319,2203,127,7702.69,82535.7,10.7152
ADS00004194,AD00094,2025-09-19,66269,4446,210,7179.96,63784.73,8.8837
ADS00004195,AD00095,2025-03-27,106290,1540,178,6898.71,71029.88,10.2961
ADS00004196,AD00096,2026-08-11,46601,1606,139,1878.76,10882.01,5.7921
ADS00004197,AD00097,2025-04-17,119593,8676,796,23490.12,129317.11,5.5052
ADS00004198,AD00098,2025-07-11,128648,10036,270,33292.84,50054.7,1.5035
ADS00004199,AD00099,2026-03-16,23205,1432,210,3940.41,129533.05,32.873
ADS00004200,AD00100,2025-08-15,27800,1711,118,4055.72,45646.53,11.2549
ADS00004201,AD00001,2025-07-07,29269,550,22,1143.52,11882.87,10.3915
ADS00004202,AD00002,2025-06-22,18707,648,25,2350.32,3329.55,1.4166
ADS00004203,AD00003,2025-09-25,67579,657,66,1911.5,29847.9,15.6149
ADS00004204,AD00004,2026-05-25,132180,9020,943,41016.81,455145.42,11.0966
ADS00004205,AD00005,2026-01-25,179107,4144,568,5991.12,81714.68,13.6393
ADS00004206,AD00006,2025-02-02,175095,5425,93,24159.65,16580.78,0.6863
ADS00004207,AD00007,2026-08-20,121717,8856,530,16296.38,125724.09,7.7148
ADS00004208,AD00008,2026-08-22,116763,3944,324,15547.93,65192.88,4.193
ADS00004209,AD00009,2026-07-05,142014,4549,74,14192.1,39683.85,2.7962
ADS00004210,AD00010,2026-08-12,40141,2704,85,4222.84,28874.79,6.8378
ADS00004211,AD00011,2025-06-14,15032,720,94,3181.26,18333.38,5.7629
ADS00004212,AD00012,2026-07-11,151610,2067,123,9736.26,82090.58,8.4314
ADS00004213,AD00013,2026-04-04,10635,792,74,3374.33,7877.82,2.3346
ADS00004214,AD00014,2026-07-13,108450,1285,49,3222.49,27879.95,8.6517
ADS00004215,AD00015,2026-06-06,106715,3602,343,13787.64,108648.28,7.8801
ADS00004216,AD00016,2025-02-26,99727,3482,138,8126.49,62090.73,7.6405
ADS00004217,AD00017,2025-04-02,48022,2055,283,8280.68,178411.09,21.5455
ADS00004218,AD00018,2026-05-22,80765,1045,140,695.77,60360.58,86.7536
ADS00004219,AD00019,2025-08-11,15741,680,82,294.64,14176.14,48.1134
ADS00004220,AD00020,2026-03-27,173003,8674,264,22504.82,63874.45,2.8383
ADS00004221,AD00021,2025-10-02,3622,142,12,377.93,835.87,2.2117
ADS00004222,AD00022,2026-06-02,10171,279,7,690.31,2208.33,3.199
ADS00004223,AD00023,2025-04-16,150376,9979,531,20826.97,329344.8,15.8134
ADS00004224,AD00024,2026-06-24,86645,4733,189,14421.12,108343.79,7.5129
ADS00004225,AD00025,2025-01-19,159749,2082,250,1590.69,138562.23,87.1083
ADS00004226,AD00026,2026-02-24,100311,1506,81,7143.12,49318.16,6.9043
ADS00004227,AD00027,2025-12-19,74970,5898,276,17741.55,21557.85,1.2151
ADS00004228,AD00028,2025-06-17,42024,2375,243,6066.2,114277.57,18.8384
ADS00004229,AD00029,2025-11-06,83316,5943,860,7530.93,402886.89,53.4976
ADS00004230,AD00030,2025-02-25,10059,580,31,2771.18,9326.08,3.3654
ADS00004231,AD00031,2025-05-21,65561,2995,212,10011.19,95216.11,9.511
ADS00004232,AD00032,2026-08-16,10225,303,13,599.91,5594.55,9.3256
ADS00004233,AD00033,2026-02-19,59975,2620,84,2572.79,22531.56,8.7576
ADS00004234,AD00034,2025-06-26,52739,615,73,1843.18,16807.88,9.119
ADS00004235,AD00035,2026-02-09,27341,1780,252,5689.03,124984.95,21.9695
ADS00004236,AD00036,2025-03-26,23341,748,28,513.28,11601.17,22.602
ADS00004237,AD00037,2026-06-12,66784,5062,624,20721.2,76413.63,3.6877
ADS00004238,AD00038,2026-04-22,81049,1228,175,766.68,69544.69,90.7089
ADS00004239,AD00039,2026-06-08,9178,619,28,2922.99,7919.91,2.7095
ADS00004240,AD00040,2025-09-30,118643,4981,602,10278.49,356524.6,34.6865
ADS00004241,AD00041,2025-08-13,46345,685,67,817.59,42916.53,52.4915
ADS00004242,AD00042,2026-04-25,89465,3490,118,7376.95,55743.37,7.5564
ADS00004243,AD00043,2025-02-25,149376,9674,675,18119.73,216915.73,11.9712
ADS00004244,AD00044,2026-03-12,161766,7085,411,32121.69,156528.89,4.873
ADS00004245,AD00045,2026-01-13,9704,573,28,546.47,5852.21,10.7091
ADS00004246,AD00046,2025-07-21,65608,2829,268,12333.49,173680.28,14.082
ADS00004247,AD00047,2025-03-06,81780,3320,287,5618.44,114232.85,20.3318
ADS00004248,AD00048,2025-10-02,27459,1599,110,3746.63,24971.68,6.6651
ADS00004249,AD00049,2026-02-05,57919,4246,170,15118.73,104377.35,6.9038
ADS00004250,AD00050,2025-04-27,6800,505,33,1035.77,6200.75,5.9866
ADS00004251,AD00051,2025-04-04,62030,2521,169,10101.25,59236.94,5.8643
ADS00004252,AD00052,2025-10-31,50300,2211,141,9698.35,24518.13,2.5281
ADS00004253,AD00053,2026-01-17,147743,4574,426,7190.75,263157.56,36.5967
ADS00004254,AD00054,2025-08-19,149803,9498,803,8713.14,352790.78,40.4895
ADS00004255,AD00055,2025-06-06,78943,1447,56,1029.35,6197.58,6.0209
ADS00004256,AD00056,2026-08-09,85576,1726,71,3096.95,22148.57,7.1517
ADS00004257,AD00057,2025-02-01,122720,2266,131,9640.11,8973.99,0.9309
ADS00004258,AD00058,2025-06-27,13265,126,13,60.54,6051.56,99.9597
ADS00004259,AD00059,2026-05-20,132841,8611,525,13767.55,221694.06,16.1027
ADS00004260,AD00060,2025-04-30,47021,623,89,1777.26,45973.51,25.8676
ADS00004261,AD00061,2026-06-05,72940,4017,419,10894.12,43890.61,4.0288
ADS00004262,AD00062,2026-04-06,35946,767,108,2379.43,49290.51,20.7153
ADS00004263,AD00063,2025-07-08,109643,1156,45,2207.09,29912.96,13.5531
ADS00004264,AD00064,2025-04-18,141129,2098,159,1047.46,38311.83,36.5759
ADS00004265,AD00065,2026-03-19,81864,4245,553,13948.67,217148.04,15.5677
ADS00004266,AD00066,2026-02-26,113854,5971,383,8694.53,139388.94,16.0318
ADS00004267,AD00067,2025-08-07,93092,3474,225,3071.95,105075.76,34.2049
ADS00004268,AD00068,2026-07-08,74875,3099,447,6454.08,223098.76,34.5671
ADS00004269,AD00069,2025-09-07,178085,1950,41,8372.39,12508.19,1.494
ADS00004270,AD00070,2026-07-02,125950,6772,1002,19881.15,520902.76,26.2008
ADS00004271,AD00071,2026-07-16,128967,7791,298,31907.75,76110.3,2.3853
ADS00004272,AD00072,2025-10-19,22545,703,30,1804.9,2214.6,1.227
ADS00004273,AD00073,2025-05-14,162859,4393,477,5096.03,132366.52,25.9744
ADS00004274,AD00074,2025-06-20,10445,366,54,1011.15,27982.93,27.6744
ADS00004275,AD00075,2026-05-12,53149,1891,49,6151.76,3063.84,0.498
ADS00004276,AD00076,2025-04-14,70839,3393,335,2149.18,69101.05,32.1523
ADS00004277,AD00077,2025-07-29,55432,3867,411,4505.8,86725.7,19.2476
ADS00004278,AD00078,2025-01-28,143095,6761,636,24553.81,326815.74,13.3102
ADS00004279,AD00079,2025-12-24,69758,3238,467,2929.33,104389.54,35.636
ADS00004280,AD00080,2025-08-31,69539,3342,198,13585.07,107758.36,7.9321
ADS00004281,AD00081,2025-06-20,73948,5690,141,6124.22,77304.91,12.6228
ADS00004282,AD00082,2026-07-19,20299,482,55,1024.89,5232.6,5.1055
ADS00004283,AD00083,2026-01-02,43126,410,43,1650.14,8056.25,4.8822
ADS00004284,AD00084,2025-09-12,80415,1092,140,3213.17,41222.98,12.8294
ADS00004285,AD00085,2026-07-31,134295,4293,347,13059.22,32612.4,2.4973
ADS00004286,AD00086,2025-10-20,11396,806,49,1857.65,9155.55,4.9286
ADS00004287,AD00087,2025-02-11,116675,7193,924,9997.97,223584.43,22.363
ADS00004288,AD00088,2025-05-06,135502,9979,587,33865.86,143303.15,4.2315
ADS00004289,AD00089,2025-03-05,89152,1164,141,850.55,76742.63,90.2271
ADS00004290,AD00090,2026-08-13,29017,1552,173,1239.62,21053.5,16.9838
ADS00004291,AD00091,2025-05-25,166167,6324,297,14650.49,94487.1,6.4494
ADS00004292,AD00092,2025-03-08,82777,718,25,289.18,12343.81,42.6856
ADS00004293,AD00093,2026-08-19,84222,6525,272,23567.75,121260.28,5.1452
ADS00004294,AD00094,2025-09-25,75239,983,127,726.22,38659.28,53.2336
ADS00004295,AD00095,2025-02-27,130167,4806,663,5672.58,76008.02,13.3992
ADS00004296,AD00096,2026-07-28,13500,414,6,1773.47,3687.28,2.0791
ADS00004297,AD00097,2025-05-01,113472,4279,476,8329.9,262187.55,31.4755
ADS00004298,AD00098,2025-07-04,5837,60,5,53.76,2294.16,42.6741
ADS00004299,AD00099,2026-04-02,80187,4191,402,19931.98,220975.05,11.0865
ADS00004300,AD00100,2025-09-03,111500,3562,385,1476.79,156502.17,105.9746
ADS00004301,AD00001,2025-07-05,172509,3929,434,7375.99,225116.83,30.5202
ADS00004302,AD00002,2025-06-23,38381,1618,149,2335.49,23641.94,10.1229
ADS00004303,AD00003,2025-10-04,69723,1124,105,4832.27,30849.83,6.3841
ADS00004304,AD00004,2026-06-10,136991,7925,371,31850.2,46207.03,1.4508
ADS00004305,AD00005,2025-12-29,105796,4580,294,13667.81,66077.87,4.8346
ADS00004306,AD00006,2025-02-17,133024,9134,360,9764.53,100938.95,10.3373
ADS00004307,AD00007,2026-08-20,96781,5237,450,18816.39,72946.1,3.8767
ADS00004308,AD00008,2026-08-21,59193,4565,78,4606.53,18136.81,3.9372
ADS00004309,AD00009,2026-06-11,25367,1955,104,3939.39,56541.55,14.3529
ADS00004310,AD00010,2026-08-01,59138,3491,138,15315.58,35234.6,2.3006
ADS00004311,AD00011,2025-06-13,129600,9784,748,31288.37,92469.05,2.9554
ADS00004312,AD00012,2026-06-24,143632,4371,500,18119.11,179973.21,9.9328
ADS00004313,AD00013,2026-02-24,102500,1836,182,8578.79,51810.03,6.0393
ADS00004314,AD00014,2026-07-03,110480,2160,47,6120.79,23579.94,3.8524
ADS00004315,AD00015,2026-06-23,170357,8139,923,5984.7,289560.14,48.3834
ADS00004316,AD00016,2025-03-21,69868,4621,231,20747.98,41071.24,1.9795
ADS00004317,AD00017,2025-04-28,175412,7469,941,19789.05,345167.61,17.4424
ADS00004318,AD00018,2026-05-24,15804,695,93,1617.75,9090.84,5.6194
ADS00004319,AD00019,2025-07-31,62314,3606,372,12860.28,230917.88,17.9559
ADS00004320,AD00020,2026-05-12,155795,4274,614,14266.28,316575.96,22.1905
ADS00004321,AD00021,2025-09-27,88294,3727,282,4260.53,78358.56,18.3917
ADS00004322,AD00022,2026-04-27,51501,1002,126,2436.14,17483.83,7.1769
ADS00004323,AD00023,2025-04-26,44122,1216,179,1620.75,56994.94,35.1658
ADS00004324,AD00024,2026-06-26,67220,3708,302,7175.37,161746.62,22.5419
ADS00004325,AD00025,2025-01-17,178862,7068,427,19050.52,257504.74,13.5169
ADS00004326,AD00026,2026-03-13,64204,2193,304,9465.13,60348.03,6.3758
ADS00004327,AD00027,2025-11-29,43623,2672,222,8011.75,112847.56,14.0853
ADS00004328,AD00028,2025-05-11,69267,4202,603,13587.73,122641.34,9.0259
ADS00004329,AD00029,2025-11-24,124158,7281,479,31741.44,48858.63,1.5393
ADS00004330,AD00030,2025-03-11,73491,5798,367,22320.34,187726.23,8.4105
ADS00004331,AD00031,2025-04-18,62769,849,50,1994.04,18193.8,9.1241
ADS00004332,AD00032,2026-08-20,107944,5847,234,9596.2,99748.87,10.3946
ADS00004333,AD00033,2026-02-11,103714,5637,680,26722.79,238553.92,8.927
ADS00004334,AD00034,2025-06-27,74077,2558,295,9064.35,70460.47,7.7734
ADS00004335,AD00035,2026-02-21,67162,2661,259,7536.83,82330.25,10.9237
ADS00004336,AD00036,2025-03-16,93901,2876,268,5336.99,151857.48,28.4538
ADS00004337,AD00037,2026-05-23,145250,5643,228,7603.7,94866.34,12.4763
ADS00004338,AD00038,2026-04-03,109188,7334,296,7883.68,137253.42,17.4098
ADS00004339,AD00039,2026-06-09,1748,78,2,370.75,252.05,0.6798
ADS00004340,AD00040,2025-10-01,179033,8350,306,15797.34,181350.18,11.4798
ADS00004341,AD00041,2025-08-07,99690,3262,373,5748.42,207014.45,36.0124
ADS00004342,AD00042,2026-04-13,173610,11052,305,28111.84,41480.68,1.4756
ADS00004343,AD00043,2025-04-27,28507,2011,272,4867.46,110791.23,22.7616
ADS00004344,AD00044,2026-02-25,45952,2976,240,10717.51,67532.87,6.3012
ADS00004345,AD00045,2026-01-12,95705,4419,448,6577.53,211963.13,32.2253
ADS00004346,AD00046,2025-07-29,135792,4421,482,1597.41,114747.29,71.8333
ADS00004347,AD00047,2025-03-01,34056,2065,188,4508.77,37552.02,8.3287
ADS00004348,AD00048,2025-09-09,161149,8696,739,15538.34,275050.38,17.7014
ADS00004349,AD00049,2026-02-19,13895,412,14,624.92,7904.55,12.6489
ADS00004350,AD00050,2025-04-07,143597,3958,458,14110.57,275561.63,19.5287
ADS00004351,AD00051,2025-04-02,116765,3566,197,1875.95,113239.99,60.3641
ADS00004352,AD00052,2025-10-31,33328,697,42,2024.7,24202.87,11.9538
ADS00004353,AD00053,2026-01-21,28653,2280,275,5450.6,42025.57,7.7103
ADS00004354,AD00054,2025-07-23,76004,1246,40,5031.56,25404.57,5.049
ADS00004355,AD00055,2025-06-07,43792,1001,82,838.99,40588.44,48.3777
ADS00004356,AD00056,2026-08-07,123733,5648,473,3125.93,42808.57,13.6947
ADS00004357,AD00057,2025-01-14,31504,1239,119,728.38,49112.14,67.4265
ADS00004358,AD00058,2025-06-27,121537,3550,160,10592.62,94120.23,8.8855
ADS00004359,AD00059,2026-04-26,66903,3088,419,5925.59,50968.78,8.6015
ADS00004360,AD00060,2025-04-30,48016,1009,124,3663.08,66744.19,18.2208
ADS00004361,AD00061,2026-05-08,57853,3380,89,7641.75,10687.7,1.3986
ADS00004362,AD00062,2026-04-02,130581,3742,347,3700.29,163990.61,44.3183
ADS00004363,AD00063,2025-07-02,44264,1586,181,1893.89,45924.22,24.2486
ADS00004364,AD00064,2025-06-01,142974,5815,663,12110.97,341870.07,28.2281
ADS00004365,AD00065,2026-02-02,81472,5432,581,10525.69,212283.79,20.1682
ADS00004366,AD00066,2026-02-18,170787,9077,428,42410.94,54165.92,1.2772
ADS00004367,AD00067,2025-08-01,20249,1057,58,3769.34,24774.45,6.5726
ADS00004368,AD00068,2026-07-15,130225,4827,162,6720.96,109685.52,16.3199
ADS00004369,AD00069,2025-08-16,178413,13050,545,14157.62,210973.44,14.9018
ADS00004370,AD00070,2026-07-04,154591,11220,1494,35023.46,181288.7,5.1762
ADS00004371,AD00071,2026-08-05,22062,1335,175,5775.34,92971.08,16.0979
ADS00004372,AD00072,2025-10-17,83633,3150,333,6816.22,137057.61,20.1076
ADS00004373,AD00073,2025-05-27,63832,3292,274,13927.36,151977.14,10.9121
ADS00004374,AD00074,2025-06-25,37147,1348,145,5295.91,52802.27,9.9704
ADS00004375,AD00075,2026-05-06,38928,1754,35,4487.19,6812.9,1.5183
ADS00004376,AD00076,2025-03-23,128202,4825,599,6816.06,153828.12,22.5685
ADS00004377,AD00077,2025-07-10,95533,1167,19,560.63,5821.11,10.3832
ADS00004378,AD00078,2025-01-25,111041,2160,127,9582.23,50233.29,5.2423
ADS00004379,AD00079,2026-02-03,113304,3009,400,10946.13,243957.32,22.2871
ADS00004380,AD00080,2025-08-22,65200,3094,375,2654.3,197604.87,74.4471
ADS00004381,AD00081,2025-05-06,100809,2358,238,9415.62,39097.85,4.1524
ADS00004382,AD00082,2026-08-04,150336,3142,443,8628.02,216429.42,25.0845
ADS00004383,AD00083,2025-12-31,157515,8453,1045,8560.91,401830.95,46.9379
ADS00004384,AD00084,2025-09-11,82130,3514,484,2614.16,35871.14,13.7219
ADS00004385,AD00085,2026-08-18,20364,977,59,3026.51,38223.88,12.6297
ADS00004386,AD00086,2025-12-14,130275,5052,146,22699.26,64920.25,2.86
ADS00004387,AD00087,2025-02-08,146568,2405,153,4773.68,85752.97,17.9637
ADS00004388,AD00088,2025-04-12,10793,392,36,498.79,23443.92,47.0016
ADS00004389,AD00089,2025-03-12,44764,2392,220,8788.85,125030.96,14.2261
ADS00004390,AD00090,2026-08-19,166611,12801,1204,53417.03,318163.56,5.9562
ADS00004391,AD00091,2025-05-03,55081,1414,116,5856.97,68861.83,11.7572
ADS00004392,AD00092,2025-02-17,152597,11492,268,21530.54,132559.18,6.1568
ADS00004393,AD00093,2026-08-22,98487,3095,381,6569.56,54308.71,8.2667
ADS00004394,AD00094,2025-09-29,48619,1686,163,5356.9,18449.31,3.444
ADS00004395,AD00095,2025-03-12,36582,995,36,2944.23,15833.54,5.3778
ADS00004396,AD00096,2026-07-16,161876,12778,696,43369.76,229575.68,5.2935
ADS00004397,AD00097,2025-05-10,14771,258,12,1141.3,2680.96,2.349
ADS00004398,AD00098,2025-06-24,94847,1491,115,4811.61,65787.36,13.6726
ADS00004399,AD00099,2026-04-09,102959,3172,167,9380.91,80299.19,8.5599
ADS00004400,AD00100,2025-08-31,128378,10176,1336,7370.67,627307.62,85.1086
ADS00004401,AD00001,2025-07-20,104534,3075,219,1715.63,113419.7,66.1097
ADS00004402,AD00002,2025-07-03,76869,6091,878,26336.97,472601.37,17.9444
ADS00004403,AD00003,2025-09-19,116814,1462,30,3340.97,17657.42,5.2851
ADS00004404,AD00004,2026-05-24,32207,1968,187,601.75,33410.63,55.5224
ADS00004405,AD00005,2025-12-26,121844,1536,185,3866.28,17509.51,4.5288
ADS00004406,AD00006,2025-02-25,28597,583,23,1939.85,10159.56,5.2373
ADS00004407,AD00007,2026-08-07,169650,9180,892,4811.93,456867.07,94.9447
ADS00004408,AD00008,2026-08-21,116977,6109,325,18687.54,55783.28,2.9851
ADS00004409,AD00009,2026-06-05,113362,7503,804,28504.14,279532.31,9.8067
ADS00004410,AD00010,2026-08-19,92208,6861,597,25277.86,129593.38,5.1268
ADS00004411,AD00011,2025-06-07,144306,1405,43,5409.97,9929.65,1.8354
ADS00004412,AD00012,2026-08-14,60352,4478,604,4105.35,75971.87,18.5056
ADS00004413,AD00013,2026-03-24,175816,11074,1192,6148.36,790685.26,128.601
ADS00004414,AD00014,2026-07-09,11770,939,94,2593.43,5836.64,2.2505
ADS00004415,AD00015,2026-06-16,53171,3418,510,10903.98,155241.56,14.2371
ADS00004416,AD00016,2025-03-24,93085,2307,41,3193.1,19669.97,6.1601
ADS00004417,AD00017,2025-03-26,175747,11399,1216,49377.87,223888.93,4.5342
ADS00004418,AD00018,2026-05-13,42643,858,84,1007.0,55460.34,55.0748
ADS00004419,AD00019,2025-08-18,31843,2292,236,4624.75,141801.44,30.6614
ADS00004420,AD00020,2026-06-04,92528,6062,453,20973.12,61577.3,2.936
ADS00004421,AD00021,2025-09-14,64305,2630,300,3684.41,31253.57,8.4827
ADS00004422,AD00022,2026-05-05,147518,11555,1550,48859.13,707978.1,14.4902
ADS00004423,AD00023,2025-05-24,88989,6969,817,17978.42,511450.79,28.448
ADS00004424,AD00024,2026-07-12,132762,5850,553,24232.52,277709.45,11.4602
ADS00004425,AD00025,2025-01-30,159085,11896,390,39951.95,152580.82,3.8191
ADS00004426,AD00026,2026-02-21,52002,1457,26,6775.6,11175.88,1.6494
ADS00004427,AD00027,2025-11-14,166521,9573,241,10155.6,52629.44,5.1823
ADS00004428,AD00028,2025-05-04,173209,3772,143,10632.01,76566.81,7.2015
ADS00004429,AD00029,2025-11-29,142036,9594,1429,45088.72,490559.28,10.8799
ADS00004430,AD00030,2025-02-23,87242,1538,194,5646.6,41710.07,7.3868
ADS00004431,AD00031,2025-04-06,11586,475,31,517.51,8476.56,16.3795
ADS00004432,AD00032,2026-08-16,109081,1367,107,1225.07,45050.75,36.774
ADS00004433,AD00033,2026-02-15,86196,4687,106,8741.49,53798.6,6.1544
ADS00004434,AD00034,2025-07-02,83377,3043,410,10178.63,103508.31,10.1692
ADS00004435,AD00035,2026-02-18,57598,2123,206,1104.44,45522.2,41.2174
ADS00004436,AD00036,2025-03-21,62652,751,110,576.95,51428.15,89.138
ADS00004437,AD00037,2026-06-28,9301,162,9,467.42,3608.39,7.7198
ADS00004438,AD00038,2026-05-05,42249,1743,64,1251.11,9347.49,7.4714
ADS00004439,AD00039,2026-06-11,129147,5843,855,19816.91,295586.07,14.9159
ADS00004440,AD00040,2025-09-22,32033,1881,144,1255.22,59658.77,47.5285
ADS00004441,AD00041,2025-08-14,7764,343,38,1453.21,5248.2,3.6115
ADS00004442,AD00042,2026-03-29,124449,3792,437,9916.97,156932.88,15.8247
ADS00004443,AD00043,2025-02-27,110752,8731,375,40742.36,146687.43,3.6004
ADS00004444,AD00044,2026-03-07,9963,503,48,2374.48,21831.26,9.1941
ADS00004445,AD00045,2026-01-04,126765,4795,186,21320.63,30837.49,1.4464
ADS00004446,AD00046,2025-07-12,131229,1171,74,2139.7,46845.79,21.8936
ADS00004447,AD00047,2025-03-13,30359,1998,183,5996.13,58361.42,9.7332
ADS00004448,AD00048,2025-08-30,136383,6312,885,14571.47,481305.5,33.0307
ADS00004449,AD00049,2026-02-05,6763,170,17,732.36,1663.35,2.2712
ADS00004450,AD00050,2025-04-16,104756,4658,102,12970.5,23430.54,1.8064
ADS00004451,AD00051,2025-04-06,79144,6201,449,14070.08,200768.66,14.2692
ADS00004452,AD00052,2025-10-19,72660,2877,293,4334.54,147742.79,34.085
ADS00004453,AD00053,2026-01-24,167282,8397,222,32962.47,100053.59,3.0354
ADS00004454,AD00054,2025-09-01,39793,1754,236,5328.14,98285.5,18.4465
ADS00004455,AD00055,2025-06-01,105777,5253,124,17274.9,46396.91,2.6858
ADS00004456,AD00056,2026-07-30,43817,2868,358,3962.61,187503.52,47.3182
ADS00004457,AD00057,2025-01-13,170958,1619,136,1920.84,45393.55,23.6321
ADS00004458,AD00058,2025-07-01,143504,2161,224,8108.28,35121.44,4.3316
ADS00004459,AD00059,2026-06-12,140918,9239,1070,32067.7,378942.18,11.8169
ADS00004460,AD00060,2025-05-01,51734,889,130,1532.24,25346.62,16.5422
ADS00004461,AD00061,2026-05-26,92332,6134,125,27061.72,47446.54,1.7533
ADS00004462,AD00062,2026-03-26,26431,1690,130,1029.51,21554.44,20.9366
ADS00004463,AD00063,2025-06-27,2397,128,16,443.47,6354.31,14.3286
ADS00004464,AD00064,2025-05-31,49831,710,100,941.98,55070.63,58.4626
ADS00004465,AD00065,2026-03-03,44641,2125,51,9619.0,31529.66,3.2779
ADS00004466,AD00066,2026-02-24,35033,1892,162,4506.21,59797.78,13.2701
ADS00004467,AD00067,2025-09-01,78594,2086,166,8863.29,90641.9,10.2267
ADS00004468,AD00068,2026-08-03,100884,4346,135,5688.15,48653.31,8.5535
ADS00004469,AD00069,2025-09-30,157081,5610,477,18532.31,44143.94,2.382
ADS00004470,AD00070,2026-07-09,121248,8962,701,41103.47,308470.41,7.5047
ADS00004471,AD00071,2026-07-17,128459,6070,594,13309.85,259659.91,19.5089
ADS00004472,AD00072,2025-10-11,17543,1081,112,4200.7,57995.98,13.8063
ADS00004473,AD00073,2025-05-18,28525,1528,145,639.79,51596.64,80.6462
ADS00004474,AD00074,2025-06-27,88675,4111,121,4294.65,44610.97,10.3876
ADS00004475,AD00075,2026-05-17,113431,2669,325,11964.93,203797.14,17.0329
ADS00004476,AD00076,2025-04-13,128756,7593,846,5395.25,405862.14,75.2258
ADS00004477,AD00077,2025-08-29,18643,1084,29,1169.63,5035.63,4.3053
ADS00004478,AD00078,2025-02-27,24101,1767,147,5111.51,91404.77,17.8821
ADS00004479,AD00079,2025-12-18,150818,6870,756,4022.94,122620.46,30.4803
ADS00004480,AD00080,2025-08-08,31306,2463,40,8443.03,7547.78,0.894
ADS00004481,AD00081,2025-05-29,67504,1149,109,1504.06,21674.84,14.4109
ADS00004482,AD00082,2026-07-31,67290,1416,204,6405.88,35154.33,5.4878
ADS00004483,AD00083,2026-01-11,160076,9356,571,15087.0,246837.15,16.3609
ADS00004484,AD00084,2025-09-27,139408,2473,232,5354.71,14723.04,2.7495
ADS00004485,AD00085,2026-08-15,26461,1168,85,2503.39,17964.44,7.176
ADS00004486,AD00086,2025-11-17,166768,3091,325,3934.35,204669.82,52.0213
ADS00004487,AD00087,2025-02-12,133065,2196,159,1692.45,9760.03,5.7668
ADS00004488,AD00088,2025-04-28,113382,7490,625,15195.59,350537.07,23.0683
ADS00004489,AD00089,2025-03-05,36446,1071,99,2235.65,51548.32,23.0574
ADS00004490,AD00090,2026-08-19,18304,355,24,1063.06,4709.81,4.4304
ADS00004491,AD00091,2025-05-14,120291,9067,893,42916.75,582963.09,13.5836
ADS00004492,AD00092,2025-03-26,76453,926,80,896.47,10998.07,12.2682
ADS00004493,AD00093,2026-08-21,114608,8806,313,9086.21,28410.36,3.1268
ADS00004494,AD00094,2025-09-30,77211,3708,355,12629.79,114919.14,9.0991
ADS00004495,AD00095,2025-01-20,76377,5686,828,6327.94,63685.29,10.0641
ADS00004496,AD00096,2026-07-13,38411,2446,229,3742.41,99400.71,26.5606
ADS00004497,AD00097,2025-06-08,18353,1094,65,3764.53,19677.0,5.2269
ADS00004498,AD00098,2025-05-24,115353,3576,85,9986.79,29842.68,2.9882
ADS00004499,AD00099,2026-03-30,20504,974,98,2581.04,64416.38,24.9575
ADS00004500,AD00100,2025-08-31,119802,4380,174,8795.6,63021.84,7.1652
ADS00004501,AD00001,2025-06-27,47947,1621,140,6499.4,14179.31,2.1816
ADS00004502,AD00002,2025-06-24,91035,872,15,2023.64,2580.15,1.275
ADS00004503,AD00003,2025-09-11,137314,5700,753,17671.11,398573.92,22.5551
ADS00004504,AD00004,2026-05-21,11208,360,28,1011.64,2558.4,2.529
ADS00004505,AD00005,2026-02-13,72470,2624,130,3853.88,68630.41,17.8081
ADS00004506,AD00006,2025-04-04,138165,4768,453,17607.35,190050.25,10.7938
ADS00004507,AD00007,2026-07-22,162510,8571,289,26500.74,46865.82,1.7685
ADS00004508,AD00008,2026-08-21,147030,2869,71,7787.06,32951.86,4.2316
ADS00004509,AD00009,2026-07-02,98324,1839,88,7652.71,27198.82,3.5541
ADS00004510,AD00010,2026-07-17,81753,2890,43,12392.84,10025.27,0.809
ADS00004511,AD00011,2025-05-27,47233,1110,70,4859.72,36513.74,7.5135
ADS00004512,AD00012,2026-07-04,57143,3027,62,1368.13,33785.14,24.6944
ADS00004513,AD00013,2026-02-28,30578,2046,178,4122.98,62266.4,15.1023
ADS00004514,AD00014,2026-07-09,158399,2240,276,8998.99,45328.12,5.037
ADS00004515,AD00015,2026-06-19,73812,4996,591,20531.55,297218.46,14.4762
ADS00004516,AD00016,2025-02-17,35918,769,104,2606.92,57286.18,21.9747
ADS00004517,AD00017,2025-04-09,95835,4622,345,14689.6,215625.02,14.6788
ADS00004518,AD00018,2026-05-12,66069,752,17,1854.53,2812.79,1.5167
ADS00004519,AD00019,2025-08-14,141396,4703,157,18483.07,61586.16,3.332
ADS00004520,AD00020,2026-05-29,111304,3461,197,9123.44,101252.6,11.0981
ADS00004521,AD00021,2025-09-25,130549,7678,1132,24059.95,99025.56,4.1158
ADS00004522,AD00022,2026-05-07,18970,741,92,1952.61,35563.14,18.2131
ADS00004523,AD00023,2025-04-05,15788,864,82,3875.75,43324.9,11.1785
ADS00004524,AD00024,2026-06-22,176852,8182,1007,29991.43,250043.57,8.3372
ADS00004525,AD00025,2025-01-19,16095,977,61,521.02,31275.35,60.0272
ADS00004526,AD00026,2026-02-10,27026,2109,41,8997.15,10431.96,1.1595
ADS00004527,AD00027,2025-12-19,99011,6226,822,28411.29,147517.62,5.1922
ADS00004528,AD00028,2025-06-08,97871,1300,135,2168.13,38961.84,17.9703
ADS00004529,AD00029,2025-11-29,33058,966,60,2245.93,24389.21,10.8593
ADS00004530,AD00030,2025-03-03,160881,8528,468,31235.87,66295.92,2.1224
ADS00004531,AD00031,2025-05-22,77486,1331,135,2969.2,14000.4,4.7152
ADS00004532,AD00032,2026-08-15,130218,5256,562,15338.93,357946.38,23.3358
ADS00004533,AD00033,2026-02-19,167026,7791,571,2481.68,137087.06,55.2396
ADS00004534,AD00034,2025-06-04,163341,7385,859,5490.7,291479.98,53.0861
ADS00004535,AD00035,2026-02-14,74633,2966,373,7908.22,154928.29,19.5908
ADS00004536,AD00036,2025-03-12,33575,1025,135,2918.9,70430.29,24.1291
ADS00004537,AD00037,2026-05-28,140497,10085,1374,18506.54,212320.73,11.4727
ADS00004538,AD00038,2026-04-20,70713,647,68,3016.65,25262.94,8.3745
ADS00004539,AD00039,2026-06-06,143178,10810,795,13921.34,356757.17,25.6266
ADS00004540,AD00040,2025-10-17,90550,1268,156,698.45,29372.51,42.0538
ADS00004541,AD00041,2025-08-16,51874,2787,277,1339.45,99777.99,74.4918
ADS00004542,AD00042,2026-03-26,138133,1957,51,4249.54,26237.81,6.1743
ADS00004543,AD00043,2025-02-07,136535,7246,562,32169.69,136810.94,4.2528
ADS00004544,AD00044,2026-02-01,115504,4029,427,13864.21,26971.62,1.9454
ADS00004545,AD00045,2026-01-09,143069,3425,306,14535.94,44554.59,3.0651
ADS00004546,AD00046,2025-06-24,86347,3528,89,4889.77,12249.38,2.5051
ADS00004547,AD00047,2025-03-01,95294,3875,237,3343.26,149129.74,44.6061
ADS00004548,AD00048,2025-08-27,106534,2050,189,8301.13,98365.2,11.8496
ADS00004549,AD00049,2026-02-06,53089,3892,365,16494.94,75514.69,4.5781
ADS00004550,AD00050,2025-03-27,105994,5689,292,8490.66,80177.25,9.443
ADS00004551,AD00051,2025-03-30,175438,12208,1108,33469.2,710922.18,21.2411
ADS00004552,AD00052,2025-10-22,123851,9173,1137,13816.38,211261.53,15.2907
ADS00004553,AD00053,2026-02-07,164774,4000,114,11866.87,29737.04,2.5059
ADS00004554,AD00054,2025-08-31,101005,4999,229,22775.09,95204.98,4.1802
ADS00004555,AD00055,2025-06-19,162902,11736,314,27719.08,95220.51,3.4352
ADS00004556,AD00056,2026-08-09,62772,985,138,1389.8,11109.46,7.9936
ADS00004557,AD00057,2025-01-09,17133,1072,127,3937.85,44594.32,11.3245
ADS00004558,AD00058,2025-07-12,92408,794,49,2983.01,3915.9,1.3127
ADS00004559,AD00059,2026-05-15,143025,8917,769,29330.81,183639.75,6.261
ADS00004560,AD00060,2025-05-02,66125,2864,374,6885.4,253874.82,36.8715
ADS00004561,AD00061,2026-05-06,27301,738,63,2742.84,33171.87,12.094
ADS00004562,AD00062,2026-03-30,90616,6774,390,8824.0,88966.93,10.0824
ADS00004563,AD00063,2025-06-29,41958,2260,324,9902.08,113929.21,11.5056
ADS00004564,AD00064,2025-03-29,63004,2494,345,8719.54,196746.58,22.5639
ADS00004565,AD00065,2026-03-11,177258,11122,601,9351.62,403601.67,43.1585
ADS00004566,AD00066,2026-02-15,15137,1150,51,1565.62,33392.68,21.3287
ADS00004567,AD00067,2025-09-02,166222,10355,1522,5807.89,652668.85,112.3762
ADS00004568,AD00068,2026-07-08,67366,3643,237,11530.11,106270.03,9.2167
ADS00004569,AD00069,2025-09-01,118441,2502,138,7145.82,61324.46,8.5819
ADS00004570,AD00070,2026-06-16,44082,3457,444,6802.63,81376.18,11.9625
ADS00004571,AD00071,2026-08-12,54986,1613,190,1500.35,96456.28,64.2892
ADS00004572,AD00072,2025-10-28,96713,1204,19,4720.0,7772.13,1.6466
ADS00004573,AD00073,2025-05-09,126173,1026,88,842.96,54129.33,64.2134
ADS00004574,AD00074,2025-06-25,164771,5892,270,22689.31,81693.85,3.6005
ADS00004575,AD00075,2026-04-22,24302,430,17,398.85,7605.43,19.0684
ADS00004576,AD00076,2025-03-21,117268,3758,57,5709.53,11311.77,1.9812
ADS00004577,AD00077,2025-09-19,17583,1181,56,3912.15,15953.97,4.0781
ADS00004578,AD00078,2025-03-02,142333,8822,793,21038.52,378420.57,17.987
ADS00004579,AD00079,2026-02-28,147002,5292,628,1957.69,287403.45,146.8074
ADS00004580,AD00080,2025-08-07,80749,4752,588,4511.73,397645.69,88.136
ADS00004581,AD00081,2025-06-12,29497,2067,99,5900.83,43335.64,7.344
ADS00004582,AD00082,2026-07-18,160684,11158,1309,20645.93,661691.99,32.0495
ADS00004583,AD00083,2025-12-27,9134,421,23,1069.58,11123.22,10.3996
ADS00004584,AD00084,2025-09-14,140046,5846,227,7283.21,27096.45,3.7204
ADS00004585,AD00085,2026-08-22,112366,6027,637,4348.51,297288.76,68.3657
ADS00004586,AD00086,2025-12-03,123211,1298,171,5081.26,72910.1,14.3488
ADS00004587,AD00087,2025-02-10,67687,2336,289,9225.26,153194.63,16.606
ADS00004588,AD00088,2025-05-07,152870,7888,788,2990.54,451528.11,150.9855
ADS00004589,AD00089,2025-02-02,10480,280,20,425.02,2739.71,6.4461
ADS00004590,AD00090,2026-08-20,171434,5214,737,24077.81,225106.5,9.3491
ADS00004591,AD00091,2025-04-28,40496,1483,199,4950.59,23359.93,4.7186
ADS00004592,AD00092,2025-02-06,94049,7046,147,24471.26,95099.92,3.8862
ADS00004593,AD00093,2026-08-14,35837,485,27,253.01,9208.33,36.3951
ADS00004594,AD00094,2025-10-04,112024,3805,407,3724.24,56800.74,15.2516
ADS00004595,AD00095,2025-02-07,138155,8868,238,12144.01,82305.76,6.7775
ADS00004596,AD00096,2026-07-30,164704,12560,548,4625.5,202289.45,43.7335
ADS00004597,AD00097,2025-06-01,72829,873,15,3903.4,2647.05,0.6781
ADS00004598,AD00098,2025-06-22,10262,593,62,2080.36,18192.15,8.7447
ADS00004599,AD00099,2026-04-16,178229,2982,52,6199.38,13351.93,2.1538
ADS00004600,AD00100,2025-08-17,3060,64,6,210.91,1576.08,7.4728
ADS00004601,AD00001,2025-06-12,61149,3734,153,15526.94,64941.79,4.1825
ADS00004602,AD00002,2025-06-29,69858,873,20,2147.31,5256.96,2.4482
ADS00004603,AD00003,2025-09-27,117899,8277,703,26712.85,61938.93,2.3187
ADS00004604,AD00004,2026-06-08,178399,6371,236,19500.49,23379.04,1.1989
ADS00004605,AD00005,2025-12-02,29842,594,12,455.59,5178.69,11.367
ADS00004606,AD00006,2025-02-10,85670,903,78,4003.4,28948.33,7.2309
ADS00004607,AD00007,2026-08-11,96481,1106,118,1241.17,33757.77,27.1983
ADS00004608,AD00008,2026-08-21,44187,1196,83,1787.72,21880.74,12.2395
ADS00004609,AD00009,2026-06-05,124566,8053,814,5438.89,310664.43,57.1191
ADS00004610,AD00010,2026-07-22,115029,7740,915,6619.05,613983.69,92.7601
ADS00004611,AD00011,2025-06-17,85979,6526,362,17736.12,139123.82,7.8441
ADS00004612,AD00012,2026-06-23,177936,4060,357,13561.22,91982.86,6.7828
ADS00004613,AD00013,2026-02-22,34110,1238,147,1132.4,35858.18,31.6656
ADS00004614,AD00014,2026-07-08,162311,6479,266,7022.82,176091.0,25.0741
ADS00004615,AD00015,2026-07-21,58664,647,62,2637.7,9926.01,3.7631
ADS00004616,AD00016,2025-03-26,15025,715,85,1047.58,10259.58,9.7936
ADS00004617,AD00017,2025-04-07,163103,5996,660,7864.95,446265.59,56.7411
ADS00004618,AD00018,2026-05-24,57221,2856,235,7680.77,134871.51,17.5596
ADS00004619,AD00019,2025-08-07,130014,5743,524,17932.86,56414.32,3.1459
ADS00004620,AD00020,2026-06-10,150191,7462,649,6586.52,51102.21,7.7586
ADS00004621,AD00021,2025-09-09,3293,41,1,69.1,78.59,1.1373
ADS00004622,AD00022,2026-04-26,37631,2711,117,10071.64,29696.21,2.9485
ADS00004623,AD00023,2025-04-11,141732,3777,513,9026.27,246327.95,27.2901
ADS00004624,AD00024,2026-06-21,58726,1812,39,1829.88,6058.21,3.3107
ADS00004625,AD00025,2025-02-08,43344,1310,106,879.4,51753.81,58.8513
ADS00004626,AD00026,2026-02-25,82403,4338,494,2179.22,54860.64,25.1744
ADS00004627,AD00027,2025-12-20,132743,2452,330,6717.89,41766.19,6.2172
ADS00004628,AD00028,2025-05-07,34837,1108,104,1434.13,41088.97,28.6508
ADS00004629,AD00029,2025-11-09,120759,8640,1036,33903.93,467819.84,13.7984
ADS00004630,AD00030,2025-02-21,87353,1909,142,770.9,28520.94,36.9969
ADS00004631,AD00031,2025-04-30,130171,3905,495,14695.06,182554.53,12.4229
ADS00004632,AD00032,2026-08-18,155303,8240,772,17895.19,110952.96,6.2002
ADS00004633,AD00033,2026-02-22,79940,3876,85,7704.27,42112.47,5.4661
ADS00004634,AD00034,2025-06-08,178073,13950,1265,17684.57,568946.14,32.1719
ADS00004635,AD00035,2026-01-28,12696,896,53,2373.55,12848.79,5.4133
ADS00004636,AD00036,2025-02-24,131261,9209,1376,38574.74,413177.23,10.7111
ADS00004637,AD00037,2026-07-07,19742,702,56,413.5,6990.46,16.9056
ADS00004638,AD00038,2026-04-13,26746,447,57,685.96,5007.4,7.2998
ADS00004639,AD00039,2026-06-13,177622,12616,1821,40465.38,910918.64,22.5111
ADS00004640,AD00040,2025-10-18,59435,2286,159,8573.67,60460.82,7.0519
ADS00004641,AD00041,2025-08-18,71019,4041,405,13017.05,106776.41,8.2028
ADS00004642,AD00042,2026-03-17,123402,5586,332,23828.26,89563.06,3.7587
ADS00004643,AD00043,2025-02-15,44742,865,126,3509.96,36392.41,10.3683
ADS00004644,AD00044,2026-03-23,119904,4421,391,4522.3,122376.12,27.0606
ADS00004645,AD00045,2026-01-14,14570,344,45,439.32,24603.07,56.0026
ADS00004646,AD00046,2025-06-29,35323,2617,98,3829.58,11971.45,3.126
ADS00004647,AD00047,2025-03-13,42397,1717,204,6331.42,44125.76,6.9693
ADS00004648,AD00048,2025-08-29,155022,1384,119,3738.06,56307.82,15.0634
ADS00004649,AD00049,2026-01-31,24527,1748,189,1580.32,51477.04,32.5738
ADS00004650,AD00050,2025-04-29,179309,3817,537,12791.07,294452.09,23.0201
ADS00004651,AD00051,2025-03-29,83881,3958,151,5207.16,80928.38,15.5418
ADS00004652,AD00052,2025-10-15,60175,729,62,1785.83,32296.35,18.0848
ADS00004653,AD00053,2026-01-28,107291,3830,240,14355.37,111379.51,7.7587
ADS00004654,AD00054,2025-08-26,43406,2528,38,2864.81,7361.54,2.5696
ADS00004655,AD00055,2025-06-09,44596,588,38,1423.73,18625.22,13.082
ADS00004656,AD00056,2026-08-05,154120,5925,317,23175.65,100997.71,4.3579
ADS00004657,AD00057,2025-01-29,78694,1223,62,976.42,33833.02,34.6501
ADS00004658,AD00058,2025-07-11,131000,1468,191,6865.88,61840.85,9.007
ADS00004659,AD00059,2026-06-22,99123,7336,518,5085.72,297862.77,58.5685
ADS00004660,AD00060,2025-05-09,94628,1533,83,6986.42,19852.53,2.8416
ADS00004661,AD00061,2026-06-01,176582,4534,265,5007.39,167008.69,33.3524
ADS00004662,AD00062,2026-03-28,9797,432,45,1090.27,16109.77,14.7759
ADS00004663,AD00063,2025-07-04,175263,12104,364,10811.24,239846.39,22.1849
ADS00004664,AD00064,2025-04-01,47527,2518,69,4295.22,18061.63,4.2051
ADS00004665,AD00065,2026-02-19,48840,1142,98,1533.83,29022.26,18.9214
ADS00004666,AD00066,2026-02-12,168653,2711,346,4467.39,216659.78,48.4981
ADS00004667,AD00067,2025-07-26,142810,10882,817,45312.79,439607.98,9.7016
ADS00004668,AD00068,2026-07-15,117536,4088,293,4483.54,135128.3,30.1388
ADS00004669,AD00069,2025-09-30,117747,9357,1210,14500.17,738359.94,50.9208
ADS00004670,AD00070,2026-07-04,78824,5525,213,24892.08,97804.51,3.9291
ADS00004671,AD00071,2026-08-07,151640,11249,717,50929.26,483265.13,9.4889
ADS00004672,AD00072,2025-10-04,74439,1730,86,6326.35,17075.71,2.6991
ADS00004673,AD00073,2025-05-11,100360,4638,266,2687.62,163395.95,60.7958
ADS00004674,AD00074,2025-06-20,55833,937,62,2071.84,31975.04,15.4332
ADS00004675,AD00075,2026-05-11,149661,1930,130,7490.81,87265.79,11.6497
ADS00004676,AD00076,2025-02-27,50318,559,16,666.57,1028.0,1.5422
ADS00004677,AD00077,2025-07-28,129100,4591,216,20573.23,41584.48,2.0213
ADS00004678,AD00078,2025-02-06,15427,217,3,887.93,498.13,0.561
ADS00004679,AD00079,2026-02-12,131911,3505,210,1220.91,36384.54,29.8012
ADS00004680,AD00080,2025-08-24,114110,5317,137,9671.9,14115.35,1.4594
ADS00004681,AD00081,2025-06-27,161143,4937,717,5224.4,410851.18,78.6408
ADS00004682,AD00082,2026-08-08,130344,1297,67,2422.77,31793.08,13.1226
ADS00004683,AD00083,2025-12-29,16802,752,63,1348.95,22993.43,17.0454
ADS00004684,AD00084,2025-09-25,174203,10822,931,45927.34,476002.4,10.3642
ADS00004685,AD00085,2026-08-14,92659,6612,323,5013.18,171341.34,34.1782
ADS00004686,AD00086,2025-11-20,157275,2427,110,9728.38,42503.7,4.369
ADS00004687,AD00087,2025-02-04,134425,7590,1007,35471.21,449866.04,12.6826
ADS00004688,AD00088,2025-04-14,21647,416,37,389.82,16227.65,41.6286
ADS00004689,AD00089,2025-02-20,68493,3070,421,1273.05,177618.51,139.522
ADS00004690,AD00090,2026-08-22,115634,4919,688,4664.54,165608.11,35.5036
ADS00004691,AD00091,2025-06-02,124877,8337,181,25817.19,44322.9,1.7168
ADS00004692,AD00092,2025-02-25,119436,6175,477,23042.56,104727.49,4.545
ADS00004693,AD00093,2026-08-14,169993,3763,515,12735.1,299650.0,23.5295
ADS00004694,AD00094,2025-09-21,4008,193,27,449.6,11238.31,24.9962
ADS00004695,AD00095,2025-03-23,156626,7635,830,22138.42,378813.6,17.1111
ADS00004696,AD00096,2026-08-03,94484,815,76,382.27,38455.99,100.599
ADS00004697,AD00097,2025-05-21,92429,1955,67,3076.7,15748.15,5.1185
ADS00004698,AD00098,2025-06-08,119306,8488,644,36094.95,154646.02,4.2844
ADS00004699,AD00099,2026-04-22,131663,7272,286,21865.61,53697.54,2.4558
ADS00004700,AD00100,2025-08-25,12126,273,18,757.64,1916.02,2.5289
ADS00004701,AD00001,2025-07-04,29044,1776,146,8510.02,47573.09,5.5902
ADS00004702,AD00002,2025-06-30,138370,7604,1032,21503.9,558581.92,25.9758
ADS00004703,AD00003,2025-09-20,153697,11941,259,19403.66,90831.37,4.6811
ADS00004704,AD00004,2026-05-14,71200,3129,465,14068.16,85798.79,6.0988
ADS00004705,AD00005,2026-02-03,98370,3643,462,15367.77,162228.91,10.5564
ADS00004706,AD00006,2025-03-27,172329,3789,388,10138.8,236960.54,23.3717
ADS00004707,AD00007,2026-07-31,156840,3384,427,1537.74,128428.44,83.5177
ADS00004708,AD00008,2026-08-22,59200,1712,119,3540.16,21983.26,6.2097
ADS00004709,AD00009,2026-07-23,80072,2029,38,8128.91,18123.62,2.2295
ADS00004710,AD00010,2026-08-15,76308,1256,170,4110.37,27693.74,6.7375
ADS00004711,AD00011,2025-06-08,32904,746,36,2555.11,7501.88,2.936
ADS00004712,AD00012,2026-06-22,87037,1441,188,3971.25,41005.87,10.3257
ADS00004713,AD00013,2026-03-29,176661,9856,728,25584.26,433579.69,16.9471
ADS00004714,AD00014,2026-07-07,25621,685,37,1515.03,13474.76,8.8941
ADS00004715,AD00015,2026-06-17,46929,2805,84,10519.52,25613.72,2.4349
ADS00004716,AD00016,2025-02-13,27612,863,45,3788.46,29281.23,7.7291
ADS00004717,AD00017,2025-05-14,173603,6464,443,28422.18,226067.02,7.9539
ADS00004718,AD00018,2026-05-24,37590,2764,141,6768.7,10004.14,1.478
ADS00004719,AD00019,2025-08-13,26341,422,35,1114.94,21170.56,18.9881
ADS00004720,AD00020,2026-04-16,152357,6253,875,23064.51,440307.73,19.0903
ADS00004721,AD00021,2025-09-13,123748,5066,576,8219.11,299087.81,36.3893
ADS00004722,AD00022,2026-06-05,13615,688,46,2585.98,7122.28,2.7542
ADS00004723,AD00023,2025-04-18,82660,3302,337,7744.22,134564.62,17.3761
ADS00004724,AD00024,2026-07-31,133106,7204,800,18663.66,377117.71,20.206
ADS00004725,AD00025,2025-01-22,112949,8233,703,4198.01,103144.55,24.5699
ADS00004726,AD00026,2026-03-09,149742,8530,638,36075.24,157197.8,4.3575
ADS00004727,AD00027,2025-11-19,133114,3840,99,13953.51,38887.47,2.7869
ADS00004728,AD00028,2025-07-02,69216,4336,170,10029.84,113479.95,11.3142
ADS00004729,AD00029,2025-11-29,169897,12576,1277,26352.56,307833.61,11.6814
ADS00004730,AD00030,2025-03-10,34403,2054,48,6057.6,4176.07,0.6894
ADS00004731,AD00031,2025-04-17,19073,1372,111,2352.05,67536.43,28.7139
ADS00004732,AD00032,2026-08-20,152644,4045,249,3735.2,166825.28,44.663
ADS00004733,AD00033,2026-02-22,15001,419,38,1681.74,2943.46,1.7502
ADS00004734,AD00034,2025-06-29,146241,1449,127,6701.02,83273.29,12.427
ADS00004735,AD00035,2026-02-04,119995,3836,451,4339.44,66357.03,15.2916
ADS00004736,AD00036,2025-03-20,147075,6363,907,8299.31,402242.51,48.467
ADS00004737,AD00037,2026-05-17,65969,3964,490,16656.28,330692.62,19.8539
ADS00004738,AD00038,2026-04-25,36469,1622,33,705.56,13290.59,18.8369
ADS00004739,AD00039,2026-06-03,157890,11403,1255,41326.31,725914.03,17.5654
ADS00004740,AD00040,2025-09-30,109734,8732,142,33042.85,84974.64,2.5716
ADS00004741,AD00041,2025-08-08,96348,2161,239,5579.85,29927.98,5.3636
ADS00004742,AD00042,2026-04-09,135333,2868,282,2404.07,25037.17,10.4145
ADS00004743,AD00043,2025-03-26,83209,5704,327,4823.78,146714.32,30.4148
ADS00004744,AD00044,2026-02-26,172499,5589,452,10494.37,192444.88,18.3379
ADS00004745,AD00045,2026-01-09,7221,74,9,265.97,5197.9,19.5432
ADS00004746,AD00046,2025-08-26,162413,10524,337,47848.58,116533.15,2.4355
ADS00004747,AD00047,2025-03-05,49534,2252,124,7916.22,13264.68,1.6756
ADS00004748,AD00048,2025-09-01,95483,6561,403,19854.52,53398.35,2.6895
ADS00004749,AD00049,2026-02-19,136921,10312,1242,25122.26,278454.69,11.084
ADS00004750,AD00050,2025-04-13,73303,3545,352,6493.36,230547.8,35.5052
ADS00004751,AD00051,2025-03-26,33194,2348,54,864.53,5911.36,6.8377
ADS00004752,AD00052,2025-10-27,14968,674,32,1024.88,2198.98,2.1456
ADS00004753,AD00053,2026-01-25,98289,4348,481,10374.12,79551.22,7.6682
ADS00004754,AD00054,2025-07-05,9992,284,20,1351.76,6067.36,4.4885
ADS00004755,AD00055,2025-05-23,63947,4633,593,17580.73,214753.84,12.2153
ADS00004756,AD00056,2026-07-27,135662,9240,265,31471.85,143237.77,4.5513
ADS00004757,AD00057,2025-01-28,121534,5059,88,4264.1,7633.85,1.7903
ADS00004758,AD00058,2025-06-30,49800,2524,283,6690.42,84272.74,12.596
ADS00004759,AD00059,2026-05-28,102070,5398,381,15395.23,202341.44,13.1431
ADS00004760,AD00060,2025-05-15,109781,3185,379,9279.62,213376.4,22.9941
ADS00004761,AD00061,2026-05-12,83938,5615,415,25706.38,30362.25,1.1811
ADS00004762,AD00062,2026-04-04,34938,1452,111,2719.07,7683.09,2.8256
ADS00004763,AD00063,2025-06-24,12900,209,8,145.05,5322.13,36.6917
ADS00004764,AD00064,2025-04-17,49277,960,74,1225.14,32061.37,26.1696
ADS00004765,AD00065,2026-02-08,155710,3672,517,16554.67,37102.94,2.2412
ADS00004766,AD00066,2026-02-13,108800,1239,19,3090.23,7496.22,2.4258
ADS00004767,AD00067,2025-07-20,8787,417,42,1112.03,5489.56,4.9365
ADS00004768,AD00068,2026-07-30,12766,624,80,2074.4,20167.27,9.722
ADS00004769,AD00069,2025-09-30,137333,6333,420,6760.15,222159.39,32.8631
ADS00004770,AD00070,2026-06-22,129900,4399,113,8195.58,55006.02,6.7117
ADS00004771,AD00071,2026-07-10,30684,2274,138,3295.65,49324.14,14.9664
ADS00004772,AD00072,2025-11-01,79402,2911,222,7551.03,142661.43,18.893
ADS00004773,AD00073,2025-05-24,56630,1818,262,7249.01,55733.44,7.6884
ADS00004774,AD00074,2025-06-28,12861,799,110,974.16,23471.85,24.0945
ADS00004775,AD00075,2026-06-12,91661,1396,198,2721.19,110312.42,40.5383
ADS00004776,AD00076,2025-03-13,70039,4792,231,18657.19,44737.64,2.3979
ADS00004777,AD00077,2025-07-10,56095,4144,526,8454.6,349289.6,41.3136
ADS00004778,AD00078,2025-02-21,30873,406,54,1634.65,35611.4,21.7853
ADS00004779,AD00079,2026-01-02,71542,635,63,1145.81,12472.33,10.8852
ADS00004780,AD00080,2025-08-08,21482,1016,39,4660.44,24761.01,5.313
ADS00004781,AD00081,2025-07-10,112969,3375,256,6258.84,18124.75,2.8959
ADS00004782,AD00082,2026-07-18,155262,7431,707,28271.8,427835.96,15.133
ADS00004783,AD00083,2026-01-04,85105,5856,669,4252.75,171313.55,40.283
ADS00004784,AD00084,2025-09-28,52765,702,26,3338.68,10246.73,3.0691
ADS00004785,AD00085,2026-08-21,145114,8927,1139,14371.73,716594.79,49.8614
ADS00004786,AD00086,2025-10-27,59544,4227,618,19125.81,254603.75,13.3121
ADS00004787,AD00087,2025-02-02,84951,6448,816,20464.02,467236.71,22.8321
ADS00004788,AD00088,2025-04-25,46571,3228,94,8169.79,50576.79,6.1907
ADS00004789,AD00089,2025-03-08,165261,12134,1139,44944.14,737862.35,16.4173
ADS00004790,AD00090,2026-08-15,65272,1680,233,3859.35,110428.28,28.6132
ADS00004791,AD00091,2025-05-05,39444,1681,198,7195.88,104765.95,14.5592
ADS00004792,AD00092,2025-02-05,144128,10167,607,32279.24,160383.97,4.9686
ADS00004793,AD00093,2026-08-16,153054,6760,172,26086.35,77143.35,2.9572
ADS00004794,AD00094,2025-09-15,97430,4946,654,19799.66,437857.67,22.1144
ADS00004795,AD00095,2025-01-30,75631,1448,130,773.92,40249.04,52.0067
ADS00004796,AD00096,2026-07-18,59146,2438,159,6917.85,11795.32,1.7051
ADS00004797,AD00097,2025-04-21,106983,3934,122,9728.3,37936.57,3.8996
ADS00004798,AD00098,2025-05-15,125839,9673,406,14379.25,42012.85,2.9218
ADS00004799,AD00099,2026-03-05,166924,6372,914,2484.57,178190.04,71.7187
ADS00004800,AD00100,2025-08-27,78557,3150,124,991.19,60409.06,60.946
ADS00004801,AD00001,2025-07-19,71129,2923,329,5060.8,206978.93,40.8985
ADS00004802,AD00002,2025-06-27,25946,1874,164,2377.4,55100.02,23.1766
ADS00004803,AD00003,2025-08-26,98421,6343,292,7440.39,84592.78,11.3694
ADS00004804,AD00004,2026-06-12,56873,4093,159,9086.4,43505.42,4.788
ADS00004805,AD00005,2025-12-04,38409,1732,87,2575.15,34349.87,13.339
ADS00004806,AD00006,2025-03-10,49852,1845,53,1143.86,4405.33,3.8513
ADS00004807,AD00007,2026-08-03,32003,2387,144,775.92,54943.33,70.8106
ADS00004808,AD00008,2026-08-21,176868,13035,1826,28514.94,139223.19,4.8825
ADS00004809,AD00009,2026-05-26,21141,381,43,1791.27,11094.95,6.1939
ADS00004810,AD00010,2026-07-17,30220,2183,117,6290.3,63693.56,10.1257
ADS00004811,AD00011,2025-05-31,148298,2875,107,6245.55,35488.37,5.6822
ADS00004812,AD00012,2026-06-27,77787,863,104,2010.91,29962.97,14.9002
ADS00004813,AD00013,2026-03-10,158118,7717,517,18469.25,86536.08,4.6854
ADS00004814,AD00014,2026-07-11,32035,1347,185,1295.21,93072.47,71.859
ADS00004815,AD00015,2026-07-06,51447,1470,133,3348.06,49187.33,14.6913
ADS00004816,AD00016,2025-01-10,6935,110,15,405.72,1885.62,4.6476
ADS00004817,AD00017,2025-05-07,75276,606,67,1749.83,17788.78,10.166
ADS00004818,AD00018,2026-05-27,9769,535,37,2319.66,12998.55,5.6036
ADS00004819,AD00019,2025-08-10,18270,985,93,4538.67,48048.67,10.5865
ADS00004820,AD00020,2026-05-28,40794,2593,146,845.36,17127.17,20.2602
ADS00004821,AD00021,2025-10-01,117822,8805,1250,19643.55,100407.88,5.1115
ADS00004822,AD00022,2026-05-29,3817,102,7,91.52,1528.64,16.7028
ADS00004823,AD00023,2025-04-17,136475,7772,275,34124.98,139324.11,4.0828
ADS00004824,AD00024,2026-08-06,151074,2861,126,5321.16,31623.32,5.9429
ADS00004825,AD00025,2025-01-24,35633,2827,217,10565.93,56121.57,5.3116
ADS00004826,AD00026,2026-02-06,123676,8975,818,22317.14,364572.14,16.336
ADS00004827,AD00027,2025-11-16,6869,131,15,531.58,3113.82,5.8577
ADS00004828,AD00028,2025-04-28,104380,8156,923,30892.7,344679.77,11.1573
ADS00004829,AD00029,2025-12-02,26299,446,13,1552.66,8015.15,5.1622
ADS00004830,AD00030,2025-04-03,65590,756,36,986.56,14719.67,14.9202
ADS00004831,AD00031,2025-05-01,28214,1599,171,4818.73,49902.9,10.356
ADS00004832,AD00032,2026-08-19,132875,3119,194,4017.84,75376.81,18.7605
ADS00004833,AD00033,2026-02-16,12129,394,37,176.52,15825.99,89.6555
ADS00004834,AD00034,2025-05-19,138673,5769,622,23580.87,350165.6,14.8496
ADS00004835,AD00035,2026-02-23,159951,3323,241,13694.76,132071.77,9.644
ADS00004836,AD00036,2025-03-11,51708,2197,42,6446.42,5796.88,0.8992
ADS00004837,AD00037,2026-05-02,17188,845,97,1684.83,23299.42,13.8289
ADS00004838,AD00038,2026-04-13,175522,4436,345,2562.96,187923.43,73.3228
ADS00004839,AD00039,2026-06-07,33253,1293,146,5432.65,10972.98,2.0198
ADS00004840,AD00040,2025-11-09,34856,980,113,3062.98,20455.63,6.6783
ADS00004841,AD00041,2025-08-10,38296,2274,317,10203.6,20738.03,2.0324
ADS00004842,AD00042,2026-04-23,169496,5380,565,13386.11,63293.63,4.7283
ADS00004843,AD00043,2025-02-28,15602,680,23,508.99,6851.52,13.461
ADS00004844,AD00044,2026-01-17,10272,808,111,452.7,72886.53,161.004
ADS00004845,AD00045,2026-01-04,101957,2698,213,10158.06,62516.32,6.1544
ADS00004846,AD00046,2025-08-06,89296,2304,166,7758.68,106059.06,13.6697
ADS00004847,AD00047,2025-03-15,165628,10271,223,14334.06,121338.35,8.465
ADS00004848,AD00048,2025-09-29,102425,3745,456,5389.62,107916.47,20.023
ADS00004849,AD00049,2026-02-26,53881,3720,71,4039.1,12980.98,3.2138
ADS00004850,AD00050,2025-04-12,74652,4869,571,18735.08,59514.54,3.1766
ADS00004851,AD00051,2025-03-23,127325,8196,215,34922.61,90393.54,2.5884
ADS00004852,AD00052,2025-10-21,160307,5549,264,8229.54,82104.52,9.9768
ADS00004853,AD00053,2026-02-05,126556,5599,726,18348.88,165999.53,9.0468
ADS00004854,AD00054,2025-07-09,168512,12610,1693,16293.78,290282.5,17.8155
ADS00004855,AD00055,2025-06-13,52508,2417,118,2491.58,41023.37,16.4648
ADS00004856,AD00056,2026-08-07,34299,2279,138,1156.18,62239.92,53.8324
ADS00004857,AD00057,2025-01-22,173160,4817,700,3705.3,247645.91,66.8356
ADS00004858,AD00058,2025-06-28,160000,10107,203,47923.61,18626.78,0.3887
ADS00004859,AD00059,2026-05-25,51022,2947,55,9117.69,15459.57,1.6956
ADS00004860,AD00060,2025-05-12,17387,1100,29,724.31,6246.2,8.6237
ADS00004861,AD00061,2026-05-23,55567,3005,117,5762.13,54829.74,9.5155
ADS00004862,AD00062,2026-03-31,72893,1353,199,3425.45,73940.07,21.5855
ADS00004863,AD00063,2025-06-27,156117,7851,1109,23817.98,694067.27,29.1405
ADS00004864,AD00064,2025-03-27,173875,4087,358,15867.9,84817.18,5.3452
ADS00004865,AD00065,2026-02-08,124937,6460,633,9500.44,69495.7,7.315
ADS00004866,AD00066,2026-02-27,121776,2884,352,1558.84,59662.87,38.2739
ADS00004867,AD00067,2025-08-01,126610,4723,296,15524.86,181352.04,11.6814
ADS00004868,AD00068,2026-08-07,157222,6207,223,18361.43,55501.63,3.0227
ADS00004869,AD00069,2025-09-16,5823,147,18,525.54,3999.45,7.6102
ADS00004870,AD00070,2026-06-06,16259,741,77,1062.55,34247.26,32.2312
ADS00004871,AD00071,2026-06-25,172383,10187,1437,25464.9,171203.73,6.7231
ADS00004872,AD00072,2025-10-23,30689,1791,71,5889.0,38600.78,6.5547
ADS00004873,AD00073,2025-05-18,80912,5376,148,5501.6,45548.36,8.2791
ADS00004874,AD00074,2025-06-18,87127,2094,38,1806.08,4368.78,2.4189
ADS00004875,AD00075,2026-04-27,66354,1011,59,1296.22,37815.94,29.174
ADS00004876,AD00076,2025-03-22,142443,8654,930,17258.14,597411.56,34.6162
ADS00004877,AD00077,2025-07-18,103700,2192,253,8699.48,61000.09,7.0119
ADS00004878,AD00078,2025-02-24,51181,1471,57,6023.11,18770.31,3.1164
ADS00004879,AD00079,2026-01-19,91303,1830,204,8010.03,17995.26,2.2466
ADS00004880,AD00080,2025-08-19,140018,4695,631,22034.12,288152.02,13.0775
ADS00004881,AD00081,2025-07-11,115856,2465,200,6448.83,119578.5,18.5427
ADS00004882,AD00082,2026-08-10,1063,58,2,84.21,556.66,6.6104
ADS00004883,AD00083,2026-01-04,30712,789,86,1106.07,27271.58,24.6563
ADS00004884,AD00084,2025-09-13,64555,972,72,2675.36,17721.04,6.6238
ADS00004885,AD00085,2026-07-30,46201,1958,168,5768.49,97956.7,16.9813
ADS00004886,AD00086,2025-12-10,44893,623,70,2739.94,29408.42,10.7332
ADS00004887,AD00087,2025-02-15,27384,325,19,791.42,9340.74,11.8025
ADS00004888,AD00088,2025-05-09,125165,8536,545,22807.81,284964.31,12.4942
ADS00004889,AD00089,2025-02-19,4327,281,38,87.21,16474.31,188.9039
ADS00004890,AD00090,2026-08-18,20486,698,20,1213.36,7439.02,6.1309
ADS00004891,AD00091,2025-04-29,178714,10003,905,9592.58,501490.91,52.279
ADS00004892,AD00092,2025-03-12,68313,2140,286,9586.17,97054.17,10.1244
ADS00004893,AD00093,2026-08-13,110092,2951,349,4898.9,43626.43,8.9054
ADS00004894,AD00094,2025-09-28,131983,4754,710,7556.53,238261.39,31.5305
ADS00004895,AD00095,2025-02-13,113635,5261,441,12267.77,186333.04,15.1888
ADS00004896,AD00096,2026-07-28,75115,3058,430,2765.74,116410.14,42.0901
ADS00004897,AD00097,2025-06-01,128120,1222,167,2496.67,13986.04,5.6019
ADS00004898,AD00098,2025-05-23,163809,12267,633,41129.1,97131.84,2.3616
ADS00004899,AD00099,2026-04-13,148512,8881,826,30380.83,207523.58,6.8307
ADS00004900,AD00100,2025-08-20,98107,2745,335,5192.62,77543.24,14.9334
ADS00004901,AD00001,2025-07-06,11918,355,40,1636.31,9964.51,6.0896
ADS00004902,AD00002,2025-06-23,82459,3446,380,5120.6,197735.39,38.6157
ADS00004903,AD00003,2025-09-04,116158,3347,142,10448.64,83342.7,7.9764
ADS00004904,AD00004,2026-06-10,65762,1764,180,4705.5,52760.87,11.2126
ADS00004905,AD00005,2025-12-13,2567,165,16,471.21,4211.57,8.9378
ADS00004906,AD00006,2025-03-10,54055,1806,259,5750.78,71750.2,12.4766
ADS00004907,AD00007,2026-07-26,159955,12026,642,39520.46,71102.19,1.7991
ADS00004908,AD00008,2026-08-21,37667,1720,204,5304.1,105520.62,19.8942
ADS00004909,AD00009,2026-07-05,85494,3169,417,13898.45,95744.37,6.8889
ADS00004910,AD00010,2026-08-06,115836,6672,501,24792.1,299263.87,12.0709
ADS00004911,AD00011,2025-06-18,160560,11398,1378,30775.04,336304.26,10.9278
ADS00004912,AD00012,2026-07-05,101656,5863,266,6612.32,135026.76,20.4205
ADS00004913,AD00013,2026-02-22,144659,7299,719,2268.89,474373.6,209.0774
ADS00004914,AD00014,2026-07-11,27336,1600,174,1099.04,104189.02,94.8
ADS00004915,AD00015,2026-07-12,40383,3216,313,6233.29,118534.29,19.0163
ADS00004916,AD00016,2025-03-23,141033,1143,22,943.59,9348.08,9.9069
ADS00004917,AD00017,2025-04-03,99522,6901,603,30941.04,81363.4,2.6296
ADS00004918,AD00018,2026-05-13,131011,3214,355,12061.66,214721.55,17.802
ADS00004919,AD00019,2025-08-08,147153,6511,962,29981.93,198063.8,6.6061
ADS00004920,AD00020,2026-05-22,107686,7272,704,10777.41,84552.45,7.8453
ADS00004921,AD00021,2025-09-15,173648,3187,126,12500.44,68793.41,5.5033
ADS00004922,AD00022,2026-05-19,125957,4862,614,2926.76,88019.36,30.074
ADS00004923,AD00023,2025-04-07,2789,154,11,602.22,680.53,1.13
ADS00004924,AD00024,2026-06-24,152363,9953,1374,44524.2,348917.47,7.8366
ADS00004925,AD00025,2025-01-20,96819,4640,147,17886.19,13179.55,0.7369
ADS00004926,AD00026,2026-02-09,99831,4623,222,10470.33,30365.53,2.9002
ADS00004927,AD00027,2025-12-06,87903,6352,618,12464.02,315017.01,25.2741
ADS00004928,AD00028,2025-05-01,60463,1302,46,654.2,15331.58,23.4356
ADS00004929,AD00029,2025-12-07,100069,5107,315,21621.22,100932.25,4.6682
ADS00004930,AD00030,2025-03-11,147247,6472,218,16573.62,123523.45,7.453
ADS00004931,AD00031,2025-05-09,162242,4046,408,4130.4,73582.62,17.8149
ADS00004932,AD00032,2026-08-21,9994,627,57,2701.99,34595.2,12.8036
ADS00004933,AD00033,2026-02-14,23064,891,131,2427.66,14779.97,6.0882
ADS00004934,AD00034,2025-05-08,70564,3141,85,1420.22,29687.32,20.9033
ADS00004935,AD00035,2026-02-12,138979,7629,121,25471.59,74663.35,2.9312
ADS00004936,AD00036,2025-03-17,176529,2819,143,7302.17,71354.08,9.7716
ADS00004937,AD00037,2026-06-22,100833,6596,530,9451.82,294155.31,31.1216
ADS00004938,AD00038,2026-05-09,86221,4885,73,15867.59,37947.0,2.3915
ADS00004939,AD00039,2026-06-08,29907,1067,147,4796.63,9140.85,1.9057
ADS00004940,AD00040,2025-10-28,52788,1706,108,2210.46,61555.36,27.8473
ADS00004941,AD00041,2025-08-13,72270,5234,123,24824.5,8622.75,0.3473
ADS00004942,AD00042,2026-04-30,24772,450,27,664.8,1851.1,2.7844
ADS00004943,AD00043,2025-03-01,107839,6166,129,27508.0,12272.36,0.4461
ADS00004944,AD00044,2026-02-12,152284,2813,203,3518.79,28651.97,8.1426
ADS00004945,AD00045,2026-01-10,140833,3170,143,5964.87,51055.75,8.5594
ADS00004946,AD00046,2025-07-28,168678,4702,383,18060.7,238424.31,13.2013
ADS00004947,AD00047,2025-03-04,105754,3822,192,17795.46,78452.45,4.4086
ADS00004948,AD00048,2025-10-22,139920,6478,330,6893.43,75642.67,10.9732
ADS00004949,AD00049,2026-02-01,92948,4367,578,9992.91,163008.76,16.3124
ADS00004950,AD00050,2025-03-27,139709,7731,122,9410.8,58708.13,6.2384
ADS00004951,AD00051,2025-04-02,73800,5253,425,5310.99,37341.16,7.0309
ADS00004952,AD00052,2025-10-19,53145,3689,126,4716.44,49432.96,10.481
ADS00004953,AD00053,2026-01-25,59769,2881,341,3709.21,128322.17,34.5956
ADS00004954,AD00054,2025-08-27,32991,2381,339,4035.76,129403.5,32.0642
ADS00004955,AD00055,2025-06-08,172406,11123,625,16510.35,89798.99,5.439
ADS00004956,AD00056,2026-07-31,21732,1380,185,1427.2,100655.06,70.5262
ADS00004957,AD00057,2025-01-21,153960,5109,417,14907.45,221083.9,14.8304
ADS00004958,AD00058,2025-07-05,15892,869,90,731.85,50566.6,69.0942
ADS00004959,AD00059,2026-06-03,13691,1052,94,3078.41,42364.02,13.7617
ADS00004960,AD00060,2025-05-11,114393,2996,207,12850.55,139500.42,10.8556
ADS00004961,AD00061,2026-05-08,17435,832,74,3876.97,18208.84,4.6967
ADS00004962,AD00062,2026-03-26,123703,8761,643,31441.8,126142.35,4.0119
ADS00004963,AD00063,2025-06-28,84485,1152,150,5311.72,100737.95,18.9652
ADS00004964,AD00064,2025-05-29,24156,710,88,1609.39,20566.39,12.779
ADS00004965,AD00065,2026-03-16,86031,5617,286,7869.63,19963.11,2.5367
ADS00004966,AD00066,2026-02-18,74654,5808,296,6169.51,81679.95,13.2393
ADS00004967,AD00067,2025-08-26,148055,6142,338,3053.69,202173.06,66.2062
ADS00004968,AD00068,2026-07-15,126534,3603,388,13995.35,57619.82,4.1171
ADS00004969,AD00069,2025-08-27,54166,4025,528,7349.67,239650.07,32.6069
ADS00004970,AD00070,2026-05-31,145906,8205,975,35771.54,104937.26,2.9335
ADS00004971,AD00071,2026-07-02,97310,6718,651,11130.14,349705.5,31.4197
ADS00004972,AD00072,2025-10-25,76377,2410,219,2480.81,106756.62,43.033
ADS00004973,AD00073,2025-05-26,142100,9818,260,4839.6,96175.75,19.8727
ADS00004974,AD00074,2025-06-19,7406,110,9,244.48,1579.62,6.4611
ADS00004975,AD00075,2026-05-21,156572,5305,451,6368.66,65103.64,10.2225
ADS00004976,AD00076,2025-03-29,33951,1743,195,6445.5,97198.65,15.0801
ADS00004977,AD00077,2025-08-04,163579,10490,626,35511.01,192023.56,5.4074
ADS00004978,AD00078,2025-02-05,107905,2255,274,9098.02,181160.63,19.9121
ADS00004979,AD00079,2026-03-06,21874,1626,62,1293.53,11536.06,8.9183
ADS00004980,AD00080,2025-08-29,166932,8924,411,38848.56,25678.64,0.661
ADS00004981,AD00081,2025-07-02,134269,4968,530,4914.88,69648.77,14.171
ADS00004982,AD00082,2026-08-07,28581,1674,142,1653.24,80996.0,48.9923
ADS00004983,AD00083,2026-01-04,174298,2952,286,4425.9,33610.36,7.594
ADS00004984,AD00084,2025-09-04,103371,1249,53,715.27,28999.95,40.5441
ADS00004985,AD00085,2026-08-16,45748,3564,208,3808.91,49117.41,12.8954
ADS00004986,AD00086,2025-12-04,155278,4352,176,6624.5,93459.35,14.1081
ADS00004987,AD00087,2025-02-12,73566,842,125,1917.01,43484.6,22.6836
ADS00004988,AD00088,2025-04-19,85410,4600,311,5714.34,128073.88,22.4127
ADS00004989,AD00089,2025-02-15,71218,1835,82,8237.11,16457.83,1.998
ADS00004990,AD00090,2026-08-21,104256,1855,165,3207.87,21315.91,6.6449
ADS00004991,AD00091,2025-05-24,142852,4396,261,6405.68,83885.32,13.0955
ADS00004992,AD00092,2025-04-04,159424,10548,672,24676.55,177996.95,7.2132
ADS00004993,AD00093,2026-08-22,155255,10518,459,25337.52,289410.15,11.4222
ADS00004994,AD00094,2025-09-19,118547,6542,779,7296.63,154445.59,21.1667
ADS00004995,AD00095,2025-01-27,120649,3910,417,8890.97,106006.98,11.923
ADS00004996,AD00096,2026-08-14,125098,8066,693,17146.93,279576.44,16.3048
ADS00004997,AD00097,2025-06-04,2318,119,16,477.6,10464.12,21.9098
ADS00004998,AD00098,2025-06-07,58935,2878,123,8356.99,64650.61,7.7361
ADS00004999,AD00099,2026-03-28,97186,4924,713,5825.74,346656.1,59.5042
ADS00005000,AD00100,2025-08-27,161574,5598,316,10168.26,28048.07,2.7584
