point_transaction_id,user_id,change_type,point_delta,occurred_at,reference_no
PT00000001,U001503,refund_deduct,-472,2025-08-01 09:02:38,MOCK0011287
PT00000002,U002431,order_reward,201,2026-07-10 06:57:33,MOCK0011576
PT00000003,U004257,refund_deduct,-206,2026-03-18 21:41:08,MOCK0003438
PT00000004,U001720,order_reward,5,2026-08-02 03:28:27,MOCK0002015
PT00000005,U000564,refund_deduct,-199,2026-06-12 00:58:09,MOCK0005441
PT00000006,U003932,redeem,-166,2026-07-17 23:32:25,MOCK0007784
PT00000007,U004367,redeem,-618,2025-04-05 08:11:02,MOCK0010919
PT00000008,U002336,order_reward,300,2025-04-01 05:08:59,MOCK0005849
PT00000009,U001933,order_reward,408,2026-05-28 12:09:46,MOCK0011365
PT00000010,U004149,order_reward,220,2026-08-13 23:15:58,MOCK0003717
PT00000011,U001060,redeem,-41,2025-02-09 13:45:52,MOCK0005366
PT00000012,U004360,redeem,-602,2025-11-08 15:30:35,MOCK0006597
PT00000013,U000388,expire,-107,2026-03-01 05:35:24,MOCK0008878
PT00000014,U003867,campaign_reward,788,2025-11-25 06:11:50,MOCK0008334
PT00000015,U003838,refund_deduct,-226,2025-07-14 06:07:22,MOCK0003847
PT00000016,U001553,redeem,-87,2026-06-08 08:08:20,MOCK0009969
PT00000017,U001082,campaign_reward,205,2025-11-23 18:33:37,MOCK0009178
PT00000018,U003786,redeem,-44,2025-11-21 13:45:51,MOCK0003565
PT00000019,U002079,order_reward,169,2026-04-30 07:31:05,MOCK0006450
PT00000020,U004994,order_reward,436,2026-05-22 14:11:36,MOCK0006182
PT00000021,U004000,order_reward,76,2025-06-19 11:54:57,MOCK0011567
PT00000022,U003689,expire,-601,2025-12-15 09:51:01,MOCK0006816
PT00000023,U001797,order_reward,498,2025-03-01 12:34:04,MOCK0002035
PT00000024,U003497,order_reward,269,2026-01-30 10:01:44,MOCK0006674
PT00000025,U000424,order_reward,618,2026-04-18 23:07:10,MOCK0002508
PT00000026,U002030,redeem,-89,2025-08-15 05:23:51,MOCK0005887
PT00000027,U003000,order_reward,650,2025-04-02 07:08:07,MOCK0010726
PT00000028,U004120,refund_deduct,-598,2026-02-17 12:39:25,MOCK0000254
PT00000029,U001399,redeem,-276,2026-01-30 02:07:37,MOCK0010832
PT00000030,U001098,order_reward,753,2025-08-15 09:34:13,MOCK0009831
PT00000031,U003139,order_reward,646,2025-04-05 03:04:31,MOCK0008474
PT00000032,U003873,order_reward,767,2025-04-03 19:09:10,MOCK0004970
PT00000033,U002111,order_reward,678,2026-03-05 18:04:14,MOCK0008117
PT00000034,U004816,campaign_reward,448,2026-06-09 03:18:55,MOCK0007850
PT00000035,U004033,redeem,-685,2025-06-02 16:16:00,MOCK0010265
PT00000036,U000239,refund_deduct,-360,2026-01-03 12:14:27,MOCK0007383
PT00000037,U001763,refund_deduct,-373,2026-03-01 07:13:53,MOCK0001163
PT00000038,U002786,order_reward,88,2025-04-02 18:49:35,MOCK0007414
PT00000039,U003424,order_reward,544,2025-08-17 10:24:50,MOCK0011303
PT00000040,U003690,redeem,-657,2025-01-28 11:40:10,MOCK0000473
PT00000041,U003662,redeem,-624,2025-02-08 05:19:22,MOCK0006098
PT00000042,U003312,campaign_reward,532,2025-05-17 10:59:44,MOCK0002121
PT00000043,U004236,order_reward,457,2026-06-29 16:33:14,MOCK0004391
PT00000044,U001389,refund_deduct,-46,2025-01-27 18:01:20,MOCK0006339
PT00000045,U003114,redeem,-296,2025-09-01 11:07:18,MOCK0011828
PT00000046,U000802,redeem,-651,2026-08-02 05:31:11,MOCK0010810
PT00000047,U001554,redeem,-119,2026-05-13 02:06:26,MOCK0010748
PT00000048,U004581,refund_deduct,-572,2026-06-26 00:12:15,MOCK0004123
PT00000049,U001352,order_reward,231,2025-12-10 15:05:35,MOCK0007866
PT00000050,U002675,redeem,-381,2025-12-06 17:12:27,MOCK0008034
PT00000051,U004864,campaign_reward,492,2026-08-18 01:46:49,MOCK0009317
PT00000052,U002806,refund_deduct,-764,2025-03-11 12:55:37,MOCK0001596
PT00000053,U004943,order_reward,654,2026-06-20 10:48:56,MOCK0004543
PT00000054,U003973,order_reward,479,2025-07-22 09:04:51,MOCK0005531
PT00000055,U003240,campaign_reward,449,2025-01-12 06:12:18,MOCK0000218
PT00000056,U000273,order_reward,331,2025-03-28 06:32:58,MOCK0009863
PT00000057,U002322,order_reward,532,2025-09-30 18:22:12,MOCK0008513
PT00000058,U004559,redeem,-488,2025-11-30 10:52:24,MOCK0009290
PT00000059,U001741,order_reward,702,2025-01-21 09:48:57,MOCK0006121
PT00000060,U003185,expire,-369,2026-08-22 08:12:31,MOCK0003722
PT00000061,U001798,order_reward,62,2025-11-05 12:26:09,MOCK0006859
PT00000062,U001369,order_reward,755,2026-08-04 19:29:07,MOCK0008027
PT00000063,U001408,order_reward,7,2025-07-10 08:00:46,MOCK0010380
PT00000064,U002724,order_reward,182,2025-09-11 20:32:31,MOCK0006934
PT00000065,U000014,refund_deduct,-576,2025-03-13 03:54:45,MOCK0002343
PT00000066,U002051,order_reward,611,2025-11-27 05:33:58,MOCK0005517
PT00000067,U000335,refund_deduct,-732,2026-06-30 16:36:37,MOCK0009896
PT00000068,U000590,refund_deduct,-313,2026-02-20 16:08:47,MOCK0000323
PT00000069,U002363,refund_deduct,-511,2025-05-06 02:22:57,MOCK0003934
PT00000070,U004536,refund_deduct,-602,2026-05-04 08:38:37,MOCK0007211
PT00000071,U002600,order_reward,565,2025-10-16 03:53:08,MOCK0000208
PT00000072,U002519,refund_deduct,-264,2026-03-25 07:18:52,MOCK0011479
PT00000073,U002493,order_reward,756,2025-03-23 21:41:57,MOCK0011560
PT00000074,U004783,order_reward,527,2026-06-25 04:59:31,MOCK0003210
PT00000075,U002843,order_reward,237,2025-10-02 08:58:32,MOCK0011359
PT00000076,U002771,campaign_reward,334,2025-07-21 18:09:10,MOCK0003908
PT00000077,U004836,refund_deduct,-475,2025-12-18 04:33:41,MOCK0003680
PT00000078,U003323,campaign_reward,703,2026-07-06 05:02:00,MOCK0003266
PT00000079,U003516,expire,-222,2026-05-10 16:08:28,MOCK0008961
PT00000080,U004262,redeem,-29,2025-11-13 14:32:38,MOCK0000098
PT00000081,U000558,order_reward,384,2025-03-31 03:26:17,MOCK0009306
PT00000082,U003031,refund_deduct,-713,2025-11-21 00:44:19,MOCK0005756
PT00000083,U003131,campaign_reward,131,2026-04-21 02:31:41,MOCK0011855
PT00000084,U003462,order_reward,194,2026-06-07 17:48:18,MOCK0003777
PT00000085,U001736,refund_deduct,-574,2026-01-17 12:27:40,MOCK0007993
PT00000086,U002759,order_reward,88,2025-11-13 16:43:22,MOCK0008154
PT00000087,U001518,order_reward,452,2025-01-10 16:48:37,MOCK0010870
PT00000088,U001996,campaign_reward,389,2025-07-17 11:58:18,MOCK0008684
PT00000089,U003418,campaign_reward,558,2026-02-12 19:45:15,MOCK0004609
PT00000090,U002565,refund_deduct,-463,2025-01-29 07:32:44,MOCK0001078
PT00000091,U001131,order_reward,794,2026-07-11 01:08:04,MOCK0011157
PT00000092,U002470,order_reward,420,2026-05-03 16:24:31,MOCK0005444
PT00000093,U001610,order_reward,698,2025-02-11 03:32:13,MOCK0006616
PT00000094,U004701,order_reward,180,2025-08-06 11:50:13,MOCK0000691
PT00000095,U003027,order_reward,520,2025-12-08 23:43:45,MOCK0001570
PT00000096,U000536,campaign_reward,767,2025-08-30 04:58:08,MOCK0005446
PT00000097,U000424,campaign_reward,764,2025-07-18 16:22:58,MOCK0010443
PT00000098,U002235,order_reward,734,2025-03-17 22:36:53,MOCK0006674
PT00000099,U004070,campaign_reward,662,2026-04-03 19:19:10,MOCK0008637
PT00000100,U004770,expire,-219,2026-05-05 00:06:08,MOCK0002498
PT00000101,U002803,redeem,-386,2025-05-30 21:32:39,MOCK0005438
PT00000102,U002923,redeem,-159,2025-03-08 18:56:21,MOCK0007197
PT00000103,U003740,order_reward,98,2026-05-14 22:12:19,MOCK0002141
PT00000104,U003529,redeem,-240,2025-10-06 02:35:38,MOCK0001930
PT00000105,U004623,campaign_reward,341,2025-07-23 22:36:31,MOCK0003922
PT00000106,U004865,order_reward,101,2025-09-27 02:31:18,MOCK0004422
PT00000107,U000782,redeem,-194,2025-09-19 06:56:41,MOCK0005303
PT00000108,U002392,redeem,-275,2026-07-07 10:21:37,MOCK0004688
PT00000109,U003006,redeem,-112,2025-10-12 03:09:54,MOCK0009475
PT00000110,U004501,order_reward,693,2025-08-18 02:40:31,MOCK0002026
PT00000111,U001519,order_reward,251,2025-11-19 07:17:38,MOCK0009861
PT00000112,U000695,redeem,-748,2026-05-01 17:02:21,MOCK0003704
PT00000113,U004615,order_reward,611,2025-11-12 19:52:56,MOCK0007124
PT00000114,U004051,order_reward,101,2025-03-25 12:49:38,MOCK0004499
PT00000115,U004022,expire,-518,2025-07-21 03:00:45,MOCK0010000
PT00000116,U001722,order_reward,115,2026-02-22 19:14:40,MOCK0002409
PT00000117,U001830,order_reward,16,2025-12-17 17:43:05,MOCK0001095
PT00000118,U001392,redeem,-361,2025-08-16 16:09:27,MOCK0005789
PT00000119,U004236,order_reward,314,2026-02-09 05:20:36,MOCK0008269
PT00000120,U004366,redeem,-429,2025-01-14 06:59:26,MOCK0006360
PT00000121,U003100,redeem,-744,2025-05-19 01:55:17,MOCK0007052
PT00000122,U004252,redeem,-82,2026-07-30 22:55:38,MOCK0002859
PT00000123,U000337,redeem,-166,2026-05-24 22:37:06,MOCK0003462
PT00000124,U002976,campaign_reward,780,2025-06-16 02:16:21,MOCK0003972
PT00000125,U003435,order_reward,500,2025-05-17 12:09:17,MOCK0011250
PT00000126,U004304,order_reward,32,2025-11-14 05:18:55,MOCK0011880
PT00000127,U001792,order_reward,294,2026-01-06 09:24:38,MOCK0007090
PT00000128,U001563,campaign_reward,780,2025-04-12 00:41:17,MOCK0009569
PT00000129,U002891,order_reward,464,2026-03-10 07:13:45,MOCK0007911
PT00000130,U002559,redeem,-619,2025-11-12 03:56:14,MOCK0001376
PT00000131,U002606,campaign_reward,29,2025-12-07 23:06:40,MOCK0003154
PT00000132,U002719,order_reward,650,2026-02-24 17:21:58,MOCK0011034
PT00000133,U002245,redeem,-576,2025-03-24 21:36:13,MOCK0002514
PT00000134,U004766,redeem,-539,2026-06-26 00:55:15,MOCK0010688
PT00000135,U000667,order_reward,389,2025-09-26 14:52:38,MOCK0002688
PT00000136,U001186,campaign_reward,140,2025-09-18 07:53:57,MOCK0010611
PT00000137,U003624,redeem,-6,2025-10-03 12:54:12,MOCK0003486
PT00000138,U001099,order_reward,678,2026-04-03 10:29:53,MOCK0001362
PT00000139,U003284,campaign_reward,337,2026-02-09 15:25:19,MOCK0003751
PT00000140,U000757,order_reward,341,2025-10-04 14:30:46,MOCK0003600
PT00000141,U003503,campaign_reward,49,2026-01-02 20:43:21,MOCK0006124
PT00000142,U003415,campaign_reward,387,2025-03-10 14:36:33,MOCK0008068
PT00000143,U000905,order_reward,562,2025-05-07 13:52:06,MOCK0004617
PT00000144,U004592,order_reward,732,2025-08-26 09:16:48,MOCK0004581
PT00000145,U001951,order_reward,29,2025-01-08 14:18:16,MOCK0009339
PT00000146,U002644,campaign_reward,562,2025-11-27 14:04:20,MOCK0003357
PT00000147,U002825,refund_deduct,-693,2025-01-18 23:48:02,MOCK0004996
PT00000148,U000055,order_reward,610,2025-06-07 15:18:48,MOCK0001279
PT00000149,U000179,order_reward,453,2025-09-17 11:00:36,MOCK0010420
PT00000150,U003649,order_reward,378,2026-03-15 16:01:41,MOCK0007313
PT00000151,U004928,order_reward,506,2025-06-13 18:44:42,MOCK0005256
PT00000152,U004033,order_reward,297,2025-08-06 05:05:48,MOCK0011021
PT00000153,U003544,order_reward,500,2025-08-08 13:58:03,MOCK0000886
PT00000154,U003915,redeem,-58,2025-09-22 02:54:50,MOCK0000710
PT00000155,U001829,redeem,-712,2025-04-04 15:52:37,MOCK0002325
PT00000156,U000773,campaign_reward,595,2025-06-10 05:11:36,MOCK0002207
PT00000157,U003831,order_reward,143,2025-09-27 10:10:36,MOCK0003585
PT00000158,U001136,order_reward,371,2026-04-09 16:00:49,MOCK0009245
PT00000159,U001362,redeem,-723,2025-05-19 09:26:02,MOCK0005082
PT00000160,U000444,order_reward,109,2025-05-18 00:43:31,MOCK0004895
PT00000161,U003732,expire,-217,2025-06-20 05:15:06,MOCK0003747
PT00000162,U000644,refund_deduct,-439,2025-10-09 05:47:29,MOCK0003996
PT00000163,U001128,refund_deduct,-531,2026-03-28 17:31:14,MOCK0011873
PT00000164,U004377,campaign_reward,673,2026-07-22 07:02:08,MOCK0007253
PT00000165,U001074,redeem,-430,2025-11-08 01:04:29,MOCK0003637
PT00000166,U001176,redeem,-609,2025-05-12 01:07:34,MOCK0009629
PT00000167,U003033,campaign_reward,321,2026-03-07 12:16:16,MOCK0011290
PT00000168,U002250,campaign_reward,208,2025-11-27 10:17:22,MOCK0002473
PT00000169,U002521,campaign_reward,700,2026-01-20 15:39:06,MOCK0007659
PT00000170,U003616,order_reward,107,2025-05-23 12:29:03,MOCK0003980
PT00000171,U000078,order_reward,120,2025-02-22 14:17:26,MOCK0009434
PT00000172,U001574,order_reward,611,2025-02-24 16:36:57,MOCK0011714
PT00000173,U004068,redeem,-252,2026-07-11 14:18:37,MOCK0011551
PT00000174,U003781,order_reward,568,2025-08-13 11:53:25,MOCK0011496
PT00000175,U004782,order_reward,290,2025-09-14 23:41:18,MOCK0007622
PT00000176,U004800,order_reward,349,2025-09-14 16:24:35,MOCK0005868
PT00000177,U002108,redeem,-256,2026-06-17 22:29:16,MOCK0008787
PT00000178,U001188,redeem,-500,2026-03-31 19:16:24,MOCK0005253
PT00000179,U001246,expire,-388,2026-06-05 19:02:40,MOCK0008388
PT00000180,U004942,order_reward,521,2025-06-24 06:17:31,MOCK0001982
PT00000181,U001463,redeem,-356,2025-03-13 12:29:09,MOCK0006688
PT00000182,U003195,order_reward,148,2025-05-28 02:03:16,MOCK0008579
PT00000183,U003447,order_reward,568,2025-05-02 01:40:18,MOCK0007171
PT00000184,U004618,campaign_reward,691,2026-02-08 17:35:46,MOCK0006949
PT00000185,U004621,expire,-617,2025-01-25 04:34:04,MOCK0007210
PT00000186,U000929,order_reward,510,2026-02-27 02:33:03,MOCK0006322
PT00000187,U002981,campaign_reward,88,2026-01-05 05:51:00,MOCK0005545
PT00000188,U002575,expire,-603,2025-07-02 17:00:49,MOCK0007379
PT00000189,U001072,refund_deduct,-383,2025-10-16 19:26:03,MOCK0007357
PT00000190,U001540,order_reward,645,2025-12-13 18:57:56,MOCK0004711
PT00000191,U002384,order_reward,209,2025-11-24 15:05:36,MOCK0002448
PT00000192,U001185,redeem,-142,2025-10-25 12:45:50,MOCK0002856
PT00000193,U002141,order_reward,427,2025-07-28 20:13:55,MOCK0003594
PT00000194,U000992,expire,-678,2026-07-10 09:42:29,MOCK0001372
PT00000195,U002222,refund_deduct,-625,2026-04-11 12:39:28,MOCK0000988
PT00000196,U003617,refund_deduct,-487,2025-07-31 16:44:45,MOCK0004742
PT00000197,U001894,order_reward,767,2025-12-11 14:21:47,MOCK0008230
PT00000198,U004216,order_reward,468,2026-02-28 15:11:02,MOCK0000849
PT00000199,U003364,order_reward,61,2025-06-20 01:49:13,MOCK0001130
PT00000200,U001565,refund_deduct,-735,2025-12-04 03:46:26,MOCK0005973
PT00000201,U004771,campaign_reward,139,2026-07-29 11:55:55,MOCK0000459
PT00000202,U004457,campaign_reward,655,2025-02-16 11:47:19,MOCK0000452
PT00000203,U004722,refund_deduct,-100,2026-03-12 02:40:26,MOCK0005998
PT00000204,U000185,redeem,-712,2026-05-25 00:25:24,MOCK0003631
PT00000205,U004282,campaign_reward,573,2025-11-12 03:44:50,MOCK0004551
PT00000206,U001587,campaign_reward,221,2025-04-17 18:02:54,MOCK0003548
PT00000207,U002041,expire,-542,2025-12-31 18:56:38,MOCK0006173
PT00000208,U004493,order_reward,585,2025-10-03 21:55:24,MOCK0000233
PT00000209,U001930,order_reward,720,2026-02-21 05:59:24,MOCK0001273
PT00000210,U000231,campaign_reward,334,2026-06-22 16:03:41,MOCK0002244
PT00000211,U002022,campaign_reward,139,2026-04-20 04:35:34,MOCK0009781
PT00000212,U001316,redeem,-431,2025-01-01 05:51:59,MOCK0002492
PT00000213,U001354,redeem,-164,2026-03-25 01:31:17,MOCK0006420
PT00000214,U002007,order_reward,795,2025-11-20 04:07:26,MOCK0005876
PT00000215,U003847,campaign_reward,669,2026-08-08 18:58:19,MOCK0011841
PT00000216,U003121,order_reward,507,2026-01-23 15:57:57,MOCK0002836
PT00000217,U002395,refund_deduct,-100,2026-05-16 09:31:31,MOCK0006936
PT00000218,U002398,order_reward,154,2025-03-11 08:01:44,MOCK0001881
PT00000219,U001919,order_reward,732,2025-09-01 09:09:07,MOCK0007568
PT00000220,U001190,campaign_reward,289,2026-02-18 23:06:55,MOCK0006285
PT00000221,U004782,campaign_reward,541,2025-10-15 09:08:40,MOCK0002509
PT00000222,U003929,order_reward,194,2025-01-04 10:18:03,MOCK0003146
PT00000223,U001784,order_reward,493,2026-06-22 16:59:19,MOCK0010325
PT00000224,U002183,campaign_reward,411,2025-01-05 02:43:52,MOCK0003163
PT00000225,U002363,order_reward,41,2026-04-30 19:49:07,MOCK0001218
PT00000226,U003772,order_reward,455,2025-01-07 23:21:35,MOCK0008972
PT00000227,U001720,redeem,-174,2026-05-10 17:55:16,MOCK0001775
PT00000228,U001968,campaign_reward,169,2025-03-20 17:23:07,MOCK0007931
PT00000229,U001451,campaign_reward,198,2025-09-20 14:02:50,MOCK0005884
PT00000230,U004670,redeem,-288,2025-01-10 05:48:41,MOCK0001233
PT00000231,U002853,order_reward,513,2025-06-05 20:54:22,MOCK0003834
PT00000232,U001151,redeem,-260,2025-03-14 20:01:59,MOCK0000320
PT00000233,U001446,order_reward,656,2025-05-16 14:34:44,MOCK0008871
PT00000234,U004490,order_reward,413,2025-09-12 10:35:43,MOCK0011935
PT00000235,U001047,campaign_reward,767,2026-05-22 18:17:07,MOCK0002701
PT00000236,U002763,campaign_reward,520,2026-04-18 08:47:26,MOCK0007734
PT00000237,U000588,redeem,-266,2026-02-04 20:29:28,MOCK0000756
PT00000238,U003486,campaign_reward,317,2025-01-14 01:10:10,MOCK0002691
PT00000239,U003152,order_reward,197,2026-08-19 03:04:18,MOCK0001970
PT00000240,U002906,redeem,-670,2026-01-09 12:33:51,MOCK0009728
PT00000241,U000023,redeem,-425,2025-06-26 15:25:48,MOCK0007398
PT00000242,U004069,redeem,-283,2025-06-04 05:55:14,MOCK0000238
PT00000243,U001337,expire,-397,2025-10-10 16:40:04,MOCK0010935
PT00000244,U002027,expire,-775,2025-12-14 21:09:50,MOCK0009859
PT00000245,U001248,order_reward,143,2025-01-05 07:32:05,MOCK0000359
PT00000246,U004041,campaign_reward,689,2025-04-06 21:37:37,MOCK0006328
PT00000247,U000588,expire,-65,2025-05-12 13:52:09,MOCK0011546
PT00000248,U004667,order_reward,498,2026-05-11 08:12:40,MOCK0009683
PT00000249,U002383,campaign_reward,37,2025-06-03 00:07:29,MOCK0005726
PT00000250,U004855,order_reward,796,2026-03-20 21:46:19,MOCK0011163
PT00000251,U001482,order_reward,82,2026-03-10 07:24:14,MOCK0010233
PT00000252,U003758,order_reward,622,2026-03-19 10:06:03,MOCK0005026
PT00000253,U001960,campaign_reward,328,2026-02-01 23:45:39,MOCK0004568
PT00000254,U002467,redeem,-39,2025-10-09 01:52:09,MOCK0005150
PT00000255,U002801,order_reward,623,2025-10-19 12:58:17,MOCK0009023
PT00000256,U002937,order_reward,332,2025-07-26 03:09:24,MOCK0009354
PT00000257,U000031,order_reward,279,2026-02-01 08:34:54,MOCK0005305
PT00000258,U003866,order_reward,503,2025-11-10 03:19:45,MOCK0006084
PT00000259,U003639,order_reward,721,2025-02-04 06:39:15,MOCK0002938
PT00000260,U002135,redeem,-54,2025-03-17 02:02:27,MOCK0002700
PT00000261,U004829,order_reward,579,2025-09-16 20:18:22,MOCK0008109
PT00000262,U003133,refund_deduct,-197,2026-01-19 14:11:38,MOCK0007760
PT00000263,U003080,order_reward,536,2026-03-23 10:14:50,MOCK0007977
PT00000264,U004613,expire,-508,2025-07-16 19:41:21,MOCK0001594
PT00000265,U001626,refund_deduct,-796,2026-08-12 19:59:01,MOCK0001982
PT00000266,U001189,order_reward,694,2026-08-15 14:36:54,MOCK0011375
PT00000267,U000703,order_reward,154,2025-06-04 12:23:04,MOCK0002977
PT00000268,U003930,order_reward,137,2026-07-16 05:47:08,MOCK0010455
PT00000269,U004500,order_reward,429,2026-03-25 07:55:27,MOCK0000651
PT00000270,U001795,refund_deduct,-620,2026-06-14 19:21:34,MOCK0011556
PT00000271,U003171,order_reward,693,2025-06-21 05:07:16,MOCK0006628
PT00000272,U000867,redeem,-513,2026-04-16 02:53:55,MOCK0009351
PT00000273,U002338,campaign_reward,584,2026-05-17 09:29:14,MOCK0000849
PT00000274,U001519,redeem,-728,2026-06-10 18:40:25,MOCK0005434
PT00000275,U003087,redeem,-261,2026-08-10 00:00:31,MOCK0005501
PT00000276,U002769,order_reward,488,2025-04-12 03:12:29,MOCK0011349
PT00000277,U002280,redeem,-665,2025-09-21 18:54:04,MOCK0003823
PT00000278,U002052,order_reward,156,2025-11-09 10:24:16,MOCK0006598
PT00000279,U003048,order_reward,369,2025-07-25 18:57:12,MOCK0008371
PT00000280,U001421,redeem,-742,2025-10-25 14:02:49,MOCK0001001
PT00000281,U004199,order_reward,695,2025-02-20 18:19:42,MOCK0008439
PT00000282,U003860,order_reward,487,2026-08-06 17:36:07,MOCK0000883
PT00000283,U003272,order_reward,339,2025-09-11 17:30:17,MOCK0000371
PT00000284,U001509,campaign_reward,20,2026-01-24 21:24:13,MOCK0009836
PT00000285,U001117,refund_deduct,-43,2025-07-06 05:48:15,MOCK0009277
PT00000286,U003575,refund_deduct,-750,2025-03-09 15:20:33,MOCK0011891
PT00000287,U002320,redeem,-153,2025-04-30 06:04:17,MOCK0008699
PT00000288,U004610,expire,-551,2025-03-13 15:27:11,MOCK0010567
PT00000289,U003208,order_reward,468,2025-01-30 00:29:35,MOCK0000286
PT00000290,U003811,campaign_reward,401,2025-03-01 03:35:41,MOCK0006070
PT00000291,U002714,refund_deduct,-265,2026-06-28 01:35:17,MOCK0009199
PT00000292,U004488,order_reward,53,2025-03-30 07:09:35,MOCK0008999
PT00000293,U004214,redeem,-332,2025-08-30 22:40:51,MOCK0004638
PT00000294,U004581,campaign_reward,183,2026-03-13 11:34:32,MOCK0004030
PT00000295,U000184,order_reward,548,2025-08-05 02:10:51,MOCK0003820
PT00000296,U004915,redeem,-393,2025-10-18 19:03:52,MOCK0001437
PT00000297,U004221,redeem,-797,2025-09-19 18:31:36,MOCK0009447
PT00000298,U004735,order_reward,31,2025-07-01 03:36:19,MOCK0008834
PT00000299,U004824,refund_deduct,-46,2025-09-24 23:05:36,MOCK0002692
PT00000300,U004850,order_reward,563,2026-02-19 18:58:38,MOCK0008160
PT00000301,U003634,order_reward,430,2025-01-09 11:42:23,MOCK0007688
PT00000302,U003111,expire,-694,2026-04-07 08:53:53,MOCK0002934
PT00000303,U002991,order_reward,186,2026-01-08 15:18:11,MOCK0006639
PT00000304,U004369,campaign_reward,117,2025-01-29 00:34:41,MOCK0005312
PT00000305,U003130,order_reward,35,2026-06-11 17:04:11,MOCK0006035
PT00000306,U001675,redeem,-186,2025-06-03 03:00:17,MOCK0004341
PT00000307,U000385,campaign_reward,495,2025-08-13 21:08:19,MOCK0009896
PT00000308,U003639,redeem,-483,2026-02-16 22:37:25,MOCK0001239
PT00000309,U001631,order_reward,758,2025-08-25 01:44:55,MOCK0003533
PT00000310,U002810,campaign_reward,136,2026-06-20 04:29:19,MOCK0006171
PT00000311,U002443,expire,-662,2026-02-03 23:02:10,MOCK0010578
PT00000312,U000182,order_reward,180,2025-09-29 19:41:20,MOCK0005894
PT00000313,U002255,order_reward,491,2025-11-24 04:05:27,MOCK0008886
PT00000314,U001798,order_reward,132,2025-04-16 07:33:06,MOCK0000186
PT00000315,U003990,order_reward,689,2026-02-12 16:40:46,MOCK0011465
PT00000316,U004422,refund_deduct,-702,2025-01-06 17:39:20,MOCK0002228
PT00000317,U001424,expire,-46,2025-02-18 22:16:31,MOCK0008059
PT00000318,U002445,order_reward,560,2025-07-15 21:03:04,MOCK0008469
PT00000319,U001717,order_reward,496,2026-03-16 10:44:27,MOCK0011089
PT00000320,U002422,campaign_reward,358,2025-02-24 19:43:39,MOCK0001013
PT00000321,U002309,order_reward,13,2025-10-09 10:19:12,MOCK0004732
PT00000322,U004498,order_reward,461,2025-12-07 14:54:19,MOCK0007712
PT00000323,U003617,redeem,-590,2025-01-26 11:17:19,MOCK0007067
PT00000324,U003079,redeem,-16,2026-01-26 16:47:29,MOCK0011159
PT00000325,U001615,refund_deduct,-260,2026-03-08 06:13:54,MOCK0007615
PT00000326,U004068,order_reward,439,2026-02-21 18:17:41,MOCK0010898
PT00000327,U003958,order_reward,457,2025-08-12 07:32:43,MOCK0001424
PT00000328,U002352,expire,-755,2025-06-25 16:36:43,MOCK0009914
PT00000329,U004924,order_reward,775,2025-09-25 21:48:25,MOCK0008268
PT00000330,U001547,order_reward,524,2025-09-15 08:24:14,MOCK0008499
PT00000331,U003627,redeem,-93,2026-05-15 02:02:37,MOCK0002124
PT00000332,U004078,order_reward,79,2025-10-22 14:51:38,MOCK0000261
PT00000333,U001415,order_reward,707,2026-02-08 22:48:59,MOCK0009221
PT00000334,U002839,expire,-640,2025-03-28 10:45:36,MOCK0006721
PT00000335,U000437,campaign_reward,314,2025-10-03 09:49:35,MOCK0005697
PT00000336,U000633,order_reward,714,2025-03-30 16:49:15,MOCK0000841
PT00000337,U000866,order_reward,152,2025-08-01 10:55:01,MOCK0006241
PT00000338,U001919,redeem,-329,2026-05-28 04:20:40,MOCK0003258
PT00000339,U002122,order_reward,378,2026-07-31 03:40:25,MOCK0000400
PT00000340,U000899,order_reward,800,2025-02-09 20:54:31,MOCK0006792
PT00000341,U003913,order_reward,694,2026-08-12 18:15:47,MOCK0004952
PT00000342,U003096,order_reward,174,2025-09-25 18:40:19,MOCK0005000
PT00000343,U002999,order_reward,288,2025-05-10 19:23:05,MOCK0009467
PT00000344,U004670,expire,-786,2025-03-26 14:19:12,MOCK0011981
PT00000345,U002864,expire,-605,2026-08-07 23:25:46,MOCK0005998
PT00000346,U002885,order_reward,369,2025-07-25 14:04:19,MOCK0009991
PT00000347,U004281,refund_deduct,-204,2025-09-14 21:33:07,MOCK0005037
PT00000348,U002978,campaign_reward,269,2026-06-04 07:56:40,MOCK0000344
PT00000349,U001412,order_reward,60,2025-04-23 21:16:57,MOCK0000654
PT00000350,U002346,refund_deduct,-437,2025-02-21 13:23:15,MOCK0011749
PT00000351,U003502,campaign_reward,628,2025-06-27 07:41:20,MOCK0006046
PT00000352,U002986,campaign_reward,434,2025-12-15 13:56:56,MOCK0003585
PT00000353,U001773,campaign_reward,322,2026-02-14 22:59:02,MOCK0002278
PT00000354,U004104,order_reward,560,2025-08-30 16:39:03,MOCK0009425
PT00000355,U003214,order_reward,380,2025-06-22 10:45:22,MOCK0003025
PT00000356,U000515,order_reward,514,2025-05-02 06:10:48,MOCK0007947
PT00000357,U002346,redeem,-668,2026-01-11 22:44:00,MOCK0005611
PT00000358,U004436,order_reward,708,2026-05-11 10:25:55,MOCK0011523
PT00000359,U003749,refund_deduct,-79,2026-02-12 12:01:44,MOCK0000028
PT00000360,U001323,expire,-327,2025-02-24 23:01:31,MOCK0005314
PT00000361,U001366,campaign_reward,19,2025-10-07 23:11:28,MOCK0004057
PT00000362,U002321,order_reward,549,2026-08-07 04:57:01,MOCK0009667
PT00000363,U000501,order_reward,50,2026-06-10 02:20:10,MOCK0009539
PT00000364,U004913,order_reward,671,2026-05-29 14:02:21,MOCK0001440
PT00000365,U003179,order_reward,547,2025-01-09 05:24:30,MOCK0003885
PT00000366,U002526,campaign_reward,378,2025-05-07 23:39:10,MOCK0009221
PT00000367,U001733,order_reward,733,2025-08-10 01:06:09,MOCK0008000
PT00000368,U001571,order_reward,773,2026-04-11 00:21:19,MOCK0001539
PT00000369,U003597,order_reward,729,2025-05-30 13:44:37,MOCK0010964
PT00000370,U001891,campaign_reward,406,2025-09-27 17:03:54,MOCK0004147
PT00000371,U004896,order_reward,495,2026-08-14 23:19:41,MOCK0010523
PT00000372,U003622,order_reward,554,2025-02-17 04:37:24,MOCK0011100
PT00000373,U001078,refund_deduct,-351,2025-06-14 23:12:00,MOCK0001623
PT00000374,U000187,order_reward,465,2026-08-22 21:42:34,MOCK0005668
PT00000375,U000468,order_reward,278,2025-07-23 20:45:30,MOCK0006358
PT00000376,U001841,refund_deduct,-422,2025-02-03 07:24:30,MOCK0000951
PT00000377,U001535,redeem,-673,2025-07-16 17:35:31,MOCK0009097
PT00000378,U004584,campaign_reward,739,2025-09-09 14:16:58,MOCK0002885
PT00000379,U001873,order_reward,20,2026-04-16 16:53:28,MOCK0003568
PT00000380,U003988,order_reward,276,2025-12-28 23:43:26,MOCK0002744
PT00000381,U002194,campaign_reward,327,2025-03-10 15:48:27,MOCK0001835
PT00000382,U001660,campaign_reward,746,2025-03-30 21:51:47,MOCK0006218
PT00000383,U002645,order_reward,597,2025-04-25 01:05:41,MOCK0004712
PT00000384,U003185,order_reward,258,2026-01-13 04:57:32,MOCK0007582
PT00000385,U001942,campaign_reward,383,2025-08-07 12:19:04,MOCK0009063
PT00000386,U003923,order_reward,181,2025-04-23 05:42:45,MOCK0003420
PT00000387,U000711,campaign_reward,348,2025-07-08 03:10:35,MOCK0006157
PT00000388,U000760,order_reward,785,2025-12-04 01:32:06,MOCK0004036
PT00000389,U003792,order_reward,247,2025-11-15 05:13:50,MOCK0002995
PT00000390,U004000,campaign_reward,401,2026-02-16 05:26:24,MOCK0009309
PT00000391,U002763,campaign_reward,162,2026-04-24 08:41:17,MOCK0011853
PT00000392,U004107,campaign_reward,349,2026-08-20 22:38:02,MOCK0011898
PT00000393,U003809,campaign_reward,356,2025-11-10 15:08:00,MOCK0003724
PT00000394,U000300,order_reward,25,2025-08-11 16:15:28,MOCK0000949
PT00000395,U000765,order_reward,396,2026-04-29 06:21:23,MOCK0002083
PT00000396,U001165,expire,-699,2025-09-08 06:53:52,MOCK0002879
PT00000397,U004051,redeem,-609,2026-03-06 14:36:24,MOCK0010214
PT00000398,U000819,order_reward,153,2026-04-22 14:12:43,MOCK0005920
PT00000399,U002213,order_reward,705,2025-01-10 18:34:26,MOCK0010526
PT00000400,U002101,order_reward,318,2025-08-26 07:48:55,MOCK0005232
PT00000401,U003126,redeem,-263,2026-02-03 13:47:17,MOCK0004310
PT00000402,U000765,campaign_reward,325,2025-08-14 09:34:08,MOCK0004017
PT00000403,U003336,redeem,-637,2025-03-23 17:49:17,MOCK0003997
PT00000404,U000601,campaign_reward,399,2025-12-30 13:47:06,MOCK0008202
PT00000405,U004223,order_reward,348,2025-08-02 12:41:43,MOCK0003001
PT00000406,U002313,redeem,-319,2025-05-22 17:55:18,MOCK0008043
PT00000407,U002620,order_reward,140,2025-11-19 16:22:23,MOCK0009125
PT00000408,U002422,campaign_reward,340,2026-02-15 04:07:53,MOCK0002526
PT00000409,U004711,expire,-462,2025-01-20 00:58:53,MOCK0010436
PT00000410,U004675,refund_deduct,-578,2025-12-07 08:00:29,MOCK0003203
PT00000411,U001791,redeem,-64,2025-01-14 16:32:54,MOCK0004187
PT00000412,U001408,refund_deduct,-336,2025-02-17 01:06:23,MOCK0007309
PT00000413,U002193,order_reward,204,2025-01-17 19:45:14,MOCK0009246
PT00000414,U000343,redeem,-631,2025-09-20 10:05:14,MOCK0009507
PT00000415,U002335,order_reward,484,2026-02-10 20:47:23,MOCK0008111
PT00000416,U000015,redeem,-598,2025-11-12 10:39:55,MOCK0000853
PT00000417,U004350,order_reward,314,2026-01-25 21:29:41,MOCK0006356
PT00000418,U002444,redeem,-351,2025-11-14 22:30:16,MOCK0010669
PT00000419,U001391,order_reward,262,2026-04-09 05:04:03,MOCK0009631
PT00000420,U001983,redeem,-14,2025-07-16 22:54:29,MOCK0001363
PT00000421,U001202,order_reward,211,2025-04-11 19:27:17,MOCK0006941
PT00000422,U000475,order_reward,212,2025-06-18 18:52:31,MOCK0009418
PT00000423,U004330,expire,-294,2025-10-04 22:53:48,MOCK0003412
PT00000424,U002053,campaign_reward,321,2025-11-09 13:29:33,MOCK0007662
PT00000425,U002024,order_reward,770,2026-05-21 08:34:17,MOCK0006642
PT00000426,U004222,order_reward,746,2026-05-05 14:52:10,MOCK0005596
PT00000427,U003431,redeem,-779,2026-05-11 01:11:05,MOCK0001538
PT00000428,U002488,redeem,-776,2026-05-28 08:47:11,MOCK0011495
PT00000429,U002463,redeem,-30,2026-08-06 01:26:39,MOCK0000177
PT00000430,U001365,campaign_reward,171,2025-08-09 16:50:47,MOCK0000999
PT00000431,U000202,order_reward,441,2025-03-30 14:30:52,MOCK0011055
PT00000432,U000566,redeem,-687,2026-06-20 22:06:27,MOCK0010766
PT00000433,U004302,refund_deduct,-288,2025-10-12 10:47:40,MOCK0004384
PT00000434,U004725,order_reward,95,2025-02-14 20:15:59,MOCK0002719
PT00000435,U002001,order_reward,369,2026-05-07 00:35:34,MOCK0002981
PT00000436,U002114,redeem,-113,2025-05-05 12:48:17,MOCK0003148
PT00000437,U001484,order_reward,437,2025-10-06 22:47:15,MOCK0009299
PT00000438,U001186,expire,-265,2025-04-10 00:05:06,MOCK0010075
PT00000439,U000577,redeem,-7,2025-08-04 16:27:22,MOCK0004540
PT00000440,U001507,order_reward,589,2025-07-13 10:50:52,MOCK0007893
PT00000441,U000982,redeem,-583,2025-03-13 20:30:38,MOCK0001957
PT00000442,U000314,order_reward,546,2026-08-07 15:23:59,MOCK0000458
PT00000443,U002877,expire,-149,2025-02-19 23:25:11,MOCK0008100
PT00000444,U003269,refund_deduct,-351,2025-03-19 07:03:09,MOCK0000227
PT00000445,U000454,order_reward,501,2025-11-21 13:26:17,MOCK0010822
PT00000446,U000154,expire,-744,2026-03-20 20:27:29,MOCK0009326
PT00000447,U001722,order_reward,756,2025-12-22 11:15:26,MOCK0000808
PT00000448,U003142,redeem,-120,2025-04-23 13:57:14,MOCK0006622
PT00000449,U002387,order_reward,785,2026-04-15 20:23:04,MOCK0001041
PT00000450,U000455,order_reward,111,2026-01-21 04:48:06,MOCK0002836
PT00000451,U001649,campaign_reward,191,2026-05-21 19:21:23,MOCK0005617
PT00000452,U003582,order_reward,592,2026-02-17 11:22:04,MOCK0004088
PT00000453,U002440,redeem,-33,2025-12-22 21:24:45,MOCK0003941
PT00000454,U002504,order_reward,645,2025-05-31 17:35:26,MOCK0006780
PT00000455,U002164,order_reward,233,2026-06-14 11:49:16,MOCK0003296
PT00000456,U000891,expire,-702,2025-11-01 20:09:01,MOCK0004384
PT00000457,U003604,order_reward,437,2025-04-09 21:58:01,MOCK0005763
PT00000458,U002217,refund_deduct,-157,2026-01-10 09:29:58,MOCK0007554
PT00000459,U004079,redeem,-407,2025-02-14 23:02:00,MOCK0000315
PT00000460,U004896,redeem,-181,2026-05-28 11:51:20,MOCK0001924
PT00000461,U000519,order_reward,32,2025-03-11 11:05:55,MOCK0005674
PT00000462,U004059,order_reward,718,2025-04-04 15:10:05,MOCK0001143
PT00000463,U002174,redeem,-76,2025-06-17 19:08:30,MOCK0004942
PT00000464,U000292,campaign_reward,7,2026-04-08 00:23:08,MOCK0002886
PT00000465,U002486,campaign_reward,603,2025-11-16 22:52:10,MOCK0000735
PT00000466,U003617,order_reward,349,2025-01-30 18:34:13,MOCK0006401
PT00000467,U004267,redeem,-771,2026-02-23 09:38:05,MOCK0001840
PT00000468,U000724,expire,-190,2026-06-30 14:24:40,MOCK0001637
PT00000469,U004625,order_reward,306,2026-05-02 20:20:27,MOCK0002769
PT00000470,U003641,redeem,-205,2026-01-20 15:38:34,MOCK0003586
PT00000471,U002881,order_reward,749,2025-01-18 18:10:13,MOCK0003560
PT00000472,U004298,redeem,-328,2025-08-21 17:59:33,MOCK0001132
PT00000473,U004595,redeem,-712,2026-03-20 18:04:37,MOCK0009105
PT00000474,U003857,order_reward,463,2025-10-16 19:59:22,MOCK0003245
PT00000475,U000968,order_reward,36,2025-09-12 21:38:24,MOCK0007299
PT00000476,U002552,order_reward,649,2025-03-08 23:40:53,MOCK0006450
PT00000477,U000704,redeem,-503,2026-01-22 08:29:25,MOCK0011071
PT00000478,U001393,campaign_reward,704,2025-01-11 08:43:21,MOCK0005736
PT00000479,U002324,redeem,-500,2026-06-19 17:26:00,MOCK0001461
PT00000480,U003025,order_reward,505,2025-02-09 22:37:49,MOCK0011717
PT00000481,U002919,redeem,-513,2025-07-30 10:56:55,MOCK0008476
PT00000482,U002007,order_reward,57,2026-05-20 20:20:18,MOCK0002361
PT00000483,U001441,order_reward,294,2026-04-22 13:18:01,MOCK0002009
PT00000484,U000514,expire,-318,2026-04-08 19:24:03,MOCK0007017
PT00000485,U002200,refund_deduct,-734,2025-01-31 09:19:15,MOCK0011379
PT00000486,U001736,order_reward,490,2025-05-09 16:28:18,MOCK0009821
PT00000487,U003804,refund_deduct,-542,2026-05-12 04:22:14,MOCK0008206
PT00000488,U004307,order_reward,721,2025-09-24 05:49:46,MOCK0004548
PT00000489,U003767,redeem,-287,2026-07-15 17:10:34,MOCK0008448
PT00000490,U004206,order_reward,68,2025-09-16 19:44:02,MOCK0009172
PT00000491,U001489,order_reward,633,2025-05-22 06:09:13,MOCK0001457
PT00000492,U000712,redeem,-376,2026-04-01 19:36:33,MOCK0006225
PT00000493,U000285,redeem,-645,2025-04-24 10:35:56,MOCK0000533
PT00000494,U004213,order_reward,286,2026-07-26 23:47:23,MOCK0002272
PT00000495,U003080,expire,-543,2026-03-16 12:01:47,MOCK0006448
PT00000496,U002202,redeem,-749,2025-02-17 23:47:58,MOCK0001556
PT00000497,U000231,order_reward,181,2025-02-21 20:43:44,MOCK0008134
PT00000498,U001651,order_reward,192,2026-04-15 02:11:57,MOCK0000259
PT00000499,U002583,redeem,-68,2025-10-29 10:12:13,MOCK0003016
PT00000500,U003595,expire,-39,2026-07-29 13:57:48,MOCK0004076
PT00000501,U003806,campaign_reward,590,2026-05-07 13:30:50,MOCK0010179
PT00000502,U003590,order_reward,686,2025-02-03 09:01:55,MOCK0009329
PT00000503,U004372,campaign_reward,355,2025-07-09 08:53:16,MOCK0008328
PT00000504,U003426,order_reward,203,2026-03-07 08:39:52,MOCK0007490
PT00000505,U000208,redeem,-524,2025-09-30 04:14:45,MOCK0007140
PT00000506,U000070,order_reward,444,2025-04-23 04:19:08,MOCK0009834
PT00000507,U001420,order_reward,93,2025-02-01 07:17:15,MOCK0003226
PT00000508,U003871,order_reward,392,2025-11-30 20:32:43,MOCK0006239
PT00000509,U000602,order_reward,10,2026-03-30 00:21:39,MOCK0002815
PT00000510,U000768,order_reward,751,2025-05-26 11:01:37,MOCK0003235
PT00000511,U003977,refund_deduct,-698,2026-03-07 13:50:23,MOCK0001747
PT00000512,U000066,order_reward,477,2025-12-26 19:53:37,MOCK0011905
PT00000513,U002615,refund_deduct,-193,2026-07-05 03:05:19,MOCK0004896
PT00000514,U004354,order_reward,676,2026-07-05 21:59:12,MOCK0003065
PT00000515,U001822,order_reward,372,2026-04-08 15:34:10,MOCK0003712
PT00000516,U001122,refund_deduct,-290,2025-05-24 19:56:12,MOCK0001374
PT00000517,U004208,campaign_reward,308,2026-01-18 17:33:38,MOCK0003286
PT00000518,U002359,order_reward,739,2025-10-19 13:09:20,MOCK0009779
PT00000519,U002236,campaign_reward,539,2026-06-15 01:20:55,MOCK0010700
PT00000520,U000807,redeem,-367,2025-12-07 12:39:17,MOCK0005675
PT00000521,U003038,redeem,-470,2025-05-08 06:40:43,MOCK0010768
PT00000522,U001917,campaign_reward,445,2026-08-02 19:35:23,MOCK0010088
PT00000523,U004141,order_reward,715,2025-11-08 18:22:18,MOCK0011622
PT00000524,U000238,order_reward,253,2026-07-23 05:39:48,MOCK0009835
PT00000525,U004966,order_reward,564,2026-04-12 22:38:59,MOCK0011033
PT00000526,U000315,order_reward,767,2026-04-23 20:04:19,MOCK0002578
PT00000527,U002005,order_reward,546,2025-07-12 21:26:33,MOCK0005544
PT00000528,U001837,redeem,-33,2025-08-04 21:43:21,MOCK0005279
PT00000529,U003346,order_reward,587,2026-05-07 20:08:17,MOCK0002134
PT00000530,U002150,redeem,-751,2025-06-17 04:36:53,MOCK0004178
PT00000531,U000380,order_reward,287,2025-10-23 04:53:02,MOCK0010111
PT00000532,U000974,refund_deduct,-260,2026-07-24 09:35:35,MOCK0004622
PT00000533,U004798,campaign_reward,597,2026-04-26 03:43:53,MOCK0000236
PT00000534,U003087,refund_deduct,-286,2025-12-22 15:32:03,MOCK0007618
PT00000535,U003935,campaign_reward,309,2025-08-28 02:45:21,MOCK0003461
PT00000536,U000559,order_reward,625,2025-08-23 01:16:32,MOCK0007501
PT00000537,U004429,order_reward,688,2025-12-25 18:59:18,MOCK0006805
PT00000538,U002918,redeem,-499,2026-07-08 18:14:47,MOCK0007586
PT00000539,U003611,refund_deduct,-698,2025-01-31 19:57:10,MOCK0006276
PT00000540,U001654,redeem,-618,2025-07-10 19:26:53,MOCK0005477
PT00000541,U002566,order_reward,738,2026-08-20 09:15:54,MOCK0006007
PT00000542,U000362,order_reward,11,2025-07-30 14:31:12,MOCK0011383
PT00000543,U002835,expire,-441,2026-07-31 16:50:37,MOCK0001737
PT00000544,U000616,order_reward,688,2025-01-03 03:01:50,MOCK0004883
PT00000545,U004543,refund_deduct,-497,2026-02-06 05:35:13,MOCK0001351
PT00000546,U000883,redeem,-171,2025-03-26 23:21:59,MOCK0004114
PT00000547,U002566,refund_deduct,-202,2025-06-12 23:36:45,MOCK0008418
PT00000548,U001924,order_reward,154,2026-04-11 12:50:00,MOCK0002870
PT00000549,U002151,order_reward,118,2026-08-14 17:11:25,MOCK0000031
PT00000550,U001752,order_reward,515,2025-07-11 07:59:23,MOCK0004314
PT00000551,U003912,refund_deduct,-329,2026-05-29 07:52:09,MOCK0000017
PT00000552,U002152,order_reward,591,2025-12-29 17:07:44,MOCK0003938
PT00000553,U004347,order_reward,269,2025-10-27 22:47:26,MOCK0011270
PT00000554,U004542,redeem,-142,2025-06-20 04:15:32,MOCK0009646
PT00000555,U002182,order_reward,731,2025-07-11 09:59:59,MOCK0006573
PT00000556,U003871,redeem,-351,2025-01-04 05:14:27,MOCK0001684
PT00000557,U002275,campaign_reward,750,2026-08-12 06:06:10,MOCK0005383
PT00000558,U000830,order_reward,641,2026-01-08 23:03:44,MOCK0002020
PT00000559,U001747,campaign_reward,659,2026-02-13 18:26:57,MOCK0001529
PT00000560,U000354,order_reward,676,2025-04-24 00:34:54,MOCK0001092
PT00000561,U002440,order_reward,612,2026-05-31 02:36:04,MOCK0003277
PT00000562,U000560,order_reward,460,2026-08-16 07:55:55,MOCK0004426
PT00000563,U002183,campaign_reward,630,2026-03-07 09:32:19,MOCK0000146
PT00000564,U004057,redeem,-469,2026-05-13 08:20:30,MOCK0008930
PT00000565,U000851,order_reward,728,2025-10-27 04:49:58,MOCK0006967
PT00000566,U004768,refund_deduct,-68,2025-05-20 06:41:59,MOCK0004851
PT00000567,U001955,campaign_reward,798,2026-08-18 17:02:08,MOCK0007604
PT00000568,U001754,refund_deduct,-575,2025-06-18 19:55:40,MOCK0007558
PT00000569,U001190,order_reward,302,2025-03-15 06:46:55,MOCK0009283
PT00000570,U001367,campaign_reward,529,2025-04-13 00:45:05,MOCK0011930
PT00000571,U003953,order_reward,430,2025-11-25 13:11:57,MOCK0007905
PT00000572,U001692,campaign_reward,729,2025-09-26 05:20:21,MOCK0007597
PT00000573,U000577,order_reward,384,2025-02-22 23:00:21,MOCK0006517
PT00000574,U001876,expire,-406,2025-09-25 07:38:44,MOCK0011665
PT00000575,U000393,order_reward,509,2026-01-06 11:13:53,MOCK0003426
PT00000576,U002007,redeem,-149,2025-01-16 16:16:44,MOCK0000780
PT00000577,U003214,expire,-118,2026-08-20 20:40:50,MOCK0005300
PT00000578,U004351,expire,-792,2025-09-28 20:12:46,MOCK0008199
PT00000579,U000360,expire,-712,2026-05-19 13:53:17,MOCK0007907
PT00000580,U003134,order_reward,732,2026-05-13 03:09:01,MOCK0000416
PT00000581,U004956,order_reward,22,2025-03-21 16:31:55,MOCK0003012
PT00000582,U002248,campaign_reward,210,2026-01-01 00:49:01,MOCK0001774
PT00000583,U001575,order_reward,390,2025-03-09 21:48:47,MOCK0000353
PT00000584,U003627,campaign_reward,414,2025-07-16 17:43:11,MOCK0011253
PT00000585,U003128,order_reward,535,2026-02-27 05:38:30,MOCK0010881
PT00000586,U001580,campaign_reward,620,2025-11-01 18:20:10,MOCK0009230
PT00000587,U003539,order_reward,386,2026-02-20 00:26:18,MOCK0006563
PT00000588,U001934,order_reward,325,2025-06-26 01:11:07,MOCK0008731
PT00000589,U003554,order_reward,9,2025-12-12 22:31:44,MOCK0005884
PT00000590,U004691,order_reward,404,2026-04-27 22:12:17,MOCK0008386
PT00000591,U004838,order_reward,416,2026-07-24 15:09:52,MOCK0001080
PT00000592,U001243,campaign_reward,594,2026-02-14 14:45:42,MOCK0005216
PT00000593,U003551,redeem,-760,2025-08-07 19:45:37,MOCK0007171
PT00000594,U003169,redeem,-630,2026-05-21 03:38:43,MOCK0000221
PT00000595,U004897,order_reward,126,2025-10-15 15:23:44,MOCK0010474
PT00000596,U000427,refund_deduct,-606,2026-04-02 14:10:21,MOCK0010332
PT00000597,U000481,order_reward,566,2026-02-13 20:33:39,MOCK0003002
PT00000598,U001687,campaign_reward,147,2026-01-27 12:05:09,MOCK0002422
PT00000599,U000287,campaign_reward,655,2025-09-03 01:25:59,MOCK0006859
PT00000600,U003942,expire,-446,2025-04-17 12:47:35,MOCK0000345
PT00000601,U002454,redeem,-264,2025-07-09 00:55:23,MOCK0011692
PT00000602,U004853,refund_deduct,-551,2025-07-04 10:14:33,MOCK0008561
PT00000603,U001589,order_reward,443,2026-04-07 01:08:25,MOCK0000345
PT00000604,U003587,order_reward,429,2025-07-04 14:01:37,MOCK0009933
PT00000605,U002192,campaign_reward,206,2026-01-13 09:58:38,MOCK0001760
PT00000606,U004004,refund_deduct,-77,2025-03-01 16:29:56,MOCK0010598
PT00000607,U001215,refund_deduct,-201,2025-05-19 04:11:13,MOCK0010145
PT00000608,U003919,order_reward,798,2025-04-20 06:39:58,MOCK0003780
PT00000609,U001815,redeem,-214,2026-05-02 10:40:34,MOCK0011684
PT00000610,U001122,refund_deduct,-517,2025-07-14 09:43:25,MOCK0006635
PT00000611,U003539,refund_deduct,-739,2025-06-10 16:34:10,MOCK0007847
PT00000612,U003270,order_reward,597,2026-03-19 17:45:11,MOCK0002530
PT00000613,U003590,campaign_reward,486,2025-04-01 01:28:12,MOCK0005868
PT00000614,U000185,order_reward,243,2026-07-23 11:37:46,MOCK0010618
PT00000615,U004080,order_reward,375,2025-07-24 23:19:46,MOCK0009982
PT00000616,U001519,redeem,-352,2025-02-07 01:48:29,MOCK0009485
PT00000617,U002303,order_reward,124,2026-06-15 23:51:20,MOCK0003485
PT00000618,U003402,redeem,-788,2025-02-24 00:29:38,MOCK0007062
PT00000619,U001055,campaign_reward,223,2025-05-28 16:59:04,MOCK0005749
PT00000620,U002481,campaign_reward,800,2026-04-04 01:27:42,MOCK0009604
PT00000621,U001276,order_reward,710,2026-05-08 00:34:40,MOCK0003926
PT00000622,U001267,order_reward,344,2026-04-02 20:56:22,MOCK0004978
PT00000623,U002355,order_reward,112,2025-05-12 15:02:55,MOCK0009790
PT00000624,U004394,expire,-237,2025-08-31 13:42:20,MOCK0007897
PT00000625,U003793,order_reward,559,2025-02-28 16:58:16,MOCK0009548
PT00000626,U003453,campaign_reward,109,2026-04-12 23:22:52,MOCK0006274
PT00000627,U003527,redeem,-516,2025-05-10 15:05:25,MOCK0010547
PT00000628,U003265,order_reward,237,2026-08-22 10:32:48,MOCK0001674
PT00000629,U001014,order_reward,786,2025-02-25 05:37:21,MOCK0008598
PT00000630,U004252,campaign_reward,646,2026-03-14 14:58:34,MOCK0000574
PT00000631,U002748,order_reward,740,2025-06-27 12:06:44,MOCK0008714
PT00000632,U004457,order_reward,800,2026-08-14 21:50:31,MOCK0007111
PT00000633,U004280,expire,-707,2026-03-11 19:44:16,MOCK0009934
PT00000634,U004475,campaign_reward,677,2025-12-03 07:12:34,MOCK0001122
PT00000635,U002429,order_reward,745,2026-01-24 06:06:40,MOCK0001514
PT00000636,U000617,campaign_reward,227,2025-01-09 08:51:32,MOCK0003035
PT00000637,U001249,order_reward,27,2026-06-13 18:30:48,MOCK0010445
PT00000638,U002305,order_reward,462,2025-05-27 20:58:03,MOCK0004477
PT00000639,U004014,order_reward,638,2025-04-02 13:30:04,MOCK0000936
PT00000640,U000950,order_reward,682,2025-07-26 10:22:13,MOCK0009786
PT00000641,U002209,refund_deduct,-164,2025-03-08 08:07:32,MOCK0000558
PT00000642,U004631,redeem,-395,2025-09-25 22:39:04,MOCK0002788
PT00000643,U000978,redeem,-582,2026-01-15 12:28:32,MOCK0004840
PT00000644,U000749,order_reward,533,2025-01-20 06:33:15,MOCK0000930
PT00000645,U001037,campaign_reward,798,2026-01-12 22:36:00,MOCK0007842
PT00000646,U000294,order_reward,202,2025-03-13 06:02:32,MOCK0009461
PT00000647,U000303,campaign_reward,58,2025-06-17 09:51:21,MOCK0006208
PT00000648,U004507,order_reward,643,2026-02-24 04:57:08,MOCK0001205
PT00000649,U002317,campaign_reward,40,2025-10-06 21:12:08,MOCK0003544
PT00000650,U004416,campaign_reward,746,2025-01-08 17:51:59,MOCK0002114
PT00000651,U001576,order_reward,345,2025-07-23 12:26:48,MOCK0006802
PT00000652,U003525,campaign_reward,8,2026-06-03 19:31:33,MOCK0004461
PT00000653,U004203,refund_deduct,-523,2025-06-21 06:10:07,MOCK0008895
PT00000654,U000691,expire,-359,2025-08-11 06:58:10,MOCK0004140
PT00000655,U002576,expire,-183,2026-05-02 19:58:12,MOCK0004123
PT00000656,U002134,order_reward,400,2026-07-26 09:15:46,MOCK0007819
PT00000657,U003293,order_reward,736,2025-10-25 19:38:22,MOCK0004142
PT00000658,U001976,expire,-562,2026-01-15 10:57:54,MOCK0003541
PT00000659,U003188,redeem,-725,2025-09-18 07:03:23,MOCK0009005
PT00000660,U004806,order_reward,122,2025-11-14 21:27:12,MOCK0011342
PT00000661,U001065,expire,-557,2026-07-23 13:46:34,MOCK0002494
PT00000662,U002935,redeem,-523,2026-08-03 19:22:27,MOCK0004809
PT00000663,U002897,order_reward,157,2026-02-05 16:46:12,MOCK0005526
PT00000664,U001275,order_reward,798,2026-01-21 10:12:08,MOCK0008348
PT00000665,U004873,order_reward,33,2026-03-08 04:11:41,MOCK0010889
PT00000666,U002976,expire,-96,2025-11-01 22:09:04,MOCK0002010
PT00000667,U000493,order_reward,100,2026-06-17 14:03:15,MOCK0009656
PT00000668,U001825,order_reward,593,2026-06-04 08:26:56,MOCK0003141
PT00000669,U003532,order_reward,770,2025-03-08 21:26:26,MOCK0010449
PT00000670,U001166,order_reward,484,2025-11-19 21:49:16,MOCK0002305
PT00000671,U003962,order_reward,758,2025-03-30 00:09:25,MOCK0009475
PT00000672,U004075,redeem,-544,2026-03-22 15:44:21,MOCK0005948
PT00000673,U002966,refund_deduct,-275,2025-10-18 08:03:40,MOCK0001922
PT00000674,U004201,order_reward,80,2025-02-18 19:48:34,MOCK0006891
PT00000675,U003008,redeem,-156,2026-04-25 20:24:44,MOCK0010850
PT00000676,U003563,redeem,-165,2025-02-22 07:28:06,MOCK0004152
PT00000677,U000198,redeem,-640,2025-10-29 10:46:26,MOCK0001017
PT00000678,U004137,order_reward,342,2026-06-21 22:52:51,MOCK0007064
PT00000679,U002691,redeem,-749,2026-07-27 04:01:17,MOCK0010751
PT00000680,U004501,order_reward,39,2026-07-10 19:54:11,MOCK0003424
PT00000681,U004065,campaign_reward,652,2025-10-19 02:50:07,MOCK0006175
PT00000682,U000959,order_reward,21,2026-03-23 06:00:11,MOCK0010202
PT00000683,U000245,order_reward,430,2026-06-09 11:58:20,MOCK0010484
PT00000684,U004742,order_reward,209,2025-03-20 10:03:22,MOCK0005801
PT00000685,U002072,redeem,-354,2026-07-05 16:06:17,MOCK0007266
PT00000686,U001380,expire,-501,2026-01-26 08:48:06,MOCK0007454
PT00000687,U002727,refund_deduct,-453,2025-04-27 00:52:38,MOCK0004840
PT00000688,U002926,order_reward,107,2025-02-28 23:03:07,MOCK0002750
PT00000689,U003741,order_reward,461,2026-05-12 21:15:08,MOCK0002469
PT00000690,U001990,redeem,-42,2025-08-06 22:31:40,MOCK0004303
PT00000691,U003225,order_reward,407,2026-02-01 19:14:52,MOCK0005095
PT00000692,U000994,refund_deduct,-136,2026-03-23 20:20:37,MOCK0004842
PT00000693,U002984,order_reward,200,2026-02-17 23:06:04,MOCK0003603
PT00000694,U004108,campaign_reward,139,2025-10-23 02:08:46,MOCK0003501
PT00000695,U002948,campaign_reward,16,2026-08-22 23:18:09,MOCK0000014
PT00000696,U001975,order_reward,181,2025-03-16 14:27:48,MOCK0003376
PT00000697,U004844,order_reward,179,2025-09-17 19:43:36,MOCK0009856
PT00000698,U000718,order_reward,328,2025-03-26 21:26:10,MOCK0011763
PT00000699,U000655,order_reward,712,2025-03-15 07:35:46,MOCK0011318
PT00000700,U004063,order_reward,799,2026-06-21 04:47:45,MOCK0000878
PT00000701,U004390,order_reward,415,2025-10-07 05:54:28,MOCK0004297
PT00000702,U003174,order_reward,234,2025-01-19 08:34:01,MOCK0006549
PT00000703,U000658,campaign_reward,600,2026-04-13 07:41:29,MOCK0006207
PT00000704,U004531,order_reward,170,2025-07-15 11:57:17,MOCK0007699
PT00000705,U002407,campaign_reward,274,2025-07-21 01:45:53,MOCK0011498
PT00000706,U002309,campaign_reward,256,2025-03-09 07:28:49,MOCK0010622
PT00000707,U001844,refund_deduct,-664,2025-12-23 03:33:21,MOCK0006536
PT00000708,U004487,redeem,-235,2026-03-14 21:24:18,MOCK0004349
PT00000709,U001915,order_reward,601,2025-08-23 01:05:25,MOCK0006668
PT00000710,U004227,order_reward,665,2025-04-03 13:13:32,MOCK0011836
PT00000711,U000436,redeem,-526,2026-03-22 19:25:16,MOCK0005254
PT00000712,U000990,order_reward,571,2025-04-29 22:32:17,MOCK0008546
PT00000713,U004597,redeem,-508,2025-07-02 13:30:23,MOCK0005261
PT00000714,U001551,redeem,-637,2026-02-05 15:58:54,MOCK0004595
PT00000715,U002509,redeem,-105,2025-09-26 05:41:52,MOCK0007520
PT00000716,U002869,redeem,-646,2025-11-03 03:25:35,MOCK0009487
PT00000717,U003915,refund_deduct,-177,2025-05-17 03:23:57,MOCK0009398
PT00000718,U004372,expire,-736,2025-12-14 15:02:59,MOCK0002520
PT00000719,U000505,redeem,-251,2025-08-11 05:14:12,MOCK0006774
PT00000720,U003602,order_reward,595,2026-07-09 21:08:35,MOCK0003566
PT00000721,U003140,order_reward,646,2026-06-12 23:58:21,MOCK0006072
PT00000722,U003710,order_reward,585,2026-02-17 10:17:04,MOCK0004156
PT00000723,U001345,order_reward,719,2025-10-13 00:04:55,MOCK0001407
PT00000724,U003627,order_reward,731,2025-07-13 10:08:22,MOCK0008718
PT00000725,U001840,order_reward,785,2025-04-27 01:56:59,MOCK0011263
PT00000726,U003031,redeem,-463,2025-05-02 03:29:56,MOCK0001157
PT00000727,U002627,campaign_reward,253,2025-01-01 17:51:53,MOCK0004911
PT00000728,U002295,order_reward,400,2026-06-18 22:52:24,MOCK0006759
PT00000729,U003889,order_reward,583,2026-02-21 15:57:58,MOCK0010588
PT00000730,U001705,order_reward,496,2025-03-18 00:55:42,MOCK0004232
PT00000731,U002466,order_reward,386,2025-06-02 13:46:14,MOCK0004497
PT00000732,U000405,order_reward,503,2026-01-22 20:05:00,MOCK0001564
PT00000733,U000972,refund_deduct,-769,2025-07-06 12:34:01,MOCK0008632
PT00000734,U003782,redeem,-636,2025-09-30 22:02:15,MOCK0008500
PT00000735,U002669,order_reward,104,2026-03-28 01:00:21,MOCK0010412
PT00000736,U003026,expire,-66,2025-06-06 07:30:16,MOCK0005367
PT00000737,U001841,redeem,-457,2025-05-09 20:48:29,MOCK0010906
PT00000738,U001605,campaign_reward,475,2025-05-17 14:18:25,MOCK0000876
PT00000739,U003752,refund_deduct,-74,2025-01-07 21:56:51,MOCK0006856
PT00000740,U004690,order_reward,77,2026-08-03 00:55:45,MOCK0007432
PT00000741,U004961,campaign_reward,64,2025-07-16 05:10:56,MOCK0009066
PT00000742,U000762,refund_deduct,-617,2026-05-16 20:14:21,MOCK0011343
PT00000743,U004869,campaign_reward,325,2025-05-21 03:04:29,MOCK0005204
PT00000744,U000474,expire,-18,2025-05-05 21:49:58,MOCK0008668
PT00000745,U001367,expire,-445,2025-02-10 15:51:36,MOCK0009403
PT00000746,U002589,redeem,-562,2026-02-11 12:32:04,MOCK0009518
PT00000747,U004687,campaign_reward,218,2026-07-24 14:59:51,MOCK0006628
PT00000748,U002634,order_reward,501,2025-02-21 02:56:10,MOCK0006170
PT00000749,U003191,order_reward,121,2025-08-25 22:30:29,MOCK0001588
PT00000750,U000928,order_reward,114,2025-09-19 00:04:38,MOCK0000867
PT00000751,U001596,campaign_reward,231,2025-10-05 09:55:34,MOCK0006338
PT00000752,U004498,redeem,-387,2025-01-31 21:15:15,MOCK0001929
PT00000753,U002519,expire,-774,2026-05-24 08:15:37,MOCK0008567
PT00000754,U003289,order_reward,12,2025-08-08 19:07:28,MOCK0001001
PT00000755,U003986,refund_deduct,-744,2026-03-22 14:12:14,MOCK0010439
PT00000756,U001681,order_reward,418,2025-05-30 00:12:16,MOCK0001468
PT00000757,U001882,redeem,-402,2025-10-25 18:05:36,MOCK0006024
PT00000758,U000427,expire,-53,2025-12-06 07:10:28,MOCK0007652
PT00000759,U001015,order_reward,471,2025-05-16 22:42:42,MOCK0010642
PT00000760,U003974,order_reward,408,2026-05-02 04:24:07,MOCK0004547
PT00000761,U002625,order_reward,82,2025-07-14 15:44:29,MOCK0008782
PT00000762,U001531,refund_deduct,-773,2025-05-29 00:23:03,MOCK0010278
PT00000763,U002505,order_reward,692,2026-07-17 20:25:05,MOCK0002238
PT00000764,U002040,campaign_reward,451,2026-02-26 05:43:19,MOCK0007653
PT00000765,U001988,order_reward,103,2025-06-29 15:50:54,MOCK0005295
PT00000766,U001232,campaign_reward,182,2025-01-18 03:03:17,MOCK0005936
PT00000767,U004292,order_reward,503,2026-03-07 04:44:43,MOCK0002313
PT00000768,U000458,campaign_reward,588,2026-05-23 16:46:20,MOCK0002949
PT00000769,U000569,order_reward,754,2026-05-06 14:15:36,MOCK0005302
PT00000770,U001422,order_reward,9,2026-01-31 20:03:19,MOCK0005532
PT00000771,U003729,order_reward,727,2025-05-10 15:46:30,MOCK0007573
PT00000772,U002120,redeem,-128,2025-07-18 13:30:17,MOCK0010900
PT00000773,U001025,campaign_reward,230,2025-11-29 17:50:23,MOCK0003716
PT00000774,U000488,order_reward,553,2025-05-25 12:54:07,MOCK0002599
PT00000775,U000433,campaign_reward,129,2025-03-24 12:12:02,MOCK0010703
PT00000776,U000277,order_reward,211,2025-02-23 02:48:16,MOCK0008843
PT00000777,U000515,campaign_reward,353,2025-03-15 23:24:18,MOCK0002812
PT00000778,U003895,order_reward,495,2025-04-25 15:11:16,MOCK0006047
PT00000779,U000646,order_reward,59,2026-05-08 08:14:59,MOCK0009504
PT00000780,U001392,order_reward,143,2026-03-23 14:35:40,MOCK0004493
PT00000781,U000481,expire,-68,2026-02-17 19:34:28,MOCK0002713
PT00000782,U004307,order_reward,640,2026-08-17 17:54:23,MOCK0010810
PT00000783,U001536,campaign_reward,651,2025-07-26 10:16:35,MOCK0006932
PT00000784,U001785,expire,-229,2025-10-05 08:54:44,MOCK0004630
PT00000785,U001329,order_reward,344,2025-12-30 20:29:29,MOCK0004489
PT00000786,U004830,order_reward,24,2025-05-10 17:26:21,MOCK0010822
PT00000787,U001314,order_reward,226,2026-04-28 14:30:04,MOCK0010920
PT00000788,U002443,refund_deduct,-19,2025-11-13 11:47:52,MOCK0001926
PT00000789,U001443,redeem,-70,2026-08-01 17:23:01,MOCK0000162
PT00000790,U003561,order_reward,136,2025-12-31 06:22:12,MOCK0006494
PT00000791,U003566,order_reward,106,2026-07-11 07:48:22,MOCK0005520
PT00000792,U000476,redeem,-110,2026-02-01 16:38:41,MOCK0003044
PT00000793,U000028,order_reward,601,2026-01-25 22:50:44,MOCK0008757
PT00000794,U000227,redeem,-289,2026-01-11 11:53:19,MOCK0007410
PT00000795,U000478,campaign_reward,771,2025-02-21 09:25:54,MOCK0005071
PT00000796,U003638,campaign_reward,289,2025-02-25 20:56:21,MOCK0002183
PT00000797,U003608,order_reward,345,2026-07-28 00:55:19,MOCK0007946
PT00000798,U003918,redeem,-526,2025-07-21 01:42:52,MOCK0000950
PT00000799,U000878,refund_deduct,-666,2025-09-25 15:48:43,MOCK0005019
PT00000800,U003070,order_reward,794,2026-04-10 19:01:24,MOCK0000526
PT00000801,U000248,campaign_reward,160,2025-02-03 16:26:06,MOCK0010942
PT00000802,U003317,order_reward,100,2026-04-15 19:41:51,MOCK0010216
PT00000803,U001208,redeem,-179,2026-02-09 06:10:18,MOCK0005765
PT00000804,U000703,order_reward,255,2026-05-14 23:01:36,MOCK0006417
PT00000805,U001977,refund_deduct,-73,2025-10-20 17:41:29,MOCK0006350
PT00000806,U004744,refund_deduct,-546,2026-08-19 04:15:49,MOCK0008803
PT00000807,U004837,order_reward,585,2025-04-02 17:23:45,MOCK0003213
PT00000808,U002412,order_reward,479,2026-08-08 09:36:10,MOCK0008796
PT00000809,U000817,redeem,-553,2025-12-30 15:53:51,MOCK0010698
PT00000810,U002906,expire,-574,2026-07-07 08:28:17,MOCK0010618
PT00000811,U004213,campaign_reward,503,2026-01-06 13:05:22,MOCK0004242
PT00000812,U002027,order_reward,540,2025-08-02 23:35:24,MOCK0003031
PT00000813,U004472,redeem,-542,2026-03-14 15:06:53,MOCK0001654
PT00000814,U001109,order_reward,382,2026-05-10 07:13:53,MOCK0009788
PT00000815,U000404,redeem,-640,2025-12-08 16:15:59,MOCK0009944
PT00000816,U003050,refund_deduct,-679,2025-02-11 21:05:32,MOCK0007632
PT00000817,U001217,campaign_reward,312,2025-11-11 10:22:54,MOCK0009417
PT00000818,U004407,redeem,-402,2025-03-22 19:10:59,MOCK0004152
PT00000819,U001079,campaign_reward,222,2026-04-18 13:27:04,MOCK0010973
PT00000820,U003650,order_reward,466,2025-11-09 02:35:19,MOCK0001713
PT00000821,U001370,expire,-767,2026-05-23 17:48:15,MOCK0010889
PT00000822,U000070,redeem,-283,2025-08-06 11:44:59,MOCK0008017
PT00000823,U003898,order_reward,45,2026-04-17 16:35:12,MOCK0001191
PT00000824,U000516,order_reward,406,2025-10-15 20:10:23,MOCK0001210
PT00000825,U000220,campaign_reward,641,2025-03-26 23:34:13,MOCK0009915
PT00000826,U003114,campaign_reward,38,2025-05-09 15:18:00,MOCK0007096
PT00000827,U004095,order_reward,419,2026-05-24 18:33:00,MOCK0008679
PT00000828,U002123,order_reward,439,2025-08-17 14:39:36,MOCK0009194
PT00000829,U003942,campaign_reward,246,2025-12-10 13:20:07,MOCK0000997
PT00000830,U004548,order_reward,300,2026-05-04 03:25:29,MOCK0000632
PT00000831,U003303,order_reward,397,2025-05-05 03:05:10,MOCK0001463
PT00000832,U003298,campaign_reward,752,2025-08-10 11:14:40,MOCK0007089
PT00000833,U003106,order_reward,476,2026-03-26 17:23:55,MOCK0006909
PT00000834,U001503,order_reward,308,2025-02-03 08:27:07,MOCK0000875
PT00000835,U003203,refund_deduct,-610,2026-03-19 02:44:02,MOCK0005924
PT00000836,U002565,campaign_reward,138,2026-06-10 05:36:09,MOCK0005369
PT00000837,U001191,redeem,-397,2026-05-27 01:21:44,MOCK0000835
PT00000838,U004050,campaign_reward,176,2026-02-17 09:36:38,MOCK0007008
PT00000839,U002007,expire,-312,2025-10-17 12:52:11,MOCK0011502
PT00000840,U001714,campaign_reward,380,2025-05-22 17:46:15,MOCK0006543
PT00000841,U000936,campaign_reward,149,2026-04-02 02:04:46,MOCK0010200
PT00000842,U004904,order_reward,347,2025-09-03 02:38:12,MOCK0008731
PT00000843,U001881,order_reward,207,2026-07-16 18:18:42,MOCK0003440
PT00000844,U001648,refund_deduct,-398,2026-03-03 17:34:47,MOCK0005699
PT00000845,U000039,campaign_reward,691,2025-04-03 02:07:21,MOCK0002994
PT00000846,U002819,order_reward,186,2026-04-19 19:57:52,MOCK0006383
PT00000847,U002505,order_reward,762,2025-12-03 00:48:17,MOCK0003433
PT00000848,U002445,order_reward,474,2025-11-10 17:52:11,MOCK0001901
PT00000849,U004745,redeem,-705,2026-03-25 10:45:31,MOCK0000857
PT00000850,U004299,refund_deduct,-149,2025-12-10 11:52:10,MOCK0010631
PT00000851,U003113,order_reward,584,2025-12-18 12:41:06,MOCK0005289
PT00000852,U001859,order_reward,638,2025-07-30 14:35:27,MOCK0010587
PT00000853,U001379,order_reward,578,2025-06-01 16:42:06,MOCK0002520
PT00000854,U003741,refund_deduct,-24,2025-06-05 05:17:55,MOCK0008288
PT00000855,U001232,redeem,-751,2026-04-30 03:48:41,MOCK0006176
PT00000856,U001585,expire,-686,2025-05-11 20:44:35,MOCK0006989
PT00000857,U004730,campaign_reward,682,2025-09-17 02:38:12,MOCK0005509
PT00000858,U001161,redeem,-151,2025-04-17 09:41:58,MOCK0001338
PT00000859,U000351,refund_deduct,-765,2025-10-04 22:27:54,MOCK0009861
PT00000860,U003925,order_reward,49,2026-03-10 04:09:51,MOCK0005314
PT00000861,U001386,campaign_reward,564,2026-06-05 07:04:29,MOCK0009484
PT00000862,U001641,expire,-798,2025-10-21 01:56:20,MOCK0009990
PT00000863,U004298,order_reward,618,2026-07-03 19:22:37,MOCK0008996
PT00000864,U004046,campaign_reward,252,2025-12-27 11:13:44,MOCK0004802
PT00000865,U001816,redeem,-757,2026-07-28 10:41:57,MOCK0000716
PT00000866,U004631,campaign_reward,142,2025-06-13 14:36:20,MOCK0002296
PT00000867,U000207,refund_deduct,-141,2026-07-29 02:29:25,MOCK0007163
PT00000868,U004340,order_reward,541,2025-10-22 19:52:19,MOCK0005981
PT00000869,U003183,refund_deduct,-70,2026-06-28 19:07:58,MOCK0010907
PT00000870,U001873,order_reward,123,2025-10-09 01:52:49,MOCK0007710
PT00000871,U001525,campaign_reward,569,2025-07-05 19:33:23,MOCK0011192
PT00000872,U000384,order_reward,486,2026-05-28 23:54:26,MOCK0004061
PT00000873,U000739,campaign_reward,138,2026-08-18 22:32:15,MOCK0007853
PT00000874,U000664,order_reward,797,2026-05-15 08:58:48,MOCK0006760
PT00000875,U001074,refund_deduct,-339,2026-03-08 16:41:37,MOCK0007710
PT00000876,U002509,order_reward,471,2026-05-30 14:22:14,MOCK0011075
PT00000877,U000842,order_reward,192,2025-08-13 02:14:49,MOCK0011068
PT00000878,U004236,order_reward,339,2026-04-11 08:27:41,MOCK0009164
PT00000879,U003802,redeem,-744,2025-09-24 17:05:29,MOCK0003827
PT00000880,U000539,refund_deduct,-618,2026-02-06 21:15:05,MOCK0011916
PT00000881,U000878,order_reward,640,2025-06-10 07:45:54,MOCK0005835
PT00000882,U002754,refund_deduct,-191,2025-09-02 16:28:16,MOCK0007541
PT00000883,U004201,redeem,-348,2026-08-18 14:38:47,MOCK0010881
PT00000884,U003767,expire,-28,2025-02-19 21:23:14,MOCK0008274
PT00000885,U004341,order_reward,111,2025-02-15 06:29:31,MOCK0005576
PT00000886,U001186,campaign_reward,794,2025-02-25 14:02:06,MOCK0001245
PT00000887,U000032,redeem,-725,2026-01-23 10:59:43,MOCK0011241
PT00000888,U002662,order_reward,787,2025-10-16 11:54:33,MOCK0007647
PT00000889,U003463,campaign_reward,660,2025-06-02 15:17:35,MOCK0002905
PT00000890,U002210,refund_deduct,-437,2025-01-22 20:05:24,MOCK0008329
PT00000891,U004237,expire,-483,2026-02-13 07:06:33,MOCK0001046
PT00000892,U004287,order_reward,402,2026-06-05 08:11:42,MOCK0003381
PT00000893,U004382,refund_deduct,-35,2025-06-12 14:24:57,MOCK0006010
PT00000894,U002724,expire,-648,2026-04-17 21:47:39,MOCK0010236
PT00000895,U001018,redeem,-718,2025-05-14 22:13:24,MOCK0007178
PT00000896,U000732,order_reward,377,2025-03-11 10:36:38,MOCK0007088
PT00000897,U004865,redeem,-87,2026-04-13 13:34:10,MOCK0011044
PT00000898,U004846,redeem,-260,2025-02-26 13:49:47,MOCK0008666
PT00000899,U002343,order_reward,289,2025-08-30 12:18:55,MOCK0000436
PT00000900,U001132,order_reward,694,2025-09-29 06:36:00,MOCK0000548
PT00000901,U002447,campaign_reward,758,2025-10-28 10:10:45,MOCK0008063
PT00000902,U002001,expire,-618,2025-07-01 16:59:04,MOCK0008739
PT00000903,U004339,redeem,-394,2026-01-26 15:59:07,MOCK0010249
PT00000904,U003508,redeem,-198,2025-03-02 18:55:00,MOCK0007026
PT00000905,U002091,order_reward,633,2025-11-13 16:40:36,MOCK0003761
PT00000906,U002356,campaign_reward,120,2026-07-19 05:16:01,MOCK0000199
PT00000907,U003977,order_reward,778,2025-02-17 03:12:47,MOCK0002360
PT00000908,U001150,campaign_reward,170,2026-06-04 05:31:06,MOCK0004021
PT00000909,U000386,order_reward,22,2026-03-08 01:22:07,MOCK0005342
PT00000910,U000953,campaign_reward,704,2026-05-18 21:52:29,MOCK0004080
PT00000911,U004022,order_reward,33,2026-05-21 02:49:11,MOCK0007827
PT00000912,U002862,campaign_reward,718,2025-11-24 00:37:17,MOCK0003167
PT00000913,U004829,campaign_reward,40,2025-09-13 06:37:06,MOCK0006677
PT00000914,U001181,campaign_reward,658,2026-02-12 11:38:00,MOCK0011653
PT00000915,U003016,order_reward,722,2026-07-16 20:48:29,MOCK0007615
PT00000916,U000147,order_reward,79,2025-07-22 16:09:39,MOCK0002868
PT00000917,U000364,redeem,-594,2025-01-06 06:38:16,MOCK0011642
PT00000918,U004403,order_reward,283,2025-06-16 02:06:55,MOCK0010704
PT00000919,U003871,order_reward,258,2026-06-19 08:14:52,MOCK0000641
PT00000920,U001652,order_reward,74,2026-06-22 05:46:45,MOCK0004059
PT00000921,U001536,redeem,-490,2026-07-29 20:11:43,MOCK0006973
PT00000922,U004040,refund_deduct,-80,2025-04-23 04:44:39,MOCK0002601
PT00000923,U001863,order_reward,184,2025-07-01 11:19:37,MOCK0000708
PT00000924,U004973,order_reward,366,2026-07-06 15:30:24,MOCK0009867
PT00000925,U002806,redeem,-701,2025-03-05 03:42:02,MOCK0005107
PT00000926,U001074,order_reward,39,2026-01-06 04:10:21,MOCK0010907
PT00000927,U002706,campaign_reward,651,2025-11-17 17:15:41,MOCK0007688
PT00000928,U001095,campaign_reward,382,2025-10-13 00:44:45,MOCK0004299
PT00000929,U000741,order_reward,167,2026-05-08 16:50:09,MOCK0000915
PT00000930,U004296,order_reward,739,2025-12-21 14:19:12,MOCK0010010
PT00000931,U000158,order_reward,592,2026-06-14 23:29:39,MOCK0008874
PT00000932,U002573,order_reward,224,2025-12-27 01:13:31,MOCK0005176
PT00000933,U003004,campaign_reward,44,2026-01-30 23:21:45,MOCK0002888
PT00000934,U004340,campaign_reward,577,2026-08-21 06:00:22,MOCK0006329
PT00000935,U000839,order_reward,378,2025-03-26 04:51:59,MOCK0001729
PT00000936,U001760,redeem,-297,2025-01-16 02:25:59,MOCK0006223
PT00000937,U001037,order_reward,175,2025-12-01 03:21:45,MOCK0004630
PT00000938,U003400,order_reward,478,2025-03-10 08:41:45,MOCK0004544
PT00000939,U002471,redeem,-240,2025-04-19 13:59:12,MOCK0002779
PT00000940,U004155,order_reward,250,2026-08-06 00:29:41,MOCK0006290
PT00000941,U001449,redeem,-397,2026-02-18 05:18:28,MOCK0009101
PT00000942,U000729,campaign_reward,500,2026-02-10 10:46:07,MOCK0005671
PT00000943,U000414,order_reward,74,2026-02-25 04:02:00,MOCK0003391
PT00000944,U002986,redeem,-641,2026-03-28 23:50:10,MOCK0007854
PT00000945,U002392,order_reward,619,2026-01-01 03:18:24,MOCK0011986
PT00000946,U002041,order_reward,746,2025-07-04 22:16:38,MOCK0010023
PT00000947,U002566,order_reward,216,2026-03-21 15:06:19,MOCK0007285
PT00000948,U003130,expire,-768,2025-12-21 00:13:39,MOCK0005389
PT00000949,U001380,redeem,-712,2025-10-17 21:35:10,MOCK0003936
PT00000950,U002123,refund_deduct,-690,2025-12-28 01:28:44,MOCK0005690
PT00000951,U003293,redeem,-168,2025-08-08 08:36:25,MOCK0008247
PT00000952,U001172,refund_deduct,-525,2026-06-23 04:26:01,MOCK0007143
PT00000953,U004108,redeem,-110,2025-08-06 00:02:43,MOCK0010691
PT00000954,U001871,refund_deduct,-449,2025-04-07 08:30:22,MOCK0001769
PT00000955,U002025,refund_deduct,-462,2025-11-17 06:35:41,MOCK0009918
PT00000956,U003400,campaign_reward,227,2025-10-19 20:36:47,MOCK0010767
PT00000957,U004122,expire,-714,2026-03-11 00:05:14,MOCK0009669
PT00000958,U000509,order_reward,82,2026-05-17 17:12:56,MOCK0003833
PT00000959,U000601,campaign_reward,612,2025-11-28 07:09:20,MOCK0010209
PT00000960,U001994,refund_deduct,-745,2026-05-03 01:10:09,MOCK0005712
PT00000961,U002836,campaign_reward,725,2025-12-04 00:06:52,MOCK0001986
PT00000962,U000195,refund_deduct,-781,2026-05-09 10:11:09,MOCK0007593
PT00000963,U004442,order_reward,754,2026-03-28 16:36:34,MOCK0007631
PT00000964,U004373,campaign_reward,514,2026-02-10 10:23:51,MOCK0006009
PT00000965,U003838,campaign_reward,559,2026-06-03 05:46:56,MOCK0010913
PT00000966,U000639,order_reward,160,2025-08-25 23:22:09,MOCK0003825
PT00000967,U001868,order_reward,403,2025-08-16 16:30:28,MOCK0000096
PT00000968,U001566,order_reward,313,2025-05-09 03:32:41,MOCK0008240
PT00000969,U004070,order_reward,182,2026-08-07 13:32:20,MOCK0004117
PT00000970,U002894,campaign_reward,785,2026-07-08 17:49:58,MOCK0007356
PT00000971,U001750,order_reward,448,2025-12-25 07:06:54,MOCK0005132
PT00000972,U003082,refund_deduct,-662,2026-04-10 10:09:07,MOCK0004357
PT00000973,U000425,redeem,-190,2025-01-08 09:05:47,MOCK0003791
PT00000974,U000550,campaign_reward,414,2026-06-03 12:17:28,MOCK0003159
PT00000975,U001144,order_reward,517,2025-06-14 08:16:27,MOCK0010878
PT00000976,U000974,expire,-578,2025-06-08 15:38:06,MOCK0006798
PT00000977,U000770,expire,-488,2026-08-11 12:23:49,MOCK0009983
PT00000978,U002857,campaign_reward,615,2025-04-29 16:22:38,MOCK0011513
PT00000979,U003283,redeem,-325,2026-01-27 13:23:15,MOCK0004557
PT00000980,U004018,order_reward,383,2026-02-27 17:58:41,MOCK0004947
PT00000981,U000153,redeem,-726,2025-10-18 13:51:22,MOCK0008964
PT00000982,U003795,expire,-754,2025-11-18 23:44:35,MOCK0008962
PT00000983,U003028,expire,-296,2025-09-25 04:16:51,MOCK0009724
PT00000984,U003520,order_reward,64,2025-09-24 02:31:30,MOCK0005120
PT00000985,U004773,campaign_reward,684,2025-07-13 06:40:54,MOCK0007407
PT00000986,U000512,order_reward,626,2025-03-18 13:37:15,MOCK0003843
PT00000987,U004028,order_reward,798,2026-05-20 23:49:05,MOCK0007145
PT00000988,U003795,refund_deduct,-630,2026-07-02 19:24:50,MOCK0002211
PT00000989,U004787,expire,-318,2025-04-16 21:50:04,MOCK0007942
PT00000990,U004365,order_reward,632,2025-10-19 15:48:58,MOCK0008753
PT00000991,U001264,order_reward,693,2026-03-21 13:44:05,MOCK0005292
PT00000992,U004299,redeem,-95,2026-06-30 11:41:35,MOCK0004134
PT00000993,U002908,campaign_reward,20,2025-09-19 21:40:59,MOCK0000509
PT00000994,U004987,order_reward,176,2025-06-07 15:53:36,MOCK0005052
PT00000995,U000885,refund_deduct,-116,2026-03-21 00:30:43,MOCK0010465
PT00000996,U002986,campaign_reward,175,2025-07-10 23:50:17,MOCK0001251
PT00000997,U004275,redeem,-302,2025-04-11 09:05:46,MOCK0001731
PT00000998,U000317,order_reward,490,2026-04-03 21:30:33,MOCK0010655
PT00000999,U001943,expire,-753,2025-10-13 13:19:21,MOCK0001635
PT00001000,U002254,redeem,-459,2025-02-01 01:46:20,MOCK0011772
PT00001001,U001671,refund_deduct,-338,2025-05-08 03:46:33,MOCK0006676
PT00001002,U002321,expire,-220,2025-02-22 06:19:32,MOCK0004422
PT00001003,U000643,order_reward,9,2025-07-07 18:18:02,MOCK0009106
PT00001004,U004519,campaign_reward,27,2025-05-08 01:57:37,MOCK0002664
PT00001005,U004385,order_reward,138,2026-02-17 20:43:54,MOCK0008331
PT00001006,U000037,campaign_reward,183,2025-01-30 22:50:07,MOCK0010301
PT00001007,U001429,order_reward,543,2025-01-20 10:48:33,MOCK0001305
PT00001008,U003125,order_reward,725,2026-05-09 03:57:08,MOCK0011450
PT00001009,U000543,order_reward,358,2025-09-08 01:40:47,MOCK0006920
PT00001010,U001261,campaign_reward,522,2025-07-04 00:24:11,MOCK0002097
PT00001011,U000394,order_reward,145,2025-07-04 02:30:12,MOCK0008058
PT00001012,U002437,order_reward,616,2025-01-22 17:04:48,MOCK0005152
PT00001013,U001308,campaign_reward,327,2025-09-28 17:59:53,MOCK0006597
PT00001014,U003547,campaign_reward,52,2026-02-26 14:23:02,MOCK0007637
PT00001015,U003932,order_reward,723,2025-12-26 23:48:19,MOCK0005139
PT00001016,U003447,campaign_reward,734,2025-04-20 18:37:14,MOCK0007786
PT00001017,U004131,campaign_reward,170,2026-02-09 04:39:49,MOCK0001911
PT00001018,U004732,order_reward,368,2026-04-07 02:18:59,MOCK0004666
PT00001019,U004564,redeem,-347,2026-04-16 18:52:51,MOCK0011561
PT00001020,U003182,expire,-435,2025-03-24 10:11:30,MOCK0010055
PT00001021,U002604,order_reward,676,2025-11-12 09:33:34,MOCK0003228
PT00001022,U004789,order_reward,497,2026-04-29 19:09:18,MOCK0008908
PT00001023,U003304,order_reward,411,2025-10-14 00:19:40,MOCK0010127
PT00001024,U003337,refund_deduct,-554,2026-02-13 10:07:35,MOCK0000532
PT00001025,U000651,order_reward,552,2025-09-03 19:06:31,MOCK0001266
PT00001026,U003337,campaign_reward,359,2026-07-17 07:36:47,MOCK0011903
PT00001027,U002247,order_reward,689,2025-07-07 01:17:46,MOCK0007760
PT00001028,U003217,order_reward,738,2025-08-13 02:42:23,MOCK0001502
PT00001029,U002837,campaign_reward,467,2026-04-08 22:10:38,MOCK0010750
PT00001030,U003039,order_reward,534,2026-05-26 04:26:35,MOCK0006424
PT00001031,U002783,campaign_reward,408,2026-03-20 19:40:12,MOCK0000282
PT00001032,U004436,refund_deduct,-357,2025-09-21 03:04:42,MOCK0003667
PT00001033,U001666,expire,-279,2025-11-22 15:33:21,MOCK0001767
PT00001034,U003666,order_reward,530,2025-01-19 03:08:26,MOCK0004692
PT00001035,U003035,refund_deduct,-383,2026-05-19 19:43:50,MOCK0005295
PT00001036,U003213,expire,-798,2025-11-03 09:03:11,MOCK0003533
PT00001037,U000086,campaign_reward,52,2025-08-24 09:48:37,MOCK0002915
PT00001038,U001318,campaign_reward,287,2025-02-13 23:09:17,MOCK0008034
PT00001039,U003520,expire,-419,2025-03-21 09:02:37,MOCK0004057
PT00001040,U001506,campaign_reward,273,2025-03-06 01:44:13,MOCK0011891
PT00001041,U002300,campaign_reward,234,2026-06-18 16:30:00,MOCK0010259
PT00001042,U004173,order_reward,117,2025-10-05 22:38:03,MOCK0010113
PT00001043,U003246,order_reward,314,2025-01-30 18:35:10,MOCK0009245
PT00001044,U004912,order_reward,489,2025-09-04 01:49:35,MOCK0000465
PT00001045,U003097,order_reward,444,2025-11-25 07:12:32,MOCK0005118
PT00001046,U004640,order_reward,663,2026-01-02 21:00:21,MOCK0006038
PT00001047,U001770,order_reward,102,2026-04-04 04:21:59,MOCK0000593
PT00001048,U001214,refund_deduct,-82,2025-04-11 16:44:54,MOCK0001741
PT00001049,U001787,order_reward,651,2025-06-09 19:00:26,MOCK0005934
PT00001050,U001818,refund_deduct,-598,2026-01-08 04:43:48,MOCK0002137
PT00001051,U001073,refund_deduct,-471,2026-04-17 04:04:42,MOCK0003549
PT00001052,U000920,refund_deduct,-265,2026-05-11 19:02:40,MOCK0000063
PT00001053,U004885,order_reward,112,2026-07-21 00:12:09,MOCK0000904
PT00001054,U003239,campaign_reward,600,2025-12-27 10:34:14,MOCK0009525
PT00001055,U003457,campaign_reward,352,2025-02-18 15:16:06,MOCK0009959
PT00001056,U001929,order_reward,743,2025-12-08 03:34:10,MOCK0010138
PT00001057,U000023,order_reward,449,2026-02-19 18:57:37,MOCK0011846
PT00001058,U003943,order_reward,582,2026-07-01 23:13:54,MOCK0003535
PT00001059,U003033,order_reward,712,2026-02-19 21:29:27,MOCK0004532
PT00001060,U001668,order_reward,589,2026-05-26 22:12:02,MOCK0008022
PT00001061,U004170,order_reward,115,2026-05-01 04:27:51,MOCK0008693
PT00001062,U004589,campaign_reward,659,2026-04-16 22:54:53,MOCK0011559
PT00001063,U002513,order_reward,175,2025-01-15 11:52:02,MOCK0002947
PT00001064,U003898,campaign_reward,133,2026-05-10 03:10:02,MOCK0003507
PT00001065,U004899,order_reward,370,2026-08-18 22:36:22,MOCK0010000
PT00001066,U001270,order_reward,277,2026-07-29 01:39:02,MOCK0009678
PT00001067,U003377,order_reward,47,2025-05-26 04:18:19,MOCK0003470
PT00001068,U002878,order_reward,235,2026-03-21 04:26:31,MOCK0010878
PT00001069,U001618,refund_deduct,-324,2025-05-06 06:07:19,MOCK0010676
PT00001070,U002350,redeem,-17,2026-04-24 13:35:37,MOCK0011829
PT00001071,U001159,order_reward,469,2026-04-02 17:14:21,MOCK0001954
PT00001072,U004534,order_reward,678,2025-10-02 16:24:38,MOCK0011326
PT00001073,U000791,order_reward,328,2025-08-21 01:06:08,MOCK0008742
PT00001074,U001678,order_reward,23,2025-08-02 09:58:55,MOCK0005906
PT00001075,U002291,refund_deduct,-290,2025-08-08 07:42:01,MOCK0006953
PT00001076,U002899,order_reward,57,2025-05-06 12:12:57,MOCK0001480
PT00001077,U000234,order_reward,346,2025-02-08 19:56:28,MOCK0010082
PT00001078,U001210,refund_deduct,-95,2025-10-27 18:40:45,MOCK0001044
PT00001079,U003457,order_reward,190,2025-04-29 16:31:09,MOCK0010987
PT00001080,U003892,order_reward,120,2025-08-05 20:24:20,MOCK0003287
PT00001081,U001799,redeem,-692,2025-12-18 13:50:47,MOCK0000580
PT00001082,U003867,refund_deduct,-449,2025-07-05 16:42:35,MOCK0003906
PT00001083,U003823,expire,-541,2025-07-22 11:17:05,MOCK0003225
PT00001084,U000149,redeem,-715,2026-04-02 03:50:55,MOCK0009070
PT00001085,U001525,order_reward,124,2025-12-20 04:45:03,MOCK0009912
PT00001086,U001440,order_reward,477,2026-03-07 02:53:16,MOCK0007916
PT00001087,U001564,campaign_reward,148,2025-03-11 20:23:38,MOCK0005547
PT00001088,U001325,order_reward,494,2026-01-18 06:11:18,MOCK0007503
PT00001089,U004616,order_reward,702,2026-01-13 01:39:24,MOCK0007183
PT00001090,U002672,redeem,-694,2026-03-18 15:57:16,MOCK0001783
PT00001091,U004559,campaign_reward,671,2025-11-06 13:22:04,MOCK0001684
PT00001092,U001158,redeem,-693,2025-08-17 14:45:53,MOCK0002756
PT00001093,U003484,order_reward,555,2025-08-16 19:59:54,MOCK0002892
PT00001094,U004542,order_reward,113,2026-02-03 07:58:56,MOCK0009132
PT00001095,U000348,expire,-43,2025-03-01 09:15:59,MOCK0011987
PT00001096,U001772,order_reward,735,2026-01-17 17:18:17,MOCK0005739
PT00001097,U003603,campaign_reward,793,2025-10-23 00:39:02,MOCK0000701
PT00001098,U002709,order_reward,380,2025-02-03 16:15:41,MOCK0010126
PT00001099,U000366,campaign_reward,797,2025-06-13 16:58:53,MOCK0007024
PT00001100,U002526,redeem,-396,2025-12-23 18:39:35,MOCK0007322
PT00001101,U000291,campaign_reward,207,2025-08-10 17:47:09,MOCK0004687
PT00001102,U000893,campaign_reward,131,2025-04-29 21:07:10,MOCK0009865
PT00001103,U003854,order_reward,303,2025-03-21 03:54:38,MOCK0007068
PT00001104,U004702,refund_deduct,-569,2026-02-15 10:02:31,MOCK0006997
PT00001105,U000193,order_reward,684,2025-11-07 00:35:10,MOCK0009159
PT00001106,U000405,order_reward,539,2025-11-01 12:29:00,MOCK0002097
PT00001107,U003827,order_reward,640,2026-05-28 00:00:37,MOCK0011072
PT00001108,U004023,order_reward,47,2026-01-10 03:25:52,MOCK0000730
PT00001109,U003390,order_reward,278,2025-08-21 11:54:12,MOCK0009357
PT00001110,U004456,expire,-286,2025-01-28 23:25:45,MOCK0010815
PT00001111,U004612,refund_deduct,-434,2025-04-10 04:36:19,MOCK0006680
PT00001112,U003713,order_reward,53,2026-06-28 02:34:38,MOCK0003619
PT00001113,U000461,order_reward,74,2026-03-09 05:06:44,MOCK0010872
PT00001114,U001343,campaign_reward,547,2025-06-03 23:01:09,MOCK0009239
PT00001115,U002279,order_reward,410,2026-04-19 04:34:12,MOCK0002128
PT00001116,U003477,order_reward,285,2025-08-09 11:53:28,MOCK0006321
PT00001117,U001939,order_reward,406,2025-02-14 15:16:08,MOCK0006843
PT00001118,U001926,refund_deduct,-357,2026-07-13 18:22:00,MOCK0007085
PT00001119,U000770,refund_deduct,-553,2026-04-17 07:03:14,MOCK0005229
PT00001120,U004529,redeem,-97,2025-05-31 22:54:54,MOCK0002836
PT00001121,U002814,refund_deduct,-55,2025-04-28 19:46:24,MOCK0009540
PT00001122,U004778,order_reward,76,2026-01-21 00:46:14,MOCK0006199
PT00001123,U003357,refund_deduct,-110,2025-05-03 13:46:09,MOCK0010908
PT00001124,U000790,order_reward,780,2025-08-21 08:23:54,MOCK0009369
PT00001125,U002105,campaign_reward,506,2025-08-02 15:51:18,MOCK0003836
PT00001126,U000070,redeem,-489,2025-07-12 14:11:13,MOCK0007896
PT00001127,U004718,order_reward,50,2025-05-02 01:15:18,MOCK0011168
PT00001128,U002489,order_reward,687,2025-04-20 00:39:11,MOCK0008753
PT00001129,U000622,order_reward,665,2025-05-09 15:47:23,MOCK0010798
PT00001130,U004091,order_reward,231,2025-03-14 08:39:33,MOCK0001364
PT00001131,U004382,order_reward,559,2025-01-08 22:48:25,MOCK0001133
PT00001132,U004456,redeem,-662,2026-06-01 20:52:52,MOCK0007277
PT00001133,U003831,campaign_reward,734,2026-07-04 12:34:33,MOCK0006570
PT00001134,U001803,campaign_reward,192,2025-04-29 22:53:55,MOCK0001925
PT00001135,U001950,order_reward,711,2026-04-19 23:26:04,MOCK0006901
PT00001136,U002837,redeem,-387,2026-08-15 01:11:22,MOCK0000554
PT00001137,U000655,refund_deduct,-596,2025-11-02 18:24:20,MOCK0003016
PT00001138,U001675,expire,-444,2026-01-17 02:05:34,MOCK0006258
PT00001139,U002507,expire,-172,2026-01-17 02:18:46,MOCK0005020
PT00001140,U000927,refund_deduct,-628,2025-09-26 07:24:15,MOCK0009239
PT00001141,U004169,redeem,-369,2025-01-03 11:00:49,MOCK0005320
PT00001142,U004689,order_reward,778,2025-11-18 01:37:27,MOCK0009154
PT00001143,U004830,refund_deduct,-60,2025-08-22 13:53:19,MOCK0003400
PT00001144,U002366,redeem,-756,2025-06-23 00:30:03,MOCK0001303
PT00001145,U000704,order_reward,521,2025-07-20 21:12:08,MOCK0004667
PT00001146,U004739,order_reward,471,2025-02-19 20:59:38,MOCK0001257
PT00001147,U000082,campaign_reward,457,2026-05-22 18:34:49,MOCK0008936
PT00001148,U004051,refund_deduct,-261,2025-11-12 01:27:53,MOCK0007685
PT00001149,U002923,redeem,-374,2026-03-15 22:32:09,MOCK0005724
PT00001150,U004243,order_reward,68,2025-01-03 06:14:52,MOCK0009839
PT00001151,U004642,order_reward,243,2025-01-18 15:54:50,MOCK0008006
PT00001152,U004491,order_reward,200,2026-01-04 04:43:51,MOCK0006269
PT00001153,U004417,order_reward,378,2025-12-04 20:33:35,MOCK0011124
PT00001154,U004173,order_reward,733,2025-09-19 21:27:21,MOCK0010547
PT00001155,U004175,order_reward,596,2026-01-27 04:20:03,MOCK0005286
PT00001156,U002467,order_reward,654,2025-10-08 21:55:12,MOCK0002354
PT00001157,U000810,redeem,-723,2025-09-01 01:04:50,MOCK0008557
PT00001158,U000357,refund_deduct,-34,2026-02-25 16:44:23,MOCK0000786
PT00001159,U002007,order_reward,140,2025-12-24 22:21:06,MOCK0004462
PT00001160,U000160,order_reward,763,2026-02-27 15:34:54,MOCK0002982
PT00001161,U000418,redeem,-716,2025-05-02 20:57:49,MOCK0004853
PT00001162,U002929,refund_deduct,-344,2025-02-10 10:37:50,MOCK0001737
PT00001163,U003462,order_reward,30,2025-02-26 16:24:10,MOCK0001899
PT00001164,U001135,campaign_reward,215,2025-09-17 18:13:17,MOCK0000900
PT00001165,U002638,campaign_reward,630,2025-03-06 04:53:14,MOCK0009912
PT00001166,U002915,campaign_reward,411,2026-02-16 02:37:05,MOCK0010425
PT00001167,U000870,refund_deduct,-273,2026-05-31 21:18:55,MOCK0001772
PT00001168,U003184,expire,-398,2025-10-06 01:19:10,MOCK0002841
PT00001169,U003419,campaign_reward,338,2025-07-02 11:04:33,MOCK0010353
PT00001170,U003552,order_reward,358,2025-04-07 10:16:54,MOCK0005090
PT00001171,U000774,expire,-501,2025-05-04 07:17:57,MOCK0001463
PT00001172,U001579,order_reward,637,2026-08-13 05:21:49,MOCK0004480
PT00001173,U001666,redeem,-170,2026-06-18 04:09:18,MOCK0005717
PT00001174,U003512,order_reward,279,2026-01-20 09:03:24,MOCK0007851
PT00001175,U001826,order_reward,716,2025-04-02 01:35:35,MOCK0003455
PT00001176,U002353,order_reward,34,2025-10-08 22:33:40,MOCK0010256
PT00001177,U000952,order_reward,739,2026-02-08 21:13:12,MOCK0003767
PT00001178,U002008,refund_deduct,-255,2025-08-21 09:32:17,MOCK0001017
PT00001179,U000658,redeem,-655,2025-10-18 08:53:49,MOCK0008143
PT00001180,U002200,refund_deduct,-96,2026-02-25 04:28:22,MOCK0010641
PT00001181,U003758,redeem,-473,2025-08-27 02:51:45,MOCK0011185
PT00001182,U002092,order_reward,558,2025-07-03 11:40:40,MOCK0006458
PT00001183,U003482,campaign_reward,453,2026-05-31 11:24:18,MOCK0001410
PT00001184,U004413,expire,-314,2025-10-18 09:49:45,MOCK0001917
PT00001185,U002866,campaign_reward,382,2025-08-29 14:18:40,MOCK0010432
PT00001186,U002491,campaign_reward,248,2025-04-16 17:08:38,MOCK0007348
PT00001187,U001511,refund_deduct,-734,2025-07-29 01:23:31,MOCK0007219
PT00001188,U004225,order_reward,410,2026-06-24 07:47:38,MOCK0010031
PT00001189,U003897,refund_deduct,-63,2025-12-13 03:43:04,MOCK0010628
PT00001190,U004497,order_reward,501,2025-05-01 01:27:24,MOCK0011695
PT00001191,U002669,order_reward,610,2026-04-11 20:06:09,MOCK0006444
PT00001192,U001361,refund_deduct,-25,2025-10-12 11:35:29,MOCK0004416
PT00001193,U003486,order_reward,128,2025-09-13 06:26:54,MOCK0002250
PT00001194,U002872,order_reward,735,2026-01-20 00:19:43,MOCK0010565
PT00001195,U000476,order_reward,92,2025-08-03 03:49:26,MOCK0003773
PT00001196,U002921,campaign_reward,174,2025-11-12 15:42:31,MOCK0003239
PT00001197,U004619,order_reward,60,2025-01-28 03:00:01,MOCK0006527
PT00001198,U004788,campaign_reward,163,2026-03-26 03:57:40,MOCK0007427
PT00001199,U004233,campaign_reward,33,2026-08-05 13:42:30,MOCK0007880
PT00001200,U002280,order_reward,744,2025-03-24 03:40:21,MOCK0003169
PT00001201,U003431,order_reward,379,2026-07-10 22:43:21,MOCK0001428
PT00001202,U000956,order_reward,54,2025-12-23 11:53:26,MOCK0006774
PT00001203,U000797,refund_deduct,-43,2025-11-14 00:24:30,MOCK0010762
PT00001204,U003719,order_reward,542,2025-06-10 02:03:48,MOCK0002992
PT00001205,U003682,order_reward,250,2025-12-01 22:41:42,MOCK0001194
PT00001206,U002122,redeem,-11,2025-03-13 03:16:19,MOCK0009158
PT00001207,U001265,redeem,-401,2025-09-23 13:35:25,MOCK0000153
PT00001208,U003867,redeem,-376,2025-06-14 23:47:01,MOCK0010028
PT00001209,U002307,campaign_reward,766,2025-04-20 10:04:27,MOCK0002993
PT00001210,U002130,order_reward,680,2025-09-10 16:47:09,MOCK0007339
PT00001211,U000654,order_reward,715,2026-07-02 13:52:34,MOCK0006067
PT00001212,U002537,refund_deduct,-614,2025-01-04 02:19:20,MOCK0006487
PT00001213,U004513,order_reward,688,2025-02-20 19:53:16,MOCK0005245
PT00001214,U002162,refund_deduct,-67,2025-02-09 13:42:28,MOCK0009376
PT00001215,U002179,campaign_reward,620,2026-03-02 22:27:25,MOCK0006993
PT00001216,U001270,refund_deduct,-126,2025-02-11 06:19:18,MOCK0004210
PT00001217,U004559,campaign_reward,548,2025-09-21 11:08:40,MOCK0004698
PT00001218,U003125,order_reward,603,2025-04-03 16:56:32,MOCK0008016
PT00001219,U001023,order_reward,80,2025-07-12 18:59:07,MOCK0007810
PT00001220,U001423,order_reward,603,2025-02-16 03:46:50,MOCK0002870
PT00001221,U001497,refund_deduct,-423,2025-04-02 03:09:01,MOCK0008757
PT00001222,U001196,refund_deduct,-461,2026-08-07 01:45:37,MOCK0011356
PT00001223,U004014,order_reward,190,2025-05-24 02:57:43,MOCK0008449
PT00001224,U001986,redeem,-796,2026-03-10 11:41:44,MOCK0005038
PT00001225,U004518,order_reward,112,2026-08-20 02:47:07,MOCK0007669
PT00001226,U001097,expire,-798,2025-11-21 02:54:38,MOCK0008839
PT00001227,U004302,campaign_reward,91,2026-06-19 11:36:14,MOCK0008636
PT00001228,U001807,redeem,-297,2025-11-01 01:45:50,MOCK0005656
PT00001229,U000657,order_reward,223,2025-03-03 23:35:54,MOCK0011371
PT00001230,U001715,campaign_reward,254,2025-11-11 07:52:54,MOCK0005132
PT00001231,U003687,order_reward,562,2025-09-15 03:49:17,MOCK0003725
PT00001232,U001415,campaign_reward,32,2026-08-11 09:10:06,MOCK0004166
PT00001233,U002731,order_reward,149,2025-05-29 03:01:04,MOCK0006983
PT00001234,U003619,order_reward,466,2026-01-17 23:21:11,MOCK0005216
PT00001235,U002447,order_reward,356,2025-06-15 14:14:29,MOCK0008745
PT00001236,U003250,order_reward,364,2025-04-05 23:00:57,MOCK0001604
PT00001237,U002946,order_reward,590,2025-05-09 00:01:00,MOCK0000740
PT00001238,U004816,order_reward,722,2025-09-15 22:28:19,MOCK0000286
PT00001239,U004061,order_reward,313,2025-02-19 15:54:38,MOCK0000137
PT00001240,U002192,order_reward,79,2026-01-03 06:14:12,MOCK0002373
PT00001241,U002152,order_reward,353,2026-04-22 01:00:42,MOCK0007044
PT00001242,U002795,redeem,-614,2025-11-18 14:05:02,MOCK0011020
PT00001243,U003023,order_reward,756,2025-05-30 11:22:10,MOCK0003947
PT00001244,U001213,redeem,-483,2025-04-17 18:38:31,MOCK0000043
PT00001245,U002092,order_reward,212,2026-07-09 21:13:32,MOCK0008369
PT00001246,U003595,campaign_reward,477,2025-02-02 01:20:40,MOCK0007854
PT00001247,U003889,order_reward,657,2025-08-15 12:05:43,MOCK0003574
PT00001248,U004978,campaign_reward,487,2025-05-03 10:50:11,MOCK0004327
PT00001249,U002268,order_reward,625,2025-08-18 22:07:20,MOCK0005724
PT00001250,U002562,refund_deduct,-40,2025-09-27 10:25:22,MOCK0006878
PT00001251,U002831,order_reward,696,2025-12-05 13:07:54,MOCK0010144
PT00001252,U001906,order_reward,563,2026-01-02 16:03:36,MOCK0008904
PT00001253,U003878,refund_deduct,-216,2026-01-22 01:04:53,MOCK0010291
PT00001254,U000331,order_reward,305,2025-06-01 15:10:56,MOCK0008066
PT00001255,U003119,campaign_reward,80,2025-05-14 04:52:48,MOCK0010796
PT00001256,U000333,order_reward,234,2025-06-30 20:57:12,MOCK0011550
PT00001257,U002882,order_reward,427,2026-03-07 04:16:27,MOCK0000692
PT00001258,U001194,order_reward,637,2026-05-17 09:00:04,MOCK0005092
PT00001259,U002024,order_reward,300,2026-04-05 20:42:56,MOCK0003383
PT00001260,U000286,order_reward,686,2026-07-18 21:17:16,MOCK0007582
PT00001261,U002463,campaign_reward,620,2025-02-13 00:19:49,MOCK0010380
PT00001262,U003905,order_reward,196,2025-09-07 18:28:24,MOCK0004347
PT00001263,U000959,order_reward,143,2025-06-29 06:41:00,MOCK0001334
PT00001264,U004195,redeem,-315,2025-02-26 02:38:37,MOCK0007171
PT00001265,U000194,order_reward,785,2025-06-05 04:02:07,MOCK0011830
PT00001266,U001783,redeem,-755,2026-08-11 15:38:38,MOCK0011571
PT00001267,U003595,expire,-655,2025-07-09 00:05:31,MOCK0002357
PT00001268,U002608,order_reward,527,2025-06-05 02:33:41,MOCK0007900
PT00001269,U002850,campaign_reward,501,2026-06-11 06:59:43,MOCK0002149
PT00001270,U000326,order_reward,560,2026-03-19 12:18:19,MOCK0004021
PT00001271,U002256,order_reward,529,2025-03-18 13:21:53,MOCK0010059
PT00001272,U002734,order_reward,585,2025-07-28 11:29:54,MOCK0007010
PT00001273,U001250,order_reward,15,2025-09-17 07:04:04,MOCK0004289
PT00001274,U003293,refund_deduct,-333,2026-04-20 15:24:34,MOCK0001222
PT00001275,U001060,campaign_reward,437,2026-03-05 10:52:54,MOCK0007822
PT00001276,U002277,order_reward,752,2025-08-28 02:03:55,MOCK0000995
PT00001277,U004707,campaign_reward,575,2025-05-20 21:24:31,MOCK0001556
PT00001278,U003525,redeem,-431,2025-12-21 05:57:35,MOCK0005022
PT00001279,U004534,order_reward,700,2026-02-16 07:54:38,MOCK0008259
PT00001280,U003076,order_reward,301,2026-02-04 20:00:01,MOCK0008661
PT00001281,U001002,order_reward,192,2025-06-27 10:08:11,MOCK0000743
PT00001282,U002152,order_reward,635,2026-07-13 22:15:01,MOCK0007002
PT00001283,U002428,expire,-756,2026-05-01 01:39:37,MOCK0011602
PT00001284,U002806,campaign_reward,309,2025-03-04 09:09:44,MOCK0008866
PT00001285,U004846,order_reward,751,2026-06-23 12:23:32,MOCK0008926
PT00001286,U003682,refund_deduct,-423,2026-05-14 21:39:10,MOCK0007853
PT00001287,U000120,redeem,-318,2025-10-31 19:28:20,MOCK0003087
PT00001288,U000720,redeem,-104,2025-03-07 04:46:24,MOCK0008534
PT00001289,U001848,order_reward,737,2026-02-11 19:41:47,MOCK0005900
PT00001290,U004784,order_reward,597,2026-04-12 13:38:01,MOCK0000410
PT00001291,U004925,redeem,-396,2025-04-21 20:59:40,MOCK0002916
PT00001292,U001962,expire,-151,2026-03-14 19:41:53,MOCK0005975
PT00001293,U004228,order_reward,698,2026-05-04 03:50:26,MOCK0011452
PT00001294,U003057,campaign_reward,48,2025-02-20 06:01:10,MOCK0007106
PT00001295,U002366,order_reward,316,2025-01-31 13:46:31,MOCK0007234
PT00001296,U004715,campaign_reward,327,2026-02-06 03:15:35,MOCK0010304
PT00001297,U004076,expire,-240,2025-05-15 00:33:59,MOCK0001279
PT00001298,U004840,order_reward,178,2026-01-14 10:56:27,MOCK0002234
PT00001299,U000634,order_reward,625,2025-03-11 17:31:27,MOCK0009084
PT00001300,U002092,order_reward,578,2026-04-08 14:26:04,MOCK0007817
PT00001301,U003139,redeem,-503,2026-07-02 20:10:44,MOCK0001972
PT00001302,U001549,order_reward,526,2026-04-03 07:47:14,MOCK0009362
PT00001303,U002619,order_reward,428,2025-06-14 07:53:22,MOCK0003554
PT00001304,U004800,order_reward,390,2025-04-16 23:05:04,MOCK0008874
PT00001305,U002461,redeem,-5,2026-07-03 17:32:41,MOCK0006244
PT00001306,U003800,order_reward,791,2026-01-09 22:46:07,MOCK0003424
PT00001307,U001946,order_reward,264,2026-03-04 22:27:10,MOCK0010082
PT00001308,U004654,refund_deduct,-254,2026-05-24 15:33:13,MOCK0007680
PT00001309,U002499,refund_deduct,-461,2025-05-13 21:45:49,MOCK0005117
PT00001310,U004847,order_reward,105,2026-01-04 16:40:40,MOCK0008281
PT00001311,U002847,order_reward,221,2025-02-09 08:44:28,MOCK0011248
PT00001312,U004980,order_reward,602,2025-05-15 10:31:44,MOCK0002475
PT00001313,U002275,refund_deduct,-361,2026-04-30 16:41:47,MOCK0008628
PT00001314,U002199,order_reward,596,2026-06-23 08:36:58,MOCK0005124
PT00001315,U003084,order_reward,21,2025-09-13 18:22:23,MOCK0007400
PT00001316,U002836,expire,-389,2026-04-20 16:05:25,MOCK0008387
PT00001317,U004332,order_reward,555,2025-07-04 06:26:36,MOCK0004812
PT00001318,U002035,order_reward,246,2025-12-14 20:02:19,MOCK0011299
PT00001319,U003894,campaign_reward,783,2025-06-25 09:53:59,MOCK0009854
PT00001320,U002124,expire,-311,2026-05-14 22:28:22,MOCK0010728
PT00001321,U000384,redeem,-76,2026-02-21 08:33:31,MOCK0003630
PT00001322,U002408,order_reward,381,2026-08-16 07:45:18,MOCK0005430
PT00001323,U003730,expire,-535,2025-11-15 07:17:21,MOCK0008832
PT00001324,U003896,order_reward,109,2025-07-31 18:50:32,MOCK0008758
PT00001325,U002652,redeem,-596,2026-05-11 21:58:28,MOCK0004556
PT00001326,U001972,order_reward,755,2026-07-04 09:03:18,MOCK0011188
PT00001327,U001071,order_reward,723,2026-03-18 17:15:16,MOCK0008641
PT00001328,U000898,order_reward,335,2025-11-09 08:10:29,MOCK0004003
PT00001329,U000159,order_reward,534,2025-03-31 04:09:14,MOCK0006833
PT00001330,U002046,campaign_reward,766,2025-11-30 09:29:24,MOCK0011665
PT00001331,U000869,order_reward,43,2026-01-17 05:27:26,MOCK0007777
PT00001332,U004767,campaign_reward,659,2025-07-14 16:37:13,MOCK0001730
PT00001333,U000565,order_reward,468,2025-02-26 11:39:50,MOCK0003154
PT00001334,U002972,order_reward,534,2026-07-18 17:21:21,MOCK0000760
PT00001335,U001729,order_reward,551,2026-08-06 04:44:23,MOCK0006456
PT00001336,U003782,redeem,-553,2025-02-19 04:53:31,MOCK0005652
PT00001337,U004128,order_reward,324,2025-05-31 03:42:14,MOCK0006839
PT00001338,U000949,order_reward,439,2026-07-25 07:24:17,MOCK0004360
PT00001339,U004981,order_reward,245,2025-12-12 13:52:43,MOCK0010518
PT00001340,U000129,order_reward,733,2025-10-19 22:37:48,MOCK0008423
PT00001341,U004100,order_reward,119,2025-10-01 19:15:43,MOCK0009367
PT00001342,U000651,expire,-61,2025-08-08 08:53:48,MOCK0000255
PT00001343,U004463,redeem,-628,2025-01-13 00:57:53,MOCK0005318
PT00001344,U000122,order_reward,213,2026-06-27 02:10:19,MOCK0004925
PT00001345,U000502,order_reward,58,2025-05-26 11:24:36,MOCK0003880
PT00001346,U001032,expire,-796,2025-08-24 11:44:01,MOCK0010018
PT00001347,U002370,order_reward,679,2025-10-07 19:36:37,MOCK0004388
PT00001348,U003372,expire,-570,2025-02-13 07:05:45,MOCK0010586
PT00001349,U000693,order_reward,491,2026-02-10 21:37:35,MOCK0011001
PT00001350,U002099,order_reward,464,2026-04-09 04:35:17,MOCK0000898
PT00001351,U000029,order_reward,775,2026-02-05 10:05:51,MOCK0000554
PT00001352,U003354,refund_deduct,-156,2026-02-28 01:33:23,MOCK0006005
PT00001353,U002775,order_reward,634,2026-06-16 18:21:27,MOCK0003092
PT00001354,U000919,order_reward,213,2026-06-21 14:56:50,MOCK0001595
PT00001355,U000931,redeem,-659,2025-11-04 19:08:31,MOCK0003329
PT00001356,U004325,refund_deduct,-596,2025-03-26 07:47:37,MOCK0011074
PT00001357,U003463,order_reward,649,2026-01-10 07:35:06,MOCK0003178
PT00001358,U003134,campaign_reward,364,2025-04-10 11:45:18,MOCK0008915
PT00001359,U000518,order_reward,52,2026-04-19 01:35:18,MOCK0005313
PT00001360,U000401,campaign_reward,170,2025-05-12 07:11:19,MOCK0005932
PT00001361,U002831,redeem,-553,2025-04-08 12:35:19,MOCK0009271
PT00001362,U001128,order_reward,262,2026-06-15 07:07:34,MOCK0004932
PT00001363,U001281,redeem,-778,2025-09-02 05:21:29,MOCK0007336
PT00001364,U003217,redeem,-682,2026-03-16 20:36:59,MOCK0004214
PT00001365,U001351,redeem,-144,2025-02-26 18:15:10,MOCK0002057
PT00001366,U000620,expire,-660,2025-01-11 17:22:48,MOCK0008883
PT00001367,U002470,order_reward,339,2025-06-17 11:16:28,MOCK0009217
PT00001368,U001649,expire,-790,2025-08-19 01:15:00,MOCK0000367
PT00001369,U004610,order_reward,610,2025-07-28 18:08:45,MOCK0011197
PT00001370,U000492,order_reward,609,2026-04-13 17:01:40,MOCK0002903
PT00001371,U002016,order_reward,698,2025-12-02 11:14:51,MOCK0011903
PT00001372,U000896,redeem,-379,2026-07-26 09:34:03,MOCK0009031
PT00001373,U003536,order_reward,433,2025-05-07 17:36:13,MOCK0006162
PT00001374,U003555,expire,-496,2025-02-28 03:19:08,MOCK0009442
PT00001375,U001086,campaign_reward,327,2026-06-27 19:15:05,MOCK0000449
PT00001376,U003585,expire,-449,2025-04-17 19:53:25,MOCK0000758
PT00001377,U002914,order_reward,123,2025-02-26 13:22:34,MOCK0010177
PT00001378,U003935,order_reward,47,2026-02-11 03:27:52,MOCK0002327
PT00001379,U003978,campaign_reward,278,2025-07-25 12:39:56,MOCK0009353
PT00001380,U004214,order_reward,196,2025-09-26 12:06:02,MOCK0007545
PT00001381,U000456,order_reward,686,2025-10-25 18:28:50,MOCK0007735
PT00001382,U004299,campaign_reward,679,2026-06-07 18:13:48,MOCK0002990
PT00001383,U003940,order_reward,603,2025-12-02 16:08:42,MOCK0007288
PT00001384,U000390,campaign_reward,438,2025-07-16 18:01:41,MOCK0000456
PT00001385,U002151,expire,-133,2025-04-10 14:22:58,MOCK0008745
PT00001386,U000624,order_reward,249,2025-02-21 10:47:18,MOCK0001099
PT00001387,U001567,order_reward,297,2025-10-01 23:34:04,MOCK0002066
PT00001388,U001516,order_reward,561,2025-07-12 00:34:15,MOCK0004175
PT00001389,U003387,order_reward,686,2025-04-16 18:35:22,MOCK0005924
PT00001390,U001725,order_reward,149,2026-06-14 20:31:37,MOCK0009324
PT00001391,U002450,order_reward,692,2025-05-28 12:02:50,MOCK0003863
PT00001392,U002469,order_reward,146,2025-01-31 03:53:03,MOCK0011630
PT00001393,U000459,order_reward,298,2025-12-04 13:08:40,MOCK0005125
PT00001394,U003957,order_reward,373,2025-06-24 03:55:33,MOCK0005698
PT00001395,U003387,expire,-514,2026-02-19 18:37:44,MOCK0008699
PT00001396,U000654,campaign_reward,115,2025-10-15 04:23:30,MOCK0006279
PT00001397,U002261,campaign_reward,786,2025-07-15 20:49:10,MOCK0007562
PT00001398,U001868,campaign_reward,14,2026-05-07 21:02:52,MOCK0011692
PT00001399,U004572,order_reward,697,2026-05-30 19:15:29,MOCK0007194
PT00001400,U003774,redeem,-98,2026-06-29 23:17:36,MOCK0002055
PT00001401,U002204,redeem,-695,2026-01-03 03:11:44,MOCK0005106
PT00001402,U001109,order_reward,568,2025-12-21 19:40:31,MOCK0007272
PT00001403,U004038,order_reward,283,2025-06-09 16:05:16,MOCK0006058
PT00001404,U004454,refund_deduct,-337,2026-02-01 03:33:43,MOCK0007809
PT00001405,U004926,refund_deduct,-737,2025-01-16 01:49:59,MOCK0003955
PT00001406,U004615,order_reward,445,2025-03-10 13:27:25,MOCK0000621
PT00001407,U004756,refund_deduct,-573,2025-12-13 22:59:40,MOCK0008699
PT00001408,U000579,refund_deduct,-358,2025-06-01 06:05:43,MOCK0002232
PT00001409,U000345,order_reward,244,2025-07-15 01:29:10,MOCK0000801
PT00001410,U004264,order_reward,679,2025-07-31 19:03:29,MOCK0011943
PT00001411,U002462,order_reward,375,2026-07-30 15:07:13,MOCK0004130
PT00001412,U000537,refund_deduct,-428,2025-05-31 18:41:19,MOCK0001971
PT00001413,U000900,redeem,-620,2026-04-28 03:58:50,MOCK0011579
PT00001414,U003116,campaign_reward,373,2026-05-30 04:36:06,MOCK0011826
PT00001415,U001496,order_reward,270,2026-04-08 23:40:49,MOCK0007218
PT00001416,U003094,refund_deduct,-518,2026-04-16 03:13:19,MOCK0003747
PT00001417,U000955,expire,-103,2025-08-24 13:39:33,MOCK0006047
PT00001418,U003846,order_reward,22,2025-09-01 23:18:48,MOCK0009968
PT00001419,U004936,order_reward,181,2025-02-05 23:54:43,MOCK0006850
PT00001420,U002855,redeem,-215,2025-01-04 17:49:49,MOCK0005633
PT00001421,U003608,redeem,-309,2025-08-13 13:36:07,MOCK0004048
PT00001422,U000779,order_reward,364,2026-08-01 16:40:27,MOCK0001643
PT00001423,U001499,campaign_reward,124,2025-04-28 20:50:09,MOCK0001620
PT00001424,U001097,order_reward,110,2025-09-08 15:35:21,MOCK0003598
PT00001425,U004614,redeem,-16,2025-12-06 18:26:09,MOCK0003269
PT00001426,U003395,refund_deduct,-361,2025-05-05 17:43:48,MOCK0008227
PT00001427,U003254,order_reward,371,2026-07-15 06:31:19,MOCK0008602
PT00001428,U000136,order_reward,236,2026-06-03 15:07:22,MOCK0007208
PT00001429,U002603,order_reward,199,2026-03-27 04:52:44,MOCK0006404
PT00001430,U000147,order_reward,380,2026-04-29 03:00:31,MOCK0000424
PT00001431,U001564,order_reward,628,2025-08-27 06:20:47,MOCK0001774
PT00001432,U003791,refund_deduct,-434,2025-09-07 04:35:38,MOCK0007521
PT00001433,U000231,order_reward,281,2026-07-10 08:33:41,MOCK0004464
PT00001434,U003013,redeem,-412,2025-08-28 02:42:21,MOCK0008807
PT00001435,U001034,redeem,-20,2025-07-01 08:04:41,MOCK0011710
PT00001436,U004838,order_reward,237,2025-09-02 22:27:15,MOCK0007797
PT00001437,U002967,order_reward,39,2026-04-09 04:04:55,MOCK0008702
PT00001438,U001894,order_reward,683,2026-02-16 13:16:48,MOCK0011081
PT00001439,U001140,order_reward,184,2026-06-09 01:15:10,MOCK0000145
PT00001440,U001439,refund_deduct,-137,2025-08-08 00:16:59,MOCK0009678
PT00001441,U001662,redeem,-25,2025-11-07 00:34:29,MOCK0002336
PT00001442,U000718,expire,-551,2025-09-24 08:45:03,MOCK0004351
PT00001443,U004586,order_reward,720,2026-03-20 14:53:57,MOCK0001674
PT00001444,U004472,order_reward,277,2026-05-04 04:11:57,MOCK0005903
PT00001445,U004289,order_reward,638,2025-04-25 18:19:24,MOCK0005088
PT00001446,U001819,order_reward,696,2025-03-06 16:00:31,MOCK0005246
PT00001447,U004375,refund_deduct,-91,2026-01-06 13:53:39,MOCK0003836
PT00001448,U002825,expire,-585,2026-03-26 07:34:40,MOCK0002933
PT00001449,U004173,order_reward,556,2026-02-08 13:48:50,MOCK0005250
PT00001450,U004627,refund_deduct,-251,2025-03-26 02:53:04,MOCK0006857
PT00001451,U001410,order_reward,225,2025-10-21 10:11:21,MOCK0010925
PT00001452,U002135,order_reward,307,2026-05-24 05:15:26,MOCK0009784
PT00001453,U000610,order_reward,373,2026-01-15 15:55:40,MOCK0011354
PT00001454,U001368,order_reward,762,2025-04-16 21:11:26,MOCK0001324
PT00001455,U003866,order_reward,362,2025-08-24 10:09:35,MOCK0007106
PT00001456,U003003,redeem,-468,2025-04-07 19:21:30,MOCK0010034
PT00001457,U003122,order_reward,176,2025-12-01 18:03:40,MOCK0004777
PT00001458,U004365,order_reward,693,2025-11-28 09:17:05,MOCK0003309
PT00001459,U001474,redeem,-781,2026-05-04 00:42:56,MOCK0011665
PT00001460,U004520,order_reward,318,2026-06-09 08:10:00,MOCK0006945
PT00001461,U000398,refund_deduct,-262,2025-04-29 01:48:54,MOCK0004196
PT00001462,U000519,order_reward,534,2025-11-12 16:50:46,MOCK0008067
PT00001463,U001097,order_reward,16,2026-02-13 10:40:54,MOCK0007765
PT00001464,U003838,expire,-556,2025-01-08 01:02:55,MOCK0009828
PT00001465,U002765,campaign_reward,467,2025-04-27 04:08:11,MOCK0004893
PT00001466,U004303,expire,-298,2026-02-04 11:59:19,MOCK0011666
PT00001467,U000774,campaign_reward,706,2025-08-11 01:44:58,MOCK0005246
PT00001468,U004142,order_reward,50,2026-02-13 03:41:16,MOCK0002386
PT00001469,U002944,order_reward,95,2025-04-01 23:41:26,MOCK0009125
PT00001470,U000858,order_reward,376,2026-03-28 16:15:10,MOCK0003287
PT00001471,U000739,order_reward,362,2025-02-19 03:19:39,MOCK0000465
PT00001472,U003774,order_reward,7,2025-06-03 14:08:18,MOCK0011457
PT00001473,U000386,order_reward,308,2026-06-18 16:42:34,MOCK0009042
PT00001474,U000367,order_reward,333,2025-05-26 00:22:32,MOCK0002017
PT00001475,U001128,campaign_reward,680,2025-11-24 04:32:37,MOCK0010162
PT00001476,U000555,redeem,-486,2025-12-13 22:46:16,MOCK0007744
PT00001477,U003684,refund_deduct,-275,2025-02-02 05:49:50,MOCK0002933
PT00001478,U002815,order_reward,39,2026-01-04 03:12:45,MOCK0010411
PT00001479,U000809,redeem,-617,2026-03-13 02:21:35,MOCK0003949
PT00001480,U004603,redeem,-537,2025-12-24 21:21:32,MOCK0005134
PT00001481,U002103,order_reward,170,2026-03-26 10:53:55,MOCK0006964
PT00001482,U001449,refund_deduct,-211,2026-06-20 18:57:29,MOCK0005111
PT00001483,U003021,order_reward,624,2026-01-27 10:56:14,MOCK0005847
PT00001484,U003502,order_reward,259,2026-03-24 11:48:51,MOCK0001566
PT00001485,U000945,order_reward,660,2025-05-12 14:28:30,MOCK0000177
PT00001486,U001110,campaign_reward,342,2025-04-11 01:54:15,MOCK0001259
PT00001487,U001983,order_reward,462,2026-04-12 06:25:57,MOCK0006269
PT00001488,U000936,order_reward,451,2026-07-17 09:20:25,MOCK0000571
PT00001489,U001143,order_reward,657,2025-10-10 20:51:42,MOCK0007331
PT00001490,U003896,refund_deduct,-689,2025-05-27 21:01:13,MOCK0007804
PT00001491,U003228,expire,-790,2026-01-15 15:17:26,MOCK0011849
PT00001492,U004728,redeem,-521,2025-10-01 05:12:57,MOCK0009481
PT00001493,U004452,order_reward,793,2025-01-30 08:59:46,MOCK0009972
PT00001494,U003730,campaign_reward,363,2026-06-27 19:44:08,MOCK0000667
PT00001495,U003663,expire,-631,2025-09-22 22:30:12,MOCK0009953
PT00001496,U001219,refund_deduct,-625,2025-03-19 15:07:47,MOCK0009924
PT00001497,U004922,order_reward,762,2025-08-13 05:50:17,MOCK0003838
PT00001498,U004977,redeem,-135,2026-02-28 17:55:35,MOCK0002329
PT00001499,U003325,redeem,-180,2026-05-31 17:41:45,MOCK0007112
PT00001500,U003931,order_reward,326,2025-10-28 01:15:02,MOCK0002048
PT00001501,U004234,order_reward,22,2026-02-09 07:31:20,MOCK0000137
PT00001502,U002121,expire,-704,2025-10-08 18:40:43,MOCK0006050
PT00001503,U002586,order_reward,657,2025-06-30 08:54:19,MOCK0004827
PT00001504,U001246,order_reward,468,2025-04-29 20:47:57,MOCK0005722
PT00001505,U002346,order_reward,174,2025-04-14 15:10:48,MOCK0007143
PT00001506,U003932,order_reward,436,2025-07-27 06:42:42,MOCK0003990
PT00001507,U001428,order_reward,346,2025-10-28 18:31:35,MOCK0002199
PT00001508,U003518,order_reward,416,2025-10-03 01:24:24,MOCK0000645
PT00001509,U002476,order_reward,439,2025-06-30 00:11:17,MOCK0011121
PT00001510,U000637,order_reward,265,2026-01-05 10:11:35,MOCK0004607
PT00001511,U001270,expire,-419,2026-04-11 20:52:30,MOCK0006146
PT00001512,U004922,refund_deduct,-158,2025-10-27 17:17:31,MOCK0003294
PT00001513,U002096,campaign_reward,436,2025-01-19 08:52:16,MOCK0004669
PT00001514,U000408,order_reward,358,2026-06-27 11:19:31,MOCK0001686
PT00001515,U002429,campaign_reward,171,2025-03-20 17:24:55,MOCK0002161
PT00001516,U004739,order_reward,689,2026-06-17 05:00:06,MOCK0005166
PT00001517,U002212,order_reward,346,2026-04-22 13:57:41,MOCK0007498
PT00001518,U003444,redeem,-285,2025-06-06 18:59:00,MOCK0005993
PT00001519,U002324,order_reward,494,2025-11-12 11:41:37,MOCK0010602
PT00001520,U004261,refund_deduct,-545,2026-04-10 22:01:52,MOCK0005902
PT00001521,U001692,order_reward,714,2025-04-15 19:38:56,MOCK0008483
PT00001522,U001006,redeem,-588,2025-11-21 16:39:51,MOCK0008667
PT00001523,U000250,redeem,-159,2025-03-15 02:56:42,MOCK0007574
PT00001524,U001455,redeem,-483,2025-10-04 20:21:33,MOCK0003966
PT00001525,U003143,redeem,-414,2025-02-12 03:42:43,MOCK0009975
PT00001526,U002243,order_reward,501,2026-06-29 20:10:20,MOCK0005128
PT00001527,U004281,order_reward,304,2025-06-17 07:54:21,MOCK0010004
PT00001528,U002893,expire,-218,2026-07-20 07:36:02,MOCK0004152
PT00001529,U003940,redeem,-23,2026-08-17 17:28:56,MOCK0004481
PT00001530,U000847,order_reward,694,2026-01-05 00:07:07,MOCK0010854
PT00001531,U000058,redeem,-87,2026-06-17 16:28:11,MOCK0004113
PT00001532,U000360,order_reward,665,2025-11-19 13:37:55,MOCK0002021
PT00001533,U003928,order_reward,692,2025-09-28 03:31:16,MOCK0011289
PT00001534,U004872,campaign_reward,259,2026-06-01 19:30:00,MOCK0000363
PT00001535,U002604,order_reward,765,2026-07-20 01:48:23,MOCK0004337
PT00001536,U001735,order_reward,37,2026-03-23 09:58:32,MOCK0001054
PT00001537,U000467,expire,-244,2025-06-02 09:04:38,MOCK0007927
PT00001538,U001961,redeem,-118,2025-02-23 18:47:19,MOCK0004633
PT00001539,U002400,refund_deduct,-542,2025-07-06 21:17:34,MOCK0006479
PT00001540,U002757,campaign_reward,412,2025-11-04 02:51:18,MOCK0007993
PT00001541,U003840,order_reward,166,2026-01-28 20:02:00,MOCK0003249
PT00001542,U000687,expire,-72,2026-02-06 10:01:57,MOCK0011777
PT00001543,U004824,expire,-750,2025-07-19 06:56:47,MOCK0007303
PT00001544,U004306,order_reward,26,2025-12-03 16:17:05,MOCK0001618
PT00001545,U000136,order_reward,368,2025-03-18 01:59:59,MOCK0011764
PT00001546,U001466,order_reward,34,2025-06-16 16:37:18,MOCK0010483
PT00001547,U002988,refund_deduct,-666,2025-04-21 21:51:40,MOCK0010705
PT00001548,U003663,order_reward,414,2025-10-18 06:40:22,MOCK0002156
PT00001549,U004446,campaign_reward,371,2026-06-28 17:46:31,MOCK0009164
PT00001550,U001018,order_reward,124,2025-02-27 07:27:27,MOCK0008377
PT00001551,U001402,refund_deduct,-394,2025-07-25 16:10:17,MOCK0010997
PT00001552,U000698,campaign_reward,179,2025-12-05 04:31:09,MOCK0000101
PT00001553,U000005,refund_deduct,-615,2025-06-30 07:45:13,MOCK0009207
PT00001554,U002111,refund_deduct,-46,2026-03-05 15:18:19,MOCK0005660
PT00001555,U001867,order_reward,492,2025-08-18 08:40:58,MOCK0001606
PT00001556,U003070,order_reward,115,2025-03-21 17:30:12,MOCK0002112
PT00001557,U000574,refund_deduct,-685,2025-05-03 08:46:20,MOCK0003914
PT00001558,U001055,campaign_reward,239,2025-03-29 21:35:40,MOCK0006530
PT00001559,U004089,order_reward,401,2025-11-28 03:51:57,MOCK0010837
PT00001560,U004643,order_reward,216,2025-05-30 21:45:44,MOCK0002240
PT00001561,U000830,order_reward,51,2025-05-20 15:04:55,MOCK0005775
PT00001562,U004208,campaign_reward,525,2026-05-18 22:37:38,MOCK0010411
PT00001563,U001231,redeem,-721,2026-04-16 08:47:24,MOCK0011878
PT00001564,U002804,redeem,-254,2025-05-28 15:41:50,MOCK0008719
PT00001565,U001772,redeem,-675,2025-08-16 06:02:14,MOCK0004579
PT00001566,U000180,refund_deduct,-55,2025-05-09 13:34:06,MOCK0008986
PT00001567,U004386,order_reward,60,2025-09-07 19:03:41,MOCK0000570
PT00001568,U004233,order_reward,142,2026-05-21 17:15:42,MOCK0004841
PT00001569,U001019,order_reward,103,2026-07-26 01:59:31,MOCK0000718
PT00001570,U003746,redeem,-342,2025-09-23 06:37:01,MOCK0000755
PT00001571,U002595,refund_deduct,-726,2025-12-20 05:20:23,MOCK0008487
PT00001572,U003412,order_reward,783,2026-01-09 13:16:14,MOCK0010914
PT00001573,U004622,expire,-690,2025-04-04 11:06:18,MOCK0010564
PT00001574,U002647,expire,-274,2025-03-25 13:42:48,MOCK0003997
PT00001575,U003128,order_reward,84,2025-08-26 03:41:42,MOCK0011179
PT00001576,U004038,order_reward,175,2025-12-06 20:18:31,MOCK0006863
PT00001577,U002116,campaign_reward,290,2025-07-12 21:07:46,MOCK0006523
PT00001578,U001006,refund_deduct,-404,2025-09-06 00:40:37,MOCK0007947
PT00001579,U002851,expire,-279,2025-11-02 19:55:08,MOCK0011624
PT00001580,U002290,order_reward,256,2026-04-27 12:00:07,MOCK0009705
PT00001581,U001255,order_reward,156,2026-04-21 23:47:48,MOCK0000764
PT00001582,U002997,redeem,-771,2026-05-16 07:51:27,MOCK0008482
PT00001583,U004929,campaign_reward,485,2025-08-13 10:56:13,MOCK0002346
PT00001584,U001321,order_reward,743,2025-06-04 21:05:24,MOCK0009085
PT00001585,U002251,campaign_reward,361,2026-03-29 14:06:46,MOCK0008505
PT00001586,U004516,order_reward,334,2025-11-22 13:49:01,MOCK0001603
PT00001587,U002814,campaign_reward,798,2026-06-13 16:44:11,MOCK0006202
PT00001588,U004403,campaign_reward,250,2025-10-16 11:43:42,MOCK0005615
PT00001589,U001706,order_reward,672,2025-07-26 08:52:16,MOCK0001262
PT00001590,U000595,order_reward,415,2025-08-13 01:38:21,MOCK0008030
PT00001591,U004217,order_reward,518,2025-07-29 05:27:11,MOCK0001197
PT00001592,U004001,campaign_reward,329,2025-11-09 07:19:38,MOCK0004797
PT00001593,U000139,order_reward,473,2025-05-30 04:02:36,MOCK0008906
PT00001594,U002072,expire,-717,2026-03-17 03:23:03,MOCK0011921
PT00001595,U004961,redeem,-185,2025-02-27 06:54:20,MOCK0010018
PT00001596,U004334,expire,-396,2026-04-29 17:51:43,MOCK0000048
PT00001597,U000461,order_reward,283,2026-07-17 08:10:12,MOCK0002659
PT00001598,U000663,redeem,-154,2025-01-03 15:55:56,MOCK0006763
PT00001599,U003663,refund_deduct,-356,2026-04-07 05:00:15,MOCK0000005
PT00001600,U000018,redeem,-74,2025-10-16 07:23:52,MOCK0005890
PT00001601,U003401,order_reward,444,2026-03-16 03:06:31,MOCK0002016
PT00001602,U000547,order_reward,561,2025-03-26 18:07:25,MOCK0010207
PT00001603,U001099,redeem,-191,2026-02-13 23:28:48,MOCK0007415
PT00001604,U004479,campaign_reward,768,2025-05-02 12:42:06,MOCK0005215
PT00001605,U001416,order_reward,35,2026-06-17 06:27:19,MOCK0008630
PT00001606,U004890,redeem,-439,2026-04-10 00:20:22,MOCK0006614
PT00001607,U003307,redeem,-796,2026-02-13 06:14:20,MOCK0006690
PT00001608,U003294,campaign_reward,350,2026-02-04 00:19:15,MOCK0008019
PT00001609,U000189,order_reward,436,2026-04-10 07:02:18,MOCK0008683
PT00001610,U001353,campaign_reward,354,2025-01-03 07:31:41,MOCK0004904
PT00001611,U004374,order_reward,635,2026-08-03 22:23:14,MOCK0010530
PT00001612,U002638,order_reward,467,2026-08-05 09:43:12,MOCK0010163
PT00001613,U001873,order_reward,605,2025-11-03 14:49:14,MOCK0010312
PT00001614,U000891,campaign_reward,445,2025-10-08 05:30:44,MOCK0000743
PT00001615,U002712,order_reward,321,2026-07-17 03:58:22,MOCK0003202
PT00001616,U004030,order_reward,52,2025-02-10 14:31:28,MOCK0011368
PT00001617,U000337,expire,-22,2025-04-04 08:32:57,MOCK0001893
PT00001618,U003666,campaign_reward,490,2025-10-16 05:51:47,MOCK0009850
PT00001619,U002656,refund_deduct,-179,2025-12-01 05:11:55,MOCK0001765
PT00001620,U002777,campaign_reward,707,2026-01-03 14:23:55,MOCK0006663
PT00001621,U001441,order_reward,85,2025-09-04 20:50:22,MOCK0001840
PT00001622,U002344,refund_deduct,-702,2026-02-25 10:55:32,MOCK0008894
PT00001623,U002863,order_reward,724,2025-02-19 04:52:06,MOCK0006029
PT00001624,U004385,order_reward,15,2025-09-12 20:34:00,MOCK0006397
PT00001625,U002374,campaign_reward,624,2025-12-02 00:39:42,MOCK0003921
PT00001626,U000870,redeem,-108,2026-03-21 23:26:14,MOCK0007367
PT00001627,U001438,campaign_reward,661,2025-05-19 17:15:54,MOCK0000721
PT00001628,U003543,order_reward,450,2025-12-15 13:35:18,MOCK0000288
PT00001629,U004524,order_reward,754,2026-04-12 14:51:39,MOCK0003513
PT00001630,U000974,expire,-742,2026-05-26 09:59:36,MOCK0011641
PT00001631,U003082,order_reward,126,2026-07-19 12:21:23,MOCK0002913
PT00001632,U001852,order_reward,550,2025-08-20 18:57:10,MOCK0000167
PT00001633,U003984,order_reward,454,2025-04-25 14:27:47,MOCK0004188
PT00001634,U002153,expire,-489,2025-08-07 07:05:38,MOCK0000368
PT00001635,U003308,campaign_reward,188,2025-02-27 18:26:23,MOCK0006949
PT00001636,U003712,order_reward,253,2025-08-07 16:39:49,MOCK0002243
PT00001637,U004256,campaign_reward,451,2025-07-31 19:54:27,MOCK0005713
PT00001638,U002728,order_reward,409,2026-02-18 12:42:57,MOCK0001840
PT00001639,U003916,campaign_reward,459,2025-09-30 05:06:11,MOCK0006888
PT00001640,U000916,refund_deduct,-204,2025-04-02 17:20:08,MOCK0000815
PT00001641,U001754,order_reward,141,2025-01-13 17:17:08,MOCK0011247
PT00001642,U003264,order_reward,754,2026-01-19 06:14:53,MOCK0000545
PT00001643,U000081,campaign_reward,146,2026-06-20 10:21:25,MOCK0001330
PT00001644,U001036,order_reward,707,2026-03-29 15:07:04,MOCK0002428
PT00001645,U004071,order_reward,611,2025-11-08 04:19:40,MOCK0008196
PT00001646,U002921,order_reward,28,2025-01-18 17:45:01,MOCK0000112
PT00001647,U000067,redeem,-251,2025-11-03 19:13:32,MOCK0003190
PT00001648,U000755,expire,-701,2025-03-12 21:26:36,MOCK0004203
PT00001649,U002978,campaign_reward,149,2026-07-31 00:59:53,MOCK0003034
PT00001650,U001280,campaign_reward,412,2026-03-02 09:24:17,MOCK0008368
PT00001651,U002856,order_reward,668,2026-04-07 13:09:04,MOCK0001887
PT00001652,U003918,order_reward,401,2025-04-08 10:33:48,MOCK0010503
PT00001653,U004681,campaign_reward,800,2026-05-14 02:36:18,MOCK0001562
PT00001654,U003599,order_reward,713,2026-08-18 16:53:16,MOCK0010274
PT00001655,U000666,refund_deduct,-181,2025-07-27 16:30:27,MOCK0008395
PT00001656,U000181,order_reward,763,2026-08-17 09:05:31,MOCK0000649
PT00001657,U003341,order_reward,667,2025-01-28 22:13:50,MOCK0007098
PT00001658,U004638,order_reward,87,2025-08-31 08:13:02,MOCK0002286
PT00001659,U004365,campaign_reward,185,2025-11-17 12:55:34,MOCK0007721
PT00001660,U002376,order_reward,184,2026-07-19 22:37:31,MOCK0009278
PT00001661,U003712,order_reward,114,2025-01-06 03:22:49,MOCK0010040
PT00001662,U001593,expire,-179,2025-11-16 19:08:04,MOCK0008424
PT00001663,U004773,order_reward,473,2026-08-21 01:33:51,MOCK0006818
PT00001664,U004064,campaign_reward,404,2025-05-03 16:38:07,MOCK0004382
PT00001665,U001553,redeem,-328,2026-02-14 15:50:17,MOCK0002961
PT00001666,U004810,refund_deduct,-163,2026-04-30 22:14:07,MOCK0004287
PT00001667,U004801,order_reward,102,2025-03-19 05:28:37,MOCK0000391
PT00001668,U003308,order_reward,782,2026-05-18 10:04:34,MOCK0000837
PT00001669,U004191,campaign_reward,229,2025-02-14 15:25:03,MOCK0006371
PT00001670,U004323,order_reward,486,2026-01-04 10:49:29,MOCK0009289
PT00001671,U002095,redeem,-44,2025-09-13 05:30:40,MOCK0009599
PT00001672,U003185,campaign_reward,59,2026-02-16 08:29:33,MOCK0004600
PT00001673,U000394,order_reward,687,2025-12-17 21:29:10,MOCK0007089
PT00001674,U001179,order_reward,396,2026-07-09 00:37:25,MOCK0007382
PT00001675,U000574,order_reward,197,2025-10-29 10:20:25,MOCK0009024
PT00001676,U002612,redeem,-356,2025-02-03 22:43:41,MOCK0003244
PT00001677,U003892,order_reward,122,2026-03-12 01:17:31,MOCK0001749
PT00001678,U000560,redeem,-218,2026-01-25 00:20:57,MOCK0006281
PT00001679,U003785,redeem,-542,2025-07-13 07:36:35,MOCK0001940
PT00001680,U003274,refund_deduct,-553,2026-07-27 07:10:14,MOCK0002077
PT00001681,U001887,campaign_reward,573,2025-10-02 03:36:50,MOCK0002308
PT00001682,U004355,expire,-8,2026-03-08 11:02:13,MOCK0005012
PT00001683,U002676,expire,-546,2026-03-10 14:16:34,MOCK0002593
PT00001684,U004855,order_reward,761,2026-07-06 06:30:37,MOCK0011856
PT00001685,U000757,refund_deduct,-149,2026-07-24 07:02:51,MOCK0007871
PT00001686,U000629,order_reward,644,2026-01-23 22:48:31,MOCK0004779
PT00001687,U000060,order_reward,122,2025-02-23 00:25:09,MOCK0008758
PT00001688,U000559,campaign_reward,286,2026-05-09 10:59:42,MOCK0001524
PT00001689,U002937,redeem,-73,2025-03-27 19:22:44,MOCK0011708
PT00001690,U002421,campaign_reward,231,2025-09-04 08:27:14,MOCK0010683
PT00001691,U003942,campaign_reward,12,2025-08-17 21:09:43,MOCK0002428
PT00001692,U001875,redeem,-494,2026-07-09 23:33:54,MOCK0009301
PT00001693,U004161,redeem,-290,2026-07-04 09:28:03,MOCK0009245
PT00001694,U002636,order_reward,446,2025-11-02 17:54:56,MOCK0008233
PT00001695,U000368,refund_deduct,-445,2025-08-19 13:42:30,MOCK0001506
PT00001696,U002642,order_reward,149,2025-11-19 10:01:31,MOCK0000440
PT00001697,U004507,campaign_reward,266,2025-05-11 21:16:40,MOCK0009699
PT00001698,U004381,order_reward,59,2026-06-25 10:13:33,MOCK0006361
PT00001699,U000661,campaign_reward,84,2026-06-01 01:58:14,MOCK0011228
PT00001700,U004459,expire,-722,2025-08-10 17:32:54,MOCK0010633
PT00001701,U002008,order_reward,342,2025-04-16 22:00:59,MOCK0003437
PT00001702,U000361,order_reward,184,2026-06-28 04:01:18,MOCK0008234
PT00001703,U001417,refund_deduct,-420,2025-08-19 17:16:38,MOCK0008174
PT00001704,U001637,expire,-506,2025-01-02 16:49:53,MOCK0005401
PT00001705,U002688,refund_deduct,-662,2026-07-30 08:52:19,MOCK0008355
PT00001706,U002057,redeem,-87,2026-07-23 00:09:46,MOCK0000559
PT00001707,U002905,order_reward,546,2025-10-13 18:33:02,MOCK0000542
PT00001708,U000362,order_reward,115,2026-01-13 16:17:20,MOCK0004081
PT00001709,U004878,campaign_reward,202,2026-03-09 11:12:54,MOCK0000043
PT00001710,U003891,order_reward,216,2026-06-15 23:11:30,MOCK0005656
PT00001711,U003666,order_reward,549,2026-04-11 17:11:36,MOCK0001693
PT00001712,U000921,order_reward,705,2025-04-16 08:07:16,MOCK0006452
PT00001713,U002519,refund_deduct,-159,2025-10-06 12:20:22,MOCK0005462
PT00001714,U000080,order_reward,474,2025-03-21 05:34:35,MOCK0000851
PT00001715,U002322,order_reward,408,2025-01-01 19:54:36,MOCK0007170
PT00001716,U002986,expire,-789,2025-04-01 01:09:51,MOCK0007878
PT00001717,U003385,redeem,-353,2025-05-19 23:37:09,MOCK0011064
PT00001718,U001932,order_reward,744,2025-07-09 13:07:41,MOCK0000852
PT00001719,U004797,refund_deduct,-490,2025-05-19 15:22:34,MOCK0004956
PT00001720,U003508,refund_deduct,-67,2026-06-01 01:47:46,MOCK0010459
PT00001721,U000741,order_reward,92,2025-10-30 21:33:23,MOCK0007919
PT00001722,U000304,order_reward,678,2025-10-26 07:18:41,MOCK0009174
PT00001723,U003546,campaign_reward,380,2025-09-10 10:06:01,MOCK0007454
PT00001724,U004789,campaign_reward,757,2025-12-11 18:32:12,MOCK0007452
PT00001725,U001212,expire,-211,2026-07-17 09:12:39,MOCK0005868
PT00001726,U004553,expire,-136,2025-06-21 02:23:32,MOCK0003017
PT00001727,U004703,campaign_reward,271,2026-03-12 16:27:34,MOCK0011099
PT00001728,U003545,campaign_reward,742,2025-09-28 09:50:16,MOCK0008388
PT00001729,U000460,order_reward,469,2025-10-10 20:32:18,MOCK0005674
PT00001730,U004190,campaign_reward,663,2025-08-18 19:40:47,MOCK0008828
PT00001731,U001349,order_reward,303,2025-04-25 04:09:44,MOCK0004770
PT00001732,U002526,refund_deduct,-665,2025-06-21 16:17:30,MOCK0010975
PT00001733,U004283,redeem,-227,2025-06-08 00:54:57,MOCK0002036
PT00001734,U002726,order_reward,358,2026-02-11 06:17:49,MOCK0002028
PT00001735,U004761,campaign_reward,525,2025-03-28 06:42:12,MOCK0000479
PT00001736,U000639,order_reward,252,2025-05-12 06:03:55,MOCK0007825
PT00001737,U002287,redeem,-776,2025-05-29 10:09:52,MOCK0005497
PT00001738,U000625,order_reward,39,2025-03-24 05:10:37,MOCK0004943
PT00001739,U000465,order_reward,643,2026-03-06 01:42:14,MOCK0000175
PT00001740,U001922,campaign_reward,568,2025-11-11 12:40:56,MOCK0002960
PT00001741,U002839,order_reward,132,2025-06-18 12:13:05,MOCK0008218
PT00001742,U001412,redeem,-529,2025-01-24 02:39:47,MOCK0000221
PT00001743,U003703,order_reward,221,2025-10-18 01:51:34,MOCK0002102
PT00001744,U003760,campaign_reward,742,2025-03-05 23:53:22,MOCK0003814
PT00001745,U000934,campaign_reward,152,2026-06-25 11:53:13,MOCK0011928
PT00001746,U003003,campaign_reward,165,2026-08-10 17:17:18,MOCK0006206
PT00001747,U004159,order_reward,668,2026-08-07 04:51:16,MOCK0006141
PT00001748,U000284,order_reward,524,2025-06-12 18:05:53,MOCK0002975
PT00001749,U001881,campaign_reward,43,2025-09-26 09:49:53,MOCK0009098
PT00001750,U001155,expire,-552,2025-04-29 09:51:57,MOCK0008269
PT00001751,U002546,order_reward,371,2026-04-08 22:44:05,MOCK0009916
PT00001752,U002846,campaign_reward,467,2025-10-07 02:02:26,MOCK0005397
PT00001753,U001389,refund_deduct,-669,2025-08-25 09:27:17,MOCK0003743
PT00001754,U001789,redeem,-723,2025-01-26 04:11:55,MOCK0008738
PT00001755,U001685,order_reward,101,2026-05-06 21:30:33,MOCK0004178
PT00001756,U001068,order_reward,779,2025-05-04 20:41:42,MOCK0007887
PT00001757,U000891,order_reward,442,2026-05-21 05:56:00,MOCK0009173
PT00001758,U001529,redeem,-482,2026-01-21 12:39:31,MOCK0000666
PT00001759,U001843,order_reward,561,2026-04-09 23:19:46,MOCK0004682
PT00001760,U003304,order_reward,410,2025-11-05 11:00:29,MOCK0002390
PT00001761,U004852,order_reward,778,2025-11-26 17:55:10,MOCK0010380
PT00001762,U000740,redeem,-732,2025-09-25 10:46:48,MOCK0003404
PT00001763,U004612,redeem,-610,2026-08-08 04:56:15,MOCK0004354
PT00001764,U004969,order_reward,745,2025-03-13 03:18:12,MOCK0009093
PT00001765,U001663,order_reward,413,2026-05-01 06:31:21,MOCK0005106
PT00001766,U001986,redeem,-647,2025-11-04 17:04:27,MOCK0008692
PT00001767,U001151,order_reward,80,2026-03-26 05:29:58,MOCK0009523
PT00001768,U001259,order_reward,719,2025-04-03 04:06:54,MOCK0001522
PT00001769,U002996,campaign_reward,81,2025-07-12 04:28:58,MOCK0000181
PT00001770,U000907,campaign_reward,201,2026-08-11 02:12:58,MOCK0005095
PT00001771,U001685,order_reward,535,2026-03-31 16:21:38,MOCK0006908
PT00001772,U000654,order_reward,538,2026-03-14 23:21:34,MOCK0004966
PT00001773,U003526,order_reward,499,2026-01-23 09:53:04,MOCK0005740
PT00001774,U003567,campaign_reward,538,2025-07-23 11:28:52,MOCK0005862
PT00001775,U002271,redeem,-31,2026-05-16 22:00:36,MOCK0001792
PT00001776,U002509,order_reward,538,2025-05-30 08:01:34,MOCK0003277
PT00001777,U004071,expire,-356,2026-04-29 09:58:37,MOCK0001282
PT00001778,U003414,redeem,-200,2026-04-17 20:44:32,MOCK0009001
PT00001779,U002211,redeem,-595,2026-05-26 10:37:24,MOCK0002825
PT00001780,U001581,redeem,-536,2025-05-30 07:37:22,MOCK0001256
PT00001781,U003153,order_reward,366,2026-03-02 02:47:16,MOCK0009462
PT00001782,U003468,campaign_reward,117,2026-03-28 12:59:38,MOCK0002742
PT00001783,U003527,order_reward,435,2026-01-02 10:11:50,MOCK0004055
PT00001784,U004050,redeem,-655,2026-03-05 03:48:11,MOCK0011179
PT00001785,U001330,order_reward,197,2026-01-02 19:27:57,MOCK0011746
PT00001786,U002969,order_reward,203,2025-01-08 08:01:19,MOCK0008709
PT00001787,U000780,campaign_reward,635,2025-10-01 21:35:56,MOCK0006320
PT00001788,U002588,order_reward,337,2025-06-08 01:37:34,MOCK0011720
PT00001789,U003744,redeem,-80,2026-01-06 19:51:17,MOCK0005192
PT00001790,U000552,order_reward,454,2025-12-04 09:09:32,MOCK0001091
PT00001791,U000483,order_reward,485,2025-04-22 10:10:34,MOCK0007967
PT00001792,U003869,campaign_reward,20,2025-12-13 06:29:51,MOCK0000688
PT00001793,U004695,campaign_reward,781,2026-05-28 20:17:10,MOCK0001044
PT00001794,U002937,order_reward,373,2026-03-14 19:46:37,MOCK0009149
PT00001795,U001020,order_reward,683,2026-07-20 13:35:06,MOCK0011945
PT00001796,U002735,order_reward,242,2025-07-23 05:14:48,MOCK0003885
PT00001797,U002132,order_reward,695,2025-05-06 18:36:40,MOCK0001363
PT00001798,U002811,order_reward,605,2026-02-07 07:49:20,MOCK0008925
PT00001799,U004109,order_reward,5,2025-04-17 11:51:15,MOCK0009538
PT00001800,U004141,order_reward,725,2025-04-30 01:45:11,MOCK0008130
PT00001801,U000044,order_reward,584,2026-03-02 06:36:43,MOCK0011599
PT00001802,U004625,order_reward,163,2025-07-10 02:32:00,MOCK0008657
PT00001803,U000103,redeem,-565,2025-04-26 12:14:43,MOCK0007468
PT00001804,U002635,campaign_reward,389,2025-09-24 13:29:53,MOCK0007146
PT00001805,U001627,order_reward,512,2025-12-28 21:49:21,MOCK0006230
PT00001806,U000297,order_reward,238,2026-01-11 15:58:35,MOCK0008885
PT00001807,U001451,refund_deduct,-155,2026-03-22 00:24:02,MOCK0011183
PT00001808,U001228,order_reward,798,2025-04-12 13:50:18,MOCK0007247
PT00001809,U000505,order_reward,108,2025-02-01 14:51:54,MOCK0009394
PT00001810,U003808,order_reward,226,2025-05-07 19:59:59,MOCK0003214
PT00001811,U003452,refund_deduct,-328,2026-06-13 16:54:54,MOCK0007631
PT00001812,U001997,redeem,-336,2026-02-02 21:12:43,MOCK0006470
PT00001813,U001827,order_reward,767,2026-05-14 00:13:31,MOCK0003506
PT00001814,U002831,order_reward,720,2026-07-26 21:41:44,MOCK0009751
PT00001815,U004524,order_reward,610,2026-04-14 06:49:40,MOCK0000459
PT00001816,U002260,order_reward,392,2025-04-26 07:26:53,MOCK0004736
PT00001817,U002979,order_reward,363,2026-03-25 09:44:42,MOCK0008187
PT00001818,U004963,order_reward,505,2025-06-24 19:21:04,MOCK0003969
PT00001819,U002650,refund_deduct,-198,2025-11-08 02:53:23,MOCK0008780
PT00001820,U002962,order_reward,146,2026-06-16 15:37:33,MOCK0002804
PT00001821,U003938,expire,-126,2025-03-24 01:51:34,MOCK0009001
PT00001822,U004356,redeem,-205,2025-05-24 03:56:50,MOCK0007967
PT00001823,U002996,expire,-471,2025-12-02 08:53:40,MOCK0008177
PT00001824,U004150,order_reward,115,2025-02-22 11:15:22,MOCK0001222
PT00001825,U000040,order_reward,705,2025-07-12 03:28:42,MOCK0001449
PT00001826,U004567,redeem,-79,2025-10-22 12:58:13,MOCK0010654
PT00001827,U002269,campaign_reward,539,2026-07-01 00:02:03,MOCK0007486
PT00001828,U003176,expire,-178,2026-02-25 16:30:04,MOCK0003110
PT00001829,U000830,order_reward,381,2025-05-28 16:14:50,MOCK0003619
PT00001830,U004632,order_reward,564,2025-04-12 05:41:59,MOCK0005611
PT00001831,U004244,order_reward,220,2026-06-12 08:23:29,MOCK0000391
PT00001832,U002927,order_reward,726,2025-06-07 22:12:23,MOCK0009238
PT00001833,U001406,redeem,-501,2025-11-04 22:05:56,MOCK0010112
PT00001834,U002783,campaign_reward,606,2025-08-21 06:56:18,MOCK0005581
PT00001835,U001676,order_reward,209,2025-01-17 08:38:15,MOCK0009558
PT00001836,U002451,redeem,-246,2025-02-06 13:08:01,MOCK0005827
PT00001837,U001156,order_reward,165,2025-01-02 14:05:12,MOCK0002292
PT00001838,U002215,order_reward,624,2025-05-04 18:02:39,MOCK0003681
PT00001839,U001036,campaign_reward,499,2026-04-12 14:18:32,MOCK0011157
PT00001840,U000321,order_reward,84,2025-01-26 11:06:00,MOCK0008792
PT00001841,U003957,campaign_reward,303,2025-04-15 06:54:30,MOCK0002190
PT00001842,U003052,order_reward,746,2026-03-16 02:57:38,MOCK0011617
PT00001843,U003824,order_reward,84,2025-04-04 23:59:18,MOCK0007869
PT00001844,U004062,campaign_reward,10,2026-01-20 01:18:00,MOCK0004303
PT00001845,U001004,order_reward,287,2025-09-16 22:20:59,MOCK0011936
PT00001846,U002306,campaign_reward,725,2025-04-02 13:24:39,MOCK0009251
PT00001847,U001901,order_reward,324,2026-03-28 22:23:28,MOCK0003163
PT00001848,U000196,redeem,-516,2025-02-24 10:04:31,MOCK0009977
PT00001849,U004431,order_reward,176,2026-04-17 11:13:53,MOCK0011490
PT00001850,U004966,redeem,-564,2026-08-10 05:21:05,MOCK0010970
PT00001851,U002765,order_reward,670,2025-01-15 17:50:59,MOCK0003783
PT00001852,U002870,campaign_reward,409,2025-04-07 09:48:08,MOCK0005591
PT00001853,U001608,order_reward,327,2025-02-10 22:10:43,MOCK0001675
PT00001854,U003592,expire,-78,2025-05-19 11:31:51,MOCK0002983
PT00001855,U001973,expire,-309,2025-06-28 04:45:58,MOCK0009504
PT00001856,U004282,order_reward,265,2025-05-17 05:07:02,MOCK0002137
PT00001857,U003618,campaign_reward,556,2026-05-03 15:15:02,MOCK0002787
PT00001858,U003029,campaign_reward,167,2025-01-10 15:59:49,MOCK0002145
PT00001859,U002519,refund_deduct,-625,2026-03-01 22:23:59,MOCK0007293
PT00001860,U002812,order_reward,734,2025-05-23 07:04:12,MOCK0010329
PT00001861,U000582,order_reward,339,2025-09-01 13:17:08,MOCK0007129
PT00001862,U003828,campaign_reward,447,2026-01-26 09:04:28,MOCK0011232
PT00001863,U001202,campaign_reward,79,2025-06-11 03:47:40,MOCK0005842
PT00001864,U003518,order_reward,655,2025-12-10 08:46:56,MOCK0008474
PT00001865,U003117,redeem,-257,2025-09-26 18:56:56,MOCK0011593
PT00001866,U001282,refund_deduct,-158,2025-09-10 08:20:18,MOCK0005880
PT00001867,U004717,order_reward,622,2026-06-08 19:52:34,MOCK0004463
PT00001868,U001157,refund_deduct,-482,2025-03-12 04:24:00,MOCK0005288
PT00001869,U001556,campaign_reward,222,2025-06-12 21:57:25,MOCK0008845
PT00001870,U004636,order_reward,642,2025-04-26 06:18:26,MOCK0000379
PT00001871,U002087,refund_deduct,-37,2025-07-22 20:30:06,MOCK0005563
PT00001872,U001913,expire,-750,2026-07-11 06:41:33,MOCK0010042
PT00001873,U003155,redeem,-191,2025-11-23 04:03:20,MOCK0001154
PT00001874,U003884,refund_deduct,-64,2026-06-23 08:19:38,MOCK0006933
PT00001875,U000018,refund_deduct,-621,2025-06-12 08:07:13,MOCK0009544
PT00001876,U004691,order_reward,311,2025-06-24 18:04:06,MOCK0004701
PT00001877,U003779,redeem,-23,2025-10-13 20:43:22,MOCK0001193
PT00001878,U000714,order_reward,421,2025-05-25 04:55:06,MOCK0001719
PT00001879,U004445,order_reward,22,2026-03-05 10:14:05,MOCK0005570
PT00001880,U000935,campaign_reward,693,2026-06-27 16:55:34,MOCK0010474
PT00001881,U003846,order_reward,214,2026-01-24 11:22:14,MOCK0007829
PT00001882,U001280,redeem,-241,2025-06-11 04:04:59,MOCK0000598
PT00001883,U003836,order_reward,622,2025-04-02 12:25:12,MOCK0002486
PT00001884,U001891,order_reward,435,2025-12-29 02:03:01,MOCK0009462
PT00001885,U001545,campaign_reward,412,2026-06-03 22:10:38,MOCK0004477
PT00001886,U000688,redeem,-796,2025-08-14 18:23:14,MOCK0011235
PT00001887,U003680,order_reward,24,2026-01-31 05:58:00,MOCK0000415
PT00001888,U000567,expire,-598,2026-03-09 19:18:57,MOCK0005283
PT00001889,U001534,expire,-439,2026-02-26 17:57:14,MOCK0008280
PT00001890,U004187,order_reward,555,2025-09-27 06:11:47,MOCK0011305
PT00001891,U003245,campaign_reward,315,2025-11-24 10:07:34,MOCK0000785
PT00001892,U004015,order_reward,720,2025-03-15 12:47:20,MOCK0011384
PT00001893,U002806,redeem,-665,2025-05-30 22:28:46,MOCK0003288
PT00001894,U004035,expire,-142,2025-01-09 01:22:44,MOCK0007453
PT00001895,U004753,order_reward,607,2025-01-03 18:55:40,MOCK0004818
PT00001896,U004971,order_reward,793,2026-07-25 18:24:10,MOCK0003701
PT00001897,U004986,campaign_reward,789,2025-09-22 21:50:54,MOCK0003823
PT00001898,U002103,order_reward,229,2025-07-31 00:53:11,MOCK0006957
PT00001899,U002929,order_reward,346,2026-02-24 16:11:45,MOCK0005623
PT00001900,U002449,expire,-427,2025-05-25 04:12:58,MOCK0004900
PT00001901,U001367,campaign_reward,747,2025-08-02 02:16:34,MOCK0010775
PT00001902,U002631,order_reward,177,2025-12-12 01:45:34,MOCK0007956
PT00001903,U004829,redeem,-245,2026-08-16 04:02:38,MOCK0006099
PT00001904,U003048,campaign_reward,738,2026-04-30 11:42:38,MOCK0005371
PT00001905,U004615,order_reward,494,2025-02-16 04:09:01,MOCK0006151
PT00001906,U004304,redeem,-746,2026-01-28 17:27:03,MOCK0003255
PT00001907,U004769,order_reward,331,2026-06-01 18:41:32,MOCK0007711
PT00001908,U003080,order_reward,728,2026-02-18 22:24:05,MOCK0011923
PT00001909,U004548,order_reward,191,2026-02-12 23:43:30,MOCK0005716
PT00001910,U001572,order_reward,749,2025-01-11 12:16:09,MOCK0005721
PT00001911,U000007,order_reward,215,2026-07-24 12:47:52,MOCK0009508
PT00001912,U003009,refund_deduct,-757,2025-11-09 11:12:28,MOCK0000536
PT00001913,U003606,refund_deduct,-199,2026-05-09 07:33:31,MOCK0001972
PT00001914,U003296,order_reward,64,2025-01-11 06:06:39,MOCK0001729
PT00001915,U000817,order_reward,346,2026-03-13 22:28:05,MOCK0006645
PT00001916,U003241,campaign_reward,6,2025-01-05 23:02:09,MOCK0005858
PT00001917,U000368,order_reward,490,2025-04-04 00:47:56,MOCK0000922
PT00001918,U002586,expire,-148,2025-06-18 11:41:52,MOCK0008072
PT00001919,U004691,order_reward,311,2025-06-02 06:07:11,MOCK0002645
PT00001920,U001799,order_reward,63,2026-05-26 19:46:50,MOCK0009317
PT00001921,U001101,order_reward,304,2025-05-30 13:36:31,MOCK0011471
PT00001922,U004707,campaign_reward,704,2025-06-16 05:31:13,MOCK0008628
PT00001923,U001021,order_reward,341,2025-12-05 02:43:13,MOCK0009928
PT00001924,U001719,order_reward,391,2025-12-28 23:48:48,MOCK0000448
PT00001925,U002848,order_reward,395,2026-05-04 06:37:58,MOCK0003396
PT00001926,U003692,campaign_reward,416,2026-03-09 06:17:00,MOCK0001219
PT00001927,U003480,order_reward,285,2026-05-19 11:02:37,MOCK0002811
PT00001928,U000918,order_reward,303,2025-07-11 13:48:26,MOCK0000761
PT00001929,U000967,order_reward,314,2025-09-21 07:54:43,MOCK0007095
PT00001930,U000252,order_reward,82,2025-07-07 23:09:11,MOCK0001682
PT00001931,U003836,order_reward,7,2026-07-23 09:03:44,MOCK0002881
PT00001932,U002245,campaign_reward,325,2026-03-01 01:59:31,MOCK0009406
PT00001933,U001616,campaign_reward,692,2025-10-25 20:39:38,MOCK0010097
PT00001934,U004551,redeem,-142,2025-12-30 06:38:49,MOCK0006779
PT00001935,U003653,order_reward,253,2026-08-04 16:21:20,MOCK0006486
PT00001936,U004778,campaign_reward,64,2025-06-11 15:40:51,MOCK0010938
PT00001937,U004198,refund_deduct,-597,2025-09-14 20:30:52,MOCK0001646
PT00001938,U002361,order_reward,288,2026-08-16 15:37:06,MOCK0006961
PT00001939,U002978,order_reward,182,2025-04-11 13:48:51,MOCK0002543
PT00001940,U002082,order_reward,247,2025-06-12 19:30:52,MOCK0011120
PT00001941,U000309,campaign_reward,167,2025-05-23 23:34:06,MOCK0007199
PT00001942,U002057,redeem,-779,2026-04-14 22:47:11,MOCK0001040
PT00001943,U002313,order_reward,92,2025-06-26 21:54:02,MOCK0006545
PT00001944,U004517,redeem,-14,2025-11-26 18:08:43,MOCK0011803
PT00001945,U000231,campaign_reward,380,2026-04-21 16:12:32,MOCK0003688
PT00001946,U002697,order_reward,203,2026-05-21 03:56:46,MOCK0011006
PT00001947,U002002,redeem,-786,2025-10-21 16:56:20,MOCK0006954
PT00001948,U003727,campaign_reward,343,2026-06-30 01:22:26,MOCK0007278
PT00001949,U001209,refund_deduct,-495,2025-10-25 17:15:01,MOCK0004802
PT00001950,U002937,order_reward,172,2026-03-06 16:35:09,MOCK0001948
PT00001951,U002110,order_reward,129,2026-06-04 23:10:13,MOCK0011355
PT00001952,U001633,redeem,-423,2026-06-29 03:25:02,MOCK0002914
PT00001953,U004903,order_reward,111,2025-10-25 19:16:38,MOCK0009898
PT00001954,U004184,order_reward,164,2026-04-03 11:00:45,MOCK0004705
PT00001955,U003093,campaign_reward,502,2025-11-14 01:33:09,MOCK0002956
PT00001956,U003294,refund_deduct,-219,2025-10-20 17:05:10,MOCK0004019
PT00001957,U003064,campaign_reward,458,2026-01-07 20:59:23,MOCK0009509
PT00001958,U000122,order_reward,241,2025-10-30 22:09:56,MOCK0003072
PT00001959,U001690,redeem,-448,2026-03-09 21:56:36,MOCK0000142
PT00001960,U004237,order_reward,494,2025-01-16 17:45:37,MOCK0004377
PT00001961,U002996,order_reward,780,2025-02-11 22:20:59,MOCK0004135
PT00001962,U000888,expire,-762,2025-07-05 18:37:14,MOCK0000461
PT00001963,U001142,expire,-576,2025-06-26 13:00:12,MOCK0008076
PT00001964,U000361,order_reward,607,2025-07-14 05:12:59,MOCK0008331
PT00001965,U000670,redeem,-554,2026-06-24 20:07:46,MOCK0004199
PT00001966,U001514,order_reward,88,2026-07-29 02:45:25,MOCK0004354
PT00001967,U001288,order_reward,652,2025-07-26 07:44:34,MOCK0004724
PT00001968,U002604,order_reward,288,2025-08-21 08:08:40,MOCK0011688
PT00001969,U000942,order_reward,372,2025-11-04 08:03:21,MOCK0002273
PT00001970,U000544,campaign_reward,754,2026-07-05 03:49:40,MOCK0001875
PT00001971,U002008,expire,-70,2025-08-15 17:42:31,MOCK0003325
PT00001972,U000760,campaign_reward,291,2025-10-25 20:14:52,MOCK0011019
PT00001973,U001725,order_reward,517,2026-08-13 21:21:32,MOCK0005655
PT00001974,U001796,order_reward,648,2025-07-07 14:22:05,MOCK0007487
PT00001975,U000464,campaign_reward,412,2026-02-03 20:41:00,MOCK0003805
PT00001976,U003298,order_reward,298,2025-03-05 20:18:54,MOCK0008083
PT00001977,U004797,redeem,-383,2025-01-04 03:08:41,MOCK0004859
PT00001978,U002068,order_reward,227,2026-02-21 13:23:24,MOCK0001775
PT00001979,U001240,refund_deduct,-100,2025-02-23 03:07:08,MOCK0009356
PT00001980,U002672,expire,-387,2026-01-08 00:55:56,MOCK0003955
PT00001981,U004331,campaign_reward,555,2026-08-05 09:19:26,MOCK0003901
PT00001982,U004819,redeem,-659,2025-09-16 23:18:48,MOCK0000936
PT00001983,U000172,campaign_reward,394,2025-01-08 17:16:01,MOCK0009017
PT00001984,U004200,order_reward,76,2025-12-24 09:27:19,MOCK0010097
PT00001985,U000139,refund_deduct,-289,2026-08-03 19:32:36,MOCK0011273
PT00001986,U003256,order_reward,679,2026-05-01 17:55:20,MOCK0011858
PT00001987,U001009,redeem,-483,2026-08-09 09:45:40,MOCK0000522
PT00001988,U002761,order_reward,489,2025-01-15 05:38:41,MOCK0006620
PT00001989,U002081,refund_deduct,-145,2026-06-28 22:15:45,MOCK0011843
PT00001990,U000679,order_reward,149,2026-05-28 19:48:12,MOCK0008568
PT00001991,U002455,refund_deduct,-168,2025-10-27 20:13:02,MOCK0007086
PT00001992,U001873,campaign_reward,474,2025-08-13 04:27:28,MOCK0006951
PT00001993,U003029,refund_deduct,-240,2025-03-19 19:37:05,MOCK0005753
PT00001994,U000299,refund_deduct,-733,2025-06-24 14:57:12,MOCK0010195
PT00001995,U002727,order_reward,755,2025-01-24 15:37:06,MOCK0004440
PT00001996,U003158,order_reward,657,2026-05-05 10:49:11,MOCK0007289
PT00001997,U002334,redeem,-450,2025-03-03 04:22:47,MOCK0003334
PT00001998,U001819,order_reward,499,2026-06-05 03:55:22,MOCK0004272
PT00001999,U000316,order_reward,572,2025-05-05 06:06:55,MOCK0007093
PT00002000,U001614,redeem,-362,2025-05-08 03:44:54,MOCK0007302
PT00002001,U000943,order_reward,403,2026-08-08 01:37:09,MOCK0000247
PT00002002,U004908,expire,-233,2025-11-02 06:55:50,MOCK0008548
PT00002003,U000098,order_reward,570,2026-05-10 23:57:05,MOCK0001787
PT00002004,U002409,refund_deduct,-752,2025-09-19 14:54:10,MOCK0008585
PT00002005,U004149,campaign_reward,207,2025-12-21 18:44:04,MOCK0003033
PT00002006,U004111,order_reward,681,2026-04-13 11:42:00,MOCK0011349
PT00002007,U002817,expire,-422,2025-02-25 09:19:37,MOCK0011778
PT00002008,U003377,order_reward,51,2025-06-13 21:08:51,MOCK0011378
PT00002009,U003687,campaign_reward,264,2026-03-20 14:14:58,MOCK0008485
PT00002010,U000318,order_reward,11,2026-01-18 23:12:12,MOCK0010532
PT00002011,U000337,expire,-596,2025-03-16 09:37:27,MOCK0009678
PT00002012,U001808,campaign_reward,159,2026-08-07 10:23:28,MOCK0004705
PT00002013,U004515,order_reward,134,2025-12-28 10:24:01,MOCK0010110
PT00002014,U003144,order_reward,727,2026-01-22 18:49:56,MOCK0011647
PT00002015,U001258,campaign_reward,513,2026-05-27 17:19:53,MOCK0006243
PT00002016,U003460,order_reward,46,2026-03-02 17:03:32,MOCK0001340
PT00002017,U003534,order_reward,146,2025-01-06 16:19:10,MOCK0011474
PT00002018,U004986,refund_deduct,-299,2025-11-02 12:00:40,MOCK0011586
PT00002019,U004024,campaign_reward,176,2026-06-30 04:09:18,MOCK0000093
PT00002020,U004624,expire,-442,2026-02-13 12:14:54,MOCK0002535
PT00002021,U003513,order_reward,337,2025-11-22 04:25:25,MOCK0011895
PT00002022,U000731,order_reward,750,2025-07-15 08:40:11,MOCK0002116
PT00002023,U000761,order_reward,759,2025-12-01 02:39:21,MOCK0009044
PT00002024,U004296,order_reward,667,2025-10-10 12:08:13,MOCK0006219
PT00002025,U002500,order_reward,249,2026-06-18 19:06:40,MOCK0002079
PT00002026,U002225,refund_deduct,-771,2026-02-18 08:45:19,MOCK0009297
PT00002027,U002339,order_reward,527,2026-03-23 15:40:52,MOCK0005957
PT00002028,U002290,order_reward,174,2026-04-22 19:11:42,MOCK0000728
PT00002029,U000630,campaign_reward,396,2025-12-29 21:01:22,MOCK0005752
PT00002030,U004030,order_reward,201,2025-11-14 02:55:01,MOCK0009668
PT00002031,U002039,campaign_reward,739,2025-01-28 14:13:15,MOCK0003344
PT00002032,U002045,order_reward,707,2025-11-26 13:39:04,MOCK0007041
PT00002033,U002184,order_reward,509,2026-06-24 02:10:53,MOCK0000496
PT00002034,U003431,order_reward,513,2026-07-19 07:14:11,MOCK0011764
PT00002035,U000904,order_reward,87,2026-03-15 09:35:23,MOCK0008284
PT00002036,U001087,order_reward,424,2025-11-28 06:02:26,MOCK0009183
PT00002037,U004073,order_reward,485,2026-05-30 13:54:42,MOCK0010026
PT00002038,U000018,order_reward,402,2026-04-16 18:33:03,MOCK0006034
PT00002039,U003422,order_reward,127,2025-09-18 08:34:31,MOCK0011156
PT00002040,U003874,order_reward,274,2026-08-21 21:57:38,MOCK0007011
PT00002041,U003792,order_reward,717,2025-01-19 09:35:38,MOCK0000650
PT00002042,U003443,redeem,-338,2026-02-19 03:32:04,MOCK0007257
PT00002043,U003934,redeem,-249,2025-02-15 19:48:22,MOCK0004741
PT00002044,U001656,campaign_reward,733,2025-09-10 05:02:46,MOCK0001737
PT00002045,U001671,order_reward,252,2025-06-01 10:26:07,MOCK0009163
PT00002046,U002395,order_reward,548,2026-07-04 19:41:58,MOCK0001174
PT00002047,U004049,order_reward,474,2026-04-03 21:31:54,MOCK0000747
PT00002048,U002129,order_reward,656,2025-11-18 19:04:38,MOCK0004928
PT00002049,U004628,redeem,-60,2025-02-21 21:37:42,MOCK0009196
PT00002050,U003790,order_reward,534,2025-06-13 19:13:55,MOCK0007343
PT00002051,U001391,expire,-570,2025-03-12 21:51:35,MOCK0010244
PT00002052,U002981,order_reward,557,2025-07-03 06:09:36,MOCK0010368
PT00002053,U001273,order_reward,496,2026-07-12 12:51:16,MOCK0009501
PT00002054,U002098,redeem,-415,2025-09-22 13:23:47,MOCK0000019
PT00002055,U004856,campaign_reward,356,2025-02-06 17:23:14,MOCK0000022
PT00002056,U001303,campaign_reward,142,2025-10-26 05:04:13,MOCK0002497
PT00002057,U000934,expire,-309,2025-11-26 16:54:42,MOCK0001937
PT00002058,U001763,order_reward,20,2026-08-10 06:07:33,MOCK0006560
PT00002059,U004392,redeem,-753,2025-08-06 14:50:38,MOCK0002597
PT00002060,U000080,refund_deduct,-195,2025-01-26 04:05:32,MOCK0005588
PT00002061,U001443,campaign_reward,449,2026-06-03 17:45:22,MOCK0003787
PT00002062,U001105,campaign_reward,111,2025-10-16 09:37:17,MOCK0002053
PT00002063,U000239,refund_deduct,-269,2025-10-14 17:21:51,MOCK0003926
PT00002064,U004296,campaign_reward,613,2025-10-29 18:28:14,MOCK0002017
PT00002065,U003479,redeem,-780,2025-08-19 22:16:00,MOCK0010122
PT00002066,U000266,refund_deduct,-422,2025-09-15 04:34:30,MOCK0006492
PT00002067,U000602,order_reward,774,2026-03-16 16:53:16,MOCK0010117
PT00002068,U001618,redeem,-405,2025-12-16 16:23:20,MOCK0001322
PT00002069,U000932,order_reward,5,2026-04-16 17:30:46,MOCK0003629
PT00002070,U003026,order_reward,552,2026-03-05 00:04:33,MOCK0005069
PT00002071,U000257,redeem,-303,2025-09-27 17:59:24,MOCK0000030
PT00002072,U002846,order_reward,741,2026-02-03 23:56:31,MOCK0004010
PT00002073,U002235,order_reward,691,2025-03-04 12:16:51,MOCK0000622
PT00002074,U001949,order_reward,229,2026-03-31 20:58:17,MOCK0008983
PT00002075,U003144,redeem,-356,2025-08-27 11:33:29,MOCK0011729
PT00002076,U002852,campaign_reward,427,2025-01-25 17:36:36,MOCK0009560
PT00002077,U001180,campaign_reward,138,2025-08-03 12:58:56,MOCK0004370
PT00002078,U004684,redeem,-475,2025-09-11 13:03:39,MOCK0001425
PT00002079,U001620,expire,-212,2026-06-09 22:26:59,MOCK0009648
PT00002080,U004174,order_reward,143,2025-03-17 16:37:07,MOCK0009175
PT00002081,U000085,order_reward,796,2026-02-22 17:37:51,MOCK0010687
PT00002082,U000007,campaign_reward,120,2025-12-27 19:14:45,MOCK0000068
PT00002083,U000315,expire,-407,2026-02-22 18:58:20,MOCK0002151
PT00002084,U002741,refund_deduct,-384,2025-12-10 20:46:07,MOCK0001373
PT00002085,U003247,order_reward,447,2025-02-25 10:03:18,MOCK0001009
PT00002086,U003181,order_reward,494,2025-01-09 01:47:46,MOCK0011604
PT00002087,U000730,campaign_reward,135,2026-08-22 15:52:40,MOCK0006240
PT00002088,U004325,order_reward,145,2026-04-01 14:19:45,MOCK0003511
PT00002089,U004897,expire,-592,2025-01-14 15:49:20,MOCK0008883
PT00002090,U000702,order_reward,724,2025-11-12 05:02:43,MOCK0009773
PT00002091,U003174,expire,-381,2026-05-14 18:44:06,MOCK0000021
PT00002092,U000138,order_reward,271,2026-01-18 11:28:39,MOCK0008047
PT00002093,U003150,order_reward,324,2025-06-10 20:48:03,MOCK0003055
PT00002094,U001575,campaign_reward,787,2025-09-23 22:45:23,MOCK0010170
PT00002095,U003450,order_reward,37,2026-06-18 09:24:26,MOCK0002143
PT00002096,U000085,expire,-154,2026-04-03 11:59:50,MOCK0004256
PT00002097,U001419,order_reward,487,2026-02-26 12:01:01,MOCK0008933
PT00002098,U001954,campaign_reward,798,2026-06-18 07:59:54,MOCK0002266
PT00002099,U002143,order_reward,305,2025-07-15 01:05:54,MOCK0006287
PT00002100,U003946,redeem,-758,2025-02-15 21:10:24,MOCK0009753
PT00002101,U002458,campaign_reward,140,2025-11-18 23:05:25,MOCK0008316
PT00002102,U004471,redeem,-654,2025-04-06 02:50:57,MOCK0004351
PT00002103,U001181,order_reward,771,2025-04-05 03:19:02,MOCK0010576
PT00002104,U000702,campaign_reward,298,2026-03-07 06:35:31,MOCK0004061
PT00002105,U000657,redeem,-200,2025-06-20 20:38:57,MOCK0001837
PT00002106,U000437,order_reward,372,2025-12-01 23:18:28,MOCK0009737
PT00002107,U004418,order_reward,279,2026-08-15 12:26:58,MOCK0003761
PT00002108,U004720,order_reward,204,2025-09-29 03:37:40,MOCK0002503
PT00002109,U001710,expire,-212,2025-12-14 18:43:04,MOCK0006139
PT00002110,U003930,expire,-252,2026-03-05 06:24:17,MOCK0000694
PT00002111,U003395,expire,-467,2026-01-05 23:49:26,MOCK0007125
PT00002112,U003933,order_reward,538,2026-05-22 16:41:47,MOCK0007522
PT00002113,U004376,redeem,-551,2025-11-04 00:17:46,MOCK0007351
PT00002114,U000883,redeem,-186,2026-08-14 07:14:53,MOCK0011765
PT00002115,U002029,campaign_reward,532,2025-08-05 22:17:46,MOCK0006183
PT00002116,U003740,order_reward,31,2026-03-16 00:15:52,MOCK0001883
PT00002117,U001361,order_reward,627,2025-06-05 16:54:54,MOCK0000842
PT00002118,U002347,campaign_reward,361,2025-11-10 05:38:08,MOCK0009860
PT00002119,U002766,order_reward,23,2025-12-06 09:09:23,MOCK0006633
PT00002120,U004067,expire,-611,2025-09-20 09:16:28,MOCK0003170
PT00002121,U003690,redeem,-354,2026-02-07 19:19:49,MOCK0008621
PT00002122,U001858,order_reward,673,2025-06-02 00:16:31,MOCK0007902
PT00002123,U001317,order_reward,276,2025-01-31 10:29:51,MOCK0009887
PT00002124,U000579,order_reward,629,2026-04-03 21:43:58,MOCK0006387
PT00002125,U003203,campaign_reward,763,2026-08-20 18:24:54,MOCK0002745
PT00002126,U002564,redeem,-216,2025-12-03 10:50:43,MOCK0009314
PT00002127,U003490,order_reward,644,2025-04-01 07:22:25,MOCK0005213
PT00002128,U000832,order_reward,25,2026-05-12 13:59:49,MOCK0004744
PT00002129,U001837,redeem,-774,2025-03-01 06:53:57,MOCK0010646
PT00002130,U000308,redeem,-535,2025-03-07 08:31:59,MOCK0006032
PT00002131,U001357,expire,-411,2025-04-27 16:05:47,MOCK0001760
PT00002132,U004186,expire,-600,2025-01-11 14:18:34,MOCK0000570
PT00002133,U000878,order_reward,480,2026-03-24 06:33:58,MOCK0005026
PT00002134,U003502,redeem,-375,2025-03-08 02:43:51,MOCK0006558
PT00002135,U000883,campaign_reward,394,2026-02-26 03:12:14,MOCK0000693
PT00002136,U003577,campaign_reward,365,2025-01-16 16:59:22,MOCK0003849
PT00002137,U001801,order_reward,517,2026-02-16 23:46:07,MOCK0003307
PT00002138,U000703,refund_deduct,-455,2026-01-16 18:45:52,MOCK0002043
PT00002139,U004773,expire,-358,2025-05-30 12:56:56,MOCK0008168
PT00002140,U001186,campaign_reward,107,2026-03-24 05:21:17,MOCK0002859
PT00002141,U001787,order_reward,484,2025-07-20 19:48:50,MOCK0005602
PT00002142,U004406,campaign_reward,217,2025-11-01 08:54:15,MOCK0007607
PT00002143,U001752,expire,-643,2025-11-06 16:37:39,MOCK0005272
PT00002144,U004877,order_reward,228,2025-05-03 04:01:43,MOCK0010412
PT00002145,U004829,redeem,-624,2026-05-28 07:09:22,MOCK0010802
PT00002146,U000420,order_reward,376,2025-10-18 03:10:07,MOCK0010073
PT00002147,U003308,order_reward,12,2025-05-29 22:07:02,MOCK0011240
PT00002148,U003938,order_reward,712,2026-05-31 04:34:26,MOCK0001150
PT00002149,U004037,order_reward,708,2026-08-09 13:11:40,MOCK0003785
PT00002150,U002288,redeem,-591,2026-02-07 19:32:09,MOCK0005440
PT00002151,U000031,refund_deduct,-631,2026-08-10 23:10:40,MOCK0008489
PT00002152,U001398,expire,-363,2025-08-28 12:32:12,MOCK0007467
PT00002153,U000027,expire,-130,2026-07-09 02:54:29,MOCK0008792
PT00002154,U000599,redeem,-146,2025-03-21 20:11:47,MOCK0005670
PT00002155,U001278,order_reward,162,2025-03-12 11:33:33,MOCK0004772
PT00002156,U004537,redeem,-17,2026-05-19 01:11:51,MOCK0004476
PT00002157,U002309,order_reward,183,2025-10-16 08:21:27,MOCK0010248
PT00002158,U000799,order_reward,394,2025-02-06 11:25:12,MOCK0004229
PT00002159,U001154,order_reward,413,2026-03-05 15:16:28,MOCK0009028
PT00002160,U002659,refund_deduct,-587,2025-09-12 15:40:33,MOCK0003952
PT00002161,U004039,order_reward,527,2026-04-27 12:27:09,MOCK0008749
PT00002162,U000195,redeem,-664,2025-12-21 02:54:25,MOCK0008935
PT00002163,U002020,campaign_reward,435,2025-11-11 21:33:57,MOCK0005815
PT00002164,U002118,campaign_reward,620,2025-07-12 16:04:19,MOCK0002788
PT00002165,U004117,redeem,-707,2026-05-31 17:06:38,MOCK0002798
PT00002166,U002333,order_reward,198,2026-06-06 13:46:56,MOCK0009556
PT00002167,U003119,redeem,-174,2025-10-04 03:23:01,MOCK0005273
PT00002168,U000427,order_reward,113,2026-07-28 05:31:22,MOCK0003480
PT00002169,U000067,order_reward,124,2026-05-07 23:51:36,MOCK0005066
PT00002170,U004799,order_reward,140,2026-04-30 14:26:26,MOCK0003753
PT00002171,U000757,order_reward,314,2025-11-26 14:27:30,MOCK0007009
PT00002172,U001079,campaign_reward,404,2025-08-01 04:43:29,MOCK0001223
PT00002173,U000494,order_reward,47,2025-04-10 13:59:46,MOCK0009256
PT00002174,U002435,order_reward,278,2025-11-29 18:36:14,MOCK0008792
PT00002175,U003214,redeem,-320,2025-06-29 13:39:43,MOCK0009050
PT00002176,U004670,campaign_reward,238,2025-06-28 16:54:36,MOCK0011785
PT00002177,U001060,expire,-767,2025-12-12 18:51:12,MOCK0000394
PT00002178,U003532,order_reward,6,2025-07-26 23:02:50,MOCK0003988
PT00002179,U003869,order_reward,510,2026-05-20 04:29:00,MOCK0001163
PT00002180,U004433,expire,-152,2025-01-10 09:42:00,MOCK0010948
PT00002181,U004269,expire,-346,2025-05-28 22:00:15,MOCK0008695
PT00002182,U001708,campaign_reward,81,2026-06-25 23:49:54,MOCK0004484
PT00002183,U003341,campaign_reward,65,2025-07-20 23:07:15,MOCK0001379
PT00002184,U002443,order_reward,708,2025-12-20 03:57:11,MOCK0011132
PT00002185,U002274,order_reward,779,2026-07-18 10:16:17,MOCK0008023
PT00002186,U004463,order_reward,273,2025-05-13 08:12:48,MOCK0006616
PT00002187,U003848,redeem,-212,2025-09-03 02:09:24,MOCK0002212
PT00002188,U002007,redeem,-391,2025-03-23 21:19:11,MOCK0002623
PT00002189,U003159,refund_deduct,-648,2025-01-29 16:49:41,MOCK0009987
PT00002190,U001511,order_reward,10,2025-07-31 11:50:26,MOCK0003328
PT00002191,U004965,order_reward,73,2025-12-17 03:06:03,MOCK0005871
PT00002192,U000751,order_reward,430,2026-08-11 14:47:49,MOCK0002332
PT00002193,U000563,order_reward,668,2026-04-16 07:30:13,MOCK0004765
PT00002194,U001940,campaign_reward,338,2025-05-10 03:04:59,MOCK0011478
PT00002195,U000759,redeem,-314,2025-08-13 20:23:28,MOCK0003727
PT00002196,U004437,order_reward,295,2025-03-17 05:50:15,MOCK0009425
PT00002197,U002383,order_reward,535,2025-03-19 21:15:09,MOCK0008573
PT00002198,U004340,order_reward,125,2026-05-29 10:46:51,MOCK0008298
PT00002199,U001240,order_reward,271,2026-02-15 03:03:40,MOCK0005278
PT00002200,U004442,campaign_reward,627,2025-09-18 06:52:09,MOCK0009135
PT00002201,U002317,order_reward,540,2025-09-24 03:51:02,MOCK0005070
PT00002202,U001075,expire,-580,2026-07-14 15:56:30,MOCK0005807
PT00002203,U002537,expire,-473,2025-02-21 20:18:58,MOCK0004063
PT00002204,U003700,redeem,-650,2025-09-19 16:24:52,MOCK0003570
PT00002205,U004768,refund_deduct,-450,2025-04-19 21:25:51,MOCK0001294
PT00002206,U001730,order_reward,182,2026-02-07 00:45:32,MOCK0005883
PT00002207,U004398,expire,-670,2025-04-05 16:53:57,MOCK0002603
PT00002208,U000220,refund_deduct,-567,2026-05-30 08:37:45,MOCK0009234
PT00002209,U003377,order_reward,107,2025-05-09 14:19:20,MOCK0005307
PT00002210,U000474,expire,-617,2025-10-29 07:05:45,MOCK0010567
PT00002211,U004024,expire,-449,2025-04-05 16:27:59,MOCK0011160
PT00002212,U000675,refund_deduct,-143,2026-03-31 04:14:05,MOCK0000312
PT00002213,U000467,order_reward,203,2026-02-11 23:01:41,MOCK0011594
PT00002214,U001190,redeem,-771,2025-08-04 13:42:17,MOCK0001481
PT00002215,U004035,campaign_reward,637,2025-11-23 02:01:15,MOCK0010386
PT00002216,U003041,order_reward,396,2026-01-27 19:20:00,MOCK0002875
PT00002217,U002441,campaign_reward,533,2026-07-03 19:31:04,MOCK0000406
PT00002218,U004187,expire,-47,2025-01-24 13:00:26,MOCK0008521
PT00002219,U001142,redeem,-671,2026-06-25 16:11:59,MOCK0003106
PT00002220,U004433,order_reward,392,2025-12-15 06:12:46,MOCK0007807
PT00002221,U000988,redeem,-154,2026-04-16 08:33:12,MOCK0005561
PT00002222,U001763,campaign_reward,273,2025-02-12 15:12:37,MOCK0010019
PT00002223,U004028,order_reward,165,2025-07-09 15:53:08,MOCK0000263
PT00002224,U002836,order_reward,671,2025-08-05 05:53:49,MOCK0005501
PT00002225,U002190,order_reward,68,2025-11-28 08:54:10,MOCK0004760
PT00002226,U004740,order_reward,581,2026-05-28 17:43:24,MOCK0000568
PT00002227,U000490,order_reward,81,2026-05-28 11:35:13,MOCK0006920
PT00002228,U000450,campaign_reward,796,2026-05-25 12:57:52,MOCK0002339
PT00002229,U001697,order_reward,381,2025-01-20 09:28:11,MOCK0005328
PT00002230,U002704,campaign_reward,371,2025-04-20 10:03:10,MOCK0005926
PT00002231,U001117,campaign_reward,696,2025-04-20 10:03:00,MOCK0011771
PT00002232,U000789,order_reward,368,2026-08-04 12:03:40,MOCK0006787
PT00002233,U004343,refund_deduct,-186,2026-07-22 14:37:21,MOCK0008859
PT00002234,U002232,order_reward,611,2025-11-25 09:17:29,MOCK0009984
PT00002235,U002132,order_reward,36,2025-01-28 12:59:49,MOCK0007674
PT00002236,U002049,order_reward,403,2026-03-09 09:49:08,MOCK0006141
PT00002237,U001967,order_reward,292,2025-11-03 16:04:30,MOCK0005267
PT00002238,U003567,order_reward,662,2026-03-27 09:19:45,MOCK0004604
PT00002239,U001886,campaign_reward,697,2025-05-17 15:26:14,MOCK0000349
PT00002240,U001218,order_reward,323,2025-02-14 04:18:31,MOCK0010724
PT00002241,U002846,order_reward,792,2026-07-23 07:14:19,MOCK0009650
PT00002242,U002290,order_reward,463,2025-04-23 06:24:47,MOCK0003777
PT00002243,U002530,campaign_reward,466,2026-08-03 11:08:37,MOCK0007063
PT00002244,U004688,expire,-508,2025-04-12 04:03:31,MOCK0009890
PT00002245,U000928,redeem,-726,2025-11-13 22:21:42,MOCK0010744
PT00002246,U003888,order_reward,613,2026-01-27 08:02:45,MOCK0003557
PT00002247,U000164,order_reward,742,2026-02-27 16:37:07,MOCK0004782
PT00002248,U002459,order_reward,134,2025-01-02 16:00:52,MOCK0005859
PT00002249,U004243,order_reward,492,2025-03-10 09:26:34,MOCK0008240
PT00002250,U001173,redeem,-570,2026-06-11 08:14:33,MOCK0000001
PT00002251,U002341,order_reward,24,2025-10-18 19:50:40,MOCK0009317
PT00002252,U003894,redeem,-87,2025-09-29 23:47:51,MOCK0002123
PT00002253,U000353,campaign_reward,7,2025-04-03 07:08:17,MOCK0005268
PT00002254,U001669,order_reward,370,2026-03-07 10:30:39,MOCK0001090
PT00002255,U001727,order_reward,710,2025-12-17 07:26:24,MOCK0002600
PT00002256,U003151,expire,-722,2025-06-19 10:45:13,MOCK0008250
PT00002257,U003738,redeem,-121,2025-10-24 02:14:26,MOCK0006577
PT00002258,U004079,order_reward,365,2025-03-12 08:34:43,MOCK0009867
PT00002259,U002819,expire,-430,2025-02-19 16:51:24,MOCK0008702
PT00002260,U003868,order_reward,738,2025-08-25 22:21:40,MOCK0002320
PT00002261,U000901,refund_deduct,-431,2026-04-02 16:00:28,MOCK0003811
PT00002262,U002027,order_reward,45,2025-08-19 22:20:54,MOCK0008020
PT00002263,U000916,order_reward,21,2025-12-03 22:02:03,MOCK0003282
PT00002264,U000556,order_reward,691,2025-11-21 19:40:23,MOCK0006482
PT00002265,U002005,refund_deduct,-354,2025-05-26 21:59:56,MOCK0004842
PT00002266,U004594,order_reward,476,2025-04-15 15:51:47,MOCK0009680
PT00002267,U000775,order_reward,757,2026-07-13 02:39:00,MOCK0002341
PT00002268,U002792,redeem,-90,2025-07-26 02:12:07,MOCK0004850
PT00002269,U004799,redeem,-311,2026-04-27 18:12:14,MOCK0004184
PT00002270,U002430,redeem,-316,2026-03-07 05:41:53,MOCK0005659
PT00002271,U001232,refund_deduct,-396,2025-10-25 01:41:30,MOCK0001501
PT00002272,U003462,redeem,-109,2025-01-26 20:30:16,MOCK0000018
PT00002273,U000890,campaign_reward,682,2026-03-15 14:13:41,MOCK0002902
PT00002274,U000475,campaign_reward,717,2025-04-09 07:45:22,MOCK0004303
PT00002275,U003174,order_reward,492,2026-05-09 16:05:59,MOCK0007584
PT00002276,U000231,order_reward,71,2025-11-15 11:47:24,MOCK0007571
PT00002277,U001580,redeem,-146,2025-03-02 00:55:26,MOCK0005542
PT00002278,U001986,refund_deduct,-367,2026-07-30 01:04:40,MOCK0000427
PT00002279,U002948,order_reward,149,2026-08-19 22:20:48,MOCK0007050
PT00002280,U003751,order_reward,269,2026-02-03 10:46:13,MOCK0009220
PT00002281,U000152,campaign_reward,259,2025-04-12 07:13:37,MOCK0001156
PT00002282,U002841,order_reward,238,2026-04-26 07:15:56,MOCK0007304
PT00002283,U005000,campaign_reward,22,2026-03-22 19:09:11,MOCK0010286
PT00002284,U004135,refund_deduct,-610,2025-01-06 21:53:01,MOCK0007806
PT00002285,U000628,campaign_reward,38,2025-05-07 10:12:29,MOCK0008703
PT00002286,U004483,refund_deduct,-105,2025-04-29 19:06:34,MOCK0010792
PT00002287,U003915,order_reward,135,2025-03-20 09:59:30,MOCK0011264
PT00002288,U001425,refund_deduct,-774,2026-06-14 18:10:52,MOCK0011881
PT00002289,U000654,redeem,-528,2026-08-18 07:00:25,MOCK0002267
PT00002290,U002497,order_reward,48,2025-05-03 13:46:34,MOCK0007947
PT00002291,U002878,order_reward,723,2026-06-08 16:16:05,MOCK0006825
PT00002292,U003919,order_reward,235,2025-12-28 10:14:44,MOCK0011115
PT00002293,U000679,expire,-282,2025-02-05 14:13:52,MOCK0004687
PT00002294,U003847,refund_deduct,-246,2025-03-17 11:24:31,MOCK0003627
PT00002295,U003565,redeem,-680,2026-08-02 02:56:00,MOCK0003660
PT00002296,U003638,campaign_reward,743,2026-05-25 13:29:28,MOCK0007727
PT00002297,U000309,order_reward,88,2026-04-03 09:07:57,MOCK0002602
PT00002298,U000629,redeem,-311,2025-04-24 13:17:35,MOCK0006262
PT00002299,U001427,refund_deduct,-793,2025-12-02 03:12:16,MOCK0006844
PT00002300,U002979,order_reward,381,2026-04-09 14:47:58,MOCK0009708
PT00002301,U004936,order_reward,170,2025-12-26 13:06:22,MOCK0007813
PT00002302,U000312,order_reward,431,2025-04-15 23:14:50,MOCK0011335
PT00002303,U002232,expire,-40,2026-06-04 02:37:56,MOCK0008458
PT00002304,U000018,order_reward,212,2025-08-16 01:16:29,MOCK0009620
PT00002305,U003976,campaign_reward,754,2025-07-02 08:11:21,MOCK0011961
PT00002306,U003834,redeem,-414,2025-06-01 06:51:17,MOCK0000515
PT00002307,U003346,campaign_reward,775,2026-02-19 18:41:54,MOCK0009612
PT00002308,U003144,order_reward,537,2025-10-16 23:33:24,MOCK0007233
PT00002309,U003688,order_reward,516,2026-03-07 12:35:53,MOCK0007650
PT00002310,U003256,order_reward,15,2026-08-18 04:45:33,MOCK0001024
PT00002311,U003008,order_reward,593,2025-03-02 01:07:29,MOCK0005072
PT00002312,U004606,order_reward,348,2026-03-19 03:43:56,MOCK0008722
PT00002313,U004635,order_reward,15,2026-07-20 07:35:18,MOCK0008191
PT00002314,U001403,order_reward,321,2025-01-30 16:49:31,MOCK0009280
PT00002315,U002491,order_reward,323,2025-08-02 06:39:53,MOCK0001102
PT00002316,U004845,order_reward,130,2025-11-14 10:05:21,MOCK0007572
PT00002317,U000580,expire,-70,2026-08-17 13:00:40,MOCK0011569
PT00002318,U004122,campaign_reward,78,2025-01-19 17:26:38,MOCK0006248
PT00002319,U004370,order_reward,361,2025-02-02 12:36:32,MOCK0009954
PT00002320,U004768,order_reward,211,2025-06-03 19:45:22,MOCK0003867
PT00002321,U003897,campaign_reward,753,2025-07-20 13:03:27,MOCK0007945
PT00002322,U003318,redeem,-314,2026-04-12 13:37:38,MOCK0002850
PT00002323,U000509,order_reward,154,2026-02-28 05:59:56,MOCK0009702
PT00002324,U001337,order_reward,411,2026-05-10 19:50:07,MOCK0005115
PT00002325,U000071,expire,-696,2025-06-04 15:04:17,MOCK0009754
PT00002326,U004005,order_reward,779,2025-10-08 02:06:19,MOCK0011364
PT00002327,U004646,order_reward,771,2026-07-14 01:30:18,MOCK0007278
PT00002328,U000988,order_reward,788,2025-12-24 04:10:45,MOCK0011265
PT00002329,U004515,expire,-793,2025-12-13 06:32:08,MOCK0005777
PT00002330,U004170,order_reward,453,2026-04-22 11:27:30,MOCK0003817
PT00002331,U003924,refund_deduct,-181,2025-05-12 04:53:08,MOCK0003005
PT00002332,U004709,expire,-178,2026-02-14 22:02:55,MOCK0002463
PT00002333,U004916,redeem,-238,2025-12-11 12:12:47,MOCK0003921
PT00002334,U003259,expire,-436,2025-01-18 04:56:10,MOCK0000485
PT00002335,U002957,order_reward,277,2026-07-06 23:20:02,MOCK0001412
PT00002336,U000131,expire,-73,2026-05-24 02:56:13,MOCK0004853
PT00002337,U001667,order_reward,362,2026-03-16 11:58:07,MOCK0005228
PT00002338,U001273,expire,-333,2025-10-13 19:02:33,MOCK0005321
PT00002339,U000479,redeem,-451,2026-04-13 01:00:49,MOCK0011676
PT00002340,U000726,redeem,-125,2025-04-10 14:19:38,MOCK0003809
PT00002341,U000477,campaign_reward,84,2025-12-27 00:58:46,MOCK0000827
PT00002342,U004703,campaign_reward,404,2025-08-23 15:57:37,MOCK0011602
PT00002343,U004135,order_reward,775,2026-05-02 09:44:07,MOCK0008371
PT00002344,U002443,order_reward,764,2026-03-19 22:57:21,MOCK0002711
PT00002345,U001211,campaign_reward,164,2026-05-12 02:23:42,MOCK0009331
PT00002346,U004774,order_reward,662,2026-04-14 02:33:17,MOCK0008217
PT00002347,U002690,order_reward,263,2025-06-02 09:48:08,MOCK0003342
PT00002348,U000700,refund_deduct,-716,2026-02-18 19:01:00,MOCK0010323
PT00002349,U000433,campaign_reward,295,2026-06-30 21:58:41,MOCK0011626
PT00002350,U003059,redeem,-142,2026-03-20 09:13:46,MOCK0010004
PT00002351,U002561,order_reward,385,2026-04-24 06:28:00,MOCK0003813
PT00002352,U000727,redeem,-242,2026-07-10 01:07:16,MOCK0011028
PT00002353,U000994,expire,-650,2025-01-09 01:31:34,MOCK0003776
PT00002354,U000548,redeem,-754,2025-08-24 15:54:02,MOCK0004154
PT00002355,U003935,redeem,-65,2026-04-15 14:44:14,MOCK0011887
PT00002356,U000205,order_reward,427,2025-09-15 03:18:07,MOCK0003081
PT00002357,U003289,campaign_reward,381,2025-09-24 14:30:44,MOCK0009901
PT00002358,U001554,order_reward,131,2025-08-05 07:01:03,MOCK0008099
PT00002359,U001814,order_reward,355,2025-03-01 09:05:41,MOCK0011943
PT00002360,U002572,redeem,-93,2025-05-19 11:43:58,MOCK0005281
PT00002361,U003077,order_reward,455,2025-11-13 12:31:24,MOCK0011432
PT00002362,U003651,order_reward,676,2025-12-03 07:57:59,MOCK0002796
PT00002363,U001938,order_reward,524,2026-01-07 23:55:46,MOCK0001608
PT00002364,U002818,order_reward,487,2025-02-10 18:14:36,MOCK0002682
PT00002365,U002269,refund_deduct,-262,2025-03-15 14:09:01,MOCK0006648
PT00002366,U001106,order_reward,494,2026-06-07 20:21:54,MOCK0001250
PT00002367,U000512,order_reward,186,2025-07-25 20:22:12,MOCK0009031
PT00002368,U003047,redeem,-253,2025-10-06 10:05:10,MOCK0000429
PT00002369,U000711,campaign_reward,659,2026-02-06 11:33:16,MOCK0011629
PT00002370,U000822,order_reward,208,2025-02-17 11:26:43,MOCK0000948
PT00002371,U003782,redeem,-532,2025-03-01 07:25:33,MOCK0011058
PT00002372,U002300,redeem,-697,2026-07-06 19:10:15,MOCK0009469
PT00002373,U002351,campaign_reward,156,2025-10-26 20:22:54,MOCK0006652
PT00002374,U004795,order_reward,569,2025-08-14 17:09:55,MOCK0000823
PT00002375,U001214,refund_deduct,-475,2026-06-22 01:59:06,MOCK0003112
PT00002376,U002152,order_reward,133,2026-04-16 16:32:23,MOCK0008972
PT00002377,U001473,order_reward,154,2025-03-21 05:04:37,MOCK0002471
PT00002378,U002018,redeem,-528,2025-07-29 11:37:31,MOCK0003944
PT00002379,U002140,campaign_reward,785,2026-04-03 16:00:04,MOCK0004248
PT00002380,U004290,order_reward,274,2026-08-13 04:07:02,MOCK0008698
PT00002381,U001205,redeem,-704,2025-08-22 13:59:47,MOCK0005936
PT00002382,U003255,campaign_reward,485,2026-02-27 17:58:06,MOCK0003698
PT00002383,U002030,redeem,-45,2026-07-16 14:56:24,MOCK0011472
PT00002384,U004940,order_reward,77,2025-08-14 13:48:48,MOCK0001535
PT00002385,U001307,order_reward,554,2025-02-21 09:28:10,MOCK0011451
PT00002386,U004883,campaign_reward,513,2026-01-05 18:45:03,MOCK0008026
PT00002387,U002871,order_reward,475,2026-03-30 04:15:16,MOCK0006996
PT00002388,U001363,redeem,-612,2025-07-25 01:02:44,MOCK0008392
PT00002389,U003031,order_reward,517,2025-01-18 23:50:21,MOCK0010884
PT00002390,U002136,redeem,-562,2026-02-04 23:43:11,MOCK0003104
PT00002391,U000752,expire,-472,2025-11-06 07:03:22,MOCK0011497
PT00002392,U003500,redeem,-677,2026-02-27 17:51:03,MOCK0008491
PT00002393,U004581,order_reward,31,2026-05-02 01:06:14,MOCK0002154
PT00002394,U003082,redeem,-44,2025-09-17 13:30:58,MOCK0010553
PT00002395,U004141,order_reward,689,2025-12-27 05:44:45,MOCK0005327
PT00002396,U000434,expire,-54,2025-03-14 11:55:57,MOCK0000417
PT00002397,U000023,order_reward,131,2025-11-24 08:12:54,MOCK0011845
PT00002398,U004078,order_reward,631,2025-08-09 16:52:44,MOCK0010819
PT00002399,U001335,order_reward,668,2026-07-06 04:05:20,MOCK0003913
PT00002400,U004397,redeem,-662,2026-06-01 13:49:56,MOCK0005764
PT00002401,U002850,redeem,-339,2026-02-22 17:10:33,MOCK0011273
PT00002402,U003217,order_reward,273,2026-05-12 00:01:23,MOCK0001264
PT00002403,U004234,campaign_reward,52,2026-02-22 13:40:56,MOCK0000097
PT00002404,U004928,order_reward,449,2025-11-17 10:35:23,MOCK0007425
PT00002405,U001035,order_reward,302,2026-03-01 13:09:52,MOCK0011584
PT00002406,U001406,order_reward,769,2026-01-15 08:22:29,MOCK0008266
PT00002407,U004507,order_reward,47,2026-08-17 07:01:30,MOCK0008709
PT00002408,U002205,order_reward,468,2026-07-15 09:31:38,MOCK0004384
PT00002409,U004660,order_reward,258,2026-07-10 21:02:45,MOCK0003148
PT00002410,U001925,campaign_reward,304,2025-06-20 00:41:44,MOCK0001299
PT00002411,U000473,order_reward,205,2025-11-08 19:17:50,MOCK0010131
PT00002412,U001274,refund_deduct,-375,2025-09-01 02:15:06,MOCK0010124
PT00002413,U001981,order_reward,781,2025-11-17 18:25:55,MOCK0001809
PT00002414,U000162,order_reward,500,2026-06-17 08:11:50,MOCK0002722
PT00002415,U000459,redeem,-393,2026-06-26 09:10:34,MOCK0003923
PT00002416,U000386,redeem,-164,2025-11-14 15:11:44,MOCK0010940
PT00002417,U000899,order_reward,523,2025-03-19 11:59:24,MOCK0006706
PT00002418,U002813,redeem,-575,2025-09-24 10:44:55,MOCK0007830
PT00002419,U002355,redeem,-70,2026-03-30 11:24:18,MOCK0011848
PT00002420,U004465,campaign_reward,257,2026-04-01 15:55:41,MOCK0006565
PT00002421,U004981,campaign_reward,603,2026-03-04 18:07:12,MOCK0002702
PT00002422,U004348,campaign_reward,351,2026-02-01 11:26:19,MOCK0004053
PT00002423,U000624,redeem,-771,2026-03-27 18:56:32,MOCK0006261
PT00002424,U004570,order_reward,182,2026-05-17 14:33:48,MOCK0010129
PT00002425,U000904,refund_deduct,-186,2026-07-07 20:57:28,MOCK0006517
PT00002426,U000477,campaign_reward,468,2025-05-12 22:33:57,MOCK0008321
PT00002427,U000693,expire,-32,2026-04-12 13:21:34,MOCK0005872
PT00002428,U001158,redeem,-103,2026-03-11 01:03:46,MOCK0005517
PT00002429,U001250,campaign_reward,768,2026-02-08 08:29:45,MOCK0005741
PT00002430,U000080,campaign_reward,66,2025-01-01 01:13:07,MOCK0007013
PT00002431,U002564,order_reward,472,2025-01-21 22:14:44,MOCK0010074
PT00002432,U000396,order_reward,218,2026-03-23 20:26:29,MOCK0006770
PT00002433,U000010,order_reward,316,2025-04-05 07:10:38,MOCK0010080
PT00002434,U003053,refund_deduct,-434,2025-09-01 18:45:45,MOCK0002744
PT00002435,U003297,order_reward,265,2026-03-29 19:12:40,MOCK0002505
PT00002436,U004387,order_reward,351,2025-12-13 01:31:43,MOCK0011379
PT00002437,U004911,campaign_reward,470,2025-08-18 15:11:04,MOCK0005892
PT00002438,U003503,expire,-443,2026-04-07 10:46:17,MOCK0004314
PT00002439,U000825,refund_deduct,-732,2025-01-19 13:59:35,MOCK0001389
PT00002440,U001035,order_reward,491,2025-03-22 18:18:13,MOCK0008660
PT00002441,U002298,redeem,-545,2026-04-23 17:10:38,MOCK0005882
PT00002442,U003460,redeem,-720,2025-11-15 11:51:16,MOCK0001607
PT00002443,U001593,order_reward,83,2025-01-22 05:43:57,MOCK0005373
PT00002444,U003486,campaign_reward,122,2025-05-31 20:52:14,MOCK0003756
PT00002445,U000454,redeem,-312,2026-06-17 19:35:25,MOCK0003327
PT00002446,U000394,refund_deduct,-212,2025-01-21 23:38:58,MOCK0002880
PT00002447,U001862,refund_deduct,-598,2025-03-30 01:56:09,MOCK0003757
PT00002448,U002061,expire,-547,2026-01-03 03:30:51,MOCK0001408
PT00002449,U002098,campaign_reward,278,2026-01-17 11:02:28,MOCK0000117
PT00002450,U002816,refund_deduct,-549,2026-06-16 11:04:03,MOCK0002874
PT00002451,U003871,order_reward,606,2025-01-31 10:22:04,MOCK0005624
PT00002452,U004628,order_reward,30,2025-09-22 09:57:39,MOCK0011013
PT00002453,U002937,redeem,-504,2025-12-21 13:44:28,MOCK0008374
PT00002454,U004707,campaign_reward,717,2025-03-16 20:41:08,MOCK0008676
PT00002455,U003923,refund_deduct,-255,2026-06-05 14:48:56,MOCK0003872
PT00002456,U003057,order_reward,717,2026-08-10 04:03:29,MOCK0001830
PT00002457,U004329,order_reward,9,2025-06-30 13:09:53,MOCK0009338
PT00002458,U000871,order_reward,365,2025-07-05 06:57:20,MOCK0001748
PT00002459,U004475,order_reward,379,2025-05-30 21:05:13,MOCK0000342
PT00002460,U003172,refund_deduct,-788,2026-02-09 09:45:55,MOCK0005258
PT00002461,U001817,redeem,-395,2026-04-14 02:09:29,MOCK0000312
PT00002462,U003931,order_reward,461,2025-06-06 07:45:41,MOCK0008841
PT00002463,U002599,redeem,-293,2025-02-11 06:26:07,MOCK0000672
PT00002464,U000180,order_reward,262,2025-05-19 21:34:54,MOCK0007791
PT00002465,U002362,order_reward,429,2026-05-23 22:27:08,MOCK0005600
PT00002466,U004553,order_reward,408,2025-01-01 10:01:58,MOCK0003434
PT00002467,U002821,order_reward,282,2025-03-16 21:13:14,MOCK0003727
PT00002468,U002738,redeem,-135,2026-05-24 15:10:18,MOCK0006778
PT00002469,U003590,redeem,-428,2025-07-05 10:19:09,MOCK0011167
PT00002470,U000754,order_reward,793,2025-04-27 01:29:01,MOCK0002560
PT00002471,U002635,redeem,-593,2025-12-10 17:37:44,MOCK0003547
PT00002472,U000175,campaign_reward,378,2025-11-27 06:55:05,MOCK0009866
PT00002473,U000370,redeem,-697,2025-08-30 19:28:37,MOCK0002329
PT00002474,U004877,order_reward,267,2026-04-20 09:20:58,MOCK0003719
PT00002475,U001348,redeem,-38,2026-07-07 01:47:58,MOCK0011088
PT00002476,U004510,campaign_reward,239,2025-12-01 11:25:09,MOCK0002482
PT00002477,U003928,campaign_reward,479,2026-06-03 20:21:32,MOCK0010916
PT00002478,U002070,expire,-623,2025-04-02 13:25:21,MOCK0006565
PT00002479,U002897,order_reward,84,2025-04-20 16:38:12,MOCK0003867
PT00002480,U001370,expire,-593,2025-12-28 00:05:48,MOCK0001492
PT00002481,U000881,order_reward,205,2026-07-28 18:36:48,MOCK0004078
PT00002482,U004697,expire,-159,2026-08-02 17:36:17,MOCK0004495
PT00002483,U004775,order_reward,72,2025-12-11 18:48:20,MOCK0007868
PT00002484,U000061,order_reward,618,2025-08-02 12:15:26,MOCK0003675
PT00002485,U001634,redeem,-124,2025-02-03 20:52:26,MOCK0008734
PT00002486,U004531,campaign_reward,312,2025-06-15 02:04:28,MOCK0008644
PT00002487,U001328,order_reward,154,2025-06-22 14:40:49,MOCK0006058
PT00002488,U002495,order_reward,700,2025-10-27 06:47:17,MOCK0006731
PT00002489,U002347,order_reward,254,2025-10-18 03:26:52,MOCK0003777
PT00002490,U001640,redeem,-289,2026-07-08 18:57:15,MOCK0004337
PT00002491,U003165,order_reward,586,2026-05-13 19:21:28,MOCK0000058
PT00002492,U004775,refund_deduct,-102,2026-06-08 21:35:10,MOCK0011666
PT00002493,U002644,order_reward,585,2026-03-27 03:23:35,MOCK0007582
PT00002494,U003188,redeem,-630,2025-09-08 14:11:22,MOCK0000512
PT00002495,U001789,order_reward,286,2026-08-11 00:36:13,MOCK0006308
PT00002496,U002281,order_reward,135,2025-01-16 04:14:36,MOCK0007017
PT00002497,U004628,order_reward,582,2025-04-05 19:29:33,MOCK0008681
PT00002498,U000004,order_reward,269,2026-04-28 22:07:39,MOCK0001640
PT00002499,U001773,redeem,-680,2025-08-06 10:37:42,MOCK0009319
PT00002500,U003508,order_reward,527,2025-03-31 12:43:42,MOCK0004513
PT00002501,U001288,expire,-283,2026-02-21 11:29:51,MOCK0002479
PT00002502,U003646,order_reward,676,2025-01-16 09:37:08,MOCK0007190
PT00002503,U001325,order_reward,532,2025-05-12 13:54:54,MOCK0009062
PT00002504,U003707,order_reward,147,2025-05-18 23:46:48,MOCK0009109
PT00002505,U000491,order_reward,580,2025-07-05 02:51:39,MOCK0009659
PT00002506,U000755,order_reward,623,2025-10-04 05:14:37,MOCK0007698
PT00002507,U004082,order_reward,156,2026-01-29 04:31:19,MOCK0009623
PT00002508,U000436,campaign_reward,353,2025-02-27 18:55:29,MOCK0006279
PT00002509,U001443,order_reward,464,2025-01-18 13:57:48,MOCK0010956
PT00002510,U001083,order_reward,187,2026-01-13 07:03:45,MOCK0006129
PT00002511,U002953,refund_deduct,-161,2025-10-10 18:38:46,MOCK0006546
PT00002512,U003071,redeem,-302,2026-07-26 05:12:48,MOCK0009471
PT00002513,U003121,order_reward,178,2026-04-11 13:43:24,MOCK0004666
PT00002514,U003253,campaign_reward,799,2025-04-29 10:28:40,MOCK0008266
PT00002515,U004412,order_reward,291,2025-12-26 01:26:13,MOCK0000090
PT00002516,U004326,order_reward,452,2025-01-13 12:05:33,MOCK0010795
PT00002517,U004336,order_reward,519,2025-11-29 06:17:17,MOCK0008715
PT00002518,U002944,order_reward,63,2025-10-04 09:39:58,MOCK0010680
PT00002519,U003245,order_reward,609,2025-07-30 04:56:41,MOCK0011897
PT00002520,U002706,redeem,-445,2026-06-11 15:58:44,MOCK0001598
PT00002521,U000364,redeem,-734,2026-05-14 01:20:32,MOCK0009888
PT00002522,U004503,order_reward,522,2025-04-17 14:01:37,MOCK0008482
PT00002523,U004603,campaign_reward,115,2025-05-21 22:01:33,MOCK0009421
PT00002524,U003371,order_reward,360,2025-09-19 15:37:22,MOCK0003478
PT00002525,U002036,redeem,-550,2026-03-10 10:48:43,MOCK0006444
PT00002526,U004068,order_reward,441,2025-09-24 21:01:15,MOCK0000034
PT00002527,U004729,order_reward,400,2025-01-12 09:14:10,MOCK0001360
PT00002528,U000666,redeem,-583,2025-02-27 22:23:11,MOCK0009485
PT00002529,U004953,refund_deduct,-693,2026-03-07 18:35:48,MOCK0004874
PT00002530,U003195,order_reward,319,2025-11-08 05:31:50,MOCK0002547
PT00002531,U003659,order_reward,181,2025-05-30 13:07:08,MOCK0009846
PT00002532,U000787,order_reward,608,2026-01-07 13:47:11,MOCK0007580
PT00002533,U000988,refund_deduct,-607,2025-07-23 22:16:47,MOCK0003850
PT00002534,U004787,campaign_reward,577,2025-03-26 10:23:20,MOCK0001403
PT00002535,U002213,campaign_reward,68,2025-05-30 06:13:20,MOCK0004444
PT00002536,U003527,order_reward,153,2026-02-27 20:52:32,MOCK0000172
PT00002537,U000890,campaign_reward,398,2025-02-17 07:38:04,MOCK0010551
PT00002538,U004238,campaign_reward,283,2025-01-04 08:58:29,MOCK0003499
PT00002539,U000071,campaign_reward,145,2025-03-07 15:25:19,MOCK0010479
PT00002540,U000221,order_reward,715,2025-05-22 13:33:56,MOCK0011985
PT00002541,U000476,campaign_reward,302,2025-11-23 06:29:22,MOCK0002030
PT00002542,U002114,refund_deduct,-628,2026-03-06 14:08:57,MOCK0009928
PT00002543,U001598,redeem,-605,2026-07-11 13:27:20,MOCK0004035
PT00002544,U003273,expire,-714,2025-11-07 01:13:33,MOCK0005579
PT00002545,U003943,expire,-343,2026-01-06 04:57:47,MOCK0008254
PT00002546,U003713,order_reward,84,2025-03-23 17:07:31,MOCK0002630
PT00002547,U003812,refund_deduct,-120,2025-03-21 07:39:07,MOCK0005923
PT00002548,U004699,order_reward,430,2026-05-21 21:11:18,MOCK0008896
PT00002549,U001361,order_reward,19,2026-06-12 11:32:43,MOCK0007205
PT00002550,U001986,order_reward,652,2025-10-01 11:12:01,MOCK0009617
PT00002551,U003431,campaign_reward,182,2026-04-15 20:09:14,MOCK0011893
PT00002552,U000171,order_reward,349,2025-03-19 05:38:21,MOCK0000670
PT00002553,U003191,expire,-689,2025-08-14 16:34:52,MOCK0002520
PT00002554,U000145,campaign_reward,280,2025-04-22 12:10:26,MOCK0009616
PT00002555,U002175,order_reward,70,2025-08-19 08:29:52,MOCK0007201
PT00002556,U004144,campaign_reward,749,2025-06-16 18:47:21,MOCK0001624
PT00002557,U004878,refund_deduct,-137,2025-12-15 06:16:47,MOCK0010441
PT00002558,U004910,redeem,-560,2025-05-17 05:53:03,MOCK0000304
PT00002559,U004286,order_reward,133,2026-05-08 04:14:07,MOCK0003563
PT00002560,U003317,order_reward,457,2026-01-10 22:52:24,MOCK0009846
PT00002561,U000663,campaign_reward,330,2026-01-23 10:07:27,MOCK0008732
PT00002562,U001741,refund_deduct,-105,2025-11-29 16:36:31,MOCK0002114
PT00002563,U001945,order_reward,551,2025-11-27 09:36:27,MOCK0004166
PT00002564,U000027,campaign_reward,54,2025-09-04 02:25:24,MOCK0002691
PT00002565,U000120,redeem,-131,2025-08-19 04:49:11,MOCK0007970
PT00002566,U003167,refund_deduct,-787,2026-01-17 18:35:37,MOCK0002671
PT00002567,U001773,order_reward,282,2026-03-07 22:12:30,MOCK0010023
PT00002568,U001881,campaign_reward,725,2025-11-10 11:32:02,MOCK0002595
PT00002569,U004228,campaign_reward,101,2025-11-18 21:40:52,MOCK0000396
PT00002570,U003546,order_reward,232,2025-01-20 13:12:47,MOCK0004390
PT00002571,U000313,order_reward,262,2025-06-27 10:42:14,MOCK0005061
PT00002572,U001598,campaign_reward,263,2026-08-14 21:34:59,MOCK0007681
PT00002573,U004382,order_reward,561,2025-12-17 21:52:40,MOCK0007589
PT00002574,U000662,order_reward,360,2026-02-16 16:17:35,MOCK0005198
PT00002575,U004525,order_reward,64,2025-11-10 06:29:50,MOCK0001542
PT00002576,U001178,order_reward,462,2026-07-17 06:10:33,MOCK0010481
PT00002577,U000130,expire,-415,2026-01-25 11:55:25,MOCK0007309
PT00002578,U004740,refund_deduct,-505,2025-04-01 09:52:31,MOCK0000155
PT00002579,U002156,order_reward,418,2026-06-03 22:30:25,MOCK0002792
PT00002580,U000565,campaign_reward,207,2026-03-20 18:33:37,MOCK0001450
PT00002581,U003489,campaign_reward,509,2026-04-29 16:42:53,MOCK0001390
PT00002582,U003574,refund_deduct,-653,2025-01-18 10:18:00,MOCK0003898
PT00002583,U001550,redeem,-692,2026-02-21 21:08:51,MOCK0002766
PT00002584,U004179,redeem,-413,2025-09-24 10:28:46,MOCK0000707
PT00002585,U000147,order_reward,99,2026-07-09 06:26:07,MOCK0001702
PT00002586,U000414,redeem,-159,2025-03-20 19:20:26,MOCK0001759
PT00002587,U004553,redeem,-406,2026-05-13 23:02:34,MOCK0009838
PT00002588,U001970,refund_deduct,-769,2025-03-25 01:06:19,MOCK0000089
PT00002589,U003961,redeem,-131,2026-04-29 21:47:46,MOCK0006950
PT00002590,U003134,order_reward,675,2025-04-03 10:41:54,MOCK0008057
PT00002591,U000704,redeem,-589,2025-09-02 16:41:47,MOCK0006259
PT00002592,U002622,order_reward,287,2025-04-23 02:06:09,MOCK0001700
PT00002593,U004728,order_reward,527,2026-07-26 12:36:25,MOCK0010052
PT00002594,U004674,redeem,-440,2025-09-19 02:24:02,MOCK0007811
PT00002595,U000617,redeem,-697,2025-05-17 22:29:03,MOCK0009667
PT00002596,U002050,refund_deduct,-652,2026-02-20 02:59:12,MOCK0005245
PT00002597,U004693,order_reward,386,2025-11-29 15:32:44,MOCK0006680
PT00002598,U002352,redeem,-164,2026-03-04 13:21:49,MOCK0003904
PT00002599,U000573,refund_deduct,-213,2025-08-05 00:29:08,MOCK0010862
PT00002600,U004186,order_reward,58,2025-11-10 02:14:11,MOCK0005447
PT00002601,U001461,order_reward,23,2025-01-01 23:50:12,MOCK0008098
PT00002602,U000468,order_reward,134,2025-07-07 15:44:58,MOCK0010553
PT00002603,U004795,order_reward,458,2026-08-02 04:13:24,MOCK0000544
PT00002604,U003469,campaign_reward,481,2025-08-25 10:12:36,MOCK0007748
PT00002605,U002525,campaign_reward,531,2026-08-02 09:38:07,MOCK0009000
PT00002606,U004287,campaign_reward,83,2026-03-14 23:38:32,MOCK0008437
PT00002607,U001196,campaign_reward,227,2025-01-17 20:40:07,MOCK0011197
PT00002608,U003699,order_reward,36,2026-08-16 20:45:50,MOCK0003403
PT00002609,U003584,redeem,-583,2026-06-09 16:27:27,MOCK0008227
PT00002610,U002001,redeem,-634,2025-05-21 07:53:40,MOCK0006188
PT00002611,U003536,refund_deduct,-539,2025-05-11 23:35:20,MOCK0010970
PT00002612,U002489,order_reward,429,2026-01-06 14:20:09,MOCK0005548
PT00002613,U003836,order_reward,234,2026-04-20 06:33:17,MOCK0004994
PT00002614,U003402,order_reward,770,2026-05-25 11:43:40,MOCK0011160
PT00002615,U001553,order_reward,28,2025-07-11 18:58:29,MOCK0011597
PT00002616,U002500,campaign_reward,238,2025-07-09 08:44:33,MOCK0003352
PT00002617,U003455,order_reward,741,2026-01-13 13:43:45,MOCK0004757
PT00002618,U004224,order_reward,735,2026-08-14 04:33:13,MOCK0004855
PT00002619,U003771,redeem,-628,2025-04-09 21:15:47,MOCK0004424
PT00002620,U001627,order_reward,512,2026-06-06 06:23:32,MOCK0003384
PT00002621,U000024,redeem,-200,2025-11-03 06:13:40,MOCK0003337
PT00002622,U002588,campaign_reward,364,2025-12-06 16:42:27,MOCK0003422
PT00002623,U003861,order_reward,464,2026-04-08 05:24:56,MOCK0011368
PT00002624,U003007,order_reward,387,2025-07-03 01:49:17,MOCK0008531
PT00002625,U000113,order_reward,434,2025-11-04 13:13:58,MOCK0002215
PT00002626,U002925,order_reward,555,2025-11-19 12:12:21,MOCK0005133
PT00002627,U002942,order_reward,132,2026-04-13 08:09:49,MOCK0001992
PT00002628,U003198,order_reward,14,2025-12-09 21:00:50,MOCK0005392
PT00002629,U003471,order_reward,474,2025-12-15 09:02:00,MOCK0004363
PT00002630,U002353,campaign_reward,316,2025-11-06 09:30:07,MOCK0005808
PT00002631,U003665,expire,-772,2025-10-20 14:56:06,MOCK0001781
PT00002632,U001395,order_reward,760,2025-01-16 06:52:04,MOCK0002546
PT00002633,U003791,order_reward,139,2025-06-24 12:38:56,MOCK0007225
PT00002634,U000092,order_reward,63,2025-09-22 18:54:42,MOCK0000271
PT00002635,U002134,campaign_reward,574,2025-07-29 00:28:23,MOCK0008976
PT00002636,U004623,redeem,-241,2025-02-18 03:01:37,MOCK0005740
PT00002637,U001242,order_reward,206,2026-08-08 20:58:59,MOCK0008271
PT00002638,U000607,refund_deduct,-452,2026-05-11 22:07:38,MOCK0011149
PT00002639,U003354,order_reward,210,2025-06-05 17:59:26,MOCK0011119
PT00002640,U002038,expire,-220,2025-06-23 05:46:59,MOCK0005543
PT00002641,U003642,order_reward,64,2026-04-23 08:51:35,MOCK0004865
PT00002642,U002343,redeem,-80,2026-07-31 02:15:47,MOCK0006502
PT00002643,U001825,campaign_reward,708,2026-07-06 15:21:44,MOCK0007315
PT00002644,U000474,order_reward,14,2026-07-24 19:31:11,MOCK0004419
PT00002645,U001833,order_reward,574,2025-03-30 14:59:58,MOCK0003922
PT00002646,U002124,redeem,-586,2025-12-23 18:24:26,MOCK0004969
PT00002647,U002560,refund_deduct,-69,2025-11-07 21:07:19,MOCK0004576
PT00002648,U004216,redeem,-282,2026-01-15 07:53:57,MOCK0004485
PT00002649,U004751,order_reward,494,2026-06-11 06:21:05,MOCK0000656
PT00002650,U001875,redeem,-448,2026-03-26 00:42:08,MOCK0002146
PT00002651,U004755,expire,-662,2026-07-06 11:57:28,MOCK0008299
PT00002652,U001988,order_reward,181,2025-12-02 08:48:17,MOCK0009916
PT00002653,U002862,order_reward,226,2026-06-04 01:16:31,MOCK0011955
PT00002654,U003447,refund_deduct,-582,2026-01-30 20:51:40,MOCK0005223
PT00002655,U002129,redeem,-133,2025-10-18 10:35:16,MOCK0008384
PT00002656,U003081,order_reward,780,2026-06-26 17:49:30,MOCK0011279
PT00002657,U000248,order_reward,503,2026-02-01 09:09:24,MOCK0008952
PT00002658,U001060,order_reward,702,2026-07-04 21:46:00,MOCK0000569
PT00002659,U000407,order_reward,781,2025-08-02 11:47:12,MOCK0001441
PT00002660,U003288,redeem,-360,2025-03-23 08:59:58,MOCK0009421
PT00002661,U001814,order_reward,451,2025-03-02 16:31:33,MOCK0008487
PT00002662,U003347,refund_deduct,-439,2026-01-07 19:26:59,MOCK0009588
PT00002663,U003089,order_reward,506,2026-03-23 08:35:02,MOCK0002354
PT00002664,U003151,order_reward,379,2026-02-16 10:11:04,MOCK0007331
PT00002665,U001876,order_reward,492,2026-08-02 07:49:16,MOCK0001296
PT00002666,U002694,redeem,-799,2026-05-05 10:44:42,MOCK0010443
PT00002667,U001674,order_reward,616,2025-01-30 22:15:29,MOCK0005115
PT00002668,U001030,order_reward,59,2026-08-07 06:43:03,MOCK0011438
PT00002669,U000165,expire,-621,2026-04-28 02:05:52,MOCK0010074
PT00002670,U003324,redeem,-84,2025-10-20 02:13:46,MOCK0011748
PT00002671,U001645,campaign_reward,476,2025-05-01 14:09:10,MOCK0008336
PT00002672,U003549,redeem,-493,2025-07-16 01:28:19,MOCK0011001
PT00002673,U002256,redeem,-214,2025-06-04 21:24:41,MOCK0003715
PT00002674,U002905,order_reward,191,2025-07-24 17:05:38,MOCK0005487
PT00002675,U000502,order_reward,296,2026-05-18 18:23:55,MOCK0008015
PT00002676,U003749,order_reward,278,2026-08-22 20:05:45,MOCK0002502
PT00002677,U003722,order_reward,310,2026-02-25 01:00:04,MOCK0011048
PT00002678,U004005,refund_deduct,-183,2026-06-13 08:16:06,MOCK0007593
PT00002679,U003275,order_reward,707,2026-04-16 18:28:24,MOCK0004070
PT00002680,U000343,refund_deduct,-788,2025-11-29 16:08:18,MOCK0009817
PT00002681,U001343,redeem,-269,2025-12-20 06:11:24,MOCK0004360
PT00002682,U003673,order_reward,619,2026-01-23 22:34:14,MOCK0000609
PT00002683,U002893,order_reward,261,2025-05-01 19:03:27,MOCK0008501
PT00002684,U003531,expire,-385,2025-01-17 02:15:07,MOCK0009732
PT00002685,U004564,redeem,-330,2026-04-23 22:32:09,MOCK0006438
PT00002686,U004993,order_reward,259,2025-12-10 05:40:33,MOCK0006290
PT00002687,U001959,campaign_reward,72,2026-01-20 05:17:15,MOCK0011879
PT00002688,U002926,order_reward,81,2025-05-03 07:25:56,MOCK0005220
PT00002689,U000701,refund_deduct,-483,2025-08-06 01:45:37,MOCK0005697
PT00002690,U000604,order_reward,199,2025-09-07 14:13:42,MOCK0001184
PT00002691,U004002,expire,-734,2025-05-27 00:09:33,MOCK0001334
PT00002692,U004302,expire,-189,2026-06-30 13:29:02,MOCK0008365
PT00002693,U000698,order_reward,463,2025-10-22 15:33:26,MOCK0010949
PT00002694,U002164,order_reward,180,2025-03-01 19:12:35,MOCK0005970
PT00002695,U004129,order_reward,504,2025-04-04 12:38:41,MOCK0000614
PT00002696,U001366,redeem,-246,2026-07-02 22:55:02,MOCK0001189
PT00002697,U002615,campaign_reward,242,2026-01-10 22:13:26,MOCK0003228
PT00002698,U003120,order_reward,312,2025-03-16 02:55:44,MOCK0009247
PT00002699,U000357,order_reward,739,2025-11-06 11:06:16,MOCK0001199
PT00002700,U003636,order_reward,416,2026-07-28 12:37:38,MOCK0011580
PT00002701,U002359,order_reward,557,2025-01-03 13:51:22,MOCK0004181
PT00002702,U001746,order_reward,191,2025-10-19 23:29:20,MOCK0011523
PT00002703,U001871,order_reward,430,2026-07-31 12:14:00,MOCK0004851
PT00002704,U001112,campaign_reward,752,2026-08-20 10:28:53,MOCK0010078
PT00002705,U002444,redeem,-318,2026-06-21 07:19:25,MOCK0003214
PT00002706,U002468,campaign_reward,678,2026-07-02 22:36:39,MOCK0010475
PT00002707,U001219,campaign_reward,617,2025-11-07 05:05:15,MOCK0005862
PT00002708,U001743,order_reward,719,2025-10-20 16:49:11,MOCK0000940
PT00002709,U001171,order_reward,12,2025-10-28 07:29:11,MOCK0007743
PT00002710,U002505,order_reward,196,2026-07-01 06:21:16,MOCK0003088
PT00002711,U002832,campaign_reward,226,2026-06-05 13:43:08,MOCK0006971
PT00002712,U004079,refund_deduct,-493,2026-03-13 22:49:16,MOCK0003757
PT00002713,U003582,order_reward,692,2025-05-03 14:47:12,MOCK0002528
PT00002714,U002616,campaign_reward,789,2026-02-03 22:23:09,MOCK0009233
PT00002715,U003291,order_reward,236,2025-09-05 21:20:34,MOCK0002704
PT00002716,U001599,order_reward,700,2025-09-10 06:11:33,MOCK0001806
PT00002717,U004622,order_reward,490,2025-10-14 10:48:47,MOCK0004949
PT00002718,U003457,redeem,-503,2025-07-13 14:18:56,MOCK0011490
PT00002719,U003050,order_reward,99,2025-05-13 23:37:07,MOCK0005938
PT00002720,U002768,order_reward,304,2026-08-15 00:06:49,MOCK0010873
PT00002721,U003783,redeem,-37,2025-03-24 08:18:28,MOCK0004749
PT00002722,U000839,refund_deduct,-350,2026-06-19 03:47:33,MOCK0001292
PT00002723,U004928,refund_deduct,-513,2025-02-26 03:44:03,MOCK0011966
PT00002724,U002028,order_reward,730,2025-12-21 16:12:30,MOCK0007531
PT00002725,U000733,order_reward,642,2025-01-16 12:08:26,MOCK0004241
PT00002726,U001649,order_reward,605,2025-09-10 01:00:26,MOCK0007925
PT00002727,U002601,campaign_reward,139,2026-04-27 12:42:20,MOCK0008731
PT00002728,U004839,order_reward,646,2025-11-30 18:18:18,MOCK0003520
PT00002729,U000953,order_reward,141,2025-06-27 17:15:43,MOCK0008910
PT00002730,U000768,campaign_reward,436,2026-01-20 02:58:42,MOCK0004991
PT00002731,U000548,order_reward,295,2025-01-15 13:10:54,MOCK0000015
PT00002732,U004552,order_reward,45,2025-07-21 05:54:20,MOCK0002307
PT00002733,U002143,order_reward,431,2026-01-22 01:45:52,MOCK0004256
PT00002734,U001966,order_reward,365,2026-02-15 03:47:03,MOCK0000561
PT00002735,U002362,order_reward,356,2025-09-05 14:12:30,MOCK0001628
PT00002736,U002182,order_reward,491,2025-09-04 11:13:04,MOCK0011695
PT00002737,U000790,order_reward,791,2026-03-23 20:19:34,MOCK0006975
PT00002738,U002652,redeem,-213,2026-03-28 16:03:58,MOCK0002275
PT00002739,U002030,campaign_reward,375,2026-04-03 00:19:53,MOCK0010948
PT00002740,U004325,order_reward,663,2025-09-16 01:08:41,MOCK0004931
PT00002741,U002752,campaign_reward,14,2026-08-03 01:40:50,MOCK0008873
PT00002742,U004440,redeem,-789,2025-07-07 04:25:34,MOCK0004080
PT00002743,U001468,order_reward,30,2025-04-24 04:20:49,MOCK0000876
PT00002744,U001863,campaign_reward,473,2025-05-24 17:51:01,MOCK0004191
PT00002745,U004875,campaign_reward,289,2026-02-12 14:51:59,MOCK0007005
PT00002746,U000946,campaign_reward,7,2025-07-30 13:04:26,MOCK0005623
PT00002747,U002751,redeem,-246,2026-06-22 11:05:50,MOCK0000334
PT00002748,U003134,order_reward,686,2026-01-05 23:29:58,MOCK0011432
PT00002749,U004589,redeem,-406,2026-04-16 05:51:05,MOCK0003466
PT00002750,U001274,order_reward,70,2026-02-06 03:49:54,MOCK0010587
PT00002751,U000103,order_reward,596,2025-06-05 01:11:31,MOCK0010673
PT00002752,U000733,order_reward,12,2026-05-11 03:13:30,MOCK0008325
PT00002753,U004079,order_reward,754,2025-09-25 11:28:15,MOCK0000457
PT00002754,U003531,redeem,-603,2025-12-03 06:26:24,MOCK0001214
PT00002755,U002222,order_reward,700,2026-03-24 20:29:36,MOCK0010555
PT00002756,U000117,refund_deduct,-239,2026-01-31 17:55:29,MOCK0003842
PT00002757,U003816,refund_deduct,-745,2025-07-28 02:15:49,MOCK0000197
PT00002758,U000022,redeem,-199,2025-05-15 02:39:34,MOCK0002260
PT00002759,U001429,order_reward,242,2025-11-13 07:11:19,MOCK0011934
PT00002760,U004346,campaign_reward,38,2026-02-09 14:08:51,MOCK0004875
PT00002761,U000662,order_reward,635,2026-07-15 21:55:51,MOCK0003563
PT00002762,U004796,expire,-530,2026-05-05 10:38:45,MOCK0011129
PT00002763,U000936,order_reward,264,2025-09-06 06:08:06,MOCK0010963
PT00002764,U000605,expire,-555,2025-02-28 03:39:51,MOCK0007490
PT00002765,U001066,order_reward,147,2025-04-08 00:25:23,MOCK0007930
PT00002766,U004773,expire,-440,2025-08-04 14:56:19,MOCK0001465
PT00002767,U000901,order_reward,741,2025-06-13 20:16:05,MOCK0005634
PT00002768,U001334,order_reward,790,2025-11-07 19:05:09,MOCK0009157
PT00002769,U004309,redeem,-106,2025-11-26 22:52:46,MOCK0011088
PT00002770,U004322,campaign_reward,441,2025-04-16 08:59:01,MOCK0007019
PT00002771,U002188,order_reward,183,2025-03-29 22:57:49,MOCK0010062
PT00002772,U003956,order_reward,518,2025-04-18 04:39:39,MOCK0001685
PT00002773,U001087,expire,-272,2026-05-09 07:07:07,MOCK0003185
PT00002774,U000282,order_reward,16,2025-06-14 09:12:03,MOCK0007713
PT00002775,U003771,order_reward,5,2025-07-08 17:49:46,MOCK0003001
PT00002776,U003298,refund_deduct,-629,2026-07-27 02:00:29,MOCK0001247
PT00002777,U000458,redeem,-656,2026-07-09 06:39:33,MOCK0002863
PT00002778,U002336,expire,-757,2026-07-20 19:47:34,MOCK0006990
PT00002779,U004322,order_reward,741,2025-03-27 01:41:30,MOCK0004765
PT00002780,U001683,order_reward,350,2025-08-25 23:45:20,MOCK0004603
PT00002781,U003100,redeem,-662,2025-12-31 11:05:33,MOCK0005962
PT00002782,U000912,expire,-356,2025-02-23 07:23:33,MOCK0003166
PT00002783,U004057,order_reward,357,2025-10-14 09:01:39,MOCK0011740
PT00002784,U002800,redeem,-609,2025-06-21 04:27:04,MOCK0000005
PT00002785,U004808,campaign_reward,277,2025-03-09 16:56:16,MOCK0001124
PT00002786,U001550,order_reward,564,2026-03-07 20:26:29,MOCK0007525
PT00002787,U004077,expire,-264,2025-01-21 22:38:46,MOCK0002352
PT00002788,U003473,order_reward,25,2025-12-06 13:23:38,MOCK0006362
PT00002789,U002198,order_reward,697,2026-04-12 00:17:51,MOCK0004240
PT00002790,U001255,order_reward,178,2025-01-22 07:04:23,MOCK0004227
PT00002791,U002149,redeem,-288,2026-01-22 01:00:34,MOCK0000582
PT00002792,U000935,order_reward,489,2026-04-09 17:03:21,MOCK0007630
PT00002793,U001732,expire,-717,2026-06-29 06:34:39,MOCK0005834
PT00002794,U000765,order_reward,595,2025-05-27 16:35:35,MOCK0008867
PT00002795,U002290,expire,-61,2025-04-21 03:28:17,MOCK0009579
PT00002796,U003532,order_reward,758,2025-08-19 01:37:27,MOCK0005298
PT00002797,U000372,redeem,-309,2025-10-19 03:48:34,MOCK0006526
PT00002798,U003058,campaign_reward,6,2026-02-09 19:35:04,MOCK0011025
PT00002799,U002476,redeem,-462,2025-01-13 23:20:54,MOCK0010031
PT00002800,U001462,expire,-573,2025-06-23 21:13:36,MOCK0000041
PT00002801,U000481,order_reward,514,2026-05-25 12:19:48,MOCK0006320
PT00002802,U001364,redeem,-7,2026-02-07 21:28:37,MOCK0008030
PT00002803,U002115,campaign_reward,777,2026-08-15 04:43:56,MOCK0004333
PT00002804,U003079,redeem,-175,2025-03-11 03:24:02,MOCK0006310
PT00002805,U001949,order_reward,592,2025-05-25 23:12:18,MOCK0009501
PT00002806,U000394,order_reward,468,2026-05-13 14:05:43,MOCK0008681
PT00002807,U000727,order_reward,756,2026-06-29 05:49:47,MOCK0008163
PT00002808,U003297,refund_deduct,-129,2026-05-29 21:41:35,MOCK0011097
PT00002809,U001664,campaign_reward,607,2025-08-09 13:18:52,MOCK0009284
PT00002810,U003057,order_reward,276,2025-11-09 23:38:31,MOCK0007162
PT00002811,U002054,refund_deduct,-636,2026-04-13 02:00:33,MOCK0008963
PT00002812,U004531,redeem,-297,2025-08-28 13:40:10,MOCK0004604
PT00002813,U001380,campaign_reward,393,2025-03-13 03:31:10,MOCK0006087
PT00002814,U002822,order_reward,789,2025-07-14 06:24:29,MOCK0007721
PT00002815,U003337,order_reward,595,2025-08-17 22:28:23,MOCK0010681
PT00002816,U000153,order_reward,307,2025-04-05 13:42:37,MOCK0004422
PT00002817,U002740,order_reward,710,2025-01-24 17:40:42,MOCK0005438
PT00002818,U002655,expire,-498,2026-02-12 02:58:50,MOCK0011509
PT00002819,U001572,order_reward,762,2026-03-09 20:00:46,MOCK0011662
PT00002820,U000113,order_reward,672,2025-02-17 07:15:40,MOCK0004856
PT00002821,U001267,refund_deduct,-693,2026-07-08 05:40:35,MOCK0011406
PT00002822,U003090,redeem,-21,2025-01-09 08:34:51,MOCK0002079
PT00002823,U000460,campaign_reward,789,2026-01-15 03:17:28,MOCK0007553
PT00002824,U004766,redeem,-418,2026-02-11 22:41:15,MOCK0009238
PT00002825,U004229,expire,-217,2025-02-07 02:24:08,MOCK0011499
PT00002826,U004079,expire,-253,2025-06-06 10:22:50,MOCK0009961
PT00002827,U004471,order_reward,470,2025-10-04 17:55:46,MOCK0003796
PT00002828,U002482,order_reward,8,2025-03-22 22:12:54,MOCK0002725
PT00002829,U001359,expire,-761,2026-07-19 13:58:32,MOCK0004876
PT00002830,U000737,campaign_reward,739,2025-06-28 20:22:53,MOCK0007874
PT00002831,U002129,redeem,-288,2025-01-22 10:29:14,MOCK0008519
PT00002832,U000534,order_reward,484,2026-01-31 05:42:15,MOCK0007403
PT00002833,U004337,order_reward,733,2025-03-13 15:53:51,MOCK0005051
PT00002834,U001831,order_reward,479,2026-05-20 00:03:28,MOCK0004261
PT00002835,U000632,order_reward,286,2025-01-23 22:53:38,MOCK0007561
PT00002836,U001244,campaign_reward,606,2025-10-09 04:42:14,MOCK0000964
PT00002837,U003470,order_reward,506,2025-04-06 11:23:56,MOCK0004100
PT00002838,U003804,order_reward,413,2025-05-27 18:49:36,MOCK0004676
PT00002839,U001468,order_reward,479,2026-06-10 05:50:46,MOCK0009542
PT00002840,U000385,redeem,-505,2026-06-10 23:43:30,MOCK0003389
PT00002841,U002586,refund_deduct,-605,2026-06-20 18:28:32,MOCK0011405
PT00002842,U004069,order_reward,187,2025-05-29 15:34:14,MOCK0011093
PT00002843,U003978,order_reward,668,2025-10-23 05:42:24,MOCK0007218
PT00002844,U002944,order_reward,444,2026-04-18 11:42:24,MOCK0000620
PT00002845,U002517,order_reward,692,2025-10-22 14:46:18,MOCK0008315
PT00002846,U004405,refund_deduct,-253,2025-11-23 12:25:11,MOCK0008227
PT00002847,U004490,order_reward,331,2025-12-28 04:30:07,MOCK0007558
PT00002848,U000461,refund_deduct,-32,2026-07-22 17:40:06,MOCK0011281
PT00002849,U002497,order_reward,387,2025-07-05 16:32:57,MOCK0003725
PT00002850,U004144,order_reward,476,2025-09-11 11:11:54,MOCK0005551
PT00002851,U003105,order_reward,348,2026-01-07 20:40:52,MOCK0010893
PT00002852,U003317,redeem,-445,2025-02-22 15:31:50,MOCK0000021
PT00002853,U004663,order_reward,231,2026-01-26 19:14:16,MOCK0002327
PT00002854,U003033,order_reward,570,2025-07-23 11:58:53,MOCK0003479
PT00002855,U000219,order_reward,701,2026-02-27 20:23:46,MOCK0001685
PT00002856,U000622,order_reward,351,2025-07-29 18:22:10,MOCK0006977
PT00002857,U002473,expire,-406,2025-05-10 21:23:37,MOCK0007810
PT00002858,U001506,order_reward,152,2026-06-03 06:48:47,MOCK0009875
PT00002859,U000843,campaign_reward,293,2026-01-28 04:53:40,MOCK0007509
PT00002860,U002754,campaign_reward,158,2025-11-23 16:31:14,MOCK0009546
PT00002861,U000271,order_reward,732,2025-12-08 09:10:50,MOCK0006831
PT00002862,U000153,order_reward,691,2025-10-23 05:14:45,MOCK0010261
PT00002863,U001708,campaign_reward,569,2025-11-19 12:57:42,MOCK0010271
PT00002864,U001488,expire,-17,2025-07-05 20:48:48,MOCK0001865
PT00002865,U003468,order_reward,762,2025-07-01 07:33:12,MOCK0005000
PT00002866,U000357,order_reward,452,2025-09-09 04:14:39,MOCK0006106
PT00002867,U002750,campaign_reward,416,2026-06-12 00:26:46,MOCK0002645
PT00002868,U001605,order_reward,587,2025-05-08 09:00:11,MOCK0006426
PT00002869,U003331,redeem,-390,2026-08-18 11:41:57,MOCK0003051
PT00002870,U002359,campaign_reward,390,2025-08-03 03:14:36,MOCK0009785
PT00002871,U001243,order_reward,74,2025-06-06 12:39:56,MOCK0003940
PT00002872,U001773,redeem,-648,2026-03-01 09:48:31,MOCK0009728
PT00002873,U002353,order_reward,710,2026-03-23 00:11:38,MOCK0000180
PT00002874,U000897,redeem,-716,2025-06-10 02:33:47,MOCK0003203
PT00002875,U002866,order_reward,708,2025-08-24 17:21:26,MOCK0002612
PT00002876,U000563,order_reward,53,2025-04-01 03:13:14,MOCK0010951
PT00002877,U001525,order_reward,417,2026-04-10 00:15:54,MOCK0007506
PT00002878,U004614,redeem,-660,2025-06-26 06:02:47,MOCK0001596
PT00002879,U001425,redeem,-702,2026-08-03 05:15:59,MOCK0003298
PT00002880,U001524,order_reward,769,2025-09-10 14:24:44,MOCK0007333
PT00002881,U004860,order_reward,70,2025-12-04 15:37:23,MOCK0000378
PT00002882,U001986,campaign_reward,252,2026-01-26 02:44:41,MOCK0005302
PT00002883,U001237,order_reward,628,2025-07-11 04:23:02,MOCK0002143
PT00002884,U000483,refund_deduct,-575,2025-02-01 15:13:26,MOCK0009793
PT00002885,U000067,order_reward,635,2026-06-06 12:50:30,MOCK0007691
PT00002886,U003396,order_reward,663,2025-09-24 01:21:24,MOCK0008478
PT00002887,U002600,order_reward,216,2025-07-25 18:16:44,MOCK0004862
PT00002888,U000454,order_reward,120,2025-10-12 06:44:45,MOCK0001451
PT00002889,U004400,redeem,-542,2026-02-01 20:05:51,MOCK0004383
PT00002890,U002411,order_reward,399,2025-12-27 11:19:08,MOCK0001464
PT00002891,U004527,order_reward,66,2025-07-19 13:29:56,MOCK0011934
PT00002892,U003641,redeem,-366,2025-01-11 12:36:57,MOCK0003069
PT00002893,U001596,order_reward,303,2026-04-15 21:23:43,MOCK0008253
PT00002894,U003267,redeem,-275,2025-04-28 01:51:41,MOCK0007205
PT00002895,U003245,expire,-787,2025-11-21 10:29:11,MOCK0009509
PT00002896,U002706,order_reward,660,2026-03-10 22:24:52,MOCK0003211
PT00002897,U003657,order_reward,647,2025-09-27 08:44:40,MOCK0009235
PT00002898,U000360,order_reward,364,2026-08-02 13:03:02,MOCK0003084
PT00002899,U004784,campaign_reward,54,2025-01-29 17:11:56,MOCK0006007
PT00002900,U002193,order_reward,640,2025-02-16 10:09:03,MOCK0004264
PT00002901,U000488,order_reward,121,2026-03-13 14:48:13,MOCK0008395
PT00002902,U002999,redeem,-238,2025-10-23 13:58:24,MOCK0009789
PT00002903,U002294,campaign_reward,519,2025-11-04 21:04:23,MOCK0010256
PT00002904,U004720,redeem,-642,2026-05-26 11:15:52,MOCK0007865
PT00002905,U004429,order_reward,488,2025-01-08 17:48:03,MOCK0009739
PT00002906,U004157,order_reward,365,2026-06-21 07:59:54,MOCK0007345
PT00002907,U004238,refund_deduct,-204,2025-09-01 00:40:57,MOCK0010305
PT00002908,U004650,order_reward,204,2026-04-26 05:45:40,MOCK0000640
PT00002909,U001066,campaign_reward,36,2026-04-15 17:52:53,MOCK0000119
PT00002910,U004220,order_reward,268,2026-03-26 08:11:36,MOCK0008996
PT00002911,U003671,redeem,-9,2026-03-31 17:55:30,MOCK0010447
PT00002912,U003894,redeem,-368,2025-08-16 00:32:56,MOCK0003764
PT00002913,U000406,order_reward,568,2025-10-02 06:42:16,MOCK0009061
PT00002914,U004955,order_reward,26,2025-08-13 17:46:35,MOCK0005903
PT00002915,U003197,redeem,-127,2026-02-21 07:07:08,MOCK0011310
PT00002916,U000623,campaign_reward,742,2025-05-24 01:22:17,MOCK0005965
PT00002917,U003178,order_reward,724,2025-04-06 01:17:34,MOCK0010026
PT00002918,U003165,order_reward,102,2026-07-28 11:02:32,MOCK0008175
PT00002919,U004707,order_reward,168,2025-01-27 13:08:43,MOCK0004339
PT00002920,U003365,refund_deduct,-620,2025-11-23 23:41:03,MOCK0007249
PT00002921,U001607,expire,-430,2025-03-31 10:47:27,MOCK0000121
PT00002922,U003162,campaign_reward,624,2026-02-10 13:18:19,MOCK0003494
PT00002923,U001116,campaign_reward,77,2025-02-27 19:14:18,MOCK0004569
PT00002924,U004561,redeem,-767,2025-08-25 04:57:58,MOCK0011428
PT00002925,U003732,redeem,-661,2025-08-12 16:57:47,MOCK0004774
PT00002926,U003596,campaign_reward,74,2025-01-08 02:54:43,MOCK0005498
PT00002927,U003079,order_reward,87,2025-03-26 03:29:09,MOCK0007424
PT00002928,U000899,order_reward,769,2026-05-05 23:44:48,MOCK0001653
PT00002929,U002875,redeem,-334,2025-10-05 11:25:13,MOCK0008320
PT00002930,U004042,order_reward,283,2026-08-16 08:29:43,MOCK0011254
PT00002931,U001308,order_reward,25,2025-08-07 11:18:38,MOCK0009063
PT00002932,U001072,order_reward,17,2025-11-30 07:10:26,MOCK0004078
PT00002933,U001049,campaign_reward,758,2025-02-10 18:58:40,MOCK0005740
PT00002934,U001937,redeem,-342,2025-02-21 04:47:36,MOCK0007560
PT00002935,U002038,order_reward,47,2025-06-27 01:39:14,MOCK0007233
PT00002936,U003008,order_reward,30,2025-07-16 10:21:32,MOCK0007960
PT00002937,U000673,order_reward,420,2025-01-14 18:17:46,MOCK0004611
PT00002938,U000846,order_reward,45,2026-07-17 00:54:36,MOCK0011094
PT00002939,U000340,refund_deduct,-798,2025-02-06 00:32:17,MOCK0004661
PT00002940,U000333,order_reward,295,2026-04-19 08:05:03,MOCK0006602
PT00002941,U000407,order_reward,154,2026-05-16 15:29:50,MOCK0004825
PT00002942,U002049,expire,-285,2026-03-01 14:16:27,MOCK0005881
PT00002943,U000791,order_reward,81,2026-04-29 13:55:55,MOCK0010742
PT00002944,U003209,campaign_reward,533,2025-07-18 11:19:23,MOCK0000678
PT00002945,U004260,redeem,-348,2026-02-09 07:04:58,MOCK0011293
PT00002946,U003549,expire,-697,2025-04-19 06:38:00,MOCK0002665
PT00002947,U004095,expire,-248,2025-03-27 02:13:52,MOCK0006754
PT00002948,U000679,campaign_reward,630,2026-05-01 21:07:20,MOCK0008650
PT00002949,U001007,refund_deduct,-721,2026-04-27 12:07:21,MOCK0005643
PT00002950,U001252,order_reward,362,2025-03-20 09:24:18,MOCK0001564
PT00002951,U001215,order_reward,790,2026-03-20 18:42:41,MOCK0010961
PT00002952,U004801,order_reward,686,2026-03-27 08:25:41,MOCK0007717
PT00002953,U000750,refund_deduct,-660,2025-09-25 01:31:02,MOCK0008864
PT00002954,U003721,campaign_reward,742,2025-04-03 11:32:20,MOCK0004919
PT00002955,U000540,order_reward,120,2026-01-30 05:07:43,MOCK0004634
PT00002956,U003038,expire,-86,2026-04-26 06:35:13,MOCK0002468
PT00002957,U001166,order_reward,497,2026-06-06 19:52:56,MOCK0000373
PT00002958,U002252,expire,-409,2026-01-22 10:53:16,MOCK0005425
PT00002959,U001393,expire,-436,2025-12-16 19:43:08,MOCK0006980
PT00002960,U000621,order_reward,780,2026-01-14 16:17:04,MOCK0002381
PT00002961,U002580,order_reward,161,2025-12-02 13:38:12,MOCK0004903
PT00002962,U000330,redeem,-386,2026-03-24 13:06:23,MOCK0008170
PT00002963,U000928,order_reward,261,2026-02-13 10:37:09,MOCK0009412
PT00002964,U002128,order_reward,7,2025-09-05 12:21:50,MOCK0008598
PT00002965,U001054,order_reward,679,2026-01-13 09:30:09,MOCK0000744
PT00002966,U002765,redeem,-799,2026-06-15 23:17:12,MOCK0000770
PT00002967,U001850,order_reward,628,2025-01-13 08:48:15,MOCK0002016
PT00002968,U003913,order_reward,213,2025-09-10 06:54:52,MOCK0009297
PT00002969,U003526,order_reward,238,2026-07-04 18:25:00,MOCK0008336
PT00002970,U002484,refund_deduct,-26,2025-01-12 05:17:36,MOCK0004346
PT00002971,U002476,order_reward,692,2026-05-28 00:09:32,MOCK0000105
PT00002972,U000099,campaign_reward,392,2025-02-24 09:40:38,MOCK0005719
PT00002973,U000122,order_reward,415,2026-04-13 20:15:25,MOCK0011769
PT00002974,U003695,redeem,-617,2025-03-07 20:32:57,MOCK0011525
PT00002975,U002033,order_reward,315,2025-10-14 11:21:51,MOCK0001660
PT00002976,U002336,order_reward,300,2025-06-13 13:37:00,MOCK0010534
PT00002977,U004551,order_reward,75,2026-01-06 19:04:48,MOCK0004279
PT00002978,U000138,redeem,-46,2026-08-03 22:26:02,MOCK0003606
PT00002979,U002030,order_reward,479,2025-04-13 19:54:38,MOCK0009667
PT00002980,U002961,order_reward,202,2025-09-03 09:13:02,MOCK0002527
PT00002981,U002567,order_reward,773,2025-11-11 16:43:39,MOCK0000336
PT00002982,U000404,redeem,-181,2025-12-16 17:18:20,MOCK0000838
PT00002983,U003748,order_reward,487,2025-02-13 01:08:32,MOCK0008624
PT00002984,U004897,order_reward,58,2025-06-17 04:22:32,MOCK0011841
PT00002985,U001939,refund_deduct,-750,2025-03-05 01:13:57,MOCK0003871
PT00002986,U002818,expire,-268,2025-10-12 13:37:00,MOCK0010021
PT00002987,U002333,order_reward,442,2025-06-21 09:23:46,MOCK0008513
PT00002988,U000707,order_reward,479,2026-03-15 14:27:07,MOCK0004518
PT00002989,U001249,order_reward,419,2026-05-13 07:14:19,MOCK0001365
PT00002990,U002600,campaign_reward,221,2026-04-26 08:36:23,MOCK0001719
PT00002991,U004324,campaign_reward,548,2025-12-23 01:01:34,MOCK0002316
PT00002992,U001553,redeem,-795,2026-06-03 23:04:23,MOCK0000145
PT00002993,U003919,order_reward,496,2026-01-25 06:55:53,MOCK0004450
PT00002994,U001638,redeem,-367,2025-05-29 12:38:05,MOCK0006469
PT00002995,U000768,campaign_reward,81,2025-11-16 19:40:14,MOCK0002727
PT00002996,U002073,campaign_reward,178,2025-06-17 06:11:37,MOCK0003682
PT00002997,U004387,redeem,-318,2025-12-13 05:56:59,MOCK0000365
PT00002998,U002766,order_reward,37,2025-09-23 06:03:05,MOCK0006068
PT00002999,U001509,expire,-736,2025-01-09 12:28:53,MOCK0008530
PT00003000,U003793,order_reward,701,2025-12-25 06:20:01,MOCK0002016
PT00003001,U002663,expire,-21,2026-08-16 01:25:19,MOCK0007561
PT00003002,U003649,order_reward,428,2025-11-14 17:26:31,MOCK0006125
PT00003003,U003636,redeem,-127,2025-05-07 23:15:35,MOCK0004844
PT00003004,U000830,expire,-334,2026-07-20 02:44:03,MOCK0005251
PT00003005,U004186,redeem,-624,2025-12-21 12:48:23,MOCK0004182
PT00003006,U002942,refund_deduct,-157,2025-07-07 11:09:07,MOCK0010591
PT00003007,U000483,order_reward,98,2026-04-26 23:26:26,MOCK0004970
PT00003008,U003174,order_reward,619,2026-02-17 07:44:02,MOCK0003367
PT00003009,U000560,order_reward,290,2025-03-10 01:37:01,MOCK0005684
PT00003010,U001827,order_reward,265,2026-05-01 04:52:20,MOCK0004092
PT00003011,U003538,order_reward,586,2026-04-15 05:37:15,MOCK0000476
PT00003012,U004560,expire,-157,2026-02-20 04:35:50,MOCK0007929
PT00003013,U002261,order_reward,255,2025-09-13 05:50:02,MOCK0008865
PT00003014,U001243,order_reward,563,2026-04-15 18:18:28,MOCK0000494
PT00003015,U000091,order_reward,183,2026-02-02 12:44:41,MOCK0001716
PT00003016,U000976,redeem,-511,2026-05-02 10:20:50,MOCK0009771
PT00003017,U003053,order_reward,627,2025-07-30 16:33:13,MOCK0007209
PT00003018,U000238,order_reward,168,2026-04-27 10:09:41,MOCK0008315
PT00003019,U001807,order_reward,251,2026-01-17 10:19:56,MOCK0003839
PT00003020,U002037,refund_deduct,-15,2026-01-07 17:33:05,MOCK0002671
PT00003021,U002886,campaign_reward,390,2026-04-05 17:47:58,MOCK0004163
PT00003022,U002099,order_reward,696,2025-07-06 11:38:17,MOCK0002076
PT00003023,U004981,campaign_reward,333,2026-08-21 11:56:26,MOCK0003574
PT00003024,U003558,redeem,-649,2026-01-19 23:26:37,MOCK0004001
PT00003025,U000943,order_reward,550,2026-04-27 20:00:31,MOCK0009240
PT00003026,U003089,order_reward,295,2025-03-26 18:10:09,MOCK0004333
PT00003027,U004076,order_reward,418,2025-06-26 09:36:33,MOCK0010576
PT00003028,U000173,order_reward,280,2025-09-20 14:19:34,MOCK0009514
PT00003029,U004164,redeem,-132,2026-08-03 23:28:48,MOCK0009238
PT00003030,U002048,order_reward,16,2026-07-30 20:11:31,MOCK0005683
PT00003031,U002892,redeem,-572,2026-03-13 16:43:17,MOCK0003904
PT00003032,U000286,campaign_reward,601,2025-07-18 16:22:33,MOCK0004652
PT00003033,U004225,redeem,-632,2026-06-11 13:17:01,MOCK0006796
PT00003034,U000210,campaign_reward,76,2026-07-07 06:50:26,MOCK0005973
PT00003035,U004757,campaign_reward,647,2026-08-07 03:16:01,MOCK0002572
PT00003036,U000252,order_reward,177,2025-01-30 15:55:54,MOCK0011029
PT00003037,U003187,campaign_reward,386,2025-06-05 17:03:23,MOCK0007908
PT00003038,U003409,order_reward,65,2025-04-25 07:45:42,MOCK0007674
PT00003039,U001238,order_reward,64,2025-06-17 23:46:58,MOCK0008550
PT00003040,U002650,order_reward,767,2026-02-08 14:42:37,MOCK0004308
PT00003041,U003057,refund_deduct,-501,2025-03-11 21:52:15,MOCK0005910
PT00003042,U000041,order_reward,311,2026-05-11 13:49:57,MOCK0006895
PT00003043,U003695,order_reward,257,2025-09-13 11:07:19,MOCK0005051
PT00003044,U002522,order_reward,37,2025-01-07 03:35:20,MOCK0008057
PT00003045,U001718,redeem,-305,2025-03-25 22:48:33,MOCK0003155
PT00003046,U001754,campaign_reward,680,2025-02-14 17:56:10,MOCK0011479
PT00003047,U002729,order_reward,497,2025-02-09 17:21:01,MOCK0008790
PT00003048,U001837,order_reward,182,2026-05-02 21:40:51,MOCK0010257
PT00003049,U002297,campaign_reward,761,2026-01-30 17:29:16,MOCK0001843
PT00003050,U003184,order_reward,718,2026-03-29 01:50:30,MOCK0004271
PT00003051,U001542,redeem,-114,2025-01-19 02:33:06,MOCK0009511
PT00003052,U004090,redeem,-540,2026-06-28 00:29:31,MOCK0002594
PT00003053,U003437,campaign_reward,234,2025-09-08 10:40:26,MOCK0005065
PT00003054,U001814,refund_deduct,-681,2026-02-28 03:21:33,MOCK0005773
PT00003055,U000606,refund_deduct,-24,2025-02-19 11:29:39,MOCK0010380
PT00003056,U003854,expire,-264,2026-02-12 09:03:17,MOCK0005434
PT00003057,U004416,order_reward,310,2026-06-13 06:47:53,MOCK0007554
PT00003058,U000068,campaign_reward,774,2025-11-10 10:55:33,MOCK0006983
PT00003059,U001258,order_reward,322,2026-06-25 18:12:03,MOCK0007389
PT00003060,U002220,redeem,-696,2026-08-02 15:11:31,MOCK0003963
PT00003061,U004776,order_reward,254,2026-04-29 03:01:00,MOCK0005446
PT00003062,U004448,expire,-125,2025-04-03 16:37:40,MOCK0002479
PT00003063,U000050,order_reward,364,2026-03-03 09:50:00,MOCK0002987
PT00003064,U000260,campaign_reward,165,2026-02-07 06:51:21,MOCK0003292
PT00003065,U004907,order_reward,7,2026-05-14 16:39:01,MOCK0005847
PT00003066,U003954,order_reward,161,2025-04-29 19:11:03,MOCK0005216
PT00003067,U003966,order_reward,251,2025-10-06 07:16:18,MOCK0005415
PT00003068,U003786,order_reward,610,2025-02-10 01:22:01,MOCK0008221
PT00003069,U000268,redeem,-630,2025-02-11 05:06:10,MOCK0006130
PT00003070,U004900,order_reward,236,2026-04-09 05:06:12,MOCK0008313
PT00003071,U004848,order_reward,508,2026-07-26 01:57:07,MOCK0007840
PT00003072,U000919,campaign_reward,14,2025-10-13 00:16:37,MOCK0005056
PT00003073,U004197,order_reward,283,2026-01-19 08:47:43,MOCK0008463
PT00003074,U004742,order_reward,752,2025-10-16 21:40:01,MOCK0000523
PT00003075,U000970,order_reward,492,2026-04-05 11:25:22,MOCK0002492
PT00003076,U001769,order_reward,22,2026-05-24 20:46:36,MOCK0003619
PT00003077,U003800,expire,-209,2026-08-16 17:11:04,MOCK0007427
PT00003078,U000085,refund_deduct,-716,2025-07-11 00:05:07,MOCK0006928
PT00003079,U002187,redeem,-495,2026-02-03 11:36:51,MOCK0009626
PT00003080,U003847,campaign_reward,581,2025-07-19 17:00:45,MOCK0001533
PT00003081,U003448,order_reward,80,2025-03-21 16:38:05,MOCK0000951
PT00003082,U000569,order_reward,789,2026-05-18 08:57:03,MOCK0006891
PT00003083,U003566,order_reward,594,2026-07-23 17:21:24,MOCK0005475
PT00003084,U000104,order_reward,744,2025-01-24 19:50:06,MOCK0005997
PT00003085,U002022,campaign_reward,345,2025-11-22 23:08:08,MOCK0001096
PT00003086,U004623,order_reward,356,2025-06-07 17:23:00,MOCK0001095
PT00003087,U004899,redeem,-161,2025-07-15 23:38:32,MOCK0003429
PT00003088,U001426,redeem,-189,2026-02-15 23:39:16,MOCK0003602
PT00003089,U004848,redeem,-470,2026-07-09 05:24:43,MOCK0000015
PT00003090,U004789,campaign_reward,202,2025-04-17 03:21:31,MOCK0009016
PT00003091,U000133,order_reward,147,2026-05-16 19:28:09,MOCK0007220
PT00003092,U001861,order_reward,405,2025-07-20 07:43:27,MOCK0007960
PT00003093,U001185,order_reward,287,2026-03-07 11:05:44,MOCK0002136
PT00003094,U002191,order_reward,772,2026-05-30 12:56:15,MOCK0002576
PT00003095,U002514,order_reward,250,2025-11-24 16:46:29,MOCK0008904
PT00003096,U001455,campaign_reward,452,2026-03-20 22:17:15,MOCK0002617
PT00003097,U003830,redeem,-220,2025-01-12 01:40:53,MOCK0004840
PT00003098,U002535,order_reward,444,2026-04-22 00:14:39,MOCK0003098
PT00003099,U004460,refund_deduct,-25,2025-12-19 23:05:25,MOCK0005931
PT00003100,U002871,order_reward,728,2026-05-21 14:10:25,MOCK0010851
PT00003101,U002765,redeem,-633,2026-01-31 19:26:08,MOCK0001215
PT00003102,U001359,order_reward,541,2025-09-24 13:47:28,MOCK0009530
PT00003103,U001810,order_reward,238,2025-01-11 22:21:05,MOCK0009680
PT00003104,U004323,redeem,-353,2025-08-03 19:10:49,MOCK0009409
PT00003105,U003670,order_reward,301,2025-02-18 16:37:42,MOCK0007721
PT00003106,U002003,campaign_reward,600,2025-10-04 19:59:33,MOCK0006947
PT00003107,U004781,campaign_reward,796,2025-07-02 23:27:36,MOCK0011247
PT00003108,U003921,order_reward,789,2025-05-15 05:20:16,MOCK0004483
PT00003109,U002987,redeem,-320,2025-02-17 02:35:02,MOCK0005082
PT00003110,U003127,order_reward,764,2025-09-17 16:51:09,MOCK0000159
PT00003111,U000855,order_reward,526,2026-03-09 16:33:36,MOCK0003715
PT00003112,U003029,redeem,-723,2025-10-07 00:51:26,MOCK0000819
PT00003113,U004286,order_reward,526,2025-07-18 18:48:35,MOCK0004095
PT00003114,U003127,redeem,-739,2025-12-13 03:25:31,MOCK0001516
PT00003115,U001887,order_reward,439,2026-04-02 02:49:32,MOCK0008402
PT00003116,U001212,order_reward,650,2025-05-25 23:09:37,MOCK0000339
PT00003117,U004027,campaign_reward,35,2025-09-04 12:27:39,MOCK0010593
PT00003118,U002726,refund_deduct,-335,2025-09-29 02:44:39,MOCK0006127
PT00003119,U002165,order_reward,547,2025-01-04 01:46:13,MOCK0007712
PT00003120,U001420,redeem,-186,2025-07-10 06:32:07,MOCK0008083
PT00003121,U002388,order_reward,616,2025-11-29 17:31:47,MOCK0005657
PT00003122,U004065,redeem,-90,2025-05-12 19:53:57,MOCK0001935
PT00003123,U001144,expire,-464,2026-05-23 02:34:01,MOCK0002678
PT00003124,U002152,order_reward,355,2025-07-20 16:13:39,MOCK0010684
PT00003125,U000730,order_reward,390,2025-04-16 23:43:49,MOCK0001073
PT00003126,U001806,refund_deduct,-733,2026-02-20 21:35:58,MOCK0004897
PT00003127,U004721,refund_deduct,-284,2026-01-02 21:31:16,MOCK0002052
PT00003128,U004644,campaign_reward,446,2025-03-14 02:07:13,MOCK0001376
PT00003129,U002605,redeem,-107,2026-06-28 08:13:39,MOCK0003765
PT00003130,U000464,order_reward,695,2026-07-30 16:00:15,MOCK0008323
PT00003131,U003732,order_reward,155,2025-06-21 06:38:50,MOCK0002195
PT00003132,U003133,order_reward,223,2025-06-06 01:04:38,MOCK0001853
PT00003133,U004431,campaign_reward,653,2025-09-18 05:33:23,MOCK0011566
PT00003134,U000488,order_reward,760,2025-12-13 20:11:01,MOCK0004018
PT00003135,U004051,refund_deduct,-166,2026-01-24 11:19:51,MOCK0010631
PT00003136,U004202,order_reward,297,2025-10-07 11:42:34,MOCK0004805
PT00003137,U001352,expire,-15,2025-11-16 15:59:28,MOCK0000414
PT00003138,U000971,order_reward,343,2026-03-20 22:13:33,MOCK0007038
PT00003139,U001220,refund_deduct,-67,2025-10-23 06:38:30,MOCK0000952
PT00003140,U000467,order_reward,80,2025-01-14 09:26:53,MOCK0003220
PT00003141,U002856,refund_deduct,-99,2026-05-19 15:20:43,MOCK0006551
PT00003142,U001942,order_reward,217,2025-03-12 13:18:07,MOCK0004392
PT00003143,U004740,campaign_reward,529,2025-01-03 08:06:03,MOCK0000951
PT00003144,U004261,refund_deduct,-573,2026-06-02 01:57:52,MOCK0007548
PT00003145,U000149,order_reward,196,2026-08-11 21:22:37,MOCK0002575
PT00003146,U002087,expire,-40,2026-06-22 01:26:40,MOCK0008303
PT00003147,U000067,refund_deduct,-130,2026-06-01 14:48:33,MOCK0005924
PT00003148,U004494,campaign_reward,19,2025-09-17 20:57:25,MOCK0009536
PT00003149,U003013,order_reward,468,2026-04-06 18:37:24,MOCK0001332
PT00003150,U004348,campaign_reward,200,2026-06-16 03:39:44,MOCK0007298
PT00003151,U000194,order_reward,396,2026-05-30 03:43:57,MOCK0008102
PT00003152,U002164,order_reward,209,2026-08-10 06:06:40,MOCK0011720
PT00003153,U000359,redeem,-61,2025-07-19 17:23:32,MOCK0011879
PT00003154,U001316,order_reward,476,2026-03-05 02:34:02,MOCK0005108
PT00003155,U004109,order_reward,526,2025-03-01 16:21:06,MOCK0003352
PT00003156,U003708,order_reward,166,2025-12-27 01:32:52,MOCK0005551
PT00003157,U004606,order_reward,5,2025-10-24 12:55:08,MOCK0009339
PT00003158,U001930,order_reward,578,2025-08-13 06:48:32,MOCK0011932
PT00003159,U004170,order_reward,664,2026-04-23 10:41:31,MOCK0002769
PT00003160,U000040,campaign_reward,736,2026-06-13 09:55:18,MOCK0000244
PT00003161,U002132,order_reward,524,2025-10-28 06:58:54,MOCK0000167
PT00003162,U000616,redeem,-127,2026-02-12 20:33:11,MOCK0004652
PT00003163,U004716,order_reward,381,2025-11-09 23:04:52,MOCK0003045
PT00003164,U000742,campaign_reward,700,2025-08-08 23:48:22,MOCK0005836
PT00003165,U003846,order_reward,422,2025-08-22 21:48:53,MOCK0001681
PT00003166,U004402,order_reward,356,2025-07-19 10:38:54,MOCK0000963
PT00003167,U001241,order_reward,60,2025-06-30 10:47:02,MOCK0001762
PT00003168,U001303,order_reward,290,2025-05-03 07:51:22,MOCK0009004
PT00003169,U000194,order_reward,360,2025-06-08 21:01:08,MOCK0005741
PT00003170,U001954,order_reward,157,2026-05-29 10:37:35,MOCK0002504
PT00003171,U001578,order_reward,561,2026-02-07 08:24:32,MOCK0007473
PT00003172,U002207,order_reward,436,2026-07-01 20:44:44,MOCK0008518
PT00003173,U003375,campaign_reward,376,2025-01-03 08:28:48,MOCK0005588
PT00003174,U003949,redeem,-427,2026-04-03 22:26:43,MOCK0010995
PT00003175,U002743,order_reward,137,2025-08-31 09:27:01,MOCK0001663
PT00003176,U003647,order_reward,120,2026-03-13 21:10:44,MOCK0002127
PT00003177,U002874,order_reward,441,2025-06-26 13:07:37,MOCK0010165
PT00003178,U004757,order_reward,113,2025-05-29 21:22:41,MOCK0003526
PT00003179,U002877,order_reward,775,2025-04-19 17:07:11,MOCK0011981
PT00003180,U001952,refund_deduct,-220,2025-04-15 23:10:11,MOCK0001069
PT00003181,U004725,refund_deduct,-61,2025-07-18 09:35:09,MOCK0000619
PT00003182,U003189,order_reward,511,2026-03-24 11:14:46,MOCK0005165
PT00003183,U000668,campaign_reward,714,2025-01-27 13:18:06,MOCK0011347
PT00003184,U001304,expire,-369,2025-04-17 01:03:19,MOCK0009048
PT00003185,U004967,campaign_reward,656,2025-08-18 10:39:16,MOCK0005735
PT00003186,U002638,order_reward,204,2026-06-26 04:24:28,MOCK0000394
PT00003187,U001805,campaign_reward,251,2025-11-18 23:13:07,MOCK0007224
PT00003188,U002627,order_reward,93,2026-05-22 19:44:28,MOCK0005469
PT00003189,U000822,order_reward,112,2026-01-21 06:45:44,MOCK0008277
PT00003190,U000339,order_reward,248,2025-10-25 19:26:37,MOCK0000689
PT00003191,U001206,campaign_reward,232,2025-06-23 18:32:40,MOCK0008195
PT00003192,U000566,order_reward,559,2026-04-12 11:41:57,MOCK0008593
PT00003193,U003649,refund_deduct,-638,2026-01-23 05:29:29,MOCK0001008
PT00003194,U004855,refund_deduct,-389,2025-10-22 00:58:39,MOCK0011199
PT00003195,U003009,campaign_reward,760,2026-02-13 14:32:28,MOCK0011224
PT00003196,U001277,campaign_reward,120,2026-04-06 01:39:57,MOCK0005448
PT00003197,U000955,refund_deduct,-720,2025-01-25 04:10:44,MOCK0002181
PT00003198,U003349,refund_deduct,-140,2026-02-19 14:15:25,MOCK0003132
PT00003199,U002400,order_reward,185,2025-02-11 14:41:09,MOCK0004897
PT00003200,U001648,redeem,-303,2025-12-26 10:03:48,MOCK0002348
PT00003201,U003790,order_reward,174,2025-05-10 16:56:37,MOCK0006351
PT00003202,U004883,order_reward,565,2025-09-21 02:55:45,MOCK0005913
PT00003203,U003066,campaign_reward,594,2026-08-04 23:22:28,MOCK0008046
PT00003204,U001900,order_reward,188,2026-08-21 17:21:52,MOCK0001763
PT00003205,U004687,expire,-111,2026-02-18 00:58:59,MOCK0000184
PT00003206,U004330,redeem,-83,2025-10-15 01:42:16,MOCK0011873
PT00003207,U002459,expire,-181,2025-06-09 15:13:24,MOCK0000254
PT00003208,U000874,campaign_reward,507,2026-02-23 22:41:10,MOCK0006823
PT00003209,U002856,order_reward,320,2026-06-13 05:32:33,MOCK0005391
PT00003210,U003437,campaign_reward,453,2026-04-26 20:23:53,MOCK0008937
PT00003211,U002378,campaign_reward,624,2025-11-14 05:29:18,MOCK0008925
PT00003212,U004466,order_reward,229,2026-05-27 20:34:16,MOCK0002207
PT00003213,U004678,order_reward,19,2025-04-07 00:34:42,MOCK0008396
PT00003214,U000132,redeem,-255,2025-09-21 09:49:30,MOCK0006226
PT00003215,U000159,order_reward,743,2025-09-03 16:56:56,MOCK0007054
PT00003216,U004575,order_reward,534,2025-02-19 15:33:23,MOCK0004018
PT00003217,U001882,refund_deduct,-518,2026-03-02 00:15:38,MOCK0011407
PT00003218,U004394,order_reward,613,2025-05-09 13:11:53,MOCK0004003
PT00003219,U002672,redeem,-749,2026-06-25 10:36:11,MOCK0005806
PT00003220,U002174,order_reward,106,2025-05-17 17:10:03,MOCK0005133
PT00003221,U000149,order_reward,312,2026-08-04 03:31:35,MOCK0006879
PT00003222,U002334,order_reward,633,2025-04-01 05:29:31,MOCK0003826
PT00003223,U004282,campaign_reward,265,2025-11-07 03:32:46,MOCK0006627
PT00003224,U004348,expire,-721,2025-02-02 10:09:43,MOCK0004077
PT00003225,U002395,campaign_reward,215,2025-08-21 09:05:36,MOCK0008120
PT00003226,U004442,refund_deduct,-8,2026-08-17 18:14:24,MOCK0005043
PT00003227,U001200,campaign_reward,381,2025-11-13 21:34:40,MOCK0002163
PT00003228,U000891,order_reward,15,2026-05-12 13:38:40,MOCK0011736
PT00003229,U002902,expire,-423,2025-10-02 09:39:18,MOCK0003998
PT00003230,U003081,order_reward,650,2026-02-08 08:03:02,MOCK0001349
PT00003231,U003042,order_reward,752,2026-02-09 23:35:40,MOCK0003215
PT00003232,U002157,order_reward,763,2025-04-27 13:41:41,MOCK0009360
PT00003233,U002450,redeem,-183,2025-11-18 14:12:07,MOCK0006402
PT00003234,U004620,redeem,-511,2026-05-28 08:49:08,MOCK0004206
PT00003235,U001163,expire,-597,2026-07-25 17:10:42,MOCK0003539
PT00003236,U002968,order_reward,670,2026-06-09 06:49:06,MOCK0009642
PT00003237,U002946,refund_deduct,-741,2025-03-30 19:47:27,MOCK0005912
PT00003238,U004457,order_reward,425,2025-12-31 21:37:14,MOCK0006507
PT00003239,U003573,order_reward,164,2025-02-12 12:38:52,MOCK0006193
PT00003240,U004233,redeem,-642,2025-01-24 05:57:52,MOCK0002932
PT00003241,U001219,order_reward,403,2025-09-09 10:55:20,MOCK0006670
PT00003242,U003956,refund_deduct,-61,2025-09-10 15:08:45,MOCK0000283
PT00003243,U000765,order_reward,125,2025-01-30 05:57:00,MOCK0001040
PT00003244,U004038,campaign_reward,435,2025-01-05 01:30:04,MOCK0001141
PT00003245,U000488,redeem,-299,2026-05-03 19:36:53,MOCK0002214
PT00003246,U001532,order_reward,596,2025-08-27 07:46:13,MOCK0009388
PT00003247,U002635,campaign_reward,579,2025-11-13 17:27:53,MOCK0002341
PT00003248,U001563,campaign_reward,713,2026-06-19 12:53:32,MOCK0003692
PT00003249,U004238,order_reward,219,2025-04-08 19:46:23,MOCK0010086
PT00003250,U002576,order_reward,604,2026-06-12 23:07:55,MOCK0007143
PT00003251,U001586,order_reward,595,2025-02-28 06:50:35,MOCK0008161
PT00003252,U004781,campaign_reward,109,2025-09-20 16:25:53,MOCK0003381
PT00003253,U003977,campaign_reward,782,2026-04-23 04:03:34,MOCK0008021
PT00003254,U002631,refund_deduct,-66,2026-05-19 11:15:34,MOCK0003076
PT00003255,U004104,order_reward,162,2025-07-22 11:13:36,MOCK0000473
PT00003256,U004992,refund_deduct,-597,2025-11-28 15:59:55,MOCK0000785
PT00003257,U003536,order_reward,432,2026-07-11 04:22:18,MOCK0011339
PT00003258,U002562,redeem,-601,2026-01-06 18:44:17,MOCK0008924
PT00003259,U001463,refund_deduct,-262,2026-06-21 10:00:36,MOCK0004104
PT00003260,U002099,order_reward,77,2025-06-02 05:54:20,MOCK0008653
PT00003261,U001325,expire,-652,2026-02-21 12:13:07,MOCK0004556
PT00003262,U003845,refund_deduct,-731,2025-06-18 05:36:27,MOCK0011787
PT00003263,U003760,order_reward,42,2026-02-23 08:23:49,MOCK0003627
PT00003264,U001061,order_reward,182,2026-06-29 00:07:35,MOCK0004265
PT00003265,U000125,order_reward,419,2026-01-23 16:48:12,MOCK0011152
PT00003266,U001204,campaign_reward,290,2026-04-24 03:33:37,MOCK0007344
PT00003267,U003065,expire,-22,2025-05-24 18:47:01,MOCK0008165
PT00003268,U003466,expire,-168,2025-02-11 14:48:34,MOCK0008776
PT00003269,U000218,order_reward,718,2025-05-24 04:45:33,MOCK0005730
PT00003270,U001506,order_reward,98,2025-10-29 09:52:15,MOCK0004378
PT00003271,U002622,campaign_reward,622,2025-08-19 06:18:06,MOCK0011326
PT00003272,U001928,redeem,-612,2026-07-22 05:38:22,MOCK0005406
PT00003273,U000146,campaign_reward,161,2025-11-23 06:17:22,MOCK0005493
PT00003274,U004065,order_reward,385,2026-02-03 11:13:17,MOCK0007310
PT00003275,U004878,order_reward,185,2025-11-22 00:16:55,MOCK0000790
PT00003276,U002644,refund_deduct,-598,2025-07-22 04:54:21,MOCK0008713
PT00003277,U003165,order_reward,453,2025-02-19 21:12:52,MOCK0003895
PT00003278,U002570,refund_deduct,-452,2026-07-01 21:16:57,MOCK0001881
PT00003279,U000738,refund_deduct,-484,2025-10-27 17:54:56,MOCK0009456
PT00003280,U004452,refund_deduct,-311,2026-02-14 14:16:32,MOCK0010436
PT00003281,U000330,order_reward,452,2026-05-19 21:16:25,MOCK0002838
PT00003282,U001433,order_reward,585,2025-08-01 10:08:26,MOCK0010815
PT00003283,U003898,campaign_reward,215,2025-01-07 01:50:27,MOCK0004166
PT00003284,U002023,order_reward,682,2025-02-15 12:10:06,MOCK0002711
PT00003285,U003348,expire,-199,2025-07-03 12:46:05,MOCK0009974
PT00003286,U000667,order_reward,568,2025-04-10 01:19:06,MOCK0001603
PT00003287,U000957,redeem,-461,2025-09-15 19:35:36,MOCK0008868
PT00003288,U001163,order_reward,628,2025-01-21 22:11:03,MOCK0009011
PT00003289,U003003,order_reward,749,2025-02-15 02:19:23,MOCK0001965
PT00003290,U000836,redeem,-43,2025-03-30 06:22:53,MOCK0004649
PT00003291,U001271,redeem,-546,2026-04-03 20:34:05,MOCK0005985
PT00003292,U004331,order_reward,501,2025-08-13 12:07:22,MOCK0004948
PT00003293,U001854,order_reward,429,2025-07-31 01:42:28,MOCK0007400
PT00003294,U001422,order_reward,304,2025-11-12 15:55:48,MOCK0000732
PT00003295,U000884,campaign_reward,85,2025-06-06 13:55:34,MOCK0000816
PT00003296,U002724,redeem,-97,2025-04-19 09:56:08,MOCK0009195
PT00003297,U004967,order_reward,356,2025-03-05 22:24:39,MOCK0010622
PT00003298,U001596,order_reward,311,2025-12-24 04:46:48,MOCK0011932
PT00003299,U002482,order_reward,578,2026-02-18 15:17:43,MOCK0005606
PT00003300,U002557,redeem,-165,2026-03-14 23:46:55,MOCK0005414
PT00003301,U000006,campaign_reward,115,2025-06-22 09:02:46,MOCK0005612
PT00003302,U004339,order_reward,624,2026-04-06 14:54:49,MOCK0007935
PT00003303,U003137,order_reward,767,2025-01-22 23:50:45,MOCK0003306
PT00003304,U002048,expire,-221,2025-06-11 03:50:24,MOCK0001388
PT00003305,U000396,expire,-647,2026-08-21 10:11:39,MOCK0006120
PT00003306,U001943,campaign_reward,137,2026-03-25 19:46:45,MOCK0005044
PT00003307,U001466,order_reward,541,2025-07-10 00:04:07,MOCK0009308
PT00003308,U004974,order_reward,620,2026-02-24 09:14:34,MOCK0008541
PT00003309,U001380,expire,-584,2025-05-25 13:20:13,MOCK0003097
PT00003310,U002979,order_reward,526,2025-03-25 17:32:04,MOCK0004695
PT00003311,U002619,order_reward,479,2026-03-12 23:09:01,MOCK0009015
PT00003312,U004363,refund_deduct,-776,2025-02-22 07:10:16,MOCK0005873
PT00003313,U002175,order_reward,183,2025-12-04 10:52:06,MOCK0002410
PT00003314,U001007,expire,-363,2026-01-24 06:07:14,MOCK0009815
PT00003315,U002445,order_reward,205,2025-12-25 07:46:27,MOCK0008396
PT00003316,U001571,redeem,-282,2026-01-14 08:54:10,MOCK0010027
PT00003317,U000113,order_reward,123,2025-04-02 16:02:35,MOCK0006937
PT00003318,U000977,order_reward,224,2025-12-14 17:15:13,MOCK0007394
PT00003319,U004745,campaign_reward,526,2025-09-26 00:28:07,MOCK0002875
PT00003320,U003164,campaign_reward,724,2025-01-19 01:25:52,MOCK0002181
PT00003321,U002151,redeem,-181,2025-01-31 04:38:41,MOCK0001392
PT00003322,U003128,order_reward,554,2025-06-24 02:03:51,MOCK0010909
PT00003323,U001518,order_reward,593,2026-07-02 05:49:39,MOCK0006167
PT00003324,U000516,order_reward,743,2025-04-03 07:30:11,MOCK0000622
PT00003325,U000125,redeem,-131,2026-06-02 21:53:53,MOCK0008286
PT00003326,U002242,redeem,-439,2025-11-08 20:08:56,MOCK0004377
PT00003327,U004542,campaign_reward,147,2026-06-14 10:55:09,MOCK0001872
PT00003328,U000676,order_reward,555,2025-08-21 16:18:07,MOCK0009822
PT00003329,U003860,refund_deduct,-155,2026-07-16 00:46:44,MOCK0006626
PT00003330,U004529,campaign_reward,125,2025-08-14 18:42:27,MOCK0006163
PT00003331,U004530,order_reward,574,2025-08-10 09:15:47,MOCK0003276
PT00003332,U003966,redeem,-781,2025-11-20 16:22:40,MOCK0004000
PT00003333,U001567,order_reward,472,2026-06-26 15:42:39,MOCK0000202
PT00003334,U000867,redeem,-674,2025-05-16 13:35:57,MOCK0000550
PT00003335,U001358,campaign_reward,94,2025-12-07 06:12:31,MOCK0010266
PT00003336,U002603,order_reward,231,2025-10-12 14:21:30,MOCK0007593
PT00003337,U003297,refund_deduct,-11,2025-03-09 09:48:20,MOCK0007451
PT00003338,U003194,expire,-675,2025-05-26 18:08:13,MOCK0011857
PT00003339,U002338,order_reward,183,2026-02-02 13:17:30,MOCK0010916
PT00003340,U000401,order_reward,742,2025-11-03 08:23:04,MOCK0010660
PT00003341,U002168,refund_deduct,-505,2025-09-16 22:21:05,MOCK0004949
PT00003342,U003809,order_reward,54,2025-09-18 19:43:58,MOCK0007306
PT00003343,U004536,order_reward,107,2026-06-19 14:26:52,MOCK0004621
PT00003344,U002822,order_reward,354,2026-07-16 22:54:08,MOCK0000352
PT00003345,U003009,campaign_reward,162,2026-05-11 10:22:07,MOCK0005450
PT00003346,U001127,expire,-254,2026-04-19 19:22:14,MOCK0000556
PT00003347,U001975,order_reward,773,2025-11-12 21:52:14,MOCK0009901
PT00003348,U000386,order_reward,386,2025-11-15 21:09:00,MOCK0004135
PT00003349,U004095,campaign_reward,272,2026-06-18 06:00:30,MOCK0005233
PT00003350,U004410,order_reward,698,2025-11-24 11:55:23,MOCK0000176
PT00003351,U003158,refund_deduct,-661,2025-06-10 03:24:37,MOCK0011335
PT00003352,U004109,expire,-26,2026-06-25 07:50:21,MOCK0006374
PT00003353,U002206,campaign_reward,412,2025-10-04 20:41:10,MOCK0005797
PT00003354,U003629,campaign_reward,600,2026-04-09 14:58:25,MOCK0002271
PT00003355,U000523,order_reward,71,2025-03-09 01:32:11,MOCK0000773
PT00003356,U001329,order_reward,740,2025-04-25 20:58:42,MOCK0009226
PT00003357,U001854,order_reward,623,2025-10-05 21:31:04,MOCK0003345
PT00003358,U002252,order_reward,328,2025-12-10 01:59:28,MOCK0009776
PT00003359,U000883,order_reward,357,2025-01-12 23:06:29,MOCK0010441
PT00003360,U004351,order_reward,35,2026-05-17 12:35:16,MOCK0007730
PT00003361,U002186,redeem,-625,2026-03-13 04:23:13,MOCK0001068
PT00003362,U002433,order_reward,555,2025-06-14 08:23:49,MOCK0006660
PT00003363,U001371,order_reward,198,2025-06-07 01:35:55,MOCK0008924
PT00003364,U002967,order_reward,733,2026-03-15 02:15:16,MOCK0000367
PT00003365,U002542,order_reward,72,2025-12-29 21:31:37,MOCK0001691
PT00003366,U001904,redeem,-563,2025-12-07 14:59:54,MOCK0006232
PT00003367,U003294,expire,-450,2025-11-16 23:07:34,MOCK0003773
PT00003368,U000671,refund_deduct,-424,2025-06-20 04:10:19,MOCK0009342
PT00003369,U000702,campaign_reward,300,2025-07-25 14:20:52,MOCK0009309
PT00003370,U001140,expire,-297,2025-11-09 15:41:31,MOCK0004000
PT00003371,U000067,order_reward,754,2025-11-14 16:34:36,MOCK0007504
PT00003372,U000166,order_reward,559,2026-04-24 11:46:11,MOCK0010535
PT00003373,U001376,refund_deduct,-63,2025-08-26 11:32:41,MOCK0006263
PT00003374,U002045,campaign_reward,384,2025-12-03 03:46:06,MOCK0003488
PT00003375,U000838,redeem,-423,2026-03-15 19:38:16,MOCK0007943
PT00003376,U000691,order_reward,332,2026-01-19 04:39:25,MOCK0009535
PT00003377,U002048,expire,-667,2025-05-23 02:39:48,MOCK0003887
PT00003378,U004096,campaign_reward,562,2025-12-30 01:16:26,MOCK0011326
PT00003379,U000245,campaign_reward,608,2025-10-29 04:17:13,MOCK0006267
PT00003380,U002905,order_reward,167,2025-07-21 00:17:42,MOCK0000277
PT00003381,U002409,expire,-400,2025-02-06 21:56:35,MOCK0004790
PT00003382,U004726,order_reward,312,2026-05-20 20:15:42,MOCK0007853
PT00003383,U000815,expire,-254,2026-06-27 03:47:32,MOCK0006576
PT00003384,U004114,expire,-417,2025-09-29 06:03:44,MOCK0007374
PT00003385,U000273,refund_deduct,-505,2026-02-16 03:13:13,MOCK0000284
PT00003386,U004918,refund_deduct,-628,2025-10-18 17:50:18,MOCK0001444
PT00003387,U004786,expire,-536,2025-05-02 00:14:12,MOCK0011517
PT00003388,U004204,order_reward,381,2025-09-06 10:37:54,MOCK0011133
PT00003389,U004394,order_reward,40,2025-03-22 09:22:32,MOCK0003749
PT00003390,U002332,campaign_reward,24,2026-02-24 13:29:13,MOCK0000060
PT00003391,U000944,expire,-547,2026-03-11 15:57:04,MOCK0007889
PT00003392,U000879,refund_deduct,-49,2026-05-29 02:20:05,MOCK0003391
PT00003393,U000134,order_reward,37,2026-07-01 05:23:44,MOCK0004951
PT00003394,U002804,order_reward,639,2025-06-02 04:42:18,MOCK0009072
PT00003395,U004204,campaign_reward,547,2025-12-06 13:52:20,MOCK0011003
PT00003396,U000255,order_reward,216,2025-11-07 22:26:26,MOCK0005813
PT00003397,U004559,order_reward,195,2025-07-08 17:19:37,MOCK0009937
PT00003398,U001109,expire,-719,2026-06-02 07:15:31,MOCK0001374
PT00003399,U004419,campaign_reward,755,2026-02-08 11:33:54,MOCK0000579
PT00003400,U003730,order_reward,544,2026-04-22 02:28:09,MOCK0000228
PT00003401,U001272,campaign_reward,38,2025-06-30 08:47:01,MOCK0004456
PT00003402,U001288,order_reward,778,2025-05-28 20:49:32,MOCK0009208
PT00003403,U004988,refund_deduct,-758,2025-07-30 22:30:17,MOCK0002665
PT00003404,U002566,refund_deduct,-218,2025-03-01 21:14:45,MOCK0003389
PT00003405,U002690,expire,-258,2025-12-19 16:51:08,MOCK0006898
PT00003406,U002869,order_reward,753,2025-02-07 17:05:05,MOCK0001909
PT00003407,U004072,order_reward,8,2026-07-15 07:48:03,MOCK0004917
PT00003408,U000321,order_reward,615,2025-11-06 19:58:43,MOCK0009305
PT00003409,U000642,order_reward,186,2025-07-07 06:28:31,MOCK0007935
PT00003410,U000959,redeem,-481,2026-02-02 16:20:20,MOCK0010363
PT00003411,U000711,expire,-314,2025-02-22 21:03:42,MOCK0001365
PT00003412,U002696,redeem,-310,2026-06-04 10:01:51,MOCK0006413
PT00003413,U003960,expire,-386,2026-03-14 01:38:01,MOCK0009021
PT00003414,U003656,expire,-452,2026-04-29 13:01:23,MOCK0003399
PT00003415,U001068,order_reward,296,2025-11-15 13:27:57,MOCK0005220
PT00003416,U001068,refund_deduct,-91,2025-01-31 00:31:02,MOCK0009263
PT00003417,U003800,order_reward,620,2025-05-04 12:23:19,MOCK0008025
PT00003418,U003386,redeem,-673,2025-01-26 03:20:54,MOCK0009943
PT00003419,U001898,expire,-483,2025-01-13 07:11:49,MOCK0011812
PT00003420,U004353,order_reward,501,2026-02-06 19:41:42,MOCK0003885
PT00003421,U001627,refund_deduct,-200,2025-06-06 17:48:06,MOCK0011631
PT00003422,U002953,redeem,-679,2026-07-10 15:41:37,MOCK0003784
PT00003423,U002786,order_reward,693,2026-07-11 15:42:54,MOCK0011963
PT00003424,U000866,order_reward,214,2025-07-10 13:43:46,MOCK0007143
PT00003425,U003586,refund_deduct,-486,2025-10-01 08:07:51,MOCK0002311
PT00003426,U000851,refund_deduct,-566,2026-08-18 23:17:46,MOCK0009301
PT00003427,U003204,redeem,-57,2026-06-16 09:06:35,MOCK0006078
PT00003428,U000666,order_reward,770,2025-03-10 01:51:56,MOCK0001790
PT00003429,U001427,order_reward,378,2025-09-28 05:57:04,MOCK0002854
PT00003430,U003383,campaign_reward,376,2025-06-14 12:40:36,MOCK0002075
PT00003431,U001516,redeem,-706,2025-11-28 23:47:56,MOCK0002114
PT00003432,U002689,order_reward,432,2026-08-17 11:11:13,MOCK0004105
PT00003433,U000562,redeem,-614,2025-01-15 03:56:58,MOCK0008819
PT00003434,U004773,expire,-402,2026-08-22 22:21:19,MOCK0011601
PT00003435,U001839,order_reward,6,2025-05-04 09:36:00,MOCK0004795
PT00003436,U002535,redeem,-782,2026-07-11 11:59:26,MOCK0000384
PT00003437,U004694,order_reward,31,2026-06-03 15:25:15,MOCK0003460
PT00003438,U003117,order_reward,585,2025-05-31 18:14:50,MOCK0010162
PT00003439,U002104,order_reward,329,2026-01-25 00:57:07,MOCK0003909
PT00003440,U004165,order_reward,164,2025-06-23 17:14:40,MOCK0005196
PT00003441,U000982,order_reward,669,2025-11-25 16:25:55,MOCK0005048
PT00003442,U003331,order_reward,174,2025-09-25 06:27:38,MOCK0004800
PT00003443,U000036,order_reward,573,2026-01-22 11:33:57,MOCK0011379
PT00003444,U002370,redeem,-270,2025-07-03 14:50:02,MOCK0002952
PT00003445,U002897,redeem,-550,2025-03-23 21:14:10,MOCK0001871
PT00003446,U001484,redeem,-796,2025-02-07 12:26:35,MOCK0006110
PT00003447,U004175,redeem,-367,2026-05-27 08:16:53,MOCK0011720
PT00003448,U003267,campaign_reward,668,2026-05-25 17:56:53,MOCK0000381
PT00003449,U001834,campaign_reward,504,2026-04-09 15:51:22,MOCK0010806
PT00003450,U003633,order_reward,119,2025-01-12 19:03:25,MOCK0008708
PT00003451,U003651,order_reward,399,2025-04-18 02:27:09,MOCK0003044
PT00003452,U003285,order_reward,587,2025-06-29 14:45:41,MOCK0010544
PT00003453,U003820,order_reward,218,2025-04-30 20:07:07,MOCK0010674
PT00003454,U003279,redeem,-284,2026-02-03 03:30:53,MOCK0007366
PT00003455,U000810,order_reward,626,2025-01-01 23:58:20,MOCK0004876
PT00003456,U001804,refund_deduct,-539,2025-04-21 15:47:26,MOCK0003634
PT00003457,U000676,redeem,-440,2025-11-04 13:07:21,MOCK0003700
PT00003458,U000817,order_reward,217,2025-11-30 17:17:05,MOCK0000588
PT00003459,U003724,order_reward,161,2026-08-18 14:37:36,MOCK0010743
PT00003460,U003300,order_reward,535,2025-06-10 15:53:40,MOCK0006323
PT00003461,U000281,order_reward,90,2025-09-19 09:33:13,MOCK0010706
PT00003462,U002279,order_reward,283,2026-01-15 20:20:19,MOCK0005684
PT00003463,U002472,order_reward,132,2025-11-25 21:49:06,MOCK0001643
PT00003464,U003054,expire,-125,2025-11-14 08:16:11,MOCK0008615
PT00003465,U002650,order_reward,396,2026-03-07 06:15:33,MOCK0002415
PT00003466,U002414,order_reward,744,2026-02-02 11:34:01,MOCK0004874
PT00003467,U001353,campaign_reward,175,2026-04-03 10:47:39,MOCK0006798
PT00003468,U001815,order_reward,258,2026-06-18 07:45:19,MOCK0004365
PT00003469,U001249,redeem,-308,2026-04-11 14:24:41,MOCK0001586
PT00003470,U002004,order_reward,99,2026-04-02 10:40:30,MOCK0011859
PT00003471,U002598,order_reward,607,2025-02-17 02:50:11,MOCK0010962
PT00003472,U000472,refund_deduct,-675,2025-11-18 06:38:46,MOCK0003772
PT00003473,U000624,expire,-150,2026-01-17 20:02:30,MOCK0004770
PT00003474,U003935,order_reward,784,2025-12-18 23:01:40,MOCK0006570
PT00003475,U004848,redeem,-788,2026-06-21 13:52:01,MOCK0004099
PT00003476,U000321,order_reward,60,2025-07-09 15:32:31,MOCK0006349
PT00003477,U004236,campaign_reward,642,2026-06-17 10:27:41,MOCK0004819
PT00003478,U003976,redeem,-701,2025-02-22 02:15:01,MOCK0005499
PT00003479,U004034,redeem,-148,2025-07-25 15:36:03,MOCK0010432
PT00003480,U004416,campaign_reward,574,2026-08-06 12:10:29,MOCK0009459
PT00003481,U000567,order_reward,268,2025-07-03 04:48:22,MOCK0001632
PT00003482,U003587,campaign_reward,249,2025-12-28 04:23:24,MOCK0010589
PT00003483,U000207,redeem,-578,2026-06-26 17:38:13,MOCK0011176
PT00003484,U002490,redeem,-263,2026-04-22 02:49:41,MOCK0007541
PT00003485,U003552,order_reward,695,2026-01-31 19:38:13,MOCK0008534
PT00003486,U002705,order_reward,213,2025-05-13 22:47:51,MOCK0001769
PT00003487,U003254,order_reward,446,2026-01-16 05:53:34,MOCK0001815
PT00003488,U000093,campaign_reward,585,2025-12-23 15:53:03,MOCK0008145
PT00003489,U000546,order_reward,230,2026-01-19 07:24:59,MOCK0007295
PT00003490,U003402,order_reward,52,2025-11-13 18:05:05,MOCK0000496
PT00003491,U002450,campaign_reward,666,2025-01-07 08:05:22,MOCK0003238
PT00003492,U002041,order_reward,331,2025-07-15 06:25:28,MOCK0008680
PT00003493,U004252,order_reward,766,2026-03-07 19:24:15,MOCK0011893
PT00003494,U001605,order_reward,646,2025-02-11 21:57:25,MOCK0004363
PT00003495,U001917,order_reward,748,2025-06-16 06:18:41,MOCK0003962
PT00003496,U000771,redeem,-41,2025-01-02 13:52:38,MOCK0003406
PT00003497,U002682,campaign_reward,246,2025-08-31 03:12:00,MOCK0008360
PT00003498,U003097,expire,-408,2026-04-02 16:03:40,MOCK0005308
PT00003499,U001826,redeem,-392,2025-05-01 22:02:05,MOCK0010180
PT00003500,U000946,order_reward,585,2025-02-10 12:58:08,MOCK0001650
PT00003501,U000267,expire,-378,2026-02-26 12:31:15,MOCK0010412
PT00003502,U001477,redeem,-508,2026-04-06 01:19:40,MOCK0006628
PT00003503,U000501,redeem,-737,2025-03-16 08:15:27,MOCK0004079
PT00003504,U001729,order_reward,297,2025-11-20 05:29:43,MOCK0003721
PT00003505,U000906,order_reward,83,2025-08-05 09:10:21,MOCK0010417
PT00003506,U001627,refund_deduct,-563,2025-10-10 17:20:44,MOCK0003347
PT00003507,U002152,order_reward,99,2026-04-17 08:43:39,MOCK0003250
PT00003508,U003058,campaign_reward,385,2025-06-11 03:57:48,MOCK0001885
PT00003509,U003889,redeem,-445,2025-07-20 10:14:04,MOCK0005829
PT00003510,U004190,expire,-683,2026-02-04 06:44:21,MOCK0002586
PT00003511,U002259,order_reward,713,2026-05-26 22:13:49,MOCK0010857
PT00003512,U004544,refund_deduct,-101,2025-12-15 01:40:46,MOCK0009900
PT00003513,U000982,order_reward,334,2025-01-13 23:21:54,MOCK0011839
PT00003514,U004810,expire,-661,2025-10-02 03:02:32,MOCK0008881
PT00003515,U003917,refund_deduct,-114,2026-07-06 00:51:50,MOCK0005888
PT00003516,U004755,order_reward,45,2026-03-13 03:58:41,MOCK0000934
PT00003517,U000655,order_reward,650,2026-03-27 11:46:18,MOCK0003398
PT00003518,U000238,order_reward,679,2026-03-15 13:01:35,MOCK0000821
PT00003519,U000610,redeem,-52,2025-07-11 16:26:59,MOCK0009408
PT00003520,U003414,campaign_reward,344,2025-03-25 22:27:04,MOCK0009706
PT00003521,U002816,order_reward,598,2026-03-14 10:10:10,MOCK0006302
PT00003522,U001854,order_reward,783,2025-08-09 05:26:52,MOCK0008225
PT00003523,U003492,order_reward,550,2026-01-05 21:25:40,MOCK0005847
PT00003524,U000694,order_reward,27,2026-03-22 22:29:52,MOCK0003353
PT00003525,U004592,redeem,-586,2025-02-17 16:17:39,MOCK0008344
PT00003526,U003611,redeem,-457,2025-12-30 19:08:33,MOCK0004459
PT00003527,U003390,campaign_reward,759,2026-05-09 06:48:03,MOCK0009848
PT00003528,U000393,order_reward,598,2025-04-16 03:15:19,MOCK0002215
PT00003529,U004528,order_reward,230,2026-07-28 05:16:34,MOCK0005468
PT00003530,U000494,expire,-157,2025-04-15 13:19:29,MOCK0011016
PT00003531,U004540,refund_deduct,-66,2026-07-11 18:03:56,MOCK0006035
PT00003532,U001174,expire,-269,2025-06-30 02:40:16,MOCK0006208
PT00003533,U001446,redeem,-376,2025-11-09 21:26:05,MOCK0003747
PT00003534,U002429,campaign_reward,480,2025-10-26 16:32:16,MOCK0011347
PT00003535,U001062,order_reward,470,2026-04-19 09:52:03,MOCK0007664
PT00003536,U000638,campaign_reward,196,2026-05-05 03:29:31,MOCK0005433
PT00003537,U003079,order_reward,21,2025-02-02 05:36:30,MOCK0005800
PT00003538,U000130,redeem,-277,2026-02-14 10:07:57,MOCK0000162
PT00003539,U000847,order_reward,444,2025-12-03 04:53:50,MOCK0008083
PT00003540,U002909,redeem,-515,2025-08-09 22:45:39,MOCK0007919
PT00003541,U000503,refund_deduct,-458,2025-01-20 17:59:10,MOCK0007979
PT00003542,U002488,campaign_reward,523,2025-09-01 00:44:28,MOCK0010864
PT00003543,U001200,order_reward,67,2025-08-31 12:18:01,MOCK0002956
PT00003544,U001054,redeem,-12,2026-06-17 02:15:33,MOCK0010670
PT00003545,U004160,order_reward,715,2026-02-02 23:45:55,MOCK0003122
PT00003546,U004340,order_reward,314,2025-06-29 04:02:34,MOCK0000304
PT00003547,U002237,order_reward,718,2026-05-17 21:50:21,MOCK0005903
PT00003548,U000493,order_reward,389,2026-01-26 03:28:46,MOCK0006260
PT00003549,U000375,order_reward,233,2026-06-04 20:24:49,MOCK0009787
PT00003550,U004978,redeem,-76,2026-03-23 14:09:28,MOCK0005244
PT00003551,U001696,order_reward,60,2026-04-08 07:23:24,MOCK0009363
PT00003552,U001575,order_reward,126,2025-06-10 03:01:32,MOCK0006031
PT00003553,U000120,campaign_reward,703,2026-02-07 18:54:21,MOCK0008439
PT00003554,U003891,refund_deduct,-647,2025-10-24 19:48:11,MOCK0004498
PT00003555,U003712,campaign_reward,710,2026-03-23 05:19:30,MOCK0004584
PT00003556,U001159,refund_deduct,-702,2025-02-11 11:01:14,MOCK0001674
PT00003557,U003845,order_reward,207,2025-11-04 20:56:00,MOCK0004871
PT00003558,U003004,order_reward,737,2025-09-27 10:21:46,MOCK0011825
PT00003559,U001160,redeem,-734,2025-02-09 16:12:58,MOCK0000751
PT00003560,U003605,order_reward,290,2025-09-20 11:34:05,MOCK0005929
PT00003561,U001150,campaign_reward,785,2025-05-28 05:52:39,MOCK0008541
PT00003562,U000798,order_reward,138,2025-10-16 18:10:22,MOCK0005013
PT00003563,U001585,expire,-9,2025-01-20 08:30:05,MOCK0007383
PT00003564,U000190,campaign_reward,410,2025-10-31 20:47:52,MOCK0006703
PT00003565,U001142,refund_deduct,-216,2026-01-02 16:12:46,MOCK0009273
PT00003566,U003326,order_reward,35,2026-01-19 15:09:19,MOCK0004287
PT00003567,U001942,refund_deduct,-735,2026-01-07 18:17:36,MOCK0001789
PT00003568,U004560,order_reward,675,2025-04-13 16:18:44,MOCK0008503
PT00003569,U001037,refund_deduct,-755,2025-08-10 17:05:07,MOCK0002402
PT00003570,U000410,redeem,-338,2026-07-27 13:17:48,MOCK0002531
PT00003571,U002980,order_reward,713,2025-10-28 22:32:59,MOCK0007081
PT00003572,U000004,order_reward,134,2025-10-16 08:00:25,MOCK0010594
PT00003573,U001616,order_reward,313,2026-05-22 17:54:57,MOCK0010560
PT00003574,U002693,campaign_reward,531,2025-05-21 21:13:32,MOCK0003653
PT00003575,U003812,order_reward,193,2025-06-07 11:50:10,MOCK0002745
PT00003576,U002395,order_reward,213,2025-11-06 00:45:46,MOCK0006033
PT00003577,U002454,redeem,-349,2025-02-20 23:14:26,MOCK0011256
PT00003578,U002383,refund_deduct,-61,2025-04-14 14:35:16,MOCK0003487
PT00003579,U002431,order_reward,729,2025-09-23 08:51:08,MOCK0010623
PT00003580,U004067,refund_deduct,-314,2025-11-11 08:07:20,MOCK0007971
PT00003581,U002752,order_reward,66,2026-05-10 15:49:17,MOCK0002878
PT00003582,U004184,campaign_reward,105,2025-09-18 21:06:45,MOCK0008147
PT00003583,U004853,order_reward,510,2026-06-16 01:46:24,MOCK0005651
PT00003584,U004501,campaign_reward,103,2026-03-23 10:37:59,MOCK0000658
PT00003585,U001840,campaign_reward,28,2025-11-20 14:05:21,MOCK0001249
PT00003586,U003660,redeem,-777,2025-07-20 20:24:04,MOCK0007695
PT00003587,U002286,redeem,-267,2026-04-20 14:02:41,MOCK0011749
PT00003588,U004468,order_reward,73,2026-08-05 15:37:02,MOCK0003295
PT00003589,U003075,campaign_reward,526,2025-05-19 07:53:43,MOCK0008118
PT00003590,U003886,order_reward,665,2026-02-25 15:57:59,MOCK0009958
PT00003591,U004385,refund_deduct,-46,2026-08-14 03:27:16,MOCK0000733
PT00003592,U000340,order_reward,81,2025-01-30 02:10:34,MOCK0001702
PT00003593,U000191,order_reward,695,2025-09-24 16:30:26,MOCK0004094
PT00003594,U001922,campaign_reward,165,2026-05-11 08:41:46,MOCK0009252
PT00003595,U001487,order_reward,210,2026-01-31 05:30:39,MOCK0000117
PT00003596,U001858,order_reward,523,2025-12-22 11:45:55,MOCK0000373
PT00003597,U000783,order_reward,34,2026-07-07 17:16:31,MOCK0003368
PT00003598,U003086,order_reward,84,2025-03-09 07:41:24,MOCK0003298
PT00003599,U002990,campaign_reward,564,2025-04-09 13:15:28,MOCK0005374
PT00003600,U003721,order_reward,258,2025-03-08 00:01:51,MOCK0005044
PT00003601,U000995,expire,-781,2025-04-03 19:04:18,MOCK0006252
PT00003602,U003845,expire,-525,2025-05-16 11:40:38,MOCK0009488
PT00003603,U002511,redeem,-796,2025-11-12 02:26:37,MOCK0011783
PT00003604,U000797,campaign_reward,734,2026-01-16 14:57:28,MOCK0009576
PT00003605,U000084,order_reward,582,2026-02-10 07:30:37,MOCK0004022
PT00003606,U001530,order_reward,106,2025-05-05 20:23:13,MOCK0009729
PT00003607,U000886,order_reward,735,2025-05-01 11:40:37,MOCK0004189
PT00003608,U003682,campaign_reward,631,2026-03-23 15:30:08,MOCK0005566
PT00003609,U001374,campaign_reward,698,2026-04-02 17:06:01,MOCK0003361
PT00003610,U004745,redeem,-705,2025-03-03 14:38:22,MOCK0011057
PT00003611,U001983,order_reward,203,2025-11-17 12:47:32,MOCK0000869
PT00003612,U001144,order_reward,488,2026-08-13 23:35:23,MOCK0004728
PT00003613,U000014,campaign_reward,236,2026-05-29 06:15:11,MOCK0003589
PT00003614,U003063,campaign_reward,585,2025-02-01 19:52:28,MOCK0004850
PT00003615,U004309,refund_deduct,-90,2025-12-24 07:41:48,MOCK0002364
PT00003616,U004099,redeem,-310,2025-02-09 13:20:39,MOCK0006585
PT00003617,U004335,order_reward,620,2026-08-20 12:24:39,MOCK0000076
PT00003618,U000975,order_reward,496,2026-03-24 14:06:07,MOCK0010573
PT00003619,U000570,order_reward,502,2026-06-17 14:36:33,MOCK0008407
PT00003620,U002149,order_reward,347,2025-05-25 01:01:00,MOCK0005690
PT00003621,U002745,order_reward,429,2025-11-18 12:44:47,MOCK0001817
PT00003622,U002481,order_reward,775,2025-01-30 16:20:04,MOCK0007234
PT00003623,U002690,order_reward,447,2026-02-15 20:49:35,MOCK0003906
PT00003624,U002615,expire,-797,2025-01-27 21:38:50,MOCK0006137
PT00003625,U001030,order_reward,723,2026-03-30 05:20:13,MOCK0006737
PT00003626,U004713,expire,-308,2026-05-27 14:41:27,MOCK0010859
PT00003627,U003726,order_reward,393,2025-03-27 05:32:12,MOCK0010428
PT00003628,U003035,refund_deduct,-534,2026-01-29 12:40:57,MOCK0000693
PT00003629,U003953,order_reward,77,2026-07-09 06:56:01,MOCK0008761
PT00003630,U004075,refund_deduct,-658,2025-05-08 22:21:26,MOCK0001495
PT00003631,U000051,campaign_reward,36,2025-05-19 15:18:32,MOCK0010020
PT00003632,U004896,expire,-23,2026-06-20 10:48:43,MOCK0003075
PT00003633,U002170,order_reward,58,2025-01-11 05:54:53,MOCK0001485
PT00003634,U001337,order_reward,536,2026-01-25 03:32:27,MOCK0011370
PT00003635,U002199,campaign_reward,183,2025-11-15 08:11:30,MOCK0005150
PT00003636,U000922,order_reward,326,2025-08-13 05:03:39,MOCK0006057
PT00003637,U004814,order_reward,388,2026-03-15 23:21:17,MOCK0003131
PT00003638,U000896,order_reward,141,2026-06-01 16:23:48,MOCK0007794
PT00003639,U004262,redeem,-371,2025-02-12 11:14:02,MOCK0001427
PT00003640,U003371,order_reward,24,2025-07-26 10:59:24,MOCK0004893
PT00003641,U002776,expire,-138,2025-01-30 19:42:19,MOCK0011770
PT00003642,U001632,order_reward,402,2026-02-17 02:34:24,MOCK0003913
PT00003643,U001363,order_reward,601,2025-08-29 10:10:43,MOCK0002452
PT00003644,U000006,order_reward,214,2026-04-15 17:13:06,MOCK0008818
PT00003645,U001547,refund_deduct,-245,2026-06-10 02:23:45,MOCK0010064
PT00003646,U004235,redeem,-313,2025-05-30 03:08:50,MOCK0006762
PT00003647,U002707,order_reward,389,2025-04-28 07:34:14,MOCK0000191
PT00003648,U003836,refund_deduct,-748,2025-03-07 07:08:02,MOCK0002902
PT00003649,U001848,redeem,-629,2025-12-15 21:43:15,MOCK0002596
PT00003650,U004528,order_reward,628,2025-07-18 00:32:56,MOCK0002389
PT00003651,U003387,order_reward,380,2025-04-25 23:34:06,MOCK0007945
PT00003652,U004417,order_reward,56,2025-01-22 12:40:26,MOCK0006047
PT00003653,U002229,redeem,-759,2026-07-06 13:45:29,MOCK0007324
PT00003654,U003342,refund_deduct,-262,2025-09-08 23:25:03,MOCK0011077
PT00003655,U000664,order_reward,584,2025-04-16 22:49:58,MOCK0002683
PT00003656,U004189,redeem,-427,2026-03-18 03:13:43,MOCK0003902
PT00003657,U001822,redeem,-192,2026-08-20 11:34:16,MOCK0006465
PT00003658,U004031,order_reward,408,2026-04-22 12:25:54,MOCK0010733
PT00003659,U001188,order_reward,213,2026-01-17 02:15:05,MOCK0001001
PT00003660,U000385,order_reward,148,2026-06-18 03:52:05,MOCK0010580
PT00003661,U003933,refund_deduct,-582,2025-07-17 01:13:14,MOCK0008369
PT00003662,U004543,order_reward,159,2026-02-09 23:36:38,MOCK0006532
PT00003663,U001796,order_reward,697,2026-04-26 15:37:09,MOCK0000134
PT00003664,U004035,refund_deduct,-138,2026-02-21 01:43:33,MOCK0001665
PT00003665,U002666,order_reward,198,2025-05-30 03:02:13,MOCK0002277
PT00003666,U000893,campaign_reward,769,2025-07-05 21:22:22,MOCK0003766
PT00003667,U002978,campaign_reward,733,2026-01-09 08:58:23,MOCK0000681
PT00003668,U000535,order_reward,263,2026-03-29 10:46:22,MOCK0008282
PT00003669,U002364,campaign_reward,746,2026-01-11 03:01:52,MOCK0010866
PT00003670,U001377,order_reward,782,2025-01-03 20:54:41,MOCK0005517
PT00003671,U002821,order_reward,253,2025-01-17 05:50:20,MOCK0008091
PT00003672,U001187,order_reward,195,2025-06-17 18:54:30,MOCK0007565
PT00003673,U003849,order_reward,246,2025-12-09 20:17:29,MOCK0010297
PT00003674,U002380,order_reward,599,2026-05-27 09:37:27,MOCK0002026
PT00003675,U003291,refund_deduct,-481,2025-11-09 08:35:40,MOCK0007685
PT00003676,U001657,campaign_reward,653,2025-04-07 06:26:30,MOCK0011599
PT00003677,U002652,order_reward,475,2026-04-12 04:52:21,MOCK0007339
PT00003678,U001103,order_reward,757,2025-04-11 05:05:00,MOCK0003939
PT00003679,U000156,redeem,-461,2025-05-22 10:55:43,MOCK0005109
PT00003680,U001307,refund_deduct,-116,2026-04-17 10:24:33,MOCK0002826
PT00003681,U000891,order_reward,667,2025-04-04 00:54:52,MOCK0002510
PT00003682,U002392,order_reward,24,2025-12-19 01:54:25,MOCK0010299
PT00003683,U002666,order_reward,74,2025-01-27 16:34:17,MOCK0008491
PT00003684,U002128,campaign_reward,602,2025-02-27 01:28:45,MOCK0005326
PT00003685,U002130,redeem,-516,2025-04-12 04:28:23,MOCK0008683
PT00003686,U004497,refund_deduct,-428,2026-07-15 22:32:53,MOCK0008176
PT00003687,U001192,refund_deduct,-603,2026-01-10 12:15:19,MOCK0003146
PT00003688,U002927,order_reward,195,2025-10-03 22:51:51,MOCK0011278
PT00003689,U004005,order_reward,262,2026-06-30 07:36:18,MOCK0005883
PT00003690,U002151,order_reward,293,2026-02-23 10:53:09,MOCK0004836
PT00003691,U000044,order_reward,797,2025-11-14 07:33:42,MOCK0008894
PT00003692,U004957,order_reward,506,2025-03-29 20:31:48,MOCK0008770
PT00003693,U004800,order_reward,108,2026-08-03 14:06:43,MOCK0002197
PT00003694,U000698,refund_deduct,-521,2025-06-15 05:28:54,MOCK0002125
PT00003695,U002845,redeem,-106,2025-10-22 21:12:10,MOCK0005960
PT00003696,U004236,redeem,-369,2025-02-22 10:25:41,MOCK0009034
PT00003697,U001441,refund_deduct,-671,2026-07-16 15:13:56,MOCK0003621
PT00003698,U004903,redeem,-569,2026-05-24 17:28:14,MOCK0007939
PT00003699,U001680,order_reward,39,2026-06-25 09:49:03,MOCK0010943
PT00003700,U002822,order_reward,244,2025-05-15 03:44:21,MOCK0006534
PT00003701,U000374,order_reward,606,2025-02-26 04:20:13,MOCK0010693
PT00003702,U002834,order_reward,543,2025-03-04 10:45:56,MOCK0007348
PT00003703,U004989,order_reward,322,2026-05-21 06:02:18,MOCK0006790
PT00003704,U004190,order_reward,617,2026-07-21 10:57:01,MOCK0010969
PT00003705,U004425,order_reward,495,2026-04-25 08:03:52,MOCK0002533
PT00003706,U001226,refund_deduct,-597,2025-03-17 20:35:59,MOCK0001290
PT00003707,U000158,campaign_reward,572,2026-07-06 01:15:35,MOCK0009859
PT00003708,U003875,expire,-573,2026-04-23 03:03:26,MOCK0005425
PT00003709,U002825,order_reward,764,2025-12-10 15:49:28,MOCK0008498
PT00003710,U002505,order_reward,390,2025-02-15 06:38:51,MOCK0011248
PT00003711,U003662,order_reward,111,2026-07-26 12:00:26,MOCK0010718
PT00003712,U001691,redeem,-620,2026-07-31 21:06:35,MOCK0005530
PT00003713,U000548,refund_deduct,-457,2026-03-18 19:13:11,MOCK0000325
PT00003714,U003817,order_reward,638,2026-02-28 02:41:02,MOCK0003911
PT00003715,U001214,order_reward,453,2025-03-21 19:43:12,MOCK0011145
PT00003716,U002429,campaign_reward,203,2026-02-17 11:00:49,MOCK0006453
PT00003717,U004218,campaign_reward,60,2025-11-27 13:47:45,MOCK0004811
PT00003718,U004822,campaign_reward,14,2025-04-01 14:08:00,MOCK0007832
PT00003719,U002874,order_reward,196,2025-12-19 17:15:21,MOCK0009799
PT00003720,U000308,order_reward,288,2025-06-18 07:45:52,MOCK0001610
PT00003721,U004227,campaign_reward,798,2025-06-02 15:03:55,MOCK0010540
PT00003722,U002369,redeem,-626,2025-02-02 19:35:40,MOCK0008305
PT00003723,U003779,order_reward,699,2026-01-15 00:23:00,MOCK0000990
PT00003724,U000644,refund_deduct,-56,2026-06-25 07:43:32,MOCK0002950
PT00003725,U004047,redeem,-444,2026-04-26 02:13:23,MOCK0007735
PT00003726,U000818,order_reward,159,2025-07-01 23:08:45,MOCK0007570
PT00003727,U002472,order_reward,486,2025-04-20 18:55:14,MOCK0008232
PT00003728,U004017,order_reward,168,2025-10-27 16:43:56,MOCK0004137
PT00003729,U004029,campaign_reward,648,2025-02-18 15:22:29,MOCK0000318
PT00003730,U000530,order_reward,569,2026-01-22 01:55:21,MOCK0005172
PT00003731,U004065,refund_deduct,-232,2026-02-08 06:28:56,MOCK0001429
PT00003732,U002097,order_reward,569,2026-01-27 17:07:11,MOCK0003320
PT00003733,U001509,campaign_reward,132,2025-02-17 17:13:17,MOCK0010833
PT00003734,U001217,order_reward,372,2026-02-19 13:24:22,MOCK0002259
PT00003735,U002812,redeem,-674,2026-06-18 10:15:04,MOCK0006649
PT00003736,U001095,order_reward,342,2025-01-18 21:44:00,MOCK0010933
PT00003737,U002500,order_reward,605,2025-09-13 03:03:02,MOCK0000738
PT00003738,U000319,order_reward,382,2025-12-23 12:22:18,MOCK0010384
PT00003739,U004219,order_reward,65,2025-09-18 11:06:13,MOCK0009041
PT00003740,U000657,order_reward,164,2026-03-11 20:00:44,MOCK0002413
PT00003741,U002806,order_reward,485,2026-05-24 08:10:34,MOCK0007480
PT00003742,U004640,redeem,-758,2026-08-09 01:36:57,MOCK0004694
PT00003743,U001485,campaign_reward,62,2026-04-02 23:10:09,MOCK0010802
PT00003744,U004729,order_reward,635,2026-01-31 21:47:35,MOCK0009014
PT00003745,U003795,campaign_reward,719,2025-08-18 03:05:49,MOCK0004639
PT00003746,U001708,order_reward,75,2026-03-23 12:51:52,MOCK0005458
PT00003747,U004545,expire,-784,2025-05-21 16:37:56,MOCK0011188
PT00003748,U000465,refund_deduct,-241,2026-01-31 15:31:38,MOCK0001313
PT00003749,U002780,order_reward,261,2025-06-03 04:22:33,MOCK0008741
PT00003750,U004112,campaign_reward,420,2025-06-18 14:51:49,MOCK0008244
PT00003751,U004453,refund_deduct,-450,2026-08-02 17:44:16,MOCK0001521
PT00003752,U000454,order_reward,153,2026-07-22 11:56:30,MOCK0000453
PT00003753,U000106,order_reward,729,2025-09-21 05:34:35,MOCK0006984
PT00003754,U000339,campaign_reward,153,2025-09-09 03:34:56,MOCK0005734
PT00003755,U000559,expire,-780,2025-05-14 06:51:56,MOCK0010975
PT00003756,U003937,order_reward,774,2025-06-25 20:27:59,MOCK0003136
PT00003757,U003543,campaign_reward,6,2026-08-09 11:29:25,MOCK0010557
PT00003758,U001359,campaign_reward,618,2025-12-26 02:42:13,MOCK0010649
PT00003759,U003333,order_reward,678,2025-01-25 00:17:50,MOCK0003608
PT00003760,U000338,redeem,-605,2025-05-19 22:55:01,MOCK0010032
PT00003761,U003796,campaign_reward,701,2026-07-30 07:46:50,MOCK0002386
PT00003762,U004115,refund_deduct,-433,2025-08-05 13:00:26,MOCK0011843
PT00003763,U003469,redeem,-652,2025-02-01 12:47:27,MOCK0000432
PT00003764,U003237,order_reward,26,2026-01-13 12:16:39,MOCK0008965
PT00003765,U003951,refund_deduct,-334,2026-08-17 08:21:49,MOCK0003800
PT00003766,U004667,order_reward,59,2026-04-09 00:42:01,MOCK0005018
PT00003767,U002994,campaign_reward,461,2025-08-31 01:05:12,MOCK0007846
PT00003768,U000285,order_reward,692,2026-07-23 08:53:25,MOCK0005427
PT00003769,U001572,campaign_reward,536,2026-04-17 18:25:57,MOCK0004241
PT00003770,U002674,order_reward,782,2025-07-19 03:26:16,MOCK0001430
PT00003771,U002366,redeem,-604,2026-05-16 05:36:31,MOCK0000286
PT00003772,U004382,order_reward,684,2026-06-08 17:34:47,MOCK0004242
PT00003773,U002414,order_reward,578,2026-04-29 14:55:49,MOCK0005563
PT00003774,U004466,campaign_reward,347,2025-06-18 08:47:00,MOCK0004275
PT00003775,U001282,order_reward,604,2026-01-11 09:45:04,MOCK0004448
PT00003776,U004191,order_reward,197,2025-04-02 03:16:06,MOCK0003751
PT00003777,U004127,redeem,-488,2025-01-21 14:11:22,MOCK0009568
PT00003778,U004448,expire,-666,2025-12-01 03:52:10,MOCK0003667
PT00003779,U004251,campaign_reward,668,2026-01-19 17:23:20,MOCK0009070
PT00003780,U004054,order_reward,71,2026-06-03 08:20:13,MOCK0009809
PT00003781,U002614,campaign_reward,749,2026-07-10 03:37:39,MOCK0004119
PT00003782,U001772,order_reward,156,2026-05-16 18:17:45,MOCK0003192
PT00003783,U002426,redeem,-649,2025-04-08 20:19:29,MOCK0003119
PT00003784,U004697,order_reward,288,2026-08-11 11:58:06,MOCK0005086
PT00003785,U003386,refund_deduct,-599,2026-06-11 08:10:13,MOCK0001768
PT00003786,U000673,campaign_reward,651,2025-09-27 04:58:19,MOCK0001071
PT00003787,U001807,order_reward,193,2026-07-23 20:45:31,MOCK0001416
PT00003788,U003916,order_reward,315,2025-01-31 18:59:00,MOCK0011230
PT00003789,U001121,order_reward,223,2025-09-14 09:24:11,MOCK0007018
PT00003790,U000125,order_reward,417,2025-07-20 01:50:30,MOCK0007677
PT00003791,U004792,order_reward,87,2026-03-05 13:05:15,MOCK0006161
PT00003792,U002470,order_reward,567,2025-03-16 01:06:09,MOCK0002034
PT00003793,U004697,order_reward,213,2026-02-17 21:13:28,MOCK0009181
PT00003794,U000515,order_reward,19,2025-03-27 07:30:32,MOCK0009141
PT00003795,U002290,order_reward,140,2026-04-01 12:22:30,MOCK0011160
PT00003796,U004520,campaign_reward,50,2026-04-07 08:15:42,MOCK0008899
PT00003797,U000559,order_reward,273,2026-01-03 09:54:54,MOCK0001990
PT00003798,U000195,campaign_reward,56,2025-12-04 12:26:01,MOCK0003330
PT00003799,U000424,order_reward,753,2026-07-14 08:27:32,MOCK0003033
PT00003800,U001571,expire,-727,2025-12-16 08:21:09,MOCK0010431
PT00003801,U004037,campaign_reward,62,2026-02-09 11:36:19,MOCK0009907
PT00003802,U004595,order_reward,733,2025-05-29 11:44:01,MOCK0000158
PT00003803,U003385,refund_deduct,-73,2025-06-11 21:21:38,MOCK0009784
PT00003804,U000895,redeem,-487,2025-04-08 13:25:44,MOCK0001929
PT00003805,U003029,campaign_reward,419,2026-05-02 11:54:09,MOCK0008052
PT00003806,U003476,campaign_reward,528,2025-01-04 19:19:13,MOCK0001079
PT00003807,U002894,order_reward,84,2025-03-02 09:48:17,MOCK0004468
PT00003808,U004957,redeem,-101,2025-09-24 06:31:10,MOCK0003431
PT00003809,U003552,refund_deduct,-516,2025-03-27 07:01:48,MOCK0004854
PT00003810,U003675,order_reward,705,2025-02-03 03:54:29,MOCK0009831
PT00003811,U003820,campaign_reward,281,2025-07-28 14:39:04,MOCK0007606
PT00003812,U002193,redeem,-563,2026-02-08 03:22:57,MOCK0003283
PT00003813,U001712,order_reward,287,2026-04-26 10:08:24,MOCK0005590
PT00003814,U003925,order_reward,431,2025-10-10 15:16:47,MOCK0011945
PT00003815,U002045,order_reward,220,2025-08-21 04:38:43,MOCK0002922
PT00003816,U002674,order_reward,103,2025-08-17 18:14:12,MOCK0011718
PT00003817,U003446,order_reward,547,2026-01-24 12:11:02,MOCK0010109
PT00003818,U004906,order_reward,352,2025-02-12 22:28:54,MOCK0010725
PT00003819,U001906,expire,-566,2025-05-17 00:00:41,MOCK0003793
PT00003820,U003508,order_reward,753,2026-05-25 14:20:12,MOCK0011508
PT00003821,U004343,campaign_reward,480,2026-05-19 11:55:57,MOCK0001869
PT00003822,U003909,order_reward,695,2025-05-11 04:56:22,MOCK0010911
PT00003823,U002118,refund_deduct,-281,2025-09-17 21:12:48,MOCK0002410
PT00003824,U000473,redeem,-710,2025-12-05 00:01:36,MOCK0000102
PT00003825,U002928,order_reward,71,2025-01-10 14:00:58,MOCK0006431
PT00003826,U001439,expire,-315,2026-04-10 22:26:24,MOCK0004617
PT00003827,U003909,refund_deduct,-139,2026-01-27 17:43:44,MOCK0000624
PT00003828,U000043,redeem,-716,2025-08-28 20:37:41,MOCK0000248
PT00003829,U001323,campaign_reward,42,2025-06-02 11:28:18,MOCK0011774
PT00003830,U002990,expire,-637,2026-02-02 08:29:55,MOCK0006656
PT00003831,U003542,order_reward,126,2026-06-04 10:05:37,MOCK0003050
PT00003832,U002167,campaign_reward,78,2025-08-26 06:33:34,MOCK0003320
PT00003833,U001588,expire,-797,2025-08-01 07:05:32,MOCK0000287
PT00003834,U002627,expire,-789,2025-03-17 13:24:39,MOCK0007716
PT00003835,U001694,campaign_reward,58,2025-08-22 14:49:00,MOCK0001597
PT00003836,U003435,redeem,-196,2025-09-30 05:32:55,MOCK0011513
PT00003837,U002009,campaign_reward,708,2025-07-10 23:53:40,MOCK0005368
PT00003838,U001781,redeem,-421,2026-04-14 03:17:23,MOCK0000658
PT00003839,U002005,order_reward,22,2026-03-19 06:42:41,MOCK0000903
PT00003840,U000161,redeem,-444,2025-04-30 11:46:07,MOCK0001319
PT00003841,U002806,order_reward,250,2026-06-12 08:18:51,MOCK0003366
PT00003842,U004695,expire,-17,2026-02-17 04:54:03,MOCK0004793
PT00003843,U000747,order_reward,257,2026-06-29 15:05:26,MOCK0008989
PT00003844,U000978,order_reward,11,2025-02-02 20:47:30,MOCK0010184
PT00003845,U002480,order_reward,788,2026-02-07 15:31:10,MOCK0006590
PT00003846,U000164,campaign_reward,512,2026-05-14 16:58:23,MOCK0009805
PT00003847,U004556,order_reward,543,2025-05-27 04:01:56,MOCK0001928
PT00003848,U002696,order_reward,371,2025-04-17 05:24:11,MOCK0011793
PT00003849,U003840,order_reward,331,2025-02-21 15:09:13,MOCK0005400
PT00003850,U003699,order_reward,278,2026-03-08 03:44:47,MOCK0001576
PT00003851,U003968,redeem,-747,2025-07-02 19:55:38,MOCK0000063
PT00003852,U003012,expire,-42,2025-03-21 17:44:23,MOCK0003462
PT00003853,U000969,order_reward,693,2026-03-25 04:56:11,MOCK0001202
PT00003854,U004370,refund_deduct,-172,2025-05-23 02:28:24,MOCK0003274
PT00003855,U000531,order_reward,410,2025-07-13 19:22:19,MOCK0009355
PT00003856,U004451,order_reward,213,2025-09-28 03:10:21,MOCK0001500
PT00003857,U003341,expire,-141,2026-01-20 19:51:39,MOCK0005498
PT00003858,U000891,order_reward,493,2025-02-28 21:36:49,MOCK0004419
PT00003859,U000028,redeem,-788,2025-02-17 06:26:19,MOCK0001597
PT00003860,U003933,campaign_reward,323,2025-12-21 05:04:52,MOCK0007876
PT00003861,U003785,order_reward,532,2026-08-14 09:44:23,MOCK0007698
PT00003862,U004588,campaign_reward,740,2025-11-07 07:11:52,MOCK0007345
PT00003863,U001018,redeem,-582,2025-03-30 14:07:26,MOCK0003041
PT00003864,U004087,order_reward,359,2025-02-18 14:20:29,MOCK0000980
PT00003865,U002530,redeem,-331,2025-01-27 00:25:23,MOCK0001126
PT00003866,U004782,order_reward,440,2026-04-09 21:29:09,MOCK0001064
PT00003867,U002980,campaign_reward,149,2025-12-22 01:48:09,MOCK0006727
PT00003868,U002556,order_reward,593,2025-10-22 08:33:58,MOCK0002232
PT00003869,U004077,campaign_reward,353,2025-05-18 15:38:16,MOCK0010862
PT00003870,U004224,order_reward,341,2025-09-13 17:14:15,MOCK0004774
PT00003871,U001944,order_reward,573,2025-02-01 00:06:55,MOCK0004239
PT00003872,U004736,order_reward,439,2026-03-30 03:11:54,MOCK0001444
PT00003873,U002698,redeem,-445,2026-07-28 18:53:09,MOCK0003287
PT00003874,U002938,order_reward,613,2026-05-23 20:17:46,MOCK0008062
PT00003875,U002151,refund_deduct,-219,2025-05-15 03:29:44,MOCK0006707
PT00003876,U003064,order_reward,50,2025-12-05 15:10:48,MOCK0011462
PT00003877,U003443,order_reward,46,2025-11-25 22:18:50,MOCK0002249
PT00003878,U003710,campaign_reward,208,2025-08-03 19:59:38,MOCK0001935
PT00003879,U001443,redeem,-245,2025-01-06 04:29:15,MOCK0008159
PT00003880,U003539,redeem,-461,2025-07-23 16:49:10,MOCK0004460
PT00003881,U004343,campaign_reward,118,2025-03-20 14:17:10,MOCK0007486
PT00003882,U004416,order_reward,175,2025-10-05 23:54:44,MOCK0005396
PT00003883,U000567,order_reward,277,2025-09-06 04:25:02,MOCK0007025
PT00003884,U000690,redeem,-145,2025-06-16 22:27:40,MOCK0011635
PT00003885,U004775,redeem,-220,2025-07-16 12:33:04,MOCK0005103
PT00003886,U001276,order_reward,8,2025-09-24 11:39:37,MOCK0008386
PT00003887,U000088,refund_deduct,-87,2025-12-02 07:08:29,MOCK0009490
PT00003888,U001027,campaign_reward,446,2025-08-26 01:15:22,MOCK0005905
PT00003889,U004820,redeem,-272,2026-03-11 00:15:01,MOCK0006321
PT00003890,U002330,expire,-548,2026-06-03 03:43:19,MOCK0006545
PT00003891,U001358,redeem,-292,2025-10-08 22:41:54,MOCK0007693
PT00003892,U000099,order_reward,668,2025-09-28 05:02:13,MOCK0005946
PT00003893,U000939,refund_deduct,-65,2026-06-25 11:22:05,MOCK0010361
PT00003894,U003341,redeem,-764,2025-05-18 03:08:07,MOCK0009707
PT00003895,U001775,order_reward,787,2025-11-19 08:22:11,MOCK0005701
PT00003896,U004262,order_reward,188,2025-02-18 17:25:22,MOCK0011483
PT00003897,U003082,campaign_reward,219,2025-11-26 03:26:35,MOCK0004499
PT00003898,U002630,redeem,-747,2025-08-07 18:04:50,MOCK0008834
PT00003899,U002037,order_reward,460,2025-07-17 05:54:20,MOCK0010226
PT00003900,U003750,redeem,-395,2026-04-20 23:24:05,MOCK0005615
PT00003901,U002388,order_reward,385,2025-06-02 12:08:01,MOCK0002160
PT00003902,U000213,redeem,-771,2025-05-03 06:33:01,MOCK0011503
PT00003903,U003548,order_reward,527,2025-01-02 10:26:27,MOCK0005725
PT00003904,U001078,order_reward,288,2026-08-22 07:31:32,MOCK0001169
PT00003905,U003051,redeem,-732,2025-05-06 05:49:40,MOCK0011982
PT00003906,U003289,expire,-5,2025-03-16 22:28:51,MOCK0006750
PT00003907,U002366,order_reward,191,2025-08-27 13:32:16,MOCK0002360
PT00003908,U003316,order_reward,601,2026-06-24 06:40:58,MOCK0006888
PT00003909,U004117,order_reward,791,2026-05-22 18:13:37,MOCK0011653
PT00003910,U000670,redeem,-714,2025-03-31 13:47:25,MOCK0008231
PT00003911,U000067,campaign_reward,603,2026-05-20 13:28:20,MOCK0005666
PT00003912,U001912,campaign_reward,407,2025-09-23 11:44:41,MOCK0002166
PT00003913,U003292,order_reward,647,2025-07-26 11:17:59,MOCK0008735
PT00003914,U002700,redeem,-664,2026-04-23 20:38:31,MOCK0004281
PT00003915,U002992,redeem,-456,2025-05-20 04:19:54,MOCK0007577
PT00003916,U003178,order_reward,711,2025-12-27 12:43:36,MOCK0005457
PT00003917,U002681,order_reward,184,2026-08-08 15:53:07,MOCK0004834
PT00003918,U000597,order_reward,155,2025-01-04 05:32:30,MOCK0011938
PT00003919,U001142,order_reward,627,2025-01-10 23:45:11,MOCK0001253
PT00003920,U002910,campaign_reward,78,2026-04-09 04:18:16,MOCK0001900
PT00003921,U002409,order_reward,563,2025-11-17 00:32:47,MOCK0010971
PT00003922,U004112,campaign_reward,218,2026-01-14 16:56:33,MOCK0006054
PT00003923,U002652,order_reward,262,2026-03-03 04:28:33,MOCK0010237
PT00003924,U002384,campaign_reward,572,2025-04-12 17:33:17,MOCK0007790
PT00003925,U002992,order_reward,793,2025-03-07 04:51:35,MOCK0005850
PT00003926,U003920,expire,-458,2026-05-31 01:58:10,MOCK0008681
PT00003927,U004369,order_reward,582,2025-02-14 10:21:00,MOCK0010957
PT00003928,U002595,order_reward,612,2026-02-15 04:49:55,MOCK0009290
PT00003929,U003752,expire,-764,2026-06-24 05:19:55,MOCK0003533
PT00003930,U000829,redeem,-537,2025-05-02 02:56:22,MOCK0011506
PT00003931,U003562,order_reward,328,2026-03-21 19:28:41,MOCK0009215
PT00003932,U003915,campaign_reward,186,2026-01-16 17:57:32,MOCK0011951
PT00003933,U003878,order_reward,455,2026-02-03 10:05:06,MOCK0010868
PT00003934,U000881,order_reward,657,2025-09-15 21:04:38,MOCK0007044
PT00003935,U004684,redeem,-72,2026-07-08 17:58:38,MOCK0011463
PT00003936,U000768,order_reward,305,2026-02-20 22:21:32,MOCK0009270
PT00003937,U002861,order_reward,296,2025-06-16 00:21:03,MOCK0003505
PT00003938,U004552,order_reward,140,2025-08-05 16:04:53,MOCK0001935
PT00003939,U002988,order_reward,302,2025-01-13 10:02:49,MOCK0003471
PT00003940,U000887,expire,-641,2026-05-24 03:00:59,MOCK0009300
PT00003941,U003155,campaign_reward,617,2026-02-05 00:11:51,MOCK0002868
PT00003942,U004200,refund_deduct,-504,2025-09-06 03:50:48,MOCK0010540
PT00003943,U000547,order_reward,162,2026-01-08 09:33:08,MOCK0011172
PT00003944,U002237,redeem,-164,2025-09-06 16:35:42,MOCK0010516
PT00003945,U000329,redeem,-324,2026-01-21 19:18:17,MOCK0006480
PT00003946,U002883,redeem,-760,2025-12-20 02:44:47,MOCK0005174
PT00003947,U002912,expire,-51,2025-09-12 20:27:03,MOCK0003176
PT00003948,U003946,expire,-142,2025-09-05 03:44:06,MOCK0010416
PT00003949,U004958,order_reward,588,2026-02-11 15:17:34,MOCK0010951
PT00003950,U001660,redeem,-320,2025-07-15 20:16:25,MOCK0002414
PT00003951,U002068,campaign_reward,151,2025-10-20 02:48:21,MOCK0004774
PT00003952,U001927,redeem,-535,2025-01-11 01:33:48,MOCK0008947
PT00003953,U000846,order_reward,256,2026-08-03 05:22:14,MOCK0011406
PT00003954,U004382,order_reward,127,2025-05-04 19:09:36,MOCK0001094
PT00003955,U001887,order_reward,286,2026-06-17 02:24:34,MOCK0007468
PT00003956,U000019,redeem,-399,2025-05-25 00:46:17,MOCK0000372
PT00003957,U001046,order_reward,631,2026-07-04 12:42:05,MOCK0004212
PT00003958,U004243,refund_deduct,-503,2025-06-06 21:43:04,MOCK0002990
PT00003959,U000774,order_reward,457,2025-05-19 23:22:37,MOCK0010678
PT00003960,U002056,redeem,-535,2025-09-09 16:01:53,MOCK0000082
PT00003961,U001814,refund_deduct,-47,2026-07-08 07:27:59,MOCK0001085
PT00003962,U004370,redeem,-340,2026-07-05 06:40:00,MOCK0003039
PT00003963,U003297,order_reward,775,2025-01-29 17:44:06,MOCK0001271
PT00003964,U000321,order_reward,524,2026-01-21 01:15:41,MOCK0008556
PT00003965,U002079,refund_deduct,-371,2025-12-06 02:20:27,MOCK0005963
PT00003966,U001705,order_reward,137,2025-10-27 14:25:33,MOCK0010948
PT00003967,U004132,refund_deduct,-548,2025-11-16 12:06:22,MOCK0007804
PT00003968,U004390,order_reward,412,2025-11-24 02:17:44,MOCK0010371
PT00003969,U000082,campaign_reward,479,2026-01-16 17:37:59,MOCK0001723
PT00003970,U004787,order_reward,550,2026-01-30 14:42:46,MOCK0001227
PT00003971,U002916,order_reward,463,2026-08-10 08:00:20,MOCK0011553
PT00003972,U000693,campaign_reward,520,2025-06-12 06:55:10,MOCK0003978
PT00003973,U001938,campaign_reward,147,2026-08-08 05:46:18,MOCK0005484
PT00003974,U003596,redeem,-595,2026-06-16 04:18:57,MOCK0005896
PT00003975,U000002,redeem,-615,2026-08-20 06:22:22,MOCK0007382
PT00003976,U001290,order_reward,787,2025-09-14 09:18:48,MOCK0011785
PT00003977,U001437,order_reward,413,2026-05-22 08:21:01,MOCK0008749
PT00003978,U000209,campaign_reward,588,2025-06-06 07:23:45,MOCK0007573
PT00003979,U001948,order_reward,21,2025-12-03 20:51:22,MOCK0010175
PT00003980,U004469,redeem,-143,2026-06-08 13:30:18,MOCK0002659
PT00003981,U001328,campaign_reward,618,2026-04-16 11:00:02,MOCK0006360
PT00003982,U000455,campaign_reward,64,2025-07-16 12:33:35,MOCK0000031
PT00003983,U001765,redeem,-219,2026-01-23 01:54:15,MOCK0005992
PT00003984,U004993,campaign_reward,615,2025-02-25 05:14:00,MOCK0011284
PT00003985,U001423,order_reward,124,2025-05-29 20:23:28,MOCK0002898
PT00003986,U001737,redeem,-143,2025-08-03 14:35:11,MOCK0002106
PT00003987,U002550,redeem,-478,2025-01-07 06:12:17,MOCK0009503
PT00003988,U003546,expire,-441,2025-12-02 19:21:25,MOCK0009082
PT00003989,U000227,order_reward,662,2025-07-12 09:16:21,MOCK0002701
PT00003990,U003736,order_reward,340,2025-10-05 14:54:58,MOCK0009799
PT00003991,U000049,campaign_reward,19,2026-06-21 19:14:50,MOCK0004671
PT00003992,U002250,campaign_reward,215,2025-11-03 03:14:32,MOCK0008298
PT00003993,U004800,campaign_reward,308,2026-06-29 04:30:51,MOCK0009567
PT00003994,U002497,order_reward,35,2026-07-18 21:08:37,MOCK0009361
PT00003995,U002932,refund_deduct,-497,2026-07-01 22:40:47,MOCK0008887
PT00003996,U001233,expire,-453,2026-08-18 11:47:32,MOCK0010471
PT00003997,U004566,order_reward,606,2025-04-26 13:11:34,MOCK0011350
PT00003998,U002751,campaign_reward,139,2025-01-20 06:35:29,MOCK0007577
PT00003999,U004402,redeem,-767,2025-05-09 05:04:21,MOCK0003708
PT00004000,U002666,order_reward,46,2025-09-21 10:27:01,MOCK0008127
PT00004001,U003131,order_reward,285,2025-06-23 13:05:03,MOCK0009389
PT00004002,U004455,campaign_reward,698,2026-03-12 11:49:21,MOCK0000997
PT00004003,U003047,order_reward,481,2026-06-07 02:12:32,MOCK0004769
PT00004004,U002561,order_reward,349,2026-01-20 07:18:12,MOCK0003177
PT00004005,U003992,order_reward,412,2025-05-25 22:27:20,MOCK0010419
PT00004006,U004874,order_reward,18,2025-10-04 12:34:37,MOCK0004615
PT00004007,U004200,order_reward,762,2026-03-12 12:45:59,MOCK0009979
PT00004008,U001710,refund_deduct,-593,2026-01-16 19:25:51,MOCK0008280
PT00004009,U002229,campaign_reward,288,2026-08-04 02:46:01,MOCK0003364
PT00004010,U004558,redeem,-332,2025-05-09 10:57:25,MOCK0005292
PT00004011,U000838,refund_deduct,-354,2026-01-03 06:01:20,MOCK0011346
PT00004012,U004413,expire,-299,2025-08-27 16:55:29,MOCK0002376
PT00004013,U000501,order_reward,604,2025-05-17 14:03:30,MOCK0010309
PT00004014,U004157,redeem,-636,2025-08-02 05:21:09,MOCK0004567
PT00004015,U004413,order_reward,365,2026-08-19 04:25:24,MOCK0003543
PT00004016,U001027,order_reward,422,2026-04-19 05:46:06,MOCK0002952
PT00004017,U000443,redeem,-697,2025-01-26 19:37:08,MOCK0000802
PT00004018,U002877,expire,-62,2025-12-18 16:58:23,MOCK0005117
PT00004019,U004998,campaign_reward,538,2025-08-07 05:25:29,MOCK0011708
PT00004020,U001980,campaign_reward,325,2025-10-22 11:30:45,MOCK0000234
PT00004021,U004696,campaign_reward,566,2026-02-18 04:35:45,MOCK0011280
PT00004022,U004425,refund_deduct,-774,2025-08-20 14:10:42,MOCK0000909
PT00004023,U001223,refund_deduct,-129,2026-03-24 13:51:34,MOCK0005134
PT00004024,U001378,order_reward,491,2025-05-23 04:14:30,MOCK0006142
PT00004025,U001247,redeem,-561,2025-06-13 09:09:04,MOCK0006498
PT00004026,U004283,order_reward,300,2025-03-12 12:35:35,MOCK0011958
PT00004027,U001611,refund_deduct,-686,2025-08-14 17:45:55,MOCK0006232
PT00004028,U002537,order_reward,653,2025-08-02 02:54:24,MOCK0008251
PT00004029,U003296,redeem,-386,2025-10-16 09:17:48,MOCK0009427
PT00004030,U003243,campaign_reward,589,2025-05-14 04:10:06,MOCK0003225
PT00004031,U003288,campaign_reward,410,2025-06-23 12:50:59,MOCK0003849
PT00004032,U001317,redeem,-62,2025-01-26 13:13:56,MOCK0008992
PT00004033,U003756,order_reward,332,2026-04-09 16:17:55,MOCK0002840
PT00004034,U004299,refund_deduct,-516,2025-07-01 03:46:33,MOCK0004040
PT00004035,U000005,redeem,-144,2026-06-06 22:02:17,MOCK0008516
PT00004036,U002600,campaign_reward,682,2026-05-07 21:31:42,MOCK0004616
PT00004037,U001001,campaign_reward,145,2025-07-05 11:40:08,MOCK0008508
PT00004038,U001627,order_reward,331,2026-02-17 06:59:30,MOCK0004164
PT00004039,U000359,redeem,-234,2026-02-13 21:30:28,MOCK0000088
PT00004040,U004045,campaign_reward,763,2025-10-28 19:42:44,MOCK0005663
PT00004041,U002535,order_reward,99,2026-06-16 07:05:31,MOCK0006658
PT00004042,U002026,order_reward,519,2026-04-13 15:48:09,MOCK0004645
PT00004043,U001899,campaign_reward,390,2025-05-31 16:46:05,MOCK0009468
PT00004044,U003554,order_reward,265,2025-04-01 04:52:32,MOCK0007568
PT00004045,U001438,redeem,-601,2025-02-10 02:58:56,MOCK0006926
PT00004046,U001934,order_reward,342,2025-06-04 19:41:09,MOCK0003321
PT00004047,U001505,redeem,-338,2026-04-09 13:45:49,MOCK0008225
PT00004048,U000042,order_reward,135,2025-06-16 08:23:30,MOCK0001884
PT00004049,U000494,redeem,-578,2026-07-27 05:12:37,MOCK0005394
PT00004050,U002656,order_reward,222,2025-08-29 03:57:50,MOCK0000383
PT00004051,U001514,order_reward,644,2026-06-01 16:04:52,MOCK0008005
PT00004052,U003217,refund_deduct,-561,2025-07-19 10:08:33,MOCK0008883
PT00004053,U001242,campaign_reward,316,2025-04-05 17:08:55,MOCK0001405
PT00004054,U003384,campaign_reward,190,2025-04-12 03:45:04,MOCK0002758
PT00004055,U004587,order_reward,27,2025-03-15 14:56:58,MOCK0010572
PT00004056,U000984,campaign_reward,688,2025-05-02 02:55:02,MOCK0007118
PT00004057,U003891,expire,-234,2025-05-27 00:02:25,MOCK0011117
PT00004058,U002679,order_reward,521,2026-02-13 09:43:17,MOCK0002970
PT00004059,U003516,expire,-752,2026-03-01 05:04:12,MOCK0006259
PT00004060,U002478,refund_deduct,-127,2025-09-23 18:36:26,MOCK0001994
PT00004061,U001058,expire,-185,2025-10-18 08:10:08,MOCK0000396
PT00004062,U002229,campaign_reward,254,2025-06-10 13:00:12,MOCK0000882
PT00004063,U004660,campaign_reward,731,2025-05-18 10:29:02,MOCK0006536
PT00004064,U000555,campaign_reward,196,2026-01-04 21:36:00,MOCK0004885
PT00004065,U001533,expire,-312,2025-07-08 01:57:58,MOCK0011806
PT00004066,U002215,campaign_reward,664,2025-09-17 09:53:13,MOCK0005248
PT00004067,U002225,order_reward,529,2025-04-09 02:37:42,MOCK0000542
PT00004068,U001123,order_reward,173,2025-11-13 01:03:08,MOCK0008436
PT00004069,U000865,order_reward,290,2026-08-16 21:31:43,MOCK0000034
PT00004070,U002762,order_reward,101,2026-04-01 06:01:32,MOCK0002858
PT00004071,U002711,order_reward,422,2026-01-18 20:55:28,MOCK0010498
PT00004072,U001716,order_reward,361,2026-07-05 04:30:47,MOCK0002561
PT00004073,U000740,order_reward,773,2026-05-20 04:52:13,MOCK0002675
PT00004074,U001487,refund_deduct,-610,2025-02-07 19:50:21,MOCK0000302
PT00004075,U004320,campaign_reward,717,2025-04-05 15:47:25,MOCK0009538
PT00004076,U004235,refund_deduct,-750,2025-01-24 19:50:16,MOCK0007302
PT00004077,U000786,order_reward,515,2026-04-20 12:34:32,MOCK0004684
PT00004078,U004975,order_reward,413,2026-06-10 19:58:36,MOCK0011353
PT00004079,U001454,order_reward,336,2025-06-13 09:53:51,MOCK0011828
PT00004080,U004161,expire,-363,2025-01-04 02:27:09,MOCK0008132
PT00004081,U002239,order_reward,589,2025-03-19 04:54:12,MOCK0008721
PT00004082,U002628,order_reward,171,2025-07-31 14:45:47,MOCK0007648
PT00004083,U002470,expire,-376,2026-05-27 04:41:16,MOCK0005484
PT00004084,U000979,order_reward,498,2025-08-05 19:31:26,MOCK0004601
PT00004085,U000256,refund_deduct,-759,2025-03-13 02:05:58,MOCK0011532
PT00004086,U004904,order_reward,230,2025-04-11 12:05:21,MOCK0005407
PT00004087,U003054,redeem,-437,2026-03-27 15:44:30,MOCK0008234
PT00004088,U001567,campaign_reward,735,2026-05-05 08:10:54,MOCK0001077
PT00004089,U004176,order_reward,503,2025-09-02 09:04:55,MOCK0005862
PT00004090,U004689,campaign_reward,774,2025-10-16 11:41:17,MOCK0005886
PT00004091,U003777,campaign_reward,718,2025-06-13 21:18:46,MOCK0004522
PT00004092,U002994,order_reward,504,2025-07-06 16:52:55,MOCK0001474
PT00004093,U000464,campaign_reward,251,2025-03-16 00:54:39,MOCK0004301
PT00004094,U000663,campaign_reward,538,2025-11-11 01:35:56,MOCK0010926
PT00004095,U001609,redeem,-426,2025-11-17 09:48:39,MOCK0004779
PT00004096,U001024,redeem,-489,2025-11-02 07:54:29,MOCK0006658
PT00004097,U004850,order_reward,583,2025-05-23 22:54:59,MOCK0008375
PT00004098,U001632,order_reward,466,2026-06-17 08:55:14,MOCK0000933
PT00004099,U001474,redeem,-362,2026-01-13 11:40:41,MOCK0011594
PT00004100,U001071,order_reward,176,2026-04-29 17:40:48,MOCK0005112
PT00004101,U001066,campaign_reward,272,2026-07-31 05:12:47,MOCK0008237
PT00004102,U003076,order_reward,351,2025-01-06 02:18:06,MOCK0008883
PT00004103,U001006,order_reward,155,2026-06-27 13:32:20,MOCK0005363
PT00004104,U000924,refund_deduct,-648,2026-05-29 07:02:31,MOCK0007552
PT00004105,U000207,order_reward,121,2025-05-12 08:33:48,MOCK0010565
PT00004106,U003992,campaign_reward,328,2025-08-03 10:22:31,MOCK0000505
PT00004107,U000632,order_reward,796,2025-03-22 03:29:13,MOCK0001199
PT00004108,U004371,order_reward,671,2025-06-20 06:42:41,MOCK0007569
PT00004109,U003396,campaign_reward,744,2025-11-05 09:02:11,MOCK0009288
PT00004110,U004298,refund_deduct,-524,2025-10-28 08:02:51,MOCK0000153
PT00004111,U001280,order_reward,155,2025-04-03 11:41:27,MOCK0007868
PT00004112,U001055,campaign_reward,319,2025-07-10 08:05:08,MOCK0004287
PT00004113,U003991,refund_deduct,-591,2026-06-22 15:37:05,MOCK0008330
PT00004114,U000939,redeem,-415,2026-03-21 07:33:21,MOCK0009167
PT00004115,U003913,redeem,-176,2026-06-21 17:58:55,MOCK0011615
PT00004116,U000741,order_reward,478,2025-05-20 12:02:47,MOCK0010316
PT00004117,U001086,redeem,-787,2025-05-27 01:16:09,MOCK0004467
PT00004118,U000139,order_reward,350,2026-08-01 09:20:21,MOCK0006064
PT00004119,U001565,campaign_reward,206,2026-01-30 22:32:05,MOCK0006514
PT00004120,U002388,redeem,-581,2025-11-07 19:20:56,MOCK0009109
PT00004121,U003898,campaign_reward,436,2025-03-20 14:36:08,MOCK0002687
PT00004122,U003831,order_reward,397,2026-06-09 21:16:32,MOCK0005574
PT00004123,U004852,expire,-446,2025-06-20 09:02:23,MOCK0010318
PT00004124,U004853,order_reward,162,2025-11-11 17:57:45,MOCK0010015
PT00004125,U004784,order_reward,475,2026-05-24 23:42:48,MOCK0010319
PT00004126,U004217,order_reward,711,2025-04-10 04:46:19,MOCK0008820
PT00004127,U000454,order_reward,698,2025-08-25 13:26:58,MOCK0001436
PT00004128,U004639,refund_deduct,-270,2025-11-24 12:52:40,MOCK0004354
PT00004129,U002583,campaign_reward,121,2026-01-18 00:58:16,MOCK0000219
PT00004130,U002826,redeem,-439,2025-04-28 22:21:53,MOCK0008643
PT00004131,U003595,redeem,-487,2026-06-01 14:52:08,MOCK0009221
PT00004132,U000042,campaign_reward,292,2025-10-23 03:26:47,MOCK0009994
PT00004133,U002543,order_reward,112,2025-08-18 13:17:06,MOCK0009923
PT00004134,U002829,campaign_reward,597,2025-03-28 05:10:43,MOCK0011451
PT00004135,U001743,order_reward,585,2026-03-07 04:48:34,MOCK0004074
PT00004136,U004868,order_reward,214,2026-03-07 17:25:19,MOCK0000777
PT00004137,U003873,order_reward,34,2026-05-05 22:03:54,MOCK0011715
PT00004138,U004455,campaign_reward,399,2025-09-08 02:59:40,MOCK0008705
PT00004139,U003751,order_reward,688,2025-08-10 00:27:28,MOCK0001696
PT00004140,U002818,order_reward,278,2025-10-03 21:13:50,MOCK0006285
PT00004141,U001986,campaign_reward,598,2026-07-27 09:10:25,MOCK0009048
PT00004142,U004054,redeem,-540,2026-04-30 23:34:21,MOCK0004942
PT00004143,U000832,redeem,-39,2026-04-09 16:55:38,MOCK0010206
PT00004144,U000761,order_reward,403,2025-01-09 16:28:51,MOCK0001973
PT00004145,U004852,order_reward,241,2025-07-07 13:58:59,MOCK0009498
PT00004146,U001257,order_reward,611,2025-07-01 21:51:55,MOCK0000470
PT00004147,U000897,order_reward,430,2026-05-04 00:44:46,MOCK0003910
PT00004148,U004420,campaign_reward,215,2025-05-30 08:59:07,MOCK0007758
PT00004149,U000855,refund_deduct,-767,2026-02-15 02:44:57,MOCK0008960
PT00004150,U002355,order_reward,500,2025-06-28 17:37:07,MOCK0005283
PT00004151,U004478,expire,-603,2026-01-03 00:02:42,MOCK0007987
PT00004152,U002973,campaign_reward,793,2025-09-19 14:20:34,MOCK0005812
PT00004153,U002950,order_reward,788,2025-11-18 21:35:15,MOCK0011386
PT00004154,U001391,expire,-364,2025-11-25 10:01:23,MOCK0000134
PT00004155,U003443,campaign_reward,791,2026-01-17 08:10:49,MOCK0009935
PT00004156,U004856,order_reward,327,2025-07-16 23:34:51,MOCK0007557
PT00004157,U001273,refund_deduct,-416,2025-11-28 07:27:14,MOCK0001378
PT00004158,U001506,refund_deduct,-402,2025-01-31 14:56:33,MOCK0009220
PT00004159,U000025,order_reward,288,2025-10-16 06:50:04,MOCK0011276
PT00004160,U001898,campaign_reward,729,2025-06-19 12:45:42,MOCK0000174
PT00004161,U001183,refund_deduct,-737,2026-04-12 07:22:13,MOCK0002156
PT00004162,U004069,expire,-197,2026-05-14 17:33:08,MOCK0005321
PT00004163,U001734,refund_deduct,-772,2025-11-06 01:37:08,MOCK0004808
PT00004164,U003599,order_reward,666,2025-09-14 02:46:29,MOCK0004432
PT00004165,U004875,order_reward,780,2025-02-24 13:51:02,MOCK0001400
PT00004166,U003767,campaign_reward,68,2026-07-24 13:05:29,MOCK0006118
PT00004167,U002339,order_reward,491,2026-06-04 08:47:50,MOCK0003480
PT00004168,U001647,refund_deduct,-97,2025-05-23 23:43:20,MOCK0009737
PT00004169,U002419,order_reward,707,2025-04-09 04:43:53,MOCK0010716
PT00004170,U000455,refund_deduct,-428,2025-07-18 08:30:44,MOCK0005917
PT00004171,U004373,order_reward,733,2025-12-08 11:02:56,MOCK0010540
PT00004172,U000438,redeem,-621,2026-02-03 01:11:15,MOCK0008243
PT00004173,U000701,redeem,-446,2025-07-29 13:58:50,MOCK0007877
PT00004174,U003873,redeem,-66,2026-05-31 18:56:33,MOCK0010913
PT00004175,U003430,refund_deduct,-728,2026-01-28 09:02:16,MOCK0007527
PT00004176,U004764,order_reward,109,2025-04-19 18:51:36,MOCK0007242
PT00004177,U004145,campaign_reward,105,2025-12-15 17:09:32,MOCK0007896
PT00004178,U004429,refund_deduct,-370,2025-03-31 08:34:23,MOCK0005412
PT00004179,U002489,refund_deduct,-676,2026-01-02 02:57:10,MOCK0004934
PT00004180,U002281,refund_deduct,-558,2026-01-18 17:10:32,MOCK0001545
PT00004181,U004769,order_reward,394,2025-10-30 00:25:04,MOCK0006858
PT00004182,U002601,redeem,-752,2025-08-06 22:22:02,MOCK0011093
PT00004183,U004124,order_reward,639,2025-04-05 14:45:05,MOCK0000790
PT00004184,U003164,redeem,-117,2026-03-03 10:15:19,MOCK0004610
PT00004185,U004842,order_reward,348,2026-03-29 21:32:15,MOCK0004637
PT00004186,U000908,order_reward,79,2026-04-20 12:46:06,MOCK0006162
PT00004187,U003746,order_reward,530,2025-03-04 06:06:04,MOCK0009615
PT00004188,U000405,order_reward,580,2025-12-15 21:11:11,MOCK0006849
PT00004189,U002991,order_reward,298,2026-07-15 07:29:43,MOCK0008114
PT00004190,U001608,expire,-705,2025-09-23 10:22:14,MOCK0007052
PT00004191,U001405,refund_deduct,-589,2026-02-10 09:42:46,MOCK0009262
PT00004192,U003846,redeem,-342,2025-12-12 13:29:16,MOCK0000781
PT00004193,U004390,redeem,-417,2025-04-06 08:29:25,MOCK0011820
PT00004194,U002861,expire,-678,2025-12-28 17:04:19,MOCK0003162
PT00004195,U004142,order_reward,218,2026-03-10 08:00:45,MOCK0008714
PT00004196,U002821,order_reward,760,2026-07-28 22:15:25,MOCK0006347
PT00004197,U002729,expire,-432,2025-02-11 05:59:58,MOCK0004432
PT00004198,U001797,order_reward,546,2025-06-17 03:04:44,MOCK0006222
PT00004199,U001924,order_reward,483,2025-06-15 00:25:59,MOCK0007860
PT00004200,U003916,campaign_reward,266,2025-01-20 06:45:59,MOCK0011408
PT00004201,U000035,order_reward,25,2025-04-30 16:45:48,MOCK0007242
PT00004202,U004622,campaign_reward,796,2025-10-06 10:59:05,MOCK0000039
PT00004203,U001834,order_reward,212,2025-04-15 19:59:18,MOCK0008978
PT00004204,U002349,order_reward,783,2025-08-29 10:03:06,MOCK0007979
PT00004205,U001071,refund_deduct,-395,2026-08-13 19:22:06,MOCK0003555
PT00004206,U003123,order_reward,185,2025-10-20 23:28:11,MOCK0010084
PT00004207,U002054,order_reward,142,2025-03-04 16:18:52,MOCK0010257
PT00004208,U000490,campaign_reward,476,2025-12-08 00:48:04,MOCK0010069
PT00004209,U002496,order_reward,610,2025-07-17 03:57:21,MOCK0007641
PT00004210,U001950,order_reward,216,2025-03-21 07:20:10,MOCK0001296
PT00004211,U004407,order_reward,545,2025-10-19 00:45:53,MOCK0005050
PT00004212,U002466,refund_deduct,-271,2026-07-09 16:15:14,MOCK0008365
PT00004213,U000635,order_reward,457,2026-07-03 06:31:22,MOCK0005135
PT00004214,U000547,redeem,-92,2025-06-10 17:32:44,MOCK0009293
PT00004215,U001368,order_reward,349,2025-09-24 14:58:59,MOCK0010488
PT00004216,U003871,expire,-720,2025-10-09 20:39:29,MOCK0011454
PT00004217,U002110,campaign_reward,187,2026-02-11 12:57:22,MOCK0008045
PT00004218,U001503,expire,-188,2025-07-05 16:36:53,MOCK0005415
PT00004219,U000290,campaign_reward,587,2026-01-12 05:50:03,MOCK0003365
PT00004220,U004530,campaign_reward,425,2026-07-25 09:51:08,MOCK0002881
PT00004221,U003300,redeem,-676,2025-07-26 23:50:43,MOCK0008445
PT00004222,U004488,order_reward,258,2025-05-01 05:08:42,MOCK0004904
PT00004223,U004022,redeem,-559,2026-03-20 13:32:12,MOCK0008801
PT00004224,U001540,expire,-290,2026-06-18 05:27:23,MOCK0002465
PT00004225,U001757,refund_deduct,-196,2025-05-10 01:59:42,MOCK0000808
PT00004226,U003745,order_reward,602,2025-03-10 04:40:22,MOCK0008733
PT00004227,U000701,expire,-394,2025-02-12 11:57:37,MOCK0009945
PT00004228,U002081,order_reward,377,2025-02-25 09:37:26,MOCK0008899
PT00004229,U001614,order_reward,676,2025-04-20 17:33:52,MOCK0010501
PT00004230,U001950,order_reward,796,2025-10-15 11:24:27,MOCK0003919
PT00004231,U004088,refund_deduct,-215,2026-04-16 16:06:50,MOCK0002761
PT00004232,U000887,campaign_reward,348,2026-01-21 06:51:36,MOCK0005471
PT00004233,U001325,campaign_reward,345,2026-07-23 02:58:36,MOCK0006381
PT00004234,U002259,order_reward,299,2026-05-22 20:38:44,MOCK0008055
PT00004235,U004223,order_reward,716,2026-01-19 13:32:05,MOCK0001182
PT00004236,U003212,campaign_reward,469,2026-01-22 19:53:11,MOCK0000701
PT00004237,U003961,expire,-346,2025-01-18 13:06:04,MOCK0011053
PT00004238,U000735,redeem,-330,2025-03-11 12:03:53,MOCK0008636
PT00004239,U004456,order_reward,695,2025-10-04 22:54:44,MOCK0011442
PT00004240,U004394,refund_deduct,-59,2026-02-03 19:38:14,MOCK0008259
PT00004241,U002111,campaign_reward,688,2026-03-16 14:53:13,MOCK0010500
PT00004242,U003211,order_reward,148,2026-08-02 18:58:16,MOCK0009621
PT00004243,U002193,order_reward,637,2026-06-06 13:12:41,MOCK0011638
PT00004244,U004218,order_reward,718,2026-08-06 08:25:49,MOCK0002800
PT00004245,U003966,campaign_reward,464,2025-09-12 05:01:35,MOCK0006026
PT00004246,U004005,expire,-650,2026-06-22 15:21:15,MOCK0011790
PT00004247,U001329,expire,-721,2025-09-05 11:32:43,MOCK0010040
PT00004248,U000830,order_reward,474,2026-07-29 04:06:27,MOCK0001796
PT00004249,U004217,redeem,-574,2025-08-17 13:45:35,MOCK0000511
PT00004250,U001483,order_reward,65,2025-12-03 23:53:50,MOCK0000097
PT00004251,U004836,expire,-476,2025-09-02 15:01:47,MOCK0005821
PT00004252,U002781,redeem,-158,2025-01-20 18:34:45,MOCK0009858
PT00004253,U004726,order_reward,640,2026-04-22 20:43:12,MOCK0005322
PT00004254,U002129,order_reward,534,2025-01-20 03:59:35,MOCK0002194
PT00004255,U000476,expire,-66,2026-02-08 16:04:24,MOCK0004882
PT00004256,U000388,order_reward,233,2025-07-07 21:46:00,MOCK0010534
PT00004257,U003257,order_reward,68,2025-02-20 08:31:25,MOCK0000224
PT00004258,U001831,order_reward,387,2025-08-13 17:38:05,MOCK0010575
PT00004259,U002695,order_reward,127,2026-03-10 11:12:36,MOCK0003882
PT00004260,U001899,order_reward,436,2025-03-03 01:27:51,MOCK0010347
PT00004261,U000847,order_reward,122,2025-09-13 03:09:39,MOCK0008567
PT00004262,U002740,expire,-681,2026-07-26 11:59:11,MOCK0008290
PT00004263,U001930,campaign_reward,517,2025-12-29 03:49:11,MOCK0002773
PT00004264,U000086,redeem,-289,2025-12-16 06:52:27,MOCK0001426
PT00004265,U001729,refund_deduct,-225,2026-01-19 23:37:17,MOCK0004722
PT00004266,U002271,order_reward,759,2025-12-03 03:54:09,MOCK0010080
PT00004267,U001007,refund_deduct,-607,2025-06-14 13:42:17,MOCK0009114
PT00004268,U000726,campaign_reward,380,2025-11-05 11:49:25,MOCK0010061
PT00004269,U002916,redeem,-315,2025-01-19 09:22:10,MOCK0002983
PT00004270,U004610,redeem,-558,2025-02-22 15:27:35,MOCK0004829
PT00004271,U000608,order_reward,748,2026-04-01 05:49:12,MOCK0008803
PT00004272,U003620,order_reward,391,2026-01-02 09:44:45,MOCK0004724
PT00004273,U000953,campaign_reward,651,2025-07-14 19:33:34,MOCK0001905
PT00004274,U003178,campaign_reward,113,2025-08-04 23:41:33,MOCK0006511
PT00004275,U003329,order_reward,758,2026-02-09 00:58:42,MOCK0001044
PT00004276,U003739,campaign_reward,715,2026-02-25 04:16:36,MOCK0006971
PT00004277,U002769,expire,-798,2026-05-28 16:53:10,MOCK0006847
PT00004278,U003639,order_reward,419,2025-05-10 07:50:42,MOCK0009027
PT00004279,U000670,order_reward,277,2025-06-20 17:37:37,MOCK0010740
PT00004280,U003670,campaign_reward,719,2026-03-07 09:17:34,MOCK0004003
PT00004281,U003544,redeem,-653,2025-10-07 02:14:12,MOCK0005801
PT00004282,U000073,expire,-372,2026-03-17 22:25:29,MOCK0004370
PT00004283,U004581,refund_deduct,-159,2025-02-22 14:11:35,MOCK0005987
PT00004284,U001677,refund_deduct,-682,2025-09-20 03:10:14,MOCK0006434
PT00004285,U004896,order_reward,756,2025-04-10 03:05:14,MOCK0009461
PT00004286,U000855,order_reward,392,2026-04-26 14:36:57,MOCK0008807
PT00004287,U000074,order_reward,722,2025-01-28 23:20:47,MOCK0003827
PT00004288,U001154,campaign_reward,122,2025-01-18 19:31:02,MOCK0007896
PT00004289,U003616,campaign_reward,788,2025-02-11 11:04:03,MOCK0008736
PT00004290,U002286,order_reward,352,2025-02-11 06:35:28,MOCK0004848
PT00004291,U000050,redeem,-237,2025-02-20 22:46:06,MOCK0007218
PT00004292,U002971,order_reward,716,2025-07-29 23:40:05,MOCK0002132
PT00004293,U004482,redeem,-84,2025-08-24 15:50:21,MOCK0008160
PT00004294,U002033,campaign_reward,547,2025-01-08 19:34:37,MOCK0008818
PT00004295,U003024,campaign_reward,304,2025-06-18 01:42:56,MOCK0003872
PT00004296,U003947,expire,-91,2025-08-15 20:09:47,MOCK0007368
PT00004297,U000377,campaign_reward,236,2025-11-29 13:26:55,MOCK0001428
PT00004298,U002334,order_reward,317,2025-03-30 18:47:05,MOCK0005382
PT00004299,U002134,order_reward,732,2025-07-02 02:03:18,MOCK0006939
PT00004300,U003739,redeem,-650,2025-09-09 03:27:29,MOCK0001238
PT00004301,U004807,order_reward,48,2025-01-07 00:47:17,MOCK0007170
PT00004302,U000502,campaign_reward,736,2026-03-26 03:40:21,MOCK0009445
PT00004303,U002675,order_reward,278,2025-04-18 14:25:44,MOCK0006544
PT00004304,U002486,order_reward,280,2026-05-23 19:34:53,MOCK0001946
PT00004305,U004335,campaign_reward,102,2025-11-02 20:37:45,MOCK0006047
PT00004306,U003996,order_reward,395,2025-10-20 15:46:51,MOCK0000483
PT00004307,U004602,campaign_reward,143,2025-12-06 11:07:38,MOCK0007759
PT00004308,U003018,expire,-711,2025-01-21 14:14:27,MOCK0000743
PT00004309,U001535,order_reward,470,2025-10-24 23:24:47,MOCK0008064
PT00004310,U003863,campaign_reward,149,2025-05-28 20:31:23,MOCK0005720
PT00004311,U004640,order_reward,143,2025-12-08 11:34:45,MOCK0006096
PT00004312,U001995,order_reward,119,2026-03-11 07:06:37,MOCK0011569
PT00004313,U002650,order_reward,422,2025-08-17 19:00:47,MOCK0011379
PT00004314,U002749,order_reward,666,2025-03-01 03:06:56,MOCK0000416
PT00004315,U001121,order_reward,420,2025-02-22 21:39:10,MOCK0010735
PT00004316,U004413,redeem,-296,2026-08-12 19:25:27,MOCK0008739
PT00004317,U001375,campaign_reward,672,2025-12-21 21:26:48,MOCK0011569
PT00004318,U002453,redeem,-162,2025-01-04 14:17:39,MOCK0006099
PT00004319,U000787,redeem,-224,2025-08-25 09:00:41,MOCK0004212
PT00004320,U004071,order_reward,693,2025-06-03 01:21:13,MOCK0006222
PT00004321,U001775,order_reward,582,2026-04-30 08:54:26,MOCK0011180
PT00004322,U004122,order_reward,110,2025-02-11 07:28:04,MOCK0007086
PT00004323,U001659,order_reward,25,2026-07-14 14:41:34,MOCK0004360
PT00004324,U003722,campaign_reward,753,2026-02-11 15:22:35,MOCK0007717
PT00004325,U004521,refund_deduct,-630,2025-06-25 04:18:21,MOCK0005356
PT00004326,U000563,order_reward,334,2025-02-17 07:17:03,MOCK0008135
PT00004327,U001523,order_reward,343,2025-03-08 10:54:49,MOCK0010465
PT00004328,U004186,campaign_reward,236,2026-03-03 17:35:34,MOCK0004657
PT00004329,U002661,order_reward,765,2025-10-31 11:27:53,MOCK0008231
PT00004330,U002028,redeem,-612,2026-04-09 13:34:44,MOCK0010408
PT00004331,U004781,redeem,-422,2026-05-07 21:27:53,MOCK0001038
PT00004332,U002022,order_reward,351,2025-10-27 21:55:37,MOCK0003464
PT00004333,U004190,expire,-463,2025-11-17 18:09:26,MOCK0009073
PT00004334,U004765,redeem,-581,2025-10-10 16:35:21,MOCK0000744
PT00004335,U003242,refund_deduct,-766,2025-05-09 17:44:24,MOCK0008762
PT00004336,U004021,order_reward,738,2025-12-14 22:30:41,MOCK0008194
PT00004337,U003592,campaign_reward,179,2026-07-13 23:55:11,MOCK0009034
PT00004338,U000008,order_reward,357,2025-09-19 03:17:51,MOCK0003112
PT00004339,U004718,redeem,-632,2025-07-04 10:39:06,MOCK0008570
PT00004340,U000838,campaign_reward,349,2026-02-22 08:51:50,MOCK0000184
PT00004341,U004432,redeem,-697,2026-07-05 08:31:45,MOCK0006905
PT00004342,U001673,campaign_reward,325,2025-10-24 13:08:33,MOCK0007670
PT00004343,U003178,order_reward,565,2026-05-25 17:39:02,MOCK0007907
PT00004344,U002791,order_reward,25,2025-08-22 01:10:13,MOCK0007226
PT00004345,U002503,order_reward,359,2025-08-06 20:17:04,MOCK0000068
PT00004346,U003497,order_reward,153,2025-08-20 17:31:06,MOCK0004392
PT00004347,U001366,campaign_reward,439,2025-07-13 01:25:06,MOCK0001667
PT00004348,U001634,order_reward,422,2026-04-30 05:09:15,MOCK0002246
PT00004349,U003913,order_reward,422,2025-01-06 09:42:21,MOCK0011936
PT00004350,U003177,refund_deduct,-346,2025-01-27 22:33:16,MOCK0003059
PT00004351,U004206,order_reward,50,2026-03-19 00:35:08,MOCK0007169
PT00004352,U002428,campaign_reward,353,2025-04-28 22:32:56,MOCK0003046
PT00004353,U004995,order_reward,345,2026-05-27 01:33:03,MOCK0000564
PT00004354,U004850,order_reward,295,2025-05-07 07:01:13,MOCK0008673
PT00004355,U002300,order_reward,203,2025-03-18 10:26:25,MOCK0000621
PT00004356,U004716,redeem,-370,2025-11-14 14:26:30,MOCK0005966
PT00004357,U001390,order_reward,13,2025-02-08 01:40:56,MOCK0011742
PT00004358,U001979,refund_deduct,-413,2026-08-13 08:36:08,MOCK0004468
PT00004359,U000080,campaign_reward,439,2025-01-20 18:35:17,MOCK0004390
PT00004360,U001829,order_reward,381,2025-08-09 09:38:56,MOCK0001364
PT00004361,U001424,redeem,-691,2025-10-20 01:52:45,MOCK0003024
PT00004362,U004413,redeem,-727,2025-10-04 02:07:49,MOCK0002293
PT00004363,U003532,redeem,-472,2025-05-26 13:18:06,MOCK0003536
PT00004364,U004636,order_reward,575,2025-06-29 01:53:10,MOCK0008514
PT00004365,U000761,order_reward,474,2026-06-02 12:15:11,MOCK0010188
PT00004366,U001954,order_reward,329,2025-12-10 04:41:48,MOCK0008067
PT00004367,U003009,order_reward,768,2025-09-18 17:53:41,MOCK0008166
PT00004368,U000145,order_reward,478,2025-09-29 01:01:20,MOCK0009185
PT00004369,U002120,campaign_reward,346,2025-12-24 19:55:33,MOCK0001330
PT00004370,U001887,order_reward,346,2025-12-12 16:03:36,MOCK0001984
PT00004371,U000362,order_reward,653,2025-04-14 04:48:14,MOCK0005694
PT00004372,U003424,order_reward,398,2026-01-15 19:50:40,MOCK0010510
PT00004373,U002404,order_reward,745,2025-04-19 02:06:05,MOCK0010611
PT00004374,U002179,order_reward,430,2025-01-02 15:24:08,MOCK0007940
PT00004375,U003787,order_reward,192,2026-06-23 00:39:44,MOCK0005672
PT00004376,U000309,campaign_reward,614,2025-11-21 19:27:17,MOCK0008406
PT00004377,U003236,redeem,-621,2025-07-06 15:56:11,MOCK0000627
PT00004378,U000851,order_reward,537,2026-07-20 07:30:21,MOCK0008902
PT00004379,U002490,campaign_reward,75,2025-12-10 05:02:46,MOCK0004573
PT00004380,U001132,order_reward,397,2025-03-03 16:02:12,MOCK0004818
PT00004381,U000846,order_reward,521,2025-01-11 19:54:50,MOCK0007592
PT00004382,U004806,expire,-367,2025-07-23 20:56:01,MOCK0006060
PT00004383,U000684,campaign_reward,116,2025-05-15 23:09:19,MOCK0001390
PT00004384,U000259,order_reward,595,2026-06-17 00:02:15,MOCK0001732
PT00004385,U002652,order_reward,675,2026-02-16 18:03:35,MOCK0001529
PT00004386,U002443,order_reward,545,2025-03-11 20:37:45,MOCK0002382
PT00004387,U000154,order_reward,209,2025-02-05 23:15:36,MOCK0006822
PT00004388,U002729,campaign_reward,36,2025-03-11 16:32:23,MOCK0010490
PT00004389,U004276,order_reward,650,2026-02-25 15:27:22,MOCK0010246
PT00004390,U004613,order_reward,311,2025-12-25 04:10:25,MOCK0009468
PT00004391,U002381,campaign_reward,316,2025-05-22 17:57:26,MOCK0009230
PT00004392,U002380,order_reward,676,2026-07-25 12:24:14,MOCK0004112
PT00004393,U004459,campaign_reward,180,2025-02-17 18:55:43,MOCK0005282
PT00004394,U000703,order_reward,678,2025-11-04 19:38:48,MOCK0010958
PT00004395,U003121,order_reward,164,2026-01-27 18:42:40,MOCK0010265
PT00004396,U003552,redeem,-8,2025-03-13 14:27:37,MOCK0004433
PT00004397,U001656,redeem,-540,2025-09-03 18:56:01,MOCK0001360
PT00004398,U001862,order_reward,40,2026-02-16 04:19:01,MOCK0004847
PT00004399,U000924,order_reward,138,2026-08-05 19:56:52,MOCK0000434
PT00004400,U004516,refund_deduct,-355,2025-01-22 23:12:42,MOCK0008973
PT00004401,U003736,order_reward,622,2025-12-03 02:34:51,MOCK0006211
PT00004402,U002809,campaign_reward,390,2026-07-08 03:30:28,MOCK0009074
PT00004403,U002955,campaign_reward,236,2025-08-23 14:33:45,MOCK0008503
PT00004404,U003363,order_reward,548,2026-05-10 03:57:44,MOCK0002514
PT00004405,U003270,order_reward,594,2025-04-19 21:16:19,MOCK0006924
PT00004406,U002557,campaign_reward,562,2025-11-19 19:34:29,MOCK0005214
PT00004407,U003359,order_reward,485,2025-11-21 07:09:00,MOCK0005219
PT00004408,U004352,redeem,-739,2025-05-09 03:56:58,MOCK0002211
PT00004409,U001440,campaign_reward,443,2025-12-07 15:59:50,MOCK0002624
PT00004410,U003071,order_reward,457,2025-02-05 03:28:20,MOCK0003572
PT00004411,U004559,campaign_reward,39,2026-03-15 12:15:09,MOCK0011425
PT00004412,U003972,campaign_reward,485,2026-01-13 01:58:33,MOCK0002738
PT00004413,U003174,order_reward,376,2026-07-04 06:55:57,MOCK0002813
PT00004414,U003988,campaign_reward,343,2025-12-10 11:32:36,MOCK0002190
PT00004415,U002754,expire,-648,2025-11-27 02:14:01,MOCK0009962
PT00004416,U001272,order_reward,728,2026-07-18 14:42:34,MOCK0006947
PT00004417,U004771,campaign_reward,523,2025-04-04 22:56:46,MOCK0003103
PT00004418,U003108,redeem,-531,2026-01-30 17:12:01,MOCK0011578
PT00004419,U004811,order_reward,433,2026-01-26 07:36:32,MOCK0002230
PT00004420,U002615,order_reward,285,2025-10-17 18:15:40,MOCK0008080
PT00004421,U004286,order_reward,427,2026-01-19 22:38:03,MOCK0001633
PT00004422,U001581,refund_deduct,-130,2026-03-27 02:53:45,MOCK0004008
PT00004423,U001938,order_reward,710,2026-07-28 04:24:55,MOCK0010051
PT00004424,U004936,redeem,-41,2025-07-14 20:05:58,MOCK0011414
PT00004425,U002213,order_reward,766,2026-05-11 06:36:24,MOCK0011701
PT00004426,U002295,order_reward,51,2026-05-27 11:43:55,MOCK0007154
PT00004427,U003183,redeem,-144,2026-03-14 18:24:14,MOCK0004861
PT00004428,U001117,expire,-669,2026-08-20 09:53:42,MOCK0008179
PT00004429,U003849,order_reward,421,2025-11-11 08:23:25,MOCK0011941
PT00004430,U000955,order_reward,147,2026-04-15 15:36:53,MOCK0002326
PT00004431,U003221,order_reward,790,2026-01-22 10:48:37,MOCK0004842
PT00004432,U002504,redeem,-453,2026-06-09 05:51:07,MOCK0001591
PT00004433,U003466,campaign_reward,68,2026-04-09 10:48:31,MOCK0007781
PT00004434,U001462,order_reward,135,2025-12-10 02:40:09,MOCK0005643
PT00004435,U000321,refund_deduct,-749,2026-07-11 06:57:58,MOCK0010160
PT00004436,U002030,redeem,-391,2025-01-24 09:04:11,MOCK0004841
PT00004437,U004372,order_reward,463,2025-11-01 16:54:44,MOCK0001453
PT00004438,U002806,order_reward,34,2025-03-09 14:35:26,MOCK0001830
PT00004439,U004636,redeem,-574,2026-07-12 03:29:39,MOCK0002472
PT00004440,U002168,order_reward,379,2025-12-10 13:43:08,MOCK0006896
PT00004441,U002847,campaign_reward,724,2025-10-05 12:06:41,MOCK0005673
PT00004442,U003214,campaign_reward,618,2025-08-22 20:09:10,MOCK0000218
PT00004443,U000647,order_reward,788,2025-08-18 11:08:18,MOCK0006669
PT00004444,U001758,refund_deduct,-680,2025-10-18 03:32:31,MOCK0011821
PT00004445,U002182,redeem,-798,2025-11-09 23:54:39,MOCK0007051
PT00004446,U002994,order_reward,365,2025-10-21 00:18:58,MOCK0006060
PT00004447,U001354,redeem,-314,2026-06-13 00:34:07,MOCK0011198
PT00004448,U000071,campaign_reward,499,2025-02-27 11:14:51,MOCK0004915
PT00004449,U002503,order_reward,375,2025-12-30 23:20:26,MOCK0009241
PT00004450,U004145,refund_deduct,-52,2025-06-09 16:15:08,MOCK0004939
PT00004451,U000069,refund_deduct,-403,2025-05-09 18:45:52,MOCK0003769
PT00004452,U003263,order_reward,241,2025-12-29 19:51:43,MOCK0000976
PT00004453,U002423,campaign_reward,355,2025-09-16 01:43:01,MOCK0010559
PT00004454,U001873,redeem,-544,2025-07-19 06:19:17,MOCK0003937
PT00004455,U004883,order_reward,325,2025-02-25 23:44:31,MOCK0000633
PT00004456,U002380,order_reward,550,2025-12-27 06:09:52,MOCK0000995
PT00004457,U004643,refund_deduct,-681,2025-04-01 06:11:42,MOCK0001411
PT00004458,U001237,expire,-655,2025-09-18 02:22:55,MOCK0003120
PT00004459,U001082,order_reward,283,2025-03-09 12:32:21,MOCK0001264
PT00004460,U003505,campaign_reward,292,2026-04-04 11:53:02,MOCK0003845
PT00004461,U004693,order_reward,10,2025-11-22 16:35:50,MOCK0005616
PT00004462,U000520,campaign_reward,244,2026-07-14 22:20:02,MOCK0000438
PT00004463,U002645,order_reward,217,2025-05-25 09:26:10,MOCK0008952
PT00004464,U001027,order_reward,400,2025-06-05 16:21:19,MOCK0002175
PT00004465,U001597,redeem,-432,2025-05-04 13:21:16,MOCK0011991
PT00004466,U001266,refund_deduct,-399,2025-01-28 22:06:06,MOCK0001150
PT00004467,U003980,redeem,-16,2026-01-31 07:31:53,MOCK0007969
PT00004468,U003691,order_reward,145,2025-11-28 09:28:35,MOCK0011981
PT00004469,U003172,refund_deduct,-501,2025-05-12 13:09:34,MOCK0002791
PT00004470,U001574,order_reward,474,2025-02-07 17:57:04,MOCK0011669
PT00004471,U001280,order_reward,180,2026-07-12 14:46:47,MOCK0005448
PT00004472,U002502,expire,-27,2025-05-09 20:02:43,MOCK0005930
PT00004473,U000307,order_reward,77,2026-08-22 12:32:42,MOCK0003429
PT00004474,U001061,order_reward,446,2025-06-02 14:20:48,MOCK0009661
PT00004475,U002062,refund_deduct,-506,2026-03-01 08:40:17,MOCK0004352
PT00004476,U004848,order_reward,159,2026-01-12 15:48:46,MOCK0005811
PT00004477,U000543,redeem,-83,2025-01-20 11:01:35,MOCK0005919
PT00004478,U003208,refund_deduct,-615,2026-07-06 08:48:52,MOCK0004031
PT00004479,U001317,campaign_reward,44,2025-02-05 12:31:54,MOCK0011133
PT00004480,U001119,order_reward,474,2025-12-21 16:03:20,MOCK0000098
PT00004481,U001572,order_reward,757,2025-08-30 11:24:01,MOCK0004600
PT00004482,U002954,order_reward,451,2025-05-27 06:33:26,MOCK0010050
PT00004483,U001680,refund_deduct,-356,2025-07-27 00:48:23,MOCK0002862
PT00004484,U003209,redeem,-71,2025-10-24 03:49:47,MOCK0000767
PT00004485,U002020,order_reward,86,2026-06-16 20:37:31,MOCK0004718
PT00004486,U002470,order_reward,60,2026-06-07 15:37:55,MOCK0009291
PT00004487,U000574,redeem,-197,2025-12-31 11:43:21,MOCK0011118
PT00004488,U000558,order_reward,426,2025-07-08 17:39:39,MOCK0008522
PT00004489,U004718,campaign_reward,58,2025-12-20 11:42:56,MOCK0001593
PT00004490,U000987,expire,-513,2026-02-13 13:15:42,MOCK0010890
PT00004491,U002085,order_reward,580,2025-03-22 16:00:35,MOCK0006392
PT00004492,U000436,order_reward,34,2025-05-31 07:23:05,MOCK0000181
PT00004493,U003400,order_reward,412,2025-08-22 13:44:32,MOCK0000710
PT00004494,U000886,order_reward,164,2026-02-17 03:35:02,MOCK0009970
PT00004495,U000123,order_reward,593,2025-03-02 16:45:42,MOCK0010245
PT00004496,U004296,campaign_reward,639,2025-11-30 23:55:55,MOCK0009924
PT00004497,U001049,order_reward,253,2025-12-10 09:46:30,MOCK0007693
PT00004498,U002611,refund_deduct,-18,2025-06-01 16:00:07,MOCK0008757
PT00004499,U002558,order_reward,456,2026-05-29 08:17:41,MOCK0009559
PT00004500,U001035,redeem,-752,2025-03-10 05:40:32,MOCK0006782
PT00004501,U001069,expire,-244,2026-05-22 21:59:01,MOCK0003742
PT00004502,U003974,order_reward,259,2025-07-02 06:18:35,MOCK0000947
PT00004503,U000377,order_reward,21,2026-03-13 19:07:25,MOCK0001464
PT00004504,U003894,order_reward,63,2025-06-03 01:57:01,MOCK0010121
PT00004505,U002366,order_reward,358,2025-08-25 14:12:07,MOCK0007346
PT00004506,U000927,redeem,-526,2025-04-09 04:19:10,MOCK0002038
PT00004507,U001349,campaign_reward,142,2025-11-15 08:15:39,MOCK0008829
PT00004508,U000237,refund_deduct,-338,2025-11-02 03:00:06,MOCK0001979
PT00004509,U002644,redeem,-323,2026-08-09 20:31:10,MOCK0005402
PT00004510,U000794,order_reward,555,2025-07-23 17:59:21,MOCK0004784
PT00004511,U003163,expire,-570,2026-03-31 01:35:52,MOCK0002119
PT00004512,U000247,order_reward,518,2025-11-23 14:29:11,MOCK0004262
PT00004513,U004462,order_reward,365,2025-01-10 19:19:49,MOCK0002306
PT00004514,U004545,order_reward,741,2025-07-22 09:01:54,MOCK0007554
PT00004515,U003318,order_reward,619,2026-05-18 04:02:56,MOCK0004878
PT00004516,U004210,order_reward,524,2026-04-29 08:00:13,MOCK0004685
PT00004517,U004195,order_reward,176,2025-03-10 09:51:34,MOCK0009708
PT00004518,U002589,expire,-334,2025-11-05 10:29:55,MOCK0003357
PT00004519,U001681,campaign_reward,561,2025-10-07 16:37:51,MOCK0009396
PT00004520,U002818,redeem,-254,2026-05-05 00:51:06,MOCK0007143
PT00004521,U004420,redeem,-55,2025-01-31 03:22:13,MOCK0004042
PT00004522,U000988,expire,-542,2026-01-02 09:17:30,MOCK0007921
PT00004523,U000070,refund_deduct,-764,2026-08-12 20:49:57,MOCK0011190
PT00004524,U001565,order_reward,569,2025-07-28 17:56:24,MOCK0003827
PT00004525,U004572,order_reward,745,2025-02-07 21:37:04,MOCK0007824
PT00004526,U002187,order_reward,614,2025-04-19 12:27:01,MOCK0006383
PT00004527,U002654,redeem,-305,2025-07-25 18:47:49,MOCK0004249
PT00004528,U003633,expire,-360,2025-11-20 20:05:55,MOCK0000956
PT00004529,U002609,order_reward,575,2026-03-31 12:00:49,MOCK0005901
PT00004530,U002025,redeem,-579,2025-06-13 12:04:34,MOCK0000839
PT00004531,U000670,redeem,-29,2025-08-16 02:50:21,MOCK0011455
PT00004532,U002459,redeem,-465,2025-07-23 01:42:10,MOCK0005893
PT00004533,U001311,redeem,-451,2026-04-30 01:29:55,MOCK0010479
PT00004534,U003866,order_reward,603,2025-08-28 06:48:09,MOCK0009191
PT00004535,U002690,expire,-693,2025-09-27 10:48:39,MOCK0000634
PT00004536,U004984,campaign_reward,799,2025-05-13 18:20:02,MOCK0006354
PT00004537,U001427,order_reward,619,2026-04-28 00:52:31,MOCK0010039
PT00004538,U002667,order_reward,228,2026-03-30 18:41:35,MOCK0000999
PT00004539,U002715,redeem,-119,2025-09-18 11:55:01,MOCK0004802
PT00004540,U001154,campaign_reward,317,2025-11-02 16:48:04,MOCK0002561
PT00004541,U004594,order_reward,360,2026-01-23 08:56:56,MOCK0009436
PT00004542,U000953,order_reward,282,2025-03-19 18:59:26,MOCK0001362
PT00004543,U001747,campaign_reward,683,2025-10-07 19:58:35,MOCK0000668
PT00004544,U002049,order_reward,520,2025-07-14 20:59:04,MOCK0010221
PT00004545,U000475,order_reward,789,2026-01-04 10:31:02,MOCK0000064
PT00004546,U003673,order_reward,46,2025-03-08 01:25:45,MOCK0009244
PT00004547,U001129,order_reward,334,2026-02-11 13:37:31,MOCK0011348
PT00004548,U000268,campaign_reward,557,2025-05-11 21:38:07,MOCK0001640
PT00004549,U001725,order_reward,698,2025-03-21 07:53:00,MOCK0004177
PT00004550,U004844,redeem,-711,2025-05-16 14:26:13,MOCK0002086
PT00004551,U000802,expire,-68,2025-11-30 11:44:34,MOCK0003918
PT00004552,U003648,refund_deduct,-118,2025-01-13 21:37:40,MOCK0007192
PT00004553,U000573,campaign_reward,749,2025-06-26 02:32:09,MOCK0003413
PT00004554,U000029,redeem,-649,2026-08-21 14:43:55,MOCK0009533
PT00004555,U002046,campaign_reward,490,2026-01-30 11:51:55,MOCK0010948
PT00004556,U004650,campaign_reward,199,2026-07-26 12:41:54,MOCK0007932
PT00004557,U000631,redeem,-494,2025-02-14 21:21:49,MOCK0010184
PT00004558,U001123,order_reward,29,2026-08-10 19:36:07,MOCK0002331
PT00004559,U000597,campaign_reward,519,2025-06-26 05:33:05,MOCK0001881
PT00004560,U002622,order_reward,722,2026-04-19 10:46:13,MOCK0010201
PT00004561,U002984,redeem,-62,2025-12-19 08:57:11,MOCK0011080
PT00004562,U001759,order_reward,777,2025-02-09 20:04:19,MOCK0008005
PT00004563,U001909,order_reward,623,2025-06-23 11:31:54,MOCK0006460
PT00004564,U001380,expire,-289,2026-08-11 12:04:15,MOCK0009162
PT00004565,U003500,redeem,-726,2025-10-30 21:21:04,MOCK0008274
PT00004566,U003913,campaign_reward,117,2025-09-16 03:44:50,MOCK0011143
PT00004567,U000084,order_reward,486,2025-10-12 16:38:35,MOCK0001502
PT00004568,U004235,order_reward,474,2025-07-24 00:05:18,MOCK0005781
PT00004569,U003968,redeem,-262,2026-01-26 02:48:17,MOCK0004603
PT00004570,U000321,campaign_reward,341,2025-09-25 22:18:09,MOCK0009037
PT00004571,U001809,redeem,-406,2025-11-05 20:57:52,MOCK0010046
PT00004572,U004351,refund_deduct,-448,2025-08-04 14:30:07,MOCK0008331
PT00004573,U003575,redeem,-598,2025-01-13 23:21:17,MOCK0005250
PT00004574,U004873,order_reward,161,2026-07-15 07:06:06,MOCK0009831
PT00004575,U000737,campaign_reward,449,2026-05-07 12:02:46,MOCK0005120
PT00004576,U003317,order_reward,674,2025-04-24 09:53:20,MOCK0002708
PT00004577,U003431,refund_deduct,-687,2025-07-30 02:00:17,MOCK0002304
PT00004578,U004750,campaign_reward,646,2025-07-23 06:06:59,MOCK0005673
PT00004579,U004216,expire,-533,2026-07-10 09:07:25,MOCK0009604
PT00004580,U001549,campaign_reward,513,2025-11-17 00:42:21,MOCK0004497
PT00004581,U003298,order_reward,577,2025-07-18 00:19:49,MOCK0006705
PT00004582,U000211,order_reward,179,2026-08-19 18:36:02,MOCK0011293
PT00004583,U003275,refund_deduct,-484,2025-08-24 04:54:27,MOCK0004122
PT00004584,U001485,redeem,-441,2025-04-18 14:28:25,MOCK0006556
PT00004585,U000978,order_reward,316,2025-07-29 17:08:58,MOCK0011341
PT00004586,U000237,order_reward,478,2025-07-25 16:20:45,MOCK0000161
PT00004587,U002839,refund_deduct,-517,2026-03-27 18:19:28,MOCK0004678
PT00004588,U002467,expire,-62,2025-02-06 12:38:37,MOCK0001007
PT00004589,U000086,order_reward,595,2026-02-02 01:12:39,MOCK0009460
PT00004590,U004402,redeem,-490,2025-10-28 12:43:09,MOCK0006429
PT00004591,U001458,order_reward,537,2025-08-24 07:42:37,MOCK0003118
PT00004592,U002858,campaign_reward,256,2026-01-28 01:06:45,MOCK0003785
PT00004593,U004120,order_reward,151,2025-05-13 15:49:15,MOCK0011224
PT00004594,U002892,redeem,-415,2026-02-18 14:49:51,MOCK0011608
PT00004595,U001127,campaign_reward,564,2025-07-20 05:15:11,MOCK0002685
PT00004596,U003953,order_reward,429,2025-02-14 09:11:48,MOCK0001511
PT00004597,U002028,order_reward,559,2026-03-07 16:57:38,MOCK0000413
PT00004598,U001765,order_reward,56,2025-01-05 03:03:00,MOCK0011783
PT00004599,U001312,order_reward,305,2026-02-12 08:26:01,MOCK0008312
PT00004600,U002941,expire,-111,2025-10-20 08:13:41,MOCK0008402
PT00004601,U000575,order_reward,113,2025-03-02 18:09:09,MOCK0000147
PT00004602,U001166,order_reward,679,2025-03-11 11:18:38,MOCK0004677
PT00004603,U004007,redeem,-312,2025-06-20 05:30:11,MOCK0006085
PT00004604,U001803,order_reward,309,2025-01-29 15:52:23,MOCK0008428
PT00004605,U000113,refund_deduct,-124,2025-02-03 13:56:19,MOCK0004662
PT00004606,U003134,refund_deduct,-580,2025-12-20 20:41:57,MOCK0009043
PT00004607,U003217,campaign_reward,159,2025-05-24 21:06:21,MOCK0001519
PT00004608,U002174,order_reward,38,2025-06-20 14:56:00,MOCK0007088
PT00004609,U002061,redeem,-616,2025-01-16 04:59:40,MOCK0010851
PT00004610,U000321,order_reward,125,2025-07-30 12:22:01,MOCK0000463
PT00004611,U002344,order_reward,62,2025-11-10 23:24:34,MOCK0002479
PT00004612,U004610,campaign_reward,338,2026-04-22 08:23:46,MOCK0002707
PT00004613,U003321,campaign_reward,293,2025-12-13 10:13:56,MOCK0009656
PT00004614,U003227,order_reward,293,2026-08-05 11:53:34,MOCK0004938
PT00004615,U004351,order_reward,86,2025-10-09 15:24:50,MOCK0005012
PT00004616,U001451,order_reward,115,2025-12-03 13:05:37,MOCK0003274
PT00004617,U000762,order_reward,775,2025-07-29 07:19:03,MOCK0000854
PT00004618,U004487,redeem,-789,2025-10-16 19:43:52,MOCK0010173
PT00004619,U002894,redeem,-206,2026-03-19 21:30:43,MOCK0007152
PT00004620,U002843,expire,-27,2025-10-23 09:14:05,MOCK0006327
PT00004621,U003761,redeem,-153,2025-08-12 02:37:31,MOCK0008089
PT00004622,U002408,expire,-541,2025-09-26 11:03:18,MOCK0008746
PT00004623,U001009,order_reward,368,2025-01-26 08:53:44,MOCK0000202
PT00004624,U004306,redeem,-775,2026-01-19 14:56:08,MOCK0010815
PT00004625,U003775,refund_deduct,-766,2026-03-01 15:53:13,MOCK0000813
PT00004626,U002940,campaign_reward,228,2025-03-09 22:22:46,MOCK0006222
PT00004627,U003110,expire,-483,2026-07-29 13:14:43,MOCK0004643
PT00004628,U000254,order_reward,69,2025-03-02 13:08:54,MOCK0003423
PT00004629,U003362,order_reward,675,2026-01-28 20:59:42,MOCK0002843
PT00004630,U004057,order_reward,385,2026-07-03 12:02:15,MOCK0004110
PT00004631,U004385,order_reward,463,2025-07-16 14:34:15,MOCK0001249
PT00004632,U001831,order_reward,624,2026-04-16 19:26:50,MOCK0010579
PT00004633,U002102,refund_deduct,-393,2026-03-25 20:02:59,MOCK0006815
PT00004634,U001156,order_reward,273,2025-03-18 11:55:22,MOCK0007583
PT00004635,U003506,order_reward,368,2026-04-26 00:18:12,MOCK0004688
PT00004636,U001358,refund_deduct,-106,2026-02-28 23:03:34,MOCK0002191
PT00004637,U001732,order_reward,660,2025-09-30 05:44:56,MOCK0003640
PT00004638,U001775,order_reward,517,2026-01-16 00:46:37,MOCK0011183
PT00004639,U003723,campaign_reward,771,2025-03-04 03:47:09,MOCK0007108
PT00004640,U003002,redeem,-277,2026-07-29 04:11:43,MOCK0011482
PT00004641,U004998,campaign_reward,119,2025-01-22 03:30:45,MOCK0011467
PT00004642,U001360,order_reward,141,2026-02-01 02:34:54,MOCK0006189
PT00004643,U004693,order_reward,530,2025-11-15 23:49:41,MOCK0008795
PT00004644,U003289,order_reward,208,2026-06-14 05:24:21,MOCK0004304
PT00004645,U000642,order_reward,500,2026-04-13 02:02:19,MOCK0009826
PT00004646,U003661,order_reward,582,2025-04-09 08:51:41,MOCK0008809
PT00004647,U004028,order_reward,284,2025-10-21 14:59:43,MOCK0002504
PT00004648,U000944,redeem,-34,2026-05-13 17:26:07,MOCK0001211
PT00004649,U000893,refund_deduct,-82,2025-05-14 08:54:58,MOCK0004955
PT00004650,U004443,order_reward,13,2026-06-17 11:42:01,MOCK0009707
PT00004651,U000393,order_reward,776,2025-06-26 00:21:03,MOCK0008573
PT00004652,U002138,order_reward,727,2025-09-30 10:04:28,MOCK0000908
PT00004653,U003815,order_reward,200,2025-09-05 15:49:47,MOCK0004247
PT00004654,U004649,order_reward,137,2025-08-01 19:14:07,MOCK0009067
PT00004655,U004000,order_reward,623,2025-01-24 07:09:24,MOCK0010753
PT00004656,U000024,campaign_reward,217,2026-08-03 21:08:10,MOCK0000524
PT00004657,U001352,redeem,-424,2025-08-03 17:30:17,MOCK0008312
PT00004658,U000791,order_reward,67,2026-02-26 03:39:18,MOCK0002332
PT00004659,U000830,order_reward,544,2025-02-03 13:13:54,MOCK0011018
PT00004660,U002287,campaign_reward,323,2025-02-11 11:09:36,MOCK0009350
PT00004661,U003617,redeem,-179,2026-01-31 10:54:14,MOCK0002748
PT00004662,U003131,redeem,-130,2025-12-02 09:23:55,MOCK0004851
PT00004663,U002392,order_reward,81,2025-10-02 03:05:59,MOCK0005601
PT00004664,U002541,expire,-717,2026-08-09 09:50:09,MOCK0005973
PT00004665,U004504,order_reward,318,2025-01-19 02:34:29,MOCK0007211
PT00004666,U002130,order_reward,62,2026-01-05 07:52:57,MOCK0010179
PT00004667,U004551,campaign_reward,163,2025-01-17 12:09:18,MOCK0003597
PT00004668,U005000,order_reward,412,2025-03-01 12:27:18,MOCK0008818
PT00004669,U002205,order_reward,454,2025-12-09 02:25:32,MOCK0003697
PT00004670,U004555,campaign_reward,579,2025-01-14 22:32:44,MOCK0010152
PT00004671,U004961,redeem,-190,2026-02-12 11:41:06,MOCK0000177
PT00004672,U001506,order_reward,47,2026-06-09 00:50:22,MOCK0006176
PT00004673,U001412,order_reward,290,2026-01-11 19:01:55,MOCK0011158
PT00004674,U000881,expire,-243,2025-04-04 07:00:39,MOCK0003339
PT00004675,U002788,order_reward,757,2026-06-23 12:03:37,MOCK0006599
PT00004676,U000617,campaign_reward,346,2026-02-19 01:23:37,MOCK0011074
PT00004677,U001996,order_reward,750,2025-12-24 00:50:48,MOCK0003412
PT00004678,U000057,redeem,-761,2026-01-04 10:23:36,MOCK0001938
PT00004679,U001729,order_reward,409,2025-04-04 09:08:26,MOCK0003746
PT00004680,U000273,expire,-402,2026-04-04 04:42:50,MOCK0009916
PT00004681,U000741,campaign_reward,697,2025-07-25 05:24:55,MOCK0001684
PT00004682,U004820,campaign_reward,558,2026-08-15 01:34:00,MOCK0011769
PT00004683,U000673,order_reward,340,2026-03-26 06:04:49,MOCK0009132
PT00004684,U004717,order_reward,213,2026-06-09 12:23:21,MOCK0010486
PT00004685,U002622,order_reward,57,2025-02-13 22:32:05,MOCK0002617
PT00004686,U000117,expire,-8,2025-03-25 11:50:40,MOCK0009720
PT00004687,U003083,campaign_reward,658,2026-04-06 10:32:26,MOCK0010096
PT00004688,U002786,order_reward,291,2025-09-27 05:08:46,MOCK0005335
PT00004689,U000968,order_reward,47,2025-05-20 02:23:49,MOCK0002348
PT00004690,U000385,expire,-357,2025-06-19 17:32:40,MOCK0010937
PT00004691,U003552,order_reward,327,2025-05-18 23:22:15,MOCK0009138
PT00004692,U000165,redeem,-245,2025-03-13 17:27:38,MOCK0001389
PT00004693,U002994,order_reward,219,2025-10-04 18:50:29,MOCK0005495
PT00004694,U004310,order_reward,532,2026-03-26 18:22:26,MOCK0002309
PT00004695,U003401,campaign_reward,349,2026-02-21 03:45:16,MOCK0009284
PT00004696,U000821,order_reward,378,2025-07-16 14:00:02,MOCK0009077
PT00004697,U000977,order_reward,313,2026-05-13 21:38:40,MOCK0007532
PT00004698,U002021,refund_deduct,-69,2025-06-13 23:18:02,MOCK0002417
PT00004699,U001213,order_reward,713,2025-05-08 12:05:11,MOCK0003976
PT00004700,U002195,order_reward,766,2026-06-05 23:28:18,MOCK0000739
PT00004701,U002529,campaign_reward,70,2026-06-09 04:22:04,MOCK0010505
PT00004702,U001968,order_reward,228,2025-06-07 17:23:45,MOCK0011489
PT00004703,U001099,expire,-506,2025-11-17 14:18:59,MOCK0007018
PT00004704,U000088,redeem,-763,2026-06-30 18:58:43,MOCK0007202
PT00004705,U004892,campaign_reward,732,2025-02-15 06:07:58,MOCK0001110
PT00004706,U004709,expire,-382,2026-08-07 13:25:16,MOCK0000202
PT00004707,U003666,order_reward,66,2025-07-02 00:06:51,MOCK0005714
PT00004708,U000709,refund_deduct,-256,2025-07-16 18:26:10,MOCK0000635
PT00004709,U002275,order_reward,571,2025-07-12 08:05:31,MOCK0007127
PT00004710,U000330,refund_deduct,-80,2025-06-13 07:42:40,MOCK0004428
PT00004711,U001343,order_reward,535,2025-01-23 07:24:21,MOCK0002980
PT00004712,U002548,expire,-782,2026-07-10 23:56:10,MOCK0004624
PT00004713,U001046,expire,-29,2025-01-19 13:10:33,MOCK0001648
PT00004714,U003425,campaign_reward,634,2025-03-08 19:14:25,MOCK0005101
PT00004715,U002251,redeem,-756,2025-01-26 01:31:47,MOCK0003210
PT00004716,U001704,order_reward,750,2026-02-14 08:43:24,MOCK0008058
PT00004717,U000359,redeem,-596,2026-03-30 16:56:46,MOCK0008188
PT00004718,U001108,order_reward,646,2026-07-26 20:41:28,MOCK0001931
PT00004719,U000396,order_reward,676,2025-02-14 03:27:30,MOCK0000199
PT00004720,U001962,order_reward,739,2025-01-13 17:10:47,MOCK0007274
PT00004721,U004686,expire,-188,2026-07-23 06:46:47,MOCK0005824
PT00004722,U004365,refund_deduct,-431,2025-03-31 15:25:58,MOCK0010449
PT00004723,U000710,order_reward,548,2026-04-16 06:02:31,MOCK0001142
PT00004724,U002603,redeem,-443,2025-04-30 01:06:25,MOCK0010513
PT00004725,U004947,redeem,-787,2026-05-22 19:15:29,MOCK0000592
PT00004726,U002801,order_reward,87,2026-03-04 06:06:30,MOCK0008866
PT00004727,U004694,redeem,-473,2025-04-02 11:46:33,MOCK0003517
PT00004728,U004471,redeem,-600,2025-06-01 10:08:50,MOCK0007925
PT00004729,U000353,campaign_reward,403,2025-01-08 07:51:09,MOCK0001826
PT00004730,U002866,order_reward,316,2026-01-15 14:25:47,MOCK0003321
PT00004731,U002172,order_reward,255,2026-04-23 20:56:47,MOCK0004060
PT00004732,U001795,redeem,-531,2026-04-22 10:49:32,MOCK0006054
PT00004733,U001571,redeem,-88,2025-11-06 04:58:59,MOCK0008089
PT00004734,U000789,redeem,-294,2025-12-01 02:57:16,MOCK0004040
PT00004735,U001944,order_reward,403,2026-02-13 05:36:14,MOCK0008956
PT00004736,U002657,campaign_reward,452,2025-04-07 03:32:18,MOCK0011859
PT00004737,U000949,redeem,-605,2025-01-21 07:22:29,MOCK0007179
PT00004738,U004225,redeem,-116,2025-10-31 21:23:36,MOCK0011698
PT00004739,U004251,order_reward,347,2025-07-04 10:49:15,MOCK0003673
PT00004740,U003534,order_reward,627,2025-09-22 01:43:12,MOCK0011432
PT00004741,U004503,order_reward,291,2026-03-25 18:41:55,MOCK0007976
PT00004742,U002002,order_reward,499,2026-01-06 23:29:28,MOCK0005736
PT00004743,U004844,order_reward,520,2025-03-02 19:21:56,MOCK0005452
PT00004744,U000170,redeem,-626,2025-10-08 02:47:18,MOCK0011522
PT00004745,U000752,order_reward,730,2026-03-12 09:56:06,MOCK0007503
PT00004746,U001918,campaign_reward,792,2025-06-28 08:12:54,MOCK0009243
PT00004747,U003106,expire,-47,2026-07-27 22:58:33,MOCK0001536
PT00004748,U002251,order_reward,655,2025-05-25 16:01:01,MOCK0003950
PT00004749,U003599,redeem,-332,2025-12-11 19:16:04,MOCK0006081
PT00004750,U002187,refund_deduct,-158,2026-02-11 09:37:28,MOCK0004843
PT00004751,U001862,refund_deduct,-147,2026-02-27 13:36:36,MOCK0009023
PT00004752,U003272,redeem,-742,2026-05-11 05:03:03,MOCK0002000
PT00004753,U000463,redeem,-515,2025-11-05 13:09:54,MOCK0010063
PT00004754,U002829,order_reward,191,2026-01-07 00:57:23,MOCK0000572
PT00004755,U002562,order_reward,579,2025-04-23 05:32:08,MOCK0005687
PT00004756,U003331,campaign_reward,127,2025-10-08 21:44:09,MOCK0000299
PT00004757,U001732,order_reward,303,2025-08-18 16:13:34,MOCK0001619
PT00004758,U003048,campaign_reward,274,2026-08-01 00:12:55,MOCK0010372
PT00004759,U000012,order_reward,723,2025-10-18 05:13:36,MOCK0000069
PT00004760,U001627,order_reward,119,2026-07-09 06:43:53,MOCK0002996
PT00004761,U000394,order_reward,661,2025-05-25 18:30:18,MOCK0010920
PT00004762,U000817,campaign_reward,499,2025-09-24 21:43:58,MOCK0007156
PT00004763,U004986,campaign_reward,255,2025-11-03 13:19:05,MOCK0008965
PT00004764,U000670,order_reward,726,2025-01-10 05:17:51,MOCK0011965
PT00004765,U003502,campaign_reward,798,2025-07-14 02:30:31,MOCK0010761
PT00004766,U002767,campaign_reward,325,2025-01-20 00:15:06,MOCK0000125
PT00004767,U003195,redeem,-278,2025-02-05 16:28:17,MOCK0008681
PT00004768,U003180,redeem,-403,2026-03-29 10:49:08,MOCK0002435
PT00004769,U004755,order_reward,605,2026-02-07 02:40:17,MOCK0004724
PT00004770,U003304,order_reward,177,2025-08-25 18:56:48,MOCK0007259
PT00004771,U003900,order_reward,396,2026-02-14 15:39:04,MOCK0007024
PT00004772,U003816,order_reward,772,2026-02-04 12:37:57,MOCK0001037
PT00004773,U001070,redeem,-709,2025-04-28 14:09:53,MOCK0006425
PT00004774,U001951,refund_deduct,-777,2025-01-26 02:22:30,MOCK0005381
PT00004775,U004590,order_reward,150,2026-07-10 14:37:23,MOCK0011307
PT00004776,U003691,redeem,-611,2026-06-02 18:02:23,MOCK0000171
PT00004777,U000036,refund_deduct,-728,2025-07-13 09:03:04,MOCK0011124
PT00004778,U004235,expire,-650,2026-06-05 23:39:09,MOCK0010733
PT00004779,U004239,order_reward,229,2026-02-26 21:26:23,MOCK0009343
PT00004780,U002511,redeem,-23,2026-04-28 01:01:29,MOCK0008700
PT00004781,U003091,order_reward,501,2025-01-18 07:59:09,MOCK0002573
PT00004782,U004682,order_reward,254,2025-06-11 03:52:58,MOCK0004405
PT00004783,U000623,expire,-41,2025-06-23 15:31:16,MOCK0000619
PT00004784,U004398,refund_deduct,-62,2026-05-21 09:43:55,MOCK0000412
PT00004785,U003786,order_reward,92,2025-06-22 16:05:39,MOCK0003062
PT00004786,U000955,expire,-661,2026-02-16 05:14:55,MOCK0011719
PT00004787,U000095,order_reward,550,2025-02-10 23:41:34,MOCK0001364
PT00004788,U001408,refund_deduct,-389,2025-07-16 19:10:16,MOCK0009236
PT00004789,U002029,order_reward,48,2025-02-03 13:04:53,MOCK0004206
PT00004790,U001994,order_reward,771,2025-05-19 04:18:55,MOCK0002918
PT00004791,U004410,order_reward,732,2025-04-13 15:04:01,MOCK0006489
PT00004792,U000976,campaign_reward,223,2025-09-07 20:30:20,MOCK0009311
PT00004793,U000879,order_reward,117,2025-07-26 12:44:03,MOCK0007913
PT00004794,U004418,redeem,-171,2025-02-10 00:15:52,MOCK0007199
PT00004795,U000973,order_reward,533,2025-06-03 04:33:38,MOCK0008092
PT00004796,U001292,order_reward,516,2026-03-09 20:44:24,MOCK0003793
PT00004797,U002360,order_reward,773,2026-01-12 21:29:57,MOCK0003958
PT00004798,U000239,order_reward,422,2025-04-05 20:57:31,MOCK0005890
PT00004799,U000450,order_reward,360,2025-08-24 22:31:14,MOCK0007040
PT00004800,U002632,refund_deduct,-280,2025-07-22 00:54:23,MOCK0001490
PT00004801,U004348,order_reward,362,2025-03-09 22:21:55,MOCK0010580
PT00004802,U003146,order_reward,371,2025-08-21 11:11:14,MOCK0006527
PT00004803,U000313,campaign_reward,667,2025-02-02 10:07:56,MOCK0011568
PT00004804,U004509,redeem,-347,2025-01-09 10:20:37,MOCK0008861
PT00004805,U000459,campaign_reward,717,2025-10-22 08:17:03,MOCK0008017
PT00004806,U001590,order_reward,45,2025-10-14 12:26:14,MOCK0007694
PT00004807,U002819,order_reward,118,2025-05-14 03:34:01,MOCK0008917
PT00004808,U002979,order_reward,473,2026-07-10 23:34:52,MOCK0004080
PT00004809,U002159,redeem,-461,2025-06-03 03:05:21,MOCK0005020
PT00004810,U004621,expire,-520,2025-06-29 10:50:26,MOCK0003169
PT00004811,U003478,order_reward,20,2025-02-04 21:54:00,MOCK0007773
PT00004812,U004069,order_reward,561,2025-11-01 20:47:33,MOCK0002418
PT00004813,U003672,order_reward,352,2025-09-10 05:07:27,MOCK0000917
PT00004814,U001370,campaign_reward,760,2026-01-18 16:48:02,MOCK0004699
PT00004815,U000972,campaign_reward,299,2025-12-30 17:59:09,MOCK0001024
PT00004816,U003780,order_reward,120,2025-11-22 08:29:16,MOCK0011922
PT00004817,U004242,order_reward,624,2025-10-02 15:49:30,MOCK0003860
PT00004818,U000161,order_reward,641,2025-05-05 22:36:58,MOCK0007960
PT00004819,U003804,order_reward,147,2025-05-24 14:08:18,MOCK0007402
PT00004820,U004548,order_reward,480,2026-02-08 23:18:43,MOCK0009869
PT00004821,U003150,redeem,-544,2025-06-29 05:59:35,MOCK0000084
PT00004822,U004352,redeem,-376,2026-06-16 02:47:33,MOCK0007531
PT00004823,U000577,order_reward,197,2026-05-31 23:18:07,MOCK0004879
PT00004824,U002876,order_reward,752,2026-07-02 19:40:00,MOCK0004797
PT00004825,U003228,campaign_reward,774,2025-10-17 14:18:03,MOCK0002513
PT00004826,U002168,order_reward,727,2025-08-14 00:41:48,MOCK0003073
PT00004827,U004480,refund_deduct,-492,2026-05-08 18:25:25,MOCK0007224
PT00004828,U001255,refund_deduct,-720,2026-02-05 18:17:31,MOCK0011164
PT00004829,U003077,campaign_reward,535,2026-03-10 06:13:26,MOCK0003583
PT00004830,U002925,order_reward,118,2026-07-18 15:43:45,MOCK0008431
PT00004831,U002332,order_reward,292,2025-01-30 13:36:10,MOCK0001157
PT00004832,U004088,order_reward,521,2025-11-04 13:31:28,MOCK0011874
PT00004833,U001845,redeem,-711,2025-09-12 18:10:46,MOCK0011199
PT00004834,U000267,campaign_reward,364,2025-10-05 21:28:17,MOCK0010627
PT00004835,U000631,refund_deduct,-491,2025-12-30 11:21:15,MOCK0001186
PT00004836,U003047,order_reward,615,2025-07-24 02:50:22,MOCK0011766
PT00004837,U000345,order_reward,696,2026-03-15 02:05:22,MOCK0008817
PT00004838,U003856,refund_deduct,-95,2025-02-20 01:06:08,MOCK0011916
PT00004839,U004503,order_reward,722,2026-07-29 17:33:27,MOCK0005728
PT00004840,U001860,refund_deduct,-733,2025-02-03 09:09:02,MOCK0002380
PT00004841,U003708,order_reward,435,2026-01-02 18:30:23,MOCK0000631
PT00004842,U004759,order_reward,27,2026-06-09 10:41:00,MOCK0005254
PT00004843,U002253,refund_deduct,-381,2025-03-29 13:15:35,MOCK0008202
PT00004844,U001533,redeem,-78,2025-10-21 04:14:44,MOCK0008289
PT00004845,U000104,refund_deduct,-751,2025-09-25 16:40:31,MOCK0000831
PT00004846,U000810,campaign_reward,602,2026-07-25 21:56:18,MOCK0009603
PT00004847,U003959,order_reward,745,2025-05-05 22:45:38,MOCK0010039
PT00004848,U002699,campaign_reward,242,2025-11-03 09:36:56,MOCK0002758
PT00004849,U002591,campaign_reward,285,2025-09-25 18:20:45,MOCK0000819
PT00004850,U004204,refund_deduct,-94,2025-08-21 14:55:08,MOCK0002061
PT00004851,U000407,order_reward,172,2025-09-24 12:11:06,MOCK0003283
PT00004852,U001242,order_reward,158,2025-07-30 12:01:12,MOCK0006417
PT00004853,U001550,campaign_reward,722,2025-01-09 19:33:13,MOCK0011635
PT00004854,U002426,order_reward,37,2026-05-18 02:10:23,MOCK0000713
PT00004855,U003462,redeem,-27,2025-03-01 23:30:42,MOCK0003507
PT00004856,U001781,refund_deduct,-194,2026-01-16 18:31:07,MOCK0004236
PT00004857,U001264,order_reward,68,2025-02-13 05:51:24,MOCK0003608
PT00004858,U003892,redeem,-623,2025-12-03 21:32:47,MOCK0010388
PT00004859,U001586,order_reward,108,2025-01-25 15:01:00,MOCK0002215
PT00004860,U002970,order_reward,792,2026-07-04 13:55:28,MOCK0001096
PT00004861,U004343,expire,-233,2026-04-19 20:02:59,MOCK0009622
PT00004862,U000972,redeem,-795,2025-07-12 16:34:54,MOCK0004938
PT00004863,U001372,order_reward,79,2026-03-15 08:42:09,MOCK0010805
PT00004864,U003999,order_reward,252,2026-06-15 03:31:17,MOCK0000264
PT00004865,U004734,order_reward,44,2025-06-23 14:08:10,MOCK0003011
PT00004866,U000394,refund_deduct,-438,2026-07-19 20:27:05,MOCK0009087
PT00004867,U001184,order_reward,35,2025-10-18 09:39:31,MOCK0002351
PT00004868,U004387,order_reward,731,2025-11-21 07:44:02,MOCK0001102
PT00004869,U002152,campaign_reward,92,2025-06-19 00:46:30,MOCK0006033
PT00004870,U004643,redeem,-149,2026-05-03 01:35:26,MOCK0009055
PT00004871,U000913,order_reward,629,2026-05-04 01:39:22,MOCK0005450
PT00004872,U002412,order_reward,495,2026-03-02 07:29:11,MOCK0008367
PT00004873,U001413,campaign_reward,600,2025-05-22 11:55:45,MOCK0001706
PT00004874,U002239,order_reward,530,2025-03-16 16:16:05,MOCK0006755
PT00004875,U000582,campaign_reward,368,2025-06-03 10:28:38,MOCK0003576
PT00004876,U003240,refund_deduct,-361,2025-05-18 04:28:59,MOCK0009213
PT00004877,U001993,campaign_reward,703,2025-09-11 11:18:08,MOCK0007937
PT00004878,U003312,order_reward,392,2026-07-01 18:21:43,MOCK0000281
PT00004879,U001182,order_reward,742,2025-01-21 21:27:25,MOCK0009400
PT00004880,U003434,redeem,-721,2026-06-03 07:26:04,MOCK0002204
PT00004881,U000945,order_reward,297,2026-05-30 20:30:03,MOCK0005093
PT00004882,U003457,refund_deduct,-109,2026-04-18 18:23:44,MOCK0001903
PT00004883,U001934,redeem,-335,2025-01-12 14:21:45,MOCK0006013
PT00004884,U003019,order_reward,140,2026-07-15 11:00:17,MOCK0004577
PT00004885,U003863,order_reward,108,2025-03-16 11:13:33,MOCK0006209
PT00004886,U000699,campaign_reward,784,2025-10-06 12:03:50,MOCK0000318
PT00004887,U001718,order_reward,457,2025-12-11 09:25:03,MOCK0003676
PT00004888,U004602,campaign_reward,203,2025-12-26 21:10:56,MOCK0000585
PT00004889,U000113,redeem,-273,2025-06-26 01:27:18,MOCK0011490
PT00004890,U002002,campaign_reward,53,2025-10-28 00:33:16,MOCK0006769
PT00004891,U002967,order_reward,701,2026-05-04 13:19:16,MOCK0002159
PT00004892,U004341,campaign_reward,68,2025-06-21 19:34:10,MOCK0006961
PT00004893,U004351,order_reward,349,2026-04-15 14:33:04,MOCK0010163
PT00004894,U004153,refund_deduct,-470,2026-08-04 19:48:34,MOCK0001082
PT00004895,U003221,order_reward,71,2025-02-10 18:54:08,MOCK0009903
PT00004896,U002209,order_reward,272,2025-03-25 04:12:37,MOCK0001253
PT00004897,U001610,redeem,-355,2025-09-06 13:18:38,MOCK0000667
PT00004898,U002175,order_reward,494,2025-03-27 02:43:07,MOCK0011571
PT00004899,U002876,refund_deduct,-165,2026-08-16 09:17:23,MOCK0009881
PT00004900,U001358,campaign_reward,171,2025-03-13 12:29:50,MOCK0008260
PT00004901,U002791,expire,-545,2026-02-27 15:24:58,MOCK0011899
PT00004902,U003608,redeem,-100,2026-03-28 21:21:54,MOCK0010205
PT00004903,U000022,order_reward,779,2025-11-22 09:15:28,MOCK0000965
PT00004904,U002619,redeem,-617,2025-02-03 07:09:09,MOCK0011709
PT00004905,U000572,order_reward,90,2025-06-28 11:35:21,MOCK0006965
PT00004906,U002222,order_reward,368,2026-03-27 14:27:29,MOCK0003160
PT00004907,U001801,order_reward,766,2026-08-11 10:04:30,MOCK0009179
PT00004908,U000420,redeem,-64,2026-07-18 12:24:34,MOCK0002512
PT00004909,U004304,order_reward,268,2025-12-20 05:12:33,MOCK0009974
PT00004910,U003967,order_reward,542,2026-06-02 18:49:39,MOCK0003601
PT00004911,U000697,redeem,-532,2025-07-27 01:40:11,MOCK0009578
PT00004912,U002001,order_reward,603,2026-05-25 13:59:03,MOCK0005316
PT00004913,U004124,order_reward,634,2026-07-15 05:22:49,MOCK0002937
PT00004914,U000750,order_reward,570,2026-03-11 17:22:16,MOCK0003942
PT00004915,U000961,expire,-101,2026-03-12 16:31:28,MOCK0006309
PT00004916,U000990,order_reward,514,2025-03-30 08:06:11,MOCK0001920
PT00004917,U003897,redeem,-649,2025-06-23 13:18:04,MOCK0005094
PT00004918,U000088,campaign_reward,249,2025-11-26 03:44:56,MOCK0001624
PT00004919,U001795,order_reward,791,2026-07-10 20:14:56,MOCK0009530
PT00004920,U004532,redeem,-555,2026-08-06 02:25:06,MOCK0001836
PT00004921,U003459,redeem,-465,2026-04-05 11:54:55,MOCK0004582
PT00004922,U004752,order_reward,573,2025-09-30 12:36:45,MOCK0008695
PT00004923,U003637,order_reward,136,2025-10-28 01:40:12,MOCK0004310
PT00004924,U004647,order_reward,198,2026-07-13 08:02:40,MOCK0002879
PT00004925,U000404,order_reward,699,2025-09-23 23:20:00,MOCK0000172
PT00004926,U004946,redeem,-440,2026-06-08 06:01:51,MOCK0008361
PT00004927,U000740,order_reward,209,2025-09-06 12:20:22,MOCK0000077
PT00004928,U001944,order_reward,119,2025-10-27 16:18:59,MOCK0007798
PT00004929,U002386,order_reward,671,2025-05-13 12:32:18,MOCK0004817
PT00004930,U000745,expire,-508,2026-01-27 03:37:51,MOCK0003129
PT00004931,U001349,order_reward,759,2026-02-20 12:30:01,MOCK0000813
PT00004932,U000279,campaign_reward,186,2025-04-25 21:01:35,MOCK0011235
PT00004933,U004656,order_reward,312,2025-11-20 04:07:32,MOCK0010008
PT00004934,U001323,expire,-454,2026-01-19 09:53:03,MOCK0006694
PT00004935,U004613,campaign_reward,749,2025-03-02 15:06:34,MOCK0011834
PT00004936,U002438,order_reward,245,2026-01-11 22:39:21,MOCK0001972
PT00004937,U004043,order_reward,65,2025-02-12 11:31:29,MOCK0008393
PT00004938,U002239,order_reward,696,2025-06-12 17:39:38,MOCK0003929
PT00004939,U002822,redeem,-171,2025-01-12 17:27:34,MOCK0011387
PT00004940,U000429,expire,-737,2025-01-18 12:27:14,MOCK0009032
PT00004941,U001604,redeem,-766,2026-02-23 00:59:12,MOCK0007596
PT00004942,U000534,campaign_reward,101,2025-10-10 23:44:49,MOCK0004983
PT00004943,U002089,campaign_reward,495,2025-11-28 00:30:50,MOCK0003001
PT00004944,U003168,redeem,-59,2026-01-07 23:58:45,MOCK0008178
PT00004945,U001376,redeem,-669,2025-06-03 07:09:16,MOCK0008566
PT00004946,U002768,order_reward,213,2026-01-31 13:49:33,MOCK0006559
PT00004947,U003958,order_reward,31,2025-04-28 10:23:39,MOCK0001624
PT00004948,U003157,order_reward,715,2026-07-11 18:50:34,MOCK0007392
PT00004949,U004835,campaign_reward,294,2025-04-08 19:02:35,MOCK0000636
PT00004950,U001552,refund_deduct,-586,2025-07-25 03:31:59,MOCK0001548
PT00004951,U002023,order_reward,772,2026-03-12 21:10:46,MOCK0000389
PT00004952,U000638,redeem,-705,2025-06-08 16:39:53,MOCK0006122
PT00004953,U001376,campaign_reward,211,2026-03-23 12:31:13,MOCK0000220
PT00004954,U000209,redeem,-648,2026-07-10 20:40:29,MOCK0006168
PT00004955,U001120,order_reward,740,2025-05-30 17:38:06,MOCK0008064
PT00004956,U003248,redeem,-312,2025-04-09 20:56:55,MOCK0007467
PT00004957,U004619,redeem,-25,2025-05-30 18:56:43,MOCK0010480
PT00004958,U001392,expire,-371,2026-04-19 05:48:49,MOCK0005190
PT00004959,U002943,redeem,-282,2025-02-24 11:17:31,MOCK0003180
PT00004960,U004642,campaign_reward,792,2025-04-10 05:25:16,MOCK0003692
PT00004961,U000334,refund_deduct,-94,2025-04-27 15:00:45,MOCK0006760
PT00004962,U001545,order_reward,179,2025-10-26 04:16:35,MOCK0004248
PT00004963,U004501,refund_deduct,-758,2025-01-13 13:46:54,MOCK0010901
PT00004964,U003621,campaign_reward,532,2026-04-24 10:48:19,MOCK0001822
PT00004965,U003792,expire,-265,2025-05-03 03:05:43,MOCK0011859
PT00004966,U003988,order_reward,437,2025-04-22 07:03:15,MOCK0006932
PT00004967,U001705,order_reward,790,2025-03-19 10:04:04,MOCK0001349
PT00004968,U002918,order_reward,623,2026-06-10 15:51:14,MOCK0004784
PT00004969,U003281,order_reward,169,2025-12-06 21:05:17,MOCK0005451
PT00004970,U004726,order_reward,647,2025-10-25 00:05:49,MOCK0008828
PT00004971,U002282,order_reward,227,2025-08-27 01:24:04,MOCK0000293
PT00004972,U004406,campaign_reward,437,2026-04-21 23:22:06,MOCK0006077
PT00004973,U002306,campaign_reward,352,2025-01-20 09:32:53,MOCK0004801
PT00004974,U000714,order_reward,713,2025-04-16 03:58:40,MOCK0006616
PT00004975,U001836,order_reward,362,2025-11-03 16:25:56,MOCK0011032
PT00004976,U004593,order_reward,197,2025-07-25 19:42:15,MOCK0000318
PT00004977,U001121,redeem,-32,2025-06-15 04:41:14,MOCK0005770
PT00004978,U003258,order_reward,106,2026-08-22 11:26:47,MOCK0006253
PT00004979,U003724,order_reward,81,2025-10-04 02:55:50,MOCK0006772
PT00004980,U002955,campaign_reward,777,2025-10-05 17:12:46,MOCK0000086
PT00004981,U002591,order_reward,539,2025-08-17 01:47:43,MOCK0004451
PT00004982,U003851,order_reward,304,2025-03-05 10:28:40,MOCK0002730
PT00004983,U003146,expire,-114,2026-07-31 15:38:50,MOCK0004290
PT00004984,U004789,order_reward,571,2025-02-06 14:32:10,MOCK0009382
PT00004985,U000379,campaign_reward,454,2025-09-22 22:02:10,MOCK0000839
PT00004986,U002160,order_reward,524,2025-08-19 09:51:41,MOCK0001452
PT00004987,U002419,order_reward,113,2026-02-04 11:39:12,MOCK0008410
PT00004988,U002984,order_reward,654,2025-10-15 22:43:45,MOCK0009837
PT00004989,U004410,order_reward,715,2025-04-14 21:29:08,MOCK0006750
PT00004990,U001331,order_reward,689,2026-04-03 16:03:17,MOCK0007283
PT00004991,U002066,redeem,-613,2025-11-16 21:34:31,MOCK0011058
PT00004992,U004985,order_reward,142,2025-09-19 17:48:12,MOCK0001201
PT00004993,U001894,order_reward,413,2025-12-11 01:13:24,MOCK0007906
PT00004994,U001426,redeem,-129,2026-01-21 17:10:36,MOCK0004382
PT00004995,U003908,expire,-35,2026-03-22 20:16:06,MOCK0000004
PT00004996,U000149,order_reward,321,2025-03-20 07:47:56,MOCK0007448
PT00004997,U004678,order_reward,718,2026-01-20 08:48:13,MOCK0009933
PT00004998,U000204,refund_deduct,-785,2025-04-08 01:04:31,MOCK0011223
PT00004999,U001584,order_reward,730,2026-04-11 13:47:40,MOCK0001918
PT00005000,U001609,order_reward,449,2026-05-17 08:43:26,MOCK0009441
PT00005001,U003137,order_reward,770,2025-08-22 18:28:20,MOCK0009451
PT00005002,U002862,order_reward,105,2026-07-19 18:47:52,MOCK0000909
PT00005003,U004216,campaign_reward,244,2025-03-01 16:56:12,MOCK0001286
PT00005004,U001083,expire,-470,2025-05-13 20:27:12,MOCK0011240
PT00005005,U004007,order_reward,381,2025-12-04 18:43:23,MOCK0006095
PT00005006,U003690,order_reward,133,2025-02-10 22:32:14,MOCK0003120
PT00005007,U003620,redeem,-263,2026-07-24 02:17:14,MOCK0000134
PT00005008,U000188,refund_deduct,-610,2025-06-22 19:23:33,MOCK0003136
PT00005009,U003114,order_reward,734,2025-12-02 13:29:20,MOCK0006723
PT00005010,U001217,redeem,-222,2025-07-16 09:40:13,MOCK0008583
PT00005011,U002084,order_reward,194,2025-12-07 02:51:56,MOCK0000430
PT00005012,U004873,campaign_reward,253,2025-07-06 15:56:53,MOCK0002197
PT00005013,U004671,redeem,-386,2026-03-10 09:32:04,MOCK0010916
PT00005014,U004663,order_reward,134,2025-08-01 04:10:19,MOCK0010217
PT00005015,U003097,expire,-127,2026-06-07 06:27:45,MOCK0007212
PT00005016,U004439,order_reward,209,2026-04-23 14:45:24,MOCK0008593
PT00005017,U000172,order_reward,139,2026-05-01 09:35:41,MOCK0000006
PT00005018,U003890,order_reward,233,2025-07-21 07:33:31,MOCK0010534
PT00005019,U001290,redeem,-677,2025-07-18 20:00:04,MOCK0006880
PT00005020,U002026,campaign_reward,186,2025-11-22 08:49:14,MOCK0010068
PT00005021,U004028,campaign_reward,501,2026-05-30 10:35:33,MOCK0010935
PT00005022,U000434,expire,-800,2025-01-12 14:21:47,MOCK0007599
PT00005023,U000188,order_reward,268,2025-01-03 23:28:02,MOCK0000287
PT00005024,U002869,campaign_reward,684,2026-08-14 12:57:28,MOCK0002536
PT00005025,U000122,campaign_reward,385,2026-03-08 12:07:17,MOCK0011113
PT00005026,U003761,redeem,-782,2025-07-26 18:16:26,MOCK0009823
PT00005027,U003256,redeem,-718,2026-01-07 15:37:31,MOCK0006041
PT00005028,U001307,expire,-324,2026-02-15 22:11:50,MOCK0007468
PT00005029,U002235,order_reward,29,2025-01-25 01:44:07,MOCK0000056
PT00005030,U000878,order_reward,135,2026-03-17 06:07:32,MOCK0010629
PT00005031,U002167,order_reward,519,2025-08-06 23:33:02,MOCK0000511
PT00005032,U003209,redeem,-563,2025-03-01 12:48:46,MOCK0005111
PT00005033,U001389,campaign_reward,102,2026-02-20 03:43:57,MOCK0002545
PT00005034,U003191,refund_deduct,-778,2026-07-13 08:20:32,MOCK0005930
PT00005035,U001981,order_reward,539,2026-01-19 03:30:18,MOCK0005733
PT00005036,U004658,order_reward,192,2025-09-19 00:53:18,MOCK0005313
PT00005037,U004852,order_reward,342,2026-02-18 22:35:14,MOCK0000171
PT00005038,U001553,order_reward,475,2025-02-15 17:35:20,MOCK0008888
PT00005039,U000545,order_reward,306,2025-07-15 05:25:49,MOCK0002275
PT00005040,U004589,order_reward,349,2026-03-17 16:17:22,MOCK0005457
PT00005041,U001639,order_reward,661,2025-12-13 12:10:26,MOCK0001085
PT00005042,U002384,order_reward,81,2025-06-28 12:03:58,MOCK0007459
PT00005043,U002804,order_reward,147,2025-02-10 11:46:25,MOCK0010363
PT00005044,U000886,order_reward,784,2026-07-24 16:25:52,MOCK0005312
PT00005045,U004376,order_reward,721,2025-08-19 08:07:51,MOCK0011537
PT00005046,U001719,expire,-61,2025-08-28 12:10:25,MOCK0001227
PT00005047,U002436,refund_deduct,-663,2025-10-06 05:43:32,MOCK0003592
PT00005048,U001789,expire,-529,2026-05-03 20:57:25,MOCK0001208
PT00005049,U004799,campaign_reward,158,2026-04-17 15:58:33,MOCK0010220
PT00005050,U002429,redeem,-460,2026-05-28 02:49:46,MOCK0000494
PT00005051,U003120,redeem,-59,2025-10-27 01:30:18,MOCK0011799
PT00005052,U001470,campaign_reward,256,2025-11-07 12:56:37,MOCK0010805
PT00005053,U001951,campaign_reward,786,2025-03-24 15:16:33,MOCK0004036
PT00005054,U003825,order_reward,357,2025-06-12 17:18:57,MOCK0001507
PT00005055,U004889,refund_deduct,-63,2025-06-24 18:15:26,MOCK0001541
PT00005056,U004524,order_reward,541,2025-01-07 06:42:15,MOCK0003258
PT00005057,U003580,order_reward,51,2026-01-27 00:35:44,MOCK0009314
PT00005058,U004120,order_reward,304,2026-07-14 03:48:26,MOCK0005040
PT00005059,U001066,order_reward,725,2026-01-17 10:21:34,MOCK0003463
PT00005060,U001587,order_reward,735,2025-11-06 04:18:38,MOCK0002450
PT00005061,U000109,order_reward,283,2026-02-25 19:50:35,MOCK0010221
PT00005062,U002403,campaign_reward,660,2025-12-16 07:29:17,MOCK0003283
PT00005063,U001848,order_reward,689,2026-07-23 14:37:05,MOCK0007570
PT00005064,U002953,order_reward,485,2025-07-24 22:18:44,MOCK0003536
PT00005065,U000926,order_reward,304,2026-08-20 14:31:33,MOCK0000524
PT00005066,U002308,campaign_reward,510,2025-06-08 00:57:03,MOCK0011243
PT00005067,U004587,order_reward,50,2025-10-25 13:27:44,MOCK0007773
PT00005068,U003292,order_reward,792,2025-12-25 05:23:44,MOCK0007740
PT00005069,U003775,order_reward,321,2026-06-22 13:19:19,MOCK0006200
PT00005070,U003735,order_reward,106,2025-08-08 09:20:10,MOCK0005476
PT00005071,U001552,order_reward,237,2025-05-23 01:31:33,MOCK0003602
PT00005072,U003269,campaign_reward,344,2025-11-07 18:14:20,MOCK0002036
PT00005073,U001446,campaign_reward,123,2026-01-12 07:09:41,MOCK0001087
PT00005074,U001909,redeem,-701,2025-12-20 19:15:22,MOCK0009132
PT00005075,U002454,campaign_reward,347,2025-02-10 19:49:00,MOCK0000816
PT00005076,U001510,campaign_reward,189,2025-04-25 09:14:15,MOCK0001990
PT00005077,U004494,order_reward,644,2026-04-22 16:52:07,MOCK0002810
PT00005078,U002204,redeem,-47,2026-03-06 02:00:33,MOCK0010257
PT00005079,U000970,redeem,-754,2025-02-16 05:09:16,MOCK0007834
PT00005080,U003176,redeem,-676,2026-08-07 15:12:42,MOCK0005838
PT00005081,U000491,redeem,-91,2025-07-19 06:08:28,MOCK0011069
PT00005082,U001757,refund_deduct,-17,2025-12-24 06:03:00,MOCK0007428
PT00005083,U001595,order_reward,527,2025-01-05 17:11:25,MOCK0002161
PT00005084,U001897,order_reward,588,2025-03-15 09:03:17,MOCK0006550
PT00005085,U003767,redeem,-326,2025-07-16 18:51:17,MOCK0003050
PT00005086,U004956,expire,-60,2026-04-21 12:44:31,MOCK0007342
PT00005087,U002957,order_reward,390,2025-09-17 14:54:45,MOCK0005779
PT00005088,U000831,order_reward,227,2025-08-20 20:47:26,MOCK0010686
PT00005089,U001351,campaign_reward,349,2025-12-13 21:57:51,MOCK0004410
PT00005090,U002748,order_reward,446,2025-03-07 16:21:59,MOCK0008896
PT00005091,U004202,campaign_reward,519,2026-01-30 20:04:24,MOCK0000428
PT00005092,U001554,order_reward,289,2025-08-23 22:46:37,MOCK0009008
PT00005093,U004950,order_reward,621,2025-01-15 02:37:56,MOCK0003978
PT00005094,U004294,redeem,-799,2025-05-29 04:04:44,MOCK0007707
PT00005095,U003502,refund_deduct,-190,2026-01-01 09:51:35,MOCK0005849
PT00005096,U003007,refund_deduct,-418,2026-03-14 18:22:36,MOCK0002138
PT00005097,U001650,order_reward,72,2026-05-19 14:39:47,MOCK0002051
PT00005098,U002186,order_reward,680,2025-12-24 19:09:10,MOCK0008785
PT00005099,U002729,refund_deduct,-447,2026-03-29 09:35:06,MOCK0000179
PT00005100,U000590,order_reward,485,2026-01-20 13:38:35,MOCK0001667
PT00005101,U004897,campaign_reward,750,2025-11-13 20:45:43,MOCK0007764
PT00005102,U001621,order_reward,712,2025-07-20 02:11:29,MOCK0009934
PT00005103,U000160,refund_deduct,-340,2025-09-27 21:04:53,MOCK0002409
PT00005104,U000142,order_reward,549,2025-08-10 17:39:22,MOCK0006868
PT00005105,U001030,order_reward,353,2026-05-28 08:03:34,MOCK0003307
PT00005106,U001231,redeem,-661,2026-07-13 14:28:44,MOCK0000568
PT00005107,U003197,order_reward,330,2026-04-21 17:27:39,MOCK0011410
PT00005108,U003025,campaign_reward,84,2025-09-28 23:01:04,MOCK0000657
PT00005109,U002259,campaign_reward,719,2025-07-15 12:48:11,MOCK0007939
PT00005110,U000657,refund_deduct,-95,2025-03-06 02:52:19,MOCK0011763
PT00005111,U003700,order_reward,465,2025-03-08 15:02:37,MOCK0010137
PT00005112,U001806,campaign_reward,373,2026-01-14 01:10:55,MOCK0007846
PT00005113,U001012,order_reward,378,2026-08-20 19:01:41,MOCK0010840
PT00005114,U003735,order_reward,468,2025-06-29 12:20:32,MOCK0008494
PT00005115,U002952,order_reward,352,2025-12-31 08:59:39,MOCK0006044
PT00005116,U004873,order_reward,335,2026-02-05 00:16:41,MOCK0007364
PT00005117,U002509,campaign_reward,457,2025-05-02 05:24:04,MOCK0009612
PT00005118,U000882,campaign_reward,121,2025-12-31 18:15:25,MOCK0001953
PT00005119,U002855,order_reward,115,2026-03-01 05:37:53,MOCK0008464
PT00005120,U000165,campaign_reward,742,2026-06-24 14:47:20,MOCK0005869
PT00005121,U004862,order_reward,408,2026-04-24 18:45:07,MOCK0005462
PT00005122,U002843,campaign_reward,247,2026-07-20 02:48:01,MOCK0002075
PT00005123,U001599,campaign_reward,566,2025-12-21 08:48:08,MOCK0002239
PT00005124,U003954,order_reward,132,2026-02-13 04:15:30,MOCK0000571
PT00005125,U002594,expire,-636,2025-03-11 12:51:08,MOCK0010544
PT00005126,U004958,refund_deduct,-276,2025-09-25 12:10:05,MOCK0003336
PT00005127,U000577,order_reward,599,2025-04-20 21:08:41,MOCK0002961
PT00005128,U004230,campaign_reward,299,2026-01-06 03:44:31,MOCK0004771
PT00005129,U001980,order_reward,279,2026-08-19 15:43:58,MOCK0006734
PT00005130,U004719,order_reward,644,2026-01-22 02:00:39,MOCK0004016
PT00005131,U002659,order_reward,610,2026-06-13 06:42:54,MOCK0002821
PT00005132,U003617,expire,-550,2026-05-28 19:13:49,MOCK0008360
PT00005133,U004838,order_reward,399,2026-07-12 02:33:29,MOCK0004840
PT00005134,U003563,campaign_reward,493,2025-02-15 20:45:47,MOCK0007116
PT00005135,U000944,order_reward,388,2025-06-12 06:23:31,MOCK0008297
PT00005136,U004764,order_reward,135,2025-12-28 15:08:41,MOCK0008057
PT00005137,U001698,redeem,-488,2026-06-24 08:35:35,MOCK0008463
PT00005138,U004792,refund_deduct,-618,2025-11-19 16:39:45,MOCK0009929
PT00005139,U003870,redeem,-794,2025-09-26 21:57:37,MOCK0005761
PT00005140,U004703,redeem,-472,2026-08-19 20:55:58,MOCK0005345
PT00005141,U003878,campaign_reward,471,2026-05-13 10:59:57,MOCK0011067
PT00005142,U003596,redeem,-584,2026-07-22 16:12:04,MOCK0006426
PT00005143,U000025,campaign_reward,747,2025-11-10 09:30:52,MOCK0004945
PT00005144,U002396,expire,-453,2026-05-25 20:35:54,MOCK0011395
PT00005145,U001123,order_reward,799,2026-05-21 07:00:44,MOCK0003253
PT00005146,U002603,order_reward,585,2026-02-12 16:57:43,MOCK0006361
PT00005147,U004005,campaign_reward,415,2025-05-06 23:05:48,MOCK0011148
PT00005148,U002391,order_reward,453,2026-06-02 15:21:11,MOCK0009695
PT00005149,U003956,redeem,-702,2025-12-07 03:50:59,MOCK0002410
PT00005150,U003541,order_reward,219,2025-06-07 16:16:59,MOCK0009189
PT00005151,U001253,refund_deduct,-340,2025-03-12 09:41:59,MOCK0002555
PT00005152,U003397,campaign_reward,433,2025-03-31 02:57:42,MOCK0002406
PT00005153,U001135,order_reward,585,2026-04-30 20:03:18,MOCK0004830
PT00005154,U003221,order_reward,736,2025-06-15 16:41:55,MOCK0002978
PT00005155,U001689,order_reward,354,2025-02-14 23:21:25,MOCK0009438
PT00005156,U001756,order_reward,145,2025-07-22 09:42:55,MOCK0005716
PT00005157,U004120,redeem,-465,2025-06-30 19:02:58,MOCK0001447
PT00005158,U000022,refund_deduct,-118,2025-01-25 14:01:15,MOCK0007630
PT00005159,U001142,redeem,-790,2026-06-03 10:49:12,MOCK0002943
PT00005160,U002764,refund_deduct,-91,2026-05-13 20:29:55,MOCK0000006
PT00005161,U001836,expire,-327,2026-06-26 09:32:32,MOCK0011006
PT00005162,U004398,order_reward,411,2025-12-25 07:32:25,MOCK0000147
PT00005163,U004761,order_reward,37,2025-02-14 10:16:37,MOCK0001553
PT00005164,U002813,order_reward,253,2025-10-03 04:49:50,MOCK0010226
PT00005165,U000740,order_reward,643,2025-07-08 21:20:03,MOCK0003890
PT00005166,U002913,campaign_reward,272,2025-10-07 07:27:00,MOCK0001242
PT00005167,U001652,order_reward,375,2026-02-24 20:06:05,MOCK0003293
PT00005168,U000007,refund_deduct,-604,2025-09-03 17:55:00,MOCK0002451
PT00005169,U004846,campaign_reward,279,2026-04-22 02:21:43,MOCK0005987
PT00005170,U000405,refund_deduct,-425,2026-06-26 22:23:24,MOCK0011536
PT00005171,U001656,campaign_reward,192,2025-10-12 23:07:26,MOCK0009270
PT00005172,U001319,order_reward,54,2025-04-07 13:58:54,MOCK0002286
PT00005173,U002995,campaign_reward,46,2025-09-03 11:32:30,MOCK0006800
PT00005174,U001083,refund_deduct,-542,2026-05-26 07:32:55,MOCK0009098
PT00005175,U003183,campaign_reward,266,2026-07-05 01:28:03,MOCK0005740
PT00005176,U000185,refund_deduct,-21,2025-11-16 10:46:24,MOCK0011427
PT00005177,U002999,campaign_reward,489,2025-11-19 07:12:32,MOCK0011962
PT00005178,U004106,order_reward,53,2025-04-24 18:56:31,MOCK0009666
PT00005179,U003213,redeem,-49,2025-04-09 12:59:15,MOCK0000025
PT00005180,U002586,campaign_reward,597,2026-01-15 09:37:03,MOCK0007329
PT00005181,U004810,order_reward,259,2026-02-06 20:00:05,MOCK0008880
PT00005182,U003530,order_reward,462,2026-01-08 19:43:51,MOCK0011702
PT00005183,U002489,campaign_reward,539,2026-05-21 02:14:42,MOCK0007194
PT00005184,U001723,redeem,-393,2026-04-21 13:47:03,MOCK0008802
PT00005185,U001530,refund_deduct,-74,2025-08-11 18:42:20,MOCK0004160
PT00005186,U001171,order_reward,237,2025-06-30 06:18:58,MOCK0002570
PT00005187,U003779,order_reward,230,2025-04-13 13:28:26,MOCK0000133
PT00005188,U004863,campaign_reward,766,2026-07-03 18:04:33,MOCK0010422
PT00005189,U000494,order_reward,785,2025-02-15 02:26:28,MOCK0006523
PT00005190,U003329,campaign_reward,49,2026-04-29 01:50:45,MOCK0007695
PT00005191,U000081,expire,-566,2025-07-04 11:37:04,MOCK0010682
PT00005192,U000930,campaign_reward,718,2025-12-02 19:54:35,MOCK0004867
PT00005193,U002850,order_reward,216,2025-01-31 00:10:36,MOCK0000392
PT00005194,U000385,order_reward,474,2026-03-03 19:23:51,MOCK0009568
PT00005195,U001598,refund_deduct,-452,2026-05-05 23:45:18,MOCK0003670
PT00005196,U002360,refund_deduct,-633,2026-03-23 19:41:52,MOCK0008389
PT00005197,U003955,order_reward,415,2026-04-01 11:48:23,MOCK0002777
PT00005198,U000208,order_reward,46,2026-01-04 18:17:50,MOCK0003043
PT00005199,U001183,redeem,-583,2026-06-05 16:44:15,MOCK0001399
PT00005200,U001617,expire,-369,2025-12-24 04:18:57,MOCK0010988
PT00005201,U004643,refund_deduct,-108,2026-03-28 03:36:40,MOCK0006546
PT00005202,U003263,campaign_reward,740,2025-07-05 05:46:43,MOCK0000080
PT00005203,U002552,order_reward,29,2026-05-26 11:32:13,MOCK0000451
PT00005204,U000247,order_reward,414,2025-05-08 16:52:51,MOCK0000719
PT00005205,U002151,expire,-485,2026-04-02 16:26:25,MOCK0004500
PT00005206,U000138,refund_deduct,-712,2025-03-22 02:46:33,MOCK0000582
PT00005207,U004732,campaign_reward,490,2026-05-31 19:50:17,MOCK0001496
PT00005208,U000113,order_reward,187,2026-07-07 20:21:42,MOCK0011683
PT00005209,U002268,order_reward,542,2025-12-20 15:54:47,MOCK0008108
PT00005210,U004613,campaign_reward,262,2025-04-02 19:31:26,MOCK0005966
PT00005211,U000893,order_reward,558,2026-07-17 15:22:12,MOCK0010268
PT00005212,U001023,redeem,-181,2025-08-28 13:50:23,MOCK0005518
PT00005213,U002575,campaign_reward,75,2026-07-14 17:46:44,MOCK0004856
PT00005214,U003795,expire,-369,2025-09-06 16:18:10,MOCK0005036
PT00005215,U001793,order_reward,552,2025-03-26 21:07:47,MOCK0002031
PT00005216,U001453,order_reward,269,2025-04-01 05:56:37,MOCK0002191
PT00005217,U002305,refund_deduct,-73,2025-11-13 16:42:37,MOCK0007369
PT00005218,U001645,refund_deduct,-746,2026-03-18 07:46:45,MOCK0001430
PT00005219,U004676,order_reward,75,2025-01-06 00:19:37,MOCK0004378
PT00005220,U001501,order_reward,207,2026-02-08 21:19:02,MOCK0001708
PT00005221,U001212,order_reward,32,2026-07-16 13:48:57,MOCK0002627
PT00005222,U001712,campaign_reward,659,2026-01-09 11:56:34,MOCK0011517
PT00005223,U003344,order_reward,442,2025-08-03 05:56:37,MOCK0011592
PT00005224,U000503,campaign_reward,692,2025-01-26 17:21:06,MOCK0011724
PT00005225,U003335,order_reward,724,2025-02-13 04:40:39,MOCK0005880
PT00005226,U004217,order_reward,523,2026-08-07 03:46:25,MOCK0006047
PT00005227,U000985,redeem,-91,2026-03-02 08:01:53,MOCK0003921
PT00005228,U002122,order_reward,376,2026-04-08 01:42:53,MOCK0000281
PT00005229,U001458,expire,-231,2026-01-18 18:04:30,MOCK0008483
PT00005230,U003539,order_reward,723,2025-12-29 15:48:21,MOCK0009293
PT00005231,U001893,redeem,-634,2025-04-28 19:33:32,MOCK0009438
PT00005232,U004580,order_reward,257,2026-03-15 19:40:48,MOCK0000658
PT00005233,U002050,order_reward,437,2025-09-18 13:45:45,MOCK0002392
PT00005234,U000251,order_reward,417,2025-07-21 04:17:52,MOCK0002684
PT00005235,U000039,order_reward,140,2025-11-19 12:14:32,MOCK0006071
PT00005236,U003505,order_reward,712,2026-05-26 21:29:54,MOCK0004113
PT00005237,U000221,campaign_reward,296,2025-05-24 08:41:11,MOCK0011074
PT00005238,U003738,campaign_reward,71,2025-03-12 14:18:25,MOCK0010281
PT00005239,U003547,refund_deduct,-569,2026-04-19 13:33:01,MOCK0008661
PT00005240,U003732,redeem,-589,2026-02-22 14:09:40,MOCK0002089
PT00005241,U000557,order_reward,533,2025-08-17 13:19:16,MOCK0008806
PT00005242,U004256,expire,-355,2026-07-08 15:05:04,MOCK0003512
PT00005243,U002650,order_reward,313,2026-03-01 03:13:35,MOCK0008900
PT00005244,U002187,order_reward,677,2025-12-25 21:17:50,MOCK0008319
PT00005245,U000563,redeem,-160,2025-12-18 21:27:15,MOCK0001202
PT00005246,U003833,order_reward,481,2025-11-06 11:46:15,MOCK0001403
PT00005247,U003698,order_reward,371,2026-04-01 12:16:13,MOCK0003511
PT00005248,U000666,redeem,-369,2026-07-26 11:05:04,MOCK0011721
PT00005249,U002846,expire,-71,2026-07-12 10:34:01,MOCK0011605
PT00005250,U002560,expire,-465,2025-10-08 10:49:05,MOCK0000247
PT00005251,U000398,refund_deduct,-404,2026-08-13 04:55:53,MOCK0005749
PT00005252,U001913,order_reward,678,2025-03-01 11:07:00,MOCK0005274
PT00005253,U000347,order_reward,296,2025-10-05 07:50:02,MOCK0011877
PT00005254,U003633,campaign_reward,250,2026-05-17 13:33:00,MOCK0007198
PT00005255,U001634,order_reward,209,2026-06-29 01:32:11,MOCK0006299
PT00005256,U002836,refund_deduct,-299,2025-11-20 16:54:49,MOCK0004860
PT00005257,U003811,order_reward,627,2025-01-12 20:49:00,MOCK0010710
PT00005258,U004087,refund_deduct,-54,2026-01-27 12:46:40,MOCK0011568
PT00005259,U001953,expire,-512,2025-01-22 16:39:55,MOCK0011782
PT00005260,U002043,order_reward,285,2026-01-21 01:59:48,MOCK0002795
PT00005261,U002307,order_reward,374,2025-05-24 15:09:47,MOCK0001348
PT00005262,U004388,order_reward,587,2025-02-27 18:35:23,MOCK0000690
PT00005263,U002395,campaign_reward,675,2025-08-26 12:22:34,MOCK0003295
PT00005264,U004426,order_reward,228,2025-11-16 00:05:59,MOCK0011178
PT00005265,U002139,redeem,-126,2025-11-22 09:48:29,MOCK0006828
PT00005266,U004442,order_reward,784,2025-04-30 01:00:58,MOCK0005589
PT00005267,U000413,refund_deduct,-155,2026-04-05 20:46:36,MOCK0005534
PT00005268,U000536,order_reward,360,2025-12-11 04:12:21,MOCK0011022
PT00005269,U002967,order_reward,780,2026-04-12 20:40:01,MOCK0009282
PT00005270,U000875,order_reward,396,2026-05-03 22:42:48,MOCK0009274
PT00005271,U004882,redeem,-375,2025-01-22 12:38:59,MOCK0006442
PT00005272,U000599,campaign_reward,487,2026-06-03 16:42:32,MOCK0002210
PT00005273,U001629,expire,-501,2025-06-27 21:28:16,MOCK0000693
PT00005274,U000592,campaign_reward,793,2025-08-27 04:41:38,MOCK0011754
PT00005275,U002603,campaign_reward,37,2025-04-12 09:22:04,MOCK0003158
PT00005276,U003801,order_reward,151,2026-04-10 08:19:35,MOCK0005035
PT00005277,U000909,redeem,-101,2025-10-09 15:28:20,MOCK0010365
PT00005278,U003861,order_reward,289,2025-02-16 00:02:36,MOCK0007899
PT00005279,U001321,redeem,-365,2025-03-17 08:55:55,MOCK0007398
PT00005280,U002147,refund_deduct,-205,2026-08-03 01:53:09,MOCK0008344
PT00005281,U004824,campaign_reward,214,2026-02-27 16:42:02,MOCK0004936
PT00005282,U004801,order_reward,129,2025-10-20 08:16:50,MOCK0001411
PT00005283,U002444,order_reward,551,2026-01-01 12:08:52,MOCK0011915
PT00005284,U003066,expire,-542,2025-10-06 04:06:01,MOCK0003049
PT00005285,U004169,order_reward,373,2025-06-27 18:02:56,MOCK0001591
PT00005286,U002261,order_reward,635,2025-06-15 01:41:47,MOCK0008717
PT00005287,U004761,refund_deduct,-292,2025-04-20 10:49:18,MOCK0000598
PT00005288,U002821,order_reward,134,2025-08-24 22:35:42,MOCK0008342
PT00005289,U004349,order_reward,632,2025-05-25 16:33:04,MOCK0011481
PT00005290,U000259,redeem,-537,2026-06-12 21:44:26,MOCK0006677
PT00005291,U004471,order_reward,686,2026-04-02 10:19:59,MOCK0000792
PT00005292,U000393,refund_deduct,-779,2026-08-03 04:31:33,MOCK0001842
PT00005293,U004905,order_reward,508,2026-01-14 06:21:02,MOCK0003794
PT00005294,U004471,order_reward,234,2026-04-29 23:00:14,MOCK0003236
PT00005295,U004388,campaign_reward,223,2026-03-09 19:51:55,MOCK0007255
PT00005296,U003257,redeem,-475,2025-08-03 23:14:34,MOCK0001302
PT00005297,U001891,campaign_reward,69,2025-03-16 09:32:52,MOCK0009124
PT00005298,U001968,campaign_reward,277,2025-09-02 19:33:23,MOCK0004458
PT00005299,U000647,order_reward,92,2025-01-15 23:54:20,MOCK0010471
PT00005300,U001757,order_reward,238,2025-05-02 21:56:10,MOCK0001098
PT00005301,U002473,expire,-87,2026-07-07 14:21:39,MOCK0007136
PT00005302,U004182,order_reward,203,2025-06-11 08:06:25,MOCK0002014
PT00005303,U004287,order_reward,235,2025-12-05 19:13:21,MOCK0005438
PT00005304,U000515,campaign_reward,214,2026-01-22 14:46:41,MOCK0004102
PT00005305,U002279,refund_deduct,-457,2026-05-07 14:00:12,MOCK0011513
PT00005306,U000911,campaign_reward,580,2026-04-05 03:58:55,MOCK0006907
PT00005307,U000476,order_reward,370,2025-10-17 19:08:52,MOCK0002772
PT00005308,U002397,order_reward,137,2025-11-18 11:36:59,MOCK0000812
PT00005309,U004729,redeem,-309,2025-09-04 17:14:10,MOCK0005116
PT00005310,U003623,order_reward,767,2025-09-22 04:23:48,MOCK0005759
PT00005311,U000003,order_reward,160,2026-01-17 08:09:21,MOCK0011067
PT00005312,U002073,order_reward,131,2025-12-12 04:52:55,MOCK0008940
PT00005313,U004730,order_reward,251,2026-07-14 17:33:52,MOCK0006987
PT00005314,U001645,refund_deduct,-665,2025-01-16 05:57:59,MOCK0003747
PT00005315,U004150,expire,-75,2026-04-30 23:11:52,MOCK0009562
PT00005316,U002119,refund_deduct,-737,2026-01-05 15:43:19,MOCK0005354
PT00005317,U002222,order_reward,419,2025-06-26 01:36:38,MOCK0002770
PT00005318,U003366,order_reward,418,2026-01-04 18:32:40,MOCK0011140
PT00005319,U003561,campaign_reward,73,2026-02-10 15:51:14,MOCK0004121
PT00005320,U002909,campaign_reward,79,2025-03-18 21:23:43,MOCK0004393
PT00005321,U004081,order_reward,756,2026-01-23 22:09:15,MOCK0003605
PT00005322,U000102,refund_deduct,-480,2026-02-03 22:39:05,MOCK0003297
PT00005323,U003298,order_reward,527,2025-10-17 02:10:27,MOCK0007806
PT00005324,U004419,order_reward,115,2025-06-16 06:30:26,MOCK0007405
PT00005325,U002398,order_reward,476,2025-10-10 10:17:48,MOCK0004977
PT00005326,U001754,order_reward,279,2025-03-27 21:14:49,MOCK0004976
PT00005327,U000854,campaign_reward,167,2026-01-21 02:51:44,MOCK0004133
PT00005328,U004829,order_reward,115,2026-01-17 01:31:58,MOCK0000501
PT00005329,U003762,expire,-64,2026-01-20 17:16:42,MOCK0003145
PT00005330,U000906,campaign_reward,732,2025-11-04 22:14:03,MOCK0001607
PT00005331,U000679,order_reward,19,2025-06-27 19:35:45,MOCK0011119
PT00005332,U002634,redeem,-448,2025-06-09 10:32:15,MOCK0003292
PT00005333,U002345,refund_deduct,-22,2026-07-27 21:22:28,MOCK0007846
PT00005334,U000426,order_reward,646,2026-07-15 07:29:22,MOCK0006845
PT00005335,U002230,campaign_reward,148,2025-09-19 02:40:39,MOCK0005760
PT00005336,U004294,expire,-364,2026-07-28 22:40:40,MOCK0005181
PT00005337,U001231,redeem,-389,2026-04-05 15:49:22,MOCK0002693
PT00005338,U001765,order_reward,203,2025-09-19 05:32:37,MOCK0009379
PT00005339,U001266,order_reward,284,2025-07-18 00:10:45,MOCK0001934
PT00005340,U002138,order_reward,415,2025-02-28 02:41:39,MOCK0002367
PT00005341,U004234,order_reward,661,2026-07-04 23:14:39,MOCK0010440
PT00005342,U004627,expire,-422,2025-07-24 12:52:06,MOCK0009564
PT00005343,U001698,order_reward,429,2026-04-28 07:41:29,MOCK0003177
PT00005344,U001514,order_reward,567,2026-06-06 02:44:30,MOCK0008020
PT00005345,U004900,refund_deduct,-482,2025-04-21 08:40:48,MOCK0003341
PT00005346,U003386,redeem,-442,2025-12-25 01:42:45,MOCK0006022
PT00005347,U000604,order_reward,352,2025-12-06 10:24:02,MOCK0007475
PT00005348,U000625,order_reward,62,2025-01-11 04:06:29,MOCK0010734
PT00005349,U000343,order_reward,727,2026-02-24 02:36:18,MOCK0010872
PT00005350,U000193,order_reward,319,2025-10-29 12:26:37,MOCK0011460
PT00005351,U000312,order_reward,712,2025-07-18 21:12:23,MOCK0007599
PT00005352,U001110,campaign_reward,477,2025-12-02 11:32:45,MOCK0009063
PT00005353,U000089,order_reward,652,2025-05-09 17:53:09,MOCK0008429
PT00005354,U002469,refund_deduct,-5,2025-03-19 05:39:08,MOCK0003746
PT00005355,U001915,redeem,-767,2026-01-19 10:43:28,MOCK0011374
PT00005356,U001710,redeem,-653,2026-05-12 07:45:38,MOCK0005123
PT00005357,U004620,refund_deduct,-38,2025-10-07 21:51:19,MOCK0009237
PT00005358,U003363,refund_deduct,-546,2025-04-25 05:26:54,MOCK0004715
PT00005359,U000855,order_reward,299,2025-07-14 14:27:13,MOCK0004003
PT00005360,U003162,expire,-266,2026-05-27 06:13:05,MOCK0007433
PT00005361,U001561,order_reward,302,2026-05-04 18:07:32,MOCK0007342
PT00005362,U004024,order_reward,457,2025-05-05 20:17:07,MOCK0007262
PT00005363,U004973,campaign_reward,415,2025-01-07 04:16:22,MOCK0010047
PT00005364,U001784,redeem,-251,2026-03-19 20:32:45,MOCK0001902
PT00005365,U001353,redeem,-600,2026-07-03 13:30:45,MOCK0005704
PT00005366,U002064,order_reward,601,2026-03-17 22:25:44,MOCK0000375
PT00005367,U001411,refund_deduct,-313,2026-06-30 22:22:54,MOCK0011696
PT00005368,U000585,order_reward,151,2025-09-07 07:31:57,MOCK0006466
PT00005369,U001308,order_reward,662,2025-02-10 14:11:36,MOCK0002914
PT00005370,U000620,order_reward,443,2026-02-20 03:20:54,MOCK0009010
PT00005371,U004235,campaign_reward,530,2026-04-24 18:33:00,MOCK0001951
PT00005372,U000824,order_reward,441,2025-02-20 16:12:09,MOCK0001130
PT00005373,U003394,order_reward,67,2025-10-03 05:16:41,MOCK0006155
PT00005374,U002112,campaign_reward,785,2025-06-13 00:29:45,MOCK0009212
PT00005375,U003590,refund_deduct,-435,2025-06-10 02:23:27,MOCK0011076
PT00005376,U001050,order_reward,540,2026-06-08 05:51:51,MOCK0007733
PT00005377,U002374,order_reward,372,2025-01-09 03:54:27,MOCK0010026
PT00005378,U000573,order_reward,368,2026-08-08 12:34:39,MOCK0003279
PT00005379,U001905,order_reward,151,2025-09-04 01:29:48,MOCK0006629
PT00005380,U000205,order_reward,109,2025-03-31 05:14:08,MOCK0005593
PT00005381,U002239,order_reward,626,2025-09-19 11:02:18,MOCK0007218
PT00005382,U000385,order_reward,194,2025-04-06 01:54:22,MOCK0002012
PT00005383,U004529,order_reward,207,2025-08-21 10:00:04,MOCK0010138
PT00005384,U003981,order_reward,197,2026-04-03 22:50:54,MOCK0005382
PT00005385,U003223,refund_deduct,-85,2025-06-28 22:49:13,MOCK0007081
PT00005386,U004088,order_reward,639,2025-07-23 05:50:53,MOCK0004424
PT00005387,U000251,expire,-523,2026-08-14 20:10:57,MOCK0010460
PT00005388,U003325,order_reward,349,2026-06-23 14:30:39,MOCK0002452
PT00005389,U002602,order_reward,330,2025-08-20 08:17:08,MOCK0003796
PT00005390,U004336,expire,-297,2026-06-02 14:55:13,MOCK0007302
PT00005391,U000286,expire,-202,2026-01-02 13:11:26,MOCK0000181
PT00005392,U004422,redeem,-264,2026-03-25 00:24:02,MOCK0008523
PT00005393,U001120,campaign_reward,207,2025-06-12 13:07:42,MOCK0011332
PT00005394,U003462,redeem,-603,2026-05-08 15:10:28,MOCK0001890
PT00005395,U000688,order_reward,570,2025-02-15 14:33:20,MOCK0001897
PT00005396,U000459,expire,-591,2025-09-02 08:11:15,MOCK0002423
PT00005397,U000884,order_reward,114,2025-04-21 12:32:49,MOCK0008966
PT00005398,U001924,order_reward,245,2025-05-07 12:16:51,MOCK0004064
PT00005399,U003129,campaign_reward,136,2025-10-30 19:46:18,MOCK0006336
PT00005400,U004501,redeem,-234,2026-06-15 18:34:01,MOCK0003891
PT00005401,U003786,expire,-795,2025-01-11 03:24:42,MOCK0000413
PT00005402,U004929,order_reward,648,2025-08-01 02:15:27,MOCK0008061
PT00005403,U000614,order_reward,10,2025-05-28 18:18:23,MOCK0009559
PT00005404,U004502,order_reward,781,2026-01-24 15:58:19,MOCK0002751
PT00005405,U004005,order_reward,189,2025-07-27 17:47:10,MOCK0001342
PT00005406,U000573,redeem,-406,2026-08-13 08:23:06,MOCK0008330
PT00005407,U002995,order_reward,571,2025-08-25 03:20:25,MOCK0007348
PT00005408,U003131,order_reward,678,2025-08-18 02:40:37,MOCK0005740
PT00005409,U002412,order_reward,462,2025-05-22 12:11:34,MOCK0008530
PT00005410,U001180,order_reward,118,2025-01-07 11:01:46,MOCK0001067
PT00005411,U003279,order_reward,287,2026-08-07 23:08:57,MOCK0004877
PT00005412,U003457,expire,-31,2025-10-31 12:35:48,MOCK0002056
PT00005413,U004555,order_reward,472,2026-01-10 19:26:46,MOCK0006596
PT00005414,U004422,order_reward,375,2026-08-01 16:00:29,MOCK0001928
PT00005415,U000475,expire,-410,2026-01-26 21:40:17,MOCK0001129
PT00005416,U003222,refund_deduct,-9,2026-01-28 16:24:20,MOCK0001658
PT00005417,U000534,order_reward,340,2025-11-30 04:24:08,MOCK0001928
PT00005418,U002668,campaign_reward,681,2026-02-15 23:15:18,MOCK0007345
PT00005419,U002283,campaign_reward,746,2026-06-30 09:01:27,MOCK0010154
PT00005420,U003336,redeem,-365,2026-07-12 09:35:56,MOCK0002499
PT00005421,U001032,order_reward,144,2025-07-10 20:49:17,MOCK0011154
PT00005422,U001249,order_reward,284,2026-01-03 00:38:51,MOCK0003169
PT00005423,U003647,campaign_reward,338,2026-01-26 01:28:50,MOCK0009905
PT00005424,U001011,redeem,-167,2026-02-06 19:58:31,MOCK0004747
PT00005425,U002715,redeem,-214,2026-02-15 08:50:11,MOCK0000619
PT00005426,U004205,order_reward,742,2026-04-16 00:21:38,MOCK0007042
PT00005427,U004298,refund_deduct,-174,2026-04-03 00:09:46,MOCK0000972
PT00005428,U004062,order_reward,500,2025-12-01 04:40:11,MOCK0011880
PT00005429,U001291,order_reward,259,2026-05-13 23:35:53,MOCK0008364
PT00005430,U002482,order_reward,736,2025-07-09 03:37:10,MOCK0010054
PT00005431,U001668,order_reward,567,2025-04-25 19:29:42,MOCK0002128
PT00005432,U003601,order_reward,494,2026-02-06 04:44:36,MOCK0005874
PT00005433,U001658,campaign_reward,294,2025-01-22 10:38:24,MOCK0009385
PT00005434,U004846,redeem,-560,2025-03-08 01:07:48,MOCK0001255
PT00005435,U004090,campaign_reward,100,2025-12-25 11:11:57,MOCK0010784
PT00005436,U001478,order_reward,322,2025-01-03 10:19:50,MOCK0000452
PT00005437,U001438,order_reward,608,2026-01-05 07:04:05,MOCK0004459
PT00005438,U002736,redeem,-318,2026-03-15 00:37:41,MOCK0001418
PT00005439,U003685,expire,-452,2025-06-17 20:55:09,MOCK0009743
PT00005440,U004439,refund_deduct,-341,2025-02-16 17:00:46,MOCK0006872
PT00005441,U003765,order_reward,234,2025-05-10 12:56:09,MOCK0004064
PT00005442,U004351,campaign_reward,589,2026-04-27 07:43:26,MOCK0000119
PT00005443,U002374,redeem,-373,2026-03-25 18:34:22,MOCK0002336
PT00005444,U000909,order_reward,305,2025-09-05 15:32:52,MOCK0004347
PT00005445,U004912,order_reward,327,2025-03-24 00:53:31,MOCK0002065
PT00005446,U004497,order_reward,305,2025-06-23 13:49:01,MOCK0008261
PT00005447,U003940,order_reward,394,2025-06-14 12:40:24,MOCK0000839
PT00005448,U002766,order_reward,785,2026-02-12 09:11:24,MOCK0008035
PT00005449,U000307,campaign_reward,571,2025-07-03 04:33:39,MOCK0000257
PT00005450,U002068,campaign_reward,546,2025-05-02 00:53:41,MOCK0005154
PT00005451,U000481,order_reward,713,2026-03-29 13:42:32,MOCK0001640
PT00005452,U001300,order_reward,757,2025-10-11 22:49:35,MOCK0005753
PT00005453,U003059,order_reward,567,2025-09-09 05:19:25,MOCK0008377
PT00005454,U001201,order_reward,463,2025-04-04 14:57:49,MOCK0001211
PT00005455,U003183,expire,-620,2025-02-20 02:28:37,MOCK0005527
PT00005456,U002834,redeem,-610,2026-06-17 21:58:57,MOCK0006152
PT00005457,U004530,order_reward,130,2025-08-02 16:38:04,MOCK0011519
PT00005458,U002508,expire,-367,2025-04-20 05:08:26,MOCK0005661
PT00005459,U004837,redeem,-514,2025-04-25 16:52:45,MOCK0004248
PT00005460,U004077,order_reward,267,2025-02-06 18:14:24,MOCK0008269
PT00005461,U003981,order_reward,478,2025-10-23 17:05:27,MOCK0002084
PT00005462,U004719,campaign_reward,306,2025-04-28 02:00:44,MOCK0011660
PT00005463,U000430,order_reward,541,2025-04-29 21:25:14,MOCK0009699
PT00005464,U002302,order_reward,582,2025-09-30 20:07:14,MOCK0000626
PT00005465,U002837,refund_deduct,-465,2025-04-16 13:27:34,MOCK0005771
PT00005466,U001449,order_reward,250,2025-12-31 04:00:43,MOCK0010619
PT00005467,U004464,campaign_reward,288,2025-05-13 17:12:47,MOCK0000838
PT00005468,U004162,campaign_reward,699,2026-06-20 10:32:05,MOCK0010733
PT00005469,U000406,redeem,-370,2026-07-18 07:03:11,MOCK0001671
PT00005470,U002119,refund_deduct,-750,2025-09-27 01:12:53,MOCK0005168
PT00005471,U000979,order_reward,404,2025-07-10 06:33:04,MOCK0011822
PT00005472,U002833,order_reward,98,2025-04-19 18:19:51,MOCK0010513
PT00005473,U000691,order_reward,562,2025-06-10 05:20:06,MOCK0004678
PT00005474,U001249,order_reward,32,2025-08-07 14:19:40,MOCK0005791
PT00005475,U004230,redeem,-188,2025-03-14 03:41:31,MOCK0010479
PT00005476,U001752,refund_deduct,-322,2026-08-17 23:16:34,MOCK0009888
PT00005477,U003208,refund_deduct,-643,2025-07-15 20:39:23,MOCK0005979
PT00005478,U002480,refund_deduct,-196,2025-04-20 12:44:38,MOCK0011011
PT00005479,U001982,order_reward,276,2025-03-02 00:34:00,MOCK0009782
PT00005480,U000789,campaign_reward,711,2026-03-31 22:48:44,MOCK0007093
PT00005481,U000740,order_reward,684,2025-04-26 06:40:08,MOCK0007529
PT00005482,U003395,order_reward,296,2025-09-07 05:09:11,MOCK0006745
PT00005483,U001273,order_reward,31,2026-07-06 22:11:44,MOCK0009448
PT00005484,U002254,order_reward,373,2025-02-12 13:40:54,MOCK0007442
PT00005485,U004622,campaign_reward,391,2025-10-11 08:23:26,MOCK0007409
PT00005486,U001286,campaign_reward,731,2025-05-15 20:36:44,MOCK0008042
PT00005487,U001817,expire,-115,2025-02-23 14:37:20,MOCK0002380
PT00005488,U003377,refund_deduct,-69,2025-01-26 15:28:24,MOCK0006631
PT00005489,U002119,campaign_reward,739,2026-05-24 13:14:33,MOCK0001746
PT00005490,U002214,order_reward,719,2025-06-24 09:39:17,MOCK0011105
PT00005491,U004660,order_reward,222,2025-09-09 14:21:55,MOCK0002508
PT00005492,U001957,order_reward,617,2026-02-14 14:53:44,MOCK0002170
PT00005493,U000994,campaign_reward,299,2025-05-11 21:49:25,MOCK0007682
PT00005494,U003595,campaign_reward,122,2026-05-23 10:48:20,MOCK0010402
PT00005495,U004842,redeem,-774,2025-03-31 17:39:39,MOCK0004195
PT00005496,U002017,expire,-24,2026-05-12 08:50:32,MOCK0007544
PT00005497,U000643,redeem,-741,2026-07-01 16:16:26,MOCK0010049
PT00005498,U001904,refund_deduct,-342,2025-01-27 14:24:53,MOCK0006242
PT00005499,U002219,order_reward,147,2025-01-03 04:05:21,MOCK0009652
PT00005500,U002290,redeem,-650,2026-01-14 10:29:46,MOCK0002206
PT00005501,U000060,order_reward,683,2025-01-22 06:50:19,MOCK0002162
PT00005502,U003958,order_reward,764,2026-02-25 03:52:09,MOCK0006938
PT00005503,U002454,order_reward,532,2026-05-29 01:09:12,MOCK0000299
PT00005504,U004968,order_reward,384,2026-01-07 02:05:46,MOCK0007978
PT00005505,U002644,expire,-634,2026-03-16 04:43:31,MOCK0008374
PT00005506,U002209,expire,-745,2025-12-17 11:15:16,MOCK0003840
PT00005507,U003458,campaign_reward,612,2025-06-24 01:42:30,MOCK0007282
PT00005508,U000884,expire,-7,2025-12-08 19:15:03,MOCK0000780
PT00005509,U004978,refund_deduct,-317,2025-04-23 04:09:34,MOCK0004489
PT00005510,U001353,order_reward,375,2025-07-25 09:19:38,MOCK0000039
PT00005511,U001237,order_reward,601,2026-04-28 14:56:25,MOCK0003990
PT00005512,U000704,order_reward,591,2026-07-20 21:07:20,MOCK0007224
PT00005513,U002199,redeem,-158,2025-08-30 10:09:54,MOCK0011408
PT00005514,U004711,campaign_reward,511,2025-04-15 05:56:01,MOCK0010527
PT00005515,U000154,campaign_reward,116,2025-03-14 07:24:01,MOCK0005235
PT00005516,U002431,order_reward,272,2025-07-31 05:03:00,MOCK0004018
PT00005517,U003582,order_reward,658,2025-06-03 05:49:56,MOCK0010097
PT00005518,U003300,campaign_reward,671,2025-01-12 08:39:05,MOCK0010199
PT00005519,U000398,order_reward,247,2025-05-25 08:07:00,MOCK0009456
PT00005520,U002788,campaign_reward,312,2025-01-25 01:47:26,MOCK0002141
PT00005521,U000900,order_reward,156,2025-03-20 15:51:39,MOCK0007392
PT00005522,U000933,campaign_reward,580,2026-02-21 08:29:24,MOCK0002018
PT00005523,U000518,order_reward,15,2025-09-18 03:46:16,MOCK0003918
PT00005524,U002432,redeem,-165,2026-04-06 19:51:49,MOCK0000808
PT00005525,U000525,expire,-572,2026-03-28 21:02:46,MOCK0000088
PT00005526,U003678,order_reward,155,2025-03-07 01:10:50,MOCK0010851
PT00005527,U003416,order_reward,203,2025-05-31 10:09:04,MOCK0010853
PT00005528,U004643,order_reward,771,2025-10-16 23:59:25,MOCK0005926
PT00005529,U002183,redeem,-52,2025-02-16 14:55:30,MOCK0002852
PT00005530,U003063,order_reward,704,2025-06-14 01:33:17,MOCK0010936
PT00005531,U000772,campaign_reward,733,2025-07-20 07:03:26,MOCK0011876
PT00005532,U001932,redeem,-21,2025-08-07 18:55:22,MOCK0006395
PT00005533,U004681,refund_deduct,-49,2025-09-10 18:29:47,MOCK0003693
PT00005534,U004931,order_reward,611,2026-02-06 23:59:02,MOCK0001961
PT00005535,U003460,redeem,-397,2026-05-15 05:23:22,MOCK0002569
PT00005536,U000380,order_reward,126,2025-10-22 21:02:42,MOCK0007444
PT00005537,U004836,order_reward,630,2025-04-19 08:32:55,MOCK0009117
PT00005538,U001587,order_reward,418,2025-05-23 15:54:35,MOCK0005315
PT00005539,U004665,campaign_reward,608,2026-07-10 17:56:17,MOCK0004940
PT00005540,U000025,campaign_reward,485,2025-01-27 05:33:32,MOCK0006249
PT00005541,U003872,order_reward,273,2025-05-04 11:24:41,MOCK0009985
PT00005542,U000081,order_reward,563,2026-03-16 18:02:31,MOCK0000146
PT00005543,U001112,redeem,-543,2026-03-04 01:39:31,MOCK0000124
PT00005544,U004360,order_reward,312,2025-12-11 16:25:46,MOCK0009704
PT00005545,U003779,order_reward,161,2025-10-23 14:22:55,MOCK0001337
PT00005546,U000756,order_reward,66,2025-02-07 08:37:57,MOCK0010867
PT00005547,U004658,order_reward,470,2025-08-16 14:36:42,MOCK0000133
PT00005548,U002288,redeem,-43,2026-06-18 08:13:20,MOCK0006908
PT00005549,U000837,expire,-526,2025-05-10 02:20:04,MOCK0008306
PT00005550,U002041,redeem,-423,2025-06-29 03:47:49,MOCK0010726
PT00005551,U002845,campaign_reward,419,2025-10-01 12:24:38,MOCK0007898
PT00005552,U000756,order_reward,425,2025-02-24 11:34:35,MOCK0005884
PT00005553,U004863,redeem,-615,2026-02-23 10:50:02,MOCK0011164
PT00005554,U001715,order_reward,52,2026-01-11 02:49:58,MOCK0004485
PT00005555,U001977,order_reward,748,2025-10-26 18:10:37,MOCK0010753
PT00005556,U004670,order_reward,798,2026-02-27 20:23:43,MOCK0009571
PT00005557,U003263,redeem,-665,2026-05-11 21:13:44,MOCK0004324
PT00005558,U003357,redeem,-44,2025-06-07 17:34:12,MOCK0008920
PT00005559,U001888,redeem,-303,2026-07-24 04:35:01,MOCK0004595
PT00005560,U002740,redeem,-303,2025-05-01 04:08:12,MOCK0006149
PT00005561,U001945,expire,-6,2025-12-23 10:24:37,MOCK0008251
PT00005562,U002826,campaign_reward,220,2025-11-07 12:49:37,MOCK0002217
PT00005563,U000461,campaign_reward,756,2025-01-15 22:20:25,MOCK0008533
PT00005564,U003869,order_reward,567,2026-05-19 14:27:44,MOCK0002708
PT00005565,U003290,campaign_reward,23,2026-06-19 08:19:57,MOCK0007666
PT00005566,U002935,redeem,-733,2026-07-05 10:23:33,MOCK0001722
PT00005567,U003841,campaign_reward,726,2025-04-01 02:17:34,MOCK0006568
PT00005568,U001483,order_reward,44,2026-08-09 13:52:08,MOCK0006723
PT00005569,U002572,order_reward,202,2025-02-20 00:06:16,MOCK0006725
PT00005570,U002192,order_reward,204,2025-04-09 20:49:44,MOCK0004671
PT00005571,U002699,refund_deduct,-202,2025-02-08 02:56:23,MOCK0008848
PT00005572,U000543,order_reward,144,2026-07-04 05:34:15,MOCK0010696
PT00005573,U004756,redeem,-304,2026-01-14 11:24:09,MOCK0007306
PT00005574,U000374,refund_deduct,-366,2025-10-26 03:58:51,MOCK0011980
PT00005575,U001551,redeem,-647,2025-08-10 00:53:49,MOCK0001984
PT00005576,U000978,order_reward,55,2025-02-15 06:41:14,MOCK0006155
PT00005577,U002279,order_reward,216,2025-01-31 20:34:18,MOCK0000761
PT00005578,U004063,expire,-222,2025-05-21 07:09:46,MOCK0006731
PT00005579,U002644,refund_deduct,-696,2025-11-14 09:38:17,MOCK0011668
PT00005580,U002410,order_reward,562,2025-09-22 01:45:41,MOCK0002739
PT00005581,U001366,campaign_reward,304,2025-06-11 16:19:01,MOCK0008719
PT00005582,U004324,redeem,-251,2026-04-25 22:45:44,MOCK0003108
PT00005583,U002749,campaign_reward,209,2026-06-03 07:33:39,MOCK0001785
PT00005584,U001960,order_reward,506,2025-10-27 03:41:02,MOCK0007824
PT00005585,U004687,order_reward,155,2025-03-14 14:41:17,MOCK0011242
PT00005586,U004397,order_reward,236,2025-08-08 02:06:09,MOCK0002455
PT00005587,U001873,expire,-757,2025-12-05 05:11:33,MOCK0009869
PT00005588,U001570,order_reward,617,2025-06-17 02:30:55,MOCK0004758
PT00005589,U002390,order_reward,387,2026-07-02 15:35:50,MOCK0010812
PT00005590,U002905,order_reward,612,2026-07-04 09:47:15,MOCK0008668
PT00005591,U000857,order_reward,517,2026-07-05 23:57:11,MOCK0002930
PT00005592,U003249,refund_deduct,-17,2026-02-21 14:47:06,MOCK0007722
PT00005593,U001909,redeem,-304,2025-05-27 14:44:33,MOCK0004177
PT00005594,U002115,campaign_reward,698,2025-08-18 06:29:38,MOCK0000550
PT00005595,U000247,order_reward,709,2026-04-11 19:29:12,MOCK0000854
PT00005596,U000780,order_reward,26,2026-04-15 06:36:41,MOCK0004097
PT00005597,U004832,order_reward,463,2025-05-05 19:24:12,MOCK0009058
PT00005598,U003589,order_reward,800,2025-02-11 02:00:16,MOCK0003002
PT00005599,U001068,order_reward,599,2026-04-17 11:11:55,MOCK0004494
PT00005600,U000975,order_reward,193,2025-09-28 12:49:58,MOCK0003112
PT00005601,U002204,campaign_reward,520,2026-02-03 22:26:55,MOCK0002765
PT00005602,U001841,campaign_reward,590,2025-08-31 16:39:18,MOCK0005723
PT00005603,U002548,expire,-403,2026-04-26 15:33:07,MOCK0005848
PT00005604,U003965,expire,-777,2025-10-29 15:39:10,MOCK0009881
PT00005605,U004665,campaign_reward,560,2026-08-15 04:24:03,MOCK0010629
PT00005606,U004609,refund_deduct,-585,2025-06-06 16:36:31,MOCK0011467
PT00005607,U004727,expire,-459,2025-06-10 03:11:33,MOCK0002493
PT00005608,U002262,campaign_reward,34,2025-03-01 00:12:35,MOCK0000702
PT00005609,U004644,campaign_reward,400,2026-05-21 00:50:20,MOCK0000796
PT00005610,U002200,order_reward,265,2025-07-08 20:49:13,MOCK0003859
PT00005611,U002403,order_reward,741,2025-08-31 11:53:47,MOCK0000619
PT00005612,U001720,campaign_reward,668,2026-08-12 12:06:21,MOCK0008065
PT00005613,U003248,order_reward,291,2025-04-29 17:48:12,MOCK0008592
PT00005614,U000600,refund_deduct,-197,2025-12-29 13:43:03,MOCK0009197
PT00005615,U000150,campaign_reward,423,2025-06-07 04:37:45,MOCK0005585
PT00005616,U004367,campaign_reward,522,2025-09-12 19:59:30,MOCK0010572
PT00005617,U002953,refund_deduct,-30,2026-01-05 23:49:15,MOCK0003708
PT00005618,U000604,order_reward,193,2025-11-28 18:25:31,MOCK0003667
PT00005619,U001033,order_reward,361,2026-07-23 19:01:33,MOCK0001691
PT00005620,U002594,order_reward,603,2025-09-28 12:17:43,MOCK0003465
PT00005621,U003153,order_reward,798,2025-01-01 13:45:53,MOCK0009254
PT00005622,U003661,refund_deduct,-71,2025-03-11 21:47:22,MOCK0007991
PT00005623,U000172,refund_deduct,-409,2026-04-16 10:14:18,MOCK0009875
PT00005624,U000195,order_reward,332,2025-10-18 01:19:54,MOCK0004777
PT00005625,U004571,refund_deduct,-319,2026-07-06 19:28:36,MOCK0006617
PT00005626,U001959,refund_deduct,-653,2026-01-12 22:19:44,MOCK0008538
PT00005627,U003544,campaign_reward,5,2026-07-27 10:27:35,MOCK0000179
PT00005628,U001362,campaign_reward,263,2025-05-18 19:08:50,MOCK0003225
PT00005629,U000349,campaign_reward,567,2025-05-22 19:11:32,MOCK0002839
PT00005630,U004169,redeem,-735,2025-06-07 22:48:26,MOCK0005585
PT00005631,U000216,order_reward,551,2025-04-11 12:17:02,MOCK0009010
PT00005632,U004814,order_reward,231,2025-08-03 04:59:10,MOCK0000613
PT00005633,U000430,order_reward,552,2025-12-21 13:25:32,MOCK0006207
PT00005634,U000685,order_reward,642,2025-02-04 10:50:38,MOCK0005204
PT00005635,U000908,order_reward,584,2025-02-20 13:24:09,MOCK0002985
PT00005636,U003516,order_reward,693,2026-01-11 05:43:29,MOCK0001088
PT00005637,U001882,redeem,-526,2025-02-22 17:37:05,MOCK0007035
PT00005638,U003392,order_reward,430,2026-04-06 06:10:52,MOCK0007923
PT00005639,U000220,redeem,-201,2026-01-13 01:35:46,MOCK0003513
PT00005640,U003426,order_reward,124,2026-07-31 19:41:40,MOCK0003781
PT00005641,U002970,order_reward,215,2025-05-28 23:21:03,MOCK0011709
PT00005642,U001889,campaign_reward,795,2026-04-26 20:20:35,MOCK0004161
PT00005643,U000816,order_reward,622,2025-12-10 01:03:10,MOCK0000634
PT00005644,U003067,campaign_reward,176,2026-02-18 14:37:39,MOCK0002371
PT00005645,U000734,order_reward,112,2025-02-04 18:11:21,MOCK0001171
PT00005646,U002691,redeem,-412,2026-06-26 15:50:49,MOCK0001705
PT00005647,U001968,campaign_reward,664,2025-10-09 04:05:30,MOCK0006589
PT00005648,U002247,order_reward,727,2025-01-09 06:43:34,MOCK0004908
PT00005649,U000744,order_reward,560,2025-02-08 00:47:09,MOCK0008806
PT00005650,U002052,order_reward,166,2025-08-21 16:14:51,MOCK0009508
PT00005651,U000284,refund_deduct,-318,2026-04-14 15:13:52,MOCK0004489
PT00005652,U001720,order_reward,9,2025-05-19 03:13:17,MOCK0010325
PT00005653,U000402,refund_deduct,-691,2025-05-18 11:29:23,MOCK0009609
PT00005654,U002415,refund_deduct,-81,2025-09-17 14:10:11,MOCK0001571
PT00005655,U004731,order_reward,513,2025-05-03 23:55:23,MOCK0003300
PT00005656,U003676,order_reward,570,2026-01-27 00:53:13,MOCK0006661
PT00005657,U002651,campaign_reward,266,2026-05-16 21:34:01,MOCK0005548
PT00005658,U004332,order_reward,345,2026-01-20 01:02:13,MOCK0006097
PT00005659,U000603,refund_deduct,-411,2026-06-29 07:46:31,MOCK0009150
PT00005660,U004993,campaign_reward,51,2026-04-30 14:40:50,MOCK0006239
PT00005661,U004602,order_reward,612,2025-05-06 02:29:16,MOCK0007463
PT00005662,U000095,order_reward,263,2025-01-30 00:21:41,MOCK0011297
PT00005663,U003804,order_reward,65,2026-02-28 08:06:56,MOCK0008832
PT00005664,U002839,order_reward,482,2025-01-14 06:48:30,MOCK0011162
PT00005665,U004687,order_reward,575,2025-11-09 00:27:28,MOCK0001901
PT00005666,U003430,order_reward,236,2025-10-05 03:58:47,MOCK0001787
PT00005667,U004123,order_reward,206,2026-05-27 05:56:43,MOCK0010383
PT00005668,U004220,redeem,-248,2025-12-08 14:28:41,MOCK0011629
PT00005669,U001257,expire,-190,2026-08-11 17:52:37,MOCK0002866
PT00005670,U002983,order_reward,406,2025-02-18 01:56:02,MOCK0008651
PT00005671,U002884,refund_deduct,-712,2026-05-24 05:57:56,MOCK0000558
PT00005672,U002249,campaign_reward,721,2025-11-01 06:43:32,MOCK0000889
PT00005673,U002662,campaign_reward,291,2026-06-18 05:19:37,MOCK0004792
PT00005674,U004563,campaign_reward,137,2026-04-21 18:59:49,MOCK0009366
PT00005675,U002698,order_reward,397,2026-03-08 22:00:48,MOCK0000907
PT00005676,U001238,refund_deduct,-82,2025-06-01 19:30:14,MOCK0011924
PT00005677,U002681,redeem,-299,2025-08-13 22:17:45,MOCK0005639
PT00005678,U003854,order_reward,252,2025-03-18 12:46:48,MOCK0005520
PT00005679,U004043,order_reward,79,2025-08-06 02:28:41,MOCK0010759
PT00005680,U001239,order_reward,117,2025-10-15 14:30:23,MOCK0001252
PT00005681,U001877,order_reward,598,2025-02-25 19:17:05,MOCK0001294
PT00005682,U001507,campaign_reward,784,2025-04-29 02:18:59,MOCK0007508
PT00005683,U001671,order_reward,723,2026-01-01 05:14:18,MOCK0001000
PT00005684,U004544,order_reward,291,2025-05-23 12:21:58,MOCK0010719
PT00005685,U004186,order_reward,467,2026-04-10 02:28:18,MOCK0000744
PT00005686,U004422,order_reward,626,2026-06-21 16:11:24,MOCK0001917
PT00005687,U004592,campaign_reward,634,2026-02-16 15:47:36,MOCK0002369
PT00005688,U004739,redeem,-639,2025-08-21 11:34:11,MOCK0002690
PT00005689,U001806,expire,-177,2025-04-10 16:28:00,MOCK0009369
PT00005690,U003197,campaign_reward,131,2026-02-18 00:19:42,MOCK0002213
PT00005691,U003315,order_reward,175,2025-11-18 20:17:30,MOCK0000061
PT00005692,U004112,campaign_reward,705,2026-07-13 09:26:40,MOCK0000283
PT00005693,U001528,expire,-660,2026-04-20 07:25:46,MOCK0003906
PT00005694,U003795,campaign_reward,131,2025-02-18 03:35:36,MOCK0007573
PT00005695,U002099,refund_deduct,-339,2026-01-19 04:50:50,MOCK0001340
PT00005696,U000094,order_reward,777,2026-02-19 10:07:13,MOCK0011994
PT00005697,U003749,order_reward,781,2025-04-22 13:46:47,MOCK0007647
PT00005698,U004738,campaign_reward,155,2025-06-16 04:24:56,MOCK0006086
PT00005699,U001857,order_reward,185,2025-06-05 17:11:07,MOCK0006686
PT00005700,U003503,order_reward,690,2025-07-02 12:18:07,MOCK0003292
PT00005701,U001150,refund_deduct,-12,2025-09-29 09:01:34,MOCK0000197
PT00005702,U002194,expire,-637,2025-08-05 06:03:08,MOCK0000257
PT00005703,U001841,refund_deduct,-516,2026-07-10 10:32:48,MOCK0005948
PT00005704,U004787,redeem,-639,2025-05-24 20:05:56,MOCK0010221
PT00005705,U003453,refund_deduct,-336,2026-05-30 23:36:17,MOCK0010849
PT00005706,U004009,redeem,-50,2026-04-08 01:01:11,MOCK0010694
PT00005707,U000124,refund_deduct,-673,2025-08-15 04:12:46,MOCK0004805
PT00005708,U001102,order_reward,536,2025-04-21 23:49:33,MOCK0004026
PT00005709,U000114,order_reward,533,2025-07-04 02:33:59,MOCK0002628
PT00005710,U004406,order_reward,126,2025-07-09 06:24:19,MOCK0011379
PT00005711,U004440,redeem,-311,2026-01-21 17:13:18,MOCK0009558
PT00005712,U002204,order_reward,364,2026-03-05 20:01:50,MOCK0004773
PT00005713,U000463,order_reward,543,2025-12-27 06:43:23,MOCK0010060
PT00005714,U004767,order_reward,794,2026-06-09 18:42:32,MOCK0003682
PT00005715,U000908,redeem,-414,2026-06-01 23:12:07,MOCK0008030
PT00005716,U000250,order_reward,219,2025-08-09 06:21:01,MOCK0009351
PT00005717,U003186,order_reward,243,2026-07-16 08:47:18,MOCK0005575
PT00005718,U003680,refund_deduct,-223,2025-01-25 23:49:12,MOCK0006209
PT00005719,U004713,campaign_reward,655,2025-08-04 09:33:29,MOCK0007858
PT00005720,U000597,expire,-256,2026-08-03 18:13:36,MOCK0006795
PT00005721,U003458,order_reward,307,2025-12-23 06:50:54,MOCK0001511
PT00005722,U003763,redeem,-504,2025-01-15 11:48:27,MOCK0007247
PT00005723,U003255,order_reward,41,2026-08-07 19:46:55,MOCK0006231
PT00005724,U004916,campaign_reward,69,2025-09-17 23:52:10,MOCK0008604
PT00005725,U001425,order_reward,556,2025-01-01 08:12:26,MOCK0003502
PT00005726,U002050,campaign_reward,554,2025-08-04 14:43:56,MOCK0003083
PT00005727,U002856,order_reward,750,2025-10-07 13:45:22,MOCK0004701
PT00005728,U000738,expire,-777,2026-03-10 01:29:57,MOCK0003504
PT00005729,U001257,campaign_reward,799,2025-12-18 18:03:46,MOCK0011081
PT00005730,U004422,order_reward,190,2025-02-17 01:33:49,MOCK0002949
PT00005731,U004433,campaign_reward,366,2025-04-23 03:49:00,MOCK0002975
PT00005732,U000154,refund_deduct,-200,2025-12-02 20:06:57,MOCK0006212
PT00005733,U001516,campaign_reward,489,2025-02-01 11:35:38,MOCK0011648
PT00005734,U003191,campaign_reward,7,2025-11-13 10:32:55,MOCK0008747
PT00005735,U004332,order_reward,145,2025-05-21 23:18:16,MOCK0007433
PT00005736,U001260,redeem,-30,2025-04-07 19:22:15,MOCK0003837
PT00005737,U002883,redeem,-133,2025-03-21 12:17:12,MOCK0008389
PT00005738,U001651,expire,-533,2025-03-20 14:29:48,MOCK0001255
PT00005739,U002168,redeem,-503,2025-04-28 06:01:20,MOCK0005377
PT00005740,U002069,order_reward,312,2025-10-07 01:16:45,MOCK0001355
PT00005741,U000501,order_reward,345,2025-02-17 18:07:07,MOCK0009835
PT00005742,U004082,order_reward,219,2025-12-05 02:15:22,MOCK0009964
PT00005743,U001477,order_reward,603,2025-06-16 19:50:51,MOCK0004294
PT00005744,U002335,order_reward,489,2025-01-19 10:41:07,MOCK0005907
PT00005745,U003996,order_reward,718,2025-10-23 22:49:26,MOCK0009531
PT00005746,U002409,redeem,-730,2025-04-19 17:20:41,MOCK0007849
PT00005747,U000012,order_reward,606,2026-03-31 07:11:22,MOCK0010256
PT00005748,U004132,order_reward,735,2025-05-02 09:51:19,MOCK0007980
PT00005749,U000407,campaign_reward,510,2026-04-01 23:35:52,MOCK0003579
PT00005750,U002912,order_reward,633,2025-11-07 17:57:27,MOCK0007525
PT00005751,U004924,refund_deduct,-248,2026-04-24 18:28:32,MOCK0001873
PT00005752,U003059,order_reward,586,2025-04-19 21:28:19,MOCK0011732
PT00005753,U000223,order_reward,347,2025-09-10 01:40:40,MOCK0006986
PT00005754,U002048,refund_deduct,-222,2025-06-22 05:23:38,MOCK0007847
PT00005755,U003957,campaign_reward,608,2026-08-09 12:38:35,MOCK0005381
PT00005756,U001204,order_reward,289,2026-05-28 16:25:38,MOCK0000477
PT00005757,U000355,redeem,-400,2026-04-20 06:04:36,MOCK0009623
PT00005758,U002253,redeem,-795,2026-05-05 19:49:09,MOCK0004912
PT00005759,U004702,redeem,-588,2025-04-19 18:06:37,MOCK0004676
PT00005760,U002493,order_reward,393,2025-02-13 18:43:13,MOCK0007893
PT00005761,U001014,redeem,-591,2026-06-14 19:32:38,MOCK0004160
PT00005762,U001977,refund_deduct,-520,2026-08-06 16:20:25,MOCK0011570
PT00005763,U003921,campaign_reward,707,2026-08-18 23:13:19,MOCK0003006
PT00005764,U001530,expire,-768,2025-02-17 20:54:10,MOCK0004883
PT00005765,U004439,order_reward,152,2025-01-14 01:14:54,MOCK0009099
PT00005766,U003929,redeem,-765,2026-04-20 17:43:08,MOCK0005136
PT00005767,U003751,campaign_reward,277,2026-01-02 02:21:20,MOCK0010576
PT00005768,U003431,refund_deduct,-639,2026-02-01 14:01:29,MOCK0004928
PT00005769,U003067,campaign_reward,21,2025-12-05 07:23:34,MOCK0010224
PT00005770,U000465,expire,-297,2025-08-05 19:56:27,MOCK0000576
PT00005771,U004717,refund_deduct,-408,2026-03-03 17:00:25,MOCK0006293
PT00005772,U000172,order_reward,90,2026-01-26 03:37:52,MOCK0007352
PT00005773,U002638,order_reward,227,2025-03-13 08:19:22,MOCK0000748
PT00005774,U004605,campaign_reward,166,2026-07-26 21:05:20,MOCK0007578
PT00005775,U001692,order_reward,52,2025-10-18 07:08:44,MOCK0001810
PT00005776,U000447,order_reward,142,2025-04-29 13:10:29,MOCK0003703
PT00005777,U004307,campaign_reward,265,2026-01-01 00:05:52,MOCK0005747
PT00005778,U001528,expire,-428,2026-02-20 13:25:10,MOCK0000109
PT00005779,U004605,order_reward,508,2025-01-27 10:07:42,MOCK0010576
PT00005780,U002938,order_reward,42,2026-01-20 15:59:59,MOCK0000216
PT00005781,U004353,order_reward,715,2026-03-28 06:18:10,MOCK0000231
PT00005782,U002736,campaign_reward,372,2026-04-21 14:03:56,MOCK0003024
PT00005783,U003222,campaign_reward,710,2025-04-27 11:05:48,MOCK0001723
PT00005784,U000376,campaign_reward,534,2025-02-10 03:15:25,MOCK0005984
PT00005785,U000312,order_reward,254,2025-11-20 11:58:26,MOCK0010880
PT00005786,U001762,order_reward,402,2025-07-13 05:36:44,MOCK0003849
PT00005787,U003485,order_reward,560,2025-01-26 13:20:34,MOCK0006637
PT00005788,U000045,order_reward,493,2026-04-23 22:23:32,MOCK0001187
PT00005789,U000953,order_reward,527,2026-06-19 12:38:18,MOCK0000177
PT00005790,U004531,refund_deduct,-552,2026-03-14 00:08:19,MOCK0004840
PT00005791,U004924,order_reward,549,2025-10-07 17:02:14,MOCK0004423
PT00005792,U004950,redeem,-649,2026-06-21 02:28:12,MOCK0003239
PT00005793,U000421,order_reward,376,2026-06-02 06:35:18,MOCK0000900
PT00005794,U001417,order_reward,651,2026-01-15 03:37:20,MOCK0003626
PT00005795,U001708,redeem,-428,2026-08-10 11:44:42,MOCK0006437
PT00005796,U002493,order_reward,749,2025-01-13 14:46:31,MOCK0004241
PT00005797,U001194,order_reward,127,2025-05-07 13:43:04,MOCK0010980
PT00005798,U001372,order_reward,564,2025-05-19 16:13:16,MOCK0000643
PT00005799,U001661,order_reward,348,2025-09-01 00:44:50,MOCK0010249
PT00005800,U002439,campaign_reward,534,2025-05-18 10:26:15,MOCK0001026
PT00005801,U001893,order_reward,739,2026-07-23 13:08:07,MOCK0011888
PT00005802,U000942,redeem,-146,2026-08-20 21:17:09,MOCK0001047
PT00005803,U000245,order_reward,210,2026-08-20 07:34:17,MOCK0004046
PT00005804,U004628,refund_deduct,-621,2025-09-24 10:17:12,MOCK0003890
PT00005805,U000566,order_reward,350,2026-05-20 12:06:02,MOCK0010919
PT00005806,U001062,expire,-630,2025-02-01 20:00:37,MOCK0002072
PT00005807,U002190,order_reward,366,2026-02-17 02:29:16,MOCK0000024
PT00005808,U004730,campaign_reward,70,2026-05-31 17:35:39,MOCK0002711
PT00005809,U004307,order_reward,480,2025-06-30 07:25:12,MOCK0009338
PT00005810,U002293,campaign_reward,211,2026-07-31 04:47:43,MOCK0000814
PT00005811,U004873,order_reward,694,2025-07-01 11:39:21,MOCK0005238
PT00005812,U003774,order_reward,636,2025-09-12 14:54:00,MOCK0005529
PT00005813,U001052,order_reward,751,2026-07-26 12:12:57,MOCK0005315
PT00005814,U002926,redeem,-612,2026-01-29 23:12:58,MOCK0002465
PT00005815,U000093,order_reward,655,2025-05-14 08:27:05,MOCK0006074
PT00005816,U000946,redeem,-460,2025-03-20 16:08:33,MOCK0002397
PT00005817,U002427,campaign_reward,362,2025-09-05 12:42:22,MOCK0007037
PT00005818,U001420,campaign_reward,162,2025-05-07 04:09:52,MOCK0009141
PT00005819,U001313,redeem,-675,2026-07-25 14:22:55,MOCK0003678
PT00005820,U004396,redeem,-794,2026-06-06 03:00:26,MOCK0010436
PT00005821,U003117,campaign_reward,241,2026-02-01 20:57:53,MOCK0004344
PT00005822,U002453,campaign_reward,742,2025-12-26 15:19:19,MOCK0002856
PT00005823,U001891,order_reward,227,2026-02-11 20:34:57,MOCK0000715
PT00005824,U000334,redeem,-493,2025-02-06 09:36:38,MOCK0006938
PT00005825,U000918,order_reward,104,2025-04-19 06:51:32,MOCK0011460
PT00005826,U001912,order_reward,666,2026-01-05 16:04:16,MOCK0008393
PT00005827,U001322,redeem,-517,2025-05-02 13:38:39,MOCK0006490
PT00005828,U000940,campaign_reward,416,2025-05-27 05:48:04,MOCK0009042
PT00005829,U002192,redeem,-142,2026-08-04 00:49:24,MOCK0002241
PT00005830,U003660,redeem,-50,2026-03-28 16:54:48,MOCK0003850
PT00005831,U002697,order_reward,256,2026-08-15 19:37:46,MOCK0000926
PT00005832,U004429,redeem,-491,2025-06-20 20:58:24,MOCK0011828
PT00005833,U001944,redeem,-607,2025-08-29 21:17:39,MOCK0008238
PT00005834,U002762,order_reward,394,2026-07-21 20:45:17,MOCK0009528
PT00005835,U000706,order_reward,657,2026-02-06 09:13:33,MOCK0007116
PT00005836,U000219,expire,-75,2025-11-04 20:45:38,MOCK0011193
PT00005837,U004176,redeem,-402,2025-01-11 06:20:59,MOCK0001193
PT00005838,U000893,campaign_reward,574,2026-03-05 08:35:11,MOCK0008631
PT00005839,U004073,redeem,-223,2026-01-03 09:01:17,MOCK0009534
PT00005840,U002128,expire,-224,2025-05-11 22:58:49,MOCK0005285
PT00005841,U001585,campaign_reward,361,2025-07-23 15:30:36,MOCK0008438
PT00005842,U000503,order_reward,233,2025-06-05 20:19:51,MOCK0011280
PT00005843,U000858,order_reward,466,2025-10-07 07:04:03,MOCK0003755
PT00005844,U003565,refund_deduct,-11,2025-06-17 15:27:34,MOCK0002065
PT00005845,U002349,order_reward,147,2025-03-04 22:20:25,MOCK0011821
PT00005846,U003624,order_reward,100,2025-06-06 09:35:40,MOCK0007766
PT00005847,U003840,order_reward,750,2026-03-22 08:00:32,MOCK0005898
PT00005848,U003774,refund_deduct,-480,2026-03-05 05:46:55,MOCK0006258
PT00005849,U002990,campaign_reward,594,2026-05-23 11:08:59,MOCK0005570
PT00005850,U000284,redeem,-476,2025-12-28 11:23:32,MOCK0005452
PT00005851,U003181,order_reward,691,2025-03-26 10:49:27,MOCK0005408
PT00005852,U000600,redeem,-144,2025-01-22 17:07:52,MOCK0006428
PT00005853,U004319,order_reward,575,2025-03-20 08:15:34,MOCK0010542
PT00005854,U000218,campaign_reward,25,2025-09-15 23:50:09,MOCK0009897
PT00005855,U004375,campaign_reward,674,2025-04-19 03:21:44,MOCK0003997
PT00005856,U003924,redeem,-258,2026-06-06 17:57:24,MOCK0010810
PT00005857,U002045,order_reward,513,2026-04-11 22:33:06,MOCK0000203
PT00005858,U003458,expire,-121,2025-02-05 08:34:57,MOCK0007819
PT00005859,U003306,order_reward,63,2025-11-04 11:36:32,MOCK0005150
PT00005860,U000724,refund_deduct,-734,2025-06-30 18:31:28,MOCK0005266
PT00005861,U003578,expire,-583,2026-01-01 00:38:33,MOCK0011101
PT00005862,U004234,campaign_reward,496,2025-08-08 07:49:40,MOCK0003710
PT00005863,U000473,order_reward,527,2025-08-16 16:45:02,MOCK0008117
PT00005864,U003169,redeem,-780,2025-08-28 07:45:09,MOCK0011021
PT00005865,U003906,campaign_reward,631,2026-05-30 22:41:24,MOCK0007449
PT00005866,U002816,refund_deduct,-270,2026-07-23 16:26:31,MOCK0006286
PT00005867,U002220,order_reward,556,2025-05-09 18:22:04,MOCK0005795
PT00005868,U001494,order_reward,432,2025-04-29 02:06:25,MOCK0000954
PT00005869,U003491,campaign_reward,691,2025-12-26 18:10:16,MOCK0002216
PT00005870,U004860,order_reward,717,2025-05-21 20:29:29,MOCK0010349
PT00005871,U004824,order_reward,151,2025-07-29 04:06:11,MOCK0008040
PT00005872,U002421,order_reward,759,2025-04-09 00:35:50,MOCK0002683
PT00005873,U004761,campaign_reward,93,2026-06-05 00:45:15,MOCK0008341
PT00005874,U001467,order_reward,13,2025-06-22 20:54:42,MOCK0002547
PT00005875,U003067,expire,-578,2025-04-25 05:57:53,MOCK0011992
PT00005876,U002778,order_reward,664,2025-03-19 01:54:29,MOCK0000980
PT00005877,U001754,campaign_reward,194,2026-03-11 11:56:22,MOCK0008584
PT00005878,U002655,order_reward,15,2025-02-18 03:05:43,MOCK0004322
PT00005879,U001535,order_reward,564,2026-06-16 13:12:13,MOCK0003359
PT00005880,U003921,expire,-365,2026-05-22 01:56:10,MOCK0009112
PT00005881,U001390,redeem,-750,2026-04-06 21:12:39,MOCK0010858
PT00005882,U004786,order_reward,201,2026-07-17 06:47:09,MOCK0004099
PT00005883,U003082,campaign_reward,725,2025-03-29 12:04:12,MOCK0002822
PT00005884,U004726,order_reward,453,2025-05-11 20:07:30,MOCK0010150
PT00005885,U002927,redeem,-95,2026-08-01 23:27:29,MOCK0007613
PT00005886,U003083,order_reward,393,2025-06-12 04:21:31,MOCK0004844
PT00005887,U004332,order_reward,206,2026-03-15 14:36:14,MOCK0001434
PT00005888,U002829,campaign_reward,322,2025-06-19 13:06:10,MOCK0002158
PT00005889,U000742,campaign_reward,574,2026-05-07 17:28:01,MOCK0009428
PT00005890,U001403,campaign_reward,27,2025-07-05 11:40:29,MOCK0002782
PT00005891,U004335,campaign_reward,576,2026-01-05 07:36:20,MOCK0005370
PT00005892,U003929,order_reward,724,2025-10-21 05:35:51,MOCK0011159
PT00005893,U004801,refund_deduct,-300,2025-08-11 13:48:12,MOCK0002760
PT00005894,U001990,order_reward,561,2025-01-05 21:52:55,MOCK0011671
PT00005895,U002388,order_reward,276,2026-08-01 13:10:10,MOCK0000118
PT00005896,U002148,expire,-566,2026-03-16 20:59:05,MOCK0000285
PT00005897,U003551,campaign_reward,340,2025-01-12 21:00:19,MOCK0007736
PT00005898,U002645,campaign_reward,131,2025-09-21 04:31:14,MOCK0005467
PT00005899,U003289,order_reward,622,2026-07-22 05:46:04,MOCK0005808
PT00005900,U003780,redeem,-513,2026-08-12 12:17:14,MOCK0011830
PT00005901,U002300,order_reward,795,2025-08-24 18:44:46,MOCK0008447
PT00005902,U000157,order_reward,32,2025-05-16 19:15:26,MOCK0005344
PT00005903,U001246,order_reward,643,2025-12-10 20:21:27,MOCK0001625
PT00005904,U003458,campaign_reward,378,2025-10-29 22:56:40,MOCK0006943
PT00005905,U004033,order_reward,302,2025-12-06 04:16:14,MOCK0004982
PT00005906,U004501,order_reward,752,2025-12-15 09:37:49,MOCK0005321
PT00005907,U000492,order_reward,325,2026-02-15 10:20:23,MOCK0009637
PT00005908,U004043,redeem,-178,2026-04-14 06:31:35,MOCK0001135
PT00005909,U002431,order_reward,317,2025-01-27 06:53:25,MOCK0010594
PT00005910,U004774,expire,-63,2026-01-22 23:52:33,MOCK0004108
PT00005911,U002605,order_reward,576,2026-05-31 09:23:32,MOCK0004012
PT00005912,U001120,campaign_reward,583,2025-10-02 18:40:40,MOCK0004109
PT00005913,U000332,refund_deduct,-169,2026-03-08 09:49:11,MOCK0008362
PT00005914,U002817,order_reward,323,2025-07-23 03:35:58,MOCK0010095
PT00005915,U001218,order_reward,302,2025-10-10 11:06:13,MOCK0003873
PT00005916,U000044,order_reward,500,2025-05-06 23:44:28,MOCK0001060
PT00005917,U000768,campaign_reward,462,2025-10-28 07:05:53,MOCK0002327
PT00005918,U003926,order_reward,152,2026-08-18 12:32:52,MOCK0008043
PT00005919,U004861,redeem,-656,2026-04-25 12:33:41,MOCK0011162
PT00005920,U002307,expire,-67,2025-05-25 21:45:26,MOCK0000403
PT00005921,U004951,order_reward,431,2026-07-20 12:02:41,MOCK0010011
PT00005922,U004983,expire,-492,2025-11-02 17:51:53,MOCK0010053
PT00005923,U003621,order_reward,341,2025-03-06 16:22:30,MOCK0003438
PT00005924,U003144,order_reward,571,2025-02-27 22:19:33,MOCK0001757
PT00005925,U003106,refund_deduct,-705,2026-02-10 18:27:11,MOCK0005760
PT00005926,U001507,campaign_reward,305,2026-06-28 07:06:49,MOCK0000697
PT00005927,U004304,order_reward,532,2025-11-10 15:47:49,MOCK0009853
PT00005928,U004558,campaign_reward,332,2026-02-16 13:40:57,MOCK0008834
PT00005929,U000030,order_reward,13,2025-06-21 04:28:21,MOCK0002641
PT00005930,U003037,order_reward,202,2026-05-02 12:02:24,MOCK0000622
PT00005931,U002850,expire,-589,2025-01-21 04:41:47,MOCK0002019
PT00005932,U001792,order_reward,359,2025-09-30 01:38:06,MOCK0001233
PT00005933,U004852,expire,-57,2026-01-12 22:02:04,MOCK0006889
PT00005934,U001172,refund_deduct,-599,2025-02-13 13:49:46,MOCK0010558
PT00005935,U001150,order_reward,548,2025-07-03 16:10:17,MOCK0011092
PT00005936,U003685,campaign_reward,447,2026-06-19 11:31:44,MOCK0001165
PT00005937,U003173,order_reward,433,2025-02-16 05:32:23,MOCK0002442
PT00005938,U002182,order_reward,493,2025-07-08 00:44:20,MOCK0011896
PT00005939,U000227,order_reward,648,2025-11-26 14:41:45,MOCK0002040
PT00005940,U002762,refund_deduct,-675,2025-06-10 14:01:59,MOCK0006079
PT00005941,U000116,order_reward,7,2025-09-21 22:21:45,MOCK0009803
PT00005942,U000351,order_reward,509,2025-03-05 05:33:33,MOCK0000223
PT00005943,U000956,refund_deduct,-64,2025-08-07 14:15:50,MOCK0001808
PT00005944,U002909,order_reward,420,2026-01-29 04:00:59,MOCK0005698
PT00005945,U000579,order_reward,592,2026-01-26 06:32:05,MOCK0006428
PT00005946,U002392,campaign_reward,272,2025-01-07 07:51:17,MOCK0005361
PT00005947,U000761,order_reward,143,2025-08-04 22:11:39,MOCK0004745
PT00005948,U002463,redeem,-295,2025-06-29 21:38:15,MOCK0001698
PT00005949,U002095,campaign_reward,554,2025-01-19 21:39:34,MOCK0004607
PT00005950,U000041,order_reward,207,2026-06-30 14:22:15,MOCK0005063
PT00005951,U002825,order_reward,780,2025-08-21 04:05:05,MOCK0011457
PT00005952,U004051,order_reward,246,2026-05-15 14:45:36,MOCK0001285
PT00005953,U001396,refund_deduct,-410,2025-06-22 13:54:00,MOCK0004408
PT00005954,U003705,order_reward,304,2025-05-05 12:33:24,MOCK0003564
PT00005955,U000464,campaign_reward,584,2025-06-16 07:38:23,MOCK0005245
PT00005956,U003692,redeem,-688,2026-03-27 04:09:17,MOCK0010477
PT00005957,U000136,order_reward,517,2025-04-14 22:14:20,MOCK0010340
PT00005958,U003927,expire,-304,2026-05-03 08:25:23,MOCK0007293
PT00005959,U003966,campaign_reward,442,2025-07-25 13:30:29,MOCK0000664
PT00005960,U001619,order_reward,186,2026-07-08 02:05:48,MOCK0006427
PT00005961,U003302,order_reward,669,2026-04-05 08:06:12,MOCK0010557
PT00005962,U002856,order_reward,79,2025-11-11 22:28:32,MOCK0007246
PT00005963,U000721,redeem,-757,2025-07-19 00:18:14,MOCK0004519
PT00005964,U004354,redeem,-600,2026-01-19 18:09:37,MOCK0006716
PT00005965,U000616,order_reward,501,2025-10-06 12:05:35,MOCK0007611
PT00005966,U003940,order_reward,698,2025-01-23 02:28:26,MOCK0002994
PT00005967,U003732,expire,-385,2025-04-15 09:54:42,MOCK0009824
PT00005968,U002217,order_reward,87,2025-02-12 18:09:02,MOCK0009355
PT00005969,U001073,order_reward,458,2025-08-03 21:05:22,MOCK0010049
PT00005970,U002945,redeem,-40,2026-07-04 13:27:52,MOCK0004100
PT00005971,U000267,redeem,-744,2025-12-12 03:49:28,MOCK0001641
PT00005972,U003996,expire,-423,2026-08-21 18:32:54,MOCK0009580
PT00005973,U001199,order_reward,18,2026-01-19 23:03:56,MOCK0003282
PT00005974,U003831,expire,-428,2025-07-09 13:10:29,MOCK0006369
PT00005975,U001712,expire,-348,2025-03-14 07:01:15,MOCK0011869
PT00005976,U004204,order_reward,144,2026-05-28 04:26:28,MOCK0011838
PT00005977,U003470,campaign_reward,500,2026-06-07 07:49:15,MOCK0006865
PT00005978,U001831,refund_deduct,-17,2025-12-04 02:02:20,MOCK0008262
PT00005979,U003151,campaign_reward,604,2026-07-31 19:54:55,MOCK0006747
PT00005980,U003255,order_reward,107,2026-02-17 20:09:14,MOCK0002899
PT00005981,U002613,expire,-490,2025-10-16 15:33:26,MOCK0003734
PT00005982,U003307,expire,-559,2025-08-16 20:27:32,MOCK0002806
PT00005983,U001741,order_reward,316,2025-08-11 11:43:37,MOCK0002837
PT00005984,U001946,order_reward,710,2025-09-06 21:33:44,MOCK0003766
PT00005985,U000784,redeem,-505,2025-10-01 15:24:38,MOCK0002158
PT00005986,U001591,order_reward,8,2026-07-25 10:44:49,MOCK0004748
PT00005987,U002955,order_reward,391,2025-12-03 22:37:03,MOCK0000510
PT00005988,U000220,order_reward,48,2026-04-25 22:47:08,MOCK0003306
PT00005989,U003787,redeem,-140,2025-03-01 07:03:07,MOCK0011643
PT00005990,U002171,refund_deduct,-168,2025-01-29 01:31:41,MOCK0009611
PT00005991,U004929,expire,-561,2025-12-13 07:12:37,MOCK0004698
PT00005992,U003665,order_reward,708,2025-05-06 12:38:10,MOCK0000470
PT00005993,U000637,order_reward,60,2026-05-19 04:17:24,MOCK0004135
PT00005994,U001166,refund_deduct,-407,2026-03-03 10:18:53,MOCK0010522
PT00005995,U000045,refund_deduct,-725,2025-05-20 01:47:18,MOCK0010304
PT00005996,U001486,order_reward,310,2026-04-11 23:47:17,MOCK0011708
PT00005997,U002243,campaign_reward,293,2026-07-11 04:23:24,MOCK0010066
PT00005998,U000367,redeem,-274,2026-01-20 04:03:51,MOCK0000202
PT00005999,U003930,expire,-741,2025-11-08 19:36:17,MOCK0002282
PT00006000,U002175,campaign_reward,514,2025-09-08 20:01:11,MOCK0005152
PT00006001,U000087,refund_deduct,-627,2025-06-10 23:06:48,MOCK0007841
PT00006002,U003233,campaign_reward,117,2026-03-04 13:11:40,MOCK0002687
PT00006003,U001580,order_reward,674,2025-11-10 19:26:16,MOCK0004112
PT00006004,U004930,order_reward,101,2026-06-14 11:25:03,MOCK0002054
PT00006005,U002304,refund_deduct,-547,2025-09-02 17:51:24,MOCK0001788
PT00006006,U003640,campaign_reward,529,2026-02-16 07:01:05,MOCK0010400
PT00006007,U000838,campaign_reward,625,2026-05-04 00:05:49,MOCK0010406
PT00006008,U002229,order_reward,508,2026-03-30 21:54:23,MOCK0006218
PT00006009,U004062,redeem,-709,2025-11-12 17:36:22,MOCK0010085
PT00006010,U002707,campaign_reward,722,2026-07-21 17:58:57,MOCK0008649
PT00006011,U000842,redeem,-667,2025-10-04 17:20:51,MOCK0001108
PT00006012,U002130,refund_deduct,-60,2025-11-16 02:40:31,MOCK0003014
PT00006013,U001127,order_reward,129,2025-04-06 15:20:15,MOCK0002691
PT00006014,U002198,redeem,-292,2026-02-02 20:00:58,MOCK0003231
PT00006015,U002941,expire,-337,2025-08-15 16:39:54,MOCK0010234
PT00006016,U003261,order_reward,419,2026-06-11 11:19:41,MOCK0010249
PT00006017,U001610,order_reward,394,2026-02-14 21:09:40,MOCK0007662
PT00006018,U001357,expire,-449,2025-05-04 22:09:19,MOCK0001302
PT00006019,U001579,redeem,-52,2025-09-09 07:18:15,MOCK0000256
PT00006020,U001730,order_reward,730,2025-11-13 04:29:30,MOCK0009516
PT00006021,U004183,refund_deduct,-337,2025-05-19 05:25:48,MOCK0006636
PT00006022,U003406,refund_deduct,-320,2026-08-06 04:40:54,MOCK0010275
PT00006023,U003584,order_reward,638,2025-01-19 17:13:20,MOCK0007591
PT00006024,U000991,order_reward,601,2025-07-02 08:55:22,MOCK0006976
PT00006025,U004322,order_reward,338,2026-08-09 21:01:02,MOCK0004116
PT00006026,U001277,expire,-678,2025-06-17 19:40:10,MOCK0001733
PT00006027,U004075,expire,-686,2025-08-08 11:32:51,MOCK0006882
PT00006028,U000643,refund_deduct,-622,2025-12-23 11:35:59,MOCK0008378
PT00006029,U000215,campaign_reward,741,2025-02-20 18:32:41,MOCK0004345
PT00006030,U004124,order_reward,755,2026-03-08 16:33:39,MOCK0005796
PT00006031,U002442,campaign_reward,358,2026-07-06 15:11:41,MOCK0009147
PT00006032,U003935,expire,-478,2026-07-15 11:59:36,MOCK0010001
PT00006033,U004412,redeem,-325,2026-01-07 23:15:21,MOCK0000255
PT00006034,U004636,order_reward,230,2026-08-20 06:01:02,MOCK0009470
PT00006035,U002291,order_reward,559,2025-11-17 02:51:43,MOCK0003271
PT00006036,U000065,order_reward,580,2025-11-28 10:06:40,MOCK0000902
PT00006037,U004090,campaign_reward,599,2025-03-23 05:50:41,MOCK0008054
PT00006038,U004013,order_reward,355,2026-02-07 15:08:23,MOCK0009388
PT00006039,U003077,order_reward,566,2026-02-16 19:02:22,MOCK0006289
PT00006040,U001657,order_reward,246,2026-04-28 23:38:15,MOCK0006621
PT00006041,U000359,order_reward,59,2025-09-22 13:33:27,MOCK0010222
PT00006042,U002695,expire,-492,2025-06-13 21:21:36,MOCK0000402
PT00006043,U002080,campaign_reward,464,2026-03-23 21:53:33,MOCK0006281
PT00006044,U001803,expire,-433,2025-08-14 13:41:24,MOCK0005694
PT00006045,U004221,order_reward,760,2026-04-22 22:10:31,MOCK0003299
PT00006046,U001146,redeem,-545,2025-06-22 10:15:46,MOCK0003608
PT00006047,U000340,campaign_reward,606,2025-07-12 15:13:17,MOCK0004293
PT00006048,U003574,redeem,-140,2025-01-11 15:49:59,MOCK0010281
PT00006049,U000929,campaign_reward,98,2025-05-08 22:40:05,MOCK0003567
PT00006050,U001002,order_reward,462,2025-03-08 02:32:01,MOCK0011180
PT00006051,U004695,redeem,-408,2025-07-30 18:20:35,MOCK0009420
PT00006052,U002363,order_reward,429,2025-05-01 02:45:46,MOCK0010932
PT00006053,U004715,order_reward,672,2025-09-02 13:03:06,MOCK0002465
PT00006054,U003134,expire,-685,2026-07-03 10:45:42,MOCK0008005
PT00006055,U002308,redeem,-703,2026-02-07 22:18:07,MOCK0002001
PT00006056,U002280,redeem,-10,2025-11-13 07:25:25,MOCK0004122
PT00006057,U003854,redeem,-426,2025-12-20 14:25:58,MOCK0001875
PT00006058,U002698,expire,-166,2025-12-10 03:09:49,MOCK0002100
PT00006059,U002317,refund_deduct,-527,2026-02-11 03:36:39,MOCK0000853
PT00006060,U001113,redeem,-701,2025-06-09 19:01:30,MOCK0007480
PT00006061,U000167,refund_deduct,-358,2025-12-19 09:06:58,MOCK0011862
PT00006062,U000132,order_reward,677,2025-06-21 19:13:53,MOCK0005537
PT00006063,U004751,expire,-221,2025-11-09 21:42:55,MOCK0011941
PT00006064,U003058,order_reward,38,2025-03-19 20:30:04,MOCK0000665
PT00006065,U001912,order_reward,257,2026-05-10 04:29:34,MOCK0007384
PT00006066,U001525,redeem,-685,2025-05-19 09:50:05,MOCK0007041
PT00006067,U001737,redeem,-763,2026-08-01 20:45:49,MOCK0011871
PT00006068,U003777,redeem,-379,2026-06-16 09:24:55,MOCK0003147
PT00006069,U001575,campaign_reward,450,2025-03-26 23:16:41,MOCK0011274
PT00006070,U004740,order_reward,660,2025-08-25 16:04:04,MOCK0000637
PT00006071,U003870,campaign_reward,326,2025-04-16 02:13:21,MOCK0002088
PT00006072,U003301,redeem,-509,2025-02-04 02:12:36,MOCK0006255
PT00006073,U001475,campaign_reward,546,2025-12-07 14:58:10,MOCK0000318
PT00006074,U002495,campaign_reward,475,2025-11-28 06:06:51,MOCK0001207
PT00006075,U001752,expire,-568,2025-03-27 08:37:30,MOCK0005490
PT00006076,U003613,order_reward,293,2025-09-30 16:46:02,MOCK0007070
PT00006077,U003115,order_reward,188,2025-12-08 00:02:21,MOCK0009695
PT00006078,U000850,refund_deduct,-400,2025-05-29 08:17:55,MOCK0004550
PT00006079,U004225,order_reward,523,2026-06-30 16:04:23,MOCK0002042
PT00006080,U000031,campaign_reward,379,2026-01-30 01:46:54,MOCK0002622
PT00006081,U000727,order_reward,662,2025-07-13 10:15:19,MOCK0002104
PT00006082,U000111,order_reward,222,2026-06-02 13:49:52,MOCK0011680
PT00006083,U002918,campaign_reward,543,2025-02-22 06:06:08,MOCK0000282
PT00006084,U001440,campaign_reward,625,2026-08-18 22:41:53,MOCK0000620
PT00006085,U000502,campaign_reward,532,2025-01-19 11:03:31,MOCK0003480
PT00006086,U003587,refund_deduct,-556,2025-05-05 10:31:54,MOCK0006292
PT00006087,U003633,redeem,-711,2025-12-12 02:53:49,MOCK0011003
PT00006088,U000799,campaign_reward,319,2025-01-06 19:07:55,MOCK0004114
PT00006089,U002572,refund_deduct,-780,2025-01-19 13:49:11,MOCK0008118
PT00006090,U002691,order_reward,424,2025-08-29 19:34:10,MOCK0008421
PT00006091,U000198,order_reward,544,2025-11-19 00:31:03,MOCK0009547
PT00006092,U001638,redeem,-496,2025-05-29 17:03:33,MOCK0005895
PT00006093,U004002,order_reward,603,2026-08-17 11:57:12,MOCK0002409
PT00006094,U004603,redeem,-483,2025-12-07 15:49:05,MOCK0010063
PT00006095,U002068,order_reward,486,2025-05-07 16:30:34,MOCK0005211
PT00006096,U001455,campaign_reward,617,2026-04-04 20:24:34,MOCK0010901
PT00006097,U001984,order_reward,310,2025-11-19 06:20:41,MOCK0009176
PT00006098,U003848,order_reward,584,2026-06-07 14:05:12,MOCK0004006
PT00006099,U000490,order_reward,463,2025-07-18 20:51:14,MOCK0002076
PT00006100,U003287,expire,-683,2026-01-10 12:56:46,MOCK0007522
PT00006101,U004350,order_reward,484,2025-11-30 00:50:52,MOCK0001039
PT00006102,U001599,expire,-283,2025-08-03 15:03:54,MOCK0007583
PT00006103,U004665,campaign_reward,27,2025-06-14 09:29:12,MOCK0002459
PT00006104,U001737,refund_deduct,-29,2025-12-30 03:21:02,MOCK0008335
PT00006105,U001468,redeem,-297,2025-05-14 16:23:43,MOCK0002941
PT00006106,U000711,redeem,-705,2025-01-07 14:22:32,MOCK0005915
PT00006107,U000839,refund_deduct,-582,2025-04-15 02:25:16,MOCK0007006
PT00006108,U000346,redeem,-247,2026-07-01 18:53:52,MOCK0006007
PT00006109,U000886,redeem,-583,2025-11-03 01:18:54,MOCK0011171
PT00006110,U003772,order_reward,734,2026-07-08 00:11:02,MOCK0011712
PT00006111,U002050,order_reward,738,2025-12-05 20:24:04,MOCK0001841
PT00006112,U000216,order_reward,290,2026-01-08 01:48:31,MOCK0005902
PT00006113,U003041,redeem,-438,2025-11-23 10:23:15,MOCK0004792
PT00006114,U002409,expire,-766,2025-05-06 16:04:14,MOCK0001356
PT00006115,U003861,order_reward,348,2025-10-16 20:51:59,MOCK0011439
PT00006116,U004103,campaign_reward,473,2025-03-03 13:53:43,MOCK0003017
PT00006117,U003967,redeem,-294,2026-08-01 08:25:50,MOCK0007739
PT00006118,U003316,order_reward,449,2025-04-03 15:52:26,MOCK0010105
PT00006119,U001509,redeem,-738,2026-08-02 12:59:10,MOCK0010692
PT00006120,U003996,redeem,-279,2025-05-23 00:45:01,MOCK0001439
PT00006121,U001179,order_reward,419,2025-02-15 12:54:10,MOCK0004783
PT00006122,U004030,refund_deduct,-406,2025-11-17 21:17:08,MOCK0009167
PT00006123,U004550,order_reward,382,2025-01-24 00:18:40,MOCK0007693
PT00006124,U001966,campaign_reward,478,2025-02-19 20:36:31,MOCK0005666
PT00006125,U004661,redeem,-778,2026-03-13 13:51:05,MOCK0010949
PT00006126,U002000,order_reward,718,2025-10-04 19:09:05,MOCK0000634
PT00006127,U000118,order_reward,385,2025-12-16 12:42:49,MOCK0005983
PT00006128,U002243,order_reward,224,2025-04-18 12:51:39,MOCK0003625
PT00006129,U002992,order_reward,793,2025-03-02 18:10:55,MOCK0005646
PT00006130,U004355,redeem,-713,2026-01-03 12:23:47,MOCK0000885
PT00006131,U004399,expire,-796,2025-08-17 14:19:17,MOCK0004405
PT00006132,U004609,order_reward,661,2025-09-21 19:39:06,MOCK0006518
PT00006133,U003637,expire,-755,2026-07-11 00:40:03,MOCK0000491
PT00006134,U004002,redeem,-738,2025-07-07 19:13:48,MOCK0007824
PT00006135,U004596,campaign_reward,217,2025-05-29 18:35:59,MOCK0005090
PT00006136,U004731,order_reward,475,2026-06-08 04:04:01,MOCK0011883
PT00006137,U000570,expire,-173,2025-03-11 16:37:52,MOCK0007130
PT00006138,U001581,order_reward,24,2025-12-24 01:32:03,MOCK0006518
PT00006139,U000389,redeem,-176,2026-05-19 07:41:01,MOCK0002726
PT00006140,U002890,order_reward,777,2025-01-04 21:35:44,MOCK0002893
PT00006141,U002547,campaign_reward,52,2025-09-13 02:58:59,MOCK0008015
PT00006142,U003208,redeem,-677,2026-01-14 05:32:32,MOCK0001650
PT00006143,U004620,refund_deduct,-346,2025-09-20 16:36:57,MOCK0009147
PT00006144,U001739,refund_deduct,-541,2026-07-05 14:36:42,MOCK0007432
PT00006145,U002015,campaign_reward,198,2025-09-11 20:52:55,MOCK0001213
PT00006146,U004762,refund_deduct,-143,2026-02-13 20:10:56,MOCK0011266
PT00006147,U003512,order_reward,601,2026-04-20 09:49:58,MOCK0005796
PT00006148,U001503,redeem,-104,2025-07-12 07:41:19,MOCK0006532
PT00006149,U000539,order_reward,452,2025-06-13 16:45:24,MOCK0000426
PT00006150,U001700,order_reward,274,2026-03-19 11:57:51,MOCK0002099
PT00006151,U000658,expire,-418,2025-08-12 23:35:29,MOCK0002225
PT00006152,U004988,campaign_reward,109,2026-01-12 13:13:54,MOCK0002087
PT00006153,U003362,order_reward,96,2025-12-30 15:38:54,MOCK0004631
PT00006154,U004684,refund_deduct,-360,2025-04-08 16:12:10,MOCK0007558
PT00006155,U003080,redeem,-676,2025-04-07 00:43:55,MOCK0006722
PT00006156,U000120,redeem,-355,2025-02-07 06:57:39,MOCK0001042
PT00006157,U001841,order_reward,591,2026-04-26 04:00:37,MOCK0006022
PT00006158,U003323,expire,-91,2026-06-07 07:35:18,MOCK0002473
PT00006159,U000405,expire,-631,2026-06-13 22:45:57,MOCK0000184
PT00006160,U002517,expire,-33,2026-05-01 21:38:31,MOCK0006873
PT00006161,U004463,campaign_reward,488,2025-03-29 08:18:59,MOCK0001883
PT00006162,U001978,campaign_reward,427,2025-03-26 17:57:04,MOCK0009459
PT00006163,U002902,order_reward,149,2026-02-05 09:45:03,MOCK0002103
PT00006164,U004874,expire,-530,2025-12-27 10:03:01,MOCK0004598
PT00006165,U000193,order_reward,14,2025-10-21 14:43:36,MOCK0008414
PT00006166,U002353,campaign_reward,304,2025-10-18 01:41:31,MOCK0004647
PT00006167,U001735,expire,-248,2025-10-20 15:26:09,MOCK0000528
PT00006168,U002656,order_reward,615,2026-02-05 21:19:15,MOCK0007068
PT00006169,U000766,order_reward,337,2025-08-06 07:33:25,MOCK0002179
PT00006170,U004868,expire,-385,2025-01-27 06:48:51,MOCK0008688
PT00006171,U004995,campaign_reward,787,2025-05-06 10:45:16,MOCK0004987
PT00006172,U002913,order_reward,505,2025-02-05 19:44:40,MOCK0008158
PT00006173,U000761,campaign_reward,279,2025-06-17 23:28:32,MOCK0010360
PT00006174,U000881,order_reward,93,2025-10-20 18:57:34,MOCK0006003
PT00006175,U000137,campaign_reward,538,2025-04-03 15:23:56,MOCK0002974
PT00006176,U004616,redeem,-768,2025-05-30 18:25:05,MOCK0009389
PT00006177,U002052,redeem,-632,2025-05-24 20:45:49,MOCK0005788
PT00006178,U003130,refund_deduct,-462,2025-10-10 15:36:57,MOCK0005163
PT00006179,U000712,refund_deduct,-586,2026-03-13 02:54:14,MOCK0006890
PT00006180,U001175,expire,-536,2025-06-11 02:11:53,MOCK0006250
PT00006181,U000908,refund_deduct,-788,2025-10-01 03:28:44,MOCK0010920
PT00006182,U002111,refund_deduct,-792,2025-01-09 13:04:07,MOCK0006299
PT00006183,U003542,order_reward,224,2025-06-19 01:25:21,MOCK0005027
PT00006184,U000172,order_reward,207,2025-02-05 08:16:17,MOCK0005998
PT00006185,U001614,redeem,-791,2025-09-01 03:30:24,MOCK0010014
PT00006186,U004265,order_reward,437,2025-12-01 23:29:15,MOCK0006166
PT00006187,U003802,campaign_reward,794,2025-12-14 20:25:08,MOCK0010342
PT00006188,U000850,campaign_reward,666,2025-01-21 19:38:53,MOCK0008618
PT00006189,U003246,redeem,-58,2026-06-24 23:43:01,MOCK0010265
PT00006190,U004260,order_reward,523,2026-02-01 04:51:11,MOCK0009779
PT00006191,U004535,order_reward,776,2026-02-21 18:46:53,MOCK0005293
PT00006192,U002001,refund_deduct,-585,2026-01-06 23:07:36,MOCK0002339
PT00006193,U001760,order_reward,490,2025-11-16 01:38:21,MOCK0010788
PT00006194,U003816,campaign_reward,66,2025-11-26 18:40:00,MOCK0006857
PT00006195,U002891,order_reward,786,2026-08-13 15:02:10,MOCK0011816
PT00006196,U004139,campaign_reward,381,2025-04-11 09:57:58,MOCK0005600
PT00006197,U003874,order_reward,437,2025-08-06 03:48:54,MOCK0009855
PT00006198,U002464,expire,-680,2025-06-01 13:17:18,MOCK0004965
PT00006199,U003993,redeem,-191,2025-10-05 07:58:24,MOCK0002079
PT00006200,U002015,redeem,-112,2025-06-16 09:01:31,MOCK0007746
PT00006201,U003503,order_reward,663,2026-02-26 17:29:23,MOCK0005200
PT00006202,U000604,campaign_reward,737,2026-02-06 10:57:42,MOCK0000040
PT00006203,U002435,order_reward,373,2025-05-11 03:44:47,MOCK0000028
PT00006204,U004980,campaign_reward,318,2026-05-14 23:58:50,MOCK0003953
PT00006205,U001963,order_reward,646,2025-09-09 13:26:35,MOCK0001018
PT00006206,U001330,campaign_reward,87,2026-01-04 21:34:09,MOCK0002981
PT00006207,U002402,campaign_reward,647,2025-02-27 17:15:07,MOCK0006403
PT00006208,U002682,order_reward,556,2026-08-10 14:32:05,MOCK0009892
PT00006209,U003228,order_reward,454,2026-01-12 10:53:05,MOCK0004030
PT00006210,U001318,order_reward,273,2026-04-02 13:51:51,MOCK0005076
PT00006211,U002000,campaign_reward,100,2025-08-19 07:48:39,MOCK0000627
PT00006212,U002542,expire,-478,2026-02-24 19:08:18,MOCK0000097
PT00006213,U003437,order_reward,590,2025-08-30 11:32:07,MOCK0009166
PT00006214,U002748,order_reward,521,2026-01-19 09:31:55,MOCK0000194
PT00006215,U000333,order_reward,260,2025-12-23 09:46:19,MOCK0000205
PT00006216,U000045,expire,-357,2025-04-19 21:44:04,MOCK0001883
PT00006217,U000842,order_reward,470,2025-11-17 23:34:29,MOCK0001862
PT00006218,U000650,redeem,-119,2025-02-03 12:31:59,MOCK0003902
PT00006219,U004257,redeem,-84,2025-11-10 03:43:08,MOCK0006723
PT00006220,U002503,order_reward,386,2026-06-26 01:12:22,MOCK0009892
PT00006221,U003747,redeem,-34,2025-10-03 21:16:50,MOCK0002609
PT00006222,U003335,campaign_reward,503,2026-06-25 07:27:40,MOCK0004378
PT00006223,U003509,order_reward,514,2025-07-13 03:12:34,MOCK0005522
PT00006224,U003051,campaign_reward,323,2025-11-15 22:36:07,MOCK0011431
PT00006225,U000413,refund_deduct,-63,2025-07-19 01:21:54,MOCK0008763
PT00006226,U003397,order_reward,727,2025-05-19 11:19:08,MOCK0005571
PT00006227,U000398,refund_deduct,-587,2026-07-18 10:30:56,MOCK0008259
PT00006228,U000926,redeem,-115,2025-07-15 00:14:32,MOCK0002663
PT00006229,U001442,order_reward,220,2026-04-21 05:02:50,MOCK0000414
PT00006230,U004378,redeem,-198,2026-06-02 05:46:42,MOCK0011671
PT00006231,U000447,order_reward,316,2025-07-22 18:26:09,MOCK0007555
PT00006232,U004206,order_reward,299,2025-07-13 16:16:11,MOCK0011333
PT00006233,U002090,order_reward,623,2026-01-03 23:37:22,MOCK0000707
PT00006234,U000135,order_reward,628,2026-05-17 20:12:52,MOCK0009255
PT00006235,U004287,refund_deduct,-354,2026-02-22 00:30:47,MOCK0011597
PT00006236,U000125,order_reward,420,2025-01-31 18:54:27,MOCK0009636
PT00006237,U003772,campaign_reward,456,2026-07-23 08:16:42,MOCK0002138
PT00006238,U004127,campaign_reward,229,2026-06-17 08:28:54,MOCK0009246
PT00006239,U004491,order_reward,264,2025-05-01 12:50:03,MOCK0007244
PT00006240,U003050,order_reward,566,2026-02-18 02:20:40,MOCK0003280
PT00006241,U002877,order_reward,120,2025-05-15 01:08:00,MOCK0007740
PT00006242,U001316,campaign_reward,429,2025-01-01 18:07:17,MOCK0004652
PT00006243,U001084,order_reward,29,2026-07-01 07:21:10,MOCK0010264
PT00006244,U002508,order_reward,386,2026-04-26 14:47:48,MOCK0002883
PT00006245,U001627,order_reward,645,2025-10-25 23:54:55,MOCK0009528
PT00006246,U004930,order_reward,237,2026-03-24 23:01:24,MOCK0009040
PT00006247,U004352,redeem,-437,2025-10-07 07:23:32,MOCK0004926
PT00006248,U003932,redeem,-197,2025-01-12 20:01:13,MOCK0005230
PT00006249,U001793,order_reward,443,2025-07-10 15:11:04,MOCK0002943
PT00006250,U004362,order_reward,615,2025-03-29 22:46:41,MOCK0006529
PT00006251,U003457,order_reward,83,2025-08-16 17:08:14,MOCK0009491
PT00006252,U003050,campaign_reward,181,2026-02-02 01:18:15,MOCK0011387
PT00006253,U001013,redeem,-742,2026-07-23 02:48:36,MOCK0007367
PT00006254,U002811,expire,-486,2025-02-20 06:55:58,MOCK0000133
PT00006255,U004128,refund_deduct,-341,2025-05-23 20:22:42,MOCK0010788
PT00006256,U000023,order_reward,185,2025-09-14 20:59:06,MOCK0006691
PT00006257,U003455,order_reward,631,2026-07-08 10:18:37,MOCK0011102
PT00006258,U000579,order_reward,49,2025-01-10 18:48:50,MOCK0006415
PT00006259,U001049,redeem,-785,2025-11-13 08:50:58,MOCK0011751
PT00006260,U001154,refund_deduct,-405,2025-03-04 13:13:07,MOCK0008560
PT00006261,U002016,order_reward,505,2026-01-30 17:50:19,MOCK0002164
PT00006262,U000982,order_reward,600,2025-10-29 01:35:24,MOCK0000855
PT00006263,U001270,order_reward,52,2025-12-19 13:58:08,MOCK0011996
PT00006264,U002891,expire,-787,2025-03-20 23:39:08,MOCK0006424
PT00006265,U001116,order_reward,221,2026-07-08 08:28:52,MOCK0005871
PT00006266,U001647,campaign_reward,371,2025-10-26 08:17:42,MOCK0000226
PT00006267,U004519,refund_deduct,-462,2025-02-18 03:44:43,MOCK0007798
PT00006268,U002369,order_reward,398,2025-11-17 09:44:21,MOCK0010505
PT00006269,U003362,order_reward,509,2026-07-05 22:45:55,MOCK0002031
PT00006270,U002809,campaign_reward,679,2025-06-09 03:16:17,MOCK0005386
PT00006271,U004235,campaign_reward,343,2025-11-07 10:30:04,MOCK0003614
PT00006272,U000111,redeem,-13,2025-11-28 17:10:21,MOCK0002182
PT00006273,U002715,expire,-694,2025-11-18 07:18:39,MOCK0004936
PT00006274,U000056,redeem,-85,2025-03-01 11:57:26,MOCK0008813
PT00006275,U004846,order_reward,251,2026-03-24 21:07:40,MOCK0004679
PT00006276,U002706,order_reward,286,2025-12-03 01:30:32,MOCK0000605
PT00006277,U000855,expire,-380,2025-06-16 09:55:05,MOCK0005645
PT00006278,U002811,redeem,-200,2026-08-12 07:15:59,MOCK0011059
PT00006279,U003679,order_reward,275,2025-06-22 14:00:44,MOCK0008681
PT00006280,U003890,order_reward,468,2026-02-12 08:20:34,MOCK0002046
PT00006281,U004072,order_reward,640,2026-05-26 18:29:51,MOCK0007493
PT00006282,U000914,order_reward,503,2026-07-25 13:33:52,MOCK0000044
PT00006283,U000145,order_reward,475,2025-06-23 22:35:04,MOCK0001256
PT00006284,U001934,order_reward,734,2026-03-13 23:06:27,MOCK0002269
PT00006285,U000703,refund_deduct,-204,2025-02-20 13:27:21,MOCK0005390
PT00006286,U001385,campaign_reward,175,2026-01-07 03:24:13,MOCK0000029
PT00006287,U002403,order_reward,549,2025-09-29 15:34:21,MOCK0001505
PT00006288,U004839,campaign_reward,349,2026-04-03 18:29:37,MOCK0011383
PT00006289,U001493,expire,-341,2025-12-24 00:16:05,MOCK0011493
PT00006290,U000825,refund_deduct,-139,2026-01-10 05:53:47,MOCK0010058
PT00006291,U002062,redeem,-579,2025-01-06 14:03:14,MOCK0001551
PT00006292,U000314,campaign_reward,443,2025-01-14 08:02:08,MOCK0002587
PT00006293,U002708,order_reward,613,2025-10-28 02:37:16,MOCK0003281
PT00006294,U002980,order_reward,11,2025-02-25 17:02:24,MOCK0001686
PT00006295,U002458,redeem,-134,2025-12-06 08:28:42,MOCK0005438
PT00006296,U000453,redeem,-434,2025-06-29 03:17:35,MOCK0011320
PT00006297,U003451,order_reward,361,2026-04-26 16:36:49,MOCK0006475
PT00006298,U004446,campaign_reward,350,2025-04-15 11:50:16,MOCK0001923
PT00006299,U001036,order_reward,249,2025-03-27 00:47:04,MOCK0000118
PT00006300,U001375,order_reward,413,2026-04-10 02:14:17,MOCK0008456
PT00006301,U002320,refund_deduct,-509,2026-04-15 21:57:49,MOCK0007272
PT00006302,U004410,campaign_reward,81,2025-03-15 06:44:27,MOCK0007889
PT00006303,U002504,redeem,-642,2025-05-19 19:04:08,MOCK0010197
PT00006304,U002535,campaign_reward,106,2026-07-19 02:05:30,MOCK0007299
PT00006305,U003851,order_reward,108,2025-05-26 00:05:32,MOCK0009399
PT00006306,U001352,refund_deduct,-78,2026-04-16 14:27:23,MOCK0001121
PT00006307,U003185,redeem,-640,2025-10-31 19:50:20,MOCK0009913
PT00006308,U002790,order_reward,198,2026-01-01 14:56:06,MOCK0007375
PT00006309,U002326,order_reward,50,2026-05-04 04:40:06,MOCK0007524
PT00006310,U002156,order_reward,345,2026-02-02 13:24:07,MOCK0005482
PT00006311,U004937,order_reward,390,2025-10-02 20:09:06,MOCK0000680
PT00006312,U001547,order_reward,507,2026-06-27 08:39:35,MOCK0010138
PT00006313,U001792,refund_deduct,-25,2025-08-13 09:23:20,MOCK0001860
PT00006314,U002369,campaign_reward,542,2025-10-24 22:46:46,MOCK0001296
PT00006315,U002729,order_reward,202,2025-02-01 05:55:53,MOCK0003757
PT00006316,U003516,expire,-265,2026-03-05 13:29:38,MOCK0005765
PT00006317,U004940,redeem,-538,2025-08-30 19:08:35,MOCK0004289
PT00006318,U002614,order_reward,523,2025-02-15 15:37:39,MOCK0008656
PT00006319,U002729,campaign_reward,61,2025-09-24 16:59:01,MOCK0009268
PT00006320,U001074,order_reward,493,2025-12-03 18:51:59,MOCK0008890
PT00006321,U002864,order_reward,194,2025-05-06 00:04:17,MOCK0004788
PT00006322,U001817,campaign_reward,293,2026-02-21 02:50:24,MOCK0010249
PT00006323,U002926,order_reward,624,2025-11-24 00:39:05,MOCK0001657
PT00006324,U004946,order_reward,378,2025-10-15 06:08:08,MOCK0010194
PT00006325,U000145,order_reward,66,2026-04-10 07:29:44,MOCK0011400
PT00006326,U004632,order_reward,188,2025-06-19 09:04:18,MOCK0000326
PT00006327,U001225,order_reward,334,2025-11-02 18:58:20,MOCK0000526
PT00006328,U001225,order_reward,483,2025-10-06 02:13:15,MOCK0006453
PT00006329,U000473,order_reward,298,2025-10-21 03:42:23,MOCK0008721
PT00006330,U000309,campaign_reward,629,2026-01-31 12:59:36,MOCK0008647
PT00006331,U000802,campaign_reward,548,2025-07-27 12:28:10,MOCK0001528
PT00006332,U000567,order_reward,778,2025-08-17 22:32:11,MOCK0001237
PT00006333,U001770,order_reward,43,2026-06-06 04:10:20,MOCK0001863
PT00006334,U001061,order_reward,579,2025-12-03 02:27:01,MOCK0007638
PT00006335,U001486,order_reward,674,2025-02-05 19:09:13,MOCK0001428
PT00006336,U001930,redeem,-796,2026-02-10 03:14:06,MOCK0011353
PT00006337,U002792,campaign_reward,136,2026-04-28 01:02:56,MOCK0004410
PT00006338,U001065,redeem,-203,2025-01-07 09:07:28,MOCK0011596
PT00006339,U002346,order_reward,130,2026-08-08 15:22:03,MOCK0011360
PT00006340,U001511,campaign_reward,622,2025-10-31 12:41:08,MOCK0004275
PT00006341,U004233,order_reward,661,2026-04-03 11:56:06,MOCK0008218
PT00006342,U002833,expire,-316,2025-04-29 01:15:05,MOCK0002623
PT00006343,U000459,refund_deduct,-772,2025-08-24 20:47:49,MOCK0007553
PT00006344,U001766,order_reward,25,2025-10-17 14:54:39,MOCK0001479
PT00006345,U001070,order_reward,595,2026-03-26 17:04:24,MOCK0003551
PT00006346,U001607,order_reward,779,2026-02-23 02:42:37,MOCK0003943
PT00006347,U000735,order_reward,431,2025-02-08 18:19:45,MOCK0004495
PT00006348,U001806,campaign_reward,681,2026-06-09 19:49:59,MOCK0008420
PT00006349,U001451,order_reward,50,2026-01-18 19:06:34,MOCK0002334
PT00006350,U001656,order_reward,629,2026-04-28 09:10:59,MOCK0005848
PT00006351,U003070,order_reward,57,2026-03-30 23:54:30,MOCK0002778
PT00006352,U001689,refund_deduct,-667,2025-10-29 16:30:32,MOCK0010851
PT00006353,U001564,order_reward,250,2026-02-04 21:53:07,MOCK0008152
PT00006354,U004856,redeem,-272,2025-05-10 10:06:51,MOCK0003003
PT00006355,U001965,order_reward,238,2026-06-15 18:13:33,MOCK0004704
PT00006356,U001542,redeem,-8,2025-06-03 01:47:06,MOCK0011212
PT00006357,U002430,expire,-191,2025-06-01 09:48:09,MOCK0000121
PT00006358,U004532,campaign_reward,470,2025-11-26 10:30:40,MOCK0007141
PT00006359,U004057,order_reward,671,2025-01-01 22:21:04,MOCK0001845
PT00006360,U000987,campaign_reward,117,2025-12-18 22:08:05,MOCK0001130
PT00006361,U000433,order_reward,712,2025-03-04 14:18:49,MOCK0003788
PT00006362,U001795,expire,-12,2026-01-11 02:18:07,MOCK0002953
PT00006363,U002604,order_reward,215,2025-03-12 13:47:46,MOCK0011535
PT00006364,U000257,order_reward,258,2026-05-21 13:51:27,MOCK0007029
PT00006365,U002160,order_reward,148,2026-03-13 15:39:40,MOCK0011516
PT00006366,U000376,campaign_reward,607,2025-02-28 00:43:39,MOCK0002810
PT00006367,U001707,campaign_reward,774,2025-01-05 14:40:07,MOCK0000641
PT00006368,U003443,order_reward,590,2026-05-09 05:49:58,MOCK0002168
PT00006369,U000335,refund_deduct,-361,2025-09-02 22:32:48,MOCK0000099
PT00006370,U001419,refund_deduct,-763,2025-06-30 02:55:44,MOCK0001035
PT00006371,U001246,expire,-124,2026-01-24 04:16:14,MOCK0010708
PT00006372,U001979,order_reward,535,2025-03-25 23:13:23,MOCK0000568
PT00006373,U001506,order_reward,122,2026-01-14 10:27:56,MOCK0007199
PT00006374,U000490,campaign_reward,273,2025-12-31 13:09:08,MOCK0005348
PT00006375,U002390,order_reward,137,2026-03-08 20:42:34,MOCK0003897
PT00006376,U001909,order_reward,584,2026-04-19 00:27:33,MOCK0007220
PT00006377,U002153,refund_deduct,-662,2025-01-31 07:02:13,MOCK0004374
PT00006378,U004145,campaign_reward,692,2026-06-20 09:59:25,MOCK0001349
PT00006379,U002423,expire,-747,2025-03-04 11:38:26,MOCK0000466
PT00006380,U003441,refund_deduct,-374,2026-05-06 11:08:38,MOCK0003968
PT00006381,U003772,order_reward,795,2025-08-22 17:36:31,MOCK0007563
PT00006382,U000461,campaign_reward,71,2026-07-25 22:36:14,MOCK0002586
PT00006383,U001183,redeem,-268,2026-05-23 02:00:58,MOCK0007571
PT00006384,U004165,expire,-340,2026-04-29 04:07:16,MOCK0004260
PT00006385,U002250,campaign_reward,501,2026-03-13 04:27:47,MOCK0011934
PT00006386,U000816,redeem,-280,2026-06-21 02:09:50,MOCK0003397
PT00006387,U000131,order_reward,508,2025-06-27 13:32:43,MOCK0009844
PT00006388,U004866,order_reward,760,2025-07-28 10:59:57,MOCK0011846
PT00006389,U004748,order_reward,318,2025-10-05 21:08:11,MOCK0003058
PT00006390,U003712,refund_deduct,-718,2026-02-06 06:03:36,MOCK0000659
PT00006391,U000745,redeem,-523,2025-01-11 22:13:21,MOCK0003796
PT00006392,U002602,refund_deduct,-514,2026-02-02 19:46:14,MOCK0010148
PT00006393,U003334,campaign_reward,557,2026-07-25 23:19:37,MOCK0007663
PT00006394,U003832,order_reward,539,2026-02-15 22:48:34,MOCK0000094
PT00006395,U003791,order_reward,511,2025-11-27 20:41:57,MOCK0007016
PT00006396,U003868,redeem,-654,2026-04-04 08:10:23,MOCK0003468
PT00006397,U000150,order_reward,59,2026-06-05 10:04:10,MOCK0009114
PT00006398,U001127,order_reward,278,2025-06-25 01:14:54,MOCK0002605
PT00006399,U000631,refund_deduct,-387,2026-04-05 05:30:08,MOCK0009501
PT00006400,U000126,order_reward,619,2025-04-05 09:12:47,MOCK0003187
PT00006401,U004902,order_reward,300,2026-03-07 21:28:23,MOCK0001619
PT00006402,U001953,order_reward,792,2026-03-30 11:41:09,MOCK0002048
PT00006403,U003005,order_reward,626,2026-07-31 00:53:41,MOCK0010991
PT00006404,U004434,campaign_reward,588,2025-01-15 00:03:56,MOCK0003989
PT00006405,U004709,campaign_reward,730,2025-02-02 03:29:54,MOCK0006207
PT00006406,U002415,refund_deduct,-438,2025-10-16 12:41:46,MOCK0009147
PT00006407,U001984,order_reward,90,2025-12-07 08:11:58,MOCK0005932
PT00006408,U001365,campaign_reward,668,2025-04-17 10:39:18,MOCK0004605
PT00006409,U004335,order_reward,132,2026-04-19 11:17:45,MOCK0007326
PT00006410,U000550,order_reward,742,2025-06-12 21:32:16,MOCK0009922
PT00006411,U000251,campaign_reward,81,2026-04-02 23:06:53,MOCK0005154
PT00006412,U000126,campaign_reward,245,2025-04-17 10:37:14,MOCK0008710
PT00006413,U001712,order_reward,204,2025-10-31 16:37:25,MOCK0004523
PT00006414,U001140,redeem,-28,2025-02-17 00:25:57,MOCK0004296
PT00006415,U001968,redeem,-135,2025-06-02 00:57:09,MOCK0004935
PT00006416,U003820,order_reward,131,2025-01-23 00:35:08,MOCK0000891
PT00006417,U001892,order_reward,353,2026-05-11 09:36:57,MOCK0003869
PT00006418,U002879,expire,-778,2026-04-02 05:11:33,MOCK0009458
PT00006419,U004759,order_reward,623,2026-07-28 13:15:53,MOCK0007004
PT00006420,U001691,campaign_reward,431,2025-05-02 02:28:49,MOCK0008991
PT00006421,U003992,order_reward,720,2026-01-04 01:01:10,MOCK0009452
PT00006422,U004436,redeem,-607,2026-01-28 14:12:30,MOCK0000589
PT00006423,U002096,redeem,-315,2025-09-28 03:27:27,MOCK0011641
PT00006424,U000260,campaign_reward,364,2026-03-15 04:23:32,MOCK0009555
PT00006425,U003923,refund_deduct,-357,2026-04-05 23:43:27,MOCK0001012
PT00006426,U004263,order_reward,481,2026-06-15 18:15:42,MOCK0002038
PT00006427,U003402,order_reward,771,2026-05-05 09:45:43,MOCK0010088
PT00006428,U000197,order_reward,103,2025-04-06 15:06:14,MOCK0005454
PT00006429,U003412,order_reward,242,2025-03-12 08:21:24,MOCK0007866
PT00006430,U004930,redeem,-368,2025-12-15 15:32:09,MOCK0011453
PT00006431,U003568,order_reward,713,2025-02-09 03:39:55,MOCK0001000
PT00006432,U002254,refund_deduct,-20,2026-04-29 07:13:15,MOCK0005557
PT00006433,U003182,redeem,-531,2025-04-19 05:01:48,MOCK0004300
PT00006434,U001896,expire,-262,2025-09-18 18:42:41,MOCK0004399
PT00006435,U002537,redeem,-53,2025-01-31 22:39:36,MOCK0009808
PT00006436,U004624,redeem,-315,2026-02-19 07:08:30,MOCK0005894
PT00006437,U004805,order_reward,600,2025-10-26 12:54:27,MOCK0002644
PT00006438,U003275,refund_deduct,-464,2025-05-13 00:21:23,MOCK0004768
PT00006439,U001878,campaign_reward,396,2025-04-17 11:37:18,MOCK0003145
PT00006440,U000971,order_reward,64,2026-04-18 22:46:13,MOCK0004838
PT00006441,U000188,order_reward,124,2026-08-06 15:05:49,MOCK0000461
PT00006442,U001917,order_reward,15,2025-11-11 06:41:57,MOCK0007508
PT00006443,U004340,campaign_reward,33,2025-06-29 04:21:46,MOCK0002741
PT00006444,U001825,order_reward,707,2026-08-05 10:33:39,MOCK0004908
PT00006445,U002861,redeem,-274,2025-06-25 00:37:20,MOCK0001759
PT00006446,U000100,order_reward,188,2026-03-31 23:24:25,MOCK0006577
PT00006447,U001682,campaign_reward,559,2025-01-28 14:46:23,MOCK0004739
PT00006448,U002507,refund_deduct,-740,2025-03-18 11:12:34,MOCK0004055
PT00006449,U002056,expire,-229,2025-01-21 18:38:27,MOCK0007869
PT00006450,U004285,order_reward,615,2025-04-14 04:40:23,MOCK0005793
PT00006451,U004925,refund_deduct,-737,2025-07-07 15:06:15,MOCK0000400
PT00006452,U001535,expire,-318,2026-07-22 06:54:22,MOCK0010918
PT00006453,U004631,order_reward,223,2025-06-22 03:12:39,MOCK0007835
PT00006454,U004869,order_reward,405,2025-05-25 16:43:32,MOCK0011021
PT00006455,U001955,order_reward,162,2025-01-16 05:24:54,MOCK0006072
PT00006456,U001151,expire,-374,2025-06-21 05:30:10,MOCK0004474
PT00006457,U001084,order_reward,50,2025-04-02 06:29:34,MOCK0006003
PT00006458,U002245,redeem,-632,2025-02-08 23:07:29,MOCK0001660
PT00006459,U003650,expire,-527,2026-06-14 22:21:25,MOCK0011234
PT00006460,U001708,order_reward,756,2025-07-12 20:50:10,MOCK0010652
PT00006461,U003347,refund_deduct,-417,2026-03-06 14:53:50,MOCK0011864
PT00006462,U002400,redeem,-730,2026-06-22 07:20:47,MOCK0008476
PT00006463,U001040,redeem,-31,2025-09-29 06:41:19,MOCK0005391
PT00006464,U004570,order_reward,12,2025-03-03 11:38:03,MOCK0006109
PT00006465,U000940,order_reward,55,2025-04-27 13:11:30,MOCK0001847
PT00006466,U001718,redeem,-758,2025-02-23 08:09:58,MOCK0000562
PT00006467,U004755,campaign_reward,666,2025-09-14 12:52:59,MOCK0007161
PT00006468,U001154,order_reward,386,2026-04-26 22:19:15,MOCK0004487
PT00006469,U002102,order_reward,13,2025-05-02 02:06:39,MOCK0006577
PT00006470,U000038,order_reward,753,2026-01-28 01:32:16,MOCK0005257
PT00006471,U000633,campaign_reward,75,2025-07-09 11:22:03,MOCK0005025
PT00006472,U004570,refund_deduct,-661,2026-05-28 01:41:23,MOCK0004617
PT00006473,U002016,campaign_reward,652,2025-02-05 17:21:37,MOCK0009086
PT00006474,U001572,campaign_reward,92,2025-06-25 13:52:29,MOCK0008628
PT00006475,U001785,campaign_reward,616,2026-06-18 07:25:34,MOCK0005008
PT00006476,U002449,refund_deduct,-227,2026-01-18 07:33:57,MOCK0011423
PT00006477,U003924,redeem,-276,2025-08-06 00:41:51,MOCK0002725
PT00006478,U003620,redeem,-301,2026-06-18 14:55:46,MOCK0000930
PT00006479,U001178,redeem,-46,2025-03-07 06:56:53,MOCK0007713
PT00006480,U003275,order_reward,463,2026-04-12 12:45:59,MOCK0009570
PT00006481,U003047,redeem,-244,2025-10-06 05:32:19,MOCK0005631
PT00006482,U001074,expire,-352,2026-01-14 14:09:58,MOCK0009244
PT00006483,U003602,order_reward,261,2025-04-26 07:52:56,MOCK0006735
PT00006484,U004810,campaign_reward,368,2025-04-28 05:31:12,MOCK0007015
PT00006485,U003491,refund_deduct,-47,2025-08-24 03:30:07,MOCK0011620
PT00006486,U002829,order_reward,239,2025-08-19 01:01:30,MOCK0002376
PT00006487,U004457,order_reward,300,2026-06-27 03:03:40,MOCK0009512
PT00006488,U001584,redeem,-74,2025-07-08 12:10:12,MOCK0005026
PT00006489,U003625,expire,-704,2026-06-17 18:06:12,MOCK0008106
PT00006490,U000775,campaign_reward,664,2026-02-18 12:35:37,MOCK0009126
PT00006491,U003467,expire,-215,2025-11-19 01:46:37,MOCK0002181
PT00006492,U001365,campaign_reward,142,2025-11-05 04:47:49,MOCK0005668
PT00006493,U000604,expire,-124,2025-04-05 04:43:05,MOCK0009353
PT00006494,U001977,refund_deduct,-251,2026-05-26 05:49:28,MOCK0002257
PT00006495,U002632,order_reward,548,2026-05-27 11:18:41,MOCK0001644
PT00006496,U000010,campaign_reward,504,2025-11-02 12:15:22,MOCK0008698
PT00006497,U000426,expire,-248,2025-03-10 20:08:27,MOCK0007813
PT00006498,U003598,redeem,-97,2025-06-06 06:34:23,MOCK0006664
PT00006499,U000547,order_reward,108,2026-07-25 16:07:42,MOCK0003261
PT00006500,U004374,order_reward,519,2025-01-26 13:29:41,MOCK0005712
PT00006501,U004463,order_reward,118,2026-08-03 07:29:02,MOCK0004319
PT00006502,U003956,order_reward,302,2026-05-02 09:51:32,MOCK0002254
PT00006503,U003666,order_reward,723,2026-04-01 06:35:33,MOCK0006951
PT00006504,U000295,order_reward,666,2026-02-06 21:32:30,MOCK0008086
PT00006505,U000359,redeem,-734,2025-09-13 08:23:33,MOCK0003988
PT00006506,U004667,order_reward,754,2025-04-16 22:02:05,MOCK0011580
PT00006507,U000522,order_reward,664,2025-04-18 14:45:23,MOCK0002323
PT00006508,U003531,campaign_reward,426,2026-05-23 04:41:27,MOCK0008968
PT00006509,U001600,campaign_reward,603,2025-05-16 04:31:55,MOCK0010803
PT00006510,U003966,expire,-674,2026-06-05 00:16:28,MOCK0007863
PT00006511,U004755,order_reward,611,2026-07-04 23:39:41,MOCK0004065
PT00006512,U000267,campaign_reward,492,2025-07-22 21:35:05,MOCK0010838
PT00006513,U002055,refund_deduct,-199,2025-01-23 06:17:06,MOCK0002384
PT00006514,U001754,campaign_reward,309,2025-07-29 03:01:23,MOCK0006222
PT00006515,U003786,order_reward,602,2025-12-24 00:33:12,MOCK0003254
PT00006516,U002306,order_reward,725,2026-07-06 08:41:06,MOCK0011588
PT00006517,U001726,order_reward,301,2025-02-03 07:53:14,MOCK0003883
PT00006518,U003712,expire,-116,2025-04-30 17:00:21,MOCK0008474
PT00006519,U001234,campaign_reward,328,2026-05-02 06:38:12,MOCK0009322
PT00006520,U003661,expire,-540,2025-01-13 05:31:34,MOCK0006845
PT00006521,U000967,order_reward,145,2025-01-01 05:49:35,MOCK0001215
PT00006522,U003884,expire,-190,2025-04-22 14:16:13,MOCK0011619
PT00006523,U000187,campaign_reward,731,2025-06-28 09:09:42,MOCK0002144
PT00006524,U001397,campaign_reward,647,2026-03-08 00:21:08,MOCK0007901
PT00006525,U004554,order_reward,174,2026-01-13 05:38:59,MOCK0010118
PT00006526,U004112,refund_deduct,-561,2026-06-12 10:15:01,MOCK0004345
PT00006527,U003678,expire,-42,2025-10-20 08:16:24,MOCK0000261
PT00006528,U001352,redeem,-729,2026-08-02 00:20:22,MOCK0006018
PT00006529,U003706,campaign_reward,591,2025-08-07 22:29:13,MOCK0009681
PT00006530,U001973,order_reward,259,2026-04-22 00:09:40,MOCK0001593
PT00006531,U002082,redeem,-190,2026-03-04 19:36:09,MOCK0001324
PT00006532,U000125,campaign_reward,196,2026-05-16 01:26:03,MOCK0008591
PT00006533,U001883,order_reward,632,2025-04-28 05:12:05,MOCK0006635
PT00006534,U003008,expire,-48,2025-09-18 22:15:55,MOCK0009554
PT00006535,U003627,refund_deduct,-392,2025-05-05 14:42:58,MOCK0004499
PT00006536,U003886,refund_deduct,-51,2025-01-06 05:22:31,MOCK0009574
PT00006537,U003595,refund_deduct,-119,2025-11-15 11:13:20,MOCK0003651
PT00006538,U001234,order_reward,673,2025-06-16 01:51:44,MOCK0002096
PT00006539,U001122,redeem,-205,2026-04-15 14:18:29,MOCK0006894
PT00006540,U003088,order_reward,584,2025-04-09 12:55:10,MOCK0002646
PT00006541,U002812,order_reward,148,2026-06-26 01:53:17,MOCK0009085
PT00006542,U000074,order_reward,476,2025-02-26 10:29:29,MOCK0007610
PT00006543,U001631,order_reward,796,2026-03-24 18:08:35,MOCK0009352
PT00006544,U004937,order_reward,179,2026-01-17 16:05:28,MOCK0002542
PT00006545,U000735,order_reward,619,2025-07-17 11:26:47,MOCK0011251
PT00006546,U002603,refund_deduct,-189,2025-12-22 12:50:17,MOCK0001205
PT00006547,U003482,campaign_reward,658,2026-06-21 16:13:58,MOCK0004324
PT00006548,U003462,order_reward,235,2025-11-02 19:46:10,MOCK0011751
PT00006549,U004754,refund_deduct,-401,2026-02-17 23:28:01,MOCK0002647
PT00006550,U002499,order_reward,540,2025-07-03 13:37:02,MOCK0001276
PT00006551,U001239,order_reward,642,2025-11-11 18:43:29,MOCK0011891
PT00006552,U001675,redeem,-209,2025-07-10 10:36:35,MOCK0004431
PT00006553,U001561,order_reward,101,2025-09-16 19:48:03,MOCK0004077
PT00006554,U002247,campaign_reward,581,2026-02-20 01:58:59,MOCK0002122
PT00006555,U001446,campaign_reward,415,2025-02-02 13:33:38,MOCK0008970
PT00006556,U001058,order_reward,727,2026-07-21 17:06:26,MOCK0007679
PT00006557,U000043,expire,-560,2025-08-16 08:44:27,MOCK0000121
PT00006558,U001110,order_reward,161,2025-09-05 08:43:18,MOCK0006650
PT00006559,U002938,redeem,-16,2026-05-02 11:15:38,MOCK0005864
PT00006560,U004494,order_reward,52,2025-04-22 11:31:13,MOCK0002480
PT00006561,U003981,redeem,-280,2026-04-10 23:03:21,MOCK0009452
PT00006562,U002512,order_reward,793,2025-09-10 07:44:04,MOCK0002857
PT00006563,U002825,redeem,-759,2025-04-07 20:53:50,MOCK0002265
PT00006564,U000559,order_reward,436,2025-08-13 22:34:42,MOCK0004288
PT00006565,U002784,order_reward,272,2025-04-10 16:42:44,MOCK0007445
PT00006566,U004869,campaign_reward,277,2026-08-11 22:15:10,MOCK0005559
PT00006567,U003930,campaign_reward,492,2026-08-16 17:27:53,MOCK0009557
PT00006568,U000414,order_reward,11,2026-02-23 06:21:47,MOCK0002041
PT00006569,U004613,order_reward,405,2025-07-05 19:45:02,MOCK0001197
PT00006570,U002879,order_reward,230,2026-05-24 00:28:02,MOCK0003116
PT00006571,U004031,order_reward,79,2025-11-22 11:58:58,MOCK0002866
PT00006572,U003624,refund_deduct,-124,2026-08-16 17:48:32,MOCK0002064
PT00006573,U004906,redeem,-365,2025-05-10 07:35:45,MOCK0011424
PT00006574,U000704,order_reward,248,2026-05-03 09:49:37,MOCK0009943
PT00006575,U001164,order_reward,569,2025-11-20 08:15:25,MOCK0001703
PT00006576,U001915,order_reward,389,2025-09-29 05:54:49,MOCK0002067
PT00006577,U001313,campaign_reward,403,2025-12-06 14:40:40,MOCK0001353
PT00006578,U003625,refund_deduct,-486,2026-07-27 01:57:08,MOCK0000966
PT00006579,U002381,campaign_reward,297,2025-07-03 14:31:57,MOCK0006127
PT00006580,U000454,campaign_reward,514,2025-01-22 20:16:00,MOCK0002703
PT00006581,U004273,order_reward,522,2025-08-25 15:30:10,MOCK0007740
PT00006582,U002968,expire,-235,2025-06-13 17:47:05,MOCK0006755
PT00006583,U004770,order_reward,156,2025-07-13 07:56:18,MOCK0006456
PT00006584,U002724,order_reward,532,2025-04-29 09:02:17,MOCK0009848
PT00006585,U003892,order_reward,194,2026-03-27 02:59:15,MOCK0004855
PT00006586,U001747,expire,-405,2025-11-16 04:41:44,MOCK0009176
PT00006587,U001733,order_reward,231,2026-07-01 07:25:10,MOCK0001810
PT00006588,U002049,refund_deduct,-50,2025-01-08 13:27:01,MOCK0003764
PT00006589,U001483,order_reward,307,2026-06-06 15:09:50,MOCK0007310
PT00006590,U002252,order_reward,424,2026-03-29 01:27:36,MOCK0011212
PT00006591,U001776,refund_deduct,-282,2026-07-04 21:50:00,MOCK0003342
PT00006592,U001741,refund_deduct,-314,2025-11-02 21:26:14,MOCK0006898
PT00006593,U003875,expire,-425,2025-04-18 18:34:17,MOCK0010801
PT00006594,U002651,order_reward,335,2025-10-18 03:13:27,MOCK0007193
PT00006595,U002317,order_reward,410,2025-05-19 09:03:59,MOCK0008943
PT00006596,U002324,order_reward,439,2025-04-26 07:26:26,MOCK0008074
PT00006597,U002759,order_reward,416,2025-09-16 06:46:55,MOCK0007256
PT00006598,U002481,campaign_reward,417,2025-07-26 10:10:40,MOCK0011078
PT00006599,U002468,refund_deduct,-742,2025-01-26 00:19:52,MOCK0000357
PT00006600,U002833,campaign_reward,624,2025-03-03 05:20:45,MOCK0001486
PT00006601,U004751,order_reward,97,2026-06-01 04:39:26,MOCK0004722
PT00006602,U004000,refund_deduct,-336,2025-11-10 08:15:28,MOCK0004641
PT00006603,U003781,order_reward,184,2026-05-24 12:13:13,MOCK0002897
PT00006604,U004528,order_reward,410,2025-11-11 07:22:39,MOCK0003525
PT00006605,U001420,campaign_reward,650,2025-09-15 19:32:25,MOCK0003410
PT00006606,U002429,redeem,-346,2025-06-23 19:07:48,MOCK0001402
PT00006607,U001942,expire,-561,2025-05-21 19:47:04,MOCK0000002
PT00006608,U001981,redeem,-271,2026-05-04 23:50:04,MOCK0009158
PT00006609,U000446,campaign_reward,345,2025-06-28 00:04:12,MOCK0000065
PT00006610,U003823,order_reward,547,2025-01-23 18:17:22,MOCK0009878
PT00006611,U001653,order_reward,498,2026-02-14 05:24:54,MOCK0002973
PT00006612,U000421,campaign_reward,268,2025-05-10 12:24:34,MOCK0007616
PT00006613,U003296,refund_deduct,-104,2025-11-29 19:34:15,MOCK0009584
PT00006614,U003480,expire,-63,2026-08-05 20:26:29,MOCK0011387
PT00006615,U004775,order_reward,377,2025-09-23 02:19:26,MOCK0003992
PT00006616,U003332,order_reward,620,2026-02-17 20:36:33,MOCK0009984
PT00006617,U004693,expire,-137,2026-07-13 21:01:36,MOCK0003606
PT00006618,U002996,order_reward,349,2025-08-20 12:37:36,MOCK0011790
PT00006619,U000238,order_reward,568,2026-07-13 02:01:11,MOCK0002735
PT00006620,U003447,redeem,-334,2025-02-11 20:10:54,MOCK0006723
PT00006621,U001622,order_reward,316,2025-02-10 01:01:44,MOCK0008507
PT00006622,U003732,campaign_reward,40,2025-11-14 03:04:58,MOCK0001977
PT00006623,U003946,campaign_reward,778,2026-07-06 22:09:53,MOCK0009644
PT00006624,U004660,expire,-789,2025-06-25 10:10:15,MOCK0004112
PT00006625,U002247,order_reward,186,2025-01-15 02:50:11,MOCK0008005
PT00006626,U002984,redeem,-204,2025-01-27 15:31:22,MOCK0003755
PT00006627,U004690,campaign_reward,769,2025-11-12 19:24:46,MOCK0002843
PT00006628,U004446,order_reward,187,2025-06-18 08:20:15,MOCK0004744
PT00006629,U000631,campaign_reward,132,2026-07-29 22:41:05,MOCK0003552
PT00006630,U001715,campaign_reward,43,2025-01-07 18:37:24,MOCK0011834
PT00006631,U003847,redeem,-141,2026-04-24 18:01:22,MOCK0006908
PT00006632,U004045,refund_deduct,-417,2025-01-31 11:01:59,MOCK0005724
PT00006633,U003345,refund_deduct,-49,2025-03-17 03:57:51,MOCK0002348
PT00006634,U001733,expire,-423,2025-07-24 06:55:19,MOCK0001745
PT00006635,U000632,order_reward,347,2025-02-21 07:28:45,MOCK0010435
PT00006636,U004379,campaign_reward,695,2025-06-24 08:26:51,MOCK0011036
PT00006637,U004269,order_reward,86,2025-07-29 10:43:27,MOCK0011056
PT00006638,U000832,campaign_reward,324,2026-06-03 21:58:19,MOCK0005508
PT00006639,U000489,campaign_reward,191,2026-04-26 18:27:01,MOCK0008000
PT00006640,U000244,campaign_reward,253,2026-05-03 02:54:17,MOCK0004527
PT00006641,U001721,order_reward,651,2025-11-26 12:02:12,MOCK0000761
PT00006642,U000887,order_reward,244,2025-05-03 08:25:40,MOCK0009169
PT00006643,U004217,order_reward,98,2025-01-08 22:19:37,MOCK0006410
PT00006644,U001803,redeem,-16,2026-04-23 01:10:03,MOCK0002303
PT00006645,U001579,redeem,-338,2026-08-06 22:32:49,MOCK0003690
PT00006646,U001133,expire,-390,2025-06-09 16:05:42,MOCK0005867
PT00006647,U004443,order_reward,577,2025-06-21 16:06:57,MOCK0008802
PT00006648,U002914,order_reward,488,2026-02-04 09:05:54,MOCK0004930
PT00006649,U000617,order_reward,583,2026-03-07 07:23:55,MOCK0009503
PT00006650,U004334,redeem,-36,2025-06-20 14:30:09,MOCK0002144
PT00006651,U003885,expire,-697,2025-03-29 18:00:49,MOCK0004555
PT00006652,U004002,redeem,-731,2025-09-14 15:45:28,MOCK0001240
PT00006653,U004803,order_reward,606,2025-02-14 12:54:35,MOCK0011441
PT00006654,U003191,order_reward,702,2025-11-26 05:25:18,MOCK0002275
PT00006655,U002997,redeem,-89,2026-07-16 13:18:58,MOCK0002919
PT00006656,U003141,campaign_reward,607,2025-06-11 08:22:08,MOCK0009855
PT00006657,U004080,refund_deduct,-233,2025-12-28 19:53:08,MOCK0003328
PT00006658,U004108,refund_deduct,-302,2025-04-25 06:45:27,MOCK0003167
PT00006659,U001657,order_reward,107,2026-01-24 23:04:29,MOCK0007389
PT00006660,U004621,redeem,-614,2026-06-13 10:07:55,MOCK0008093
PT00006661,U003609,order_reward,470,2025-08-16 08:36:45,MOCK0002618
PT00006662,U001522,order_reward,616,2025-06-26 05:43:42,MOCK0007002
PT00006663,U000490,campaign_reward,594,2025-11-10 23:18:41,MOCK0003656
PT00006664,U000845,campaign_reward,318,2026-06-28 05:32:30,MOCK0001443
PT00006665,U003606,order_reward,279,2025-04-17 00:14:18,MOCK0005223
PT00006666,U004115,expire,-611,2025-08-11 22:36:35,MOCK0001826
PT00006667,U003834,order_reward,164,2025-06-14 22:31:09,MOCK0001470
PT00006668,U001951,campaign_reward,268,2026-02-24 04:33:49,MOCK0011386
PT00006669,U003657,expire,-609,2025-02-02 00:08:50,MOCK0009836
PT00006670,U004817,order_reward,427,2026-03-16 23:15:49,MOCK0003167
PT00006671,U001328,refund_deduct,-103,2026-07-28 03:12:40,MOCK0003437
PT00006672,U002051,order_reward,539,2026-07-04 07:39:45,MOCK0010064
PT00006673,U001248,campaign_reward,686,2026-03-21 02:49:07,MOCK0009838
PT00006674,U002295,refund_deduct,-7,2026-04-17 21:30:45,MOCK0000720
PT00006675,U004690,campaign_reward,750,2025-01-11 00:58:01,MOCK0007963
PT00006676,U002092,refund_deduct,-218,2025-12-08 00:36:08,MOCK0002841
PT00006677,U003059,redeem,-580,2026-03-06 13:26:34,MOCK0002815
PT00006678,U002495,order_reward,451,2025-02-18 16:57:50,MOCK0009613
PT00006679,U003494,campaign_reward,660,2025-06-13 01:38:48,MOCK0011326
PT00006680,U004414,order_reward,322,2025-11-09 22:02:11,MOCK0008379
PT00006681,U003377,campaign_reward,150,2026-05-20 07:58:55,MOCK0007969
PT00006682,U002220,campaign_reward,193,2025-12-23 09:45:39,MOCK0000788
PT00006683,U004663,campaign_reward,148,2025-04-24 15:47:36,MOCK0002784
PT00006684,U004625,order_reward,731,2026-01-08 12:58:33,MOCK0002402
PT00006685,U001208,order_reward,497,2025-11-17 18:07:15,MOCK0004174
PT00006686,U003094,campaign_reward,433,2025-02-01 15:18:07,MOCK0011130
PT00006687,U001648,expire,-733,2025-04-10 10:15:01,MOCK0001736
PT00006688,U001751,order_reward,357,2025-08-16 13:26:12,MOCK0007231
PT00006689,U002199,order_reward,697,2026-05-04 15:49:46,MOCK0009329
PT00006690,U003067,order_reward,60,2025-10-02 17:47:15,MOCK0003595
PT00006691,U000408,order_reward,121,2026-07-03 00:32:46,MOCK0010167
PT00006692,U004525,order_reward,362,2026-06-04 16:23:40,MOCK0005787
PT00006693,U003063,order_reward,722,2026-05-08 08:34:21,MOCK0011555
PT00006694,U001875,campaign_reward,474,2025-08-22 03:20:52,MOCK0001362
PT00006695,U001654,order_reward,448,2026-03-15 00:45:30,MOCK0010974
PT00006696,U001673,campaign_reward,137,2026-05-20 11:54:45,MOCK0011149
PT00006697,U002023,order_reward,316,2025-03-19 08:37:49,MOCK0002189
PT00006698,U003704,redeem,-119,2026-07-01 10:33:00,MOCK0001355
PT00006699,U002527,refund_deduct,-479,2025-06-30 18:51:54,MOCK0010937
PT00006700,U000693,order_reward,540,2025-06-12 00:01:43,MOCK0011501
PT00006701,U000223,expire,-598,2026-05-10 11:04:21,MOCK0002747
PT00006702,U001665,order_reward,128,2026-06-17 11:04:15,MOCK0009542
PT00006703,U001843,campaign_reward,28,2025-04-21 12:48:13,MOCK0000763
PT00006704,U003545,campaign_reward,629,2025-11-30 07:02:29,MOCK0007126
PT00006705,U004762,expire,-282,2025-04-05 13:03:17,MOCK0004965
PT00006706,U003678,order_reward,63,2025-03-23 14:09:27,MOCK0006698
PT00006707,U003255,order_reward,534,2026-03-30 21:26:19,MOCK0011976
PT00006708,U003865,campaign_reward,15,2026-04-10 06:39:48,MOCK0000940
PT00006709,U004451,campaign_reward,172,2026-05-09 09:39:08,MOCK0009954
PT00006710,U001710,order_reward,123,2025-03-21 03:57:50,MOCK0007468
PT00006711,U003625,redeem,-124,2025-04-24 03:42:10,MOCK0002296
PT00006712,U002087,redeem,-232,2025-07-27 06:38:21,MOCK0008280
PT00006713,U004327,order_reward,204,2025-06-09 20:55:19,MOCK0008284
PT00006714,U002220,order_reward,782,2025-04-28 20:25:55,MOCK0002194
PT00006715,U003385,order_reward,83,2025-10-14 23:46:52,MOCK0011677
PT00006716,U004462,order_reward,531,2026-03-14 12:02:39,MOCK0004490
PT00006717,U004883,order_reward,482,2025-01-24 13:33:38,MOCK0010732
PT00006718,U002407,order_reward,665,2025-03-01 00:05:48,MOCK0006838
PT00006719,U004768,redeem,-217,2025-03-18 00:06:20,MOCK0006383
PT00006720,U003286,refund_deduct,-461,2025-04-12 16:05:35,MOCK0001461
PT00006721,U003435,order_reward,179,2025-09-01 11:50:02,MOCK0004370
PT00006722,U004916,order_reward,456,2025-04-08 17:58:02,MOCK0006259
PT00006723,U001988,campaign_reward,271,2025-03-31 23:49:34,MOCK0005591
PT00006724,U002675,campaign_reward,775,2025-08-15 21:11:29,MOCK0004977
PT00006725,U003019,campaign_reward,434,2025-11-28 03:43:37,MOCK0006069
PT00006726,U000001,campaign_reward,329,2026-05-24 20:45:34,MOCK0004168
PT00006727,U004540,refund_deduct,-632,2025-03-22 11:56:32,MOCK0000113
PT00006728,U002838,order_reward,566,2026-02-02 03:59:43,MOCK0006150
PT00006729,U003831,expire,-521,2025-09-02 23:24:25,MOCK0010291
PT00006730,U002041,redeem,-44,2026-01-12 07:36:44,MOCK0006679
PT00006731,U001170,order_reward,585,2025-01-10 03:15:17,MOCK0004336
PT00006732,U002907,order_reward,155,2026-06-11 16:01:10,MOCK0006573
PT00006733,U000779,order_reward,261,2026-07-11 15:14:08,MOCK0000413
PT00006734,U003468,redeem,-32,2025-02-20 04:41:14,MOCK0008992
PT00006735,U004761,order_reward,330,2026-07-14 20:14:35,MOCK0001754
PT00006736,U003292,campaign_reward,554,2026-04-18 02:06:08,MOCK0001510
PT00006737,U001878,order_reward,31,2026-01-03 21:54:57,MOCK0006497
PT00006738,U001537,order_reward,355,2025-08-30 03:12:15,MOCK0009850
PT00006739,U001278,redeem,-267,2025-08-15 01:25:24,MOCK0008411
PT00006740,U001422,redeem,-592,2025-06-07 15:44:44,MOCK0009141
PT00006741,U002808,refund_deduct,-796,2026-06-04 11:54:31,MOCK0006749
PT00006742,U004347,order_reward,161,2026-03-22 09:10:32,MOCK0004052
PT00006743,U003959,campaign_reward,193,2026-05-25 19:17:29,MOCK0010541
PT00006744,U002417,redeem,-99,2025-08-03 23:47:04,MOCK0003325
PT00006745,U001202,order_reward,652,2026-03-19 09:47:09,MOCK0001789
PT00006746,U002393,expire,-403,2025-10-27 15:23:39,MOCK0007279
PT00006747,U001285,redeem,-188,2026-04-18 02:26:02,MOCK0001695
PT00006748,U001001,redeem,-26,2026-01-29 19:48:37,MOCK0005218
PT00006749,U001815,order_reward,574,2025-02-17 23:00:20,MOCK0002465
PT00006750,U004367,order_reward,350,2025-09-23 22:35:56,MOCK0007328
PT00006751,U001762,order_reward,736,2026-01-03 01:39:29,MOCK0011224
PT00006752,U004169,order_reward,394,2025-10-03 15:41:38,MOCK0001176
PT00006753,U004984,order_reward,233,2026-08-22 13:31:56,MOCK0004468
PT00006754,U004620,order_reward,175,2025-12-10 01:24:26,MOCK0001312
PT00006755,U002553,campaign_reward,204,2026-06-22 03:11:18,MOCK0000097
PT00006756,U003450,order_reward,655,2026-05-29 12:06:17,MOCK0007280
PT00006757,U002739,campaign_reward,171,2025-12-05 20:53:11,MOCK0009039
PT00006758,U002766,refund_deduct,-147,2025-05-15 15:17:35,MOCK0002499
PT00006759,U004537,refund_deduct,-655,2025-04-29 01:36:03,MOCK0007671
PT00006760,U004184,order_reward,183,2025-12-11 07:27:44,MOCK0002395
PT00006761,U002997,campaign_reward,7,2025-06-10 10:10:06,MOCK0005249
PT00006762,U004928,order_reward,355,2026-03-30 22:27:18,MOCK0003164
PT00006763,U000437,order_reward,734,2025-11-22 19:37:10,MOCK0008233
PT00006764,U000157,expire,-708,2025-02-23 12:09:58,MOCK0001668
PT00006765,U000950,order_reward,454,2025-12-21 22:41:21,MOCK0007504
PT00006766,U000771,campaign_reward,663,2025-07-24 06:22:29,MOCK0011597
PT00006767,U001369,order_reward,660,2026-05-27 22:12:35,MOCK0008522
PT00006768,U001619,refund_deduct,-282,2025-01-24 05:18:14,MOCK0010272
PT00006769,U001676,redeem,-319,2025-12-14 19:16:55,MOCK0004385
PT00006770,U003212,order_reward,776,2026-01-10 18:25:25,MOCK0000068
PT00006771,U001707,redeem,-125,2025-03-20 06:03:27,MOCK0001891
PT00006772,U000102,order_reward,614,2026-03-03 01:00:31,MOCK0004829
PT00006773,U000981,order_reward,501,2026-07-20 09:48:37,MOCK0009228
PT00006774,U004064,campaign_reward,442,2026-01-11 23:43:15,MOCK0010113
PT00006775,U000131,order_reward,231,2025-02-07 17:14:21,MOCK0001719
PT00006776,U002496,refund_deduct,-469,2025-03-07 08:04:52,MOCK0009427
PT00006777,U004987,redeem,-177,2026-05-01 07:46:04,MOCK0000135
PT00006778,U002878,redeem,-542,2026-02-24 07:29:05,MOCK0005133
PT00006779,U001536,redeem,-314,2026-03-15 03:20:05,MOCK0010977
PT00006780,U001035,expire,-681,2026-07-01 13:13:15,MOCK0009209
PT00006781,U002192,order_reward,757,2025-09-29 12:42:14,MOCK0005914
PT00006782,U001074,order_reward,145,2026-04-28 01:41:30,MOCK0010527
PT00006783,U003725,refund_deduct,-301,2026-02-22 11:42:25,MOCK0007547
PT00006784,U004857,order_reward,639,2026-02-17 10:00:30,MOCK0007284
PT00006785,U001259,order_reward,220,2025-09-28 05:26:37,MOCK0006194
PT00006786,U001957,expire,-231,2025-02-07 00:06:28,MOCK0003435
PT00006787,U002935,expire,-677,2025-08-09 07:17:58,MOCK0004012
PT00006788,U001717,order_reward,689,2026-01-08 07:15:41,MOCK0010709
PT00006789,U002554,order_reward,628,2025-07-02 20:30:37,MOCK0006638
PT00006790,U002632,order_reward,548,2025-04-22 20:51:47,MOCK0011955
PT00006791,U000975,order_reward,412,2025-04-03 10:49:21,MOCK0001919
PT00006792,U004947,order_reward,341,2026-02-01 10:28:29,MOCK0011449
PT00006793,U003624,refund_deduct,-349,2026-04-24 09:37:52,MOCK0011648
PT00006794,U004259,order_reward,74,2025-01-07 05:57:15,MOCK0010816
PT00006795,U001192,expire,-79,2025-04-06 16:53:43,MOCK0005430
PT00006796,U002410,order_reward,444,2026-02-06 09:01:11,MOCK0002130
PT00006797,U002482,refund_deduct,-211,2025-05-30 08:26:01,MOCK0007589
PT00006798,U004463,refund_deduct,-78,2025-02-12 01:19:20,MOCK0001516
PT00006799,U001054,campaign_reward,410,2026-04-08 02:52:17,MOCK0005278
PT00006800,U003795,campaign_reward,672,2025-10-05 09:02:29,MOCK0000551
PT00006801,U000956,refund_deduct,-727,2026-01-04 10:47:29,MOCK0009580
PT00006802,U002711,campaign_reward,573,2025-02-17 17:59:33,MOCK0009697
PT00006803,U002296,order_reward,293,2026-07-19 10:36:32,MOCK0011199
PT00006804,U001258,campaign_reward,327,2025-02-20 15:37:51,MOCK0004599
PT00006805,U000211,campaign_reward,75,2026-01-19 17:19:32,MOCK0003603
PT00006806,U004376,campaign_reward,70,2025-01-08 20:40:31,MOCK0009361
PT00006807,U001287,order_reward,569,2025-05-22 22:02:39,MOCK0007996
PT00006808,U004829,order_reward,33,2025-01-18 05:22:30,MOCK0011916
PT00006809,U001791,expire,-598,2026-07-22 08:52:15,MOCK0008509
PT00006810,U000294,order_reward,610,2025-04-04 19:28:34,MOCK0000610
PT00006811,U001596,redeem,-408,2026-06-15 09:14:47,MOCK0003152
PT00006812,U000420,order_reward,685,2025-10-02 12:14:21,MOCK0009027
PT00006813,U004830,redeem,-567,2025-12-04 01:16:22,MOCK0006254
PT00006814,U002750,order_reward,501,2025-02-07 17:02:15,MOCK0001481
PT00006815,U000061,campaign_reward,264,2025-10-07 17:09:17,MOCK0008134
PT00006816,U002689,refund_deduct,-378,2026-01-20 12:26:43,MOCK0005050
PT00006817,U000056,campaign_reward,354,2026-01-04 00:41:34,MOCK0008252
PT00006818,U000051,redeem,-548,2025-11-02 17:19:51,MOCK0001923
PT00006819,U000974,expire,-330,2025-03-13 21:09:03,MOCK0008651
PT00006820,U001867,order_reward,486,2025-01-14 19:55:09,MOCK0005541
PT00006821,U000898,expire,-677,2025-06-23 03:38:49,MOCK0005361
PT00006822,U004585,order_reward,749,2026-07-29 11:07:35,MOCK0010598
PT00006823,U003301,order_reward,791,2025-10-21 16:01:53,MOCK0000682
PT00006824,U004469,campaign_reward,626,2025-05-03 00:18:52,MOCK0010532
PT00006825,U003627,redeem,-502,2026-01-03 00:21:13,MOCK0003948
PT00006826,U000193,order_reward,513,2026-03-25 09:30:41,MOCK0000471
PT00006827,U003846,campaign_reward,487,2026-02-10 11:55:18,MOCK0005063
PT00006828,U002296,order_reward,694,2025-12-13 08:47:53,MOCK0003447
PT00006829,U000883,order_reward,328,2026-01-27 15:59:13,MOCK0008314
PT00006830,U001249,campaign_reward,641,2026-05-13 07:04:02,MOCK0009210
PT00006831,U004935,order_reward,707,2026-02-19 05:04:31,MOCK0011127
PT00006832,U001857,order_reward,714,2026-02-08 16:57:06,MOCK0008516
PT00006833,U000464,order_reward,766,2026-01-16 13:55:48,MOCK0007767
PT00006834,U002321,order_reward,216,2025-02-09 10:07:43,MOCK0009604
PT00006835,U004709,order_reward,505,2025-02-08 01:00:22,MOCK0009310
PT00006836,U001720,campaign_reward,256,2026-05-18 14:21:37,MOCK0006646
PT00006837,U004157,redeem,-55,2025-02-16 18:51:51,MOCK0003240
PT00006838,U000414,order_reward,608,2026-01-24 04:46:14,MOCK0000682
PT00006839,U001285,order_reward,402,2026-05-31 11:57:18,MOCK0009926
PT00006840,U002073,order_reward,242,2025-12-26 14:20:44,MOCK0007359
PT00006841,U004205,order_reward,700,2026-02-28 16:59:00,MOCK0006245
PT00006842,U001531,expire,-790,2025-01-13 15:56:41,MOCK0010859
PT00006843,U001797,order_reward,723,2026-02-18 09:50:57,MOCK0001796
PT00006844,U002684,order_reward,14,2026-06-15 19:52:09,MOCK0007528
PT00006845,U001280,order_reward,489,2026-01-01 02:25:17,MOCK0006406
PT00006846,U004299,order_reward,690,2025-10-27 15:29:44,MOCK0006635
PT00006847,U004098,order_reward,150,2025-03-12 20:48:42,MOCK0006975
PT00006848,U004832,order_reward,272,2025-01-19 08:51:47,MOCK0005832
PT00006849,U001424,campaign_reward,460,2026-05-23 01:42:57,MOCK0004678
PT00006850,U001581,order_reward,435,2025-05-04 20:40:21,MOCK0009347
PT00006851,U000953,order_reward,80,2025-12-04 13:24:25,MOCK0011321
PT00006852,U000493,redeem,-371,2025-06-23 22:30:26,MOCK0011875
PT00006853,U004059,order_reward,602,2025-08-12 09:08:40,MOCK0007166
PT00006854,U003706,order_reward,320,2025-12-22 01:27:30,MOCK0011251
PT00006855,U004923,expire,-516,2025-05-28 14:57:06,MOCK0005582
PT00006856,U003327,order_reward,534,2025-01-03 23:46:27,MOCK0009099
PT00006857,U003100,order_reward,635,2025-10-18 17:00:49,MOCK0005569
PT00006858,U004460,expire,-161,2026-02-02 07:49:19,MOCK0008944
PT00006859,U002141,order_reward,575,2025-01-01 05:44:04,MOCK0008839
PT00006860,U003076,order_reward,173,2026-05-18 20:45:57,MOCK0002988
PT00006861,U004560,redeem,-648,2025-05-07 13:14:30,MOCK0002182
PT00006862,U001132,campaign_reward,234,2025-11-30 15:58:40,MOCK0010236
PT00006863,U002948,campaign_reward,106,2025-09-24 13:03:33,MOCK0001215
PT00006864,U003657,campaign_reward,199,2025-12-31 19:40:39,MOCK0004085
PT00006865,U000897,redeem,-102,2025-03-17 06:19:24,MOCK0001907
PT00006866,U001516,redeem,-438,2025-07-28 23:58:12,MOCK0011642
PT00006867,U004106,order_reward,452,2025-11-12 23:34:10,MOCK0008118
PT00006868,U004382,order_reward,146,2025-12-25 11:38:38,MOCK0005873
PT00006869,U004866,refund_deduct,-439,2026-01-17 02:46:27,MOCK0004842
PT00006870,U000803,order_reward,419,2026-03-25 11:29:18,MOCK0004745
PT00006871,U000002,expire,-506,2025-02-08 17:12:58,MOCK0004882
PT00006872,U000574,redeem,-232,2026-01-10 16:15:15,MOCK0003157
PT00006873,U004049,order_reward,784,2026-04-25 21:54:00,MOCK0006971
PT00006874,U003592,redeem,-730,2026-07-18 00:27:16,MOCK0009614
PT00006875,U002101,order_reward,338,2026-03-29 08:35:15,MOCK0008271
PT00006876,U003642,order_reward,799,2025-05-12 02:29:40,MOCK0000480
PT00006877,U000194,redeem,-541,2026-03-29 18:31:58,MOCK0003621
PT00006878,U001014,redeem,-362,2025-06-26 12:18:20,MOCK0000129
PT00006879,U003629,refund_deduct,-75,2025-08-16 02:10:00,MOCK0005853
PT00006880,U003223,refund_deduct,-689,2026-05-20 17:01:43,MOCK0008717
PT00006881,U003016,refund_deduct,-245,2026-03-12 12:23:16,MOCK0009372
PT00006882,U000860,order_reward,358,2026-02-01 05:57:02,MOCK0006253
PT00006883,U000911,redeem,-496,2025-04-29 04:28:19,MOCK0003295
PT00006884,U003102,campaign_reward,226,2026-05-13 13:08:38,MOCK0007952
PT00006885,U002969,expire,-464,2026-04-08 09:40:07,MOCK0011013
PT00006886,U002342,refund_deduct,-334,2025-02-03 14:19:00,MOCK0005733
PT00006887,U001759,order_reward,583,2025-12-02 11:02:49,MOCK0006045
PT00006888,U001390,refund_deduct,-41,2025-11-23 09:45:00,MOCK0001396
PT00006889,U000973,order_reward,455,2026-01-12 00:38:51,MOCK0008017
PT00006890,U002723,campaign_reward,449,2025-07-10 18:54:26,MOCK0005640
PT00006891,U002557,order_reward,370,2026-05-23 08:41:21,MOCK0000929
PT00006892,U002876,redeem,-692,2025-09-08 18:07:40,MOCK0002506
PT00006893,U002529,redeem,-603,2026-05-03 17:09:20,MOCK0000029
PT00006894,U001213,order_reward,526,2025-03-19 05:58:04,MOCK0009757
PT00006895,U003870,order_reward,153,2025-07-26 08:13:19,MOCK0011187
PT00006896,U003281,order_reward,452,2026-06-20 08:33:57,MOCK0009156
PT00006897,U001061,campaign_reward,602,2025-01-29 18:17:18,MOCK0000928
PT00006898,U002026,order_reward,117,2026-02-04 22:57:51,MOCK0011202
PT00006899,U000004,order_reward,108,2025-03-05 03:14:55,MOCK0010655
PT00006900,U000225,expire,-85,2025-05-31 01:12:35,MOCK0001110
PT00006901,U002378,redeem,-53,2025-10-05 20:45:43,MOCK0004133
PT00006902,U003097,campaign_reward,706,2025-02-26 17:05:35,MOCK0009346
PT00006903,U003573,campaign_reward,36,2026-02-06 09:00:57,MOCK0003621
PT00006904,U001606,refund_deduct,-289,2026-02-12 02:40:30,MOCK0001445
PT00006905,U000387,order_reward,249,2026-07-28 08:44:40,MOCK0001114
PT00006906,U000578,order_reward,264,2026-03-15 08:01:29,MOCK0006026
PT00006907,U001270,order_reward,493,2025-12-06 10:40:45,MOCK0000231
PT00006908,U003064,order_reward,32,2026-01-18 12:11:13,MOCK0004170
PT00006909,U003944,campaign_reward,286,2025-09-10 19:52:26,MOCK0000083
PT00006910,U000102,redeem,-152,2025-07-30 17:02:27,MOCK0004163
PT00006911,U001515,campaign_reward,619,2026-03-22 16:51:07,MOCK0011348
PT00006912,U001333,expire,-799,2025-07-15 11:41:48,MOCK0009339
PT00006913,U001558,campaign_reward,524,2026-06-23 22:02:06,MOCK0011907
PT00006914,U000711,refund_deduct,-214,2026-01-04 02:35:23,MOCK0010868
PT00006915,U004104,redeem,-353,2026-07-29 08:48:28,MOCK0007959
PT00006916,U001588,refund_deduct,-510,2025-06-23 00:01:31,MOCK0005370
PT00006917,U001642,order_reward,723,2025-06-13 00:54:38,MOCK0010235
PT00006918,U002180,refund_deduct,-149,2025-11-19 18:30:10,MOCK0007033
PT00006919,U002991,order_reward,29,2026-07-20 08:02:06,MOCK0000130
PT00006920,U001934,refund_deduct,-274,2025-12-05 22:16:21,MOCK0011118
PT00006921,U002566,order_reward,720,2025-02-20 01:24:49,MOCK0011937
PT00006922,U004460,order_reward,395,2026-05-22 09:31:33,MOCK0010913
PT00006923,U000418,order_reward,48,2025-03-07 14:59:13,MOCK0008707
PT00006924,U004911,order_reward,159,2025-01-14 11:23:47,MOCK0006452
PT00006925,U000211,redeem,-442,2025-06-30 18:39:20,MOCK0005195
PT00006926,U000575,order_reward,703,2025-09-12 03:33:22,MOCK0005223
PT00006927,U004820,order_reward,734,2025-08-08 05:05:26,MOCK0008209
PT00006928,U000631,redeem,-112,2026-04-02 15:05:27,MOCK0003018
PT00006929,U004111,order_reward,387,2026-08-14 09:09:27,MOCK0010356
PT00006930,U000867,expire,-398,2026-03-13 02:30:06,MOCK0005567
PT00006931,U004544,redeem,-478,2025-10-24 10:23:28,MOCK0004323
PT00006932,U002711,order_reward,303,2025-02-11 23:40:14,MOCK0006369
PT00006933,U001329,order_reward,606,2026-05-18 03:55:19,MOCK0002139
PT00006934,U004819,order_reward,579,2025-10-15 07:12:03,MOCK0006276
PT00006935,U003889,refund_deduct,-785,2026-05-03 17:48:02,MOCK0000506
PT00006936,U001707,campaign_reward,604,2026-05-05 02:12:07,MOCK0002805
PT00006937,U000871,redeem,-288,2026-01-11 00:05:09,MOCK0006526
PT00006938,U000034,redeem,-735,2026-05-09 00:37:25,MOCK0008050
PT00006939,U003892,refund_deduct,-679,2025-07-13 18:17:19,MOCK0004207
PT00006940,U004403,redeem,-115,2026-02-18 09:25:00,MOCK0002238
PT00006941,U001739,order_reward,197,2025-09-16 08:03:11,MOCK0005584
PT00006942,U001810,refund_deduct,-438,2026-01-04 16:54:03,MOCK0001758
PT00006943,U001456,order_reward,612,2025-02-09 18:28:40,MOCK0005112
PT00006944,U003327,campaign_reward,105,2026-01-16 07:47:16,MOCK0007375
PT00006945,U004798,order_reward,430,2025-08-19 01:05:14,MOCK0004633
PT00006946,U000761,order_reward,51,2026-05-22 10:02:44,MOCK0007906
PT00006947,U002182,campaign_reward,157,2026-01-14 04:27:43,MOCK0010599
PT00006948,U000451,order_reward,656,2025-03-16 10:04:15,MOCK0003691
PT00006949,U001131,order_reward,349,2025-12-09 22:09:57,MOCK0000738
PT00006950,U002608,order_reward,288,2026-02-22 14:03:25,MOCK0009037
PT00006951,U001769,campaign_reward,610,2026-01-04 00:06:07,MOCK0001726
PT00006952,U000014,expire,-617,2026-02-08 03:17:59,MOCK0001360
PT00006953,U003211,order_reward,683,2025-09-26 16:17:31,MOCK0000962
PT00006954,U003445,order_reward,168,2026-08-21 10:01:59,MOCK0010755
PT00006955,U000448,campaign_reward,65,2026-01-09 03:14:42,MOCK0011847
PT00006956,U000098,expire,-64,2025-10-21 05:52:37,MOCK0000356
PT00006957,U001151,order_reward,379,2026-05-24 16:49:36,MOCK0008538
PT00006958,U002781,order_reward,99,2025-12-01 14:11:16,MOCK0010154
PT00006959,U002668,order_reward,186,2026-07-30 13:37:23,MOCK0000558
PT00006960,U000899,order_reward,693,2026-06-28 10:41:27,MOCK0001942
PT00006961,U004878,order_reward,294,2025-03-10 00:49:51,MOCK0010530
PT00006962,U000424,refund_deduct,-590,2026-04-14 16:35:48,MOCK0008424
PT00006963,U001217,order_reward,564,2026-01-14 19:16:41,MOCK0008195
PT00006964,U004453,order_reward,148,2026-08-01 23:03:38,MOCK0006694
PT00006965,U001446,order_reward,395,2026-03-04 04:18:42,MOCK0001913
PT00006966,U000433,order_reward,555,2026-07-16 11:04:00,MOCK0002556
PT00006967,U004953,redeem,-310,2025-07-07 18:50:17,MOCK0004981
PT00006968,U002493,redeem,-399,2025-08-15 12:02:09,MOCK0001519
PT00006969,U000739,refund_deduct,-146,2026-01-18 03:45:19,MOCK0005413
PT00006970,U000196,expire,-158,2025-04-25 06:14:01,MOCK0003379
PT00006971,U003655,order_reward,559,2026-04-15 09:44:02,MOCK0002174
PT00006972,U001604,order_reward,402,2025-12-12 02:43:32,MOCK0001891
PT00006973,U002355,campaign_reward,405,2025-10-28 03:11:05,MOCK0003884
PT00006974,U003412,expire,-258,2026-02-17 00:02:24,MOCK0006261
PT00006975,U002130,order_reward,140,2025-12-07 09:36:13,MOCK0010821
PT00006976,U004217,order_reward,314,2025-06-14 12:24:08,MOCK0007179
PT00006977,U004208,redeem,-216,2026-04-28 17:35:23,MOCK0009932
PT00006978,U000691,redeem,-384,2025-05-19 16:40:15,MOCK0009783
PT00006979,U001874,order_reward,476,2025-07-09 05:46:46,MOCK0001209
PT00006980,U002107,redeem,-33,2025-03-15 09:17:11,MOCK0009745
PT00006981,U003462,expire,-685,2026-05-13 14:48:56,MOCK0008078
PT00006982,U002761,campaign_reward,395,2026-03-12 06:47:49,MOCK0004160
PT00006983,U001238,redeem,-728,2025-10-07 16:00:51,MOCK0008188
PT00006984,U000111,campaign_reward,186,2026-01-31 03:55:30,MOCK0001981
PT00006985,U004627,redeem,-767,2026-06-27 19:13:52,MOCK0011585
PT00006986,U004107,order_reward,728,2025-03-07 00:38:10,MOCK0011491
PT00006987,U002250,order_reward,339,2025-12-05 10:52:02,MOCK0000073
PT00006988,U002215,order_reward,277,2026-02-24 05:44:55,MOCK0007050
PT00006989,U000356,refund_deduct,-122,2026-07-21 23:49:42,MOCK0009077
PT00006990,U002315,order_reward,356,2025-03-25 19:33:08,MOCK0010363
PT00006991,U001904,campaign_reward,792,2025-08-22 22:46:26,MOCK0006664
PT00006992,U004324,order_reward,136,2025-03-13 18:22:57,MOCK0001001
PT00006993,U001906,order_reward,240,2025-02-17 08:19:26,MOCK0005458
PT00006994,U002162,order_reward,748,2025-10-25 16:55:54,MOCK0011151
PT00006995,U000359,order_reward,403,2025-09-12 09:49:55,MOCK0003226
PT00006996,U001396,expire,-190,2026-01-29 21:51:47,MOCK0005565
PT00006997,U004041,order_reward,410,2026-06-06 09:49:32,MOCK0009773
PT00006998,U003000,order_reward,722,2025-11-09 17:00:47,MOCK0006854
PT00006999,U001132,redeem,-56,2026-04-17 14:32:22,MOCK0000248
PT00007000,U003442,redeem,-233,2026-01-04 16:50:26,MOCK0005516
PT00007001,U004452,order_reward,441,2025-09-25 12:29:35,MOCK0007274
PT00007002,U003436,order_reward,784,2025-09-30 18:26:30,MOCK0003764
PT00007003,U001850,order_reward,564,2025-11-14 12:31:28,MOCK0005603
PT00007004,U001368,order_reward,123,2026-02-28 15:08:35,MOCK0008315
PT00007005,U001912,redeem,-549,2026-04-30 15:33:53,MOCK0006583
PT00007006,U000016,refund_deduct,-25,2026-02-16 20:39:03,MOCK0000271
PT00007007,U002089,order_reward,550,2026-05-15 21:59:45,MOCK0000710
PT00007008,U001073,order_reward,453,2026-08-07 16:23:44,MOCK0009683
PT00007009,U000237,order_reward,677,2026-06-22 02:25:56,MOCK0001086
PT00007010,U002168,campaign_reward,357,2026-08-07 09:31:56,MOCK0006210
PT00007011,U002786,campaign_reward,293,2025-07-05 22:43:22,MOCK0007516
PT00007012,U000953,redeem,-723,2025-03-31 04:33:17,MOCK0006608
PT00007013,U000177,order_reward,192,2026-01-16 06:57:43,MOCK0007580
PT00007014,U000608,order_reward,645,2025-12-08 17:10:56,MOCK0005117
PT00007015,U004865,order_reward,195,2025-03-13 10:19:10,MOCK0008063
PT00007016,U003712,campaign_reward,566,2025-10-01 03:23:51,MOCK0002658
PT00007017,U000867,expire,-18,2025-08-26 04:09:41,MOCK0007578
PT00007018,U004506,campaign_reward,635,2026-01-31 01:17:43,MOCK0003709
PT00007019,U000959,campaign_reward,598,2026-04-04 01:08:21,MOCK0011397
PT00007020,U003562,order_reward,340,2025-08-29 01:40:46,MOCK0003510
PT00007021,U002577,redeem,-371,2025-03-28 01:08:42,MOCK0003495
PT00007022,U001187,campaign_reward,11,2026-03-25 00:59:35,MOCK0006903
PT00007023,U003935,refund_deduct,-545,2026-02-25 15:27:06,MOCK0004930
PT00007024,U002086,order_reward,53,2026-03-05 04:02:07,MOCK0009232
PT00007025,U000690,campaign_reward,604,2025-01-28 02:23:06,MOCK0005402
PT00007026,U000653,order_reward,360,2026-07-12 15:33:46,MOCK0008662
PT00007027,U003124,order_reward,623,2026-07-22 16:33:17,MOCK0004994
PT00007028,U004077,order_reward,517,2025-10-09 07:47:32,MOCK0007990
PT00007029,U004039,redeem,-212,2025-03-15 08:47:04,MOCK0009161
PT00007030,U001767,campaign_reward,19,2025-02-10 19:25:21,MOCK0006347
PT00007031,U003685,order_reward,182,2025-02-07 15:20:09,MOCK0004883
PT00007032,U003739,order_reward,351,2025-06-11 17:26:22,MOCK0009804
PT00007033,U004292,redeem,-632,2026-07-12 05:30:20,MOCK0008046
PT00007034,U000354,expire,-720,2025-01-10 17:07:46,MOCK0008541
PT00007035,U001739,refund_deduct,-92,2026-03-30 08:37:26,MOCK0004604
PT00007036,U003919,order_reward,398,2025-11-18 18:46:50,MOCK0000883
PT00007037,U004290,order_reward,10,2025-02-09 19:42:34,MOCK0005377
PT00007038,U001220,campaign_reward,218,2026-07-02 10:22:23,MOCK0005552
PT00007039,U002967,campaign_reward,23,2026-03-20 03:20:10,MOCK0010957
PT00007040,U001391,redeem,-231,2025-07-21 01:59:12,MOCK0011056
PT00007041,U000586,redeem,-663,2025-09-08 22:23:37,MOCK0002033
PT00007042,U004429,order_reward,601,2025-10-22 02:53:10,MOCK0011866
PT00007043,U001906,order_reward,456,2026-05-11 17:33:38,MOCK0001699
PT00007044,U002263,order_reward,591,2026-05-05 06:18:40,MOCK0010192
PT00007045,U000694,redeem,-296,2025-11-21 03:00:35,MOCK0004158
PT00007046,U004237,order_reward,197,2025-02-17 20:51:48,MOCK0009131
PT00007047,U000322,order_reward,602,2025-12-20 22:24:40,MOCK0010624
PT00007048,U001614,order_reward,432,2026-03-25 18:51:26,MOCK0010035
PT00007049,U004575,order_reward,200,2026-02-27 00:52:47,MOCK0004237
PT00007050,U001096,order_reward,70,2025-12-23 16:44:44,MOCK0008667
PT00007051,U000448,order_reward,287,2025-03-02 17:29:37,MOCK0010028
PT00007052,U004777,order_reward,737,2026-04-10 05:13:34,MOCK0003935
PT00007053,U000374,refund_deduct,-351,2026-06-07 06:38:00,MOCK0005156
PT00007054,U000666,expire,-654,2025-04-17 02:10:38,MOCK0000443
PT00007055,U004382,order_reward,125,2025-01-05 01:41:49,MOCK0009397
PT00007056,U000349,order_reward,33,2025-09-25 15:06:09,MOCK0006472
PT00007057,U002428,redeem,-110,2026-06-05 00:24:49,MOCK0009345
PT00007058,U000525,order_reward,12,2025-06-16 23:34:40,MOCK0007109
PT00007059,U002894,campaign_reward,215,2025-04-26 14:38:32,MOCK0002163
PT00007060,U001066,order_reward,163,2026-08-03 19:34:33,MOCK0001089
PT00007061,U002732,order_reward,500,2025-03-27 20:13:55,MOCK0001069
PT00007062,U002017,order_reward,683,2025-07-30 23:56:17,MOCK0007574
PT00007063,U004520,order_reward,372,2025-08-07 00:09:07,MOCK0006626
PT00007064,U002313,order_reward,460,2025-11-27 06:50:25,MOCK0003630
PT00007065,U004512,campaign_reward,268,2025-01-26 15:55:14,MOCK0010498
PT00007066,U004397,order_reward,58,2025-05-29 12:07:19,MOCK0011403
PT00007067,U001462,campaign_reward,37,2026-02-19 21:21:07,MOCK0004103
PT00007068,U003809,refund_deduct,-181,2026-02-09 21:25:44,MOCK0003953
PT00007069,U002407,expire,-391,2026-02-21 18:39:17,MOCK0011585
PT00007070,U003895,order_reward,758,2025-10-01 01:25:58,MOCK0011587
PT00007071,U000031,order_reward,479,2026-01-29 05:13:01,MOCK0006066
PT00007072,U004407,order_reward,285,2025-08-05 04:08:06,MOCK0011883
PT00007073,U003375,order_reward,635,2026-06-24 09:59:38,MOCK0003377
PT00007074,U002351,order_reward,578,2026-07-12 21:05:52,MOCK0008128
PT00007075,U002954,refund_deduct,-611,2025-01-11 12:35:56,MOCK0009732
PT00007076,U003057,order_reward,465,2025-09-21 01:34:24,MOCK0002198
PT00007077,U002097,expire,-737,2025-02-25 06:27:55,MOCK0005908
PT00007078,U004762,campaign_reward,242,2026-04-26 15:05:48,MOCK0003470
PT00007079,U003426,order_reward,599,2026-08-11 17:40:57,MOCK0000476
PT00007080,U003198,order_reward,51,2025-03-31 22:26:32,MOCK0002385
PT00007081,U000399,redeem,-341,2025-06-28 00:43:54,MOCK0011485
PT00007082,U000971,redeem,-510,2025-09-15 15:16:58,MOCK0002316
PT00007083,U000844,redeem,-48,2025-09-30 10:38:34,MOCK0008319
PT00007084,U003024,order_reward,568,2026-01-14 02:16:00,MOCK0008028
PT00007085,U003083,expire,-150,2026-03-14 03:38:00,MOCK0008573
PT00007086,U001764,order_reward,315,2025-10-12 03:38:56,MOCK0010336
PT00007087,U003158,order_reward,197,2025-02-15 20:54:58,MOCK0004539
PT00007088,U004050,order_reward,494,2025-03-29 15:54:59,MOCK0000490
PT00007089,U004390,order_reward,417,2026-03-14 11:59:07,MOCK0005280
PT00007090,U002885,campaign_reward,443,2026-06-08 18:18:01,MOCK0007431
PT00007091,U001291,order_reward,608,2025-09-21 21:06:28,MOCK0000729
PT00007092,U002003,expire,-758,2025-04-23 04:43:20,MOCK0011294
PT00007093,U001407,expire,-795,2026-05-14 11:31:49,MOCK0007894
PT00007094,U002288,redeem,-350,2026-03-30 21:23:51,MOCK0009003
PT00007095,U004868,order_reward,494,2026-02-11 12:55:02,MOCK0002484
PT00007096,U001313,order_reward,399,2026-03-15 13:45:53,MOCK0010433
PT00007097,U003076,redeem,-360,2025-09-13 15:53:51,MOCK0004989
PT00007098,U002562,order_reward,442,2026-07-14 08:52:32,MOCK0006525
PT00007099,U001834,campaign_reward,222,2026-04-21 03:22:58,MOCK0003004
PT00007100,U003259,redeem,-418,2025-04-23 03:24:13,MOCK0001730
PT00007101,U002666,refund_deduct,-761,2026-04-25 21:27:31,MOCK0009506
PT00007102,U002988,campaign_reward,55,2026-02-17 17:53:08,MOCK0008695
PT00007103,U004567,order_reward,285,2026-02-12 06:55:21,MOCK0006621
PT00007104,U002625,expire,-165,2026-03-29 16:54:52,MOCK0001304
PT00007105,U003124,order_reward,16,2025-11-04 08:00:57,MOCK0004823
PT00007106,U001596,redeem,-431,2025-04-13 22:08:19,MOCK0000809
PT00007107,U003418,order_reward,62,2025-01-01 05:29:42,MOCK0004658
PT00007108,U003321,order_reward,170,2025-04-24 03:56:13,MOCK0000533
PT00007109,U002940,campaign_reward,128,2026-03-02 15:24:30,MOCK0005115
PT00007110,U004024,order_reward,571,2025-11-04 00:21:23,MOCK0005233
PT00007111,U003924,redeem,-435,2025-03-18 10:57:20,MOCK0010785
PT00007112,U004398,refund_deduct,-617,2025-02-15 13:35:58,MOCK0007755
PT00007113,U000872,order_reward,18,2026-03-18 00:50:39,MOCK0009324
PT00007114,U002384,refund_deduct,-119,2025-08-22 00:40:19,MOCK0004543
PT00007115,U004109,refund_deduct,-452,2025-10-18 23:33:05,MOCK0002675
PT00007116,U004179,redeem,-630,2025-05-19 04:40:25,MOCK0006547
PT00007117,U004346,expire,-799,2025-10-08 12:33:01,MOCK0005534
PT00007118,U001678,order_reward,776,2026-04-17 00:36:35,MOCK0005445
PT00007119,U001516,order_reward,97,2025-09-26 09:23:27,MOCK0006948
PT00007120,U002455,campaign_reward,627,2025-04-09 03:21:49,MOCK0007318
PT00007121,U004792,order_reward,186,2026-02-12 14:11:21,MOCK0007788
PT00007122,U000494,campaign_reward,490,2025-10-13 19:54:34,MOCK0008503
PT00007123,U004254,order_reward,727,2025-09-14 13:32:08,MOCK0005906
PT00007124,U001405,refund_deduct,-765,2025-01-20 16:45:06,MOCK0003090
PT00007125,U002712,expire,-23,2026-02-28 00:33:34,MOCK0008306
PT00007126,U002057,order_reward,292,2026-05-02 00:49:13,MOCK0003316
PT00007127,U003850,refund_deduct,-93,2025-12-10 02:18:31,MOCK0002844
PT00007128,U001136,refund_deduct,-511,2025-07-19 11:01:59,MOCK0010513
PT00007129,U000029,campaign_reward,251,2025-01-12 00:41:04,MOCK0003632
PT00007130,U001532,order_reward,463,2026-05-13 15:47:20,MOCK0008214
PT00007131,U003568,order_reward,315,2025-04-10 10:40:43,MOCK0002033
PT00007132,U001590,order_reward,226,2026-07-29 15:29:08,MOCK0011171
PT00007133,U004606,campaign_reward,399,2026-06-13 04:36:33,MOCK0006472
PT00007134,U001926,redeem,-462,2025-02-05 16:59:42,MOCK0004390
PT00007135,U004489,redeem,-351,2025-11-12 12:58:51,MOCK0006529
PT00007136,U001610,order_reward,106,2026-06-06 05:48:18,MOCK0008208
PT00007137,U000890,campaign_reward,269,2025-06-08 06:15:05,MOCK0009288
PT00007138,U004586,order_reward,572,2025-03-16 00:34:39,MOCK0011145
PT00007139,U004636,order_reward,186,2026-03-25 19:34:52,MOCK0005441
PT00007140,U000180,campaign_reward,283,2025-03-25 10:39:19,MOCK0005137
PT00007141,U001997,order_reward,735,2026-04-21 12:15:43,MOCK0011596
PT00007142,U004694,order_reward,526,2025-01-15 03:42:17,MOCK0007207
PT00007143,U001084,expire,-115,2025-04-04 18:38:46,MOCK0001557
PT00007144,U004261,campaign_reward,417,2025-01-12 22:21:41,MOCK0000463
PT00007145,U000813,refund_deduct,-543,2026-05-25 22:28:37,MOCK0004404
PT00007146,U004013,order_reward,799,2025-10-28 16:51:36,MOCK0005894
PT00007147,U001121,campaign_reward,162,2026-03-31 09:12:28,MOCK0002546
PT00007148,U002109,campaign_reward,238,2026-02-18 04:11:56,MOCK0009733
PT00007149,U002416,refund_deduct,-513,2025-06-21 19:13:39,MOCK0002013
PT00007150,U002062,order_reward,261,2026-08-14 09:03:38,MOCK0010597
PT00007151,U002552,order_reward,164,2026-02-13 17:05:33,MOCK0009000
PT00007152,U002041,campaign_reward,397,2025-06-12 15:23:30,MOCK0007053
PT00007153,U003088,order_reward,401,2025-12-10 02:10:39,MOCK0011321
PT00007154,U003360,order_reward,409,2025-10-19 14:39:29,MOCK0005004
PT00007155,U002298,order_reward,347,2025-06-22 19:31:18,MOCK0010318
PT00007156,U000284,campaign_reward,67,2026-01-09 07:11:31,MOCK0009521
PT00007157,U003886,order_reward,111,2025-03-12 09:28:33,MOCK0006567
PT00007158,U004566,expire,-91,2025-07-29 00:51:35,MOCK0007780
PT00007159,U003542,order_reward,329,2025-10-10 07:32:00,MOCK0003433
PT00007160,U003408,order_reward,68,2026-04-11 12:06:45,MOCK0002341
PT00007161,U002644,campaign_reward,736,2025-12-22 15:18:24,MOCK0001033
PT00007162,U002478,refund_deduct,-750,2026-04-05 00:28:19,MOCK0002213
PT00007163,U001049,order_reward,753,2025-12-02 04:44:48,MOCK0011521
PT00007164,U001894,order_reward,223,2025-07-05 03:12:56,MOCK0001724
PT00007165,U004012,campaign_reward,529,2025-03-05 09:28:23,MOCK0009242
PT00007166,U002864,order_reward,187,2025-10-01 13:00:52,MOCK0009916
PT00007167,U004464,order_reward,649,2026-02-25 05:15:00,MOCK0008610
PT00007168,U002644,order_reward,239,2025-03-20 20:46:06,MOCK0003812
PT00007169,U001375,campaign_reward,463,2025-08-22 16:08:05,MOCK0000418
PT00007170,U003450,order_reward,744,2026-02-23 16:56:02,MOCK0007450
PT00007171,U003605,order_reward,194,2025-11-05 07:03:52,MOCK0010876
PT00007172,U004860,expire,-670,2026-02-26 10:38:39,MOCK0008896
PT00007173,U002654,order_reward,182,2026-03-27 16:30:04,MOCK0006487
PT00007174,U000737,campaign_reward,44,2026-05-10 09:40:50,MOCK0010296
PT00007175,U000520,order_reward,270,2026-02-16 09:19:36,MOCK0005742
PT00007176,U002980,order_reward,46,2026-06-12 16:26:34,MOCK0003080
PT00007177,U002143,order_reward,251,2025-11-07 13:57:17,MOCK0007939
PT00007178,U001980,refund_deduct,-456,2025-06-12 07:27:44,MOCK0006398
PT00007179,U003217,order_reward,243,2025-11-11 17:31:57,MOCK0000665
PT00007180,U003283,order_reward,558,2025-06-05 08:31:51,MOCK0001420
PT00007181,U004352,order_reward,35,2026-05-12 21:19:28,MOCK0004985
PT00007182,U001204,redeem,-240,2026-02-09 16:35:00,MOCK0011148
PT00007183,U001572,redeem,-604,2025-09-09 16:37:14,MOCK0011948
PT00007184,U003257,redeem,-308,2026-06-24 17:00:57,MOCK0006072
PT00007185,U000644,redeem,-120,2026-01-30 15:49:33,MOCK0004737
PT00007186,U000473,campaign_reward,778,2025-08-20 14:37:22,MOCK0002920
PT00007187,U001554,refund_deduct,-749,2025-03-11 21:09:40,MOCK0009477
PT00007188,U004063,redeem,-561,2025-05-26 19:00:53,MOCK0011828
PT00007189,U001279,redeem,-638,2025-08-08 00:21:37,MOCK0001941
PT00007190,U002624,redeem,-167,2026-03-12 13:13:09,MOCK0001160
PT00007191,U000026,expire,-264,2025-08-23 06:18:46,MOCK0003819
PT00007192,U002000,redeem,-32,2025-05-12 11:36:14,MOCK0008302
PT00007193,U004899,order_reward,660,2025-07-19 06:37:25,MOCK0006227
PT00007194,U004883,campaign_reward,91,2025-06-14 14:44:26,MOCK0001713
PT00007195,U000481,expire,-207,2025-02-26 22:36:33,MOCK0010391
PT00007196,U003257,order_reward,431,2026-05-10 01:11:24,MOCK0009077
PT00007197,U000180,campaign_reward,413,2026-04-20 00:16:37,MOCK0005326
PT00007198,U004667,campaign_reward,457,2025-05-23 02:33:27,MOCK0001086
PT00007199,U004080,order_reward,241,2025-09-15 17:36:28,MOCK0003601
PT00007200,U001824,order_reward,389,2025-01-30 21:31:24,MOCK0004125
PT00007201,U000817,campaign_reward,266,2025-06-12 09:09:07,MOCK0011010
PT00007202,U001859,expire,-494,2025-07-26 02:56:58,MOCK0004304
PT00007203,U001886,order_reward,588,2025-03-06 08:23:01,MOCK0000777
PT00007204,U003303,redeem,-722,2025-04-20 20:56:57,MOCK0003233
PT00007205,U000661,redeem,-190,2026-03-21 18:16:27,MOCK0002003
PT00007206,U003666,refund_deduct,-52,2026-06-19 03:25:00,MOCK0001994
PT00007207,U004076,order_reward,11,2026-01-18 07:54:28,MOCK0004721
PT00007208,U001075,order_reward,474,2026-01-20 15:09:42,MOCK0001613
PT00007209,U003187,order_reward,439,2025-11-27 12:08:27,MOCK0001864
PT00007210,U002342,campaign_reward,168,2026-07-03 20:18:23,MOCK0005453
PT00007211,U004723,expire,-791,2025-08-03 23:50:20,MOCK0003407
PT00007212,U003946,campaign_reward,587,2026-06-11 14:40:39,MOCK0000404
PT00007213,U001653,campaign_reward,715,2025-03-31 06:43:39,MOCK0011666
PT00007214,U002176,redeem,-342,2025-08-28 12:41:33,MOCK0011804
PT00007215,U004569,order_reward,702,2025-09-19 00:52:20,MOCK0009515
PT00007216,U004685,redeem,-475,2025-03-30 11:03:49,MOCK0000187
PT00007217,U002495,order_reward,386,2026-07-03 11:06:48,MOCK0009247
PT00007218,U001322,campaign_reward,769,2026-02-09 09:43:30,MOCK0000374
PT00007219,U003861,campaign_reward,450,2025-07-11 12:22:39,MOCK0011846
PT00007220,U002136,order_reward,579,2025-06-16 18:34:26,MOCK0000074
PT00007221,U002135,order_reward,751,2026-05-21 07:33:09,MOCK0005835
PT00007222,U001259,redeem,-453,2026-02-28 20:34:41,MOCK0002857
PT00007223,U001546,refund_deduct,-393,2025-01-22 01:23:32,MOCK0005221
PT00007224,U003052,campaign_reward,154,2025-04-26 13:50:02,MOCK0005603
PT00007225,U004362,order_reward,406,2026-05-10 19:58:43,MOCK0006258
PT00007226,U003444,order_reward,501,2025-05-11 19:03:02,MOCK0002455
PT00007227,U004704,campaign_reward,456,2026-01-07 00:30:48,MOCK0007532
PT00007228,U004759,redeem,-638,2025-12-02 12:09:37,MOCK0008394
PT00007229,U004416,order_reward,123,2025-06-01 17:00:58,MOCK0006882
PT00007230,U002380,order_reward,598,2025-08-07 10:11:10,MOCK0003992
PT00007231,U004962,order_reward,677,2025-10-15 21:00:03,MOCK0006902
PT00007232,U002052,order_reward,303,2025-04-11 09:22:38,MOCK0010516
PT00007233,U001621,campaign_reward,153,2026-03-03 22:59:25,MOCK0011309
PT00007234,U003934,refund_deduct,-608,2025-10-14 14:40:16,MOCK0000110
PT00007235,U001862,order_reward,298,2026-06-17 00:48:23,MOCK0009873
PT00007236,U003334,campaign_reward,429,2025-04-06 06:18:20,MOCK0011781
PT00007237,U002909,refund_deduct,-400,2026-04-04 16:56:09,MOCK0001932
PT00007238,U001328,redeem,-740,2026-03-05 19:14:27,MOCK0001768
PT00007239,U002982,order_reward,311,2026-01-30 00:20:35,MOCK0001165
PT00007240,U004143,order_reward,388,2025-06-09 12:49:22,MOCK0004356
PT00007241,U001482,order_reward,474,2026-03-08 06:47:09,MOCK0003827
PT00007242,U002169,redeem,-278,2025-08-10 01:29:16,MOCK0000308
PT00007243,U003809,order_reward,776,2026-07-04 23:49:50,MOCK0003693
PT00007244,U003502,order_reward,538,2026-01-13 20:43:34,MOCK0007174
PT00007245,U004572,order_reward,293,2025-12-08 08:37:10,MOCK0004691
PT00007246,U003050,redeem,-364,2026-04-04 19:42:23,MOCK0002052
PT00007247,U003870,campaign_reward,745,2025-01-31 12:52:23,MOCK0008504
PT00007248,U002336,order_reward,759,2026-01-13 04:01:00,MOCK0002724
PT00007249,U001120,redeem,-168,2025-09-21 15:08:22,MOCK0005112
PT00007250,U003975,campaign_reward,710,2026-03-07 21:03:33,MOCK0005327
PT00007251,U000106,expire,-516,2026-05-14 19:41:36,MOCK0007522
PT00007252,U004206,redeem,-19,2025-03-20 16:33:59,MOCK0011623
PT00007253,U003038,redeem,-541,2026-01-31 14:07:30,MOCK0006547
PT00007254,U004219,campaign_reward,739,2025-03-18 06:04:36,MOCK0011227
PT00007255,U004200,campaign_reward,366,2025-11-07 00:16:21,MOCK0005330
PT00007256,U000556,order_reward,763,2025-12-27 19:12:43,MOCK0011481
PT00007257,U003402,campaign_reward,359,2025-05-25 19:31:30,MOCK0008952
PT00007258,U003672,campaign_reward,157,2025-08-29 10:24:06,MOCK0005648
PT00007259,U003159,order_reward,278,2025-11-16 17:36:50,MOCK0001612
PT00007260,U000977,order_reward,710,2025-07-04 07:13:44,MOCK0005406
PT00007261,U002066,campaign_reward,409,2025-11-12 04:18:02,MOCK0006171
PT00007262,U000489,order_reward,44,2026-04-24 21:55:10,MOCK0005201
PT00007263,U002958,order_reward,245,2025-08-03 00:21:59,MOCK0007472
PT00007264,U002444,order_reward,736,2026-03-21 04:45:59,MOCK0008784
PT00007265,U000238,order_reward,525,2025-04-13 10:04:07,MOCK0010156
PT00007266,U002265,expire,-142,2025-08-21 13:48:35,MOCK0011657
PT00007267,U001446,order_reward,547,2025-03-15 18:53:33,MOCK0011292
PT00007268,U003132,expire,-621,2025-09-16 04:20:21,MOCK0002248
PT00007269,U004072,refund_deduct,-376,2025-01-09 16:35:32,MOCK0008850
PT00007270,U001156,redeem,-598,2026-07-17 05:16:24,MOCK0004593
PT00007271,U002729,order_reward,30,2026-05-24 10:17:06,MOCK0004704
PT00007272,U003239,order_reward,560,2025-06-03 12:48:28,MOCK0009546
PT00007273,U000464,order_reward,617,2025-11-16 10:11:18,MOCK0007097
PT00007274,U002879,order_reward,51,2026-04-26 21:06:41,MOCK0002939
PT00007275,U003621,campaign_reward,557,2025-12-21 21:53:50,MOCK0009544
PT00007276,U002742,expire,-547,2025-09-21 21:56:50,MOCK0000683
PT00007277,U003686,order_reward,155,2025-09-06 07:23:11,MOCK0011293
PT00007278,U004281,campaign_reward,207,2025-02-06 12:10:23,MOCK0009330
PT00007279,U001040,campaign_reward,728,2025-09-18 07:15:28,MOCK0001151
PT00007280,U004794,refund_deduct,-158,2026-07-12 11:28:35,MOCK0007491
PT00007281,U002087,redeem,-330,2025-01-30 13:40:58,MOCK0005446
PT00007282,U003108,order_reward,729,2026-07-06 11:59:40,MOCK0002974
PT00007283,U002747,redeem,-702,2025-04-07 16:56:20,MOCK0001514
PT00007284,U003189,campaign_reward,734,2025-07-22 09:16:18,MOCK0007942
PT00007285,U002092,order_reward,402,2025-04-05 11:14:40,MOCK0001169
PT00007286,U004070,redeem,-500,2025-11-03 22:32:35,MOCK0004476
PT00007287,U004211,redeem,-338,2025-05-13 18:12:13,MOCK0011329
PT00007288,U000596,campaign_reward,350,2025-03-21 04:39:14,MOCK0005423
PT00007289,U004498,order_reward,148,2025-03-14 11:03:34,MOCK0004881
PT00007290,U004296,order_reward,610,2026-08-21 09:48:18,MOCK0006754
PT00007291,U000905,refund_deduct,-234,2025-09-09 18:34:53,MOCK0003519
PT00007292,U003051,refund_deduct,-72,2025-05-08 16:24:13,MOCK0006306
PT00007293,U003599,campaign_reward,213,2026-08-21 14:26:54,MOCK0006934
PT00007294,U001330,order_reward,105,2026-05-26 13:10:40,MOCK0001191
PT00007295,U003786,order_reward,41,2025-04-03 10:27:54,MOCK0005845
PT00007296,U001246,redeem,-220,2025-06-14 12:55:27,MOCK0010203
PT00007297,U001079,order_reward,649,2026-06-28 07:03:26,MOCK0000650
PT00007298,U001263,campaign_reward,513,2025-03-11 00:03:50,MOCK0002304
PT00007299,U002736,expire,-231,2025-05-01 08:14:33,MOCK0004388
PT00007300,U002397,order_reward,247,2026-07-30 11:58:22,MOCK0006874
PT00007301,U003395,order_reward,51,2026-02-05 02:04:01,MOCK0011135
PT00007302,U000850,order_reward,298,2025-12-15 10:15:17,MOCK0011196
PT00007303,U001324,expire,-29,2026-03-18 07:37:10,MOCK0000309
PT00007304,U004523,order_reward,74,2025-10-13 17:32:04,MOCK0000960
PT00007305,U002529,order_reward,594,2025-09-01 00:09:04,MOCK0004794
PT00007306,U004897,order_reward,485,2026-02-24 10:54:59,MOCK0001706
PT00007307,U000311,refund_deduct,-543,2025-07-25 13:55:40,MOCK0009015
PT00007308,U003505,order_reward,181,2025-04-17 04:40:58,MOCK0011019
PT00007309,U004222,order_reward,374,2025-11-03 02:21:04,MOCK0005091
PT00007310,U000946,expire,-71,2026-07-13 00:47:36,MOCK0011845
PT00007311,U001309,order_reward,452,2026-02-07 12:53:26,MOCK0011238
PT00007312,U002297,order_reward,448,2025-10-09 19:13:56,MOCK0007574
PT00007313,U001316,order_reward,584,2026-06-30 02:44:26,MOCK0002089
PT00007314,U001085,order_reward,666,2025-07-02 05:46:37,MOCK0010214
PT00007315,U000612,redeem,-487,2025-11-30 08:38:19,MOCK0000408
PT00007316,U004852,order_reward,508,2026-02-18 15:40:18,MOCK0008171
PT00007317,U003441,campaign_reward,254,2025-01-23 10:19:21,MOCK0004562
PT00007318,U003761,order_reward,267,2026-02-26 06:46:17,MOCK0001588
PT00007319,U004485,order_reward,405,2025-09-27 13:28:36,MOCK0006175
PT00007320,U002168,order_reward,290,2025-07-25 10:51:04,MOCK0003084
PT00007321,U002107,refund_deduct,-521,2025-02-08 11:14:42,MOCK0010746
PT00007322,U003913,order_reward,392,2025-09-20 21:09:42,MOCK0005476
PT00007323,U004387,redeem,-617,2026-07-12 11:08:46,MOCK0004734
PT00007324,U001797,order_reward,669,2025-09-13 17:55:40,MOCK0009531
PT00007325,U000748,expire,-757,2026-05-16 16:08:35,MOCK0004925
PT00007326,U003578,order_reward,724,2025-07-31 05:31:24,MOCK0011102
PT00007327,U001168,refund_deduct,-574,2026-04-10 08:18:54,MOCK0004081
PT00007328,U003845,order_reward,623,2026-05-22 21:58:34,MOCK0004086
PT00007329,U001371,order_reward,687,2026-01-27 20:32:16,MOCK0010233
PT00007330,U001175,order_reward,300,2025-12-08 21:01:53,MOCK0009070
PT00007331,U002714,campaign_reward,486,2025-04-14 10:33:38,MOCK0010446
PT00007332,U001095,order_reward,521,2025-09-01 09:05:15,MOCK0007000
PT00007333,U003707,order_reward,154,2026-08-12 17:36:43,MOCK0010337
PT00007334,U001741,order_reward,391,2025-10-03 06:04:57,MOCK0010462
PT00007335,U002940,campaign_reward,133,2025-01-11 13:40:13,MOCK0009377
PT00007336,U004704,order_reward,748,2026-02-22 14:27:22,MOCK0011404
PT00007337,U000053,redeem,-533,2025-01-27 20:20:03,MOCK0011421
PT00007338,U004620,redeem,-359,2025-08-01 05:51:20,MOCK0005517
PT00007339,U001458,campaign_reward,633,2025-04-10 09:24:22,MOCK0002160
PT00007340,U003274,order_reward,174,2026-03-16 04:59:23,MOCK0005301
PT00007341,U001695,redeem,-459,2025-02-27 08:31:32,MOCK0005866
PT00007342,U003357,refund_deduct,-124,2025-12-11 07:58:27,MOCK0006664
PT00007343,U004143,order_reward,516,2025-11-07 10:07:26,MOCK0005604
PT00007344,U002474,order_reward,33,2026-04-09 22:38:09,MOCK0010899
PT00007345,U000260,campaign_reward,138,2025-01-14 17:47:11,MOCK0010536
PT00007346,U003529,expire,-654,2026-05-31 14:42:27,MOCK0010516
PT00007347,U004092,order_reward,282,2026-01-30 12:08:16,MOCK0004731
PT00007348,U001387,order_reward,484,2025-11-04 20:28:50,MOCK0001284
PT00007349,U003464,order_reward,49,2026-05-25 07:43:11,MOCK0009130
PT00007350,U003432,order_reward,516,2025-06-09 10:38:49,MOCK0000829
PT00007351,U003259,order_reward,794,2025-04-02 16:39:41,MOCK0004839
PT00007352,U002483,refund_deduct,-757,2026-05-05 18:00:28,MOCK0004674
PT00007353,U004997,order_reward,677,2026-04-25 05:29:42,MOCK0011855
PT00007354,U002708,campaign_reward,191,2025-12-14 23:44:19,MOCK0001274
PT00007355,U003988,redeem,-156,2025-05-05 12:29:17,MOCK0005771
PT00007356,U001160,refund_deduct,-550,2025-04-02 08:15:34,MOCK0001999
PT00007357,U003915,order_reward,356,2026-07-20 11:36:13,MOCK0008490
PT00007358,U000169,order_reward,617,2025-09-19 09:21:17,MOCK0000347
PT00007359,U000347,expire,-268,2026-03-12 08:30:22,MOCK0005441
PT00007360,U004507,order_reward,208,2025-11-12 02:15:42,MOCK0006686
PT00007361,U004575,order_reward,749,2026-02-27 02:47:54,MOCK0007956
PT00007362,U001189,order_reward,314,2025-07-20 20:03:32,MOCK0011218
PT00007363,U003180,campaign_reward,579,2025-07-01 02:46:14,MOCK0004420
PT00007364,U004645,order_reward,375,2026-06-05 09:35:22,MOCK0000161
PT00007365,U004243,expire,-477,2025-06-21 03:58:22,MOCK0010103
PT00007366,U001867,campaign_reward,447,2025-06-03 05:35:05,MOCK0009340
PT00007367,U004183,campaign_reward,265,2026-04-03 05:26:15,MOCK0009008
PT00007368,U000582,order_reward,493,2025-06-16 01:10:16,MOCK0002624
PT00007369,U004327,campaign_reward,26,2025-07-30 14:37:01,MOCK0010303
PT00007370,U001233,campaign_reward,678,2026-03-16 19:29:43,MOCK0006152
PT00007371,U003036,campaign_reward,253,2026-04-12 09:49:12,MOCK0001147
PT00007372,U002417,order_reward,83,2025-04-18 11:44:47,MOCK0008224
PT00007373,U001494,order_reward,428,2025-06-24 01:48:11,MOCK0005630
PT00007374,U004664,order_reward,169,2026-08-09 13:35:35,MOCK0011839
PT00007375,U004169,order_reward,279,2025-06-29 06:19:18,MOCK0009284
PT00007376,U003079,campaign_reward,659,2025-12-02 17:57:18,MOCK0004452
PT00007377,U004128,order_reward,497,2026-01-24 12:32:43,MOCK0007736
PT00007378,U001214,campaign_reward,720,2025-12-18 02:44:59,MOCK0007258
PT00007379,U004062,order_reward,569,2026-02-02 00:39:08,MOCK0007530
PT00007380,U002084,order_reward,552,2025-03-26 06:16:19,MOCK0000330
PT00007381,U001277,redeem,-314,2025-08-19 10:18:19,MOCK0010773
PT00007382,U004819,order_reward,367,2025-11-04 07:48:15,MOCK0002838
PT00007383,U004955,expire,-55,2025-10-05 23:15:32,MOCK0006386
PT00007384,U004416,campaign_reward,770,2026-05-27 02:04:14,MOCK0009941
PT00007385,U003667,expire,-416,2025-06-11 20:33:08,MOCK0008986
PT00007386,U004729,campaign_reward,108,2025-01-10 11:55:48,MOCK0008309
PT00007387,U002167,order_reward,743,2025-03-01 23:33:47,MOCK0011825
PT00007388,U001677,order_reward,757,2026-06-13 18:13:40,MOCK0006310
PT00007389,U003988,campaign_reward,476,2026-05-24 15:44:29,MOCK0001004
PT00007390,U004513,order_reward,254,2026-04-03 02:49:44,MOCK0000697
PT00007391,U004143,refund_deduct,-34,2026-03-24 23:02:37,MOCK0006030
PT00007392,U002452,order_reward,427,2025-07-08 22:06:40,MOCK0007647
PT00007393,U001836,refund_deduct,-548,2026-07-01 21:24:28,MOCK0007392
PT00007394,U002470,campaign_reward,133,2026-08-07 11:40:30,MOCK0007695
PT00007395,U001390,redeem,-713,2025-04-01 02:11:19,MOCK0003498
PT00007396,U001573,refund_deduct,-782,2026-05-15 22:16:33,MOCK0000696
PT00007397,U000085,expire,-44,2026-06-27 10:07:07,MOCK0004392
PT00007398,U001528,redeem,-59,2025-01-30 07:55:11,MOCK0000512
PT00007399,U003662,campaign_reward,770,2025-10-02 09:59:45,MOCK0001137
PT00007400,U001669,campaign_reward,580,2025-12-21 14:22:59,MOCK0011851
PT00007401,U002767,redeem,-654,2026-07-04 14:25:45,MOCK0001038
PT00007402,U004233,refund_deduct,-346,2026-01-08 00:01:22,MOCK0004084
PT00007403,U001715,refund_deduct,-522,2026-03-26 10:52:22,MOCK0009362
PT00007404,U000024,order_reward,585,2025-06-04 06:11:30,MOCK0009803
PT00007405,U002525,campaign_reward,499,2025-07-25 16:19:52,MOCK0010363
PT00007406,U000946,order_reward,267,2025-01-06 02:30:20,MOCK0011187
PT00007407,U000945,order_reward,307,2025-08-20 20:00:04,MOCK0001722
PT00007408,U003042,redeem,-10,2025-05-29 22:21:21,MOCK0004413
PT00007409,U001051,order_reward,591,2025-09-21 13:53:42,MOCK0010724
PT00007410,U000859,redeem,-373,2025-05-14 22:06:06,MOCK0000289
PT00007411,U001736,campaign_reward,719,2025-05-18 16:44:41,MOCK0008895
PT00007412,U003148,expire,-653,2025-10-17 19:19:33,MOCK0002152
PT00007413,U004881,order_reward,504,2025-03-23 01:07:20,MOCK0006478
PT00007414,U001410,refund_deduct,-110,2026-05-01 01:04:09,MOCK0006633
PT00007415,U002481,order_reward,522,2026-01-28 17:58:19,MOCK0010673
PT00007416,U001732,expire,-400,2026-02-10 10:02:53,MOCK0006849
PT00007417,U001652,order_reward,487,2026-05-26 23:43:57,MOCK0001799
PT00007418,U002307,order_reward,91,2026-03-24 01:27:37,MOCK0002022
PT00007419,U001503,order_reward,799,2025-10-30 22:33:24,MOCK0001546
PT00007420,U004365,order_reward,504,2025-09-14 03:42:27,MOCK0009797
PT00007421,U004478,order_reward,9,2026-04-13 09:22:09,MOCK0001772
PT00007422,U004834,campaign_reward,518,2026-03-30 05:53:50,MOCK0007825
PT00007423,U002120,order_reward,755,2026-03-29 20:37:37,MOCK0011219
PT00007424,U002749,order_reward,680,2025-07-24 13:22:33,MOCK0009824
PT00007425,U004963,order_reward,323,2025-04-29 05:12:30,MOCK0006660
PT00007426,U002160,order_reward,594,2026-04-25 04:21:53,MOCK0000103
PT00007427,U000273,order_reward,489,2025-05-06 03:11:53,MOCK0010216
PT00007428,U003112,campaign_reward,705,2025-12-13 07:39:59,MOCK0003970
PT00007429,U004188,order_reward,158,2026-08-20 23:32:26,MOCK0005194
PT00007430,U002944,campaign_reward,197,2026-07-20 03:46:24,MOCK0003695
PT00007431,U000118,order_reward,764,2026-07-17 12:07:34,MOCK0010535
PT00007432,U001179,redeem,-457,2026-07-21 21:12:29,MOCK0002385
PT00007433,U001766,campaign_reward,511,2025-03-19 23:12:25,MOCK0003256
PT00007434,U001620,order_reward,743,2025-10-17 07:04:04,MOCK0008861
PT00007435,U002842,campaign_reward,799,2025-09-18 04:53:52,MOCK0011424
PT00007436,U004756,order_reward,209,2025-09-04 11:24:24,MOCK0007727
PT00007437,U002414,order_reward,278,2026-08-05 17:29:02,MOCK0002475
PT00007438,U000505,redeem,-484,2025-06-12 15:21:31,MOCK0003765
PT00007439,U004856,campaign_reward,30,2025-08-02 12:21:30,MOCK0000725
PT00007440,U002227,expire,-450,2025-01-04 00:56:37,MOCK0011278
PT00007441,U000991,order_reward,680,2026-07-27 21:05:26,MOCK0011136
PT00007442,U004674,order_reward,163,2026-08-05 05:24:17,MOCK0003492
PT00007443,U001901,refund_deduct,-191,2026-03-07 12:47:29,MOCK0005691
PT00007444,U002349,redeem,-320,2026-04-20 04:18:35,MOCK0006401
PT00007445,U003094,order_reward,219,2025-10-01 19:01:43,MOCK0003127
PT00007446,U001253,order_reward,482,2026-07-10 10:06:16,MOCK0009048
PT00007447,U001899,order_reward,640,2025-07-13 08:33:13,MOCK0002422
PT00007448,U003182,campaign_reward,344,2025-12-26 00:53:06,MOCK0011321
PT00007449,U002757,refund_deduct,-416,2026-04-27 04:49:03,MOCK0000813
PT00007450,U000080,expire,-409,2025-02-24 19:57:01,MOCK0001988
PT00007451,U004320,refund_deduct,-49,2026-03-22 22:45:23,MOCK0007800
PT00007452,U000532,order_reward,472,2026-07-30 23:14:24,MOCK0004409
PT00007453,U001522,redeem,-200,2025-05-27 05:11:46,MOCK0000030
PT00007454,U000161,order_reward,176,2026-04-24 08:55:37,MOCK0006682
PT00007455,U003908,order_reward,660,2026-01-15 16:38:14,MOCK0000355
PT00007456,U000211,campaign_reward,625,2026-08-04 04:16:43,MOCK0002855
PT00007457,U002573,order_reward,530,2026-08-08 19:35:42,MOCK0007686
PT00007458,U001184,redeem,-783,2025-01-25 12:34:51,MOCK0003618
PT00007459,U001919,redeem,-671,2025-02-16 20:24:29,MOCK0011102
PT00007460,U001181,redeem,-691,2025-10-22 18:02:58,MOCK0008461
PT00007461,U001535,order_reward,764,2025-10-14 06:11:45,MOCK0005586
PT00007462,U000532,order_reward,72,2025-07-06 12:20:32,MOCK0011330
PT00007463,U003245,order_reward,716,2025-03-15 22:30:53,MOCK0000987
PT00007464,U002896,order_reward,537,2025-10-03 15:20:13,MOCK0004137
PT00007465,U003115,order_reward,779,2025-12-31 12:32:06,MOCK0003712
PT00007466,U000140,order_reward,609,2025-01-22 04:33:27,MOCK0007374
PT00007467,U002237,order_reward,309,2025-03-01 18:14:52,MOCK0001377
PT00007468,U004518,redeem,-761,2026-06-05 19:20:21,MOCK0000676
PT00007469,U001858,order_reward,732,2025-11-01 11:55:36,MOCK0000622
PT00007470,U004883,order_reward,786,2025-03-22 11:36:42,MOCK0000440
PT00007471,U003679,order_reward,403,2025-08-01 08:59:16,MOCK0000641
PT00007472,U001950,expire,-489,2025-07-05 01:44:33,MOCK0002626
PT00007473,U003861,redeem,-388,2026-02-22 09:08:02,MOCK0008254
PT00007474,U001304,order_reward,372,2026-06-14 11:01:10,MOCK0004842
PT00007475,U004475,campaign_reward,518,2026-05-31 05:34:30,MOCK0010271
PT00007476,U002089,campaign_reward,433,2025-10-10 11:42:16,MOCK0001023
PT00007477,U004769,order_reward,569,2026-06-17 07:04:50,MOCK0005742
PT00007478,U000612,order_reward,303,2025-06-21 17:54:35,MOCK0007778
PT00007479,U003186,redeem,-616,2025-12-17 00:55:42,MOCK0009251
PT00007480,U000673,order_reward,131,2025-09-14 09:18:03,MOCK0004494
PT00007481,U004292,redeem,-677,2026-02-14 13:56:39,MOCK0001429
PT00007482,U003160,redeem,-601,2025-08-04 09:00:57,MOCK0011213
PT00007483,U004654,order_reward,758,2026-06-28 14:09:12,MOCK0010775
PT00007484,U003409,campaign_reward,797,2026-01-23 02:48:06,MOCK0009487
PT00007485,U000247,order_reward,782,2025-12-13 20:25:37,MOCK0002571
PT00007486,U000086,order_reward,471,2025-05-19 02:45:35,MOCK0007146
PT00007487,U002055,order_reward,230,2026-06-07 07:37:27,MOCK0009451
PT00007488,U001018,refund_deduct,-321,2025-11-02 08:22:24,MOCK0002294
PT00007489,U002505,refund_deduct,-426,2026-05-02 11:59:23,MOCK0004830
PT00007490,U002935,refund_deduct,-8,2026-05-03 04:35:02,MOCK0004350
PT00007491,U003140,redeem,-87,2025-05-05 01:50:42,MOCK0007440
PT00007492,U003960,redeem,-595,2025-06-14 14:37:31,MOCK0006293
PT00007493,U004857,expire,-286,2026-06-28 08:29:48,MOCK0001963
PT00007494,U001160,redeem,-113,2025-12-02 15:52:35,MOCK0010087
PT00007495,U003912,order_reward,82,2025-12-15 22:27:16,MOCK0009319
PT00007496,U004220,order_reward,614,2026-04-03 15:35:51,MOCK0008463
PT00007497,U000670,order_reward,566,2025-06-11 10:00:13,MOCK0003252
PT00007498,U000553,campaign_reward,405,2026-06-06 04:37:06,MOCK0000891
PT00007499,U002210,expire,-221,2026-07-12 06:45:33,MOCK0004713
PT00007500,U004589,order_reward,509,2025-04-19 13:51:46,MOCK0001755
PT00007501,U004930,redeem,-710,2025-02-12 05:54:28,MOCK0001433
PT00007502,U002086,expire,-763,2025-11-01 10:55:39,MOCK0001698
PT00007503,U002533,order_reward,672,2026-06-17 23:17:38,MOCK0010265
PT00007504,U004925,redeem,-124,2025-02-08 20:45:51,MOCK0002820
PT00007505,U003629,redeem,-662,2026-02-09 15:27:38,MOCK0006037
PT00007506,U001505,redeem,-349,2025-02-26 05:15:40,MOCK0007706
PT00007507,U004709,redeem,-240,2025-01-11 00:22:14,MOCK0008115
PT00007508,U003432,order_reward,471,2025-05-30 16:38:08,MOCK0008918
PT00007509,U002440,order_reward,307,2025-09-14 02:46:23,MOCK0006245
PT00007510,U001665,order_reward,672,2025-07-14 08:16:26,MOCK0005264
PT00007511,U002005,order_reward,245,2026-04-21 05:15:35,MOCK0002568
PT00007512,U002129,order_reward,75,2025-04-01 20:34:04,MOCK0009713
PT00007513,U000796,expire,-365,2025-02-14 10:30:29,MOCK0010188
PT00007514,U004516,campaign_reward,140,2026-02-15 03:59:44,MOCK0004944
PT00007515,U004968,campaign_reward,26,2026-04-01 20:22:36,MOCK0004645
PT00007516,U002260,order_reward,404,2025-03-08 23:27:01,MOCK0002051
PT00007517,U002521,refund_deduct,-516,2025-12-27 14:16:50,MOCK0006367
PT00007518,U004504,campaign_reward,205,2025-07-04 13:18:36,MOCK0002530
PT00007519,U004750,refund_deduct,-33,2026-08-07 11:06:44,MOCK0005265
PT00007520,U003294,campaign_reward,570,2025-09-22 21:37:38,MOCK0003604
PT00007521,U002854,redeem,-206,2025-05-07 12:29:35,MOCK0009463
PT00007522,U000797,campaign_reward,530,2025-10-07 22:27:25,MOCK0003675
PT00007523,U002980,campaign_reward,608,2025-05-24 14:10:31,MOCK0005616
PT00007524,U002489,order_reward,780,2026-02-13 04:10:16,MOCK0005044
PT00007525,U000562,order_reward,133,2026-03-27 11:31:01,MOCK0011419
PT00007526,U001232,campaign_reward,530,2026-06-17 18:44:25,MOCK0006311
PT00007527,U000230,redeem,-226,2026-01-27 00:25:24,MOCK0008800
PT00007528,U004660,order_reward,593,2026-08-17 10:45:58,MOCK0009676
PT00007529,U002044,redeem,-548,2025-10-29 12:00:20,MOCK0000143
PT00007530,U000765,order_reward,414,2025-05-05 20:13:32,MOCK0000051
PT00007531,U002046,order_reward,446,2026-05-17 11:13:55,MOCK0000481
PT00007532,U003028,redeem,-613,2025-06-24 14:15:05,MOCK0004341
PT00007533,U000092,order_reward,448,2026-05-26 04:09:25,MOCK0005806
PT00007534,U000185,order_reward,450,2025-06-30 02:19:35,MOCK0003771
PT00007535,U000210,campaign_reward,751,2025-04-03 18:02:52,MOCK0000612
PT00007536,U003471,redeem,-584,2025-11-04 04:14:15,MOCK0004132
PT00007537,U004450,campaign_reward,85,2026-01-22 03:23:43,MOCK0008556
PT00007538,U000731,order_reward,373,2026-03-19 15:19:26,MOCK0004227
PT00007539,U003435,order_reward,516,2025-09-24 11:41:16,MOCK0004907
PT00007540,U001901,campaign_reward,556,2025-12-09 06:59:43,MOCK0007687
PT00007541,U004456,order_reward,314,2026-03-11 14:27:22,MOCK0004980
PT00007542,U000577,order_reward,466,2025-04-27 04:30:49,MOCK0010534
PT00007543,U002775,order_reward,350,2025-11-23 05:54:33,MOCK0007636
PT00007544,U002492,redeem,-371,2026-05-30 16:37:50,MOCK0009690
PT00007545,U004493,redeem,-542,2026-08-05 08:25:28,MOCK0011224
PT00007546,U001019,refund_deduct,-518,2025-11-14 09:46:06,MOCK0005992
PT00007547,U003395,order_reward,774,2025-09-30 12:10:53,MOCK0001467
PT00007548,U000255,campaign_reward,412,2026-03-20 02:44:37,MOCK0004904
PT00007549,U002723,campaign_reward,256,2026-04-27 09:16:51,MOCK0010508
PT00007550,U002804,order_reward,724,2026-08-08 01:39:42,MOCK0003502
PT00007551,U004676,order_reward,126,2025-05-04 15:04:35,MOCK0003983
PT00007552,U004069,redeem,-369,2026-08-21 04:25:40,MOCK0004881
PT00007553,U004468,order_reward,552,2026-08-05 12:02:13,MOCK0003842
PT00007554,U001524,order_reward,85,2025-02-27 18:23:23,MOCK0003539
PT00007555,U002374,redeem,-219,2026-06-14 13:42:33,MOCK0010942
PT00007556,U003665,expire,-708,2026-05-01 12:51:28,MOCK0009904
PT00007557,U000852,campaign_reward,167,2025-05-22 08:57:49,MOCK0000725
PT00007558,U000065,campaign_reward,78,2026-06-29 12:25:13,MOCK0008535
PT00007559,U000353,order_reward,262,2026-06-01 07:16:24,MOCK0009897
PT00007560,U004398,order_reward,328,2025-04-15 16:11:55,MOCK0004622
PT00007561,U001323,order_reward,371,2025-04-13 15:10:23,MOCK0008599
PT00007562,U004667,order_reward,208,2026-03-08 13:50:18,MOCK0009040
PT00007563,U003258,order_reward,746,2025-08-23 07:24:45,MOCK0002290
PT00007564,U002990,order_reward,130,2026-06-22 12:07:54,MOCK0004504
PT00007565,U004868,expire,-221,2025-01-12 06:13:56,MOCK0001054
PT00007566,U000520,order_reward,502,2026-07-09 05:27:18,MOCK0005693
PT00007567,U003288,redeem,-196,2025-11-27 05:44:25,MOCK0003822
PT00007568,U004904,order_reward,98,2025-03-08 22:56:58,MOCK0000892
PT00007569,U002393,refund_deduct,-246,2025-06-17 19:59:56,MOCK0001109
PT00007570,U003777,order_reward,748,2025-08-01 09:47:21,MOCK0010832
PT00007571,U002614,order_reward,293,2026-08-03 18:46:26,MOCK0004656
PT00007572,U002021,refund_deduct,-127,2025-10-06 21:44:33,MOCK0011699
PT00007573,U000397,order_reward,106,2025-01-22 22:36:12,MOCK0002594
PT00007574,U001507,campaign_reward,472,2025-06-02 05:34:05,MOCK0005746
PT00007575,U003531,order_reward,525,2026-06-15 00:18:36,MOCK0011895
PT00007576,U001924,order_reward,673,2025-07-07 13:36:04,MOCK0010732
PT00007577,U000929,campaign_reward,38,2026-04-14 18:44:24,MOCK0003823
PT00007578,U000057,order_reward,610,2025-03-09 17:34:32,MOCK0002410
PT00007579,U000216,refund_deduct,-549,2025-05-18 07:19:07,MOCK0001557
PT00007580,U003182,campaign_reward,290,2025-08-04 21:32:18,MOCK0002786
PT00007581,U002940,order_reward,506,2026-03-09 23:19:19,MOCK0004959
PT00007582,U003599,refund_deduct,-155,2025-04-18 21:39:33,MOCK0000022
PT00007583,U003771,order_reward,197,2025-12-08 04:05:17,MOCK0011441
PT00007584,U003124,expire,-12,2025-10-20 20:07:54,MOCK0008922
PT00007585,U004885,refund_deduct,-508,2025-03-04 13:31:09,MOCK0004431
PT00007586,U004439,redeem,-410,2026-01-13 05:55:46,MOCK0001888
PT00007587,U004792,redeem,-10,2026-01-07 05:27:51,MOCK0010761
PT00007588,U000218,order_reward,313,2026-04-26 23:50:56,MOCK0001206
PT00007589,U000094,order_reward,482,2025-10-11 13:53:41,MOCK0008890
PT00007590,U003850,campaign_reward,17,2025-01-14 07:05:27,MOCK0006791
PT00007591,U002529,expire,-207,2025-07-15 10:01:17,MOCK0006998
PT00007592,U002316,refund_deduct,-442,2025-08-10 14:27:07,MOCK0009393
PT00007593,U002157,campaign_reward,592,2026-03-26 19:19:24,MOCK0005627
PT00007594,U001598,order_reward,190,2026-01-04 21:34:32,MOCK0008715
PT00007595,U004843,campaign_reward,454,2025-04-07 02:23:29,MOCK0004631
PT00007596,U003414,redeem,-709,2026-08-22 08:07:36,MOCK0002879
PT00007597,U000891,order_reward,15,2026-03-19 05:37:56,MOCK0005416
PT00007598,U000790,campaign_reward,697,2025-02-22 13:05:47,MOCK0009893
PT00007599,U000179,refund_deduct,-449,2026-02-13 18:23:48,MOCK0001150
PT00007600,U001977,order_reward,468,2026-02-12 07:48:38,MOCK0001844
PT00007601,U002001,order_reward,743,2025-08-15 11:21:18,MOCK0011802
PT00007602,U004332,order_reward,126,2025-09-27 16:55:17,MOCK0009210
PT00007603,U002411,order_reward,604,2026-03-17 15:17:19,MOCK0009807
PT00007604,U003079,order_reward,512,2025-09-05 23:03:19,MOCK0009724
PT00007605,U001807,campaign_reward,200,2026-05-23 21:23:12,MOCK0006167
PT00007606,U001609,redeem,-181,2025-11-01 17:05:34,MOCK0001871
PT00007607,U003374,order_reward,179,2025-06-01 06:13:12,MOCK0000885
PT00007608,U000168,order_reward,79,2025-10-01 16:30:08,MOCK0003017
PT00007609,U003489,order_reward,556,2025-11-26 07:16:10,MOCK0008563
PT00007610,U003587,redeem,-212,2025-05-27 03:29:33,MOCK0009075
PT00007611,U003512,order_reward,551,2026-05-29 04:57:42,MOCK0007621
PT00007612,U002973,order_reward,787,2025-04-23 08:19:40,MOCK0008710
PT00007613,U000563,campaign_reward,8,2026-08-08 02:07:23,MOCK0005866
PT00007614,U000516,order_reward,756,2026-04-14 08:23:52,MOCK0011945
PT00007615,U004256,redeem,-239,2025-08-03 15:09:58,MOCK0006032
PT00007616,U000908,order_reward,302,2026-04-23 19:32:39,MOCK0007888
PT00007617,U004262,order_reward,136,2025-04-29 01:19:22,MOCK0004089
PT00007618,U003338,campaign_reward,339,2026-04-18 22:12:53,MOCK0000152
PT00007619,U000465,order_reward,431,2025-06-10 05:12:18,MOCK0001294
PT00007620,U003921,order_reward,459,2025-03-16 22:10:01,MOCK0011414
PT00007621,U003402,redeem,-386,2026-07-11 05:25:01,MOCK0003278
PT00007622,U003932,order_reward,332,2025-05-11 23:53:11,MOCK0000528
PT00007623,U000268,order_reward,553,2026-07-19 01:58:09,MOCK0007268
PT00007624,U002133,order_reward,216,2025-03-06 14:05:15,MOCK0007532
PT00007625,U003700,campaign_reward,748,2026-07-22 22:19:00,MOCK0004014
PT00007626,U004924,redeem,-109,2025-07-21 16:12:10,MOCK0000513
PT00007627,U000187,expire,-732,2025-04-29 01:16:40,MOCK0001743
PT00007628,U000175,redeem,-451,2025-10-30 12:36:55,MOCK0004094
PT00007629,U001304,campaign_reward,522,2025-05-04 08:21:57,MOCK0007013
PT00007630,U000271,order_reward,365,2026-05-15 17:39:11,MOCK0005943
PT00007631,U004571,redeem,-791,2025-12-01 17:58:32,MOCK0009829
PT00007632,U004854,refund_deduct,-554,2026-08-15 02:21:57,MOCK0004460
PT00007633,U004647,campaign_reward,421,2026-05-27 23:50:11,MOCK0000865
PT00007634,U002156,redeem,-410,2026-04-02 16:16:00,MOCK0006300
PT00007635,U003793,campaign_reward,536,2025-05-27 13:07:44,MOCK0007450
PT00007636,U001205,redeem,-420,2026-05-16 23:06:17,MOCK0010979
PT00007637,U003422,order_reward,39,2025-10-13 05:17:02,MOCK0010345
PT00007638,U004863,order_reward,775,2025-02-28 04:10:02,MOCK0006499
PT00007639,U003146,redeem,-339,2025-09-15 10:13:41,MOCK0006777
PT00007640,U003575,expire,-124,2025-06-14 16:00:38,MOCK0000496
PT00007641,U001185,order_reward,25,2025-10-11 14:20:42,MOCK0009554
PT00007642,U003335,redeem,-543,2026-06-19 00:21:39,MOCK0005280
PT00007643,U000140,redeem,-622,2025-02-16 10:38:44,MOCK0010953
PT00007644,U002831,campaign_reward,707,2025-07-11 17:30:28,MOCK0010069
PT00007645,U001426,campaign_reward,459,2026-05-04 02:29:29,MOCK0011202
PT00007646,U001378,redeem,-294,2026-05-17 14:06:12,MOCK0006792
PT00007647,U001442,order_reward,41,2026-04-15 12:36:32,MOCK0008999
PT00007648,U000107,campaign_reward,222,2025-04-06 06:27:22,MOCK0000851
PT00007649,U000046,campaign_reward,84,2025-10-02 08:51:44,MOCK0002479
PT00007650,U000096,order_reward,703,2025-05-06 22:58:06,MOCK0002260
PT00007651,U004155,redeem,-68,2025-06-08 23:57:34,MOCK0000627
PT00007652,U003937,refund_deduct,-522,2025-12-23 10:42:58,MOCK0000414
PT00007653,U001949,order_reward,651,2025-07-06 11:57:53,MOCK0010409
PT00007654,U002636,order_reward,316,2026-06-15 08:36:43,MOCK0003085
PT00007655,U002828,order_reward,620,2025-02-28 02:35:49,MOCK0000947
PT00007656,U002285,campaign_reward,193,2025-11-21 05:49:17,MOCK0001933
PT00007657,U001653,redeem,-284,2026-07-15 13:23:42,MOCK0003829
PT00007658,U001333,order_reward,386,2026-02-23 17:02:44,MOCK0009051
PT00007659,U003551,redeem,-708,2025-01-07 19:46:35,MOCK0005757
PT00007660,U000788,order_reward,576,2026-01-30 16:12:18,MOCK0010148
PT00007661,U000036,order_reward,756,2026-02-05 03:17:14,MOCK0002215
PT00007662,U003594,refund_deduct,-645,2025-05-29 08:55:50,MOCK0006463
PT00007663,U002079,order_reward,285,2025-08-03 23:44:02,MOCK0005920
PT00007664,U003242,order_reward,530,2025-07-25 07:40:07,MOCK0009628
PT00007665,U000458,refund_deduct,-780,2026-04-03 18:04:10,MOCK0002349
PT00007666,U001507,order_reward,471,2026-07-22 21:41:37,MOCK0009468
PT00007667,U002619,order_reward,85,2026-07-26 00:01:13,MOCK0011029
PT00007668,U003480,order_reward,691,2025-03-06 05:54:58,MOCK0004349
PT00007669,U002186,order_reward,177,2026-05-21 23:44:57,MOCK0004895
PT00007670,U003511,campaign_reward,648,2026-05-24 03:06:03,MOCK0000685
PT00007671,U002754,campaign_reward,353,2026-03-07 19:37:47,MOCK0009470
PT00007672,U004187,campaign_reward,565,2025-01-23 14:59:08,MOCK0009654
PT00007673,U002292,order_reward,97,2025-04-18 08:18:28,MOCK0000172
PT00007674,U004358,expire,-568,2025-10-21 21:00:33,MOCK0000319
PT00007675,U004982,order_reward,7,2025-02-11 01:23:05,MOCK0003229
PT00007676,U003729,order_reward,348,2025-02-26 14:14:42,MOCK0011596
PT00007677,U002874,campaign_reward,323,2025-08-04 07:34:52,MOCK0009541
PT00007678,U001205,redeem,-731,2025-04-27 08:18:41,MOCK0005037
PT00007679,U004377,order_reward,749,2026-04-07 17:56:01,MOCK0008277
PT00007680,U000612,refund_deduct,-153,2026-07-08 11:26:43,MOCK0010647
PT00007681,U001604,order_reward,143,2026-05-28 01:07:59,MOCK0001859
PT00007682,U001917,campaign_reward,161,2025-08-22 00:28:08,MOCK0006654
PT00007683,U003897,expire,-685,2025-04-02 09:00:37,MOCK0001444
PT00007684,U002518,order_reward,521,2026-02-25 22:55:01,MOCK0002748
PT00007685,U004743,order_reward,161,2025-10-09 09:47:17,MOCK0004348
PT00007686,U000950,order_reward,17,2025-11-19 01:35:57,MOCK0006509
PT00007687,U002834,expire,-243,2026-06-12 19:33:01,MOCK0006461
PT00007688,U003494,redeem,-333,2025-02-10 00:25:56,MOCK0000946
PT00007689,U001639,order_reward,207,2025-01-04 01:02:43,MOCK0003518
PT00007690,U002543,order_reward,613,2026-03-15 20:38:41,MOCK0001131
PT00007691,U000887,order_reward,623,2025-10-10 19:37:16,MOCK0006084
PT00007692,U004280,campaign_reward,239,2025-07-28 04:49:10,MOCK0007978
PT00007693,U000205,order_reward,57,2025-07-05 07:32:29,MOCK0006605
PT00007694,U004081,order_reward,327,2025-08-27 17:29:59,MOCK0009206
PT00007695,U002204,refund_deduct,-145,2025-02-12 05:17:01,MOCK0001675
PT00007696,U001283,redeem,-156,2025-08-17 03:39:08,MOCK0009279
PT00007697,U002541,order_reward,572,2025-09-16 12:09:34,MOCK0000245
PT00007698,U004915,expire,-192,2026-06-06 22:52:00,MOCK0001157
PT00007699,U003638,redeem,-125,2025-05-18 10:14:54,MOCK0007477
PT00007700,U002377,redeem,-631,2025-11-15 09:53:40,MOCK0002216
PT00007701,U003487,refund_deduct,-160,2025-01-09 02:16:42,MOCK0000791
PT00007702,U004535,redeem,-795,2025-05-01 15:07:23,MOCK0000885
PT00007703,U002157,order_reward,642,2025-07-14 15:55:10,MOCK0006594
PT00007704,U003056,order_reward,428,2026-05-02 23:58:14,MOCK0004855
PT00007705,U003945,campaign_reward,408,2025-12-24 20:11:48,MOCK0000604
PT00007706,U004264,redeem,-742,2026-05-25 10:51:03,MOCK0002756
PT00007707,U004195,order_reward,606,2026-02-28 16:59:30,MOCK0002358
PT00007708,U004730,order_reward,127,2025-08-16 00:12:10,MOCK0003194
PT00007709,U000662,refund_deduct,-327,2026-05-10 22:25:24,MOCK0009518
PT00007710,U003584,expire,-535,2025-10-23 03:27:12,MOCK0006998
PT00007711,U000460,order_reward,90,2025-02-12 07:38:13,MOCK0001080
PT00007712,U000530,order_reward,472,2026-03-11 13:41:56,MOCK0006726
PT00007713,U002828,order_reward,732,2025-09-30 01:16:35,MOCK0006593
PT00007714,U000954,expire,-725,2026-05-30 08:38:03,MOCK0008342
PT00007715,U003134,redeem,-409,2026-06-12 08:28:50,MOCK0000343
PT00007716,U000926,order_reward,404,2026-08-02 18:58:24,MOCK0004103
PT00007717,U000259,redeem,-488,2025-03-29 05:45:40,MOCK0002608
PT00007718,U000904,expire,-477,2025-06-05 05:45:42,MOCK0002777
PT00007719,U001287,order_reward,32,2026-06-16 04:53:26,MOCK0011408
PT00007720,U002859,redeem,-770,2026-05-31 12:18:21,MOCK0009623
PT00007721,U000991,order_reward,799,2026-04-07 23:28:01,MOCK0004444
PT00007722,U004206,redeem,-474,2026-06-24 04:08:48,MOCK0007698
PT00007723,U003329,refund_deduct,-238,2025-12-15 11:23:45,MOCK0002460
PT00007724,U002865,expire,-404,2025-09-13 01:39:25,MOCK0000122
PT00007725,U001544,expire,-29,2026-08-05 18:27:42,MOCK0005876
PT00007726,U002298,order_reward,615,2025-05-26 06:11:00,MOCK0000801
PT00007727,U002505,expire,-543,2025-10-23 19:28:43,MOCK0010511
PT00007728,U002322,order_reward,284,2025-04-17 06:55:30,MOCK0004086
PT00007729,U001661,order_reward,752,2025-07-20 08:48:42,MOCK0002416
PT00007730,U000161,campaign_reward,746,2026-06-28 05:00:36,MOCK0003503
PT00007731,U004595,order_reward,201,2025-01-07 11:42:21,MOCK0011369
PT00007732,U004176,order_reward,60,2025-10-21 19:10:06,MOCK0002093
PT00007733,U000394,order_reward,579,2025-06-08 20:39:34,MOCK0009844
PT00007734,U002508,campaign_reward,400,2025-03-02 22:31:33,MOCK0005510
PT00007735,U004334,order_reward,512,2025-03-09 15:43:24,MOCK0006333
PT00007736,U001630,expire,-486,2025-11-13 03:59:17,MOCK0000766
PT00007737,U002557,expire,-218,2025-04-14 03:45:08,MOCK0005231
PT00007738,U004942,redeem,-49,2026-04-09 10:32:46,MOCK0003839
PT00007739,U003551,order_reward,230,2025-04-08 02:12:44,MOCK0007175
PT00007740,U002351,redeem,-508,2025-02-05 02:47:05,MOCK0004312
PT00007741,U003471,campaign_reward,76,2025-12-06 09:36:18,MOCK0005993
PT00007742,U002236,order_reward,120,2026-06-09 23:40:29,MOCK0002821
PT00007743,U004142,order_reward,55,2025-05-09 12:52:33,MOCK0001615
PT00007744,U001454,order_reward,296,2025-02-16 05:37:38,MOCK0011704
PT00007745,U000056,refund_deduct,-72,2026-04-17 23:20:02,MOCK0002757
PT00007746,U003264,order_reward,109,2025-06-25 11:52:29,MOCK0010160
PT00007747,U001630,order_reward,34,2025-12-10 15:51:25,MOCK0002661
PT00007748,U003194,order_reward,208,2025-11-16 16:38:39,MOCK0010584
PT00007749,U001154,order_reward,789,2025-09-20 08:09:55,MOCK0005576
PT00007750,U002334,order_reward,394,2026-04-16 18:56:56,MOCK0004781
PT00007751,U000780,order_reward,457,2025-11-02 22:13:57,MOCK0008224
PT00007752,U000995,order_reward,791,2025-07-06 23:04:39,MOCK0011058
PT00007753,U003416,campaign_reward,89,2025-05-04 00:12:04,MOCK0010889
PT00007754,U003263,order_reward,742,2025-03-09 08:57:30,MOCK0002585
PT00007755,U002324,expire,-190,2026-04-28 22:55:16,MOCK0003451
PT00007756,U004064,order_reward,219,2025-03-24 08:43:11,MOCK0001474
PT00007757,U002212,redeem,-303,2025-11-22 18:32:15,MOCK0003179
PT00007758,U002919,redeem,-668,2025-11-25 08:10:56,MOCK0004195
PT00007759,U004397,redeem,-709,2025-12-13 15:59:13,MOCK0002054
PT00007760,U003209,redeem,-310,2026-08-18 03:07:22,MOCK0009826
PT00007761,U000766,refund_deduct,-7,2025-11-10 03:01:00,MOCK0004281
PT00007762,U003185,order_reward,778,2026-03-07 11:36:20,MOCK0011805
PT00007763,U002882,order_reward,227,2026-04-27 20:42:20,MOCK0010184
PT00007764,U002748,order_reward,304,2025-06-12 12:34:09,MOCK0007169
PT00007765,U000670,order_reward,284,2026-07-08 08:39:29,MOCK0010985
PT00007766,U002516,campaign_reward,657,2026-01-14 19:05:36,MOCK0008358
PT00007767,U000722,redeem,-368,2025-09-26 14:13:12,MOCK0006990
PT00007768,U004289,order_reward,579,2025-05-08 04:12:44,MOCK0006205
PT00007769,U004466,expire,-125,2026-06-13 02:52:51,MOCK0002276
PT00007770,U000535,redeem,-442,2025-01-26 06:55:17,MOCK0005426
PT00007771,U003971,redeem,-444,2026-06-15 19:22:11,MOCK0006185
PT00007772,U003774,expire,-691,2026-03-12 23:17:49,MOCK0002916
PT00007773,U001974,order_reward,643,2026-03-07 01:42:44,MOCK0007193
PT00007774,U001817,refund_deduct,-369,2025-08-13 06:44:49,MOCK0007738
PT00007775,U002371,order_reward,274,2026-01-17 14:07:37,MOCK0003763
PT00007776,U001909,order_reward,409,2025-08-26 02:51:12,MOCK0000947
PT00007777,U003120,order_reward,373,2026-04-15 11:07:57,MOCK0006801
PT00007778,U004225,campaign_reward,338,2025-03-17 18:06:41,MOCK0010724
PT00007779,U001839,order_reward,73,2025-11-20 22:02:47,MOCK0007035
PT00007780,U004002,order_reward,113,2026-02-08 00:18:41,MOCK0002174
PT00007781,U000735,order_reward,154,2025-04-22 11:23:39,MOCK0002538
PT00007782,U001944,campaign_reward,315,2025-05-18 01:58:26,MOCK0005478
PT00007783,U004916,order_reward,197,2025-03-22 16:14:51,MOCK0000381
PT00007784,U002560,refund_deduct,-83,2026-07-22 08:32:38,MOCK0007145
PT00007785,U002496,order_reward,333,2025-02-26 01:51:33,MOCK0004204
PT00007786,U004328,refund_deduct,-667,2026-06-03 11:06:04,MOCK0004755
PT00007787,U004059,order_reward,190,2025-09-15 06:18:46,MOCK0006285
PT00007788,U001510,redeem,-93,2026-03-20 04:24:11,MOCK0010978
PT00007789,U002135,order_reward,404,2025-08-27 07:19:16,MOCK0000140
PT00007790,U003964,order_reward,715,2025-11-02 01:33:34,MOCK0004706
PT00007791,U004108,order_reward,219,2025-12-28 12:26:12,MOCK0010529
PT00007792,U002991,redeem,-492,2026-06-07 19:43:17,MOCK0011163
PT00007793,U000494,order_reward,476,2026-02-23 09:33:52,MOCK0002962
PT00007794,U001300,order_reward,180,2026-02-24 21:50:49,MOCK0004319
PT00007795,U000675,order_reward,621,2025-10-31 23:31:17,MOCK0001062
PT00007796,U002197,redeem,-21,2025-08-04 04:56:54,MOCK0004124
PT00007797,U001586,order_reward,783,2025-03-04 15:10:56,MOCK0008116
PT00007798,U001566,refund_deduct,-324,2026-02-05 23:38:15,MOCK0003625
PT00007799,U003100,campaign_reward,530,2026-07-14 02:39:31,MOCK0006308
PT00007800,U002632,order_reward,483,2025-07-26 00:44:36,MOCK0002504
PT00007801,U003322,order_reward,530,2026-04-11 18:35:05,MOCK0002055
PT00007802,U001700,order_reward,461,2026-05-04 06:36:55,MOCK0002811
PT00007803,U004642,order_reward,671,2025-03-16 11:21:59,MOCK0009487
PT00007804,U001252,order_reward,793,2025-01-08 04:58:39,MOCK0010957
PT00007805,U001097,order_reward,745,2025-10-24 07:23:46,MOCK0010912
PT00007806,U000741,order_reward,11,2026-01-24 14:16:24,MOCK0002104
PT00007807,U000730,campaign_reward,643,2025-09-26 06:51:20,MOCK0009827
PT00007808,U001416,campaign_reward,231,2025-01-08 20:20:00,MOCK0002951
PT00007809,U001066,order_reward,344,2025-02-14 13:21:27,MOCK0008971
PT00007810,U002363,order_reward,87,2025-04-03 09:39:36,MOCK0004443
PT00007811,U003651,refund_deduct,-687,2025-04-04 11:26:18,MOCK0002226
PT00007812,U003872,campaign_reward,600,2025-09-01 22:00:14,MOCK0009683
PT00007813,U004252,order_reward,787,2026-03-07 13:43:23,MOCK0006246
PT00007814,U002391,redeem,-28,2026-08-14 20:47:18,MOCK0005715
PT00007815,U000766,order_reward,568,2025-12-15 00:24:49,MOCK0000002
PT00007816,U003315,campaign_reward,333,2026-03-19 22:31:17,MOCK0005878
PT00007817,U003942,refund_deduct,-521,2025-08-01 09:26:43,MOCK0008202
PT00007818,U003207,order_reward,406,2025-07-18 06:12:14,MOCK0000730
PT00007819,U001878,order_reward,467,2026-04-15 03:24:35,MOCK0007984
PT00007820,U003130,order_reward,27,2026-08-18 17:10:28,MOCK0002451
PT00007821,U002206,expire,-605,2025-01-25 17:35:16,MOCK0006818
PT00007822,U000605,campaign_reward,172,2026-03-10 04:59:52,MOCK0003596
PT00007823,U001848,order_reward,394,2026-06-28 00:50:14,MOCK0010923
PT00007824,U000634,redeem,-275,2026-01-01 01:20:48,MOCK0007047
PT00007825,U000820,campaign_reward,440,2025-06-28 20:04:38,MOCK0010868
PT00007826,U004900,campaign_reward,598,2025-04-05 13:20:00,MOCK0002643
PT00007827,U001541,campaign_reward,405,2026-01-04 05:35:16,MOCK0007988
PT00007828,U004507,order_reward,70,2025-06-04 01:33:36,MOCK0002144
PT00007829,U003723,campaign_reward,706,2026-01-18 02:35:44,MOCK0007724
PT00007830,U000458,order_reward,206,2025-05-13 09:08:18,MOCK0002826
PT00007831,U004057,redeem,-339,2025-04-06 00:43:06,MOCK0006698
PT00007832,U002111,order_reward,69,2025-10-24 04:52:48,MOCK0001815
PT00007833,U001311,expire,-396,2025-07-16 19:34:09,MOCK0004227
PT00007834,U000816,refund_deduct,-157,2026-03-04 02:48:37,MOCK0006779
PT00007835,U003932,order_reward,183,2025-09-21 16:42:04,MOCK0003827
PT00007836,U003054,refund_deduct,-304,2025-11-16 03:59:10,MOCK0011169
PT00007837,U003889,order_reward,68,2025-04-06 17:13:37,MOCK0002746
PT00007838,U001006,order_reward,169,2026-06-10 19:42:41,MOCK0006345
PT00007839,U002591,refund_deduct,-290,2026-07-29 07:34:31,MOCK0011711
PT00007840,U004928,campaign_reward,195,2025-07-02 01:22:27,MOCK0009717
PT00007841,U000252,refund_deduct,-634,2026-02-22 10:38:22,MOCK0008086
PT00007842,U000932,order_reward,89,2025-01-08 07:23:15,MOCK0001533
PT00007843,U004895,campaign_reward,557,2025-10-02 10:47:16,MOCK0003466
PT00007844,U004415,order_reward,707,2025-09-13 04:06:41,MOCK0009314
PT00007845,U001440,order_reward,246,2025-07-30 07:00:59,MOCK0002284
PT00007846,U004446,campaign_reward,451,2026-08-12 04:37:39,MOCK0003147
PT00007847,U000621,campaign_reward,379,2026-08-02 15:06:40,MOCK0002831
PT00007848,U000633,refund_deduct,-511,2025-09-06 06:15:38,MOCK0010430
PT00007849,U000966,refund_deduct,-679,2025-03-20 19:34:14,MOCK0001185
PT00007850,U002770,expire,-366,2025-05-06 00:53:07,MOCK0009338
PT00007851,U003636,refund_deduct,-596,2026-02-24 09:54:13,MOCK0008686
PT00007852,U001733,expire,-648,2025-04-25 16:19:18,MOCK0006472
PT00007853,U002449,redeem,-496,2025-09-09 18:56:05,MOCK0005059
PT00007854,U000770,campaign_reward,136,2025-03-01 09:03:18,MOCK0001994
PT00007855,U004022,expire,-687,2026-07-03 02:53:59,MOCK0004111
PT00007856,U000803,order_reward,472,2026-03-07 08:56:54,MOCK0011749
PT00007857,U001159,order_reward,773,2025-11-28 06:09:01,MOCK0010591
PT00007858,U004830,order_reward,190,2025-01-14 11:21:53,MOCK0000351
PT00007859,U001255,order_reward,264,2026-08-06 09:38:49,MOCK0000486
PT00007860,U004257,order_reward,57,2026-07-03 12:01:18,MOCK0002299
PT00007861,U001837,order_reward,326,2025-02-06 07:32:52,MOCK0011459
PT00007862,U000326,campaign_reward,770,2026-02-10 03:51:39,MOCK0010617
PT00007863,U002204,campaign_reward,382,2025-10-19 02:22:18,MOCK0000972
PT00007864,U000546,redeem,-453,2025-02-24 17:26:35,MOCK0011228
PT00007865,U003457,redeem,-664,2025-10-23 16:00:23,MOCK0003235
PT00007866,U002795,order_reward,164,2025-01-29 17:31:00,MOCK0007948
PT00007867,U003579,order_reward,686,2026-07-02 19:50:17,MOCK0006512
PT00007868,U000543,order_reward,181,2026-06-08 00:24:13,MOCK0001708
PT00007869,U002118,campaign_reward,733,2025-08-02 02:15:17,MOCK0008738
PT00007870,U002454,campaign_reward,505,2026-01-23 04:27:24,MOCK0003454
PT00007871,U001339,expire,-389,2025-03-03 15:22:34,MOCK0002802
PT00007872,U001321,order_reward,171,2025-03-04 03:07:17,MOCK0001981
PT00007873,U001516,campaign_reward,165,2026-01-06 03:41:18,MOCK0011431
PT00007874,U000361,campaign_reward,678,2025-10-17 12:29:16,MOCK0008372
PT00007875,U003851,refund_deduct,-728,2025-06-05 03:53:40,MOCK0011049
PT00007876,U002121,order_reward,400,2026-04-21 15:25:55,MOCK0000080
PT00007877,U000077,order_reward,230,2025-08-28 11:31:04,MOCK0003966
PT00007878,U000104,order_reward,134,2026-05-14 01:59:00,MOCK0004229
PT00007879,U004229,order_reward,193,2025-12-02 14:26:08,MOCK0011251
PT00007880,U004352,order_reward,273,2026-07-28 04:35:32,MOCK0004512
PT00007881,U000247,refund_deduct,-182,2026-06-09 05:32:21,MOCK0008575
PT00007882,U002843,campaign_reward,496,2025-01-23 18:45:42,MOCK0005010
PT00007883,U002277,refund_deduct,-495,2025-05-25 19:35:25,MOCK0002766
PT00007884,U001802,order_reward,786,2025-05-03 16:16:21,MOCK0009264
PT00007885,U004581,order_reward,451,2026-06-25 18:11:38,MOCK0003489
PT00007886,U004024,order_reward,364,2025-02-03 23:32:12,MOCK0007946
PT00007887,U000589,campaign_reward,54,2025-09-30 17:40:59,MOCK0002376
PT00007888,U001395,order_reward,486,2025-02-10 15:08:51,MOCK0008908
PT00007889,U004443,campaign_reward,131,2026-03-24 18:16:47,MOCK0006505
PT00007890,U003493,order_reward,293,2025-09-30 03:29:52,MOCK0002123
PT00007891,U004801,order_reward,150,2025-11-09 20:56:55,MOCK0002572
PT00007892,U001962,order_reward,330,2025-03-28 16:31:44,MOCK0003727
PT00007893,U004574,refund_deduct,-107,2025-06-28 05:24:09,MOCK0006327
PT00007894,U002380,order_reward,416,2025-02-22 09:19:04,MOCK0006895
PT00007895,U000393,order_reward,120,2026-02-01 07:06:12,MOCK0008673
PT00007896,U000319,order_reward,457,2025-07-02 23:35:30,MOCK0008889
PT00007897,U004201,campaign_reward,312,2026-02-01 01:08:04,MOCK0005641
PT00007898,U004157,order_reward,549,2025-04-12 22:41:09,MOCK0000106
PT00007899,U002508,redeem,-687,2026-06-07 10:33:49,MOCK0006470
PT00007900,U000750,redeem,-397,2026-04-26 06:06:32,MOCK0003303
PT00007901,U001568,order_reward,38,2025-12-22 12:21:29,MOCK0002829
PT00007902,U002450,order_reward,775,2025-04-20 19:15:06,MOCK0010655
PT00007903,U003067,campaign_reward,541,2025-03-02 11:47:35,MOCK0001752
PT00007904,U002975,redeem,-217,2026-01-25 22:20:27,MOCK0000381
PT00007905,U003643,order_reward,449,2025-05-17 06:13:27,MOCK0011756
PT00007906,U003993,expire,-650,2026-04-01 02:40:27,MOCK0001404
PT00007907,U002029,order_reward,85,2026-06-30 07:18:35,MOCK0005030
PT00007908,U003996,order_reward,332,2025-07-17 03:40:42,MOCK0008527
PT00007909,U000574,order_reward,331,2025-09-03 21:41:49,MOCK0006137
PT00007910,U002847,order_reward,633,2026-03-28 02:22:43,MOCK0000002
PT00007911,U000031,campaign_reward,246,2025-05-03 22:20:58,MOCK0005709
PT00007912,U000247,order_reward,512,2026-05-25 07:18:42,MOCK0006196
PT00007913,U000930,refund_deduct,-746,2025-07-01 23:57:32,MOCK0003507
PT00007914,U002346,campaign_reward,754,2026-02-17 19:53:38,MOCK0009284
PT00007915,U002680,order_reward,298,2026-08-22 22:32:02,MOCK0005528
PT00007916,U001066,order_reward,139,2026-01-27 05:33:00,MOCK0006541
PT00007917,U003947,order_reward,13,2025-12-15 15:19:47,MOCK0007515
PT00007918,U001525,order_reward,626,2025-11-29 23:10:28,MOCK0009150
PT00007919,U000127,campaign_reward,287,2025-05-18 06:07:36,MOCK0006545
PT00007920,U000230,redeem,-192,2025-09-12 04:30:23,MOCK0007741
PT00007921,U001980,campaign_reward,82,2025-09-01 23:02:40,MOCK0003148
PT00007922,U003646,order_reward,323,2026-02-26 02:29:28,MOCK0008411
PT00007923,U001801,refund_deduct,-9,2025-04-22 14:59:22,MOCK0000183
PT00007924,U001973,refund_deduct,-505,2026-04-19 09:59:30,MOCK0010982
PT00007925,U004007,order_reward,267,2025-09-29 06:36:20,MOCK0004949
PT00007926,U001076,redeem,-590,2026-06-11 08:37:10,MOCK0000526
PT00007927,U001276,refund_deduct,-648,2025-02-18 04:16:29,MOCK0009851
PT00007928,U003365,order_reward,550,2026-03-28 09:35:37,MOCK0002966
PT00007929,U003050,campaign_reward,184,2025-04-18 14:34:14,MOCK0002828
PT00007930,U001665,campaign_reward,763,2025-02-27 09:08:08,MOCK0011010
PT00007931,U002987,refund_deduct,-661,2025-02-24 10:36:17,MOCK0006137
PT00007932,U001660,order_reward,197,2025-03-02 06:40:44,MOCK0011906
PT00007933,U000603,order_reward,459,2026-03-08 15:27:45,MOCK0001634
PT00007934,U003028,order_reward,575,2025-06-27 23:09:47,MOCK0002279
PT00007935,U003308,order_reward,708,2026-05-21 12:39:32,MOCK0006171
PT00007936,U002250,order_reward,720,2025-11-13 00:31:14,MOCK0005700
PT00007937,U000883,campaign_reward,694,2025-06-20 13:49:04,MOCK0005446
PT00007938,U003322,order_reward,513,2026-02-15 12:05:09,MOCK0004861
PT00007939,U000265,order_reward,539,2025-02-14 20:21:55,MOCK0005516
PT00007940,U003958,order_reward,31,2025-02-22 13:57:13,MOCK0010573
PT00007941,U000056,order_reward,513,2025-09-14 08:32:18,MOCK0006059
PT00007942,U003116,order_reward,294,2025-10-18 03:06:40,MOCK0006270
PT00007943,U003502,campaign_reward,659,2026-08-10 06:49:40,MOCK0005177
PT00007944,U002668,order_reward,530,2025-03-02 09:00:32,MOCK0005877
PT00007945,U000771,order_reward,715,2025-12-16 07:28:15,MOCK0005727
PT00007946,U001930,campaign_reward,421,2026-04-04 12:40:44,MOCK0011926
PT00007947,U003723,order_reward,693,2025-09-13 14:53:41,MOCK0005151
PT00007948,U002178,order_reward,638,2026-06-06 01:45:23,MOCK0009831
PT00007949,U002988,order_reward,662,2025-08-27 23:41:34,MOCK0000263
PT00007950,U001213,order_reward,19,2026-07-25 05:53:31,MOCK0007030
PT00007951,U000771,order_reward,347,2026-07-06 07:39:03,MOCK0011357
PT00007952,U000476,order_reward,556,2025-04-06 22:15:10,MOCK0008453
PT00007953,U003687,order_reward,430,2025-07-10 07:54:51,MOCK0010356
PT00007954,U001659,redeem,-707,2026-02-09 18:41:53,MOCK0004661
PT00007955,U003208,expire,-357,2025-10-11 20:45:57,MOCK0007509
PT00007956,U000934,campaign_reward,135,2026-07-05 04:44:52,MOCK0005874
PT00007957,U001648,order_reward,98,2026-06-02 22:42:30,MOCK0006886
PT00007958,U001919,refund_deduct,-492,2025-01-13 10:23:00,MOCK0006022
PT00007959,U002956,expire,-304,2026-02-17 10:42:41,MOCK0001450
PT00007960,U004645,order_reward,226,2026-03-30 06:07:53,MOCK0002482
PT00007961,U000298,order_reward,420,2025-03-25 06:39:51,MOCK0007442
PT00007962,U004443,order_reward,459,2025-02-23 14:18:32,MOCK0003240
PT00007963,U001868,campaign_reward,561,2026-08-10 08:09:33,MOCK0011128
PT00007964,U000414,order_reward,345,2025-06-11 11:32:28,MOCK0009805
PT00007965,U002722,refund_deduct,-797,2025-08-22 18:39:29,MOCK0001346
PT00007966,U002931,order_reward,287,2026-01-08 17:34:51,MOCK0006173
PT00007967,U004030,campaign_reward,140,2025-03-30 11:14:52,MOCK0003141
PT00007968,U004755,refund_deduct,-68,2025-06-12 18:30:49,MOCK0002732
PT00007969,U002148,campaign_reward,393,2025-08-27 16:31:32,MOCK0010341
PT00007970,U001280,order_reward,685,2026-06-05 03:44:00,MOCK0011069
PT00007971,U004067,order_reward,25,2025-10-13 14:14:51,MOCK0002743
PT00007972,U002339,order_reward,608,2026-08-19 07:04:43,MOCK0002616
PT00007973,U002480,order_reward,601,2025-05-20 01:07:53,MOCK0004081
PT00007974,U000616,order_reward,371,2025-09-22 12:22:05,MOCK0004212
PT00007975,U004957,order_reward,521,2025-06-26 11:32:59,MOCK0007038
PT00007976,U002423,campaign_reward,353,2026-04-02 02:47:03,MOCK0004145
PT00007977,U003906,order_reward,76,2026-04-10 01:34:49,MOCK0008343
PT00007978,U003258,refund_deduct,-134,2026-06-10 20:35:39,MOCK0008085
PT00007979,U004696,order_reward,226,2026-01-16 06:00:04,MOCK0000133
PT00007980,U004684,expire,-389,2025-05-29 02:10:26,MOCK0001964
PT00007981,U001957,campaign_reward,559,2025-03-16 01:13:07,MOCK0007739
PT00007982,U000987,order_reward,91,2026-04-02 04:18:49,MOCK0007073
PT00007983,U001784,refund_deduct,-706,2026-03-04 23:53:58,MOCK0010504
PT00007984,U004646,order_reward,463,2026-05-04 05:02:22,MOCK0010346
PT00007985,U002728,order_reward,232,2026-01-22 08:15:44,MOCK0001574
PT00007986,U001946,redeem,-550,2026-02-09 23:37:54,MOCK0009875
PT00007987,U001344,refund_deduct,-294,2025-03-22 00:40:23,MOCK0011620
PT00007988,U000220,expire,-286,2026-05-08 23:19:42,MOCK0011156
PT00007989,U000704,order_reward,731,2025-04-04 13:18:42,MOCK0010103
PT00007990,U001912,order_reward,800,2026-03-17 18:17:45,MOCK0007521
PT00007991,U001369,redeem,-270,2025-12-23 08:31:17,MOCK0003368
PT00007992,U001720,refund_deduct,-445,2026-02-23 21:12:23,MOCK0002129
PT00007993,U000177,order_reward,678,2025-11-29 00:41:40,MOCK0002185
PT00007994,U002365,order_reward,326,2026-01-19 10:52:53,MOCK0009842
PT00007995,U004688,redeem,-70,2025-11-18 16:42:25,MOCK0009287
PT00007996,U003001,order_reward,570,2026-01-01 23:23:09,MOCK0007269
PT00007997,U003951,order_reward,9,2025-12-04 19:56:11,MOCK0000266
PT00007998,U004260,redeem,-443,2026-02-22 10:39:57,MOCK0010319
PT00007999,U001245,redeem,-139,2026-03-17 18:50:03,MOCK0010584
PT00008000,U000193,order_reward,437,2025-02-06 13:22:35,MOCK0007117
PT00008001,U003662,order_reward,707,2026-02-12 06:35:20,MOCK0006048
PT00008002,U004182,redeem,-393,2025-05-29 03:03:19,MOCK0008628
PT00008003,U004677,order_reward,475,2025-12-13 22:33:42,MOCK0003937
PT00008004,U001874,campaign_reward,449,2025-10-03 05:46:06,MOCK0005073
PT00008005,U003289,campaign_reward,233,2026-02-12 15:42:01,MOCK0006564
PT00008006,U000607,order_reward,451,2025-06-26 05:10:28,MOCK0008648
PT00008007,U003601,order_reward,799,2026-06-03 04:58:16,MOCK0003011
PT00008008,U001390,order_reward,510,2025-08-10 17:47:27,MOCK0005539
PT00008009,U000440,redeem,-279,2025-03-26 14:34:31,MOCK0000699
PT00008010,U002471,order_reward,500,2025-09-16 10:13:05,MOCK0000123
PT00008011,U001277,expire,-744,2025-02-08 16:38:05,MOCK0008918
PT00008012,U001001,redeem,-102,2026-06-23 17:01:29,MOCK0003049
PT00008013,U000545,campaign_reward,526,2026-04-18 06:31:10,MOCK0001759
PT00008014,U001843,redeem,-37,2025-12-26 16:39:25,MOCK0001668
PT00008015,U000331,redeem,-127,2026-08-06 09:36:07,MOCK0005414
PT00008016,U002790,campaign_reward,355,2025-05-20 05:15:21,MOCK0003996
PT00008017,U001515,campaign_reward,265,2025-10-02 12:42:55,MOCK0009156
PT00008018,U000904,redeem,-323,2025-03-10 16:20:46,MOCK0005422
PT00008019,U002957,redeem,-589,2025-05-18 09:35:23,MOCK0003589
PT00008020,U004012,order_reward,530,2025-12-25 04:49:45,MOCK0000755
PT00008021,U001509,campaign_reward,717,2026-08-19 20:45:19,MOCK0010166
PT00008022,U003697,order_reward,243,2025-09-18 04:38:29,MOCK0007343
PT00008023,U004445,campaign_reward,688,2025-05-02 00:25:33,MOCK0008910
PT00008024,U004080,expire,-121,2025-03-15 18:41:02,MOCK0007713
PT00008025,U002498,redeem,-413,2025-03-30 11:23:33,MOCK0000354
PT00008026,U003646,redeem,-373,2025-07-22 22:34:23,MOCK0002919
PT00008027,U003437,order_reward,716,2025-09-07 15:07:40,MOCK0001516
PT00008028,U004491,order_reward,772,2026-04-27 11:58:23,MOCK0008725
PT00008029,U000889,order_reward,619,2025-04-12 18:01:30,MOCK0003108
PT00008030,U003625,expire,-183,2026-01-31 01:10:43,MOCK0000203
PT00008031,U003613,order_reward,640,2026-04-14 04:28:39,MOCK0010839
PT00008032,U004806,order_reward,335,2025-07-27 23:30:27,MOCK0011988
PT00008033,U001583,order_reward,89,2025-03-13 17:57:43,MOCK0001872
PT00008034,U000770,order_reward,138,2026-01-08 09:10:10,MOCK0004337
PT00008035,U002459,campaign_reward,39,2026-03-29 08:03:27,MOCK0004964
PT00008036,U004039,order_reward,549,2025-06-20 15:26:11,MOCK0011836
PT00008037,U003679,redeem,-188,2026-07-25 06:58:10,MOCK0001982
PT00008038,U002297,expire,-573,2025-03-29 08:45:56,MOCK0010855
PT00008039,U002769,campaign_reward,799,2025-10-05 13:48:26,MOCK0003252
PT00008040,U004996,redeem,-622,2025-05-27 13:34:12,MOCK0005582
PT00008041,U000204,order_reward,785,2026-05-07 03:14:47,MOCK0008727
PT00008042,U003291,order_reward,353,2026-05-14 06:04:03,MOCK0006763
PT00008043,U000611,order_reward,214,2025-06-24 09:06:41,MOCK0001879
PT00008044,U001098,order_reward,18,2026-05-06 15:12:35,MOCK0003363
PT00008045,U000589,campaign_reward,39,2025-08-09 07:14:02,MOCK0000005
PT00008046,U003350,redeem,-140,2026-01-10 21:59:44,MOCK0011476
PT00008047,U000173,redeem,-572,2025-06-07 05:47:00,MOCK0008674
PT00008048,U000895,order_reward,102,2026-08-03 18:41:08,MOCK0008417
PT00008049,U001470,order_reward,97,2026-01-08 02:34:56,MOCK0001620
PT00008050,U002799,expire,-170,2026-03-31 13:18:09,MOCK0004563
PT00008051,U001018,campaign_reward,789,2025-01-18 15:43:38,MOCK0011734
PT00008052,U000616,order_reward,212,2026-07-17 22:31:05,MOCK0000201
PT00008053,U000046,order_reward,486,2025-05-02 22:28:12,MOCK0005533
PT00008054,U004794,order_reward,94,2025-10-03 23:53:23,MOCK0002860
PT00008055,U004995,campaign_reward,180,2026-07-18 06:03:16,MOCK0005061
PT00008056,U001838,expire,-333,2026-06-23 01:04:50,MOCK0011906
PT00008057,U002627,order_reward,92,2025-12-28 04:42:47,MOCK0007514
PT00008058,U000797,order_reward,650,2026-06-26 11:42:14,MOCK0006045
PT00008059,U004742,order_reward,45,2025-08-27 17:23:39,MOCK0008371
PT00008060,U000664,order_reward,142,2025-04-01 10:28:08,MOCK0000069
PT00008061,U000711,order_reward,786,2026-07-05 18:51:56,MOCK0007291
PT00008062,U004762,order_reward,675,2025-11-01 10:05:05,MOCK0002346
PT00008063,U002514,redeem,-538,2025-02-13 05:03:43,MOCK0010453
PT00008064,U001304,order_reward,331,2025-08-10 06:20:41,MOCK0001992
PT00008065,U000318,order_reward,245,2025-05-17 09:49:01,MOCK0008945
PT00008066,U002875,expire,-671,2025-12-18 10:45:34,MOCK0006864
PT00008067,U001112,order_reward,334,2026-03-01 05:13:07,MOCK0000046
PT00008068,U004302,refund_deduct,-140,2026-01-06 11:10:37,MOCK0003370
PT00008069,U003726,order_reward,687,2025-07-10 03:36:48,MOCK0002928
PT00008070,U002991,refund_deduct,-771,2026-02-09 05:09:33,MOCK0001452
PT00008071,U001976,order_reward,800,2025-08-22 19:30:41,MOCK0010127
PT00008072,U000029,redeem,-800,2025-04-18 17:06:20,MOCK0006523
PT00008073,U004040,expire,-146,2026-07-10 07:44:58,MOCK0008940
PT00008074,U001453,order_reward,505,2026-05-03 12:35:25,MOCK0009963
PT00008075,U002812,order_reward,450,2025-02-04 00:13:50,MOCK0011491
PT00008076,U000058,order_reward,205,2025-06-30 20:23:37,MOCK0001824
PT00008077,U000938,order_reward,58,2026-03-24 16:47:36,MOCK0005176
PT00008078,U003443,refund_deduct,-286,2025-06-16 12:20:29,MOCK0005978
PT00008079,U004564,campaign_reward,750,2026-01-23 03:49:10,MOCK0000808
PT00008080,U000069,expire,-749,2025-03-13 17:00:31,MOCK0004987
PT00008081,U004391,redeem,-580,2025-12-13 12:00:13,MOCK0009155
PT00008082,U003413,redeem,-266,2026-05-07 05:21:43,MOCK0002660
PT00008083,U002400,order_reward,76,2025-06-10 07:23:44,MOCK0000567
PT00008084,U004051,refund_deduct,-596,2025-03-20 00:34:21,MOCK0011569
PT00008085,U004518,redeem,-89,2026-05-13 10:57:14,MOCK0002331
PT00008086,U003249,expire,-468,2026-01-28 14:55:34,MOCK0009472
PT00008087,U001266,refund_deduct,-212,2025-02-11 10:16:33,MOCK0001191
PT00008088,U004861,redeem,-155,2025-09-02 00:23:30,MOCK0000457
PT00008089,U000825,redeem,-192,2025-01-09 11:32:05,MOCK0003640
PT00008090,U003732,order_reward,781,2025-04-10 01:13:16,MOCK0000471
PT00008091,U001453,order_reward,73,2026-04-12 04:47:04,MOCK0010471
PT00008092,U002543,redeem,-752,2025-12-28 17:49:11,MOCK0001607
PT00008093,U004896,order_reward,513,2026-04-22 07:02:10,MOCK0010273
PT00008094,U001547,order_reward,76,2025-10-09 20:44:55,MOCK0005386
PT00008095,U000206,campaign_reward,266,2026-05-14 11:24:41,MOCK0007049
PT00008096,U000924,redeem,-486,2025-10-21 09:43:55,MOCK0010278
PT00008097,U000871,campaign_reward,569,2026-02-07 05:03:40,MOCK0006803
PT00008098,U003525,expire,-286,2026-01-10 11:33:04,MOCK0007925
PT00008099,U003605,redeem,-495,2026-02-01 10:53:01,MOCK0000480
PT00008100,U003448,order_reward,160,2026-05-20 08:54:28,MOCK0011297
PT00008101,U002622,order_reward,496,2025-01-27 17:16:46,MOCK0006488
PT00008102,U002362,expire,-45,2026-05-07 03:46:24,MOCK0005773
PT00008103,U000783,order_reward,7,2026-07-19 00:23:40,MOCK0003876
PT00008104,U003735,order_reward,119,2025-12-16 01:45:56,MOCK0010665
PT00008105,U002205,campaign_reward,717,2025-04-14 13:31:58,MOCK0003273
PT00008106,U000264,order_reward,273,2025-01-07 20:23:51,MOCK0007453
PT00008107,U000399,campaign_reward,300,2025-11-26 13:37:18,MOCK0007284
PT00008108,U000007,order_reward,299,2025-03-24 20:14:14,MOCK0006756
PT00008109,U000184,order_reward,645,2025-12-30 16:46:41,MOCK0009024
PT00008110,U001924,redeem,-92,2025-06-02 23:52:24,MOCK0009257
PT00008111,U001013,campaign_reward,229,2026-06-24 22:34:12,MOCK0010314
PT00008112,U002378,campaign_reward,8,2025-03-25 02:38:46,MOCK0008622
PT00008113,U001286,redeem,-546,2025-04-01 22:06:40,MOCK0011381
PT00008114,U003919,order_reward,712,2025-08-27 12:14:03,MOCK0003014
PT00008115,U003981,order_reward,768,2025-08-18 08:55:42,MOCK0008863
PT00008116,U000197,campaign_reward,680,2025-01-04 11:14:15,MOCK0007134
PT00008117,U003294,expire,-329,2025-05-31 10:43:28,MOCK0005246
PT00008118,U001944,expire,-21,2025-02-27 16:08:48,MOCK0004392
PT00008119,U000037,order_reward,654,2025-07-02 04:44:40,MOCK0004506
PT00008120,U001522,refund_deduct,-486,2025-10-08 18:54:03,MOCK0007768
PT00008121,U002943,refund_deduct,-690,2026-03-12 11:53:31,MOCK0010687
PT00008122,U002415,redeem,-367,2025-06-24 10:35:47,MOCK0011415
PT00008123,U003642,refund_deduct,-526,2025-10-31 17:03:17,MOCK0003609
PT00008124,U002823,order_reward,399,2026-08-22 02:57:58,MOCK0004908
PT00008125,U002116,refund_deduct,-388,2026-05-19 02:05:16,MOCK0004773
PT00008126,U001456,campaign_reward,452,2026-03-15 09:23:54,MOCK0011240
PT00008127,U003070,campaign_reward,455,2025-09-07 01:39:10,MOCK0003996
PT00008128,U002072,order_reward,698,2026-06-17 10:21:40,MOCK0009832
PT00008129,U000726,order_reward,697,2025-01-16 18:16:37,MOCK0011977
PT00008130,U000133,refund_deduct,-518,2025-05-03 17:49:44,MOCK0003632
PT00008131,U004947,redeem,-292,2025-01-17 10:17:54,MOCK0005575
PT00008132,U002307,campaign_reward,84,2025-03-07 13:00:01,MOCK0011063
PT00008133,U002187,order_reward,188,2026-05-14 10:10:49,MOCK0007456
PT00008134,U003053,order_reward,28,2026-05-12 04:34:58,MOCK0002878
PT00008135,U000368,order_reward,213,2026-08-06 07:50:57,MOCK0004554
PT00008136,U004512,order_reward,463,2025-09-19 15:48:03,MOCK0007927
PT00008137,U002213,order_reward,442,2025-11-21 21:45:06,MOCK0001563
PT00008138,U003753,order_reward,12,2025-10-13 05:48:06,MOCK0005286
PT00008139,U001660,campaign_reward,667,2025-06-11 10:10:26,MOCK0002627
PT00008140,U004436,order_reward,533,2025-10-22 00:32:39,MOCK0002878
PT00008141,U003845,expire,-170,2026-01-13 10:38:14,MOCK0004969
PT00008142,U004257,expire,-547,2025-06-07 18:32:34,MOCK0009501
PT00008143,U004180,campaign_reward,463,2025-07-24 05:04:52,MOCK0010910
PT00008144,U002513,order_reward,489,2026-05-30 11:07:30,MOCK0009629
PT00008145,U004701,order_reward,110,2025-08-07 19:00:52,MOCK0011413
PT00008146,U000625,expire,-580,2025-07-12 18:00:00,MOCK0004273
PT00008147,U004690,order_reward,419,2025-05-11 03:04:48,MOCK0000901
PT00008148,U002506,campaign_reward,609,2025-10-20 20:04:50,MOCK0011548
PT00008149,U004963,campaign_reward,720,2026-02-21 07:12:40,MOCK0010013
PT00008150,U001890,order_reward,108,2026-06-19 17:03:42,MOCK0011234
PT00008151,U001333,order_reward,555,2025-09-28 17:03:35,MOCK0009774
PT00008152,U004015,refund_deduct,-416,2025-07-25 08:07:51,MOCK0006139
PT00008153,U004045,order_reward,79,2025-04-24 14:44:12,MOCK0004068
PT00008154,U001020,campaign_reward,42,2026-07-03 06:19:47,MOCK0003104
PT00008155,U001252,order_reward,65,2026-02-05 19:00:50,MOCK0003689
PT00008156,U003432,redeem,-24,2026-02-21 08:31:52,MOCK0007686
PT00008157,U001142,order_reward,318,2025-06-10 21:47:01,MOCK0008482
PT00008158,U003155,order_reward,570,2025-02-02 13:30:14,MOCK0006312
PT00008159,U004969,expire,-441,2025-07-02 23:37:04,MOCK0011368
PT00008160,U002335,campaign_reward,504,2025-02-22 21:35:59,MOCK0011591
PT00008161,U003057,campaign_reward,14,2025-09-02 12:57:07,MOCK0009206
PT00008162,U004670,redeem,-112,2026-01-02 01:41:03,MOCK0005431
PT00008163,U003091,order_reward,23,2025-03-05 21:18:52,MOCK0010427
PT00008164,U002432,redeem,-578,2025-09-17 23:29:00,MOCK0001138
PT00008165,U003160,order_reward,140,2026-01-05 21:08:34,MOCK0010454
PT00008166,U001248,campaign_reward,750,2025-02-22 02:26:10,MOCK0000342
PT00008167,U000448,order_reward,437,2025-12-10 09:09:38,MOCK0011666
PT00008168,U001763,campaign_reward,664,2025-01-14 03:06:44,MOCK0002062
PT00008169,U000688,order_reward,316,2025-06-19 15:08:02,MOCK0001649
PT00008170,U004239,campaign_reward,369,2026-08-17 16:37:15,MOCK0003279
PT00008171,U001701,refund_deduct,-173,2025-02-04 05:00:11,MOCK0001316
PT00008172,U004859,refund_deduct,-489,2025-09-27 10:23:24,MOCK0006424
PT00008173,U004730,order_reward,141,2025-03-23 23:46:17,MOCK0000530
PT00008174,U002881,refund_deduct,-347,2026-08-19 18:22:20,MOCK0011535
PT00008175,U003165,campaign_reward,674,2025-06-24 08:41:40,MOCK0002590
PT00008176,U001952,order_reward,459,2025-01-28 07:15:18,MOCK0010535
PT00008177,U002776,refund_deduct,-74,2026-05-16 03:20:14,MOCK0010300
PT00008178,U004367,order_reward,288,2025-02-11 21:32:33,MOCK0008509
PT00008179,U000402,order_reward,574,2026-07-09 13:30:39,MOCK0004232
PT00008180,U001473,order_reward,753,2025-02-24 02:11:35,MOCK0001392
PT00008181,U004064,order_reward,302,2025-08-20 04:47:26,MOCK0009968
PT00008182,U004372,campaign_reward,26,2026-08-11 13:00:36,MOCK0011057
PT00008183,U002230,campaign_reward,590,2026-01-27 11:40:59,MOCK0002765
PT00008184,U000796,campaign_reward,799,2025-08-23 21:33:19,MOCK0010749
PT00008185,U000566,campaign_reward,181,2025-03-22 16:29:59,MOCK0003595
PT00008186,U001551,redeem,-356,2025-07-18 14:29:39,MOCK0009396
PT00008187,U001322,redeem,-522,2025-06-19 10:57:25,MOCK0002665
PT00008188,U003908,order_reward,78,2025-07-18 17:41:32,MOCK0009962
PT00008189,U004965,order_reward,550,2026-05-09 11:00:05,MOCK0008002
PT00008190,U000379,order_reward,776,2026-01-10 16:43:32,MOCK0003561
PT00008191,U003698,campaign_reward,602,2025-09-07 21:29:41,MOCK0004138
PT00008192,U002439,campaign_reward,142,2026-07-24 15:09:48,MOCK0009459
PT00008193,U003391,order_reward,465,2025-11-04 20:59:52,MOCK0008177
PT00008194,U000311,refund_deduct,-676,2025-04-19 10:10:47,MOCK0003988
PT00008195,U000033,order_reward,107,2025-09-05 00:05:59,MOCK0008555
PT00008196,U001946,refund_deduct,-692,2025-05-21 02:38:37,MOCK0003073
PT00008197,U004424,redeem,-116,2025-12-25 16:44:37,MOCK0002499
PT00008198,U000131,order_reward,596,2025-07-05 19:06:56,MOCK0005139
PT00008199,U000208,order_reward,598,2025-08-28 19:39:10,MOCK0000758
PT00008200,U003807,order_reward,490,2026-01-29 01:39:10,MOCK0000657
PT00008201,U003633,order_reward,512,2025-06-09 13:39:37,MOCK0007720
PT00008202,U001267,refund_deduct,-36,2025-05-18 06:58:25,MOCK0004100
PT00008203,U004252,refund_deduct,-676,2026-06-21 01:12:15,MOCK0006676
PT00008204,U001429,order_reward,702,2026-04-17 02:11:59,MOCK0008554
PT00008205,U001573,redeem,-267,2025-09-03 23:19:40,MOCK0004390
PT00008206,U001213,refund_deduct,-284,2026-08-20 23:02:20,MOCK0011214
PT00008207,U002386,refund_deduct,-344,2025-09-25 04:52:12,MOCK0007158
PT00008208,U004472,redeem,-675,2025-10-06 15:38:15,MOCK0000200
PT00008209,U002298,refund_deduct,-501,2025-10-23 13:54:43,MOCK0010760
PT00008210,U002506,order_reward,476,2025-12-05 01:07:21,MOCK0007475
PT00008211,U003954,order_reward,683,2025-08-15 03:13:02,MOCK0007626
PT00008212,U001328,order_reward,346,2025-04-29 06:00:44,MOCK0003076
PT00008213,U004289,order_reward,82,2025-10-14 02:37:05,MOCK0011237
PT00008214,U004304,order_reward,277,2025-11-25 13:30:21,MOCK0004390
PT00008215,U001942,order_reward,617,2025-10-16 19:46:38,MOCK0000026
PT00008216,U001196,order_reward,340,2025-06-10 16:10:22,MOCK0009312
PT00008217,U001566,order_reward,649,2026-01-09 14:29:49,MOCK0008109
PT00008218,U001304,order_reward,511,2025-10-02 20:38:43,MOCK0010194
PT00008219,U000567,order_reward,163,2025-07-19 17:17:00,MOCK0006390
PT00008220,U002213,order_reward,161,2026-06-01 17:35:07,MOCK0010176
PT00008221,U004295,order_reward,99,2025-09-23 18:27:33,MOCK0009880
PT00008222,U003105,order_reward,260,2025-07-28 01:06:56,MOCK0011154
PT00008223,U002289,expire,-641,2025-06-20 06:44:19,MOCK0007432
PT00008224,U004133,campaign_reward,234,2025-10-22 18:49:00,MOCK0009016
PT00008225,U003708,order_reward,455,2026-08-05 22:17:46,MOCK0007713
PT00008226,U004900,order_reward,170,2026-05-13 02:57:58,MOCK0000326
PT00008227,U001830,refund_deduct,-538,2026-05-18 09:30:31,MOCK0010876
PT00008228,U004439,redeem,-212,2025-07-28 07:51:46,MOCK0011771
PT00008229,U004209,order_reward,315,2026-08-07 01:33:54,MOCK0006895
PT00008230,U004882,campaign_reward,627,2026-04-20 16:20:41,MOCK0007532
PT00008231,U004130,redeem,-413,2025-09-22 04:10:18,MOCK0008443
PT00008232,U002099,order_reward,547,2025-10-18 12:37:19,MOCK0008978
PT00008233,U004799,campaign_reward,306,2025-10-18 18:33:42,MOCK0010926
PT00008234,U003653,expire,-426,2025-05-04 11:10:35,MOCK0008010
PT00008235,U004899,order_reward,106,2026-03-08 12:31:51,MOCK0011714
PT00008236,U003831,order_reward,577,2025-03-07 08:09:53,MOCK0008613
PT00008237,U002094,order_reward,319,2025-05-29 17:32:02,MOCK0005538
PT00008238,U004502,refund_deduct,-615,2025-08-14 05:49:42,MOCK0010386
PT00008239,U003321,order_reward,261,2025-08-14 17:18:52,MOCK0004011
PT00008240,U002766,order_reward,179,2026-04-24 15:21:06,MOCK0003676
PT00008241,U004471,order_reward,17,2025-06-25 14:50:03,MOCK0003841
PT00008242,U004584,redeem,-397,2025-08-13 08:38:01,MOCK0001903
PT00008243,U003852,expire,-406,2025-11-14 10:29:30,MOCK0008165
PT00008244,U000599,campaign_reward,442,2025-05-14 22:25:00,MOCK0009581
PT00008245,U004027,refund_deduct,-669,2025-03-07 22:29:18,MOCK0011333
PT00008246,U003236,campaign_reward,616,2026-07-10 16:36:13,MOCK0006333
PT00008247,U001895,expire,-144,2026-02-10 14:02:58,MOCK0002693
PT00008248,U000061,refund_deduct,-544,2025-12-17 21:25:22,MOCK0007550
PT00008249,U000684,order_reward,692,2026-02-12 16:24:01,MOCK0008432
PT00008250,U002125,order_reward,62,2025-07-30 16:41:47,MOCK0001477
PT00008251,U002564,order_reward,402,2026-02-08 09:06:50,MOCK0002645
PT00008252,U000099,order_reward,305,2025-03-11 01:46:24,MOCK0002915
PT00008253,U003396,refund_deduct,-74,2025-12-25 00:41:45,MOCK0003387
PT00008254,U001535,redeem,-360,2026-01-01 14:37:43,MOCK0010365
PT00008255,U002102,campaign_reward,257,2026-06-25 06:08:54,MOCK0005553
PT00008256,U001568,redeem,-241,2026-04-05 10:01:26,MOCK0001592
PT00008257,U000026,order_reward,95,2025-07-03 13:04:01,MOCK0003852
PT00008258,U004890,refund_deduct,-466,2025-02-26 21:35:01,MOCK0008286
PT00008259,U003765,campaign_reward,231,2025-09-08 20:21:31,MOCK0009878
PT00008260,U002633,refund_deduct,-527,2025-06-14 15:25:11,MOCK0003055
PT00008261,U002778,refund_deduct,-166,2025-03-17 01:12:37,MOCK0000972
PT00008262,U003969,order_reward,727,2025-03-07 08:13:53,MOCK0004483
PT00008263,U001158,redeem,-631,2025-04-01 10:43:55,MOCK0006271
PT00008264,U001610,campaign_reward,403,2025-12-21 02:36:57,MOCK0008058
PT00008265,U002451,expire,-233,2026-01-11 06:35:38,MOCK0009928
PT00008266,U000467,order_reward,461,2025-07-18 10:02:59,MOCK0004167
PT00008267,U001848,order_reward,409,2025-06-16 22:19:24,MOCK0002787
PT00008268,U000075,order_reward,28,2025-02-05 14:50:40,MOCK0001892
PT00008269,U002602,order_reward,186,2025-02-21 23:44:51,MOCK0010915
PT00008270,U001650,order_reward,352,2025-11-09 03:10:42,MOCK0003083
PT00008271,U000557,campaign_reward,765,2025-05-28 23:31:55,MOCK0000418
PT00008272,U001716,redeem,-5,2025-12-20 19:19:41,MOCK0010704
PT00008273,U001170,redeem,-156,2026-07-24 01:42:33,MOCK0006933
PT00008274,U000548,order_reward,614,2025-01-27 03:05:36,MOCK0009634
PT00008275,U001789,redeem,-170,2026-07-16 17:07:49,MOCK0003044
PT00008276,U002068,refund_deduct,-706,2025-01-30 01:11:28,MOCK0000886
PT00008277,U004077,order_reward,340,2025-02-10 18:15:36,MOCK0010825
PT00008278,U000933,order_reward,515,2025-06-06 15:02:29,MOCK0003683
PT00008279,U004659,expire,-755,2025-06-27 05:52:15,MOCK0000908
PT00008280,U000803,order_reward,655,2025-03-10 05:35:51,MOCK0001782
PT00008281,U004544,redeem,-351,2026-04-07 20:42:22,MOCK0011984
PT00008282,U004567,order_reward,603,2025-12-11 15:20:54,MOCK0011791
PT00008283,U003432,order_reward,630,2025-06-15 05:05:59,MOCK0005534
PT00008284,U002690,order_reward,323,2026-01-13 17:02:06,MOCK0006172
PT00008285,U002190,redeem,-507,2025-01-22 19:50:14,MOCK0000846
PT00008286,U004456,order_reward,685,2025-12-19 05:06:46,MOCK0011862
PT00008287,U001593,campaign_reward,176,2026-07-30 16:45:03,MOCK0004730
PT00008288,U004836,order_reward,157,2025-01-18 04:07:53,MOCK0003439
PT00008289,U002667,order_reward,490,2026-01-26 04:57:44,MOCK0002189
PT00008290,U003906,campaign_reward,563,2025-03-26 18:06:49,MOCK0001061
PT00008291,U004906,order_reward,213,2025-07-24 14:04:58,MOCK0006887
PT00008292,U001013,order_reward,782,2025-12-05 11:03:37,MOCK0010682
PT00008293,U004907,order_reward,666,2026-03-09 05:30:36,MOCK0007906
PT00008294,U004501,order_reward,73,2026-01-08 11:39:23,MOCK0011327
PT00008295,U000944,order_reward,520,2025-09-16 02:18:19,MOCK0009958
PT00008296,U000313,expire,-366,2026-06-24 09:48:43,MOCK0005782
PT00008297,U002378,campaign_reward,783,2025-01-13 19:03:24,MOCK0003128
PT00008298,U002729,redeem,-76,2026-05-17 10:26:18,MOCK0010795
PT00008299,U002324,expire,-763,2025-11-22 02:25:18,MOCK0003934
PT00008300,U002145,redeem,-44,2026-01-09 15:19:14,MOCK0005837
PT00008301,U001441,campaign_reward,585,2025-06-01 17:00:37,MOCK0000479
PT00008302,U004282,refund_deduct,-776,2026-03-20 21:10:40,MOCK0010331
PT00008303,U004554,order_reward,195,2026-07-09 14:39:30,MOCK0000486
PT00008304,U001895,campaign_reward,79,2026-07-09 15:42:24,MOCK0001228
PT00008305,U000317,redeem,-193,2025-11-05 08:25:48,MOCK0000198
PT00008306,U002413,refund_deduct,-476,2025-02-18 22:16:51,MOCK0004445
PT00008307,U001553,campaign_reward,239,2026-04-10 03:10:39,MOCK0000752
PT00008308,U002698,refund_deduct,-39,2026-07-10 16:07:11,MOCK0010037
PT00008309,U004732,order_reward,324,2025-06-26 21:13:37,MOCK0000279
PT00008310,U000592,order_reward,500,2025-10-06 21:07:19,MOCK0010342
PT00008311,U001927,order_reward,352,2025-11-20 21:30:38,MOCK0009194
PT00008312,U002639,campaign_reward,476,2025-03-10 02:43:50,MOCK0004692
PT00008313,U003519,refund_deduct,-246,2025-07-31 20:07:54,MOCK0001035
PT00008314,U001583,order_reward,72,2026-04-04 02:20:25,MOCK0009524
PT00008315,U003947,campaign_reward,460,2025-02-24 17:19:32,MOCK0004289
PT00008316,U003531,campaign_reward,321,2025-05-07 21:49:32,MOCK0006721
PT00008317,U004214,redeem,-14,2025-11-10 14:23:17,MOCK0000883
PT00008318,U003666,order_reward,370,2025-05-18 06:24:54,MOCK0004191
PT00008319,U001263,order_reward,12,2025-01-26 21:27:42,MOCK0004780
PT00008320,U002710,redeem,-85,2026-06-25 21:43:49,MOCK0011792
PT00008321,U001833,refund_deduct,-173,2026-06-07 22:55:34,MOCK0001136
PT00008322,U000783,campaign_reward,768,2025-09-02 00:34:12,MOCK0004101
PT00008323,U003054,refund_deduct,-791,2026-04-24 01:04:42,MOCK0009687
PT00008324,U000372,refund_deduct,-742,2026-08-16 22:11:56,MOCK0010737
PT00008325,U002280,order_reward,346,2026-08-07 00:26:20,MOCK0008219
PT00008326,U004955,order_reward,280,2025-04-17 12:16:35,MOCK0005393
PT00008327,U001985,order_reward,84,2025-06-22 16:32:14,MOCK0005965
PT00008328,U000682,order_reward,664,2025-08-03 02:24:09,MOCK0002831
PT00008329,U003724,order_reward,516,2025-06-09 15:03:43,MOCK0000450
PT00008330,U001387,campaign_reward,456,2025-03-30 04:41:36,MOCK0011005
PT00008331,U003729,refund_deduct,-64,2026-05-06 03:45:40,MOCK0006357
PT00008332,U003104,campaign_reward,357,2026-04-05 13:11:26,MOCK0009829
PT00008333,U001154,order_reward,208,2025-04-22 17:29:52,MOCK0001314
PT00008334,U002233,order_reward,120,2025-09-22 22:50:10,MOCK0009634
PT00008335,U003761,order_reward,457,2025-12-02 16:13:36,MOCK0001289
PT00008336,U000155,order_reward,380,2025-12-10 16:28:56,MOCK0010009
PT00008337,U003801,campaign_reward,5,2025-05-31 12:44:49,MOCK0009756
PT00008338,U002283,campaign_reward,517,2026-02-12 23:25:47,MOCK0008398
PT00008339,U003415,order_reward,670,2025-07-20 17:36:52,MOCK0005386
PT00008340,U001061,order_reward,770,2025-09-09 15:50:28,MOCK0000792
PT00008341,U000815,campaign_reward,436,2025-06-12 21:43:36,MOCK0003375
PT00008342,U004678,redeem,-692,2025-10-13 15:43:02,MOCK0004262
PT00008343,U001843,order_reward,32,2026-05-20 02:22:38,MOCK0006530
PT00008344,U003749,redeem,-608,2025-08-29 13:44:09,MOCK0001554
PT00008345,U000713,order_reward,39,2025-12-02 17:20:38,MOCK0001518
PT00008346,U000756,order_reward,369,2026-01-30 11:56:47,MOCK0009980
PT00008347,U004701,redeem,-677,2025-09-06 08:11:51,MOCK0005666
PT00008348,U004534,order_reward,357,2026-01-30 12:32:59,MOCK0002135
PT00008349,U002003,redeem,-215,2025-03-11 03:03:07,MOCK0004187
PT00008350,U004164,redeem,-171,2026-07-22 03:50:35,MOCK0001349
PT00008351,U000812,expire,-756,2025-01-16 13:31:23,MOCK0010625
PT00008352,U000889,expire,-249,2025-07-22 08:12:55,MOCK0000928
PT00008353,U003168,order_reward,240,2026-08-14 12:09:02,MOCK0011256
PT00008354,U001758,redeem,-385,2025-12-03 21:49:22,MOCK0006067
PT00008355,U003330,order_reward,144,2025-05-06 02:57:52,MOCK0009569
PT00008356,U000292,order_reward,368,2025-08-04 07:00:24,MOCK0009547
PT00008357,U000827,refund_deduct,-690,2026-06-06 16:32:56,MOCK0005726
PT00008358,U004450,order_reward,189,2025-03-30 16:32:06,MOCK0006799
PT00008359,U002008,order_reward,336,2025-08-21 08:58:31,MOCK0007764
PT00008360,U002255,campaign_reward,128,2025-02-17 16:58:05,MOCK0007472
PT00008361,U003717,redeem,-291,2026-01-23 06:29:45,MOCK0007109
PT00008362,U004050,redeem,-123,2026-01-01 21:20:56,MOCK0011949
PT00008363,U003579,order_reward,469,2025-07-20 06:04:23,MOCK0009950
PT00008364,U002605,campaign_reward,86,2026-03-03 05:20:20,MOCK0006897
PT00008365,U004059,refund_deduct,-107,2025-04-09 01:14:37,MOCK0011198
PT00008366,U002230,campaign_reward,176,2026-05-26 17:19:51,MOCK0002334
PT00008367,U002440,redeem,-670,2025-03-28 20:46:21,MOCK0001880
PT00008368,U002511,redeem,-748,2026-08-14 18:30:03,MOCK0000038
PT00008369,U002253,expire,-369,2025-10-10 08:21:55,MOCK0004769
PT00008370,U001428,order_reward,555,2025-06-14 20:59:39,MOCK0002784
PT00008371,U001052,redeem,-663,2026-04-15 12:46:30,MOCK0002142
PT00008372,U002517,order_reward,365,2025-12-06 06:03:31,MOCK0000137
PT00008373,U000210,order_reward,600,2026-05-17 15:02:33,MOCK0005761
PT00008374,U001612,order_reward,673,2026-04-07 20:09:41,MOCK0002439
PT00008375,U003980,redeem,-752,2026-01-09 04:11:10,MOCK0005216
PT00008376,U001834,redeem,-94,2026-07-16 21:32:08,MOCK0011026
PT00008377,U004661,order_reward,318,2025-03-20 15:47:07,MOCK0002870
PT00008378,U004868,order_reward,48,2025-04-28 22:06:20,MOCK0011781
PT00008379,U000714,campaign_reward,149,2025-04-22 14:32:55,MOCK0007996
PT00008380,U004601,expire,-462,2026-08-07 09:50:56,MOCK0002475
PT00008381,U004504,expire,-390,2025-08-31 11:41:39,MOCK0002231
PT00008382,U000247,order_reward,26,2025-06-05 07:32:35,MOCK0004705
PT00008383,U003985,order_reward,170,2025-05-15 07:49:15,MOCK0006534
PT00008384,U001843,campaign_reward,296,2026-05-02 15:58:51,MOCK0000380
PT00008385,U004040,refund_deduct,-558,2025-08-03 22:53:38,MOCK0009453
PT00008386,U004208,order_reward,368,2026-03-09 16:50:11,MOCK0000809
PT00008387,U003913,order_reward,766,2025-06-28 20:16:01,MOCK0006433
PT00008388,U002471,campaign_reward,363,2025-09-08 18:41:34,MOCK0005175
PT00008389,U002182,expire,-125,2026-02-14 15:04:08,MOCK0011954
PT00008390,U002847,redeem,-438,2025-09-24 03:08:26,MOCK0001931
PT00008391,U002459,refund_deduct,-726,2025-03-20 21:18:40,MOCK0010514
PT00008392,U002086,refund_deduct,-673,2025-10-22 20:13:34,MOCK0001707
PT00008393,U001920,redeem,-526,2026-01-25 15:32:39,MOCK0011913
PT00008394,U002235,order_reward,655,2025-11-09 15:19:30,MOCK0000140
PT00008395,U003890,order_reward,189,2026-04-05 14:37:36,MOCK0001005
PT00008396,U002122,refund_deduct,-362,2025-04-18 10:22:51,MOCK0001696
PT00008397,U000154,redeem,-615,2026-01-25 22:23:11,MOCK0008228
PT00008398,U001370,order_reward,488,2025-07-03 14:27:17,MOCK0002956
PT00008399,U001752,order_reward,157,2025-07-30 20:36:47,MOCK0008700
PT00008400,U002835,order_reward,584,2026-05-23 07:27:37,MOCK0010105
PT00008401,U004184,order_reward,653,2025-01-04 06:19:20,MOCK0000748
PT00008402,U000084,refund_deduct,-598,2025-05-08 23:52:14,MOCK0003920
PT00008403,U003870,campaign_reward,649,2025-11-24 06:21:22,MOCK0005704
PT00008404,U003888,order_reward,506,2025-09-25 08:58:20,MOCK0008193
PT00008405,U004926,redeem,-721,2025-01-08 17:17:48,MOCK0001616
PT00008406,U002253,order_reward,376,2026-07-14 16:58:30,MOCK0010329
PT00008407,U000766,order_reward,542,2025-01-10 12:04:28,MOCK0010596
PT00008408,U004792,redeem,-617,2026-02-08 03:22:24,MOCK0004935
PT00008409,U002222,refund_deduct,-105,2026-01-23 04:34:54,MOCK0000652
PT00008410,U003990,redeem,-306,2025-07-31 19:19:49,MOCK0011380
PT00008411,U001259,order_reward,610,2026-08-01 16:59:22,MOCK0008742
PT00008412,U004847,redeem,-630,2025-06-05 01:45:27,MOCK0004512
PT00008413,U003105,order_reward,431,2025-12-05 17:34:38,MOCK0011579
PT00008414,U003160,order_reward,205,2026-06-06 01:33:45,MOCK0011663
PT00008415,U003705,order_reward,141,2025-04-23 01:28:00,MOCK0005105
PT00008416,U004261,order_reward,462,2025-12-01 14:17:41,MOCK0004370
PT00008417,U003620,order_reward,392,2025-08-22 15:28:12,MOCK0007293
PT00008418,U002761,campaign_reward,780,2025-05-06 15:20:41,MOCK0011679
PT00008419,U000069,order_reward,714,2026-06-17 08:49:05,MOCK0010137
PT00008420,U000920,campaign_reward,172,2025-05-01 15:30:34,MOCK0000213
PT00008421,U001081,order_reward,42,2026-05-04 11:42:14,MOCK0000099
PT00008422,U004565,refund_deduct,-434,2026-08-21 01:35:31,MOCK0011802
PT00008423,U004417,campaign_reward,85,2026-02-06 11:55:45,MOCK0003791
PT00008424,U003602,campaign_reward,256,2025-04-25 03:23:07,MOCK0005677
PT00008425,U003533,order_reward,38,2026-03-09 01:08:57,MOCK0005483
PT00008426,U001861,expire,-290,2025-01-26 08:26:25,MOCK0011360
PT00008427,U000617,order_reward,307,2026-01-02 13:24:02,MOCK0006182
PT00008428,U000057,redeem,-461,2025-06-10 04:16:49,MOCK0008103
PT00008429,U002156,order_reward,642,2026-06-20 23:30:25,MOCK0007704
PT00008430,U000045,expire,-55,2026-04-05 22:06:51,MOCK0011045
PT00008431,U003124,redeem,-492,2025-02-22 01:58:49,MOCK0009621
PT00008432,U002628,order_reward,231,2026-08-09 16:21:21,MOCK0009450
PT00008433,U000405,redeem,-265,2025-03-12 10:58:17,MOCK0010935
PT00008434,U000798,order_reward,97,2025-12-23 16:13:29,MOCK0011142
PT00008435,U001524,order_reward,35,2025-12-21 01:16:55,MOCK0009733
PT00008436,U001021,order_reward,506,2026-05-23 21:51:31,MOCK0005044
PT00008437,U004828,campaign_reward,748,2026-07-23 06:43:31,MOCK0009382
PT00008438,U002150,refund_deduct,-196,2026-01-11 01:36:51,MOCK0000066
PT00008439,U003601,campaign_reward,79,2026-01-20 04:56:07,MOCK0011551
PT00008440,U004314,redeem,-494,2025-10-07 11:10:44,MOCK0005795
PT00008441,U000543,order_reward,81,2025-09-22 22:09:38,MOCK0004345
PT00008442,U001627,campaign_reward,453,2026-04-23 05:50:00,MOCK0009034
PT00008443,U004998,redeem,-384,2025-05-03 08:35:38,MOCK0005713
PT00008444,U004910,campaign_reward,239,2026-07-09 16:22:05,MOCK0009992
PT00008445,U001343,expire,-195,2025-09-02 16:59:18,MOCK0004497
PT00008446,U004848,expire,-25,2025-02-28 18:01:55,MOCK0000452
PT00008447,U003900,redeem,-663,2026-06-24 06:47:56,MOCK0002929
PT00008448,U001174,campaign_reward,5,2026-03-27 21:35:44,MOCK0001941
PT00008449,U001040,campaign_reward,509,2025-07-25 01:51:31,MOCK0006600
PT00008450,U003849,campaign_reward,117,2025-10-06 21:49:02,MOCK0000129
PT00008451,U004624,order_reward,594,2026-04-02 08:12:06,MOCK0009841
PT00008452,U001741,order_reward,505,2026-01-09 02:01:56,MOCK0007118
PT00008453,U001892,refund_deduct,-791,2025-12-02 10:43:17,MOCK0007300
PT00008454,U002633,campaign_reward,260,2025-12-18 22:52:44,MOCK0005726
PT00008455,U004603,redeem,-37,2025-10-15 08:06:48,MOCK0003551
PT00008456,U004782,refund_deduct,-90,2025-01-10 12:01:40,MOCK0007514
PT00008457,U003059,order_reward,458,2025-09-21 07:11:33,MOCK0009118
PT00008458,U003993,order_reward,162,2025-10-09 09:43:07,MOCK0008195
PT00008459,U001662,campaign_reward,635,2025-07-09 08:38:53,MOCK0002011
PT00008460,U003621,campaign_reward,734,2025-05-06 15:30:17,MOCK0007722
PT00008461,U001924,refund_deduct,-231,2025-12-02 17:34:55,MOCK0006407
PT00008462,U000770,order_reward,303,2025-04-29 13:47:41,MOCK0001882
PT00008463,U003273,order_reward,91,2025-11-21 07:07:30,MOCK0009778
PT00008464,U004363,redeem,-159,2025-04-12 19:47:39,MOCK0008007
PT00008465,U003028,order_reward,266,2026-05-04 12:30:48,MOCK0011030
PT00008466,U000013,redeem,-546,2026-04-12 00:26:17,MOCK0005253
PT00008467,U004993,redeem,-436,2026-05-26 11:25:35,MOCK0005343
PT00008468,U003021,order_reward,293,2025-11-28 21:40:37,MOCK0003472
PT00008469,U004136,campaign_reward,506,2025-05-07 13:04:45,MOCK0010943
PT00008470,U001949,order_reward,376,2026-06-24 09:09:42,MOCK0011932
PT00008471,U003629,campaign_reward,238,2025-04-30 14:05:13,MOCK0009029
PT00008472,U001480,order_reward,488,2025-06-05 16:26:55,MOCK0004249
PT00008473,U000001,order_reward,296,2026-04-15 05:30:43,MOCK0008461
PT00008474,U000277,redeem,-398,2026-07-05 22:26:14,MOCK0000310
PT00008475,U002441,redeem,-644,2026-01-27 18:23:31,MOCK0000196
PT00008476,U001071,refund_deduct,-210,2026-05-24 18:19:02,MOCK0005918
PT00008477,U003457,campaign_reward,247,2025-02-06 03:20:23,MOCK0011146
PT00008478,U003038,order_reward,721,2025-01-20 16:05:52,MOCK0011044
PT00008479,U001027,order_reward,172,2025-10-03 09:30:00,MOCK0006986
PT00008480,U002892,refund_deduct,-717,2025-04-19 23:18:50,MOCK0005007
PT00008481,U003303,order_reward,226,2025-02-20 10:04:11,MOCK0010739
PT00008482,U002211,order_reward,531,2025-12-27 05:12:25,MOCK0004660
PT00008483,U001109,order_reward,747,2026-04-05 21:34:23,MOCK0000582
PT00008484,U000844,order_reward,94,2026-03-29 03:56:37,MOCK0005076
PT00008485,U001625,refund_deduct,-14,2025-06-28 20:34:34,MOCK0008506
PT00008486,U002719,refund_deduct,-515,2025-03-17 08:22:16,MOCK0008027
PT00008487,U002293,order_reward,70,2025-03-20 07:07:48,MOCK0006125
PT00008488,U000215,redeem,-283,2025-02-16 20:35:24,MOCK0005793
PT00008489,U002122,order_reward,456,2026-07-17 09:46:42,MOCK0010465
PT00008490,U000576,order_reward,16,2025-09-23 10:39:03,MOCK0006648
PT00008491,U000372,redeem,-799,2025-10-03 00:32:03,MOCK0002160
PT00008492,U000751,campaign_reward,623,2025-08-07 17:40:08,MOCK0009642
PT00008493,U002241,order_reward,675,2026-08-10 15:01:50,MOCK0008041
PT00008494,U004010,campaign_reward,533,2026-01-22 21:50:46,MOCK0004727
PT00008495,U000207,refund_deduct,-273,2025-05-29 05:49:19,MOCK0002480
PT00008496,U004195,order_reward,122,2025-04-09 20:47:02,MOCK0011666
PT00008497,U000168,order_reward,684,2025-07-18 09:48:13,MOCK0011350
PT00008498,U001633,campaign_reward,765,2026-05-08 00:07:56,MOCK0007745
PT00008499,U004047,refund_deduct,-267,2026-01-16 19:19:29,MOCK0003575
PT00008500,U002871,campaign_reward,760,2026-05-04 08:26:22,MOCK0008620
PT00008501,U001776,order_reward,392,2025-04-02 22:35:29,MOCK0007811
PT00008502,U003804,order_reward,35,2025-03-09 16:12:03,MOCK0006695
PT00008503,U001119,expire,-499,2025-06-25 03:46:20,MOCK0007691
PT00008504,U000536,refund_deduct,-91,2026-07-13 04:09:56,MOCK0004992
PT00008505,U003789,redeem,-145,2025-11-29 10:20:28,MOCK0009386
PT00008506,U004354,order_reward,730,2025-03-18 16:09:10,MOCK0008886
PT00008507,U003028,redeem,-391,2026-07-03 03:10:20,MOCK0002435
PT00008508,U004303,order_reward,372,2026-08-11 00:45:59,MOCK0010971
PT00008509,U004718,order_reward,425,2025-02-16 11:57:40,MOCK0004924
PT00008510,U000177,campaign_reward,193,2026-01-07 10:42:55,MOCK0003804
PT00008511,U002611,redeem,-486,2025-12-30 20:34:50,MOCK0000489
PT00008512,U000196,redeem,-11,2026-06-12 11:09:50,MOCK0001197
PT00008513,U003291,order_reward,309,2025-10-28 09:35:22,MOCK0004352
PT00008514,U002369,order_reward,71,2025-10-16 00:11:47,MOCK0008780
PT00008515,U001429,order_reward,726,2026-06-25 23:13:17,MOCK0011543
PT00008516,U003590,order_reward,410,2025-09-02 05:16:04,MOCK0010243
PT00008517,U003274,order_reward,36,2026-03-30 08:56:15,MOCK0010403
PT00008518,U004569,order_reward,54,2026-04-10 01:41:26,MOCK0011630
PT00008519,U003750,redeem,-147,2026-03-01 21:12:05,MOCK0003244
PT00008520,U003172,order_reward,194,2025-04-29 21:07:21,MOCK0003945
PT00008521,U001387,campaign_reward,207,2025-09-16 12:33:04,MOCK0003872
PT00008522,U002688,order_reward,575,2025-09-09 20:31:16,MOCK0007133
PT00008523,U001826,order_reward,537,2025-12-16 00:04:47,MOCK0008240
PT00008524,U002370,refund_deduct,-256,2026-01-07 19:41:19,MOCK0002988
PT00008525,U002811,order_reward,32,2025-01-17 02:10:20,MOCK0006408
PT00008526,U004341,refund_deduct,-123,2025-11-02 03:42:58,MOCK0009575
PT00008527,U003242,redeem,-579,2026-03-20 09:24:59,MOCK0009282
PT00008528,U002883,order_reward,429,2025-01-04 08:55:31,MOCK0004440
PT00008529,U002711,order_reward,500,2025-12-21 17:25:20,MOCK0010533
PT00008530,U000236,order_reward,251,2025-12-19 23:20:09,MOCK0009760
PT00008531,U003024,refund_deduct,-154,2026-08-11 17:11:32,MOCK0010914
PT00008532,U000918,redeem,-129,2025-03-21 14:01:23,MOCK0004398
PT00008533,U003291,order_reward,133,2026-04-18 00:51:50,MOCK0005514
PT00008534,U001168,order_reward,503,2026-03-01 15:09:49,MOCK0010238
PT00008535,U004561,refund_deduct,-489,2025-01-10 14:25:24,MOCK0004289
PT00008536,U001919,order_reward,342,2026-01-25 02:14:03,MOCK0006587
PT00008537,U004210,order_reward,714,2026-05-13 15:10:19,MOCK0004846
PT00008538,U003213,order_reward,420,2025-02-07 01:54:29,MOCK0007038
PT00008539,U003845,refund_deduct,-44,2026-07-24 13:03:05,MOCK0005401
PT00008540,U000516,order_reward,363,2025-03-05 11:30:43,MOCK0011852
PT00008541,U004493,campaign_reward,14,2025-06-07 21:18:16,MOCK0009239
PT00008542,U004985,order_reward,629,2025-05-28 15:11:23,MOCK0007551
PT00008543,U002376,order_reward,764,2025-07-22 03:52:15,MOCK0004073
PT00008544,U002052,redeem,-93,2025-03-08 08:35:26,MOCK0002479
PT00008545,U004785,redeem,-701,2025-02-07 13:27:54,MOCK0009792
PT00008546,U003659,order_reward,734,2025-12-03 18:58:37,MOCK0006009
PT00008547,U002767,order_reward,580,2025-12-21 10:40:46,MOCK0007577
PT00008548,U003841,order_reward,31,2025-10-29 15:06:28,MOCK0004630
PT00008549,U000356,order_reward,658,2025-02-08 19:34:44,MOCK0001388
PT00008550,U001369,order_reward,535,2026-05-07 15:44:37,MOCK0006944
PT00008551,U003491,order_reward,451,2025-03-14 03:52:39,MOCK0002179
PT00008552,U002190,campaign_reward,267,2025-07-26 22:07:30,MOCK0002355
PT00008553,U001975,redeem,-520,2025-05-04 19:45:15,MOCK0004434
PT00008554,U003531,order_reward,387,2025-01-07 15:23:23,MOCK0009642
PT00008555,U004377,order_reward,800,2026-03-22 03:34:50,MOCK0009735
PT00008556,U000295,refund_deduct,-657,2026-01-28 09:15:22,MOCK0004295
PT00008557,U002561,order_reward,269,2026-05-27 14:44:45,MOCK0002862
PT00008558,U004122,order_reward,254,2025-05-26 08:55:09,MOCK0001350
PT00008559,U002146,order_reward,716,2026-02-16 12:54:49,MOCK0009040
PT00008560,U000704,expire,-250,2025-08-28 01:57:42,MOCK0000106
PT00008561,U002652,order_reward,734,2025-02-20 06:46:35,MOCK0003081
PT00008562,U004970,order_reward,500,2025-07-25 06:44:42,MOCK0003164
PT00008563,U002906,expire,-259,2025-03-30 18:22:04,MOCK0011682
PT00008564,U003121,order_reward,722,2026-03-26 08:28:51,MOCK0001825
PT00008565,U001406,order_reward,538,2026-08-05 22:52:28,MOCK0010961
PT00008566,U004169,refund_deduct,-630,2026-06-10 22:46:25,MOCK0005404
PT00008567,U004259,redeem,-391,2026-07-20 15:32:52,MOCK0008416
PT00008568,U004938,refund_deduct,-387,2025-09-07 18:07:37,MOCK0007565
PT00008569,U000514,order_reward,733,2025-07-03 22:40:05,MOCK0011201
PT00008570,U004042,order_reward,223,2025-04-12 18:13:08,MOCK0010557
PT00008571,U003718,order_reward,88,2026-06-05 10:01:12,MOCK0000090
PT00008572,U001331,redeem,-345,2025-09-12 19:12:59,MOCK0000391
PT00008573,U000925,refund_deduct,-142,2025-12-09 14:04:36,MOCK0011691
PT00008574,U003702,refund_deduct,-333,2025-08-22 02:22:51,MOCK0010815
PT00008575,U003850,campaign_reward,119,2026-06-17 20:21:37,MOCK0009871
PT00008576,U002098,order_reward,665,2025-03-29 16:02:49,MOCK0005352
PT00008577,U004721,redeem,-747,2025-04-10 00:38:45,MOCK0011677
PT00008578,U004138,refund_deduct,-246,2025-12-01 13:26:22,MOCK0007697
PT00008579,U001055,order_reward,111,2026-02-14 08:15:12,MOCK0009936
PT00008580,U004638,order_reward,547,2025-08-05 20:12:25,MOCK0011653
PT00008581,U002597,order_reward,136,2026-02-20 15:41:02,MOCK0002819
PT00008582,U000563,order_reward,353,2025-05-27 06:40:49,MOCK0011410
PT00008583,U004816,order_reward,486,2025-03-05 13:09:06,MOCK0006255
PT00008584,U000974,order_reward,399,2025-02-05 09:30:45,MOCK0005780
PT00008585,U002121,order_reward,704,2025-04-27 00:18:57,MOCK0001603
PT00008586,U001968,order_reward,553,2026-02-02 10:30:52,MOCK0003103
PT00008587,U000603,order_reward,263,2026-03-09 10:57:46,MOCK0002047
PT00008588,U002906,campaign_reward,670,2026-06-28 03:04:44,MOCK0000924
PT00008589,U000972,expire,-756,2025-07-07 03:20:06,MOCK0003341
PT00008590,U003395,campaign_reward,496,2025-10-04 20:10:07,MOCK0004353
PT00008591,U002986,order_reward,281,2026-05-30 00:10:38,MOCK0006288
PT00008592,U002552,expire,-213,2026-05-25 12:47:43,MOCK0001328
PT00008593,U000540,expire,-10,2025-12-06 18:35:38,MOCK0000173
PT00008594,U000621,campaign_reward,527,2025-10-08 13:10:20,MOCK0003052
PT00008595,U002426,order_reward,46,2026-04-17 03:07:11,MOCK0004094
PT00008596,U002084,order_reward,119,2026-08-02 00:36:34,MOCK0006754
PT00008597,U000457,order_reward,663,2025-02-20 01:35:00,MOCK0005732
PT00008598,U000610,refund_deduct,-183,2025-10-03 03:48:29,MOCK0007742
PT00008599,U004577,order_reward,420,2025-03-31 06:15:49,MOCK0005824
PT00008600,U001818,refund_deduct,-352,2025-08-09 22:06:28,MOCK0002705
PT00008601,U000433,campaign_reward,271,2026-05-03 02:47:44,MOCK0010956
PT00008602,U003536,order_reward,201,2025-06-09 23:13:13,MOCK0010844
PT00008603,U001901,order_reward,558,2026-01-19 22:36:55,MOCK0011302
PT00008604,U000728,order_reward,771,2025-10-03 17:29:19,MOCK0003417
PT00008605,U002000,order_reward,568,2025-05-26 14:36:19,MOCK0007498
PT00008606,U001180,redeem,-566,2026-01-01 12:12:45,MOCK0008320
PT00008607,U004327,order_reward,617,2025-01-12 16:37:55,MOCK0007216
PT00008608,U000181,order_reward,170,2025-02-13 11:52:49,MOCK0004032
PT00008609,U004482,order_reward,752,2025-02-17 10:38:06,MOCK0010609
PT00008610,U001102,order_reward,558,2026-04-11 04:51:04,MOCK0001585
PT00008611,U004652,refund_deduct,-707,2025-09-26 12:26:10,MOCK0001443
PT00008612,U004365,order_reward,48,2025-02-04 03:25:53,MOCK0007112
PT00008613,U003266,order_reward,378,2025-11-29 14:27:18,MOCK0008950
PT00008614,U003689,order_reward,392,2025-09-16 00:38:08,MOCK0006598
PT00008615,U003386,redeem,-496,2026-05-03 15:56:33,MOCK0010556
PT00008616,U004963,refund_deduct,-488,2025-06-03 17:28:54,MOCK0000882
PT00008617,U000635,expire,-727,2025-06-11 17:41:26,MOCK0002593
PT00008618,U002470,redeem,-427,2025-01-18 22:05:08,MOCK0008470
PT00008619,U000168,order_reward,110,2025-01-28 00:06:12,MOCK0005583
PT00008620,U002687,campaign_reward,412,2026-06-12 07:12:33,MOCK0001973
PT00008621,U000043,refund_deduct,-200,2026-03-14 07:05:43,MOCK0011900
PT00008622,U002656,order_reward,639,2025-07-25 22:40:35,MOCK0000663
PT00008623,U000545,order_reward,472,2025-11-08 11:22:46,MOCK0003469
PT00008624,U004402,order_reward,482,2025-03-19 00:19:09,MOCK0001431
PT00008625,U003165,order_reward,408,2025-11-27 16:45:20,MOCK0011665
PT00008626,U000633,campaign_reward,491,2025-10-18 10:05:34,MOCK0007576
PT00008627,U003717,order_reward,615,2026-05-11 16:01:56,MOCK0011849
PT00008628,U002407,order_reward,222,2026-06-15 03:50:44,MOCK0010825
PT00008629,U003813,order_reward,197,2025-11-30 03:52:52,MOCK0011573
PT00008630,U002792,redeem,-15,2025-07-22 01:36:19,MOCK0009343
PT00008631,U002784,redeem,-363,2026-05-07 04:34:49,MOCK0003936
PT00008632,U003374,refund_deduct,-260,2026-05-16 14:20:40,MOCK0001111
PT00008633,U002519,redeem,-604,2025-10-23 16:25:44,MOCK0003772
PT00008634,U002212,redeem,-667,2025-03-20 00:02:39,MOCK0010664
PT00008635,U004502,order_reward,181,2025-07-18 08:51:28,MOCK0010274
PT00008636,U002450,order_reward,253,2026-05-30 22:05:23,MOCK0003202
PT00008637,U002927,order_reward,40,2025-05-02 14:12:32,MOCK0005776
PT00008638,U000481,order_reward,627,2025-12-08 04:28:41,MOCK0006079
PT00008639,U004838,expire,-194,2025-08-17 19:50:14,MOCK0007137
PT00008640,U004387,order_reward,725,2025-12-16 21:44:11,MOCK0004036
PT00008641,U004092,order_reward,661,2026-07-25 16:32:24,MOCK0011339
PT00008642,U004132,redeem,-479,2025-10-04 00:51:10,MOCK0007661
PT00008643,U000100,order_reward,535,2025-10-01 12:35:05,MOCK0006360
PT00008644,U002242,campaign_reward,36,2026-05-14 17:33:21,MOCK0008996
PT00008645,U000930,order_reward,794,2026-07-10 08:55:16,MOCK0002017
PT00008646,U000367,order_reward,330,2025-12-10 07:49:05,MOCK0010046
PT00008647,U000418,order_reward,197,2026-01-02 18:20:18,MOCK0003508
PT00008648,U003222,order_reward,243,2025-01-01 21:31:15,MOCK0009021
PT00008649,U002160,order_reward,269,2025-08-02 05:10:44,MOCK0001938
PT00008650,U003081,campaign_reward,149,2025-11-17 05:35:12,MOCK0007090
PT00008651,U003640,campaign_reward,726,2025-04-28 19:19:19,MOCK0003394
PT00008652,U000158,redeem,-409,2025-12-29 21:14:37,MOCK0004052
PT00008653,U002268,campaign_reward,98,2025-06-20 04:51:11,MOCK0000418
PT00008654,U003945,order_reward,642,2026-05-28 10:25:42,MOCK0007255
PT00008655,U003586,order_reward,421,2025-12-31 10:40:01,MOCK0008427
PT00008656,U004828,order_reward,434,2026-07-16 23:09:14,MOCK0010747
PT00008657,U001421,order_reward,230,2026-01-23 10:58:34,MOCK0003508
PT00008658,U000304,expire,-314,2026-01-02 16:20:17,MOCK0004302
PT00008659,U000931,order_reward,605,2025-06-12 13:14:36,MOCK0003941
PT00008660,U002070,redeem,-316,2026-07-05 13:33:16,MOCK0002285
PT00008661,U000361,campaign_reward,96,2025-12-25 17:49:06,MOCK0006184
PT00008662,U000759,redeem,-451,2025-06-14 12:12:15,MOCK0003317
PT00008663,U000416,redeem,-668,2025-04-21 00:36:59,MOCK0003268
PT00008664,U000252,campaign_reward,628,2025-07-03 11:26:54,MOCK0007894
PT00008665,U000749,order_reward,109,2025-03-12 06:56:18,MOCK0009021
PT00008666,U000673,order_reward,376,2026-08-12 14:09:40,MOCK0000140
PT00008667,U001720,redeem,-223,2025-02-28 22:41:57,MOCK0009469
PT00008668,U002765,order_reward,487,2026-04-16 07:22:38,MOCK0006945
PT00008669,U002685,order_reward,14,2025-08-18 20:23:37,MOCK0001342
PT00008670,U003056,order_reward,522,2026-02-28 05:44:31,MOCK0008971
PT00008671,U001014,redeem,-15,2026-05-10 23:25:41,MOCK0005915
PT00008672,U004285,order_reward,10,2025-01-05 01:24:12,MOCK0011637
PT00008673,U004080,campaign_reward,415,2026-06-30 17:59:25,MOCK0008996
PT00008674,U004122,order_reward,691,2025-11-23 15:31:49,MOCK0011890
PT00008675,U001955,order_reward,497,2026-03-09 19:23:14,MOCK0008240
PT00008676,U003189,expire,-90,2026-06-21 19:38:22,MOCK0006944
PT00008677,U000437,order_reward,111,2025-12-21 23:13:00,MOCK0002929
PT00008678,U000919,order_reward,689,2025-06-01 21:06:11,MOCK0002164
PT00008679,U002318,order_reward,151,2025-11-21 20:11:08,MOCK0009673
PT00008680,U001338,order_reward,136,2025-07-05 16:36:52,MOCK0009939
PT00008681,U002713,order_reward,321,2025-04-30 07:54:37,MOCK0009385
PT00008682,U003990,campaign_reward,526,2025-06-29 21:13:07,MOCK0008376
PT00008683,U000002,refund_deduct,-28,2025-05-17 00:25:29,MOCK0004666
PT00008684,U000041,redeem,-253,2025-09-15 03:25:32,MOCK0004671
PT00008685,U002767,campaign_reward,123,2025-09-11 15:25:54,MOCK0001643
PT00008686,U004885,order_reward,318,2026-08-14 18:03:43,MOCK0000512
PT00008687,U000784,order_reward,250,2025-07-18 16:37:53,MOCK0008143
PT00008688,U003383,redeem,-400,2025-07-26 02:07:23,MOCK0009402
PT00008689,U001551,campaign_reward,384,2025-09-30 01:11:44,MOCK0010388
PT00008690,U002941,order_reward,247,2026-07-03 01:28:58,MOCK0002918
PT00008691,U004556,expire,-532,2026-08-13 10:32:54,MOCK0006086
PT00008692,U001585,order_reward,737,2026-05-14 09:30:26,MOCK0006518
PT00008693,U004590,order_reward,761,2025-03-31 11:20:26,MOCK0001943
PT00008694,U004723,refund_deduct,-537,2026-04-21 20:01:45,MOCK0007789
PT00008695,U001325,refund_deduct,-233,2025-07-15 01:29:22,MOCK0000200
PT00008696,U000075,redeem,-42,2026-07-18 08:55:03,MOCK0007261
PT00008697,U002007,redeem,-136,2025-10-25 20:57:15,MOCK0008594
PT00008698,U001405,order_reward,202,2026-05-23 06:02:33,MOCK0011824
PT00008699,U000597,redeem,-282,2025-12-17 06:01:46,MOCK0010224
PT00008700,U004310,redeem,-773,2025-09-02 22:51:46,MOCK0004923
PT00008701,U004620,order_reward,254,2026-02-14 18:14:38,MOCK0011555
PT00008702,U000929,order_reward,381,2025-01-22 20:35:12,MOCK0011662
PT00008703,U001920,redeem,-305,2025-05-17 06:44:08,MOCK0005139
PT00008704,U002602,refund_deduct,-427,2025-03-19 20:36:27,MOCK0001849
PT00008705,U003616,order_reward,92,2025-06-17 19:09:20,MOCK0008771
PT00008706,U001145,campaign_reward,31,2026-06-14 05:55:52,MOCK0000307
PT00008707,U003883,redeem,-457,2026-02-11 05:47:16,MOCK0010042
PT00008708,U004786,order_reward,271,2026-02-10 01:48:53,MOCK0009170
PT00008709,U003184,order_reward,703,2026-08-16 06:17:15,MOCK0009964
PT00008710,U000612,order_reward,399,2026-05-20 06:49:18,MOCK0009472
PT00008711,U003803,order_reward,364,2026-04-28 18:57:31,MOCK0000001
PT00008712,U004165,refund_deduct,-277,2025-03-20 23:34:51,MOCK0002282
PT00008713,U004571,order_reward,39,2026-05-24 12:55:46,MOCK0002352
PT00008714,U003104,refund_deduct,-337,2025-09-05 00:40:25,MOCK0008186
PT00008715,U002526,campaign_reward,76,2025-08-31 15:17:53,MOCK0005355
PT00008716,U002050,order_reward,309,2025-10-11 17:20:53,MOCK0005375
PT00008717,U002407,order_reward,112,2026-08-13 12:46:54,MOCK0011604
PT00008718,U000053,campaign_reward,40,2025-07-24 21:41:06,MOCK0004720
PT00008719,U000321,expire,-309,2026-08-03 21:00:54,MOCK0010748
PT00008720,U001396,order_reward,222,2025-06-19 20:53:52,MOCK0005118
PT00008721,U001321,refund_deduct,-743,2025-11-14 00:48:15,MOCK0010195
PT00008722,U004966,redeem,-377,2025-05-17 23:56:43,MOCK0006571
PT00008723,U000292,order_reward,105,2026-07-22 18:45:52,MOCK0007513
PT00008724,U003515,order_reward,601,2025-05-02 01:15:41,MOCK0009060
PT00008725,U000118,order_reward,415,2026-08-20 02:31:22,MOCK0010953
PT00008726,U002673,order_reward,497,2025-04-21 16:54:04,MOCK0007116
PT00008727,U002376,order_reward,558,2025-02-21 06:42:04,MOCK0005726
PT00008728,U004963,expire,-632,2026-02-06 23:02:20,MOCK0009591
PT00008729,U000898,order_reward,242,2025-06-27 23:15:58,MOCK0007752
PT00008730,U002696,order_reward,529,2026-03-07 06:25:10,MOCK0010354
PT00008731,U004751,order_reward,104,2025-11-23 03:15:46,MOCK0006220
PT00008732,U003211,redeem,-541,2026-05-23 09:50:39,MOCK0005901
PT00008733,U004602,campaign_reward,188,2025-12-07 04:39:11,MOCK0000671
PT00008734,U002514,order_reward,746,2025-03-20 03:52:56,MOCK0009842
PT00008735,U002391,order_reward,205,2025-07-31 17:09:31,MOCK0009183
PT00008736,U000628,campaign_reward,293,2026-05-27 19:11:51,MOCK0011071
PT00008737,U003218,campaign_reward,142,2026-07-05 16:39:28,MOCK0004680
PT00008738,U004275,order_reward,540,2025-06-12 14:54:23,MOCK0000606
PT00008739,U004186,expire,-199,2025-12-08 21:35:53,MOCK0005065
PT00008740,U003519,order_reward,749,2025-04-22 18:42:35,MOCK0010862
PT00008741,U001281,order_reward,734,2026-04-04 03:37:37,MOCK0010368
PT00008742,U000190,order_reward,172,2025-03-13 16:06:15,MOCK0005636
PT00008743,U003264,campaign_reward,730,2025-09-24 15:06:57,MOCK0006895
PT00008744,U000071,order_reward,722,2025-03-25 21:07:23,MOCK0004688
PT00008745,U001433,campaign_reward,319,2026-02-12 21:15:48,MOCK0005033
PT00008746,U004828,refund_deduct,-369,2026-04-26 09:20:32,MOCK0006114
PT00008747,U004491,order_reward,400,2025-01-11 08:23:21,MOCK0002086
PT00008748,U001284,order_reward,567,2025-09-14 13:25:24,MOCK0003264
PT00008749,U004268,redeem,-52,2026-06-04 12:47:16,MOCK0001339
PT00008750,U000227,order_reward,369,2026-02-25 07:11:34,MOCK0010106
PT00008751,U003526,order_reward,146,2026-07-24 01:43:34,MOCK0010621
PT00008752,U004038,order_reward,792,2026-04-17 04:46:07,MOCK0001419
PT00008753,U001427,refund_deduct,-157,2025-06-12 04:22:10,MOCK0001992
PT00008754,U004528,refund_deduct,-753,2025-01-30 02:59:12,MOCK0001950
PT00008755,U003451,order_reward,365,2026-05-17 04:26:33,MOCK0003389
PT00008756,U003876,refund_deduct,-635,2026-08-10 04:13:45,MOCK0006127
PT00008757,U004176,campaign_reward,790,2026-08-06 10:09:07,MOCK0006460
PT00008758,U000780,order_reward,115,2025-06-14 20:57:49,MOCK0009969
PT00008759,U004839,order_reward,570,2026-04-26 21:46:29,MOCK0010202
PT00008760,U003007,order_reward,776,2026-03-27 04:26:00,MOCK0001621
PT00008761,U002769,order_reward,90,2026-03-07 13:57:47,MOCK0008751
PT00008762,U002957,order_reward,80,2026-05-12 07:04:43,MOCK0000289
PT00008763,U002628,order_reward,313,2026-06-15 00:55:03,MOCK0011322
PT00008764,U001005,order_reward,432,2025-03-21 06:56:16,MOCK0008645
PT00008765,U000266,order_reward,492,2026-07-03 16:22:04,MOCK0008901
PT00008766,U002387,order_reward,534,2026-06-28 18:42:41,MOCK0001779
PT00008767,U001961,campaign_reward,369,2025-12-27 09:21:44,MOCK0005006
PT00008768,U003464,order_reward,701,2025-09-23 16:31:13,MOCK0006233
PT00008769,U003870,redeem,-369,2025-08-24 19:14:38,MOCK0009467
PT00008770,U002056,order_reward,273,2025-06-06 10:13:18,MOCK0003742
PT00008771,U003996,redeem,-391,2026-02-08 23:25:40,MOCK0005577
PT00008772,U002675,campaign_reward,262,2025-10-15 09:50:48,MOCK0005173
PT00008773,U003531,expire,-262,2025-07-05 09:58:48,MOCK0004247
PT00008774,U000219,campaign_reward,708,2026-02-26 01:03:42,MOCK0003081
PT00008775,U004732,campaign_reward,612,2026-04-16 22:48:40,MOCK0010866
PT00008776,U004287,order_reward,215,2025-03-23 23:11:20,MOCK0010695
PT00008777,U004038,order_reward,764,2025-03-27 20:48:53,MOCK0011024
PT00008778,U003589,order_reward,403,2025-03-19 21:05:15,MOCK0010438
PT00008779,U003774,order_reward,205,2026-03-17 03:27:03,MOCK0005152
PT00008780,U003396,refund_deduct,-544,2026-04-05 23:44:33,MOCK0010649
PT00008781,U003659,refund_deduct,-101,2025-07-30 11:17:55,MOCK0002438
PT00008782,U002069,order_reward,671,2025-04-07 21:16:29,MOCK0011347
PT00008783,U000467,campaign_reward,198,2025-12-20 13:42:11,MOCK0003166
PT00008784,U001962,order_reward,124,2026-06-15 00:05:28,MOCK0006117
PT00008785,U002098,expire,-26,2025-09-18 06:19:25,MOCK0008653
PT00008786,U000886,order_reward,415,2025-02-12 22:42:03,MOCK0000220
PT00008787,U000946,refund_deduct,-717,2025-09-21 13:18:43,MOCK0008860
PT00008788,U001184,refund_deduct,-238,2026-08-22 22:19:25,MOCK0005020
PT00008789,U002363,campaign_reward,6,2025-03-14 09:33:54,MOCK0005201
PT00008790,U000392,redeem,-35,2026-07-20 22:59:21,MOCK0010511
PT00008791,U004877,order_reward,20,2026-04-05 15:19:18,MOCK0001430
PT00008792,U004276,order_reward,603,2025-03-01 07:52:09,MOCK0006429
PT00008793,U003245,refund_deduct,-684,2025-08-24 10:22:04,MOCK0003013
PT00008794,U002932,order_reward,209,2026-01-28 22:25:49,MOCK0011123
PT00008795,U001228,order_reward,106,2025-02-13 14:38:13,MOCK0007830
PT00008796,U000142,redeem,-44,2026-01-19 00:10:44,MOCK0000785
PT00008797,U003584,expire,-213,2026-05-01 04:57:32,MOCK0011641
PT00008798,U000657,redeem,-402,2025-09-28 02:54:27,MOCK0009833
PT00008799,U003928,order_reward,17,2026-05-27 10:11:33,MOCK0006895
PT00008800,U000363,campaign_reward,372,2026-05-11 18:18:43,MOCK0004068
PT00008801,U003586,order_reward,209,2026-03-06 14:58:00,MOCK0011378
PT00008802,U001706,refund_deduct,-471,2025-06-02 10:16:49,MOCK0004458
PT00008803,U004711,order_reward,219,2025-02-24 04:16:46,MOCK0011886
PT00008804,U002183,expire,-682,2025-04-29 01:21:37,MOCK0002610
PT00008805,U001904,expire,-179,2026-07-03 21:00:07,MOCK0008769
PT00008806,U003080,order_reward,674,2025-07-14 12:28:30,MOCK0010418
PT00008807,U001966,campaign_reward,523,2026-07-15 10:13:27,MOCK0004890
PT00008808,U003293,order_reward,676,2025-12-03 08:06:25,MOCK0010233
PT00008809,U002247,order_reward,477,2026-03-07 06:42:04,MOCK0005585
PT00008810,U000525,order_reward,219,2025-08-08 19:29:11,MOCK0001939
PT00008811,U002248,refund_deduct,-130,2025-05-28 14:33:55,MOCK0006202
PT00008812,U002942,expire,-346,2025-07-04 20:55:14,MOCK0005823
PT00008813,U000035,order_reward,345,2026-07-09 03:13:49,MOCK0004401
PT00008814,U004092,refund_deduct,-746,2025-02-19 03:44:08,MOCK0000855
PT00008815,U001995,expire,-29,2025-03-17 23:47:32,MOCK0009324
PT00008816,U001484,order_reward,669,2025-06-30 06:16:06,MOCK0005045
PT00008817,U001134,order_reward,231,2026-04-23 03:22:14,MOCK0010452
PT00008818,U002556,order_reward,600,2025-01-25 01:05:22,MOCK0002720
PT00008819,U004778,order_reward,339,2026-07-11 13:13:09,MOCK0005697
PT00008820,U000720,order_reward,224,2025-12-31 11:49:44,MOCK0009376
PT00008821,U001758,order_reward,88,2026-06-28 12:17:50,MOCK0003793
PT00008822,U002893,redeem,-15,2026-04-30 03:05:21,MOCK0002790
PT00008823,U004057,order_reward,158,2026-03-04 23:36:43,MOCK0010520
PT00008824,U003578,order_reward,171,2025-01-01 02:51:25,MOCK0010598
PT00008825,U003093,campaign_reward,599,2026-08-12 18:51:45,MOCK0010146
PT00008826,U002586,order_reward,599,2025-04-26 11:30:00,MOCK0004276
PT00008827,U003093,order_reward,531,2025-06-15 18:33:34,MOCK0008096
PT00008828,U004707,order_reward,114,2026-02-18 03:53:30,MOCK0000075
PT00008829,U002496,campaign_reward,230,2025-02-16 15:35:58,MOCK0000604
PT00008830,U001391,expire,-178,2025-11-24 06:00:24,MOCK0009984
PT00008831,U004643,refund_deduct,-249,2025-01-21 04:46:33,MOCK0000239
PT00008832,U004475,order_reward,600,2025-05-14 06:24:10,MOCK0001255
PT00008833,U002065,order_reward,170,2025-05-02 16:25:19,MOCK0011439
PT00008834,U004937,campaign_reward,349,2025-05-02 03:23:01,MOCK0009916
PT00008835,U000311,order_reward,232,2025-04-07 19:21:02,MOCK0008625
PT00008836,U003902,campaign_reward,721,2026-06-16 03:15:38,MOCK0005069
PT00008837,U004424,refund_deduct,-144,2026-07-28 19:34:06,MOCK0005684
PT00008838,U004740,order_reward,28,2025-07-03 23:46:39,MOCK0010114
PT00008839,U004512,expire,-391,2025-11-29 10:52:33,MOCK0000833
PT00008840,U000287,order_reward,109,2026-06-26 21:08:08,MOCK0009745
PT00008841,U000397,redeem,-309,2026-05-05 05:07:10,MOCK0004201
PT00008842,U002988,redeem,-221,2025-02-12 09:48:21,MOCK0009142
PT00008843,U001109,campaign_reward,688,2025-05-13 17:28:46,MOCK0005091
PT00008844,U000803,refund_deduct,-764,2025-03-04 19:27:15,MOCK0005884
PT00008845,U001791,redeem,-388,2026-03-16 10:38:40,MOCK0011804
PT00008846,U001814,campaign_reward,627,2025-09-11 11:08:32,MOCK0008932
PT00008847,U004738,campaign_reward,275,2026-05-23 22:10:51,MOCK0006650
PT00008848,U003647,order_reward,159,2025-02-19 12:56:55,MOCK0005715
PT00008849,U001692,order_reward,411,2025-07-04 07:40:50,MOCK0008660
PT00008850,U002776,order_reward,735,2026-07-23 02:54:57,MOCK0000124
PT00008851,U002861,campaign_reward,723,2025-01-29 04:37:30,MOCK0004825
PT00008852,U003439,order_reward,492,2026-01-30 15:35:55,MOCK0000890
PT00008853,U003165,refund_deduct,-552,2025-02-01 12:11:18,MOCK0001788
PT00008854,U002431,redeem,-283,2026-03-30 22:43:12,MOCK0001714
PT00008855,U003723,order_reward,431,2026-03-21 04:10:02,MOCK0011075
PT00008856,U001032,redeem,-577,2025-12-28 12:21:05,MOCK0001076
PT00008857,U003966,order_reward,10,2025-02-11 14:48:18,MOCK0000368
PT00008858,U004356,campaign_reward,547,2026-06-13 07:40:00,MOCK0005350
PT00008859,U002054,campaign_reward,555,2025-02-04 06:02:35,MOCK0006144
PT00008860,U003436,order_reward,419,2025-04-19 07:26:39,MOCK0005865
PT00008861,U004314,order_reward,66,2025-06-22 15:42:10,MOCK0007546
PT00008862,U004223,redeem,-202,2026-07-24 04:23:35,MOCK0009580
PT00008863,U003348,order_reward,785,2025-05-05 19:20:25,MOCK0010562
PT00008864,U004603,order_reward,671,2026-08-05 16:06:26,MOCK0010039
PT00008865,U004523,expire,-89,2025-01-30 14:45:15,MOCK0008808
PT00008866,U001462,campaign_reward,635,2025-03-27 08:43:18,MOCK0008740
PT00008867,U000100,order_reward,646,2026-07-31 06:03:22,MOCK0001433
PT00008868,U000158,order_reward,25,2025-10-04 23:40:25,MOCK0002500
PT00008869,U004816,order_reward,510,2026-07-10 02:46:56,MOCK0002894
PT00008870,U003505,redeem,-701,2026-07-13 18:31:43,MOCK0009239
PT00008871,U004334,refund_deduct,-591,2026-05-09 06:27:19,MOCK0007086
PT00008872,U001663,campaign_reward,566,2025-05-09 07:41:26,MOCK0000879
PT00008873,U000315,order_reward,659,2026-04-17 19:25:48,MOCK0003823
PT00008874,U004703,order_reward,283,2025-06-13 08:15:56,MOCK0006329
PT00008875,U002566,refund_deduct,-245,2025-12-11 12:44:02,MOCK0007908
PT00008876,U000293,order_reward,799,2025-09-09 12:10:57,MOCK0007288
PT00008877,U000764,refund_deduct,-461,2025-11-28 09:23:48,MOCK0008880
PT00008878,U001875,campaign_reward,757,2026-08-17 21:55:43,MOCK0002778
PT00008879,U003967,order_reward,328,2026-01-23 01:51:37,MOCK0005092
PT00008880,U001293,order_reward,505,2025-06-15 00:39:17,MOCK0009028
PT00008881,U004202,order_reward,137,2025-12-24 11:31:19,MOCK0006474
PT00008882,U003214,campaign_reward,18,2025-10-22 09:26:58,MOCK0006642
PT00008883,U001610,refund_deduct,-207,2025-01-16 01:19:40,MOCK0002600
PT00008884,U001929,order_reward,94,2026-03-28 22:24:31,MOCK0002954
PT00008885,U003324,campaign_reward,535,2025-11-14 00:53:01,MOCK0009684
PT00008886,U004757,redeem,-15,2026-01-17 16:05:08,MOCK0004812
PT00008887,U003601,order_reward,684,2025-06-11 14:33:17,MOCK0005555
PT00008888,U004420,order_reward,426,2026-02-12 18:25:47,MOCK0004838
PT00008889,U000210,campaign_reward,387,2025-05-26 20:43:11,MOCK0003688
PT00008890,U003126,campaign_reward,723,2026-01-03 19:38:58,MOCK0004596
PT00008891,U001321,campaign_reward,204,2025-01-25 07:19:22,MOCK0004400
PT00008892,U004713,campaign_reward,216,2025-05-31 15:31:39,MOCK0008452
PT00008893,U001690,order_reward,13,2026-04-30 18:57:33,MOCK0006548
PT00008894,U003684,order_reward,782,2025-11-07 23:53:48,MOCK0002778
PT00008895,U001264,order_reward,526,2025-03-24 03:26:12,MOCK0008753
PT00008896,U002673,redeem,-449,2026-04-26 15:39:39,MOCK0002736
PT00008897,U000710,order_reward,525,2025-02-06 04:28:03,MOCK0000111
PT00008898,U001606,redeem,-419,2025-11-10 22:16:35,MOCK0007003
PT00008899,U004419,order_reward,38,2025-12-09 22:43:54,MOCK0007732
PT00008900,U000969,campaign_reward,472,2026-08-08 01:49:53,MOCK0006521
PT00008901,U000168,order_reward,789,2025-04-08 20:18:06,MOCK0011919
PT00008902,U003505,redeem,-422,2025-05-12 05:40:55,MOCK0004936
PT00008903,U004806,redeem,-470,2025-01-15 02:33:12,MOCK0010651
PT00008904,U002125,campaign_reward,416,2026-02-08 23:23:16,MOCK0001284
PT00008905,U001321,campaign_reward,208,2025-07-20 09:45:03,MOCK0011413
PT00008906,U004684,redeem,-389,2026-08-04 05:59:59,MOCK0002407
PT00008907,U004463,order_reward,93,2025-11-30 23:59:22,MOCK0010743
PT00008908,U004521,order_reward,527,2026-06-05 23:25:05,MOCK0009437
PT00008909,U001938,order_reward,735,2025-10-28 06:44:36,MOCK0009900
PT00008910,U001934,campaign_reward,718,2025-02-16 11:21:13,MOCK0003588
PT00008911,U003675,refund_deduct,-245,2025-02-06 19:07:22,MOCK0003114
PT00008912,U000564,order_reward,93,2026-03-21 22:38:35,MOCK0005200
PT00008913,U000016,campaign_reward,167,2025-09-08 02:16:03,MOCK0000079
PT00008914,U002146,refund_deduct,-170,2026-02-24 11:36:27,MOCK0006886
PT00008915,U003372,refund_deduct,-195,2026-07-11 23:38:52,MOCK0007362
PT00008916,U000162,refund_deduct,-413,2026-03-08 05:28:22,MOCK0009387
PT00008917,U001831,order_reward,271,2026-01-23 07:52:50,MOCK0003954
PT00008918,U004021,order_reward,195,2026-02-14 06:51:52,MOCK0006633
PT00008919,U004823,redeem,-510,2025-06-12 18:29:59,MOCK0009942
PT00008920,U002777,refund_deduct,-516,2025-02-18 08:24:57,MOCK0005993
PT00008921,U002069,order_reward,380,2026-04-07 04:07:33,MOCK0011022
PT00008922,U003286,redeem,-127,2025-10-08 18:57:06,MOCK0010754
PT00008923,U003724,refund_deduct,-271,2026-05-06 09:04:58,MOCK0011835
PT00008924,U002193,order_reward,53,2025-10-09 09:12:08,MOCK0001062
PT00008925,U004973,campaign_reward,587,2026-04-26 03:52:37,MOCK0001640
PT00008926,U004432,order_reward,511,2026-07-24 18:02:39,MOCK0006026
PT00008927,U003790,order_reward,66,2026-07-07 02:11:28,MOCK0005561
PT00008928,U002762,refund_deduct,-414,2025-07-19 09:04:45,MOCK0010539
PT00008929,U002345,expire,-546,2025-08-29 13:38:14,MOCK0005034
PT00008930,U000713,campaign_reward,752,2026-07-30 22:09:18,MOCK0000455
PT00008931,U002086,campaign_reward,638,2026-01-23 04:46:56,MOCK0000576
PT00008932,U003037,order_reward,89,2025-05-11 16:24:34,MOCK0004100
PT00008933,U002576,order_reward,263,2025-02-28 01:27:29,MOCK0009333
PT00008934,U002657,order_reward,202,2026-05-28 12:58:15,MOCK0006753
PT00008935,U004877,expire,-349,2025-02-16 00:45:28,MOCK0008099
PT00008936,U003956,order_reward,244,2026-07-06 16:50:41,MOCK0002462
PT00008937,U002440,expire,-642,2026-01-04 12:53:18,MOCK0005947
PT00008938,U001156,expire,-121,2025-02-15 21:36:08,MOCK0009828
PT00008939,U002491,order_reward,68,2026-06-29 12:06:50,MOCK0002676
PT00008940,U000130,order_reward,398,2025-10-10 22:05:56,MOCK0007184
PT00008941,U003697,order_reward,511,2026-02-15 03:29:00,MOCK0000623
PT00008942,U002428,redeem,-301,2026-05-12 08:48:26,MOCK0005630
PT00008943,U003703,redeem,-770,2025-05-03 16:15:00,MOCK0001557
PT00008944,U003321,order_reward,481,2026-04-07 23:27:23,MOCK0005576
PT00008945,U000077,order_reward,418,2025-08-30 09:17:35,MOCK0010344
PT00008946,U001179,order_reward,721,2025-11-19 13:11:59,MOCK0002122
PT00008947,U002347,refund_deduct,-158,2025-12-22 19:49:28,MOCK0003066
PT00008948,U001025,order_reward,28,2025-09-16 05:52:00,MOCK0009377
PT00008949,U004180,campaign_reward,64,2025-07-21 16:36:05,MOCK0010004
PT00008950,U003430,expire,-423,2026-07-12 15:29:28,MOCK0007420
PT00008951,U001362,expire,-667,2025-05-09 07:23:53,MOCK0002624
PT00008952,U004783,order_reward,701,2026-07-20 16:28:17,MOCK0000761
PT00008953,U002141,order_reward,786,2025-02-27 16:27:00,MOCK0004975
PT00008954,U001614,order_reward,280,2026-02-21 01:35:35,MOCK0005354
PT00008955,U003574,order_reward,208,2025-09-29 00:39:54,MOCK0000351
PT00008956,U003005,order_reward,346,2026-05-20 05:20:27,MOCK0011781
PT00008957,U003152,order_reward,268,2025-10-02 04:11:21,MOCK0001682
PT00008958,U004494,order_reward,97,2025-06-05 22:00:28,MOCK0003093
PT00008959,U002182,campaign_reward,147,2026-04-24 08:45:45,MOCK0001081
PT00008960,U003509,order_reward,398,2026-05-31 18:50:44,MOCK0001810
PT00008961,U001259,order_reward,201,2025-03-22 00:29:59,MOCK0007343
PT00008962,U003949,order_reward,298,2025-05-10 18:55:26,MOCK0009095
PT00008963,U002020,order_reward,436,2026-01-19 16:05:38,MOCK0001216
PT00008964,U004199,refund_deduct,-481,2025-04-14 06:04:16,MOCK0003063
PT00008965,U001787,order_reward,189,2025-06-17 19:58:21,MOCK0006120
PT00008966,U000215,order_reward,21,2026-05-10 11:04:20,MOCK0005906
PT00008967,U004392,campaign_reward,730,2025-09-01 14:41:10,MOCK0009281
PT00008968,U004450,campaign_reward,307,2025-06-14 13:54:33,MOCK0003613
PT00008969,U001763,order_reward,310,2025-09-08 04:03:52,MOCK0000239
PT00008970,U004916,refund_deduct,-249,2026-05-29 04:50:45,MOCK0009727
PT00008971,U003186,redeem,-126,2026-01-27 06:44:45,MOCK0000534
PT00008972,U001421,order_reward,764,2026-08-10 12:27:21,MOCK0000059
PT00008973,U004918,order_reward,75,2026-03-26 18:17:56,MOCK0007181
PT00008974,U001993,expire,-80,2026-07-23 08:31:25,MOCK0007423
PT00008975,U004200,redeem,-612,2025-10-30 05:46:15,MOCK0007922
PT00008976,U000534,campaign_reward,61,2025-06-15 09:49:16,MOCK0001666
PT00008977,U001871,order_reward,188,2025-12-11 23:34:09,MOCK0010120
PT00008978,U003489,order_reward,210,2025-11-15 03:39:10,MOCK0006731
PT00008979,U003028,refund_deduct,-438,2025-12-22 10:01:04,MOCK0001569
PT00008980,U000577,expire,-697,2026-06-16 06:19:01,MOCK0005047
PT00008981,U001794,order_reward,398,2025-04-27 21:13:20,MOCK0006255
PT00008982,U001652,redeem,-131,2025-01-12 07:17:42,MOCK0010372
PT00008983,U004323,order_reward,421,2026-07-06 18:05:07,MOCK0005313
PT00008984,U000345,refund_deduct,-166,2025-01-21 14:14:54,MOCK0004488
PT00008985,U004393,order_reward,331,2025-09-11 05:01:47,MOCK0007260
PT00008986,U002188,expire,-659,2026-06-29 07:44:28,MOCK0007943
PT00008987,U004896,redeem,-99,2025-12-04 21:05:54,MOCK0008867
PT00008988,U002681,redeem,-661,2026-06-26 10:45:33,MOCK0003741
PT00008989,U001258,refund_deduct,-295,2025-09-15 17:36:15,MOCK0001242
PT00008990,U004661,order_reward,138,2025-09-06 21:53:57,MOCK0002680
PT00008991,U004336,order_reward,634,2025-11-16 08:16:58,MOCK0006064
PT00008992,U004972,refund_deduct,-281,2025-05-31 00:54:24,MOCK0009636
PT00008993,U000547,campaign_reward,409,2026-08-22 15:18:40,MOCK0010936
PT00008994,U003399,order_reward,484,2025-11-02 20:01:30,MOCK0003983
PT00008995,U004769,redeem,-558,2025-07-20 04:41:16,MOCK0001681
PT00008996,U000039,order_reward,29,2026-07-01 23:22:23,MOCK0007232
PT00008997,U003283,refund_deduct,-62,2025-06-07 22:12:11,MOCK0008488
PT00008998,U000033,refund_deduct,-371,2026-05-06 12:42:11,MOCK0008281
PT00008999,U003195,order_reward,538,2025-04-09 05:25:57,MOCK0008348
PT00009000,U001069,campaign_reward,269,2025-06-04 20:04:49,MOCK0008515
PT00009001,U004468,expire,-434,2025-01-10 18:55:32,MOCK0002715
PT00009002,U001259,order_reward,621,2025-05-29 13:21:25,MOCK0001053
PT00009003,U000775,redeem,-768,2025-11-15 05:52:09,MOCK0003002
PT00009004,U001158,order_reward,171,2025-05-15 06:18:33,MOCK0002304
PT00009005,U003515,campaign_reward,328,2026-02-17 04:08:27,MOCK0004454
PT00009006,U000372,order_reward,418,2026-02-16 16:20:22,MOCK0011057
PT00009007,U002481,order_reward,730,2025-04-04 22:07:21,MOCK0003021
PT00009008,U001459,expire,-93,2025-08-07 11:17:42,MOCK0000608
PT00009009,U001455,redeem,-414,2026-04-21 17:27:10,MOCK0005862
PT00009010,U002032,refund_deduct,-260,2025-05-07 07:04:17,MOCK0003528
PT00009011,U004507,refund_deduct,-774,2025-11-19 16:49:36,MOCK0002450
PT00009012,U004228,order_reward,411,2025-06-07 10:02:45,MOCK0001873
PT00009013,U000175,order_reward,777,2026-02-26 00:20:31,MOCK0001304
PT00009014,U000032,order_reward,394,2026-03-11 22:51:49,MOCK0006993
PT00009015,U003106,order_reward,164,2026-05-01 07:00:12,MOCK0000172
PT00009016,U004577,redeem,-247,2025-02-21 03:54:09,MOCK0002481
PT00009017,U000348,order_reward,783,2025-06-05 13:29:14,MOCK0010108
PT00009018,U004686,order_reward,656,2026-07-04 19:14:38,MOCK0006247
PT00009019,U001962,redeem,-307,2025-11-12 05:38:35,MOCK0002850
PT00009020,U001899,order_reward,6,2025-09-16 07:20:27,MOCK0003571
PT00009021,U004406,redeem,-668,2025-08-13 01:51:39,MOCK0005518
PT00009022,U003398,order_reward,469,2026-07-30 16:58:35,MOCK0008515
PT00009023,U000273,order_reward,559,2025-12-14 08:25:52,MOCK0000915
PT00009024,U000362,campaign_reward,484,2026-08-08 16:33:37,MOCK0011030
PT00009025,U002344,campaign_reward,459,2026-04-20 13:03:16,MOCK0010744
PT00009026,U001824,campaign_reward,634,2025-04-01 11:32:47,MOCK0003050
PT00009027,U002659,order_reward,552,2025-01-17 01:11:58,MOCK0011018
PT00009028,U002597,campaign_reward,119,2026-02-07 10:21:13,MOCK0010287
PT00009029,U004301,order_reward,164,2025-01-11 16:55:41,MOCK0010434
PT00009030,U000088,campaign_reward,658,2025-07-01 03:37:25,MOCK0004248
PT00009031,U003749,order_reward,638,2025-08-04 16:58:02,MOCK0002395
PT00009032,U002379,order_reward,403,2025-02-23 18:22:59,MOCK0004663
PT00009033,U000829,order_reward,764,2026-03-29 15:39:09,MOCK0000145
PT00009034,U000172,order_reward,317,2025-10-21 03:21:02,MOCK0009653
PT00009035,U000534,order_reward,578,2025-03-27 11:49:57,MOCK0004375
PT00009036,U002738,redeem,-314,2025-09-22 21:39:36,MOCK0006184
PT00009037,U003006,order_reward,61,2026-04-05 23:59:42,MOCK0001591
PT00009038,U003357,campaign_reward,443,2025-04-30 22:44:53,MOCK0009118
PT00009039,U001170,refund_deduct,-143,2025-01-13 14:01:23,MOCK0008317
PT00009040,U003609,order_reward,172,2026-04-05 07:22:06,MOCK0007465
PT00009041,U002109,campaign_reward,608,2026-08-22 22:53:25,MOCK0007869
PT00009042,U004728,refund_deduct,-397,2025-05-28 11:48:02,MOCK0000480
PT00009043,U000569,refund_deduct,-328,2025-05-23 23:57:33,MOCK0004761
PT00009044,U002262,order_reward,23,2025-01-28 07:22:03,MOCK0004831
PT00009045,U000860,redeem,-166,2025-06-16 10:22:07,MOCK0010297
PT00009046,U004437,order_reward,563,2026-04-29 22:22:31,MOCK0011072
PT00009047,U001715,order_reward,161,2025-06-11 11:34:04,MOCK0007579
PT00009048,U004136,campaign_reward,554,2025-04-25 07:44:41,MOCK0010768
PT00009049,U001478,order_reward,218,2026-07-05 11:10:23,MOCK0001006
PT00009050,U003993,refund_deduct,-290,2025-05-16 09:11:46,MOCK0004355
PT00009051,U000268,campaign_reward,455,2026-05-29 19:16:48,MOCK0005873
PT00009052,U003732,campaign_reward,54,2025-06-05 22:33:48,MOCK0005206
PT00009053,U003012,order_reward,11,2025-02-06 10:13:37,MOCK0000983
PT00009054,U003661,order_reward,69,2026-04-11 22:58:51,MOCK0008609
PT00009055,U001896,order_reward,282,2025-05-18 02:14:13,MOCK0005964
PT00009056,U001483,order_reward,548,2026-02-12 06:14:27,MOCK0004355
PT00009057,U003065,campaign_reward,797,2025-04-19 18:35:27,MOCK0003583
PT00009058,U002217,campaign_reward,397,2026-08-03 18:09:17,MOCK0005478
PT00009059,U001829,campaign_reward,19,2025-08-31 11:35:01,MOCK0002555
PT00009060,U004140,campaign_reward,302,2025-05-01 06:14:39,MOCK0002275
PT00009061,U000603,refund_deduct,-19,2026-01-05 02:43:25,MOCK0008694
PT00009062,U001076,redeem,-436,2026-08-08 11:02:47,MOCK0007602
PT00009063,U003194,expire,-753,2026-04-25 00:04:49,MOCK0001402
PT00009064,U003146,campaign_reward,547,2025-01-22 06:00:09,MOCK0003288
PT00009065,U000420,redeem,-331,2025-11-03 04:07:15,MOCK0008024
PT00009066,U003033,order_reward,486,2025-03-19 02:28:06,MOCK0000395
PT00009067,U001374,campaign_reward,274,2025-03-07 12:06:02,MOCK0003208
PT00009068,U003378,order_reward,378,2025-08-26 21:49:48,MOCK0006647
PT00009069,U003926,campaign_reward,510,2026-07-20 04:33:49,MOCK0008406
PT00009070,U004566,order_reward,447,2025-08-30 15:39:34,MOCK0011971
PT00009071,U004993,order_reward,413,2025-12-30 08:32:16,MOCK0000270
PT00009072,U001599,order_reward,542,2025-02-21 11:17:42,MOCK0005563
PT00009073,U003775,order_reward,544,2026-07-30 12:17:49,MOCK0005904
PT00009074,U002575,order_reward,733,2026-01-17 17:26:28,MOCK0005235
PT00009075,U000159,order_reward,440,2025-03-07 12:20:52,MOCK0002387
PT00009076,U004191,order_reward,416,2026-05-31 00:50:16,MOCK0005350
PT00009077,U002290,redeem,-84,2026-07-01 01:26:29,MOCK0008187
PT00009078,U001378,refund_deduct,-215,2025-06-17 01:40:19,MOCK0001090
PT00009079,U004406,order_reward,704,2026-06-28 10:31:09,MOCK0001358
PT00009080,U002548,order_reward,71,2025-01-03 06:59:11,MOCK0002654
PT00009081,U003392,redeem,-676,2025-04-05 02:55:34,MOCK0000559
PT00009082,U002819,order_reward,470,2025-09-11 05:55:36,MOCK0010025
PT00009083,U004577,order_reward,607,2026-02-10 03:05:41,MOCK0010292
PT00009084,U003574,redeem,-447,2026-06-30 04:28:27,MOCK0009619
PT00009085,U001369,order_reward,545,2025-09-06 19:58:12,MOCK0011952
PT00009086,U002315,refund_deduct,-417,2026-06-15 13:15:09,MOCK0010452
PT00009087,U000658,refund_deduct,-702,2025-02-26 19:33:13,MOCK0008621
PT00009088,U000520,expire,-391,2025-11-03 10:52:14,MOCK0004038
PT00009089,U001631,order_reward,411,2025-02-15 13:57:58,MOCK0011786
PT00009090,U003092,redeem,-598,2025-11-27 07:57:53,MOCK0002467
PT00009091,U004868,order_reward,469,2026-02-16 15:25:26,MOCK0006935
PT00009092,U000169,order_reward,586,2026-05-16 18:45:44,MOCK0002588
PT00009093,U002897,order_reward,771,2025-01-25 10:05:17,MOCK0006452
PT00009094,U004560,order_reward,504,2025-04-13 16:47:25,MOCK0002184
PT00009095,U002043,campaign_reward,537,2025-08-03 03:36:47,MOCK0009229
PT00009096,U001437,order_reward,607,2026-07-25 22:18:49,MOCK0009610
PT00009097,U002919,order_reward,620,2026-02-04 13:47:24,MOCK0003872
PT00009098,U003651,redeem,-197,2025-12-28 19:35:58,MOCK0002637
PT00009099,U004771,order_reward,769,2025-08-25 09:49:37,MOCK0006666
PT00009100,U001259,refund_deduct,-351,2025-06-10 04:05:36,MOCK0007952
PT00009101,U004424,order_reward,326,2025-11-11 19:55:25,MOCK0005455
PT00009102,U000639,order_reward,50,2026-08-05 00:26:47,MOCK0001387
PT00009103,U000794,campaign_reward,589,2025-03-18 15:57:10,MOCK0009458
PT00009104,U002916,order_reward,429,2025-07-30 08:36:43,MOCK0000953
PT00009105,U004560,order_reward,588,2026-04-08 15:49:28,MOCK0003853
PT00009106,U004727,redeem,-38,2025-08-28 05:39:24,MOCK0002426
PT00009107,U000937,campaign_reward,232,2025-04-20 14:02:50,MOCK0003642
PT00009108,U002796,order_reward,43,2025-06-03 18:04:00,MOCK0003911
PT00009109,U004392,campaign_reward,16,2025-06-20 00:26:26,MOCK0010057
PT00009110,U002986,redeem,-325,2026-07-18 06:49:43,MOCK0009872
PT00009111,U000731,order_reward,143,2025-09-22 04:53:13,MOCK0011826
PT00009112,U001805,expire,-227,2026-07-06 21:42:42,MOCK0005041
PT00009113,U000208,redeem,-641,2025-06-18 13:12:27,MOCK0001370
PT00009114,U002766,redeem,-260,2026-08-16 12:41:33,MOCK0007824
PT00009115,U003807,refund_deduct,-295,2025-08-09 04:06:03,MOCK0004811
PT00009116,U003984,order_reward,642,2025-12-17 09:34:32,MOCK0006093
PT00009117,U002518,expire,-32,2025-11-25 04:46:46,MOCK0010096
PT00009118,U002801,expire,-491,2025-09-13 12:35:19,MOCK0002649
PT00009119,U001922,order_reward,625,2026-07-14 09:04:44,MOCK0007533
PT00009120,U000639,campaign_reward,442,2025-05-07 09:21:16,MOCK0003113
PT00009121,U003578,refund_deduct,-364,2025-11-03 09:51:51,MOCK0011909
PT00009122,U003838,order_reward,91,2025-09-23 02:01:42,MOCK0003945
PT00009123,U000925,expire,-292,2025-07-28 00:04:57,MOCK0007145
PT00009124,U002535,order_reward,360,2026-03-18 02:56:30,MOCK0005227
PT00009125,U002130,order_reward,626,2025-02-22 10:17:53,MOCK0005002
PT00009126,U003225,redeem,-232,2025-09-23 16:08:31,MOCK0008037
PT00009127,U000120,refund_deduct,-463,2025-10-29 14:07:17,MOCK0007556
PT00009128,U001155,campaign_reward,116,2025-09-07 20:04:39,MOCK0004761
PT00009129,U000254,order_reward,546,2025-03-04 17:50:49,MOCK0000982
PT00009130,U003375,order_reward,646,2025-12-12 20:22:43,MOCK0004592
PT00009131,U000643,order_reward,283,2026-04-04 21:41:28,MOCK0003714
PT00009132,U003347,order_reward,456,2026-05-31 16:44:05,MOCK0003171
PT00009133,U000874,campaign_reward,60,2025-05-16 03:38:51,MOCK0003087
PT00009134,U001550,campaign_reward,411,2025-11-05 06:21:23,MOCK0006583
PT00009135,U000871,order_reward,394,2025-02-19 14:02:39,MOCK0007970
PT00009136,U004987,campaign_reward,175,2025-03-26 10:13:38,MOCK0011763
PT00009137,U000664,order_reward,524,2026-02-09 10:45:09,MOCK0003406
PT00009138,U002141,redeem,-309,2025-08-07 20:08:21,MOCK0005046
PT00009139,U002381,campaign_reward,41,2025-01-15 21:30:48,MOCK0001753
PT00009140,U000126,campaign_reward,612,2025-01-22 02:08:53,MOCK0004694
PT00009141,U004273,order_reward,281,2025-05-06 09:37:48,MOCK0006397
PT00009142,U001414,order_reward,545,2025-10-17 11:36:16,MOCK0008016
PT00009143,U002783,redeem,-318,2025-08-20 02:00:14,MOCK0010541
PT00009144,U000153,expire,-655,2025-12-05 04:56:47,MOCK0003216
PT00009145,U000448,redeem,-199,2025-06-05 02:08:06,MOCK0011322
PT00009146,U002419,order_reward,174,2025-08-22 06:33:58,MOCK0004114
PT00009147,U000372,redeem,-304,2025-05-26 19:12:53,MOCK0001117
PT00009148,U003001,order_reward,596,2025-02-11 19:24:11,MOCK0001452
PT00009149,U002647,order_reward,102,2025-11-18 03:58:41,MOCK0004992
PT00009150,U001679,order_reward,135,2025-04-24 15:42:43,MOCK0006357
PT00009151,U002035,order_reward,546,2026-05-17 07:49:19,MOCK0000285
PT00009152,U004130,order_reward,510,2025-02-16 19:29:40,MOCK0010739
PT00009153,U003791,campaign_reward,661,2026-07-03 03:49:50,MOCK0001642
PT00009154,U001715,redeem,-498,2026-07-19 08:33:18,MOCK0006540
PT00009155,U001402,redeem,-310,2026-08-21 13:55:38,MOCK0006768
PT00009156,U002741,order_reward,646,2025-03-03 14:48:35,MOCK0005419
PT00009157,U004523,campaign_reward,464,2026-05-10 10:13:04,MOCK0011881
PT00009158,U001733,order_reward,218,2025-03-17 19:33:25,MOCK0007199
PT00009159,U000750,order_reward,678,2026-03-12 19:51:36,MOCK0008555
PT00009160,U001361,order_reward,259,2026-01-13 03:30:35,MOCK0008830
PT00009161,U001414,redeem,-207,2026-04-07 20:51:54,MOCK0002592
PT00009162,U000931,order_reward,564,2026-01-12 16:12:26,MOCK0008932
PT00009163,U004716,expire,-128,2025-10-31 07:19:03,MOCK0006041
PT00009164,U001178,order_reward,55,2025-04-17 14:28:55,MOCK0005934
PT00009165,U002079,order_reward,460,2025-02-16 12:48:41,MOCK0001052
PT00009166,U001555,order_reward,426,2025-11-23 06:50:03,MOCK0005789
PT00009167,U001213,order_reward,781,2025-11-19 02:02:51,MOCK0007104
PT00009168,U004398,order_reward,569,2026-03-10 12:50:12,MOCK0004030
PT00009169,U001718,campaign_reward,272,2026-03-31 07:40:47,MOCK0000117
PT00009170,U002000,order_reward,711,2026-06-13 22:45:13,MOCK0001488
PT00009171,U003459,order_reward,484,2025-01-31 21:09:54,MOCK0010191
PT00009172,U000836,order_reward,456,2026-04-04 12:39:19,MOCK0000073
PT00009173,U003890,campaign_reward,119,2025-03-22 05:01:14,MOCK0002652
PT00009174,U000342,order_reward,760,2025-02-14 18:17:23,MOCK0008985
PT00009175,U000773,order_reward,792,2025-06-27 23:40:56,MOCK0005119
PT00009176,U002943,redeem,-157,2025-09-23 09:27:51,MOCK0006626
PT00009177,U000136,redeem,-100,2025-01-27 07:06:01,MOCK0001365
PT00009178,U001229,order_reward,555,2025-08-23 19:29:08,MOCK0005800
PT00009179,U000818,order_reward,225,2025-12-26 10:46:44,MOCK0007768
PT00009180,U004213,redeem,-601,2025-02-23 14:48:29,MOCK0009046
PT00009181,U000106,refund_deduct,-291,2026-06-12 06:54:52,MOCK0010020
PT00009182,U001536,order_reward,147,2025-06-01 11:08:16,MOCK0007462
PT00009183,U003016,order_reward,465,2025-04-03 16:17:57,MOCK0002432
PT00009184,U002745,order_reward,507,2026-01-03 06:05:40,MOCK0003931
PT00009185,U003592,order_reward,461,2025-10-01 05:17:06,MOCK0004526
PT00009186,U003820,order_reward,415,2025-07-20 07:31:21,MOCK0008222
PT00009187,U002452,refund_deduct,-688,2026-07-27 21:31:21,MOCK0006798
PT00009188,U004115,order_reward,660,2025-05-03 23:23:05,MOCK0004946
PT00009189,U002172,redeem,-220,2025-06-18 17:48:37,MOCK0005077
PT00009190,U004768,campaign_reward,342,2025-07-14 21:41:27,MOCK0006581
PT00009191,U003683,order_reward,499,2025-05-26 05:56:11,MOCK0005848
PT00009192,U003038,redeem,-658,2025-08-14 00:51:49,MOCK0006833
PT00009193,U000334,refund_deduct,-123,2026-08-13 12:34:35,MOCK0000815
PT00009194,U000252,campaign_reward,305,2025-05-30 16:06:21,MOCK0011589
PT00009195,U001617,campaign_reward,650,2025-01-24 22:30:41,MOCK0009112
PT00009196,U002388,order_reward,587,2026-01-14 11:35:12,MOCK0006394
PT00009197,U002035,order_reward,524,2025-04-13 20:25:42,MOCK0001521
PT00009198,U000972,order_reward,53,2025-07-03 14:02:26,MOCK0011770
PT00009199,U004801,campaign_reward,664,2025-07-06 02:47:06,MOCK0004363
PT00009200,U000930,order_reward,271,2026-01-11 00:48:32,MOCK0009723
PT00009201,U002268,campaign_reward,422,2026-05-15 03:07:25,MOCK0006064
PT00009202,U001875,order_reward,751,2026-06-24 03:42:56,MOCK0011698
PT00009203,U000788,refund_deduct,-323,2026-08-03 05:47:20,MOCK0000847
PT00009204,U000701,campaign_reward,583,2025-12-01 21:17:46,MOCK0006696
PT00009205,U000931,redeem,-739,2026-01-10 14:15:50,MOCK0007911
PT00009206,U001007,campaign_reward,124,2026-07-11 09:26:46,MOCK0007856
PT00009207,U002642,refund_deduct,-494,2026-01-04 19:31:00,MOCK0010714
PT00009208,U004589,order_reward,295,2025-04-23 14:20:24,MOCK0005264
PT00009209,U002255,campaign_reward,59,2026-07-20 04:50:00,MOCK0009986
PT00009210,U003205,expire,-394,2025-03-10 14:06:41,MOCK0000272
PT00009211,U004444,expire,-675,2026-06-05 01:07:33,MOCK0009899
PT00009212,U004592,order_reward,598,2026-02-13 15:54:35,MOCK0005876
PT00009213,U002608,redeem,-218,2025-01-17 04:18:53,MOCK0010262
PT00009214,U002954,order_reward,692,2026-02-26 20:04:20,MOCK0001483
PT00009215,U001437,order_reward,315,2025-02-04 01:50:21,MOCK0001676
PT00009216,U004850,refund_deduct,-124,2026-08-04 10:12:22,MOCK0001133
PT00009217,U001200,order_reward,732,2025-12-29 17:16:07,MOCK0002565
PT00009218,U003171,redeem,-583,2026-07-12 12:01:07,MOCK0000367
PT00009219,U003513,order_reward,645,2025-08-23 04:27:39,MOCK0006790
PT00009220,U002079,redeem,-171,2026-01-04 01:24:44,MOCK0003840
PT00009221,U001617,redeem,-331,2025-09-21 02:45:13,MOCK0009101
PT00009222,U000659,order_reward,15,2025-05-18 05:14:26,MOCK0003199
PT00009223,U004931,order_reward,687,2026-05-27 23:22:16,MOCK0007743
PT00009224,U001992,expire,-617,2025-06-25 22:17:50,MOCK0001066
PT00009225,U001591,redeem,-542,2025-06-02 04:30:44,MOCK0002704
PT00009226,U004376,campaign_reward,400,2025-05-23 00:46:15,MOCK0006778
PT00009227,U000512,order_reward,760,2025-11-30 12:27:17,MOCK0006849
PT00009228,U000218,order_reward,399,2026-01-01 22:50:05,MOCK0011130
PT00009229,U001730,redeem,-363,2026-07-01 18:45:53,MOCK0007275
PT00009230,U000673,expire,-45,2025-06-16 08:15:59,MOCK0001538
PT00009231,U003342,expire,-532,2026-07-30 14:52:15,MOCK0010315
PT00009232,U002104,campaign_reward,596,2026-04-04 15:56:13,MOCK0001487
PT00009233,U001275,order_reward,584,2025-03-11 06:52:55,MOCK0001993
PT00009234,U002196,order_reward,158,2025-08-08 00:52:00,MOCK0006349
PT00009235,U001588,redeem,-684,2025-02-27 06:00:43,MOCK0010896
PT00009236,U000662,order_reward,502,2025-10-27 07:59:24,MOCK0006405
PT00009237,U002046,order_reward,162,2025-02-03 03:53:10,MOCK0003013
PT00009238,U003829,campaign_reward,271,2025-06-16 22:42:00,MOCK0002039
PT00009239,U004798,redeem,-355,2025-11-16 13:56:23,MOCK0011575
PT00009240,U004125,order_reward,321,2026-06-06 12:28:03,MOCK0002917
PT00009241,U000908,order_reward,788,2026-07-07 17:51:20,MOCK0005224
PT00009242,U002844,campaign_reward,491,2025-08-02 01:37:14,MOCK0002252
PT00009243,U004694,order_reward,230,2026-04-16 10:50:57,MOCK0003679
PT00009244,U000677,refund_deduct,-207,2025-07-13 20:42:06,MOCK0002474
PT00009245,U003985,order_reward,446,2025-10-18 23:07:14,MOCK0002901
PT00009246,U002858,order_reward,552,2025-08-23 22:29:10,MOCK0009547
PT00009247,U003424,campaign_reward,426,2026-07-16 14:47:28,MOCK0000727
PT00009248,U002661,order_reward,445,2025-03-29 02:44:59,MOCK0004378
PT00009249,U002790,campaign_reward,568,2025-12-15 16:57:21,MOCK0001123
PT00009250,U000905,order_reward,301,2025-11-04 02:28:18,MOCK0003097
PT00009251,U003532,campaign_reward,366,2025-07-10 03:34:44,MOCK0000281
PT00009252,U003146,refund_deduct,-210,2026-07-03 04:36:29,MOCK0000685
PT00009253,U000543,expire,-151,2025-09-06 09:37:13,MOCK0005424
PT00009254,U001208,refund_deduct,-34,2026-02-10 06:15:22,MOCK0002753
PT00009255,U002828,refund_deduct,-638,2025-06-11 16:20:34,MOCK0008188
PT00009256,U002570,order_reward,577,2025-03-15 11:31:46,MOCK0003463
PT00009257,U004952,redeem,-750,2025-01-17 04:42:27,MOCK0006114
PT00009258,U004137,refund_deduct,-572,2026-08-09 05:46:29,MOCK0005523
PT00009259,U001898,campaign_reward,341,2025-07-20 09:28:53,MOCK0000093
PT00009260,U002791,campaign_reward,777,2026-02-10 11:37:50,MOCK0000456
PT00009261,U003988,order_reward,563,2025-02-27 03:37:21,MOCK0007433
PT00009262,U002854,order_reward,235,2025-06-29 21:24:50,MOCK0004950
PT00009263,U001263,order_reward,416,2025-01-01 08:57:12,MOCK0006020
PT00009264,U004691,campaign_reward,672,2025-12-01 12:49:08,MOCK0005273
PT00009265,U002554,refund_deduct,-321,2025-12-29 06:53:48,MOCK0010373
PT00009266,U001765,campaign_reward,216,2026-06-28 18:13:03,MOCK0007136
PT00009267,U004876,order_reward,620,2025-05-31 19:24:05,MOCK0000053
PT00009268,U002489,expire,-614,2026-08-15 06:11:22,MOCK0008553
PT00009269,U004350,order_reward,518,2025-08-14 19:58:40,MOCK0005925
PT00009270,U003676,campaign_reward,736,2025-03-27 08:54:58,MOCK0003329
PT00009271,U000854,order_reward,286,2025-03-21 21:42:23,MOCK0001181
PT00009272,U000300,order_reward,67,2025-04-05 02:59:46,MOCK0001235
PT00009273,U001068,order_reward,241,2026-08-15 23:13:07,MOCK0011471
PT00009274,U004658,order_reward,232,2026-01-04 22:21:52,MOCK0003224
PT00009275,U001228,redeem,-674,2025-04-16 15:22:11,MOCK0000360
PT00009276,U000251,redeem,-650,2025-03-31 15:11:18,MOCK0006365
PT00009277,U003648,order_reward,264,2025-04-15 08:15:25,MOCK0011015
PT00009278,U000642,order_reward,222,2025-12-19 02:49:58,MOCK0008683
PT00009279,U004465,campaign_reward,105,2025-06-09 13:55:11,MOCK0005298
PT00009280,U003356,order_reward,41,2026-01-06 04:27:59,MOCK0011251
PT00009281,U004203,refund_deduct,-430,2026-05-10 06:11:16,MOCK0005709
PT00009282,U001380,redeem,-137,2025-11-14 01:00:17,MOCK0007342
PT00009283,U004691,refund_deduct,-96,2026-06-25 14:45:31,MOCK0010809
PT00009284,U004805,order_reward,421,2025-08-18 18:33:11,MOCK0006204
PT00009285,U001362,campaign_reward,540,2026-05-06 21:15:36,MOCK0008748
PT00009286,U004164,redeem,-409,2026-05-23 23:40:54,MOCK0003463
PT00009287,U003159,order_reward,756,2025-03-23 13:39:37,MOCK0004232
PT00009288,U000216,expire,-692,2025-07-30 04:42:52,MOCK0010048
PT00009289,U003629,order_reward,526,2025-02-05 12:55:12,MOCK0008429
PT00009290,U002617,redeem,-300,2025-02-16 04:23:27,MOCK0005381
PT00009291,U001208,redeem,-480,2025-04-17 07:54:26,MOCK0004732
PT00009292,U002976,expire,-82,2026-08-02 14:21:19,MOCK0008275
PT00009293,U000556,order_reward,443,2026-01-24 16:18:37,MOCK0010176
PT00009294,U004503,campaign_reward,357,2025-01-07 10:27:08,MOCK0010753
PT00009295,U001258,order_reward,739,2026-06-28 20:55:49,MOCK0008186
PT00009296,U002431,order_reward,610,2026-05-16 15:03:13,MOCK0010888
PT00009297,U004851,order_reward,673,2025-11-28 02:49:56,MOCK0006221
PT00009298,U000547,order_reward,91,2025-05-23 10:23:56,MOCK0006089
PT00009299,U003841,redeem,-475,2025-11-22 00:24:09,MOCK0000097
PT00009300,U003195,order_reward,178,2025-06-01 07:57:56,MOCK0002190
PT00009301,U002561,refund_deduct,-486,2025-08-11 20:09:07,MOCK0004777
PT00009302,U001625,order_reward,420,2025-12-06 16:10:39,MOCK0001969
PT00009303,U003774,campaign_reward,288,2025-11-12 23:15:24,MOCK0002447
PT00009304,U003587,order_reward,212,2025-11-15 08:49:00,MOCK0010426
PT00009305,U003602,refund_deduct,-705,2025-09-08 03:58:26,MOCK0009105
PT00009306,U003441,redeem,-8,2026-01-31 16:57:48,MOCK0010423
PT00009307,U004850,redeem,-124,2026-05-27 01:28:14,MOCK0007498
PT00009308,U002594,refund_deduct,-509,2025-10-11 04:27:28,MOCK0001878
PT00009309,U002985,order_reward,674,2025-08-31 01:31:04,MOCK0011333
PT00009310,U004052,order_reward,585,2025-11-07 16:24:31,MOCK0000266
PT00009311,U003957,campaign_reward,411,2026-06-11 06:55:58,MOCK0005251
PT00009312,U000243,campaign_reward,545,2025-07-01 12:52:23,MOCK0006783
PT00009313,U003108,redeem,-564,2025-10-04 15:02:40,MOCK0005469
PT00009314,U000747,order_reward,114,2026-01-31 03:30:47,MOCK0002013
PT00009315,U004655,order_reward,96,2026-04-03 18:02:56,MOCK0003023
PT00009316,U003792,expire,-112,2025-10-14 14:39:30,MOCK0002123
PT00009317,U001696,order_reward,42,2026-08-10 15:09:43,MOCK0005771
PT00009318,U002253,order_reward,48,2026-03-07 00:32:48,MOCK0006942
PT00009319,U001841,redeem,-599,2026-01-01 19:07:45,MOCK0008506
PT00009320,U001652,campaign_reward,332,2025-03-28 10:19:58,MOCK0004416
PT00009321,U001714,order_reward,435,2025-09-29 20:55:17,MOCK0010496
PT00009322,U001039,order_reward,595,2025-02-20 06:30:08,MOCK0011397
PT00009323,U001799,order_reward,309,2025-07-13 23:14:25,MOCK0006566
PT00009324,U001729,order_reward,362,2025-08-16 14:28:15,MOCK0002452
PT00009325,U004202,redeem,-732,2025-12-28 03:47:59,MOCK0011810
PT00009326,U001713,order_reward,141,2025-10-05 07:30:09,MOCK0008068
PT00009327,U002313,order_reward,665,2025-01-31 14:50:51,MOCK0003078
PT00009328,U004270,campaign_reward,304,2025-03-13 06:19:13,MOCK0009265
PT00009329,U002747,campaign_reward,558,2026-02-26 23:06:21,MOCK0006298
PT00009330,U002478,order_reward,584,2025-01-11 21:22:44,MOCK0007492
PT00009331,U002483,order_reward,282,2026-07-01 06:36:26,MOCK0003476
PT00009332,U003006,redeem,-491,2025-12-23 10:48:53,MOCK0004676
PT00009333,U003580,order_reward,112,2026-08-15 19:25:44,MOCK0004727
PT00009334,U002390,order_reward,563,2026-06-12 22:35:52,MOCK0009234
PT00009335,U003482,order_reward,639,2025-02-23 11:16:25,MOCK0005329
PT00009336,U001517,order_reward,61,2025-12-09 10:49:50,MOCK0005283
PT00009337,U003626,campaign_reward,114,2026-03-02 13:54:39,MOCK0008327
PT00009338,U000491,refund_deduct,-64,2026-01-01 23:03:33,MOCK0005804
PT00009339,U001059,refund_deduct,-119,2026-03-01 13:41:31,MOCK0003738
PT00009340,U000929,expire,-327,2025-06-20 12:45:15,MOCK0008548
PT00009341,U001856,order_reward,113,2025-10-30 00:14:28,MOCK0008568
PT00009342,U001942,order_reward,621,2025-04-18 07:07:22,MOCK0010738
PT00009343,U003437,redeem,-154,2025-08-08 05:12:12,MOCK0009093
PT00009344,U003976,order_reward,299,2025-09-19 13:32:27,MOCK0001871
PT00009345,U003037,order_reward,562,2025-03-15 10:53:06,MOCK0011443
PT00009346,U002681,campaign_reward,654,2026-01-11 07:20:44,MOCK0010340
PT00009347,U001889,redeem,-445,2025-03-14 01:35:20,MOCK0004166
PT00009348,U001409,order_reward,673,2025-09-02 15:13:11,MOCK0006995
PT00009349,U003790,expire,-8,2026-01-06 16:17:29,MOCK0002126
PT00009350,U004721,order_reward,254,2025-10-31 17:48:24,MOCK0009467
PT00009351,U004028,order_reward,48,2026-07-19 02:28:20,MOCK0002070
PT00009352,U002108,order_reward,43,2025-10-09 13:51:58,MOCK0001148
PT00009353,U002766,campaign_reward,776,2025-03-07 13:01:14,MOCK0000188
PT00009354,U004436,redeem,-88,2026-08-02 13:17:35,MOCK0005009
PT00009355,U001932,order_reward,469,2025-01-05 04:45:56,MOCK0009957
PT00009356,U003257,order_reward,665,2025-10-14 20:28:06,MOCK0010708
PT00009357,U001570,expire,-666,2026-08-03 18:24:01,MOCK0002045
PT00009358,U002111,order_reward,723,2025-07-24 17:08:43,MOCK0008475
PT00009359,U004444,expire,-246,2026-05-28 07:01:20,MOCK0007178
PT00009360,U003886,order_reward,364,2026-04-09 11:57:54,MOCK0008873
PT00009361,U002308,order_reward,652,2025-01-16 05:16:15,MOCK0000759
PT00009362,U003687,order_reward,309,2026-05-13 10:17:17,MOCK0005159
PT00009363,U000237,redeem,-9,2025-04-23 08:01:26,MOCK0011187
PT00009364,U004947,order_reward,502,2025-10-29 05:31:07,MOCK0007373
PT00009365,U004913,order_reward,415,2026-03-23 11:15:42,MOCK0004046
PT00009366,U003365,order_reward,403,2025-09-15 14:14:12,MOCK0000393
PT00009367,U003736,campaign_reward,556,2025-12-21 01:28:38,MOCK0007323
PT00009368,U003324,order_reward,318,2025-08-15 08:17:26,MOCK0011908
PT00009369,U003042,order_reward,513,2026-01-18 05:44:37,MOCK0007544
PT00009370,U002382,campaign_reward,345,2026-04-09 03:17:26,MOCK0002888
PT00009371,U002107,refund_deduct,-56,2026-03-13 18:51:28,MOCK0008458
PT00009372,U001575,order_reward,76,2025-04-02 03:36:01,MOCK0005022
PT00009373,U002770,campaign_reward,26,2026-03-01 13:57:33,MOCK0007466
PT00009374,U000374,order_reward,57,2025-04-19 01:46:18,MOCK0010706
PT00009375,U004963,campaign_reward,267,2026-08-20 14:50:30,MOCK0004724
PT00009376,U003724,order_reward,733,2025-09-01 12:21:25,MOCK0010998
PT00009377,U000223,order_reward,44,2026-06-08 20:33:07,MOCK0003723
PT00009378,U002029,campaign_reward,215,2026-01-30 08:28:30,MOCK0010878
PT00009379,U004684,refund_deduct,-446,2025-08-04 17:40:27,MOCK0007953
PT00009380,U004133,order_reward,525,2026-03-19 03:08:27,MOCK0001677
PT00009381,U000134,order_reward,272,2025-12-11 22:13:15,MOCK0009256
PT00009382,U003428,order_reward,722,2025-02-23 22:17:29,MOCK0008674
PT00009383,U002533,campaign_reward,677,2026-01-29 12:48:05,MOCK0007670
PT00009384,U003646,order_reward,326,2025-06-28 03:02:00,MOCK0001018
PT00009385,U000287,order_reward,632,2025-05-17 03:00:49,MOCK0000346
PT00009386,U001174,order_reward,763,2025-11-28 08:09:30,MOCK0005416
PT00009387,U001689,refund_deduct,-391,2026-08-04 14:21:51,MOCK0009807
PT00009388,U001033,order_reward,671,2025-10-28 14:14:27,MOCK0005940
PT00009389,U000814,refund_deduct,-210,2025-03-12 14:07:24,MOCK0006335
PT00009390,U004850,order_reward,365,2025-05-31 16:01:43,MOCK0005239
PT00009391,U003865,expire,-404,2025-09-13 14:21:42,MOCK0004076
PT00009392,U004079,campaign_reward,181,2025-08-11 10:15:48,MOCK0011052
PT00009393,U002461,refund_deduct,-37,2025-12-19 13:46:23,MOCK0009992
PT00009394,U004953,campaign_reward,346,2026-06-16 09:54:36,MOCK0003450
PT00009395,U004532,order_reward,540,2025-04-11 10:38:49,MOCK0002380
PT00009396,U001766,order_reward,363,2026-04-17 16:07:01,MOCK0005894
PT00009397,U002689,order_reward,112,2025-06-28 06:14:39,MOCK0007994
PT00009398,U001018,order_reward,719,2025-12-15 11:36:27,MOCK0007943
PT00009399,U000525,redeem,-50,2025-01-21 23:11:11,MOCK0004267
PT00009400,U004324,redeem,-338,2025-08-31 02:56:30,MOCK0000449
PT00009401,U004507,order_reward,645,2026-08-20 23:59:30,MOCK0002867
PT00009402,U001948,redeem,-195,2026-01-07 05:20:38,MOCK0008856
PT00009403,U003719,expire,-679,2025-01-14 10:52:15,MOCK0000773
PT00009404,U001610,redeem,-360,2026-03-11 07:43:27,MOCK0000345
PT00009405,U001140,order_reward,544,2025-12-08 07:05:42,MOCK0004159
PT00009406,U004372,order_reward,569,2025-02-27 06:02:12,MOCK0005833
PT00009407,U004416,order_reward,482,2025-12-20 04:26:46,MOCK0004509
PT00009408,U004286,campaign_reward,215,2025-11-15 20:12:09,MOCK0011176
PT00009409,U003108,expire,-530,2025-11-02 10:14:08,MOCK0008936
PT00009410,U002636,order_reward,773,2025-06-17 17:04:04,MOCK0004223
PT00009411,U001406,redeem,-656,2025-05-17 10:57:13,MOCK0008279
PT00009412,U001005,expire,-472,2025-03-18 12:49:40,MOCK0004381
PT00009413,U002280,order_reward,630,2025-08-30 03:14:05,MOCK0011345
PT00009414,U004309,redeem,-434,2025-08-10 07:28:30,MOCK0005149
PT00009415,U004042,campaign_reward,610,2025-08-27 14:08:41,MOCK0006543
PT00009416,U002497,refund_deduct,-56,2025-07-11 02:33:24,MOCK0008271
PT00009417,U002199,order_reward,25,2025-05-11 02:28:00,MOCK0000833
PT00009418,U001211,redeem,-687,2026-05-10 19:08:34,MOCK0011786
PT00009419,U003097,campaign_reward,432,2025-08-19 18:14:51,MOCK0002846
PT00009420,U002058,order_reward,721,2025-09-25 21:50:34,MOCK0002832
PT00009421,U001980,campaign_reward,60,2026-06-14 15:54:20,MOCK0007356
PT00009422,U000165,order_reward,716,2026-06-01 23:14:24,MOCK0007446
PT00009423,U003128,order_reward,84,2025-11-17 08:17:34,MOCK0010080
PT00009424,U000923,redeem,-597,2025-04-06 23:46:28,MOCK0003731
PT00009425,U004588,order_reward,35,2026-07-29 10:47:19,MOCK0003870
PT00009426,U003144,order_reward,122,2026-01-24 15:27:00,MOCK0001542
PT00009427,U004256,campaign_reward,163,2026-07-26 19:50:24,MOCK0010338
PT00009428,U000360,order_reward,580,2026-02-17 10:49:31,MOCK0002522
PT00009429,U001715,campaign_reward,423,2025-07-23 13:37:02,MOCK0010500
PT00009430,U002015,order_reward,144,2026-01-29 07:46:32,MOCK0004209
PT00009431,U002360,campaign_reward,88,2026-03-05 19:37:01,MOCK0009324
PT00009432,U001185,order_reward,189,2026-07-20 00:08:25,MOCK0011290
PT00009433,U001683,campaign_reward,371,2025-11-28 17:48:40,MOCK0010248
PT00009434,U000065,order_reward,257,2025-10-27 05:03:39,MOCK0009611
PT00009435,U004558,order_reward,668,2025-10-23 05:36:14,MOCK0011410
PT00009436,U001339,campaign_reward,701,2026-06-29 04:02:36,MOCK0007827
PT00009437,U001642,campaign_reward,684,2026-04-25 12:57:08,MOCK0003024
PT00009438,U004624,order_reward,87,2026-01-19 18:02:37,MOCK0010745
PT00009439,U002253,order_reward,776,2025-06-11 22:36:25,MOCK0002684
PT00009440,U004524,expire,-8,2026-07-01 09:13:00,MOCK0001383
PT00009441,U003181,order_reward,123,2025-04-29 18:57:41,MOCK0002057
PT00009442,U004414,campaign_reward,553,2025-06-04 04:57:57,MOCK0008208
PT00009443,U000555,order_reward,697,2025-07-07 22:22:02,MOCK0005006
PT00009444,U002658,campaign_reward,723,2026-08-03 03:21:39,MOCK0002951
PT00009445,U001657,refund_deduct,-132,2026-07-10 15:04:52,MOCK0001260
PT00009446,U002089,order_reward,248,2025-08-07 02:39:00,MOCK0005669
PT00009447,U002341,refund_deduct,-469,2025-03-05 20:10:48,MOCK0000945
PT00009448,U001485,expire,-691,2026-04-14 18:36:39,MOCK0008591
PT00009449,U003257,order_reward,194,2026-02-17 14:16:52,MOCK0005153
PT00009450,U002885,redeem,-119,2026-03-02 12:27:17,MOCK0005901
PT00009451,U000068,redeem,-15,2026-02-28 13:37:58,MOCK0002112
PT00009452,U004832,campaign_reward,296,2025-07-06 08:47:41,MOCK0003368
PT00009453,U000668,expire,-221,2026-07-13 23:45:43,MOCK0001204
PT00009454,U001108,expire,-46,2026-05-08 15:27:09,MOCK0009864
PT00009455,U001803,order_reward,24,2025-04-16 12:21:35,MOCK0005142
PT00009456,U002795,refund_deduct,-729,2026-08-09 08:36:49,MOCK0006121
PT00009457,U002908,order_reward,189,2025-06-22 11:06:23,MOCK0010346
PT00009458,U003448,campaign_reward,497,2025-02-20 18:59:43,MOCK0001391
PT00009459,U004401,redeem,-241,2026-05-14 10:33:18,MOCK0005007
PT00009460,U003561,order_reward,266,2025-12-30 17:04:59,MOCK0006091
PT00009461,U000691,order_reward,786,2026-02-19 19:35:35,MOCK0005868
PT00009462,U000467,order_reward,170,2025-06-07 00:01:36,MOCK0009025
PT00009463,U001896,order_reward,275,2025-09-03 04:43:16,MOCK0010782
PT00009464,U002294,order_reward,208,2025-12-23 06:33:19,MOCK0003187
PT00009465,U000555,redeem,-69,2025-05-19 03:45:20,MOCK0007663
PT00009466,U001042,refund_deduct,-334,2026-06-21 01:55:03,MOCK0002947
PT00009467,U000112,order_reward,320,2026-06-19 18:37:28,MOCK0010025
PT00009468,U002206,campaign_reward,559,2025-08-31 06:07:49,MOCK0004617
PT00009469,U004800,redeem,-696,2026-04-28 01:25:55,MOCK0001792
PT00009470,U000048,order_reward,526,2026-08-02 22:22:10,MOCK0008019
PT00009471,U002146,campaign_reward,361,2025-12-05 22:26:48,MOCK0007986
PT00009472,U000114,redeem,-23,2025-05-13 15:16:17,MOCK0001207
PT00009473,U000137,order_reward,267,2025-12-20 12:07:31,MOCK0007657
PT00009474,U004910,expire,-667,2025-05-20 00:52:17,MOCK0001388
PT00009475,U000613,order_reward,513,2026-01-19 14:36:50,MOCK0003113
PT00009476,U001424,order_reward,792,2026-06-30 09:55:44,MOCK0004630
PT00009477,U002810,order_reward,189,2025-02-06 04:24:31,MOCK0004831
PT00009478,U003663,order_reward,715,2026-04-09 01:34:20,MOCK0011883
PT00009479,U002892,order_reward,212,2026-01-04 00:05:56,MOCK0008440
PT00009480,U001793,refund_deduct,-710,2025-04-12 14:04:31,MOCK0011379
PT00009481,U000023,refund_deduct,-590,2025-10-29 20:56:22,MOCK0006988
PT00009482,U000516,expire,-485,2026-07-07 09:55:19,MOCK0011998
PT00009483,U004806,order_reward,613,2025-07-21 23:52:34,MOCK0006601
PT00009484,U001282,order_reward,327,2025-01-22 08:31:24,MOCK0010893
PT00009485,U001642,campaign_reward,695,2026-02-05 00:56:58,MOCK0009734
PT00009486,U004463,order_reward,161,2025-01-01 15:19:58,MOCK0011029
PT00009487,U003291,order_reward,345,2025-07-20 17:25:13,MOCK0003886
PT00009488,U001810,redeem,-137,2026-04-11 00:17:56,MOCK0001905
PT00009489,U003410,redeem,-751,2025-05-25 00:20:10,MOCK0005539
PT00009490,U000731,order_reward,567,2025-07-12 04:13:55,MOCK0005255
PT00009491,U001809,order_reward,557,2025-12-21 19:23:09,MOCK0007614
PT00009492,U003317,redeem,-84,2026-04-04 07:43:50,MOCK0000189
PT00009493,U000650,order_reward,221,2025-12-17 01:08:50,MOCK0006982
PT00009494,U001817,expire,-133,2025-01-22 02:56:26,MOCK0005144
PT00009495,U001360,expire,-494,2026-01-25 13:40:19,MOCK0001712
PT00009496,U002325,redeem,-619,2025-06-04 07:32:43,MOCK0001090
PT00009497,U004328,order_reward,561,2025-10-11 06:45:29,MOCK0009382
PT00009498,U001704,campaign_reward,226,2026-07-24 02:26:54,MOCK0011073
PT00009499,U003695,campaign_reward,9,2026-06-28 10:27:27,MOCK0001497
PT00009500,U001114,order_reward,341,2025-02-27 16:32:08,MOCK0008724
PT00009501,U001556,order_reward,580,2026-08-01 17:12:01,MOCK0005360
PT00009502,U003778,order_reward,247,2026-05-11 15:42:30,MOCK0007646
PT00009503,U002679,order_reward,312,2025-05-21 12:23:57,MOCK0007762
PT00009504,U000137,redeem,-557,2025-10-19 01:30:45,MOCK0001510
PT00009505,U000520,redeem,-207,2026-01-16 19:24:08,MOCK0010298
PT00009506,U001184,order_reward,466,2026-07-02 01:27:52,MOCK0011540
PT00009507,U004679,order_reward,536,2026-04-27 04:59:15,MOCK0003425
PT00009508,U004160,order_reward,94,2025-04-27 08:02:40,MOCK0007609
PT00009509,U002493,redeem,-340,2026-03-20 18:04:44,MOCK0006122
PT00009510,U001968,redeem,-142,2025-11-15 13:33:16,MOCK0000680
PT00009511,U002770,campaign_reward,274,2026-04-16 20:33:55,MOCK0005308
PT00009512,U000117,campaign_reward,240,2026-01-11 15:56:38,MOCK0011962
PT00009513,U000433,order_reward,176,2025-05-07 16:36:47,MOCK0001197
PT00009514,U004354,redeem,-95,2025-01-12 13:39:03,MOCK0010619
PT00009515,U001558,refund_deduct,-40,2026-07-19 21:48:21,MOCK0006522
PT00009516,U003442,redeem,-307,2025-08-14 01:43:02,MOCK0011828
PT00009517,U004459,order_reward,557,2026-04-24 06:42:39,MOCK0005985
PT00009518,U002494,order_reward,175,2025-11-19 21:33:24,MOCK0001080
PT00009519,U004911,order_reward,50,2025-02-03 00:32:27,MOCK0009815
PT00009520,U000408,campaign_reward,773,2025-03-14 12:39:39,MOCK0007842
PT00009521,U000881,order_reward,203,2025-09-16 07:17:29,MOCK0000637
PT00009522,U000558,order_reward,167,2025-05-21 18:35:50,MOCK0003799
PT00009523,U003019,expire,-755,2025-04-02 07:49:30,MOCK0007561
PT00009524,U000665,order_reward,152,2026-05-29 12:29:22,MOCK0005311
PT00009525,U004801,refund_deduct,-249,2026-05-03 23:11:43,MOCK0011451
PT00009526,U003127,order_reward,189,2026-07-26 17:02:08,MOCK0011339
PT00009527,U004509,expire,-269,2026-07-17 00:01:47,MOCK0001037
PT00009528,U001068,campaign_reward,579,2026-01-15 04:30:56,MOCK0002534
PT00009529,U000264,redeem,-763,2026-04-09 17:37:37,MOCK0001627
PT00009530,U004626,order_reward,591,2025-04-05 09:39:16,MOCK0003812
PT00009531,U004433,order_reward,90,2025-04-03 04:10:05,MOCK0009953
PT00009532,U001658,expire,-321,2026-04-04 18:47:18,MOCK0000667
PT00009533,U004606,refund_deduct,-51,2026-08-13 04:39:09,MOCK0007134
PT00009534,U000277,refund_deduct,-287,2026-08-06 22:13:38,MOCK0007054
PT00009535,U000280,order_reward,504,2025-05-08 08:29:43,MOCK0010855
PT00009536,U004667,redeem,-433,2026-02-24 17:41:31,MOCK0000563
PT00009537,U001867,order_reward,580,2025-04-28 00:32:40,MOCK0004295
PT00009538,U004704,expire,-111,2026-06-10 11:29:19,MOCK0008445
PT00009539,U002726,order_reward,213,2025-11-20 22:53:13,MOCK0006736
PT00009540,U000878,order_reward,234,2026-01-10 22:36:29,MOCK0005375
PT00009541,U001612,order_reward,635,2025-04-30 13:32:38,MOCK0010832
PT00009542,U003051,campaign_reward,283,2025-05-27 09:59:05,MOCK0008507
PT00009543,U003195,order_reward,408,2026-03-25 23:57:13,MOCK0002948
PT00009544,U001104,campaign_reward,145,2025-06-21 21:38:05,MOCK0005078
PT00009545,U004220,campaign_reward,608,2025-11-25 04:01:38,MOCK0000577
PT00009546,U000536,redeem,-519,2025-03-14 06:52:30,MOCK0002693
PT00009547,U004658,redeem,-184,2026-04-29 09:44:06,MOCK0004723
PT00009548,U001741,order_reward,331,2026-04-07 07:37:13,MOCK0001323
PT00009549,U001018,expire,-128,2025-07-23 12:03:08,MOCK0002912
PT00009550,U004307,order_reward,406,2026-05-02 15:54:16,MOCK0008900
PT00009551,U002958,order_reward,498,2026-05-17 14:28:16,MOCK0008382
PT00009552,U001378,expire,-180,2025-05-27 15:40:49,MOCK0003800
PT00009553,U004337,order_reward,243,2025-12-29 07:24:02,MOCK0008798
PT00009554,U001103,redeem,-318,2025-04-11 12:10:57,MOCK0000488
PT00009555,U003248,redeem,-27,2026-04-10 01:30:37,MOCK0008082
PT00009556,U004704,order_reward,771,2025-05-13 05:34:34,MOCK0007221
PT00009557,U004205,order_reward,18,2026-07-30 20:31:23,MOCK0004198
PT00009558,U004985,order_reward,760,2026-07-17 22:11:45,MOCK0008775
PT00009559,U004377,redeem,-338,2025-06-29 11:27:41,MOCK0005775
PT00009560,U000152,redeem,-633,2025-04-09 03:10:39,MOCK0005756
PT00009561,U001116,refund_deduct,-696,2025-07-06 22:05:50,MOCK0000209
PT00009562,U001175,expire,-130,2025-05-07 00:36:06,MOCK0002731
PT00009563,U004846,order_reward,19,2025-09-02 01:48:03,MOCK0010079
PT00009564,U000824,order_reward,638,2026-05-13 09:08:16,MOCK0006046
PT00009565,U002225,order_reward,238,2026-03-30 23:54:16,MOCK0008845
PT00009566,U000556,order_reward,496,2025-02-22 06:48:43,MOCK0008005
PT00009567,U001494,campaign_reward,46,2026-02-28 01:46:08,MOCK0009479
PT00009568,U002791,redeem,-503,2025-01-23 18:39:12,MOCK0005145
PT00009569,U003813,order_reward,308,2026-04-29 06:35:32,MOCK0007959
PT00009570,U004483,redeem,-203,2025-07-12 10:48:32,MOCK0002620
PT00009571,U000613,order_reward,333,2025-04-02 16:46:28,MOCK0006937
PT00009572,U004720,refund_deduct,-68,2026-02-12 17:49:30,MOCK0006426
PT00009573,U000358,order_reward,708,2025-11-17 07:48:32,MOCK0000002
PT00009574,U002675,order_reward,223,2025-06-23 11:56:16,MOCK0004344
PT00009575,U002771,expire,-733,2026-07-02 21:43:49,MOCK0002554
PT00009576,U003809,order_reward,312,2026-06-30 05:06:36,MOCK0001484
PT00009577,U000418,redeem,-57,2026-07-26 17:35:44,MOCK0002298
PT00009578,U004746,order_reward,518,2025-02-03 04:52:50,MOCK0006083
PT00009579,U004107,campaign_reward,97,2025-09-08 13:01:21,MOCK0001188
PT00009580,U000655,order_reward,423,2025-04-15 01:33:04,MOCK0010615
PT00009581,U004966,order_reward,11,2025-05-15 10:31:18,MOCK0003242
PT00009582,U000304,order_reward,411,2025-07-17 17:54:29,MOCK0005471
PT00009583,U000047,campaign_reward,219,2025-12-28 11:30:15,MOCK0008716
PT00009584,U004544,order_reward,712,2026-06-04 19:35:11,MOCK0007240
PT00009585,U002695,campaign_reward,253,2026-08-07 10:02:14,MOCK0005676
PT00009586,U002271,refund_deduct,-38,2026-04-07 19:59:41,MOCK0000491
PT00009587,U001412,redeem,-586,2025-01-07 07:42:41,MOCK0004175
PT00009588,U002483,order_reward,618,2025-05-06 03:37:31,MOCK0001472
PT00009589,U000367,order_reward,144,2026-03-25 20:28:29,MOCK0010968
PT00009590,U003677,order_reward,240,2026-05-31 03:34:49,MOCK0000226
PT00009591,U002412,expire,-554,2025-06-29 23:46:56,MOCK0003591
PT00009592,U003396,order_reward,456,2026-04-22 20:39:22,MOCK0002555
PT00009593,U003884,order_reward,665,2026-03-01 11:12:12,MOCK0001950
PT00009594,U004619,order_reward,212,2026-08-19 06:16:38,MOCK0010923
PT00009595,U000576,redeem,-456,2025-06-30 12:38:48,MOCK0000644
PT00009596,U002775,expire,-710,2025-05-17 17:45:28,MOCK0001198
PT00009597,U000919,expire,-604,2025-06-01 15:16:27,MOCK0004055
PT00009598,U002554,order_reward,548,2025-06-24 08:00:09,MOCK0008824
PT00009599,U004652,redeem,-588,2025-10-13 09:34:47,MOCK0011512
PT00009600,U000606,order_reward,632,2026-06-29 08:44:42,MOCK0000123
PT00009601,U001181,campaign_reward,326,2026-04-11 04:13:29,MOCK0005814
PT00009602,U004198,refund_deduct,-740,2026-08-13 11:02:39,MOCK0008343
PT00009603,U001489,expire,-211,2026-02-01 02:15:22,MOCK0005883
PT00009604,U002484,campaign_reward,55,2026-05-25 05:00:02,MOCK0004418
PT00009605,U001287,order_reward,428,2025-10-29 09:48:38,MOCK0008477
PT00009606,U002788,expire,-213,2026-04-09 17:38:02,MOCK0008966
PT00009607,U000168,order_reward,184,2025-08-14 06:19:02,MOCK0007976
PT00009608,U000380,order_reward,267,2026-03-21 18:35:07,MOCK0007005
PT00009609,U001752,expire,-189,2025-05-25 20:22:39,MOCK0003107
PT00009610,U004107,order_reward,212,2025-10-22 04:40:33,MOCK0004325
PT00009611,U001389,order_reward,544,2026-07-18 06:56:03,MOCK0011280
PT00009612,U000613,order_reward,330,2026-06-19 05:01:34,MOCK0009945
PT00009613,U001973,expire,-300,2025-02-16 04:10:23,MOCK0003328
PT00009614,U002734,redeem,-129,2026-04-25 18:22:16,MOCK0000805
PT00009615,U003585,order_reward,274,2025-08-08 20:19:07,MOCK0006792
PT00009616,U001547,order_reward,63,2026-07-27 09:03:53,MOCK0004331
PT00009617,U002054,order_reward,480,2026-04-09 13:06:43,MOCK0010025
PT00009618,U000592,order_reward,590,2025-06-20 06:57:16,MOCK0009270
PT00009619,U001824,order_reward,519,2025-04-25 05:10:36,MOCK0010146
PT00009620,U004142,campaign_reward,413,2026-04-28 03:58:33,MOCK0008391
PT00009621,U004005,redeem,-170,2026-07-29 01:34:03,MOCK0001682
PT00009622,U003800,campaign_reward,655,2026-05-31 05:10:28,MOCK0000197
PT00009623,U004327,order_reward,228,2025-02-27 15:41:28,MOCK0008218
PT00009624,U001228,redeem,-526,2026-06-30 12:21:57,MOCK0001284
PT00009625,U001188,campaign_reward,200,2025-06-05 16:15:34,MOCK0000684
PT00009626,U003240,order_reward,234,2026-07-06 15:42:49,MOCK0010926
PT00009627,U001981,expire,-176,2025-12-14 08:09:38,MOCK0000949
PT00009628,U004594,redeem,-214,2025-04-20 20:43:38,MOCK0009071
PT00009629,U000865,order_reward,616,2026-07-23 17:05:58,MOCK0004716
PT00009630,U001244,redeem,-477,2026-04-04 06:22:41,MOCK0009364
PT00009631,U001319,expire,-98,2026-06-07 12:37:09,MOCK0011347
PT00009632,U002051,redeem,-286,2026-06-03 13:07:45,MOCK0005744
PT00009633,U001729,order_reward,20,2025-12-16 10:12:22,MOCK0006995
PT00009634,U001363,redeem,-762,2025-09-28 05:37:48,MOCK0010838
PT00009635,U001760,order_reward,13,2026-06-16 03:47:49,MOCK0004448
PT00009636,U002801,refund_deduct,-332,2026-08-10 19:48:24,MOCK0005569
PT00009637,U001282,campaign_reward,533,2025-09-14 09:13:36,MOCK0005877
PT00009638,U003942,order_reward,542,2025-04-29 21:31:08,MOCK0007622
PT00009639,U002780,campaign_reward,298,2026-02-15 10:38:32,MOCK0009735
PT00009640,U004753,refund_deduct,-236,2026-01-27 16:11:56,MOCK0011407
PT00009641,U002332,order_reward,785,2026-06-11 15:43:59,MOCK0001319
PT00009642,U003331,order_reward,330,2025-10-11 00:39:45,MOCK0007046
PT00009643,U002830,campaign_reward,88,2025-09-07 08:25:02,MOCK0004848
PT00009644,U000065,campaign_reward,757,2026-03-31 10:46:04,MOCK0000480
PT00009645,U001986,order_reward,90,2026-01-10 19:43:16,MOCK0008601
PT00009646,U004169,order_reward,103,2025-11-29 03:40:50,MOCK0001086
PT00009647,U000532,order_reward,12,2025-01-13 19:20:08,MOCK0008272
PT00009648,U003038,order_reward,798,2025-03-02 22:27:49,MOCK0004669
PT00009649,U003775,expire,-251,2025-04-17 01:43:09,MOCK0002343
PT00009650,U001386,campaign_reward,748,2026-03-14 11:48:51,MOCK0011888
PT00009651,U004538,order_reward,690,2025-09-24 08:42:47,MOCK0009673
PT00009652,U003729,order_reward,135,2025-12-14 04:18:21,MOCK0010411
PT00009653,U003730,order_reward,128,2025-10-05 06:09:23,MOCK0007588
PT00009654,U003076,redeem,-157,2025-09-13 13:59:52,MOCK0004862
PT00009655,U004774,order_reward,732,2025-12-25 17:59:07,MOCK0000418
PT00009656,U004697,redeem,-298,2026-03-24 21:34:23,MOCK0009882
PT00009657,U003782,campaign_reward,451,2025-06-12 02:12:41,MOCK0003578
PT00009658,U004575,order_reward,761,2025-04-15 00:39:49,MOCK0000035
PT00009659,U003447,order_reward,148,2025-06-01 03:07:36,MOCK0009271
PT00009660,U004572,campaign_reward,736,2025-04-26 22:52:41,MOCK0010254
PT00009661,U000930,order_reward,8,2025-05-13 09:58:32,MOCK0000229
PT00009662,U003112,order_reward,101,2025-05-28 02:21:26,MOCK0001143
PT00009663,U002679,redeem,-538,2025-08-28 16:18:07,MOCK0010021
PT00009664,U004114,order_reward,664,2025-12-13 06:50:33,MOCK0001641
PT00009665,U004203,order_reward,9,2025-01-02 16:03:51,MOCK0006747
PT00009666,U001126,order_reward,513,2025-05-02 05:37:10,MOCK0000538
PT00009667,U003471,order_reward,571,2025-02-05 02:43:25,MOCK0009638
PT00009668,U004987,order_reward,752,2025-05-12 07:58:12,MOCK0007800
PT00009669,U000530,campaign_reward,637,2026-03-17 07:49:11,MOCK0009061
PT00009670,U004623,order_reward,663,2025-08-12 16:13:26,MOCK0000076
PT00009671,U001988,campaign_reward,269,2025-08-08 08:30:57,MOCK0010515
PT00009672,U000005,refund_deduct,-664,2025-03-26 20:15:50,MOCK0011684
PT00009673,U001172,expire,-313,2026-01-22 15:36:55,MOCK0004984
PT00009674,U003163,campaign_reward,371,2025-08-03 12:45:16,MOCK0009292
PT00009675,U004070,order_reward,756,2026-04-01 07:44:33,MOCK0011430
PT00009676,U003475,campaign_reward,142,2025-04-29 01:20:33,MOCK0000569
PT00009677,U001857,expire,-686,2026-01-01 06:13:28,MOCK0002244
PT00009678,U003282,order_reward,484,2025-04-04 13:43:52,MOCK0001340
PT00009679,U001918,order_reward,564,2026-01-17 12:47:09,MOCK0007174
PT00009680,U004598,order_reward,175,2026-06-05 01:19:43,MOCK0001762
PT00009681,U002854,order_reward,254,2026-01-17 09:13:44,MOCK0004382
PT00009682,U000558,redeem,-211,2025-08-08 08:50:16,MOCK0009374
PT00009683,U004003,refund_deduct,-230,2025-11-26 11:06:07,MOCK0006028
PT00009684,U003915,refund_deduct,-170,2025-12-27 01:30:30,MOCK0007876
PT00009685,U001597,campaign_reward,116,2026-07-25 06:13:33,MOCK0001457
PT00009686,U000558,refund_deduct,-261,2025-07-23 15:01:39,MOCK0005098
PT00009687,U001541,refund_deduct,-420,2025-01-24 13:10:55,MOCK0009042
PT00009688,U002926,campaign_reward,665,2026-05-29 14:33:21,MOCK0003347
PT00009689,U003473,campaign_reward,257,2026-06-25 14:33:30,MOCK0003356
PT00009690,U000978,order_reward,556,2025-06-02 23:18:48,MOCK0011789
PT00009691,U002086,order_reward,44,2026-04-07 19:18:41,MOCK0005675
PT00009692,U003123,order_reward,338,2026-03-16 06:56:16,MOCK0009892
PT00009693,U000651,campaign_reward,219,2026-07-13 02:02:49,MOCK0003103
PT00009694,U004596,order_reward,60,2026-02-08 02:43:28,MOCK0005110
PT00009695,U002288,order_reward,9,2025-10-19 07:40:26,MOCK0002637
PT00009696,U002673,redeem,-251,2026-03-30 14:42:30,MOCK0011064
PT00009697,U003307,redeem,-506,2026-07-22 04:39:45,MOCK0011539
PT00009698,U001486,redeem,-758,2025-02-26 01:08:12,MOCK0004154
PT00009699,U002295,order_reward,498,2025-12-19 08:13:01,MOCK0000701
PT00009700,U001179,redeem,-750,2026-02-24 23:12:41,MOCK0005250
PT00009701,U000042,order_reward,277,2025-05-04 09:18:43,MOCK0004743
PT00009702,U003591,order_reward,225,2025-03-04 08:19:09,MOCK0010803
PT00009703,U001705,order_reward,504,2025-11-14 05:55:07,MOCK0003119
PT00009704,U001069,order_reward,470,2025-02-22 17:02:31,MOCK0009851
PT00009705,U001909,order_reward,345,2025-11-06 05:33:05,MOCK0010066
PT00009706,U003048,order_reward,637,2026-07-06 06:34:37,MOCK0004811
PT00009707,U003605,redeem,-761,2025-05-26 08:35:40,MOCK0002301
PT00009708,U000243,expire,-446,2025-03-23 08:13:42,MOCK0011756
PT00009709,U004738,order_reward,427,2025-07-07 06:39:32,MOCK0001564
PT00009710,U000819,order_reward,436,2026-01-10 23:13:21,MOCK0009408
PT00009711,U002642,redeem,-373,2026-01-25 18:40:42,MOCK0004433
PT00009712,U002656,expire,-501,2026-06-28 07:18:18,MOCK0004391
PT00009713,U002384,refund_deduct,-570,2026-07-07 23:03:53,MOCK0002039
PT00009714,U003574,order_reward,572,2025-11-25 23:43:15,MOCK0010169
PT00009715,U000277,expire,-492,2026-03-26 22:42:49,MOCK0003835
PT00009716,U001580,order_reward,469,2025-04-05 16:58:07,MOCK0007523
PT00009717,U004088,campaign_reward,657,2025-08-11 02:14:03,MOCK0002311
PT00009718,U000956,order_reward,168,2025-12-16 12:00:01,MOCK0009947
PT00009719,U001918,order_reward,583,2026-05-01 10:20:03,MOCK0006386
PT00009720,U001258,order_reward,338,2025-09-19 07:55:38,MOCK0011418
PT00009721,U002831,redeem,-561,2025-02-26 03:02:44,MOCK0005463
PT00009722,U004521,order_reward,621,2025-04-21 07:01:16,MOCK0009935
PT00009723,U000335,order_reward,274,2026-03-17 14:05:41,MOCK0004583
PT00009724,U001433,order_reward,487,2026-02-25 19:20:36,MOCK0010098
PT00009725,U000713,order_reward,59,2026-05-02 20:42:08,MOCK0000216
PT00009726,U003918,order_reward,118,2025-02-06 13:32:30,MOCK0009517
PT00009727,U004836,order_reward,127,2026-06-19 01:27:22,MOCK0011359
PT00009728,U001990,order_reward,734,2025-06-09 14:41:34,MOCK0009061
PT00009729,U002377,refund_deduct,-142,2025-08-09 12:21:11,MOCK0004669
PT00009730,U000030,campaign_reward,311,2026-06-05 03:33:52,MOCK0011645
PT00009731,U003993,refund_deduct,-689,2025-08-08 03:29:08,MOCK0011104
PT00009732,U003249,redeem,-584,2026-04-02 13:53:10,MOCK0005557
PT00009733,U003129,order_reward,266,2025-09-13 23:21:38,MOCK0006038
PT00009734,U001725,order_reward,275,2025-09-06 03:49:47,MOCK0008500
PT00009735,U003485,campaign_reward,376,2025-04-18 15:37:39,MOCK0002647
PT00009736,U003819,order_reward,91,2026-02-12 12:33:38,MOCK0003628
PT00009737,U002415,campaign_reward,696,2026-03-14 09:08:19,MOCK0011808
PT00009738,U004038,campaign_reward,733,2025-04-30 19:41:30,MOCK0003421
PT00009739,U000852,order_reward,612,2025-06-20 12:49:52,MOCK0011343
PT00009740,U002468,order_reward,745,2025-07-28 13:39:50,MOCK0011880
PT00009741,U003817,order_reward,388,2026-01-03 21:43:31,MOCK0007443
PT00009742,U000860,redeem,-265,2025-02-24 22:28:16,MOCK0000327
PT00009743,U002885,order_reward,46,2025-07-24 07:35:08,MOCK0009177
PT00009744,U001020,redeem,-362,2026-03-04 01:24:49,MOCK0011915
PT00009745,U002461,order_reward,636,2025-05-23 18:32:49,MOCK0001111
PT00009746,U004166,order_reward,513,2026-04-15 22:25:36,MOCK0009915
PT00009747,U001215,campaign_reward,291,2026-02-07 15:51:12,MOCK0008645
PT00009748,U001863,campaign_reward,621,2025-06-13 02:07:25,MOCK0003038
PT00009749,U000954,order_reward,371,2025-10-27 13:47:39,MOCK0009005
PT00009750,U001784,campaign_reward,93,2025-03-10 00:22:49,MOCK0002363
PT00009751,U004009,refund_deduct,-145,2025-11-05 19:24:52,MOCK0006492
PT00009752,U002586,order_reward,787,2025-02-13 18:47:47,MOCK0001453
PT00009753,U003165,campaign_reward,276,2025-02-18 02:32:05,MOCK0005249
PT00009754,U002387,order_reward,276,2025-01-10 16:44:34,MOCK0011292
PT00009755,U001461,order_reward,97,2026-08-19 23:36:34,MOCK0004123
PT00009756,U004634,order_reward,549,2025-12-22 05:53:32,MOCK0003958
PT00009757,U001234,order_reward,256,2025-05-04 15:08:46,MOCK0004959
PT00009758,U001696,order_reward,333,2026-01-19 12:19:28,MOCK0003664
PT00009759,U002565,order_reward,595,2025-06-17 23:58:07,MOCK0010502
PT00009760,U000347,order_reward,500,2026-07-07 03:06:29,MOCK0004681
PT00009761,U003169,campaign_reward,113,2026-01-10 12:21:24,MOCK0000843
PT00009762,U003885,redeem,-688,2025-10-19 03:17:02,MOCK0004856
PT00009763,U001994,campaign_reward,781,2026-04-18 10:52:50,MOCK0006093
PT00009764,U003345,order_reward,621,2026-03-28 14:54:32,MOCK0004376
PT00009765,U003184,order_reward,780,2026-05-25 21:29:22,MOCK0006993
PT00009766,U000103,redeem,-227,2025-05-25 13:59:38,MOCK0003985
PT00009767,U003365,refund_deduct,-307,2025-12-24 14:35:42,MOCK0003668
PT00009768,U002729,refund_deduct,-499,2026-05-07 12:32:40,MOCK0008512
PT00009769,U002770,expire,-359,2025-02-06 10:35:21,MOCK0009617
PT00009770,U001850,order_reward,786,2026-01-19 12:07:39,MOCK0010155
PT00009771,U004468,campaign_reward,25,2025-02-11 15:07:56,MOCK0003930
PT00009772,U004273,refund_deduct,-684,2026-05-04 04:08:02,MOCK0000991
PT00009773,U003025,order_reward,357,2025-08-21 22:53:05,MOCK0005770
PT00009774,U001722,redeem,-637,2025-08-19 22:51:35,MOCK0011077
PT00009775,U002206,order_reward,41,2026-07-09 16:20:46,MOCK0001205
PT00009776,U004101,order_reward,380,2025-12-11 23:37:22,MOCK0011021
PT00009777,U004538,campaign_reward,50,2025-02-18 09:19:37,MOCK0007816
PT00009778,U004463,order_reward,201,2026-07-02 01:49:51,MOCK0011815
PT00009779,U000946,order_reward,88,2025-04-29 18:12:52,MOCK0004323
PT00009780,U003589,order_reward,415,2025-08-26 12:55:02,MOCK0007484
PT00009781,U003516,order_reward,275,2025-04-30 11:07:10,MOCK0001820
PT00009782,U000035,campaign_reward,226,2025-08-18 18:41:09,MOCK0001736
PT00009783,U004937,campaign_reward,346,2025-01-07 14:47:31,MOCK0010126
PT00009784,U003041,refund_deduct,-745,2025-10-10 23:20:14,MOCK0008286
PT00009785,U002215,redeem,-743,2025-08-31 11:57:04,MOCK0000853
PT00009786,U001877,expire,-285,2026-07-09 08:01:22,MOCK0006708
PT00009787,U000335,redeem,-335,2025-07-26 14:23:13,MOCK0005484
PT00009788,U001367,order_reward,434,2026-04-03 20:40:37,MOCK0010252
PT00009789,U004562,campaign_reward,644,2025-09-26 15:58:35,MOCK0008286
PT00009790,U003403,order_reward,659,2025-08-15 22:46:16,MOCK0003592
PT00009791,U004370,refund_deduct,-574,2025-05-09 01:48:15,MOCK0002721
PT00009792,U003003,order_reward,26,2026-02-16 23:15:40,MOCK0010149
PT00009793,U001607,redeem,-398,2025-06-30 06:41:25,MOCK0008870
PT00009794,U001482,refund_deduct,-446,2026-08-08 13:14:22,MOCK0006915
PT00009795,U003274,order_reward,663,2025-10-16 02:45:39,MOCK0009161
PT00009796,U004356,order_reward,352,2026-07-09 06:34:00,MOCK0006602
PT00009797,U003929,expire,-198,2025-02-06 08:52:15,MOCK0011302
PT00009798,U003483,order_reward,167,2026-07-05 03:35:12,MOCK0001767
PT00009799,U002822,order_reward,377,2026-02-24 05:52:12,MOCK0005641
PT00009800,U001243,order_reward,465,2025-01-30 16:41:02,MOCK0005062
PT00009801,U000891,refund_deduct,-713,2026-01-25 19:38:20,MOCK0011223
PT00009802,U003637,order_reward,421,2025-07-01 17:15:33,MOCK0006737
PT00009803,U003990,order_reward,38,2025-11-12 04:42:06,MOCK0000053
PT00009804,U004201,redeem,-659,2026-04-12 09:00:53,MOCK0009285
PT00009805,U004699,redeem,-439,2026-01-30 06:27:08,MOCK0003657
PT00009806,U002420,order_reward,701,2026-03-06 23:56:33,MOCK0004385
PT00009807,U000595,order_reward,747,2026-05-08 03:10:18,MOCK0011026
PT00009808,U001928,order_reward,314,2025-06-04 03:28:38,MOCK0011643
PT00009809,U001605,expire,-392,2025-06-22 08:46:51,MOCK0006675
PT00009810,U002760,order_reward,585,2026-06-17 17:22:33,MOCK0001360
PT00009811,U003561,order_reward,264,2025-06-24 05:08:11,MOCK0000753
PT00009812,U003558,redeem,-745,2026-08-13 06:21:13,MOCK0002826
PT00009813,U002046,refund_deduct,-798,2025-02-09 19:02:56,MOCK0005077
PT00009814,U003079,expire,-290,2026-03-10 08:52:56,MOCK0005373
PT00009815,U000343,redeem,-384,2026-08-09 01:57:20,MOCK0008840
PT00009816,U004030,campaign_reward,173,2025-10-23 03:32:16,MOCK0004030
PT00009817,U002530,redeem,-551,2026-04-23 17:46:42,MOCK0010963
PT00009818,U001585,redeem,-214,2025-06-20 10:34:18,MOCK0009414
PT00009819,U004222,expire,-636,2026-07-15 18:18:35,MOCK0002086
PT00009820,U001238,order_reward,593,2026-01-15 10:16:16,MOCK0001830
PT00009821,U001751,refund_deduct,-765,2026-01-04 20:06:12,MOCK0009527
PT00009822,U003604,order_reward,83,2025-11-12 22:00:03,MOCK0003548
PT00009823,U002836,order_reward,404,2025-03-21 08:08:35,MOCK0011236
PT00009824,U004609,order_reward,712,2025-01-20 23:05:40,MOCK0006481
PT00009825,U000887,campaign_reward,459,2025-10-04 06:27:56,MOCK0008160
PT00009826,U004353,refund_deduct,-398,2025-07-02 17:53:41,MOCK0006482
PT00009827,U000659,order_reward,754,2025-05-14 21:55:14,MOCK0009253
PT00009828,U004005,redeem,-98,2026-01-07 10:44:25,MOCK0001463
PT00009829,U000979,order_reward,404,2025-05-25 12:14:20,MOCK0011702
PT00009830,U002824,order_reward,788,2026-03-15 21:19:55,MOCK0007923
PT00009831,U000011,expire,-430,2025-05-20 23:31:18,MOCK0009566
PT00009832,U003546,campaign_reward,397,2026-01-08 08:09:49,MOCK0007301
PT00009833,U004605,redeem,-85,2025-12-23 12:45:58,MOCK0005715
PT00009834,U000944,expire,-335,2025-08-11 22:11:19,MOCK0000669
PT00009835,U004902,campaign_reward,396,2025-05-18 15:07:08,MOCK0001736
PT00009836,U000189,redeem,-134,2026-07-02 08:49:37,MOCK0002479
PT00009837,U000372,order_reward,435,2026-02-01 19:20:42,MOCK0011412
PT00009838,U003832,order_reward,155,2026-01-26 13:51:15,MOCK0010643
PT00009839,U001285,expire,-543,2026-01-25 18:42:23,MOCK0002814
PT00009840,U004996,redeem,-380,2026-08-03 02:52:10,MOCK0011623
PT00009841,U000914,redeem,-484,2025-09-11 18:31:07,MOCK0008331
PT00009842,U003406,redeem,-363,2025-06-16 05:07:26,MOCK0005787
PT00009843,U003710,order_reward,673,2025-06-11 05:46:57,MOCK0006164
PT00009844,U001478,redeem,-299,2025-05-11 19:40:48,MOCK0007388
PT00009845,U000663,campaign_reward,769,2025-06-16 23:49:57,MOCK0002871
PT00009846,U002271,order_reward,653,2025-12-11 18:05:35,MOCK0004955
PT00009847,U003927,campaign_reward,400,2026-08-08 16:14:34,MOCK0011112
PT00009848,U002046,order_reward,465,2026-05-16 01:15:07,MOCK0008202
PT00009849,U000751,order_reward,627,2025-01-16 22:17:54,MOCK0005149
PT00009850,U002326,refund_deduct,-526,2025-05-04 07:41:05,MOCK0006495
PT00009851,U001553,order_reward,64,2026-03-11 03:46:54,MOCK0003650
PT00009852,U000333,refund_deduct,-407,2026-07-30 00:30:51,MOCK0001980
PT00009853,U003968,order_reward,90,2025-12-06 07:18:50,MOCK0009937
PT00009854,U000488,order_reward,781,2025-08-05 04:07:01,MOCK0000008
PT00009855,U004852,campaign_reward,560,2025-09-03 13:36:34,MOCK0009122
PT00009856,U003435,order_reward,464,2025-06-06 01:52:30,MOCK0005727
PT00009857,U003259,redeem,-306,2025-03-01 11:28:40,MOCK0002130
PT00009858,U001707,order_reward,478,2026-04-23 10:17:36,MOCK0011372
PT00009859,U003104,order_reward,627,2025-04-06 17:23:11,MOCK0003730
PT00009860,U004257,order_reward,116,2026-08-02 14:28:51,MOCK0003883
PT00009861,U001078,order_reward,318,2025-01-30 02:17:29,MOCK0009620
PT00009862,U000788,order_reward,418,2025-07-30 05:21:55,MOCK0005928
PT00009863,U002187,redeem,-798,2025-06-21 05:54:07,MOCK0011557
PT00009864,U000543,campaign_reward,525,2026-06-16 08:58:15,MOCK0010421
PT00009865,U001382,redeem,-125,2025-05-29 03:30:07,MOCK0008387
PT00009866,U001578,order_reward,528,2025-08-31 13:37:35,MOCK0000540
PT00009867,U001133,order_reward,145,2025-01-09 16:49:03,MOCK0004857
PT00009868,U002400,campaign_reward,622,2025-07-24 02:35:29,MOCK0001610
PT00009869,U001083,campaign_reward,748,2026-07-24 15:47:45,MOCK0005604
PT00009870,U002965,redeem,-128,2025-05-13 19:26:52,MOCK0007234
PT00009871,U002466,campaign_reward,491,2026-07-31 00:17:14,MOCK0002185
PT00009872,U003133,redeem,-88,2026-07-22 01:29:43,MOCK0004244
PT00009873,U000844,order_reward,524,2026-04-04 19:38:37,MOCK0001788
PT00009874,U002395,order_reward,152,2026-01-16 22:59:29,MOCK0006043
PT00009875,U004235,order_reward,745,2026-07-25 17:22:00,MOCK0004521
PT00009876,U003915,order_reward,738,2026-03-11 18:02:25,MOCK0010401
PT00009877,U003035,redeem,-219,2026-03-29 12:02:36,MOCK0010678
PT00009878,U003363,campaign_reward,187,2025-08-16 16:58:40,MOCK0006837
PT00009879,U001621,redeem,-62,2025-05-01 03:05:23,MOCK0000084
PT00009880,U000903,order_reward,217,2025-11-25 14:46:20,MOCK0002765
PT00009881,U004661,expire,-792,2026-05-16 09:43:49,MOCK0009183
PT00009882,U001034,order_reward,351,2025-01-31 19:15:04,MOCK0000306
PT00009883,U000291,expire,-146,2025-11-12 20:26:32,MOCK0004210
PT00009884,U001113,order_reward,800,2025-04-01 05:11:43,MOCK0011802
PT00009885,U003119,campaign_reward,452,2025-01-07 22:20:44,MOCK0011742
PT00009886,U002969,order_reward,402,2026-07-21 01:27:07,MOCK0006896
PT00009887,U004587,redeem,-53,2026-08-05 04:44:22,MOCK0011807
PT00009888,U002619,order_reward,27,2025-10-12 16:43:10,MOCK0009323
PT00009889,U000895,expire,-59,2025-07-18 02:22:45,MOCK0006802
PT00009890,U004107,campaign_reward,280,2026-01-12 16:33:07,MOCK0006804
PT00009891,U000339,campaign_reward,704,2025-06-06 10:40:53,MOCK0007112
PT00009892,U000349,campaign_reward,619,2025-04-28 13:36:25,MOCK0008897
PT00009893,U000813,campaign_reward,755,2026-04-27 13:49:42,MOCK0000158
PT00009894,U001706,order_reward,127,2026-07-26 22:33:57,MOCK0001188
PT00009895,U004507,campaign_reward,748,2026-06-11 00:09:13,MOCK0000123
PT00009896,U002096,campaign_reward,151,2026-07-09 06:27:52,MOCK0001220
PT00009897,U001856,order_reward,112,2026-07-28 15:10:50,MOCK0002761
PT00009898,U001114,refund_deduct,-238,2025-06-25 22:08:59,MOCK0006862
PT00009899,U000696,order_reward,527,2025-09-22 14:26:16,MOCK0006980
PT00009900,U003916,campaign_reward,608,2026-01-06 20:48:49,MOCK0002556
PT00009901,U000942,refund_deduct,-787,2025-11-20 01:37:57,MOCK0006528
PT00009902,U004335,redeem,-790,2025-11-23 18:07:18,MOCK0004005
PT00009903,U003593,order_reward,196,2025-09-13 15:53:03,MOCK0001816
PT00009904,U001035,order_reward,377,2025-09-27 16:26:49,MOCK0009112
PT00009905,U004276,redeem,-5,2025-03-26 07:45:30,MOCK0001416
PT00009906,U001220,order_reward,212,2026-07-08 00:15:39,MOCK0004305
PT00009907,U000566,redeem,-125,2025-03-16 04:47:01,MOCK0001365
PT00009908,U004125,campaign_reward,83,2025-01-24 13:17:25,MOCK0006916
PT00009909,U004736,order_reward,785,2026-02-08 05:31:10,MOCK0002550
PT00009910,U001563,redeem,-454,2025-11-24 20:30:23,MOCK0009498
PT00009911,U000659,order_reward,540,2026-07-23 01:17:55,MOCK0009411
PT00009912,U002309,order_reward,585,2025-10-02 21:48:01,MOCK0001843
PT00009913,U000109,campaign_reward,556,2026-03-13 09:47:04,MOCK0009301
PT00009914,U001219,order_reward,219,2026-08-13 21:45:47,MOCK0005601
PT00009915,U001662,redeem,-407,2025-07-27 10:07:35,MOCK0011242
PT00009916,U001292,order_reward,412,2025-07-04 01:50:26,MOCK0008805
PT00009917,U002558,order_reward,552,2025-08-26 21:33:52,MOCK0000720
PT00009918,U004663,order_reward,129,2026-06-04 09:09:32,MOCK0008437
PT00009919,U003082,campaign_reward,738,2026-03-30 14:09:51,MOCK0009171
PT00009920,U002783,order_reward,607,2026-03-29 10:55:15,MOCK0009385
PT00009921,U001191,order_reward,557,2025-10-21 18:53:44,MOCK0010347
PT00009922,U002611,order_reward,177,2025-10-23 12:20:49,MOCK0007962
PT00009923,U002892,order_reward,16,2025-11-29 15:45:30,MOCK0002250
PT00009924,U001909,refund_deduct,-349,2025-10-07 18:17:28,MOCK0008182
PT00009925,U002366,order_reward,413,2026-05-19 00:54:47,MOCK0003838
PT00009926,U002652,expire,-547,2026-08-03 21:04:27,MOCK0005252
PT00009927,U003019,order_reward,335,2026-08-19 19:08:29,MOCK0007850
PT00009928,U001717,expire,-87,2026-08-14 06:19:17,MOCK0001133
PT00009929,U004552,order_reward,138,2025-11-20 18:53:35,MOCK0010215
PT00009930,U000005,redeem,-666,2025-12-09 00:55:31,MOCK0003040
PT00009931,U003992,campaign_reward,357,2025-02-03 00:50:28,MOCK0000633
PT00009932,U002051,redeem,-658,2025-03-31 18:10:01,MOCK0009146
PT00009933,U000175,redeem,-461,2026-01-19 21:15:04,MOCK0000456
PT00009934,U000814,redeem,-427,2025-08-16 10:30:20,MOCK0002248
PT00009935,U000752,order_reward,760,2025-02-07 19:46:13,MOCK0005603
PT00009936,U004089,redeem,-29,2026-04-09 15:07:13,MOCK0011267
PT00009937,U002661,order_reward,633,2026-07-07 00:24:41,MOCK0008446
PT00009938,U000697,expire,-614,2026-02-06 09:14:33,MOCK0005148
PT00009939,U002248,order_reward,29,2025-08-04 12:01:44,MOCK0004877
PT00009940,U002661,order_reward,115,2026-03-21 02:01:23,MOCK0008675
PT00009941,U003913,expire,-531,2026-06-17 03:42:42,MOCK0005852
PT00009942,U001541,redeem,-231,2025-12-23 09:01:13,MOCK0009389
PT00009943,U002145,redeem,-382,2026-08-09 10:28:18,MOCK0008647
PT00009944,U002632,redeem,-553,2026-08-20 21:40:24,MOCK0004061
PT00009945,U001286,order_reward,327,2026-06-01 06:00:42,MOCK0009372
PT00009946,U002526,order_reward,328,2026-04-28 03:20:56,MOCK0003807
PT00009947,U001076,redeem,-348,2025-03-14 16:07:05,MOCK0002794
PT00009948,U000424,order_reward,53,2026-08-11 13:38:09,MOCK0011741
PT00009949,U003776,expire,-663,2025-09-24 14:42:27,MOCK0009469
PT00009950,U001046,campaign_reward,511,2025-10-18 11:21:30,MOCK0005038
PT00009951,U001887,order_reward,684,2025-03-12 14:50:06,MOCK0002378
PT00009952,U001551,order_reward,380,2025-05-06 10:26:24,MOCK0010669
PT00009953,U001360,order_reward,638,2025-12-01 01:15:53,MOCK0002478
PT00009954,U002365,refund_deduct,-459,2026-01-03 03:06:14,MOCK0006271
PT00009955,U000075,redeem,-486,2025-08-13 03:35:44,MOCK0002683
PT00009956,U001535,order_reward,674,2025-05-04 08:59:37,MOCK0007822
PT00009957,U001065,redeem,-644,2025-04-17 00:56:07,MOCK0006839
PT00009958,U003000,campaign_reward,634,2026-01-07 04:45:15,MOCK0005892
PT00009959,U004728,refund_deduct,-524,2025-09-09 13:58:19,MOCK0007912
PT00009960,U003711,order_reward,271,2026-05-25 19:20:03,MOCK0008251
PT00009961,U000615,redeem,-657,2026-04-19 15:31:33,MOCK0003178
PT00009962,U002952,order_reward,675,2025-03-12 20:34:32,MOCK0002538
PT00009963,U002165,order_reward,741,2025-05-24 17:30:45,MOCK0000068
PT00009964,U004560,refund_deduct,-36,2025-01-05 03:46:53,MOCK0003938
PT00009965,U001528,order_reward,212,2025-03-22 14:57:42,MOCK0005283
PT00009966,U000107,order_reward,627,2025-08-20 09:23:26,MOCK0000774
PT00009967,U002591,expire,-412,2025-06-30 15:42:21,MOCK0010029
PT00009968,U002432,expire,-574,2025-05-24 19:42:55,MOCK0008994
PT00009969,U000456,campaign_reward,228,2026-04-11 17:49:09,MOCK0010425
PT00009970,U003225,order_reward,790,2025-06-11 15:33:27,MOCK0007146
PT00009971,U002455,order_reward,60,2026-04-12 00:08:28,MOCK0002143
PT00009972,U002397,order_reward,528,2025-10-28 15:38:58,MOCK0000611
PT00009973,U000208,redeem,-226,2026-08-02 20:20:43,MOCK0000676
PT00009974,U001606,order_reward,700,2025-07-02 05:18:32,MOCK0003173
PT00009975,U002795,order_reward,35,2026-05-24 17:38:13,MOCK0002324
PT00009976,U003873,refund_deduct,-362,2025-07-30 02:51:47,MOCK0002525
PT00009977,U003898,order_reward,342,2025-08-15 12:36:43,MOCK0004272
PT00009978,U002982,order_reward,319,2026-07-08 19:09:07,MOCK0011452
PT00009979,U000928,campaign_reward,24,2025-04-27 15:06:10,MOCK0005813
PT00009980,U000267,order_reward,164,2025-05-04 00:10:31,MOCK0005640
PT00009981,U000676,order_reward,350,2026-01-25 04:09:02,MOCK0005373
PT00009982,U001873,order_reward,93,2026-03-16 21:44:09,MOCK0006999
PT00009983,U001943,order_reward,217,2025-04-10 05:49:15,MOCK0003931
PT00009984,U001190,refund_deduct,-539,2025-02-12 13:54:48,MOCK0009884
PT00009985,U000577,refund_deduct,-93,2026-03-08 13:48:13,MOCK0002702
PT00009986,U000952,order_reward,469,2025-03-21 04:15:30,MOCK0011646
PT00009987,U000118,expire,-228,2025-09-02 12:49:07,MOCK0004346
PT00009988,U003911,campaign_reward,773,2026-04-27 14:09:02,MOCK0001548
PT00009989,U002581,redeem,-765,2026-03-21 08:12:06,MOCK0004077
PT00009990,U004035,expire,-270,2025-10-31 14:11:53,MOCK0004559
PT00009991,U002286,redeem,-44,2025-09-20 18:52:35,MOCK0006025
PT00009992,U001997,order_reward,719,2025-05-05 13:22:15,MOCK0000946
PT00009993,U004660,order_reward,331,2026-06-27 00:41:25,MOCK0004602
PT00009994,U003857,expire,-206,2025-10-28 02:23:31,MOCK0001227
PT00009995,U000125,refund_deduct,-318,2025-03-30 05:41:22,MOCK0010285
PT00009996,U001960,order_reward,552,2025-12-30 17:58:42,MOCK0000921
PT00009997,U004851,redeem,-45,2026-03-16 20:36:39,MOCK0011736
PT00009998,U001595,campaign_reward,97,2025-07-02 12:42:17,MOCK0010142
PT00009999,U004759,order_reward,473,2025-06-24 00:09:47,MOCK0008445
PT00010000,U002790,order_reward,561,2026-01-30 14:59:32,MOCK0011843
PT00010001,U002866,campaign_reward,573,2025-01-12 23:10:37,MOCK0004848
PT00010002,U002815,redeem,-703,2025-08-25 12:37:31,MOCK0008411
PT00010003,U000799,expire,-21,2025-09-04 08:31:36,MOCK0008969
PT00010004,U000765,order_reward,469,2026-03-02 22:17:25,MOCK0010391
PT00010005,U001573,order_reward,315,2026-01-16 17:28:35,MOCK0000407
PT00010006,U001691,campaign_reward,344,2025-02-18 00:23:19,MOCK0005858
PT00010007,U001363,order_reward,27,2025-09-07 17:45:01,MOCK0011321
PT00010008,U002970,order_reward,102,2025-04-30 19:49:33,MOCK0011433
PT00010009,U004874,redeem,-756,2026-02-08 08:51:09,MOCK0006221
PT00010010,U000603,expire,-290,2025-11-07 12:50:17,MOCK0003761
PT00010011,U000770,order_reward,109,2025-06-23 22:33:50,MOCK0001027
PT00010012,U001863,order_reward,187,2025-01-15 21:18:32,MOCK0005353
PT00010013,U002383,refund_deduct,-427,2026-08-06 07:54:22,MOCK0006531
PT00010014,U001253,redeem,-108,2025-11-06 16:32:39,MOCK0001115
PT00010015,U000884,campaign_reward,639,2025-10-01 22:25:53,MOCK0004267
PT00010016,U003233,order_reward,37,2025-12-27 01:46:12,MOCK0006107
PT00010017,U000545,order_reward,295,2025-11-17 21:41:21,MOCK0003762
PT00010018,U000819,redeem,-474,2025-07-08 05:10:52,MOCK0003078
PT00010019,U001110,order_reward,657,2025-05-18 02:26:24,MOCK0009712
PT00010020,U003865,order_reward,330,2026-07-08 00:06:59,MOCK0008402
PT00010021,U001060,redeem,-383,2026-02-15 12:54:12,MOCK0007249
PT00010022,U004132,order_reward,200,2025-09-26 15:19:25,MOCK0001519
PT00010023,U003345,campaign_reward,280,2025-01-18 17:03:01,MOCK0002672
PT00010024,U002176,order_reward,268,2026-07-21 00:48:38,MOCK0002013
PT00010025,U000451,redeem,-245,2026-06-04 02:11:16,MOCK0002510
PT00010026,U001192,order_reward,63,2026-05-02 16:16:51,MOCK0006089
PT00010027,U001344,order_reward,446,2025-09-05 07:39:20,MOCK0006103
PT00010028,U002662,expire,-464,2026-01-31 01:56:03,MOCK0008986
PT00010029,U004650,order_reward,197,2026-08-01 00:16:24,MOCK0005987
PT00010030,U004644,order_reward,742,2025-07-24 22:13:12,MOCK0000621
PT00010031,U003603,campaign_reward,640,2026-06-30 20:05:44,MOCK0010647
PT00010032,U002191,order_reward,677,2025-09-11 13:28:21,MOCK0007666
PT00010033,U004835,order_reward,99,2026-04-17 20:01:11,MOCK0002429
PT00010034,U000213,order_reward,254,2025-04-21 16:28:50,MOCK0008714
PT00010035,U001519,redeem,-6,2026-02-04 22:54:47,MOCK0005727
PT00010036,U004239,refund_deduct,-98,2026-01-17 22:43:50,MOCK0009100
PT00010037,U002975,order_reward,761,2025-06-14 01:14:41,MOCK0002714
PT00010038,U004199,order_reward,745,2025-09-30 13:02:33,MOCK0004471
PT00010039,U003432,campaign_reward,431,2025-12-11 06:54:35,MOCK0005485
PT00010040,U004012,order_reward,277,2025-06-28 21:05:12,MOCK0006530
PT00010041,U001112,campaign_reward,531,2025-03-20 15:48:38,MOCK0000588
PT00010042,U000727,order_reward,759,2025-10-31 08:40:44,MOCK0010839
PT00010043,U001456,order_reward,201,2026-03-12 12:40:29,MOCK0005427
PT00010044,U003005,redeem,-259,2026-07-10 17:14:57,MOCK0002119
PT00010045,U000921,order_reward,770,2025-03-07 00:06:30,MOCK0008601
PT00010046,U000067,order_reward,12,2025-06-30 16:57:22,MOCK0010261
PT00010047,U004426,campaign_reward,135,2025-07-31 12:50:24,MOCK0001484
PT00010048,U002254,order_reward,333,2025-07-17 01:57:55,MOCK0010807
PT00010049,U001413,order_reward,269,2026-07-10 09:38:35,MOCK0001418
PT00010050,U004212,order_reward,150,2026-07-26 13:22:26,MOCK0004243
PT00010051,U003145,order_reward,457,2025-04-01 02:54:59,MOCK0004064
PT00010052,U004198,order_reward,421,2025-02-18 17:37:49,MOCK0007342
PT00010053,U000298,expire,-395,2025-04-28 07:47:07,MOCK0000944
PT00010054,U001238,order_reward,182,2026-01-27 03:45:56,MOCK0002835
PT00010055,U002693,campaign_reward,604,2025-07-19 06:43:53,MOCK0006022
PT00010056,U000565,order_reward,250,2026-07-01 23:55:10,MOCK0008170
PT00010057,U000954,campaign_reward,101,2025-08-27 13:04:41,MOCK0002538
PT00010058,U003212,redeem,-494,2026-01-14 14:00:59,MOCK0003821
PT00010059,U001069,order_reward,195,2025-04-27 17:13:15,MOCK0004378
PT00010060,U001827,order_reward,198,2026-05-27 22:01:18,MOCK0006889
PT00010061,U003702,campaign_reward,81,2025-03-25 02:34:18,MOCK0010066
PT00010062,U000155,order_reward,798,2025-05-21 10:23:34,MOCK0004398
PT00010063,U001666,campaign_reward,644,2026-07-13 06:16:25,MOCK0006282
PT00010064,U001678,redeem,-268,2026-08-20 08:22:50,MOCK0003931
PT00010065,U003963,redeem,-226,2026-07-16 06:14:34,MOCK0002286
PT00010066,U002015,order_reward,559,2025-02-18 04:06:36,MOCK0007640
PT00010067,U000615,refund_deduct,-297,2025-05-31 12:03:02,MOCK0011288
PT00010068,U002612,order_reward,40,2025-07-17 15:38:35,MOCK0004531
PT00010069,U000032,order_reward,614,2026-06-29 13:16:06,MOCK0002639
PT00010070,U001416,redeem,-446,2026-06-16 08:12:37,MOCK0005721
PT00010071,U002024,order_reward,576,2026-06-06 10:27:34,MOCK0003268
PT00010072,U002344,refund_deduct,-359,2025-05-22 20:55:57,MOCK0003872
PT00010073,U003665,order_reward,686,2025-12-04 14:28:05,MOCK0006584
PT00010074,U002432,campaign_reward,758,2025-01-15 04:54:52,MOCK0011665
PT00010075,U001271,refund_deduct,-718,2026-07-06 02:58:21,MOCK0003648
PT00010076,U003790,order_reward,190,2025-10-09 17:34:47,MOCK0001738
PT00010077,U001243,order_reward,157,2025-04-11 01:33:03,MOCK0002728
PT00010078,U000847,campaign_reward,755,2025-07-08 05:36:03,MOCK0002330
PT00010079,U003167,order_reward,259,2025-08-13 03:46:04,MOCK0005720
PT00010080,U003520,campaign_reward,744,2025-07-14 09:19:16,MOCK0005478
PT00010081,U001725,refund_deduct,-613,2026-05-29 00:08:01,MOCK0000567
PT00010082,U000570,order_reward,788,2026-05-30 13:44:46,MOCK0011847
PT00010083,U003558,order_reward,288,2025-11-02 14:00:45,MOCK0004556
PT00010084,U000597,order_reward,390,2025-05-21 23:31:56,MOCK0009464
PT00010085,U001117,order_reward,642,2025-09-17 07:49:51,MOCK0005902
PT00010086,U001949,campaign_reward,394,2026-04-27 19:51:29,MOCK0003458
PT00010087,U000179,campaign_reward,103,2025-01-09 21:39:07,MOCK0000289
PT00010088,U003143,campaign_reward,686,2025-04-19 12:38:33,MOCK0000600
PT00010089,U004709,order_reward,450,2025-08-20 10:13:16,MOCK0008746
PT00010090,U004080,refund_deduct,-787,2025-08-21 14:22:45,MOCK0003055
PT00010091,U002892,expire,-279,2025-06-20 22:02:46,MOCK0007924
PT00010092,U004925,expire,-388,2025-08-29 17:29:10,MOCK0005515
PT00010093,U000162,order_reward,174,2025-02-19 17:58:05,MOCK0009170
PT00010094,U001657,campaign_reward,70,2025-10-14 04:38:33,MOCK0007061
PT00010095,U000859,order_reward,561,2025-07-05 23:50:28,MOCK0010496
PT00010096,U003348,order_reward,617,2025-12-28 15:17:46,MOCK0003388
PT00010097,U004155,order_reward,465,2026-05-11 17:13:42,MOCK0001324
PT00010098,U004657,campaign_reward,113,2025-04-11 14:06:16,MOCK0011972
PT00010099,U000838,redeem,-670,2025-10-31 03:05:16,MOCK0010259
PT00010100,U000755,refund_deduct,-341,2025-02-15 01:20:29,MOCK0011588
PT00010101,U000572,order_reward,122,2025-09-01 02:35:05,MOCK0007417
PT00010102,U001575,refund_deduct,-354,2026-07-05 08:25:16,MOCK0001028
PT00010103,U004907,order_reward,591,2026-01-10 10:21:26,MOCK0002408
PT00010104,U003642,campaign_reward,691,2025-05-23 03:43:46,MOCK0005258
PT00010105,U000239,expire,-533,2025-10-04 14:06:14,MOCK0002382
PT00010106,U002530,order_reward,333,2025-04-20 21:35:58,MOCK0001472
PT00010107,U001055,redeem,-341,2026-04-11 05:00:00,MOCK0001043
PT00010108,U004269,campaign_reward,266,2025-09-27 19:14:24,MOCK0010748
PT00010109,U000621,campaign_reward,251,2025-07-08 16:18:29,MOCK0006436
PT00010110,U001954,order_reward,370,2025-06-11 05:42:32,MOCK0000914
PT00010111,U004701,campaign_reward,161,2026-02-22 11:16:10,MOCK0001909
PT00010112,U002176,campaign_reward,671,2025-05-23 20:09:04,MOCK0008189
PT00010113,U004252,redeem,-448,2025-04-12 18:49:17,MOCK0009728
PT00010114,U000088,order_reward,708,2025-01-14 00:26:34,MOCK0005618
PT00010115,U002005,order_reward,674,2026-06-15 12:17:08,MOCK0011101
PT00010116,U000030,redeem,-276,2025-05-15 00:32:12,MOCK0000687
PT00010117,U000718,order_reward,603,2025-03-05 02:46:55,MOCK0008007
PT00010118,U002966,order_reward,414,2025-11-23 02:57:19,MOCK0011891
PT00010119,U004451,order_reward,791,2025-09-18 14:01:59,MOCK0007574
PT00010120,U002473,campaign_reward,53,2026-08-01 07:55:55,MOCK0000291
PT00010121,U004709,campaign_reward,641,2025-03-23 03:24:41,MOCK0002313
PT00010122,U001066,campaign_reward,674,2025-02-06 13:16:28,MOCK0008466
PT00010123,U002810,refund_deduct,-381,2026-02-28 17:47:16,MOCK0011363
PT00010124,U001446,order_reward,375,2025-04-08 22:18:33,MOCK0002241
PT00010125,U001004,campaign_reward,768,2025-05-02 18:29:48,MOCK0002033
PT00010126,U003587,order_reward,327,2026-07-21 10:25:10,MOCK0007990
PT00010127,U002151,order_reward,706,2025-06-06 03:02:22,MOCK0011312
PT00010128,U004050,refund_deduct,-473,2025-07-03 23:53:12,MOCK0003201
PT00010129,U003428,order_reward,392,2026-04-13 05:46:39,MOCK0011422
PT00010130,U001750,redeem,-453,2025-02-01 02:52:20,MOCK0010085
PT00010131,U002263,campaign_reward,707,2026-06-30 10:20:11,MOCK0007727
PT00010132,U004553,expire,-155,2025-03-05 14:28:30,MOCK0000423
PT00010133,U004174,order_reward,629,2026-08-13 19:03:58,MOCK0001518
PT00010134,U001075,redeem,-174,2026-02-01 15:23:45,MOCK0003665
PT00010135,U002732,redeem,-323,2025-02-20 06:35:10,MOCK0007873
PT00010136,U001488,refund_deduct,-384,2025-07-14 07:25:55,MOCK0011647
PT00010137,U000103,campaign_reward,754,2025-03-27 05:56:36,MOCK0003301
PT00010138,U004874,redeem,-43,2025-04-05 09:45:33,MOCK0008996
PT00010139,U000624,redeem,-154,2026-01-05 07:03:43,MOCK0007770
PT00010140,U000607,order_reward,107,2026-08-11 11:12:25,MOCK0003413
PT00010141,U002530,order_reward,696,2026-04-13 12:24:51,MOCK0002655
PT00010142,U000703,refund_deduct,-677,2026-02-23 22:40:10,MOCK0010360
PT00010143,U004681,campaign_reward,635,2026-05-27 04:53:26,MOCK0001039
PT00010144,U001140,order_reward,574,2025-08-19 12:31:29,MOCK0000987
PT00010145,U004820,campaign_reward,509,2026-07-20 18:19:18,MOCK0007909
PT00010146,U002778,redeem,-714,2026-01-05 18:42:14,MOCK0003796
PT00010147,U004280,refund_deduct,-764,2025-05-20 13:22:49,MOCK0009485
PT00010148,U002222,order_reward,663,2025-01-23 07:24:39,MOCK0006368
PT00010149,U004524,redeem,-620,2025-02-22 09:56:19,MOCK0002344
PT00010150,U004155,order_reward,375,2025-10-23 23:56:03,MOCK0003746
PT00010151,U001347,order_reward,642,2025-01-05 09:27:23,MOCK0004232
PT00010152,U004785,campaign_reward,572,2025-08-20 13:09:39,MOCK0003972
PT00010153,U003912,redeem,-440,2026-07-31 18:59:21,MOCK0008105
PT00010154,U000685,order_reward,527,2025-08-13 20:12:50,MOCK0010743
PT00010155,U001079,refund_deduct,-128,2026-04-15 21:37:52,MOCK0006574
PT00010156,U000367,order_reward,310,2025-12-15 20:35:46,MOCK0000932
PT00010157,U001190,redeem,-755,2025-07-27 04:16:04,MOCK0006671
PT00010158,U002274,order_reward,456,2025-12-24 09:23:24,MOCK0010582
PT00010159,U001300,order_reward,194,2025-06-03 04:06:30,MOCK0004816
PT00010160,U001833,redeem,-509,2025-02-23 05:20:18,MOCK0001188
PT00010161,U004415,redeem,-248,2025-03-16 18:47:03,MOCK0003519
PT00010162,U000906,redeem,-711,2025-06-16 12:13:29,MOCK0010773
PT00010163,U001271,redeem,-464,2025-12-22 22:15:22,MOCK0009587
PT00010164,U003406,campaign_reward,551,2026-02-23 18:53:16,MOCK0011955
PT00010165,U000213,order_reward,626,2025-02-05 11:44:37,MOCK0005879
PT00010166,U003085,order_reward,104,2026-08-18 20:56:14,MOCK0004708
PT00010167,U000704,redeem,-675,2025-04-16 00:30:47,MOCK0004831
PT00010168,U003457,order_reward,512,2025-12-24 05:12:57,MOCK0007000
PT00010169,U001739,order_reward,39,2025-05-24 00:11:54,MOCK0008345
PT00010170,U004916,order_reward,757,2025-01-05 08:04:15,MOCK0005988
PT00010171,U002752,order_reward,366,2026-06-15 11:36:45,MOCK0007826
PT00010172,U004382,refund_deduct,-605,2025-01-20 08:20:15,MOCK0000485
PT00010173,U000260,refund_deduct,-257,2025-02-18 03:52:29,MOCK0003762
PT00010174,U004018,expire,-172,2026-05-21 22:23:03,MOCK0003624
PT00010175,U004233,redeem,-642,2025-10-02 02:34:59,MOCK0008138
PT00010176,U001124,campaign_reward,606,2026-03-25 16:55:23,MOCK0008722
PT00010177,U002085,campaign_reward,148,2026-01-17 18:27:04,MOCK0003656
PT00010178,U004649,order_reward,534,2026-02-13 22:42:55,MOCK0011549
PT00010179,U002869,order_reward,71,2025-11-17 19:08:14,MOCK0004257
PT00010180,U003581,order_reward,386,2026-03-13 11:31:32,MOCK0002483
PT00010181,U002302,order_reward,383,2025-03-12 14:04:58,MOCK0000889
PT00010182,U000903,campaign_reward,769,2026-03-27 03:13:34,MOCK0011938
PT00010183,U000076,order_reward,546,2025-09-01 05:55:09,MOCK0004235
PT00010184,U004324,campaign_reward,335,2026-07-11 23:01:42,MOCK0008991
PT00010185,U003746,order_reward,99,2025-07-06 01:00:27,MOCK0006019
PT00010186,U000389,refund_deduct,-749,2026-08-05 17:13:38,MOCK0007263
PT00010187,U002541,redeem,-644,2025-06-25 05:55:19,MOCK0010453
PT00010188,U002326,order_reward,249,2025-12-09 05:10:09,MOCK0005995
PT00010189,U003838,order_reward,5,2026-03-10 10:01:36,MOCK0011834
PT00010190,U001703,order_reward,451,2026-05-31 10:21:45,MOCK0000209
PT00010191,U003594,order_reward,589,2025-02-22 23:04:24,MOCK0005781
PT00010192,U003923,order_reward,177,2025-03-14 18:34:55,MOCK0010002
PT00010193,U004605,order_reward,632,2026-02-09 14:36:59,MOCK0002056
PT00010194,U004390,order_reward,643,2026-08-21 14:34:54,MOCK0001721
PT00010195,U004444,order_reward,643,2026-02-03 08:15:53,MOCK0004515
PT00010196,U002504,campaign_reward,381,2025-06-09 23:30:24,MOCK0000187
PT00010197,U003861,campaign_reward,61,2026-06-24 11:55:04,MOCK0004744
PT00010198,U004820,order_reward,745,2025-01-23 17:47:10,MOCK0001484
PT00010199,U000849,campaign_reward,55,2025-08-28 06:56:34,MOCK0010624
PT00010200,U004029,campaign_reward,785,2025-08-07 09:11:18,MOCK0009926
PT00010201,U002032,order_reward,114,2025-11-14 23:51:40,MOCK0006485
PT00010202,U003323,redeem,-743,2025-04-15 20:06:16,MOCK0003881
PT00010203,U000726,order_reward,656,2026-03-01 17:39:21,MOCK0001576
PT00010204,U000476,order_reward,634,2026-01-17 07:16:43,MOCK0008429
PT00010205,U001589,expire,-90,2026-08-06 13:46:01,MOCK0011213
PT00010206,U000895,order_reward,249,2026-07-15 22:22:41,MOCK0008018
PT00010207,U000130,redeem,-715,2026-03-02 19:43:31,MOCK0007553
PT00010208,U002220,order_reward,325,2026-06-23 01:47:39,MOCK0008807
PT00010209,U004457,order_reward,693,2025-08-30 14:34:49,MOCK0002020
PT00010210,U004906,redeem,-212,2026-04-25 14:25:33,MOCK0006607
PT00010211,U001970,order_reward,400,2026-07-20 05:06:36,MOCK0009074
PT00010212,U002065,campaign_reward,442,2025-03-29 12:06:23,MOCK0007894
PT00010213,U004140,order_reward,470,2025-02-11 02:39:15,MOCK0006218
PT00010214,U004778,redeem,-538,2025-06-22 19:34:52,MOCK0003316
PT00010215,U004213,refund_deduct,-181,2026-01-02 20:08:23,MOCK0004418
PT00010216,U002097,campaign_reward,229,2026-03-26 04:51:35,MOCK0004756
PT00010217,U004530,campaign_reward,245,2025-06-25 16:04:34,MOCK0010477
PT00010218,U002613,order_reward,133,2026-05-17 12:17:01,MOCK0009534
PT00010219,U000401,refund_deduct,-347,2026-06-02 18:56:31,MOCK0011616
PT00010220,U002979,campaign_reward,719,2026-04-15 08:51:39,MOCK0000781
PT00010221,U001104,campaign_reward,790,2026-07-14 22:07:12,MOCK0010584
PT00010222,U000205,order_reward,42,2025-08-04 17:56:04,MOCK0001813
PT00010223,U001406,campaign_reward,271,2026-05-29 07:32:07,MOCK0002221
PT00010224,U001201,campaign_reward,472,2025-12-06 12:11:52,MOCK0009239
PT00010225,U000416,expire,-562,2026-02-23 15:20:26,MOCK0005529
PT00010226,U004482,order_reward,460,2025-08-21 00:36:16,MOCK0011433
PT00010227,U003833,campaign_reward,375,2026-07-22 22:25:02,MOCK0002044
PT00010228,U001631,campaign_reward,108,2025-11-04 16:53:34,MOCK0004256
PT00010229,U001565,refund_deduct,-61,2025-12-05 20:46:29,MOCK0006680
PT00010230,U003327,order_reward,422,2026-04-21 20:49:32,MOCK0005141
PT00010231,U003458,order_reward,574,2026-07-10 16:33:34,MOCK0009035
PT00010232,U004729,redeem,-614,2025-02-27 05:30:58,MOCK0008346
PT00010233,U000392,order_reward,262,2025-06-24 06:15:21,MOCK0008710
PT00010234,U003403,order_reward,213,2025-02-18 04:24:02,MOCK0006711
PT00010235,U001257,redeem,-693,2025-08-15 23:09:59,MOCK0009888
PT00010236,U000970,order_reward,459,2026-06-22 10:35:00,MOCK0002378
PT00010237,U001797,order_reward,463,2025-07-22 21:17:49,MOCK0010938
PT00010238,U003157,redeem,-261,2026-06-15 15:16:49,MOCK0010443
PT00010239,U002242,campaign_reward,518,2025-08-11 00:30:54,MOCK0011765
PT00010240,U004884,order_reward,235,2026-03-11 12:26:37,MOCK0002415
PT00010241,U002900,campaign_reward,105,2025-04-01 00:15:36,MOCK0008697
PT00010242,U001121,order_reward,365,2025-08-31 21:50:56,MOCK0001951
PT00010243,U004966,expire,-442,2026-01-13 05:41:35,MOCK0006531
PT00010244,U002752,campaign_reward,456,2026-04-24 22:17:03,MOCK0004644
PT00010245,U004776,order_reward,307,2025-04-14 09:03:35,MOCK0006445
PT00010246,U003904,campaign_reward,133,2025-10-09 20:15:08,MOCK0003548
PT00010247,U003763,expire,-594,2026-04-14 10:16:43,MOCK0007539
PT00010248,U001867,redeem,-179,2025-11-11 23:56:01,MOCK0004653
PT00010249,U001725,expire,-244,2025-01-27 20:26:03,MOCK0005436
PT00010250,U003131,campaign_reward,761,2025-03-02 14:53:13,MOCK0002285
PT00010251,U002205,redeem,-308,2025-03-25 13:12:31,MOCK0005137
PT00010252,U002928,order_reward,445,2025-05-30 10:31:36,MOCK0000317
PT00010253,U002884,order_reward,256,2025-07-18 03:39:25,MOCK0010545
PT00010254,U002794,order_reward,475,2025-01-23 09:43:28,MOCK0000836
PT00010255,U002504,campaign_reward,387,2025-04-21 10:49:02,MOCK0000222
PT00010256,U002309,order_reward,699,2026-08-11 14:36:36,MOCK0002076
PT00010257,U000296,order_reward,129,2025-08-22 16:35:49,MOCK0006955
PT00010258,U002130,campaign_reward,188,2025-04-27 17:28:05,MOCK0003738
PT00010259,U003816,redeem,-737,2025-01-14 05:14:55,MOCK0007892
PT00010260,U000843,campaign_reward,451,2025-03-20 07:54:11,MOCK0001517
PT00010261,U001150,refund_deduct,-385,2025-05-12 07:22:32,MOCK0004380
PT00010262,U001674,order_reward,407,2026-01-17 09:24:06,MOCK0005170
PT00010263,U001151,redeem,-381,2026-03-06 05:36:07,MOCK0008783
PT00010264,U000361,order_reward,515,2025-05-19 12:17:57,MOCK0000710
PT00010265,U000547,redeem,-622,2026-04-02 22:43:09,MOCK0004432
PT00010266,U001874,order_reward,406,2026-02-03 11:45:33,MOCK0011492
PT00010267,U004378,order_reward,590,2026-03-29 09:50:58,MOCK0000860
PT00010268,U004687,redeem,-307,2025-02-24 18:19:30,MOCK0001784
PT00010269,U001400,order_reward,205,2026-02-22 22:34:09,MOCK0008877
PT00010270,U003385,order_reward,534,2025-11-01 15:17:06,MOCK0000272
PT00010271,U003087,order_reward,546,2025-01-07 18:19:18,MOCK0004200
PT00010272,U002267,redeem,-392,2026-02-14 05:46:39,MOCK0010650
PT00010273,U003651,campaign_reward,375,2026-03-16 10:53:41,MOCK0010236
PT00010274,U001252,redeem,-592,2025-06-01 07:41:00,MOCK0000552
PT00010275,U004550,refund_deduct,-53,2026-01-16 01:55:01,MOCK0011493
PT00010276,U002342,campaign_reward,637,2026-05-10 08:30:59,MOCK0010486
PT00010277,U003683,order_reward,150,2026-01-08 15:29:34,MOCK0010925
PT00010278,U004351,expire,-676,2025-06-28 20:00:18,MOCK0006262
PT00010279,U004339,expire,-800,2025-04-15 10:43:27,MOCK0000604
PT00010280,U003267,order_reward,574,2025-05-18 20:21:24,MOCK0006570
PT00010281,U001570,order_reward,335,2025-01-13 11:17:14,MOCK0000929
PT00010282,U004876,order_reward,54,2025-01-24 12:22:36,MOCK0001800
PT00010283,U000850,order_reward,590,2025-03-15 22:31:16,MOCK0000729
PT00010284,U004491,order_reward,556,2025-03-27 08:03:43,MOCK0001363
PT00010285,U000600,order_reward,800,2025-01-03 06:11:45,MOCK0007014
PT00010286,U004628,order_reward,592,2026-07-16 09:34:21,MOCK0001089
PT00010287,U004243,expire,-550,2026-02-25 00:07:49,MOCK0007355
PT00010288,U003598,redeem,-660,2025-03-11 23:53:19,MOCK0006680
PT00010289,U000046,redeem,-629,2025-04-22 15:33:25,MOCK0005946
PT00010290,U001396,campaign_reward,476,2026-06-25 03:13:03,MOCK0006351
PT00010291,U000116,order_reward,125,2025-10-24 07:27:40,MOCK0000500
PT00010292,U002399,refund_deduct,-239,2026-05-10 00:09:33,MOCK0000867
PT00010293,U003004,campaign_reward,429,2025-03-03 14:22:47,MOCK0010197
PT00010294,U003774,campaign_reward,491,2026-07-28 21:16:46,MOCK0002503
PT00010295,U002599,redeem,-680,2026-05-19 11:10:57,MOCK0010714
PT00010296,U001279,expire,-22,2026-01-02 15:01:31,MOCK0010389
PT00010297,U004554,refund_deduct,-389,2025-11-08 16:40:40,MOCK0011622
PT00010298,U000056,redeem,-445,2026-01-21 07:11:40,MOCK0005987
PT00010299,U001367,expire,-397,2025-09-07 22:35:54,MOCK0002760
PT00010300,U002541,campaign_reward,118,2025-11-29 08:18:23,MOCK0004607
PT00010301,U004775,order_reward,249,2025-10-14 02:33:07,MOCK0006252
PT00010302,U001445,refund_deduct,-329,2026-04-28 13:01:20,MOCK0004148
PT00010303,U004978,campaign_reward,407,2026-02-24 10:39:30,MOCK0006111
PT00010304,U004821,expire,-586,2025-08-17 09:17:21,MOCK0008825
PT00010305,U002579,redeem,-352,2025-05-21 16:45:37,MOCK0007092
PT00010306,U003320,campaign_reward,519,2025-04-05 11:27:33,MOCK0002869
PT00010307,U004017,order_reward,431,2025-12-30 01:04:06,MOCK0004918
PT00010308,U000486,expire,-418,2026-06-25 01:01:58,MOCK0002438
PT00010309,U004770,order_reward,361,2025-06-22 21:02:23,MOCK0008339
PT00010310,U003249,order_reward,795,2026-03-29 17:24:27,MOCK0000206
PT00010311,U001127,order_reward,641,2026-07-21 06:57:42,MOCK0007940
PT00010312,U004242,order_reward,441,2026-03-06 23:07:52,MOCK0003048
PT00010313,U004136,order_reward,211,2026-07-08 12:59:31,MOCK0011605
PT00010314,U004925,redeem,-462,2025-01-30 09:14:52,MOCK0002347
PT00010315,U000463,order_reward,400,2025-11-23 17:32:17,MOCK0009650
PT00010316,U000137,redeem,-484,2025-02-03 23:55:05,MOCK0001148
PT00010317,U000970,campaign_reward,514,2026-08-14 18:33:13,MOCK0010502
PT00010318,U001350,campaign_reward,771,2025-04-01 02:44:39,MOCK0008155
PT00010319,U001900,order_reward,600,2025-10-26 21:18:06,MOCK0004521
PT00010320,U003612,campaign_reward,348,2025-10-18 18:54:25,MOCK0004461
PT00010321,U000625,order_reward,60,2025-05-01 21:51:52,MOCK0000132
PT00010322,U004868,order_reward,638,2025-08-02 05:22:28,MOCK0009696
PT00010323,U004017,refund_deduct,-151,2025-04-11 12:42:09,MOCK0009429
PT00010324,U002039,redeem,-451,2025-12-13 21:45:38,MOCK0011419
PT00010325,U000578,redeem,-546,2026-01-10 18:04:41,MOCK0008031
PT00010326,U000909,order_reward,187,2026-02-12 18:46:06,MOCK0003178
PT00010327,U001648,order_reward,190,2025-02-07 03:33:13,MOCK0006548
PT00010328,U003245,order_reward,314,2025-12-03 02:47:24,MOCK0002105
PT00010329,U004808,campaign_reward,457,2025-12-09 20:52:20,MOCK0001064
PT00010330,U001249,expire,-569,2026-04-02 22:27:29,MOCK0009165
PT00010331,U001419,redeem,-151,2026-08-10 14:01:20,MOCK0011332
PT00010332,U003890,refund_deduct,-146,2025-02-12 02:57:36,MOCK0004945
PT00010333,U005000,order_reward,765,2025-09-17 21:33:45,MOCK0005939
PT00010334,U002470,expire,-658,2025-06-17 03:28:51,MOCK0010044
PT00010335,U001690,campaign_reward,25,2026-05-06 18:30:32,MOCK0006770
PT00010336,U001732,refund_deduct,-542,2025-07-01 13:12:08,MOCK0007720
PT00010337,U003519,redeem,-19,2026-05-03 17:35:11,MOCK0007133
PT00010338,U004735,redeem,-9,2025-06-11 06:05:14,MOCK0006202
PT00010339,U004005,order_reward,169,2025-12-17 06:53:57,MOCK0000308
PT00010340,U002340,campaign_reward,421,2026-02-20 20:29:58,MOCK0005247
PT00010341,U002387,order_reward,265,2025-07-24 23:55:11,MOCK0003284
PT00010342,U001037,campaign_reward,545,2025-12-08 05:29:12,MOCK0001444
PT00010343,U001151,order_reward,476,2025-10-26 07:28:14,MOCK0008644
PT00010344,U003967,order_reward,796,2026-01-11 00:29:41,MOCK0004812
PT00010345,U003949,order_reward,322,2025-04-18 05:35:10,MOCK0002776
PT00010346,U004054,order_reward,797,2026-06-15 21:38:36,MOCK0008212
PT00010347,U001281,refund_deduct,-776,2025-12-11 11:39:40,MOCK0003552
PT00010348,U004620,order_reward,402,2026-04-13 14:21:15,MOCK0007069
PT00010349,U000569,order_reward,72,2025-12-26 15:03:29,MOCK0010703
PT00010350,U002251,expire,-43,2025-08-25 11:18:31,MOCK0009922
PT00010351,U000404,expire,-385,2025-03-17 17:29:50,MOCK0003280
PT00010352,U003542,order_reward,733,2025-11-07 01:27:44,MOCK0000254
PT00010353,U002778,order_reward,142,2025-04-11 08:42:12,MOCK0005994
PT00010354,U002612,redeem,-631,2025-09-07 20:18:10,MOCK0000448
PT00010355,U001642,order_reward,297,2025-08-05 22:05:42,MOCK0011737
PT00010356,U004974,order_reward,330,2026-07-05 02:47:08,MOCK0010161
PT00010357,U002530,order_reward,61,2026-02-27 03:03:30,MOCK0006725
PT00010358,U004913,order_reward,397,2026-01-17 07:26:04,MOCK0000088
PT00010359,U003698,order_reward,752,2025-02-01 18:35:26,MOCK0011973
PT00010360,U002065,redeem,-372,2025-01-05 12:36:22,MOCK0004542
PT00010361,U004569,refund_deduct,-532,2025-09-09 15:21:43,MOCK0009210
PT00010362,U003972,order_reward,165,2025-03-17 06:45:38,MOCK0008328
PT00010363,U000747,order_reward,141,2026-03-21 20:31:14,MOCK0010666
PT00010364,U000397,order_reward,437,2025-04-22 02:57:58,MOCK0003847
PT00010365,U003690,refund_deduct,-659,2026-05-24 04:17:23,MOCK0011804
PT00010366,U002285,order_reward,136,2026-04-03 01:17:36,MOCK0001373
PT00010367,U000550,campaign_reward,201,2025-11-18 00:46:22,MOCK0010489
PT00010368,U000504,refund_deduct,-443,2025-12-15 20:54:09,MOCK0000028
PT00010369,U001662,order_reward,39,2026-02-26 18:19:53,MOCK0004583
PT00010370,U001995,redeem,-765,2026-05-12 10:56:34,MOCK0010614
PT00010371,U000300,campaign_reward,486,2026-02-17 01:23:14,MOCK0006400
PT00010372,U003785,refund_deduct,-561,2025-05-05 22:09:52,MOCK0007767
PT00010373,U004454,order_reward,626,2025-11-06 19:05:10,MOCK0004118
PT00010374,U001915,order_reward,572,2026-08-14 22:06:09,MOCK0011899
PT00010375,U004325,redeem,-32,2025-10-02 05:50:43,MOCK0011545
PT00010376,U004020,expire,-229,2025-10-22 04:18:08,MOCK0000209
PT00010377,U004615,order_reward,416,2025-10-26 13:27:56,MOCK0009157
PT00010378,U002182,redeem,-601,2025-02-14 21:25:04,MOCK0010941
PT00010379,U001099,campaign_reward,765,2026-04-01 04:37:31,MOCK0010795
PT00010380,U003100,order_reward,725,2026-01-22 11:20:37,MOCK0007369
PT00010381,U001777,order_reward,579,2026-01-03 16:14:02,MOCK0011476
PT00010382,U004520,refund_deduct,-21,2025-06-08 23:26:52,MOCK0006560
PT00010383,U004531,order_reward,309,2025-03-14 07:32:42,MOCK0002822
PT00010384,U004722,order_reward,688,2025-05-01 20:05:49,MOCK0007382
PT00010385,U002330,campaign_reward,244,2025-09-06 08:44:11,MOCK0006240
PT00010386,U004469,redeem,-148,2026-05-31 23:28:44,MOCK0000578
PT00010387,U003125,order_reward,79,2026-05-14 19:51:25,MOCK0000181
PT00010388,U001798,campaign_reward,9,2026-06-27 22:05:55,MOCK0011227
PT00010389,U001066,campaign_reward,242,2025-09-18 19:28:07,MOCK0000182
PT00010390,U000140,campaign_reward,726,2025-01-22 13:36:17,MOCK0008101
PT00010391,U001519,order_reward,166,2026-04-04 22:31:35,MOCK0003745
PT00010392,U002794,redeem,-652,2025-03-18 16:49:08,MOCK0000435
PT00010393,U003875,order_reward,534,2025-01-16 22:27:17,MOCK0005041
PT00010394,U004569,order_reward,122,2026-05-11 15:55:48,MOCK0001900
PT00010395,U001997,order_reward,576,2025-05-30 18:39:38,MOCK0004731
PT00010396,U002196,campaign_reward,46,2026-02-01 15:20:11,MOCK0003711
PT00010397,U003697,refund_deduct,-372,2025-10-25 07:52:04,MOCK0003678
PT00010398,U003233,order_reward,468,2025-01-13 12:34:14,MOCK0000465
PT00010399,U001151,order_reward,53,2026-08-04 23:22:22,MOCK0010249
PT00010400,U000739,redeem,-61,2026-08-10 06:19:58,MOCK0005961
PT00010401,U000650,order_reward,438,2025-09-30 09:52:51,MOCK0004291
PT00010402,U004251,order_reward,584,2026-04-08 00:17:43,MOCK0000452
PT00010403,U002430,order_reward,398,2026-01-18 04:51:22,MOCK0004798
PT00010404,U000869,campaign_reward,276,2025-08-02 20:30:52,MOCK0006610
PT00010405,U001338,redeem,-681,2025-09-25 04:20:07,MOCK0010280
PT00010406,U000193,order_reward,325,2025-11-09 12:00:46,MOCK0007598
PT00010407,U001178,order_reward,773,2025-03-21 01:08:42,MOCK0004476
PT00010408,U000727,redeem,-140,2025-06-05 20:17:42,MOCK0011809
PT00010409,U004729,order_reward,115,2025-10-02 18:28:03,MOCK0009277
PT00010410,U004161,order_reward,269,2025-04-24 00:23:24,MOCK0010177
PT00010411,U003567,redeem,-154,2026-07-02 17:10:41,MOCK0003262
PT00010412,U003279,order_reward,47,2025-03-16 15:58:10,MOCK0009125
PT00010413,U000147,order_reward,286,2026-06-10 11:58:41,MOCK0006659
PT00010414,U004667,order_reward,658,2025-06-06 11:26:15,MOCK0009740
PT00010415,U002219,campaign_reward,719,2025-08-17 16:51:38,MOCK0003376
PT00010416,U001762,refund_deduct,-293,2025-05-16 22:17:24,MOCK0000191
PT00010417,U003565,campaign_reward,492,2026-07-23 23:34:51,MOCK0010896
PT00010418,U004447,refund_deduct,-117,2025-04-09 21:47:16,MOCK0003246
PT00010419,U004049,redeem,-398,2026-01-01 10:09:05,MOCK0005661
PT00010420,U000334,refund_deduct,-776,2026-02-10 17:05:18,MOCK0002095
PT00010421,U001633,order_reward,740,2025-03-30 16:12:43,MOCK0003067
PT00010422,U001996,order_reward,68,2026-08-19 22:42:28,MOCK0006167
PT00010423,U003966,redeem,-40,2025-06-12 00:17:38,MOCK0011560
PT00010424,U003621,order_reward,766,2025-10-18 04:33:28,MOCK0009660
PT00010425,U001566,order_reward,67,2025-07-09 03:22:33,MOCK0007667
PT00010426,U004929,campaign_reward,35,2026-08-06 18:19:18,MOCK0007707
PT00010427,U000627,order_reward,284,2026-08-10 23:57:02,MOCK0000040
PT00010428,U000757,order_reward,441,2025-06-03 23:51:41,MOCK0009845
PT00010429,U000731,campaign_reward,581,2026-04-04 13:37:33,MOCK0009246
PT00010430,U000375,order_reward,604,2025-03-06 20:30:48,MOCK0001106
PT00010431,U004988,order_reward,247,2026-04-08 10:06:28,MOCK0011348
PT00010432,U002220,order_reward,453,2026-05-26 12:16:54,MOCK0010910
PT00010433,U001696,order_reward,613,2025-11-12 20:56:57,MOCK0002422
PT00010434,U003933,order_reward,154,2025-05-26 06:35:28,MOCK0008312
PT00010435,U004211,campaign_reward,48,2026-05-24 10:27:27,MOCK0011714
PT00010436,U001200,refund_deduct,-575,2025-05-12 17:49:44,MOCK0002810
PT00010437,U003131,expire,-106,2025-09-16 16:34:42,MOCK0002304
PT00010438,U002325,redeem,-275,2026-02-11 08:45:22,MOCK0008277
PT00010439,U001264,order_reward,580,2025-05-09 21:12:19,MOCK0010749
PT00010440,U003586,campaign_reward,792,2025-08-08 07:47:46,MOCK0001097
PT00010441,U004803,order_reward,30,2026-05-27 22:10:48,MOCK0002577
PT00010442,U000293,order_reward,629,2025-08-15 06:39:50,MOCK0001398
PT00010443,U001710,expire,-763,2026-06-11 22:29:13,MOCK0007266
PT00010444,U001387,order_reward,348,2025-03-09 22:58:50,MOCK0005354
PT00010445,U002068,order_reward,27,2026-02-25 18:35:55,MOCK0005398
PT00010446,U000509,expire,-482,2025-09-11 14:38:14,MOCK0002917
PT00010447,U000171,campaign_reward,210,2025-12-22 08:46:18,MOCK0002677
PT00010448,U001040,redeem,-708,2026-07-12 12:16:43,MOCK0009485
PT00010449,U000532,redeem,-347,2025-08-26 22:49:44,MOCK0004676
PT00010450,U000264,refund_deduct,-584,2025-02-21 16:23:43,MOCK0010645
PT00010451,U004620,campaign_reward,294,2026-03-07 08:24:05,MOCK0007300
PT00010452,U001793,redeem,-646,2025-11-22 00:27:29,MOCK0004887
PT00010453,U004638,order_reward,52,2025-07-27 00:05:47,MOCK0001203
PT00010454,U002481,order_reward,483,2025-01-12 11:16:31,MOCK0002938
PT00010455,U004366,order_reward,286,2025-09-30 05:31:15,MOCK0000429
PT00010456,U004238,campaign_reward,506,2025-02-20 19:58:48,MOCK0004681
PT00010457,U003485,campaign_reward,234,2025-06-15 04:04:59,MOCK0002346
PT00010458,U002128,redeem,-387,2026-04-16 07:11:35,MOCK0010365
PT00010459,U004049,order_reward,457,2025-10-10 00:28:38,MOCK0008012
PT00010460,U002921,refund_deduct,-101,2026-06-14 04:20:52,MOCK0008516
PT00010461,U004820,order_reward,125,2025-07-20 12:53:13,MOCK0010080
PT00010462,U003786,campaign_reward,85,2025-06-01 17:35:32,MOCK0002726
PT00010463,U004394,order_reward,51,2025-07-17 05:56:50,MOCK0008776
PT00010464,U003565,order_reward,94,2025-11-29 09:24:38,MOCK0010662
PT00010465,U002896,redeem,-41,2025-05-22 18:26:55,MOCK0008125
PT00010466,U004743,order_reward,540,2026-07-25 09:19:10,MOCK0005555
PT00010467,U004490,redeem,-125,2025-06-30 15:34:13,MOCK0002290
PT00010468,U003647,order_reward,108,2025-03-24 09:46:58,MOCK0007391
PT00010469,U000981,redeem,-386,2026-02-03 23:54:15,MOCK0009221
PT00010470,U002056,redeem,-181,2026-05-25 02:53:46,MOCK0007840
PT00010471,U003326,expire,-202,2025-04-20 21:29:15,MOCK0008372
PT00010472,U003687,order_reward,702,2026-03-10 23:51:06,MOCK0002946
PT00010473,U002560,campaign_reward,234,2026-02-22 09:04:21,MOCK0001438
PT00010474,U003024,order_reward,437,2025-10-19 10:58:45,MOCK0010892
PT00010475,U002187,order_reward,632,2025-12-16 19:01:41,MOCK0004878
PT00010476,U003724,order_reward,201,2025-10-23 23:31:50,MOCK0004489
PT00010477,U002909,expire,-374,2025-01-17 05:46:35,MOCK0009699
PT00010478,U002477,redeem,-563,2025-11-23 04:29:52,MOCK0000349
PT00010479,U003042,redeem,-520,2025-10-31 02:00:22,MOCK0009166
PT00010480,U002322,campaign_reward,141,2026-02-04 20:07:03,MOCK0003605
PT00010481,U000061,redeem,-372,2025-05-04 16:32:21,MOCK0002245
PT00010482,U002794,refund_deduct,-614,2025-10-19 06:38:23,MOCK0005542
PT00010483,U003549,order_reward,630,2025-05-22 02:56:12,MOCK0000399
PT00010484,U004654,order_reward,255,2025-02-11 02:26:14,MOCK0007374
PT00010485,U002332,order_reward,81,2025-09-22 01:55:35,MOCK0004508
PT00010486,U000255,order_reward,192,2025-12-23 10:44:55,MOCK0002024
PT00010487,U003421,order_reward,622,2025-07-08 15:47:49,MOCK0002305
PT00010488,U001081,order_reward,742,2026-07-10 20:24:42,MOCK0001358
PT00010489,U002369,order_reward,432,2026-03-08 09:13:09,MOCK0004621
PT00010490,U002356,order_reward,311,2025-01-31 04:47:03,MOCK0006132
PT00010491,U004721,order_reward,150,2025-06-12 10:20:54,MOCK0006506
PT00010492,U003137,campaign_reward,614,2026-01-19 06:49:02,MOCK0002496
PT00010493,U003781,campaign_reward,120,2025-04-24 20:03:20,MOCK0001268
PT00010494,U000870,order_reward,54,2025-10-20 18:20:29,MOCK0011749
PT00010495,U003459,order_reward,449,2026-04-28 19:07:46,MOCK0008022
PT00010496,U003745,expire,-799,2026-01-28 12:48:11,MOCK0001921
PT00010497,U004810,campaign_reward,720,2025-09-04 13:21:42,MOCK0006225
PT00010498,U000190,order_reward,206,2026-05-30 04:07:52,MOCK0001499
PT00010499,U003246,order_reward,168,2025-01-13 05:30:20,MOCK0007782
PT00010500,U002096,order_reward,180,2026-03-27 08:10:57,MOCK0010688
PT00010501,U002770,campaign_reward,354,2025-11-02 11:33:52,MOCK0000385
PT00010502,U000469,order_reward,555,2025-05-19 19:29:59,MOCK0011846
PT00010503,U003169,expire,-576,2025-08-15 03:48:49,MOCK0004270
PT00010504,U002512,order_reward,334,2025-06-20 09:13:31,MOCK0002357
PT00010505,U003171,redeem,-49,2025-04-04 12:39:03,MOCK0008731
PT00010506,U004868,order_reward,294,2025-04-09 11:01:20,MOCK0010055
PT00010507,U004903,order_reward,636,2025-01-13 13:55:15,MOCK0006209
PT00010508,U000860,campaign_reward,100,2025-05-11 16:55:52,MOCK0002585
PT00010509,U002695,expire,-236,2025-08-09 12:41:40,MOCK0000270
PT00010510,U000537,campaign_reward,377,2025-03-09 11:16:44,MOCK0011290
PT00010511,U002612,order_reward,395,2026-02-21 13:55:55,MOCK0008644
PT00010512,U001121,refund_deduct,-611,2026-03-16 06:49:49,MOCK0001721
PT00010513,U003041,redeem,-489,2025-05-16 20:47:57,MOCK0001476
PT00010514,U002700,order_reward,592,2025-11-04 16:16:34,MOCK0003937
PT00010515,U004213,campaign_reward,518,2026-02-16 20:52:00,MOCK0005990
PT00010516,U002833,order_reward,737,2025-12-04 00:26:40,MOCK0000817
PT00010517,U001486,order_reward,111,2025-05-06 06:38:59,MOCK0010016
PT00010518,U000440,refund_deduct,-726,2025-02-22 13:51:30,MOCK0009109
PT00010519,U001470,order_reward,446,2025-05-08 20:26:58,MOCK0011261
PT00010520,U001084,order_reward,424,2025-09-10 09:28:05,MOCK0010910
PT00010521,U003905,campaign_reward,660,2025-05-21 10:19:16,MOCK0010368
PT00010522,U001478,redeem,-417,2025-05-26 21:58:20,MOCK0010367
PT00010523,U003595,campaign_reward,633,2025-02-03 22:50:30,MOCK0003368
PT00010524,U000688,order_reward,547,2026-04-04 18:10:42,MOCK0009985
PT00010525,U004342,redeem,-36,2026-03-18 02:44:38,MOCK0007721
PT00010526,U002831,order_reward,224,2025-03-29 00:30:43,MOCK0002849
PT00010527,U001480,order_reward,552,2025-02-23 23:22:45,MOCK0009794
PT00010528,U002514,campaign_reward,185,2025-04-13 06:34:55,MOCK0006868
PT00010529,U004436,refund_deduct,-13,2025-05-13 03:13:07,MOCK0000551
PT00010530,U000114,campaign_reward,715,2026-04-18 18:37:27,MOCK0008560
PT00010531,U002005,order_reward,772,2026-06-13 00:41:31,MOCK0001209
PT00010532,U001410,order_reward,675,2025-01-23 22:39:19,MOCK0011234
PT00010533,U002645,redeem,-585,2025-10-22 11:30:37,MOCK0007673
PT00010534,U004872,redeem,-779,2026-07-26 17:50:11,MOCK0000992
PT00010535,U000826,order_reward,333,2025-11-28 08:10:38,MOCK0002711
PT00010536,U004555,order_reward,533,2025-01-30 09:09:47,MOCK0008906
PT00010537,U004387,campaign_reward,781,2025-09-08 06:25:43,MOCK0009168
PT00010538,U001714,redeem,-117,2026-02-23 09:01:05,MOCK0003155
PT00010539,U001398,order_reward,87,2025-07-02 17:59:32,MOCK0000635
PT00010540,U004054,campaign_reward,275,2025-06-18 09:01:32,MOCK0009831
PT00010541,U003412,expire,-708,2025-02-27 19:02:55,MOCK0010008
PT00010542,U002961,campaign_reward,148,2025-07-02 10:37:14,MOCK0005722
PT00010543,U000907,order_reward,515,2026-08-01 04:32:53,MOCK0001528
PT00010544,U002611,order_reward,44,2025-11-10 15:15:54,MOCK0005489
PT00010545,U003953,campaign_reward,660,2025-04-07 22:01:43,MOCK0004798
PT00010546,U001379,redeem,-189,2026-06-08 11:44:49,MOCK0002998
PT00010547,U002848,campaign_reward,272,2026-05-07 14:23:32,MOCK0000374
PT00010548,U001183,refund_deduct,-351,2026-05-07 20:11:27,MOCK0001501
PT00010549,U000209,campaign_reward,158,2026-01-01 08:50:43,MOCK0009004
PT00010550,U003803,expire,-236,2025-05-31 07:08:33,MOCK0005901
PT00010551,U000815,campaign_reward,651,2025-09-13 01:07:04,MOCK0005441
PT00010552,U001651,order_reward,20,2025-09-02 06:41:33,MOCK0007419
PT00010553,U001144,refund_deduct,-631,2025-11-08 21:27:18,MOCK0002964
PT00010554,U004047,campaign_reward,18,2026-02-28 16:18:36,MOCK0000042
PT00010555,U004565,redeem,-680,2026-01-06 03:06:32,MOCK0003902
PT00010556,U001495,order_reward,282,2025-12-10 12:23:04,MOCK0006722
PT00010557,U004759,campaign_reward,342,2025-02-19 04:50:14,MOCK0010064
PT00010558,U002294,order_reward,734,2025-03-13 09:38:47,MOCK0010688
PT00010559,U000559,campaign_reward,186,2026-01-03 03:27:04,MOCK0008717
PT00010560,U004665,redeem,-260,2026-05-24 09:37:39,MOCK0002222
PT00010561,U004231,campaign_reward,362,2025-03-28 07:01:37,MOCK0008213
PT00010562,U000854,expire,-744,2026-04-27 07:10:10,MOCK0002774
PT00010563,U002369,order_reward,112,2025-04-16 08:10:46,MOCK0000700
PT00010564,U002395,expire,-159,2025-08-26 02:25:37,MOCK0000030
PT00010565,U004140,redeem,-611,2026-07-04 13:40:45,MOCK0010516
PT00010566,U000604,campaign_reward,29,2025-07-12 20:54:17,MOCK0005814
PT00010567,U003443,order_reward,12,2025-11-25 06:28:28,MOCK0006690
PT00010568,U002606,campaign_reward,792,2025-08-22 10:28:27,MOCK0007871
PT00010569,U000167,order_reward,595,2025-04-30 16:39:41,MOCK0011717
PT00010570,U001371,order_reward,328,2025-04-18 15:14:54,MOCK0004243
PT00010571,U004798,order_reward,437,2025-06-19 12:04:31,MOCK0003976
PT00010572,U003530,campaign_reward,736,2026-02-12 22:00:52,MOCK0005474
PT00010573,U000344,redeem,-304,2025-08-27 11:20:00,MOCK0007255
PT00010574,U000474,order_reward,185,2025-07-28 17:15:48,MOCK0002038
PT00010575,U002232,expire,-172,2025-11-02 14:19:37,MOCK0009653
PT00010576,U001528,campaign_reward,546,2026-01-10 04:20:39,MOCK0009064
PT00010577,U000685,redeem,-501,2026-08-13 17:12:40,MOCK0001856
PT00010578,U001499,order_reward,523,2026-01-29 14:42:21,MOCK0003626
PT00010579,U003730,order_reward,654,2026-08-01 12:25:56,MOCK0001530
PT00010580,U001255,redeem,-365,2026-05-15 09:48:45,MOCK0008790
PT00010581,U002533,order_reward,34,2026-07-18 00:05:13,MOCK0010145
PT00010582,U003126,refund_deduct,-382,2025-11-23 11:28:36,MOCK0002077
PT00010583,U001271,campaign_reward,110,2025-09-11 20:28:05,MOCK0005401
PT00010584,U001276,order_reward,331,2026-07-03 01:18:31,MOCK0002793
PT00010585,U004897,redeem,-565,2026-01-24 22:00:58,MOCK0011970
PT00010586,U001159,order_reward,395,2025-03-13 21:39:20,MOCK0008134
PT00010587,U001343,expire,-575,2026-06-18 20:24:08,MOCK0009175
PT00010588,U004287,campaign_reward,369,2026-05-25 05:03:09,MOCK0002588
PT00010589,U001026,redeem,-363,2026-06-12 04:03:17,MOCK0007604
PT00010590,U000926,order_reward,317,2025-07-01 09:57:33,MOCK0011407
PT00010591,U000813,refund_deduct,-638,2025-10-16 17:13:16,MOCK0000427
PT00010592,U004017,order_reward,271,2026-04-18 06:14:22,MOCK0004224
PT00010593,U003297,refund_deduct,-261,2026-07-13 00:15:00,MOCK0004137
PT00010594,U003363,campaign_reward,285,2025-06-04 14:30:37,MOCK0006688
PT00010595,U000087,order_reward,712,2025-07-08 00:56:40,MOCK0000106
PT00010596,U002748,campaign_reward,227,2025-08-23 02:08:40,MOCK0004698
PT00010597,U004385,redeem,-6,2026-06-04 13:41:12,MOCK0008117
PT00010598,U002731,order_reward,203,2025-11-16 17:26:44,MOCK0009921
PT00010599,U003064,refund_deduct,-288,2025-01-28 15:12:17,MOCK0001312
PT00010600,U000028,order_reward,295,2025-10-29 21:29:29,MOCK0008003
PT00010601,U004972,redeem,-491,2025-08-27 00:48:23,MOCK0001736
PT00010602,U004632,campaign_reward,350,2026-04-10 02:44:58,MOCK0006314
PT00010603,U001657,redeem,-133,2025-05-24 19:39:39,MOCK0001400
PT00010604,U004903,order_reward,669,2025-03-08 01:13:34,MOCK0000508
PT00010605,U003324,order_reward,332,2025-09-28 01:07:48,MOCK0000581
PT00010606,U001106,order_reward,533,2026-08-14 00:24:28,MOCK0001855
PT00010607,U002938,refund_deduct,-69,2026-05-07 18:39:11,MOCK0002065
PT00010608,U001963,campaign_reward,392,2025-12-10 01:09:27,MOCK0005518
PT00010609,U003004,expire,-64,2026-01-13 13:22:14,MOCK0008465
PT00010610,U002736,order_reward,6,2025-10-12 14:46:10,MOCK0000977
PT00010611,U002884,refund_deduct,-403,2026-07-29 05:43:53,MOCK0008173
PT00010612,U004254,order_reward,377,2025-12-18 17:30:40,MOCK0011384
PT00010613,U000944,order_reward,33,2026-07-07 21:15:51,MOCK0003088
PT00010614,U000218,order_reward,118,2026-05-12 07:14:21,MOCK0003766
PT00010615,U001515,order_reward,275,2026-06-08 12:22:32,MOCK0011803
PT00010616,U004254,order_reward,36,2026-03-14 20:31:06,MOCK0006422
PT00010617,U001499,order_reward,499,2025-02-02 05:25:38,MOCK0006161
PT00010618,U004679,expire,-204,2026-08-15 07:50:35,MOCK0011343
PT00010619,U004353,campaign_reward,756,2026-03-18 17:51:08,MOCK0006735
PT00010620,U003259,redeem,-408,2025-01-29 09:17:47,MOCK0010651
PT00010621,U001241,order_reward,713,2025-10-27 11:07:42,MOCK0005641
PT00010622,U003082,redeem,-791,2026-06-26 07:38:43,MOCK0010154
PT00010623,U001934,order_reward,13,2026-07-02 09:38:36,MOCK0007588
PT00010624,U001276,order_reward,560,2026-03-22 23:31:27,MOCK0011415
PT00010625,U001988,order_reward,310,2026-07-22 22:40:40,MOCK0005035
PT00010626,U002069,campaign_reward,342,2025-10-05 04:22:07,MOCK0011718
PT00010627,U002044,refund_deduct,-62,2025-07-26 22:57:08,MOCK0000896
PT00010628,U000461,order_reward,396,2025-12-21 09:55:55,MOCK0006289
PT00010629,U001403,order_reward,366,2025-05-29 01:57:45,MOCK0008082
PT00010630,U004855,order_reward,710,2025-12-10 02:37:02,MOCK0009408
PT00010631,U000764,order_reward,70,2025-03-23 21:40:25,MOCK0008578
PT00010632,U000702,order_reward,535,2026-01-30 18:22:27,MOCK0000059
PT00010633,U001197,order_reward,610,2026-01-03 18:13:08,MOCK0009324
PT00010634,U001330,redeem,-331,2026-06-23 01:22:07,MOCK0007267
PT00010635,U002395,expire,-190,2025-09-12 11:01:06,MOCK0004381
PT00010636,U000790,order_reward,398,2025-04-23 01:15:45,MOCK0006266
PT00010637,U003680,redeem,-31,2025-05-02 05:11:27,MOCK0006288
PT00010638,U001033,order_reward,371,2026-08-10 10:21:08,MOCK0001616
PT00010639,U001101,expire,-248,2025-09-12 15:10:33,MOCK0001311
PT00010640,U002828,campaign_reward,699,2025-11-20 16:47:28,MOCK0001647
PT00010641,U001567,redeem,-773,2025-03-11 16:15:39,MOCK0008317
PT00010642,U000303,expire,-730,2025-03-06 19:26:08,MOCK0005802
PT00010643,U001677,order_reward,59,2025-12-26 12:11:12,MOCK0006070
PT00010644,U004296,order_reward,300,2026-05-19 01:03:07,MOCK0008628
PT00010645,U002622,redeem,-306,2026-03-07 12:23:44,MOCK0004985
PT00010646,U002866,expire,-231,2026-04-06 13:38:39,MOCK0007272
PT00010647,U002176,order_reward,275,2026-03-17 13:02:52,MOCK0007375
PT00010648,U001548,campaign_reward,246,2025-07-14 10:51:16,MOCK0006668
PT00010649,U003990,order_reward,644,2025-04-19 05:44:48,MOCK0000229
PT00010650,U001344,order_reward,651,2025-05-08 19:25:17,MOCK0006600
PT00010651,U000084,redeem,-713,2025-02-18 14:50:22,MOCK0007336
PT00010652,U001922,order_reward,749,2025-08-27 20:58:00,MOCK0010281
PT00010653,U002081,redeem,-191,2025-11-02 07:39:49,MOCK0001103
PT00010654,U002698,redeem,-342,2026-04-05 14:06:12,MOCK0007304
PT00010655,U000770,redeem,-541,2025-08-19 19:20:09,MOCK0008721
PT00010656,U003809,order_reward,161,2026-05-06 13:02:54,MOCK0001455
PT00010657,U002162,order_reward,114,2025-12-05 10:38:56,MOCK0003885
PT00010658,U000015,redeem,-256,2025-12-05 08:19:15,MOCK0000343
PT00010659,U001534,redeem,-783,2025-11-24 20:28:06,MOCK0003559
PT00010660,U000739,campaign_reward,11,2026-05-06 09:11:22,MOCK0007600
PT00010661,U004284,order_reward,791,2025-11-17 21:49:26,MOCK0004803
PT00010662,U003303,refund_deduct,-49,2026-03-13 08:55:30,MOCK0007855
PT00010663,U001901,campaign_reward,249,2026-02-28 06:43:14,MOCK0010408
PT00010664,U001985,order_reward,380,2026-07-24 08:16:37,MOCK0009067
PT00010665,U002718,order_reward,734,2025-10-10 23:02:34,MOCK0002238
PT00010666,U000456,expire,-689,2025-07-14 12:25:43,MOCK0004271
PT00010667,U001223,order_reward,260,2025-03-07 11:58:56,MOCK0001457
PT00010668,U000919,campaign_reward,308,2025-11-28 20:22:36,MOCK0002924
PT00010669,U000091,order_reward,136,2025-07-12 01:37:42,MOCK0002087
PT00010670,U000807,campaign_reward,569,2025-04-26 21:26:46,MOCK0003798
PT00010671,U004702,redeem,-467,2025-07-19 04:14:29,MOCK0003374
PT00010672,U004962,campaign_reward,141,2025-07-05 04:35:49,MOCK0008374
PT00010673,U002790,expire,-292,2025-12-16 08:13:18,MOCK0004830
PT00010674,U003041,refund_deduct,-15,2025-07-23 10:46:18,MOCK0001705
PT00010675,U004472,order_reward,569,2026-08-02 04:40:29,MOCK0011635
PT00010676,U003236,refund_deduct,-546,2025-06-23 13:45:16,MOCK0009517
PT00010677,U003145,campaign_reward,298,2026-04-28 17:38:23,MOCK0001544
PT00010678,U002923,redeem,-225,2025-04-17 18:49:37,MOCK0006302
PT00010679,U001674,refund_deduct,-56,2025-09-07 20:29:08,MOCK0001183
PT00010680,U004951,campaign_reward,621,2025-05-02 01:49:56,MOCK0011415
PT00010681,U002768,redeem,-548,2026-04-10 00:01:28,MOCK0008692
PT00010682,U002801,refund_deduct,-132,2026-03-22 07:07:11,MOCK0006046
PT00010683,U004780,order_reward,575,2025-10-11 05:06:04,MOCK0009368
PT00010684,U001470,order_reward,342,2026-01-21 13:56:59,MOCK0003553
PT00010685,U003242,expire,-640,2025-01-11 20:22:16,MOCK0008556
PT00010686,U000888,order_reward,267,2026-04-05 16:39:03,MOCK0011479
PT00010687,U003729,redeem,-582,2025-07-26 14:06:51,MOCK0003931
PT00010688,U004819,campaign_reward,113,2025-08-03 17:14:28,MOCK0007258
PT00010689,U000287,campaign_reward,363,2025-06-14 17:55:13,MOCK0001623
PT00010690,U004362,expire,-557,2025-06-01 02:16:49,MOCK0006488
PT00010691,U001199,campaign_reward,688,2026-04-05 16:29:58,MOCK0010177
PT00010692,U004963,order_reward,64,2026-01-10 20:30:09,MOCK0006227
PT00010693,U000282,refund_deduct,-800,2025-07-22 12:15:53,MOCK0002481
PT00010694,U004463,campaign_reward,320,2026-06-07 14:07:33,MOCK0003844
PT00010695,U000144,redeem,-401,2025-10-07 15:48:24,MOCK0009898
PT00010696,U004005,refund_deduct,-189,2026-08-19 11:52:16,MOCK0006184
PT00010697,U001205,order_reward,526,2025-07-04 14:12:20,MOCK0008275
PT00010698,U004924,redeem,-346,2026-07-08 08:31:20,MOCK0001054
PT00010699,U001019,order_reward,261,2025-11-21 02:15:45,MOCK0009905
PT00010700,U003924,redeem,-356,2025-07-14 09:25:50,MOCK0005990
PT00010701,U000816,order_reward,392,2026-06-19 13:36:45,MOCK0000766
PT00010702,U002823,expire,-280,2025-03-31 05:53:23,MOCK0004839
PT00010703,U000336,order_reward,307,2026-04-26 20:51:18,MOCK0009620
PT00010704,U004512,order_reward,542,2025-07-31 16:28:53,MOCK0007402
PT00010705,U003466,redeem,-431,2026-07-18 20:08:44,MOCK0008665
PT00010706,U004885,order_reward,443,2025-06-20 23:30:29,MOCK0001716
PT00010707,U001161,order_reward,789,2025-07-06 06:21:26,MOCK0008849
PT00010708,U001126,redeem,-310,2026-05-20 02:41:43,MOCK0006343
PT00010709,U004097,campaign_reward,50,2025-09-25 16:21:51,MOCK0005137
PT00010710,U002043,order_reward,297,2025-09-24 11:48:45,MOCK0004235
PT00010711,U001698,redeem,-227,2025-12-18 13:44:44,MOCK0006154
PT00010712,U000115,redeem,-393,2025-08-20 23:52:20,MOCK0007126
PT00010713,U004112,expire,-58,2025-09-09 05:25:11,MOCK0006310
PT00010714,U004805,campaign_reward,746,2026-03-14 16:22:34,MOCK0002082
PT00010715,U003895,order_reward,366,2025-04-05 09:08:19,MOCK0007677
PT00010716,U000720,refund_deduct,-404,2026-02-01 01:41:30,MOCK0005574
PT00010717,U001007,redeem,-122,2025-07-28 01:05:33,MOCK0008815
PT00010718,U002934,redeem,-80,2025-12-20 02:53:13,MOCK0007034
PT00010719,U003745,order_reward,159,2026-04-05 14:45:34,MOCK0005986
PT00010720,U003910,expire,-473,2025-08-31 14:50:08,MOCK0001241
PT00010721,U004872,order_reward,186,2026-03-31 20:50:02,MOCK0009514
PT00010722,U000007,order_reward,468,2025-04-23 01:51:03,MOCK0003775
PT00010723,U004980,expire,-90,2025-09-29 09:41:44,MOCK0010252
PT00010724,U003916,order_reward,220,2026-06-29 23:57:03,MOCK0007978
PT00010725,U003890,refund_deduct,-68,2025-09-01 06:00:09,MOCK0004712
PT00010726,U003803,campaign_reward,321,2026-03-06 03:07:07,MOCK0007308
PT00010727,U002996,expire,-242,2025-03-06 13:33:37,MOCK0010005
PT00010728,U002250,redeem,-11,2026-07-30 13:33:27,MOCK0008334
PT00010729,U000822,order_reward,524,2026-05-09 21:50:12,MOCK0010269
PT00010730,U004998,order_reward,798,2025-09-20 18:44:42,MOCK0006870
PT00010731,U003991,refund_deduct,-558,2025-05-12 00:51:55,MOCK0011620
PT00010732,U004702,redeem,-328,2025-05-24 20:48:56,MOCK0002523
PT00010733,U003006,refund_deduct,-332,2026-05-18 05:24:37,MOCK0007335
PT00010734,U002943,campaign_reward,601,2026-08-01 02:57:17,MOCK0002031
PT00010735,U002050,order_reward,254,2025-02-20 11:13:36,MOCK0002229
PT00010736,U001506,order_reward,494,2025-01-01 16:53:33,MOCK0010595
PT00010737,U000857,expire,-141,2025-06-28 06:49:09,MOCK0010538
PT00010738,U004227,order_reward,32,2025-08-23 00:45:36,MOCK0011472
PT00010739,U000949,order_reward,450,2025-05-13 23:25:16,MOCK0007690
PT00010740,U001376,order_reward,281,2025-08-06 15:46:48,MOCK0003061
PT00010741,U004410,campaign_reward,199,2025-07-15 17:24:07,MOCK0005401
PT00010742,U000688,order_reward,787,2025-12-26 19:14:29,MOCK0009757
PT00010743,U002116,redeem,-542,2025-03-09 22:03:37,MOCK0006392
PT00010744,U004861,campaign_reward,168,2025-05-28 15:03:19,MOCK0000931
PT00010745,U002695,order_reward,503,2025-05-18 05:11:25,MOCK0002944
PT00010746,U003486,order_reward,478,2025-12-08 19:15:44,MOCK0011318
PT00010747,U001087,expire,-137,2026-05-05 14:36:01,MOCK0006422
PT00010748,U003214,campaign_reward,524,2025-11-28 20:12:17,MOCK0006856
PT00010749,U001593,order_reward,730,2025-09-08 04:04:13,MOCK0008408
PT00010750,U004457,refund_deduct,-530,2026-06-08 01:41:24,MOCK0011800
PT00010751,U001590,order_reward,95,2026-07-10 13:54:24,MOCK0011419
PT00010752,U004426,refund_deduct,-373,2025-11-21 14:52:34,MOCK0008608
PT00010753,U001757,redeem,-252,2026-04-07 02:46:35,MOCK0008234
PT00010754,U003406,order_reward,595,2025-10-10 23:22:20,MOCK0007396
PT00010755,U002693,campaign_reward,773,2025-09-26 22:45:39,MOCK0010032
PT00010756,U004725,order_reward,155,2026-04-16 09:00:33,MOCK0009563
PT00010757,U000988,expire,-771,2026-07-26 19:33:13,MOCK0004322
PT00010758,U003642,redeem,-651,2025-10-26 20:58:50,MOCK0000567
PT00010759,U000527,refund_deduct,-204,2025-11-27 12:25:45,MOCK0000842
PT00010760,U003324,order_reward,762,2025-08-03 10:19:22,MOCK0008533
PT00010761,U004220,order_reward,153,2025-08-19 12:59:23,MOCK0002949
PT00010762,U003921,redeem,-379,2025-04-12 09:54:14,MOCK0002700
PT00010763,U004437,order_reward,521,2025-07-13 14:09:42,MOCK0007410
PT00010764,U003664,redeem,-637,2025-09-08 06:07:56,MOCK0009918
PT00010765,U001887,expire,-252,2025-11-04 05:40:17,MOCK0002279
PT00010766,U001455,campaign_reward,486,2025-09-15 14:16:38,MOCK0008862
PT00010767,U004203,redeem,-21,2026-07-18 05:21:52,MOCK0003791
PT00010768,U004087,order_reward,688,2025-07-06 14:31:16,MOCK0004069
PT00010769,U004234,redeem,-717,2025-11-04 19:22:22,MOCK0005616
PT00010770,U002050,order_reward,328,2026-01-20 07:34:11,MOCK0000325
PT00010771,U002061,order_reward,240,2026-06-12 17:15:26,MOCK0003141
PT00010772,U002562,order_reward,583,2025-05-20 15:40:13,MOCK0004298
PT00010773,U001829,expire,-639,2025-09-01 18:34:55,MOCK0001147
PT00010774,U002347,order_reward,141,2026-05-26 00:52:44,MOCK0008816
PT00010775,U000027,campaign_reward,687,2025-10-27 20:39:02,MOCK0011823
PT00010776,U003100,order_reward,796,2025-03-07 04:20:13,MOCK0007909
PT00010777,U003568,order_reward,276,2025-12-08 07:52:14,MOCK0011010
PT00010778,U002256,order_reward,603,2026-05-28 18:05:21,MOCK0007513
PT00010779,U001057,redeem,-262,2026-08-16 21:44:07,MOCK0008342
PT00010780,U003662,order_reward,690,2026-06-10 18:57:36,MOCK0003057
PT00010781,U000870,campaign_reward,366,2025-08-31 12:14:49,MOCK0006971
PT00010782,U001616,order_reward,495,2026-07-12 11:52:47,MOCK0011225
PT00010783,U000099,redeem,-163,2026-04-15 18:03:05,MOCK0008818
PT00010784,U000836,order_reward,594,2026-04-13 16:34:46,MOCK0002206
PT00010785,U004390,campaign_reward,749,2025-04-09 13:06:36,MOCK0003510
PT00010786,U002444,expire,-602,2025-10-08 08:34:44,MOCK0006739
PT00010787,U000562,order_reward,21,2026-08-01 23:54:21,MOCK0005927
PT00010788,U001378,order_reward,196,2025-11-05 05:03:57,MOCK0002367
PT00010789,U004715,order_reward,132,2025-08-15 13:18:04,MOCK0002812
PT00010790,U002468,expire,-137,2025-08-19 22:50:30,MOCK0001590
PT00010791,U000809,campaign_reward,9,2026-05-18 19:21:58,MOCK0009140
PT00010792,U001187,order_reward,577,2025-03-12 07:45:28,MOCK0009361
PT00010793,U004726,order_reward,62,2025-06-07 07:11:12,MOCK0003340
PT00010794,U001273,order_reward,399,2025-11-08 18:00:52,MOCK0010373
PT00010795,U001257,order_reward,778,2026-02-25 06:21:52,MOCK0002443
PT00010796,U000503,redeem,-412,2025-06-21 19:02:02,MOCK0011563
PT00010797,U003218,order_reward,203,2025-02-28 08:23:37,MOCK0008564
PT00010798,U000465,order_reward,48,2025-05-27 09:20:51,MOCK0000653
PT00010799,U003639,order_reward,425,2026-01-12 00:13:29,MOCK0009819
PT00010800,U003592,redeem,-142,2026-04-07 18:45:53,MOCK0005327
PT00010801,U002204,order_reward,156,2026-07-05 10:03:20,MOCK0009061
PT00010802,U002210,order_reward,757,2025-07-15 15:11:38,MOCK0000700
PT00010803,U004004,refund_deduct,-727,2026-04-26 16:58:32,MOCK0005217
PT00010804,U001339,order_reward,707,2026-03-31 00:30:56,MOCK0005900
PT00010805,U003630,order_reward,108,2025-11-04 08:22:08,MOCK0000910
PT00010806,U003255,campaign_reward,584,2025-07-31 16:28:05,MOCK0002553
PT00010807,U000459,redeem,-438,2025-08-09 19:33:29,MOCK0005366
PT00010808,U003540,order_reward,442,2025-09-07 00:35:43,MOCK0002768
PT00010809,U001543,campaign_reward,231,2025-11-05 06:31:38,MOCK0001847
PT00010810,U002483,redeem,-657,2026-02-11 13:55:47,MOCK0008823
PT00010811,U000595,expire,-751,2025-02-05 09:17:48,MOCK0000530
PT00010812,U003796,redeem,-517,2025-12-23 22:07:39,MOCK0010510
PT00010813,U003592,order_reward,735,2026-04-25 08:47:55,MOCK0010331
PT00010814,U002452,campaign_reward,422,2026-05-03 13:00:41,MOCK0007923
PT00010815,U004089,redeem,-99,2025-06-13 20:31:38,MOCK0006587
PT00010816,U000924,order_reward,56,2025-06-07 23:14:08,MOCK0004017
PT00010817,U001058,redeem,-145,2026-06-07 21:42:09,MOCK0010397
PT00010818,U003649,order_reward,383,2025-03-23 22:38:46,MOCK0004100
PT00010819,U001621,order_reward,496,2026-04-27 02:07:47,MOCK0005393
PT00010820,U002400,order_reward,686,2025-04-23 03:42:49,MOCK0004481
PT00010821,U003478,order_reward,103,2026-05-09 07:20:15,MOCK0000269
PT00010822,U002347,order_reward,17,2025-01-16 14:10:50,MOCK0006422
PT00010823,U002361,redeem,-768,2025-08-06 04:39:24,MOCK0007350
PT00010824,U003940,redeem,-33,2026-05-12 10:09:35,MOCK0003329
PT00010825,U003285,campaign_reward,199,2025-07-12 07:38:57,MOCK0008149
PT00010826,U001669,refund_deduct,-403,2025-04-05 23:56:10,MOCK0001422
PT00010827,U002147,order_reward,126,2026-08-15 17:07:29,MOCK0010750
PT00010828,U003021,redeem,-193,2025-12-20 08:45:33,MOCK0003426
PT00010829,U002485,expire,-479,2025-12-09 17:27:39,MOCK0001387
PT00010830,U002005,refund_deduct,-315,2025-10-21 15:13:39,MOCK0003583
PT00010831,U001682,campaign_reward,557,2026-01-09 17:51:15,MOCK0009960
PT00010832,U004043,refund_deduct,-638,2026-06-30 04:36:59,MOCK0007766
PT00010833,U001314,campaign_reward,735,2025-07-25 19:40:41,MOCK0003038
PT00010834,U003740,campaign_reward,96,2025-10-31 14:01:00,MOCK0005121
PT00010835,U004609,refund_deduct,-449,2026-02-05 22:56:04,MOCK0008342
PT00010836,U000172,redeem,-791,2026-02-07 02:45:25,MOCK0005082
PT00010837,U001480,campaign_reward,505,2025-04-19 09:47:58,MOCK0004288
PT00010838,U000053,order_reward,573,2026-06-12 11:55:19,MOCK0003219
PT00010839,U003527,refund_deduct,-467,2025-02-04 00:44:14,MOCK0011364
PT00010840,U000512,redeem,-572,2025-07-05 15:10:28,MOCK0010858
PT00010841,U004429,order_reward,744,2026-03-26 23:39:46,MOCK0007931
PT00010842,U002966,order_reward,319,2026-06-28 18:07:54,MOCK0002027
PT00010843,U000066,redeem,-786,2025-12-05 12:19:52,MOCK0001360
PT00010844,U002164,campaign_reward,119,2026-02-06 15:36:41,MOCK0001345
PT00010845,U001258,order_reward,615,2025-12-16 17:15:36,MOCK0007309
PT00010846,U002423,order_reward,101,2025-01-01 07:57:34,MOCK0006408
PT00010847,U002736,campaign_reward,430,2025-06-16 11:45:00,MOCK0003819
PT00010848,U001496,order_reward,115,2026-01-04 08:19:43,MOCK0003574
PT00010849,U004755,expire,-124,2026-04-28 09:51:04,MOCK0003954
PT00010850,U001229,order_reward,186,2026-06-26 20:38:16,MOCK0003494
PT00010851,U001497,campaign_reward,13,2026-08-15 03:22:34,MOCK0007974
PT00010852,U000860,order_reward,297,2026-02-09 09:14:18,MOCK0010312
PT00010853,U003228,campaign_reward,400,2026-03-20 05:27:19,MOCK0005542
PT00010854,U003657,order_reward,259,2026-03-02 11:36:46,MOCK0011654
PT00010855,U000617,redeem,-36,2025-12-05 11:40:40,MOCK0010210
PT00010856,U003820,order_reward,120,2026-06-15 01:30:43,MOCK0007058
PT00010857,U004133,expire,-407,2026-01-28 20:55:25,MOCK0006405
PT00010858,U001572,order_reward,593,2025-12-09 15:55:31,MOCK0008784
PT00010859,U004830,refund_deduct,-403,2025-06-30 17:12:51,MOCK0002760
PT00010860,U000243,order_reward,433,2025-09-21 08:36:01,MOCK0003597
PT00010861,U004022,order_reward,118,2026-03-18 12:52:08,MOCK0001247
PT00010862,U000972,redeem,-435,2025-03-03 12:09:36,MOCK0005654
PT00010863,U000189,campaign_reward,644,2026-08-04 08:42:19,MOCK0011207
PT00010864,U004801,campaign_reward,745,2026-05-21 17:12:43,MOCK0008709
PT00010865,U000879,campaign_reward,397,2025-01-05 20:06:14,MOCK0007727
PT00010866,U003056,order_reward,610,2025-12-18 08:05:11,MOCK0000722
PT00010867,U002768,campaign_reward,71,2025-04-12 11:20:34,MOCK0007508
PT00010868,U004030,order_reward,740,2026-05-31 21:32:21,MOCK0009935
PT00010869,U003425,campaign_reward,351,2025-12-27 04:52:19,MOCK0006862
PT00010870,U000742,campaign_reward,47,2025-04-02 20:03:59,MOCK0001394
PT00010871,U002445,campaign_reward,647,2026-07-24 03:43:16,MOCK0009307
PT00010872,U003237,campaign_reward,219,2026-06-20 13:18:13,MOCK0011745
PT00010873,U001241,campaign_reward,714,2026-04-22 21:20:09,MOCK0002138
PT00010874,U004864,order_reward,240,2025-09-09 14:56:28,MOCK0003878
PT00010875,U003840,order_reward,659,2026-03-26 11:32:09,MOCK0005540
PT00010876,U004476,order_reward,340,2026-06-19 12:39:34,MOCK0003457
PT00010877,U003646,redeem,-426,2026-02-17 06:46:13,MOCK0007717
PT00010878,U002365,order_reward,473,2026-07-22 01:05:25,MOCK0004576
PT00010879,U000161,redeem,-177,2025-06-14 20:32:55,MOCK0010869
PT00010880,U001637,order_reward,617,2025-08-10 01:31:57,MOCK0009270
PT00010881,U001202,order_reward,228,2025-05-25 06:34:07,MOCK0010482
PT00010882,U002365,expire,-312,2025-07-31 18:44:36,MOCK0010369
PT00010883,U001540,campaign_reward,153,2025-09-02 13:41:10,MOCK0005295
PT00010884,U001060,order_reward,328,2025-06-30 15:14:41,MOCK0003287
PT00010885,U002572,expire,-626,2025-08-29 23:15:07,MOCK0004134
PT00010886,U003963,refund_deduct,-273,2026-03-13 16:26:16,MOCK0006500
PT00010887,U001240,redeem,-138,2026-04-30 04:52:38,MOCK0011180
PT00010888,U001009,order_reward,13,2025-05-14 09:32:01,MOCK0011597
PT00010889,U001309,order_reward,457,2025-07-16 17:04:14,MOCK0005479
PT00010890,U001838,order_reward,672,2025-04-14 09:54:46,MOCK0005314
PT00010891,U000602,campaign_reward,327,2025-10-12 01:42:58,MOCK0005422
PT00010892,U004175,order_reward,351,2026-04-20 19:39:29,MOCK0003492
PT00010893,U001473,order_reward,513,2025-10-25 03:07:51,MOCK0006123
PT00010894,U003359,redeem,-773,2025-12-07 05:52:16,MOCK0011355
PT00010895,U004989,campaign_reward,192,2025-03-30 07:49:35,MOCK0005262
PT00010896,U002153,refund_deduct,-777,2025-09-11 22:45:27,MOCK0007146
PT00010897,U002855,order_reward,538,2026-05-04 16:48:59,MOCK0006262
PT00010898,U002236,campaign_reward,393,2025-08-15 01:53:10,MOCK0010994
PT00010899,U003117,campaign_reward,91,2025-02-02 16:45:52,MOCK0005835
PT00010900,U002055,campaign_reward,645,2025-03-01 07:34:24,MOCK0010998
PT00010901,U002875,refund_deduct,-376,2026-07-15 16:41:56,MOCK0005837
PT00010902,U002130,order_reward,214,2026-07-31 03:13:30,MOCK0004019
PT00010903,U004602,order_reward,356,2026-05-28 05:57:59,MOCK0000882
PT00010904,U003402,redeem,-333,2025-06-21 06:59:25,MOCK0008757
PT00010905,U000768,order_reward,538,2025-05-10 08:25:10,MOCK0005243
PT00010906,U004356,order_reward,325,2025-07-03 02:56:14,MOCK0007052
PT00010907,U002869,order_reward,645,2025-08-14 17:49:41,MOCK0003134
PT00010908,U004615,order_reward,234,2026-07-17 00:26:32,MOCK0004839
PT00010909,U000456,order_reward,395,2025-01-12 17:00:04,MOCK0009397
PT00010910,U002452,redeem,-734,2026-06-21 17:20:16,MOCK0003332
PT00010911,U002151,redeem,-665,2025-11-09 13:23:10,MOCK0005076
PT00010912,U000630,redeem,-578,2025-01-24 17:51:43,MOCK0008916
PT00010913,U001126,order_reward,517,2025-02-10 11:12:56,MOCK0010056
PT00010914,U002931,order_reward,639,2026-07-28 10:10:03,MOCK0005046
PT00010915,U001209,refund_deduct,-308,2026-03-03 17:14:54,MOCK0011894
PT00010916,U000398,refund_deduct,-216,2025-03-25 23:46:35,MOCK0002111
PT00010917,U002419,order_reward,439,2026-03-14 21:00:31,MOCK0011610
PT00010918,U000174,order_reward,44,2026-04-10 23:54:57,MOCK0003113
PT00010919,U004792,order_reward,621,2025-10-13 11:53:34,MOCK0002652
PT00010920,U003234,order_reward,221,2026-03-26 11:43:47,MOCK0004093
PT00010921,U001667,campaign_reward,205,2026-06-20 23:40:50,MOCK0009588
PT00010922,U000137,refund_deduct,-98,2025-12-29 03:47:29,MOCK0008952
PT00010923,U002778,order_reward,244,2025-03-16 13:20:42,MOCK0010188
PT00010924,U000512,order_reward,216,2025-05-21 09:51:24,MOCK0011244
PT00010925,U000272,campaign_reward,31,2026-04-17 02:01:04,MOCK0007586
PT00010926,U000174,order_reward,540,2025-07-13 04:17:04,MOCK0009237
PT00010927,U004204,refund_deduct,-217,2025-09-24 20:17:45,MOCK0009690
PT00010928,U004113,order_reward,673,2025-02-08 12:39:22,MOCK0002678
PT00010929,U002985,campaign_reward,612,2025-10-17 00:47:06,MOCK0002247
PT00010930,U003275,refund_deduct,-28,2026-03-02 22:22:35,MOCK0005909
PT00010931,U002801,expire,-709,2026-03-02 03:53:37,MOCK0001923
PT00010932,U002285,order_reward,11,2026-07-10 08:10:56,MOCK0003898
PT00010933,U004798,redeem,-100,2025-08-06 22:02:32,MOCK0011310
PT00010934,U003871,order_reward,327,2025-12-08 09:53:13,MOCK0010122
PT00010935,U004024,campaign_reward,546,2025-09-28 18:54:25,MOCK0009055
PT00010936,U001121,campaign_reward,695,2025-04-09 13:33:37,MOCK0011662
PT00010937,U004218,campaign_reward,170,2025-10-04 13:29:57,MOCK0003159
PT00010938,U001815,redeem,-85,2025-03-27 11:45:52,MOCK0006457
PT00010939,U004814,order_reward,370,2025-06-19 18:58:59,MOCK0001375
PT00010940,U001308,order_reward,510,2026-02-11 22:59:53,MOCK0010359
PT00010941,U004251,campaign_reward,769,2026-08-04 21:12:45,MOCK0002002
PT00010942,U004355,order_reward,243,2025-01-03 04:43:31,MOCK0004207
PT00010943,U001792,refund_deduct,-153,2026-01-27 20:55:55,MOCK0000306
PT00010944,U003142,redeem,-13,2025-08-08 07:04:55,MOCK0005908
PT00010945,U003361,campaign_reward,162,2025-07-09 15:57:51,MOCK0007501
PT00010946,U004745,redeem,-514,2025-04-05 10:33:44,MOCK0004696
PT00010947,U003729,redeem,-544,2025-02-14 03:31:27,MOCK0010840
PT00010948,U002727,redeem,-276,2026-05-29 06:12:48,MOCK0000649
PT00010949,U004713,refund_deduct,-424,2026-07-04 02:10:56,MOCK0003078
PT00010950,U001945,order_reward,356,2026-05-28 23:11:42,MOCK0004304
PT00010951,U002438,refund_deduct,-158,2025-08-13 04:09:11,MOCK0008394
PT00010952,U004501,campaign_reward,272,2026-03-02 02:57:44,MOCK0008416
PT00010953,U004427,expire,-780,2026-05-18 16:36:49,MOCK0007532
PT00010954,U001101,refund_deduct,-94,2026-06-04 21:32:47,MOCK0003300
PT00010955,U000050,order_reward,750,2025-03-31 06:36:42,MOCK0007649
PT00010956,U002639,campaign_reward,325,2026-05-10 18:32:36,MOCK0010955
PT00010957,U000973,redeem,-248,2025-10-27 06:02:39,MOCK0009278
PT00010958,U001252,order_reward,136,2025-01-26 05:20:23,MOCK0009357
PT00010959,U004375,refund_deduct,-505,2026-05-06 03:32:27,MOCK0011469
PT00010960,U004907,order_reward,347,2025-02-24 14:25:49,MOCK0002820
PT00010961,U002771,redeem,-594,2025-10-19 18:38:57,MOCK0006853
PT00010962,U002879,campaign_reward,605,2026-02-01 02:56:59,MOCK0000104
PT00010963,U001362,campaign_reward,418,2026-05-24 02:12:44,MOCK0009310
PT00010964,U001917,order_reward,631,2025-03-12 01:13:17,MOCK0003936
PT00010965,U001019,order_reward,212,2025-02-09 15:23:43,MOCK0000911
PT00010966,U001659,campaign_reward,596,2025-07-24 13:44:09,MOCK0011039
PT00010967,U001575,redeem,-533,2025-12-18 12:41:34,MOCK0001521
PT00010968,U002553,order_reward,38,2026-07-14 06:34:11,MOCK0009625
PT00010969,U004788,redeem,-609,2026-01-07 15:00:46,MOCK0002525
PT00010970,U000586,refund_deduct,-336,2025-07-17 06:47:35,MOCK0007723
PT00010971,U002437,order_reward,162,2025-02-10 11:29:36,MOCK0001981
PT00010972,U003925,expire,-121,2025-04-08 07:10:39,MOCK0006309
PT00010973,U000170,expire,-333,2025-03-21 07:12:40,MOCK0008310
PT00010974,U003629,campaign_reward,384,2025-07-11 07:10:02,MOCK0002030
PT00010975,U001022,expire,-394,2025-05-09 09:02:00,MOCK0000267
PT00010976,U000172,campaign_reward,461,2026-05-19 13:05:34,MOCK0004055
PT00010977,U004797,refund_deduct,-107,2025-09-11 15:24:17,MOCK0002180
PT00010978,U000145,refund_deduct,-540,2026-04-30 22:11:53,MOCK0003766
PT00010979,U000727,campaign_reward,598,2025-12-18 20:35:15,MOCK0005337
PT00010980,U002205,redeem,-678,2025-03-22 14:28:45,MOCK0006737
PT00010981,U002696,redeem,-148,2025-05-20 00:20:31,MOCK0008290
PT00010982,U003492,order_reward,50,2025-02-23 10:37:33,MOCK0008550
PT00010983,U004358,order_reward,545,2025-06-13 23:04:58,MOCK0005741
PT00010984,U000572,order_reward,26,2026-03-29 08:10:51,MOCK0007340
PT00010985,U002350,expire,-599,2025-02-16 04:46:22,MOCK0001583
PT00010986,U000413,order_reward,706,2025-07-31 02:54:11,MOCK0007446
PT00010987,U000367,order_reward,675,2025-06-26 10:17:53,MOCK0008027
PT00010988,U002129,order_reward,220,2025-03-10 14:33:52,MOCK0000757
PT00010989,U000374,order_reward,82,2026-03-03 11:46:26,MOCK0009950
PT00010990,U000118,campaign_reward,359,2026-03-17 12:32:55,MOCK0006519
PT00010991,U003354,redeem,-211,2026-07-04 08:42:48,MOCK0006949
PT00010992,U001145,redeem,-653,2025-02-25 09:29:43,MOCK0009921
PT00010993,U000829,redeem,-45,2025-01-16 23:12:01,MOCK0010393
PT00010994,U004322,order_reward,366,2025-11-26 02:28:01,MOCK0011351
PT00010995,U004545,campaign_reward,234,2026-07-03 01:14:39,MOCK0009245
PT00010996,U000676,redeem,-234,2025-08-26 18:31:00,MOCK0009140
PT00010997,U003012,order_reward,607,2026-05-01 19:54:20,MOCK0006089
PT00010998,U000037,refund_deduct,-590,2025-08-12 13:44:29,MOCK0009100
PT00010999,U004693,campaign_reward,692,2026-04-24 22:15:09,MOCK0005744
PT00011000,U003980,order_reward,768,2026-02-28 09:35:35,MOCK0010550
PT00011001,U004634,expire,-351,2026-05-22 11:01:47,MOCK0001638
PT00011002,U000314,order_reward,596,2025-10-05 07:35:18,MOCK0010030
PT00011003,U001515,refund_deduct,-787,2025-08-18 01:00:03,MOCK0000026
PT00011004,U001606,order_reward,171,2025-08-29 09:31:45,MOCK0011638
PT00011005,U001511,redeem,-25,2026-01-22 15:27:27,MOCK0001217
PT00011006,U000515,order_reward,314,2025-12-24 17:49:28,MOCK0004894
PT00011007,U001605,redeem,-590,2025-03-12 08:31:03,MOCK0007193
PT00011008,U003164,order_reward,562,2025-07-22 15:01:16,MOCK0007463
PT00011009,U000579,refund_deduct,-203,2025-02-05 21:28:51,MOCK0003136
PT00011010,U003115,campaign_reward,651,2025-08-28 13:20:58,MOCK0005915
PT00011011,U003283,expire,-22,2025-08-20 22:57:07,MOCK0008173
PT00011012,U002885,expire,-230,2026-08-21 10:25:51,MOCK0002817
PT00011013,U003048,campaign_reward,521,2026-01-01 15:06:00,MOCK0004433
PT00011014,U000246,order_reward,215,2025-05-15 00:04:43,MOCK0009395
PT00011015,U004292,order_reward,415,2026-04-06 14:11:16,MOCK0001274
PT00011016,U004455,campaign_reward,646,2025-05-31 23:52:12,MOCK0004749
PT00011017,U002444,order_reward,493,2025-11-13 15:41:09,MOCK0003476
PT00011018,U000926,order_reward,238,2026-02-06 23:22:01,MOCK0004090
PT00011019,U003608,refund_deduct,-149,2025-05-31 18:31:45,MOCK0006152
PT00011020,U004659,campaign_reward,269,2025-02-05 19:44:21,MOCK0009984
PT00011021,U002577,redeem,-642,2025-06-24 03:15:55,MOCK0007290
PT00011022,U001474,redeem,-210,2025-08-31 01:20:53,MOCK0006521
PT00011023,U003241,campaign_reward,35,2025-03-31 22:40:21,MOCK0010822
PT00011024,U001282,order_reward,716,2026-02-23 03:44:33,MOCK0008064
PT00011025,U000688,campaign_reward,50,2025-06-17 00:06:45,MOCK0005179
PT00011026,U002775,redeem,-535,2025-08-25 05:34:59,MOCK0004449
PT00011027,U001679,order_reward,608,2026-08-11 06:53:35,MOCK0005741
PT00011028,U000296,campaign_reward,184,2025-04-23 14:58:52,MOCK0003742
PT00011029,U003346,order_reward,151,2025-04-28 18:40:13,MOCK0003137
PT00011030,U000842,order_reward,175,2025-04-10 07:07:33,MOCK0004433
PT00011031,U004427,order_reward,705,2026-03-24 16:57:09,MOCK0003392
PT00011032,U004580,refund_deduct,-451,2026-02-28 16:47:51,MOCK0001304
PT00011033,U004793,order_reward,517,2025-12-11 01:24:42,MOCK0009378
PT00011034,U002294,order_reward,460,2025-08-16 11:56:48,MOCK0001764
PT00011035,U004550,refund_deduct,-753,2026-07-13 12:10:55,MOCK0005838
PT00011036,U004800,refund_deduct,-537,2025-05-20 18:49:39,MOCK0001133
PT00011037,U004443,campaign_reward,432,2025-03-22 11:20:32,MOCK0005904
PT00011038,U004839,order_reward,426,2026-03-13 19:59:10,MOCK0004355
PT00011039,U001647,order_reward,277,2026-01-16 01:38:20,MOCK0004485
PT00011040,U002651,order_reward,604,2026-05-27 05:36:09,MOCK0007947
PT00011041,U003505,expire,-380,2026-06-14 01:09:41,MOCK0002605
PT00011042,U003854,campaign_reward,696,2025-05-07 20:36:24,MOCK0003240
PT00011043,U001503,order_reward,665,2025-08-04 12:07:23,MOCK0010426
PT00011044,U002541,order_reward,125,2026-03-20 15:39:34,MOCK0006210
PT00011045,U001248,order_reward,591,2025-11-20 19:54:27,MOCK0009877
PT00011046,U000736,refund_deduct,-217,2026-01-19 12:17:45,MOCK0006023
PT00011047,U000456,redeem,-340,2025-08-14 20:13:16,MOCK0002702
PT00011048,U002289,order_reward,215,2025-10-11 23:16:29,MOCK0008147
PT00011049,U001850,order_reward,264,2025-01-24 00:19:10,MOCK0006017
PT00011050,U001270,refund_deduct,-625,2026-02-16 12:24:14,MOCK0003791
PT00011051,U002847,redeem,-21,2025-08-13 10:00:14,MOCK0001050
PT00011052,U001713,order_reward,112,2025-11-03 20:14:54,MOCK0006547
PT00011053,U004009,redeem,-632,2025-07-21 00:07:38,MOCK0003820
PT00011054,U000546,order_reward,683,2026-04-07 06:10:44,MOCK0004142
PT00011055,U001225,campaign_reward,276,2026-06-26 04:52:25,MOCK0003480
PT00011056,U000300,order_reward,537,2026-03-16 12:35:46,MOCK0009759
PT00011057,U001327,order_reward,209,2025-09-08 16:09:41,MOCK0001119
PT00011058,U000179,campaign_reward,53,2026-08-11 20:04:53,MOCK0003353
PT00011059,U002364,campaign_reward,168,2025-09-17 09:27:58,MOCK0009391
PT00011060,U001787,order_reward,499,2025-11-10 06:20:07,MOCK0006122
PT00011061,U002704,expire,-287,2026-05-28 22:54:58,MOCK0006555
PT00011062,U001591,redeem,-727,2026-06-26 22:47:42,MOCK0001242
PT00011063,U002449,order_reward,506,2025-06-04 22:14:38,MOCK0008604
PT00011064,U002289,refund_deduct,-143,2026-08-09 17:18:11,MOCK0003274
PT00011065,U002699,redeem,-117,2025-11-08 18:40:13,MOCK0003300
PT00011066,U000596,order_reward,412,2025-03-05 06:46:50,MOCK0009870
PT00011067,U000817,order_reward,133,2026-03-09 07:57:43,MOCK0005477
PT00011068,U001714,order_reward,59,2025-09-03 11:34:52,MOCK0008774
PT00011069,U002292,order_reward,387,2026-01-25 05:03:11,MOCK0001832
PT00011070,U003896,order_reward,441,2026-04-06 14:09:42,MOCK0011748
PT00011071,U004758,order_reward,337,2025-10-12 09:53:49,MOCK0003020
PT00011072,U001704,order_reward,289,2026-05-10 04:48:07,MOCK0003844
PT00011073,U002139,campaign_reward,603,2026-05-17 22:35:36,MOCK0005897
PT00011074,U001638,order_reward,785,2025-05-12 05:10:25,MOCK0005699
PT00011075,U003267,redeem,-416,2025-12-04 10:44:22,MOCK0000834
PT00011076,U004443,refund_deduct,-726,2025-05-16 23:29:43,MOCK0011385
PT00011077,U001220,refund_deduct,-514,2026-06-29 00:54:57,MOCK0006855
PT00011078,U000113,redeem,-504,2025-06-12 10:27:19,MOCK0004128
PT00011079,U002130,redeem,-279,2025-08-14 01:19:45,MOCK0009990
PT00011080,U000622,order_reward,584,2025-03-16 23:06:20,MOCK0002568
PT00011081,U004946,expire,-84,2025-12-31 13:29:45,MOCK0011945
PT00011082,U003803,order_reward,205,2025-02-11 00:43:16,MOCK0005187
PT00011083,U003574,expire,-70,2025-12-04 21:00:32,MOCK0001882
PT00011084,U001328,order_reward,156,2025-12-26 10:37:05,MOCK0006774
PT00011085,U003856,redeem,-475,2025-04-01 09:38:37,MOCK0003785
PT00011086,U002228,refund_deduct,-267,2026-04-16 23:47:32,MOCK0004073
PT00011087,U000456,order_reward,616,2026-02-23 00:16:20,MOCK0003819
PT00011088,U000971,refund_deduct,-674,2025-10-28 03:09:48,MOCK0010898
PT00011089,U000251,campaign_reward,436,2025-07-17 18:22:00,MOCK0000194
PT00011090,U004286,redeem,-74,2025-06-07 01:09:58,MOCK0007862
PT00011091,U004302,redeem,-122,2025-08-12 11:00:14,MOCK0007415
PT00011092,U003100,order_reward,24,2025-09-02 22:43:53,MOCK0010566
PT00011093,U000984,redeem,-219,2025-02-13 22:16:46,MOCK0011608
PT00011094,U003214,order_reward,143,2026-03-13 17:22:54,MOCK0007461
PT00011095,U001561,order_reward,507,2026-08-09 19:36:03,MOCK0008809
PT00011096,U001451,redeem,-8,2025-08-30 07:17:57,MOCK0002842
PT00011097,U000220,campaign_reward,542,2026-03-11 21:37:13,MOCK0009667
PT00011098,U002874,order_reward,521,2025-02-26 22:49:20,MOCK0009201
PT00011099,U001753,campaign_reward,472,2025-10-22 17:42:22,MOCK0011826
PT00011100,U002771,expire,-280,2025-08-10 05:53:12,MOCK0005415
PT00011101,U001612,redeem,-181,2025-10-17 08:28:46,MOCK0005183
PT00011102,U001881,order_reward,502,2025-10-04 20:57:45,MOCK0009737
PT00011103,U004180,order_reward,482,2025-08-25 23:25:43,MOCK0006906
PT00011104,U001422,redeem,-406,2026-06-15 21:28:48,MOCK0003151
PT00011105,U003453,order_reward,329,2026-05-28 12:25:46,MOCK0003493
PT00011106,U004638,campaign_reward,763,2025-07-09 06:12:03,MOCK0006160
PT00011107,U004396,redeem,-690,2025-05-18 01:17:56,MOCK0005425
PT00011108,U004556,order_reward,105,2025-01-15 08:31:50,MOCK0003053
PT00011109,U000390,order_reward,424,2025-08-07 01:26:04,MOCK0008085
PT00011110,U003595,redeem,-635,2025-04-07 04:14:28,MOCK0006277
PT00011111,U001020,redeem,-572,2026-04-21 14:36:00,MOCK0003961
PT00011112,U002135,campaign_reward,528,2026-01-16 23:04:06,MOCK0006292
PT00011113,U001620,campaign_reward,175,2026-08-16 05:39:21,MOCK0003691
PT00011114,U004930,expire,-312,2025-09-27 21:44:26,MOCK0006744
PT00011115,U004039,order_reward,579,2025-01-31 05:58:00,MOCK0009045
PT00011116,U001857,campaign_reward,42,2025-09-30 00:05:39,MOCK0007372
PT00011117,U001276,expire,-116,2025-05-01 00:25:41,MOCK0007278
PT00011118,U004972,redeem,-572,2025-11-18 17:46:13,MOCK0011249
PT00011119,U004852,expire,-303,2026-03-08 02:44:19,MOCK0006063
PT00011120,U004135,order_reward,477,2025-05-17 19:05:15,MOCK0011849
PT00011121,U001616,order_reward,658,2025-12-30 14:42:30,MOCK0008697
PT00011122,U003915,redeem,-779,2025-08-13 14:56:59,MOCK0002889
PT00011123,U000798,redeem,-513,2025-12-12 07:39:45,MOCK0007974
PT00011124,U000566,redeem,-323,2025-06-13 00:25:42,MOCK0011595
PT00011125,U003575,redeem,-119,2026-08-18 18:26:48,MOCK0002916
PT00011126,U003050,order_reward,543,2026-04-12 18:20:56,MOCK0011096
PT00011127,U004647,order_reward,201,2026-06-16 00:31:24,MOCK0000598
PT00011128,U001172,order_reward,701,2025-12-31 17:31:37,MOCK0004025
PT00011129,U003733,order_reward,796,2026-03-20 07:30:25,MOCK0008130
PT00011130,U003075,order_reward,705,2025-06-03 01:35:24,MOCK0008323
PT00011131,U004528,campaign_reward,416,2025-09-15 17:04:57,MOCK0000035
PT00011132,U000554,order_reward,741,2026-02-09 05:38:03,MOCK0006038
PT00011133,U004535,order_reward,783,2025-12-17 11:02:06,MOCK0006083
PT00011134,U000440,order_reward,202,2025-08-21 00:35:52,MOCK0000744
PT00011135,U003157,order_reward,737,2025-08-05 06:06:08,MOCK0006314
PT00011136,U002989,redeem,-145,2025-01-21 07:04:21,MOCK0000921
PT00011137,U000684,order_reward,301,2026-05-11 13:59:15,MOCK0008963
PT00011138,U003767,order_reward,207,2025-03-19 14:10:33,MOCK0003618
PT00011139,U001261,order_reward,663,2025-03-17 03:24:07,MOCK0009766
PT00011140,U001327,order_reward,697,2025-11-07 13:06:46,MOCK0001718
PT00011141,U002818,order_reward,583,2026-06-17 03:41:31,MOCK0004551
PT00011142,U004696,redeem,-75,2025-03-24 12:08:13,MOCK0006674
PT00011143,U003497,refund_deduct,-754,2025-11-29 07:33:17,MOCK0004877
PT00011144,U004966,order_reward,459,2026-01-01 00:04:59,MOCK0011431
PT00011145,U000113,refund_deduct,-353,2025-05-27 22:56:04,MOCK0005581
PT00011146,U001617,campaign_reward,46,2026-07-25 09:57:27,MOCK0001300
PT00011147,U004709,refund_deduct,-437,2025-04-25 17:05:08,MOCK0011778
PT00011148,U002298,refund_deduct,-250,2025-11-21 00:54:43,MOCK0004725
PT00011149,U004792,campaign_reward,137,2025-06-11 11:39:51,MOCK0008647
PT00011150,U004984,expire,-699,2025-11-16 05:51:18,MOCK0008169
PT00011151,U000260,order_reward,496,2026-08-19 01:57:07,MOCK0004335
PT00011152,U002503,campaign_reward,332,2025-02-26 16:10:59,MOCK0001591
PT00011153,U004695,order_reward,391,2026-03-19 10:11:46,MOCK0010036
PT00011154,U001345,order_reward,778,2026-01-30 09:16:27,MOCK0006554
PT00011155,U001108,order_reward,348,2025-11-25 11:13:24,MOCK0009309
PT00011156,U004027,order_reward,482,2025-05-17 06:33:37,MOCK0003416
PT00011157,U002746,campaign_reward,785,2025-05-20 20:07:56,MOCK0001567
PT00011158,U001514,order_reward,770,2025-11-12 04:36:29,MOCK0007614
PT00011159,U001422,order_reward,666,2026-04-21 12:30:06,MOCK0005476
PT00011160,U000140,order_reward,246,2025-03-24 06:10:41,MOCK0006596
PT00011161,U003971,order_reward,692,2025-12-20 23:14:31,MOCK0005878
PT00011162,U000706,expire,-733,2025-10-12 22:10:28,MOCK0000584
PT00011163,U003894,order_reward,289,2025-01-18 12:17:47,MOCK0001696
PT00011164,U003077,order_reward,685,2026-03-04 21:14:37,MOCK0003372
PT00011165,U000731,order_reward,201,2025-08-15 06:09:27,MOCK0005406
PT00011166,U003857,order_reward,254,2025-08-01 22:15:35,MOCK0008845
PT00011167,U003811,refund_deduct,-214,2026-07-31 21:22:57,MOCK0005075
PT00011168,U001654,order_reward,578,2026-04-05 11:14:31,MOCK0010873
PT00011169,U000049,campaign_reward,154,2026-03-29 18:10:23,MOCK0005409
PT00011170,U002260,campaign_reward,613,2025-03-03 12:24:20,MOCK0004414
PT00011171,U004101,campaign_reward,330,2026-08-11 10:28:26,MOCK0002352
PT00011172,U003944,order_reward,795,2026-04-15 06:28:17,MOCK0000127
PT00011173,U000628,order_reward,58,2026-01-14 08:45:27,MOCK0009049
PT00011174,U002914,order_reward,799,2026-02-01 19:31:04,MOCK0005487
PT00011175,U000051,redeem,-217,2026-04-23 01:36:18,MOCK0004095
PT00011176,U001949,order_reward,743,2025-05-20 04:48:26,MOCK0007286
PT00011177,U004782,campaign_reward,380,2025-04-27 13:04:02,MOCK0007806
PT00011178,U001102,order_reward,385,2026-07-07 13:21:55,MOCK0001889
PT00011179,U000962,order_reward,581,2026-03-03 10:58:21,MOCK0009223
PT00011180,U002691,refund_deduct,-405,2025-01-13 12:46:37,MOCK0007611
PT00011181,U002579,campaign_reward,463,2025-05-20 15:59:08,MOCK0002625
PT00011182,U001841,order_reward,189,2026-05-21 13:17:58,MOCK0001172
PT00011183,U003348,campaign_reward,427,2025-08-08 10:38:53,MOCK0003084
PT00011184,U000158,order_reward,392,2026-06-06 14:48:48,MOCK0007413
PT00011185,U003558,redeem,-309,2025-09-04 14:21:34,MOCK0004556
PT00011186,U003623,order_reward,432,2026-04-03 05:43:46,MOCK0001747
PT00011187,U001927,order_reward,89,2026-05-12 17:14:15,MOCK0004931
PT00011188,U001872,order_reward,719,2025-10-20 10:49:01,MOCK0011524
PT00011189,U004968,refund_deduct,-533,2025-10-29 11:30:22,MOCK0009290
PT00011190,U000928,order_reward,590,2026-03-02 21:44:42,MOCK0010770
PT00011191,U002632,expire,-490,2025-10-07 20:19:50,MOCK0011338
PT00011192,U001912,redeem,-25,2025-01-11 14:30:00,MOCK0000226
PT00011193,U001334,order_reward,476,2026-04-18 18:00:18,MOCK0005451
PT00011194,U004187,redeem,-486,2026-06-09 16:29:59,MOCK0002613
PT00011195,U002985,redeem,-377,2026-02-22 13:41:51,MOCK0011592
PT00011196,U004823,order_reward,675,2026-02-22 13:21:29,MOCK0010391
PT00011197,U003292,expire,-433,2025-02-20 05:20:51,MOCK0009697
PT00011198,U000160,order_reward,505,2025-01-31 13:03:56,MOCK0007786
PT00011199,U001229,refund_deduct,-370,2025-02-05 14:53:00,MOCK0003473
PT00011200,U003157,campaign_reward,442,2025-05-08 09:58:06,MOCK0005594
PT00011201,U004001,redeem,-637,2025-05-04 00:51:39,MOCK0007731
PT00011202,U000438,order_reward,668,2026-07-08 14:42:02,MOCK0011392
PT00011203,U001071,order_reward,343,2025-01-03 11:57:28,MOCK0006225
PT00011204,U001165,refund_deduct,-568,2026-05-21 04:49:55,MOCK0007336
PT00011205,U004197,order_reward,296,2026-05-21 16:32:17,MOCK0006393
PT00011206,U003726,order_reward,483,2025-10-28 03:23:33,MOCK0005858
PT00011207,U004679,order_reward,638,2026-02-02 02:27:26,MOCK0010594
PT00011208,U003011,order_reward,229,2025-07-18 11:13:36,MOCK0004008
PT00011209,U004731,campaign_reward,416,2025-11-05 14:27:22,MOCK0011360
PT00011210,U003111,expire,-301,2026-01-05 03:52:23,MOCK0003849
PT00011211,U003993,order_reward,288,2025-02-03 10:48:02,MOCK0009867
PT00011212,U004510,campaign_reward,528,2025-06-30 08:21:34,MOCK0004119
PT00011213,U001347,order_reward,406,2025-06-28 23:25:27,MOCK0005989
PT00011214,U000608,order_reward,744,2026-01-29 07:25:04,MOCK0000375
PT00011215,U003930,redeem,-397,2025-11-28 15:34:51,MOCK0011530
PT00011216,U003263,order_reward,434,2025-04-27 05:40:44,MOCK0010119
PT00011217,U002058,order_reward,725,2025-10-07 13:16:28,MOCK0008654
PT00011218,U004173,campaign_reward,508,2026-05-23 15:48:33,MOCK0001463
PT00011219,U003746,order_reward,229,2025-09-15 17:20:03,MOCK0007523
PT00011220,U002342,campaign_reward,537,2026-01-21 13:51:11,MOCK0004105
PT00011221,U002767,order_reward,570,2026-06-11 19:46:10,MOCK0000203
PT00011222,U001458,order_reward,794,2025-12-16 01:17:50,MOCK0006276
PT00011223,U003691,order_reward,294,2025-03-26 15:05:14,MOCK0006102
PT00011224,U001822,order_reward,237,2025-08-12 03:54:28,MOCK0000020
PT00011225,U000697,order_reward,186,2025-06-19 17:03:27,MOCK0009369
PT00011226,U000299,refund_deduct,-794,2025-02-17 00:12:32,MOCK0008517
PT00011227,U004955,redeem,-367,2026-08-07 15:00:02,MOCK0000334
PT00011228,U003359,expire,-127,2026-05-13 16:24:04,MOCK0005510
PT00011229,U000742,campaign_reward,478,2025-05-03 02:11:51,MOCK0008944
PT00011230,U003446,order_reward,26,2025-07-04 17:45:49,MOCK0002832
PT00011231,U003152,campaign_reward,640,2025-04-29 01:59:04,MOCK0002315
PT00011232,U000234,campaign_reward,298,2026-04-18 14:23:31,MOCK0010582
PT00011233,U002657,campaign_reward,110,2025-06-09 00:01:12,MOCK0001210
PT00011234,U004552,redeem,-365,2025-03-08 18:51:30,MOCK0010628
PT00011235,U004020,campaign_reward,797,2025-03-19 00:43:12,MOCK0001707
PT00011236,U002136,order_reward,736,2025-11-03 15:10:58,MOCK0007698
PT00011237,U004134,order_reward,494,2026-05-15 02:22:16,MOCK0009891
PT00011238,U002981,order_reward,593,2025-04-02 17:33:10,MOCK0011944
PT00011239,U000426,order_reward,565,2026-06-29 19:54:26,MOCK0009789
PT00011240,U001975,order_reward,103,2026-07-11 17:12:36,MOCK0008338
PT00011241,U002229,refund_deduct,-197,2025-07-02 23:59:08,MOCK0008681
PT00011242,U000976,redeem,-251,2025-07-16 02:15:44,MOCK0010215
PT00011243,U004343,order_reward,156,2026-03-13 18:43:13,MOCK0001017
PT00011244,U004096,order_reward,664,2025-01-21 09:03:52,MOCK0010628
PT00011245,U004302,order_reward,263,2025-09-11 22:49:38,MOCK0000772
PT00011246,U002821,order_reward,367,2025-10-22 09:40:50,MOCK0009501
PT00011247,U000547,expire,-114,2025-11-29 00:04:42,MOCK0005136
PT00011248,U003555,expire,-733,2025-07-31 19:12:09,MOCK0010221
PT00011249,U000720,refund_deduct,-19,2026-01-23 20:36:07,MOCK0007630
PT00011250,U000541,expire,-188,2026-07-04 21:33:41,MOCK0005381
PT00011251,U002981,campaign_reward,159,2025-08-23 22:36:28,MOCK0011541
PT00011252,U001614,order_reward,242,2025-06-06 13:22:55,MOCK0001089
PT00011253,U001868,order_reward,612,2025-07-03 06:54:47,MOCK0004457
PT00011254,U001494,refund_deduct,-329,2025-03-13 19:32:55,MOCK0000926
PT00011255,U003629,campaign_reward,109,2025-05-11 10:15:37,MOCK0010106
PT00011256,U003606,campaign_reward,506,2026-07-02 23:36:50,MOCK0000692
PT00011257,U004285,redeem,-696,2025-12-27 23:22:01,MOCK0009437
PT00011258,U000036,campaign_reward,128,2025-01-10 12:58:41,MOCK0004379
PT00011259,U003746,order_reward,692,2025-05-23 19:36:23,MOCK0005750
PT00011260,U001800,campaign_reward,641,2025-11-24 17:21:25,MOCK0009165
PT00011261,U003165,redeem,-613,2025-08-17 05:18:16,MOCK0003865
PT00011262,U003230,order_reward,345,2026-03-13 12:36:28,MOCK0010482
PT00011263,U004977,order_reward,244,2025-10-04 23:05:10,MOCK0001724
PT00011264,U001393,campaign_reward,548,2025-07-14 13:24:31,MOCK0006760
PT00011265,U004184,campaign_reward,443,2026-04-03 20:15:51,MOCK0001552
PT00011266,U001480,campaign_reward,324,2026-06-10 20:09:37,MOCK0008082
PT00011267,U002766,campaign_reward,72,2025-06-11 14:36:53,MOCK0002844
PT00011268,U000771,order_reward,733,2026-01-11 04:41:22,MOCK0004605
PT00011269,U000553,order_reward,705,2026-01-22 21:59:22,MOCK0003073
PT00011270,U000085,order_reward,13,2025-12-30 11:02:28,MOCK0006235
PT00011271,U002397,expire,-577,2025-12-24 13:31:07,MOCK0000439
PT00011272,U004307,refund_deduct,-487,2025-01-23 13:58:00,MOCK0004186
PT00011273,U002023,campaign_reward,312,2025-12-09 22:49:31,MOCK0010552
PT00011274,U001122,order_reward,278,2026-06-21 04:48:36,MOCK0006384
PT00011275,U001867,refund_deduct,-68,2025-08-22 05:53:57,MOCK0003818
PT00011276,U000764,refund_deduct,-414,2025-12-11 15:41:16,MOCK0008533
PT00011277,U003579,campaign_reward,46,2025-11-25 23:30:49,MOCK0007836
PT00011278,U002172,order_reward,291,2025-02-18 23:30:27,MOCK0010734
PT00011279,U004419,order_reward,24,2025-09-24 23:36:34,MOCK0004062
PT00011280,U004504,order_reward,453,2025-08-05 18:09:33,MOCK0011304
PT00011281,U003466,order_reward,255,2025-02-06 07:30:30,MOCK0000596
PT00011282,U000695,campaign_reward,228,2025-10-26 20:28:41,MOCK0006306
PT00011283,U003391,order_reward,389,2025-07-25 14:13:36,MOCK0000572
PT00011284,U002698,refund_deduct,-784,2026-07-23 06:13:31,MOCK0011755
PT00011285,U003614,order_reward,470,2026-02-08 09:50:37,MOCK0011641
PT00011286,U003698,refund_deduct,-316,2025-02-10 10:18:28,MOCK0002445
PT00011287,U001815,redeem,-166,2025-07-10 10:52:44,MOCK0000687
PT00011288,U004155,order_reward,320,2025-05-05 05:26:15,MOCK0005532
PT00011289,U004634,campaign_reward,86,2025-11-07 15:37:28,MOCK0000251
PT00011290,U002735,campaign_reward,67,2025-07-15 10:50:27,MOCK0011609
PT00011291,U001027,redeem,-293,2026-02-23 19:29:00,MOCK0003962
PT00011292,U005000,expire,-195,2025-09-25 18:11:59,MOCK0008082
PT00011293,U002261,refund_deduct,-325,2025-11-12 13:39:25,MOCK0005581
PT00011294,U002277,order_reward,709,2026-08-11 19:27:30,MOCK0004091
PT00011295,U000333,order_reward,30,2025-12-07 12:39:26,MOCK0000885
PT00011296,U004034,campaign_reward,459,2026-01-25 12:03:07,MOCK0011206
PT00011297,U001566,expire,-441,2025-05-19 02:32:21,MOCK0007350
PT00011298,U001293,campaign_reward,441,2025-01-07 00:57:42,MOCK0002906
PT00011299,U002999,order_reward,125,2026-06-08 02:06:27,MOCK0007216
PT00011300,U002724,order_reward,330,2026-07-25 23:49:19,MOCK0002530
PT00011301,U002581,redeem,-708,2025-05-24 03:09:16,MOCK0009282
PT00011302,U001595,redeem,-680,2026-04-12 22:18:09,MOCK0004978
PT00011303,U000747,redeem,-552,2026-05-10 15:37:23,MOCK0003058
PT00011304,U003980,expire,-775,2025-09-06 02:43:52,MOCK0002306
PT00011305,U004063,order_reward,627,2025-10-06 20:30:16,MOCK0011799
PT00011306,U003568,order_reward,731,2025-08-14 22:02:18,MOCK0000563
PT00011307,U000015,order_reward,739,2025-02-28 03:25:39,MOCK0005829
PT00011308,U002098,order_reward,712,2026-06-17 14:30:40,MOCK0001001
PT00011309,U004671,order_reward,20,2025-09-08 04:13:17,MOCK0009768
PT00011310,U001652,order_reward,712,2025-04-25 12:59:06,MOCK0008389
PT00011311,U000982,order_reward,43,2026-08-06 06:56:01,MOCK0003579
PT00011312,U000001,campaign_reward,648,2025-02-17 20:52:28,MOCK0008372
PT00011313,U003047,order_reward,500,2025-02-10 03:44:04,MOCK0006912
PT00011314,U000131,campaign_reward,381,2025-01-30 21:49:46,MOCK0002837
PT00011315,U002666,order_reward,184,2025-07-23 01:28:33,MOCK0001872
PT00011316,U003931,redeem,-64,2026-06-29 05:44:03,MOCK0010092
PT00011317,U001182,order_reward,715,2025-03-16 20:29:15,MOCK0003408
PT00011318,U002602,refund_deduct,-400,2026-08-18 20:03:33,MOCK0000446
PT00011319,U003209,order_reward,195,2025-07-27 19:16:29,MOCK0001269
PT00011320,U003468,redeem,-350,2025-05-12 08:58:56,MOCK0002385
PT00011321,U001259,order_reward,252,2025-10-08 10:24:34,MOCK0009711
PT00011322,U003091,redeem,-90,2025-02-22 07:47:19,MOCK0002630
PT00011323,U001863,redeem,-25,2026-02-21 20:20:46,MOCK0001052
PT00011324,U000372,refund_deduct,-703,2025-08-18 17:44:17,MOCK0005935
PT00011325,U001978,order_reward,740,2026-04-17 08:33:47,MOCK0005741
PT00011326,U000370,campaign_reward,715,2026-07-01 22:29:56,MOCK0010077
PT00011327,U000126,order_reward,223,2025-06-04 23:36:35,MOCK0002929
PT00011328,U003386,order_reward,74,2025-04-08 11:48:44,MOCK0005043
PT00011329,U004381,order_reward,39,2025-12-25 11:08:38,MOCK0007393
PT00011330,U000911,campaign_reward,256,2026-01-13 21:40:20,MOCK0000347
PT00011331,U002608,campaign_reward,470,2025-08-10 11:12:20,MOCK0004717
PT00011332,U000445,order_reward,336,2025-08-30 13:02:28,MOCK0009333
PT00011333,U002699,order_reward,125,2025-07-12 02:59:22,MOCK0000060
PT00011334,U001202,order_reward,328,2025-11-15 19:34:58,MOCK0010458
PT00011335,U002084,redeem,-562,2025-12-17 09:33:07,MOCK0009109
PT00011336,U001949,redeem,-542,2026-03-14 22:20:30,MOCK0005735
PT00011337,U001511,refund_deduct,-183,2025-01-22 00:49:43,MOCK0006575
PT00011338,U003302,campaign_reward,551,2025-03-24 16:01:33,MOCK0003756
PT00011339,U001763,order_reward,257,2025-04-12 21:07:44,MOCK0010220
PT00011340,U000475,redeem,-708,2025-12-09 23:07:18,MOCK0002712
PT00011341,U002896,campaign_reward,103,2025-09-17 04:51:01,MOCK0001672
PT00011342,U004556,redeem,-340,2025-11-25 12:01:53,MOCK0001036
PT00011343,U000831,order_reward,617,2025-05-18 07:52:00,MOCK0000542
PT00011344,U003057,order_reward,745,2026-02-15 09:59:30,MOCK0003928
PT00011345,U003538,redeem,-759,2025-10-31 15:22:45,MOCK0004819
PT00011346,U002696,order_reward,364,2026-02-25 03:24:18,MOCK0002213
PT00011347,U001698,order_reward,414,2025-03-10 02:21:11,MOCK0002480
PT00011348,U004588,expire,-449,2025-07-19 02:55:33,MOCK0010374
PT00011349,U000181,redeem,-52,2026-03-07 10:27:22,MOCK0005381
PT00011350,U002795,order_reward,399,2026-01-10 11:58:11,MOCK0011954
PT00011351,U000644,redeem,-154,2025-08-14 13:47:03,MOCK0011810
PT00011352,U004586,campaign_reward,66,2026-08-16 04:57:51,MOCK0009176
PT00011353,U000366,order_reward,192,2025-03-23 11:52:33,MOCK0008870
PT00011354,U000953,expire,-84,2025-05-04 18:54:11,MOCK0008549
PT00011355,U004095,order_reward,554,2026-03-25 08:25:39,MOCK0008374
PT00011356,U001385,order_reward,707,2025-03-22 03:30:23,MOCK0010633
PT00011357,U000286,order_reward,180,2026-04-19 02:27:32,MOCK0002231
PT00011358,U002330,order_reward,762,2025-10-18 01:31:34,MOCK0000162
PT00011359,U004322,redeem,-121,2025-01-02 17:10:23,MOCK0009941
PT00011360,U002206,order_reward,658,2026-04-21 12:24:24,MOCK0004971
PT00011361,U000824,redeem,-32,2026-07-04 21:48:18,MOCK0000323
PT00011362,U002352,order_reward,44,2026-05-28 09:40:45,MOCK0010326
PT00011363,U000080,order_reward,761,2025-05-20 04:08:42,MOCK0008501
PT00011364,U004848,order_reward,317,2025-12-31 17:38:29,MOCK0003539
PT00011365,U001128,order_reward,474,2025-12-25 16:54:34,MOCK0010243
PT00011366,U003911,expire,-438,2026-02-24 11:50:31,MOCK0005867
PT00011367,U003230,order_reward,750,2025-09-01 09:07:55,MOCK0008767
PT00011368,U002558,redeem,-679,2026-03-10 00:18:32,MOCK0004134
PT00011369,U004070,order_reward,42,2026-07-28 13:23:02,MOCK0006708
PT00011370,U004193,order_reward,778,2026-02-13 07:01:01,MOCK0009967
PT00011371,U003034,campaign_reward,115,2026-08-02 10:12:52,MOCK0007287
PT00011372,U004866,redeem,-365,2025-06-02 01:43:07,MOCK0010822
PT00011373,U003064,order_reward,384,2025-10-25 13:43:43,MOCK0000924
PT00011374,U000514,expire,-512,2026-04-13 09:33:06,MOCK0006928
PT00011375,U002009,redeem,-37,2026-08-07 09:45:23,MOCK0004962
PT00011376,U001204,redeem,-687,2025-05-03 14:50:02,MOCK0004360
PT00011377,U003710,refund_deduct,-50,2025-04-02 22:11:09,MOCK0011510
PT00011378,U001858,order_reward,268,2025-07-15 06:12:18,MOCK0008888
PT00011379,U004916,order_reward,577,2025-11-24 02:49:17,MOCK0001492
PT00011380,U003267,expire,-153,2025-10-19 03:38:14,MOCK0010896
PT00011381,U001204,order_reward,282,2026-04-03 03:26:25,MOCK0004286
PT00011382,U003867,order_reward,245,2026-06-22 20:45:43,MOCK0009101
PT00011383,U001667,expire,-454,2026-04-16 23:09:39,MOCK0005856
PT00011384,U000294,expire,-302,2025-01-13 20:28:36,MOCK0002504
PT00011385,U000893,order_reward,236,2026-01-31 02:46:51,MOCK0009888
PT00011386,U002844,order_reward,754,2025-03-01 19:26:27,MOCK0005904
PT00011387,U004204,redeem,-83,2026-01-04 01:00:42,MOCK0006031
PT00011388,U002652,expire,-495,2026-04-21 13:21:33,MOCK0007409
PT00011389,U000935,order_reward,757,2025-02-11 04:18:41,MOCK0007649
PT00011390,U001079,redeem,-656,2025-06-12 23:44:35,MOCK0007140
PT00011391,U004842,redeem,-602,2026-08-08 08:24:53,MOCK0004771
PT00011392,U000434,order_reward,539,2026-06-21 06:28:14,MOCK0004632
PT00011393,U000966,redeem,-329,2025-11-02 13:13:50,MOCK0000835
PT00011394,U002902,campaign_reward,132,2025-04-04 04:41:00,MOCK0005033
PT00011395,U001418,order_reward,116,2026-07-24 17:28:22,MOCK0001998
PT00011396,U002696,campaign_reward,665,2025-10-10 15:58:10,MOCK0007783
PT00011397,U001147,order_reward,505,2026-08-16 10:30:28,MOCK0001367
PT00011398,U001453,order_reward,660,2025-10-28 15:46:49,MOCK0010545
PT00011399,U003223,redeem,-80,2026-03-20 18:08:41,MOCK0007653
PT00011400,U003691,expire,-598,2026-07-30 02:50:04,MOCK0007360
PT00011401,U000782,order_reward,586,2025-10-07 05:49:07,MOCK0005696
PT00011402,U000769,campaign_reward,668,2025-05-14 06:29:55,MOCK0001396
PT00011403,U003254,campaign_reward,127,2026-08-21 17:40:18,MOCK0007271
PT00011404,U000794,expire,-338,2025-11-16 13:19:11,MOCK0003040
PT00011405,U004554,expire,-668,2026-06-30 14:45:46,MOCK0004576
PT00011406,U000762,expire,-770,2026-08-05 05:08:59,MOCK0008316
PT00011407,U004198,refund_deduct,-349,2025-02-02 23:13:48,MOCK0006874
PT00011408,U001367,order_reward,184,2026-08-11 09:50:04,MOCK0006816
PT00011409,U001737,refund_deduct,-294,2025-01-31 23:15:15,MOCK0000290
PT00011410,U004139,order_reward,382,2026-03-17 02:25:36,MOCK0010547
PT00011411,U002624,campaign_reward,603,2026-03-14 04:17:35,MOCK0006841
PT00011412,U002394,campaign_reward,6,2025-01-12 21:38:41,MOCK0005131
PT00011413,U003232,expire,-592,2025-12-16 15:49:10,MOCK0009264
PT00011414,U003239,order_reward,342,2026-04-12 08:06:38,MOCK0005403
PT00011415,U002927,campaign_reward,624,2026-04-14 18:02:00,MOCK0009956
PT00011416,U002279,order_reward,373,2025-11-29 16:09:42,MOCK0003002
PT00011417,U000372,campaign_reward,796,2025-02-21 22:20:15,MOCK0006986
PT00011418,U001951,order_reward,777,2025-07-23 17:36:25,MOCK0001181
PT00011419,U003002,order_reward,59,2026-02-22 11:05:24,MOCK0010203
PT00011420,U003288,order_reward,349,2025-07-25 02:36:40,MOCK0010640
PT00011421,U003774,redeem,-383,2026-02-20 08:15:14,MOCK0006049
PT00011422,U001827,order_reward,523,2025-03-12 11:57:19,MOCK0006150
PT00011423,U004556,campaign_reward,621,2026-05-13 10:45:09,MOCK0001782
PT00011424,U003832,campaign_reward,35,2026-02-22 10:39:35,MOCK0000761
PT00011425,U000638,campaign_reward,675,2025-02-08 02:52:01,MOCK0009278
PT00011426,U004889,campaign_reward,678,2025-12-20 14:35:40,MOCK0003621
PT00011427,U002896,redeem,-37,2025-01-07 07:00:59,MOCK0008636
PT00011428,U003638,order_reward,39,2025-07-13 01:35:08,MOCK0011374
PT00011429,U004650,order_reward,450,2025-01-31 15:43:46,MOCK0006258
PT00011430,U003191,order_reward,750,2025-03-23 17:18:13,MOCK0006677
PT00011431,U001944,order_reward,570,2025-06-09 20:51:31,MOCK0011674
PT00011432,U002815,redeem,-437,2025-07-10 05:45:29,MOCK0011552
PT00011433,U004500,refund_deduct,-724,2025-03-03 16:14:30,MOCK0004658
PT00011434,U002705,expire,-444,2025-02-02 11:05:42,MOCK0006456
PT00011435,U003831,order_reward,287,2025-12-27 11:57:36,MOCK0008764
PT00011436,U004881,redeem,-705,2025-09-19 21:27:58,MOCK0005831
PT00011437,U002152,redeem,-220,2025-04-25 15:27:45,MOCK0002591
PT00011438,U002362,redeem,-370,2026-03-28 13:01:20,MOCK0005718
PT00011439,U003009,order_reward,644,2025-04-07 22:39:25,MOCK0003602
PT00011440,U003146,campaign_reward,118,2026-01-29 06:33:28,MOCK0002634
PT00011441,U003134,order_reward,347,2026-05-14 16:18:44,MOCK0011960
PT00011442,U001419,order_reward,432,2025-12-29 02:43:34,MOCK0004074
PT00011443,U000526,order_reward,151,2025-10-03 13:15:54,MOCK0005382
PT00011444,U000914,campaign_reward,385,2025-08-16 14:19:52,MOCK0004900
PT00011445,U003327,campaign_reward,272,2026-05-30 05:31:30,MOCK0006279
PT00011446,U003892,campaign_reward,646,2025-03-28 11:33:45,MOCK0006224
PT00011447,U003680,campaign_reward,526,2025-07-15 23:10:50,MOCK0000715
PT00011448,U002247,redeem,-745,2025-05-15 08:02:59,MOCK0002782
PT00011449,U001831,refund_deduct,-626,2026-06-19 22:38:53,MOCK0000231
PT00011450,U004498,expire,-26,2025-10-23 02:35:57,MOCK0001838
PT00011451,U003687,redeem,-663,2026-01-12 21:04:19,MOCK0006482
PT00011452,U001009,refund_deduct,-600,2025-07-02 04:59:49,MOCK0010775
PT00011453,U001374,campaign_reward,681,2025-10-23 17:57:51,MOCK0001684
PT00011454,U002570,refund_deduct,-305,2025-11-18 12:55:46,MOCK0005815
PT00011455,U002621,order_reward,420,2025-08-24 00:13:23,MOCK0007663
PT00011456,U001208,order_reward,276,2026-05-01 11:07:21,MOCK0008189
PT00011457,U002738,refund_deduct,-418,2025-10-12 10:36:03,MOCK0003539
PT00011458,U000215,order_reward,626,2025-07-08 15:11:19,MOCK0002138
PT00011459,U003244,expire,-408,2026-03-27 13:34:16,MOCK0004558
PT00011460,U001428,order_reward,503,2026-07-03 18:29:44,MOCK0006930
PT00011461,U003093,order_reward,613,2026-06-08 15:29:19,MOCK0007211
PT00011462,U000078,order_reward,347,2025-09-26 05:57:59,MOCK0003170
PT00011463,U002961,campaign_reward,497,2026-02-03 10:27:33,MOCK0009436
PT00011464,U000713,order_reward,184,2025-12-02 03:10:03,MOCK0011046
PT00011465,U004434,campaign_reward,414,2026-01-04 01:23:44,MOCK0010204
PT00011466,U000805,refund_deduct,-666,2025-10-14 06:42:01,MOCK0003980
PT00011467,U003365,campaign_reward,433,2025-04-02 07:56:37,MOCK0002569
PT00011468,U002007,expire,-413,2026-02-23 22:09:55,MOCK0007606
PT00011469,U003823,order_reward,667,2026-03-01 14:45:25,MOCK0007456
PT00011470,U002096,redeem,-92,2026-02-17 06:42:48,MOCK0009115
PT00011471,U004280,campaign_reward,628,2025-08-22 17:31:14,MOCK0009629
PT00011472,U001556,redeem,-634,2025-11-02 19:31:57,MOCK0002469
PT00011473,U002062,order_reward,317,2025-11-29 14:02:12,MOCK0010230
PT00011474,U001403,order_reward,632,2025-10-06 23:17:06,MOCK0008791
PT00011475,U002992,order_reward,274,2025-11-08 01:16:43,MOCK0008604
PT00011476,U001438,order_reward,774,2026-01-22 16:16:36,MOCK0002431
PT00011477,U004658,order_reward,104,2025-05-08 22:37:18,MOCK0005905
PT00011478,U003749,order_reward,658,2025-07-20 15:28:20,MOCK0002292
PT00011479,U004882,order_reward,179,2025-08-14 16:45:20,MOCK0006075
PT00011480,U001132,order_reward,702,2026-07-15 16:02:43,MOCK0003917
PT00011481,U004386,order_reward,783,2025-10-18 19:06:17,MOCK0005270
PT00011482,U001876,order_reward,773,2025-06-07 00:18:54,MOCK0006039
PT00011483,U004671,refund_deduct,-510,2025-08-05 15:26:47,MOCK0006309
PT00011484,U001801,order_reward,345,2025-02-17 11:14:34,MOCK0007641
PT00011485,U002459,redeem,-673,2026-03-26 12:38:48,MOCK0007932
PT00011486,U004488,order_reward,252,2026-07-05 21:18:06,MOCK0001906
PT00011487,U001501,order_reward,779,2026-08-06 16:47:35,MOCK0011957
PT00011488,U003878,order_reward,232,2025-12-10 21:53:44,MOCK0006557
PT00011489,U003671,order_reward,585,2025-04-24 09:01:43,MOCK0007120
PT00011490,U004717,campaign_reward,218,2025-04-10 13:12:02,MOCK0011531
PT00011491,U000837,order_reward,705,2026-07-13 13:05:15,MOCK0008770
PT00011492,U001225,redeem,-166,2025-01-11 05:30:24,MOCK0006305
PT00011493,U001722,order_reward,105,2025-08-14 19:24:26,MOCK0010530
PT00011494,U000614,campaign_reward,261,2025-04-04 09:32:12,MOCK0008231
PT00011495,U000250,redeem,-530,2026-04-29 05:18:40,MOCK0004635
PT00011496,U001022,refund_deduct,-694,2026-03-29 01:06:07,MOCK0003751
PT00011497,U003692,redeem,-754,2026-03-10 02:47:59,MOCK0003853
PT00011498,U000825,order_reward,345,2026-01-15 20:51:34,MOCK0004757
PT00011499,U002517,order_reward,347,2025-07-08 12:21:01,MOCK0002999
PT00011500,U004351,redeem,-173,2026-05-06 15:19:55,MOCK0007969
PT00011501,U001937,order_reward,549,2026-06-06 15:37:35,MOCK0000427
PT00011502,U001409,order_reward,66,2025-03-16 21:14:25,MOCK0008796
PT00011503,U001756,order_reward,129,2025-05-21 06:22:45,MOCK0010568
PT00011504,U002818,order_reward,470,2026-01-12 20:25:53,MOCK0000271
PT00011505,U002210,order_reward,405,2025-05-27 21:33:14,MOCK0007309
PT00011506,U001372,redeem,-184,2025-10-12 08:39:10,MOCK0001972
PT00011507,U004794,order_reward,620,2026-01-30 14:20:59,MOCK0001847
PT00011508,U002603,order_reward,573,2025-01-15 10:01:03,MOCK0003751
PT00011509,U002981,order_reward,700,2025-03-24 19:08:03,MOCK0002704
PT00011510,U003380,order_reward,732,2026-07-23 14:23:34,MOCK0010346
PT00011511,U003890,order_reward,756,2025-03-12 23:35:12,MOCK0001734
PT00011512,U002857,order_reward,193,2025-01-16 08:15:21,MOCK0003700
PT00011513,U002316,order_reward,332,2025-10-27 01:17:03,MOCK0010483
PT00011514,U004160,redeem,-177,2026-07-01 22:40:01,MOCK0003383
PT00011515,U004331,order_reward,768,2025-09-19 16:05:11,MOCK0003497
PT00011516,U002872,campaign_reward,206,2025-06-25 07:14:27,MOCK0010867
PT00011517,U004594,campaign_reward,414,2025-07-18 02:06:19,MOCK0009213
PT00011518,U004149,order_reward,355,2025-09-29 05:45:53,MOCK0004983
PT00011519,U004962,order_reward,175,2025-03-01 03:27:09,MOCK0003927
PT00011520,U002848,redeem,-215,2026-03-16 13:04:06,MOCK0000213
PT00011521,U004729,campaign_reward,589,2026-01-03 08:26:21,MOCK0003307
PT00011522,U002695,refund_deduct,-113,2026-02-14 22:21:22,MOCK0009749
PT00011523,U000136,campaign_reward,181,2025-05-15 11:48:05,MOCK0001023
PT00011524,U000265,order_reward,634,2025-03-11 01:12:21,MOCK0008404
PT00011525,U002718,campaign_reward,258,2026-05-05 19:31:52,MOCK0000342
PT00011526,U000010,redeem,-321,2026-03-25 20:20:12,MOCK0001034
PT00011527,U000012,campaign_reward,604,2026-07-31 07:42:00,MOCK0001228
PT00011528,U004625,campaign_reward,543,2025-04-17 03:51:14,MOCK0009561
PT00011529,U001596,redeem,-741,2025-05-01 03:43:08,MOCK0002404
PT00011530,U004098,order_reward,309,2026-08-05 17:29:34,MOCK0006625
PT00011531,U000916,campaign_reward,658,2026-07-26 22:16:27,MOCK0003179
PT00011532,U003125,refund_deduct,-437,2025-08-14 11:33:25,MOCK0003193
PT00011533,U002081,order_reward,386,2025-08-11 18:18:55,MOCK0008984
PT00011534,U004233,order_reward,112,2025-07-17 22:06:29,MOCK0007445
PT00011535,U003160,order_reward,257,2026-08-06 00:51:59,MOCK0008326
PT00011536,U000369,order_reward,64,2026-04-01 11:24:26,MOCK0007366
PT00011537,U001795,refund_deduct,-636,2025-03-19 16:09:15,MOCK0009694
PT00011538,U002718,redeem,-313,2025-10-28 22:51:12,MOCK0008350
PT00011539,U002567,order_reward,235,2026-01-23 21:13:59,MOCK0005718
PT00011540,U002795,campaign_reward,630,2026-03-25 07:40:48,MOCK0001567
PT00011541,U002228,campaign_reward,696,2026-07-18 10:51:12,MOCK0000239
PT00011542,U000654,redeem,-147,2025-08-12 18:09:32,MOCK0009842
PT00011543,U002706,order_reward,577,2025-02-02 16:22:54,MOCK0008713
PT00011544,U002549,order_reward,723,2026-03-24 00:41:00,MOCK0009005
PT00011545,U004997,order_reward,615,2025-01-03 13:03:55,MOCK0002765
PT00011546,U003221,order_reward,439,2025-07-12 05:05:11,MOCK0001449
PT00011547,U002455,order_reward,650,2025-05-04 02:16:42,MOCK0000765
PT00011548,U004022,campaign_reward,404,2025-01-08 01:13:15,MOCK0003150
PT00011549,U002783,order_reward,476,2026-03-27 15:14:54,MOCK0009756
PT00011550,U001380,order_reward,488,2025-08-01 06:17:17,MOCK0010027
PT00011551,U004531,order_reward,452,2026-08-06 17:49:45,MOCK0011504
PT00011552,U000296,order_reward,689,2025-11-09 20:50:55,MOCK0009603
PT00011553,U000450,order_reward,728,2026-01-15 08:27:57,MOCK0002769
PT00011554,U003873,order_reward,184,2025-03-07 00:34:27,MOCK0002226
PT00011555,U000139,campaign_reward,134,2026-06-11 17:57:31,MOCK0011609
PT00011556,U000415,order_reward,726,2025-09-06 18:15:53,MOCK0004605
PT00011557,U002573,expire,-147,2025-12-20 09:36:22,MOCK0008386
PT00011558,U001040,expire,-648,2026-05-05 12:40:52,MOCK0008955
PT00011559,U001113,redeem,-739,2025-02-24 00:30:38,MOCK0010463
PT00011560,U004871,order_reward,183,2025-09-27 07:07:38,MOCK0008256
PT00011561,U003574,expire,-96,2026-07-17 13:29:26,MOCK0011545
PT00011562,U002477,campaign_reward,127,2025-11-09 00:42:42,MOCK0011367
PT00011563,U003739,redeem,-48,2026-07-08 16:15:06,MOCK0001299
PT00011564,U002594,order_reward,526,2026-03-04 20:26:13,MOCK0002730
PT00011565,U000620,refund_deduct,-718,2025-07-20 10:29:14,MOCK0010718
PT00011566,U001799,refund_deduct,-408,2025-10-28 14:49:18,MOCK0000772
PT00011567,U000089,order_reward,18,2025-08-23 00:54:41,MOCK0002354
PT00011568,U000088,order_reward,191,2025-10-14 22:26:40,MOCK0007164
PT00011569,U003146,refund_deduct,-89,2026-08-18 08:19:13,MOCK0006088
PT00011570,U000916,order_reward,762,2025-04-09 11:52:09,MOCK0008528
PT00011571,U003258,order_reward,533,2025-09-13 03:26:03,MOCK0011534
PT00011572,U004173,order_reward,224,2026-01-25 21:20:28,MOCK0004686
PT00011573,U000722,refund_deduct,-635,2025-06-05 01:19:38,MOCK0002018
PT00011574,U003134,order_reward,637,2025-07-26 13:10:55,MOCK0008832
PT00011575,U002340,order_reward,641,2026-08-11 11:19:36,MOCK0005036
PT00011576,U001771,order_reward,759,2026-03-24 22:21:51,MOCK0000209
PT00011577,U002514,campaign_reward,685,2026-07-23 13:55:55,MOCK0004226
PT00011578,U001290,order_reward,642,2025-05-01 07:38:52,MOCK0002769
PT00011579,U000764,expire,-168,2026-04-01 07:08:05,MOCK0009123
PT00011580,U002745,redeem,-423,2026-07-09 00:40:42,MOCK0006688
PT00011581,U004021,campaign_reward,342,2026-06-16 23:56:01,MOCK0006830
PT00011582,U001766,order_reward,308,2025-10-11 11:48:40,MOCK0011213
PT00011583,U003891,order_reward,247,2026-01-06 14:31:49,MOCK0004386
PT00011584,U002758,refund_deduct,-295,2025-07-01 20:22:01,MOCK0006761
PT00011585,U002559,redeem,-588,2026-07-28 09:13:25,MOCK0010367
PT00011586,U003331,order_reward,228,2025-04-02 05:01:12,MOCK0004819
PT00011587,U003042,expire,-729,2026-04-16 00:07:17,MOCK0006968
PT00011588,U002913,redeem,-377,2026-03-28 03:33:31,MOCK0005851
PT00011589,U001792,order_reward,709,2026-07-12 23:44:08,MOCK0001016
PT00011590,U004690,order_reward,199,2025-03-25 09:21:45,MOCK0002233
PT00011591,U003092,redeem,-186,2026-06-14 23:03:45,MOCK0003474
PT00011592,U001470,order_reward,188,2026-01-31 09:30:03,MOCK0000813
PT00011593,U000761,order_reward,93,2026-01-13 16:00:18,MOCK0002480
PT00011594,U000013,order_reward,541,2025-07-12 17:53:02,MOCK0008287
PT00011595,U004694,expire,-15,2025-07-12 20:09:47,MOCK0000484
PT00011596,U000294,refund_deduct,-292,2025-11-23 19:59:49,MOCK0011267
PT00011597,U001351,expire,-369,2025-04-10 21:34:28,MOCK0011409
PT00011598,U001962,redeem,-91,2026-04-26 06:08:49,MOCK0010782
PT00011599,U004715,order_reward,703,2025-08-26 16:34:20,MOCK0000783
PT00011600,U002135,refund_deduct,-305,2025-07-22 23:49:36,MOCK0006958
PT00011601,U000727,expire,-555,2025-04-27 01:54:40,MOCK0005886
PT00011602,U003213,campaign_reward,734,2026-06-05 06:50:10,MOCK0000022
PT00011603,U001720,order_reward,476,2025-07-15 15:37:50,MOCK0007036
PT00011604,U003937,order_reward,520,2025-10-10 07:23:42,MOCK0003279
PT00011605,U001499,campaign_reward,17,2025-05-07 23:14:02,MOCK0009004
PT00011606,U000926,expire,-485,2025-05-25 13:02:57,MOCK0009596
PT00011607,U000503,refund_deduct,-444,2025-08-01 14:53:37,MOCK0001813
PT00011608,U001437,campaign_reward,219,2025-07-09 09:10:29,MOCK0003775
PT00011609,U001009,order_reward,769,2025-12-23 19:38:52,MOCK0003246
PT00011610,U002600,redeem,-584,2025-06-17 23:56:57,MOCK0006737
PT00011611,U003606,order_reward,20,2025-09-23 16:27:02,MOCK0009172
PT00011612,U000852,order_reward,286,2025-10-27 23:40:57,MOCK0003883
PT00011613,U004703,order_reward,557,2025-03-24 07:50:05,MOCK0000539
PT00011614,U001819,order_reward,621,2025-12-11 03:04:05,MOCK0006844
PT00011615,U002691,order_reward,513,2025-11-08 00:48:40,MOCK0003102
PT00011616,U003996,order_reward,782,2026-07-26 17:32:22,MOCK0010149
PT00011617,U001449,campaign_reward,748,2026-01-25 12:30:22,MOCK0008428
PT00011618,U002195,campaign_reward,358,2026-05-07 15:33:33,MOCK0005093
PT00011619,U002111,order_reward,207,2025-07-07 06:09:35,MOCK0006788
PT00011620,U001351,order_reward,396,2025-03-22 22:12:16,MOCK0002477
PT00011621,U001106,order_reward,513,2025-12-03 09:04:06,MOCK0005351
PT00011622,U001749,order_reward,110,2025-03-03 21:13:04,MOCK0006250
PT00011623,U003624,order_reward,317,2025-10-22 18:51:40,MOCK0001810
PT00011624,U002184,campaign_reward,705,2026-02-19 20:49:33,MOCK0002815
PT00011625,U004529,refund_deduct,-494,2026-07-15 04:36:50,MOCK0003187
PT00011626,U004400,order_reward,50,2025-02-13 20:03:58,MOCK0003028
PT00011627,U002882,campaign_reward,324,2025-08-29 09:33:07,MOCK0003388
PT00011628,U003763,order_reward,257,2025-03-18 07:49:19,MOCK0008958
PT00011629,U004857,redeem,-411,2025-09-17 22:37:41,MOCK0006251
PT00011630,U003198,redeem,-16,2026-04-22 15:03:22,MOCK0007877
PT00011631,U000317,refund_deduct,-592,2026-05-30 14:46:20,MOCK0003261
PT00011632,U000152,campaign_reward,466,2026-01-21 11:54:07,MOCK0010527
PT00011633,U001006,redeem,-680,2025-11-23 12:55:00,MOCK0002974
PT00011634,U000952,order_reward,337,2026-03-17 08:54:00,MOCK0011620
PT00011635,U002373,order_reward,660,2025-03-12 21:12:10,MOCK0008734
PT00011636,U004405,order_reward,104,2026-03-10 23:53:20,MOCK0011042
PT00011637,U000360,order_reward,741,2025-04-16 18:31:51,MOCK0006065
PT00011638,U004659,campaign_reward,461,2025-04-25 17:51:33,MOCK0001806
PT00011639,U001153,campaign_reward,295,2025-08-26 13:41:58,MOCK0011789
PT00011640,U002484,redeem,-66,2026-02-28 16:05:27,MOCK0010152
PT00011641,U002953,order_reward,485,2025-09-14 22:54:25,MOCK0009374
PT00011642,U000399,redeem,-494,2025-08-22 19:35:27,MOCK0004748
PT00011643,U002786,expire,-787,2026-05-01 12:09:10,MOCK0000907
PT00011644,U000993,redeem,-543,2026-01-13 00:13:42,MOCK0009358
PT00011645,U000134,order_reward,756,2026-08-06 19:58:40,MOCK0001717
PT00011646,U002602,campaign_reward,555,2025-03-23 22:10:32,MOCK0002602
PT00011647,U003423,order_reward,158,2025-04-06 22:37:14,MOCK0007364
PT00011648,U003078,campaign_reward,311,2025-10-03 10:23:42,MOCK0007632
PT00011649,U001121,order_reward,713,2026-03-21 19:26:30,MOCK0006897
PT00011650,U001888,redeem,-87,2026-06-17 14:16:03,MOCK0005855
PT00011651,U000218,expire,-422,2025-01-06 21:12:13,MOCK0000659
PT00011652,U002882,order_reward,450,2025-12-14 05:34:10,MOCK0004984
PT00011653,U000719,order_reward,495,2025-06-04 03:31:29,MOCK0003017
PT00011654,U001566,order_reward,28,2025-08-21 01:51:33,MOCK0011945
PT00011655,U000088,redeem,-157,2026-08-06 12:59:36,MOCK0001968
PT00011656,U001287,order_reward,716,2025-08-08 11:06:22,MOCK0004187
PT00011657,U001183,campaign_reward,579,2025-09-12 06:39:51,MOCK0005231
PT00011658,U003327,redeem,-94,2026-08-16 19:05:36,MOCK0010092
PT00011659,U003944,campaign_reward,536,2025-08-10 08:05:11,MOCK0010336
PT00011660,U001456,order_reward,145,2026-07-31 13:31:10,MOCK0009387
PT00011661,U000437,order_reward,586,2026-03-04 06:57:11,MOCK0003012
PT00011662,U001683,refund_deduct,-77,2026-03-08 08:59:07,MOCK0005659
PT00011663,U002588,refund_deduct,-484,2025-09-27 10:39:17,MOCK0008377
PT00011664,U002339,order_reward,618,2025-07-10 08:40:12,MOCK0001834
PT00011665,U004676,expire,-610,2025-04-26 14:56:30,MOCK0002041
PT00011666,U001831,redeem,-670,2026-05-30 15:27:30,MOCK0008531
PT00011667,U004195,redeem,-28,2025-05-09 12:45:19,MOCK0011198
PT00011668,U002741,redeem,-81,2026-05-29 23:45:30,MOCK0006904
PT00011669,U001385,campaign_reward,58,2026-01-21 00:11:35,MOCK0009420
PT00011670,U004132,redeem,-567,2025-08-05 21:27:01,MOCK0001059
PT00011671,U004847,campaign_reward,534,2025-06-21 04:58:23,MOCK0011311
PT00011672,U000541,order_reward,666,2026-07-17 04:47:22,MOCK0005747
PT00011673,U003453,order_reward,490,2026-04-22 07:52:23,MOCK0010899
PT00011674,U004406,order_reward,135,2025-11-23 10:08:23,MOCK0001343
PT00011675,U004423,order_reward,478,2026-04-07 07:49:00,MOCK0010431
PT00011676,U001030,campaign_reward,236,2025-01-04 09:54:19,MOCK0009436
PT00011677,U002236,order_reward,102,2025-06-16 14:53:31,MOCK0004555
PT00011678,U000879,campaign_reward,573,2025-04-27 07:52:29,MOCK0005939
PT00011679,U002430,refund_deduct,-738,2025-10-31 18:06:34,MOCK0009413
PT00011680,U004252,redeem,-295,2025-09-22 06:42:34,MOCK0005597
PT00011681,U004864,redeem,-794,2025-07-12 13:46:38,MOCK0009836
PT00011682,U001442,order_reward,570,2025-12-02 16:28:44,MOCK0003713
PT00011683,U001694,campaign_reward,643,2025-05-26 11:50:04,MOCK0010630
PT00011684,U004122,order_reward,647,2025-07-20 06:35:08,MOCK0006682
PT00011685,U001228,campaign_reward,384,2025-05-19 09:55:19,MOCK0010275
PT00011686,U002628,order_reward,549,2026-08-18 12:05:43,MOCK0000628
PT00011687,U004757,order_reward,161,2026-02-23 08:44:28,MOCK0006827
PT00011688,U004765,campaign_reward,612,2026-03-19 04:01:02,MOCK0011968
PT00011689,U003869,order_reward,242,2025-08-31 04:36:13,MOCK0009465
PT00011690,U004893,refund_deduct,-256,2025-03-15 12:20:39,MOCK0005998
PT00011691,U001416,expire,-695,2025-07-16 16:45:22,MOCK0002737
PT00011692,U004787,campaign_reward,306,2026-07-31 23:27:17,MOCK0000503
PT00011693,U002634,order_reward,439,2026-01-22 00:28:26,MOCK0005340
PT00011694,U000622,order_reward,114,2025-05-22 21:51:19,MOCK0002491
PT00011695,U000146,order_reward,216,2025-12-24 14:18:51,MOCK0003763
PT00011696,U003025,order_reward,590,2026-06-14 07:55:45,MOCK0008905
PT00011697,U003067,campaign_reward,565,2026-05-29 08:11:53,MOCK0006092
PT00011698,U000469,order_reward,213,2026-06-21 16:47:25,MOCK0000976
PT00011699,U004139,campaign_reward,591,2026-07-28 18:44:33,MOCK0005555
PT00011700,U002638,order_reward,120,2025-07-05 05:03:17,MOCK0002001
PT00011701,U004299,order_reward,507,2025-06-25 09:08:50,MOCK0010043
PT00011702,U000543,order_reward,648,2025-02-06 09:59:23,MOCK0004327
PT00011703,U003025,campaign_reward,364,2025-05-14 03:19:31,MOCK0002951
PT00011704,U002129,order_reward,696,2026-01-11 05:04:48,MOCK0004643
PT00011705,U003563,expire,-790,2025-03-28 04:01:30,MOCK0001169
PT00011706,U002008,order_reward,533,2025-10-25 00:09:44,MOCK0004335
PT00011707,U002589,redeem,-535,2025-12-21 00:55:01,MOCK0010388
PT00011708,U000879,campaign_reward,333,2026-03-20 09:49:57,MOCK0010142
PT00011709,U002573,refund_deduct,-768,2026-01-26 02:30:27,MOCK0008788
PT00011710,U000102,redeem,-520,2025-11-03 10:12:18,MOCK0008742
PT00011711,U003265,order_reward,520,2025-02-05 03:34:43,MOCK0008237
PT00011712,U004391,order_reward,452,2026-05-02 06:54:36,MOCK0008101
PT00011713,U002546,redeem,-171,2026-07-05 04:24:56,MOCK0000439
PT00011714,U002688,order_reward,425,2025-01-02 10:58:01,MOCK0000891
PT00011715,U001403,expire,-265,2025-12-11 01:58:43,MOCK0006852
PT00011716,U001197,campaign_reward,18,2025-04-28 08:16:12,MOCK0007927
PT00011717,U001807,order_reward,179,2026-03-15 21:06:51,MOCK0007464
PT00011718,U004111,order_reward,320,2025-08-03 04:06:16,MOCK0002868
PT00011719,U001647,refund_deduct,-766,2025-04-28 09:15:29,MOCK0011972
PT00011720,U004448,campaign_reward,29,2025-08-14 14:14:09,MOCK0003184
PT00011721,U004412,order_reward,462,2025-02-03 20:38:58,MOCK0006394
PT00011722,U003824,campaign_reward,94,2025-01-02 09:52:28,MOCK0001714
PT00011723,U001876,redeem,-515,2025-05-25 11:34:00,MOCK0004842
PT00011724,U001287,order_reward,701,2026-07-16 21:50:00,MOCK0011820
PT00011725,U002174,order_reward,438,2026-04-07 19:32:10,MOCK0006725
PT00011726,U001176,expire,-498,2025-01-09 15:07:35,MOCK0002443
PT00011727,U002727,campaign_reward,746,2025-04-05 02:40:26,MOCK0005706
PT00011728,U004107,order_reward,288,2025-04-05 10:07:14,MOCK0005362
PT00011729,U002980,refund_deduct,-413,2025-10-08 03:35:28,MOCK0008108
PT00011730,U001000,order_reward,412,2026-06-29 00:44:04,MOCK0008848
PT00011731,U000973,redeem,-251,2025-10-16 12:45:12,MOCK0001572
PT00011732,U004432,order_reward,132,2025-08-07 06:41:53,MOCK0001684
PT00011733,U003503,refund_deduct,-154,2025-11-26 10:55:18,MOCK0008258
PT00011734,U001946,expire,-546,2025-10-10 21:31:46,MOCK0004113
PT00011735,U000642,order_reward,145,2025-06-18 06:25:39,MOCK0002315
PT00011736,U003843,order_reward,320,2025-01-07 03:23:31,MOCK0000389
PT00011737,U004606,order_reward,98,2026-07-24 04:20:36,MOCK0004483
PT00011738,U002736,order_reward,743,2025-09-17 19:18:12,MOCK0006038
PT00011739,U002601,redeem,-419,2025-05-22 03:56:14,MOCK0003461
PT00011740,U004731,redeem,-283,2025-02-21 08:36:31,MOCK0003745
PT00011741,U004238,refund_deduct,-88,2025-03-11 08:01:26,MOCK0006523
PT00011742,U001319,order_reward,35,2025-07-16 18:50:43,MOCK0006268
PT00011743,U004405,order_reward,395,2025-02-19 07:33:52,MOCK0005160
PT00011744,U004229,redeem,-45,2025-04-04 05:18:56,MOCK0000186
PT00011745,U001328,order_reward,774,2026-06-03 04:07:15,MOCK0010296
PT00011746,U001057,campaign_reward,264,2026-08-21 07:33:49,MOCK0000694
PT00011747,U002659,order_reward,240,2025-12-30 16:26:44,MOCK0007913
PT00011748,U004187,campaign_reward,154,2025-10-19 14:41:48,MOCK0010276
PT00011749,U002866,order_reward,222,2025-08-22 00:32:17,MOCK0005431
PT00011750,U001794,order_reward,500,2025-01-31 04:02:22,MOCK0011848
PT00011751,U000796,order_reward,572,2025-09-13 18:00:46,MOCK0003854
PT00011752,U000190,order_reward,412,2025-07-01 01:17:37,MOCK0004927
PT00011753,U001747,campaign_reward,329,2025-11-25 02:25:54,MOCK0010722
PT00011754,U003989,order_reward,149,2025-06-30 12:22:30,MOCK0007272
PT00011755,U003828,redeem,-18,2026-03-08 17:06:16,MOCK0009215
PT00011756,U001800,order_reward,709,2026-07-21 04:12:25,MOCK0008776
PT00011757,U000560,campaign_reward,697,2025-04-24 23:30:34,MOCK0006932
PT00011758,U004260,redeem,-225,2026-02-28 17:21:00,MOCK0001627
PT00011759,U001706,redeem,-148,2025-11-28 20:15:25,MOCK0003948
PT00011760,U000694,order_reward,134,2025-02-28 11:46:33,MOCK0008157
PT00011761,U003555,order_reward,286,2026-04-21 04:20:13,MOCK0004081
PT00011762,U000387,order_reward,358,2026-02-20 21:52:36,MOCK0003341
PT00011763,U004876,campaign_reward,188,2025-08-17 23:53:14,MOCK0005708
PT00011764,U000700,expire,-119,2025-08-15 13:35:04,MOCK0008456
PT00011765,U001963,order_reward,85,2026-08-13 01:19:01,MOCK0006487
PT00011766,U003543,order_reward,579,2025-10-22 17:07:13,MOCK0010694
PT00011767,U003614,campaign_reward,421,2025-01-26 17:13:45,MOCK0010357
PT00011768,U004637,order_reward,105,2025-09-10 01:12:23,MOCK0008445
PT00011769,U003378,expire,-137,2025-11-26 08:28:22,MOCK0003792
PT00011770,U003267,expire,-777,2026-01-28 02:05:58,MOCK0001031
PT00011771,U001532,refund_deduct,-764,2025-07-22 13:26:00,MOCK0006650
PT00011772,U001968,redeem,-15,2025-06-12 01:52:10,MOCK0011299
PT00011773,U002369,campaign_reward,631,2025-09-28 02:17:56,MOCK0000748
PT00011774,U002141,order_reward,623,2025-08-05 05:41:59,MOCK0001076
PT00011775,U002537,campaign_reward,488,2026-07-16 02:32:40,MOCK0006653
PT00011776,U004396,order_reward,508,2025-05-25 00:00:45,MOCK0002240
PT00011777,U003617,order_reward,287,2025-03-17 02:50:46,MOCK0003076
PT00011778,U000352,order_reward,667,2026-03-22 05:13:18,MOCK0001322
PT00011779,U002007,refund_deduct,-554,2025-12-22 20:16:24,MOCK0003590
PT00011780,U000752,redeem,-552,2025-03-27 13:54:08,MOCK0003552
PT00011781,U002168,redeem,-227,2025-12-22 00:06:58,MOCK0003208
PT00011782,U004922,order_reward,386,2025-01-12 22:44:22,MOCK0001689
PT00011783,U003850,order_reward,219,2025-08-23 18:35:25,MOCK0003895
PT00011784,U004748,order_reward,413,2025-08-09 15:28:35,MOCK0008661
PT00011785,U002461,redeem,-489,2025-09-30 00:38:09,MOCK0004129
PT00011786,U004677,campaign_reward,321,2025-05-13 07:21:48,MOCK0005729
PT00011787,U001131,refund_deduct,-389,2025-11-13 06:39:58,MOCK0010148
PT00011788,U001973,order_reward,56,2025-11-25 14:06:15,MOCK0009394
PT00011789,U002408,order_reward,199,2026-08-08 13:20:51,MOCK0003116
PT00011790,U001082,order_reward,118,2026-06-09 01:54:56,MOCK0001276
PT00011791,U001671,redeem,-141,2026-04-05 07:30:56,MOCK0001280
PT00011792,U004792,order_reward,527,2025-02-02 08:25:43,MOCK0003673
PT00011793,U002306,order_reward,647,2025-05-14 06:43:46,MOCK0003908
PT00011794,U003054,order_reward,685,2026-05-14 05:08:19,MOCK0005286
PT00011795,U004613,order_reward,498,2025-01-23 17:30:48,MOCK0003911
PT00011796,U004767,order_reward,271,2026-07-18 23:24:52,MOCK0004612
PT00011797,U001777,campaign_reward,195,2025-04-08 17:16:37,MOCK0011144
PT00011798,U000252,order_reward,109,2025-02-25 16:09:23,MOCK0006731
PT00011799,U000436,redeem,-593,2025-02-26 06:58:09,MOCK0000243
PT00011800,U001783,order_reward,51,2026-03-05 08:48:28,MOCK0006376
PT00011801,U002822,order_reward,517,2026-05-27 19:42:32,MOCK0004911
PT00011802,U000969,order_reward,539,2025-09-28 23:30:16,MOCK0009296
PT00011803,U002021,campaign_reward,643,2026-07-08 22:47:15,MOCK0010386
PT00011804,U001046,order_reward,720,2026-01-19 09:20:16,MOCK0009009
PT00011805,U000665,order_reward,788,2025-02-08 14:24:21,MOCK0001717
PT00011806,U004447,redeem,-413,2026-08-11 12:24:48,MOCK0011800
PT00011807,U000976,order_reward,301,2026-04-25 02:18:42,MOCK0003379
PT00011808,U003321,campaign_reward,644,2025-02-08 19:49:04,MOCK0004289
PT00011809,U004047,order_reward,730,2025-04-26 09:57:14,MOCK0007891
PT00011810,U002964,campaign_reward,538,2026-03-14 10:10:27,MOCK0001553
PT00011811,U000597,campaign_reward,604,2025-06-17 16:44:29,MOCK0007270
PT00011812,U002826,refund_deduct,-212,2026-08-18 12:08:48,MOCK0000738
PT00011813,U004228,redeem,-252,2026-07-31 13:44:36,MOCK0003830
PT00011814,U001536,order_reward,708,2026-04-14 08:52:52,MOCK0000595
PT00011815,U001182,redeem,-148,2025-12-13 00:16:15,MOCK0003575
PT00011816,U003197,order_reward,650,2025-02-01 02:00:51,MOCK0009818
PT00011817,U002503,order_reward,756,2026-05-27 05:34:53,MOCK0002312
PT00011818,U002936,campaign_reward,15,2026-08-19 21:21:44,MOCK0011426
PT00011819,U000695,order_reward,86,2025-04-01 02:13:35,MOCK0001730
PT00011820,U003688,campaign_reward,118,2025-11-14 01:36:48,MOCK0007245
PT00011821,U003485,expire,-631,2025-12-08 18:06:51,MOCK0007532
PT00011822,U003711,redeem,-343,2025-11-17 04:50:17,MOCK0004950
PT00011823,U000236,redeem,-113,2025-03-04 11:19:35,MOCK0008397
PT00011824,U001654,order_reward,9,2026-03-03 08:59:11,MOCK0010482
PT00011825,U003340,expire,-638,2025-06-13 13:44:11,MOCK0002767
PT00011826,U003024,refund_deduct,-40,2025-10-05 06:17:08,MOCK0000275
PT00011827,U000488,campaign_reward,165,2026-05-30 22:01:49,MOCK0001285
PT00011828,U001068,expire,-683,2025-05-23 16:02:49,MOCK0004792
PT00011829,U004675,campaign_reward,91,2025-09-05 19:38:20,MOCK0004869
PT00011830,U000433,refund_deduct,-230,2025-06-12 07:33:01,MOCK0010352
PT00011831,U000045,order_reward,128,2026-05-23 22:15:52,MOCK0002357
PT00011832,U002167,redeem,-466,2025-01-09 11:26:03,MOCK0011425
PT00011833,U002048,refund_deduct,-607,2026-07-16 04:50:20,MOCK0004108
PT00011834,U001975,order_reward,601,2026-05-16 21:28:18,MOCK0005508
PT00011835,U003687,redeem,-698,2025-04-07 14:38:45,MOCK0004382
PT00011836,U002565,order_reward,760,2026-04-25 09:56:10,MOCK0000347
PT00011837,U001917,order_reward,755,2026-01-19 23:08:44,MOCK0011382
PT00011838,U002064,order_reward,709,2025-10-11 06:43:40,MOCK0000869
PT00011839,U004450,refund_deduct,-59,2025-09-03 14:49:31,MOCK0001960
PT00011840,U002883,campaign_reward,712,2026-04-07 14:05:12,MOCK0002536
PT00011841,U001170,order_reward,48,2025-10-02 12:31:07,MOCK0009268
PT00011842,U000337,refund_deduct,-180,2026-07-14 11:49:48,MOCK0006808
PT00011843,U000548,campaign_reward,783,2025-06-22 13:32:57,MOCK0006086
PT00011844,U000687,refund_deduct,-729,2026-03-23 17:22:05,MOCK0009415
PT00011845,U001032,redeem,-526,2025-09-22 00:42:53,MOCK0011553
PT00011846,U003730,refund_deduct,-417,2025-05-23 05:13:56,MOCK0011896
PT00011847,U000765,order_reward,664,2025-05-10 18:25:19,MOCK0006381
PT00011848,U001065,campaign_reward,22,2026-04-10 03:53:35,MOCK0008999
PT00011849,U003621,campaign_reward,318,2025-09-19 22:01:34,MOCK0000083
PT00011850,U002398,campaign_reward,344,2025-07-05 21:59:29,MOCK0008578
PT00011851,U004596,campaign_reward,779,2026-06-01 07:16:38,MOCK0002651
PT00011852,U001283,order_reward,439,2025-09-22 16:02:46,MOCK0004779
PT00011853,U003687,order_reward,651,2026-06-27 00:28:42,MOCK0002547
PT00011854,U001288,campaign_reward,656,2026-03-14 17:44:41,MOCK0008657
PT00011855,U000130,expire,-473,2025-03-13 23:54:22,MOCK0006020
PT00011856,U000055,order_reward,590,2026-03-09 21:50:15,MOCK0000504
PT00011857,U002426,order_reward,267,2025-05-30 13:41:30,MOCK0003307
PT00011858,U003911,order_reward,115,2025-10-28 21:08:37,MOCK0006419
PT00011859,U001308,campaign_reward,484,2026-01-13 05:09:29,MOCK0005326
PT00011860,U002031,campaign_reward,462,2025-09-06 13:20:23,MOCK0004038
PT00011861,U001378,refund_deduct,-561,2026-08-18 03:31:04,MOCK0002794
PT00011862,U001815,campaign_reward,720,2025-10-11 03:29:51,MOCK0002699
PT00011863,U003974,redeem,-430,2025-09-02 23:43:59,MOCK0001692
PT00011864,U001445,order_reward,86,2026-02-27 12:36:42,MOCK0006548
PT00011865,U003071,order_reward,235,2025-05-11 16:13:39,MOCK0008349
PT00011866,U000166,order_reward,68,2025-10-09 22:13:24,MOCK0004032
PT00011867,U003803,expire,-484,2026-02-14 10:24:27,MOCK0001264
PT00011868,U004049,expire,-73,2026-08-14 20:20:55,MOCK0001797
PT00011869,U001129,order_reward,317,2026-03-01 19:19:10,MOCK0007767
PT00011870,U002135,order_reward,226,2025-04-16 19:05:17,MOCK0003638
PT00011871,U004764,redeem,-233,2026-07-11 06:57:40,MOCK0002015
PT00011872,U004784,campaign_reward,335,2025-02-26 12:25:09,MOCK0008234
PT00011873,U004622,refund_deduct,-101,2025-12-24 16:56:01,MOCK0001455
PT00011874,U000060,campaign_reward,764,2026-03-30 17:01:40,MOCK0005225
PT00011875,U003159,order_reward,692,2025-12-30 16:21:41,MOCK0001609
PT00011876,U001116,order_reward,132,2026-01-24 10:45:41,MOCK0005052
PT00011877,U002877,order_reward,211,2025-11-14 05:39:32,MOCK0006931
PT00011878,U004219,redeem,-557,2025-01-24 02:34:38,MOCK0009563
PT00011879,U003011,order_reward,299,2026-07-07 15:52:18,MOCK0006304
PT00011880,U001794,campaign_reward,786,2025-08-17 15:57:04,MOCK0005815
PT00011881,U001685,order_reward,661,2026-01-14 14:52:00,MOCK0002536
PT00011882,U003176,order_reward,274,2026-03-01 02:37:06,MOCK0000332
PT00011883,U000788,order_reward,636,2025-04-22 16:06:15,MOCK0003656
PT00011884,U004551,campaign_reward,605,2026-02-18 04:45:15,MOCK0008725
PT00011885,U000635,expire,-742,2025-05-01 03:07:30,MOCK0010629
PT00011886,U003950,order_reward,639,2025-04-08 17:41:52,MOCK0003692
PT00011887,U001232,campaign_reward,782,2025-11-05 06:43:18,MOCK0003595
PT00011888,U004980,order_reward,642,2025-07-31 22:43:22,MOCK0004445
PT00011889,U002589,redeem,-85,2025-12-16 00:26:40,MOCK0011906
PT00011890,U003808,order_reward,616,2026-01-12 22:45:23,MOCK0001818
PT00011891,U003956,redeem,-337,2025-05-12 07:18:26,MOCK0000662
PT00011892,U004329,order_reward,711,2025-09-28 15:40:32,MOCK0009238
PT00011893,U002694,order_reward,105,2025-03-02 22:27:56,MOCK0002783
PT00011894,U001420,redeem,-73,2026-04-10 12:10:46,MOCK0003892
PT00011895,U004117,order_reward,437,2026-03-11 08:26:02,MOCK0003217
PT00011896,U003256,order_reward,479,2025-07-07 14:59:51,MOCK0000646
PT00011897,U000158,redeem,-147,2026-06-10 21:42:02,MOCK0001420
PT00011898,U000770,redeem,-158,2026-03-23 02:42:52,MOCK0000180
PT00011899,U000380,order_reward,539,2026-06-17 12:26:59,MOCK0008884
PT00011900,U002577,campaign_reward,442,2026-05-02 11:45:37,MOCK0008859
PT00011901,U000985,order_reward,287,2026-03-03 09:04:24,MOCK0001687
PT00011902,U002518,redeem,-16,2026-02-18 22:42:57,MOCK0001989
PT00011903,U003473,order_reward,725,2025-01-09 13:48:02,MOCK0001948
PT00011904,U004584,campaign_reward,530,2025-11-15 00:22:28,MOCK0003279
PT00011905,U002956,redeem,-792,2025-08-26 06:30:50,MOCK0004904
PT00011906,U001117,order_reward,382,2025-05-08 07:51:37,MOCK0002905
PT00011907,U004307,order_reward,231,2025-04-17 05:45:19,MOCK0005892
PT00011908,U000448,order_reward,545,2025-10-10 13:49:56,MOCK0011974
PT00011909,U004912,redeem,-205,2025-04-02 01:47:23,MOCK0008693
PT00011910,U002073,campaign_reward,486,2025-04-16 20:41:47,MOCK0011082
PT00011911,U002620,order_reward,50,2025-12-28 10:19:54,MOCK0004700
PT00011912,U003088,order_reward,176,2025-06-24 18:12:50,MOCK0010488
PT00011913,U001541,order_reward,608,2026-07-20 21:32:06,MOCK0003852
PT00011914,U002775,refund_deduct,-574,2026-07-04 03:30:21,MOCK0007127
PT00011915,U004639,redeem,-131,2026-06-27 11:23:58,MOCK0004209
PT00011916,U004925,campaign_reward,319,2025-01-29 04:02:38,MOCK0002328
PT00011917,U003813,campaign_reward,648,2025-11-05 07:50:07,MOCK0008551
PT00011918,U002379,order_reward,420,2025-06-09 12:24:00,MOCK0005917
PT00011919,U001487,redeem,-299,2025-11-19 08:07:39,MOCK0008811
PT00011920,U001353,refund_deduct,-10,2025-07-02 22:19:03,MOCK0001708
PT00011921,U000850,order_reward,471,2025-10-30 11:50:31,MOCK0010325
PT00011922,U003221,redeem,-607,2025-10-21 16:12:56,MOCK0009396
PT00011923,U002928,expire,-213,2025-05-23 00:39:46,MOCK0006212
PT00011924,U004835,campaign_reward,534,2026-03-20 08:42:47,MOCK0002885
PT00011925,U001349,campaign_reward,678,2026-07-03 05:52:55,MOCK0000181
PT00011926,U001905,redeem,-343,2026-07-22 14:44:47,MOCK0004265
PT00011927,U003397,order_reward,375,2025-12-25 18:02:44,MOCK0002321
PT00011928,U002758,order_reward,103,2025-03-29 20:40:07,MOCK0010532
PT00011929,U004558,order_reward,641,2025-02-01 18:54:13,MOCK0006432
PT00011930,U004830,order_reward,171,2025-11-21 07:51:03,MOCK0010925
PT00011931,U000339,order_reward,794,2026-01-26 06:48:48,MOCK0001634
PT00011932,U004690,refund_deduct,-196,2025-08-20 12:16:51,MOCK0005372
PT00011933,U001765,refund_deduct,-623,2026-04-27 07:15:58,MOCK0005179
PT00011934,U000519,order_reward,497,2025-08-19 22:53:34,MOCK0008953
PT00011935,U001438,order_reward,583,2026-08-11 21:15:26,MOCK0004349
PT00011936,U000381,campaign_reward,166,2026-01-27 06:26:11,MOCK0001442
PT00011937,U002739,redeem,-605,2026-04-25 16:18:32,MOCK0011597
PT00011938,U000560,order_reward,475,2025-10-16 16:36:31,MOCK0011688
PT00011939,U004360,order_reward,509,2026-01-16 01:50:31,MOCK0002017
PT00011940,U004523,refund_deduct,-772,2025-04-26 23:29:23,MOCK0001141
PT00011941,U004930,campaign_reward,437,2025-08-15 00:41:50,MOCK0000497
PT00011942,U001579,expire,-338,2025-03-18 13:02:38,MOCK0010880
PT00011943,U000444,order_reward,754,2026-02-02 13:07:55,MOCK0011512
PT00011944,U004972,expire,-752,2026-04-09 00:22:58,MOCK0011339
PT00011945,U004525,order_reward,541,2025-01-23 10:05:04,MOCK0000555
PT00011946,U003360,refund_deduct,-725,2026-05-06 20:09:58,MOCK0010217
PT00011947,U001841,order_reward,479,2025-12-10 11:35:44,MOCK0010642
PT00011948,U001422,expire,-587,2026-08-17 08:53:47,MOCK0003670
PT00011949,U000455,redeem,-466,2025-10-01 09:24:36,MOCK0009469
PT00011950,U000092,redeem,-555,2025-11-30 11:31:30,MOCK0005913
PT00011951,U002315,redeem,-185,2025-08-19 13:01:03,MOCK0000562
PT00011952,U000842,campaign_reward,638,2026-08-01 21:46:14,MOCK0002063
PT00011953,U001084,order_reward,342,2026-02-28 10:14:47,MOCK0006097
PT00011954,U000131,redeem,-326,2025-08-10 15:11:14,MOCK0003141
PT00011955,U004164,order_reward,651,2025-12-25 01:45:53,MOCK0011855
PT00011956,U003867,order_reward,561,2025-10-15 04:29:58,MOCK0006780
PT00011957,U001119,campaign_reward,158,2025-05-06 14:11:02,MOCK0000211
PT00011958,U002388,order_reward,198,2025-06-15 01:13:52,MOCK0001181
PT00011959,U002550,redeem,-223,2026-03-04 13:26:08,MOCK0001823
PT00011960,U002037,campaign_reward,265,2025-11-14 18:16:29,MOCK0005111
PT00011961,U000313,campaign_reward,542,2026-01-12 11:48:48,MOCK0004406
PT00011962,U004670,order_reward,307,2026-02-24 10:50:31,MOCK0011644
PT00011963,U001199,order_reward,201,2025-03-08 07:31:14,MOCK0009210
PT00011964,U004209,order_reward,428,2025-05-14 23:20:48,MOCK0005912
PT00011965,U004114,order_reward,98,2026-06-21 20:24:49,MOCK0000964
PT00011966,U001098,expire,-398,2025-12-17 18:44:35,MOCK0005366
PT00011967,U002507,campaign_reward,110,2025-06-18 05:20:15,MOCK0006014
PT00011968,U002691,expire,-30,2025-09-30 09:04:24,MOCK0002418
PT00011969,U002675,order_reward,121,2026-01-17 04:30:41,MOCK0007329
PT00011970,U001726,campaign_reward,663,2026-03-20 11:56:57,MOCK0011000
PT00011971,U001365,order_reward,706,2026-07-21 14:15:45,MOCK0009820
PT00011972,U003665,expire,-594,2025-05-05 13:42:22,MOCK0008016
PT00011973,U004972,order_reward,515,2026-04-07 07:02:05,MOCK0009809
PT00011974,U002453,campaign_reward,648,2026-01-19 17:26:22,MOCK0005892
PT00011975,U001761,campaign_reward,636,2025-11-14 18:11:35,MOCK0001354
PT00011976,U003141,redeem,-426,2025-02-23 19:07:51,MOCK0000007
PT00011977,U004265,campaign_reward,123,2026-03-26 00:40:17,MOCK0008481
PT00011978,U001841,order_reward,485,2025-08-31 10:09:22,MOCK0000894
PT00011979,U001816,order_reward,617,2025-03-01 03:22:45,MOCK0001118
PT00011980,U003487,campaign_reward,537,2026-04-08 22:47:35,MOCK0002224
PT00011981,U002118,order_reward,477,2025-08-24 05:11:48,MOCK0005786
PT00011982,U001837,redeem,-151,2025-04-14 12:37:41,MOCK0011731
PT00011983,U001615,order_reward,318,2025-07-05 16:06:40,MOCK0002374
PT00011984,U003209,redeem,-13,2025-08-30 05:31:03,MOCK0000697
PT00011985,U001815,refund_deduct,-510,2026-01-01 04:47:47,MOCK0006401
PT00011986,U004996,order_reward,419,2026-08-13 19:03:47,MOCK0002876
PT00011987,U000515,order_reward,37,2025-07-31 16:10:25,MOCK0001038
PT00011988,U002291,order_reward,656,2025-05-05 07:23:34,MOCK0002762
PT00011989,U001874,order_reward,178,2025-08-23 18:13:42,MOCK0002490
PT00011990,U001883,expire,-770,2025-10-26 15:53:37,MOCK0005060
PT00011991,U000404,order_reward,302,2026-07-05 22:02:10,MOCK0005416
PT00011992,U001276,order_reward,708,2026-03-04 22:07:09,MOCK0003505
PT00011993,U002133,campaign_reward,722,2025-12-10 12:44:43,MOCK0011007
PT00011994,U000914,redeem,-262,2026-04-06 18:26:18,MOCK0007197
PT00011995,U000007,order_reward,784,2025-11-07 15:18:58,MOCK0006276
PT00011996,U001445,order_reward,457,2026-05-04 06:01:58,MOCK0005655
PT00011997,U002325,campaign_reward,291,2025-04-23 05:10:10,MOCK0010037
PT00011998,U004395,refund_deduct,-308,2025-07-16 04:06:33,MOCK0006898
PT00011999,U000686,order_reward,269,2025-12-28 11:02:40,MOCK0000059
PT00012000,U001160,order_reward,12,2025-03-04 02:57:50,MOCK0002316
