review_id,order_item_id,order_id,user_id,product_id,rating,review_content,has_image,created_at,review_status
RV00000001,OI000001227,O00000705,U002105,P000051,5,整体满意,0,2026-06-27 22:49:04,visible
RV00000002,OI000005048,O00003003,U004305,P000702,5,体验一般,0,2025-06-23 01:24:09,visible
RV00000003,OI000014978,O00008767,U001778,P000958,4,性价比不错,0,2025-06-26 04:55:33,visible
RV00000004,OI000015713,O00009212,U003462,P001188,5,性价比不错,1,2025-01-17 01:03:51,visible
RV00000005,OI000001184,O00000679,U000527,P001184,5,与描述有差异,0,2026-01-22 05:42:45,visible
RV00000006,OI000007919,O00004659,U000652,P000364,5,物流很快，包装完整,0,2025-07-15 13:37:15,visible
RV00000007,OI000015560,O00009120,U002391,P001346,5,质量很好，符合预期,0,2025-02-16 07:03:16,visible
RV00000008,OI000018303,O00010726,U002614,P001104,5,整体满意,0,2026-04-03 16:34:41,visible
RV00000009,OI000016411,O00009619,U000328,P001292,5,性价比不错,0,2026-03-30 10:45:40,visible
RV00000010,OI000011332,O00006647,U003767,P000217,4,物流很快，包装完整,0,2025-10-02 08:17:00,visible
RV00000011,OI000006311,O00003734,U004011,P000961,5,物流很快，包装完整,0,2026-04-06 13:04:57,visible
RV00000012,OI000018597,O00010905,U000920,P000840,4,整体满意,0,2026-05-06 02:52:35,visible
RV00000013,OI000007289,O00004304,U003643,P000728,5,体验一般,0,2025-07-02 14:08:57,visible
RV00000014,OI000013591,O00007950,U003105,P000389,5,体验一般,0,2025-06-26 21:15:11,visible
RV00000015,OI000000801,O00000458,U004137,P000081,5,质量很好，符合预期,0,2025-08-12 17:18:59,visible
RV00000016,OI000005218,O00003106,U001605,P000522,4,与描述有差异,0,2026-05-31 08:53:18,visible
RV00000017,OI000011232,O00006593,U004722,P001317,5,质量很好，符合预期,0,2025-03-02 02:42:05,visible
RV00000018,OI000007340,O00004332,U004725,P000028,5,质量很好，符合预期,0,2025-12-03 22:54:32,visible
RV00000019,OI000013134,O00007682,U000456,P001110,5,整体满意,0,2025-08-03 12:13:23,visible
RV00000020,OI000003212,O00001889,U002985,P000659,4,物流很快，包装完整,0,2025-05-30 03:09:31,visible
RV00000021,OI000003944,O00002342,U003735,P000093,5,整体满意,0,2025-09-19 14:56:44,visible
RV00000022,OI000007975,O00004691,U001905,P001335,3,整体满意,0,2025-06-29 09:21:30,visible
RV00000023,OI000011304,O00006633,U004773,P001307,5,整体满意,0,2026-01-31 01:55:52,visible
RV00000024,OI000008060,O00004743,U003373,P000545,2,整体满意,0,2026-06-25 22:00:08,visible
RV00000025,OI000008409,O00004949,U002483,P001374,5,质量很好，符合预期,0,2026-07-07 11:39:12,visible
RV00000026,OI000018533,O00010866,U000496,P001050,5,质量很好，符合预期,0,2026-08-17 10:26:06,visible
RV00000027,OI000001442,O00000835,U000552,P000741,5,性价比不错,0,2026-04-27 00:09:43,visible
RV00000028,OI000006478,O00003828,U004833,P000789,4,质量很好，符合预期,0,2026-06-05 15:34:09,visible
RV00000029,OI000016612,O00009744,U003585,P001392,4,质量很好，符合预期,0,2025-02-22 12:48:30,visible
RV00000030,OI000018896,O00011078,U002631,P001169,5,性价比不错,0,2026-03-17 11:57:42,visible
RV00000031,OI000014277,O00008355,U000530,P000273,3,质量很好，符合预期,0,2025-05-23 19:29:41,visible
RV00000032,OI000004482,O00002661,U000285,P000549,4,整体满意,0,2026-05-20 15:04:00,visible
RV00000033,OI000005018,O00002983,U002682,P001418,5,物流很快，包装完整,0,2025-05-10 15:38:51,visible
RV00000034,OI000017384,O00010183,U002657,P001220,4,物流很快，包装完整,0,2025-08-10 04:14:49,visible
RV00000035,OI000002584,O00001524,U002679,P000823,4,物流很快，包装完整,0,2026-08-02 12:56:57,visible
RV00000036,OI000009451,O00005576,U000514,P001165,2,物流很快，包装完整,0,2025-06-14 23:25:25,visible
RV00000037,OI000014621,O00008559,U001515,P001368,5,质量很好，符合预期,1,2026-04-18 20:17:04,visible
RV00000038,OI000009761,O00005753,U004559,P000545,5,整体满意,0,2026-08-18 02:21:24,visible
RV00000039,OI000010137,O00005963,U001320,P000536,5,与描述有差异,1,2026-01-21 15:13:06,visible
RV00000040,OI000018234,O00010685,U004687,P000824,5,质量很好，符合预期,0,2025-07-02 22:35:42,visible
RV00000041,OI000001082,O00000616,U002985,P000018,5,物流很快，包装完整,0,2025-09-20 17:03:33,visible
RV00000042,OI000009176,O00005413,U002671,P000909,4,体验一般,0,2026-07-08 19:30:58,visible
RV00000043,OI000004685,O00002779,U004860,P000074,3,质量很好，符合预期,0,2026-04-03 13:18:06,visible
RV00000044,OI000017593,O00010297,U000472,P001461,5,质量很好，符合预期,0,2026-03-28 21:49:20,visible
RV00000045,OI000012198,O00007142,U002185,P000277,5,性价比不错,0,2025-03-18 03:45:29,visible
RV00000046,OI000009846,O00005798,U002221,P000741,4,性价比不错,1,2025-08-27 17:55:56,visible
RV00000047,OI000006967,O00004112,U001065,P001332,5,整体满意,0,2026-04-07 23:13:04,visible
RV00000048,OI000019007,O00011148,U001275,P000893,5,物流很快，包装完整,0,2026-05-02 09:04:38,visible
RV00000049,OI000007602,O00004485,U003043,P001123,4,质量很好，符合预期,0,2025-11-22 15:59:51,visible
RV00000050,OI000015414,O00009036,U004216,P001152,4,体验一般,0,2025-01-10 23:20:15,visible
RV00000051,OI000014207,O00008318,U003620,P000486,4,物流很快，包装完整,0,2026-01-26 08:25:42,visible
RV00000052,OI000010346,O00006088,U004731,P000548,5,质量很好，符合预期,0,2026-05-22 03:40:22,visible
RV00000053,OI000008633,O00005082,U000748,P001278,4,整体满意,0,2025-12-07 05:15:45,visible
RV00000054,OI000018264,O00010702,U001807,P000921,2,质量很好，符合预期,1,2025-04-28 17:07:07,visible
RV00000055,OI000014468,O00008473,U004793,P000139,5,整体满意,0,2025-10-01 22:21:04,visible
RV00000056,OI000011141,O00006542,U000271,P000448,5,性价比不错,0,2025-05-20 09:16:34,visible
RV00000057,OI000014733,O00008623,U004715,P001372,5,性价比不错,0,2025-05-29 05:36:07,visible
RV00000058,OI000003762,O00002223,U000717,P000774,5,整体满意,1,2025-03-29 11:05:15,visible
RV00000059,OI000012402,O00007261,U000808,P000118,3,整体满意,0,2025-04-09 21:05:48,visible
RV00000060,OI000018943,O00011106,U001710,P000997,4,物流很快，包装完整,0,2026-07-31 01:32:28,visible
RV00000061,OI000006071,O00003590,U000775,P000101,4,质量很好，符合预期,0,2025-09-07 01:25:35,visible
RV00000062,OI000019340,O00011347,U000905,P000713,4,与描述有差异,0,2025-12-22 09:01:10,visible
RV00000063,OI000015977,O00009373,U003427,P000938,4,物流很快，包装完整,0,2026-05-17 10:25:43,visible
RV00000064,OI000006828,O00004033,U003603,P000427,5,整体满意,0,2025-03-24 05:39:53,visible
RV00000065,OI000000557,O00000321,U004751,P000321,3,质量很好，符合预期,0,2026-01-31 22:50:22,visible
RV00000066,OI000006043,O00003572,U000096,P001027,3,质量很好，符合预期,0,2025-11-17 19:23:12,visible
RV00000067,OI000019725,O00011573,U000593,P001447,5,整体满意,0,2025-11-08 16:09:26,visible
RV00000068,OI000017619,O00010313,U000263,P001240,5,性价比不错,0,2025-05-05 19:42:12,visible
RV00000069,OI000015012,O00008791,U004184,P000436,4,性价比不错,0,2026-05-30 19:53:19,visible
RV00000070,OI000003667,O00002163,U004020,P000034,5,整体满意,0,2025-06-11 00:46:06,visible
RV00000071,OI000013320,O00007784,U001698,P000875,2,质量很好，符合预期,0,2025-03-04 08:05:44,visible
RV00000072,OI000000470,O00000270,U000267,P000227,4,质量很好，符合预期,0,2025-07-20 23:57:10,visible
RV00000073,OI000014310,O00008375,U002481,P000304,5,质量很好，符合预期,1,2025-09-22 23:36:26,visible
RV00000074,OI000017239,O00010105,U002342,P001478,5,整体满意,0,2025-01-31 16:22:03,visible
RV00000075,OI000016379,O00009600,U000048,P000291,5,性价比不错,0,2025-07-08 19:19:49,visible
RV00000076,OI000004983,O00002961,U003933,P000122,5,性价比不错,0,2025-11-09 19:16:28,visible
RV00000077,OI000019645,O00011529,U004855,P000544,4,质量很好，符合预期,0,2025-08-12 01:43:51,visible
RV00000078,OI000000072,O00000042,U002845,P000528,5,体验一般,0,2026-04-29 07:42:08,visible
RV00000079,OI000013541,O00007919,U003039,P001126,5,整体满意,0,2026-02-08 18:35:53,visible
RV00000080,OI000012604,O00007371,U004570,P000570,1,质量很好，符合预期,0,2026-01-06 17:59:29,visible
RV00000081,OI000000132,O00000078,U003309,P001298,4,性价比不错,0,2026-03-16 10:21:22,visible
RV00000082,OI000015386,O00009021,U001111,P001401,3,质量很好，符合预期,0,2025-04-26 23:17:43,visible
RV00000083,OI000000605,O00000346,U000629,P001467,5,物流很快，包装完整,0,2026-08-27 20:34:15,visible
RV00000084,OI000000548,O00000318,U004664,P000476,4,质量很好，符合预期,0,2026-02-03 06:05:37,visible
RV00000085,OI000015897,O00009326,U003083,P000729,5,质量很好，符合预期,1,2025-09-27 06:11:18,visible
RV00000086,OI000005278,O00003138,U003144,P000553,3,质量很好，符合预期,0,2025-02-11 19:29:51,visible
RV00000087,OI000008423,O00004958,U003589,P000798,5,整体满意,0,2025-01-14 20:10:35,visible
RV00000088,OI000001140,O00000651,U002439,P000378,2,整体满意,0,2026-07-23 04:42:41,visible
RV00000089,OI000003700,O00002186,U001604,P000445,5,物流很快，包装完整,0,2026-04-28 21:06:01,visible
RV00000090,OI000008175,O00004811,U002420,P001105,2,性价比不错,0,2025-05-09 17:09:21,visible
RV00000091,OI000015530,O00009101,U000440,P000162,5,质量很好，符合预期,0,2026-07-05 15:41:59,visible
RV00000092,OI000002449,O00001441,U002060,P000509,4,物流很快，包装完整,1,2026-07-13 03:02:45,visible
RV00000093,OI000012409,O00007264,U003643,P001458,5,物流很快，包装完整,0,2026-04-12 07:38:11,visible
RV00000094,OI000006136,O00003623,U004976,P001033,3,体验一般,0,2025-04-09 09:01:10,visible
RV00000095,OI000001210,O00000694,U002962,P000408,5,质量很好，符合预期,0,2026-08-05 02:49:43,visible
RV00000096,OI000001305,O00000751,U004963,P000068,4,体验一般,0,2026-08-15 16:02:03,visible
RV00000097,OI000009248,O00005452,U003772,P000828,5,体验一般,1,2026-07-12 08:01:08,visible
RV00000098,OI000009005,O00005311,U001527,P000524,5,物流很快，包装完整,0,2025-09-18 12:07:55,visible
RV00000099,OI000014871,O00008702,U000519,P000227,5,与描述有差异,0,2025-08-21 03:56:29,visible
RV00000100,OI000019398,O00011381,U003717,P000221,5,性价比不错,0,2025-01-18 08:11:34,visible
RV00000101,OI000000330,O00000185,U003396,P001240,3,整体满意,0,2026-02-17 17:58:05,visible
RV00000102,OI000002439,O00001433,U003453,P001108,5,性价比不错,0,2025-09-30 13:52:45,visible
RV00000103,OI000020260,O00011888,U003533,P001439,5,体验一般,0,2026-04-01 07:38:33,visible
RV00000104,OI000003221,O00001894,U003175,P000756,4,质量很好，符合预期,0,2026-03-17 21:34:07,visible
RV00000105,OI000003249,O00001911,U000514,P000570,5,质量很好，符合预期,0,2026-05-16 15:33:32,visible
RV00000106,OI000009843,O00005796,U000757,P000763,5,整体满意,0,2025-09-18 01:17:12,visible
RV00000107,OI000009474,O00005589,U001999,P000450,5,物流很快，包装完整,1,2025-07-04 18:01:00,visible
RV00000108,OI000006039,O00003570,U001966,P000230,5,物流很快，包装完整,0,2025-10-05 15:50:23,visible
RV00000109,OI000012719,O00007438,U004101,P000742,3,体验一般,0,2026-01-03 05:56:43,visible
RV00000110,OI000018029,O00010562,U003779,P001418,5,性价比不错,1,2026-06-24 10:43:30,visible
RV00000111,OI000013550,O00007925,U004882,P001225,5,与描述有差异,0,2026-02-28 10:21:15,visible
RV00000112,OI000015906,O00009332,U003374,P000800,5,物流很快，包装完整,0,2026-06-06 00:49:33,visible
RV00000113,OI000017703,O00010365,U000789,P000573,5,整体满意,1,2026-03-11 12:53:21,visible
RV00000114,OI000009958,O00005862,U002812,P000535,3,质量很好，符合预期,0,2026-02-18 00:40:55,visible
RV00000115,OI000002237,O00001313,U002339,P000385,2,整体满意,0,2025-10-11 07:19:45,visible
RV00000116,OI000005802,O00003439,U002339,P000585,5,体验一般,0,2025-02-10 16:12:08,visible
RV00000117,OI000000299,O00000167,U001453,P001313,2,质量很好，符合预期,0,2025-08-10 22:23:00,visible
RV00000118,OI000014893,O00008716,U003672,P000052,3,整体满意,0,2026-05-25 18:17:55,visible
RV00000119,OI000006865,O00004052,U002360,P000794,5,性价比不错,0,2025-04-08 01:58:42,visible
RV00000120,OI000015519,O00009096,U002724,P001378,3,物流很快，包装完整,0,2025-03-27 16:06:14,visible
RV00000121,OI000017399,O00010192,U003021,P000517,5,性价比不错,0,2026-01-06 03:34:16,visible
RV00000122,OI000009034,O00005332,U000255,P001114,2,与描述有差异,0,2026-03-08 10:59:04,visible
RV00000123,OI000016164,O00009475,U002936,P001494,5,物流很快，包装完整,0,2025-10-26 10:17:07,visible
RV00000124,OI000004301,O00002558,U002059,P000701,5,整体满意,0,2025-12-27 23:02:52,visible
RV00000125,OI000018965,O00011120,U003536,P000713,4,整体满意,0,2026-01-03 15:42:06,visible
RV00000126,OI000012004,O00007021,U000419,P000087,5,物流很快，包装完整,0,2026-06-22 12:12:40,visible
RV00000127,OI000013529,O00007912,U004238,P000952,4,性价比不错,0,2026-01-03 19:32:23,visible
RV00000128,OI000012044,O00007048,U004532,P000943,4,体验一般,0,2025-02-16 13:41:01,visible
RV00000129,OI000009033,O00005332,U000255,P001274,5,物流很快，包装完整,0,2026-03-31 10:59:04,visible
RV00000130,OI000014012,O00008205,U003426,P001309,5,物流很快，包装完整,0,2025-09-12 09:09:00,visible
RV00000131,OI000009954,O00005860,U001044,P000549,5,质量很好，符合预期,1,2026-08-30 08:04:05,visible
RV00000132,OI000005793,O00003432,U001836,P000395,5,物流很快，包装完整,0,2025-06-19 02:58:40,visible
RV00000133,OI000011530,O00006756,U000130,P001120,4,质量很好，符合预期,0,2025-10-16 14:07:53,visible
RV00000134,OI000013923,O00008149,U003444,P000162,5,性价比不错,0,2025-10-02 11:43:53,visible
RV00000135,OI000015096,O00008844,U000030,P000873,5,整体满意,0,2025-09-23 17:49:52,visible
RV00000136,OI000019147,O00011231,U000798,P000789,3,性价比不错,0,2025-04-27 15:30:16,visible
RV00000137,OI000004343,O00002581,U004977,P000706,5,质量很好，符合预期,1,2026-02-02 14:57:19,visible
RV00000138,OI000014291,O00008362,U001861,P001011,5,质量很好，符合预期,0,2026-08-16 11:34:32,visible
RV00000139,OI000003025,O00001786,U000030,P001129,1,性价比不错,1,2026-05-30 03:17:45,visible
RV00000140,OI000016435,O00009632,U004924,P001019,5,质量很好，符合预期,0,2025-05-10 04:50:57,visible
RV00000141,OI000002008,O00001188,U003067,P000026,3,质量很好，符合预期,0,2025-09-23 08:28:25,visible
RV00000142,OI000007379,O00004353,U004258,P000493,5,体验一般,0,2025-07-30 19:13:31,visible
RV00000143,OI000017375,O00010178,U000742,P001353,4,与描述有差异,0,2026-05-18 03:40:01,visible
RV00000144,OI000017651,O00010337,U003223,P001069,4,质量很好，符合预期,0,2026-06-16 04:37:20,visible
RV00000145,OI000011146,O00006545,U003527,P000725,3,性价比不错,0,2025-05-03 04:00:28,visible
RV00000146,OI000003018,O00001782,U001367,P000840,4,物流很快，包装完整,0,2026-05-16 15:17:01,visible
RV00000147,OI000006118,O00003613,U002076,P000623,5,性价比不错,0,2025-08-17 20:01:38,visible
RV00000148,OI000018245,O00010693,U003383,P001376,4,整体满意,0,2026-05-06 22:18:46,visible
RV00000149,OI000014607,O00008554,U000309,P000753,5,质量很好，符合预期,0,2025-10-07 08:12:27,visible
RV00000150,OI000011363,O00006663,U000181,P000640,3,物流很快，包装完整,1,2025-04-24 23:51:29,visible
RV00000151,OI000015680,O00009193,U003899,P001344,4,整体满意,1,2025-11-21 02:50:49,visible
RV00000152,OI000018917,O00011090,U004498,P000895,5,体验一般,0,2025-02-21 10:11:28,visible
RV00000153,OI000014377,O00008416,U002956,P000264,4,性价比不错,0,2026-07-26 01:59:45,visible
RV00000154,OI000000155,O00000089,U002391,P001497,4,物流很快，包装完整,0,2026-06-02 08:15:32,visible
RV00000155,OI000017911,O00010489,U004645,P001053,5,体验一般,0,2025-09-12 19:18:48,visible
RV00000156,OI000020390,O00011959,U002681,P000763,5,性价比不错,0,2025-12-18 03:42:19,visible
RV00000157,OI000008426,O00004959,U003166,P000064,5,性价比不错,0,2025-09-06 05:05:40,visible
RV00000158,OI000004028,O00002395,U000239,P000695,5,体验一般,0,2025-10-29 22:23:50,visible
RV00000159,OI000011054,O00006489,U001349,P001281,5,物流很快，包装完整,0,2025-12-24 19:04:01,visible
RV00000160,OI000015700,O00009204,U004417,P001381,5,物流很快，包装完整,0,2026-04-07 10:21:47,visible
RV00000161,OI000014663,O00008580,U001782,P000993,3,整体满意,0,2025-05-11 20:13:24,visible
RV00000162,OI000004420,O00002624,U000911,P000733,5,物流很快，包装完整,0,2026-04-30 07:25:26,visible
RV00000163,OI000018951,O00011112,U003870,P000016,5,质量很好，符合预期,0,2025-12-31 10:28:24,visible
RV00000164,OI000001610,O00000939,U004917,P000181,5,物流很快，包装完整,0,2025-10-20 04:10:27,visible
RV00000165,OI000006938,O00004096,U001199,P001228,2,性价比不错,0,2025-07-18 05:15:39,visible
RV00000166,OI000017024,O00009985,U004479,P000031,4,质量很好，符合预期,0,2025-10-04 15:00:31,visible
RV00000167,OI000018622,O00010920,U002690,P000798,4,物流很快，包装完整,0,2025-03-25 01:04:08,visible
RV00000168,OI000016708,O00009804,U004146,P001153,5,物流很快，包装完整,1,2025-11-19 11:24:17,visible
RV00000169,OI000017807,O00010424,U001449,P000872,5,质量很好，符合预期,0,2025-03-29 18:53:56,visible
RV00000170,OI000010164,O00005980,U001629,P000998,5,物流很快，包装完整,0,2026-02-07 03:38:11,visible
RV00000171,OI000011140,O00006541,U000097,P000436,5,性价比不错,0,2026-02-18 13:27:52,visible
RV00000172,OI000009256,O00005456,U001742,P000592,4,质量很好，符合预期,0,2025-11-12 14:28:43,visible
RV00000173,OI000007925,O00004661,U000610,P000298,4,整体满意,0,2025-03-28 12:56:06,visible
RV00000174,OI000006116,O00003611,U000352,P000937,5,物流很快，包装完整,0,2025-09-14 20:12:53,visible
RV00000175,OI000016197,O00009497,U001904,P000563,3,整体满意,0,2026-06-13 11:16:09,visible
RV00000176,OI000017772,O00010402,U002650,P000716,5,整体满意,0,2025-05-19 18:09:38,visible
RV00000177,OI000009153,O00005400,U003514,P000417,4,质量很好，符合预期,0,2026-02-01 10:39:13,visible
RV00000178,OI000018880,O00011069,U004810,P001084,5,物流很快，包装完整,0,2025-11-29 19:42:38,visible
RV00000179,OI000012280,O00007190,U004727,P000730,3,质量很好，符合预期,0,2025-12-11 22:48:05,visible
RV00000180,OI000002722,O00001607,U001124,P001273,5,体验一般,0,2025-03-11 15:23:40,visible
RV00000181,OI000002024,O00001197,U004533,P000398,4,质量很好，符合预期,0,2025-10-31 09:36:41,visible
RV00000182,OI000016755,O00009833,U001437,P001334,5,整体满意,1,2026-05-29 04:26:40,visible
RV00000183,OI000006233,O00003682,U004725,P000550,4,质量很好，符合预期,0,2026-04-04 11:48:18,visible
RV00000184,OI000014792,O00008657,U003496,P001007,4,体验一般,0,2025-02-03 11:30:13,visible
RV00000185,OI000016764,O00009838,U003884,P000073,5,质量很好，符合预期,0,2026-01-12 10:18:38,visible
RV00000186,OI000003419,O00002022,U000874,P000300,5,物流很快，包装完整,0,2026-02-04 00:06:46,visible
RV00000187,OI000013716,O00008028,U004983,P000419,5,整体满意,0,2026-04-06 02:58:18,visible
RV00000188,OI000001418,O00000817,U003242,P000843,5,性价比不错,1,2026-01-04 10:52:59,visible
RV00000189,OI000006782,O00004006,U004817,P000406,5,质量很好，符合预期,0,2026-05-27 00:30:43,visible
RV00000190,OI000013739,O00008041,U002327,P001029,5,性价比不错,0,2026-06-27 01:47:05,visible
RV00000191,OI000002351,O00001376,U000765,P000575,4,性价比不错,0,2025-05-28 17:12:03,visible
RV00000192,OI000016125,O00009453,U002594,P000681,3,性价比不错,0,2026-01-07 06:40:45,visible
RV00000193,OI000009317,O00005493,U003602,P000236,5,体验一般,0,2025-09-03 08:21:19,visible
RV00000194,OI000003320,O00001954,U000259,P000181,5,整体满意,0,2026-03-09 23:39:17,visible
RV00000195,OI000017194,O00010082,U000272,P001494,4,整体满意,0,2026-02-12 01:55:17,visible
RV00000196,OI000004188,O00002492,U004651,P000352,4,性价比不错,0,2026-04-25 16:14:26,visible
RV00000197,OI000013022,O00007618,U001587,P001490,4,质量很好，符合预期,0,2026-02-14 03:26:42,visible
RV00000198,OI000010672,O00006273,U002066,P000748,5,物流很快，包装完整,0,2025-08-02 04:09:19,visible
RV00000199,OI000001071,O00000611,U000829,P000815,5,整体满意,0,2026-03-16 02:06:54,visible
RV00000200,OI000015326,O00008982,U003893,P000874,5,物流很快，包装完整,0,2025-02-19 02:50:23,visible
RV00000201,OI000018447,O00010815,U004448,P000418,5,质量很好，符合预期,0,2026-03-05 22:26:59,visible
RV00000202,OI000004144,O00002469,U002692,P000251,3,物流很快，包装完整,0,2026-05-02 16:21:07,visible
RV00000203,OI000018483,O00010834,U004894,P001400,5,性价比不错,0,2026-08-11 08:41:03,visible
RV00000204,OI000011011,O00006467,U003694,P000238,5,整体满意,0,2026-06-23 08:49:46,visible
RV00000205,OI000005348,O00003174,U003499,P000760,3,与描述有差异,0,2026-01-17 18:05:22,visible
RV00000206,OI000006527,O00003856,U001560,P001103,5,体验一般,0,2026-06-13 07:56:55,visible
RV00000207,OI000000717,O00000413,U002728,P000051,5,物流很快，包装完整,0,2026-07-11 20:45:43,visible
RV00000208,OI000019436,O00011401,U002381,P000223,5,质量很好，符合预期,0,2025-03-04 05:15:19,visible
RV00000209,OI000003701,O00002186,U001604,P000285,2,物流很快，包装完整,0,2026-05-13 21:06:01,visible
RV00000210,OI000016203,O00009500,U004286,P001061,5,性价比不错,0,2025-12-21 05:01:19,visible
RV00000211,OI000008099,O00004767,U000469,P000086,5,性价比不错,0,2026-07-31 05:50:55,visible
RV00000212,OI000009313,O00005492,U004936,P000769,5,整体满意,0,2025-03-14 01:49:55,visible
RV00000213,OI000007816,O00004606,U004971,P001118,5,质量很好，符合预期,0,2025-09-05 02:04:09,visible
RV00000214,OI000005741,O00003403,U004082,P000618,4,整体满意,0,2025-10-27 12:18:15,visible
RV00000215,OI000001011,O00000580,U003256,P000479,4,质量很好，符合预期,0,2025-08-14 10:40:22,visible
RV00000216,OI000005473,O00003248,U003388,P000706,5,质量很好，符合预期,0,2026-05-14 18:06:10,visible
RV00000217,OI000017477,O00010233,U004291,P000467,5,质量很好，符合预期,0,2025-03-16 22:04:29,visible
RV00000218,OI000004035,O00002400,U003199,P001178,5,体验一般,0,2026-07-27 10:16:22,visible
RV00000219,OI000001161,O00000667,U000762,P000294,5,物流很快，包装完整,0,2025-10-25 20:42:23,visible
RV00000220,OI000007051,O00004157,U001042,P001135,4,性价比不错,0,2026-02-28 23:01:42,visible
RV00000221,OI000014790,O00008656,U004010,P000425,5,整体满意,0,2025-08-05 06:31:32,visible
RV00000222,OI000006982,O00004120,U004597,P001231,5,质量很好，符合预期,0,2025-03-17 15:55:40,visible
RV00000223,OI000013075,O00007648,U003752,P000398,5,性价比不错,0,2026-03-07 14:23:52,visible
RV00000224,OI000003554,O00002097,U001527,P000578,5,质量很好，符合预期,0,2025-04-17 08:58:29,visible
RV00000225,OI000009135,O00005390,U003633,P001025,5,质量很好，符合预期,0,2025-09-22 13:07:19,visible
RV00000226,OI000009264,O00005463,U001466,P001296,5,整体满意,0,2025-09-01 10:44:15,visible
RV00000227,OI000018469,O00010828,U002795,P001390,4,整体满意,0,2025-10-01 17:57:11,visible
RV00000228,OI000009196,O00005421,U002639,P000503,5,物流很快，包装完整,0,2026-08-27 18:10:43,visible
RV00000229,OI000017757,O00010396,U001633,P000593,5,质量很好，符合预期,0,2025-10-16 17:20:52,visible
RV00000230,OI000005956,O00003529,U002638,P000516,4,物流很快，包装完整,0,2026-07-02 16:15:24,visible
RV00000231,OI000000171,O00000100,U004975,P000967,3,整体满意,0,2025-05-19 20:40:14,visible
RV00000232,OI000010826,O00006361,U000460,P001455,3,质量很好，符合预期,0,2025-10-05 12:08:37,visible
RV00000233,OI000009977,O00005872,U003430,P000382,5,整体满意,1,2025-07-12 01:11:11,visible
RV00000234,OI000000902,O00000516,U000788,P000786,4,性价比不错,0,2026-07-25 13:48:14,visible
RV00000235,OI000018185,O00010658,U004953,P000122,5,物流很快，包装完整,0,2025-08-19 14:36:57,visible
RV00000236,OI000004429,O00002628,U004694,P000299,5,体验一般,0,2026-06-15 19:55:42,visible
RV00000237,OI000017341,O00010158,U000585,P001459,3,质量很好，符合预期,1,2026-07-14 01:39:33,visible
RV00000238,OI000002699,O00001593,U000277,P001408,4,性价比不错,1,2026-06-06 04:03:28,visible
RV00000239,OI000018592,O00010901,U000598,P001317,5,整体满意,0,2025-12-28 03:00:16,visible
RV00000240,OI000013358,O00007807,U002634,P001198,4,整体满意,0,2025-02-10 04:17:28,visible
RV00000241,OI000010599,O00006235,U001995,P001017,3,质量很好，符合预期,0,2025-04-11 13:31:45,visible
RV00000242,OI000020200,O00011852,U000685,P000744,5,质量很好，符合预期,0,2025-07-02 17:40:11,visible
RV00000243,OI000012673,O00007408,U002001,P000872,5,物流很快，包装完整,0,2025-10-22 05:09:18,visible
RV00000244,OI000016732,O00009817,U003191,P000870,5,质量很好，符合预期,0,2026-06-27 02:20:42,visible
RV00000245,OI000001482,O00000862,U004915,P000394,4,整体满意,1,2025-11-17 06:00:19,visible
RV00000246,OI000014600,O00008549,U000143,P001015,4,性价比不错,0,2026-09-12 15:18:05,visible
RV00000247,OI000014327,O00008388,U003488,P001101,4,性价比不错,1,2026-03-08 09:38:59,visible
RV00000248,OI000003277,O00001926,U003101,P001126,5,性价比不错,0,2025-05-06 03:41:09,visible
RV00000249,OI000015516,O00009093,U001624,P000501,5,质量很好，符合预期,0,2026-06-25 22:27:11,visible
RV00000250,OI000020318,O00011918,U000044,P000377,3,整体满意,0,2025-12-24 23:55:08,visible
RV00000251,OI000012482,O00007306,U001968,P000213,3,整体满意,0,2026-04-09 05:59:56,visible
RV00000252,OI000004820,O00002860,U003640,P000313,4,质量很好，符合预期,1,2026-04-03 01:02:11,visible
RV00000253,OI000012002,O00007020,U001125,P001402,5,整体满意,0,2026-06-07 14:19:05,visible
RV00000254,OI000017648,O00010335,U003878,P000827,5,整体满意,0,2025-04-04 03:05:31,visible
RV00000255,OI000010337,O00006084,U003825,P000136,5,物流很快，包装完整,0,2026-05-14 11:34:13,visible
RV00000256,OI000002427,O00001423,U003435,P001013,5,物流很快，包装完整,0,2026-02-17 19:38:36,visible
RV00000257,OI000009899,O00005830,U003045,P000304,3,性价比不错,0,2026-03-26 01:22:58,visible
RV00000258,OI000007215,O00004257,U001694,P000912,5,整体满意,0,2026-04-19 11:20:52,visible
RV00000259,OI000000755,O00000431,U000104,P000819,5,整体满意,0,2026-04-01 06:33:28,visible
RV00000260,OI000011701,O00006857,U004396,P000727,5,整体满意,0,2026-07-29 11:58:08,visible
RV00000261,OI000015916,O00009336,U003053,P000274,4,物流很快，包装完整,0,2025-11-14 23:11:02,visible
RV00000262,OI000004801,O00002848,U003446,P000338,5,体验一般,0,2025-12-28 23:56:14,visible
RV00000263,OI000013711,O00008024,U002555,P000502,4,性价比不错,0,2025-04-06 01:01:06,visible
RV00000264,OI000005725,O00003392,U004072,P000905,5,性价比不错,0,2026-06-03 15:42:32,visible
RV00000265,OI000004816,O00002858,U003875,P000103,2,质量很好，符合预期,0,2025-11-30 17:32:54,visible
RV00000266,OI000017649,O00010336,U001722,P001456,3,体验一般,0,2025-08-30 07:51:09,visible
RV00000267,OI000015569,O00009127,U001645,P000767,3,性价比不错,0,2025-09-01 18:52:26,visible
RV00000268,OI000016254,O00009533,U003257,P000988,4,性价比不错,0,2025-06-24 14:38:53,visible
RV00000269,OI000010544,O00006204,U001165,P001331,5,体验一般,0,2025-07-11 20:46:59,visible
RV00000270,OI000007682,O00004536,U002846,P000948,5,物流很快，包装完整,1,2026-02-14 03:01:48,visible
RV00000271,OI000006284,O00003715,U004089,P001092,1,与描述有差异,0,2026-08-22 17:10:47,hidden
RV00000272,OI000008944,O00005271,U002742,P001351,5,质量很好，符合预期,0,2025-11-08 17:08:19,visible
RV00000273,OI000019688,O00011549,U000386,P001481,5,质量很好，符合预期,0,2025-06-24 21:21:11,visible
RV00000274,OI000019218,O00011272,U002095,P001479,4,整体满意,0,2025-03-21 18:38:05,visible
RV00000275,OI000007060,O00004164,U001104,P000055,5,整体满意,0,2025-10-15 20:12:13,visible
RV00000276,OI000015565,O00009123,U003759,P001316,4,整体满意,0,2026-08-23 05:01:50,visible
RV00000277,OI000014942,O00008747,U003335,P001135,5,与描述有差异,0,2025-10-16 18:20:16,visible
RV00000278,OI000020231,O00011872,U003924,P000762,5,体验一般,0,2025-03-09 00:14:21,visible
RV00000279,OI000016270,O00009540,U004779,P001030,3,整体满意,0,2025-02-15 07:29:54,visible
RV00000280,OI000011622,O00006815,U004157,P001267,5,体验一般,0,2026-08-15 10:22:15,visible
RV00000281,OI000005909,O00003501,U004623,P000492,4,质量很好，符合预期,1,2026-06-17 12:18:11,visible
RV00000282,OI000015209,O00008917,U002028,P001160,5,物流很快，包装完整,0,2025-07-21 22:49:16,visible
RV00000283,OI000015441,O00009049,U004224,P000295,2,物流很快，包装完整,0,2025-07-21 00:16:27,visible
RV00000284,OI000005683,O00003370,U003376,P000302,5,物流很快，包装完整,1,2025-03-15 07:54:32,visible
RV00000285,OI000009812,O00005780,U000364,P000022,5,体验一般,0,2025-05-17 18:07:11,visible
RV00000286,OI000010386,O00006110,U002021,P000961,5,体验一般,0,2025-05-07 05:03:42,visible
RV00000287,OI000020356,O00011940,U000505,P000804,5,物流很快，包装完整,0,2025-02-08 17:55:20,visible
RV00000288,OI000012123,O00007097,U002454,P001185,5,整体满意,0,2026-02-04 08:29:47,visible
RV00000289,OI000015856,O00009298,U003131,P000229,5,质量很好，符合预期,0,2026-02-01 22:37:36,visible
RV00000290,OI000001053,O00000604,U000022,P000434,5,性价比不错,0,2025-09-09 07:38:02,visible
RV00000291,OI000019613,O00011507,U003879,P000568,5,质量很好，符合预期,0,2025-09-09 19:00:37,visible
RV00000292,OI000015029,O00008802,U004282,P000887,5,整体满意,0,2025-05-29 16:12:59,visible
RV00000293,OI000016784,O00009848,U003432,P001027,5,质量很好，符合预期,1,2026-05-08 02:17:20,visible
RV00000294,OI000012367,O00007243,U004533,P000448,3,物流很快，包装完整,0,2025-09-18 10:32:05,visible
RV00000295,OI000013170,O00007704,U001901,P000914,5,质量很好，符合预期,0,2026-04-10 11:41:54,visible
RV00000296,OI000004819,O00002860,U003640,P001273,5,整体满意,1,2026-03-18 01:02:11,visible
RV00000297,OI000006408,O00003787,U003677,P001076,4,体验一般,1,2025-02-19 15:06:07,visible
RV00000298,OI000005888,O00003488,U003955,P001325,5,质量很好，符合预期,0,2026-05-15 05:22:24,visible
RV00000299,OI000006329,O00003742,U001221,P000563,4,质量很好，符合预期,0,2025-09-10 12:42:06,visible
RV00000300,OI000014740,O00008627,U004816,P001420,5,整体满意,0,2025-07-28 02:27:55,visible
RV00000301,OI000004032,O00002397,U002507,P001217,5,性价比不错,0,2026-01-26 15:28:11,visible
RV00000302,OI000004710,O00002792,U003145,P000598,5,性价比不错,0,2025-05-10 14:04:54,visible
RV00000303,OI000017975,O00010528,U002157,P001368,5,体验一般,0,2025-06-27 18:27:42,visible
RV00000304,OI000009845,O00005798,U002221,P000981,4,性价比不错,1,2025-08-29 17:55:56,visible
RV00000305,OI000016150,O00009466,U001266,P000054,4,质量很好，符合预期,0,2025-07-29 00:45:30,visible
RV00000306,OI000000450,O00000259,U003512,P000457,5,整体满意,0,2025-10-23 08:46:27,visible
RV00000307,OI000007044,O00004152,U004356,P000415,1,物流很快，包装完整,0,2025-11-26 06:46:05,visible
RV00000308,OI000008913,O00005251,U001649,P000183,5,质量很好，符合预期,0,2025-02-28 15:01:35,visible
RV00000309,OI000003196,O00001880,U001216,P000777,5,整体满意,0,2025-12-24 21:20:28,visible
RV00000310,OI000001158,O00000666,U002659,P001055,4,性价比不错,0,2026-04-05 01:46:55,visible
RV00000311,OI000011149,O00006547,U004025,P001075,5,整体满意,0,2025-02-12 11:06:10,visible
RV00000312,OI000010906,O00006405,U000346,P001259,4,质量很好，符合预期,0,2025-01-24 20:24:47,visible
RV00000313,OI000006143,O00003629,U002929,P000386,5,性价比不错,0,2026-09-02 04:10:35,visible
RV00000314,OI000014538,O00008516,U002658,P000423,5,整体满意,0,2025-04-28 06:34:04,visible
RV00000315,OI000019721,O00011571,U001569,P001267,2,整体满意,0,2025-02-28 06:54:57,visible
RV00000316,OI000011846,O00006935,U004862,P000925,4,整体满意,0,2025-12-26 18:41:55,visible
RV00000317,OI000005287,O00003143,U003635,P000890,5,质量很好，符合预期,0,2026-04-13 08:34:44,visible
RV00000318,OI000005994,O00003546,U002532,P000804,5,质量很好，符合预期,0,2025-02-06 01:53:49,visible
RV00000319,OI000012880,O00007542,U001883,P001356,2,物流很快，包装完整,0,2026-06-02 17:25:45,visible
RV00000320,OI000013566,O00007935,U000377,P000917,5,性价比不错,0,2025-06-03 00:28:23,visible
RV00000321,OI000009766,O00005755,U004593,P000023,5,性价比不错,0,2025-03-24 11:46:56,visible
RV00000322,OI000001036,O00000594,U003656,P000009,5,质量很好，符合预期,0,2025-10-01 00:26:56,visible
RV00000323,OI000008821,O00005194,U003822,P001084,1,整体满意,0,2025-07-14 16:36:30,hidden
RV00000324,OI000012434,O00007277,U002787,P000208,4,体验一般,0,2025-09-30 00:59:49,visible
RV00000325,OI000006858,O00004047,U004960,P000733,5,物流很快，包装完整,0,2026-04-05 01:16:22,visible
RV00000326,OI000019797,O00011617,U000481,P001452,5,体验一般,0,2025-04-23 02:10:06,visible
RV00000327,OI000011387,O00006679,U001061,P000679,4,物流很快，包装完整,0,2026-07-27 23:57:41,visible
RV00000328,OI000007041,O00004151,U001236,P001273,5,物流很快，包装完整,0,2025-12-18 20:06:45,visible
RV00000329,OI000004457,O00002644,U004671,P001447,5,体验一般,0,2025-08-24 14:19:12,visible
RV00000330,OI000007656,O00004522,U000087,P000285,5,性价比不错,0,2025-10-02 19:05:26,visible
RV00000331,OI000003150,O00001858,U003184,P001165,5,性价比不错,0,2026-03-22 09:10:41,visible
RV00000332,OI000004935,O00002933,U003500,P000221,5,性价比不错,0,2025-08-18 23:27:37,visible
RV00000333,OI000001661,O00000968,U003925,P000788,5,物流很快，包装完整,0,2026-07-22 19:10:10,visible
RV00000334,OI000010084,O00005930,U001002,P001415,5,物流很快，包装完整,0,2025-02-15 10:42:03,visible
RV00000335,OI000017872,O00010462,U002212,P001267,5,物流很快，包装完整,0,2026-07-31 01:26:35,visible
RV00000336,OI000012778,O00007482,U004893,P000091,5,体验一般,0,2026-07-23 10:02:59,visible
RV00000337,OI000009770,O00005759,U001583,P001328,5,性价比不错,0,2025-05-31 16:28:48,visible
RV00000338,OI000000597,O00000343,U000995,P001010,5,性价比不错,0,2025-03-21 16:13:52,visible
RV00000339,OI000017466,O00010227,U000980,P001136,4,性价比不错,0,2025-05-21 17:27:58,visible
RV00000340,OI000009263,O00005462,U001757,P001027,4,整体满意,0,2025-06-22 07:48:19,visible
RV00000341,OI000015598,O00009146,U002476,P001306,5,性价比不错,0,2026-06-28 19:48:41,visible
RV00000342,OI000000857,O00000492,U002136,P000649,5,整体满意,0,2025-07-18 16:08:06,visible
RV00000343,OI000019506,O00011443,U001458,P000986,5,物流很快，包装完整,0,2026-05-12 07:26:08,visible
RV00000344,OI000019866,O00011657,U003893,P001127,3,与描述有差异,0,2025-05-26 20:07:21,visible
RV00000345,OI000018079,O00010592,U001210,P001309,4,质量很好，符合预期,0,2025-07-12 14:15:38,visible
RV00000346,OI000000904,O00000517,U003498,P001321,5,与描述有差异,0,2025-12-02 17:11:22,visible
RV00000347,OI000008041,O00004730,U002487,P001492,3,质量很好，符合预期,0,2025-12-19 22:38:41,visible
RV00000348,OI000001428,O00000825,U000164,P001149,2,性价比不错,0,2025-01-29 02:20:13,visible
RV00000349,OI000013835,O00008099,U000992,P000359,5,质量很好，符合预期,0,2025-02-22 14:14:57,visible
RV00000350,OI000011109,O00006520,U001880,P000440,5,性价比不错,0,2025-03-01 16:49:08,visible
RV00000351,OI000011642,O00006825,U004332,P000667,5,质量很好，符合预期,0,2025-05-29 18:54:49,visible
RV00000352,OI000008992,O00005302,U004219,P001409,2,物流很快，包装完整,0,2025-10-03 20:13:24,visible
RV00000353,OI000015629,O00009165,U001072,P000322,5,质量很好，符合预期,0,2026-06-26 12:48:11,visible
RV00000354,OI000008299,O00004888,U000393,P001150,5,性价比不错,0,2025-08-09 00:00:15,visible
RV00000355,OI000014563,O00008529,U003785,P000750,4,物流很快，包装完整,0,2025-08-26 19:37:43,visible
RV00000356,OI000000993,O00000571,U003706,P000028,5,整体满意,0,2025-02-19 06:44:58,visible
RV00000357,OI000015155,O00008885,U003797,P001260,5,整体满意,0,2025-10-28 22:45:49,visible
RV00000358,OI000018358,O00010760,U000876,P001157,5,物流很快，包装完整,0,2025-06-08 09:12:49,visible
RV00000359,OI000011744,O00006879,U003744,P000345,5,整体满意,0,2025-12-19 13:29:03,visible
RV00000360,OI000009888,O00005822,U000516,P000844,5,性价比不错,0,2025-01-11 18:38:16,visible
RV00000361,OI000014289,O00008361,U003283,P000527,4,整体满意,0,2025-10-13 00:37:25,visible
RV00000362,OI000019603,O00011502,U002387,P000033,4,质量很好，符合预期,0,2026-01-25 12:43:24,visible
RV00000363,OI000015623,O00009162,U004173,P001386,5,与描述有差异,0,2026-05-25 21:57:01,visible
RV00000364,OI000019640,O00011526,U004960,P000249,5,与描述有差异,0,2025-11-02 21:28:36,visible
RV00000365,OI000016084,O00009430,U004437,P000704,5,性价比不错,0,2025-11-13 17:06:28,visible
RV00000366,OI000014520,O00008504,U001307,P001147,5,体验一般,0,2025-05-25 21:15:46,visible
RV00000367,OI000012939,O00007572,U003855,P000572,5,性价比不错,0,2025-10-07 22:38:24,visible
RV00000368,OI000010321,O00006073,U001145,P000281,5,体验一般,0,2025-11-07 03:14:01,visible
RV00000369,OI000002254,O00001322,U002251,P000906,5,整体满意,0,2025-04-01 05:21:17,visible
RV00000370,OI000013051,O00007635,U004529,P000237,3,物流很快，包装完整,0,2025-03-02 17:07:36,visible
RV00000371,OI000011816,O00006920,U002002,P000636,5,质量很好，符合预期,0,2026-01-08 17:34:51,visible
RV00000372,OI000016156,O00009471,U000652,P000484,5,性价比不错,0,2025-05-08 14:15:18,visible
RV00000373,OI000017207,O00010088,U002588,P000264,4,质量很好，符合预期,0,2026-01-29 07:09:39,visible
RV00000374,OI000004321,O00002570,U004126,P000797,5,质量很好，符合预期,0,2025-11-15 10:00:17,visible
RV00000375,OI000018425,O00010800,U004067,P000725,4,性价比不错,0,2025-05-02 01:24:01,visible
RV00000376,OI000016468,O00009650,U004125,P001272,5,质量很好，符合预期,0,2025-02-22 15:19:40,visible
RV00000377,OI000005684,O00003371,U004456,P000390,5,质量很好，符合预期,1,2025-11-23 05:29:08,visible
RV00000378,OI000000813,O00000463,U002644,P000766,5,物流很快，包装完整,0,2025-12-23 22:43:58,visible
RV00000379,OI000015934,O00009348,U000462,P000367,5,整体满意,0,2026-07-15 22:29:07,visible
RV00000380,OI000000616,O00000352,U002818,P000471,5,整体满意,0,2025-02-08 16:22:02,visible
RV00000381,OI000015677,O00009190,U004387,P000417,5,整体满意,0,2026-04-12 21:35:04,visible
RV00000382,OI000011548,O00006768,U003952,P000083,2,物流很快，包装完整,0,2026-05-08 15:28:00,visible
RV00000383,OI000017902,O00010483,U001006,P001200,3,性价比不错,0,2025-09-13 16:48:55,visible
RV00000384,OI000001971,O00001170,U001336,P000698,4,性价比不错,1,2025-05-12 21:04:50,visible
RV00000385,OI000015069,O00008826,U000671,P000299,5,物流很快，包装完整,0,2025-05-18 12:43:31,visible
RV00000386,OI000019081,O00011189,U003911,P001054,5,体验一般,0,2025-10-26 14:42:28,visible
RV00000387,OI000008394,O00004940,U000312,P000892,5,整体满意,0,2025-09-04 17:19:33,visible
RV00000388,OI000008766,O00005163,U002742,P000682,5,性价比不错,0,2026-06-06 22:26:15,visible
RV00000389,OI000004825,O00002863,U000918,P000936,4,质量很好，符合预期,1,2025-07-18 04:38:17,visible
RV00000390,OI000002178,O00001280,U002983,P000470,5,整体满意,0,2026-05-27 01:37:51,hidden
RV00000391,OI000003319,O00001953,U003456,P000953,5,整体满意,1,2025-10-10 20:45:24,visible
RV00000392,OI000016104,O00009440,U003529,P000788,5,性价比不错,0,2025-09-30 20:47:03,visible
RV00000393,OI000003747,O00002217,U003103,P001077,4,整体满意,0,2025-06-08 20:03:56,visible
RV00000394,OI000004181,O00002488,U001382,P000940,5,整体满意,0,2025-05-17 18:21:48,visible
RV00000395,OI000007903,O00004651,U000074,P000833,4,体验一般,0,2026-02-06 01:08:33,visible
RV00000396,OI000018503,O00010848,U001877,P001153,5,物流很快，包装完整,0,2025-07-10 00:08:29,visible
RV00000397,OI000018382,O00010773,U000150,P001293,5,整体满意,0,2026-06-10 02:08:15,visible
RV00000398,OI000003709,O00002192,U001657,P001023,4,整体满意,0,2025-01-29 08:03:46,visible
RV00000399,OI000000562,O00000325,U000196,P000224,5,物流很快，包装完整,0,2026-05-22 07:46:41,visible
RV00000400,OI000012796,O00007492,U002912,P000744,3,物流很快，包装完整,0,2026-09-10 16:12:55,visible
RV00000401,OI000004969,O00002953,U001363,P001159,5,与描述有差异,0,2025-01-16 01:47:26,visible
RV00000402,OI000010740,O00006313,U004198,P001105,5,物流很快，包装完整,0,2026-05-29 05:04:48,visible
RV00000403,OI000013327,O00007789,U004361,P001477,5,物流很快，包装完整,0,2025-02-04 10:05:28,visible
RV00000404,OI000003698,O00002185,U003010,P001252,5,物流很快，包装完整,0,2026-07-18 01:19:09,visible
RV00000405,OI000014852,O00008691,U004654,P001489,4,物流很快，包装完整,0,2025-02-04 05:20:13,visible
RV00000406,OI000016267,O00009540,U004779,P000230,5,整体满意,0,2025-02-15 07:29:54,visible
RV00000407,OI000020130,O00011809,U002578,P000877,3,物流很快，包装完整,0,2026-02-12 05:22:06,visible
RV00000408,OI000013563,O00007934,U000451,P000796,3,质量很好，符合预期,1,2025-05-21 02:04:09,visible
RV00000409,OI000014718,O00008614,U000494,P000684,5,性价比不错,0,2025-11-23 08:59:21,visible
RV00000410,OI000008491,O00005000,U000461,P000483,5,整体满意,0,2025-03-05 00:11:42,visible
RV00000411,OI000016015,O00009395,U001159,P000171,4,整体满意,0,2026-04-03 02:34:55,visible
RV00000412,OI000010433,O00006137,U004448,P001074,5,整体满意,0,2026-05-18 07:23:02,visible
RV00000413,OI000015224,O00008925,U000341,P000173,3,质量很好，符合预期,0,2025-09-06 07:46:48,visible
RV00000414,OI000018737,O00010982,U004936,P000004,4,物流很快，包装完整,0,2025-04-25 23:33:46,visible
RV00000415,OI000006059,O00003582,U000366,P001345,5,与描述有差异,0,2026-03-07 13:22:19,visible
RV00000416,OI000006287,O00003717,U002178,P000720,5,质量很好，符合预期,0,2026-02-21 10:22:43,visible
RV00000417,OI000013121,O00007676,U004562,P000276,5,体验一般,1,2025-11-14 03:53:55,visible
RV00000418,OI000013445,O00007857,U003857,P001149,4,整体满意,0,2026-01-04 06:55:21,visible
RV00000419,OI000015076,O00008831,U002311,P001274,3,整体满意,0,2026-01-31 17:23:09,visible
RV00000420,OI000016877,O00009899,U003194,P000752,5,与描述有差异,0,2025-05-12 15:20:19,visible
RV00000421,OI000000397,O00000229,U004735,P000010,4,性价比不错,0,2025-03-26 11:46:19,visible
RV00000422,OI000001902,O00001121,U001633,P000963,3,体验一般,0,2026-01-21 19:07:00,visible
RV00000423,OI000020060,O00011772,U004684,P001069,3,质量很好，符合预期,1,2026-07-25 13:51:36,visible
RV00000424,OI000017660,O00010342,U004941,P000848,5,整体满意,0,2026-01-22 06:20:50,visible
RV00000425,OI000012592,O00007362,U003032,P000701,4,性价比不错,0,2025-11-28 04:58:10,visible
RV00000426,OI000008067,O00004748,U004662,P001085,5,性价比不错,1,2025-02-05 03:21:26,visible
RV00000427,OI000012868,O00007534,U001278,P000709,5,性价比不错,1,2025-07-01 20:35:35,visible
RV00000428,OI000019299,O00011322,U003192,P000208,4,质量很好，符合预期,0,2026-03-08 14:12:56,visible
RV00000429,OI000002797,O00001651,U004723,P000284,4,整体满意,0,2025-02-25 11:02:14,visible
RV00000430,OI000006177,O00003650,U004142,P000812,5,整体满意,0,2025-07-31 10:59:18,visible
RV00000431,OI000006802,O00004018,U004795,P000027,4,性价比不错,0,2025-10-22 23:21:47,visible
RV00000432,OI000000285,O00000160,U003747,P000642,4,整体满意,0,2025-07-13 05:37:01,visible
RV00000433,OI000001876,O00001102,U002071,P000417,5,整体满意,1,2026-07-02 00:35:10,visible
RV00000434,OI000008621,O00005078,U004422,P000490,4,质量很好，符合预期,0,2026-01-30 12:01:57,visible
RV00000435,OI000011291,O00006625,U002204,P000862,4,物流很快，包装完整,0,2025-05-14 08:17:10,visible
RV00000436,OI000002768,O00001632,U001637,P000475,4,质量很好，符合预期,0,2026-01-24 11:22:37,visible
RV00000437,OI000013926,O00008150,U002255,P001259,5,质量很好，符合预期,0,2026-02-24 01:39:44,visible
RV00000438,OI000017611,O00010310,U002521,P000812,5,体验一般,0,2025-06-09 01:48:03,visible
RV00000439,OI000005910,O00003501,U004623,P000172,4,整体满意,0,2026-06-25 12:18:11,visible
RV00000440,OI000000958,O00000548,U000207,P000641,4,整体满意,0,2025-12-17 07:12:51,visible
RV00000441,OI000008485,O00004994,U003948,P000075,5,与描述有差异,0,2026-05-31 02:06:54,visible
RV00000442,OI000014713,O00008612,U004636,P000903,5,质量很好，符合预期,0,2025-05-27 03:35:57,visible
RV00000443,OI000012785,O00007485,U001915,P000770,4,性价比不错,0,2026-02-11 14:40:11,visible
RV00000444,OI000000681,O00000390,U004540,P000150,5,质量很好，符合预期,0,2026-09-04 22:21:09,visible
RV00000445,OI000005113,O00003046,U002090,P001414,5,性价比不错,0,2025-11-27 06:57:23,visible
RV00000446,OI000006251,O00003693,U001022,P000202,4,整体满意,0,2026-04-01 08:59:10,visible
RV00000447,OI000013570,O00007938,U000211,P001475,5,质量很好，符合预期,0,2026-05-21 22:27:12,visible
RV00000448,OI000016762,O00009837,U003983,P000381,5,体验一般,0,2026-08-25 19:18:35,visible
RV00000449,OI000002436,O00001430,U002525,P000229,4,质量很好，符合预期,0,2025-08-12 07:20:05,visible
RV00000450,OI000003801,O00002248,U002907,P000747,5,物流很快，包装完整,0,2026-08-07 02:29:51,visible
RV00000451,OI000010770,O00006328,U000069,P001069,5,性价比不错,0,2026-06-04 17:45:11,hidden
RV00000452,OI000015635,O00009169,U001482,P000985,4,质量很好，符合预期,0,2025-03-17 00:43:37,visible
RV00000453,OI000014491,O00008486,U000851,P001478,5,体验一般,0,2026-05-20 05:29:06,visible
RV00000454,OI000009364,O00005521,U001261,P000978,3,物流很快，包装完整,0,2025-08-13 13:01:32,visible
RV00000455,OI000000506,O00000292,U003614,P000256,5,整体满意,0,2026-06-24 08:59:36,visible
RV00000456,OI000011349,O00006656,U003153,P001450,3,与描述有差异,0,2025-10-08 02:22:59,visible
RV00000457,OI000002065,O00001221,U002549,P000253,5,整体满意,0,2026-06-04 06:41:13,visible
RV00000458,OI000003711,O00002193,U002690,P001172,5,性价比不错,0,2025-04-30 04:16:40,visible
RV00000459,OI000010359,O00006095,U004101,P000358,5,整体满意,0,2026-07-26 06:06:24,visible
RV00000460,OI000013135,O00007683,U001953,P000639,4,质量很好，符合预期,0,2025-06-17 10:13:32,visible
RV00000461,OI000019005,O00011146,U004716,P000548,5,与描述有差异,1,2025-06-01 01:08:40,visible
RV00000462,OI000019800,O00011618,U001948,P001403,4,物流很快，包装完整,0,2025-07-05 19:10:37,visible
RV00000463,OI000019905,O00011680,U003162,P000239,5,性价比不错,0,2026-04-19 06:25:34,visible
RV00000464,OI000020224,O00011869,U000580,P000990,5,物流很快，包装完整,0,2026-05-19 21:47:02,visible
RV00000465,OI000013846,O00008106,U004349,P001308,5,物流很快，包装完整,1,2025-06-21 05:08:23,visible
RV00000466,OI000002890,O00001709,U002768,P001192,5,物流很快，包装完整,0,2026-05-30 12:37:36,visible
RV00000467,OI000017389,O00010187,U000960,P001371,5,体验一般,0,2025-01-26 18:56:29,visible
RV00000468,OI000002137,O00001260,U001943,P000398,3,质量很好，符合预期,0,2025-06-19 04:18:04,visible
RV00000469,OI000019062,O00011178,U001846,P000787,2,质量很好，符合预期,0,2026-03-29 21:29:23,visible
RV00000470,OI000012871,O00007536,U003074,P000621,5,与描述有差异,0,2025-05-27 10:51:53,visible
RV00000471,OI000009785,O00005767,U000699,P001016,5,质量很好，符合预期,0,2025-03-13 13:53:25,visible
RV00000472,OI000020187,O00011845,U000179,P000868,5,整体满意,0,2026-07-27 14:43:04,visible
RV00000473,OI000010481,O00006167,U000436,P001262,5,性价比不错,0,2025-04-18 01:54:22,visible
RV00000474,OI000006448,O00003810,U003718,P000285,3,整体满意,0,2025-08-04 05:41:40,visible
RV00000475,OI000013055,O00007637,U001580,P000118,5,与描述有差异,0,2025-12-14 20:47:10,visible
RV00000476,OI000000302,O00000170,U003199,P000650,5,整体满意,1,2025-04-21 16:24:18,visible
RV00000477,OI000014933,O00008742,U001300,P000071,5,整体满意,0,2026-03-22 22:51:15,visible
RV00000478,OI000001909,O00001126,U003468,P001002,4,物流很快，包装完整,0,2025-05-25 12:38:47,visible
RV00000479,OI000011857,O00006944,U002057,P000339,5,性价比不错,0,2025-01-22 08:13:24,visible
RV00000480,OI000013811,O00008080,U000804,P000306,4,物流很快，包装完整,0,2025-03-22 23:49:37,visible
RV00000481,OI000007142,O00004214,U001077,P000560,5,性价比不错,0,2025-02-14 15:44:37,visible
RV00000482,OI000005333,O00003166,U004673,P000395,5,质量很好，符合预期,0,2026-03-23 16:40:31,visible
RV00000483,OI000000691,O00000398,U000845,P001376,4,物流很快，包装完整,1,2025-02-24 13:11:20,visible
RV00000484,OI000002411,O00001415,U004797,P001494,4,整体满意,0,2025-05-28 10:55:13,visible
RV00000485,OI000015450,O00009055,U001101,P000374,3,体验一般,0,2026-02-15 20:22:29,visible
RV00000486,OI000002096,O00001240,U000926,P001163,5,质量很好，符合预期,0,2025-03-25 04:48:38,visible
RV00000487,OI000002108,O00001248,U001698,P000422,5,整体满意,0,2025-02-01 11:28:22,visible
RV00000488,OI000007873,O00004634,U003244,P000741,4,物流很快，包装完整,0,2025-06-20 22:54:44,visible
RV00000489,OI000003459,O00002042,U003130,P000400,4,整体满意,1,2025-12-08 17:13:58,visible
RV00000490,OI000000585,O00000336,U001438,P000691,2,整体满意,0,2025-12-09 08:09:35,visible
RV00000491,OI000013359,O00007807,U002634,P000638,4,整体满意,0,2025-01-19 04:17:28,visible
RV00000492,OI000020406,O00011967,U004194,P001211,5,物流很快，包装完整,0,2025-03-31 01:26:27,visible
RV00000493,OI000016822,O00009869,U001365,P001229,4,整体满意,0,2026-08-20 07:43:17,visible
RV00000494,OI000000668,O00000383,U000800,P000095,5,物流很快，包装完整,0,2026-03-20 18:23:55,visible
RV00000495,OI000005139,O00003062,U003914,P001019,4,质量很好，符合预期,0,2026-07-13 00:23:34,visible
RV00000496,OI000013929,O00008153,U004488,P000519,5,性价比不错,0,2026-01-01 08:13:13,visible
RV00000497,OI000013813,O00008082,U000900,P000738,4,整体满意,0,2025-12-16 09:26:40,visible
RV00000498,OI000005900,O00003496,U003123,P000008,3,质量很好，符合预期,0,2026-03-13 13:32:21,visible
RV00000499,OI000015790,O00009257,U001220,P000151,5,质量很好，符合预期,0,2026-03-03 09:50:04,visible
RV00000500,OI000007302,O00004309,U000532,P000989,5,性价比不错,0,2026-06-11 16:33:56,visible
RV00000501,OI000018779,O00011010,U003492,P000537,4,与描述有差异,0,2026-08-07 04:15:23,visible
RV00000502,OI000007415,O00004374,U004211,P001203,5,性价比不错,0,2025-11-26 01:49:54,visible
RV00000503,OI000008908,O00005248,U004301,P000722,4,质量很好，符合预期,0,2025-02-18 05:30:57,visible
RV00000504,OI000007412,O00004373,U004930,P000637,5,质量很好，符合预期,0,2025-08-24 03:48:43,visible
RV00000505,OI000017793,O00010416,U000697,P000384,5,整体满意,0,2026-01-18 00:54:05,visible
RV00000506,OI000020138,O00011815,U003890,P000494,4,物流很快，包装完整,0,2025-07-25 04:43:08,visible
RV00000507,OI000013641,O00007981,U003963,P000361,5,整体满意,0,2025-06-22 06:26:38,visible
RV00000508,OI000000627,O00000357,U001253,P000125,5,质量很好，符合预期,0,2025-06-14 18:58:04,visible
RV00000509,OI000019137,O00011224,U002055,P001448,5,性价比不错,0,2026-05-09 12:53:47,visible
RV00000510,OI000010483,O00006167,U000436,P000542,3,性价比不错,0,2025-04-20 01:54:22,visible
RV00000511,OI000020400,O00011965,U003980,P000360,2,与描述有差异,0,2025-08-25 04:42:00,visible
RV00000512,OI000019552,O00011472,U004353,P000531,5,体验一般,0,2025-04-22 21:43:19,visible
RV00000513,OI000016676,O00009781,U003596,P000704,2,性价比不错,0,2025-05-15 10:47:01,visible
RV00000514,OI000016350,O00009582,U001175,P000339,5,物流很快，包装完整,0,2025-07-09 04:24:34,visible
RV00000515,OI000017951,O00010514,U004081,P000407,5,体验一般,0,2025-01-07 01:55:18,visible
RV00000516,OI000005729,O00003395,U003426,P001206,5,整体满意,1,2025-07-10 07:28:31,visible
RV00000517,OI000019003,O00011145,U003901,P000334,5,物流很快，包装完整,0,2025-05-25 22:08:01,visible
RV00000518,OI000017790,O00010415,U004804,P000698,4,质量很好，符合预期,1,2025-03-26 14:51:49,visible
RV00000519,OI000007098,O00004188,U001919,P000715,5,整体满意,0,2026-06-25 21:38:27,hidden
RV00000520,OI000017708,O00010367,U001046,P001314,5,物流很快，包装完整,0,2025-01-11 08:09:28,visible
RV00000521,OI000019837,O00011642,U000388,P000826,5,物流很快，包装完整,0,2025-07-09 09:48:10,visible
RV00000522,OI000006626,O00003916,U001971,P001063,5,体验一般,0,2025-02-06 10:41:46,visible
RV00000523,OI000008010,O00004708,U000120,P001346,5,质量很好，符合预期,1,2026-05-11 19:08:06,visible
RV00000524,OI000000680,O00000390,U004540,P000870,5,整体满意,0,2026-08-28 22:21:09,visible
RV00000525,OI000003255,O00001915,U001590,P000172,3,性价比不错,0,2026-05-12 01:41:01,visible
RV00000526,OI000016790,O00009851,U003492,P000003,4,整体满意,0,2025-04-10 09:54:37,visible
RV00000527,OI000017903,O00010484,U004897,P000149,5,质量很好，符合预期,0,2026-03-15 04:37:28,visible
RV00000528,OI000013039,O00007630,U003853,P001212,5,质量很好，符合预期,0,2026-07-24 05:03:02,visible
RV00000529,OI000016060,O00009415,U001729,P001392,1,物流很快，包装完整,0,2025-09-12 00:21:40,hidden
RV00000530,OI000002869,O00001693,U004507,P001013,4,整体满意,1,2025-11-26 12:18:23,visible
RV00000531,OI000006183,O00003653,U000456,P000323,5,与描述有差异,0,2025-10-16 10:48:07,visible
RV00000532,OI000013545,O00007922,U003220,P000943,4,物流很快，包装完整,0,2025-05-10 07:00:02,visible
RV00000533,OI000014900,O00008721,U002929,P001003,5,整体满意,0,2025-01-24 21:03:26,visible
RV00000534,OI000000424,O00000246,U004983,P000249,5,质量很好，符合预期,0,2026-04-21 07:13:52,visible
RV00000535,OI000007095,O00004186,U002779,P001151,5,物流很快，包装完整,0,2025-12-05 18:31:35,visible
RV00000536,OI000016921,O00009925,U004716,P000588,5,与描述有差异,0,2025-04-27 14:32:46,visible
RV00000537,OI000011593,O00006796,U002229,P000168,5,整体满意,0,2026-07-25 16:03:59,visible
RV00000538,OI000004121,O00002455,U003106,P001134,1,物流很快，包装完整,0,2025-07-04 23:02:46,visible
RV00000539,OI000006562,O00003877,U000771,P000571,4,物流很快，包装完整,1,2026-04-09 23:59:03,visible
RV00000540,OI000002578,O00001520,U004395,P000718,5,整体满意,0,2026-09-03 18:24:21,visible
RV00000541,OI000002717,O00001603,U003550,P000670,1,与描述有差异,1,2026-07-11 13:47:00,visible
RV00000542,OI000000363,O00000206,U002378,P001324,5,质量很好，符合预期,1,2025-02-21 17:03:10,visible
RV00000543,OI000007114,O00004199,U003318,P000871,1,整体满意,0,2025-04-11 11:30:55,visible
RV00000544,OI000019157,O00011237,U002146,P001151,5,整体满意,0,2025-08-20 08:28:17,visible
RV00000545,OI000009722,O00005729,U003494,P000648,5,物流很快，包装完整,0,2026-04-13 06:28:35,visible
RV00000546,OI000009809,O00005779,U002567,P001177,4,整体满意,0,2026-03-14 04:05:57,visible
RV00000547,OI000019021,O00011156,U003422,P000160,5,质量很好，符合预期,1,2026-05-25 01:41:45,visible
RV00000548,OI000010980,O00006448,U000053,P000778,5,整体满意,1,2025-02-19 14:06:46,visible
RV00000549,OI000007414,O00004374,U004211,P000963,5,与描述有差异,0,2025-11-19 01:49:54,visible
RV00000550,OI000012039,O00007044,U003382,P000071,5,物流很快，包装完整,0,2025-06-11 14:04:32,visible
RV00000551,OI000016696,O00009795,U004216,P001119,1,物流很快，包装完整,0,2025-10-06 10:07:23,visible
RV00000552,OI000017240,O00010105,U002342,P000598,5,性价比不错,0,2025-02-10 16:22:03,visible
RV00000553,OI000011971,O00007001,U004941,P000185,4,整体满意,1,2025-12-27 05:39:24,visible
RV00000554,OI000000122,O00000072,U004339,P000815,5,整体满意,1,2025-09-04 00:18:57,visible
RV00000555,OI000010527,O00006198,U002753,P000145,5,质量很好，符合预期,0,2026-05-20 14:16:04,visible
RV00000556,OI000007860,O00004627,U001290,P001144,5,质量很好，符合预期,0,2025-09-30 15:54:29,visible
RV00000557,OI000001864,O00001094,U001947,P000887,5,性价比不错,0,2026-03-05 16:02:22,visible
RV00000558,OI000016868,O00009891,U002395,P001429,5,体验一般,0,2026-07-25 23:08:52,visible
RV00000559,OI000002154,O00001267,U002927,P000091,3,质量很好，符合预期,0,2025-07-26 01:30:06,visible
RV00000560,OI000013409,O00007837,U001045,P000942,5,物流很快，包装完整,0,2026-03-04 10:47:35,visible
RV00000561,OI000002658,O00001568,U001156,P000653,5,性价比不错,0,2025-12-20 22:12:05,visible
RV00000562,OI000014073,O00008238,U001742,P001158,4,质量很好，符合预期,0,2026-06-30 13:12:01,visible
RV00000563,OI000013217,O00007732,U002754,P000738,4,整体满意,0,2026-03-30 21:58:30,visible
RV00000564,OI000008755,O00005154,U002104,P000069,4,性价比不错,0,2025-03-01 08:49:43,visible
RV00000565,OI000003429,O00002028,U002473,P000269,5,物流很快，包装完整,0,2026-07-10 20:07:59,visible
RV00000566,OI000002106,O00001246,U001369,P001255,2,质量很好，符合预期,0,2025-09-15 07:42:39,visible
RV00000567,OI000006681,O00003950,U000239,P000669,4,整体满意,0,2026-01-22 21:08:54,visible
RV00000568,OI000010643,O00006259,U003509,P000794,4,质量很好，符合预期,0,2026-08-24 00:11:29,visible
RV00000569,OI000002049,O00001210,U001782,P001403,5,整体满意,0,2026-07-06 23:09:39,visible
RV00000570,OI000004782,O00002839,U003159,P001427,5,性价比不错,0,2025-02-26 21:06:15,visible
RV00000571,OI000019035,O00011164,U002995,P000209,4,整体满意,0,2026-03-13 13:19:30,visible
RV00000572,OI000013533,O00007915,U004097,P000487,5,整体满意,0,2025-06-10 12:30:51,visible
RV00000573,OI000005635,O00003343,U003730,P001461,3,性价比不错,0,2026-02-14 15:38:35,visible
RV00000574,OI000013224,O00007735,U004396,P000914,5,质量很好，符合预期,0,2026-07-29 11:01:36,visible
RV00000575,OI000013647,O00007985,U003968,P000627,4,整体满意,0,2026-03-26 05:28:32,visible
RV00000576,OI000001669,O00000973,U002713,P000632,4,物流很快，包装完整,0,2026-02-18 14:33:01,visible
RV00000577,OI000005757,O00003413,U003754,P000784,5,性价比不错,0,2026-08-14 22:05:56,visible
RV00000578,OI000014879,O00008708,U004936,P001046,2,体验一般,0,2026-07-06 08:36:14,visible
RV00000579,OI000013723,O00008031,U003164,P001378,5,整体满意,0,2026-01-26 11:10:53,visible
RV00000580,OI000013500,O00007894,U002410,P001179,5,质量很好，符合预期,0,2025-02-12 23:35:14,visible
RV00000581,OI000003548,O00002095,U002265,P000038,5,整体满意,1,2026-01-30 06:28:58,visible
RV00000582,OI000004850,O00002882,U002383,P001400,4,整体满意,1,2025-07-16 05:41:02,visible
RV00000583,OI000015419,O00009039,U001720,P001431,5,体验一般,0,2026-04-22 19:07:14,visible
RV00000584,OI000006515,O00003851,U002819,P001472,5,质量很好，符合预期,0,2026-01-13 00:23:40,visible
RV00000585,OI000013631,O00007976,U004693,P001422,2,质量很好，符合预期,0,2025-01-27 04:49:45,visible
RV00000586,OI000000937,O00000537,U004875,P001446,5,质量很好，符合预期,0,2026-05-17 22:34:01,visible
RV00000587,OI000003546,O00002094,U001243,P000560,5,质量很好，符合预期,0,2025-08-05 14:36:04,visible
RV00000588,OI000017692,O00010359,U004009,P000195,5,质量很好，符合预期,0,2025-04-09 07:19:58,visible
RV00000589,OI000005135,O00003060,U004626,P000048,5,整体满意,0,2026-09-06 18:13:57,visible
RV00000590,OI000013018,O00007614,U003065,P000066,5,物流很快，包装完整,0,2025-10-06 19:45:19,visible
RV00000591,OI000002358,O00001382,U004197,P000421,5,整体满意,0,2025-09-17 05:10:02,visible
RV00000592,OI000015970,O00009370,U002838,P000013,5,性价比不错,1,2025-07-06 02:50:26,visible
RV00000593,OI000014316,O00008380,U001773,P000887,5,整体满意,0,2025-04-09 04:10:01,visible
RV00000594,OI000001049,O00000601,U001570,P001211,5,质量很好，符合预期,0,2025-07-18 21:57:32,visible
RV00000595,OI000016945,O00009938,U003833,P001486,5,整体满意,0,2025-07-18 15:23:44,visible
RV00000596,OI000020398,O00011964,U004678,P000079,5,整体满意,0,2025-06-29 14:56:09,visible
RV00000597,OI000008572,O00005043,U003569,P001331,5,物流很快，包装完整,0,2026-01-11 14:41:31,visible
RV00000598,OI000015237,O00008933,U000175,P000800,5,物流很快，包装完整,0,2026-01-29 22:25:40,visible
RV00000599,OI000010765,O00006325,U001188,P001094,5,质量很好，符合预期,0,2026-05-10 05:44:34,visible
RV00000600,OI000015761,O00009241,U003508,P000190,3,质量很好，符合预期,0,2026-06-22 18:09:35,visible
RV00000601,OI000009980,O00005873,U000496,P000930,4,性价比不错,0,2026-04-18 21:39:50,visible
RV00000602,OI000003053,O00001800,U000806,P000502,4,性价比不错,0,2026-01-06 19:55:30,visible
RV00000603,OI000003033,O00001791,U000851,P001060,4,物流很快，包装完整,0,2026-07-12 05:14:59,visible
RV00000604,OI000019306,O00011325,U004897,P001255,5,与描述有差异,0,2026-05-16 16:33:24,visible
RV00000605,OI000019461,O00011414,U003500,P000345,5,质量很好，符合预期,1,2026-08-17 09:33:42,visible
RV00000606,OI000019601,O00011501,U003502,P001025,4,物流很快，包装完整,0,2026-04-07 03:23:24,visible
RV00000607,OI000009035,O00005333,U002940,P000490,5,体验一般,0,2026-05-26 23:03:14,visible
RV00000608,OI000008635,O00005084,U004732,P001108,5,物流很快，包装完整,0,2025-06-14 06:32:57,visible
RV00000609,OI000015168,O00008891,U002300,P000163,5,体验一般,0,2026-01-10 03:29:23,visible
RV00000610,OI000019344,O00011349,U002307,P001130,5,性价比不错,0,2025-02-12 21:06:06,visible
RV00000611,OI000017822,O00010433,U000700,P001069,4,物流很快，包装完整,0,2026-01-22 19:02:26,visible
RV00000612,OI000004127,O00002459,U004841,P000409,5,性价比不错,0,2025-09-29 19:44:39,visible
RV00000613,OI000002614,O00001543,U003685,P000480,5,性价比不错,0,2026-03-19 07:33:01,visible
RV00000614,OI000002084,O00001233,U004101,P000436,5,整体满意,0,2025-01-21 08:33:52,visible
RV00000615,OI000018246,O00010694,U002172,P000555,5,体验一般,0,2025-10-14 01:08:47,visible
RV00000616,OI000017266,O00010116,U004003,P000147,3,质量很好，符合预期,0,2025-11-08 14:24:33,visible
RV00000617,OI000008516,O00005012,U002425,P000546,5,性价比不错,0,2025-11-29 19:25:52,visible
RV00000618,OI000000166,O00000096,U004365,P000502,3,质量很好，符合预期,0,2025-10-24 11:50:38,visible
RV00000619,OI000012182,O00007132,U002991,P001001,4,性价比不错,0,2025-07-14 23:04:31,visible
RV00000620,OI000011522,O00006752,U003536,P000001,5,质量很好，符合预期,0,2026-05-02 18:41:23,visible
RV00000621,OI000013581,O00007943,U003445,P000847,2,整体满意,0,2025-01-18 09:26:16,visible
RV00000622,OI000002504,O00001478,U001220,P000024,4,物流很快，包装完整,0,2025-02-02 14:09:08,visible
RV00000623,OI000009677,O00005707,U001939,P000579,5,性价比不错,0,2026-05-24 22:02:14,visible
RV00000624,OI000017267,O00010117,U003686,P000132,3,物流很快，包装完整,0,2025-02-12 02:52:37,visible
RV00000625,OI000016761,O00009836,U003443,P000578,5,体验一般,0,2025-07-13 21:05:42,visible
RV00000626,OI000012400,O00007260,U004069,P000015,5,性价比不错,1,2025-01-30 04:42:08,visible
RV00000627,OI000000612,O00000350,U001810,P000784,5,整体满意,0,2025-10-14 13:43:18,visible
RV00000628,OI000001732,O00001011,U001073,P000265,5,性价比不错,0,2026-02-18 02:12:50,visible
RV00000629,OI000020246,O00011880,U004848,P000416,5,质量很好，符合预期,0,2026-01-07 01:50:25,visible
RV00000630,OI000012647,O00007393,U002237,P000343,4,性价比不错,0,2025-07-18 22:09:39,visible
RV00000631,OI000015752,O00009235,U003125,P001252,4,物流很快，包装完整,0,2026-01-28 21:33:56,visible
RV00000632,OI000003557,O00002098,U001391,P000446,3,物流很快，包装完整,0,2026-06-22 13:09:02,visible
RV00000633,OI000007997,O00004701,U003104,P000504,5,物流很快，包装完整,0,2025-10-25 23:08:43,visible
RV00000634,OI000016412,O00009619,U000328,P001212,5,整体满意,0,2026-03-26 10:45:40,visible
RV00000635,OI000018495,O00010841,U000460,P000186,5,物流很快，包装完整,0,2026-05-27 12:35:47,visible
RV00000636,OI000001379,O00000796,U004984,P001411,3,与描述有差异,0,2025-05-29 23:06:37,visible
RV00000637,OI000017747,O00010389,U003482,P000645,4,整体满意,0,2025-01-26 12:36:33,visible
RV00000638,OI000008057,O00004742,U004550,P000080,5,整体满意,0,2025-09-24 01:50:30,visible
RV00000639,OI000010794,O00006343,U004833,P001185,5,性价比不错,0,2025-12-04 19:14:29,visible
RV00000640,OI000006764,O00003996,U004540,P001005,4,整体满意,0,2025-07-11 04:58:12,visible
RV00000641,OI000007251,O00004280,U004117,P000590,5,体验一般,1,2026-06-05 16:03:56,visible
RV00000642,OI000015797,O00009263,U003782,P000936,4,质量很好，符合预期,0,2026-05-16 14:43:54,visible
RV00000643,OI000016743,O00009824,U001256,P000064,5,物流很快，包装完整,0,2026-02-04 13:26:37,visible
RV00000644,OI000016430,O00009628,U000930,P000829,5,整体满意,0,2025-10-07 15:12:11,visible
RV00000645,OI000002709,O00001598,U003818,P001141,5,物流很快，包装完整,0,2025-04-11 21:32:18,visible
RV00000646,OI000015377,O00009014,U000263,P001321,5,质量很好，符合预期,1,2025-02-16 23:55:54,visible
RV00000647,OI000010694,O00006288,U004576,P000444,4,整体满意,0,2025-08-21 07:51:58,visible
RV00000648,OI000012797,O00007492,U002912,P000264,5,质量很好，符合预期,0,2026-09-11 16:12:55,visible
RV00000649,OI000009240,O00005447,U003394,P000437,5,物流很快，包装完整,0,2025-10-14 17:03:45,visible
RV00000650,OI000015656,O00009180,U000444,P000595,4,整体满意,0,2025-01-26 07:13:13,visible
RV00000651,OI000008830,O00005200,U004682,P000644,5,性价比不错,0,2025-02-09 06:27:02,visible
RV00000652,OI000008932,O00005263,U003273,P000155,5,物流很快，包装完整,0,2025-04-13 02:03:12,visible
RV00000653,OI000012359,O00007240,U004833,P000041,4,整体满意,0,2025-12-04 14:14:05,visible
RV00000654,OI000000133,O00000079,U002603,P000147,5,与描述有差异,0,2026-03-18 15:58:18,visible
RV00000655,OI000005764,O00003417,U004665,P001493,5,质量很好，符合预期,0,2026-03-21 10:07:53,visible
RV00000656,OI000014569,O00008533,U001011,P001126,4,质量很好，符合预期,0,2026-03-16 23:51:49,visible
RV00000657,OI000006737,O00003983,U003965,P000569,5,质量很好，符合预期,0,2025-09-06 20:00:51,visible
RV00000658,OI000009305,O00005489,U004781,P000586,4,质量很好，符合预期,0,2025-02-27 11:56:36,visible
RV00000659,OI000010161,O00005978,U002002,P001201,4,物流很快，包装完整,0,2026-05-11 01:51:23,visible
RV00000660,OI000012209,O00007150,U004328,P000654,2,整体满意,0,2025-11-04 12:24:39,visible
RV00000661,OI000012473,O00007300,U004458,P000716,5,整体满意,0,2025-08-14 19:20:32,visible
RV00000662,OI000008768,O00005163,U002742,P000682,5,性价比不错,0,2026-05-23 22:26:15,visible
RV00000663,OI000005325,O00003162,U004932,P001464,5,性价比不错,0,2025-08-02 15:23:29,visible
RV00000664,OI000015223,O00008924,U004322,P000320,4,质量很好，符合预期,0,2025-03-11 02:14:53,visible
RV00000665,OI000002491,O00001468,U002271,P000714,5,体验一般,0,2026-06-28 11:29:22,visible
RV00000666,OI000014220,O00008326,U001588,P001166,5,与描述有差异,0,2025-11-20 13:20:52,visible
RV00000667,OI000012261,O00007181,U000686,P000447,5,质量很好，符合预期,0,2026-08-21 12:51:38,visible
RV00000668,OI000002764,O00001630,U003272,P000167,5,物流很快，包装完整,0,2025-08-16 21:44:57,visible
RV00000669,OI000019368,O00011364,U002693,P000850,5,物流很快，包装完整,0,2026-05-21 08:03:02,visible
RV00000670,OI000005366,O00003183,U000169,P000792,5,与描述有差异,0,2025-08-19 23:08:22,visible
RV00000671,OI000003256,O00001915,U001590,P000332,4,性价比不错,0,2026-05-18 01:41:01,visible
RV00000672,OI000007784,O00004589,U002833,P000660,5,性价比不错,0,2026-01-08 05:29:56,visible
RV00000673,OI000020078,O00011782,U002489,P001131,3,体验一般,0,2025-10-12 10:14:13,visible
RV00000674,OI000018814,O00011030,U002243,P000798,4,物流很快，包装完整,0,2025-11-03 23:36:36,visible
RV00000675,OI000016272,O00009541,U002640,P000036,5,整体满意,0,2026-01-25 03:48:07,visible
RV00000676,OI000000697,O00000402,U004711,P000871,5,质量很好，符合预期,0,2025-05-18 19:54:26,visible
RV00000677,OI000020313,O00011915,U004751,P001121,4,性价比不错,0,2025-05-13 07:45:06,visible
RV00000678,OI000011272,O00006613,U000290,P000534,4,质量很好，符合预期,0,2025-10-29 01:20:50,visible
RV00000679,OI000004612,O00002735,U004731,P000066,4,体验一般,0,2025-07-10 08:07:27,visible
RV00000680,OI000001985,O00001175,U004665,P000666,4,整体满意,0,2026-03-30 09:26:05,visible
RV00000681,OI000010184,O00005989,U000513,P000535,4,体验一般,0,2025-09-05 13:20:09,visible
RV00000682,OI000009962,O00005864,U001688,P001304,5,物流很快，包装完整,0,2025-12-01 07:18:19,visible
RV00000683,OI000002209,O00001299,U002060,P000775,3,整体满意,0,2025-07-26 13:58:59,visible
RV00000684,OI000017060,O00010004,U001718,P000979,3,质量很好，符合预期,0,2026-03-31 00:06:02,visible
RV00000685,OI000008794,O00005177,U000297,P000484,5,性价比不错,0,2026-02-14 13:13:30,visible
RV00000686,OI000000965,O00000552,U003481,P000944,4,质量很好，符合预期,0,2026-01-13 06:07:22,visible
RV00000687,OI000017505,O00010247,U001781,P000530,4,性价比不错,0,2026-07-05 22:13:43,visible
RV00000688,OI000018842,O00011050,U002760,P000276,4,体验一般,0,2025-12-12 18:05:58,visible
RV00000689,OI000015389,O00009023,U003992,P001136,3,整体满意,0,2025-02-19 04:22:20,visible
RV00000690,OI000014629,O00008564,U000514,P000071,5,质量很好，符合预期,0,2025-05-13 00:37:05,visible
RV00000691,OI000011356,O00006660,U004095,P000397,2,性价比不错,1,2026-05-09 17:20:57,visible
RV00000692,OI000013523,O00007908,U003368,P000766,5,整体满意,0,2025-09-01 04:19:02,visible
RV00000693,OI000001877,O00001103,U000767,P001404,4,质量很好，符合预期,0,2026-06-17 08:35:49,visible
RV00000694,OI000006353,O00003756,U002412,P001172,5,质量很好，符合预期,0,2025-09-12 19:11:17,visible
RV00000695,OI000004424,O00002626,U002895,P000427,5,体验一般,0,2025-01-22 20:04:44,visible
RV00000696,OI000005060,O00003011,U002558,P000667,4,整体满意,0,2025-03-29 15:52:31,visible
RV00000697,OI000015678,O00009191,U002153,P001455,4,质量很好，符合预期,0,2026-09-17 04:21:07,visible
RV00000698,OI000005467,O00003246,U003573,P000147,4,整体满意,0,2025-03-31 07:40:43,visible
RV00000699,OI000007024,O00004139,U002471,P000113,5,性价比不错,0,2026-05-19 17:24:36,visible
RV00000700,OI000004616,O00002738,U002679,P000044,2,物流很快，包装完整,1,2025-04-17 04:11:29,visible
RV00000701,OI000017035,O00009990,U002055,P001352,5,物流很快，包装完整,0,2025-03-29 02:34:32,visible
RV00000702,OI000002380,O00001395,U004031,P000984,4,物流很快，包装完整,0,2026-02-23 06:35:00,visible
RV00000703,OI000001211,O00000695,U003997,P000069,2,物流很快，包装完整,0,2026-06-29 00:30:02,visible
RV00000704,OI000011108,O00006520,U001880,P000040,2,整体满意,0,2025-02-20 16:49:08,visible
RV00000705,OI000007998,O00004701,U003104,P001464,5,质量很好，符合预期,0,2025-10-18 23:08:43,visible
RV00000706,OI000017961,O00010522,U000101,P000445,5,性价比不错,0,2025-11-14 19:35:50,visible
RV00000707,OI000011255,O00006602,U002490,P001494,2,性价比不错,1,2026-08-15 04:56:36,visible
RV00000708,OI000014993,O00008777,U004408,P000879,5,质量很好，符合预期,0,2025-09-11 15:42:34,visible
RV00000709,OI000016982,O00009961,U001170,P001409,4,物流很快，包装完整,1,2026-04-08 06:21:02,visible
RV00000710,OI000018687,O00010956,U000227,P000763,5,与描述有差异,0,2025-08-15 22:58:34,visible
RV00000711,OI000011809,O00006917,U002085,P001073,4,整体满意,0,2026-01-29 11:23:45,visible
RV00000712,OI000012362,O00007241,U003543,P000029,4,性价比不错,0,2026-05-29 02:18:26,visible
RV00000713,OI000019770,O00011601,U000625,P001112,5,质量很好，符合预期,0,2026-05-02 13:49:15,visible
RV00000714,OI000010107,O00005943,U001045,P001203,5,物流很快，包装完整,1,2025-02-02 18:29:17,visible
RV00000715,OI000005197,O00003091,U001341,P000723,5,整体满意,0,2026-05-23 10:36:24,visible
RV00000716,OI000003312,O00001949,U000045,P000542,5,与描述有差异,1,2025-06-10 23:45:39,visible
RV00000717,OI000006948,O00004101,U001497,P000734,5,性价比不错,0,2026-07-18 20:49:34,visible
RV00000718,OI000012978,O00007595,U004253,P000421,3,整体满意,0,2025-12-31 19:30:34,visible
RV00000719,OI000013504,O00007896,U002804,P000817,5,与描述有差异,0,2025-06-07 03:57:32,visible
RV00000720,OI000014688,O00008597,U000142,P000554,3,物流很快，包装完整,0,2025-10-10 02:49:44,visible
RV00000721,OI000003172,O00001869,U004303,P000818,5,整体满意,0,2026-04-08 07:19:23,visible
RV00000722,OI000013097,O00007660,U003266,P000279,5,质量很好，符合预期,0,2025-06-16 06:31:42,visible
RV00000723,OI000018412,O00010790,U001056,P001403,5,物流很快，包装完整,0,2025-05-19 14:32:39,visible
RV00000724,OI000015428,O00009044,U001866,P000492,5,质量很好，符合预期,1,2025-11-12 09:26:28,visible
RV00000725,OI000015050,O00008814,U004812,P001037,4,整体满意,0,2026-05-21 18:35:52,visible
RV00000726,OI000002090,O00001236,U004817,P001219,5,整体满意,0,2025-06-17 14:26:21,visible
RV00000727,OI000009390,O00005537,U001180,P000954,4,与描述有差异,1,2026-02-23 22:21:35,visible
RV00000728,OI000013805,O00008078,U001938,P000678,4,物流很快，包装完整,0,2025-01-26 20:37:47,visible
RV00000729,OI000020261,O00011889,U001168,P000668,5,质量很好，符合预期,0,2026-02-15 14:18:14,visible
RV00000730,OI000011053,O00006488,U001249,P000427,4,体验一般,0,2025-12-26 05:09:11,visible
RV00000731,OI000007744,O00004571,U004108,P001206,4,质量很好，符合预期,0,2026-02-06 16:27:53,visible
RV00000732,OI000012895,O00007549,U003786,P000107,5,性价比不错,0,2026-02-02 10:54:18,visible
RV00000733,OI000004246,O00002525,U002096,P000219,5,质量很好，符合预期,1,2025-09-30 03:50:55,visible
RV00000734,OI000015981,O00009375,U002132,P001177,5,整体满意,0,2026-06-28 15:59:15,visible
RV00000735,OI000006333,O00003744,U002711,P001211,3,与描述有差异,0,2026-06-03 00:18:54,visible
RV00000736,OI000005002,O00002973,U004824,P000766,5,体验一般,0,2025-08-02 21:11:16,visible
RV00000737,OI000001613,O00000940,U002339,P000177,4,物流很快，包装完整,0,2026-08-03 18:21:48,visible
RV00000738,OI000019486,O00011429,U000953,P000182,4,性价比不错,0,2025-01-11 08:43:12,visible
RV00000739,OI000008917,O00005253,U002785,P000451,5,整体满意,0,2026-02-25 05:41:22,visible
RV00000740,OI000003035,O00001792,U000435,P001089,5,体验一般,0,2025-07-06 04:44:50,visible
RV00000741,OI000014526,O00008507,U003689,P000685,4,整体满意,0,2025-09-12 04:55:34,hidden
RV00000742,OI000002765,O00001630,U003272,P000727,4,物流很快，包装完整,0,2025-08-17 21:44:57,visible
RV00000743,OI000018859,O00011059,U000701,P000279,5,性价比不错,0,2025-02-09 15:08:03,visible
RV00000744,OI000006744,O00003986,U002143,P000238,1,性价比不错,0,2026-05-24 20:49:55,visible
RV00000745,OI000006047,O00003575,U004503,P000371,5,质量很好，符合预期,1,2025-06-05 21:43:56,visible
RV00000746,OI000009466,O00005585,U003406,P000965,4,质量很好，符合预期,1,2025-05-23 14:12:12,visible
RV00000747,OI000010399,O00006117,U002878,P000406,5,质量很好，符合预期,0,2025-05-24 09:16:54,hidden
RV00000748,OI000003278,O00001926,U003101,P000566,4,整体满意,0,2025-05-19 03:41:09,visible
RV00000749,OI000017956,O00010518,U004730,P000284,4,物流很快，包装完整,0,2026-07-29 08:36:33,visible
RV00000750,OI000002918,O00001726,U000254,P001346,5,整体满意,0,2026-01-24 08:00:26,visible
RV00000751,OI000001958,O00001160,U000960,P001049,5,质量很好，符合预期,0,2025-02-19 13:28:47,visible
RV00000752,OI000006777,O00004003,U004022,P001335,5,质量很好，符合预期,1,2026-08-16 12:49:06,visible
RV00000753,OI000010274,O00006045,U003180,P000160,1,与描述有差异,0,2025-11-18 00:46:23,visible
RV00000754,OI000006809,O00004020,U004804,P000144,5,体验一般,0,2025-07-26 15:46:06,visible
RV00000755,OI000007768,O00004583,U002379,P000692,3,物流很快，包装完整,0,2025-12-19 19:59:19,visible
RV00000756,OI000007980,O00004693,U001230,P001386,5,整体满意,0,2025-04-04 06:04:12,visible
RV00000757,OI000002737,O00001616,U004721,P000819,5,性价比不错,0,2026-01-20 05:09:48,visible
RV00000758,OI000003019,O00001782,U001367,P001160,5,物流很快，包装完整,0,2026-05-09 15:17:01,visible
RV00000759,OI000000340,O00000191,U001588,P000236,5,物流很快，包装完整,1,2026-09-11 10:19:30,visible
RV00000760,OI000007785,O00004589,U002833,P001220,4,物流很快，包装完整,0,2026-01-10 05:29:56,visible
RV00000761,OI000014930,O00008739,U004928,P000775,3,整体满意,0,2025-10-25 00:11:00,visible
RV00000762,OI000010341,O00006086,U004222,P001346,5,性价比不错,0,2025-12-21 20:05:25,visible
RV00000763,OI000001257,O00000724,U002630,P000184,5,整体满意,0,2025-10-11 17:02:27,visible
RV00000764,OI000003235,O00001902,U001598,P000989,5,整体满意,0,2026-05-03 15:24:47,visible
RV00000765,OI000015128,O00008863,U000947,P001101,3,性价比不错,0,2025-11-09 13:54:32,visible
RV00000766,OI000010941,O00006424,U003360,P001427,5,整体满意,0,2025-11-16 08:20:53,visible
RV00000767,OI000003260,O00001917,U001365,P000348,5,质量很好，符合预期,0,2026-08-11 05:28:55,visible
RV00000768,OI000003347,O00001973,U004001,P000978,5,性价比不错,0,2025-12-31 06:20:15,visible
RV00000769,OI000013510,O00007900,U002468,P000363,5,体验一般,0,2026-08-10 12:45:13,visible
RV00000770,OI000012538,O00007334,U002653,P001411,4,整体满意,0,2025-04-10 22:37:34,visible
RV00000771,OI000000453,O00000261,U002964,P000953,5,质量很好，符合预期,0,2025-09-16 15:29:42,visible
RV00000772,OI000007069,O00004170,U004583,P000887,5,整体满意,0,2025-09-19 14:11:15,visible
RV00000773,OI000002016,O00001192,U003384,P000334,5,性价比不错,0,2026-07-23 17:57:25,visible
RV00000774,OI000001213,O00000696,U003460,P000501,5,整体满意,0,2025-10-19 09:31:05,visible
RV00000775,OI000014782,O00008651,U002374,P000598,3,体验一般,0,2025-12-10 08:30:35,visible
RV00000776,OI000001080,O00000615,U003481,P000724,5,性价比不错,0,2025-04-12 11:35:16,visible
RV00000777,OI000010551,O00006208,U002595,P000874,3,性价比不错,0,2025-10-04 08:17:08,visible
RV00000778,OI000008050,O00004737,U004042,P001063,1,质量很好，符合预期,0,2026-06-29 14:55:12,visible
RV00000779,OI000012729,O00007443,U000231,P001288,5,性价比不错,0,2025-02-25 08:25:08,visible
RV00000780,OI000005210,O00003100,U003191,P000965,5,整体满意,0,2025-08-17 16:29:25,visible
RV00000781,OI000003237,O00001903,U004993,P000937,4,质量很好，符合预期,0,2025-04-10 03:58:49,visible
RV00000782,OI000002059,O00001217,U003817,P000743,5,物流很快，包装完整,0,2025-05-16 18:23:47,visible
RV00000783,OI000005338,O00003169,U004428,P000802,5,整体满意,1,2026-08-19 14:58:13,visible
RV00000784,OI000019766,O00011598,U000800,P001038,1,性价比不错,0,2026-05-21 23:30:21,visible
RV00000785,OI000018475,O00010831,U004966,P000563,4,物流很快，包装完整,0,2025-10-01 11:21:44,visible
RV00000786,OI000003407,O00002012,U001328,P000664,5,整体满意,1,2026-08-19 19:00:40,visible
RV00000787,OI000015188,O00008904,U003581,P001212,5,性价比不错,0,2026-01-03 19:08:03,visible
RV00000788,OI000002260,O00001326,U000186,P000954,1,物流很快，包装完整,1,2025-10-20 23:00:18,visible
RV00000789,OI000018732,O00010978,U002685,P000711,5,质量很好，符合预期,0,2025-05-12 09:06:59,visible
RV00000790,OI000008645,O00005090,U000227,P001319,5,整体满意,0,2025-09-14 05:07:27,visible
RV00000791,OI000010848,O00006370,U004459,P001448,4,整体满意,1,2026-06-13 04:38:26,visible
RV00000792,OI000017343,O00010159,U000285,P001380,5,体验一般,0,2026-04-22 07:02:25,visible
RV00000793,OI000002120,O00001252,U001797,P000834,5,整体满意,0,2025-04-25 22:45:32,visible
RV00000794,OI000000714,O00000410,U003557,P000123,5,物流很快，包装完整,0,2026-04-25 05:50:23,visible
RV00000795,OI000016338,O00009576,U003059,P001021,4,质量很好，符合预期,0,2025-12-14 12:44:15,visible
RV00000796,OI000008577,O00005046,U000967,P000152,4,物流很快，包装完整,0,2025-10-20 19:56:48,visible
RV00000797,OI000014745,O00008630,U003579,P000367,4,性价比不错,1,2025-08-28 01:37:42,visible
RV00000798,OI000019900,O00011678,U002486,P000460,4,整体满意,0,2026-06-25 04:54:12,visible
RV00000799,OI000019597,O00011498,U001489,P001187,5,整体满意,0,2026-07-21 17:04:46,visible
RV00000800,OI000016690,O00009791,U000657,P000732,4,物流很快，包装完整,0,2026-06-03 03:44:58,visible
RV00000801,OI000001654,O00000964,U002543,P001333,5,体验一般,0,2026-05-07 01:59:45,visible
RV00000802,OI000003516,O00002074,U003140,P001290,4,物流很快，包装完整,0,2026-06-26 04:01:52,visible
RV00000803,OI000014798,O00008659,U002241,P000033,5,质量很好，符合预期,0,2025-03-25 19:18:56,visible
RV00000804,OI000001947,O00001152,U002194,P001178,4,整体满意,1,2025-05-22 23:56:49,visible
RV00000805,OI000009491,O00005601,U000025,P001201,5,体验一般,0,2026-03-09 00:22:54,visible
RV00000806,OI000009091,O00005365,U004305,P000299,5,质量很好，符合预期,0,2025-05-31 09:07:55,visible
RV00000807,OI000018572,O00010892,U004864,P001330,5,整体满意,0,2026-01-13 10:16:24,visible
RV00000808,OI000015626,O00009164,U002868,P000588,5,整体满意,0,2025-05-03 06:31:14,visible
RV00000809,OI000009031,O00005332,U000255,P001354,4,质量很好，符合预期,0,2026-03-18 10:59:04,visible
RV00000810,OI000008835,O00005204,U004799,P000945,5,体验一般,0,2026-01-29 07:04:17,visible
RV00000811,OI000013564,O00007934,U000451,P000556,5,整体满意,0,2025-05-29 02:04:09,visible
RV00000812,OI000015432,O00009045,U004108,P001191,4,物流很快，包装完整,0,2026-06-11 21:39:31,visible
RV00000813,OI000020238,O00011876,U002487,P001073,2,质量很好，符合预期,0,2025-03-20 06:25:18,visible
RV00000814,OI000001935,O00001142,U004987,P000133,4,性价比不错,0,2026-06-19 21:40:44,visible
RV00000815,OI000002310,O00001354,U000722,P000621,4,质量很好，符合预期,0,2026-04-09 00:56:38,visible
RV00000816,OI000007815,O00004605,U002734,P001137,5,质量很好，符合预期,0,2025-06-09 00:15:49,visible
RV00000817,OI000008011,O00004708,U000120,P000386,5,整体满意,0,2026-04-26 19:08:06,visible
RV00000818,OI000010594,O00006232,U003297,P001434,4,质量很好，符合预期,0,2026-05-01 15:48:25,visible
RV00000819,OI000017750,O00010392,U001426,P000349,5,性价比不错,0,2025-04-10 01:07:25,visible
RV00000820,OI000001808,O00001058,U000076,P000423,5,整体满意,0,2026-08-06 20:30:39,visible
RV00000821,OI000003731,O00002206,U001012,P000235,4,性价比不错,0,2025-05-06 21:54:22,visible
RV00000822,OI000019285,O00011315,U001352,P000762,2,体验一般,0,2025-10-05 18:34:28,visible
RV00000823,OI000015197,O00008910,U003926,P001309,1,整体满意,0,2026-08-19 07:00:48,visible
RV00000824,OI000015099,O00008846,U001931,P001264,4,性价比不错,0,2026-07-26 01:14:12,visible
RV00000825,OI000014028,O00008213,U000700,P001268,5,物流很快，包装完整,0,2026-04-12 13:52:43,visible
RV00000826,OI000009212,O00005430,U000906,P000249,5,性价比不错,0,2025-07-13 07:08:14,visible
RV00000827,OI000019678,O00011545,U002145,P001160,5,物流很快，包装完整,0,2025-04-13 00:11:37,visible
RV00000828,OI000016943,O00009938,U003833,P001326,5,整体满意,0,2025-07-27 15:23:44,visible
RV00000829,OI000013214,O00007730,U003455,P000049,5,质量很好，符合预期,0,2026-01-12 11:37:38,visible
RV00000830,OI000006884,O00004063,U004006,P000363,5,性价比不错,0,2025-03-22 21:06:16,visible
RV00000831,OI000017203,O00010086,U002981,P000753,5,物流很快，包装完整,0,2026-03-12 22:33:07,visible
RV00000832,OI000006911,O00004081,U004527,P000002,2,性价比不错,0,2025-11-06 05:10:47,visible
RV00000833,OI000002627,O00001550,U001374,P000199,5,质量很好，符合预期,0,2026-03-25 06:29:22,visible
RV00000834,OI000020103,O00011796,U002179,P000229,4,体验一般,0,2026-03-18 04:40:44,visible
RV00000835,OI000000154,O00000088,U003461,P001411,4,物流很快，包装完整,0,2025-10-25 13:40:02,visible
RV00000836,OI000000790,O00000453,U003578,P001062,5,整体满意,1,2026-08-26 01:00:42,visible
RV00000837,OI000008310,O00004894,U000190,P000726,5,性价比不错,0,2025-07-19 14:58:39,visible
RV00000838,OI000002478,O00001458,U004230,P001253,5,质量很好，符合预期,0,2025-10-19 19:07:49,visible
RV00000839,OI000009516,O00005616,U004955,P000439,4,与描述有差异,0,2026-01-17 20:37:30,visible
RV00000840,OI000017621,O00010315,U000982,P000807,4,整体满意,0,2026-08-03 22:35:24,visible
RV00000841,OI000005925,O00003510,U002989,P000353,3,质量很好，符合预期,0,2026-07-03 00:20:51,visible
RV00000842,OI000019795,O00011617,U000481,P000332,4,质量很好，符合预期,0,2025-04-30 02:10:06,visible
RV00000843,OI000002144,O00001263,U004148,P000153,4,质量很好，符合预期,0,2026-02-26 13:48:22,visible
RV00000844,OI000014246,O00008338,U003338,P000748,5,质量很好，符合预期,0,2025-05-04 19:42:13,visible
RV00000845,OI000005990,O00003545,U004290,P000136,4,性价比不错,0,2025-11-04 09:19:33,visible
RV00000846,OI000016324,O00009569,U002052,P000618,5,质量很好，符合预期,0,2025-01-13 14:14:11,visible
RV00000847,OI000014247,O00008339,U001981,P001090,5,物流很快，包装完整,0,2026-06-16 16:28:36,visible
RV00000848,OI000011194,O00006574,U001308,P001124,1,物流很快，包装完整,0,2025-09-09 06:04:30,visible
RV00000849,OI000019241,O00011286,U004194,P001378,5,物流很快，包装完整,0,2026-02-06 18:17:52,visible
RV00000850,OI000012142,O00007108,U003299,P000797,5,整体满意,1,2026-08-29 20:11:28,visible
RV00000851,OI000009095,O00005368,U004860,P000753,5,质量很好，符合预期,0,2026-06-07 07:34:38,visible
RV00000852,OI000018104,O00010607,U001549,P001128,5,物流很快，包装完整,0,2025-06-24 22:23:15,visible
RV00000853,OI000016440,O00009635,U000186,P000050,5,整体满意,0,2026-05-28 19:27:50,visible
RV00000854,OI000002626,O00001550,U001374,P000679,5,质量很好，符合预期,0,2026-03-30 06:29:22,visible
RV00000855,OI000005804,O00003440,U003743,P000224,4,质量很好，符合预期,0,2026-08-19 15:14:03,visible
RV00000856,OI000004105,O00002445,U004760,P000430,5,质量很好，符合预期,0,2025-09-28 05:24:42,visible
RV00000857,OI000013757,O00008052,U002610,P000030,5,整体满意,0,2025-06-16 07:14:26,visible
RV00000858,OI000018436,O00010807,U001949,P001022,5,质量很好，符合预期,0,2026-05-23 03:05:07,visible
RV00000859,OI000015507,O00009089,U004130,P000153,5,质量很好，符合预期,1,2026-01-16 00:02:37,visible
RV00000860,OI000001249,O00000718,U004980,P000655,4,性价比不错,0,2025-03-17 15:03:39,visible
RV00000861,OI000015828,O00009285,U000002,P000466,5,物流很快，包装完整,0,2025-08-20 21:27:23,visible
RV00000862,OI000008950,O00005274,U000004,P000847,4,整体满意,0,2025-11-11 14:03:18,visible
RV00000863,OI000010840,O00006367,U003618,P000690,5,整体满意,0,2025-04-12 19:08:17,visible
RV00000864,OI000015307,O00008970,U001096,P000769,4,质量很好，符合预期,0,2025-03-20 04:23:39,visible
RV00000865,OI000012448,O00007286,U003682,P000678,5,性价比不错,0,2026-08-02 11:01:22,visible
RV00000866,OI000017909,O00010487,U004731,P000799,5,与描述有差异,0,2026-06-03 20:58:33,visible
RV00000867,OI000019518,O00011449,U000940,P000270,5,体验一般,0,2025-04-18 17:36:38,visible
RV00000868,OI000019564,O00011480,U002041,P000261,4,性价比不错,0,2026-05-24 06:55:09,visible
RV00000869,OI000002772,O00001633,U003821,P001108,2,与描述有差异,1,2026-08-06 04:55:37,visible
RV00000870,OI000008007,O00004705,U004348,P000080,4,质量很好，符合预期,0,2025-06-18 04:23:18,visible
RV00000871,OI000000026,O00000017,U004421,P001234,5,整体满意,0,2026-01-17 23:16:16,visible
RV00000872,OI000003980,O00002366,U003012,P000835,5,整体满意,0,2025-02-08 05:21:13,visible
RV00000873,OI000011875,O00006953,U003263,P000695,5,整体满意,0,2026-03-31 04:46:55,visible
RV00000874,OI000000434,O00000252,U002042,P001443,3,性价比不错,0,2026-04-24 02:25:04,visible
RV00000875,OI000001562,O00000908,U004920,P000256,5,质量很好，符合预期,0,2025-09-11 06:25:09,visible
RV00000876,OI000001414,O00000816,U000884,P001405,5,体验一般,0,2025-12-23 19:49:52,visible
RV00000877,OI000007137,O00004212,U004044,P000669,4,质量很好，符合预期,0,2025-08-31 06:45:27,visible
RV00000878,OI000006004,O00003551,U004055,P001012,5,与描述有差异,0,2025-10-26 19:22:51,visible
RV00000879,OI000009239,O00005446,U002514,P000476,5,体验一般,0,2025-02-10 03:33:33,visible
RV00000880,OI000002000,O00001184,U000648,P000127,4,质量很好，符合预期,0,2025-06-26 06:23:20,visible
RV00000881,OI000005153,O00003068,U000765,P001352,5,质量很好，符合预期,0,2025-11-27 12:55:24,visible
RV00000882,OI000001402,O00000809,U002424,P000361,5,性价比不错,0,2026-08-03 11:22:49,visible
RV00000883,OI000018773,O00011006,U001990,P001335,4,性价比不错,0,2026-02-26 15:47:03,visible
RV00000884,OI000008156,O00004797,U000846,P000890,4,性价比不错,0,2025-09-08 13:17:56,visible
RV00000885,OI000007677,O00004534,U001264,P001247,4,整体满意,0,2025-09-10 11:41:42,visible
RV00000886,OI000010474,O00006164,U004314,P001206,5,质量很好，符合预期,0,2025-06-22 03:05:03,visible
RV00000887,OI000011121,O00006529,U000139,P000856,5,物流很快，包装完整,0,2025-10-16 12:29:16,visible
RV00000888,OI000003243,O00001907,U000940,P000136,4,性价比不错,0,2025-12-05 15:12:07,visible
RV00000889,OI000002750,O00001623,U003857,P000625,5,体验一般,0,2025-05-21 17:38:48,visible
RV00000890,OI000007905,O00004652,U001873,P000256,5,质量很好，符合预期,0,2026-06-18 18:07:45,visible
RV00000891,OI000012830,O00007510,U003859,P000089,5,物流很快，包装完整,0,2026-08-09 11:02:29,visible
RV00000892,OI000001797,O00001051,U003922,P001032,4,整体满意,0,2025-05-27 00:49:37,visible
RV00000893,OI000001114,O00000635,U000456,P000311,4,性价比不错,0,2025-06-07 08:07:22,visible
RV00000894,OI000012790,O00007489,U001634,P000866,4,质量很好，符合预期,0,2025-07-11 21:16:19,visible
RV00000895,OI000010964,O00006438,U004586,P000945,5,与描述有差异,0,2025-12-14 08:03:32,visible
RV00000896,OI000015376,O00009014,U000263,P000201,4,整体满意,0,2025-02-22 23:55:54,visible
RV00000897,OI000003556,O00002098,U001391,P001486,4,质量很好，符合预期,0,2026-07-05 13:09:02,visible
RV00000898,OI000009844,O00005797,U002212,P000767,2,整体满意,0,2025-08-30 05:05:24,visible
RV00000899,OI000016279,O00009544,U003890,P000257,5,物流很快，包装完整,0,2025-05-29 17:39:08,visible
RV00000900,OI000016508,O00009674,U003974,P001175,5,整体满意,0,2025-11-28 22:15:10,hidden
RV00000901,OI000018889,O00011074,U002234,P001086,5,性价比不错,0,2026-01-03 19:50:11,visible
RV00000902,OI000004338,O00002579,U003226,P001345,4,整体满意,0,2025-04-15 16:40:25,visible
RV00000903,OI000002751,O00001624,U002643,P000056,5,体验一般,0,2025-10-20 21:35:52,visible
RV00000904,OI000007633,O00004507,U002826,P000002,5,整体满意,1,2025-06-04 21:32:32,visible
RV00000905,OI000012168,O00007122,U003933,P001031,5,体验一般,0,2025-09-23 08:17:33,visible
RV00000906,OI000008729,O00005141,U003405,P000182,4,质量很好，符合预期,0,2026-03-02 04:25:11,visible
RV00000907,OI000008196,O00004824,U002984,P000287,4,质量很好，符合预期,0,2025-04-22 09:22:30,visible
RV00000908,OI000006225,O00003677,U004188,P000196,5,性价比不错,0,2026-05-21 15:41:01,visible
RV00000909,OI000018357,O00010760,U000876,P001077,5,与描述有差异,0,2025-05-18 09:12:49,visible
RV00000910,OI000015810,O00009273,U000050,P000977,4,整体满意,1,2025-08-30 05:19:55,visible
RV00000911,OI000012194,O00007140,U004084,P000294,5,整体满意,0,2025-03-11 19:46:23,visible
RV00000912,OI000018553,O00010878,U001252,P001425,4,物流很快，包装完整,0,2026-06-21 10:06:20,visible
RV00000913,OI000008141,O00004787,U002782,P000264,5,整体满意,0,2025-08-27 21:35:26,visible
RV00000914,OI000012922,O00007565,U000493,P001316,5,性价比不错,0,2025-08-11 05:43:08,visible
RV00000915,OI000006085,O00003595,U002895,P000290,4,整体满意,0,2025-09-27 13:33:41,visible
RV00000916,OI000008541,O00005027,U001101,P001039,5,质量很好，符合预期,0,2025-08-15 02:14:10,visible
RV00000917,OI000020412,O00011970,U001890,P001268,5,性价比不错,0,2025-08-10 13:55:25,hidden
RV00000918,OI000019540,O00011463,U004169,P001246,5,质量很好，符合预期,0,2025-04-10 13:59:38,visible
RV00000919,OI000007977,O00004693,U001230,P000586,5,与描述有差异,0,2025-04-03 06:04:12,visible
RV00000920,OI000011017,O00006469,U000592,P001215,4,整体满意,0,2025-07-05 18:07:51,visible
RV00000921,OI000002899,O00001714,U002819,P000886,4,质量很好，符合预期,0,2026-04-11 21:23:46,visible
RV00000922,OI000000141,O00000083,U000143,P001435,5,物流很快，包装完整,0,2025-08-25 01:16:32,visible
RV00000923,OI000006731,O00003980,U002136,P000056,5,与描述有差异,1,2025-04-29 04:14:56,visible
RV00000924,OI000001595,O00000929,U004865,P000176,5,体验一般,0,2026-05-01 11:16:33,visible
RV00000925,OI000019276,O00011310,U001263,P000847,5,质量很好，符合预期,0,2025-06-30 01:52:15,visible
RV00000926,OI000003538,O00002090,U000122,P001440,5,物流很快，包装完整,0,2025-08-25 02:11:14,visible
RV00000927,OI000004495,O00002666,U004480,P001196,3,物流很快，包装完整,0,2026-01-28 04:12:46,visible
RV00000928,OI000017723,O00010377,U001279,P000075,4,质量很好，符合预期,0,2025-11-03 12:43:48,visible
RV00000929,OI000018916,O00011089,U003711,P001030,3,质量很好，符合预期,1,2025-09-09 23:50:56,visible
RV00000930,OI000010728,O00006307,U000399,P000781,4,质量很好，符合预期,0,2026-03-08 13:41:05,visible
RV00000931,OI000016018,O00009396,U002044,P000011,5,体验一般,0,2026-04-28 05:15:53,visible
RV00000932,OI000014022,O00008210,U000879,P000841,4,整体满意,1,2025-11-25 13:30:26,visible
RV00000933,OI000003092,O00001821,U000570,P000103,5,物流很快，包装完整,0,2026-04-18 03:21:23,visible
RV00000934,OI000011583,O00006792,U003954,P000521,5,整体满意,0,2025-12-02 04:37:43,visible
RV00000935,OI000000974,O00000559,U004813,P001415,5,质量很好，符合预期,0,2026-06-08 23:15:02,visible
RV00000936,OI000011686,O00006847,U003943,P001402,3,性价比不错,0,2025-03-05 20:21:24,visible
RV00000937,OI000003645,O00002150,U003009,P000701,4,体验一般,0,2025-08-02 20:08:04,visible
RV00000938,OI000005242,O00003119,U001068,P000737,4,物流很快，包装完整,0,2026-01-07 08:30:17,visible
RV00000939,OI000017034,O00009990,U002055,P000632,1,质量很好，符合预期,0,2025-03-30 02:34:32,visible
RV00000940,OI000019666,O00011541,U002283,P000563,2,物流很快，包装完整,0,2025-10-10 02:03:56,visible
RV00000941,OI000001141,O00000652,U001830,P000887,4,整体满意,0,2026-02-13 14:22:10,visible
RV00000942,OI000015113,O00008852,U000441,P000055,5,体验一般,0,2025-09-10 16:35:31,visible
RV00000943,OI000016770,O00009839,U002891,P001112,5,物流很快，包装完整,0,2025-05-09 14:33:49,visible
RV00000944,OI000002567,O00001513,U004131,P000458,5,整体满意,1,2025-11-02 14:34:41,visible
RV00000945,OI000000332,O00000186,U004552,P000494,2,体验一般,0,2025-09-25 18:15:12,visible
RV00000946,OI000012930,O00007568,U001896,P000425,5,体验一般,0,2026-01-23 18:14:30,visible
RV00000947,OI000007329,O00004326,U002272,P000046,5,与描述有差异,0,2025-08-02 20:28:54,visible
RV00000948,OI000005712,O00003388,U000487,P001207,4,体验一般,0,2025-07-12 20:32:20,visible
RV00000949,OI000006073,O00003591,U001111,P000734,5,整体满意,1,2025-06-06 04:53:20,visible
RV00000950,OI000009058,O00005346,U000912,P000833,5,性价比不错,0,2025-09-03 03:48:34,visible
RV00000951,OI000013230,O00007738,U004330,P000648,3,体验一般,0,2025-07-16 15:27:23,visible
RV00000952,OI000013043,O00007631,U002755,P001197,4,整体满意,0,2025-10-28 10:21:12,hidden
RV00000953,OI000016035,O00009404,U003844,P000095,5,整体满意,0,2026-03-26 08:07:58,visible
RV00000954,OI000011058,O00006492,U002835,P001426,1,质量很好，符合预期,0,2025-08-11 22:10:47,visible
RV00000955,OI000003570,O00002105,U002781,P001487,5,质量很好，符合预期,0,2025-06-17 16:09:26,visible
RV00000956,OI000012940,O00007573,U004575,P000827,4,质量很好，符合预期,0,2026-04-30 19:57:27,visible
RV00000957,OI000000766,O00000440,U003715,P000323,5,与描述有差异,0,2026-04-19 00:18:06,visible
RV00000958,OI000016875,O00009897,U001168,P000751,5,整体满意,0,2025-06-16 08:28:31,visible
RV00000959,OI000019781,O00011605,U001984,P000570,5,质量很好，符合预期,0,2026-04-16 16:23:09,visible
RV00000960,OI000020295,O00011907,U000914,P000796,5,质量很好，符合预期,0,2025-04-28 10:02:56,visible
RV00000961,OI000006351,O00003754,U002677,P001055,5,物流很快，包装完整,0,2026-03-23 15:42:18,visible
RV00000962,OI000015439,O00009048,U004281,P001331,5,物流很快，包装完整,0,2026-04-10 17:25:02,visible
RV00000963,OI000006324,O00003740,U004681,P000375,4,质量很好，符合预期,0,2026-04-11 00:11:26,visible
RV00000964,OI000014615,O00008557,U000387,P001241,3,质量很好，符合预期,1,2025-03-25 12:15:03,visible
RV00000965,OI000007906,O00004652,U001873,P000656,5,质量很好，符合预期,0,2026-07-04 18:07:45,visible
RV00000966,OI000007070,O00004170,U004583,P000407,5,质量很好，符合预期,0,2025-09-29 14:11:15,visible
RV00000967,OI000014175,O00008299,U001571,P000330,5,性价比不错,0,2026-06-07 08:11:35,visible
RV00000968,OI000019664,O00011540,U000353,P000174,4,质量很好，符合预期,0,2026-01-26 22:40:59,visible
RV00000969,OI000010981,O00006449,U004222,P000667,4,整体满意,0,2025-02-03 00:52:55,visible
RV00000970,OI000009022,O00005325,U003926,P001324,4,物流很快，包装完整,0,2025-08-10 13:08:05,visible
RV00000971,OI000019212,O00011268,U004927,P001431,5,性价比不错,0,2026-04-11 00:01:31,visible
RV00000972,OI000017860,O00010454,U000309,P001103,4,整体满意,0,2026-08-26 08:07:52,visible
RV00000973,OI000003673,O00002168,U001399,P000683,5,质量很好，符合预期,1,2025-09-28 00:18:03,visible
RV00000974,OI000017211,O00010090,U004617,P000814,5,整体满意,0,2025-06-20 03:57:01,visible
RV00000975,OI000004954,O00002943,U001855,P000043,5,质量很好，符合预期,0,2026-08-07 03:44:02,visible
RV00000976,OI000017295,O00010133,U004007,P000632,5,质量很好，符合预期,1,2025-10-01 10:33:19,visible
RV00000977,OI000003926,O00002332,U001450,P001350,5,质量很好，符合预期,1,2025-08-08 13:14:19,visible
RV00000978,OI000004566,O00002704,U003564,P001072,5,整体满意,0,2026-06-22 02:36:38,visible
RV00000979,OI000014251,O00008340,U002010,P000413,4,整体满意,0,2026-06-14 17:35:22,visible
RV00000980,OI000013368,O00007811,U001576,P001192,5,整体满意,0,2025-10-06 08:44:23,visible
RV00000981,OI000011621,O00006814,U002096,P000975,5,整体满意,0,2026-03-20 05:50:44,visible
RV00000982,OI000013568,O00007936,U000835,P001117,5,整体满意,0,2026-01-20 15:21:29,visible
RV00000983,OI000014695,O00008601,U003465,P000593,5,质量很好，符合预期,0,2026-03-16 01:00:59,visible
RV00000984,OI000009333,O00005502,U003083,P000558,4,整体满意,0,2026-02-17 10:53:38,visible
RV00000985,OI000007909,O00004653,U003410,P000729,5,整体满意,1,2025-12-14 14:31:16,visible
RV00000986,OI000015650,O00009178,U000056,P000081,3,物流很快，包装完整,0,2026-08-30 09:43:03,visible
RV00000987,OI000020014,O00011742,U000963,P001436,4,性价比不错,0,2026-03-22 19:48:53,visible
RV00000988,OI000016147,O00009465,U000990,P000861,5,物流很快，包装完整,0,2025-05-07 18:16:58,visible
RV00000989,OI000008680,O00005113,U000815,P000975,5,整体满意,0,2025-01-12 07:21:28,visible
RV00000990,OI000014450,O00008463,U002251,P001383,4,性价比不错,0,2025-11-01 23:18:51,visible
RV00000991,OI000012228,O00007162,U004009,P001150,5,质量很好，符合预期,1,2025-06-29 01:17:49,visible
RV00000992,OI000016866,O00009891,U002395,P000869,5,物流很快，包装完整,0,2026-07-04 23:08:52,visible
RV00000993,OI000011203,O00006579,U001561,P001061,5,性价比不错,0,2026-05-22 06:38:19,visible
RV00000994,OI000010877,O00006386,U004871,P000695,5,整体满意,0,2026-01-04 03:34:48,visible
RV00000995,OI000001706,O00000997,U004799,P000148,5,质量很好，符合预期,0,2025-04-12 06:13:02,visible
RV00000996,OI000009579,O00005650,U001368,P000947,4,质量很好，符合预期,0,2025-11-23 22:59:56,visible
RV00000997,OI000014478,O00008479,U004796,P001051,5,质量很好，符合预期,0,2026-08-27 09:07:06,visible
RV00000998,OI000018056,O00010580,U001852,P000711,5,物流很快，包装完整,0,2025-01-10 14:37:02,visible
RV00000999,OI000005814,O00003442,U002298,P000875,5,与描述有差异,1,2025-04-24 00:49:58,visible
RV00001000,OI000013065,O00007643,U004787,P000023,3,质量很好，符合预期,0,2025-10-15 06:16:12,visible
RV00001001,OI000018678,O00010952,U004118,P000060,5,体验一般,0,2025-12-17 13:48:29,visible
RV00001002,OI000009251,O00005454,U001425,P000625,4,整体满意,0,2026-08-04 10:47:37,visible
RV00001003,OI000000260,O00000144,U002366,P000085,4,整体满意,1,2025-05-22 07:56:41,visible
RV00001004,OI000012352,O00007234,U001037,P000682,2,体验一般,0,2025-10-05 11:10:32,visible
RV00001005,OI000019967,O00011714,U002170,P000097,3,质量很好，符合预期,0,2025-03-01 23:14:19,visible
RV00001006,OI000008592,O00005059,U003504,P000450,5,质量很好，符合预期,0,2025-09-11 20:02:04,visible
RV00001007,OI000013537,O00007918,U001453,P000184,5,物流很快，包装完整,0,2026-07-27 15:15:02,visible
RV00001008,OI000008987,O00005300,U003647,P000396,4,与描述有差异,0,2025-03-03 21:55:11,visible
RV00001009,OI000012432,O00007276,U000626,P001212,2,整体满意,0,2026-05-10 09:18:42,visible
RV00001010,OI000009304,O00005488,U000552,P000345,3,与描述有差异,0,2026-02-02 17:43:35,visible
RV00001011,OI000008758,O00005157,U004642,P000677,4,整体满意,1,2026-02-16 14:45:18,visible
RV00001012,OI000013383,O00007819,U003580,P000710,5,物流很快，包装完整,0,2025-11-19 21:12:57,visible
RV00001013,OI000016058,O00009414,U000775,P001331,5,性价比不错,1,2026-09-13 00:56:09,visible
RV00001014,OI000009092,O00005366,U000986,P000982,5,物流很快，包装完整,1,2026-01-09 23:28:14,visible
RV00001015,OI000012368,O00007243,U004533,P000368,5,质量很好，符合预期,0,2025-09-15 10:32:05,visible
RV00001016,OI000000707,O00000406,U001881,P001195,5,整体满意,0,2025-02-02 09:48:25,visible
RV00001017,OI000009837,O00005792,U003146,P000294,3,质量很好，符合预期,0,2025-09-12 05:28:58,visible
RV00001018,OI000018107,O00010609,U000919,P000774,5,质量很好，符合预期,0,2026-07-20 15:07:45,visible
RV00001019,OI000004626,O00002745,U004429,P000065,5,体验一般,0,2026-07-19 15:43:45,visible
RV00001020,OI000006133,O00003622,U001025,P000921,5,性价比不错,0,2025-03-13 09:36:27,visible
RV00001021,OI000001785,O00001044,U000506,P000386,4,质量很好，符合预期,0,2025-04-13 13:23:01,visible
RV00001022,OI000001890,O00001114,U003028,P000716,5,性价比不错,0,2025-02-27 02:40:26,visible
RV00001023,OI000008620,O00005077,U000673,P001417,4,性价比不错,0,2026-01-06 08:27:13,visible
RV00001024,OI000012992,O00007602,U002690,P000898,4,整体满意,0,2025-08-05 12:03:46,visible
RV00001025,OI000011557,O00006773,U001993,P000246,2,质量很好，符合预期,0,2025-07-28 03:16:47,visible
RV00001026,OI000010950,O00006429,U003829,P000423,4,体验一般,0,2025-12-02 12:50:22,visible
RV00001027,OI000007460,O00004401,U003689,P001203,5,性价比不错,0,2026-03-20 07:40:32,visible
RV00001028,OI000012682,O00007415,U000677,P001118,5,质量很好，符合预期,0,2025-01-08 06:15:34,visible
RV00001029,OI000003971,O00002359,U001450,P000086,5,质量很好，符合预期,0,2026-03-24 04:31:09,visible
RV00001030,OI000020458,O00011999,U001866,P000477,5,整体满意,0,2025-05-24 10:56:03,visible
RV00001031,OI000005382,O00003197,U003967,P001003,5,质量很好，符合预期,1,2025-02-09 05:14:00,visible
RV00001032,OI000003630,O00002142,U001462,P000322,4,物流很快，包装完整,0,2025-09-13 15:26:06,visible
RV00001033,OI000000572,O00000330,U003934,P000339,4,物流很快，包装完整,0,2025-01-05 09:17:51,visible
RV00001034,OI000001863,O00001093,U002784,P000390,3,物流很快，包装完整,0,2025-02-21 00:11:24,visible
RV00001035,OI000007031,O00004146,U003678,P000332,4,质量很好，符合预期,1,2026-01-12 07:28:49,visible
RV00001036,OI000018273,O00010709,U004499,P001336,5,整体满意,0,2025-07-21 21:53:31,visible
RV00001037,OI000004449,O00002639,U001138,P000592,4,体验一般,0,2025-04-02 12:53:41,visible
RV00001038,OI000008494,O00005000,U000461,P001203,4,体验一般,0,2025-02-21 00:11:42,visible
RV00001039,OI000010016,O00005893,U002097,P000362,4,体验一般,1,2026-08-23 20:50:52,visible
RV00001040,OI000010776,O00006332,U000625,P000139,5,物流很快，包装完整,0,2025-12-10 01:19:19,visible
RV00001041,OI000004428,O00002627,U003814,P001142,5,质量很好，符合预期,0,2026-04-09 21:16:45,visible
RV00001042,OI000002164,O00001274,U001496,P000311,5,整体满意,0,2026-01-30 12:19:29,visible
RV00001043,OI000003575,O00002108,U001596,P000883,3,整体满意,0,2025-10-24 08:34:04,visible
RV00001044,OI000006736,O00003982,U002163,P001123,5,物流很快，包装完整,1,2026-06-04 15:43:47,visible
RV00001045,OI000014909,O00008727,U001515,P001101,5,与描述有差异,0,2026-03-18 21:02:47,visible
RV00001046,OI000001132,O00000646,U003824,P000283,2,物流很快，包装完整,0,2026-06-16 16:53:53,visible
RV00001047,OI000001452,O00000842,U000167,P000120,4,物流很快，包装完整,0,2025-11-26 08:39:32,visible
RV00001048,OI000016638,O00009760,U004127,P000177,5,性价比不错,0,2025-09-30 09:23:48,visible
RV00001049,OI000018009,O00010549,U002463,P001429,5,整体满意,0,2025-12-29 00:30:05,visible
RV00001050,OI000019116,O00011211,U003641,P001200,5,物流很快，包装完整,0,2025-10-09 11:48:23,visible
RV00001051,OI000013082,O00007651,U003275,P001220,5,性价比不错,0,2026-01-15 10:12:29,visible
RV00001052,OI000011309,O00006635,U000463,P001168,5,与描述有差异,0,2025-10-03 08:56:43,visible
RV00001053,OI000008021,O00004713,U001147,P001174,5,性价比不错,1,2025-09-17 20:29:10,visible
RV00001054,OI000015387,O00009022,U004290,P000669,4,质量很好，符合预期,0,2025-07-13 14:09:08,visible
RV00001055,OI000012071,O00007066,U001063,P000292,5,体验一般,1,2026-04-15 13:14:54,visible
RV00001056,OI000004277,O00002546,U004046,P000490,5,物流很快，包装完整,0,2025-03-17 03:30:57,visible
RV00001057,OI000008227,O00004844,U004992,P000996,3,体验一般,0,2025-07-27 18:47:04,visible
RV00001058,OI000017973,O00010528,U002157,P000248,3,体验一般,0,2025-06-25 18:27:42,visible
RV00001059,OI000018265,O00010702,U001807,P000841,3,物流很快，包装完整,0,2025-04-29 17:07:07,visible
RV00001060,OI000004837,O00002871,U004622,P000378,5,整体满意,0,2026-06-05 01:10:21,visible
RV00001061,OI000004921,O00002925,U004297,P000819,5,整体满意,0,2026-05-10 21:49:38,visible
RV00001062,OI000010106,O00005942,U002754,P000345,5,体验一般,0,2025-05-31 17:36:32,visible
RV00001063,OI000013431,O00007851,U004301,P000278,5,体验一般,1,2025-02-19 04:41:46,visible
RV00001064,OI000019952,O00011706,U003178,P001175,5,性价比不错,0,2025-08-15 22:19:40,visible
RV00001065,OI000001612,O00000939,U004917,P000741,5,质量很好，符合预期,1,2025-10-22 04:10:27,visible
RV00001066,OI000001534,O00000893,U003063,P000361,5,质量很好，符合预期,0,2026-08-21 18:48:02,visible
RV00001067,OI000018455,O00010820,U002672,P001115,5,质量很好，符合预期,0,2025-09-09 14:39:51,visible
RV00001068,OI000013151,O00007692,U001770,P000560,5,质量很好，符合预期,0,2026-01-01 18:18:10,visible
RV00001069,OI000005612,O00003330,U004069,P000531,4,质量很好，符合预期,0,2026-02-24 03:24:00,visible
RV00001070,OI000000232,O00000131,U003837,P000244,3,物流很快，包装完整,1,2025-08-24 04:02:44,visible
RV00001071,OI000016892,O00009909,U004472,P000227,5,质量很好，符合预期,0,2026-08-21 06:16:18,visible
RV00001072,OI000020077,O00011782,U002489,P001371,4,质量很好，符合预期,0,2025-10-02 10:14:13,visible
RV00001073,OI000001356,O00000781,U000508,P001278,4,质量很好，符合预期,1,2026-06-23 01:05:16,visible
RV00001074,OI000008811,O00005186,U000022,P000060,5,体验一般,1,2026-06-02 01:31:13,visible
RV00001075,OI000009668,O00005704,U002277,P000189,5,质量很好，符合预期,0,2025-10-06 02:53:05,visible
RV00001076,OI000012316,O00007214,U000393,P000985,3,性价比不错,0,2026-08-09 15:49:46,visible
RV00001077,OI000010686,O00006281,U001896,P001053,2,体验一般,0,2026-01-10 12:11:49,visible
RV00001078,OI000017929,O00010502,U000582,P001112,5,质量很好，符合预期,0,2026-04-17 16:45:21,visible
RV00001079,OI000003100,O00001825,U004835,P001465,4,物流很快，包装完整,0,2025-05-02 19:16:52,visible
RV00001080,OI000017922,O00010498,U004760,P001374,3,质量很好，符合预期,0,2025-03-05 03:49:13,visible
RV00001081,OI000012590,O00007361,U001428,P000182,3,整体满意,0,2025-07-11 05:37:31,visible
RV00001082,OI000019408,O00011387,U000305,P000766,4,体验一般,0,2025-09-15 01:51:24,visible
RV00001083,OI000004387,O00002607,U001719,P000459,4,质量很好，符合预期,0,2025-08-06 21:50:41,visible
RV00001084,OI000013662,O00007995,U001645,P000593,2,质量很好，符合预期,0,2026-06-16 21:55:52,visible
RV00001085,OI000016841,O00009877,U004792,P000357,5,与描述有差异,0,2025-10-20 19:33:01,visible
RV00001086,OI000004020,O00002389,U003684,P000925,4,质量很好，符合预期,0,2025-10-14 04:28:06,visible
RV00001087,OI000018726,O00010974,U000202,P000172,4,整体满意,0,2026-02-18 09:38:32,visible
RV00001088,OI000009996,O00005882,U003544,P001104,3,整体满意,0,2026-08-23 05:51:40,visible
RV00001089,OI000018385,O00010774,U004686,P001197,5,性价比不错,0,2026-04-13 06:11:11,visible
RV00001090,OI000012685,O00007416,U004885,P001229,5,性价比不错,0,2025-09-21 18:17:23,visible
RV00001091,OI000010576,O00006223,U004626,P000605,5,质量很好，符合预期,0,2026-09-03 12:44:44,visible
RV00001092,OI000015971,O00009370,U002838,P001213,2,质量很好，符合预期,0,2025-07-11 02:50:26,visible
RV00001093,OI000001609,O00000939,U004917,P000181,4,与描述有差异,0,2025-10-28 04:10:27,visible
RV00001094,OI000000631,O00000359,U000217,P001176,5,物流很快，包装完整,0,2026-02-11 12:08:00,visible
RV00001095,OI000013384,O00007820,U001759,P001105,5,物流很快，包装完整,0,2025-04-02 22:13:57,visible
RV00001096,OI000017435,O00010209,U001416,P000092,5,物流很快，包装完整,1,2025-01-18 05:50:29,visible
RV00001097,OI000014736,O00008625,U002439,P000384,5,整体满意,0,2025-07-26 20:05:06,visible
RV00001098,OI000018832,O00011042,U004622,P000610,5,质量很好，符合预期,0,2025-07-09 03:46:03,visible
RV00001099,OI000004434,O00002631,U003972,P000623,4,性价比不错,0,2026-06-25 16:59:40,visible
RV00001100,OI000001997,O00001182,U004019,P001305,1,物流很快，包装完整,0,2026-02-12 01:08:12,visible
RV00001101,OI000017964,O00010524,U003563,P000258,5,物流很快，包装完整,0,2026-03-11 13:25:35,visible
RV00001102,OI000015709,O00009210,U001864,P000203,4,性价比不错,0,2026-06-02 15:38:00,visible
RV00001103,OI000011929,O00006981,U000076,P000934,5,体验一般,0,2026-07-20 14:44:59,visible
RV00001104,OI000002904,O00001718,U001275,P000844,5,质量很好，符合预期,1,2025-08-24 18:39:18,visible
RV00001105,OI000016557,O00009707,U001936,P001071,5,整体满意,0,2025-08-08 11:41:46,visible
RV00001106,OI000002995,O00001766,U000511,P001001,5,整体满意,1,2025-07-21 20:52:26,visible
RV00001107,OI000008331,O00004907,U002160,P000082,5,整体满意,0,2026-05-10 22:57:10,visible
RV00001108,OI000009083,O00005362,U003687,P000791,5,质量很好，符合预期,0,2026-03-11 03:12:34,visible
RV00001109,OI000016139,O00009462,U002471,P001093,3,质量很好，符合预期,0,2025-10-05 05:01:09,visible
RV00001110,OI000012523,O00007325,U000262,P000916,2,性价比不错,0,2026-03-07 06:47:49,visible
RV00001111,OI000012741,O00007453,U004657,P000710,4,质量很好，符合预期,0,2025-11-07 16:04:45,visible
RV00001112,OI000004247,O00002526,U004918,P001124,5,与描述有差异,0,2026-05-24 10:26:47,visible
RV00001113,OI000003421,O00002023,U003483,P000755,2,物流很快，包装完整,0,2025-11-09 16:10:47,visible
RV00001114,OI000009495,O00005603,U003217,P001285,5,质量很好，符合预期,1,2026-06-06 20:11:44,visible
RV00001115,OI000019401,O00011382,U004055,P000635,5,体验一般,0,2025-12-29 23:42:01,visible
RV00001116,OI000010973,O00006443,U002156,P001047,2,与描述有差异,0,2026-01-11 20:10:00,visible
RV00001117,OI000002827,O00001668,U000438,P000722,3,质量很好，符合预期,0,2025-11-07 05:55:48,visible
RV00001118,OI000001894,O00001116,U004552,P000382,3,质量很好，符合预期,0,2026-02-26 09:30:20,visible
RV00001119,OI000012908,O00007557,U004346,P000664,5,质量很好，符合预期,0,2026-08-10 08:47:46,visible
RV00001120,OI000003995,O00002374,U004863,P001000,5,性价比不错,0,2025-05-12 15:19:32,visible
RV00001121,OI000009987,O00005876,U003249,P000629,5,性价比不错,0,2026-03-04 15:20:15,visible
RV00001122,OI000009088,O00005364,U000166,P001277,5,物流很快，包装完整,0,2025-08-20 08:36:24,visible
RV00001123,OI000007408,O00004371,U001021,P001381,5,质量很好，符合预期,0,2025-01-22 09:49:45,visible
RV00001124,OI000003366,O00001986,U000235,P000740,4,与描述有差异,0,2026-05-30 18:37:41,visible
RV00001125,OI000002034,O00001201,U000678,P001189,5,质量很好，符合预期,0,2025-01-09 22:01:30,visible
RV00001126,OI000018391,O00010778,U001548,P000696,2,性价比不错,1,2026-02-15 01:28:39,visible
RV00001127,OI000011750,O00006884,U002165,P001492,5,整体满意,1,2026-03-18 18:30:16,visible
RV00001128,OI000009623,O00005676,U002698,P000263,5,性价比不错,0,2026-05-24 12:02:36,visible
RV00001129,OI000011362,O00006663,U000181,P000480,4,整体满意,0,2025-04-08 23:51:29,visible
RV00001130,OI000002555,O00001504,U001451,P001265,5,性价比不错,1,2025-03-18 14:17:11,visible
RV00001131,OI000000802,O00000459,U000205,P000031,5,体验一般,0,2026-07-09 22:28:00,visible
RV00001132,OI000018888,O00011074,U002234,P000206,4,体验一般,1,2025-12-29 19:50:11,visible
RV00001133,OI000019280,O00011313,U000801,P000121,5,物流很快，包装完整,1,2025-10-22 04:50:07,visible
RV00001134,OI000005082,O00003026,U002317,P001347,5,质量很好，符合预期,0,2025-07-21 04:10:10,visible
RV00001135,OI000006012,O00003554,U004661,P000624,4,性价比不错,0,2025-03-02 17:48:08,visible
RV00001136,OI000014816,O00008671,U003872,P001375,5,体验一般,0,2025-09-21 23:57:39,visible
RV00001137,OI000014061,O00008231,U001438,P000921,5,质量很好，符合预期,0,2026-01-05 01:36:52,visible
RV00001138,OI000003736,O00002209,U004483,P001488,4,物流很快，包装完整,0,2026-02-26 16:42:42,visible
RV00001139,OI000006711,O00003969,U003873,P000269,2,与描述有差异,0,2026-02-25 18:29:27,visible
RV00001140,OI000000957,O00000547,U000357,P000942,5,质量很好，符合预期,0,2025-10-24 07:56:49,visible
RV00001141,OI000017308,O00010137,U002346,P000895,4,整体满意,0,2026-08-18 07:24:52,visible
RV00001142,OI000011351,O00006657,U003220,P000394,5,体验一般,0,2025-03-07 07:27:29,visible
RV00001143,OI000006774,O00004002,U003477,P000304,5,性价比不错,0,2025-07-26 16:06:08,visible
RV00001144,OI000006028,O00003563,U002811,P000311,5,与描述有差异,0,2025-06-18 14:32:03,visible
RV00001145,OI000007156,O00004222,U003358,P001194,5,体验一般,0,2025-03-31 18:02:18,visible
RV00001146,OI000013872,O00008119,U003303,P000500,4,物流很快，包装完整,0,2025-08-01 18:26:15,visible
RV00001147,OI000008056,O00004742,U004550,P000720,5,质量很好，符合预期,0,2025-10-10 01:50:30,visible
RV00001148,OI000000164,O00000095,U003998,P000619,4,物流很快，包装完整,0,2025-09-12 08:54:07,visible
RV00001149,OI000018802,O00011022,U004275,P000090,5,质量很好，符合预期,0,2026-08-15 06:38:29,visible
RV00001150,OI000004544,O00002692,U004100,P001284,5,整体满意,0,2025-02-17 17:16:03,visible
RV00001151,OI000013390,O00007823,U000443,P000615,5,物流很快，包装完整,0,2025-10-30 19:26:32,visible
RV00001152,OI000016175,O00009482,U002490,P000280,1,质量很好，符合预期,0,2025-05-31 20:04:02,visible
RV00001153,OI000015800,O00009266,U002767,P000661,5,物流很快，包装完整,1,2026-04-12 09:57:47,visible
RV00001154,OI000017248,O00010108,U003540,P000244,5,质量很好，符合预期,0,2025-11-23 21:30:45,visible
RV00001155,OI000001596,O00000930,U002722,P000258,4,质量很好，符合预期,0,2026-03-04 15:50:58,visible
RV00001156,OI000001567,O00000912,U003500,P000831,4,整体满意,0,2026-04-01 10:32:37,visible
RV00001157,OI000015005,O00008787,U000850,P001198,5,与描述有差异,0,2026-02-20 13:52:56,visible
RV00001158,OI000003074,O00001811,U004977,P001261,4,整体满意,0,2025-06-18 04:01:18,visible
RV00001159,OI000010142,O00005966,U004516,P000341,5,质量很好，符合预期,0,2025-05-30 09:47:46,visible
RV00001160,OI000004282,O00002548,U002892,P000769,4,质量很好，符合预期,1,2025-02-24 11:31:25,visible
RV00001161,OI000001509,O00000880,U004285,P001293,3,体验一般,0,2025-04-30 10:10:41,visible
RV00001162,OI000016619,O00009748,U000058,P000889,3,与描述有差异,0,2026-06-06 10:38:47,visible
RV00001163,OI000004036,O00002400,U003199,P000778,5,性价比不错,0,2026-08-04 10:16:22,visible
RV00001164,OI000000342,O00000191,U001588,P001116,5,体验一般,0,2026-09-02 10:19:30,visible
RV00001165,OI000018074,O00010589,U001059,P001140,5,质量很好，符合预期,0,2025-06-08 18:45:25,visible
RV00001166,OI000012799,O00007494,U003830,P000512,1,质量很好，符合预期,0,2025-02-20 06:06:17,visible
RV00001167,OI000017598,O00010302,U003745,P001313,5,物流很快，包装完整,0,2025-07-08 14:28:39,visible
RV00001168,OI000009555,O00005639,U004629,P001410,4,质量很好，符合预期,1,2025-08-29 04:08:59,visible
RV00001169,OI000020281,O00011900,U004997,P000547,5,性价比不错,1,2025-07-12 10:14:39,visible
RV00001170,OI000006134,O00003622,U001025,P001481,5,体验一般,0,2025-03-17 09:36:27,visible
RV00001171,OI000016633,O00009756,U003377,P001170,5,整体满意,0,2025-11-24 20:17:58,visible
RV00001172,OI000002343,O00001370,U003234,P000634,5,整体满意,1,2025-09-29 17:26:26,visible
RV00001173,OI000012886,O00007544,U001176,P000413,5,质量很好，符合预期,0,2025-12-26 20:14:35,visible
RV00001174,OI000004497,O00002668,U002633,P001174,5,质量很好，符合预期,0,2026-05-02 23:18:59,visible
RV00001175,OI000016883,O00009903,U002692,P001230,5,整体满意,0,2025-10-22 04:41:34,visible
RV00001176,OI000012831,O00007511,U000989,P000519,2,性价比不错,0,2025-11-21 18:20:44,visible
RV00001177,OI000008146,O00004790,U003410,P001261,5,物流很快，包装完整,0,2026-01-17 03:48:17,visible
RV00001178,OI000011462,O00006719,U000702,P001053,4,质量很好，符合预期,0,2026-02-11 09:41:11,visible
RV00001179,OI000000836,O00000479,U004646,P000130,4,质量很好，符合预期,0,2025-12-30 02:40:13,visible
RV00001180,OI000019798,O00011617,U000481,P000332,5,物流很快，包装完整,0,2025-04-22 02:10:06,visible
RV00001181,OI000007696,O00004544,U003821,P000874,5,与描述有差异,0,2026-01-11 08:53:01,visible
RV00001182,OI000006818,O00004025,U002465,P000300,3,性价比不错,0,2025-02-28 22:34:54,visible
RV00001183,OI000003892,O00002311,U004824,P000364,5,整体满意,0,2025-05-25 21:25:15,visible
RV00001184,OI000016754,O00009832,U001068,P001346,5,整体满意,1,2026-04-03 12:24:22,visible
RV00001185,OI000010200,O00005997,U003148,P000797,4,整体满意,1,2026-08-06 16:06:34,visible
RV00001186,OI000018596,O00010904,U001798,P000434,2,物流很快，包装完整,0,2026-02-28 20:57:29,visible
RV00001187,OI000010277,O00006047,U001507,P001047,4,质量很好，符合预期,0,2025-12-25 02:23:03,hidden
RV00001188,OI000010833,O00006364,U000431,P000585,5,物流很快，包装完整,0,2026-06-17 10:37:25,visible
RV00001189,OI000011945,O00006988,U004064,P000251,5,物流很快，包装完整,1,2026-01-19 10:30:00,visible
RV00001190,OI000002511,O00001480,U001682,P001350,4,质量很好，符合预期,0,2026-05-15 11:12:18,visible
RV00001191,OI000018131,O00010623,U003407,P000468,5,性价比不错,0,2026-06-23 18:32:40,visible
RV00001192,OI000010299,O00006061,U002923,P000281,4,与描述有差异,0,2025-04-07 11:14:16,visible
RV00001193,OI000013935,O00008158,U000552,P000084,3,物流很快，包装完整,1,2026-03-26 14:31:28,hidden
RV00001194,OI000005605,O00003326,U003543,P001346,1,物流很快，包装完整,1,2026-02-20 13:26:54,visible
RV00001195,OI000016345,O00009581,U002865,P000215,4,物流很快，包装完整,0,2025-03-07 18:34:01,visible
RV00001196,OI000011630,O00006820,U004199,P000029,5,质量很好，符合预期,0,2025-04-26 04:02:19,visible
RV00001197,OI000018977,O00011129,U001849,P000044,5,质量很好，符合预期,0,2025-03-26 01:01:14,visible
RV00001198,OI000010409,O00006124,U001206,P000333,5,整体满意,0,2026-05-21 23:26:05,visible
RV00001199,OI000003114,O00001834,U002487,P000313,5,整体满意,0,2026-03-12 02:39:31,visible
RV00001200,OI000000897,O00000514,U001547,P001078,4,整体满意,0,2025-12-26 06:12:00,visible
RV00001201,OI000002469,O00001453,U001303,P001125,4,体验一般,0,2026-07-16 18:09:10,visible
RV00001202,OI000002556,O00001504,U001451,P001185,4,质量很好，符合预期,1,2025-03-21 14:17:11,visible
RV00001203,OI000007528,O00004440,U003803,P000530,3,体验一般,0,2025-03-01 18:16:39,visible
RV00001204,OI000010584,O00006229,U003438,P000701,3,整体满意,0,2026-06-19 11:54:22,visible
RV00001205,OI000006366,O00003764,U002271,P000362,3,整体满意,0,2025-07-26 07:14:43,visible
RV00001206,OI000012508,O00007319,U001373,P000724,4,质量很好，符合预期,0,2025-04-21 13:58:58,visible
RV00001207,OI000007397,O00004364,U002728,P000677,2,整体满意,0,2025-08-02 10:09:29,visible
RV00001208,OI000007402,O00004366,U002583,P000813,4,质量很好，符合预期,0,2025-01-13 20:11:09,visible
RV00001209,OI000014252,O00008341,U000239,P000067,4,质量很好，符合预期,0,2025-03-04 19:53:08,visible
RV00001210,OI000001499,O00000874,U003293,P000025,1,整体满意,0,2025-12-05 05:24:51,visible
RV00001211,OI000015538,O00009107,U001683,P000848,4,质量很好，符合预期,0,2026-01-29 17:43:44,visible
RV00001212,OI000018334,O00010747,U004323,P001269,4,质量很好，符合预期,1,2025-03-27 03:53:32,visible
RV00001213,OI000005293,O00003146,U002099,P000141,4,质量很好，符合预期,0,2025-03-24 02:38:33,visible
RV00001214,OI000016167,O00009476,U000218,P001312,5,性价比不错,0,2026-02-04 01:21:14,visible
RV00001215,OI000007196,O00004245,U002460,P001344,4,体验一般,0,2025-02-15 12:39:47,visible
RV00001216,OI000018030,O00010562,U003779,P000698,5,整体满意,0,2026-06-10 10:43:30,visible
RV00001217,OI000008478,O00004990,U001478,P001299,4,质量很好，符合预期,1,2025-11-11 04:01:24,visible
RV00001218,OI000003439,O00002033,U001931,P000650,4,性价比不错,0,2025-07-14 17:55:26,visible
RV00001219,OI000015393,O00009026,U003276,P000056,5,性价比不错,0,2025-09-13 02:41:06,visible
RV00001220,OI000017599,O00010303,U003509,P000126,4,体验一般,0,2026-03-28 13:47:55,visible
RV00001221,OI000007960,O00004684,U000487,P000540,5,体验一般,0,2026-02-27 20:31:20,visible
RV00001222,OI000007706,O00004549,U003426,P001264,5,性价比不错,0,2026-07-07 14:33:10,visible
RV00001223,OI000014096,O00008250,U003887,P000667,4,整体满意,0,2025-10-08 15:24:38,visible
RV00001224,OI000019113,O00011208,U002711,P000260,5,整体满意,0,2026-05-14 03:13:08,visible
RV00001225,OI000008121,O00004778,U004112,P001158,3,质量很好，符合预期,0,2026-08-20 08:23:12,visible
RV00001226,OI000020043,O00011759,U004448,P000309,5,物流很快，包装完整,0,2025-03-27 03:08:32,visible
RV00001227,OI000018003,O00010547,U000563,P000730,4,物流很快，包装完整,0,2025-04-02 01:57:38,visible
RV00001228,OI000011544,O00006765,U002039,P000519,5,质量很好，符合预期,0,2025-07-17 18:08:26,visible
RV00001229,OI000018697,O00010960,U001339,P001241,5,物流很快，包装完整,0,2026-01-07 01:07:57,visible
RV00001230,OI000014338,O00008396,U001757,P000891,5,质量很好，符合预期,1,2025-04-14 03:56:13,visible
RV00001231,OI000010601,O00006237,U004912,P001098,3,质量很好，符合预期,0,2026-07-13 01:02:56,visible
RV00001232,OI000003344,O00001971,U001577,P001115,5,质量很好，符合预期,0,2026-06-30 20:45:59,visible
RV00001233,OI000002088,O00001235,U001964,P000210,5,整体满意,0,2025-05-27 17:32:41,visible
RV00001234,OI000010828,O00006362,U004452,P000039,5,体验一般,0,2025-04-09 03:19:19,visible
RV00001235,OI000016269,O00009540,U004779,P000790,4,质量很好，符合预期,0,2025-02-25 07:29:54,visible
RV00001236,OI000013299,O00007773,U003826,P000103,5,质量很好，符合预期,0,2025-10-05 14:58:18,visible
RV00001237,OI000003678,O00002170,U001684,P001493,5,与描述有差异,0,2025-11-03 08:30:26,visible
RV00001238,OI000010843,O00006369,U000027,P001354,5,与描述有差异,0,2026-03-24 06:38:28,hidden
RV00001239,OI000018384,O00010773,U000150,P000013,5,性价比不错,0,2026-06-02 02:08:15,visible
RV00001240,OI000009619,O00005673,U003776,P000065,5,性价比不错,0,2025-01-29 02:32:46,visible
RV00001241,OI000004092,O00002436,U002059,P000217,5,体验一般,0,2026-02-22 00:22:45,visible
RV00001242,OI000016085,O00009431,U002547,P000537,3,物流很快，包装完整,0,2025-06-19 21:45:58,visible
RV00001243,OI000014876,O00008705,U000157,P000264,5,质量很好，符合预期,1,2025-12-28 14:27:33,visible
RV00001244,OI000018854,O00011056,U004417,P000419,3,整体满意,0,2025-03-09 22:26:41,visible
RV00001245,OI000012776,O00007481,U000422,P000212,5,性价比不错,0,2026-01-18 05:42:23,visible
RV00001246,OI000008178,O00004813,U000155,P001334,4,物流很快，包装完整,0,2025-04-05 05:25:51,visible
RV00001247,OI000008044,O00004732,U001384,P000099,5,整体满意,0,2025-01-29 18:28:52,visible
RV00001248,OI000009896,O00005828,U001976,P000484,5,性价比不错,0,2025-12-31 07:22:00,visible
RV00001249,OI000011903,O00006967,U000890,P001161,5,体验一般,0,2025-03-28 17:30:27,visible
RV00001250,OI000009211,O00005429,U003848,P000227,5,性价比不错,1,2025-09-22 21:57:12,visible
RV00001251,OI000006502,O00003844,U000861,P000749,5,物流很快，包装完整,0,2025-11-11 23:35:13,visible
RV00001252,OI000019404,O00011384,U001772,P000550,4,质量很好，符合预期,0,2025-02-10 13:42:04,visible
RV00001253,OI000005840,O00003456,U000664,P000794,5,物流很快，包装完整,0,2025-05-20 07:56:49,visible
RV00001254,OI000018419,O00010796,U003983,P000874,5,性价比不错,0,2025-07-10 00:38:45,visible
RV00001255,OI000000065,O00000039,U001030,P000060,5,整体满意,0,2025-05-12 02:02:46,visible
RV00001256,OI000015904,O00009332,U003374,P000960,5,质量很好，符合预期,0,2026-06-03 00:49:33,visible
RV00001257,OI000015158,O00008887,U000278,P000218,5,整体满意,1,2025-11-12 12:56:07,visible
RV00001258,OI000012351,O00007234,U001037,P000522,5,体验一般,0,2025-10-14 11:10:32,visible
RV00001259,OI000012527,O00007328,U004838,P001170,1,性价比不错,0,2025-08-26 01:47:13,visible
RV00001260,OI000014135,O00008275,U004345,P000292,5,整体满意,0,2026-01-20 15:58:45,visible
RV00001261,OI000007697,O00004545,U000668,P000377,5,质量很好，符合预期,0,2025-09-13 01:51:57,visible
RV00001262,OI000014947,O00008750,U001353,P000560,5,质量很好，符合预期,0,2025-11-21 17:29:16,visible
RV00001263,OI000019455,O00011412,U004361,P000919,4,质量很好，符合预期,0,2025-05-08 23:16:58,visible
RV00001264,OI000002630,O00001553,U002349,P000795,3,与描述有差异,0,2026-07-13 10:10:31,visible
RV00001265,OI000002134,O00001259,U002241,P001445,5,物流很快，包装完整,0,2025-10-14 17:42:47,visible
RV00001266,OI000014934,O00008743,U002874,P000695,3,质量很好，符合预期,0,2025-08-17 18:06:36,visible
RV00001267,OI000006650,O00003930,U000506,P000870,5,物流很快，包装完整,0,2026-06-29 13:16:30,visible
RV00001268,OI000018970,O00011123,U002853,P000226,5,整体满意,0,2025-05-18 01:51:18,visible
RV00001269,OI000010362,O00006097,U003785,P001382,5,整体满意,0,2025-05-18 13:29:35,visible
RV00001270,OI000017560,O00010279,U003744,P000444,4,性价比不错,0,2026-06-05 17:21:20,visible
RV00001271,OI000004874,O00002899,U001186,P000618,5,质量很好，符合预期,0,2026-02-20 03:43:10,visible
RV00001272,OI000009988,O00005876,U003249,P001349,5,体验一般,0,2026-03-05 15:20:15,visible
RV00001273,OI000010904,O00006404,U001592,P000148,4,质量很好，符合预期,0,2025-06-18 07:53:31,visible
RV00001274,OI000000116,O00000069,U004096,P001070,2,质量很好，符合预期,0,2025-08-27 06:21:54,visible
RV00001275,OI000004914,O00002921,U004948,P000786,5,体验一般,0,2025-06-22 19:01:52,visible
RV00001276,OI000011932,O00006982,U001366,P001422,2,质量很好，符合预期,0,2025-08-27 15:09:42,visible
RV00001277,OI000015661,O00009183,U003286,P000696,5,整体满意,0,2026-05-16 18:01:01,visible
RV00001278,OI000014271,O00008352,U002311,P001077,5,物流很快，包装完整,1,2025-07-13 18:07:58,visible
RV00001279,OI000008816,O00005189,U004305,P001480,5,性价比不错,1,2026-01-11 20:25:34,visible
RV00001280,OI000018714,O00010967,U000242,P000441,5,质量很好，符合预期,0,2026-08-17 18:50:01,visible
RV00001281,OI000006788,O00004010,U004265,P000908,5,物流很快，包装完整,0,2025-12-04 05:10:29,visible
RV00001282,OI000003549,O00002095,U002265,P000838,5,质量很好，符合预期,0,2026-02-15 06:28:58,visible
RV00001283,OI000007094,O00004186,U002779,P000751,5,质量很好，符合预期,0,2025-11-24 18:31:35,visible
RV00001284,OI000006175,O00003649,U003662,P000183,4,整体满意,0,2026-02-27 21:41:08,visible
RV00001285,OI000016560,O00009710,U000169,P000086,5,质量很好，符合预期,0,2026-07-13 17:28:53,visible
RV00001286,OI000020434,O00011984,U000914,P000553,5,体验一般,0,2025-12-10 10:15:24,visible
RV00001287,OI000001029,O00000590,U001925,P000681,3,与描述有差异,0,2026-04-25 01:39:38,visible
RV00001288,OI000006835,O00004037,U001954,P000881,5,性价比不错,0,2026-04-10 00:36:37,visible
RV00001289,OI000016522,O00009683,U001031,P000626,5,性价比不错,1,2025-12-18 07:31:13,visible
RV00001290,OI000011911,O00006971,U004993,P000204,5,体验一般,0,2026-01-12 12:05:10,visible
RV00001291,OI000012161,O00007119,U000176,P000017,2,性价比不错,0,2026-07-01 08:12:13,visible
RV00001292,OI000003443,O00002036,U003924,P000154,5,整体满意,0,2025-11-07 00:14:25,visible
RV00001293,OI000009174,O00005412,U001652,P001030,3,性价比不错,0,2025-08-28 11:03:26,visible
RV00001294,OI000004898,O00002913,U000852,P000613,5,物流很快，包装完整,0,2026-02-24 03:45:18,visible
RV00001295,OI000009554,O00005639,U004629,P000850,5,质量很好，符合预期,0,2025-09-10 04:08:59,visible
RV00001296,OI000019999,O00011731,U001031,P001379,4,质量很好，符合预期,0,2025-02-13 11:41:44,visible
RV00001297,OI000016920,O00009924,U001999,P000003,4,质量很好，符合预期,0,2025-02-24 09:47:56,visible
RV00001298,OI000005368,O00003184,U002378,P000280,3,整体满意,0,2025-10-08 15:52:17,visible
RV00001299,OI000005035,O00002995,U004576,P000676,4,性价比不错,0,2026-06-15 14:34:56,visible
RV00001300,OI000008518,O00005013,U003537,P001409,5,物流很快，包装完整,0,2026-07-24 11:51:25,visible
RV00001301,OI000019951,O00011705,U004396,P001104,4,整体满意,0,2025-08-24 04:44:19,visible
RV00001302,OI000002445,O00001438,U001790,P000169,5,物流很快，包装完整,0,2025-07-22 06:34:45,visible
RV00001303,OI000012612,O00007375,U002387,P000234,5,质量很好，符合预期,0,2026-01-30 08:22:25,visible
RV00001304,OI000003272,O00001923,U003210,P000041,4,体验一般,0,2025-01-23 04:52:27,visible
RV00001305,OI000000721,O00000414,U000118,P001224,4,质量很好，符合预期,0,2025-04-28 11:57:58,visible
RV00001306,OI000007331,O00004327,U002839,P000759,4,整体满意,0,2025-09-24 05:18:36,visible
RV00001307,OI000003707,O00002191,U002768,P000839,2,体验一般,0,2025-12-12 03:44:09,visible
RV00001308,OI000014125,O00008269,U001026,P001069,5,物流很快，包装完整,0,2025-09-24 02:22:23,visible
RV00001309,OI000018439,O00010808,U003247,P000344,5,质量很好，符合预期,0,2025-12-29 02:42:28,visible
RV00001310,OI000016660,O00009774,U000762,P000831,4,体验一般,0,2025-09-21 08:29:11,visible
RV00001311,OI000018195,O00010663,U002227,P000643,4,物流很快，包装完整,1,2025-05-08 09:39:17,visible
RV00001312,OI000012593,O00007362,U003032,P000061,5,整体满意,0,2025-11-16 04:58:10,visible
RV00001313,OI000007006,O00004131,U001636,P000594,2,性价比不错,0,2026-06-01 19:55:25,visible
RV00001314,OI000002038,O00001204,U000716,P000653,5,质量很好，符合预期,0,2025-04-02 04:42:00,visible
RV00001315,OI000005699,O00003380,U003191,P001150,5,性价比不错,1,2025-10-23 04:37:22,visible
RV00001316,OI000018823,O00011036,U001269,P000089,1,质量很好，符合预期,0,2025-08-24 01:27:19,visible
RV00001317,OI000019672,O00011543,U003380,P000426,5,质量很好，符合预期,0,2026-07-19 23:39:33,visible
RV00001318,OI000003365,O00001986,U000235,P000420,4,质量很好，符合预期,0,2026-06-11 18:37:41,visible
RV00001319,OI000011193,O00006573,U002298,P000458,5,体验一般,0,2025-04-08 10:56:27,visible
RV00001320,OI000013232,O00007738,U004330,P000968,5,性价比不错,1,2025-07-25 15:27:23,visible
RV00001321,OI000014447,O00008460,U003932,P000275,3,质量很好，符合预期,0,2025-09-05 04:27:25,visible
RV00001322,OI000016315,O00009564,U001769,P000807,4,整体满意,0,2026-08-22 23:44:16,visible
RV00001323,OI000017422,O00010204,U003263,P001284,5,性价比不错,0,2026-06-09 02:21:58,visible
RV00001324,OI000017424,O00010205,U002775,P000078,3,质量很好，符合预期,0,2026-03-04 10:00:34,visible
RV00001325,OI000017188,O00010080,U000661,P000743,4,物流很快，包装完整,0,2025-04-19 21:26:35,visible
RV00001326,OI000010258,O00006034,U002638,P000427,4,体验一般,1,2025-08-25 13:09:37,visible
RV00001327,OI000003792,O00002242,U003624,P001413,5,质量很好，符合预期,0,2025-02-01 23:42:21,visible
RV00001328,OI000004102,O00002444,U004729,P001353,5,整体满意,0,2026-01-23 12:24:01,visible
RV00001329,OI000015627,O00009164,U002868,P001148,4,物流很快，包装完整,0,2025-04-29 06:31:14,visible
RV00001330,OI000006908,O00004078,U003127,P001336,5,质量很好，符合预期,0,2025-09-10 02:23:22,visible
RV00001331,OI000006204,O00003666,U004747,P001497,5,整体满意,0,2025-03-25 14:20:31,visible
RV00001332,OI000001951,O00001154,U003580,P001450,5,物流很快，包装完整,0,2025-05-27 13:13:02,visible
RV00001333,OI000003525,O00002080,U003540,P000216,5,整体满意,0,2025-10-06 18:18:51,visible
RV00001334,OI000008463,O00004982,U002875,P001348,5,质量很好，符合预期,0,2025-10-01 17:10:52,visible
RV00001335,OI000016670,O00009778,U003594,P001317,4,质量很好，符合预期,0,2025-01-13 05:37:07,visible
RV00001336,OI000018301,O00010725,U002640,P001058,4,与描述有差异,0,2026-04-03 04:48:23,visible
RV00001337,OI000003174,O00001869,U004303,P000498,5,质量很好，符合预期,1,2026-04-24 07:19:23,visible
RV00001338,OI000017707,O00010367,U001046,P000034,5,性价比不错,0,2025-01-14 08:09:28,visible
RV00001339,OI000013651,O00007988,U004643,P001367,5,整体满意,1,2025-03-30 21:39:29,visible
RV00001340,OI000007936,O00004668,U000159,P001131,5,物流很快，包装完整,0,2025-03-02 07:37:02,visible
RV00001341,OI000012742,O00007454,U004159,P000011,4,质量很好，符合预期,0,2025-02-02 17:18:02,visible
RV00001342,OI000019472,O00011421,U000003,P000080,5,质量很好，符合预期,0,2025-04-04 00:03:23,visible
RV00001343,OI000010257,O00006034,U002638,P000827,5,质量很好，符合预期,1,2025-08-18 13:09:37,visible
RV00001344,OI000020063,O00011773,U000999,P000023,5,整体满意,0,2026-01-20 20:29:18,visible
RV00001345,OI000002872,O00001694,U002283,P000990,5,体验一般,0,2026-03-16 02:10:49,visible
RV00001346,OI000018640,O00010929,U003925,P001318,1,整体满意,0,2025-07-03 03:23:01,visible
RV00001347,OI000005672,O00003364,U001725,P000628,4,体验一般,1,2026-07-11 17:19:38,visible
RV00001348,OI000014972,O00008762,U003793,P000280,5,物流很快，包装完整,0,2026-01-27 20:47:10,visible
RV00001349,OI000010625,O00006250,U002017,P000048,4,整体满意,1,2026-06-06 10:40:18,visible
RV00001350,OI000011556,O00006772,U002769,P000540,5,整体满意,0,2026-01-21 08:34:20,visible
RV00001351,OI000008788,O00005174,U004636,P000830,5,与描述有差异,0,2026-05-09 10:43:42,visible
RV00001352,OI000001553,O00000904,U000851,P000024,5,性价比不错,0,2026-06-27 14:49:35,hidden
RV00001353,OI000016422,O00009624,U003584,P001134,5,体验一般,0,2025-11-18 04:35:12,visible
RV00001354,OI000013226,O00007736,U002771,P001386,2,质量很好，符合预期,0,2025-08-06 14:34:27,visible
RV00001355,OI000016570,O00009717,U003737,P001391,5,性价比不错,0,2025-08-02 13:01:52,visible
RV00001356,OI000016415,O00009621,U000860,P000572,5,物流很快，包装完整,0,2025-02-05 21:45:56,visible
RV00001357,OI000007911,O00004655,U002877,P000495,5,质量很好，符合预期,0,2025-09-28 10:11:59,visible
RV00001358,OI000019988,O00011726,U004115,P000473,5,整体满意,0,2025-09-06 11:42:34,visible
RV00001359,OI000010302,O00006062,U003059,P001161,5,物流很快，包装完整,0,2025-03-16 02:36:25,visible
RV00001360,OI000000250,O00000139,U001576,P000447,5,物流很快，包装完整,0,2025-06-28 17:29:07,visible
RV00001361,OI000007299,O00004307,U000895,P001228,5,物流很快，包装完整,0,2026-04-29 04:52:52,visible
RV00001362,OI000005230,O00003113,U000797,P000602,2,质量很好，符合预期,0,2026-07-16 11:04:19,visible
RV00001363,OI000005039,O00002997,U001162,P001482,5,性价比不错,0,2025-03-01 16:23:43,visible
RV00001364,OI000015105,O00008850,U002730,P001303,4,整体满意,1,2025-08-24 23:40:51,visible
RV00001365,OI000010013,O00005891,U000422,P000226,3,性价比不错,0,2026-08-17 09:30:58,visible
RV00001366,OI000004307,O00002562,U002400,P000673,5,性价比不错,0,2025-08-21 23:16:57,visible
RV00001367,OI000010543,O00006204,U001165,P001411,4,质量很好，符合预期,1,2025-06-27 20:46:59,visible
RV00001368,OI000019776,O00011603,U003225,P000518,5,质量很好，符合预期,0,2026-09-06 01:18:39,visible
RV00001369,OI000014492,O00008487,U000624,P001116,5,整体满意,0,2025-06-20 09:54:53,visible
RV00001370,OI000013958,O00008173,U004192,P000889,3,质量很好，符合预期,0,2026-02-22 09:03:29,visible
RV00001371,OI000002726,O00001609,U000132,P000634,5,质量很好，符合预期,0,2025-08-24 22:18:05,visible
RV00001372,OI000002563,O00001509,U004057,P001209,5,性价比不错,0,2026-02-25 20:26:43,visible
RV00001373,OI000008288,O00004880,U001320,P001089,2,整体满意,0,2025-07-11 08:44:37,visible
RV00001374,OI000020216,O00011863,U001935,P001232,5,物流很快，包装完整,0,2025-06-25 18:13:39,visible
RV00001375,OI000010882,O00006389,U000170,P000302,4,整体满意,0,2026-02-18 22:09:59,visible
RV00001376,OI000007252,O00004280,U004117,P001470,4,整体满意,0,2026-06-10 16:03:56,visible
RV00001377,OI000011029,O00006474,U002820,P000042,5,性价比不错,0,2025-02-02 01:35:19,visible
RV00001378,OI000005385,O00003198,U003199,P000324,4,整体满意,0,2026-02-16 10:28:38,visible
RV00001379,OI000008831,O00005200,U004682,P000644,4,与描述有差异,0,2025-02-08 06:27:02,visible
RV00001380,OI000017915,O00010492,U002507,P001284,5,物流很快，包装完整,0,2025-03-01 05:35:48,visible
RV00001381,OI000001617,O00000942,U004216,P000625,5,质量很好，符合预期,0,2025-05-09 16:10:34,visible
RV00001382,OI000020206,O00011857,U000788,P000807,5,整体满意,0,2026-08-24 23:44:59,visible
RV00001383,OI000010588,O00006230,U002039,P001032,3,与描述有差异,0,2025-12-22 01:49:58,visible
RV00001384,OI000001523,O00000889,U000841,P000282,5,质量很好，符合预期,0,2025-08-23 05:55:40,visible
RV00001385,OI000016406,O00009618,U002485,P000608,4,物流很快，包装完整,0,2025-06-25 18:46:25,visible
RV00001386,OI000010720,O00006302,U003476,P000695,5,物流很快，包装完整,0,2026-02-28 14:29:38,visible
RV00001387,OI000011055,O00006490,U004615,P001494,5,质量很好，符合预期,0,2026-07-05 12:38:06,visible
RV00001388,OI000005261,O00003129,U001551,P001238,4,物流很快，包装完整,0,2026-07-09 20:14:22,visible
RV00001389,OI000007877,O00004636,U000328,P000296,5,质量很好，符合预期,0,2026-03-07 00:22:36,visible
RV00001390,OI000016444,O00009636,U004176,P001384,4,体验一般,0,2026-01-27 00:58:28,visible
RV00001391,OI000000301,O00000169,U002901,P001095,1,整体满意,1,2025-04-26 04:26:58,visible
RV00001392,OI000017187,O00010079,U004259,P000119,5,性价比不错,0,2026-05-15 10:58:19,visible
RV00001393,OI000015014,O00008793,U000588,P000302,5,质量很好，符合预期,0,2026-07-24 00:59:08,visible
RV00001394,OI000013897,O00008136,U001460,P001393,1,质量很好，符合预期,0,2025-06-17 11:52:16,visible
RV00001395,OI000017787,O00010412,U003353,P000370,5,性价比不错,0,2025-04-08 06:13:10,visible
RV00001396,OI000017054,O00010001,U003533,P000706,5,整体满意,0,2025-11-17 22:56:06,visible
RV00001397,OI000020109,O00011798,U002563,P001308,5,性价比不错,0,2026-05-30 16:09:07,visible
RV00001398,OI000001264,O00000729,U000045,P001361,5,性价比不错,0,2025-05-26 17:11:28,visible
RV00001399,OI000007266,O00004289,U004235,P000861,3,整体满意,0,2026-05-09 17:54:54,visible
RV00001400,OI000012061,O00007060,U000624,P000377,4,整体满意,0,2025-11-28 07:06:55,visible
RV00001401,OI000012662,O00007402,U000560,P001386,5,体验一般,0,2026-06-28 12:37:57,visible
RV00001402,OI000012231,O00007164,U002612,P001179,4,物流很快，包装完整,0,2026-01-07 17:30:38,visible
RV00001403,OI000003614,O00002131,U000585,P000887,5,质量很好，符合预期,0,2026-01-21 13:05:06,visible
RV00001404,OI000010976,O00006445,U000772,P001301,4,质量很好，符合预期,0,2026-01-28 02:43:17,visible
RV00001405,OI000011935,O00006983,U002508,P000042,2,质量很好，符合预期,0,2026-01-01 17:24:04,visible
RV00001406,OI000011877,O00006954,U002602,P000125,5,体验一般,1,2026-02-22 18:44:38,visible
RV00001407,OI000011523,O00006753,U000224,P000396,4,整体满意,0,2026-02-23 12:39:56,visible
RV00001408,OI000007929,O00004664,U003841,P000873,5,整体满意,0,2025-10-06 16:46:58,visible
RV00001409,OI000018496,O00010841,U000460,P001066,5,整体满意,0,2026-06-14 12:35:47,visible
RV00001410,OI000014359,O00008406,U002983,P000961,5,性价比不错,0,2026-08-11 16:07:14,visible
RV00001411,OI000017849,O00010449,U003042,P001445,5,性价比不错,0,2025-12-04 15:25:24,visible
RV00001412,OI000000730,O00000418,U000483,P000481,5,性价比不错,0,2025-03-10 00:16:45,visible
RV00001413,OI000012033,O00007040,U002726,P000307,5,与描述有差异,0,2026-03-25 02:45:13,visible
RV00001414,OI000005709,O00003387,U002173,P001264,4,性价比不错,0,2025-05-16 22:33:59,visible
RV00001415,OI000011909,O00006970,U000962,P000909,4,物流很快，包装完整,0,2026-01-30 13:22:38,visible
RV00001416,OI000017277,O00010123,U004532,P000090,5,体验一般,0,2025-06-18 22:20:47,visible
RV00001417,OI000010893,O00006397,U003577,P001385,5,质量很好，符合预期,0,2026-07-16 16:13:11,visible
RV00001418,OI000001645,O00000958,U001873,P000890,5,体验一般,0,2025-07-02 15:57:14,visible
RV00001419,OI000017504,O00010247,U001781,P000690,4,整体满意,0,2026-07-13 22:13:43,visible
RV00001420,OI000011486,O00006731,U003567,P000670,3,质量很好，符合预期,0,2025-08-22 00:25:11,hidden
RV00001421,OI000000473,O00000272,U004523,P000387,4,物流很快，包装完整,0,2025-05-09 02:11:58,visible
RV00001422,OI000014301,O00008370,U003529,P001102,5,物流很快，包装完整,1,2025-11-14 04:34:57,visible
RV00001423,OI000000804,O00000459,U000205,P000831,3,整体满意,0,2026-06-30 22:28:00,visible
RV00001424,OI000017729,O00010381,U004573,P001447,5,与描述有差异,0,2025-10-27 11:27:09,visible
RV00001425,OI000007092,O00004184,U001895,P000798,4,与描述有差异,0,2025-12-15 12:02:44,visible
RV00001426,OI000016268,O00009540,U004779,P000630,4,整体满意,0,2025-02-10 07:29:54,visible
RV00001427,OI000017041,O00009994,U001580,P001027,4,物流很快，包装完整,1,2026-04-23 23:03:05,hidden
RV00001428,OI000017289,O00010130,U002804,P001169,5,体验一般,0,2026-06-24 18:43:13,visible
RV00001429,OI000004809,O00002853,U001385,P001374,4,性价比不错,0,2025-09-12 12:11:33,visible
RV00001430,OI000016397,O00009612,U004326,P000790,4,性价比不错,0,2025-08-02 00:45:11,visible
RV00001431,OI000000565,O00000327,U004337,P000637,3,体验一般,0,2026-01-29 22:18:12,visible
RV00001432,OI000012483,O00007306,U001968,P001413,5,整体满意,0,2026-04-27 05:59:56,visible
RV00001433,OI000002592,O00001528,U000421,P001050,5,体验一般,0,2026-02-01 06:12:52,visible
RV00001434,OI000001634,O00000954,U001539,P000607,5,性价比不错,0,2025-04-30 07:20:39,visible
RV00001435,OI000001939,O00001145,U002262,P000054,5,物流很快，包装完整,1,2026-03-18 18:20:12,visible
RV00001436,OI000019217,O00011271,U003317,P000918,3,质量很好，符合预期,0,2025-03-15 08:07:28,visible
RV00001437,OI000018000,O00010545,U001240,P000455,4,体验一般,1,2025-03-20 09:09:36,visible
RV00001438,OI000018180,O00010655,U001213,P000733,4,质量很好，符合预期,0,2026-08-10 21:17:40,visible
RV00001439,OI000020196,O00011851,U003548,P000389,5,物流很快，包装完整,0,2026-05-15 07:05:24,visible
RV00001440,OI000003016,O00001780,U002497,P000811,5,性价比不错,0,2026-06-22 10:00:01,visible
RV00001441,OI000008603,O00005064,U002624,P000954,5,与描述有差异,1,2025-06-08 09:57:11,visible
RV00001442,OI000014414,O00008440,U000686,P001092,5,整体满意,0,2025-05-24 18:07:10,visible
RV00001443,OI000012884,O00007543,U003767,P000605,5,整体满意,0,2025-06-13 18:09:15,visible
RV00001444,OI000015869,O00009308,U002618,P000019,2,性价比不错,0,2025-08-12 19:28:08,visible
RV00001445,OI000018839,O00011047,U003203,P000507,5,整体满意,0,2025-04-17 17:09:02,visible
RV00001446,OI000004829,O00002867,U002041,P000417,5,整体满意,0,2025-08-27 22:26:39,visible
RV00001447,OI000012967,O00007590,U000188,P000154,5,性价比不错,0,2026-01-13 02:09:29,visible
RV00001448,OI000001155,O00000663,U002734,P000908,4,整体满意,0,2026-04-20 23:20:04,visible
RV00001449,OI000013458,O00007863,U000644,P000190,5,整体满意,0,2025-06-18 07:37:04,visible
RV00001450,OI000015689,O00009198,U001292,P000974,5,性价比不错,0,2026-02-17 00:13:44,visible
RV00001451,OI000013986,O00008188,U001626,P001050,5,体验一般,0,2025-06-25 21:18:29,visible
RV00001452,OI000002232,O00001310,U002724,P001439,5,质量很好，符合预期,0,2025-08-26 23:36:05,visible
RV00001453,OI000009830,O00005789,U003394,P001071,4,物流很快，包装完整,0,2026-03-12 14:06:48,visible
RV00001454,OI000008536,O00005024,U003682,P000845,3,物流很快，包装完整,0,2025-11-24 08:41:19,visible
RV00001455,OI000005143,O00003064,U000095,P000928,4,质量很好，符合预期,1,2026-01-06 02:11:05,visible
RV00001456,OI000012944,O00007575,U000763,P001369,5,质量很好，符合预期,0,2026-03-13 18:29:59,visible
RV00001457,OI000012408,O00007264,U003643,P000818,5,整体满意,0,2026-04-20 07:38:11,visible
RV00001458,OI000008629,O00005081,U002608,P000762,4,性价比不错,0,2026-02-20 17:16:17,visible
RV00001459,OI000017907,O00010486,U000874,P001121,5,整体满意,1,2025-10-01 12:59:55,visible
RV00001460,OI000004519,O00002679,U000483,P000078,1,整体满意,0,2025-05-22 13:21:05,visible
RV00001461,OI000014383,O00008421,U000967,P000931,3,整体满意,0,2026-05-07 00:51:17,visible
RV00001462,OI000012072,O00007067,U004759,P000233,5,性价比不错,0,2025-09-10 07:24:22,visible
RV00001463,OI000016386,O00009605,U004933,P000169,4,物流很快，包装完整,0,2026-01-01 16:47:19,visible
RV00001464,OI000012839,O00007514,U000935,P000709,5,与描述有差异,0,2025-07-29 01:21:11,visible
RV00001465,OI000020285,O00011901,U001130,P000517,4,物流很快，包装完整,0,2026-07-10 05:01:09,visible
RV00001466,OI000000786,O00000451,U002415,P001221,5,质量很好，符合预期,1,2026-03-22 20:08:55,visible
RV00001467,OI000017377,O00010180,U003831,P000451,4,整体满意,0,2025-03-11 20:41:11,visible
RV00001468,OI000016745,O00009826,U002988,P000207,4,物流很快，包装完整,0,2026-07-30 21:42:27,visible
RV00001469,OI000019508,O00011444,U004200,P000613,5,整体满意,0,2025-09-29 05:21:05,visible
RV00001470,OI000002552,O00001503,U002986,P000765,5,体验一般,0,2025-04-27 13:59:04,visible
RV00001471,OI000009578,O00005649,U004432,P000394,3,整体满意,0,2025-05-19 04:58:47,visible
RV00001472,OI000005168,O00003075,U001840,P000041,5,物流很快，包装完整,1,2025-05-18 03:05:48,visible
RV00001473,OI000009310,O00005491,U004260,P000696,5,整体满意,0,2026-04-15 14:43:52,visible
RV00001474,OI000001254,O00000722,U002352,P000008,5,物流很快，包装完整,0,2025-04-05 09:59:14,visible
RV00001475,OI000001665,O00000969,U004247,P000119,5,整体满意,0,2026-07-06 13:15:39,visible
RV00001476,OI000014442,O00008456,U001809,P000100,5,整体满意,1,2025-10-03 23:48:05,visible
RV00001477,OI000020302,O00011911,U001225,P000663,5,整体满意,0,2026-03-01 01:31:44,visible
RV00001478,OI000012430,O00007275,U001577,P000543,5,物流很快，包装完整,0,2026-05-04 04:40:19,visible
RV00001479,OI000018292,O00010720,U002736,P000027,1,整体满意,0,2025-05-08 10:01:21,visible
RV00001480,OI000018276,O00010710,U001936,P000947,4,质量很好，符合预期,0,2026-04-19 18:18:26,visible
RV00001481,OI000005583,O00003313,U002621,P001112,5,性价比不错,0,2025-02-24 04:12:42,visible
RV00001482,OI000019812,O00011626,U004893,P000879,5,整体满意,0,2026-07-19 12:44:42,visible
RV00001483,OI000002145,O00001263,U004148,P000393,5,质量很好，符合预期,0,2026-02-10 13:48:22,visible
RV00001484,OI000002479,O00001459,U001173,P001022,5,性价比不错,0,2026-01-10 03:17:18,visible
RV00001485,OI000004012,O00002383,U002404,P001313,2,整体满意,0,2026-07-29 00:51:33,visible
RV00001486,OI000005290,O00003144,U000006,P000820,5,体验一般,0,2025-10-12 12:59:25,visible
RV00001487,OI000002450,O00001442,U002726,P000845,4,与描述有差异,0,2025-03-21 16:36:26,visible
RV00001488,OI000003270,O00001922,U000642,P001040,5,体验一般,0,2025-03-29 01:34:26,visible
RV00001489,OI000011446,O00006709,U002254,P000330,5,整体满意,0,2025-06-23 16:09:03,visible
RV00001490,OI000020289,O00011903,U001654,P000435,3,质量很好，符合预期,1,2026-07-10 12:31:36,visible
RV00001491,OI000009362,O00005520,U002380,P000873,5,质量很好，符合预期,0,2025-02-05 19:50:18,visible
RV00001492,OI000015918,O00009337,U004653,P001165,5,性价比不错,0,2026-03-23 08:06:53,visible
RV00001493,OI000018621,O00010919,U004356,P001176,3,性价比不错,0,2026-02-27 18:31:24,visible
RV00001494,OI000006669,O00003942,U000090,P000948,5,整体满意,0,2025-12-31 02:24:08,visible
RV00001495,OI000000924,O00000530,U004784,P000362,3,物流很快，包装完整,0,2026-08-28 07:10:59,visible
RV00001496,OI000008887,O00005235,U004012,P001222,5,与描述有差异,1,2026-06-05 14:22:48,visible
RV00001497,OI000009777,O00005763,U004958,P000382,5,质量很好，符合预期,0,2025-07-22 22:41:45,visible
RV00001498,OI000006029,O00003563,U002811,P000711,5,体验一般,0,2025-06-22 14:32:03,visible
RV00001499,OI000015219,O00008921,U002997,P000932,5,体验一般,0,2025-07-16 04:41:11,hidden
RV00001500,OI000002229,O00001310,U002724,P000719,5,性价比不错,0,2025-08-28 23:36:05,visible
RV00001501,OI000006651,O00003930,U000506,P000950,2,物流很快，包装完整,0,2026-07-16 13:16:30,visible
RV00001502,OI000011126,O00006531,U000585,P000431,5,物流很快，包装完整,0,2026-03-21 20:26:14,visible
RV00001503,OI000015542,O00009111,U001030,P000989,5,物流很快，包装完整,0,2025-11-13 18:48:51,visible
RV00001504,OI000003153,O00001859,U004204,P001452,4,物流很快，包装完整,0,2025-03-26 01:13:14,visible
RV00001505,OI000004243,O00002524,U002796,P000031,3,物流很快，包装完整,0,2025-12-12 22:38:35,visible
RV00001506,OI000002262,O00001327,U001538,P000217,5,质量很好，符合预期,1,2026-01-06 05:40:37,visible
RV00001507,OI000008424,O00004959,U003166,P000384,3,质量很好，符合预期,0,2025-09-16 05:05:40,visible
RV00001508,OI000004085,O00002431,U003185,P000940,5,性价比不错,0,2026-01-29 07:26:00,visible
RV00001509,OI000000660,O00000378,U001479,P001133,4,体验一般,0,2026-04-20 17:09:16,visible
RV00001510,OI000018864,O00011061,U002207,P000512,5,质量很好，符合预期,0,2025-02-19 09:52:11,visible
RV00001511,OI000016365,O00009594,U000271,P000493,3,性价比不错,0,2025-05-22 06:07:17,visible
RV00001512,OI000018800,O00011021,U001502,P000743,5,体验一般,0,2026-02-13 20:45:26,visible
RV00001513,OI000004214,O00002508,U002735,P000549,3,物流很快，包装完整,0,2025-02-11 02:26:46,visible
RV00001514,OI000010239,O00006022,U004598,P000393,4,物流很快，包装完整,1,2025-01-15 04:07:47,visible
RV00001515,OI000015048,O00008813,U000838,P000717,5,质量很好，符合预期,0,2025-04-23 15:01:17,visible
RV00001516,OI000000555,O00000321,U004751,P000801,4,物流很快，包装完整,0,2026-01-29 22:50:22,visible
RV00001517,OI000012539,O00007334,U002653,P001251,3,物流很快，包装完整,0,2025-04-03 22:37:34,visible
RV00001518,OI000009658,O00005696,U000982,P000332,4,体验一般,1,2025-07-28 23:35:47,visible
RV00001519,OI000017517,O00010255,U001035,P000011,5,性价比不错,1,2025-01-25 06:33:50,visible
RV00001520,OI000001434,O00000829,U002575,P000093,5,整体满意,0,2025-05-03 14:32:49,visible
RV00001521,OI000013933,O00008156,U001371,P001264,5,质量很好，符合预期,0,2025-12-01 10:51:18,visible
RV00001522,OI000016948,O00009941,U000884,P000590,5,整体满意,1,2025-12-28 09:27:20,visible
RV00001523,OI000005841,O00003456,U000664,P000394,4,质量很好，符合预期,1,2025-05-17 07:56:49,visible
RV00001524,OI000010415,O00006127,U002961,P001456,4,性价比不错,0,2025-10-20 19:54:49,visible
RV00001525,OI000007753,O00004575,U004596,P001290,3,质量很好，符合预期,0,2026-07-21 16:44:50,visible
RV00001526,OI000014145,O00008281,U001175,P000543,4,整体满意,0,2025-10-21 02:06:49,visible
RV00001527,OI000008122,O00004778,U004112,P000198,5,质量很好，符合预期,0,2026-08-15 08:23:12,visible
RV00001528,OI000014275,O00008354,U000623,P001188,5,整体满意,1,2025-06-23 08:20:15,visible
RV00001529,OI000017653,O00010338,U001750,P001465,4,物流很快，包装完整,0,2025-06-20 04:49:15,visible
RV00001530,OI000019850,O00011648,U001470,P000606,5,整体满意,0,2025-06-07 21:05:54,visible
RV00001531,OI000004180,O00002488,U001382,P000060,5,体验一般,0,2025-05-24 18:21:48,visible
RV00001532,OI000008705,O00005127,U003819,P000824,5,质量很好，符合预期,0,2026-07-02 18:55:39,visible
RV00001533,OI000004931,O00002931,U001777,P000641,5,质量很好，符合预期,0,2025-03-15 21:08:25,visible
RV00001534,OI000007883,O00004640,U000412,P000125,4,体验一般,0,2026-01-25 05:42:05,visible
RV00001535,OI000013697,O00008016,U003814,P000087,5,性价比不错,0,2026-08-13 02:18:52,visible
RV00001536,OI000006086,O00003596,U003391,P000338,3,质量很好，符合预期,1,2026-07-19 14:03:31,visible
RV00001537,OI000003765,O00002225,U003058,P000574,2,物流很快，包装完整,0,2025-08-10 07:25:18,visible
RV00001538,OI000009452,O00005577,U003048,P001070,5,质量很好，符合预期,0,2025-10-08 22:53:26,visible
RV00001539,OI000006190,O00003657,U001434,P000901,4,性价比不错,0,2026-07-12 09:58:20,visible
RV00001540,OI000005322,O00003161,U004733,P000759,5,体验一般,0,2026-07-11 06:30:55,visible
RV00001541,OI000001674,O00000976,U002248,P001359,5,整体满意,0,2026-03-03 00:35:42,visible
RV00001542,OI000015210,O00008917,U002028,P000680,5,性价比不错,0,2025-07-20 22:49:16,visible
RV00001543,OI000014892,O00008715,U001109,P001128,1,整体满意,0,2025-11-09 01:15:33,visible
RV00001544,OI000010301,O00006062,U003059,P000441,5,体验一般,0,2025-03-19 02:36:25,visible
RV00001545,OI000015081,O00008834,U003238,P001323,5,质量很好，符合预期,1,2025-10-13 08:25:39,visible
RV00001546,OI000008234,O00004849,U002894,P000497,5,体验一般,0,2025-11-13 07:33:13,visible
RV00001547,OI000007650,O00004519,U004223,P000299,2,质量很好，符合预期,0,2025-09-08 20:17:28,visible
RV00001548,OI000001906,O00001124,U000681,P001338,4,整体满意,0,2026-04-03 06:54:58,visible
RV00001549,OI000004958,O00002946,U002875,P001078,4,质量很好，符合预期,0,2025-07-14 02:25:59,visible
RV00001550,OI000014983,O00008770,U003881,P000047,5,物流很快，包装完整,0,2025-10-07 14:01:55,visible
RV00001551,OI000009147,O00005397,U003634,P001097,4,质量很好，符合预期,0,2025-09-16 20:47:19,visible
RV00001552,OI000017013,O00009980,U003788,P000397,3,性价比不错,0,2025-03-10 14:51:02,visible
RV00001553,OI000003712,O00002193,U002690,P000772,4,质量很好，符合预期,0,2025-04-26 04:16:40,visible
RV00001554,OI000005411,O00003211,U002026,P001115,3,物流很快，包装完整,0,2025-10-03 07:34:05,visible
RV00001555,OI000013614,O00007962,U003746,P001283,4,性价比不错,0,2025-06-15 03:03:02,visible
RV00001556,OI000018608,O00010911,U003856,P000559,5,性价比不错,0,2025-02-04 12:29:28,visible
RV00001557,OI000013599,O00007953,U001113,P000340,4,质量很好，符合预期,0,2025-08-15 13:01:42,visible
RV00001558,OI000003414,O00002018,U000379,P000911,5,物流很快，包装完整,0,2025-05-16 03:30:03,visible
RV00001559,OI000014264,O00008348,U002343,P000810,5,整体满意,0,2026-08-18 04:47:22,visible
RV00001560,OI000019310,O00011326,U000119,P001070,5,质量很好，符合预期,0,2025-12-11 23:21:39,visible
RV00001561,OI000006491,O00003837,U001840,P001414,3,性价比不错,1,2026-04-12 20:36:30,visible
RV00001562,OI000015250,O00008937,U002007,P000533,3,性价比不错,0,2025-05-16 05:43:12,visible
RV00001563,OI000018320,O00010737,U003193,P000611,5,性价比不错,0,2025-09-24 22:54:07,visible
RV00001564,OI000019379,O00011369,U001120,P000652,4,物流很快，包装完整,0,2026-08-07 22:49:09,hidden
RV00001565,OI000000044,O00000026,U002047,P000354,5,质量很好，符合预期,0,2026-04-08 01:36:24,visible
RV00001566,OI000018421,O00010796,U003983,P001434,5,性价比不错,0,2025-07-12 00:38:45,visible
RV00001567,OI000016668,O00009778,U003594,P000837,2,性价比不错,0,2025-01-25 05:37:07,visible
RV00001568,OI000010297,O00006059,U001414,P000831,5,性价比不错,0,2026-04-01 00:15:34,visible
RV00001569,OI000009547,O00005635,U002911,P000831,5,体验一般,0,2025-10-24 12:07:19,visible
RV00001570,OI000015498,O00009082,U002094,P000326,4,与描述有差异,0,2026-05-28 01:00:47,visible
RV00001571,OI000005587,O00003316,U001003,P001180,5,体验一般,0,2025-06-27 23:03:36,visible
RV00001572,OI000006861,O00004049,U000829,P000907,4,与描述有差异,1,2026-03-07 22:44:52,visible
RV00001573,OI000014681,O00008592,U001375,P000318,4,质量很好，符合预期,1,2026-04-13 12:11:06,visible
RV00001574,OI000001753,O00001026,U003438,P000646,4,整体满意,0,2025-08-08 07:14:28,visible
RV00001575,OI000011274,O00006615,U000923,P001362,3,整体满意,0,2025-06-10 22:16:09,visible
RV00001576,OI000014698,O00008602,U003694,P000142,5,物流很快，包装完整,0,2026-08-04 07:01:59,visible
RV00001577,OI000020320,O00011920,U001660,P001411,5,性价比不错,0,2026-07-22 20:18:14,visible
RV00001578,OI000005694,O00003377,U002449,P000871,5,质量很好，符合预期,0,2026-03-14 01:59:47,visible
RV00001579,OI000001458,O00000845,U001140,P000076,4,体验一般,0,2025-10-22 17:36:19,visible
RV00001580,OI000001521,O00000888,U004435,P000261,5,物流很快，包装完整,0,2026-07-28 14:23:20,visible
RV00001581,OI000007635,O00004509,U000104,P001209,1,整体满意,1,2026-04-09 17:59:09,visible
RV00001582,OI000001266,O00000729,U000045,P001441,5,物流很快，包装完整,1,2025-05-13 17:11:28,visible
RV00001583,OI000019355,O00011357,U001950,P000080,4,性价比不错,0,2025-10-26 03:37:16,visible
RV00001584,OI000010422,O00006132,U001098,P000163,5,体验一般,0,2026-07-11 11:16:29,visible
RV00001585,OI000013491,O00007888,U004675,P000561,5,整体满意,0,2026-05-02 11:16:25,visible
RV00001586,OI000009733,O00005735,U000761,P000910,4,质量很好，符合预期,0,2026-05-04 16:08:30,visible
RV00001587,OI000004379,O00002601,U003171,P000764,5,与描述有差异,0,2026-03-23 12:15:52,visible
RV00001588,OI000017312,O00010139,U004470,P001259,5,整体满意,0,2025-02-22 21:05:27,visible
RV00001589,OI000018450,O00010818,U001239,P000559,5,性价比不错,0,2026-07-07 14:30:00,visible
RV00001590,OI000017429,O00010207,U004361,P000287,5,质量很好，符合预期,0,2026-04-07 19:02:09,visible
RV00001591,OI000003079,O00001812,U002757,P000925,4,质量很好，符合预期,0,2025-09-27 16:54:10,visible
RV00001592,OI000014350,O00008401,U002341,P000783,2,质量很好，符合预期,0,2025-08-13 17:04:55,visible
RV00001593,OI000008449,O00004975,U004348,P000424,3,整体满意,0,2025-10-07 01:16:33,visible
RV00001594,OI000011331,O00006646,U003733,P001269,4,整体满意,0,2026-06-09 02:08:29,visible
RV00001595,OI000006616,O00003911,U002304,P000852,4,整体满意,0,2026-07-07 20:11:39,visible
RV00001596,OI000017225,O00010099,U000173,P000239,5,质量很好，符合预期,0,2026-07-30 17:09:34,visible
RV00001597,OI000017571,O00010285,U001574,P000445,5,质量很好，符合预期,0,2025-04-11 19:41:20,visible
RV00001598,OI000020207,O00011858,U002759,P001287,5,质量很好，符合预期,0,2026-07-20 11:24:24,visible
RV00001599,OI000020342,O00011932,U003375,P000107,1,物流很快，包装完整,0,2025-09-25 21:01:46,visible
RV00001600,OI000013878,O00008124,U000690,P000790,5,质量很好，符合预期,0,2025-03-06 00:58:04,visible
RV00001601,OI000018059,O00010582,U001035,P001461,4,性价比不错,0,2025-08-31 08:06:44,visible
RV00001602,OI000017276,O00010122,U002615,P000300,5,与描述有差异,0,2025-08-03 02:06:16,visible
RV00001603,OI000012022,O00007032,U000843,P000740,5,与描述有差异,1,2025-12-31 22:47:12,visible
RV00001604,OI000019641,O00011527,U001176,P001128,5,整体满意,0,2025-10-31 13:08:06,visible
RV00001605,OI000010042,O00005908,U004650,P001499,5,质量很好，符合预期,0,2026-08-18 20:23:06,visible
RV00001606,OI000008074,O00004750,U002596,P000883,5,整体满意,0,2025-08-25 15:18:14,visible
RV00001607,OI000003049,O00001799,U004880,P001426,4,物流很快，包装完整,0,2025-12-27 15:49:43,visible
RV00001608,OI000002521,O00001484,U002796,P001255,4,与描述有差异,0,2025-02-05 16:07:09,visible
RV00001609,OI000013130,O00007681,U002455,P000661,5,质量很好，符合预期,1,2025-08-08 15:52:52,visible
RV00001610,OI000011931,O00006982,U001366,P001102,2,质量很好，符合预期,0,2025-09-11 15:09:42,visible
RV00001611,OI000014578,O00008538,U003226,P000064,1,体验一般,0,2026-08-31 05:40:52,visible
RV00001612,OI000012172,O00007124,U002533,P000024,5,与描述有差异,0,2026-01-05 11:12:46,visible
RV00001613,OI000004834,O00002869,U003557,P001308,4,整体满意,0,2025-08-18 03:31:03,visible
RV00001614,OI000015125,O00008860,U003340,P000339,3,物流很快，包装完整,0,2025-07-09 00:52:58,visible
RV00001615,OI000015017,O00008794,U004022,P000318,1,质量很好，符合预期,0,2025-03-16 00:46:09,visible
RV00001616,OI000004378,O00002600,U002595,P000927,5,质量很好，符合预期,0,2026-07-20 12:55:15,visible
RV00001617,OI000004917,O00002922,U003778,P000516,5,物流很快，包装完整,0,2026-04-07 00:03:49,visible
RV00001618,OI000004380,O00002602,U002145,P000604,3,整体满意,0,2025-01-31 10:57:54,visible
RV00001619,OI000005073,O00003019,U002149,P001262,5,与描述有差异,0,2026-01-09 08:19:02,visible
RV00001620,OI000009343,O00005508,U003908,P000447,5,性价比不错,0,2025-07-05 04:36:18,visible
RV00001621,OI000001233,O00000708,U001225,P000573,5,质量很好，符合预期,0,2025-12-30 14:59:57,visible
RV00001622,OI000002812,O00001658,U002533,P001113,5,质量很好，符合预期,0,2026-07-03 07:24:09,visible
RV00001623,OI000010492,O00006176,U001666,P000910,4,物流很快，包装完整,0,2026-06-02 23:24:51,visible
RV00001624,OI000000944,O00000541,U000288,P000154,5,性价比不错,0,2026-04-30 21:23:41,visible
RV00001625,OI000018144,O00010632,U001564,P001396,5,质量很好，符合预期,0,2025-05-12 06:24:26,visible
RV00001626,OI000013272,O00007761,U001792,P000416,1,整体满意,0,2025-05-27 07:57:45,visible
RV00001627,OI000003434,O00002031,U003896,P001294,5,质量很好，符合预期,0,2026-04-26 23:24:49,visible
RV00001628,OI000003435,O00002031,U003896,P001054,4,体验一般,1,2026-04-23 23:24:49,visible
RV00001629,OI000008916,O00005253,U002785,P000131,5,物流很快，包装完整,0,2026-03-01 05:41:22,visible
RV00001630,OI000019102,O00011203,U003702,P000496,5,物流很快，包装完整,0,2025-10-13 17:47:08,visible
RV00001631,OI000007492,O00004421,U002962,P000939,3,体验一般,0,2025-02-21 00:38:25,visible
RV00001632,OI000005720,O00003391,U004245,P000630,5,物流很快，包装完整,0,2025-06-25 11:39:58,visible
RV00001633,OI000001844,O00001080,U000523,P000889,3,整体满意,1,2025-09-04 09:35:44,visible
RV00001634,OI000011563,O00006778,U001358,P000434,5,体验一般,0,2025-11-23 03:53:07,visible
RV00001635,OI000013686,O00008010,U001334,P001172,2,质量很好，符合预期,0,2025-07-13 07:43:40,visible
RV00001636,OI000006343,O00003748,U002215,P000261,5,质量很好，符合预期,0,2026-02-23 06:58:48,visible
RV00001637,OI000001138,O00000649,U003554,P000892,4,整体满意,0,2025-02-06 13:33:19,visible
RV00001638,OI000001618,O00000942,U004216,P000465,2,整体满意,0,2025-04-27 16:10:34,visible
RV00001639,OI000002032,O00001200,U000997,P000219,5,整体满意,0,2026-06-03 05:35:38,visible
RV00001640,OI000008965,O00005285,U003612,P001461,5,物流很快，包装完整,0,2026-03-11 20:58:27,visible
RV00001641,OI000000435,O00000252,U002042,P001043,5,与描述有差异,0,2026-05-02 02:25:04,visible
RV00001642,OI000019938,O00011697,U000698,P001434,4,整体满意,0,2025-05-21 09:52:27,visible
RV00001643,OI000012601,O00007368,U001854,P000925,4,体验一般,0,2026-04-23 07:08:05,visible
RV00001644,OI000006824,O00004029,U004287,P000715,4,质量很好，符合预期,0,2026-03-08 11:59:17,visible
RV00001645,OI000019180,O00011250,U003541,P000636,4,整体满意,0,2026-05-19 21:27:18,visible
RV00001646,OI000010092,O00005935,U002591,P000628,4,性价比不错,0,2025-09-16 03:29:10,visible
RV00001647,OI000012357,O00007238,U001017,P000652,4,质量很好，符合预期,1,2025-10-19 04:05:40,visible
RV00001648,OI000013385,O00007821,U004904,P001275,5,物流很快，包装完整,0,2025-02-17 03:02:30,visible
RV00001649,OI000015765,O00009243,U001008,P001193,3,质量很好，符合预期,0,2026-05-18 04:16:01,visible
RV00001650,OI000008565,O00005040,U001253,P000034,4,质量很好，符合预期,1,2025-08-31 03:47:28,visible
RV00001651,OI000010281,O00006048,U003400,P000306,5,质量很好，符合预期,0,2026-04-01 03:53:35,visible
RV00001652,OI000007267,O00004289,U004235,P000141,2,质量很好，符合预期,0,2026-05-17 17:54:54,visible
RV00001653,OI000013905,O00008140,U004165,P000529,3,整体满意,0,2025-07-15 06:31:59,visible
RV00001654,OI000010063,O00005919,U004893,P000532,4,物流很快，包装完整,1,2025-04-21 11:27:11,visible
RV00001655,OI000003550,O00002095,U002265,P001158,2,体验一般,0,2026-01-30 06:28:58,visible
RV00001656,OI000011032,O00006476,U001935,P001422,5,质量很好，符合预期,0,2025-02-05 19:16:42,visible
RV00001657,OI000006572,O00003882,U004955,P000615,4,质量很好，符合预期,0,2026-06-14 19:09:46,visible
RV00001658,OI000002959,O00001748,U003123,P000027,3,整体满意,0,2026-04-20 21:41:05,visible
RV00001659,OI000011662,O00006836,U003845,P000071,5,质量很好，符合预期,0,2025-03-23 22:15:21,visible
RV00001660,OI000009097,O00005369,U002719,P000282,3,质量很好，符合预期,0,2026-01-16 19:55:44,visible
RV00001661,OI000004588,O00002719,U003699,P000753,5,整体满意,0,2025-04-21 00:48:07,visible
RV00001662,OI000020422,O00011976,U004889,P000393,1,性价比不错,0,2026-07-09 16:00:28,visible
RV00001663,OI000019946,O00011702,U002704,P000648,3,性价比不错,0,2025-02-03 18:35:44,visible
RV00001664,OI000011814,O00006919,U001435,P000603,5,整体满意,0,2025-06-12 01:23:23,visible
RV00001665,OI000000699,O00000403,U003744,P000175,5,性价比不错,0,2025-08-28 02:20:50,visible
RV00001666,OI000016329,O00009573,U001282,P000489,5,物流很快，包装完整,0,2026-02-04 03:33:17,visible
RV00001667,OI000003954,O00002350,U001543,P001164,4,质量很好，符合预期,0,2026-06-16 18:52:31,visible
RV00001668,OI000011584,O00006793,U003010,P000846,4,性价比不错,0,2026-07-09 21:47:39,visible
RV00001669,OI000001368,O00000788,U001406,P000788,5,整体满意,0,2025-09-24 20:53:19,visible
RV00001670,OI000002089,O00001236,U004817,P000179,5,整体满意,0,2025-06-20 14:26:21,visible
RV00001671,OI000017298,O00010134,U004842,P000214,3,质量很好，符合预期,0,2025-10-16 20:59:32,visible
RV00001672,OI000015100,O00008846,U001931,P001264,5,整体满意,0,2026-07-23 01:14:12,visible
RV00001673,OI000002314,O00001356,U004505,P000198,5,体验一般,0,2026-02-19 22:09:55,visible
RV00001674,OI000005380,O00003195,U001882,P000008,5,质量很好，符合预期,0,2026-02-08 01:13:51,visible
RV00001675,OI000006981,O00004120,U004597,P001391,4,性价比不错,0,2025-03-20 15:55:40,visible
RV00001676,OI000012494,O00007312,U004658,P000197,5,整体满意,0,2026-08-17 19:19:04,visible
RV00001677,OI000008391,O00004938,U000264,P000190,4,整体满意,0,2025-12-14 17:41:50,visible
RV00001678,OI000003257,O00001915,U001590,P001452,2,体验一般,0,2026-05-04 01:41:01,visible
RV00001679,OI000010183,O00005988,U004436,P001274,5,与描述有差异,0,2026-03-11 01:23:26,visible
RV00001680,OI000016908,O00009917,U002085,P000981,3,物流很快，包装完整,1,2025-06-12 05:21:50,visible
RV00001681,OI000002755,O00001625,U004258,P001167,4,与描述有差异,0,2026-07-10 10:57:56,visible
RV00001682,OI000016449,O00009638,U000312,P000550,5,质量很好，符合预期,0,2026-04-29 16:39:13,visible
RV00001683,OI000003152,O00001858,U003184,P001085,3,物流很快，包装完整,0,2026-03-06 09:10:41,visible
RV00001684,OI000004794,O00002845,U002029,P001493,5,性价比不错,1,2026-07-03 21:54:47,visible
RV00001685,OI000003203,O00001885,U001880,P000173,4,与描述有差异,1,2025-11-17 22:44:51,visible
RV00001686,OI000006285,O00003715,U004089,P001492,5,物流很快，包装完整,0,2026-08-21 17:10:47,visible
RV00001687,OI000019317,O00011330,U004616,P000381,5,质量很好，符合预期,1,2026-03-08 00:37:32,visible
RV00001688,OI000000518,O00000299,U002324,P000251,5,质量很好，符合预期,1,2025-08-29 19:12:45,visible
RV00001689,OI000012244,O00007172,U003464,P000889,4,性价比不错,0,2025-04-29 04:31:42,visible
RV00001690,OI000006053,O00003579,U003632,P000187,5,质量很好，符合预期,0,2026-07-04 09:18:01,visible
RV00001691,OI000008999,O00005307,U003951,P001410,5,质量很好，符合预期,0,2025-12-18 16:45:26,visible
RV00001692,OI000000189,O00000107,U004004,P001303,5,整体满意,0,2026-07-31 16:25:48,visible
RV00001693,OI000005594,O00003320,U002118,P000347,5,物流很快，包装完整,0,2025-12-03 09:01:55,visible
RV00001694,OI000010647,O00006261,U000942,P001188,4,物流很快，包装完整,0,2025-08-21 10:10:44,visible
RV00001695,OI000010949,O00006429,U003829,P000983,4,整体满意,0,2025-12-20 12:50:22,visible
RV00001696,OI000016381,O00009600,U000048,P000371,5,物流很快，包装完整,0,2025-07-11 19:19:49,visible
RV00001697,OI000013309,O00007779,U000759,P001424,5,体验一般,0,2026-08-29 18:08:42,visible
RV00001698,OI000011131,O00006534,U000339,P001228,4,质量很好，符合预期,0,2026-06-30 23:37:46,visible
RV00001699,OI000003109,O00001830,U003402,P000986,5,体验一般,0,2026-04-01 09:16:11,visible
RV00001700,OI000003795,O00002244,U000753,P001469,5,物流很快，包装完整,0,2025-10-05 05:17:14,visible
RV00001701,OI000011204,O00006579,U001561,P000021,4,整体满意,0,2026-06-15 06:38:19,visible
RV00001702,OI000004224,O00002513,U002952,P001415,5,质量很好，符合预期,0,2025-07-07 13:30:58,hidden
RV00001703,OI000003163,O00001864,U003287,P000312,4,质量很好，符合预期,0,2025-08-11 01:57:14,visible
RV00001704,OI000014122,O00008268,U002649,P001315,4,体验一般,0,2026-04-12 21:58:59,visible
RV00001705,OI000014954,O00008753,U001476,P001404,5,物流很快，包装完整,0,2025-05-30 21:16:35,visible
RV00001706,OI000014961,O00008756,U004815,P000249,2,性价比不错,0,2025-06-11 21:47:39,visible
RV00001707,OI000016153,O00009469,U003121,P001181,4,性价比不错,0,2025-12-28 02:29:12,visible
RV00001708,OI000009832,O00005790,U002880,P000206,1,质量很好，符合预期,0,2025-06-24 10:55:17,visible
RV00001709,OI000015500,O00009084,U000607,P000515,5,物流很快，包装完整,1,2025-04-06 19:26:35,visible
RV00001710,OI000008081,O00004753,U001522,P000657,5,体验一般,0,2025-08-26 23:16:00,visible
RV00001711,OI000008534,O00005023,U001145,P000354,3,质量很好，符合预期,0,2025-10-18 09:12:41,visible
RV00001712,OI000016502,O00009670,U000887,P000809,5,质量很好，符合预期,1,2025-01-28 18:43:27,visible
RV00001713,OI000003484,O00002058,U001213,P000238,5,性价比不错,0,2026-08-09 20:41:12,visible
RV00001714,OI000006019,O00003558,U002938,P001042,2,物流很快，包装完整,0,2025-05-03 01:38:40,visible
RV00001715,OI000012484,O00007306,U001968,P001013,5,性价比不错,0,2026-04-28 05:59:56,visible
RV00001716,OI000015466,O00009064,U004311,P000081,4,性价比不错,0,2026-03-09 01:06:24,visible
RV00001717,OI000009096,O00005369,U002719,P000762,5,质量很好，符合预期,0,2026-01-19 19:55:44,visible
RV00001718,OI000019026,O00011159,U000580,P000770,4,质量很好，符合预期,0,2026-08-13 21:45:54,visible
RV00001719,OI000018352,O00010757,U004626,P000593,5,整体满意,0,2026-04-19 22:03:06,visible
RV00001720,OI000011178,O00006564,U000425,P001054,5,整体满意,0,2026-09-10 20:36:17,visible
RV00001721,OI000007967,O00004687,U001694,P000399,5,整体满意,0,2025-03-29 08:09:40,visible
RV00001722,OI000009863,O00005809,U000150,P000931,3,物流很快，包装完整,0,2025-08-21 09:47:55,visible
RV00001723,OI000010787,O00006339,U004003,P000247,5,质量很好，符合预期,0,2025-07-25 06:26:38,visible
RV00001724,OI000003248,O00001911,U000514,P000090,5,质量很好，符合预期,0,2026-05-19 15:33:32,visible
RV00001725,OI000016369,O00009596,U004825,P000686,4,物流很快，包装完整,0,2026-04-16 02:44:49,visible
RV00001726,OI000012108,O00007086,U004444,P001102,5,整体满意,0,2025-11-28 16:57:23,visible
RV00001727,OI000018488,O00010837,U003108,P000462,5,物流很快，包装完整,0,2025-06-25 01:57:17,visible
RV00001728,OI000000477,O00000274,U001197,P000456,5,体验一般,0,2025-10-04 14:22:02,visible
RV00001729,OI000001875,O00001102,U002071,P001377,1,体验一般,0,2026-07-01 00:35:10,visible
RV00001730,OI000007369,O00004347,U004644,P001438,5,质量很好，符合预期,0,2025-07-30 20:13:39,visible
RV00001731,OI000020040,O00011758,U003031,P000562,5,质量很好，符合预期,1,2025-03-30 03:00:29,visible
RV00001732,OI000004775,O00002836,U004063,P000740,5,质量很好，符合预期,0,2025-11-09 22:53:56,visible
RV00001733,OI000009421,O00005558,U001332,P000134,5,与描述有差异,0,2025-12-07 15:17:25,visible
RV00001734,OI000008026,O00004718,U001677,P000897,5,质量很好，符合预期,0,2025-01-24 00:44:54,visible
RV00001735,OI000015892,O00009323,U004695,P001331,5,质量很好，符合预期,1,2026-06-07 10:19:03,visible
RV00001736,OI000005625,O00003337,U000160,P000834,5,与描述有差异,0,2026-07-17 13:45:41,visible
RV00001737,OI000007859,O00004627,U001290,P001064,4,整体满意,0,2025-10-07 15:54:29,visible
RV00001738,OI000010523,O00006194,U004560,P001138,5,性价比不错,0,2025-09-21 13:14:20,visible
RV00001739,OI000000793,O00000454,U004139,P000448,4,体验一般,0,2025-12-31 18:53:05,visible
RV00001740,OI000017645,O00010332,U004359,P001006,5,体验一般,0,2026-05-25 21:01:37,visible
RV00001741,OI000009518,O00005617,U000808,P001266,5,性价比不错,0,2026-06-20 13:40:34,visible
RV00001742,OI000015239,O00008933,U000175,P001120,5,整体满意,0,2026-01-23 22:25:40,visible
RV00001743,OI000013532,O00007914,U001310,P000610,5,体验一般,0,2026-07-16 06:04:38,visible
RV00001744,OI000011865,O00006948,U003723,P001291,5,质量很好，符合预期,0,2025-11-30 00:40:25,visible
RV00001745,OI000019248,O00011290,U002857,P000255,5,物流很快，包装完整,0,2026-06-24 19:02:55,visible
RV00001746,OI000010751,O00006319,U003575,P000497,5,物流很快，包装完整,0,2025-07-27 05:43:20,visible
RV00001747,OI000013553,O00007927,U001888,P001459,1,物流很快，包装完整,0,2026-08-12 16:24:25,visible
RV00001748,OI000016123,O00009452,U000835,P001195,3,体验一般,0,2025-02-17 12:41:14,visible
RV00001749,OI000014008,O00008204,U003624,P000660,4,质量很好，符合预期,0,2025-12-26 00:01:42,visible
RV00001750,OI000020189,O00011845,U000179,P000068,5,质量很好，符合预期,0,2026-07-14 14:43:04,visible
RV00001751,OI000004575,O00002709,U003766,P000064,5,物流很快，包装完整,1,2025-10-04 09:56:27,visible
RV00001752,OI000010845,O00006370,U004459,P000328,3,体验一般,0,2026-05-29 04:38:26,visible
RV00001753,OI000009112,O00005376,U000171,P001440,2,整体满意,0,2025-10-03 21:39:36,visible
RV00001754,OI000011793,O00006908,U000970,P000647,5,物流很快，包装完整,0,2026-07-07 10:03:23,visible
RV00001755,OI000019746,O00011586,U000032,P000041,5,与描述有差异,0,2025-06-01 19:21:06,visible
RV00001756,OI000015394,O00009026,U003276,P000536,4,质量很好，符合预期,0,2025-10-05 02:41:06,visible
RV00001757,OI000019935,O00011696,U003045,P000695,5,整体满意,0,2026-06-13 01:25:53,visible
RV00001758,OI000009461,O00005582,U002446,P001196,3,与描述有差异,0,2025-09-01 22:09:24,visible
RV00001759,OI000010885,O00006391,U003564,P000014,5,整体满意,0,2026-02-25 20:13:34,visible
RV00001760,OI000001384,O00000799,U003742,P001111,5,物流很快，包装完整,0,2025-07-02 06:05:45,visible
RV00001761,OI000002033,O00001201,U000678,P000549,5,质量很好，符合预期,0,2025-01-22 22:01:30,visible
RV00001762,OI000018070,O00010586,U002581,P001383,5,质量很好，符合预期,0,2025-10-24 13:17:35,visible
RV00001763,OI000002723,O00001608,U002702,P000590,5,整体满意,0,2025-09-07 08:59:43,visible
RV00001764,OI000001984,O00001175,U004665,P001066,4,质量很好，符合预期,0,2026-04-17 09:26:05,visible
RV00001765,OI000019960,O00011710,U001728,P000032,5,物流很快，包装完整,0,2025-05-18 03:59:10,visible
RV00001766,OI000016534,O00009691,U002405,P001020,5,质量很好，符合预期,1,2026-07-07 06:17:32,visible
RV00001767,OI000017854,O00010451,U004075,P000851,5,性价比不错,0,2025-12-11 01:57:26,visible
RV00001768,OI000008116,O00004776,U003206,P001418,5,性价比不错,1,2025-10-03 15:26:14,visible
RV00001769,OI000013459,O00007864,U001471,P000513,4,整体满意,0,2025-05-20 00:09:52,visible
RV00001770,OI000002597,O00001531,U003125,P000359,4,性价比不错,0,2026-03-20 21:45:59,visible
RV00001771,OI000003460,O00002042,U003130,P001120,5,整体满意,0,2025-12-08 17:13:58,visible
RV00001772,OI000015852,O00009296,U004836,P000362,4,体验一般,1,2025-05-09 21:05:19,visible
RV00001773,OI000003500,O00002067,U002070,P000989,5,性价比不错,0,2025-03-02 19:30:19,visible
RV00001774,OI000002769,O00001633,U003821,P000868,5,性价比不错,0,2026-08-12 04:55:37,visible
RV00001775,OI000007260,O00004285,U004423,P000319,4,整体满意,0,2025-05-03 13:18:46,visible
RV00001776,OI000007394,O00004363,U003250,P000155,5,体验一般,0,2026-08-29 07:11:37,visible
RV00001777,OI000012954,O00007580,U003454,P000731,5,与描述有差异,1,2026-02-27 14:24:44,visible
RV00001778,OI000019407,O00011387,U000305,P000046,2,体验一般,0,2025-09-11 01:51:24,visible
RV00001779,OI000014845,O00008688,U002814,P000758,5,体验一般,0,2026-02-21 18:51:07,visible
RV00001780,OI000007712,O00004552,U004883,P001106,5,质量很好，符合预期,0,2025-01-04 17:16:30,visible
RV00001781,OI000005692,O00003377,U002449,P000711,5,整体满意,0,2026-03-15 01:59:47,visible
RV00001782,OI000020152,O00011826,U004209,P000679,1,整体满意,1,2025-12-19 22:11:00,visible
RV00001783,OI000008341,O00004911,U004911,P001360,1,性价比不错,0,2025-09-25 15:56:15,visible
RV00001784,OI000007776,O00004585,U001487,P000737,4,质量很好，符合预期,0,2025-03-21 18:15:58,visible
RV00001785,OI000012684,O00007416,U004885,P001149,5,性价比不错,0,2025-09-09 18:17:23,visible
RV00001786,OI000012169,O00007123,U001288,P001452,5,整体满意,0,2025-07-27 02:43:23,visible
RV00001787,OI000002799,O00001651,U004723,P001484,5,性价比不错,1,2025-03-15 11:02:14,visible
RV00001788,OI000001701,O00000994,U002920,P000365,5,质量很好，符合预期,0,2025-07-08 21:43:06,visible
RV00001789,OI000000115,O00000069,U004096,P001390,5,性价比不错,1,2025-08-09 06:21:54,visible
RV00001790,OI000000033,O00000022,U002657,P000393,5,整体满意,1,2026-07-22 06:07:46,visible
RV00001791,OI000006264,O00003702,U001810,P000280,4,整体满意,0,2026-08-15 18:53:16,visible
RV00001792,OI000009434,O00005565,U001139,P000256,4,质量很好，符合预期,0,2025-04-10 00:25:43,visible
RV00001793,OI000007304,O00004310,U002963,P000109,5,物流很快，包装完整,0,2025-05-22 14:15:00,visible
RV00001794,OI000000756,O00000432,U000933,P001447,4,与描述有差异,1,2025-04-23 10:23:56,visible
RV00001795,OI000006592,O00003896,U003192,P000431,5,质量很好，符合预期,0,2025-05-05 04:17:37,visible
RV00001796,OI000001412,O00000815,U002803,P000674,1,性价比不错,0,2025-08-04 17:04:57,visible
RV00001797,OI000008228,O00004845,U002430,P000065,4,体验一般,0,2026-06-15 01:54:11,visible
RV00001798,OI000010472,O00006163,U003218,P001123,1,体验一般,0,2025-09-25 11:19:34,visible
RV00001799,OI000017081,O00010015,U001313,P000083,5,整体满意,0,2026-08-08 19:31:03,visible
RV00001800,OI000000039,O00000023,U001748,P001345,4,质量很好，符合预期,0,2025-07-22 11:51:55,visible
RV00001801,OI000000404,O00000233,U002157,P000739,2,质量很好，符合预期,0,2026-04-29 01:55:03,visible
RV00001802,OI000014680,O00008592,U001375,P000718,5,物流很快，包装完整,0,2026-04-21 12:11:06,visible
RV00001803,OI000013828,O00008096,U002599,P001059,2,质量很好，符合预期,0,2026-07-06 22:31:39,visible
RV00001804,OI000008733,O00005143,U003161,P000406,3,性价比不错,0,2025-03-04 17:01:50,visible
RV00001805,OI000019364,O00011362,U004700,P000491,5,质量很好，符合预期,0,2026-05-21 09:31:29,hidden
RV00001806,OI000008656,O00005096,U001916,P000727,5,与描述有差异,0,2026-05-19 09:09:43,visible
RV00001807,OI000006263,O00003701,U001961,P000624,5,整体满意,0,2025-05-16 01:44:33,visible
RV00001808,OI000007579,O00004471,U001354,P000090,3,质量很好，符合预期,0,2026-06-28 03:48:28,visible
RV00001809,OI000008413,O00004952,U002139,P001399,4,性价比不错,0,2025-12-01 06:07:31,visible
RV00001810,OI000006877,O00004059,U004178,P001204,5,质量很好，符合预期,0,2025-09-30 04:55:03,visible
RV00001811,OI000008760,O00005158,U002541,P000468,2,物流很快，包装完整,0,2025-07-22 14:24:48,visible
RV00001812,OI000006722,O00003975,U000896,P000088,4,与描述有差异,0,2025-08-19 21:46:57,visible
RV00001813,OI000018399,O00010783,U000038,P000519,3,体验一般,0,2025-02-01 09:29:09,visible
RV00001814,OI000016479,O00009656,U004611,P001367,4,性价比不错,0,2025-11-17 03:20:43,visible
RV00001815,OI000002230,O00001310,U002724,P000479,4,物流很快，包装完整,0,2025-08-18 23:36:05,visible
RV00001816,OI000008127,O00004781,U002457,P000758,5,质量很好，符合预期,1,2025-05-09 05:31:55,visible
RV00001817,OI000001623,O00000946,U001137,P001294,4,体验一般,0,2025-04-23 11:25:09,visible
RV00001818,OI000019716,O00011566,U004699,P000446,1,体验一般,1,2026-02-11 14:17:32,visible
RV00001819,OI000001786,O00001045,U003889,P001051,5,整体满意,0,2026-06-06 01:03:21,visible
RV00001820,OI000015900,O00009329,U002690,P000485,3,物流很快，包装完整,0,2025-09-20 12:16:16,visible
RV00001821,OI000012678,O00007411,U003197,P000276,5,质量很好，符合预期,0,2025-08-17 22:03:02,visible
RV00001822,OI000012958,O00007582,U003344,P000559,5,整体满意,1,2025-06-25 01:30:31,visible
RV00001823,OI000013977,O00008183,U004443,P000684,4,质量很好，符合预期,0,2025-08-19 07:14:19,visible
RV00001824,OI000017884,O00010468,U001911,P000207,2,质量很好，符合预期,1,2025-07-14 17:08:41,visible
RV00001825,OI000002187,O00001287,U003112,P000592,1,整体满意,0,2026-07-02 17:53:39,visible
RV00001826,OI000015851,O00009295,U000992,P000427,3,质量很好，符合预期,0,2026-01-15 08:55:49,visible
RV00001827,OI000005008,O00002977,U000911,P000359,1,整体满意,0,2025-07-26 12:44:08,visible
RV00001828,OI000001115,O00000636,U000202,P001344,4,与描述有差异,0,2026-08-18 21:30:35,visible
RV00001829,OI000008383,O00004935,U002342,P000719,5,整体满意,0,2026-03-16 21:19:18,visible
RV00001830,OI000000268,O00000149,U004608,P000630,5,性价比不错,0,2025-07-16 06:33:25,visible
RV00001831,OI000020124,O00011807,U001837,P001439,5,整体满意,0,2026-08-14 02:43:44,visible
RV00001832,OI000009223,O00005434,U003715,P001042,5,质量很好，符合预期,0,2025-06-13 01:44:41,visible
RV00001833,OI000000822,O00000470,U000943,P000072,2,物流很快，包装完整,0,2026-01-14 08:13:02,visible
RV00001834,OI000013619,O00007966,U004006,P000089,4,质量很好，符合预期,0,2025-09-12 00:02:55,visible
RV00001835,OI000007293,O00004305,U003343,P001320,4,物流很快，包装完整,0,2026-08-24 03:11:42,visible
RV00001836,OI000008550,O00005031,U003893,P001047,5,体验一般,0,2026-09-01 19:14:42,visible
RV00001837,OI000014851,O00008691,U004654,P001089,5,物流很快，包装完整,0,2025-02-08 05:20:13,visible
RV00001838,OI000016540,O00009695,U003277,P000668,4,体验一般,1,2026-07-24 18:05:57,visible
RV00001839,OI000007344,O00004333,U003345,P000748,4,质量很好，符合预期,0,2025-06-03 10:37:54,visible
RV00001840,OI000006325,O00003741,U004448,P001025,4,质量很好，符合预期,0,2025-10-08 00:38:59,visible
RV00001841,OI000006395,O00003781,U002546,P000723,4,整体满意,0,2025-07-04 13:28:05,visible
RV00001842,OI000000498,O00000287,U001346,P001488,5,性价比不错,0,2025-11-11 06:34:25,visible
RV00001843,OI000006510,O00003848,U000861,P001164,5,整体满意,0,2025-05-14 16:35:37,visible
RV00001844,OI000017528,O00010261,U000598,P000451,4,质量很好，符合预期,0,2026-08-12 22:53:01,visible
RV00001845,OI000015658,O00009182,U000314,P001421,5,整体满意,0,2026-07-14 10:37:42,visible
RV00001846,OI000002053,O00001212,U001636,P001365,4,物流很快，包装完整,0,2025-12-27 22:25:31,visible
RV00001847,OI000008897,O00005242,U001422,P001020,4,与描述有差异,0,2026-04-12 22:11:24,visible
RV00001848,OI000011113,O00006523,U001643,P000927,5,体验一般,0,2026-06-14 20:21:44,visible
RV00001849,OI000006630,O00003919,U001928,P001268,5,整体满意,0,2025-09-20 15:09:44,visible
RV00001850,OI000001798,O00001052,U001936,P000572,5,体验一般,0,2026-03-29 22:29:45,visible
RV00001851,OI000017607,O00010308,U001607,P000867,5,性价比不错,0,2026-03-20 06:56:09,visible
RV00001852,OI000011427,O00006702,U002525,P000213,2,性价比不错,0,2026-01-30 16:28:33,visible
RV00001853,OI000009375,O00005529,U004269,P001419,1,质量很好，符合预期,0,2025-07-22 10:08:21,visible
RV00001854,OI000003882,O00002304,U002856,P000296,5,体验一般,0,2025-04-03 23:44:40,visible
RV00001855,OI000018379,O00010772,U003070,P000090,4,体验一般,0,2026-05-31 23:13:23,visible
RV00001856,OI000002631,O00001553,U002349,P000555,4,物流很快，包装完整,1,2026-07-14 10:10:31,visible
RV00001857,OI000008029,O00004720,U000147,P001365,5,体验一般,0,2025-09-03 17:56:22,visible
RV00001858,OI000004855,O00002886,U000227,P000592,5,与描述有差异,0,2025-06-11 10:44:27,visible
RV00001859,OI000000582,O00000334,U002765,P000647,5,体验一般,0,2026-06-25 00:12:06,visible
RV00001860,OI000017296,O00010134,U004842,P000374,5,整体满意,0,2025-10-21 20:59:32,visible
RV00001861,OI000006790,O00004010,U004265,P001388,3,物流很快，包装完整,0,2025-11-28 05:10:29,visible
RV00001862,OI000009266,O00005464,U004204,P000855,5,体验一般,0,2025-10-10 20:06:00,visible
RV00001863,OI000015033,O00008805,U000494,P001199,4,质量很好，符合预期,0,2025-04-15 05:04:58,visible
RV00001864,OI000009617,O00005672,U003448,P000790,3,物流很快，包装完整,0,2025-10-27 18:48:15,visible
RV00001865,OI000014630,O00008565,U002387,P000623,4,与描述有差异,0,2026-03-13 05:39:12,visible
RV00001866,OI000010093,O00005935,U002591,P000788,4,与描述有差异,0,2025-10-05 03:29:10,visible
RV00001867,OI000017382,O00010183,U002657,P000180,4,质量很好，符合预期,0,2025-08-13 04:14:49,visible
RV00001868,OI000012412,O00007266,U004783,P000840,5,整体满意,0,2025-11-26 05:42:10,visible
RV00001869,OI000012933,O00007569,U000907,P001345,5,整体满意,1,2026-06-27 11:35:43,visible
RV00001870,OI000013183,O00007711,U002945,P001340,5,体验一般,0,2025-08-29 08:30:16,visible
RV00001871,OI000016165,O00009475,U002936,P001094,5,质量很好，符合预期,0,2025-10-21 10:17:07,visible
RV00001872,OI000001838,O00001077,U001671,P001432,5,性价比不错,0,2025-04-18 13:33:58,visible
RV00001873,OI000005501,O00003267,U000184,P001153,5,质量很好，符合预期,0,2025-05-14 14:36:02,visible
RV00001874,OI000013565,O00007935,U000377,P000197,3,物流很快，包装完整,0,2025-06-04 00:28:23,visible
RV00001875,OI000016617,O00009748,U000058,P001129,5,物流很快，包装完整,0,2026-06-08 10:38:47,visible
RV00001876,OI000008801,O00005179,U003406,P000074,1,物流很快，包装完整,0,2025-08-04 15:56:58,visible
RV00001877,OI000008170,O00004808,U000939,P000027,4,整体满意,0,2025-05-05 14:31:48,visible
RV00001878,OI000000700,O00000403,U003744,P001215,3,性价比不错,0,2025-08-06 02:20:50,visible
RV00001879,OI000011950,O00006990,U003359,P000061,5,整体满意,1,2026-01-13 16:17:59,visible
RV00001880,OI000006501,O00003844,U000861,P000909,4,质量很好，符合预期,0,2025-11-05 23:35:13,visible
RV00001881,OI000006486,O00003835,U002326,P001448,4,整体满意,0,2025-03-31 05:45:04,visible
RV00001882,OI000008825,O00005197,U004453,P001122,5,整体满意,0,2025-05-17 15:59:24,visible
RV00001883,OI000005621,O00003334,U001383,P000999,3,与描述有差异,0,2026-01-13 07:28:46,visible
RV00001884,OI000004796,O00002846,U002311,P001210,5,整体满意,0,2026-04-18 22:40:53,visible
RV00001885,OI000004498,O00002669,U000053,P000668,5,整体满意,1,2025-12-22 07:19:52,visible
RV00001886,OI000001520,O00000888,U004435,P000101,5,整体满意,0,2026-07-26 14:23:20,visible
RV00001887,OI000002593,O00001529,U001825,P000690,4,质量很好，符合预期,0,2026-06-10 20:13:38,visible
RV00001888,OI000016805,O00009860,U004929,P000532,5,体验一般,0,2026-08-30 23:39:58,visible
RV00001889,OI000013544,O00007921,U001642,P001188,5,质量很好，符合预期,0,2025-10-22 16:14:40,visible
RV00001890,OI000003671,O00002167,U004817,P001422,5,质量很好，符合预期,0,2025-04-08 02:43:04,visible
RV00001891,OI000012458,O00007291,U002496,P000125,5,体验一般,0,2026-01-29 13:56:22,visible
RV00001892,OI000002906,O00001718,U001275,P000684,5,体验一般,0,2025-08-23 18:39:18,visible
RV00001893,OI000007963,O00004686,U003404,P000635,4,整体满意,0,2025-11-13 11:44:05,visible
RV00001894,OI000018862,O00011060,U004914,P001026,5,物流很快，包装完整,0,2025-06-30 16:19:02,visible
RV00001895,OI000002107,O00001247,U003239,P000447,4,整体满意,0,2025-05-17 14:28:39,visible
RV00001896,OI000018073,O00010588,U004258,P000064,5,性价比不错,0,2025-11-25 11:36:14,visible
RV00001897,OI000018767,O00011003,U001307,P001181,5,物流很快，包装完整,0,2026-08-03 00:06:39,visible
RV00001898,OI000011698,O00006855,U000565,P001299,3,物流很快，包装完整,0,2025-07-09 18:13:40,visible
RV00001899,OI000005668,O00003362,U002491,P000235,5,整体满意,0,2025-04-08 01:27:16,visible
RV00001900,OI000002993,O00001764,U003509,P001271,5,质量很好，符合预期,1,2025-10-26 10:46:46,visible
RV00001901,OI000018532,O00010866,U000496,P000090,3,整体满意,0,2026-09-02 10:26:06,visible
RV00001902,OI000002599,O00001532,U002400,P000960,5,性价比不错,0,2025-02-14 11:54:48,visible
RV00001903,OI000014929,O00008738,U004501,P000459,5,质量很好，符合预期,0,2026-02-16 04:58:56,visible
RV00001904,OI000016464,O00009646,U003823,P000554,4,质量很好，符合预期,0,2025-01-13 04:14:34,visible
RV00001905,OI000016433,O00009630,U004397,P000009,4,物流很快，包装完整,1,2026-06-10 04:26:09,visible
RV00001906,OI000003754,O00002220,U003764,P000187,4,性价比不错,0,2026-07-10 01:56:30,visible
RV00001907,OI000006346,O00003750,U003217,P000970,5,物流很快，包装完整,0,2025-02-10 19:56:17,visible
RV00001908,OI000008543,O00005027,U001101,P000719,3,性价比不错,1,2025-08-13 02:14:10,visible
RV00001909,OI000010104,O00005942,U002754,P000505,5,质量很好，符合预期,0,2025-05-21 17:36:32,visible
RV00001910,OI000010554,O00006210,U004047,P000030,4,体验一般,0,2025-11-24 08:15:28,visible
RV00001911,OI000009983,O00005874,U001333,P000493,3,质量很好，符合预期,0,2026-01-04 17:44:02,visible
RV00001912,OI000008474,O00004989,U000868,P001163,5,整体满意,0,2026-06-21 15:00:09,visible
RV00001913,OI000001584,O00000923,U003749,P001485,5,性价比不错,0,2025-10-25 11:55:38,visible
RV00001914,OI000017966,O00010525,U001797,P001306,5,质量很好，符合预期,0,2026-01-17 02:32:53,hidden
RV00001915,OI000008985,O00005298,U003536,P001442,5,整体满意,0,2026-02-19 13:34:18,visible
RV00001916,OI000009099,O00005370,U000743,P000041,5,物流很快，包装完整,0,2025-11-14 16:16:32,hidden
RV00001917,OI000009120,O00005382,U001040,P001182,5,体验一般,0,2025-07-27 08:14:33,visible
RV00001918,OI000002514,O00001481,U004830,P000148,4,整体满意,0,2026-07-19 04:45:22,visible
RV00001919,OI000020283,O00011900,U004997,P000467,5,质量很好，符合预期,0,2025-07-13 10:14:39,visible
RV00001920,OI000017009,O00009978,U000838,P000626,4,与描述有差异,0,2026-04-24 13:19:10,visible
RV00001921,OI000010689,O00006284,U003191,P000978,4,性价比不错,0,2025-07-15 02:56:08,visible
RV00001922,OI000007398,O00004365,U001704,P000290,2,性价比不错,0,2026-01-30 06:14:32,visible
RV00001923,OI000015726,O00009221,U004918,P000619,4,质量很好，符合预期,0,2025-08-08 12:11:43,visible
RV00001924,OI000014842,O00008686,U001698,P000157,5,与描述有差异,0,2026-06-22 17:35:04,visible
RV00001925,OI000002329,O00001364,U002209,P001215,1,质量很好，符合预期,0,2026-05-14 04:36:03,visible
RV00001926,OI000011607,O00006805,U002068,P000945,5,与描述有差异,0,2025-07-19 05:34:43,visible
RV00001927,OI000001896,O00001116,U004552,P000542,5,质量很好，符合预期,0,2026-03-02 09:30:20,visible
RV00001928,OI000002072,O00001226,U003285,P001068,5,性价比不错,0,2025-04-08 14:21:47,visible
RV00001929,OI000005763,O00003416,U002981,P001007,5,体验一般,0,2025-09-18 19:51:22,visible
RV00001930,OI000004284,O00002548,U002892,P001009,5,整体满意,0,2025-03-19 11:31:25,visible
RV00001931,OI000002505,O00001478,U001220,P000664,4,性价比不错,0,2025-02-25 14:09:08,visible
RV00001932,OI000004773,O00002834,U003689,P000768,4,性价比不错,1,2026-04-10 05:33:18,visible
RV00001933,OI000014616,O00008557,U000387,P001161,5,质量很好，符合预期,0,2025-04-06 12:15:03,visible
RV00001934,OI000004552,O00002698,U000214,P000039,5,性价比不错,0,2025-11-23 00:43:08,visible
RV00001935,OI000003494,O00002063,U001853,P000223,5,物流很快，包装完整,0,2026-04-13 22:47:42,visible
RV00001936,OI000001740,O00001016,U002574,P000545,1,整体满意,0,2025-10-02 11:43:34,visible
RV00001937,OI000003375,O00001990,U004140,P000803,4,性价比不错,0,2025-04-23 13:45:29,visible
RV00001938,OI000004559,O00002701,U000737,P000779,4,质量很好，符合预期,0,2025-10-07 16:59:05,visible
RV00001939,OI000000420,O00000244,U000711,P001208,5,整体满意,0,2026-08-03 10:17:29,visible
RV00001940,OI000006941,O00004097,U001072,P000537,4,质量很好，符合预期,0,2026-01-02 20:26:29,visible
RV00001941,OI000017803,O00010421,U000179,P001366,5,质量很好，符合预期,1,2025-09-20 21:09:53,visible
RV00001942,OI000004730,O00002806,U003737,P001241,2,质量很好，符合预期,0,2026-05-24 12:24:01,visible
RV00001943,OI000011382,O00006675,U003861,P000574,5,质量很好，符合预期,0,2025-04-01 23:53:07,visible
RV00001944,OI000009415,O00005554,U000756,P000960,4,整体满意,0,2026-02-28 13:20:01,visible
RV00001945,OI000002409,O00001414,U000057,P000945,2,物流很快，包装完整,0,2025-07-11 04:15:55,visible
RV00001946,OI000007355,O00004340,U004247,P001172,5,性价比不错,0,2026-03-28 13:23:25,visible
RV00001947,OI000003804,O00002250,U004152,P001335,4,物流很快，包装完整,0,2026-01-11 19:42:22,visible
RV00001948,OI000005626,O00003338,U002518,P001213,5,整体满意,1,2025-03-07 01:14:16,visible
RV00001949,OI000006904,O00004076,U001864,P000303,4,性价比不错,0,2025-07-26 03:30:45,visible
RV00001950,OI000001649,O00000960,U001866,P000488,3,性价比不错,0,2025-06-24 18:48:25,visible
RV00001951,OI000004086,O00002431,U003185,P000700,3,与描述有差异,0,2026-02-04 07:26:00,visible
RV00001952,OI000019872,O00011661,U001713,P000203,3,物流很快，包装完整,0,2026-03-31 17:56:33,visible
RV00001953,OI000013381,O00007818,U003464,P001471,4,物流很快，包装完整,1,2025-01-25 04:40:21,visible
RV00001954,OI000013016,O00007614,U003065,P001426,1,质量很好，符合预期,0,2025-10-08 19:45:19,visible
RV00001955,OI000003661,O00002160,U001251,P000885,5,物流很快，包装完整,0,2025-05-02 06:05:00,visible
RV00001956,OI000014751,O00008631,U003714,P000154,4,整体满意,0,2026-02-13 14:40:19,visible
RV00001957,OI000015972,O00009370,U002838,P000333,5,物流很快，包装完整,0,2025-07-04 02:50:26,visible
RV00001958,OI000017520,O00010257,U000573,P000264,5,整体满意,0,2026-07-18 08:49:44,visible
RV00001959,OI000015317,O00008976,U004207,P000045,5,整体满意,0,2026-07-24 02:07:28,visible
RV00001960,OI000003902,O00002317,U002956,P000068,5,性价比不错,0,2025-01-23 01:10:09,visible
RV00001961,OI000006508,O00003847,U002850,P001330,5,与描述有差异,0,2025-02-15 03:19:10,visible
RV00001962,OI000014292,O00008363,U001396,P000928,5,整体满意,1,2025-09-23 00:38:07,visible
RV00001963,OI000016526,O00009686,U000343,P000305,5,物流很快，包装完整,0,2025-04-30 21:26:24,visible
RV00001964,OI000001608,O00000938,U002079,P001374,4,性价比不错,0,2025-10-22 10:24:39,visible
RV00001965,OI000001338,O00000771,U003008,P001409,4,体验一般,0,2026-06-08 12:13:57,visible
RV00001966,OI000008936,O00005266,U000807,P001158,4,与描述有差异,0,2025-06-06 11:26:16,visible
RV00001967,OI000004440,O00002635,U001238,P000610,5,质量很好，符合预期,0,2025-10-12 19:24:47,visible
RV00001968,OI000012356,O00007238,U001017,P000972,5,质量很好，符合预期,0,2025-10-07 04:05:40,visible
RV00001969,OI000014567,O00008532,U002333,P000953,4,整体满意,0,2026-01-05 19:30:14,visible
RV00001970,OI000009514,O00005615,U002561,P001422,5,与描述有差异,0,2025-12-29 05:51:46,visible
RV00001971,OI000001041,O00000596,U001123,P000186,5,性价比不错,1,2026-02-03 19:17:56,visible
RV00001972,OI000017839,O00010444,U002531,P000764,5,整体满意,0,2026-08-31 17:46:18,visible
RV00001973,OI000017103,O00010029,U001975,P000569,4,质量很好，符合预期,1,2026-08-17 09:54:07,visible
RV00001974,OI000010320,O00006072,U000407,P000875,5,整体满意,0,2025-06-06 04:09:24,visible
RV00001975,OI000015776,O00009252,U004921,P001462,5,质量很好，符合预期,1,2026-02-23 05:08:36,visible
RV00001976,OI000001396,O00000806,U003955,P000129,3,质量很好，符合预期,1,2026-01-11 07:33:39,visible
RV00001977,OI000004103,O00002444,U004729,P000633,5,质量很好，符合预期,0,2026-01-24 12:24:01,visible
RV00001978,OI000017026,O00009985,U004479,P000351,5,整体满意,0,2025-09-28 15:00:31,visible
RV00001979,OI000011629,O00006820,U004199,P000349,5,质量很好，符合预期,0,2025-05-08 04:02:19,visible
RV00001980,OI000018228,O00010681,U003575,P000543,2,质量很好，符合预期,0,2026-05-24 08:03:22,visible
RV00001981,OI000006940,O00004096,U001199,P001228,5,体验一般,0,2025-07-13 05:15:39,visible
RV00001982,OI000008206,O00004829,U002755,P001478,4,质量很好，符合预期,1,2025-04-26 05:52:10,visible
RV00001983,OI000011524,O00006753,U000224,P000636,1,物流很快，包装完整,0,2026-02-13 12:39:56,visible
RV00001984,OI000012499,O00007314,U003149,P000564,5,整体满意,0,2025-11-11 16:32:13,visible
RV00001985,OI000010959,O00006436,U001163,P000966,1,整体满意,0,2026-05-20 23:04:51,visible
RV00001986,OI000005534,O00003289,U003195,P000665,5,质量很好，符合预期,0,2026-02-23 05:58:49,visible
RV00001987,OI000010782,O00006336,U004046,P000947,5,物流很快，包装完整,0,2025-05-28 12:49:07,visible
RV00001988,OI000013375,O00007814,U003593,P000948,5,质量很好，符合预期,0,2025-09-30 21:40:33,visible
RV00001989,OI000012047,O00007049,U001842,P000182,4,质量很好，符合预期,1,2025-10-12 16:06:29,visible
RV00001990,OI000014999,O00008782,U004843,P001200,5,性价比不错,0,2026-03-24 15:21:32,visible
RV00001991,OI000010836,O00006366,U002911,P001072,4,质量很好，符合预期,0,2025-11-16 13:17:22,visible
RV00001992,OI000000010,O00000005,U004228,P000194,5,物流很快，包装完整,0,2025-10-06 00:59:15,visible
RV00001993,OI000019782,O00011606,U004663,P000006,4,物流很快，包装完整,0,2026-01-10 00:17:57,visible
RV00001994,OI000010556,O00006211,U004601,P001160,4,与描述有差异,1,2025-01-15 18:52:10,visible
RV00001995,OI000001848,O00001082,U002987,P000677,5,性价比不错,0,2025-11-18 10:19:49,visible
RV00001996,OI000003069,O00001809,U002305,P000786,5,整体满意,0,2025-11-23 05:51:40,visible
RV00001997,OI000007103,O00004193,U004431,P001134,3,物流很快，包装完整,0,2025-01-29 19:20:02,visible
RV00001998,OI000002648,O00001561,U002306,P000447,5,质量很好，符合预期,1,2025-12-02 20:08:09,visible
RV00001999,OI000002404,O00001410,U001208,P000834,5,物流很快，包装完整,1,2026-01-12 16:29:25,visible
RV00002000,OI000010389,O00006111,U003022,P000390,5,物流很快，包装完整,0,2025-05-23 12:28:35,visible
RV00002001,OI000002801,O00001652,U003020,P000968,4,性价比不错,0,2025-09-12 00:10:47,visible
RV00002002,OI000017732,O00010383,U002538,P000337,4,性价比不错,0,2026-08-25 01:10:26,visible
RV00002003,OI000005598,O00003323,U003667,P001102,4,整体满意,0,2025-11-26 10:15:14,visible
RV00002004,OI000002013,O00001191,U003232,P000191,5,性价比不错,0,2026-07-15 17:31:03,visible
RV00002005,OI000010818,O00006358,U000479,P001235,3,体验一般,0,2026-06-13 07:06:31,visible
RV00002006,OI000004906,O00002918,U003179,P000849,5,物流很快，包装完整,0,2026-08-03 13:42:49,visible
RV00002007,OI000003540,O00002091,U004552,P001242,2,性价比不错,0,2026-08-29 16:16:04,visible
RV00002008,OI000017480,O00010235,U004108,P000554,5,质量很好，符合预期,0,2026-04-02 20:13:46,visible
RV00002009,OI000001042,O00000596,U001123,P000186,5,物流很快，包装完整,0,2026-02-19 19:17:56,visible
RV00002010,OI000000740,O00000423,U000781,P000401,5,与描述有差异,0,2025-01-15 19:32:09,visible
RV00002011,OI000004201,O00002499,U002002,P000767,4,整体满意,0,2025-02-23 07:19:30,visible
RV00002012,OI000012111,O00007088,U003696,P001402,5,整体满意,0,2026-03-15 07:22:47,visible
RV00002013,OI000000259,O00000144,U002366,P000645,4,整体满意,0,2025-05-10 07:56:41,visible
RV00002014,OI000010929,O00006417,U002201,P001072,5,与描述有差异,0,2025-12-28 03:03:45,visible
RV00002015,OI000002696,O00001592,U002460,P000997,5,物流很快，包装完整,0,2025-03-28 17:07:28,visible
RV00002016,OI000012517,O00007322,U001492,P001378,5,质量很好，符合预期,0,2026-03-02 18:10:33,visible
RV00002017,OI000012530,O00007329,U002306,P000650,5,质量很好，符合预期,0,2025-03-14 18:10:13,visible
RV00002018,OI000013307,O00007779,U000759,P000064,3,体验一般,0,2026-08-14 18:08:42,visible
RV00002019,OI000004455,O00002643,U004866,P000980,5,质量很好，符合预期,0,2025-07-09 13:12:23,visible
RV00002020,OI000016318,O00009566,U002043,P001315,4,质量很好，符合预期,0,2026-04-03 02:47:45,visible
RV00002021,OI000011020,O00006470,U004968,P000428,5,质量很好，符合预期,0,2026-04-28 21:38:17,visible
RV00002022,OI000006917,O00004083,U000101,P001121,3,物流很快，包装完整,0,2025-10-13 21:32:47,visible
RV00002023,OI000012160,O00007119,U000176,P001057,5,整体满意,0,2026-06-18 08:12:13,visible
RV00002024,OI000016828,O00009871,U004356,P000675,4,整体满意,0,2026-03-05 04:07:35,visible
RV00002025,OI000016701,O00009798,U001588,P001209,5,物流很快，包装完整,0,2025-02-18 11:18:19,visible
RV00002026,OI000006096,O00003602,U004615,P000252,4,物流很快，包装完整,0,2025-08-31 12:23:26,visible
RV00002027,OI000008144,O00004788,U003710,P000451,5,物流很快，包装完整,0,2025-07-26 17:03:53,visible
RV00002028,OI000020086,O00011786,U000319,P000164,5,质量很好，符合预期,0,2026-01-04 12:25:50,visible
RV00002029,OI000008759,O00005158,U002541,P000468,4,物流很快，包装完整,0,2025-07-31 14:24:48,visible
RV00002030,OI000005497,O00003265,U002040,P000335,5,质量很好，符合预期,0,2026-02-23 20:23:34,visible
RV00002031,OI000011364,O00006664,U002113,P000001,4,整体满意,0,2026-06-29 05:50:50,visible
RV00002032,OI000003767,O00002226,U002743,P000223,3,性价比不错,0,2025-12-19 07:25:27,visible
RV00002033,OI000011958,O00006995,U004704,P000920,5,物流很快，包装完整,1,2025-02-13 08:28:29,visible
RV00002034,OI000011608,O00006806,U001568,P001247,5,物流很快，包装完整,1,2025-05-15 05:45:19,visible
RV00002035,OI000012591,O00007361,U001428,P000022,5,整体满意,0,2025-07-12 05:37:31,visible
RV00002036,OI000017430,O00010207,U004361,P000287,4,整体满意,0,2026-04-07 19:02:09,visible
RV00002037,OI000020007,O00011736,U000152,P000173,5,性价比不错,0,2025-08-29 19:18:03,visible
RV00002038,OI000003999,O00002375,U002535,P000258,4,整体满意,0,2026-06-24 22:56:39,visible
RV00002039,OI000013947,O00008165,U003331,P000261,5,性价比不错,0,2025-06-15 03:33:24,visible
RV00002040,OI000020247,O00011881,U001953,P001252,5,整体满意,0,2026-05-02 15:55:10,visible
RV00002041,OI000019742,O00011583,U003909,P000606,4,性价比不错,0,2025-09-20 05:07:26,visible
RV00002042,OI000008368,O00004928,U004751,P000817,5,质量很好，符合预期,0,2026-08-30 02:49:16,visible
RV00002043,OI000004696,O00002785,U003181,P001215,4,体验一般,0,2026-02-10 04:17:14,visible
RV00002044,OI000000317,O00000176,U003668,P000133,5,体验一般,0,2026-07-17 15:45:45,visible
RV00002045,OI000013266,O00007758,U002390,P000826,5,性价比不错,0,2025-03-19 18:03:25,visible
RV00002046,OI000000815,O00000464,U004358,P000612,3,体验一般,0,2025-06-05 20:57:03,visible
RV00002047,OI000017232,O00010102,U003754,P001256,4,性价比不错,0,2026-01-24 19:59:07,visible
RV00002048,OI000004844,O00002877,U002997,P000470,5,整体满意,1,2025-08-18 03:37:15,visible
RV00002049,OI000006723,O00003975,U000896,P000968,3,质量很好，符合预期,0,2025-08-22 21:46:57,visible
RV00002050,OI000015952,O00009359,U000980,P000870,3,体验一般,0,2025-02-24 04:15:17,visible
RV00002051,OI000014352,O00008403,U002955,P000920,5,质量很好，符合预期,1,2026-07-28 19:03:42,visible
RV00002052,OI000011655,O00006833,U002132,P000889,5,质量很好，符合预期,1,2025-01-29 02:06:13,visible
RV00002053,OI000006475,O00003827,U003810,P001054,5,整体满意,0,2026-08-27 11:21:39,visible
RV00002054,OI000019254,O00011294,U002166,P001345,2,物流很快，包装完整,0,2026-01-06 20:43:26,visible
RV00002055,OI000001822,O00001065,U000701,P000986,5,整体满意,0,2025-08-14 12:38:48,visible
RV00002056,OI000011493,O00006736,U001675,P000550,5,质量很好，符合预期,0,2025-03-04 04:04:01,visible
RV00002057,OI000006730,O00003979,U002418,P000678,5,质量很好，符合预期,1,2025-05-01 07:17:22,visible
RV00002058,OI000001819,O00001065,U000701,P000506,4,物流很快，包装完整,0,2025-08-11 12:38:48,visible
RV00002059,OI000015456,O00009059,U000628,P000250,4,整体满意,0,2025-07-08 05:09:56,visible
RV00002060,OI000004957,O00002945,U004263,P000182,5,性价比不错,0,2025-03-22 13:49:12,visible
RV00002061,OI000012650,O00007394,U000453,P001141,4,性价比不错,0,2026-03-03 00:30:44,visible
RV00002062,OI000014072,O00008237,U002123,P001246,3,物流很快，包装完整,0,2025-05-24 14:57:03,visible
RV00002063,OI000013675,O00008003,U003695,P001059,5,质量很好，符合预期,1,2026-08-05 18:26:17,visible
RV00002064,OI000001923,O00001135,U002835,P000234,5,性价比不错,0,2026-02-11 06:06:51,visible
RV00002065,OI000017387,O00010185,U001154,P000545,5,质量很好，符合预期,1,2026-08-27 22:22:00,visible
RV00002066,OI000015958,O00009362,U003705,P001220,5,整体满意,0,2026-06-28 01:12:53,visible
RV00002067,OI000013007,O00007610,U001618,P001476,5,性价比不错,0,2026-05-11 16:23:11,visible
RV00002068,OI000019965,O00011712,U003019,P000085,4,整体满意,0,2026-06-28 14:08:24,visible
RV00002069,OI000002945,O00001739,U002854,P000242,5,体验一般,0,2026-03-17 01:10:18,visible
RV00002070,OI000006621,O00003914,U003536,P001286,4,体验一般,0,2025-04-18 14:49:58,visible
RV00002071,OI000009181,O00005414,U001085,P000145,3,物流很快，包装完整,0,2026-03-23 17:10:17,visible
RV00002072,OI000019713,O00011563,U002448,P000748,4,质量很好，符合预期,0,2025-06-11 09:31:32,visible
RV00002073,OI000004593,O00002722,U000769,P000667,4,性价比不错,1,2025-09-19 19:40:28,visible
RV00002074,OI000000910,O00000520,U003193,P000458,4,物流很快，包装完整,0,2025-10-15 05:50:53,visible
RV00002075,OI000009511,O00005613,U000960,P001366,4,整体满意,0,2026-06-07 15:20:15,visible
RV00002076,OI000017626,O00010320,U000571,P000539,5,性价比不错,0,2025-10-06 09:52:28,visible
RV00002077,OI000013765,O00008057,U001924,P001169,5,质量很好，符合预期,0,2025-11-13 19:57:14,visible
RV00002078,OI000000182,O00000103,U003046,P001396,5,体验一般,0,2025-11-10 05:24:37,visible
RV00002079,OI000001486,O00000865,U004849,P000362,5,整体满意,0,2025-10-25 00:13:23,visible
RV00002080,OI000005306,O00003152,U001220,P000865,5,体验一般,0,2025-04-20 03:37:42,visible
RV00002081,OI000009533,O00005627,U001161,P000163,5,质量很好，符合预期,1,2025-01-27 17:17:58,visible
RV00002082,OI000000277,O00000155,U000035,P000196,5,整体满意,0,2025-11-12 18:42:41,hidden
RV00002083,OI000004093,O00002437,U002602,P000244,5,性价比不错,0,2025-05-02 05:28:11,visible
RV00002084,OI000013277,O00007763,U003874,P000780,5,质量很好，符合预期,0,2025-03-08 23:46:18,visible
RV00002085,OI000009302,O00005487,U002540,P001134,3,质量很好，符合预期,0,2025-08-29 03:31:16,visible
RV00002086,OI000000729,O00000418,U000483,P001121,4,性价比不错,0,2025-04-03 00:16:45,visible
RV00002087,OI000010285,O00006052,U003996,P000525,5,与描述有差异,0,2025-01-16 10:19:51,visible
RV00002088,OI000013898,O00008136,U001460,P000353,5,物流很快，包装完整,0,2025-06-08 11:52:16,visible
RV00002089,OI000012349,O00007233,U002073,P000871,5,整体满意,0,2026-04-12 02:57:12,visible
RV00002090,OI000003491,O00002061,U001000,P001464,5,物流很快，包装完整,1,2026-06-03 18:43:45,visible
RV00002091,OI000018721,O00010970,U002158,P000261,5,性价比不错,0,2025-05-15 20:42:28,visible
RV00002092,OI000012990,O00007601,U000183,P000196,5,物流很快，包装完整,0,2025-10-18 02:36:22,visible
RV00002093,OI000005819,O00003445,U001075,P000381,5,物流很快，包装完整,0,2025-01-28 03:51:39,visible
RV00002094,OI000001322,O00000761,U004293,P001419,4,质量很好，符合预期,0,2025-02-20 17:08:33,visible
RV00002095,OI000019396,O00011380,U000580,P000234,1,整体满意,0,2026-01-13 16:57:40,visible
RV00002096,OI000016513,O00009677,U001696,P000654,4,物流很快，包装完整,0,2026-03-11 13:34:49,visible
RV00002097,OI000004397,O00002612,U003890,P000708,5,体验一般,0,2025-10-24 16:05:54,visible
RV00002098,OI000018605,O00010910,U002527,P000415,4,整体满意,1,2026-03-11 18:46:49,visible
RV00002099,OI000012548,O00007341,U004658,P001473,4,整体满意,0,2026-05-20 09:25:11,visible
RV00002100,OI000013609,O00007959,U003294,P000625,4,质量很好，符合预期,0,2026-03-13 19:56:43,visible
RV00002101,OI000009702,O00005719,U003035,P001405,4,整体满意,0,2025-12-05 19:35:27,visible
RV00002102,OI000015804,O00009269,U000750,P001016,5,质量很好，符合预期,0,2026-05-20 11:16:28,visible
RV00002103,OI000000394,O00000227,U004900,P000162,3,与描述有差异,1,2025-11-23 16:20:39,visible
RV00002104,OI000005847,O00003460,U003854,P000284,4,整体满意,0,2026-04-09 01:46:47,visible
RV00002105,OI000019558,O00011475,U003820,P000694,1,质量很好，符合预期,0,2025-02-15 09:21:15,visible
RV00002106,OI000007894,O00004647,U003086,P001147,5,质量很好，符合预期,0,2025-03-20 17:36:35,visible
RV00002107,OI000003353,O00001977,U003835,P000533,5,与描述有差异,0,2025-08-20 00:08:48,visible
RV00002108,OI000006965,O00004111,U003841,P001081,5,与描述有差异,0,2025-07-18 14:42:16,visible
RV00002109,OI000018810,O00011027,U000763,P000164,5,质量很好，符合预期,0,2025-08-29 20:59:11,visible
RV00002110,OI000014741,O00008627,U004816,P000060,5,整体满意,0,2025-07-29 02:27:55,visible
RV00002111,OI000003336,O00001965,U000150,P000126,4,质量很好，符合预期,0,2026-08-23 15:27:11,visible
RV00002112,OI000003607,O00002127,U004360,P001212,1,性价比不错,0,2025-07-22 18:27:22,visible
RV00002113,OI000010946,O00006427,U001133,P001487,5,物流很快，包装完整,0,2025-11-02 00:36:22,visible
RV00002114,OI000019464,O00011416,U003474,P001443,4,整体满意,0,2025-07-16 23:53:27,visible
RV00002115,OI000018339,O00010751,U000974,P001394,5,质量很好，符合预期,0,2026-09-05 06:42:44,visible
RV00002116,OI000014678,O00008590,U002998,P000443,5,质量很好，符合预期,0,2025-09-20 20:35:55,visible
RV00002117,OI000016278,O00009543,U000076,P000662,5,物流很快，包装完整,1,2026-01-09 12:10:52,visible
RV00002118,OI000008960,O00005282,U001195,P000625,4,体验一般,0,2026-03-25 02:29:45,visible
RV00002119,OI000015950,O00009357,U002734,P000578,5,整体满意,0,2025-07-11 08:40:44,visible
RV00002120,OI000000343,O00000192,U003056,P001395,5,性价比不错,1,2025-03-21 04:42:20,visible
RV00002121,OI000017834,O00010441,U003967,P000452,5,整体满意,0,2025-05-14 11:37:34,visible
RV00002122,OI000000080,O00000048,U001135,P000621,5,质量很好，符合预期,0,2025-12-29 10:17:38,visible
RV00002123,OI000001483,O00000863,U003793,P000728,4,质量很好，符合预期,0,2026-01-09 00:37:07,visible
RV00002124,OI000010597,O00006233,U004699,P000194,3,物流很快，包装完整,0,2025-01-16 07:38:50,visible
RV00002125,OI000002804,O00001653,U001115,P000795,5,性价比不错,0,2026-02-21 23:10:43,visible
RV00002126,OI000008915,O00005252,U003255,P000608,5,体验一般,0,2025-09-08 15:45:55,visible
RV00002127,OI000013866,O00008115,U001051,P000396,5,体验一般,1,2025-11-20 14:28:27,visible
RV00002128,OI000008063,O00004744,U004912,P000703,5,物流很快，包装完整,0,2025-04-06 06:02:00,visible
RV00002129,OI000018432,O00010804,U004924,P000134,5,整体满意,0,2025-12-22 14:46:46,visible
RV00002130,OI000018020,O00010556,U001095,P000730,5,质量很好，符合预期,0,2025-04-02 22:08:15,visible
RV00002131,OI000008437,O00004968,U002760,P000937,5,性价比不错,0,2025-03-16 13:14:59,visible
RV00002132,OI000017415,O00010201,U004635,P000506,4,整体满意,0,2025-04-22 01:12:58,visible
RV00002133,OI000010563,O00006215,U001125,P001116,4,物流很快，包装完整,0,2026-09-11 19:23:37,visible
RV00002134,OI000002540,O00001494,U001962,P001033,4,质量很好，符合预期,0,2025-04-13 19:42:36,visible
RV00002135,OI000015826,O00009284,U000606,P000221,5,物流很快，包装完整,0,2025-01-19 14:15:21,visible
RV00002136,OI000007842,O00004619,U002873,P000958,1,质量很好，符合预期,0,2025-08-03 03:04:20,visible
RV00002137,OI000011884,O00006957,U000619,P000865,5,与描述有差异,0,2025-09-08 19:42:18,visible
RV00002138,OI000014100,O00008253,U000446,P000857,4,性价比不错,0,2025-10-15 05:44:57,visible
RV00002139,OI000010963,O00006438,U004586,P000545,4,整体满意,0,2025-12-03 08:03:32,visible
RV00002140,OI000016356,O00009587,U001487,P000127,4,整体满意,0,2026-07-19 08:30:01,visible
RV00002141,OI000017697,O00010363,U001328,P001163,4,整体满意,0,2025-02-13 23:03:54,visible
RV00002142,OI000013371,O00007812,U002062,P000107,5,体验一般,0,2025-09-27 17:22:47,visible
RV00002143,OI000009045,O00005340,U002048,P000618,5,体验一般,0,2025-08-08 22:04:44,visible
RV00002144,OI000014263,O00008348,U002343,P000090,4,物流很快，包装完整,0,2026-08-13 04:47:22,visible
RV00002145,OI000014019,O00008210,U000879,P001321,5,质量很好，符合预期,0,2025-11-25 13:30:26,visible
RV00002146,OI000020114,O00011800,U000598,P000821,1,与描述有差异,1,2026-05-23 10:23:43,visible
RV00002147,OI000013273,O00007762,U002599,P000994,5,整体满意,0,2025-07-14 21:45:39,visible
RV00002148,OI000009936,O00005853,U001749,P000286,4,性价比不错,0,2025-03-26 22:55:36,visible
RV00002149,OI000000441,O00000254,U003170,P000096,5,物流很快，包装完整,0,2025-07-30 18:13:38,visible
RV00002150,OI000019589,O00011491,U004872,P000634,5,与描述有差异,0,2025-03-27 18:58:59,visible
RV00002151,OI000001101,O00000626,U002115,P001011,5,物流很快，包装完整,0,2025-11-12 20:14:28,visible
RV00002152,OI000016558,O00009708,U003724,P000778,5,物流很快，包装完整,0,2025-05-30 08:09:44,visible
RV00002153,OI000016645,O00009764,U004957,P001020,5,质量很好，符合预期,0,2025-11-22 06:10:15,visible
RV00002154,OI000016916,O00009922,U001773,P001379,3,整体满意,0,2025-10-05 07:35:52,visible
RV00002155,OI000017736,O00010384,U004030,P001054,5,质量很好，符合预期,0,2025-04-27 20:06:01,visible
RV00002156,OI000015380,O00009015,U001826,P001141,4,物流很快，包装完整,0,2026-02-06 23:20:43,visible
RV00002157,OI000005171,O00003076,U000146,P000668,4,质量很好，符合预期,0,2026-06-09 23:40:32,visible
RV00002158,OI000018795,O00011019,U004628,P001110,4,质量很好，符合预期,0,2026-01-16 14:41:02,visible
RV00002159,OI000009592,O00005657,U003971,P000056,2,质量很好，符合预期,0,2025-10-15 02:17:36,visible
RV00002160,OI000013919,O00008147,U003803,P000196,4,质量很好，符合预期,0,2025-09-24 02:33:00,visible
RV00002161,OI000008506,O00005007,U000117,P000551,3,性价比不错,0,2025-05-26 06:17:28,visible
RV00002162,OI000020373,O00011949,U000646,P000592,5,整体满意,0,2026-05-07 19:13:14,visible
RV00002163,OI000002977,O00001755,U004467,P000878,5,质量很好，符合预期,0,2025-05-19 05:12:32,visible
RV00002164,OI000012363,O00007241,U003543,P000989,5,整体满意,0,2026-06-15 02:18:26,visible
RV00002165,OI000002636,O00001556,U000974,P001446,5,性价比不错,1,2026-01-04 13:15:25,visible
RV00002166,OI000011955,O00006992,U004232,P001390,5,质量很好，符合预期,0,2025-10-13 09:20:42,visible
RV00002167,OI000000653,O00000375,U003506,P000917,5,物流很快，包装完整,0,2025-07-20 15:09:15,visible
RV00002168,OI000008314,O00004896,U003757,P000268,5,质量很好，符合预期,0,2026-08-21 13:33:01,visible
RV00002169,OI000008014,O00004709,U003865,P000074,5,物流很快，包装完整,1,2025-11-30 17:43:19,visible
RV00002170,OI000014549,O00008522,U003776,P000166,4,质量很好，符合预期,0,2025-12-07 14:23:10,visible
RV00002171,OI000015397,O00009028,U000073,P000813,5,整体满意,0,2026-06-28 18:49:55,visible
RV00002172,OI000019467,O00011418,U002808,P001175,5,与描述有差异,0,2025-10-16 17:52:22,visible
RV00002173,OI000004505,O00002673,U002605,P001294,4,物流很快，包装完整,0,2025-11-30 04:11:07,visible
RV00002174,OI000002506,O00001478,U001220,P001144,5,质量很好，符合预期,0,2025-02-19 14:09:08,visible
RV00002175,OI000014702,O00008606,U001684,P000471,5,体验一般,1,2026-02-09 11:56:10,visible
RV00002176,OI000015465,O00009063,U003981,P000776,4,质量很好，符合预期,0,2025-03-14 23:49:43,visible
RV00002177,OI000005731,O00003397,U004908,P000082,5,物流很快，包装完整,0,2025-11-08 10:22:54,visible
RV00002178,OI000000210,O00000118,U004775,P000476,3,物流很快，包装完整,0,2026-05-30 06:01:01,visible
RV00002179,OI000009326,O00005497,U004381,P001346,4,体验一般,0,2026-04-27 16:24:33,visible
RV00002180,OI000008927,O00005260,U004829,P001440,5,性价比不错,0,2026-04-23 18:41:58,visible
RV00002181,OI000013389,O00007823,U000443,P001415,4,性价比不错,0,2025-11-03 19:26:32,visible
RV00002182,OI000012634,O00007387,U001649,P001261,4,质量很好，符合预期,0,2025-09-21 21:18:46,visible
RV00002183,OI000015225,O00008926,U004229,P000972,4,质量很好，符合预期,0,2026-06-24 10:57:31,visible
RV00002184,OI000001179,O00000675,U000562,P000756,5,整体满意,0,2025-04-23 18:22:21,visible
RV00002185,OI000018886,O00011073,U002703,P000394,5,质量很好，符合预期,0,2025-03-31 04:49:37,visible
RV00002186,OI000005137,O00003061,U002142,P001298,2,性价比不错,0,2026-08-04 00:12:27,visible
RV00002187,OI000013984,O00008187,U002264,P001005,5,整体满意,0,2026-05-14 16:46:54,visible
RV00002188,OI000007984,O00004695,U003590,P001325,4,质量很好，符合预期,0,2026-07-04 09:57:27,visible
RV00002189,OI000012705,O00007427,U004006,P000482,4,整体满意,0,2026-02-26 01:54:20,visible
RV00002190,OI000004910,O00002920,U003813,P000368,4,整体满意,0,2026-07-01 20:05:12,visible
RV00002191,OI000004197,O00002498,U002359,P001370,5,性价比不错,0,2025-10-31 10:00:44,visible
RV00002192,OI000019316,O00011330,U004616,P001421,5,质量很好，符合预期,0,2026-03-07 00:37:32,visible
RV00002193,OI000010244,O00006026,U003487,P001139,5,质量很好，符合预期,0,2026-01-20 04:09:52,visible
RV00002194,OI000013999,O00008196,U002407,P001187,5,物流很快，包装完整,0,2025-10-21 20:18:01,visible
RV00002195,OI000005083,O00003027,U000289,P000881,5,性价比不错,0,2025-06-10 08:49:51,visible
RV00002196,OI000005702,O00003381,U002615,P000446,4,物流很快，包装完整,1,2025-02-27 08:24:02,visible
RV00002197,OI000016081,O00009427,U003103,P001427,3,质量很好，符合预期,0,2025-11-14 01:54:09,visible
RV00002198,OI000009180,O00005414,U001085,P001425,5,质量很好，符合预期,0,2026-03-05 17:10:17,hidden
RV00002199,OI000004349,O00002583,U003346,P000662,5,性价比不错,0,2026-01-13 20:46:54,visible
RV00002200,OI000016836,O00009876,U004954,P000281,5,质量很好，符合预期,0,2025-07-15 09:15:54,visible
RV00002201,OI000017440,O00010212,U004851,P000289,3,质量很好，符合预期,0,2025-12-20 04:22:59,visible
RV00002202,OI000019773,O00011602,U002240,P001007,5,物流很快，包装完整,0,2026-08-06 07:10:43,visible
RV00002203,OI000013367,O00007810,U001569,P000431,4,物流很快，包装完整,0,2026-03-04 08:42:15,visible
RV00002204,OI000001214,O00000696,U003460,P001301,5,与描述有差异,0,2025-10-16 09:31:05,visible
RV00002205,OI000002370,O00001389,U001946,P001328,5,质量很好，符合预期,0,2025-02-21 02:33:18,visible
RV00002206,OI000012782,O00007484,U003530,P000692,5,与描述有差异,0,2025-08-28 10:10:51,visible
RV00002207,OI000000800,O00000458,U004137,P000641,5,质量很好，符合预期,0,2025-08-15 17:18:59,visible
RV00002208,OI000015642,O00009173,U000467,P000252,5,质量很好，符合预期,0,2026-01-09 03:37:49,visible
RV00002209,OI000008389,O00004937,U001085,P000500,5,质量很好，符合预期,0,2026-08-15 21:49:54,visible
RV00002210,OI000018548,O00010874,U000150,P000324,5,整体满意,0,2026-08-16 22:16:28,visible
RV00002211,OI000018720,O00010970,U002158,P000261,4,体验一般,0,2025-05-16 20:42:28,visible
RV00002212,OI000001959,O00001160,U000960,P000809,5,整体满意,0,2025-02-05 13:28:47,visible
RV00002213,OI000016849,O00009882,U001160,P000983,2,质量很好，符合预期,0,2026-01-30 01:32:38,visible
RV00002214,OI000007609,O00004488,U001050,P000668,5,性价比不错,0,2026-04-20 04:08:13,visible
RV00002215,OI000020433,O00011983,U000804,P000689,4,性价比不错,0,2025-09-07 03:10:07,visible
RV00002216,OI000008370,O00004929,U004131,P001352,4,体验一般,0,2025-11-09 01:49:17,visible
RV00002217,OI000016677,O00009782,U001455,P001114,3,质量很好，符合预期,1,2025-03-10 10:28:23,visible
RV00002218,OI000014849,O00008690,U002588,P001096,5,性价比不错,0,2026-06-27 21:08:45,visible
RV00002219,OI000012291,O00007197,U000173,P001266,4,质量很好，符合预期,0,2026-04-30 19:34:20,visible
RV00002220,OI000005962,O00003532,U003757,P001478,3,质量很好，符合预期,0,2025-05-03 13:48:15,visible
RV00002221,OI000006034,O00003567,U001783,P000671,5,性价比不错,0,2025-03-31 09:45:45,visible
RV00002222,OI000006213,O00003671,U004069,P001337,5,整体满意,0,2026-06-22 11:42:41,visible
RV00002223,OI000002255,O00001322,U002251,P000026,5,性价比不错,0,2025-03-27 05:21:17,visible
RV00002224,OI000014768,O00008642,U002363,P001458,5,整体满意,0,2025-03-01 12:50:11,visible
RV00002225,OI000006718,O00003973,U000324,P000108,5,体验一般,0,2025-11-06 16:02:19,visible
RV00002226,OI000018106,O00010609,U000919,P000454,4,物流很快，包装完整,0,2026-07-19 15:07:45,visible
RV00002227,OI000009254,O00005455,U003693,P000619,4,性价比不错,1,2025-04-26 18:13:33,visible
RV00002228,OI000018065,O00010584,U004503,P000774,4,整体满意,0,2025-12-08 14:56:55,visible
RV00002229,OI000007152,O00004220,U003262,P001119,5,物流很快，包装完整,0,2025-03-28 08:57:52,visible
RV00002230,OI000004812,O00002855,U002582,P000162,4,与描述有差异,1,2025-06-05 22:13:42,visible
RV00002231,OI000006497,O00003841,U002974,P000727,5,体验一般,0,2025-08-28 20:13:18,visible
RV00002232,OI000007529,O00004440,U003803,P001490,5,物流很快，包装完整,1,2025-02-08 18:16:39,visible
RV00002233,OI000019741,O00011582,U004600,P000297,5,物流很快，包装完整,0,2025-02-11 08:25:47,visible
RV00002234,OI000013089,O00007655,U001017,P000572,5,物流很快，包装完整,0,2025-03-05 13:28:40,visible
RV00002235,OI000012622,O00007381,U002341,P000628,5,质量很好，符合预期,0,2026-05-08 07:00:19,visible
RV00002236,OI000013076,O00007649,U004184,P000117,1,物流很快，包装完整,0,2025-10-05 08:19:00,visible
RV00002237,OI000004500,O00002669,U000053,P000508,5,物流很快，包装完整,0,2025-12-24 07:19:52,visible
RV00002238,OI000001879,O00001104,U001570,P000634,5,整体满意,0,2026-06-28 19:23:07,hidden
RV00002239,OI000013992,O00008191,U000351,P000421,5,体验一般,0,2026-04-28 19:33:09,visible
RV00002240,OI000014400,O00008432,U004409,P000857,1,质量很好，符合预期,0,2026-02-14 10:19:53,visible
RV00002241,OI000016090,O00009433,U004122,P000705,5,性价比不错,1,2026-05-11 22:48:35,visible
RV00002242,OI000012410,O00007265,U003303,P000420,5,体验一般,0,2026-05-15 03:32:49,visible
RV00002243,OI000017919,O00010495,U001953,P000892,4,物流很快，包装完整,0,2025-06-06 13:16:53,visible
RV00002244,OI000007343,O00004333,U003345,P000828,5,物流很快，包装完整,0,2025-06-15 10:37:54,visible
RV00002245,OI000002354,O00001379,U003910,P000028,5,整体满意,1,2025-11-02 20:57:49,visible
RV00002246,OI000017444,O00010213,U000080,P000192,5,整体满意,0,2026-06-01 22:30:50,visible
RV00002247,OI000018920,O00011092,U001609,P001066,5,性价比不错,0,2026-04-16 12:17:17,visible
RV00002248,OI000009662,O00005699,U003655,P000854,5,整体满意,0,2025-03-31 05:21:59,visible
RV00002249,OI000019015,O00011152,U002616,P001307,5,物流很快，包装完整,0,2026-03-28 15:14:11,visible
RV00002250,OI000002079,O00001230,U000470,P000779,2,性价比不错,0,2026-04-01 03:09:50,visible
RV00002251,OI000003813,O00002254,U001266,P001128,5,物流很快，包装完整,0,2025-04-30 01:33:10,visible
RV00002252,OI000015505,O00009087,U001912,P000978,5,质量很好，符合预期,0,2025-11-04 15:06:00,visible
RV00002253,OI000019055,O00011174,U004914,P000709,4,质量很好，符合预期,0,2026-03-20 21:42:26,visible
RV00002254,OI000007636,O00004509,U000104,P001129,5,物流很快，包装完整,0,2026-03-23 17:59:09,visible
RV00002255,OI000009192,O00005419,U003716,P001137,3,整体满意,0,2026-06-21 18:34:38,visible
RV00002256,OI000016314,O00009563,U004875,P001294,5,物流很快，包装完整,0,2026-02-20 10:35:51,visible
RV00002257,OI000007235,O00004270,U001013,P000465,5,质量很好，符合预期,0,2026-04-17 13:34:01,visible
RV00002258,OI000000475,O00000274,U001197,P000376,3,体验一般,0,2025-10-20 14:22:02,visible
RV00002259,OI000013247,O00007747,U001725,P000292,5,性价比不错,0,2025-06-25 23:39:16,visible
RV00002260,OI000000103,O00000063,U002167,P000130,4,与描述有差异,0,2026-03-04 09:32:54,visible
RV00002261,OI000011518,O00006751,U000701,P000519,5,质量很好，符合预期,0,2025-09-28 18:42:56,visible
RV00002262,OI000009753,O00005750,U001605,P000779,4,体验一般,0,2025-12-31 14:17:11,visible
RV00002263,OI000006667,O00003940,U001362,P001471,5,质量很好，符合预期,0,2025-03-30 18:49:26,visible
RV00002264,OI000018014,O00010553,U002607,P000959,4,性价比不错,0,2026-05-30 06:44:42,visible
RV00002265,OI000006300,O00003726,U001261,P000589,4,整体满意,0,2025-06-25 06:26:45,visible
RV00002266,OI000010682,O00006278,U004729,P001007,5,整体满意,0,2025-09-12 06:28:18,visible
RV00002267,OI000015280,O00008954,U001871,P000148,5,整体满意,0,2025-03-25 05:41:54,visible
RV00002268,OI000019799,O00011618,U001948,P001003,5,物流很快，包装完整,0,2025-06-27 19:10:37,visible
RV00002269,OI000004840,O00002874,U003808,P000673,5,整体满意,0,2026-08-24 04:45:47,visible
RV00002270,OI000009855,O00005806,U000412,P000558,4,质量很好，符合预期,0,2025-06-13 13:58:39,visible
RV00002271,OI000018284,O00010716,U000309,P000302,3,物流很快，包装完整,0,2025-07-10 05:33:12,visible
RV00002272,OI000003998,O00002375,U002535,P000898,4,质量很好，符合预期,0,2026-06-24 22:56:39,visible
RV00002273,OI000014618,O00008558,U000528,P000744,5,体验一般,0,2025-08-10 03:33:19,visible
RV00002274,OI000020350,O00011936,U003860,P001278,5,体验一般,0,2026-07-02 12:36:46,visible
RV00002275,OI000006199,O00003665,U000094,P001326,5,体验一般,1,2026-01-28 01:12:40,visible
RV00002276,OI000017713,O00010371,U003728,P000312,5,质量很好，符合预期,0,2025-11-12 11:44:52,visible
RV00002277,OI000008919,O00005254,U002828,P000516,4,质量很好，符合预期,0,2025-08-03 06:14:43,visible
RV00002278,OI000016216,O00009508,U003586,P000960,5,性价比不错,0,2025-01-29 02:58:07,visible
RV00002279,OI000015167,O00008891,U002300,P001443,5,质量很好，符合预期,0,2026-01-12 03:29:23,visible
RV00002280,OI000001474,O00000855,U003168,P000340,5,物流很快，包装完整,0,2025-12-01 00:04:22,visible
RV00002281,OI000000945,O00000541,U000288,P000794,4,质量很好，符合预期,0,2026-05-10 21:23:41,visible
RV00002282,OI000001435,O00000830,U000511,P000435,4,性价比不错,0,2025-08-06 05:22:50,visible
RV00002283,OI000009591,O00005657,U003971,P000056,5,性价比不错,0,2025-10-18 02:17:36,visible
RV00002284,OI000005503,O00003268,U004692,P000128,5,整体满意,0,2025-04-20 23:48:28,visible
RV00002285,OI000000932,O00000533,U000588,P000175,5,性价比不错,0,2025-08-03 21:23:51,visible
RV00002286,OI000002353,O00001378,U004813,P000154,5,物流很快，包装完整,0,2025-07-18 20:56:19,visible
RV00002287,OI000014160,O00008288,U000029,P001375,4,性价比不错,0,2025-05-17 19:21:51,visible
RV00002288,OI000010619,O00006248,U003396,P000495,5,体验一般,0,2025-06-08 23:16:12,visible
RV00002289,OI000010895,O00006398,U003072,P001154,4,性价比不错,0,2025-04-12 03:29:04,visible
RV00002290,OI000008410,O00004949,U002483,P000174,4,体验一般,0,2026-06-26 11:39:12,visible
RV00002291,OI000013345,O00007800,U001838,P000704,2,物流很快，包装完整,1,2026-09-17 05:25:42,visible
RV00002292,OI000009420,O00005558,U001332,P000454,5,质量很好，符合预期,0,2025-11-18 15:17:25,visible
RV00002293,OI000015067,O00008824,U001893,P000842,3,质量很好，符合预期,0,2025-06-15 10:02:09,visible
RV00002294,OI000014872,O00008703,U004915,P001341,3,性价比不错,0,2025-04-18 03:50:33,visible
RV00002295,OI000003213,O00001890,U004892,P000528,4,性价比不错,0,2026-02-10 07:41:21,visible
RV00002296,OI000006757,O00003992,U004424,P000334,5,体验一般,0,2025-08-16 23:07:02,visible
RV00002297,OI000003081,O00001813,U000973,P000275,5,物流很快，包装完整,0,2026-04-21 06:22:39,visible
RV00002298,OI000012606,O00007372,U003295,P000395,5,物流很快，包装完整,0,2025-03-28 01:15:25,visible
RV00002299,OI000020460,O00012000,U004992,P000987,1,质量很好，符合预期,0,2025-03-24 09:13:33,visible
RV00002300,OI000004233,O00002516,U001742,P000872,4,质量很好，符合预期,0,2025-09-15 11:25:20,visible
RV00002301,OI000006123,O00003616,U003654,P001463,4,质量很好，符合预期,0,2026-06-29 14:22:33,visible
RV00002302,OI000013369,O00007811,U001576,P000792,3,物流很快，包装完整,0,2025-10-14 08:44:23,visible
RV00002303,OI000011436,O00006706,U000248,P001075,5,物流很快，包装完整,0,2026-02-14 05:29:16,visible
RV00002304,OI000006641,O00003926,U000536,P000722,5,质量很好，符合预期,0,2026-05-09 11:11:03,visible
RV00002305,OI000013636,O00007978,U001298,P001055,2,整体满意,1,2025-02-18 09:30:19,visible
RV00002306,OI000010032,O00005901,U004089,P000809,5,整体满意,1,2025-07-28 20:42:14,visible
RV00002307,OI000008751,O00005152,U001565,P001120,3,物流很快，包装完整,0,2025-12-28 13:06:58,visible
RV00002308,OI000007219,O00004259,U003426,P000064,4,体验一般,0,2025-08-30 14:57:16,visible
RV00002309,OI000006753,O00003991,U002371,P000273,5,与描述有差异,1,2025-03-08 22:28:29,visible
RV00002310,OI000009553,O00005638,U002985,P000478,1,性价比不错,0,2026-07-16 14:18:30,visible
RV00002311,OI000009441,O00005571,U002522,P000220,1,质量很好，符合预期,0,2025-07-22 04:24:41,visible
RV00002312,OI000019425,O00011395,U003690,P001003,5,性价比不错,0,2026-07-31 17:30:04,visible
RV00002313,OI000019466,O00011418,U002808,P001015,5,整体满意,0,2025-10-09 17:52:22,visible
RV00002314,OI000010294,O00006057,U000256,P000858,5,整体满意,0,2025-10-30 12:27:38,visible
RV00002315,OI000002558,O00001506,U004855,P001452,5,性价比不错,0,2025-12-18 20:16:59,visible
RV00002316,OI000004865,O00002893,U003708,P001125,5,质量很好，符合预期,0,2025-09-28 05:29:53,visible
RV00002317,OI000016498,O00009669,U002915,P000228,4,性价比不错,0,2026-08-23 17:34:19,visible
RV00002318,OI000007327,O00004324,U004544,P000213,4,性价比不错,0,2026-03-30 22:34:53,visible
RV00002319,OI000003124,O00001842,U002840,P000177,5,与描述有差异,0,2025-06-20 01:36:35,visible
RV00002320,OI000015604,O00009149,U001656,P001341,1,性价比不错,0,2025-12-02 02:09:27,visible
RV00002321,OI000012404,O00007262,U000280,P000857,4,性价比不错,0,2025-01-12 23:55:52,visible
RV00002322,OI000002162,O00001272,U001901,P000771,5,整体满意,0,2025-04-08 21:11:08,visible
RV00002323,OI000001231,O00000707,U003694,P000206,5,物流很快，包装完整,0,2025-05-06 10:42:32,visible
RV00002324,OI000008581,O00005049,U002367,P000835,5,体验一般,0,2026-08-06 13:41:22,visible
RV00002325,OI000013608,O00007958,U003513,P000382,5,物流很快，包装完整,0,2026-06-21 06:26:12,visible
RV00002326,OI000003233,O00001902,U001598,P000909,4,物流很快，包装完整,1,2026-05-12 15:24:47,visible
RV00002327,OI000015388,O00009022,U004290,P000349,5,物流很快，包装完整,1,2025-08-03 14:09:08,visible
RV00002328,OI000009298,O00005484,U004059,P000395,4,整体满意,0,2025-11-28 05:37:16,visible
RV00002329,OI000000516,O00000298,U002960,P001117,5,物流很快，包装完整,0,2025-05-13 06:58:19,visible
RV00002330,OI000001272,O00000732,U004725,P000992,4,质量很好，符合预期,0,2025-11-10 18:32:21,visible
RV00002331,OI000012881,O00007542,U001883,P000556,5,体验一般,0,2026-05-28 17:25:45,visible
RV00002332,OI000003847,O00002280,U000378,P000051,2,体验一般,0,2025-02-24 00:55:47,visible
RV00002333,OI000018115,O00010614,U002047,P001434,5,质量很好，符合预期,0,2025-01-28 01:50:03,visible
RV00002334,OI000002122,O00001254,U000853,P000393,5,性价比不错,0,2025-05-04 13:50:07,visible
RV00002335,OI000006950,O00004102,U000384,P000396,4,性价比不错,0,2025-06-28 02:09:13,visible
RV00002336,OI000009720,O00005728,U001944,P000258,2,性价比不错,0,2026-05-21 13:31:29,visible
RV00002337,OI000015379,O00009015,U001826,P001461,5,性价比不错,0,2026-02-23 23:20:43,visible
RV00002338,OI000010847,O00006370,U004459,P000088,5,性价比不错,0,2026-06-05 04:38:26,visible
RV00002339,OI000017238,O00010104,U004378,P000344,5,质量很好，符合预期,0,2025-05-09 01:10:52,visible
RV00002340,OI000019860,O00011654,U001931,P001305,5,性价比不错,1,2025-06-14 21:40:33,visible
RV00002341,OI000014580,O00008538,U003226,P000224,5,质量很好，符合预期,0,2026-08-11 05:40:52,visible
RV00002342,OI000009825,O00005786,U004839,P000930,5,性价比不错,0,2026-01-31 06:33:54,visible
RV00002343,OI000002195,O00001291,U000503,P000499,4,体验一般,0,2026-05-22 09:54:47,visible
RV00002344,OI000016687,O00009789,U000697,P000453,4,整体满意,0,2025-04-03 19:44:21,visible
RV00002345,OI000013150,O00007692,U001770,P001360,5,性价比不错,0,2026-01-09 18:18:10,visible
RV00002346,OI000019184,O00011252,U003245,P001226,4,质量很好，符合预期,1,2026-05-11 20:01:21,visible
RV00002347,OI000010575,O00006223,U004626,P001085,5,体验一般,0,2026-08-24 12:44:44,visible
RV00002348,OI000003817,O00002257,U001609,P000864,5,体验一般,0,2026-06-20 21:12:00,visible
RV00002349,OI000014737,O00008625,U002439,P000544,5,整体满意,0,2025-07-16 20:05:06,visible
RV00002350,OI000000057,O00000034,U002171,P001313,2,性价比不错,0,2026-03-17 21:58:31,visible
RV00002351,OI000015091,O00008841,U004058,P001362,5,整体满意,0,2025-05-14 09:35:55,visible
RV00002352,OI000017900,O00010481,U001632,P000229,5,性价比不错,0,2025-10-10 02:09:38,visible
RV00002353,OI000019494,O00011434,U000360,P000411,4,整体满意,0,2026-07-19 04:30:00,visible
RV00002354,OI000014203,O00008316,U001586,P000193,5,整体满意,0,2026-01-04 15:47:57,visible
RV00002355,OI000019148,O00011231,U000798,P000229,5,整体满意,0,2025-04-30 15:30:16,visible
RV00002356,OI000010469,O00006160,U003564,P000156,5,整体满意,0,2025-02-27 12:02:59,visible
RV00002357,OI000017346,O00010160,U002302,P000387,1,质量很好，符合预期,0,2026-01-20 11:58:47,visible
RV00002358,OI000014191,O00008307,U000097,P000650,3,质量很好，符合预期,0,2025-03-15 07:17:43,visible
RV00002359,OI000015837,O00009289,U000850,P000188,5,与描述有差异,0,2025-07-13 15:38:51,visible
RV00002360,OI000011235,O00006594,U004996,P001090,5,质量很好，符合预期,0,2026-05-04 10:10:01,visible
RV00002361,OI000004070,O00002421,U000290,P001044,1,整体满意,0,2025-08-11 01:41:45,visible
RV00002362,OI000017623,O00010317,U001452,P000875,4,质量很好，符合预期,0,2025-01-27 00:35:54,visible
RV00002363,OI000019229,O00011280,U004595,P000102,5,性价比不错,0,2025-11-10 16:57:22,visible
RV00002364,OI000006126,O00003619,U001585,P000431,5,质量很好，符合预期,0,2025-12-28 06:18:33,visible
RV00002365,OI000002349,O00001375,U000109,P000358,3,与描述有差异,0,2025-08-30 03:08:43,visible
RV00002366,OI000008747,O00005151,U002050,P000464,5,质量很好，符合预期,0,2026-06-07 12:22:26,visible
RV00002367,OI000004806,O00002852,U003732,P000288,5,性价比不错,1,2026-06-09 01:44:00,visible
RV00002368,OI000010680,O00006277,U002787,P000789,5,质量很好，符合预期,0,2026-03-31 05:55:23,visible
RV00002369,OI000002294,O00001343,U001103,P001466,5,整体满意,1,2025-09-09 16:32:53,visible
RV00002370,OI000016455,O00009643,U000857,P001087,5,物流很快，包装完整,0,2026-01-26 07:38:45,visible
RV00002371,OI000010518,O00006192,U002028,P000648,3,体验一般,0,2025-06-01 04:36:19,visible
RV00002372,OI000001405,O00000812,U004795,P001344,5,与描述有差异,0,2025-02-27 05:31:25,visible
RV00002373,OI000001046,O00000599,U004626,P000779,5,质量很好，符合预期,0,2026-08-09 11:36:32,visible
RV00002374,OI000013246,O00007746,U001290,P000257,5,体验一般,1,2025-09-20 05:09:18,visible
RV00002375,OI000013050,O00007635,U004529,P000557,5,与描述有差异,0,2025-02-27 17:07:36,visible
RV00002376,OI000014758,O00008636,U004939,P001193,5,物流很快，包装完整,0,2026-04-20 03:15:01,visible
RV00002377,OI000013209,O00007726,U001807,P000830,5,质量很好，符合预期,0,2025-11-05 11:24:11,visible
RV00002378,OI000015670,O00009188,U001296,P000471,2,物流很快，包装完整,0,2026-01-31 20:01:32,visible
RV00002379,OI000010471,O00006162,U004811,P000292,4,物流很快，包装完整,0,2026-03-31 21:34:13,visible
RV00002380,OI000019932,O00011695,U002776,P000706,5,性价比不错,0,2026-07-25 05:38:35,visible
RV00002381,OI000003446,O00002037,U002355,P001089,5,质量很好，符合预期,0,2025-12-06 15:41:41,visible
RV00002382,OI000009502,O00005607,U002126,P001194,2,质量很好，符合预期,0,2026-05-31 05:34:17,visible
RV00002383,OI000016000,O00009385,U004871,P000622,4,质量很好，符合预期,1,2025-04-23 09:00:56,visible
RV00002384,OI000008332,O00004907,U002160,P000002,4,质量很好，符合预期,0,2026-05-11 22:57:10,visible
RV00002385,OI000017285,O00010127,U002124,P000373,5,质量很好，符合预期,0,2026-03-25 15:24:23,visible
RV00002386,OI000019663,O00011540,U000353,P000094,5,整体满意,0,2026-01-17 22:40:59,visible
RV00002387,OI000005984,O00003542,U002410,P000863,5,物流很快，包装完整,0,2026-04-29 19:00:38,visible
RV00002388,OI000001436,O00000831,U001172,P001498,4,物流很快，包装完整,0,2025-05-29 04:47:07,visible
RV00002389,OI000011960,O00006995,U004704,P000680,4,体验一般,0,2025-03-03 08:28:29,visible
RV00002390,OI000019243,O00011287,U003599,P001476,2,性价比不错,0,2026-05-09 03:11:09,visible
RV00002391,OI000016766,O00009838,U003884,P000073,4,质量很好，符合预期,0,2026-01-05 10:18:38,visible
RV00002392,OI000000856,O00000491,U004354,P000776,5,整体满意,0,2025-09-05 04:06:38,visible
RV00002393,OI000004053,O00002413,U001688,P001068,4,质量很好，符合预期,0,2026-06-30 04:35:33,visible
RV00002394,OI000000341,O00000191,U001588,P001436,5,体验一般,0,2026-09-09 10:19:30,visible
RV00002395,OI000009924,O00005848,U000739,P001363,4,物流很快，包装完整,0,2026-01-28 02:06:01,visible
RV00002396,OI000019594,O00011496,U002826,P001085,5,物流很快，包装完整,0,2025-02-19 23:04:03,visible
RV00002397,OI000018349,O00010755,U004961,P000585,1,物流很快，包装完整,0,2026-01-01 13:28:42,visible
RV00002398,OI000007227,O00004265,U003948,P001019,5,质量很好，符合预期,0,2026-05-23 11:47:07,visible
RV00002399,OI000016842,O00009877,U004792,P000117,4,物流很快，包装完整,0,2025-10-22 19:33:01,visible
RV00002400,OI000019619,O00011512,U002150,P001345,4,质量很好，符合预期,0,2025-11-02 12:17:19,visible
RV00002401,OI000002383,O00001398,U004969,P000919,5,质量很好，符合预期,1,2026-06-02 13:02:31,visible
RV00002402,OI000018494,O00010840,U002526,P000305,4,与描述有差异,0,2026-08-08 13:11:49,visible
RV00002403,OI000008945,O00005271,U002742,P000631,5,体验一般,0,2025-10-31 17:08:19,visible
RV00002404,OI000011035,O00006478,U004064,P000409,5,整体满意,0,2026-02-11 12:59:11,visible
RV00002405,OI000008856,O00005216,U004594,P000639,4,整体满意,0,2026-04-01 00:34:43,visible
RV00002406,OI000018885,O00011072,U003579,P000681,4,质量很好，符合预期,0,2025-05-08 22:44:42,visible
RV00002407,OI000018126,O00010620,U001566,P000197,5,质量很好，符合预期,0,2025-12-17 03:28:10,hidden
RV00002408,OI000017642,O00010332,U004359,P000046,3,性价比不错,0,2026-05-09 21:01:37,visible
RV00002409,OI000005307,O00003153,U004059,P001213,1,物流很快，包装完整,1,2026-04-29 06:38:51,visible
RV00002410,OI000001942,O00001148,U002028,P000627,4,整体满意,0,2026-05-21 10:25:53,visible
RV00002411,OI000009218,O00005432,U000748,P000535,5,整体满意,1,2026-02-15 13:59:48,visible
RV00002412,OI000000119,O00000071,U004665,P000894,3,质量很好，符合预期,0,2026-03-04 13:13:12,visible
RV00002413,OI000001409,O00000813,U002099,P000025,4,质量很好，符合预期,0,2026-03-02 22:57:44,visible
RV00002414,OI000000905,O00000517,U003498,P000361,5,性价比不错,0,2025-12-16 17:11:22,visible
RV00002415,OI000015645,O00009175,U000015,P000323,5,物流很快，包装完整,0,2025-08-03 21:29:11,visible
RV00002416,OI000019637,O00011525,U000687,P000352,5,物流很快，包装完整,0,2025-05-17 23:13:09,visible
RV00002417,OI000007837,O00004617,U004596,P000191,2,性价比不错,0,2025-09-09 23:39:29,visible
RV00002418,OI000004522,O00002681,U001199,P001499,5,物流很快，包装完整,0,2026-07-04 13:49:49,visible
RV00002419,OI000010011,O00005890,U004183,P000545,5,体验一般,0,2026-05-11 08:51:39,visible
RV00002420,OI000012966,O00007589,U003129,P001273,5,质量很好，符合预期,0,2026-05-21 12:59:18,visible
RV00002421,OI000015469,O00009066,U004906,P000370,4,物流很快，包装完整,0,2025-10-20 06:57:05,visible
RV00002422,OI000005483,O00003255,U000734,P000893,4,物流很快，包装完整,1,2026-02-18 20:14:35,visible
RV00002423,OI000008263,O00004866,U003202,P000104,5,性价比不错,0,2026-02-23 08:36:38,visible
RV00002424,OI000002109,O00001248,U001698,P000102,4,质量很好，符合预期,0,2025-01-22 11:28:22,visible
RV00002425,OI000019778,O00011603,U003225,P001078,5,质量很好，符合预期,0,2026-08-12 01:18:39,visible
RV00002426,OI000014265,O00008348,U002343,P001370,4,性价比不错,0,2026-08-03 04:47:22,visible
RV00002427,OI000003585,O00002116,U001772,P001475,2,整体满意,0,2026-03-23 00:12:26,visible
RV00002428,OI000000689,O00000396,U002122,P000593,2,质量很好，符合预期,0,2026-04-23 16:30:07,visible
RV00002429,OI000005849,O00003462,U001163,P001383,3,体验一般,0,2026-06-14 08:49:33,hidden
RV00002430,OI000010721,O00006302,U003476,P001015,5,性价比不错,0,2026-03-04 14:29:38,visible
RV00002431,OI000006328,O00003742,U001221,P000963,4,质量很好，符合预期,0,2025-09-10 12:42:06,visible
RV00002432,OI000008866,O00005222,U002591,P001238,5,整体满意,0,2026-05-22 06:07:00,visible
RV00002433,OI000014343,O00008399,U002499,P000829,5,与描述有差异,0,2025-03-29 00:52:05,visible
RV00002434,OI000001592,O00000928,U003157,P000816,5,整体满意,0,2025-08-28 09:20:51,visible
RV00002435,OI000012849,O00007522,U002847,P000923,4,质量很好，符合预期,0,2026-01-11 09:44:02,visible
RV00002436,OI000014728,O00008621,U003171,P001071,5,性价比不错,0,2026-05-06 12:37:03,visible
RV00002437,OI000017146,O00010057,U002527,P000452,5,物流很快，包装完整,0,2025-10-14 02:41:46,visible
RV00002438,OI000015483,O00009074,U002678,P000457,5,整体满意,0,2026-05-04 14:39:11,visible
RV00002439,OI000008659,O00005099,U002713,P001094,4,整体满意,0,2025-05-10 08:55:59,visible
RV00002440,OI000003289,O00001933,U001689,P000697,5,性价比不错,0,2026-03-09 16:13:10,visible
RV00002441,OI000003300,O00001941,U003615,P001099,4,物流很快，包装完整,0,2026-03-07 16:14:14,visible
RV00002442,OI000018155,O00010638,U001858,P001090,3,物流很快，包装完整,0,2025-12-22 18:43:49,visible
RV00002443,OI000011592,O00006796,U002229,P000328,4,性价比不错,0,2026-07-16 16:03:59,visible
RV00002444,OI000003015,O00001779,U004346,P000635,5,性价比不错,0,2025-05-19 18:15:10,visible
RV00002445,OI000005671,O00003363,U002888,P000258,4,质量很好，符合预期,0,2025-07-14 22:01:48,visible
RV00002446,OI000000180,O00000103,U003046,P000516,5,性价比不错,0,2025-11-13 05:24:37,visible
RV00002447,OI000012210,O00007151,U004003,P001101,4,质量很好，符合预期,0,2025-12-23 10:00:47,visible
RV00002448,OI000000070,O00000041,U002415,P001457,5,质量很好，符合预期,0,2025-09-10 07:23:50,visible
RV00002449,OI000020456,O00011998,U000883,P000783,4,体验一般,0,2025-05-31 01:46:32,visible
RV00002450,OI000007835,O00004615,U002837,P001198,5,质量很好，符合预期,1,2025-07-22 16:28:22,visible
RV00002451,OI000009311,O00005491,U004260,P000456,1,物流很快，包装完整,0,2026-05-07 14:43:52,visible
RV00002452,OI000015041,O00008809,U004649,P000580,5,整体满意,0,2025-01-26 08:30:09,visible
RV00002453,OI000016588,O00009729,U003846,P000990,4,整体满意,0,2026-02-20 05:09:28,visible
RV00002454,OI000006791,O00004011,U003997,P001143,5,质量很好，符合预期,0,2026-05-02 01:55:32,visible
RV00002455,OI000000261,O00000145,U001960,P001185,5,性价比不错,0,2025-09-20 14:36:22,visible
RV00002456,OI000010520,O00006192,U002028,P000888,5,物流很快，包装完整,0,2025-05-30 04:36:19,visible
RV00002457,OI000008738,O00005146,U003832,P000762,5,整体满意,0,2025-03-18 12:03:18,visible
RV00002458,OI000011125,O00006531,U000585,P001071,4,物流很快，包装完整,0,2026-03-27 20:26:14,visible
RV00002459,OI000004683,O00002778,U002723,P000307,4,性价比不错,0,2025-03-14 22:55:15,visible
RV00002460,OI000020451,O00011995,U001823,P000966,2,性价比不错,0,2026-07-12 02:43:02,visible
RV00002461,OI000016611,O00009744,U003585,P000592,4,性价比不错,1,2025-02-09 12:48:30,visible
RV00002462,OI000000883,O00000504,U003092,P001176,4,物流很快，包装完整,0,2026-04-08 20:19:14,visible
RV00002463,OI000016151,O00009467,U001507,P000045,2,物流很快，包装完整,0,2026-02-12 14:49:51,visible
RV00002464,OI000009108,O00005375,U003858,P000534,5,整体满意,0,2025-06-02 00:02:02,visible
RV00002465,OI000007158,O00004223,U002075,P000837,5,质量很好，符合预期,0,2025-02-14 07:22:39,visible
RV00002466,OI000010954,O00006433,U003321,P001402,4,体验一般,0,2025-05-10 00:13:19,visible
RV00002467,OI000020235,O00011874,U004665,P000334,5,整体满意,1,2025-08-25 01:07:51,visible
RV00002468,OI000017075,O00010011,U002257,P000967,5,整体满意,0,2025-07-05 15:09:15,visible
RV00002469,OI000014880,O00008708,U004936,P000086,5,整体满意,1,2026-07-09 08:36:14,visible
RV00002470,OI000015708,O00009210,U001864,P000843,5,整体满意,0,2026-05-09 15:38:00,visible
RV00002471,OI000014270,O00008351,U003990,P000720,5,性价比不错,0,2025-06-27 11:25:17,visible
RV00002472,OI000003440,O00002033,U001931,P000410,5,性价比不错,0,2025-07-26 17:55:26,visible
RV00002473,OI000005144,O00003065,U002794,P000042,5,性价比不错,0,2025-05-21 05:22:20,visible
RV00002474,OI000003685,O00002175,U001766,P001197,5,整体满意,0,2025-06-02 03:23:00,visible
RV00002475,OI000007701,O00004547,U001085,P000214,5,物流很快，包装完整,0,2025-09-21 18:35:03,visible
RV00002476,OI000002508,O00001479,U000546,P000715,5,质量很好，符合预期,0,2025-03-27 19:10:57,visible
RV00002477,OI000017678,O00010351,U004796,P001364,5,质量很好，符合预期,0,2026-02-13 04:41:14,visible
RV00002478,OI000003639,O00002147,U003835,P001434,5,质量很好，符合预期,0,2025-03-08 10:28:56,visible
RV00002479,OI000018984,O00011133,U000864,P000572,5,物流很快，包装完整,0,2025-11-07 10:39:30,visible
RV00002480,OI000009498,O00005605,U001580,P000438,5,物流很快，包装完整,0,2026-02-16 21:50:35,visible
RV00002481,OI000019668,O00011542,U000404,P000444,5,性价比不错,0,2025-04-02 10:08:38,visible
RV00002482,OI000017093,O00010022,U000552,P001318,5,体验一般,0,2026-08-07 21:02:17,visible
RV00002483,OI000009786,O00005767,U000699,P000376,5,整体满意,0,2025-02-25 13:53:25,visible
RV00002484,OI000001333,O00000768,U001452,P000496,2,性价比不错,1,2026-01-14 09:56:36,visible
RV00002485,OI000016527,O00009686,U000343,P001105,4,性价比不错,0,2025-04-20 21:26:24,visible
RV00002486,OI000010382,O00006108,U002855,P001306,4,整体满意,0,2025-07-06 03:31:36,visible
RV00002487,OI000011928,O00006980,U000844,P000441,5,整体满意,0,2026-01-13 22:58:16,visible
RV00002488,OI000014040,O00008219,U004839,P000497,4,质量很好，符合预期,0,2025-10-06 19:30:34,visible
RV00002489,OI000003342,O00001970,U000457,P000142,3,整体满意,0,2026-04-26 08:36:23,visible
RV00002490,OI000017862,O00010456,U003598,P000942,5,整体满意,0,2025-03-10 23:39:29,visible
RV00002491,OI000008711,O00005132,U002853,P000917,5,体验一般,0,2025-06-19 13:45:47,visible
RV00002492,OI000018403,O00010785,U004341,P000003,4,性价比不错,0,2025-05-22 03:05:13,visible
RV00002493,OI000002416,O00001417,U002381,P001438,4,质量很好，符合预期,0,2025-03-02 21:00:07,visible
RV00002494,OI000007691,O00004541,U000108,P000380,4,性价比不错,0,2026-06-01 04:49:23,visible
RV00002495,OI000009898,O00005829,U000451,P000376,3,质量很好，符合预期,0,2026-06-06 22:09:31,visible
RV00002496,OI000009734,O00005735,U000761,P001470,5,体验一般,1,2026-05-04 16:08:30,visible
RV00002497,OI000010888,O00006394,U003276,P001406,4,与描述有差异,0,2026-09-09 11:42:47,visible
RV00002498,OI000018863,O00011061,U002207,P000272,5,质量很好，符合预期,0,2025-02-01 09:52:11,visible
RV00002499,OI000018102,O00010605,U003226,P001457,5,物流很快，包装完整,0,2025-10-07 22:29:45,visible
RV00002500,OI000006801,O00004017,U000985,P000976,4,整体满意,0,2025-04-24 16:45:39,visible
RV00002501,OI000011120,O00006528,U003364,P001134,5,性价比不错,0,2026-03-08 12:19:43,visible
RV00002502,OI000017320,O00010147,U004140,P000512,4,性价比不错,0,2026-05-18 11:51:18,visible
RV00002503,OI000012532,O00007330,U003632,P000101,5,性价比不错,0,2025-06-03 05:51:58,visible
RV00002504,OI000006371,O00003765,U002272,P000664,5,整体满意,0,2026-03-13 06:34:12,visible
RV00002505,OI000007273,O00004294,U003830,P000817,2,物流很快，包装完整,0,2026-05-29 17:01:28,visible
RV00002506,OI000009587,O00005654,U000001,P001054,5,质量很好，符合预期,0,2025-08-22 18:35:15,visible
RV00002507,OI000006434,O00003802,U002238,P000324,5,质量很好，符合预期,0,2025-08-05 11:47:58,visible
RV00002508,OI000016691,O00009791,U000657,P000492,5,整体满意,0,2026-06-13 03:44:58,visible
RV00002509,OI000012780,O00007482,U004893,P001211,5,性价比不错,0,2026-07-26 10:02:59,visible
RV00002510,OI000017522,O00010258,U000632,P001142,5,性价比不错,0,2025-12-04 14:04:29,visible
RV00002511,OI000005046,O00003002,U002589,P001014,4,性价比不错,0,2026-08-09 16:00:33,visible
RV00002512,OI000013393,O00007826,U002540,P001265,3,体验一般,1,2026-05-30 11:23:03,visible
RV00002513,OI000000994,O00000571,U003706,P001308,4,体验一般,0,2025-03-04 06:44:58,visible
RV00002514,OI000004368,O00002595,U002837,P000834,4,性价比不错,0,2025-06-27 21:28:43,visible
RV00002515,OI000020203,O00011855,U002884,P000905,5,整体满意,0,2025-10-04 11:24:04,visible
RV00002516,OI000015862,O00009302,U000792,P000690,4,质量很好，符合预期,0,2026-01-31 07:08:25,visible
RV00002517,OI000016253,O00009532,U004758,P000346,5,性价比不错,0,2025-10-10 06:02:04,visible
RV00002518,OI000008261,O00004864,U003748,P000305,2,物流很快，包装完整,0,2025-09-20 21:08:31,visible
RV00002519,OI000006399,O00003783,U001879,P000232,1,整体满意,0,2026-06-24 16:55:22,visible
RV00002520,OI000003027,O00001787,U002618,P001352,5,物流很快，包装完整,0,2025-11-02 07:02:07,visible
RV00002521,OI000013749,O00008045,U004573,P001246,5,质量很好，符合预期,0,2026-05-29 18:31:56,visible
RV00002522,OI000002457,O00001446,U004006,P001246,5,物流很快，包装完整,0,2026-07-30 06:39:05,visible
RV00002523,OI000009401,O00005545,U004758,P000401,3,质量很好，符合预期,1,2025-05-10 14:58:10,visible
RV00002524,OI000002970,O00001752,U001956,P000479,4,性价比不错,0,2026-04-16 14:02:46,visible
RV00002525,OI000017931,O00010503,U003525,P000644,4,整体满意,0,2026-04-05 07:20:23,visible
RV00002526,OI000005875,O00003479,U001265,P001205,3,体验一般,0,2026-07-18 14:34:42,visible
RV00002527,OI000017785,O00010411,U000334,P000361,5,物流很快，包装完整,1,2026-04-23 18:12:27,visible
RV00002528,OI000011262,O00006607,U003383,P000018,5,物流很快，包装完整,0,2026-04-29 12:08:44,visible
RV00002529,OI000004838,O00002872,U002883,P000132,5,体验一般,0,2026-01-23 02:04:25,visible
RV00002530,OI000000742,O00000424,U000469,P001227,2,与描述有差异,0,2026-03-21 21:46:43,visible
RV00002531,OI000010360,O00006096,U003295,P001101,5,质量很好，符合预期,0,2026-01-26 23:38:35,visible
RV00002532,OI000008826,O00005197,U004453,P000802,4,性价比不错,1,2025-05-19 15:59:24,visible
RV00002533,OI000015361,O00009006,U000966,P000729,4,质量很好，符合预期,0,2025-08-18 19:42:01,visible
RV00002534,OI000017912,O00010489,U004645,P000653,5,质量很好，符合预期,0,2025-09-12 19:18:48,visible
RV00002535,OI000008508,O00005007,U000117,P000071,4,整体满意,0,2025-06-02 06:17:28,visible
RV00002536,OI000001304,O00000751,U004963,P000548,5,整体满意,0,2026-07-22 16:02:03,visible
RV00002537,OI000006686,O00003954,U000206,P001409,4,物流很快，包装完整,0,2026-01-02 00:28:53,visible
RV00002538,OI000007506,O00004428,U000129,P000739,3,质量很好，符合预期,0,2026-03-01 07:55:27,visible
RV00002539,OI000005229,O00003113,U000797,P000442,5,物流很快，包装完整,0,2026-07-11 11:04:19,visible
RV00002540,OI000010803,O00006349,U000564,P001070,5,性价比不错,0,2025-01-15 12:16:54,visible
RV00002541,OI000000399,O00000230,U001073,P000159,5,整体满意,0,2026-06-21 04:12:56,visible
RV00002542,OI000004828,O00002866,U002455,P000567,5,体验一般,1,2026-03-05 04:37:19,visible
RV00002543,OI000003664,O00002161,U004089,P000782,3,整体满意,0,2026-08-13 14:33:14,visible
RV00002544,OI000001652,O00000963,U002248,P000301,5,整体满意,0,2025-03-24 06:10:43,visible
RV00002545,OI000014706,O00008609,U001227,P001066,5,整体满意,0,2025-12-09 14:37:29,visible
RV00002546,OI000007509,O00004429,U003538,P000389,3,整体满意,0,2025-04-24 08:27:40,visible
RV00002547,OI000009523,O00005620,U002823,P000614,4,质量很好，符合预期,0,2025-06-06 08:45:23,visible
RV00002548,OI000002537,O00001493,U004158,P000717,5,体验一般,1,2025-05-30 05:16:30,visible
RV00002549,OI000005634,O00003342,U004401,P000278,4,性价比不错,1,2025-11-19 10:15:42,visible
RV00002550,OI000010754,O00006320,U002378,P000675,5,性价比不错,0,2026-01-16 07:12:00,visible
RV00002551,OI000018418,O00010795,U004508,P000601,3,物流很快，包装完整,0,2026-01-10 08:43:21,visible
RV00002552,OI000008077,O00004752,U003769,P000050,2,物流很快，包装完整,0,2026-06-23 07:59:30,visible
RV00002553,OI000014188,O00008305,U001302,P000432,5,物流很快，包装完整,0,2026-05-04 16:19:10,visible
RV00002554,OI000018642,O00010930,U003803,P000054,4,质量很好，符合预期,0,2025-02-12 02:00:39,visible
RV00002555,OI000020416,O00011973,U001235,P000882,5,整体满意,1,2026-06-28 18:03:54,visible
RV00002556,OI000010934,O00006419,U001262,P000122,5,性价比不错,1,2026-09-08 00:47:43,visible
RV00002557,OI000007140,O00004214,U001077,P000480,5,性价比不错,0,2025-02-14 15:44:37,visible
RV00002558,OI000019622,O00011515,U000388,P001409,5,质量很好，符合预期,1,2025-07-27 06:06:15,visible
RV00002559,OI000017299,O00010135,U001033,P000618,4,体验一般,1,2026-08-07 10:03:57,visible
RV00002560,OI000005131,O00003057,U001496,P000834,5,性价比不错,0,2026-07-24 20:33:29,visible
RV00002561,OI000008852,O00005215,U004350,P000196,4,质量很好，符合预期,0,2025-07-06 13:06:24,visible
RV00002562,OI000011599,O00006800,U002102,P000598,5,性价比不错,0,2025-03-03 05:16:40,visible
RV00002563,OI000004386,O00002606,U003673,P001046,2,性价比不错,0,2025-06-09 10:16:43,visible
RV00002564,OI000013208,O00007726,U001807,P001150,4,整体满意,0,2025-11-03 11:24:11,visible
RV00002565,OI000003740,O00002212,U003845,P000612,1,整体满意,0,2026-07-27 05:27:15,visible
RV00002566,OI000018211,O00010672,U003309,P001121,4,物流很快，包装完整,0,2026-07-20 07:17:06,visible
RV00002567,OI000017119,O00010039,U000277,P000701,5,质量很好，符合预期,0,2026-04-10 22:35:07,visible
RV00002568,OI000009614,O00005669,U000175,P000306,5,质量很好，符合预期,0,2025-09-10 18:34:33,visible
RV00002569,OI000010681,O00006278,U004729,P000367,4,性价比不错,0,2025-10-04 06:28:18,visible
RV00002570,OI000018168,O00010648,U001822,P000534,5,整体满意,0,2025-08-19 03:19:40,visible
RV00002571,OI000014886,O00008711,U004141,P000516,5,体验一般,0,2025-10-10 23:23:52,visible
RV00002572,OI000017879,O00010465,U004181,P001238,5,整体满意,0,2025-11-04 01:04:39,visible
RV00002573,OI000016441,O00009635,U000186,P001090,5,物流很快，包装完整,0,2026-05-18 19:27:50,visible
RV00002574,OI000014627,O00008563,U000477,P001273,4,性价比不错,0,2025-06-18 13:26:38,visible
RV00002575,OI000014484,O00008482,U003933,P001417,5,体验一般,0,2026-06-05 14:24:03,visible
RV00002576,OI000016901,O00009913,U003720,P000490,5,物流很快，包装完整,1,2026-08-09 21:51:30,visible
RV00002577,OI000017431,O00010208,U000523,P000306,3,物流很快，包装完整,0,2025-01-29 07:09:21,visible
RV00002578,OI000000105,O00000065,U003059,P000853,4,整体满意,0,2026-05-09 04:41:53,visible
RV00002579,OI000012734,O00007447,U001897,P001484,5,质量很好，符合预期,1,2026-06-15 10:12:57,hidden
RV00002580,OI000019457,O00011412,U004361,P000999,5,质量很好，符合预期,0,2025-05-02 23:16:58,visible
RV00002581,OI000019029,O00011161,U001703,P001217,4,性价比不错,0,2025-10-08 05:23:17,visible
RV00002582,OI000020243,O00011880,U004848,P000416,5,性价比不错,0,2026-01-14 01:50:25,visible
RV00002583,OI000015545,O00009112,U003911,P000589,5,物流很快，包装完整,1,2025-10-23 20:13:45,visible
RV00002584,OI000015045,O00008811,U001326,P000300,3,体验一般,0,2025-06-09 09:10:01,visible
RV00002585,OI000005982,O00003541,U000125,P000732,1,质量很好，符合预期,0,2026-03-15 00:28:34,visible
RV00002586,OI000005862,O00003469,U000857,P000776,5,性价比不错,0,2026-05-07 12:55:58,visible
RV00002587,OI000000366,O00000208,U003344,P000343,5,质量很好，符合预期,0,2025-03-01 14:24:08,visible
RV00002588,OI000014389,O00008425,U003695,P000308,2,性价比不错,0,2026-04-15 00:42:09,visible
RV00002589,OI000014340,O00008396,U001757,P000171,3,整体满意,0,2025-03-22 03:56:13,visible
RV00002590,OI000004580,O00002712,U001129,P001255,3,质量很好，符合预期,0,2026-01-13 03:00:13,visible
RV00002591,OI000011956,O00006993,U001501,P000911,5,体验一般,0,2025-10-16 16:38:11,visible
RV00002592,OI000016009,O00009391,U002751,P000221,3,物流很快，包装完整,0,2026-04-30 11:10:23,visible
RV00002593,OI000002525,O00001487,U003669,P001225,5,整体满意,0,2025-04-04 14:08:47,visible
RV00002594,OI000011490,O00006734,U000177,P001329,5,物流很快，包装完整,0,2025-04-15 06:52:09,visible
RV00002595,OI000000530,O00000306,U002413,P001353,5,物流很快，包装完整,0,2025-08-23 01:53:13,visible
RV00002596,OI000004665,O00002767,U002462,P001344,5,性价比不错,0,2026-07-31 01:25:29,visible
RV00002597,OI000004790,O00002842,U004855,P000040,3,性价比不错,0,2025-08-14 14:27:56,visible
RV00002598,OI000018002,O00010546,U001317,P001001,4,整体满意,0,2025-09-22 15:14:58,visible
RV00002599,OI000018586,O00010898,U004031,P001199,4,性价比不错,0,2025-04-18 23:48:30,visible
RV00002600,OI000011013,O00006468,U002204,P000780,5,性价比不错,1,2026-02-15 23:41:26,visible
RV00002601,OI000011201,O00006577,U002700,P001160,5,物流很快，包装完整,1,2026-04-03 19:36:41,visible
RV00002602,OI000007978,O00004693,U001230,P000106,2,体验一般,0,2025-04-02 06:04:12,visible
RV00002603,OI000017795,O00010417,U000706,P000292,5,物流很快，包装完整,0,2025-04-07 19:41:41,visible
RV00002604,OI000009718,O00005728,U001944,P000418,2,整体满意,0,2026-06-06 13:31:29,visible
RV00002605,OI000016592,O00009732,U003053,P000421,4,整体满意,0,2026-04-24 03:27:11,visible
RV00002606,OI000012717,O00007437,U004698,P000863,3,质量很好，符合预期,0,2025-02-03 07:36:44,visible
RV00002607,OI000008918,O00005254,U002828,P000276,5,物流很快，包装完整,0,2025-08-08 06:14:43,visible
RV00002608,OI000013056,O00007637,U001580,P000598,4,质量很好，符合预期,0,2025-12-28 20:47:10,visible
RV00002609,OI000002463,O00001449,U004423,P000765,5,整体满意,0,2025-06-04 00:08:25,visible
RV00002610,OI000017833,O00010440,U000932,P000256,5,体验一般,0,2025-12-07 15:29:11,visible
RV00002611,OI000008668,O00005105,U003191,P000887,4,整体满意,1,2026-08-23 09:08:33,visible
RV00002612,OI000012366,O00007243,U004533,P000768,4,整体满意,0,2025-09-23 10:32:05,visible
RV00002613,OI000007167,O00004229,U003745,P000737,5,整体满意,0,2026-07-13 22:55:08,visible
RV00002614,OI000005456,O00003238,U004653,P000878,5,性价比不错,0,2025-07-04 17:56:42,visible
RV00002615,OI000018256,O00010698,U001798,P000988,5,性价比不错,0,2026-03-03 16:37:59,visible
RV00002616,OI000019462,O00011414,U003500,P000745,5,物流很快，包装完整,0,2026-08-24 09:33:42,visible
RV00002617,OI000010513,O00006189,U001629,P000899,5,体验一般,0,2025-05-24 23:00:22,visible
RV00002618,OI000012580,O00007356,U003811,P000792,5,整体满意,0,2025-04-30 18:45:50,visible
RV00002619,OI000020413,O00011970,U001890,P000708,4,整体满意,0,2025-08-25 13:55:25,visible
RV00002620,OI000002697,O00001592,U002460,P000997,4,与描述有差异,0,2025-04-12 17:07:28,visible
RV00002621,OI000012289,O00007196,U002370,P001340,5,质量很好，符合预期,0,2025-05-20 17:58:12,visible
RV00002622,OI000005500,O00003267,U000184,P000673,5,整体满意,0,2025-05-12 14:36:02,visible
RV00002623,OI000015568,O00009126,U004637,P000215,5,物流很快，包装完整,0,2025-05-12 03:59:13,visible
RV00002624,OI000008671,O00005107,U001767,P000196,4,物流很快，包装完整,0,2026-07-09 13:33:22,visible
RV00002625,OI000009480,O00005593,U004053,P000661,5,质量很好，符合预期,0,2026-03-10 05:30:51,visible
RV00002626,OI000007876,O00004636,U000328,P000536,4,质量很好，符合预期,0,2026-03-01 00:22:36,visible
RV00002627,OI000015353,O00009001,U003482,P001059,5,质量很好，符合预期,0,2025-10-24 12:25:08,visible
RV00002628,OI000010160,O00005977,U004108,P000920,2,整体满意,0,2025-08-17 04:17:00,visible
RV00002629,OI000009247,O00005452,U003772,P000588,5,质量很好，符合预期,0,2026-06-30 08:01:08,visible
RV00002630,OI000017080,O00010015,U001313,P000963,5,质量很好，符合预期,0,2026-08-12 19:31:03,visible
RV00002631,OI000015586,O00009139,U002341,P000300,4,整体满意,0,2025-04-05 17:14:19,visible
RV00002632,OI000000431,O00000250,U000899,P001476,5,物流很快，包装完整,0,2025-02-13 02:28:34,visible
RV00002633,OI000006232,O00003681,U000980,P001254,4,质量很好，符合预期,0,2026-04-11 09:47:46,visible
RV00002634,OI000008298,O00004887,U003023,P000152,4,质量很好，符合预期,0,2026-01-12 02:15:23,visible
RV00002635,OI000007681,O00004536,U002846,P000468,5,与描述有差异,0,2026-01-29 03:01:48,visible
RV00002636,OI000020393,O00011961,U002777,P000928,4,整体满意,0,2025-02-28 02:48:11,visible
RV00002637,OI000005399,O00003205,U003072,P000622,5,性价比不错,0,2025-11-20 12:53:30,visible
RV00002638,OI000006360,O00003760,U000503,P000404,4,体验一般,0,2026-01-23 10:05:04,visible
RV00002639,OI000010982,O00006449,U004222,P000187,5,整体满意,0,2025-01-28 00:52:55,visible
RV00002640,OI000012094,O00007077,U003330,P000908,5,体验一般,0,2025-12-02 16:04:27,visible
RV00002641,OI000018872,O00011065,U003713,P000194,5,体验一般,0,2025-11-18 22:04:03,visible
RV00002642,OI000015296,O00008964,U000836,P001290,3,整体满意,0,2025-12-28 05:05:49,visible
RV00002643,OI000005206,O00003096,U000035,P000809,5,质量很好，符合预期,0,2025-10-19 09:35:15,visible
RV00002644,OI000004761,O00002825,U002158,P000223,4,整体满意,1,2025-05-20 15:46:32,visible
RV00002645,OI000004472,O00002654,U000507,P001205,5,性价比不错,0,2026-06-15 04:59:53,visible
RV00002646,OI000001438,O00000833,U004972,P000770,5,质量很好，符合预期,0,2025-12-31 10:51:25,visible
RV00002647,OI000006959,O00004108,U003034,P001488,5,整体满意,0,2026-02-04 18:58:00,visible
RV00002648,OI000018034,O00010566,U002706,P001411,5,体验一般,1,2025-01-11 00:53:01,visible
RV00002649,OI000020176,O00011838,U002476,P000559,4,性价比不错,0,2025-10-04 15:30:19,visible
RV00002650,OI000002629,O00001552,U002319,P000424,5,性价比不错,1,2025-08-02 00:33:22,visible
RV00002651,OI000017169,O00010068,U004599,P001246,4,质量很好，符合预期,0,2025-11-11 16:20:13,visible
RV00002652,OI000010269,O00006041,U004653,P000390,4,性价比不错,0,2025-03-05 19:46:31,visible
RV00002653,OI000019575,O00011485,U001859,P000840,5,与描述有差异,0,2025-09-11 08:12:05,visible
RV00002654,OI000001836,O00001075,U004395,P000471,4,体验一般,0,2026-04-07 17:34:42,visible
RV00002655,OI000015736,O00009226,U004692,P001232,4,体验一般,0,2026-08-06 16:40:34,visible
RV00002656,OI000003728,O00002204,U002046,P000548,5,物流很快，包装完整,0,2025-09-12 16:30:25,visible
RV00002657,OI000019138,O00011225,U002154,P000526,3,体验一般,0,2026-03-14 18:03:35,visible
RV00002658,OI000004170,O00002481,U000519,P001086,5,物流很快，包装完整,0,2026-01-29 22:18:24,visible
RV00002659,OI000002740,O00001617,U003793,P000098,4,整体满意,0,2025-07-21 16:53:35,visible
RV00002660,OI000003445,O00002037,U002355,P001409,5,体验一般,0,2025-12-09 15:41:41,visible
RV00002661,OI000000809,O00000461,U003055,P000434,5,物流很快，包装完整,0,2025-06-16 14:09:37,visible
RV00002662,OI000002703,O00001594,U003598,P000015,1,质量很好，符合预期,0,2025-03-24 07:54:34,visible
RV00002663,OI000019577,O00011486,U001399,P001361,5,体验一般,0,2026-02-17 04:39:15,visible
RV00002664,OI000016959,O00009948,U002031,P001097,3,质量很好，符合预期,0,2026-05-11 10:33:17,visible
RV00002665,OI000007524,O00004437,U003643,P000864,5,质量很好，符合预期,0,2025-09-11 11:14:11,visible
RV00002666,OI000004293,O00002555,U004895,P000184,5,质量很好，符合预期,0,2025-01-29 01:03:06,visible
RV00002667,OI000005846,O00003459,U002146,P001349,4,性价比不错,0,2025-03-21 20:54:10,visible
RV00002668,OI000015885,O00009320,U003054,P000376,5,物流很快，包装完整,0,2025-04-10 02:02:33,visible
RV00002669,OI000009385,O00005533,U001222,P000848,4,物流很快，包装完整,0,2025-03-18 20:50:25,visible
RV00002670,OI000019699,O00011555,U004410,P001035,5,物流很快，包装完整,0,2026-02-04 22:27:12,visible
RV00002671,OI000003793,O00002242,U003624,P001333,3,与描述有差异,0,2025-01-07 23:42:21,visible
RV00002672,OI000008661,O00005100,U004190,P001227,3,性价比不错,0,2025-06-24 01:53:25,visible
RV00002673,OI000004964,O00002950,U001917,P001044,5,整体满意,0,2026-03-03 17:19:51,visible
RV00002674,OI000019191,O00011258,U001275,P000655,5,物流很快，包装完整,0,2026-06-11 11:50:40,visible
RV00002675,OI000007477,O00004413,U000416,P000649,5,质量很好，符合预期,0,2026-02-04 09:49:25,visible
RV00002676,OI000011679,O00006845,U000729,P001301,1,与描述有差异,1,2025-07-06 05:36:05,visible
RV00002677,OI000007703,O00004548,U003380,P001243,4,性价比不错,0,2026-07-28 17:13:42,visible
RV00002678,OI000017828,O00010437,U002228,P000671,5,质量很好，符合预期,0,2025-07-04 02:23:23,visible
RV00002679,OI000019393,O00011377,U000232,P000063,5,物流很快，包装完整,0,2025-10-26 11:18:39,visible
RV00002680,OI000001245,O00000716,U000916,P001235,2,整体满意,0,2026-08-16 14:43:28,visible
RV00002681,OI000017500,O00010245,U001640,P001230,5,体验一般,0,2025-12-05 14:40:22,visible
RV00002682,OI000014258,O00008344,U001512,P001341,4,整体满意,0,2025-11-04 20:18:47,visible
RV00002683,OI000007658,O00004524,U000452,P000456,5,整体满意,1,2025-03-12 16:08:49,visible
RV00002684,OI000004074,O00002423,U003263,P001124,5,质量很好，符合预期,0,2026-07-24 06:54:00,visible
RV00002685,OI000001215,O00000697,U001051,P000645,5,物流很快，包装完整,0,2026-03-02 22:23:18,visible
RV00002686,OI000009999,O00005884,U004925,P001338,4,整体满意,0,2026-04-26 12:08:40,visible
RV00002687,OI000015712,O00009211,U002118,P000440,1,质量很好，符合预期,0,2025-09-21 15:22:32,visible
RV00002688,OI000020171,O00011835,U001460,P000106,5,物流很快，包装完整,0,2025-02-17 13:03:01,visible
RV00002689,OI000013738,O00008040,U002913,P001162,3,体验一般,0,2026-06-04 07:15:07,visible
RV00002690,OI000010383,O00006109,U002062,P001339,5,性价比不错,0,2026-06-09 11:03:55,visible
RV00002691,OI000019197,O00011260,U001852,P000190,5,质量很好，符合预期,0,2026-05-03 21:01:29,visible
RV00002692,OI000005674,O00003366,U000001,P000716,2,质量很好，符合预期,0,2025-03-16 21:51:54,visible
RV00002693,OI000004187,O00002491,U003819,P000756,3,体验一般,0,2026-07-23 04:32:01,visible
RV00002694,OI000002998,O00001769,U004010,P000830,5,与描述有差异,0,2026-08-06 19:35:59,visible
RV00002695,OI000016056,O00009413,U001397,P000088,3,质量很好，符合预期,0,2025-10-09 22:02:47,visible
RV00002696,OI000013778,O00008065,U000402,P000176,3,体验一般,0,2026-04-28 18:20:24,visible
RV00002697,OI000011830,O00006928,U002879,P000005,3,性价比不错,0,2026-01-13 21:23:09,visible
RV00002698,OI000005087,O00003030,U000851,P000596,5,与描述有差异,0,2026-06-30 14:08:32,visible
RV00002699,OI000010206,O00006001,U000200,P001032,5,质量很好，符合预期,0,2026-03-31 05:42:39,visible
RV00002700,OI000015672,O00009188,U001296,P000711,5,性价比不错,0,2026-01-25 20:01:32,visible
RV00002701,OI000009814,O00005782,U001671,P000084,4,质量很好，符合预期,0,2026-04-10 19:16:59,visible
RV00002702,OI000018913,O00011088,U001176,P000024,5,整体满意,0,2026-05-17 22:55:33,visible
RV00002703,OI000018598,O00010905,U000920,P000760,5,整体满意,0,2026-04-19 02:52:35,visible
RV00002704,OI000002302,O00001347,U003905,P000527,2,与描述有差异,0,2026-01-26 13:11:47,visible
RV00002705,OI000010003,O00005886,U004102,P000559,5,性价比不错,0,2025-07-04 01:12:50,visible
RV00002706,OI000004599,O00002727,U002558,P001168,5,质量很好，符合预期,0,2026-08-16 19:46:34,visible
RV00002707,OI000017556,O00010276,U002052,P000302,5,体验一般,0,2026-01-13 20:30:13,visible
RV00002708,OI000006680,O00003949,U004756,P000733,4,整体满意,1,2026-01-21 07:16:30,visible
RV00002709,OI000014715,O00008614,U000494,P000284,5,体验一般,0,2025-11-26 08:59:21,visible
RV00002710,OI000011218,O00006586,U004686,P001430,5,性价比不错,0,2025-06-02 11:22:44,visible
RV00002711,OI000006507,O00003847,U002850,P000290,1,与描述有差异,0,2025-02-13 03:19:10,visible
RV00002712,OI000005472,O00003248,U003388,P000946,5,性价比不错,0,2026-04-28 18:06:10,visible
RV00002713,OI000002112,O00001249,U004544,P000287,4,质量很好，符合预期,0,2026-02-27 05:57:01,visible
RV00002714,OI000019284,O00011315,U001352,P000602,5,质量很好，符合预期,0,2025-09-30 18:34:28,visible
RV00002715,OI000004943,O00002938,U002520,P001292,4,物流很快，包装完整,0,2025-03-24 16:48:16,visible
RV00002716,OI000002568,O00001514,U003118,P001251,5,整体满意,0,2025-10-04 13:20:27,visible
RV00002717,OI000014334,O00008394,U000360,P000956,1,性价比不错,0,2026-08-11 23:24:47,visible
RV00002718,OI000011039,O00006479,U004372,P000814,5,整体满意,0,2025-03-13 10:07:38,visible
RV00002719,OI000016817,O00009865,U002585,P000527,4,质量很好，符合预期,0,2025-02-07 15:28:56,visible
RV00002720,OI000010792,O00006342,U004137,P000780,4,整体满意,0,2026-02-21 10:33:52,visible
RV00002721,OI000018229,O00010682,U003510,P000850,5,质量很好，符合预期,0,2025-05-31 01:46:14,visible
RV00002722,OI000018505,O00010848,U001877,P000353,4,整体满意,0,2025-06-27 00:08:29,visible
RV00002723,OI000006146,O00003629,U002929,P001026,3,体验一般,0,2026-08-23 04:10:35,visible
RV00002724,OI000019655,O00011535,U003990,P000154,4,与描述有差异,0,2025-04-27 17:38:48,visible
RV00002725,OI000000835,O00000479,U004646,P000930,4,物流很快，包装完整,0,2025-12-09 02:40:13,visible
RV00002726,OI000014110,O00008259,U003296,P000284,1,质量很好，符合预期,0,2025-12-14 11:57:15,visible
RV00002727,OI000019739,O00011581,U001214,P000561,5,性价比不错,0,2025-07-31 08:27:19,visible
RV00002728,OI000016359,O00009589,U001085,P000588,5,物流很快，包装完整,0,2026-03-01 18:08:39,visible
RV00002729,OI000008244,O00004854,U000359,P000758,2,质量很好，符合预期,0,2026-01-22 03:34:27,visible
RV00002730,OI000019343,O00011349,U002307,P000090,5,质量很好，符合预期,0,2025-02-25 21:06:06,visible
RV00002731,OI000016830,O00009873,U004602,P001018,5,性价比不错,0,2025-02-23 14:34:19,visible
RV00002732,OI000017418,O00010202,U002455,P000392,5,性价比不错,0,2025-04-04 13:55:33,visible
RV00002733,OI000017733,O00010383,U002538,P000017,5,与描述有差异,0,2026-08-13 01:10:26,visible
RV00002734,OI000006912,O00004081,U004527,P000882,5,整体满意,0,2025-10-23 05:10:47,visible
RV00002735,OI000005978,O00003539,U001992,P001016,5,体验一般,0,2026-07-18 08:04:35,visible
RV00002736,OI000007022,O00004139,U002471,P001073,5,物流很快，包装完整,0,2026-05-18 17:24:36,visible
RV00002737,OI000014452,O00008463,U002251,P000583,5,质量很好，符合预期,1,2025-10-25 23:18:51,visible
RV00002738,OI000009354,O00005514,U002383,P001212,5,性价比不错,0,2025-06-30 21:44:24,visible
RV00002739,OI000012481,O00007305,U001985,P001404,4,物流很快，包装完整,1,2025-11-10 10:19:17,visible
RV00002740,OI000003768,O00002227,U003242,P000518,5,物流很快，包装完整,0,2025-12-15 14:53:39,visible
RV00002741,OI000015982,O00009375,U002132,P001097,5,性价比不错,0,2026-06-19 15:59:15,visible
RV00002742,OI000001774,O00001038,U002902,P000200,4,质量很好，符合预期,1,2026-01-24 18:26:53,visible
RV00002743,OI000007322,O00004322,U002503,P000397,5,物流很快，包装完整,1,2025-07-17 20:54:12,visible
RV00002744,OI000006586,O00003892,U002956,P000066,5,整体满意,0,2025-01-24 20:13:50,visible
RV00002745,OI000008367,O00004927,U000431,P000312,5,物流很快，包装完整,0,2026-05-01 17:38:56,visible
RV00002746,OI000012982,O00007597,U002664,P000546,4,物流很快，包装完整,0,2025-05-19 12:43:53,visible
RV00002747,OI000017303,O00010136,U000466,P000181,5,物流很快，包装完整,0,2025-05-06 07:59:54,visible
RV00002748,OI000014144,O00008281,U001175,P001023,5,质量很好，符合预期,0,2025-10-09 02:06:49,visible
RV00002749,OI000008328,O00004906,U004591,P000565,3,物流很快，包装完整,0,2026-07-22 17:15:57,visible
RV00002750,OI000016179,O00009485,U004003,P000550,4,性价比不错,0,2025-02-12 20:04:02,visible
RV00002751,OI000004112,O00002449,U000734,P000571,4,性价比不错,0,2026-06-23 12:26:39,visible
RV00002752,OI000016924,O00009926,U003730,P001306,5,整体满意,0,2026-01-19 00:51:31,visible
RV00002753,OI000003780,O00002234,U003621,P000301,5,物流很快，包装完整,0,2025-02-09 03:15:52,visible
RV00002754,OI000009049,O00005342,U000318,P001324,1,质量很好，符合预期,1,2026-05-04 06:45:48,visible
RV00002755,OI000020237,O00011875,U002266,P001270,3,性价比不错,0,2025-05-30 00:24:47,visible
RV00002756,OI000011021,O00006471,U004560,P001180,4,性价比不错,0,2025-12-10 16:02:45,visible
RV00002757,OI000006575,O00003883,U002113,P001467,5,质量很好，符合预期,0,2026-06-04 23:14:35,visible
RV00002758,OI000006649,O00003929,U002687,P000249,5,质量很好，符合预期,0,2025-08-10 11:55:07,visible
RV00002759,OI000000810,O00000461,U003055,P000594,4,整体满意,0,2025-06-08 14:09:37,visible
RV00002760,OI000000476,O00000274,U001197,P000456,4,整体满意,0,2025-10-17 14:22:02,visible
RV00002761,OI000000775,O00000446,U000339,P000285,5,性价比不错,0,2025-04-15 12:55:07,visible
RV00002762,OI000004517,O00002679,U000483,P001278,4,性价比不错,0,2025-05-26 13:21:05,visible
RV00002763,OI000008320,O00004901,U000568,P000784,4,与描述有差异,0,2026-08-20 07:16:44,visible
RV00002764,OI000006444,O00003809,U000433,P001018,4,整体满意,0,2025-08-11 06:30:17,visible
RV00002765,OI000020368,O00011947,U002918,P000228,5,质量很好，符合预期,0,2025-01-26 03:31:06,visible
RV00002766,OI000004264,O00002536,U002956,P000578,5,性价比不错,0,2026-02-20 14:08:31,visible
RV00002767,OI000012609,O00007374,U000061,P000410,4,整体满意,0,2026-04-29 15:38:25,visible
RV00002768,OI000015431,O00009045,U004108,P001191,5,质量很好，符合预期,1,2026-06-02 21:39:31,visible
RV00002769,OI000010090,O00005933,U002671,P000974,5,整体满意,0,2025-10-06 15:45:34,visible
RV00002770,OI000015824,O00009283,U002504,P001416,5,性价比不错,1,2026-03-10 18:12:49,visible
RV00002771,OI000017827,O00010436,U002953,P001478,4,整体满意,0,2025-05-12 11:26:26,visible
RV00002772,OI000017786,O00010411,U000334,P001081,4,性价比不错,0,2026-04-28 18:12:27,visible
RV00002773,OI000002207,O00001298,U001579,P001167,5,性价比不错,0,2026-08-03 19:40:00,visible
RV00002774,OI000008817,O00005190,U000030,P000982,3,性价比不错,0,2025-09-07 10:49:05,visible
RV00002775,OI000013259,O00007755,U004930,P000381,4,整体满意,0,2026-04-16 00:56:59,visible
RV00002776,OI000013158,O00007696,U001796,P000069,5,质量很好，符合预期,0,2026-03-07 00:03:09,visible
RV00002777,OI000008380,O00004933,U001632,P000661,5,物流很快，包装完整,0,2025-12-13 10:38:52,visible
RV00002778,OI000018335,O00010748,U002024,P000515,5,性价比不错,0,2026-06-14 10:54:09,visible
RV00002779,OI000019772,O00011602,U002240,P000367,5,整体满意,0,2026-08-15 07:10:43,visible
RV00002780,OI000001028,O00000589,U001358,P000558,5,物流很快，包装完整,0,2025-07-01 01:03:39,visible
RV00002781,OI000019694,O00011552,U001788,P000685,4,质量很好，符合预期,0,2025-11-30 11:19:35,visible
RV00002782,OI000017965,O00010524,U003563,P001058,3,物流很快，包装完整,0,2026-03-17 13:25:35,visible
RV00002783,OI000017813,O00010426,U004167,P000952,5,质量很好，符合预期,0,2025-02-07 16:36:08,visible
RV00002784,OI000005311,O00003155,U001602,P001407,5,质量很好，符合预期,1,2025-06-14 10:04:18,visible
RV00002785,OI000007007,O00004131,U001636,P000754,5,物流很快，包装完整,0,2026-06-07 19:55:25,visible
RV00002786,OI000015697,O00009203,U003523,P001230,5,质量很好，符合预期,0,2025-10-28 20:38:05,visible
RV00002787,OI000009915,O00005842,U002567,P000974,1,整体满意,0,2025-08-14 09:42:27,visible
RV00002788,OI000018803,O00011023,U004614,P001324,5,性价比不错,0,2025-04-30 23:07:17,visible
RV00002789,OI000016727,O00009815,U002915,P000990,3,物流很快，包装完整,0,2026-06-24 00:31:23,visible
RV00002790,OI000011787,O00006904,U003584,P001430,5,性价比不错,0,2025-07-10 23:44:27,visible
RV00002791,OI000005988,O00003543,U002698,P000160,5,整体满意,0,2025-10-02 20:43:48,visible
RV00002792,OI000014324,O00008385,U002412,P001326,5,质量很好，符合预期,0,2025-05-16 01:02:25,visible
RV00002793,OI000008062,O00004744,U004912,P000143,5,性价比不错,0,2025-04-05 06:02:00,visible
RV00002794,OI000001370,O00000790,U002652,P000330,4,与描述有差异,0,2025-07-19 00:38:51,visible
RV00002795,OI000018763,O00011002,U003541,P000601,5,物流很快，包装完整,0,2026-07-16 13:30:57,visible
RV00002796,OI000016325,O00009570,U004866,P000403,4,性价比不错,0,2026-03-17 22:17:27,visible
RV00002797,OI000014172,O00008296,U000383,P000642,5,性价比不错,0,2026-01-29 21:56:57,visible
RV00002798,OI000016171,O00009478,U000153,P000003,5,性价比不错,0,2025-11-22 04:22:21,visible
RV00002799,OI000011826,O00006925,U001387,P000691,5,与描述有差异,0,2025-11-01 16:19:02,visible
RV00002800,OI000005864,O00003471,U004568,P001030,5,整体满意,0,2026-04-23 12:05:44,visible
RV00002801,OI000007578,O00004471,U001354,P000010,5,整体满意,0,2026-06-25 03:48:28,visible
RV00002802,OI000010673,O00006274,U002274,P000438,4,物流很快，包装完整,1,2026-04-29 02:19:54,visible
RV00002803,OI000011257,O00006604,U004165,P000486,5,物流很快，包装完整,0,2025-06-12 06:30:58,visible
RV00002804,OI000015212,O00008918,U000348,P000535,1,质量很好，符合预期,1,2025-12-01 13:29:40,visible
RV00002805,OI000006772,O00004000,U002100,P000035,5,性价比不错,0,2026-02-16 23:35:03,visible
RV00002806,OI000010796,O00006345,U004908,P000108,5,与描述有差异,0,2026-09-14 05:54:17,visible
RV00002807,OI000000284,O00000159,U000693,P001174,5,整体满意,0,2025-08-31 12:16:16,visible
RV00002808,OI000015147,O00008880,U002711,P001299,1,质量很好，符合预期,0,2025-11-08 06:04:52,visible
RV00002809,OI000007804,O00004599,U001056,P000076,4,质量很好，符合预期,0,2025-01-31 17:45:19,visible
RV00002810,OI000016057,O00009413,U001397,P000648,4,整体满意,0,2025-10-03 22:02:47,visible
RV00002811,OI000003169,O00001867,U003122,P000603,5,质量很好，符合预期,0,2025-08-18 14:39:32,visible
RV00002812,OI000012934,O00007570,U004739,P000250,5,整体满意,0,2025-05-29 19:17:10,visible
RV00002813,OI000019631,O00011521,U002973,P000364,5,质量很好，符合预期,0,2026-01-05 23:36:11,visible
RV00002814,OI000013053,O00007636,U003032,P001490,5,性价比不错,0,2025-04-29 23:44:55,visible
RV00002815,OI000019840,O00011643,U000653,P001402,5,性价比不错,1,2026-01-18 14:06:55,visible
RV00002816,OI000015628,O00009164,U002868,P000668,5,物流很快，包装完整,0,2025-04-29 06:31:14,visible
RV00002817,OI000020394,O00011962,U000053,P000967,5,整体满意,1,2026-03-28 22:15:11,visible
RV00002818,OI000003904,O00002319,U001490,P000704,3,物流很快，包装完整,0,2026-07-10 01:11:35,visible
RV00002819,OI000014091,O00008248,U001042,P001487,5,与描述有差异,0,2026-05-30 10:14:23,visible
RV00002820,OI000009549,O00005636,U003846,P000266,5,质量很好，符合预期,0,2026-01-24 12:57:17,visible
RV00002821,OI000016494,O00009667,U001321,P001261,4,物流很快，包装完整,0,2026-06-06 07:36:18,visible
RV00002822,OI000019861,O00011654,U001931,P001305,4,体验一般,0,2025-06-22 21:40:33,visible
RV00002823,OI000001860,O00001093,U002784,P001350,5,整体满意,1,2025-02-05 00:11:24,visible
RV00002824,OI000019153,O00011234,U001204,P000039,5,整体满意,1,2025-12-12 18:28:33,visible
RV00002825,OI000011546,O00006767,U003009,P000307,5,体验一般,0,2026-06-09 14:20:31,visible
RV00002826,OI000007099,O00004189,U003227,P000118,3,性价比不错,1,2025-06-19 21:03:14,visible
RV00002827,OI000019541,O00011464,U001816,P000077,4,整体满意,0,2026-06-03 03:40:27,visible
RV00002828,OI000006452,O00003812,U000708,P000416,2,整体满意,0,2025-10-07 09:54:15,visible
RV00002829,OI000001351,O00000778,U002202,P000990,5,整体满意,0,2025-11-29 01:42:48,visible
RV00002830,OI000014205,O00008316,U001586,P001313,1,质量很好，符合预期,0,2026-01-11 15:47:57,visible
RV00002831,OI000001539,O00000896,U000797,P000920,2,质量很好，符合预期,0,2026-01-22 16:16:25,visible
RV00002832,OI000000108,O00000065,U003059,P000133,5,体验一般,0,2026-05-17 04:41:53,visible
RV00002833,OI000002341,O00001370,U003234,P000074,5,质量很好，符合预期,0,2025-09-27 17:26:26,visible
RV00002834,OI000007312,O00004313,U002643,P000455,4,物流很快，包装完整,0,2026-05-28 12:08:23,visible
RV00002835,OI000019240,O00011286,U004194,P001298,5,性价比不错,0,2026-01-29 18:17:52,visible
RV00002836,OI000013696,O00008016,U003814,P001047,5,整体满意,0,2026-08-13 02:18:52,visible
RV00002837,OI000014364,O00008409,U002194,P000037,5,质量很好，符合预期,0,2026-02-16 20:43:59,visible
RV00002838,OI000005441,O00003232,U004392,P000764,5,质量很好，符合预期,0,2026-08-05 22:16:58,visible
RV00002839,OI000015392,O00009025,U003269,P000249,5,性价比不错,0,2025-07-02 00:44:18,visible
RV00002840,OI000008434,O00004965,U004226,P000923,5,与描述有差异,0,2025-08-09 20:55:01,visible
RV00002841,OI000019152,O00011234,U001204,P000439,4,物流很快，包装完整,0,2025-12-23 18:28:33,visible
RV00002842,OI000012648,O00007393,U002237,P000023,5,质量很好，符合预期,1,2025-07-14 22:09:39,visible
RV00002843,OI000002953,O00001744,U000954,P000611,4,体验一般,0,2025-06-16 23:00:13,visible
RV00002844,OI000011130,O00006534,U000339,P001468,4,质量很好，符合预期,0,2026-07-06 23:37:46,visible
RV00002845,OI000014130,O00008272,U001898,P000026,4,整体满意,1,2025-07-04 01:16:33,visible
RV00002846,OI000000613,O00000351,U002413,P000452,5,质量很好，符合预期,0,2025-06-26 18:22:17,visible
RV00002847,OI000015527,O00009100,U001165,P001372,5,性价比不错,0,2026-03-05 12:56:24,visible
RV00002848,OI000006375,O00003767,U002758,P000452,5,性价比不错,0,2026-08-28 10:34:10,visible
RV00002849,OI000005588,O00003317,U004865,P000525,5,整体满意,0,2026-04-06 04:17:20,visible
RV00002850,OI000015111,O00008852,U000441,P000375,1,质量很好，符合预期,0,2025-08-24 16:35:31,visible
RV00002851,OI000002477,O00001457,U001631,P001113,5,体验一般,0,2026-04-13 04:43:14,visible
RV00002852,OI000002842,O00001678,U002034,P000510,5,体验一般,0,2025-09-21 19:25:18,visible
RV00002853,OI000013354,O00007805,U001938,P000097,5,整体满意,0,2025-09-29 02:13:43,visible
RV00002854,OI000006010,O00003553,U002898,P000489,5,质量很好，符合预期,0,2026-04-29 19:32:46,visible
RV00002855,OI000010088,O00005932,U002760,P001274,5,物流很快，包装完整,0,2026-06-06 20:44:06,visible
RV00002856,OI000003428,O00002027,U000330,P001096,5,整体满意,0,2025-04-29 14:52:28,visible
RV00002857,OI000019755,O00011592,U004555,P000104,5,性价比不错,0,2025-07-05 04:53:24,visible
RV00002858,OI000007534,O00004443,U001622,P001025,4,物流很快，包装完整,0,2025-09-12 09:41:22,visible
RV00002859,OI000003302,O00001943,U000221,P000957,3,体验一般,0,2025-10-06 22:00:32,visible
RV00002860,OI000002286,O00001340,U004372,P000328,4,体验一般,0,2025-03-31 22:46:04,visible
RV00002861,OI000010525,O00006196,U000473,P001036,5,与描述有差异,0,2025-07-05 06:58:43,hidden
RV00002862,OI000017302,O00010136,U000466,P000021,5,整体满意,0,2025-05-12 07:59:54,visible
RV00002863,OI000003881,O00002304,U002856,P000696,5,性价比不错,0,2025-04-02 23:44:40,visible
RV00002864,OI000019743,O00011583,U003909,P001486,4,性价比不错,0,2025-09-14 05:07:26,visible
RV00002865,OI000010821,O00006359,U003356,P001341,5,体验一般,0,2026-02-10 09:51:18,visible
RV00002866,OI000017844,O00010448,U002273,P000727,5,质量很好，符合预期,1,2026-07-18 20:00:05,visible
RV00002867,OI000008071,O00004749,U004550,P000178,5,与描述有差异,1,2025-03-08 14:30:59,visible
RV00002868,OI000009562,O00005642,U001949,P000213,5,整体满意,0,2026-08-06 09:00:56,visible
RV00002869,OI000019406,O00011386,U001851,P001222,1,物流很快，包装完整,0,2025-06-02 13:07:47,visible
RV00002870,OI000009152,O00005399,U000506,P000648,5,体验一般,0,2026-07-23 20:16:44,visible
RV00002871,OI000017843,O00010448,U002273,P000807,2,整体满意,0,2026-06-21 20:00:05,visible
RV00002872,OI000010286,O00006052,U003996,P000605,5,质量很好，符合预期,0,2025-01-09 10:19:51,visible
RV00002873,OI000005788,O00003430,U001258,P000852,3,整体满意,0,2025-06-30 04:42:04,visible
RV00002874,OI000009111,O00005376,U000171,P000080,5,质量很好，符合预期,0,2025-10-16 21:39:36,visible
RV00002875,OI000011847,O00006936,U004721,P001082,5,整体满意,0,2025-06-03 20:38:15,visible
RV00002876,OI000013213,O00007729,U001232,P000855,5,整体满意,0,2025-07-13 00:38:42,visible
RV00002877,OI000014346,O00008399,U002499,P000269,5,整体满意,0,2025-04-12 00:52:05,visible
RV00002878,OI000001828,O00001069,U002193,P000682,5,质量很好，符合预期,0,2025-10-11 15:47:16,visible
RV00002879,OI000004990,O00002966,U002596,P001476,3,物流很快，包装完整,0,2025-06-07 05:36:42,visible
RV00002880,OI000012696,O00007422,U002027,P000359,2,整体满意,0,2025-12-06 18:18:10,visible
RV00002881,OI000019775,O00011603,U003225,P000598,4,质量很好，符合预期,0,2026-08-18 01:18:39,visible
RV00002882,OI000008612,O00005072,U000482,P001310,5,整体满意,0,2026-07-31 23:28:16,visible
RV00002883,OI000002946,O00001739,U002854,P001042,3,物流很快，包装完整,0,2026-03-16 01:10:18,visible
RV00002884,OI000002474,O00001455,U000326,P000854,5,质量很好，符合预期,0,2025-02-13 03:43:57,visible
RV00002885,OI000002202,O00001295,U001298,P000882,5,性价比不错,0,2025-02-04 23:22:40,visible
RV00002886,OI000000412,O00000238,U002431,P000065,5,质量很好，符合预期,0,2026-01-24 15:31:38,visible
RV00002887,OI000000371,O00000211,U003934,P000346,5,整体满意,0,2026-06-11 12:27:57,visible
RV00002888,OI000001261,O00000726,U003328,P001482,3,性价比不错,0,2025-08-21 03:41:26,visible
RV00002889,OI000006211,O00003671,U004069,P001497,5,整体满意,0,2026-06-22 11:42:41,visible
RV00002890,OI000018638,O00010928,U004671,P001175,3,质量很好，符合预期,1,2025-02-05 13:55:54,visible
RV00002891,OI000000955,O00000546,U000644,P001202,5,与描述有差异,0,2026-06-21 06:08:43,visible
RV00002892,OI000015521,O00009096,U002724,P001058,5,物流很快，包装完整,0,2025-03-12 16:06:14,visible
RV00002893,OI000008212,O00004832,U000913,P000097,5,质量很好，符合预期,0,2025-07-20 07:09:16,visible
RV00002894,OI000007425,O00004381,U002331,P000624,5,整体满意,0,2026-05-24 07:36:01,visible
RV00002895,OI000010091,O00005934,U004523,P000398,5,性价比不错,0,2025-11-27 05:24:48,visible
RV00002896,OI000012995,O00007603,U000031,P000039,3,整体满意,0,2025-09-05 14:25:05,visible
RV00002897,OI000002706,O00001596,U002529,P000532,3,与描述有差异,0,2026-03-01 05:52:31,visible
RV00002898,OI000016059,O00009414,U000775,P001331,4,性价比不错,0,2026-09-01 00:56:09,visible
RV00002899,OI000017838,O00010444,U002531,P001004,5,整体满意,0,2026-08-20 17:46:18,visible
RV00002900,OI000013033,O00007626,U003310,P000089,2,整体满意,0,2025-06-16 16:20:10,visible
RV00002901,OI000010204,O00006000,U000875,P001083,5,与描述有差异,0,2025-11-21 13:36:32,visible
RV00002902,OI000013934,O00008157,U004626,P000905,5,物流很快，包装完整,0,2026-03-26 03:16:12,visible
RV00002903,OI000006009,O00003553,U002898,P000409,4,性价比不错,0,2026-04-28 19:32:46,visible
RV00002904,OI000014579,O00008538,U003226,P001424,5,整体满意,0,2026-08-25 05:40:52,visible
RV00002905,OI000004934,O00002932,U001689,P000909,4,质量很好，符合预期,0,2025-03-22 21:31:34,visible
RV00002906,OI000008952,O00005275,U001470,P001180,5,整体满意,0,2025-09-12 01:38:42,visible
RV00002907,OI000007190,O00004241,U001278,P000588,5,整体满意,0,2025-08-25 00:46:36,visible
RV00002908,OI000007442,O00004391,U003193,P000113,4,性价比不错,1,2025-02-19 19:35:11,visible
RV00002909,OI000019288,O00011317,U003456,P001098,4,性价比不错,0,2025-09-23 07:05:38,hidden
RV00002910,OI000019548,O00011469,U003093,P000394,5,体验一般,0,2026-01-09 15:46:18,visible
RV00002911,OI000000468,O00000269,U000905,P000591,5,物流很快，包装完整,0,2026-08-15 08:21:06,visible
RV00002912,OI000006555,O00003873,U003321,P000353,5,整体满意,0,2026-02-12 19:00:16,visible
RV00002913,OI000007030,O00004145,U003175,P000975,5,与描述有差异,0,2026-05-12 18:49:34,visible
RV00002914,OI000008926,O00005259,U002289,P001494,5,整体满意,1,2025-01-22 13:08:20,visible
RV00002915,OI000020411,O00011969,U001214,P001302,4,性价比不错,0,2025-03-04 05:05:05,visible
RV00002916,OI000007465,O00004404,U004630,P000300,5,整体满意,0,2025-03-27 02:52:00,visible
RV00002917,OI000001286,O00000740,U003486,P000643,5,整体满意,0,2025-04-13 17:47:52,visible
RV00002918,OI000011299,O00006629,U002918,P000868,3,质量很好，符合预期,0,2025-04-11 00:12:47,hidden
RV00002919,OI000017023,O00009984,U003246,P000246,4,整体满意,0,2025-10-27 16:14:38,visible
RV00002920,OI000006728,O00003977,U000786,P000862,5,物流很快，包装完整,0,2026-06-01 14:52:15,visible
RV00002921,OI000005256,O00003127,U003342,P000875,5,质量很好，符合预期,0,2025-05-27 12:49:16,visible
RV00002922,OI000000522,O00000303,U000842,P001472,5,整体满意,0,2025-04-09 02:51:51,visible
RV00002923,OI000001922,O00001134,U002842,P000268,4,整体满意,0,2025-12-15 07:08:49,visible
RV00002924,OI000015208,O00008916,U002044,P000079,5,体验一般,0,2025-11-27 05:13:11,visible
RV00002925,OI000007043,O00004152,U004356,P000575,5,物流很快，包装完整,0,2025-11-08 06:46:05,visible
RV00002926,OI000015369,O00009010,U002878,P000286,5,与描述有差异,0,2025-06-22 10:30:06,visible
RV00002927,OI000003026,O00001786,U000030,P001209,3,整体满意,0,2026-06-11 03:17:45,visible
RV00002928,OI000008954,O00005277,U000024,P000291,5,整体满意,0,2026-08-29 05:34:44,visible
RV00002929,OI000005582,O00003312,U001840,P001037,5,质量很好，符合预期,0,2026-03-27 20:47:26,visible
RV00002930,OI000012704,O00007427,U004006,P001122,4,整体满意,0,2026-02-20 01:54:20,visible
RV00002931,OI000002080,O00001231,U003425,P000145,5,整体满意,0,2025-04-25 16:59:09,visible
RV00002932,OI000013522,O00007908,U003368,P001486,5,体验一般,0,2025-09-15 04:19:02,visible
RV00002933,OI000003916,O00002326,U001481,P001473,5,质量很好，符合预期,0,2025-09-27 17:44:09,visible
RV00002934,OI000014075,O00008239,U000160,P000556,5,体验一般,0,2025-03-09 22:16:01,visible
RV00002935,OI000010749,O00006318,U002005,P001435,5,物流很快，包装完整,0,2025-02-13 01:44:07,visible
RV00002936,OI000015308,O00008970,U001096,P000529,5,整体满意,0,2025-03-15 04:23:39,visible
RV00002937,OI000000081,O00000049,U002114,P000096,4,整体满意,0,2026-06-29 07:31:48,visible
RV00002938,OI000000074,O00000043,U002062,P000615,5,整体满意,0,2026-01-29 06:20:17,visible
RV00002939,OI000000979,O00000562,U002911,P001166,5,整体满意,0,2025-02-25 18:58:12,visible
RV00002940,OI000018704,O00010964,U003612,P001152,5,性价比不错,1,2025-07-02 14:35:06,visible
RV00002941,OI000002663,O00001571,U000067,P000798,1,物流很快，包装完整,0,2025-04-26 04:47:30,visible
RV00002942,OI000004496,O00002667,U003994,P000712,4,质量很好，符合预期,0,2026-02-11 12:03:35,visible
RV00002943,OI000019815,O00011628,U002093,P000491,5,性价比不错,0,2025-04-11 04:32:01,visible
RV00002944,OI000004412,O00002618,U004034,P000054,5,整体满意,0,2026-09-07 04:14:56,visible
RV00002945,OI000003710,O00002192,U001657,P000383,5,物流很快，包装完整,0,2025-01-29 08:03:46,visible
RV00002946,OI000018071,O00010587,U003753,P001104,4,性价比不错,0,2025-11-29 20:58:35,visible
RV00002947,OI000000092,O00000056,U003369,P001256,4,整体满意,0,2025-04-15 17:14:50,visible
RV00002948,OI000001413,O00000816,U000884,P001085,4,质量很好，符合预期,0,2025-12-09 19:49:52,visible
RV00002949,OI000019502,O00011440,U000047,P001016,3,物流很快，包装完整,0,2025-03-26 23:18:29,visible
RV00002950,OI000010394,O00006114,U002397,P000649,4,质量很好，符合预期,0,2025-02-11 06:21:22,visible
RV00002951,OI000009458,O00005580,U002496,P001367,4,质量很好，符合预期,0,2026-03-09 13:54:28,visible
RV00002952,OI000011374,O00006671,U003670,P000314,5,与描述有差异,0,2026-02-18 01:43:58,visible
RV00002953,OI000018422,O00010797,U004929,P000581,5,性价比不错,0,2026-03-07 11:41:43,visible
RV00002954,OI000013115,O00007671,U004752,P000415,5,物流很快，包装完整,0,2025-02-21 14:48:00,visible
RV00002955,OI000016077,O00009426,U002830,P001418,5,性价比不错,0,2026-06-06 20:33:52,visible
RV00002956,OI000017360,O00010169,U002851,P000816,5,性价比不错,0,2025-07-04 02:13:24,visible
RV00002957,OI000009889,O00005823,U001806,P000679,4,物流很快，包装完整,1,2026-07-24 13:44:21,visible
RV00002958,OI000020151,O00011826,U004209,P001319,5,整体满意,0,2025-12-15 22:11:00,visible
RV00002959,OI000004479,O00002659,U002653,P000370,5,整体满意,0,2025-02-03 16:55:50,visible
RV00002960,OI000001999,O00001183,U000685,P000439,5,性价比不错,0,2026-09-05 03:54:22,visible
RV00002961,OI000004196,O00002498,U002359,P001290,4,质量很好，符合预期,0,2025-11-09 10:00:44,visible
RV00002962,OI000018005,O00010547,U000563,P001450,4,性价比不错,1,2025-04-19 01:57:38,visible
RV00002963,OI000004659,O00002763,U003680,P001401,4,性价比不错,0,2025-05-24 05:10:05,visible
RV00002964,OI000020113,O00011800,U000598,P000261,5,物流很快，包装完整,0,2026-05-14 10:23:43,visible
RV00002965,OI000003166,O00001865,U003178,P000218,2,质量很好，符合预期,0,2026-01-10 06:57:06,visible
RV00002966,OI000009070,O00005355,U001638,P001391,3,与描述有差异,0,2026-07-02 21:55:01,visible
RV00002967,OI000016566,O00009715,U004537,P000940,5,整体满意,0,2026-04-16 04:39:04,visible
RV00002968,OI000014720,O00008616,U001438,P000952,5,质量很好，符合预期,1,2025-04-29 13:34:01,visible
RV00002969,OI000000855,O00000491,U004354,P000936,5,质量很好，符合预期,0,2025-08-25 04:06:38,visible
RV00002970,OI000018062,O00010583,U004320,P000468,1,性价比不错,0,2025-07-07 02:54:55,visible
RV00002971,OI000011103,O00006517,U003650,P001154,4,性价比不错,0,2025-12-04 22:37:40,visible
RV00002972,OI000000087,O00000052,U001804,P000449,4,物流很快，包装完整,0,2026-02-12 06:29:55,visible
RV00002973,OI000014104,O00008257,U002080,P000626,5,整体满意,0,2026-01-17 11:17:48,visible
RV00002974,OI000003437,O00002032,U004760,P000539,5,物流很快，包装完整,0,2026-01-05 21:23:42,visible
RV00002975,OI000018780,O00011010,U003492,P000057,4,整体满意,0,2026-08-31 04:15:23,visible
RV00002976,OI000007818,O00004607,U002649,P000073,4,质量很好，符合预期,0,2025-06-27 23:20:41,visible
RV00002977,OI000007723,O00004559,U004532,P000223,5,性价比不错,1,2026-08-09 02:05:16,visible
RV00002978,OI000019141,O00011228,U003610,P000500,5,质量很好，符合预期,0,2025-12-04 09:29:27,visible
RV00002979,OI000019947,O00011703,U000680,P000813,3,体验一般,0,2025-10-30 02:20:37,visible
RV00002980,OI000014821,O00008674,U004097,P000054,5,整体满意,0,2025-04-21 05:22:24,visible
RV00002981,OI000018567,O00010890,U001620,P001465,4,性价比不错,1,2025-04-18 21:46:59,visible
RV00002982,OI000019748,O00011586,U000032,P000521,5,整体满意,0,2025-06-03 19:21:06,visible
RV00002983,OI000015766,O00009244,U000833,P000355,5,整体满意,0,2026-01-02 19:41:53,visible
RV00002984,OI000010295,O00006058,U001747,P001059,5,整体满意,1,2025-03-28 03:07:40,visible
RV00002985,OI000013032,O00007626,U003310,P001129,4,整体满意,0,2025-06-22 16:20:10,visible
RV00002986,OI000007573,O00004467,U003916,P000456,3,整体满意,0,2026-08-07 21:07:07,visible
RV00002987,OI000003067,O00001808,U002472,P001280,4,性价比不错,0,2026-03-27 13:12:32,visible
RV00002988,OI000005141,O00003063,U000313,P001136,5,质量很好，符合预期,0,2025-04-23 13:21:17,visible
RV00002989,OI000003236,O00001903,U004993,P000857,4,性价比不错,0,2025-04-15 03:58:49,visible
RV00002990,OI000013617,O00007964,U004216,P000954,5,物流很快，包装完整,1,2026-06-19 10:19:39,visible
RV00002991,OI000013635,O00007978,U001298,P000975,3,质量很好，符合预期,0,2025-02-28 09:30:19,visible
RV00002992,OI000008822,O00005195,U003836,P000721,3,性价比不错,0,2025-07-08 04:41:46,visible
RV00002993,OI000020101,O00011794,U001485,P001280,4,质量很好，符合预期,0,2025-10-06 12:58:55,visible
RV00002994,OI000014714,O00008613,U000124,P001379,5,整体满意,1,2025-12-04 19:42:15,visible
RV00002995,OI000018967,O00011121,U002156,P000463,5,整体满意,0,2026-06-24 18:01:29,visible
RV00002996,OI000004896,O00002911,U000898,P000332,5,质量很好，符合预期,0,2026-07-17 02:50:22,visible
RV00002997,OI000012994,O00007603,U000031,P001159,4,性价比不错,0,2025-08-25 14:25:05,visible
RV00002998,OI000008396,O00004942,U001002,P001107,5,质量很好，符合预期,0,2025-07-23 20:25:44,visible
RV00002999,OI000003547,O00002094,U001243,P000960,4,与描述有差异,0,2025-07-20 14:36:04,visible
RV00003000,OI000010293,O00006056,U004682,P000626,5,整体满意,0,2025-12-28 12:27:05,visible
RV00003001,OI000009388,O00005535,U001170,P001500,5,整体满意,0,2025-02-20 12:25:24,visible
RV00003002,OI000010241,O00006023,U004086,P000019,4,与描述有差异,0,2025-04-19 17:28:01,visible
RV00003003,OI000013270,O00007761,U001792,P000336,5,质量很好，符合预期,0,2025-05-27 07:57:45,visible
RV00003004,OI000008096,O00004766,U000752,P000662,5,性价比不错,0,2025-02-19 06:55:20,visible
RV00003005,OI000008023,O00004715,U003574,P000124,4,质量很好，符合预期,0,2026-08-04 02:26:32,visible
RV00003006,OI000011003,O00006462,U001923,P000299,5,整体满意,0,2026-03-26 04:57:01,visible
RV00003007,OI000011764,O00006892,U000274,P001318,3,性价比不错,0,2026-03-05 20:32:39,visible
RV00003008,OI000015639,O00009172,U002971,P000555,5,质量很好，符合预期,0,2026-09-05 15:52:46,visible
RV00003009,OI000016774,O00009843,U002757,P000829,4,质量很好，符合预期,0,2025-02-18 13:18:35,visible
RV00003010,OI000012942,O00007575,U000763,P000089,5,物流很快，包装完整,0,2026-03-06 18:29:59,hidden
RV00003011,OI000013434,O00007851,U004301,P000198,1,物流很快，包装完整,0,2025-02-10 04:41:46,visible
RV00003012,OI000019752,O00011589,U001716,P000018,4,质量很好，符合预期,0,2025-05-15 01:04:37,visible
RV00003013,OI000012518,O00007323,U003412,P000058,5,体验一般,0,2025-05-21 10:30:43,visible
RV00003014,OI000006536,O00003863,U002040,P000653,5,物流很快，包装完整,0,2025-02-24 09:24:47,visible
RV00003015,OI000009813,O00005781,U000006,P001042,5,质量很好，符合预期,0,2025-08-19 05:48:58,visible
RV00003016,OI000008576,O00005045,U001259,P001009,1,质量很好，符合预期,0,2025-04-09 00:04:37,visible
RV00003017,OI000006770,O00004000,U002100,P001315,1,整体满意,0,2026-02-22 23:35:03,visible
RV00003018,OI000001065,O00000609,U000825,P000713,4,性价比不错,0,2026-04-20 22:06:57,visible
RV00003019,OI000001929,O00001138,U002166,P000354,5,整体满意,0,2025-02-23 03:21:19,visible
RV00003020,OI000002143,O00001263,U004148,P000633,5,整体满意,0,2026-02-23 13:48:22,visible
RV00003021,OI000009804,O00005776,U004084,P001027,3,整体满意,0,2025-02-24 17:38:32,visible
RV00003022,OI000011170,O00006558,U000498,P001052,1,质量很好，符合预期,0,2026-03-06 01:46:54,visible
RV00003023,OI000019006,O00011147,U001482,P000651,3,整体满意,0,2025-11-12 07:45:50,visible
RV00003024,OI000013892,O00008133,U004545,P000567,5,物流很快，包装完整,0,2025-10-15 14:09:19,visible
RV00003025,OI000019788,O00011612,U003313,P001413,5,整体满意,0,2026-08-10 23:31:50,visible
RV00003026,OI000006195,O00003662,U004652,P000961,4,质量很好，符合预期,0,2025-08-16 16:06:09,visible
RV00003027,OI000003637,O00002146,U003150,P000794,5,物流很快，包装完整,0,2025-03-28 22:30:06,visible
RV00003028,OI000009175,O00005413,U002671,P000109,5,整体满意,0,2026-07-18 19:30:58,visible
RV00003029,OI000004641,O00002753,U001171,P001423,5,质量很好，符合预期,0,2025-01-29 08:05:22,visible
RV00003030,OI000001487,O00000865,U004849,P000602,5,与描述有差异,0,2025-11-07 00:13:23,visible
RV00003031,OI000006647,O00003928,U000986,P000179,5,整体满意,0,2025-07-29 05:28:55,visible
RV00003032,OI000013306,O00007778,U003694,P000218,4,整体满意,0,2025-09-28 11:31:56,visible
RV00003033,OI000007517,O00004434,U001346,P000568,5,性价比不错,0,2026-05-21 04:23:20,visible
RV00003034,OI000011010,O00006466,U003715,P000820,5,体验一般,0,2026-04-10 21:49:54,visible
RV00003035,OI000003517,O00002075,U002626,P000361,5,整体满意,0,2025-07-28 22:42:36,visible
RV00003036,OI000002741,O00001617,U003793,P000098,2,质量很好，符合预期,0,2025-07-21 16:53:35,visible
RV00003037,OI000000385,O00000220,U000276,P000829,5,质量很好，符合预期,0,2026-02-12 21:50:15,visible
RV00003038,OI000012689,O00007418,U002584,P000810,4,与描述有差异,0,2025-07-09 22:32:53,visible
RV00003039,OI000000446,O00000256,U004893,P000835,4,整体满意,0,2026-01-18 06:26:06,visible
RV00003040,OI000020366,O00011947,U002918,P001428,5,与描述有差异,1,2025-02-20 03:31:06,visible
RV00003041,OI000006925,O00004088,U000142,P000635,5,性价比不错,0,2026-07-28 14:06:47,visible
RV00003042,OI000016148,O00009465,U000990,P001261,5,质量很好，符合预期,1,2025-05-09 18:16:58,visible
RV00003043,OI000013700,O00008019,U001004,P000272,3,物流很快，包装完整,0,2026-02-08 07:16:28,visible
RV00003044,OI000000976,O00000559,U004813,P001335,5,质量很好，符合预期,0,2026-06-01 23:15:02,visible
RV00003045,OI000017328,O00010151,U000253,P001391,5,与描述有差异,1,2026-06-02 02:00:47,visible
RV00003046,OI000007722,O00004558,U001779,P000986,4,性价比不错,0,2026-06-29 12:55:52,visible
RV00003047,OI000012979,O00007595,U004253,P001221,3,整体满意,0,2025-12-18 19:30:34,visible
RV00003048,OI000013145,O00007688,U001853,P000454,1,整体满意,0,2025-09-22 07:32:17,visible
RV00003049,OI000007623,O00004499,U001438,P000107,4,整体满意,0,2025-06-28 16:43:36,visible
RV00003050,OI000001529,O00000891,U001814,P000418,5,性价比不错,0,2025-11-04 10:29:05,visible
RV00003051,OI000002770,O00001633,U003821,P001428,4,与描述有差异,0,2026-08-03 04:55:37,visible
RV00003052,OI000000347,O00000194,U000376,P000097,5,质量很好，符合预期,0,2026-09-12 18:49:35,visible
RV00003053,OI000000959,O00000549,U003250,P000942,4,性价比不错,0,2026-07-01 16:34:00,visible
RV00003054,OI000019484,O00011427,U001546,P001119,5,质量很好，符合预期,1,2025-12-24 18:23:50,visible
RV00003055,OI000017637,O00010329,U001062,P001365,5,整体满意,0,2025-03-12 10:27:06,visible
RV00003056,OI000005178,O00003081,U003266,P000683,3,体验一般,0,2025-08-13 00:14:33,visible
RV00003057,OI000001685,O00000983,U002198,P001006,5,体验一般,0,2026-06-25 21:03:26,visible
RV00003058,OI000009403,O00005546,U002637,P000673,5,整体满意,0,2026-09-04 09:52:09,visible
RV00003059,OI000014330,O00008390,U004683,P000616,4,体验一般,0,2025-04-07 06:42:58,visible
RV00003060,OI000007309,O00004311,U000896,P000117,5,质量很好，符合预期,0,2025-04-24 18:46:02,visible
RV00003061,OI000013330,O00007790,U000912,P000250,5,质量很好，符合预期,0,2026-07-19 00:54:51,visible
RV00003062,OI000000196,O00000112,U000600,P001365,5,物流很快，包装完整,0,2025-11-27 19:53:28,visible
RV00003063,OI000005604,O00003326,U003543,P000466,4,性价比不错,0,2026-02-28 13:26:54,visible
RV00003064,OI000003942,O00002341,U003278,P001199,5,物流很快，包装完整,0,2025-07-28 16:45:05,visible
RV00003065,OI000005691,O00003376,U000932,P001081,4,与描述有差异,0,2025-05-12 01:20:49,visible
RV00003066,OI000004492,O00002666,U004480,P001116,5,整体满意,0,2026-02-13 04:12:46,visible
RV00003067,OI000017117,O00010037,U004262,P000602,4,物流很快，包装完整,0,2026-01-08 08:59:57,visible
RV00003068,OI000015104,O00008850,U002730,P000743,5,质量很好，符合预期,0,2025-08-10 23:40:51,visible
RV00003069,OI000013329,O00007789,U004361,P000517,4,物流很快，包装完整,0,2025-02-22 10:05:28,visible
RV00003070,OI000007276,O00004295,U004959,P000235,4,整体满意,0,2025-07-04 08:43:44,visible
RV00003071,OI000003099,O00001824,U000042,P001160,5,整体满意,1,2025-10-18 05:23:31,visible
RV00003072,OI000010002,O00005886,U004102,P001279,5,性价比不错,0,2025-07-26 01:12:50,visible
RV00003073,OI000000591,O00000339,U002249,P001303,5,整体满意,1,2026-01-11 11:50:43,visible
RV00003074,OI000006153,O00003635,U004121,P001117,5,整体满意,0,2026-01-30 15:03:19,visible
RV00003075,OI000015311,O00008972,U001834,P000932,5,体验一般,0,2025-10-10 16:53:47,visible
RV00003076,OI000012848,O00007521,U000821,P000348,5,质量很好，符合预期,0,2026-03-24 20:23:33,visible
RV00003077,OI000016024,O00009399,U004260,P001357,5,质量很好，符合预期,0,2026-05-03 06:54:51,visible
RV00003078,OI000009300,O00005486,U004106,P000990,4,与描述有差异,0,2025-04-03 20:51:46,visible
RV00003079,OI000002147,O00001264,U002351,P001201,5,整体满意,0,2025-11-24 22:58:31,visible
RV00003080,OI000003451,O00002039,U004659,P001429,5,质量很好，符合预期,1,2025-04-13 15:59:16,visible
RV00003081,OI000001796,O00001051,U003922,P001432,4,性价比不错,0,2025-05-19 00:49:37,visible
RV00003082,OI000002961,O00001749,U003671,P001479,5,整体满意,0,2026-02-10 05:47:35,visible
RV00003083,OI000002881,O00001701,U002101,P000960,3,性价比不错,0,2026-05-15 10:53:03,visible
RV00003084,OI000015515,O00009093,U001624,P000821,4,整体满意,0,2026-06-25 22:27:11,visible
RV00003085,OI000012710,O00007431,U001585,P001264,4,质量很好，符合预期,0,2025-12-18 22:26:42,visible
RV00003086,OI000006671,O00003943,U003546,P001296,2,体验一般,0,2025-02-05 06:37:53,visible
RV00003087,OI000011638,O00006823,U002225,P000469,5,质量很好，符合预期,0,2025-03-20 20:26:47,visible
RV00003088,OI000008465,O00004984,U004140,P000245,5,体验一般,1,2025-05-13 09:53:47,visible
RV00003089,OI000019551,O00011471,U001986,P001233,5,体验一般,0,2025-02-07 19:49:50,visible
RV00003090,OI000016718,O00009809,U002564,P001142,5,物流很快，包装完整,0,2025-01-11 16:16:18,visible
RV00003091,OI000013400,O00007831,U003783,P000373,5,与描述有差异,0,2025-12-11 02:47:47,visible
RV00003092,OI000005695,O00003377,U002449,P001271,5,性价比不错,0,2026-04-01 01:59:47,visible
RV00003093,OI000006930,O00004091,U001992,P001007,2,质量很好，符合预期,0,2025-06-14 20:44:08,visible
RV00003094,OI000013728,O00008035,U003824,P000423,5,质量很好，符合预期,0,2025-12-30 19:31:36,visible
RV00003095,OI000006710,O00003968,U004367,P000238,2,与描述有差异,0,2025-01-22 19:27:01,visible
RV00003096,OI000007839,O00004617,U004596,P000911,5,质量很好，符合预期,0,2025-09-26 23:39:29,visible
RV00003097,OI000012755,O00007465,U002921,P000755,5,质量很好，符合预期,0,2025-12-19 20:48:08,visible
RV00003098,OI000011180,O00006566,U000562,P001440,5,整体满意,0,2025-09-02 23:02:55,visible
RV00003099,OI000003917,O00002327,U002168,P000998,5,性价比不错,0,2026-07-27 02:45:41,visible
RV00003100,OI000012897,O00007549,U003786,P000187,5,物流很快，包装完整,0,2026-01-23 10:54:18,visible
RV00003101,OI000008896,O00005241,U000953,P000622,5,体验一般,0,2026-03-11 02:14:07,visible
RV00003102,OI000008591,O00005058,U004374,P000586,2,性价比不错,0,2025-10-25 11:13:44,visible
RV00003103,OI000004228,O00002514,U003663,P001247,4,性价比不错,0,2025-03-27 10:48:32,visible
RV00003104,OI000018296,O00010722,U004862,P001490,2,物流很快，包装完整,0,2025-03-31 07:26:59,visible
RV00003105,OI000018787,O00011014,U004424,P001498,4,整体满意,0,2026-07-10 08:39:31,visible
RV00003106,OI000002939,O00001736,U001562,P000799,3,性价比不错,0,2026-03-27 21:31:16,visible
RV00003107,OI000006499,O00003843,U002936,P000340,4,体验一般,0,2025-10-31 04:26:12,visible
RV00003108,OI000011225,O00006589,U003659,P000703,5,物流很快，包装完整,0,2025-07-02 11:32:32,visible
RV00003109,OI000016442,O00009635,U000186,P000210,5,性价比不错,0,2026-05-12 19:27:50,visible
RV00003110,OI000002263,O00001328,U000762,P000011,5,质量很好，符合预期,0,2026-09-13 19:30:51,visible
RV00003111,OI000007487,O00004419,U002887,P001166,5,整体满意,0,2025-09-05 19:36:48,visible
RV00003112,OI000010733,O00006310,U003720,P000473,5,物流很快，包装完整,0,2026-06-27 05:16:57,visible
RV00003113,OI000018911,O00011087,U004415,P000848,3,质量很好，符合预期,0,2025-10-16 14:05:50,visible
RV00003114,OI000019590,O00011492,U003971,P000034,5,质量很好，符合预期,1,2026-02-17 15:20:51,visible
RV00003115,OI000005641,O00003346,U003734,P000236,4,物流很快，包装完整,0,2026-01-02 17:27:17,visible
RV00003116,OI000020098,O00011792,U003539,P001061,5,体验一般,1,2026-03-29 16:03:10,visible
RV00003117,OI000013181,O00007711,U002945,P000620,4,性价比不错,0,2025-09-07 08:30:16,visible
RV00003118,OI000005226,O00003110,U002159,P001106,1,整体满意,0,2025-04-07 15:47:39,visible
RV00003119,OI000016306,O00009558,U001350,P000883,5,与描述有差异,0,2026-04-20 04:56:38,visible
RV00003120,OI000015523,O00009097,U000406,P000178,4,质量很好，符合预期,0,2026-03-13 11:56:47,visible
RV00003121,OI000009982,O00005873,U000496,P000690,4,物流很快，包装完整,0,2026-04-19 21:39:50,visible
RV00003122,OI000013054,O00007636,U003032,P000130,3,性价比不错,0,2025-05-13 23:44:55,visible
RV00003123,OI000006058,O00003582,U000366,P001425,5,性价比不错,0,2026-02-28 13:22:19,visible
RV00003124,OI000011206,O00006579,U001561,P000261,5,体验一般,0,2026-05-23 06:38:19,visible
RV00003125,OI000019417,O00011390,U001605,P000412,2,质量很好，符合预期,0,2025-10-03 00:01:30,visible
RV00003126,OI000013802,O00008075,U001847,P000810,5,性价比不错,0,2025-07-05 15:12:41,visible
RV00003127,OI000011731,O00006870,U001602,P000585,5,物流很快，包装完整,0,2025-02-13 12:44:17,visible
RV00003128,OI000019874,O00011662,U001318,P000635,4,整体满意,0,2025-09-05 14:20:01,visible
RV00003129,OI000002012,O00001190,U000112,P001416,4,物流很快，包装完整,0,2025-03-21 05:59:58,visible
RV00003130,OI000016463,O00009645,U004822,P000018,5,性价比不错,0,2026-05-10 19:41:29,visible
RV00003131,OI000016907,O00009917,U002085,P000181,5,性价比不错,0,2025-06-06 05:21:50,visible
RV00003132,OI000018937,O00011102,U001852,P000659,2,性价比不错,0,2025-04-27 18:54:07,visible
RV00003133,OI000018440,O00010809,U002173,P000164,5,整体满意,1,2026-08-15 07:54:14,visible
RV00003134,OI000016798,O00009856,U004285,P001173,4,质量很好，符合预期,0,2025-08-16 21:14:39,visible
RV00003135,OI000015793,O00009259,U003776,P001113,4,性价比不错,0,2025-09-30 22:14:32,visible
RV00003136,OI000011461,O00006718,U004644,P000589,5,质量很好，符合预期,1,2025-05-25 19:24:46,visible
RV00003137,OI000004638,O00002752,U000024,P000899,5,物流很快，包装完整,0,2025-06-10 17:16:25,visible
RV00003138,OI000012878,O00007540,U001073,P000908,5,质量很好，符合预期,0,2026-07-31 02:07:22,visible
RV00003139,OI000001106,O00000631,U003656,P000931,3,性价比不错,0,2025-06-07 12:09:04,visible
RV00003140,OI000015721,O00009218,U000631,P000899,1,物流很快，包装完整,1,2025-08-29 17:46:24,visible
RV00003141,OI000000376,O00000214,U004865,P000100,5,与描述有差异,0,2025-11-17 10:02:04,visible
RV00003142,OI000008152,O00004794,U002099,P000127,5,体验一般,0,2026-05-10 00:00:39,visible
RV00003143,OI000010033,O00005902,U004753,P000118,5,性价比不错,0,2026-08-06 00:09:29,visible
RV00003144,OI000018089,O00010598,U003474,P000886,3,整体满意,0,2025-02-04 08:18:28,visible
RV00003145,OI000007653,O00004520,U000027,P001265,5,体验一般,0,2025-10-25 12:24:49,visible
RV00003146,OI000011433,O00006705,U004444,P000514,3,性价比不错,0,2025-03-13 00:10:04,visible
RV00003147,OI000016975,O00009957,U004660,P000776,5,质量很好，符合预期,0,2026-09-02 05:39:15,visible
RV00003148,OI000013410,O00007837,U001045,P000702,4,性价比不错,0,2026-03-12 10:47:35,visible
RV00003149,OI000011759,O00006890,U002910,P000518,4,整体满意,0,2025-01-30 06:07:47,visible
RV00003150,OI000019942,O00011699,U004610,P000569,3,性价比不错,1,2025-04-15 23:44:56,visible
RV00003151,OI000013954,O00008171,U004501,P000955,5,质量很好，符合预期,1,2025-03-11 02:56:56,visible
RV00003152,OI000018884,O00011071,U000940,P000815,5,整体满意,0,2026-03-26 00:51:32,visible
RV00003153,OI000015035,O00008806,U000930,P001190,4,物流很快，包装完整,0,2025-04-11 16:45:25,visible
RV00003154,OI000007800,O00004597,U004018,P000283,4,质量很好，符合预期,1,2026-06-13 02:07:56,visible
RV00003155,OI000013419,O00007844,U000274,P000198,5,质量很好，符合预期,0,2025-05-05 10:34:43,visible
RV00003156,OI000009960,O00005863,U000140,P000782,1,质量很好，符合预期,1,2025-06-14 13:34:45,visible
RV00003157,OI000000549,O00000318,U004664,P000636,5,与描述有差异,0,2026-02-11 06:05:37,visible
RV00003158,OI000010442,O00006144,U002681,P000262,5,质量很好，符合预期,1,2025-04-27 17:41:55,visible
RV00003159,OI000002960,O00001748,U003123,P001307,5,整体满意,0,2026-05-03 21:41:05,visible
RV00003160,OI000019066,O00011181,U003303,P000763,5,质量很好，符合预期,0,2026-07-18 21:54:39,visible
RV00003161,OI000002889,O00001708,U002935,P000005,5,体验一般,1,2026-04-13 12:46:00,visible
RV00003162,OI000012140,O00007108,U003299,P001197,5,整体满意,1,2026-08-27 20:11:28,visible
RV00003163,OI000006433,O00003801,U001712,P001282,5,体验一般,0,2025-12-05 23:19:33,hidden
RV00003164,OI000006620,O00003913,U002437,P000796,4,物流很快，包装完整,0,2026-04-21 08:35:21,visible
RV00003165,OI000015297,O00008964,U000836,P000010,4,整体满意,0,2025-12-10 05:05:49,visible
RV00003166,OI000009972,O00005869,U004411,P000957,5,质量很好，符合预期,0,2025-10-12 04:25:17,visible
RV00003167,OI000013231,O00007738,U004330,P001208,5,整体满意,0,2025-07-14 15:27:23,visible
RV00003168,OI000004421,O00002624,U000911,P000813,4,整体满意,0,2026-05-06 07:25:26,visible
RV00003169,OI000004271,O00002542,U004410,P000461,3,质量很好，符合预期,0,2025-06-19 05:28:07,visible
RV00003170,OI000001025,O00000588,U000789,P000377,3,性价比不错,0,2025-07-21 23:55:42,visible
RV00003171,OI000014676,O00008590,U002998,P001243,5,整体满意,0,2025-09-26 20:35:55,visible
RV00003172,OI000011159,O00006551,U002456,P001262,3,整体满意,1,2026-06-26 19:18:47,visible
RV00003173,OI000014150,O00008282,U000944,P000551,5,整体满意,0,2026-01-20 00:54:39,visible
RV00003174,OI000000379,O00000216,U004663,P000454,4,质量很好，符合预期,0,2026-08-21 16:27:36,visible
RV00003175,OI000008702,O00005125,U000785,P000244,5,与描述有差异,1,2025-09-18 07:14:29,visible
RV00003176,OI000018123,O00010619,U002605,P000158,5,与描述有差异,0,2025-06-29 21:55:23,visible
RV00003177,OI000018822,O00011035,U002927,P000798,5,质量很好，符合预期,0,2025-08-07 04:38:28,visible
RV00003178,OI000020003,O00011733,U004174,P000105,4,物流很快，包装完整,0,2026-02-07 11:44:07,hidden
RV00003179,OI000001522,O00000888,U004435,P000501,5,质量很好，符合预期,0,2026-07-16 14:23:20,visible
RV00003180,OI000019307,O00011325,U004897,P000295,4,性价比不错,0,2026-05-19 16:33:24,visible
RV00003181,OI000019715,O00011565,U004224,P001102,5,体验一般,1,2025-08-04 03:27:00,visible
RV00003182,OI000009546,O00005635,U002911,P001231,5,质量很好，符合预期,0,2025-10-22 12:07:19,visible
RV00003183,OI000015281,O00008954,U001871,P000308,5,质量很好，符合预期,0,2025-04-13 05:41:54,visible
RV00003184,OI000017275,O00010122,U002615,P000620,4,质量很好，符合预期,0,2025-08-05 02:06:16,visible
RV00003185,OI000019813,O00011627,U002682,P001029,4,性价比不错,0,2025-02-05 05:22:10,visible
RV00003186,OI000016894,O00009910,U002591,P000661,4,体验一般,0,2025-08-20 23:28:07,visible
RV00003187,OI000006672,O00003944,U002312,P001048,5,整体满意,0,2026-04-27 22:41:07,visible
RV00003188,OI000017143,O00010056,U001571,P000285,5,性价比不错,0,2025-12-14 16:59:25,visible
RV00003189,OI000014669,O00008585,U001637,P000833,4,质量很好，符合预期,0,2026-03-31 22:17:10,visible
RV00003190,OI000008845,O00005210,U003432,P000358,5,质量很好，符合预期,0,2026-02-14 18:29:05,visible
RV00003191,OI000019352,O00011355,U000553,P001007,5,质量很好，符合预期,0,2025-09-20 18:38:45,visible
RV00003192,OI000009789,O00005768,U002889,P000404,4,整体满意,1,2025-12-26 05:23:47,visible
RV00003193,OI000017025,O00009985,U004479,P001391,5,质量很好，符合预期,0,2025-09-28 15:00:31,visible
RV00003194,OI000013938,O00008160,U000909,P000154,5,质量很好，符合预期,0,2026-08-01 18:53:46,visible
RV00003195,OI000014568,O00008533,U001011,P000886,5,体验一般,0,2026-03-13 23:51:49,visible
RV00003196,OI000012551,O00007342,U000426,P000829,5,质量很好，符合预期,0,2026-02-25 11:51:01,visible
RV00003197,OI000005122,O00003053,U003283,P001388,4,整体满意,0,2026-01-24 21:10:51,visible
RV00003198,OI000008278,O00004875,U001797,P000400,1,质量很好，符合预期,0,2026-02-23 04:19:55,visible
RV00003199,OI000000657,O00000377,U001039,P000979,5,性价比不错,0,2025-10-30 06:42:55,visible
RV00003200,OI000002419,O00001417,U002381,P000878,3,物流很快，包装完整,0,2025-03-04 21:00:07,visible
RV00003201,OI000006998,O00004125,U004383,P001306,4,整体满意,0,2025-08-06 17:40:04,visible
RV00003202,OI000006389,O00003776,U003612,P000963,4,性价比不错,1,2025-04-27 10:47:51,visible
RV00003203,OI000002430,O00001426,U003536,P000559,5,质量很好，符合预期,0,2025-07-27 11:55:41,visible
RV00003204,OI000002551,O00001503,U002986,P000125,5,性价比不错,0,2025-04-15 13:59:04,visible
RV00003205,OI000007272,O00004293,U004573,P000409,5,体验一般,0,2026-05-27 05:29:44,visible
RV00003206,OI000017544,O00010268,U000616,P000109,5,物流很快，包装完整,0,2026-04-27 20:40:29,visible
RV00003207,OI000014654,O00008577,U000429,P000067,5,体验一般,0,2026-03-13 18:28:33,visible
RV00003208,OI000016618,O00009748,U000058,P000009,5,体验一般,0,2026-06-19 10:38:47,visible
RV00003209,OI000013258,O00007754,U004050,P001431,3,体验一般,0,2025-09-23 02:25:04,visible
RV00003210,OI000009107,O00005374,U002420,P000484,5,质量很好，符合预期,0,2025-07-16 22:25:17,visible
RV00003211,OI000008300,O00004888,U000393,P000190,5,体验一般,1,2025-08-03 00:00:15,visible
RV00003212,OI000012803,O00007496,U001619,P000666,4,物流很快，包装完整,0,2025-04-09 19:18:15,visible
RV00003213,OI000019309,O00011326,U000119,P000830,5,性价比不错,0,2025-12-04 23:21:39,hidden
RV00003214,OI000002754,O00001625,U004258,P001007,5,整体满意,0,2026-06-24 10:57:56,visible
RV00003215,OI000005546,O00003296,U000303,P001105,5,与描述有差异,0,2025-12-23 21:26:19,visible
RV00003216,OI000014285,O00008360,U004462,P001133,1,整体满意,0,2026-05-19 00:31:57,visible
RV00003217,OI000005119,O00003050,U001295,P000898,5,整体满意,0,2025-10-17 16:34:21,visible
RV00003218,OI000012450,O00007286,U003682,P000758,3,质量很好，符合预期,1,2026-07-14 11:01:22,visible
RV00003219,OI000006191,O00003658,U002000,P000906,5,体验一般,0,2025-12-12 19:50:46,visible
RV00003220,OI000016388,O00009605,U004933,P000489,3,性价比不错,1,2026-01-24 16:47:19,visible
RV00003221,OI000010627,O00006250,U002017,P001168,4,与描述有差异,0,2026-05-18 10:40:18,visible
RV00003222,OI000020217,O00011864,U000099,P000767,4,物流很快，包装完整,1,2026-04-02 08:26:06,visible
RV00003223,OI000015462,O00009062,U004040,P001490,5,性价比不错,0,2025-01-22 03:36:41,visible
RV00003224,OI000008035,O00004725,U004865,P000074,5,质量很好，符合预期,0,2025-12-31 17:38:44,visible
RV00003225,OI000001512,O00000883,U002686,P001032,5,性价比不错,0,2026-08-21 10:27:42,visible
RV00003226,OI000019245,O00011289,U004658,P000128,5,物流很快，包装完整,0,2025-02-04 22:39:47,visible
RV00003227,OI000015863,O00009303,U002061,P000449,5,与描述有差异,0,2026-02-24 22:56:49,visible
RV00003228,OI000004587,O00002718,U003364,P001225,4,性价比不错,0,2025-12-30 01:08:32,visible
RV00003229,OI000004900,O00002915,U000128,P001181,4,整体满意,0,2026-02-10 03:33:12,visible
RV00003230,OI000020065,O00011775,U002999,P000393,3,物流很快，包装完整,0,2026-08-16 20:53:31,visible
RV00003231,OI000012019,O00007030,U000726,P001106,5,性价比不错,0,2025-05-11 02:32:36,visible
RV00003232,OI000017411,O00010199,U002859,P001257,4,性价比不错,0,2025-09-07 05:29:17,visible
RV00003233,OI000004294,O00002556,U002298,P000185,4,体验一般,0,2025-12-19 13:58:31,visible
RV00003234,OI000006957,O00004108,U003034,P001168,3,体验一般,0,2026-02-18 18:58:00,visible
RV00003235,OI000012929,O00007568,U001896,P001385,5,整体满意,0,2026-01-25 18:14:30,visible
RV00003236,OI000017294,O00010132,U004602,P000597,2,质量很好，符合预期,0,2026-04-01 12:50:03,visible
RV00003237,OI000014977,O00008766,U000716,P001233,5,体验一般,0,2026-06-23 15:36:20,visible
RV00003238,OI000014056,O00008228,U000511,P000720,3,物流很快，包装完整,0,2025-12-15 06:24:40,visible
RV00003239,OI000018833,O00011043,U000012,P000770,3,性价比不错,0,2026-02-15 18:56:34,visible
RV00003240,OI000003850,O00002283,U001982,P000341,5,体验一般,0,2026-05-04 06:44:19,visible
RV00003241,OI000020160,O00011831,U003961,P000785,5,质量很好，符合预期,0,2025-02-10 12:16:14,visible
RV00003242,OI000005423,O00003221,U001027,P001312,4,整体满意,0,2026-05-15 05:07:39,visible
RV00003243,OI000012691,O00007419,U002965,P001370,3,质量很好，符合预期,0,2026-04-11 16:49:41,visible
RV00003244,OI000008204,O00004829,U002755,P000918,4,整体满意,0,2025-04-10 05:52:10,visible
RV00003245,OI000009222,O00005433,U004961,P000340,4,物流很快，包装完整,0,2025-05-24 05:45:01,visible
RV00003246,OI000015801,O00009267,U000349,P000287,5,物流很快，包装完整,0,2025-11-11 02:15:21,visible
RV00003247,OI000006707,O00003966,U003221,P001038,5,性价比不错,0,2025-12-09 21:33:23,visible
RV00003248,OI000005068,O00003016,U004040,P001496,1,质量很好，符合预期,1,2026-02-04 09:37:40,visible
RV00003249,OI000014984,O00008771,U001199,P001474,5,体验一般,0,2026-07-17 22:43:25,visible
RV00003250,OI000013323,O00007785,U001910,P001390,3,质量很好，符合预期,0,2025-03-14 00:56:01,visible
RV00003251,OI000001874,O00001102,U002071,P000417,5,性价比不错,0,2026-06-25 00:35:10,visible
RV00003252,OI000005104,O00003039,U001506,P001108,4,性价比不错,0,2026-01-25 10:47:47,visible
RV00003253,OI000006295,O00003721,U000343,P000956,5,质量很好，符合预期,0,2025-10-31 22:13:11,visible
RV00003254,OI000015133,O00008868,U000165,P000857,5,质量很好，符合预期,0,2025-10-10 22:56:04,visible
RV00003255,OI000002418,O00001417,U002381,P001038,5,整体满意,0,2025-02-19 21:00:07,visible
RV00003256,OI000009917,O00005843,U001640,P000236,5,物流很快，包装完整,0,2026-04-06 06:08:17,visible
RV00003257,OI000011535,O00006758,U000325,P001211,5,物流很快，包装完整,0,2026-08-23 10:43:00,visible
RV00003258,OI000002856,O00001686,U002784,P000757,5,整体满意,0,2025-02-23 08:37:14,visible
RV00003259,OI000015877,O00009314,U001512,P000588,3,整体满意,0,2025-12-14 19:22:53,visible
RV00003260,OI000010717,O00006300,U003312,P000185,3,物流很快，包装完整,0,2025-08-09 20:52:03,visible
RV00003261,OI000010198,O00005997,U003148,P001277,5,质量很好，符合预期,0,2026-08-17 16:06:34,visible
RV00003262,OI000015675,O00009190,U004387,P000577,5,整体满意,1,2026-03-21 21:35:04,visible
RV00003263,OI000015253,O00008938,U003881,P000313,5,性价比不错,0,2026-04-13 14:14:35,visible
RV00003264,OI000004591,O00002720,U002806,P000301,5,整体满意,0,2025-05-16 17:11:34,visible
RV00003265,OI000014637,O00008568,U001167,P000324,1,质量很好，符合预期,1,2026-04-04 05:23:34,visible
RV00003266,OI000006262,O00003701,U001961,P000304,4,质量很好，符合预期,0,2025-06-03 01:44:33,visible
RV00003267,OI000014395,O00008428,U001307,P000630,4,整体满意,1,2026-03-07 04:43:58,visible
RV00003268,OI000002490,O00001467,U004866,P001459,3,整体满意,0,2025-07-18 21:44:47,visible
RV00003269,OI000010342,O00006086,U004222,P000866,5,性价比不错,0,2025-12-08 20:05:25,visible
RV00003270,OI000004141,O00002467,U004706,P000549,5,性价比不错,0,2025-12-23 16:01:10,visible
RV00003271,OI000003247,O00001910,U000011,P000926,4,整体满意,0,2026-03-21 19:18:28,visible
RV00003272,OI000003379,O00001993,U003711,P000140,5,体验一般,0,2025-12-12 14:22:39,visible
RV00003273,OI000020311,O00011915,U004751,P000001,4,性价比不错,0,2025-04-25 07:45:06,visible
RV00003274,OI000006129,O00003620,U004873,P000208,4,整体满意,0,2025-05-10 03:18:01,visible
RV00003275,OI000011346,O00006654,U000141,P000885,1,性价比不错,0,2025-02-13 05:17:49,visible
RV00003276,OI000004395,O00002612,U003890,P001108,5,质量很好，符合预期,0,2025-10-23 16:05:54,visible
RV00003277,OI000016178,O00009484,U004129,P000408,5,与描述有差异,0,2025-08-30 06:57:52,visible
RV00003278,OI000000889,O00000508,U004942,P001190,5,质量很好，符合预期,1,2025-02-14 09:05:24,visible
RV00003279,OI000010212,O00006003,U004749,P000626,5,性价比不错,0,2026-07-19 15:59:51,visible
RV00003280,OI000016887,O00009907,U002620,P001336,5,性价比不错,0,2025-08-23 21:24:15,visible
RV00003281,OI000005706,O00003384,U003301,P000747,5,体验一般,0,2026-01-06 07:14:47,visible
RV00003282,OI000014132,O00008273,U000936,P000279,5,性价比不错,0,2026-03-15 08:22:27,visible
RV00003283,OI000002523,O00001486,U000289,P000328,5,物流很快，包装完整,0,2025-02-02 04:38:47,visible
RV00003284,OI000015238,O00008933,U000175,P000400,5,整体满意,0,2026-01-14 22:25:40,visible
RV00003285,OI000008771,O00005165,U003350,P001156,4,质量很好，符合预期,0,2025-06-24 09:01:16,visible
RV00003286,OI000015195,O00008908,U002310,P001102,5,性价比不错,0,2026-02-01 18:25:43,visible
RV00003287,OI000019855,O00011651,U000003,P000464,5,性价比不错,0,2025-01-30 19:35:47,visible
RV00003288,OI000005016,O00002982,U003494,P001448,5,性价比不错,0,2025-10-20 23:24:51,visible
RV00003289,OI000013735,O00008039,U000717,P000078,4,质量很好，符合预期,0,2026-01-20 03:16:33,visible
RV00003290,OI000002766,O00001631,U000445,P001232,5,质量很好，符合预期,0,2026-08-12 09:32:38,visible
RV00003291,OI000009769,O00005758,U004023,P000633,5,质量很好，符合预期,0,2025-09-16 05:17:24,visible
RV00003292,OI000006107,O00003607,U002821,P000837,5,体验一般,0,2025-09-18 13:45:06,visible
RV00003293,OI000011944,O00006988,U004064,P001291,3,整体满意,0,2026-01-23 10:30:00,visible
RV00003294,OI000003087,O00001818,U002104,P000147,4,整体满意,0,2026-06-09 09:14:49,visible
RV00003295,OI000016116,O00009448,U003959,P000353,5,物流很快，包装完整,0,2025-08-27 15:56:42,visible
RV00003296,OI000002767,O00001632,U001637,P001275,3,物流很快，包装完整,0,2026-01-16 11:22:37,visible
RV00003297,OI000007714,O00004552,U004883,P001346,5,物流很快，包装完整,1,2025-01-05 17:16:30,visible
RV00003298,OI000012746,O00007458,U004212,P001242,4,体验一般,0,2026-04-15 15:26:15,visible
RV00003299,OI000004881,O00002903,U000004,P001116,5,质量很好，符合预期,0,2025-02-15 21:50:04,visible
RV00003300,OI000019509,O00011444,U004200,P000213,5,物流很快，包装完整,0,2025-10-05 05:21:05,visible
RV00003301,OI000001710,O00000999,U002719,P000741,4,物流很快，包装完整,0,2026-08-25 18:44:49,visible
RV00003302,OI000019769,O00011601,U000625,P001032,2,性价比不错,0,2026-05-04 13:49:15,visible
RV00003303,OI000014106,O00008258,U002374,P001374,5,质量很好，符合预期,0,2026-03-22 17:26:53,visible
RV00003304,OI000018281,O00010714,U001880,P001175,5,整体满意,0,2025-10-28 14:45:16,visible
RV00003305,OI000007105,O00004193,U004431,P001054,5,性价比不错,0,2025-02-17 19:20:02,visible
RV00003306,OI000005522,O00003279,U000283,P001474,4,质量很好，符合预期,0,2026-05-01 01:58:38,visible
RV00003307,OI000013891,O00008133,U004545,P000327,5,质量很好，符合预期,0,2025-10-21 14:09:19,visible
RV00003308,OI000013000,O00007607,U002191,P000995,5,物流很快，包装完整,0,2026-01-12 03:23:07,visible
RV00003309,OI000014397,O00008429,U002622,P000216,5,质量很好，符合预期,1,2026-04-01 14:05:00,visible
RV00003310,OI000009219,O00005432,U000748,P000695,2,整体满意,0,2026-02-09 13:59:48,visible
RV00003311,OI000005150,O00003068,U000765,P000232,5,物流很快，包装完整,0,2025-12-17 12:55:24,visible
RV00003312,OI000016109,O00009443,U002592,P000282,5,整体满意,0,2026-08-29 23:34:13,visible
RV00003313,OI000001946,O00001151,U004552,P001301,1,整体满意,0,2026-08-04 19:23:57,visible
RV00003314,OI000003241,O00001906,U003834,P001005,3,物流很快，包装完整,0,2026-01-17 23:46:23,visible
RV00003315,OI000000064,O00000038,U001949,P000646,5,性价比不错,0,2026-04-05 10:12:21,visible
RV00003316,OI000011739,O00006877,U002605,P001153,5,质量很好，符合预期,0,2025-02-18 15:00:00,visible
RV00003317,OI000005701,O00003381,U002615,P000606,5,与描述有差异,0,2025-03-05 08:24:02,visible
RV00003318,OI000008818,O00005191,U001834,P000959,5,物流很快，包装完整,1,2025-06-17 17:32:03,visible
RV00003319,OI000014917,O00008730,U004901,P000513,3,整体满意,0,2025-06-14 09:53:21,visible
RV00003320,OI000017836,O00010443,U001397,P000320,3,性价比不错,0,2025-08-03 15:17:36,visible
RV00003321,OI000006149,O00003631,U002245,P000136,5,物流很快，包装完整,0,2026-02-18 16:18:31,visible
RV00003322,OI000014274,O00008354,U000623,P000468,5,物流很快，包装完整,1,2025-07-02 08:20:15,visible
RV00003323,OI000009815,O00005782,U001671,P000084,4,体验一般,1,2026-04-08 19:16:59,visible
RV00003324,OI000013968,O00008179,U004948,P001092,3,物流很快，包装完整,0,2025-11-04 02:56:21,visible
RV00003325,OI000005564,O00003304,U003131,P000388,4,整体满意,0,2025-11-16 22:47:56,visible
RV00003326,OI000010688,O00006283,U001570,P000682,5,整体满意,0,2026-02-13 18:31:55,visible
RV00003327,OI000018531,O00010865,U002678,P001457,5,质量很好，符合预期,0,2026-08-04 12:52:21,visible
RV00003328,OI000018679,O00010953,U003658,P000527,5,质量很好，符合预期,0,2026-02-07 04:11:15,visible
RV00003329,OI000007120,O00004202,U000591,P000016,4,整体满意,0,2025-12-25 19:16:43,visible
RV00003330,OI000010884,O00006391,U003564,P001214,5,质量很好，符合预期,0,2026-03-14 20:13:34,visible
RV00003331,OI000000987,O00000567,U004394,P001434,5,质量很好，符合预期,0,2025-11-19 15:29:27,visible
RV00003332,OI000001468,O00000852,U002680,P000205,5,性价比不错,0,2025-09-20 12:44:41,visible
RV00003333,OI000007012,O00004133,U004915,P001088,5,物流很快，包装完整,0,2026-08-22 21:14:53,visible
RV00003334,OI000014381,O00008420,U003700,P000823,5,物流很快，包装完整,0,2026-03-17 07:42:58,visible
RV00003335,OI000014651,O00008575,U004078,P001242,5,性价比不错,0,2025-03-01 10:44:33,visible
RV00003336,OI000006833,O00004035,U004663,P000225,4,性价比不错,0,2025-11-03 20:40:48,visible
RV00003337,OI000013627,O00007973,U001218,P000216,4,物流很快，包装完整,0,2025-07-21 09:36:56,visible
RV00003338,OI000000383,O00000218,U000950,P001398,5,质量很好，符合预期,1,2026-09-05 23:34:57,visible
RV00003339,OI000018852,O00011056,U004417,P000419,5,整体满意,0,2025-03-03 22:26:41,visible
RV00003340,OI000010784,O00006337,U001653,P001088,4,性价比不错,0,2025-11-26 18:51:29,visible
RV00003341,OI000015701,O00009205,U001968,P000479,5,性价比不错,0,2025-10-06 12:25:51,visible
RV00003342,OI000017176,O00010072,U001491,P000575,5,整体满意,0,2026-08-23 08:22:19,visible
RV00003343,OI000012149,O00007111,U002223,P000142,5,质量很好，符合预期,0,2025-08-17 11:05:50,visible
RV00003344,OI000010022,O00005896,U003748,P001418,5,质量很好，符合预期,0,2025-04-12 13:28:13,visible
RV00003345,OI000013618,O00007965,U001629,P000970,3,整体满意,0,2025-02-21 18:03:53,visible
RV00003346,OI000008526,O00005017,U002492,P001407,2,体验一般,0,2025-04-25 04:37:59,visible
RV00003347,OI000006321,O00003738,U004799,P001362,4,质量很好，符合预期,0,2026-05-04 04:03:28,visible
RV00003348,OI000008088,O00004759,U002678,P000586,5,整体满意,0,2026-01-09 16:14:48,visible
RV00003349,OI000011179,O00006565,U003825,P001230,5,质量很好，符合预期,0,2026-05-29 23:35:30,visible
RV00003350,OI000018024,O00010559,U000912,P001142,5,体验一般,0,2026-03-14 20:21:57,visible
RV00003351,OI000005502,O00003268,U004692,P000928,5,质量很好，符合预期,0,2025-04-15 23:48:28,visible
RV00003352,OI000005711,O00003388,U000487,P001047,4,质量很好，符合预期,0,2025-07-28 20:32:20,visible
RV00003353,OI000020250,O00011884,U000641,P001276,2,质量很好，符合预期,0,2025-10-14 01:54:56,visible
RV00003354,OI000017845,O00010448,U002273,P001367,4,质量很好，符合预期,0,2026-07-02 20:00:05,visible
RV00003355,OI000008981,O00005295,U002735,P000936,5,性价比不错,1,2025-04-06 14:47:40,visible
RV00003356,OI000004523,O00002681,U001199,P001339,5,物流很快，包装完整,0,2026-07-06 13:49:49,visible
RV00003357,OI000004088,O00002433,U003101,P000384,4,性价比不错,0,2025-02-23 19:44:03,visible
RV00003358,OI000003846,O00002280,U000378,P001411,4,物流很快，包装完整,0,2025-03-04 00:55:47,visible
RV00003359,OI000018717,O00010968,U004207,P000180,5,质量很好，符合预期,0,2025-08-18 23:23:36,visible
RV00003360,OI000004425,O00002626,U002895,P001067,5,性价比不错,0,2025-01-10 20:04:44,visible
RV00003361,OI000004765,O00002828,U003591,P001499,4,质量很好，符合预期,0,2025-02-28 00:07:01,visible
RV00003362,OI000001868,O00001096,U004917,P000175,4,性价比不错,1,2026-02-06 13:18:50,visible
RV00003363,OI000019691,O00011550,U000208,P001165,4,性价比不错,0,2025-03-16 08:34:03,visible
RV00003364,OI000008033,O00004724,U004363,P001312,5,质量很好，符合预期,0,2026-08-22 14:52:29,visible
RV00003365,OI000016417,O00009621,U000860,P000092,4,质量很好，符合预期,0,2025-02-05 21:45:56,visible
RV00003366,OI000009737,O00005738,U002439,P000607,5,质量很好，符合预期,0,2025-11-05 12:04:16,visible
RV00003367,OI000019585,O00011490,U004147,P000008,5,物流很快，包装完整,0,2025-05-27 16:34:54,visible
RV00003368,OI000001031,O00000591,U004905,P000157,1,质量很好，符合预期,0,2026-03-30 19:31:48,visible
RV00003369,OI000013034,O00007626,U003310,P000649,5,整体满意,0,2025-06-13 16:20:10,visible
RV00003370,OI000005248,O00003122,U000691,P001238,4,性价比不错,0,2025-08-25 18:42:57,visible
RV00003371,OI000017104,O00010030,U004962,P000331,5,体验一般,1,2026-03-19 07:28:23,visible
RV00003372,OI000009297,O00005483,U001163,P000669,4,质量很好，符合预期,0,2026-07-20 13:51:10,visible
RV00003373,OI000009086,O00005363,U004883,P000621,5,与描述有差异,0,2026-04-19 21:29:48,visible
RV00003374,OI000016461,O00009645,U004822,P000258,4,体验一般,0,2026-05-26 19:41:29,visible
RV00003375,OI000012598,O00007366,U000907,P000386,5,质量很好，符合预期,0,2025-04-10 05:01:03,visible
RV00003376,OI000015802,O00009268,U000301,P000693,4,体验一般,0,2025-04-18 21:09:37,visible
RV00003377,OI000016601,O00009739,U003559,P000644,5,质量很好，符合预期,0,2025-07-17 16:00:49,visible
RV00003378,OI000002610,O00001539,U003529,P001033,5,物流很快，包装完整,0,2025-11-22 02:43:53,visible
RV00003379,OI000006021,O00003559,U002059,P000452,5,性价比不错,0,2025-04-07 07:36:43,visible
RV00003380,OI000001887,O00001111,U004998,P001080,4,整体满意,0,2025-12-02 07:26:50,visible
RV00003381,OI000007921,O00004660,U001126,P000408,5,性价比不错,0,2025-12-27 01:27:08,visible
RV00003382,OI000017301,O00010135,U001033,P000778,5,物流很快，包装完整,0,2026-08-07 10:03:57,visible
RV00003383,OI000005753,O00003410,U002587,P001373,5,性价比不错,1,2026-01-02 22:51:03,visible
RV00003384,OI000016970,O00009955,U000702,P000247,4,性价比不错,0,2026-08-08 03:23:30,visible
RV00003385,OI000020437,O00011987,U001005,P000607,4,物流很快，包装完整,0,2025-05-05 04:54:04,visible
RV00003386,OI000003485,O00002058,U001213,P001438,5,整体满意,0,2026-08-11 20:41:12,visible
RV00003387,OI000017021,O00009984,U003246,P000806,4,物流很快，包装完整,1,2025-11-02 16:14:38,visible
RV00003388,OI000005155,O00003070,U000538,P000314,5,整体满意,1,2025-06-17 14:00:30,visible
RV00003389,OI000013773,O00008062,U002825,P000391,5,整体满意,0,2026-06-04 08:57:33,visible
RV00003390,OI000019209,O00011267,U002440,P000280,5,质量很好，符合预期,0,2026-02-16 20:48:25,visible
RV00003391,OI000014140,O00008278,U004256,P000395,5,整体满意,0,2025-10-01 10:36:50,visible
RV00003392,OI000019225,O00011277,U002708,P000101,4,物流很快，包装完整,0,2025-09-16 22:31:43,visible
RV00003393,OI000012211,O00007151,U004003,P000541,4,性价比不错,1,2025-12-21 10:00:47,visible
RV00003394,OI000015693,O00009200,U004158,P000897,5,整体满意,0,2026-05-03 09:35:25,visible
RV00003395,OI000004374,O00002599,U002097,P000486,5,性价比不错,0,2026-08-05 00:35:49,visible
RV00003396,OI000005599,O00003323,U003667,P000942,5,物流很快，包装完整,0,2025-12-09 10:15:14,visible
RV00003397,OI000016054,O00009412,U004250,P000073,5,整体满意,0,2025-07-29 02:52:13,visible
RV00003398,OI000018019,O00010556,U001095,P000010,5,整体满意,1,2025-04-12 22:08:15,visible
RV00003399,OI000001543,O00000898,U003849,P001384,5,性价比不错,1,2025-03-06 16:21:47,visible
RV00003400,OI000010217,O00006006,U002744,P001096,5,体验一般,0,2025-10-08 20:50:59,visible
RV00003401,OI000019428,O00011398,U002263,P001275,5,性价比不错,0,2026-02-14 13:01:23,visible
RV00003402,OI000007676,O00004534,U001264,P000767,5,物流很快，包装完整,0,2025-09-04 11:41:42,visible
RV00003403,OI000014479,O00008479,U004796,P000331,5,性价比不错,0,2026-08-24 09:07:06,visible
RV00003404,OI000002733,O00001615,U002636,P000703,5,质量很好，符合预期,1,2025-08-25 12:44:22,visible
RV00003405,OI000004370,O00002596,U001815,P001138,5,整体满意,0,2026-01-17 19:14:44,visible
RV00003406,OI000010437,O00006140,U004755,P000140,5,与描述有差异,0,2025-10-23 14:25:44,visible
RV00003407,OI000010815,O00006356,U001105,P001147,5,物流很快，包装完整,0,2025-11-20 05:09:42,visible
RV00003408,OI000006319,O00003737,U003488,P001016,4,物流很快，包装完整,0,2026-01-16 06:11:03,visible
RV00003409,OI000014937,O00008744,U001800,P000377,5,整体满意,0,2025-07-04 22:18:07,visible
RV00003410,OI000012070,O00007065,U004427,P000509,3,体验一般,1,2025-07-05 05:25:06,visible
RV00003411,OI000019783,O00011607,U001815,P000524,5,质量很好，符合预期,0,2026-04-21 01:32:41,visible
RV00003412,OI000009701,O00005718,U004349,P000464,5,质量很好，符合预期,0,2026-05-27 11:26:28,visible
RV00003413,OI000011581,O00006790,U002091,P000153,5,质量很好，符合预期,0,2025-01-27 19:29:44,visible
RV00003414,OI000011536,O00006759,U004404,P000943,4,整体满意,0,2025-02-02 05:28:29,visible
RV00003415,OI000014858,O00008695,U002317,P000285,5,整体满意,0,2026-08-15 14:55:40,visible
RV00003416,OI000014656,O00008578,U003508,P000191,4,质量很好，符合预期,0,2025-08-26 10:21:35,visible
RV00003417,OI000000656,O00000377,U001039,P000579,5,整体满意,0,2025-10-12 06:42:55,visible
RV00003418,OI000004381,O00002603,U002371,P001406,3,整体满意,1,2026-01-24 14:21:06,visible
RV00003419,OI000003219,O00001893,U000313,P000784,5,与描述有差异,0,2026-04-03 01:04:46,visible
RV00003420,OI000007194,O00004244,U004487,P000066,5,物流很快，包装完整,0,2025-05-28 21:58:28,visible
RV00003421,OI000005386,O00003199,U000164,P001042,5,整体满意,0,2025-03-01 02:21:54,visible
RV00003422,OI000003696,O00002184,U000501,P000543,5,性价比不错,0,2025-04-09 14:43:24,visible
RV00003423,OI000011233,O00006593,U004722,P000277,5,质量很好，符合预期,1,2025-03-08 02:42:05,visible
RV00003424,OI000013620,O00007967,U001472,P001264,3,整体满意,0,2025-03-22 02:35:27,visible
RV00003425,OI000002625,O00001550,U001374,P001159,2,物流很快，包装完整,0,2026-04-01 06:29:22,visible
RV00003426,OI000005758,O00003414,U002793,P001191,5,质量很好，符合预期,0,2025-11-23 18:10:46,visible
RV00003427,OI000003935,O00002337,U002761,P001386,5,性价比不错,0,2026-05-28 01:15:00,visible
RV00003428,OI000016419,O00009623,U000018,P000421,5,性价比不错,0,2026-05-08 13:08:57,visible
RV00003429,OI000002403,O00001410,U001208,P000034,5,整体满意,0,2025-12-26 16:29:25,visible
RV00003430,OI000004478,O00002658,U001720,P000593,4,体验一般,0,2025-03-11 20:54:03,visible
RV00003431,OI000019131,O00011221,U002762,P000400,5,整体满意,0,2025-07-26 22:50:02,visible
RV00003432,OI000011373,O00006670,U001568,P000094,3,整体满意,0,2025-10-03 16:05:03,visible
RV00003433,OI000013521,O00007907,U003230,P001272,5,整体满意,0,2026-06-24 03:44:39,visible
RV00003434,OI000010361,O00006097,U003785,P000742,4,性价比不错,0,2025-05-08 13:29:35,visible
RV00003435,OI000020395,O00011962,U000053,P000727,5,质量很好，符合预期,0,2026-04-17 22:15:11,visible
RV00003436,OI000007769,O00004583,U002379,P001412,4,物流很快，包装完整,0,2025-12-15 19:59:19,visible
RV00003437,OI000014645,O00008572,U000732,P001198,3,质量很好，符合预期,0,2026-03-14 21:45:06,visible
RV00003438,OI000018076,O00010590,U004086,P000055,5,物流很快，包装完整,0,2026-03-01 04:42:17,visible
RV00003439,OI000019596,O00011497,U000078,P000179,5,物流很快，包装完整,0,2025-10-08 23:46:02,visible
RV00003440,OI000007422,O00004380,U004377,P000770,4,物流很快，包装完整,0,2025-07-01 00:08:27,visible
RV00003441,OI000013922,O00008149,U003444,P000802,5,性价比不错,0,2025-10-17 11:43:53,visible
RV00003442,OI000014365,O00008409,U002194,P000277,4,质量很好，符合预期,0,2026-01-26 20:43:59,visible
RV00003443,OI000018827,O00011040,U000109,P000067,5,质量很好，符合预期,0,2026-04-01 01:55:01,visible
RV00003444,OI000005198,O00003091,U001341,P000803,4,体验一般,1,2026-05-27 10:36:24,visible
RV00003445,OI000016776,O00009844,U003590,P000603,3,整体满意,0,2026-02-14 19:47:57,visible
RV00003446,OI000018393,O00010779,U001673,P001271,4,性价比不错,1,2025-06-27 10:35:12,visible
RV00003447,OI000014797,O00008659,U002241,P001073,4,整体满意,0,2025-03-29 19:18:56,visible
RV00003448,OI000004993,O00002968,U002676,P000839,5,体验一般,0,2025-07-18 09:44:01,visible
RV00003449,OI000004877,O00002900,U001629,P001076,5,整体满意,0,2025-11-17 06:10:54,visible
RV00003450,OI000018011,O00010551,U001269,P001137,5,性价比不错,0,2026-06-14 23:43:28,visible
RV00003451,OI000002553,O00001504,U001451,P001185,5,质量很好，符合预期,0,2025-03-11 14:17:11,visible
RV00003452,OI000007357,O00004341,U000485,P001432,3,与描述有差异,0,2026-07-22 08:43:49,visible
RV00003453,OI000009743,O00005744,U001079,P000887,4,与描述有差异,0,2025-05-28 13:38:47,visible
RV00003454,OI000006935,O00004094,U000257,P001210,5,物流很快，包装完整,0,2026-01-07 08:20:23,visible
RV00003455,OI000012731,O00007444,U003560,P000166,2,质量很好，符合预期,0,2025-07-27 12:58:24,visible
RV00003456,OI000015514,O00009093,U001624,P000421,4,整体满意,0,2026-06-26 22:27:11,hidden
RV00003457,OI000001830,O00001071,U004808,P000033,4,质量很好，符合预期,0,2025-07-20 00:14:11,visible
RV00003458,OI000019182,O00011251,U004382,P001012,3,性价比不错,1,2026-01-03 22:35:35,visible
RV00003459,OI000008317,O00004899,U004436,P000714,3,整体满意,0,2026-08-15 15:00:28,visible
RV00003460,OI000015691,O00009199,U001987,P000054,5,质量很好，符合预期,1,2025-12-15 21:14:46,visible
RV00003461,OI000000847,O00000486,U000985,P000496,5,质量很好，符合预期,0,2026-04-20 02:14:38,visible
RV00003462,OI000002001,O00001185,U002798,P000099,4,质量很好，符合预期,0,2025-08-30 15:27:31,visible
RV00003463,OI000019628,O00011520,U003352,P001373,4,质量很好，符合预期,0,2025-12-17 12:19:13,visible
RV00003464,OI000004210,O00002506,U000840,P000518,5,质量很好，符合预期,0,2026-01-22 12:54:22,visible
RV00003465,OI000016392,O00009608,U003824,P000262,5,物流很快，包装完整,0,2026-08-29 13:22:29,visible
RV00003466,OI000001137,O00000648,U003378,P001152,4,与描述有差异,0,2025-02-02 03:47:41,visible
RV00003467,OI000001542,O00000898,U003849,P000664,4,整体满意,1,2025-03-07 16:21:47,visible
RV00003468,OI000020153,O00011826,U004209,P000519,4,整体满意,0,2025-12-31 22:11:00,visible
RV00003469,OI000006892,O00004069,U002016,P001038,5,体验一般,1,2025-09-05 07:36:21,hidden
RV00003470,OI000017321,O00010148,U004464,P000872,4,整体满意,0,2025-11-02 21:41:50,visible
RV00003471,OI000001972,O00001170,U001336,P001498,5,质量很好，符合预期,0,2025-05-17 21:04:50,visible
RV00003472,OI000007762,O00004580,U001906,P000909,5,质量很好，符合预期,0,2025-04-26 08:46:22,visible
RV00003473,OI000008105,O00004770,U001947,P000329,5,质量很好，符合预期,1,2025-02-26 10:52:27,visible
RV00003474,OI000019339,O00011346,U004679,P000317,5,性价比不错,0,2026-04-16 07:35:01,visible
RV00003475,OI000005833,O00003453,U002933,P000400,5,体验一般,0,2025-03-24 08:08:48,visible
RV00003476,OI000010504,O00006183,U000033,P001301,5,质量很好，符合预期,0,2026-06-30 18:58:50,visible
RV00003477,OI000020355,O00011940,U000505,P000084,5,质量很好，符合预期,0,2025-01-26 17:55:20,visible
RV00003478,OI000014416,O00008441,U001905,P000852,5,质量很好，符合预期,0,2025-10-06 08:57:03,visible
RV00003479,OI000001966,O00001166,U001518,P001374,5,体验一般,0,2025-02-19 00:24:29,visible
RV00003480,OI000005495,O00003264,U001255,P000035,4,物流很快，包装完整,0,2025-11-17 15:57:51,visible
RV00003481,OI000007244,O00004275,U000306,P001471,5,物流很快，包装完整,0,2026-03-05 01:37:55,visible
RV00003482,OI000004045,O00002407,U002914,P000722,4,物流很快，包装完整,0,2026-04-23 15:57:15,visible
RV00003483,OI000015304,O00008968,U004676,P000569,5,物流很快，包装完整,0,2025-08-16 07:54:40,visible
RV00003484,OI000002185,O00001285,U003007,P000120,5,整体满意,0,2026-04-19 01:21:46,visible
RV00003485,OI000003779,O00002234,U003621,P000221,5,质量很好，符合预期,0,2025-02-17 03:15:52,visible
RV00003486,OI000005663,O00003359,U004225,P000246,5,性价比不错,0,2025-09-24 05:59:58,visible
RV00003487,OI000012873,O00007537,U003118,P000332,4,与描述有差异,0,2025-04-18 12:36:26,visible
RV00003488,OI000015617,O00009157,U004395,P000071,5,整体满意,0,2026-04-07 16:31:56,visible
RV00003489,OI000007724,O00004559,U004532,P000783,5,整体满意,0,2026-09-01 02:05:16,visible
RV00003490,OI000002388,O00001401,U002928,P000896,5,性价比不错,1,2026-03-08 10:44:15,visible
RV00003491,OI000015233,O00008931,U002712,P000394,5,质量很好，符合预期,0,2026-07-05 00:06:02,visible
RV00003492,OI000018083,O00010593,U000525,P001302,3,物流很快，包装完整,0,2025-08-16 21:56:57,visible
RV00003493,OI000014982,O00008769,U000793,P000716,2,整体满意,0,2025-06-10 06:44:09,visible
RV00003494,OI000017618,O00010312,U000089,P000633,5,物流很快，包装完整,0,2026-08-14 06:29:54,visible
RV00003495,OI000012126,O00007099,U000814,P001487,5,质量很好，符合预期,0,2026-08-17 13:28:29,visible
RV00003496,OI000003335,O00001964,U001406,P001065,4,性价比不错,0,2025-09-17 19:18:38,visible
RV00003497,OI000005257,O00003127,U003342,P000555,5,物流很快，包装完整,0,2025-06-13 12:49:16,visible
RV00003498,OI000018818,O00011033,U003475,P001116,5,性价比不错,0,2026-04-02 05:20:41,visible
RV00003499,OI000016201,O00009499,U001085,P000488,5,整体满意,0,2026-02-07 05:46:32,visible
RV00003500,OI000019826,O00011635,U002314,P000495,4,体验一般,0,2026-01-25 09:36:55,visible
RV00003501,OI000010031,O00005900,U003371,P000230,5,性价比不错,0,2025-09-17 02:41:05,visible
RV00003502,OI000011667,O00006839,U001093,P001053,3,整体满意,0,2026-04-03 05:46:05,visible
RV00003503,OI000003477,O00002052,U004454,P000261,5,质量很好，符合预期,1,2025-06-07 15:14:46,visible
RV00003504,OI000003833,O00002271,U001044,P000724,3,物流很快，包装完整,0,2025-12-05 16:31:45,visible
RV00003505,OI000016105,O00009440,U003529,P001428,2,物流很快，包装完整,0,2025-10-01 20:47:03,visible
RV00003506,OI000005944,O00003521,U002231,P000077,5,质量很好，符合预期,1,2025-06-29 02:31:48,visible
RV00003507,OI000003002,O00001771,U002339,P001183,5,整体满意,0,2026-06-03 05:27:52,visible
RV00003508,OI000006468,O00003823,U003368,P001039,2,体验一般,0,2026-02-02 04:23:19,visible
RV00003509,OI000019069,O00011181,U003303,P001163,5,物流很快，包装完整,0,2026-07-16 21:54:39,visible
RV00003510,OI000002315,O00001357,U002105,P000846,5,物流很快，包装完整,0,2025-06-26 21:36:53,visible
RV00003511,OI000020448,O00011992,U004406,P000613,5,性价比不错,0,2025-05-03 20:04:36,visible
RV00003512,OI000019181,O00011251,U004382,P001412,5,整体满意,0,2026-01-20 22:35:35,visible
RV00003513,OI000011568,O00006781,U000135,P001243,5,物流很快，包装完整,1,2025-02-13 17:58:59,visible
RV00003514,OI000018844,O00011052,U003487,P001356,5,整体满意,0,2025-08-30 00:44:35,visible
RV00003515,OI000018809,O00011026,U001738,P001394,3,物流很快，包装完整,0,2026-03-18 05:20:55,visible
RV00003516,OI000006196,O00003663,U001318,P001360,5,性价比不错,0,2025-09-26 08:23:32,visible
RV00003517,OI000016398,O00009612,U004326,P000630,4,整体满意,0,2025-07-28 00:45:11,visible
RV00003518,OI000002982,O00001758,U003478,P001073,2,质量很好，符合预期,0,2026-08-05 11:54:26,visible
RV00003519,OI000007050,O00004156,U002634,P001458,5,整体满意,0,2025-01-21 00:46:09,visible
RV00003520,OI000011749,O00006884,U002165,P001412,5,整体满意,1,2026-04-10 18:30:16,visible
RV00003521,OI000000229,O00000129,U002005,P001259,5,整体满意,0,2025-04-10 04:20:22,visible
RV00003522,OI000005584,O00003314,U004899,P000180,2,质量很好，符合预期,0,2026-02-25 12:55:17,visible
RV00003523,OI000005377,O00003192,U002609,P000801,5,体验一般,0,2026-05-13 16:15:21,visible
RV00003524,OI000016145,O00009464,U000527,P001410,4,性价比不错,0,2026-03-30 17:22:30,visible
RV00003525,OI000001965,O00001165,U004752,P000552,5,质量很好，符合预期,0,2026-06-26 09:28:17,visible
RV00003526,OI000007253,O00004281,U004221,P000439,5,整体满意,0,2025-03-15 17:00:59,visible
RV00003527,OI000018761,O00011000,U003768,P000371,4,物流很快，包装完整,0,2026-04-22 09:30:06,visible
RV00003528,OI000016065,O00009419,U003429,P000708,5,质量很好，符合预期,0,2025-02-08 00:41:15,visible
RV00003529,OI000019608,O00011504,U002740,P001429,5,物流很快，包装完整,0,2025-03-07 08:50:45,visible
RV00003530,OI000007424,O00004380,U004377,P000690,5,物流很快，包装完整,0,2025-06-19 00:08:27,visible
RV00003531,OI000000472,O00000271,U004017,P001089,4,体验一般,1,2025-05-11 09:58:54,visible
RV00003532,OI000007110,O00004196,U003566,P001087,5,质量很好，符合预期,0,2026-05-09 04:40:17,visible
RV00003533,OI000006872,O00004057,U002642,P000011,5,物流很快，包装完整,0,2025-03-10 14:57:50,visible
RV00003534,OI000009520,O00005619,U003390,P000298,5,物流很快，包装完整,0,2026-02-17 20:01:35,visible
RV00003535,OI000018617,O00010917,U000337,P000080,4,物流很快，包装完整,0,2025-01-23 15:58:00,visible
RV00003536,OI000006862,O00004049,U000829,P001067,3,整体满意,0,2026-03-15 22:44:52,visible
RV00003537,OI000005361,O00003180,U003778,P001382,5,与描述有差异,0,2026-03-15 09:47:57,visible
RV00003538,OI000004856,O00002886,U000227,P000992,5,与描述有差异,0,2025-06-22 10:44:27,visible
RV00003539,OI000015229,O00008930,U004267,P001335,5,整体满意,0,2025-02-09 22:15:35,visible
RV00003540,OI000008521,O00005013,U003537,P000289,3,物流很快，包装完整,0,2026-08-01 11:51:25,visible
RV00003541,OI000018922,O00011093,U000897,P000314,4,整体满意,0,2025-03-14 05:50:35,hidden
RV00003542,OI000009402,O00005545,U004758,P000001,5,质量很好，符合预期,0,2025-05-03 14:58:10,visible
RV00003543,OI000015171,O00008894,U000988,P001453,5,整体满意,0,2025-11-16 06:39:44,visible
RV00003544,OI000003615,O00002132,U003152,P000839,5,性价比不错,1,2025-06-05 12:34:35,visible
RV00003545,OI000014981,O00008769,U000793,P000076,4,整体满意,0,2025-06-05 06:44:09,visible
RV00003546,OI000004209,O00002505,U001248,P000069,5,体验一般,1,2026-02-13 01:43:10,visible
RV00003547,OI000010027,O00005898,U000413,P001402,2,整体满意,0,2026-08-12 14:07:05,visible
RV00003548,OI000011136,O00006537,U003895,P001267,5,整体满意,0,2025-04-09 01:09:02,visible
RV00003549,OI000001569,O00000913,U000280,P000316,5,性价比不错,0,2025-11-21 23:02:45,visible
RV00003550,OI000005010,O00002979,U003284,P001116,4,整体满意,0,2026-05-20 16:38:16,visible
RV00003551,OI000016374,O00009598,U000561,P000977,5,整体满意,0,2025-12-30 20:59:04,visible
RV00003552,OI000005126,O00003054,U003266,P001211,5,质量很好，符合预期,0,2026-03-16 08:10:38,visible
RV00003553,OI000015085,O00008837,U002140,P000412,4,物流很快，包装完整,0,2025-04-19 21:10:52,visible
RV00003554,OI000000352,O00000198,U002578,P000801,2,性价比不错,1,2026-03-13 15:00:42,visible
RV00003555,OI000014027,O00008213,U000700,P000068,5,体验一般,0,2026-04-26 13:52:43,visible
RV00003556,OI000009713,O00005725,U004584,P000463,2,物流很快，包装完整,0,2026-05-12 04:38:42,visible
RV00003557,OI000016241,O00009525,U002580,P001075,4,整体满意,0,2026-08-14 00:02:38,visible
RV00003558,OI000018906,O00011085,U001766,P001461,5,质量很好，符合预期,0,2025-04-11 10:48:44,visible
RV00003559,OI000000703,O00000405,U000824,P000901,3,质量很好，符合预期,0,2025-09-15 00:21:41,visible
RV00003560,OI000018350,O00010756,U000165,P000593,5,整体满意,0,2025-02-13 06:40:08,visible
RV00003561,OI000014020,O00008210,U000879,P000121,5,物流很快，包装完整,0,2025-12-15 13:30:26,visible
RV00003562,OI000018816,O00011031,U000637,P000143,5,物流很快，包装完整,1,2025-10-15 14:54:18,visible
RV00003563,OI000009098,O00005370,U000743,P000841,4,质量很好，符合预期,0,2025-11-02 16:16:32,visible
RV00003564,OI000009205,O00005427,U003673,P001288,5,质量很好，符合预期,0,2025-05-07 22:52:18,visible
RV00003565,OI000018539,O00010870,U000639,P001006,4,质量很好，符合预期,0,2025-02-20 21:38:44,visible
RV00003566,OI000011850,O00006939,U004568,P000819,2,整体满意,0,2025-06-18 05:24:09,visible
RV00003567,OI000001989,O00001177,U001118,P000893,4,整体满意,0,2026-03-24 08:20:25,visible
RV00003568,OI000000908,O00000518,U000253,P000912,5,质量很好，符合预期,0,2025-10-18 04:54:34,visible
RV00003569,OI000002940,O00001737,U004273,P000732,5,质量很好，符合预期,1,2026-01-16 01:50:32,visible
RV00003570,OI000017796,O00010418,U003599,P000480,4,质量很好，符合预期,0,2025-05-29 17:21:26,visible
RV00003571,OI000007715,O00004553,U002490,P000248,2,体验一般,0,2025-09-12 07:45:14,visible
RV00003572,OI000013826,O00008094,U000651,P000325,5,质量很好，符合预期,1,2025-03-23 09:34:56,visible
RV00003573,OI000004892,O00002908,U001754,P001145,5,与描述有差异,0,2025-11-08 09:43:16,visible
RV00003574,OI000000719,O00000413,U002728,P000771,3,性价比不错,0,2026-07-08 20:45:43,visible
RV00003575,OI000014093,O00008249,U002860,P000648,5,整体满意,0,2025-04-18 16:42:52,visible
RV00003576,OI000007011,O00004133,U004915,P000048,5,物流很快，包装完整,0,2026-08-13 21:14:53,visible
RV00003577,OI000018960,O00011118,U000088,P000256,5,整体满意,0,2025-11-18 15:14:29,visible
RV00003578,OI000011516,O00006750,U001718,P000027,3,与描述有差异,0,2025-09-11 04:14:49,visible
RV00003579,OI000013461,O00007866,U004741,P000452,5,与描述有差异,0,2025-03-01 16:12:11,visible
RV00003580,OI000007570,O00004465,U000836,P001215,5,整体满意,0,2026-06-28 15:51:12,visible
RV00003581,OI000012784,O00007484,U003530,P001172,4,质量很好，符合预期,0,2025-09-08 10:10:51,visible
RV00003582,OI000018953,O00011113,U003529,P000139,5,质量很好，符合预期,0,2025-06-11 00:34:46,visible
RV00003583,OI000014506,O00008495,U003150,P001415,5,质量很好，符合预期,0,2025-02-12 13:16:19,visible
RV00003584,OI000006178,O00003651,U000763,P001089,4,物流很快，包装完整,0,2026-08-11 12:35:16,visible
RV00003585,OI000015961,O00009364,U000130,P001095,4,性价比不错,0,2026-02-28 18:32:28,visible
RV00003586,OI000015476,O00009068,U004319,P000317,5,性价比不错,0,2026-08-10 01:36:20,visible
RV00003587,OI000000243,O00000136,U001396,P000890,5,质量很好，符合预期,0,2025-11-27 21:33:40,visible
RV00003588,OI000004752,O00002819,U004130,P000545,3,体验一般,1,2026-02-25 13:52:47,visible
RV00003589,OI000016827,O00009871,U004356,P001235,4,质量很好，符合预期,0,2026-02-27 04:07:35,visible
RV00003590,OI000016994,O00009968,U001668,P000187,3,整体满意,0,2026-09-05 08:37:17,visible
RV00003591,OI000016424,O00009625,U001064,P000530,4,体验一般,0,2025-05-28 22:54:09,visible
RV00003592,OI000010355,O00006094,U000338,P001022,5,物流很快，包装完整,0,2025-11-24 19:00:43,visible
RV00003593,OI000011836,O00006932,U000410,P000888,5,物流很快，包装完整,0,2025-08-15 13:39:01,visible
RV00003594,OI000013742,O00008043,U004079,P000653,5,整体满意,0,2025-07-14 21:27:38,visible
RV00003595,OI000000995,O00000572,U000817,P000645,5,整体满意,0,2025-03-20 02:41:37,visible
RV00003596,OI000003064,O00001806,U003500,P000227,5,物流很快，包装完整,0,2026-07-02 21:24:09,visible
RV00003597,OI000001030,O00000591,U004905,P000637,5,体验一般,0,2026-03-15 19:31:48,visible
RV00003598,OI000010956,O00006434,U001661,P000313,3,质量很好，符合预期,0,2025-12-15 03:45:00,visible
RV00003599,OI000020397,O00011963,U003255,P000076,3,质量很好，符合预期,0,2026-07-10 22:42:37,visible
RV00003600,OI000012127,O00007099,U000814,P000527,5,质量很好，符合预期,1,2026-08-05 13:28:29,visible
RV00003601,OI000016808,O00009862,U002281,P001350,5,整体满意,0,2025-08-21 15:35:44,visible
RV00003602,OI000010854,O00006373,U003969,P000494,4,质量很好，符合预期,0,2025-12-22 18:51:36,visible
RV00003603,OI000015252,O00008938,U003881,P000473,4,质量很好，符合预期,0,2026-04-30 14:14:35,visible
RV00003604,OI000014565,O00008531,U001948,P000291,3,质量很好，符合预期,0,2025-05-22 18:07:40,visible
RV00003605,OI000014394,O00008428,U001307,P001030,5,物流很快，包装完整,0,2026-03-13 04:43:58,visible
RV00003606,OI000004213,O00002508,U002735,P000149,4,物流很快，包装完整,0,2025-01-20 02:26:46,visible
RV00003607,OI000005080,O00003024,U000907,P001277,5,质量很好，符合预期,0,2025-12-19 10:49:38,visible
RV00003608,OI000005861,O00003469,U000857,P001336,5,物流很快，包装完整,1,2026-04-30 12:55:58,visible
RV00003609,OI000006530,O00003859,U003003,P001163,4,整体满意,1,2025-05-26 13:05:21,visible
RV00003610,OI000008737,O00005146,U003832,P001402,5,整体满意,0,2025-03-20 12:03:18,visible
RV00003611,OI000011671,O00006841,U001472,P001269,4,与描述有差异,0,2025-10-21 20:22:10,visible
RV00003612,OI000011432,O00006705,U004444,P000274,1,性价比不错,0,2025-03-11 00:10:04,visible
RV00003613,OI000019236,O00011283,U002145,P000529,5,物流很快，包装完整,0,2026-06-20 08:47:41,visible
RV00003614,OI000000188,O00000107,U004004,P000503,5,质量很好，符合预期,0,2026-07-16 16:25:48,visible
RV00003615,OI000013285,O00007766,U004254,P000216,5,质量很好，符合预期,0,2025-09-25 14:34:11,visible
RV00003616,OI000003704,O00002188,U001081,P000184,5,物流很快，包装完整,0,2026-08-17 19:43:56,visible
RV00003617,OI000002141,O00001261,U004878,P000918,5,物流很快，包装完整,0,2026-04-26 21:54:38,visible
RV00003618,OI000017921,O00010497,U002565,P001421,4,物流很快，包装完整,1,2026-03-03 08:31:10,visible
RV00003619,OI000012974,O00007593,U002988,P000455,4,整体满意,0,2025-06-22 12:00:21,visible
RV00003620,OI000008814,O00005188,U004269,P000967,4,性价比不错,1,2026-03-20 11:20:22,visible
RV00003621,OI000007316,O00004317,U001313,P000809,5,性价比不错,1,2025-03-07 04:19:44,visible
RV00003622,OI000005883,O00003485,U004996,P000100,4,性价比不错,1,2025-11-22 00:45:51,visible
RV00003623,OI000000333,O00000187,U002548,P000494,5,物流很快，包装完整,0,2025-09-24 23:26:21,visible
RV00003624,OI000016097,O00009436,U000812,P000977,5,性价比不错,0,2025-11-17 14:53:32,visible
RV00003625,OI000008793,O00005177,U000297,P000004,5,整体满意,0,2026-02-10 13:13:30,visible
RV00003626,OI000003473,O00002050,U003130,P000215,5,性价比不错,0,2025-01-25 22:08:16,visible
RV00003627,OI000008415,O00004953,U002900,P000784,5,质量很好，符合预期,0,2025-02-17 10:29:01,visible
RV00003628,OI000001439,O00000834,U000860,P001201,4,整体满意,0,2026-01-12 18:05:40,visible
RV00003629,OI000012225,O00007161,U001741,P000155,4,体验一般,0,2025-12-15 02:52:48,visible
RV00003630,OI000010116,O00005951,U004768,P001105,4,整体满意,0,2026-01-22 01:12:15,visible
RV00003631,OI000002352,O00001377,U002144,P001495,5,整体满意,0,2025-10-11 19:33:22,visible
RV00003632,OI000003834,O00002272,U000677,P001021,2,性价比不错,1,2026-04-02 15:47:42,visible
RV00003633,OI000014521,O00008504,U001307,P001387,5,质量很好，符合预期,0,2025-05-16 21:15:46,visible
RV00003634,OI000010811,O00006354,U004754,P000539,4,整体满意,0,2025-08-05 02:32:32,visible
RV00003635,OI000014648,O00008573,U003415,P000196,5,物流很快，包装完整,0,2026-02-19 21:17:12,visible
RV00003636,OI000008787,O00005173,U001976,P000210,5,性价比不错,0,2026-02-13 10:46:09,visible
RV00003637,OI000000520,O00000301,U000597,P000122,5,性价比不错,0,2026-01-25 12:36:31,visible
RV00003638,OI000001324,O00000763,U000290,P000204,2,体验一般,0,2026-06-08 05:02:14,visible
RV00003639,OI000018956,O00011115,U002834,P001096,5,物流很快，包装完整,0,2025-04-03 20:55:58,visible
RV00003640,OI000001533,O00000893,U003063,P000361,5,质量很好，符合预期,0,2026-07-29 18:48:02,visible
RV00003641,OI000005370,O00003186,U001367,P001485,4,质量很好，符合预期,0,2025-12-25 03:57:40,visible
RV00003642,OI000000338,O00000189,U002452,P001387,5,与描述有差异,0,2025-07-31 17:47:57,visible
RV00003643,OI000015917,O00009337,U004653,P000205,5,性价比不错,0,2026-03-20 08:06:53,visible
RV00003644,OI000014015,O00008207,U004194,P000173,5,体验一般,0,2026-05-03 04:55:32,visible
RV00003645,OI000007222,O00004260,U002167,P000316,4,整体满意,0,2025-09-09 13:33:33,visible
RV00003646,OI000015649,O00009178,U000056,P000161,4,体验一般,0,2026-08-23 09:43:03,visible
RV00003647,OI000013319,O00007784,U001698,P001275,5,整体满意,0,2025-03-12 08:05:44,visible
RV00003648,OI000001580,O00000921,U003545,P000686,5,质量很好，符合预期,0,2025-10-12 06:06:22,visible
RV00003649,OI000005977,O00003539,U001992,P001336,4,整体满意,0,2026-07-29 08:04:35,visible
RV00003650,OI000010196,O00005996,U001636,P001192,4,物流很快，包装完整,0,2025-05-04 03:25:59,visible
RV00003651,OI000016336,O00009576,U003059,P001021,5,整体满意,0,2025-12-10 12:44:15,visible
RV00003652,OI000000011,O00000006,U002108,P000934,4,性价比不错,0,2026-08-30 07:25:27,visible
RV00003653,OI000002739,O00001617,U003793,P001138,5,性价比不错,0,2025-07-01 16:53:35,visible
RV00003654,OI000004664,O00002766,U004759,P001484,5,物流很快，包装完整,0,2026-03-24 04:27:52,visible
RV00003655,OI000005603,O00003326,U003543,P000146,3,性价比不错,0,2026-02-27 13:26:54,visible
RV00003656,OI000011525,O00006754,U000412,P001151,5,质量很好，符合预期,0,2025-04-20 07:39:27,visible
RV00003657,OI000004908,O00002919,U003196,P000790,3,物流很快，包装完整,0,2026-01-22 17:52:01,visible
RV00003658,OI000012401,O00007261,U000808,P001398,5,整体满意,0,2025-03-27 21:05:48,visible
RV00003659,OI000012896,O00007549,U003786,P001147,5,体验一般,0,2026-01-30 10:54:18,visible
RV00003660,OI000005179,O00003081,U003266,P000923,5,物流很快，包装完整,0,2025-08-09 00:14:33,visible
RV00003661,OI000006128,O00003620,U004873,P000608,4,整体满意,0,2025-04-29 03:18:01,visible
RV00003662,OI000012811,O00007500,U004677,P000551,4,性价比不错,0,2026-04-21 20:21:15,visible
RV00003663,OI000003232,O00001901,U001868,P000604,5,质量很好，符合预期,0,2026-05-29 03:11:44,visible
RV00003664,OI000007341,O00004333,U003345,P000668,4,物流很快，包装完整,0,2025-05-24 10:37:54,visible
RV00003665,OI000005520,O00003278,U003049,P001070,5,体验一般,0,2026-08-28 17:39:27,visible
RV00003666,OI000016604,O00009741,U004585,P000876,5,物流很快，包装完整,0,2025-10-10 18:52:13,visible
RV00003667,OI000014461,O00008468,U000822,P000398,5,整体满意,0,2025-09-29 11:54:39,visible
RV00003668,OI000015698,O00009203,U003523,P000670,5,整体满意,0,2025-10-22 20:38:05,visible
RV00003669,OI000002010,O00001188,U003067,P000106,5,整体满意,0,2025-10-13 08:28:25,visible
RV00003670,OI000014382,O00008420,U003700,P001223,5,质量很好，符合预期,0,2026-04-01 07:42:58,visible
RV00003671,OI000008435,O00004966,U002514,P000463,5,与描述有差异,0,2025-06-12 01:20:21,visible
RV00003672,OI000001037,O00000595,U002554,P000968,4,整体满意,0,2025-03-23 08:26:49,visible
RV00003673,OI000019033,O00011163,U000659,P000975,4,整体满意,0,2026-06-08 21:53:49,visible
RV00003674,OI000017488,O00010239,U003788,P001128,4,整体满意,0,2025-10-31 03:33:14,visible
RV00003675,OI000015424,O00009042,U000583,P000779,3,物流很快，包装完整,0,2025-06-17 14:42:09,visible
RV00003676,OI000014643,O00008570,U003410,P000657,3,物流很快，包装完整,1,2025-10-19 21:54:08,visible
RV00003677,OI000001690,O00000986,U002782,P000673,5,物流很快，包装完整,0,2026-09-03 09:36:57,visible
RV00003678,OI000016337,O00009576,U003059,P000221,3,体验一般,0,2025-12-06 12:44:15,visible
RV00003679,OI000004959,O00002946,U002875,P000918,4,整体满意,0,2025-06-27 02:25:59,visible
RV00003680,OI000019733,O00011578,U002727,P001340,4,质量很好，符合预期,0,2026-07-10 01:37:36,visible
RV00003681,OI000001872,O00001100,U001411,P000660,5,体验一般,0,2026-05-10 06:49:40,visible
RV00003682,OI000012305,O00007206,U001235,P000270,2,性价比不错,0,2026-04-08 01:28:04,visible
RV00003683,OI000002896,O00001712,U000528,P001058,3,整体满意,0,2026-07-02 11:56:42,visible
RV00003684,OI000003362,O00001983,U002589,P000885,5,整体满意,0,2025-11-01 16:35:51,visible
RV00003685,OI000007308,O00004311,U000896,P000437,2,性价比不错,0,2025-04-07 18:46:02,visible
RV00003686,OI000008643,O00005089,U004992,P000816,5,质量很好，符合预期,0,2025-07-22 15:01:29,visible
RV00003687,OI000008028,O00004719,U002091,P000262,4,质量很好，符合预期,0,2025-01-15 01:29:09,visible
RV00003688,OI000001130,O00000644,U000268,P001069,5,质量很好，符合预期,1,2025-03-19 05:54:31,visible
RV00003689,OI000011334,O00006647,U003767,P000777,5,性价比不错,0,2025-09-07 08:17:00,visible
RV00003690,OI000003879,O00002302,U004495,P000423,3,体验一般,0,2026-04-11 18:28:29,visible
RV00003691,OI000000320,O00000179,U000737,P001090,5,整体满意,0,2026-07-04 10:59:31,visible
RV00003692,OI000013750,O00008046,U002103,P000394,5,整体满意,0,2026-08-14 19:26:06,visible
RV00003693,OI000005236,O00003116,U004587,P001191,4,整体满意,0,2026-07-07 16:35:44,visible
RV00003694,OI000001954,O00001156,U003925,P000536,5,物流很快，包装完整,0,2026-05-06 02:26:02,visible
RV00003695,OI000003368,O00001988,U003298,P000274,1,体验一般,0,2025-01-10 02:45:29,visible
RV00003696,OI000001962,O00001162,U003676,P000202,4,物流很快，包装完整,0,2026-05-29 08:19:32,visible
RV00003697,OI000016087,O00009431,U002547,P001097,5,物流很快，包装完整,0,2025-07-16 21:45:58,visible
RV00003698,OI000011922,O00006977,U004479,P001023,5,整体满意,0,2026-03-01 22:21:19,visible
RV00003699,OI000014591,O00008546,U003393,P000414,5,性价比不错,0,2025-12-31 09:09:53,visible
RV00003700,OI000016669,O00009778,U003594,P000837,5,质量很好，符合预期,0,2025-02-02 05:37:07,visible
RV00003701,OI000004167,O00002479,U001206,P000456,4,质量很好，符合预期,0,2026-05-06 05:36:20,visible
RV00003702,OI000019899,O00011677,U001019,P000002,5,整体满意,0,2025-01-26 10:14:50,visible
RV00003703,OI000003506,O00002071,U000056,P000296,4,性价比不错,0,2026-02-10 20:18:56,visible
RV00003704,OI000016208,O00009502,U000776,P000697,5,物流很快，包装完整,0,2025-01-24 09:47:01,visible
RV00003705,OI000001366,O00000788,U001406,P000388,5,整体满意,0,2025-10-03 20:53:19,visible
RV00003706,OI000005435,O00003230,U001983,P001441,4,质量很好，符合预期,0,2025-10-20 12:14:41,visible
RV00003707,OI000004652,O00002759,U003069,P000957,4,性价比不错,1,2025-05-07 17:29:12,visible
RV00003708,OI000017878,O00010465,U004181,P000598,4,质量很好，符合预期,0,2025-10-25 01:04:39,visible
RV00003709,OI000016707,O00009803,U004701,P001274,4,整体满意,0,2026-04-28 11:00:48,visible
RV00003710,OI000006347,O00003750,U003217,P001370,5,体验一般,0,2025-02-18 19:56:17,visible
RV00003711,OI000004530,O00002686,U003326,P000854,4,性价比不错,0,2025-09-04 01:58:46,visible
RV00003712,OI000008460,O00004982,U002875,P000308,5,与描述有差异,0,2025-10-22 17:10:52,visible
RV00003713,OI000005660,O00003357,U004727,P000856,5,质量很好，符合预期,0,2025-01-28 12:03:11,visible
RV00003714,OI000020286,O00011902,U003897,P000400,4,与描述有差异,1,2026-08-17 00:52:26,visible
RV00003715,OI000019929,O00011693,U003894,P000689,5,质量很好，符合预期,0,2025-12-04 15:43:05,visible
RV00003716,OI000002783,O00001642,U000312,P001085,4,体验一般,0,2025-07-20 09:32:53,visible
RV00003717,OI000014883,O00008709,U004645,P000357,5,性价比不错,0,2025-05-17 19:29:25,visible
RV00003718,OI000015479,O00009070,U001582,P000578,3,性价比不错,0,2025-11-21 05:58:43,visible
RV00003719,OI000013155,O00007694,U000545,P000935,4,性价比不错,0,2026-04-22 23:22:13,visible
RV00003720,OI000007733,O00004564,U002167,P000721,1,性价比不错,0,2025-09-08 06:57:00,visible
RV00003721,OI000007481,O00004416,U002590,P000669,5,物流很快，包装完整,0,2025-04-30 12:18:06,visible
RV00003722,OI000009946,O00005858,U002381,P000657,5,整体满意,0,2025-04-10 19:26:47,visible
RV00003723,OI000002027,O00001198,U000268,P000587,4,质量很好，符合预期,0,2025-09-21 09:46:16,visible
RV00003724,OI000014536,O00008514,U003563,P001164,5,整体满意,0,2025-10-16 23:57:09,visible
RV00003725,OI000010014,O00005892,U002358,P001150,4,性价比不错,0,2025-03-22 08:48:27,visible
RV00003726,OI000001565,O00000910,U000355,P000289,4,整体满意,0,2026-03-14 16:01:15,visible
RV00003727,OI000002501,O00001475,U004555,P001266,5,体验一般,0,2025-01-27 20:49:15,visible
RV00003728,OI000007191,O00004241,U001278,P000988,3,性价比不错,0,2025-08-24 00:46:36,visible
RV00003729,OI000011411,O00006692,U003804,P001184,5,物流很快，包装完整,0,2026-07-15 05:05:56,visible
RV00003730,OI000016159,O00009472,U000875,P001358,3,整体满意,0,2026-07-07 06:27:26,visible
RV00003731,OI000018662,O00010941,U002587,P000605,5,质量很好，符合预期,0,2026-04-18 02:14:25,visible
RV00003732,OI000020053,O00011766,U003563,P001419,5,质量很好，符合预期,0,2025-11-10 08:11:36,visible
RV00003733,OI000019022,O00011156,U003422,P001040,2,整体满意,0,2026-05-17 01:41:45,visible
RV00003734,OI000003618,O00002133,U003085,P000417,5,性价比不错,0,2025-08-30 22:07:08,visible
RV00003735,OI000008870,O00005225,U004949,P000896,5,质量很好，符合预期,1,2025-12-31 10:04:50,visible
RV00003736,OI000002912,O00001722,U002331,P000247,3,体验一般,0,2025-10-22 23:04:03,visible
RV00003737,OI000006310,O00003734,U004011,P001041,3,整体满意,0,2026-03-28 13:04:57,visible
RV00003738,OI000006259,O00003698,U001875,P000283,4,物流很快，包装完整,0,2025-03-19 05:58:43,hidden
RV00003739,OI000006996,O00004125,U004383,P001066,5,物流很快，包装完整,0,2025-08-01 17:40:04,visible
RV00003740,OI000000120,O00000072,U004339,P000735,2,质量很好，符合预期,0,2025-08-29 00:18:57,visible
RV00003741,OI000011475,O00006726,U003949,P001231,5,体验一般,0,2026-08-21 22:09:58,visible
RV00003742,OI000013847,O00008106,U004349,P001068,3,整体满意,0,2025-06-24 05:08:23,visible
RV00003743,OI000012271,O00007186,U003819,P000264,5,性价比不错,0,2025-07-29 15:49:55,visible
RV00003744,OI000014547,O00008521,U003118,P000248,5,整体满意,0,2025-04-19 07:43:15,visible
RV00003745,OI000014062,O00008231,U001438,P000361,5,整体满意,0,2025-12-16 01:36:52,visible
RV00003746,OI000013890,O00008132,U003718,P000318,4,性价比不错,0,2026-04-14 22:53:02,visible
RV00003747,OI000018522,O00010859,U000514,P001280,5,与描述有差异,0,2026-03-22 11:44:33,visible
RV00003748,OI000003694,O00002182,U001988,P000595,5,性价比不错,0,2025-02-15 08:49:32,visible
RV00003749,OI000016625,O00009751,U002777,P000915,5,整体满意,0,2026-08-02 06:46:50,visible
RV00003750,OI000019924,O00011691,U004589,P000118,5,与描述有差异,0,2026-03-28 00:13:15,visible
RV00003751,OI000002693,O00001591,U001050,P000759,5,质量很好，符合预期,0,2025-09-25 05:22:50,visible
RV00003752,OI000001950,O00001153,U004876,P000744,5,物流很快，包装完整,0,2026-02-24 18:59:58,visible
RV00003753,OI000007338,O00004330,U000116,P000331,4,体验一般,0,2026-04-10 01:16:56,visible
RV00003754,OI000014807,O00008664,U000301,P001486,5,质量很好，符合预期,0,2025-10-05 21:48:18,visible
RV00003755,OI000016698,O00009796,U003211,P001380,4,质量很好，符合预期,0,2025-09-20 19:18:01,visible
RV00003756,OI000016942,O00009937,U004955,P000395,5,质量很好，符合预期,0,2026-06-10 23:05:46,visible
RV00003757,OI000011478,O00006728,U002192,P000140,5,整体满意,0,2026-05-06 05:54:41,visible
RV00003758,OI000006405,O00003786,U000033,P000589,1,与描述有差异,0,2026-05-02 04:35:50,visible
RV00003759,OI000018498,O00010843,U000750,P000774,4,整体满意,0,2025-10-07 23:59:14,visible
RV00003760,OI000003348,O00001974,U003793,P000182,4,物流很快，包装完整,0,2026-03-26 09:41:00,visible
RV00003761,OI000002866,O00001692,U002366,P001049,5,物流很快，包装完整,0,2025-04-11 11:57:42,visible
RV00003762,OI000016330,O00009573,U001282,P001289,4,性价比不错,1,2026-01-15 03:33:17,visible
RV00003763,OI000018924,O00011093,U000897,P000394,5,质量很好，符合预期,0,2025-04-04 05:50:35,visible
RV00003764,OI000019642,O00011528,U002663,P000100,4,整体满意,0,2025-12-23 15:44:02,visible
RV00003765,OI000006591,O00003895,U000699,P000308,5,物流很快，包装完整,0,2025-05-02 03:56:43,visible
RV00003766,OI000003608,O00002128,U002145,P001424,5,与描述有差异,0,2025-05-31 17:16:58,visible
RV00003767,OI000008604,O00005065,U003740,P000158,2,物流很快，包装完整,0,2026-03-23 19:36:15,visible
RV00003768,OI000017397,O00010191,U004900,P000491,4,整体满意,0,2025-10-21 06:00:44,visible
RV00003769,OI000015735,O00009226,U004692,P000112,4,整体满意,0,2026-07-15 16:40:34,visible
RV00003770,OI000014167,O00008294,U002599,P000997,5,物流很快，包装完整,1,2026-02-19 16:52:05,visible
RV00003771,OI000004461,O00002646,U002451,P000649,4,性价比不错,0,2025-10-29 11:50:30,visible
RV00003772,OI000020199,O00011852,U000685,P000504,4,质量很好，符合预期,0,2025-06-12 17:40:11,visible
RV00003773,OI000020287,O00011902,U003897,P000080,5,质量很好，符合预期,0,2026-08-23 00:52:26,visible
RV00003774,OI000008040,O00004729,U004441,P001115,5,整体满意,0,2026-05-28 11:12:19,visible
RV00003775,OI000001692,O00000987,U002014,P000345,3,整体满意,0,2026-03-13 23:54:24,visible
RV00003776,OI000005200,O00003092,U001010,P000864,5,整体满意,1,2025-10-25 17:30:13,visible
RV00003777,OI000009059,O00005347,U000850,P001038,5,物流很快，包装完整,0,2025-12-23 16:02:47,visible
RV00003778,OI000014992,O00008777,U004408,P000479,2,整体满意,0,2025-09-10 15:42:34,visible
RV00003779,OI000010228,O00006014,U002969,P001288,3,整体满意,0,2026-08-13 15:09:39,visible
RV00003780,OI000019542,O00011465,U003315,P000139,4,物流很快，包装完整,0,2026-07-26 11:09:11,visible
RV00003781,OI000015853,O00009296,U004836,P000202,5,整体满意,0,2025-05-06 21:05:19,visible
RV00003782,OI000001682,O00000981,U003560,P001192,3,整体满意,0,2025-02-20 04:55:27,visible
RV00003783,OI000015152,O00008883,U004357,P001200,4,物流很快，包装完整,0,2026-02-14 11:59:55,visible
RV00003784,OI000008179,O00004813,U000155,P001014,4,物流很快，包装完整,1,2025-04-10 05:25:51,visible
RV00003785,OI000011135,O00006537,U003895,P000867,4,整体满意,0,2025-04-03 01:09:02,visible
RV00003786,OI000018114,O00010613,U000413,P001104,5,质量很好，符合预期,0,2025-12-03 15:41:52,visible
RV00003787,OI000020271,O00011892,U003829,P000738,4,性价比不错,0,2025-03-29 05:34:51,visible
RV00003788,OI000005659,O00003356,U002558,P000960,5,体验一般,0,2025-05-28 02:15:34,visible
RV00003789,OI000014525,O00008507,U003689,P001085,5,体验一般,1,2025-10-05 04:55:34,visible
RV00003790,OI000019246,O00011289,U004658,P000528,4,质量很好，符合预期,0,2025-01-15 22:39:47,visible
RV00003791,OI000003493,O00002062,U003389,P000539,5,与描述有差异,1,2026-03-05 01:14:16,visible
RV00003792,OI000015882,O00009317,U004417,P001166,5,与描述有差异,0,2026-04-12 05:55:06,visible
RV00003793,OI000009687,O00005712,U002888,P000275,5,质量很好，符合预期,0,2026-07-07 16:06:35,visible
RV00003794,OI000008309,O00004894,U000190,P000486,4,物流很快，包装完整,0,2025-07-16 14:58:39,visible
RV00003795,OI000006746,O00003987,U001385,P001089,5,整体满意,0,2026-05-12 07:03:32,visible
RV00003796,OI000009383,O00005533,U001222,P001168,5,整体满意,0,2025-03-09 20:50:25,visible
RV00003797,OI000004557,O00002700,U004076,P000897,5,整体满意,0,2025-11-26 22:22:56,visible
RV00003798,OI000006799,O00004015,U003976,P000052,4,物流很快，包装完整,1,2026-01-21 06:42:33,visible
RV00003799,OI000017873,O00010463,U000378,P000020,5,物流很快，包装完整,0,2026-04-06 12:06:20,visible
RV00003800,OI000015608,O00009151,U003652,P000284,4,质量很好，符合预期,0,2026-08-15 06:04:35,visible
RV00003801,OI000014633,O00008566,U001646,P001221,4,质量很好，符合预期,0,2026-07-17 13:36:44,visible
RV00003802,OI000019311,O00011327,U003261,P001404,5,体验一般,0,2026-04-25 17:15:38,visible
RV00003803,OI000013985,O00008187,U002264,P000045,5,质量很好，符合预期,0,2026-05-11 16:46:54,visible
RV00003804,OI000016580,O00009724,U003692,P000602,4,体验一般,0,2025-06-09 15:51:51,visible
RV00003805,OI000012413,O00007266,U004783,P001400,5,质量很好，符合预期,0,2025-11-25 05:42:10,visible
RV00003806,OI000001079,O00000615,U003481,P001044,4,质量很好，符合预期,0,2025-03-28 11:35:16,visible
RV00003807,OI000016983,O00009961,U001170,P001169,5,整体满意,0,2026-04-07 06:21:02,visible
RV00003808,OI000004480,O00002660,U000395,P000057,5,与描述有差异,0,2026-08-08 16:12:34,visible
RV00003809,OI000010626,O00006250,U002017,P001168,3,质量很好，符合预期,0,2026-06-09 10:40:18,visible
RV00003810,OI000003714,O00002194,U004669,P000050,5,质量很好，符合预期,0,2025-06-05 19:20:52,visible
RV00003811,OI000002135,O00001259,U002241,P001125,4,质量很好，符合预期,0,2025-10-16 17:42:47,visible
RV00003812,OI000008425,O00004959,U003166,P000704,2,性价比不错,0,2025-09-13 05:05:40,visible
RV00003813,OI000001541,O00000898,U003849,P001384,5,整体满意,0,2025-02-25 16:21:47,visible
RV00003814,OI000006108,O00003607,U002821,P000997,5,质量很好，符合预期,0,2025-09-29 13:45:06,visible
RV00003815,OI000002870,O00001693,U004507,P000133,4,性价比不错,0,2025-11-22 12:18:23,visible
RV00003816,OI000016724,O00009813,U003883,P000015,5,质量很好，符合预期,1,2026-03-14 14:34:05,visible
RV00003817,OI000014730,O00008622,U000300,P001383,5,物流很快，包装完整,0,2026-06-05 13:17:44,visible
RV00003818,OI000000135,O00000080,U004130,P000726,5,质量很好，符合预期,0,2025-11-24 13:43:49,visible
RV00003819,OI000020211,O00011860,U001096,P001270,5,性价比不错,0,2025-06-13 13:24:04,visible
RV00003820,OI000012877,O00007540,U001073,P000988,4,质量很好，符合预期,0,2026-07-21 02:07:22,visible
RV00003821,OI000005608,O00003327,U003731,P000817,5,整体满意,0,2026-05-05 09:00:43,visible
RV00003822,OI000017513,O00010252,U002638,P000821,5,体验一般,0,2025-08-03 02:37:23,visible
RV00003823,OI000007949,O00004676,U002367,P001406,5,物流很快，包装完整,0,2026-06-19 18:19:47,visible
RV00003824,OI000003632,O00002143,U003705,P001278,5,物流很快，包装完整,0,2026-03-04 11:29:26,visible
RV00003825,OI000008174,O00004811,U002420,P001345,5,物流很快，包装完整,0,2025-05-22 17:09:21,visible
RV00003826,OI000009116,O00005379,U000340,P000926,5,性价比不错,0,2025-02-20 16:39:57,visible
RV00003827,OI000015508,O00009090,U002998,P000214,5,与描述有差异,0,2026-05-29 10:07:46,visible
RV00003828,OI000009002,O00005310,U004797,P000277,4,整体满意,1,2026-03-16 05:23:23,visible
RV00003829,OI000019859,O00011653,U000745,P001091,5,体验一般,0,2026-05-02 22:13:57,visible
RV00003830,OI000004904,O00002918,U003179,P000449,5,物流很快，包装完整,0,2026-08-15 13:42:49,visible
RV00003831,OI000020145,O00011822,U002646,P000420,5,物流很快，包装完整,0,2025-01-11 19:40:11,visible
RV00003832,OI000002266,O00001329,U003518,P001197,4,整体满意,0,2025-05-26 14:18:09,visible
RV00003833,OI000013574,O00007940,U004622,P000563,4,整体满意,0,2025-07-17 15:51:18,visible
RV00003834,OI000016929,O00009929,U002551,P000736,5,性价比不错,0,2025-12-29 04:01:36,visible
RV00003835,OI000012687,O00007418,U002584,P000570,4,整体满意,1,2025-06-15 22:32:53,visible
RV00003836,OI000011406,O00006689,U000745,P001159,5,与描述有差异,0,2026-08-12 09:44:25,visible
RV00003837,OI000004669,O00002769,U000657,P000375,5,质量很好，符合预期,0,2025-05-06 16:09:58,visible
RV00003838,OI000019234,O00011282,U002299,P000904,4,整体满意,0,2026-06-27 14:14:02,visible
RV00003839,OI000016256,O00009535,U004380,P001058,4,与描述有差异,0,2025-11-19 18:42:04,visible
RV00003840,OI000006336,O00003745,U000276,P000741,5,体验一般,0,2025-06-05 22:21:26,visible
RV00003841,OI000011691,O00006850,U004234,P000173,5,整体满意,0,2026-02-09 03:55:47,visible
RV00003842,OI000013762,O00008056,U001198,P000236,5,整体满意,0,2026-01-29 10:53:10,visible
RV00003843,OI000004551,O00002697,U002434,P000069,2,物流很快，包装完整,0,2026-08-07 08:38:42,visible
RV00003844,OI000007665,O00004528,U003561,P000545,4,物流很快，包装完整,0,2025-05-04 03:30:43,visible
RV00003845,OI000001274,O00000734,U004114,P000961,4,性价比不错,0,2026-05-10 16:13:07,visible
RV00003846,OI000003093,O00001821,U000570,P000983,5,物流很快，包装完整,0,2026-04-09 03:21:23,visible
RV00003847,OI000010822,O00006360,U001653,P000574,4,质量很好，符合预期,1,2026-06-09 21:22:38,visible
RV00003848,OI000010602,O00006237,U004912,P001418,5,性价比不错,0,2026-07-13 01:02:56,visible
RV00003849,OI000005089,O00003031,U004732,P000594,5,性价比不错,0,2026-08-16 21:01:37,visible
RV00003850,OI000010243,O00006025,U002917,P001146,5,质量很好，符合预期,0,2026-02-04 06:18:00,visible
RV00003851,OI000016204,O00009501,U003200,P001405,4,质量很好，符合预期,0,2025-11-01 11:35:11,visible
RV00003852,OI000016049,O00009409,U004798,P001098,5,整体满意,0,2026-07-11 16:37:22,visible
RV00003853,OI000006492,O00003838,U000738,P000632,5,整体满意,0,2026-01-14 12:00:48,visible
RV00003854,OI000012599,O00007366,U000907,P000146,5,整体满意,0,2025-04-26 05:01:03,visible
RV00003855,OI000016890,O00009908,U004812,P000895,2,性价比不错,0,2025-09-11 23:49:01,visible
RV00003856,OI000015249,O00008937,U002007,P001333,4,性价比不错,0,2025-05-30 05:43:12,visible
RV00003857,OI000013640,O00007980,U003567,P000135,5,体验一般,1,2026-01-08 23:44:40,visible
RV00003858,OI000013096,O00007659,U000831,P000959,5,整体满意,1,2025-08-31 04:22:09,visible
RV00003859,OI000014463,O00008469,U001244,P000910,5,体验一般,0,2025-10-05 22:56:17,visible
RV00003860,OI000002051,O00001211,U004016,P000541,5,性价比不错,0,2025-07-25 06:04:26,visible
RV00003861,OI000015472,O00009066,U004906,P000210,4,质量很好，符合预期,0,2025-10-30 06:57:05,visible
RV00003862,OI000012752,O00007463,U004602,P001096,4,整体满意,0,2025-10-02 03:46:40,visible
RV00003863,OI000013505,O00007897,U000734,P000661,5,性价比不错,0,2026-03-23 11:30:45,visible
RV00003864,OI000016327,O00009572,U001677,P001418,5,体验一般,0,2026-08-13 00:38:38,visible
RV00003865,OI000005721,O00003391,U004245,P000950,5,整体满意,1,2025-06-30 11:39:58,visible
RV00003866,OI000006608,O00003906,U002260,P000928,5,质量很好，符合预期,0,2025-12-21 14:40:36,visible
RV00003867,OI000017095,O00010023,U000572,P000455,4,整体满意,0,2025-04-12 22:49:00,visible
RV00003868,OI000013987,O00008188,U001626,P000490,4,质量很好，符合预期,1,2025-06-15 21:18:29,visible
RV00003869,OI000015644,O00009175,U000015,P000003,3,物流很快，包装完整,0,2025-08-23 21:29:11,visible
RV00003870,OI000010942,O00006425,U000870,P001293,4,体验一般,1,2025-06-23 22:53:44,visible
RV00003871,OI000014582,O00008540,U001999,P000498,4,质量很好，符合预期,0,2026-07-03 21:16:12,visible
RV00003872,OI000013483,O00007882,U004456,P000649,3,性价比不错,0,2025-02-04 01:10:59,visible
RV00003873,OI000019868,O00011658,U002558,P000894,3,体验一般,0,2025-02-11 17:42:16,visible
RV00003874,OI000010034,O00005902,U004753,P000758,5,物流很快，包装完整,0,2026-08-28 00:09:29,visible
RV00003875,OI000013316,O00007782,U003225,P000294,5,质量很好，符合预期,0,2025-10-04 12:07:29,visible
RV00003876,OI000018523,O00010860,U004593,P000383,5,体验一般,0,2026-05-08 23:49:09,visible
RV00003877,OI000019501,O00011439,U002012,P000749,5,与描述有差异,0,2026-06-01 01:46:52,visible
RV00003878,OI000015529,O00009101,U000440,P000482,5,与描述有差异,0,2026-07-16 15:41:59,visible
RV00003879,OI000001528,O00000890,U004652,P001341,4,体验一般,0,2025-10-11 11:44:24,visible
RV00003880,OI000012054,O00007054,U003625,P000907,5,物流很快，包装完整,0,2025-10-25 04:16:26,visible
RV00003881,OI000006374,O00003766,U003473,P000314,5,质量很好，符合预期,0,2025-06-26 10:39:42,visible
RV00003882,OI000003732,O00002206,U001012,P001275,5,整体满意,0,2025-05-23 21:54:22,visible
RV00003883,OI000020343,O00011933,U001366,P000818,5,性价比不错,0,2026-05-28 10:47:45,visible
RV00003884,OI000000992,O00000571,U003706,P000028,5,质量很好，符合预期,0,2025-02-20 06:44:58,visible
RV00003885,OI000003824,O00002264,U003279,P000577,4,性价比不错,0,2026-01-01 16:38:27,visible
RV00003886,OI000015405,O00009033,U004426,P000764,2,物流很快，包装完整,0,2025-06-13 15:54:22,visible
RV00003887,OI000000799,O00000458,U004137,P000481,4,整体满意,0,2025-07-29 17:18:59,visible
RV00003888,OI000009984,O00005875,U003060,P000089,5,质量很好，符合预期,1,2025-06-09 23:16:52,visible
RV00003889,OI000006706,O00003966,U003221,P000638,5,物流很快，包装完整,0,2025-12-15 21:33:23,visible
RV00003890,OI000006359,O00003760,U000503,P000564,5,整体满意,0,2026-01-02 10:05:04,visible
RV00003891,OI000007774,O00004585,U001487,P000737,4,质量很好，符合预期,0,2025-03-23 18:15:58,visible
RV00003892,OI000012938,O00007572,U003855,P001452,5,性价比不错,0,2025-10-04 22:38:24,visible
RV00003893,OI000000761,O00000435,U000211,P000960,5,体验一般,1,2026-06-14 21:19:40,visible
RV00003894,OI000003214,O00001890,U004892,P001088,3,整体满意,0,2026-02-07 07:41:21,visible
RV00003895,OI000010557,O00006212,U002622,P000390,5,整体满意,0,2025-05-18 04:05:14,visible
RV00003896,OI000020192,O00011848,U003615,P001478,5,整体满意,0,2026-02-13 13:44:45,visible
RV00003897,OI000009829,O00005789,U003394,P000591,4,与描述有差异,0,2026-03-12 14:06:48,visible
RV00003898,OI000015411,O00009035,U000921,P001207,1,质量很好，符合预期,0,2025-05-07 02:56:08,visible
RV00003899,OI000014156,O00008285,U004742,P001204,2,物流很快，包装完整,0,2025-04-07 13:02:01,visible
RV00003900,OI000015705,O00009208,U004693,P001269,5,整体满意,0,2026-05-06 12:11:44,visible
RV00003901,OI000005476,O00003250,U004777,P001425,3,性价比不错,0,2025-09-18 12:27:54,visible
RV00003902,OI000005180,O00003082,U001573,P001212,5,质量很好，符合预期,0,2025-08-21 04:35:29,visible
RV00003903,OI000010467,O00006158,U001107,P001282,5,质量很好，符合预期,0,2026-03-11 17:47:25,visible
RV00003904,OI000009079,O00005360,U000234,P001195,5,整体满意,0,2026-01-25 17:58:43,visible
RV00003905,OI000005842,O00003457,U003099,P000088,1,体验一般,0,2025-09-09 03:30:34,visible
RV00003906,OI000015703,O00009206,U004764,P000161,5,整体满意,0,2026-02-06 18:44:32,visible
RV00003907,OI000001602,O00000935,U003372,P000750,3,整体满意,0,2026-01-15 15:21:21,visible
RV00003908,OI000011138,O00006539,U001035,P000958,5,物流很快，包装完整,0,2025-02-23 06:04:02,visible
RV00003909,OI000009105,O00005372,U003396,P001352,5,与描述有差异,0,2026-03-20 13:01:17,visible
RV00003910,OI000002103,O00001244,U000191,P000068,5,整体满意,0,2026-03-16 04:02:23,visible
RV00003911,OI000008346,O00004915,U000357,P001169,5,物流很快，包装完整,0,2026-01-25 08:54:18,visible
RV00003912,OI000000675,O00000388,U003122,P000180,4,物流很快，包装完整,0,2025-06-16 11:47:31,visible
RV00003913,OI000001603,O00000935,U003372,P000350,5,体验一般,0,2026-01-24 15:21:21,visible
RV00003914,OI000003915,O00002325,U000509,P000464,3,整体满意,0,2026-02-01 23:20:48,visible
RV00003915,OI000015499,O00009083,U004400,P000712,4,物流很快，包装完整,0,2026-02-15 22:16:12,visible
RV00003916,OI000010407,O00006122,U001491,P001169,5,质量很好，符合预期,0,2025-01-19 02:45:09,visible
RV00003917,OI000013673,O00008002,U001587,P000791,4,整体满意,1,2026-06-26 05:21:38,visible
RV00003918,OI000004490,O00002665,U004126,P000445,5,质量很好，符合预期,0,2025-05-27 21:52:32,visible
RV00003919,OI000004137,O00002464,U004693,P000156,3,物流很快，包装完整,0,2025-03-19 14:35:49,visible
RV00003920,OI000004758,O00002823,U001227,P001022,4,整体满意,0,2025-02-18 11:23:26,visible
RV00003921,OI000000759,O00000435,U000211,P001040,5,物流很快，包装完整,0,2026-06-18 21:19:40,visible
RV00003922,OI000002922,O00001727,U003591,P001103,4,与描述有差异,1,2026-04-30 20:52:37,visible
RV00003923,OI000013191,O00007716,U001632,P001466,4,体验一般,1,2025-10-01 07:20:18,visible
RV00003924,OI000012084,O00007072,U004898,P001347,4,物流很快，包装完整,0,2025-08-25 15:11:07,visible
RV00003925,OI000006521,O00003853,U000015,P000258,5,体验一般,0,2026-01-09 14:15:34,visible
RV00003926,OI000018263,O00010701,U004877,P000369,3,物流很快，包装完整,0,2025-02-03 00:41:10,visible
RV00003927,OI000012635,O00007388,U003841,P000176,5,整体满意,0,2025-08-05 16:42:18,visible
RV00003928,OI000009262,O00005461,U000919,P000447,5,整体满意,0,2025-05-10 11:42:16,hidden
RV00003929,OI000015843,O00009291,U000587,P001150,4,质量很好，符合预期,0,2025-08-08 02:23:50,visible
RV00003930,OI000014719,O00008615,U000313,P000554,3,性价比不错,0,2026-06-18 01:18:30,visible
RV00003931,OI000009788,O00005768,U002889,P001124,4,性价比不错,0,2025-12-13 05:23:47,visible
RV00003932,OI000009341,O00005507,U000276,P000602,1,质量很好，符合预期,0,2025-07-01 12:10:10,visible
RV00003933,OI000020044,O00011759,U004448,P000789,3,质量很好，符合预期,0,2025-04-02 03:08:32,visible
RV00003934,OI000001133,O00000646,U003824,P000843,3,质量很好，符合预期,0,2026-06-26 16:53:53,visible
RV00003935,OI000016438,O00009634,U002538,P001070,4,体验一般,0,2026-02-06 22:50:19,visible
RV00003936,OI000002662,O00001570,U000627,P000400,4,物流很快，包装完整,0,2025-09-14 00:06:04,visible
RV00003937,OI000000629,O00000358,U002978,P000104,4,性价比不错,0,2025-03-12 22:51:41,visible
RV00003938,OI000006120,O00003614,U003965,P000338,5,性价比不错,0,2026-08-01 23:33:44,visible
RV00003939,OI000000791,O00000453,U003578,P000662,5,物流很快，包装完整,0,2026-08-30 01:00:42,visible
RV00003940,OI000006483,O00003832,U001528,P000254,5,整体满意,0,2025-06-13 05:37:34,visible
RV00003941,OI000002805,O00001653,U001115,P000715,5,物流很快，包装完整,1,2026-02-13 23:10:43,visible
RV00003942,OI000003345,O00001971,U001577,P000155,5,性价比不错,0,2026-07-01 20:45:59,visible
RV00003943,OI000018507,O00010849,U001006,P001122,5,质量很好，符合预期,1,2026-03-23 23:19:42,visible
RV00003944,OI000017823,O00010433,U000700,P001229,5,整体满意,0,2026-01-08 19:02:26,visible
RV00003945,OI000007654,O00004521,U004323,P000502,5,整体满意,0,2026-01-21 21:00:35,visible
RV00003946,OI000010758,O00006321,U001641,P000418,5,质量很好，符合预期,0,2025-09-08 13:20:22,visible
RV00003947,OI000005874,O00003478,U003794,P000642,5,物流很快，包装完整,0,2025-08-27 08:36:14,visible
RV00003948,OI000019881,O00011667,U004178,P001463,5,性价比不错,0,2025-10-14 14:01:29,visible
RV00003949,OI000013154,O00007694,U000545,P000775,3,质量很好，符合预期,0,2026-04-20 23:22:13,visible
RV00003950,OI000014988,O00008775,U003462,P001001,5,体验一般,0,2025-03-05 10:50:51,visible
RV00003951,OI000002590,O00001527,U000353,P000197,1,质量很好，符合预期,0,2025-05-01 13:15:50,visible
RV00003952,OI000015027,O00008802,U004282,P000327,5,体验一般,0,2025-05-16 16:12:59,visible
RV00003953,OI000007306,O00004311,U000896,P001237,4,体验一般,0,2025-04-21 18:46:02,visible
RV00003954,OI000009352,O00005513,U003950,P000066,4,质量很好，符合预期,0,2025-03-20 06:13:01,visible
RV00003955,OI000008252,O00004859,U000284,P000218,5,物流很快，包装完整,0,2025-11-28 10:22:23,visible
RV00003956,OI000001898,O00001118,U000042,P001249,5,性价比不错,0,2025-11-23 19:43:28,visible
RV00003957,OI000006169,O00003645,U002541,P000568,4,整体满意,0,2026-06-20 15:51:18,visible
RV00003958,OI000007924,O00004661,U000610,P000378,5,质量很好，符合预期,0,2025-03-31 12:56:06,visible
RV00003959,OI000010634,O00006254,U000147,P000556,4,物流很快，包装完整,0,2026-07-30 18:05:45,visible
RV00003960,OI000016079,O00009426,U002830,P001178,5,物流很快，包装完整,0,2026-05-29 20:33:52,visible
RV00003961,OI000015491,O00009078,U004217,P000573,5,质量很好，符合预期,0,2025-12-27 05:14:47,visible
RV00003962,OI000008971,O00005289,U000060,P000299,3,体验一般,0,2025-10-13 02:24:52,visible
RV00003963,OI000016758,O00009834,U002499,P000470,5,整体满意,0,2026-01-14 10:46:52,visible
RV00003964,OI000018033,O00010565,U003778,P000244,5,与描述有差异,0,2026-08-08 21:00:09,visible
RV00003965,OI000010889,O00006394,U003276,P001086,5,质量很好，符合预期,0,2026-08-25 11:42:47,visible
RV00003966,OI000011234,O00006593,U004722,P000677,1,整体满意,0,2025-03-13 02:42:05,visible
RV00003967,OI000002330,O00001364,U002209,P000175,3,物流很快，包装完整,0,2026-05-13 04:36:03,visible
RV00003968,OI000001326,O00000765,U004509,P000727,4,质量很好，符合预期,0,2025-04-02 22:32:11,visible
RV00003969,OI000003816,O00002256,U000890,P001204,4,整体满意,0,2025-09-29 13:28:13,visible
RV00003970,OI000001061,O00000607,U001228,P000199,3,性价比不错,0,2025-06-03 16:28:02,visible
RV00003971,OI000017551,O00010273,U004802,P001352,5,性价比不错,1,2025-03-06 20:38:36,visible
RV00003972,OI000013280,O00007764,U000611,P000543,5,质量很好，符合预期,0,2025-04-27 10:26:56,visible
RV00003973,OI000006156,O00003637,U000698,P001156,5,整体满意,0,2025-12-21 18:27:12,visible
RV00003974,OI000013734,O00008039,U000717,P001358,5,质量很好，符合预期,0,2026-01-23 03:16:33,visible
RV00003975,OI000008213,O00004832,U000913,P000897,5,整体满意,0,2025-07-22 07:09:16,visible
RV00003976,OI000009559,O00005641,U001817,P000076,5,物流很快，包装完整,0,2026-03-21 21:47:14,visible
RV00003977,OI000009377,O00005530,U000147,P000575,3,性价比不错,0,2026-08-20 01:00:25,visible
RV00003978,OI000000408,O00000236,U002181,P000112,5,物流很快，包装完整,0,2026-09-01 02:36:11,visible
RV00003979,OI000004842,O00002876,U004494,P001481,5,整体满意,0,2026-06-05 03:13:23,visible
RV00003980,OI000019399,O00011381,U003717,P000061,5,质量很好，符合预期,0,2025-01-28 08:11:34,visible
RV00003981,OI000010866,O00006378,U003046,P001199,4,质量很好，符合预期,0,2026-04-05 16:09:52,visible
RV00003982,OI000011214,O00006585,U004804,P000615,5,整体满意,1,2026-03-04 07:56:21,visible
RV00003983,OI000000892,O00000509,U002223,P000063,5,整体满意,0,2025-08-22 08:34:13,visible
RV00003984,OI000013347,O00007801,U002271,P000060,5,性价比不错,0,2025-09-11 09:26:09,hidden
RV00003985,OI000014321,O00008385,U002412,P000766,5,质量很好，符合预期,0,2025-05-31 01:02:25,visible
RV00003986,OI000016184,O00009488,U002030,P000897,5,与描述有差异,0,2025-03-20 05:33:54,visible
RV00003987,OI000011894,O00006962,U004532,P000353,2,物流很快，包装完整,0,2025-04-30 11:49:50,visible
RV00003988,OI000005457,O00003239,U003395,P001115,5,质量很好，符合预期,0,2025-09-19 07:48:40,visible
RV00003989,OI000007576,O00004470,U004166,P000654,5,整体满意,0,2026-01-16 07:31:59,visible
RV00003990,OI000001607,O00000937,U000294,P000490,4,整体满意,0,2025-05-24 07:25:12,visible
RV00003991,OI000000442,O00000254,U003170,P001216,5,质量很好，符合预期,0,2025-07-28 18:13:38,visible
RV00003992,OI000002646,O00001561,U002306,P000687,5,质量很好，符合预期,0,2025-11-07 20:08:09,visible
RV00003993,OI000002156,O00001268,U000018,P001348,4,物流很快，包装完整,0,2025-05-09 13:17:21,visible
RV00003994,OI000007220,O00004260,U002167,P000716,3,性价比不错,0,2025-09-16 13:33:33,visible
RV00003995,OI000008984,O00005297,U001004,P000276,5,物流很快，包装完整,0,2026-02-14 05:39:45,visible
RV00003996,OI000011269,O00006611,U003027,P000980,4,质量很好，符合预期,1,2025-03-28 10:27:20,visible
RV00003997,OI000006581,O00003888,U002198,P000312,5,物流很快，包装完整,0,2025-06-19 22:47:40,visible
RV00003998,OI000006625,O00003916,U001971,P001303,4,整体满意,1,2025-02-19 10:41:46,visible
RV00003999,OI000015731,O00009224,U001932,P001093,5,物流很快，包装完整,0,2025-10-01 23:12:22,visible
RV00004000,OI000003720,O00002198,U001941,P000807,5,物流很快，包装完整,0,2025-08-26 07:29:00,visible
RV00004001,OI000019044,O00011170,U002678,P001113,4,质量很好，符合预期,0,2026-03-29 22:09:48,visible
RV00004002,OI000011033,O00006476,U001935,P000142,5,质量很好，符合预期,0,2025-02-02 19:16:42,visible
RV00004003,OI000016199,O00009498,U003355,P000104,5,性价比不错,0,2026-02-24 20:24:15,visible
RV00004004,OI000017521,O00010257,U000573,P001304,4,整体满意,0,2026-06-30 08:49:44,visible
RV00004005,OI000017644,O00010332,U004359,P001406,1,质量很好，符合预期,1,2026-05-06 21:01:37,visible
RV00004006,OI000008076,O00004752,U003769,P001250,5,物流很快，包装完整,0,2026-07-06 07:59:30,visible
RV00004007,OI000004815,O00002857,U002570,P001117,4,质量很好，符合预期,1,2026-02-01 21:50:25,visible
RV00004008,OI000007736,O00004566,U001849,P000375,4,与描述有差异,0,2026-07-31 00:41:51,visible
RV00004009,OI000005786,O00003429,U003360,P000801,5,物流很快，包装完整,0,2026-04-20 22:04:34,visible
RV00004010,OI000000652,O00000375,U003506,P001157,3,性价比不错,0,2025-07-08 15:09:15,visible
RV00004011,OI000006409,O00003788,U002926,P000356,4,物流很快，包装完整,0,2026-03-31 09:51:41,visible
RV00004012,OI000010374,O00006104,U003615,P000754,2,性价比不错,0,2025-02-01 11:19:26,visible
RV00004013,OI000010397,O00006116,U000982,P000543,5,性价比不错,0,2025-05-08 11:41:23,visible
RV00004014,OI000005831,O00003451,U001821,P000713,5,质量很好，符合预期,0,2026-08-30 18:08:42,visible
RV00004015,OI000012188,O00007136,U003562,P000745,3,质量很好，符合预期,1,2025-08-27 00:20:35,visible
RV00004016,OI000017624,O00010318,U000294,P000416,5,与描述有差异,0,2026-07-05 00:49:56,visible
RV00004017,OI000003898,O00002314,U003669,P000744,5,物流很快，包装完整,0,2025-11-24 04:58:14,visible
RV00004018,OI000011038,O00006479,U004372,P001054,5,与描述有差异,0,2025-03-19 10:07:38,visible
RV00004019,OI000014010,O00008204,U003624,P000500,4,质量很好，符合预期,0,2025-12-26 00:01:42,visible
RV00004020,OI000008111,O00004774,U002225,P000369,5,物流很快，包装完整,0,2025-08-29 15:39:40,visible
RV00004021,OI000017010,O00009978,U000838,P000866,4,质量很好，符合预期,0,2026-04-11 13:19:10,visible
RV00004022,OI000010317,O00006070,U000192,P001150,5,质量很好，符合预期,0,2026-05-04 14:28:32,visible
RV00004023,OI000013172,O00007705,U002663,P000407,5,与描述有差异,1,2026-07-24 08:17:43,visible
RV00004024,OI000014269,O00008351,U003990,P000160,4,性价比不错,0,2025-06-30 11:25:17,visible
RV00004025,OI000003814,O00002254,U001266,P000568,5,物流很快，包装完整,0,2025-05-02 01:33:10,visible
RV00004026,OI000011631,O00006820,U004199,P000269,4,物流很快，包装完整,0,2025-05-02 04:02:19,visible
RV00004027,OI000001889,O00001113,U002118,P001109,5,物流很快，包装完整,0,2026-06-01 06:08:19,visible
RV00004028,OI000015901,O00009330,U001289,P000398,4,质量很好，符合预期,0,2025-03-29 15:08:47,visible
RV00004029,OI000013418,O00007844,U000274,P001238,4,质量很好，符合预期,1,2025-05-22 10:34:43,visible
RV00004030,OI000016089,O00009433,U004122,P001265,5,质量很好，符合预期,0,2026-04-23 22:48:35,visible
RV00004031,OI000013364,O00007809,U003252,P000408,5,质量很好，符合预期,0,2025-07-07 06:26:08,visible
RV00004032,OI000010358,O00006095,U004101,P000518,5,性价比不错,1,2026-08-09 06:06:24,visible
RV00004033,OI000011165,O00006555,U001444,P000384,4,质量很好，符合预期,0,2025-10-03 20:01:42,visible
RV00004034,OI000010779,O00006334,U001705,P000265,4,性价比不错,0,2025-03-06 04:25:45,visible
RV00004035,OI000007943,O00004671,U004182,P001480,5,与描述有差异,0,2026-04-08 07:45:00,visible
RV00004036,OI000009872,O00005814,U003949,P000054,4,物流很快，包装完整,0,2025-05-04 07:11:49,visible
RV00004037,OI000008841,O00005208,U001962,P000949,3,性价比不错,0,2026-04-16 05:47:35,visible
RV00004038,OI000015214,O00008918,U000348,P000295,4,体验一般,0,2025-11-20 13:29:40,visible
RV00004039,OI000007642,O00004514,U001964,P000714,5,性价比不错,1,2026-08-04 11:22:49,visible
RV00004040,OI000000012,O00000007,U003082,P000133,5,质量很好，符合预期,0,2025-12-06 01:53:06,visible
RV00004041,OI000017972,O00010527,U002791,P001439,4,质量很好，符合预期,1,2025-07-08 04:14:16,visible
RV00004042,OI000012611,O00007375,U002387,P000154,5,性价比不错,0,2026-01-24 08:22:25,visible
RV00004043,OI000006390,O00003777,U004510,P000774,5,质量很好，符合预期,0,2026-05-03 06:11:42,visible
RV00004044,OI000020272,O00011893,U003186,P001248,5,质量很好，符合预期,0,2026-06-16 00:49:19,visible
RV00004045,OI000004833,O00002868,U003041,P001390,5,质量很好，符合预期,0,2025-05-03 09:17:33,visible
RV00004046,OI000002815,O00001661,U000305,P000316,1,性价比不错,0,2025-02-23 20:34:18,visible
RV00004047,OI000007345,O00004334,U002704,P000943,5,整体满意,0,2025-03-03 15:07:37,visible
RV00004048,OI000011934,O00006983,U002508,P000842,5,物流很快，包装完整,0,2026-01-16 17:24:04,visible
RV00004049,OI000014622,O00008560,U004122,P000964,5,物流很快，包装完整,0,2025-04-07 01:55:21,visible
RV00004050,OI000001128,O00000644,U000268,P000909,5,物流很快，包装完整,1,2025-03-05 05:54:31,visible
RV00004051,OI000011831,O00006928,U002879,P000645,3,物流很快，包装完整,0,2026-01-23 21:23:09,visible
RV00004052,OI000006871,O00004056,U001547,P000904,4,性价比不错,0,2026-09-01 12:00:47,visible
RV00004053,OI000018407,O00010788,U004282,P000720,5,与描述有差异,1,2025-02-08 04:31:48,visible
RV00004054,OI000014620,O00008559,U001515,P000408,1,物流很快，包装完整,1,2026-04-19 20:17:04,visible
RV00004055,OI000013695,O00008015,U002638,P000442,5,性价比不错,0,2025-04-25 03:18:34,visible
RV00004056,OI000014936,O00008744,U001800,P000057,5,整体满意,0,2025-06-26 22:18:07,visible
RV00004057,OI000000483,O00000278,U002725,P000986,2,整体满意,0,2025-05-29 11:09:09,visible
RV00004058,OI000002682,O00001584,U004695,P000078,5,体验一般,0,2025-12-25 18:33:34,visible
RV00004059,OI000012415,O00007266,U004783,P001480,3,物流很快，包装完整,0,2025-11-26 05:42:10,visible
RV00004060,OI000015754,O00009237,U000610,P000082,3,整体满意,0,2026-02-22 00:03:15,visible
RV00004061,OI000018873,O00011066,U000829,P000674,5,物流很快，包装完整,0,2025-02-20 17:04:15,visible
RV00004062,OI000011306,O00006634,U000756,P001393,3,物流很快，包装完整,0,2026-02-04 07:58:22,visible
RV00004063,OI000015370,O00009010,U002878,P000126,5,物流很快，包装完整,0,2025-06-10 10:30:06,visible
RV00004064,OI000010631,O00006253,U003283,P000572,4,物流很快，包装完整,0,2025-12-19 18:09:05,visible
RV00004065,OI000014699,O00008603,U003209,P000139,5,性价比不错,0,2026-04-11 16:56:31,visible
RV00004066,OI000020080,O00011782,U002489,P000171,5,整体满意,0,2025-10-20 10:14:13,visible
RV00004067,OI000000298,O00000167,U001453,P001073,2,与描述有差异,0,2025-08-16 22:23:00,visible
RV00004068,OI000015334,O00008987,U003675,P000487,5,物流很快，包装完整,0,2025-08-21 04:16:20,visible
RV00004069,OI000017721,O00010375,U002283,P000256,5,物流很快，包装完整,0,2025-06-12 23:09:01,visible
RV00004070,OI000004563,O00002703,U002340,P001339,5,体验一般,0,2026-02-27 13:42:48,visible
RV00004071,OI000010424,O00006132,U001098,P000723,5,整体满意,0,2026-07-26 11:16:29,visible
RV00004072,OI000005976,O00003539,U001992,P000776,4,整体满意,1,2026-07-24 08:04:35,visible
RV00004073,OI000000658,O00000377,U001039,P001059,5,物流很快，包装完整,0,2025-10-14 06:42:55,visible
RV00004074,OI000005776,O00003424,U003491,P000282,5,与描述有差异,0,2026-02-10 02:09:59,visible
RV00004075,OI000006804,O00004018,U004795,P000107,5,物流很快，包装完整,0,2025-10-29 23:21:47,visible
RV00004076,OI000019689,O00011550,U000208,P000365,2,整体满意,0,2025-03-16 08:34:03,visible
RV00004077,OI000015720,O00009217,U003404,P001119,5,质量很好，符合预期,0,2025-12-30 22:35:14,visible
RV00004078,OI000013321,O00007784,U001698,P000955,5,物流很快，包装完整,0,2025-03-06 08:05:44,visible
RV00004079,OI000002126,O00001255,U003812,P000096,5,整体满意,0,2025-09-20 15:09:51,visible
RV00004080,OI000015687,O00009196,U003619,P001033,5,性价比不错,0,2025-07-10 16:55:06,visible
RV00004081,OI000020424,O00011977,U002715,P000819,5,质量很好，符合预期,0,2025-07-23 16:00:05,visible
RV00004082,OI000013678,O00008004,U000747,P000319,5,质量很好，符合预期,0,2026-01-08 00:48:12,visible
RV00004083,OI000015343,O00008993,U000034,P000730,5,质量很好，符合预期,0,2025-10-22 16:39:38,visible
RV00004084,OI000007048,O00004154,U001567,P001219,4,体验一般,0,2025-02-02 13:35:19,visible
RV00004085,OI000014626,O00008563,U000477,P000793,4,与描述有差异,0,2025-06-24 13:26:38,visible
RV00004086,OI000016404,O00009616,U003674,P000227,5,质量很好，符合预期,0,2025-08-09 12:59:20,visible
RV00004087,OI000017079,O00010014,U001881,P000569,4,质量很好，符合预期,0,2025-08-11 14:30:42,visible
RV00004088,OI000009428,O00005561,U003069,P000015,4,质量很好，符合预期,0,2025-05-07 23:33:56,visible
RV00004089,OI000000581,O00000334,U002765,P000007,5,性价比不错,0,2026-07-06 00:12:06,visible
RV00004090,OI000010867,O00006379,U004093,P000562,4,性价比不错,0,2026-06-21 00:41:01,visible
RV00004091,OI000006234,O00003683,U000830,P001263,5,质量很好，符合预期,0,2025-12-13 12:51:42,visible
RV00004092,OI000002017,O00001192,U003384,P001374,4,整体满意,0,2026-07-15 17:57:25,visible
RV00004093,OI000017263,O00010114,U001326,P000930,4,质量很好，符合预期,0,2025-12-20 09:25:35,visible
RV00004094,OI000020146,O00011822,U002646,P000740,4,质量很好，符合预期,0,2025-01-31 19:40:11,visible
RV00004095,OI000017559,O00010279,U003744,P001164,5,质量很好，符合预期,0,2026-06-23 17:21:20,visible
RV00004096,OI000006480,O00003829,U000534,P000433,5,整体满意,0,2026-01-18 09:28:57,visible
RV00004097,OI000012730,O00007443,U000231,P001128,5,整体满意,0,2025-02-28 08:25:08,visible
RV00004098,OI000001973,O00001170,U001336,P001258,3,质量很好，符合预期,0,2025-05-18 21:04:50,visible
RV00004099,OI000003425,O00002025,U000363,P000884,5,质量很好，符合预期,0,2025-05-05 14:56:36,visible
RV00004100,OI000015510,O00009091,U001050,P000544,3,体验一般,0,2025-10-25 14:33:26,visible
RV00004101,OI000004953,O00002943,U001855,P001003,4,体验一般,1,2026-08-21 03:44:02,visible
RV00004102,OI000019604,O00011503,U000008,P000789,5,性价比不错,0,2026-07-24 00:39:49,visible
RV00004103,OI000010405,O00006121,U004842,P000626,3,性价比不错,0,2025-09-18 16:29:36,visible
RV00004104,OI000019657,O00011536,U000885,P000555,5,整体满意,0,2025-04-23 01:05:05,visible
RV00004105,OI000019233,O00011282,U002299,P000584,4,体验一般,0,2026-07-13 14:14:02,visible
RV00004106,OI000007621,O00004498,U001981,P000098,5,物流很快，包装完整,0,2025-08-11 13:41:59,visible
RV00004107,OI000005822,O00003446,U002486,P000428,2,性价比不错,0,2026-09-07 11:07:53,visible
RV00004108,OI000015841,O00009291,U000587,P001230,4,物流很快，包装完整,0,2025-08-12 02:23:50,visible
RV00004109,OI000003987,O00002369,U001580,P001479,5,整体满意,0,2025-07-19 17:50:00,visible
RV00004110,OI000007597,O00004482,U000401,P001255,4,性价比不错,1,2025-08-22 21:50:31,visible
RV00004111,OI000003509,O00002072,U003193,P000632,5,整体满意,0,2025-04-07 05:29:25,visible
RV00004112,OI000010916,O00006412,U002862,P001253,5,整体满意,0,2025-08-27 22:49:53,visible
RV00004113,OI000007666,O00004528,U003561,P000545,5,质量很好，符合预期,0,2025-05-26 03:30:43,visible
RV00004114,OI000006714,O00003971,U003919,P001164,5,质量很好，符合预期,0,2025-08-29 16:03:14,visible
RV00004115,OI000014137,O00008277,U001290,P001402,4,性价比不错,0,2025-07-07 12:49:25,visible
RV00004116,OI000016697,O00009796,U003211,P000340,3,质量很好，符合预期,0,2025-09-17 19:18:01,visible
RV00004117,OI000016420,O00009623,U000018,P000821,4,性价比不错,0,2026-05-13 13:08:57,visible
RV00004118,OI000007174,O00004233,U004867,P000420,5,整体满意,0,2026-05-02 05:45:20,visible
RV00004119,OI000010473,O00006163,U003218,P000963,4,整体满意,0,2025-09-12 11:19:34,visible
RV00004120,OI000002734,O00001616,U004721,P000659,5,整体满意,0,2026-01-06 05:09:48,visible
RV00004121,OI000010109,O00005944,U002186,P000582,5,体验一般,0,2025-01-19 17:52:26,visible
RV00004122,OI000011305,O00006634,U000756,P000033,5,整体满意,0,2026-02-14 07:58:22,visible
RV00004123,OI000018179,O00010654,U003554,P000115,5,体验一般,0,2026-04-24 19:53:15,visible
RV00004124,OI000018793,O00011018,U001436,P001077,4,性价比不错,0,2026-03-11 04:58:12,visible
RV00004125,OI000006229,O00003680,U000999,P000325,5,整体满意,0,2025-08-29 20:52:49,visible
RV00004126,OI000004550,O00002696,U000936,P000481,4,整体满意,1,2026-06-30 20:18:00,visible
RV00004127,OI000015372,O00009010,U002878,P000926,4,整体满意,0,2025-06-06 10:30:06,visible
RV00004128,OI000004367,O00002595,U002837,P000754,5,性价比不错,0,2025-06-25 21:28:43,visible
RV00004129,OI000007989,O00004697,U001139,P001439,3,体验一般,0,2025-12-20 08:28:17,visible
RV00004130,OI000017083,O00010015,U001313,P000963,5,物流很快，包装完整,0,2026-08-19 19:31:03,visible
RV00004131,OI000017068,O00010008,U002212,P000453,4,体验一般,0,2026-07-02 02:46:16,visible
RV00004132,OI000003830,O00002269,U002695,P000413,5,质量很好，符合预期,0,2026-03-21 01:38:48,visible
RV00004133,OI000010279,O00006047,U001507,P001127,1,整体满意,1,2025-12-25 02:23:03,visible
RV00004134,OI000006451,O00003812,U000708,P000496,3,性价比不错,0,2025-10-07 09:54:15,visible
RV00004135,OI000016287,O00009549,U003106,P000832,4,性价比不错,0,2026-03-03 16:21:09,visible
RV00004136,OI000009073,O00005356,U001271,P001132,4,体验一般,0,2025-01-05 20:32:34,visible
RV00004137,OI000015855,O00009297,U003644,P000184,5,质量很好，符合预期,0,2025-06-26 13:03:08,visible
RV00004138,OI000006784,O00004008,U003157,P000747,5,整体满意,0,2025-11-29 22:58:23,visible
RV00004139,OI000010538,O00006202,U002275,P000616,5,性价比不错,0,2026-03-11 02:16:47,visible
RV00004140,OI000001768,O00001034,U004136,P000941,2,性价比不错,0,2025-06-25 19:26:36,visible
RV00004141,OI000003929,O00002334,U000041,P000782,3,质量很好，符合预期,0,2026-08-18 12:22:19,visible
RV00004142,OI000015838,O00009289,U000850,P000108,5,物流很快，包装完整,0,2025-07-15 15:38:51,visible
RV00004143,OI000000946,O00000541,U000288,P000554,5,性价比不错,0,2026-05-13 21:23:41,visible
RV00004144,OI000014151,O00008283,U004984,P001043,4,质量很好，符合预期,0,2025-04-23 09:48:52,visible
RV00004145,OI000017888,O00010469,U004993,P001422,5,性价比不错,0,2025-03-08 13:26:22,visible
RV00004146,OI000006715,O00003971,U003919,P001324,5,整体满意,0,2025-09-05 16:03:14,visible
RV00004147,OI000015080,O00008833,U003967,P001048,5,整体满意,0,2025-06-11 00:17:28,visible
RV00004148,OI000008201,O00004827,U004215,P001357,4,质量很好，符合预期,0,2025-03-06 02:11:56,visible
RV00004149,OI000014328,O00008388,U003488,P000061,5,质量很好，符合预期,0,2026-02-25 09:38:59,visible
RV00004150,OI000017726,O00010379,U004093,P000707,5,整体满意,0,2026-03-28 02:00:28,visible
RV00004151,OI000007184,O00004239,U003011,P001266,5,质量很好，符合预期,0,2026-02-27 21:11:04,visible
RV00004152,OI000009840,O00005794,U002399,P000514,5,质量很好，符合预期,0,2026-06-02 06:23:33,visible
RV00004153,OI000014608,O00008554,U000309,P000033,4,物流很快，包装完整,0,2025-09-29 08:12:27,visible
RV00004154,OI000018706,O00010964,U003612,P001312,5,物流很快，包装完整,0,2025-06-20 14:35:06,visible
RV00004155,OI000016605,O00009741,U004585,P000076,5,与描述有差异,0,2025-09-29 18:52:13,visible
RV00004156,OI000017896,O00010477,U000377,P000103,5,整体满意,0,2026-02-05 04:15:48,visible
RV00004157,OI000020132,O00011810,U002821,P001116,5,性价比不错,0,2026-03-03 09:13:47,visible
RV00004158,OI000002116,O00001250,U003374,P000525,4,物流很快，包装完整,0,2026-09-18 12:11:38,visible
RV00004159,OI000002320,O00001360,U001093,P000578,5,性价比不错,0,2025-01-29 15:50:04,visible
RV00004160,OI000008493,O00005000,U000461,P000483,5,整体满意,0,2025-02-09 00:11:42,visible
RV00004161,OI000000820,O00000468,U003562,P001067,5,性价比不错,0,2026-03-11 03:23:41,visible
RV00004162,OI000010201,O00005998,U003851,P001386,4,整体满意,0,2026-07-17 06:43:18,visible
RV00004163,OI000003316,O00001952,U003434,P000192,5,质量很好，符合预期,0,2025-04-11 19:49:02,visible
RV00004164,OI000000238,O00000134,U001991,P000559,4,物流很快，包装完整,0,2025-06-16 14:06:29,visible
RV00004165,OI000011245,O00006599,U001032,P001020,5,质量很好，符合预期,0,2025-04-14 23:07:22,visible
RV00004166,OI000007710,O00004551,U001970,P001001,5,整体满意,0,2025-11-23 09:47:08,visible
RV00004167,OI000004304,O00002560,U000423,P000421,3,整体满意,1,2026-07-24 21:41:18,visible
RV00004168,OI000009029,O00005330,U000998,P000617,5,物流很快，包装完整,0,2025-04-08 19:43:52,visible
RV00004169,OI000003910,O00002323,U004456,P000780,5,性价比不错,1,2026-05-11 08:31:23,visible
RV00004170,OI000006900,O00004073,U002574,P000712,4,性价比不错,0,2026-03-17 15:13:21,visible
RV00004171,OI000007499,O00004424,U000885,P001072,3,整体满意,0,2025-05-14 04:30:24,visible
RV00004172,OI000017715,O00010372,U004470,P000393,4,整体满意,0,2025-05-01 14:51:14,visible
RV00004173,OI000004771,O00002833,U003355,P000991,3,质量很好，符合预期,0,2026-08-11 10:26:13,visible
RV00004174,OI000016520,O00009682,U002882,P000745,4,整体满意,0,2025-08-13 13:11:19,visible
RV00004175,OI000016320,O00009568,U001815,P001355,4,质量很好，符合预期,0,2025-11-17 03:25:28,visible
RV00004176,OI000006404,O00003786,U000033,P000909,4,质量很好，符合预期,0,2026-04-24 04:35:50,visible
RV00004177,OI000018861,O00011060,U004914,P000706,5,物流很快，包装完整,0,2025-06-11 16:19:02,visible
RV00004178,OI000019808,O00011623,U000437,P000825,1,物流很快，包装完整,0,2025-11-08 07:00:59,visible
RV00004179,OI000006166,O00003642,U001161,P000299,5,整体满意,0,2026-05-18 13:28:07,visible
RV00004180,OI000013131,O00007682,U000456,P001270,5,性价比不错,0,2025-08-08 12:13:23,visible
RV00004181,OI000018841,O00011049,U001711,P000077,5,质量很好，符合预期,1,2025-09-08 19:41:44,visible
RV00004182,OI000007010,O00004133,U004915,P000768,5,整体满意,0,2026-08-23 21:14:53,visible
RV00004183,OI000013622,O00007968,U004823,P000164,3,物流很快，包装完整,0,2026-08-03 17:20:10,visible
RV00004184,OI000004751,O00002819,U004130,P000145,4,整体满意,1,2026-02-20 13:52:47,visible
RV00004185,OI000005327,O00003163,U004450,P001003,5,质量很好，符合预期,0,2025-05-25 09:13:39,visible
RV00004186,OI000017386,O00010184,U001545,P001065,4,物流很快，包装完整,0,2025-09-16 22:59:46,visible
RV00004187,OI000007927,O00004663,U000173,P000832,5,性价比不错,0,2025-12-01 20:40:23,visible
RV00004188,OI000017616,O00010312,U000089,P001113,4,性价比不错,0,2026-08-16 06:29:54,visible
RV00004189,OI000006064,O00003585,U000153,P000420,5,整体满意,0,2025-02-12 08:38:32,visible
RV00004190,OI000019966,O00011713,U000086,P000221,2,质量很好，符合预期,0,2025-05-15 16:23:31,visible
RV00004191,OI000009261,O00005460,U000597,P000244,3,物流很快，包装完整,0,2025-09-08 01:58:20,visible
RV00004192,OI000008827,O00005198,U003597,P000004,5,体验一般,0,2025-07-25 23:01:29,visible
RV00004193,OI000002431,O00001427,U004058,P001082,5,性价比不错,0,2025-06-01 11:25:07,visible
RV00004194,OI000019011,O00011149,U001810,P001292,5,质量很好，符合预期,0,2026-02-03 01:00:13,visible
RV00004195,OI000004117,O00002452,U002390,P000293,5,与描述有差异,0,2025-04-24 09:24:22,visible
RV00004196,OI000014894,O00008716,U003672,P001492,5,性价比不错,1,2026-05-21 18:17:55,visible
RV00004197,OI000011119,O00006527,U001493,P001290,4,整体满意,0,2025-06-24 20:24:00,visible
RV00004198,OI000014958,O00008755,U004513,P000158,4,性价比不错,0,2025-08-08 12:44:31,visible
RV00004199,OI000013111,O00007668,U004066,P001255,5,体验一般,0,2025-07-17 10:36:20,visible
RV00004200,OI000009400,O00005544,U001275,P000810,5,物流很快，包装完整,0,2025-10-09 12:17:04,visible
RV00004201,OI000010024,O00005897,U002770,P000901,4,性价比不错,0,2026-08-02 15:16:17,visible
RV00004202,OI000014661,O00008580,U001782,P001393,4,质量很好，符合预期,0,2025-05-16 20:13:24,visible
RV00004203,OI000015921,O00009339,U004169,P000099,5,整体满意,0,2025-12-25 07:07:54,visible
RV00004204,OI000014466,O00008472,U002098,P001139,5,性价比不错,0,2025-09-29 18:58:50,visible
RV00004205,OI000008120,O00004777,U000143,P001233,5,质量很好，符合预期,0,2026-06-04 08:44:43,visible
RV00004206,OI000016262,O00009537,U002444,P000073,5,质量很好，符合预期,0,2026-01-28 18:08:03,visible
RV00004207,OI000001463,O00000849,U004006,P000558,5,质量很好，符合预期,0,2025-11-05 01:06:27,visible
RV00004208,OI000005658,O00003355,U003826,P001174,4,性价比不错,0,2026-05-02 05:12:23,visible
RV00004209,OI000004656,O00002761,U004595,P000740,4,物流很快，包装完整,0,2026-04-10 00:16:50,visible
RV00004210,OI000015471,O00009066,U004906,P000530,5,质量很好，符合预期,0,2025-10-25 06:57:05,visible
RV00004211,OI000016606,O00009741,U004585,P000076,2,质量很好，符合预期,0,2025-09-24 18:52:13,visible
RV00004212,OI000002009,O00001188,U003067,P001066,5,体验一般,0,2025-10-07 08:28:25,visible
RV00004213,OI000017937,O00010505,U003864,P000697,4,整体满意,0,2026-04-18 16:06:02,visible
RV00004214,OI000014496,O00008490,U003223,P001353,4,整体满意,0,2025-01-07 03:48:12,visible
RV00004215,OI000005005,O00002974,U001820,P001395,5,性价比不错,0,2025-10-10 02:24:56,visible
RV00004216,OI000013464,O00007868,U001087,P001026,5,体验一般,0,2025-06-04 23:11:18,visible
RV00004217,OI000000067,O00000039,U001030,P000700,5,性价比不错,0,2025-05-14 02:02:46,visible
RV00004218,OI000005717,O00003390,U000990,P000885,5,质量很好，符合预期,0,2026-07-18 17:34:32,visible
RV00004219,OI000003328,O00001959,U003670,P001137,4,整体满意,0,2025-07-07 14:11:35,visible
RV00004220,OI000005981,O00003541,U000125,P000012,5,质量很好，符合预期,0,2026-03-17 00:28:34,visible
RV00004221,OI000017402,O00010194,U000665,P000472,5,质量很好，符合预期,0,2026-04-06 20:25:36,visible
RV00004222,OI000016160,O00009473,U000205,P000623,5,整体满意,0,2025-10-22 16:54:32,visible
RV00004223,OI000015023,O00008799,U000753,P000270,5,物流很快，包装完整,0,2026-07-13 17:18:38,visible
RV00004224,OI000007952,O00004679,U002040,P001201,5,整体满意,0,2025-02-04 05:48:19,visible
RV00004225,OI000001052,O00000603,U000807,P001246,1,性价比不错,0,2025-02-18 14:57:50,visible
RV00004226,OI000004029,O00002395,U000239,P001495,5,性价比不错,0,2025-10-28 22:23:50,visible
RV00004227,OI000013671,O00008000,U004050,P001055,5,性价比不错,0,2026-04-04 17:17:52,visible
RV00004228,OI000001986,O00001175,U004665,P000746,5,整体满意,0,2026-04-03 09:26:05,visible
RV00004229,OI000007339,O00004331,U002366,P001061,4,体验一般,0,2025-11-17 13:40:10,visible
RV00004230,OI000009154,O00005401,U003467,P000709,5,性价比不错,0,2025-03-31 00:20:35,visible
RV00004231,OI000009190,O00005418,U002717,P001402,5,整体满意,0,2026-03-29 16:24:43,visible
RV00004232,OI000002317,O00001359,U001645,P000306,5,整体满意,0,2026-07-19 01:22:57,visible
RV00004233,OI000016445,O00009636,U004176,P000584,5,性价比不错,1,2026-01-23 00:58:28,visible
RV00004234,OI000020332,O00011930,U004779,P000917,4,性价比不错,0,2025-09-15 01:45:29,visible
RV00004235,OI000007138,O00004213,U000122,P000769,5,整体满意,0,2025-11-05 08:05:48,visible
RV00004236,OI000001023,O00000587,U002610,P001408,2,与描述有差异,0,2026-04-07 05:53:28,visible
RV00004237,OI000012843,O00007516,U002522,P000559,3,性价比不错,0,2025-01-19 00:58:08,visible
RV00004238,OI000000580,O00000334,U002765,P001447,5,质量很好，符合预期,0,2026-06-21 00:12:06,visible
RV00004239,OI000007836,O00004616,U004927,P000601,4,质量很好，符合预期,0,2025-08-17 20:54:52,visible
RV00004240,OI000016373,O00009598,U000561,P000257,3,性价比不错,0,2026-01-10 20:59:04,visible
RV00004241,OI000001239,O00000713,U004158,P000601,5,体验一般,0,2026-02-16 22:12:49,visible
RV00004242,OI000003115,O00001835,U003524,P001092,5,整体满意,0,2026-03-29 11:43:03,visible
RV00004243,OI000002800,O00001652,U003020,P000488,4,性价比不错,0,2025-09-12 00:10:47,visible
RV00004244,OI000004998,O00002971,U000535,P001024,5,整体满意,0,2025-06-21 05:42:08,visible
RV00004245,OI000018337,O00010750,U001513,P000395,4,整体满意,0,2026-03-01 09:55:40,visible
RV00004246,OI000012945,O00007576,U003158,P000995,4,物流很快，包装完整,0,2026-01-24 03:07:29,visible
RV00004247,OI000008966,O00005286,U000583,P000432,5,质量很好，符合预期,0,2025-10-26 14:01:30,visible
RV00004248,OI000011735,O00006873,U004419,P000251,3,性价比不错,0,2026-03-26 22:57:38,visible
RV00004249,OI000007695,O00004544,U003821,P000714,5,质量很好，符合预期,0,2026-01-29 08:53:01,visible
RV00004250,OI000000161,O00000092,U000289,P001123,2,物流很快，包装完整,0,2025-11-24 20:19:32,visible
RV00004251,OI000019445,O00011406,U000848,P000099,5,整体满意,0,2025-08-27 15:04:52,visible
RV00004252,OI000002895,O00001711,U003144,P000232,5,整体满意,1,2026-08-19 01:05:18,hidden
RV00004253,OI000001801,O00001054,U002179,P001131,5,质量很好，符合预期,0,2025-05-02 20:57:39,visible
RV00004254,OI000014729,O00008622,U000300,P000983,3,物流很快，包装完整,0,2026-05-31 13:17:44,visible
RV00004255,OI000014781,O00008650,U001512,P000063,4,体验一般,0,2026-06-13 12:00:39,visible
RV00004256,OI000006192,O00003659,U003757,P000784,5,质量很好，符合预期,1,2026-01-02 06:21:13,visible
RV00004257,OI000013298,O00007773,U003826,P000823,5,物流很快，包装完整,0,2025-10-15 14:58:18,visible
RV00004258,OI000016214,O00009506,U003491,P000080,4,质量很好，符合预期,0,2025-11-13 10:07:38,visible
RV00004259,OI000004087,O00002432,U001059,P000590,4,性价比不错,1,2026-04-16 23:33:53,visible
RV00004260,OI000001097,O00000624,U001428,P001310,5,性价比不错,0,2025-12-15 09:57:16,visible
RV00004261,OI000003551,O00002095,U002265,P001078,5,整体满意,0,2026-02-17 06:28:58,visible
RV00004262,OI000002911,O00001722,U002331,P000487,5,质量很好，符合预期,1,2025-10-21 23:04:03,visible
RV00004263,OI000016835,O00009875,U000383,P000633,4,质量很好，符合预期,0,2025-05-09 10:05:15,visible
RV00004264,OI000003612,O00002130,U000752,P000039,5,整体满意,0,2026-05-26 20:34:57,visible
RV00004265,OI000014157,O00008286,U002755,P000541,5,整体满意,1,2025-07-05 10:49:44,visible
RV00004266,OI000014833,O00008681,U003365,P000355,4,整体满意,1,2025-08-30 23:34:13,visible
RV00004267,OI000018869,O00011064,U001860,P000866,1,性价比不错,0,2025-05-09 08:34:43,visible
RV00004268,OI000013607,O00007957,U002161,P001293,4,质量很好，符合预期,0,2025-06-28 15:17:00,visible
RV00004269,OI000011763,O00006892,U000274,P001318,5,整体满意,1,2026-03-02 20:32:39,visible
RV00004270,OI000017808,O00010424,U001449,P000952,5,体验一般,0,2025-04-10 18:53:56,hidden
RV00004271,OI000003234,O00001902,U001598,P000269,3,整体满意,0,2026-05-01 15:24:47,visible
RV00004272,OI000016331,O00009573,U001282,P000729,5,质量很好，符合预期,0,2026-01-20 03:33:17,visible
RV00004273,OI000002452,O00001442,U002726,P001325,5,整体满意,0,2025-02-25 16:36:26,visible
RV00004274,OI000010432,O00006136,U000230,P001287,2,性价比不错,0,2026-01-15 11:23:45,visible
RV00004275,OI000016271,O00009541,U002640,P001156,5,与描述有差异,0,2026-01-21 03:48:07,visible
RV00004276,OI000019971,O00011715,U001250,P000621,4,质量很好，符合预期,0,2026-07-01 21:43:22,visible
RV00004277,OI000019830,O00011638,U003697,P001417,5,体验一般,0,2025-06-16 12:49:22,visible
RV00004278,OI000019607,O00011503,U000008,P000469,4,整体满意,0,2026-07-09 00:39:49,visible
RV00004279,OI000009384,O00005533,U001222,P000208,1,物流很快，包装完整,0,2025-03-06 20:50:25,hidden
RV00004280,OI000004613,O00002736,U001853,P000884,5,物流很快，包装完整,1,2026-02-22 11:11:35,visible
RV00004281,OI000016644,O00009764,U004957,P001100,5,性价比不错,0,2025-11-04 06:10:15,visible
RV00004282,OI000003681,O00002172,U000461,P000752,4,体验一般,0,2025-10-19 01:01:27,visible
RV00004283,OI000010890,O00006395,U002484,P000789,5,体验一般,1,2025-05-24 13:08:27,visible
RV00004284,OI000007675,O00004534,U001264,P000447,4,质量很好，符合预期,0,2025-08-20 11:41:42,visible
RV00004285,OI000002098,O00001240,U000926,P001403,5,质量很好，符合预期,0,2025-04-01 04:48:38,visible
RV00004286,OI000009294,O00005482,U003500,P001359,3,体验一般,0,2025-09-03 05:51:44,visible
RV00004287,OI000019950,O00011704,U003570,P001046,3,整体满意,0,2025-01-26 20:11:54,visible
RV00004288,OI000015948,O00009356,U004097,P001162,4,物流很快，包装完整,0,2026-03-18 02:33:45,visible
RV00004289,OI000017999,O00010544,U002799,P000693,5,性价比不错,0,2025-03-15 10:44:00,visible
RV00004290,OI000014069,O00008235,U000044,P000018,5,质量很好，符合预期,0,2026-04-19 18:55:45,visible
RV00004291,OI000015581,O00009135,U000762,P000990,5,物流很快，包装完整,1,2025-01-25 05:31:47,visible
RV00004292,OI000020391,O00011960,U004364,P000913,5,整体满意,0,2025-04-14 11:02:28,visible
RV00004293,OI000014837,O00008683,U003686,P001048,5,质量很好，符合预期,0,2025-03-29 08:56:52,visible
RV00004294,OI000020079,O00011782,U002489,P001211,4,物流很快，包装完整,0,2025-10-16 10:14:13,visible
RV00004295,OI000010502,O00006182,U003666,P000537,3,整体满意,0,2026-07-23 03:59:40,visible
RV00004296,OI000017307,O00010137,U002346,P000255,1,质量很好，符合预期,1,2026-08-06 07:24:52,visible
RV00004297,OI000000983,O00000565,U000624,P000258,4,整体满意,0,2025-10-10 23:58:03,visible
RV00004298,OI000004306,O00002561,U002914,P000514,4,物流很快，包装完整,1,2025-06-04 23:01:25,visible
RV00004299,OI000020021,O00011747,U002440,P001093,1,性价比不错,0,2025-10-10 08:46:51,visible
RV00004300,OI000017001,O00009973,U001687,P001234,5,整体满意,0,2025-07-25 06:17:39,visible
RV00004301,OI000007781,O00004587,U001513,P000104,5,性价比不错,0,2025-11-20 12:02:35,visible
RV00004302,OI000005642,O00003347,U002897,P001204,4,物流很快，包装完整,0,2026-07-04 16:33:16,visible
RV00004303,OI000015937,O00009349,U000446,P001219,2,物流很快，包装完整,0,2026-07-29 00:36:25,visible
RV00004304,OI000018564,O00010888,U004866,P000033,4,质量很好，符合预期,0,2025-11-30 16:09:25,visible
RV00004305,OI000012915,O00007561,U003875,P001390,5,与描述有差异,0,2026-01-17 18:37:21,visible
RV00004306,OI000000743,O00000425,U000623,P001183,3,物流很快，包装完整,0,2025-03-26 09:50:25,visible
RV00004307,OI000017639,O00010331,U000658,P000550,5,质量很好，符合预期,0,2026-07-04 05:36:45,visible
RV00004308,OI000005735,O00003399,U000322,P000336,5,性价比不错,0,2025-02-08 10:14:01,hidden
RV00004309,OI000013255,O00007752,U003624,P000058,5,物流很快，包装完整,0,2025-04-19 22:47:31,visible
RV00004310,OI000013378,O00007816,U004860,P000439,2,物流很快，包装完整,1,2025-06-08 08:18:13,visible
RV00004311,OI000012640,O00007389,U001237,P000264,2,物流很快，包装完整,0,2025-09-08 21:17:42,visible
RV00004312,OI000008019,O00004711,U004117,P000831,5,质量很好，符合预期,0,2025-08-19 16:44:10,visible
RV00004313,OI000018075,O00010589,U001059,P001220,4,整体满意,0,2025-06-22 18:45:25,visible
RV00004314,OI000011902,O00006966,U002643,P000182,5,整体满意,0,2025-10-09 08:29:55,visible
RV00004315,OI000000063,O00000037,U002486,P001021,4,性价比不错,0,2026-05-23 23:49:58,visible
RV00004316,OI000014696,O00008602,U003694,P000782,5,质量很好，符合预期,0,2026-08-09 07:01:59,visible
RV00004317,OI000016681,O00009784,U002191,P000906,5,质量很好，符合预期,0,2026-06-22 07:19:25,visible
RV00004318,OI000008448,O00004974,U001504,P001141,5,质量很好，符合预期,1,2025-05-26 23:44:18,visible
RV00004319,OI000006369,O00003765,U002272,P000024,4,质量很好，符合预期,0,2026-03-31 06:34:12,visible
RV00004320,OI000017344,O00010159,U000285,P000660,3,物流很快，包装完整,0,2026-04-21 07:02:25,visible
RV00004321,OI000004026,O00002393,U001344,P000971,5,性价比不错,0,2026-01-25 07:39:51,visible
RV00004322,OI000011754,O00006886,U002259,P000117,5,物流很快，包装完整,0,2026-02-13 18:11:53,visible
RV00004323,OI000016456,O00009643,U000857,P000047,5,体验一般,0,2026-02-01 07:38:45,visible
RV00004324,OI000008568,O00005041,U001693,P000872,5,整体满意,1,2025-10-11 04:04:06,visible
RV00004325,OI000017539,O00010266,U000077,P001130,4,物流很快，包装完整,1,2026-08-29 03:05:25,visible
RV00004326,OI000017463,O00010225,U000809,P000918,5,物流很快，包装完整,1,2025-07-26 19:31:22,visible
RV00004327,OI000009051,O00005343,U001763,P001362,5,质量很好，符合预期,0,2026-04-04 21:50:45,visible
RV00004328,OI000012046,O00007049,U001842,P001062,5,物流很快，包装完整,0,2025-10-10 16:06:29,visible
RV00004329,OI000007918,O00004659,U000652,P000924,3,物流很快，包装完整,0,2025-07-29 13:37:15,visible
RV00004330,OI000005431,O00003226,U000009,P000688,5,性价比不错,0,2026-03-04 16:35:21,visible
RV00004331,OI000012779,O00007482,U004893,P000731,5,质量很好，符合预期,0,2026-08-14 10:02:59,visible
RV00004332,OI000007679,O00004535,U004148,P000593,4,整体满意,0,2025-02-25 17:40:48,visible
RV00004333,OI000004671,O00002771,U000447,P000599,5,质量很好，符合预期,0,2025-06-09 11:56:17,visible
RV00004334,OI000012350,O00007233,U002073,P000471,5,性价比不错,0,2026-04-20 02:57:12,visible
RV00004335,OI000019392,O00011376,U002650,P000570,5,性价比不错,0,2026-07-29 02:02:53,visible
RV00004336,OI000009566,O00005643,U001456,P000823,5,整体满意,0,2025-12-11 01:22:15,visible
RV00004337,OI000009215,O00005431,U003373,P000157,1,整体满意,0,2025-10-26 02:30:06,visible
RV00004338,OI000003617,O00002132,U003152,P001079,4,性价比不错,0,2025-05-20 12:34:35,visible
RV00004339,OI000017471,O00010229,U000862,P000922,5,物流很快，包装完整,0,2026-06-30 07:51:20,visible
RV00004340,OI000017764,O00010399,U003673,P001271,5,与描述有差异,1,2026-02-25 06:54:21,visible
RV00004341,OI000003444,O00002037,U002355,P001409,5,整体满意,0,2025-11-25 15:41:41,visible
RV00004342,OI000007512,O00004431,U001880,P000084,4,质量很好，符合预期,0,2026-05-03 12:41:04,visible
RV00004343,OI000013746,O00008045,U004573,P001406,5,质量很好，符合预期,0,2026-06-01 18:31:56,visible
RV00004344,OI000012953,O00007580,U003454,P000651,5,性价比不错,0,2026-03-08 14:24:44,visible
RV00004345,OI000001248,O00000718,U004980,P000095,4,整体满意,0,2025-03-20 15:03:39,visible
RV00004346,OI000005214,O00003102,U003102,P000209,5,物流很快，包装完整,0,2025-06-25 12:44:10,visible
RV00004347,OI000010053,O00005914,U000838,P001386,4,整体满意,0,2026-07-10 19:59:52,visible
RV00004348,OI000007377,O00004352,U002232,P000228,5,整体满意,1,2025-07-11 21:51:47,visible
RV00004349,OI000006622,O00003915,U004604,P000199,5,质量很好，符合预期,0,2025-11-05 20:23:05,visible
RV00004350,OI000003708,O00002191,U002768,P000759,4,整体满意,0,2025-12-22 03:44:09,visible
RV00004351,OI000008329,O00004906,U004591,P000325,4,质量很好，符合预期,0,2026-07-21 17:15:57,visible
RV00004352,OI000006926,O00004088,U000142,P001355,4,性价比不错,0,2026-07-11 14:06:47,visible
RV00004353,OI000000181,O00000103,U003046,P000516,3,物流很快，包装完整,0,2025-11-25 05:24:37,visible
RV00004354,OI000010629,O00006252,U003887,P000510,3,性价比不错,0,2025-06-22 00:24:41,visible
RV00004355,OI000001099,O00000625,U001215,P001361,4,性价比不错,0,2025-09-28 14:50:42,visible
RV00004356,OI000007255,O00004281,U004221,P000439,3,质量很好，符合预期,0,2025-03-03 17:00:59,visible
RV00004357,OI000004439,O00002635,U001238,P000610,5,质量很好，符合预期,0,2025-10-18 19:24:47,visible
RV00004358,OI000010455,O00006151,U001740,P000205,4,物流很快，包装完整,1,2025-10-27 07:23:33,visible
RV00004359,OI000006025,O00003561,U001190,P001326,4,物流很快，包装完整,0,2025-02-01 04:49:17,visible
RV00004360,OI000002900,O00001715,U004599,P000690,4,体验一般,1,2026-01-02 07:03:37,visible
RV00004361,OI000010705,O00006293,U000518,P000212,3,质量很好，符合预期,0,2026-09-09 13:04:16,visible
RV00004362,OI000011200,O00006577,U002700,P000040,5,性价比不错,0,2026-03-27 19:36:41,visible
RV00004363,OI000007813,O00004605,U002734,P000497,5,质量很好，符合预期,0,2025-06-19 00:15:49,visible
RV00004364,OI000016335,O00009575,U001624,P001391,4,整体满意,0,2025-04-06 05:26:31,visible
RV00004365,OI000015597,O00009146,U002476,P000586,5,性价比不错,1,2026-07-15 19:48:41,visible
RV00004366,OI000000234,O00000131,U003837,P000964,5,质量很好，符合预期,1,2025-08-13 04:02:44,visible
RV00004367,OI000019400,O00011382,U004055,P000155,2,质量很好，符合预期,0,2026-01-20 23:42:01,visible
RV00004368,OI000009246,O00005452,U003772,P001068,5,整体满意,0,2026-07-09 08:01:08,visible
RV00004369,OI000009764,O00005755,U004593,P000983,4,物流很快，包装完整,0,2025-03-30 11:46:56,visible
RV00004370,OI000004057,O00002415,U003114,P001240,4,质量很好，符合预期,0,2026-06-05 16:49:18,visible
RV00004371,OI000006656,O00003933,U004435,P000356,5,物流很快，包装完整,0,2025-08-31 14:38:31,visible
RV00004372,OI000010887,O00006393,U002747,P001139,3,与描述有差异,0,2026-05-14 05:58:55,visible
RV00004373,OI000002692,O00001590,U000471,P001077,4,体验一般,0,2026-07-21 08:24:57,visible
RV00004374,OI000012827,O00007507,U002603,P000732,5,物流很快，包装完整,0,2026-05-18 17:28:42,visible
RV00004375,OI000002649,O00001562,U001816,P000755,5,整体满意,0,2026-05-14 11:52:28,visible
RV00004376,OI000008551,O00005032,U001332,P000440,5,质量很好，符合预期,0,2026-08-08 00:08:33,visible
RV00004377,OI000002642,O00001559,U001635,P000573,4,质量很好，符合预期,1,2025-11-08 09:33:33,visible
RV00004378,OI000006147,O00003630,U003975,P000607,5,物流很快，包装完整,1,2025-11-23 03:08:45,visible
RV00004379,OI000016933,O00009932,U004181,P000032,5,质量很好，符合预期,0,2025-07-31 12:29:35,visible
RV00004380,OI000002231,O00001310,U002724,P001279,3,整体满意,0,2025-08-16 23:36:05,visible
RV00004381,OI000006807,O00004019,U004963,P000609,3,质量很好，符合预期,0,2025-04-03 00:41:42,visible
RV00004382,OI000014863,O00008698,U003438,P000892,4,质量很好，符合预期,0,2026-05-24 17:33:37,visible
RV00004383,OI000014071,O00008237,U002123,P000126,5,物流很快，包装完整,0,2025-05-11 14:57:03,visible
RV00004384,OI000014690,O00008598,U004735,P001422,4,质量很好，符合预期,0,2026-04-01 05:44:07,visible
RV00004385,OI000016209,O00009503,U004916,P000884,5,物流很快，包装完整,0,2025-05-10 21:55:50,visible
RV00004386,OI000010353,O00006093,U003439,P000374,3,整体满意,0,2025-04-30 02:36:25,visible
RV00004387,OI000014318,O00008382,U004111,P000470,5,整体满意,0,2026-08-10 15:10:03,visible
RV00004388,OI000006105,O00003606,U003953,P000069,3,整体满意,0,2026-01-15 18:17:16,visible
RV00004389,OI000009501,O00005607,U002126,P001194,5,物流很快，包装完整,0,2026-05-18 05:34:17,visible
RV00004390,OI000014635,O00008567,U003045,P000738,5,物流很快，包装完整,0,2026-06-07 01:38:44,visible
RV00004391,OI000013190,O00007716,U001632,P001386,3,整体满意,0,2025-10-14 07:20:18,visible
RV00004392,OI000014183,O00008303,U000989,P000826,4,质量很好，符合预期,0,2026-08-14 19:00:04,visible
RV00004393,OI000007410,O00004372,U001377,P000332,5,与描述有差异,0,2025-07-03 13:42:12,visible
RV00004394,OI000017754,O00010394,U002979,P001370,4,物流很快，包装完整,0,2026-06-18 10:43:55,visible
RV00004395,OI000008802,O00005179,U003406,P000954,5,物流很快，包装完整,0,2025-07-18 15:56:58,visible
RV00004396,OI000007585,O00004475,U000155,P000342,4,整体满意,0,2026-04-08 18:45:23,visible
RV00004397,OI000000667,O00000383,U000800,P000655,1,质量很好，符合预期,0,2026-04-11 18:23:55,visible
RV00004398,OI000014190,O00008307,U000097,P000170,4,体验一般,0,2025-03-31 07:17:43,visible
RV00004399,OI000011350,O00006657,U003220,P000714,5,整体满意,1,2025-03-07 07:27:29,visible
RV00004400,OI000005224,O00003108,U001688,P000055,4,与描述有差异,0,2026-01-21 06:41:59,visible
RV00004401,OI000010604,O00006239,U001091,P000491,5,质量很好，符合预期,0,2025-09-02 22:20:43,visible
RV00004402,OI000018830,O00011041,U004813,P001196,5,性价比不错,0,2026-05-19 00:19:02,visible
RV00004403,OI000010150,O00005971,U004428,P000194,5,质量很好，符合预期,0,2026-04-07 21:56:27,visible
RV00004404,OI000008197,O00004824,U002984,P001167,5,质量很好，符合预期,0,2025-04-24 09:22:30,visible
RV00004405,OI000000436,O00000252,U002042,P000003,5,质量很好，符合预期,0,2026-05-03 02:25:04,visible
RV00004406,OI000008997,O00005306,U002260,P000233,4,物流很快，包装完整,0,2025-09-17 11:03:30,visible
RV00004407,OI000019706,O00011560,U000350,P000110,3,体验一般,0,2025-09-04 03:12:30,visible
RV00004408,OI000013386,O00007822,U004591,P000282,1,整体满意,0,2026-02-07 16:46:58,visible
RV00004409,OI000009822,O00005785,U002870,P001497,5,物流很快，包装完整,0,2025-05-29 18:35:48,visible
RV00004410,OI000001556,O00000905,U001425,P000579,3,性价比不错,1,2025-10-31 06:05:17,visible
RV00004411,OI000003181,O00001872,U001700,P000124,5,整体满意,0,2025-07-30 20:52:17,visible
RV00004412,OI000014149,O00008282,U000944,P000311,5,整体满意,0,2026-01-14 00:54:39,visible
RV00004413,OI000014199,O00008313,U002711,P001283,5,整体满意,0,2025-01-17 06:47:14,visible
RV00004414,OI000004263,O00002536,U002956,P000658,5,与描述有差异,0,2026-03-11 14:08:31,visible
RV00004415,OI000013952,O00008169,U000232,P000760,4,物流很快，包装完整,0,2025-04-11 17:35:24,visible
RV00004416,OI000003676,O00002169,U001179,P000110,3,物流很快，包装完整,0,2025-06-06 22:52:47,visible
RV00004417,OI000019961,O00011710,U001728,P000432,4,性价比不错,0,2025-05-21 03:59:10,visible
RV00004418,OI000011051,O00006488,U001249,P001387,5,质量很好，符合预期,0,2025-12-22 05:09:11,visible
RV00004419,OI000003927,O00002333,U004577,P001173,4,质量很好，符合预期,0,2026-07-13 12:48:22,visible
RV00004420,OI000001043,O00000597,U000689,P000087,3,体验一般,1,2026-05-04 16:17:27,visible
RV00004421,OI000000020,O00000013,U004167,P001069,5,整体满意,0,2025-07-28 23:49:53,visible
RV00004422,OI000007380,O00004354,U002166,P001401,5,物流很快，包装完整,0,2026-04-07 04:29:13,visible
RV00004423,OI000018509,O00010851,U001967,P000652,5,性价比不错,0,2025-08-05 14:26:52,visible
RV00004424,OI000017108,O00010032,U002182,P000752,4,整体满意,1,2025-05-28 05:59:23,visible
RV00004425,OI000006269,O00003706,U004002,P000741,5,性价比不错,1,2026-06-09 20:43:46,visible
RV00004426,OI000002233,O00001311,U003285,P000320,5,性价比不错,0,2025-04-14 09:29:32,visible
RV00004427,OI000004640,O00002753,U001171,P000303,5,整体满意,1,2025-01-17 08:05:22,visible
RV00004428,OI000018487,O00010836,U001063,P000417,3,整体满意,1,2025-04-18 17:11:52,visible
RV00004429,OI000005801,O00003438,U001586,P001354,5,物流很快，包装完整,1,2025-12-28 00:44:52,visible
RV00004430,OI000005745,O00003404,U003019,P000338,5,与描述有差异,0,2026-04-08 10:33:52,visible
RV00004431,OI000014064,O00008233,U000715,P000370,4,性价比不错,0,2025-03-09 21:46:58,visible
RV00004432,OI000006806,O00004019,U004963,P000769,4,整体满意,0,2025-04-08 00:41:42,visible
RV00004433,OI000019780,O00011605,U001984,P000730,5,质量很好，符合预期,0,2026-04-06 16:23:09,visible
RV00004434,OI000000282,O00000159,U000693,P000694,4,整体满意,0,2025-08-28 12:16:16,visible
RV00004435,OI000004772,O00002834,U003689,P001488,3,与描述有差异,0,2026-03-28 05:33:18,visible
RV00004436,OI000002704,O00001595,U000980,P000436,5,质量很好，符合预期,0,2025-03-28 21:23:09,visible
RV00004437,OI000004417,O00002621,U004673,P001308,5,性价比不错,0,2026-06-10 12:18:10,visible
RV00004438,OI000000487,O00000281,U002711,P000178,2,性价比不错,0,2025-02-05 08:39:07,visible
RV00004439,OI000001212,O00000695,U003997,P001029,4,质量很好，符合预期,0,2026-06-29 00:30:02,visible
RV00004440,OI000015346,O00008995,U003285,P000255,5,性价比不错,0,2026-05-13 17:17:24,visible
RV00004441,OI000003622,O00002136,U003298,P000958,5,物流很快，包装完整,0,2026-05-15 20:54:20,visible
RV00004442,OI000013601,O00007954,U000716,P000461,4,质量很好，符合预期,0,2026-07-04 17:28:22,visible
RV00004443,OI000010957,O00006435,U000813,P000500,5,整体满意,0,2025-04-17 23:19:01,visible
RV00004444,OI000001134,O00000646,U003824,P000843,4,与描述有差异,0,2026-06-29 16:53:53,visible
RV00004445,OI000011297,O00006629,U002918,P000148,5,整体满意,0,2025-04-13 00:12:47,visible
RV00004446,OI000015279,O00008954,U001871,P000628,5,质量很好，符合预期,0,2025-04-04 05:41:54,visible
RV00004447,OI000009337,O00005505,U004124,P001424,4,性价比不错,0,2026-01-11 10:44:19,visible
RV00004448,OI000001085,O00000617,U002586,P000683,5,性价比不错,1,2025-11-21 18:38:50,visible
RV00004449,OI000011090,O00006511,U001682,P000079,5,整体满意,0,2025-04-27 18:29:24,visible
RV00004450,OI000003471,O00002049,U003199,P000792,5,整体满意,0,2026-08-24 15:15:47,visible
RV00004451,OI000014677,O00008590,U002998,P000523,5,物流很快，包装完整,0,2025-10-03 20:35:55,visible
RV00004452,OI000014746,O00008630,U003579,P000847,5,质量很好，符合预期,0,2025-08-20 01:37:42,visible
RV00004453,OI000005379,O00003194,U000289,P001370,4,物流很快，包装完整,0,2025-09-14 10:21:22,visible
RV00004454,OI000019319,O00011331,U004741,P000832,5,整体满意,1,2025-01-26 17:45:07,visible
RV00004455,OI000011221,O00006588,U000244,P000047,5,性价比不错,1,2025-10-31 06:50:59,visible
RV00004456,OI000011900,O00006964,U004538,P000346,3,物流很快，包装完整,0,2026-08-31 13:43:00,visible
RV00004457,OI000015919,O00009337,U004653,P000445,4,物流很快，包装完整,1,2026-03-24 08:06:53,visible
RV00004458,OI000004711,O00002793,U002130,P000730,5,与描述有差异,0,2026-03-31 22:03:09,visible
RV00004459,OI000010585,O00006229,U003438,P000061,5,体验一般,0,2026-06-02 11:54:22,visible
RV00004460,OI000007988,O00004696,U000493,P000337,5,质量很好，符合预期,0,2025-03-11 14:53:03,visible
RV00004461,OI000013079,O00007649,U004184,P000277,3,物流很快，包装完整,0,2025-09-20 08:19:00,visible
RV00004462,OI000018420,O00010796,U003983,P001034,5,整体满意,0,2025-07-29 00:38:45,visible
RV00004463,OI000019646,O00011530,U002681,P000864,5,物流很快，包装完整,0,2026-08-10 17:27:54,visible
RV00004464,OI000018404,O00010785,U004341,P001123,5,性价比不错,0,2025-05-09 03:05:13,visible
RV00004465,OI000007221,O00004260,U002167,P000076,5,性价比不错,0,2025-09-14 13:33:33,visible
RV00004466,OI000013422,O00007845,U002986,P000919,5,质量很好，符合预期,0,2026-02-16 08:07:12,visible
RV00004467,OI000013990,O00008190,U002164,P001477,5,物流很快，包装完整,0,2026-09-04 13:55:43,visible
RV00004468,OI000012455,O00007289,U000598,P000165,5,质量很好，符合预期,0,2025-09-28 18:17:52,visible
RV00004469,OI000009861,O00005809,U000150,P001091,5,物流很快，包装完整,1,2025-08-15 09:47:55,visible
RV00004470,OI000004388,O00002607,U001719,P000539,5,整体满意,0,2025-08-19 21:50:41,visible
RV00004471,OI000000896,O00000513,U004856,P000193,4,性价比不错,0,2025-01-19 07:37:02,visible
RV00004472,OI000013487,O00007885,U002649,P000190,5,质量很好，符合预期,0,2025-07-04 10:44:56,visible
RV00004473,OI000014360,O00008407,U000007,P001451,4,整体满意,0,2026-08-11 14:41:22,visible
RV00004474,OI000000001,O00000001,U001070,P000687,4,性价比不错,0,2025-08-20 09:48:09,visible
RV00004475,OI000006745,O00003986,U002143,P000158,5,性价比不错,0,2026-05-14 20:49:55,visible
RV00004476,OI000004944,O00002938,U002520,P000252,5,物流很快，包装完整,0,2025-03-12 16:48:16,visible
RV00004477,OI000004456,O00002643,U004866,P000660,5,整体满意,0,2025-07-10 13:12:23,visible
RV00004478,OI000001088,O00000619,U004695,P000253,5,质量很好，符合预期,0,2025-02-25 17:18:39,visible
RV00004479,OI000008514,O00005010,U000755,P000770,5,性价比不错,0,2025-06-09 00:58:09,visible
RV00004480,OI000016791,O00009852,U001348,P001337,5,质量很好，符合预期,1,2025-05-20 11:38:10,visible
RV00004481,OI000002930,O00001731,U002505,P001276,1,整体满意,1,2026-06-11 07:23:45,visible
RV00004482,OI000014544,O00008520,U004359,P000282,1,性价比不错,0,2026-06-22 10:46:06,visible
RV00004483,OI000001268,O00000731,U000196,P000777,4,质量很好，符合预期,0,2026-07-20 22:51:20,visible
RV00004484,OI000004262,O00002536,U002956,P000258,5,质量很好，符合预期,0,2026-02-24 14:08:31,visible
RV00004485,OI000001684,O00000982,U003903,P000718,5,质量很好，符合预期,0,2025-11-20 01:20:15,visible
RV00004486,OI000012449,O00007286,U003682,P000918,5,质量很好，符合预期,0,2026-08-09 11:01:22,visible
RV00004487,OI000020107,O00011798,U002563,P000108,2,性价比不错,0,2026-06-03 16:09:07,visible
RV00004488,OI000012204,O00007146,U003258,P000137,5,整体满意,0,2026-02-15 12:02:15,visible
RV00004489,OI000009760,O00005753,U004559,P001425,4,质量很好，符合预期,0,2026-08-19 02:21:24,visible
RV00004490,OI000002576,O00001518,U000917,P000185,5,整体满意,0,2025-05-05 10:00:00,visible
RV00004491,OI000019313,O00011328,U000185,P000829,5,性价比不错,0,2026-08-22 07:05:57,visible
RV00004492,OI000011068,O00006498,U002380,P000043,1,性价比不错,0,2026-02-28 16:06:35,visible
RV00004493,OI000014255,O00008343,U003522,P000974,5,整体满意,0,2026-06-10 07:02:48,visible
RV00004494,OI000009648,O00005691,U002953,P000499,5,物流很快，包装完整,0,2025-08-28 18:24:00,visible
RV00004495,OI000000512,O00000296,U004702,P000364,3,物流很快，包装完整,0,2026-03-04 04:22:16,visible
RV00004496,OI000006589,O00003894,U004280,P000045,4,质量很好，符合预期,0,2026-05-09 23:32:45,visible
RV00004497,OI000017852,O00010451,U004075,P000291,5,与描述有差异,0,2025-12-25 01:57:26,visible
RV00004498,OI000003826,O00002266,U000524,P001058,5,体验一般,0,2026-01-22 07:00:36,visible
RV00004499,OI000019814,O00011627,U002682,P000709,5,质量很好，符合预期,0,2025-02-20 05:22:10,visible
RV00004500,OI000017361,O00010169,U002851,P000096,4,物流很快，包装完整,0,2025-07-12 02:13:24,visible
RV00004501,OI000013957,O00008173,U004192,P000009,5,质量很好，符合预期,1,2026-03-13 09:03:29,visible
RV00004502,OI000006495,O00003840,U003693,P000174,5,物流很快，包装完整,0,2025-08-20 14:47:09,visible
RV00004503,OI000001185,O00000680,U001069,P000463,5,质量很好，符合预期,0,2025-08-30 13:04:13,visible
RV00004504,OI000015291,O00008960,U001476,P001279,5,性价比不错,0,2026-01-02 12:28:50,visible
RV00004505,OI000012343,O00007230,U000614,P001077,5,物流很快，包装完整,0,2025-04-16 08:27:25,visible
RV00004506,OI000003492,O00002061,U001000,P000264,3,质量很好，符合预期,0,2026-06-03 18:43:45,visible
RV00004507,OI000013940,O00008161,U002894,P000493,4,物流很快，包装完整,0,2025-10-12 22:59:43,visible
RV00004508,OI000016183,O00009488,U002030,P000577,5,质量很好，符合预期,0,2025-03-26 05:33:54,visible
RV00004509,OI000017670,O00010347,U001774,P001078,4,质量很好，符合预期,0,2026-01-27 03:54:26,visible
RV00004510,OI000017199,O00010084,U002320,P001251,4,物流很快，包装完整,1,2026-06-09 00:58:08,visible
RV00004511,OI000008239,O00004852,U003423,P001169,5,性价比不错,0,2026-08-06 00:57:09,visible
RV00004512,OI000003507,O00002071,U000056,P000376,5,质量很好，符合预期,0,2026-02-06 20:18:56,visible
RV00004513,OI000005024,O00002986,U004070,P001099,5,质量很好，符合预期,0,2025-03-03 12:24:58,visible
RV00004514,OI000010425,O00006132,U001098,P001443,4,物流很快，包装完整,0,2026-07-01 11:16:29,visible
RV00004515,OI000008989,O00005300,U003647,P000476,5,物流很快，包装完整,0,2025-03-03 21:55:11,visible
RV00004516,OI000015648,O00009177,U001151,P000820,5,性价比不错,1,2025-07-29 23:55:21,visible
RV00004517,OI000014308,O00008375,U002481,P001344,5,质量很好，符合预期,0,2025-10-07 23:36:26,visible
RV00004518,OI000006698,O00003961,U000401,P000041,5,体验一般,0,2026-01-03 02:18:25,visible
RV00004519,OI000003216,O00001890,U004892,P000128,5,整体满意,0,2026-01-15 07:41:21,visible
RV00004520,OI000012302,O00007205,U004592,P000032,5,整体满意,0,2026-04-19 13:53:56,visible
RV00004521,OI000014081,O00008242,U004842,P001189,5,质量很好，符合预期,1,2025-05-14 15:04:07,visible
RV00004522,OI000007461,O00004402,U004289,P000619,5,整体满意,0,2026-03-19 00:15:27,visible
RV00004523,OI000007531,O00004441,U000164,P000795,5,与描述有差异,0,2026-07-12 13:00:33,visible
RV00004524,OI000009767,O00005756,U001541,P001277,5,质量很好，符合预期,1,2026-07-06 15:49:42,visible
RV00004525,OI000011740,O00006878,U003107,P000348,3,物流很快，包装完整,1,2025-03-15 06:52:15,visible
RV00004526,OI000018094,O00010601,U001968,P000613,4,质量很好，符合预期,0,2025-11-25 17:48:41,visible
RV00004527,OI000016489,O00009663,U003278,P000956,5,整体满意,0,2025-09-15 20:59:30,visible
RV00004528,OI000011590,O00006795,U003689,P000976,5,质量很好，符合预期,0,2026-05-02 04:02:13,visible
RV00004529,OI000019199,O00011262,U000087,P001150,4,质量很好，符合预期,0,2026-01-16 00:56:37,visible
RV00004530,OI000009901,O00005832,U004043,P000542,5,质量很好，符合预期,0,2026-04-17 19:18:34,visible
RV00004531,OI000006460,O00003819,U002549,P000368,5,体验一般,0,2025-12-14 19:06:05,visible
RV00004532,OI000019405,O00011385,U002110,P000866,1,体验一般,0,2025-02-03 01:20:08,visible
RV00004533,OI000017102,O00010028,U003269,P000923,4,整体满意,0,2025-12-18 21:25:27,visible
RV00004534,OI000018502,O00010847,U003850,P000452,5,质量很好，符合预期,0,2025-09-02 17:28:53,visible
RV00004535,OI000017740,O00010386,U002787,P000450,5,性价比不错,0,2025-06-01 21:43:10,visible
RV00004536,OI000006563,O00003877,U000771,P000251,4,性价比不错,0,2026-04-11 23:59:03,visible
RV00004537,OI000004078,O00002426,U002805,P000328,5,整体满意,0,2025-07-03 03:00:12,visible
RV00004538,OI000011613,O00006809,U003884,P000265,5,物流很快，包装完整,0,2026-02-12 06:46:27,visible
RV00004539,OI000015989,O00009379,U002293,P000723,5,体验一般,0,2025-04-24 01:18:44,visible
RV00004540,OI000012864,O00007531,U002820,P000124,4,质量很好，符合预期,0,2025-05-14 16:18:02,visible
RV00004541,OI000015742,O00009229,U002190,P000223,5,质量很好，符合预期,1,2025-08-01 03:33:38,visible
RV00004542,OI000009721,O00005728,U001944,P000978,4,物流很快，包装完整,0,2026-06-01 13:31:29,visible
RV00004543,OI000007868,O00004632,U002146,P000442,5,质量很好，符合预期,0,2025-09-14 19:43:32,visible
RV00004544,OI000010098,O00005938,U000513,P000318,5,物流很快，包装完整,0,2025-11-28 05:47:16,visible
RV00004545,OI000001934,O00001142,U004987,P000293,2,质量很好，符合预期,0,2026-06-19 21:40:44,visible
RV00004546,OI000014979,O00008768,U004371,P000403,5,质量很好，符合预期,0,2026-08-29 19:51:44,visible
RV00004547,OI000012395,O00007257,U001081,P000122,4,体验一般,0,2025-10-13 15:40:05,visible
RV00004548,OI000016589,O00009729,U003846,P001150,3,质量很好，符合预期,0,2026-02-09 05:09:28,visible
RV00004549,OI000006212,O00003671,U004069,P000777,5,物流很快，包装完整,0,2026-06-30 11:42:41,visible
RV00004550,OI000009869,O00005813,U004465,P000462,4,整体满意,0,2026-08-23 17:09:09,visible
RV00004551,OI000000878,O00000502,U003073,P001277,5,质量很好，符合预期,0,2026-02-06 23:53:00,visible
RV00004552,OI000019609,O00011505,U003782,P000719,5,物流很快，包装完整,1,2026-02-09 22:40:08,visible
RV00004553,OI000003165,O00001865,U003178,P000138,4,物流很快，包装完整,0,2026-01-01 06:57:06,visible
RV00004554,OI000017501,O00010245,U001640,P000110,5,物流很快，包装完整,0,2025-12-13 14:40:22,visible
RV00004555,OI000002125,O00001255,U003812,P000416,5,质量很好，符合预期,0,2025-09-18 15:09:51,visible
RV00004556,OI000000626,O00000357,U001253,P000925,4,整体满意,1,2025-05-26 18:58:04,hidden
RV00004557,OI000006170,O00003645,U002541,P000568,2,质量很好，符合预期,0,2026-06-24 15:51:18,visible
RV00004558,OI000002591,O00001528,U000421,P000650,3,物流很快，包装完整,0,2026-01-19 06:12:52,visible
RV00004559,OI000007179,O00004236,U003133,P001207,5,质量很好，符合预期,0,2026-02-23 20:28:06,visible
RV00004560,OI000003455,O00002041,U002370,P000521,5,质量很好，符合预期,0,2025-05-14 23:25:20,visible
RV00004561,OI000004811,O00002854,U002223,P000746,1,物流很快，包装完整,0,2025-07-03 18:39:58,visible
RV00004562,OI000000744,O00000425,U000623,P001423,4,整体满意,0,2025-03-09 09:50:25,visible
RV00004563,OI000019173,O00011245,U000380,P000127,1,整体满意,0,2025-10-28 15:31:09,visible
RV00004564,OI000016037,O00009404,U003844,P000895,5,质量很好，符合预期,0,2026-03-11 08:07:58,visible
RV00004565,OI000000236,O00000132,U000194,P001344,5,物流很快，包装完整,0,2026-01-21 01:25:18,visible
RV00004566,OI000000032,O00000021,U000116,P001140,5,质量很好，符合预期,0,2025-09-21 12:33:44,visible
RV00004567,OI000001260,O00000726,U003328,P000122,5,物流很快，包装完整,0,2025-08-10 03:41:26,visible
RV00004568,OI000010176,O00005984,U000041,P001019,5,整体满意,0,2025-10-13 03:09:34,visible
RV00004569,OI000006238,O00003685,U001161,P001189,4,整体满意,0,2025-02-28 18:37:32,visible
RV00004570,OI000020010,O00011738,U004749,P001425,5,物流很快，包装完整,0,2025-05-22 01:50:13,visible
RV00004571,OI000016071,O00009423,U002314,P000624,4,质量很好，符合预期,0,2025-12-27 05:16:17,visible
RV00004572,OI000010972,O00006443,U002156,P001287,4,性价比不错,0,2026-01-30 20:10:00,visible
RV00004573,OI000015302,O00008967,U002967,P001213,5,质量很好，符合预期,1,2026-04-02 10:01:47,visible
RV00004574,OI000001689,O00000986,U002782,P001393,5,整体满意,0,2026-08-24 09:36:57,visible
RV00004575,OI000015809,O00009272,U001861,P000168,4,质量很好，符合预期,0,2025-02-01 16:31:25,visible
RV00004576,OI000004347,O00002582,U004508,P001076,5,物流很快，包装完整,0,2025-04-16 13:12:04,visible
RV00004577,OI000004901,O00002916,U004440,P001118,4,质量很好，符合预期,0,2026-05-08 15:26:23,visible
RV00004578,OI000005326,O00003163,U004450,P001403,1,物流很快，包装完整,0,2025-06-08 09:13:39,visible
RV00004579,OI000006307,O00003731,U004101,P000990,5,整体满意,0,2025-06-09 04:20:02,visible
RV00004580,OI000007514,O00004432,U000827,P000712,4,体验一般,0,2025-04-15 12:06:02,visible
RV00004581,OI000000128,O00000075,U003637,P001293,5,整体满意,1,2025-11-07 23:14:49,hidden
RV00004582,OI000009524,O00005621,U003024,P001026,5,体验一般,0,2025-12-09 23:44:41,visible
RV00004583,OI000018643,O00010930,U003803,P001094,3,与描述有差异,0,2025-02-27 02:00:39,visible
RV00004584,OI000013132,O00007682,U000456,P000390,5,体验一般,1,2025-07-31 12:13:23,visible
RV00004585,OI000013850,O00008107,U000259,P000224,5,质量很好，符合预期,0,2025-11-28 10:56:14,visible
RV00004586,OI000007028,O00004143,U002248,P001059,2,质量很好，符合预期,0,2026-06-24 10:19:43,visible
RV00004587,OI000010723,O00006304,U001961,P000809,5,性价比不错,0,2026-07-24 21:14:11,visible
RV00004588,OI000005607,O00003327,U003731,P000977,5,性价比不错,0,2026-05-06 09:00:43,visible
RV00004589,OI000020121,O00011805,U000507,P000846,2,性价比不错,0,2025-04-22 16:02:49,visible
RV00004590,OI000014273,O00008353,U002730,P000796,5,物流很快，包装完整,0,2026-07-30 17:36:01,visible
RV00004591,OI000011329,O00006646,U003733,P001349,5,性价比不错,0,2026-06-23 02:08:29,visible
RV00004592,OI000016273,O00009541,U002640,P000916,5,质量很好，符合预期,0,2026-01-29 03:48:07,visible
RV00004593,OI000006832,O00004035,U004663,P000865,4,整体满意,0,2025-10-26 20:40:48,visible
RV00004594,OI000020049,O00011763,U002370,P000931,5,整体满意,0,2026-04-24 22:32:10,visible
RV00004595,OI000003438,O00002032,U004760,P001339,5,性价比不错,0,2026-01-23 21:23:42,visible
RV00004596,OI000011413,O00006694,U003499,P000443,5,质量很好，符合预期,1,2025-04-24 12:06:08,visible
RV00004597,OI000004090,O00002434,U003623,P001005,5,整体满意,0,2026-03-13 11:24:10,visible
RV00004598,OI000007726,O00004560,U002729,P000125,4,整体满意,1,2025-05-29 23:54:06,visible
RV00004599,OI000014230,O00008331,U003937,P000636,5,与描述有差异,0,2025-10-23 00:19:17,visible
RV00004600,OI000008140,O00004787,U002782,P001464,5,整体满意,1,2025-08-26 21:35:26,visible
RV00004601,OI000007279,O00004297,U000030,P000699,5,物流很快，包装完整,1,2025-07-25 02:19:55,visible
RV00004602,OI000016030,O00009402,U001315,P000748,5,体验一般,0,2025-07-09 18:12:59,visible
RV00004603,OI000000517,O00000299,U002324,P000171,5,整体满意,0,2025-09-08 19:12:45,visible
RV00004604,OI000006994,O00004123,U000634,P000655,5,整体满意,0,2026-01-11 17:20:09,visible
RV00004605,OI000013862,O00008112,U001752,P000049,5,质量很好，符合预期,0,2026-08-07 05:33:45,visible
RV00004606,OI000019852,O00011648,U001470,P000766,5,性价比不错,0,2025-07-02 21:05:54,visible
RV00004607,OI000005667,O00003361,U002036,P000840,3,质量很好，符合预期,0,2025-04-17 12:17:22,visible
RV00004608,OI000017892,O00010473,U002115,P001226,5,物流很快，包装完整,0,2025-08-26 23:00:44,visible
RV00004609,OI000015836,O00009289,U000850,P000588,4,质量很好，符合预期,0,2025-07-15 15:38:51,visible
RV00004610,OI000020457,O00011999,U001866,P000957,5,物流很快，包装完整,0,2025-05-10 10:56:03,visible
RV00004611,OI000014836,O00008682,U001819,P000671,5,质量很好，符合预期,0,2025-11-12 10:15:28,visible
RV00004612,OI000007451,O00004396,U003697,P000310,4,物流很快，包装完整,0,2025-06-25 02:07:43,visible
RV00004613,OI000002875,O00001697,U004460,P000332,5,质量很好，符合预期,0,2026-08-13 10:38:19,visible
RV00004614,OI000015699,O00009203,U003523,P000430,5,性价比不错,0,2025-10-21 20:38:05,visible
RV00004615,OI000005072,O00003019,U002149,P000222,5,与描述有差异,0,2026-02-03 08:19:02,visible
RV00004616,OI000015132,O00008867,U004778,P000186,5,质量很好，符合预期,1,2026-05-01 14:38:54,visible
RV00004617,OI000013506,O00007897,U000734,P001461,4,性价比不错,1,2026-03-29 11:30:45,visible
RV00004618,OI000018194,O00010662,U001941,P000814,4,整体满意,0,2026-07-31 04:00:39,hidden
RV00004619,OI000009198,O00005421,U002639,P000583,5,质量很好，符合预期,0,2026-08-21 18:10:43,visible
RV00004620,OI000004219,O00002510,U001918,P000124,5,质量很好，符合预期,0,2025-10-13 11:33:39,visible
RV00004621,OI000004462,O00002646,U002451,P001049,5,物流很快，包装完整,0,2025-10-28 11:50:30,visible
RV00004622,OI000006403,O00003785,U002634,P000833,5,整体满意,0,2025-10-22 11:52:17,visible
RV00004623,OI000003385,O00001996,U002785,P001467,4,整体满意,0,2026-06-21 13:47:48,visible
RV00004624,OI000003638,O00002147,U003835,P000154,4,质量很好，符合预期,0,2025-02-16 10:28:56,visible
RV00004625,OI000008756,O00005155,U000054,P001203,5,质量很好，符合预期,0,2026-04-14 15:17:22,visible
RV00004626,OI000019862,O00011655,U003868,P000284,5,物流很快，包装完整,0,2026-05-03 07:34:33,visible
RV00004627,OI000016559,O00009709,U003395,P000752,4,整体满意,0,2025-02-18 06:34:24,visible
RV00004628,OI000000437,O00000252,U002042,P000883,5,质量很好，符合预期,0,2026-05-03 02:25:04,visible
RV00004629,OI000004308,O00002563,U001836,P000498,5,体验一般,0,2025-06-02 20:56:17,visible
RV00004630,OI000013356,O00007806,U001940,P000902,5,质量很好，符合预期,0,2025-12-11 12:38:27,visible
RV00004631,OI000018668,O00010945,U003211,P001315,2,质量很好，符合预期,0,2025-06-11 01:28:55,visible
RV00004632,OI000015640,O00009172,U002971,P001195,3,整体满意,0,2026-08-21 15:52:46,visible
RV00004633,OI000006005,O00003551,U004055,P000052,5,与描述有差异,0,2025-11-03 19:22:51,visible
RV00004634,OI000015770,O00009247,U003496,P000160,5,质量很好，符合预期,0,2026-04-25 11:28:34,visible
RV00004635,OI000012563,O00007346,U003109,P000956,3,整体满意,0,2025-11-24 09:45:48,visible
RV00004636,OI000000727,O00000417,U003469,P000937,5,物流很快，包装完整,0,2025-09-01 11:21:08,visible
RV00004637,OI000007830,O00004612,U004131,P000119,4,物流很快，包装完整,0,2025-10-01 15:59:32,visible
RV00004638,OI000004637,O00002752,U000024,P000739,5,物流很快，包装完整,0,2025-06-24 17:16:25,visible
RV00004639,OI000009463,O00005583,U002811,P001228,1,体验一般,0,2026-03-04 06:47:21,visible
RV00004640,OI000003386,O00001996,U002785,P000907,3,整体满意,0,2026-07-01 13:47:48,visible
RV00004641,OI000010144,O00005967,U004221,P000898,4,物流很快，包装完整,1,2025-08-27 16:19:32,visible
RV00004642,OI000000082,O00000049,U002114,P000896,5,体验一般,0,2026-06-27 07:31:48,visible
RV00004643,OI000005686,O00003372,U001042,P000357,4,质量很好，符合预期,0,2026-08-12 12:38:53,visible
RV00004644,OI000006054,O00003579,U003632,P001307,5,与描述有差异,0,2026-07-11 09:18:01,visible
RV00004645,OI000009064,O00005351,U001796,P000781,4,整体满意,1,2025-09-16 21:59:51,visible
RV00004646,OI000006216,O00003672,U002270,P001127,5,物流很快，包装完整,0,2026-06-11 03:34:47,visible
RV00004647,OI000003164,O00001864,U003287,P000392,5,质量很好，符合预期,0,2025-08-06 01:57:14,visible
RV00004648,OI000000482,O00000277,U001866,P001243,5,物流很快，包装完整,0,2026-01-28 22:15:42,visible
RV00004649,OI000015286,O00008957,U001531,P000658,4,质量很好，符合预期,0,2025-07-20 00:39:10,visible
RV00004650,OI000012467,O00007297,U003760,P000349,4,物流很快，包装完整,0,2025-09-26 11:30:26,visible
RV00004651,OI000000160,O00000091,U003755,P000783,2,质量很好，符合预期,0,2025-06-30 15:45:01,visible
RV00004652,OI000008525,O00005017,U002492,P000447,5,质量很好，符合预期,0,2025-05-05 04:37:59,visible
RV00004653,OI000010685,O00006280,U004719,P001102,4,质量很好，符合预期,0,2026-07-19 01:28:51,visible
RV00004654,OI000017934,O00010504,U004652,P000745,4,整体满意,0,2025-12-02 14:31:33,visible
RV00004655,OI000002713,O00001600,U003179,P000948,5,整体满意,0,2025-08-06 20:06:48,visible
RV00004656,OI000010748,O00006318,U002005,P001035,5,性价比不错,0,2025-02-23 01:44:07,visible
RV00004657,OI000006529,O00003858,U001937,P000556,4,性价比不错,0,2025-02-15 09:58:36,visible
RV00004658,OI000017288,O00010129,U003221,P000505,5,质量很好，符合预期,0,2026-05-31 11:39:27,visible
RV00004659,OI000005074,O00003020,U003198,P001318,5,性价比不错,0,2025-07-08 01:18:44,visible
RV00004660,OI000004080,O00002427,U002938,P000468,5,物流很快，包装完整,0,2026-06-30 21:27:10,visible
RV00004661,OI000013674,O00008003,U003695,P000339,5,性价比不错,0,2026-08-12 18:26:17,visible
RV00004662,OI000002664,O00001571,U000067,P001438,5,与描述有差异,0,2025-05-05 04:47:30,visible
RV00004663,OI000001590,O00000926,U002411,P000001,5,质量很好，符合预期,1,2026-01-18 03:01:13,visible
RV00004664,OI000003393,O00002001,U001947,P001025,5,质量很好，符合预期,0,2026-01-07 20:15:06,visible
RV00004665,OI000016848,O00009881,U002371,P000015,5,质量很好，符合预期,0,2025-05-24 19:36:34,visible
RV00004666,OI000020435,O00011985,U001972,P000606,5,整体满意,0,2026-04-25 06:03:21,visible
RV00004667,OI000019493,O00011433,U002275,P000292,5,质量很好，符合预期,1,2026-03-19 06:26:22,visible
RV00004668,OI000007895,O00004647,U003086,P000107,5,整体满意,0,2025-03-02 17:36:35,visible
RV00004669,OI000001121,O00000639,U003421,P001380,4,体验一般,0,2025-07-09 18:03:36,visible
RV00004670,OI000016811,O00009862,U002281,P000630,5,物流很快，包装完整,0,2025-08-10 15:35:44,visible
RV00004671,OI000001040,O00000596,U001123,P000586,5,整体满意,0,2026-02-14 19:17:56,visible
RV00004672,OI000012162,O00007119,U000176,P001377,2,整体满意,0,2026-06-11 08:12:13,visible
RV00004673,OI000009512,O00005614,U004295,P000892,5,质量很好，符合预期,0,2025-07-28 09:21:18,visible
RV00004674,OI000001178,O00000674,U001050,P001004,4,整体满意,1,2026-06-06 10:00:15,visible
RV00004675,OI000002384,O00001399,U004427,P001085,4,整体满意,0,2026-01-01 00:10:18,visible
RV00004676,OI000004104,O00002444,U004729,P001193,3,整体满意,0,2026-01-26 12:24:01,visible
RV00004677,OI000006632,O00003921,U004479,P000611,5,质量很好，符合预期,0,2026-07-29 14:25:26,visible
RV00004678,OI000011422,O00006699,U003681,P000379,5,体验一般,1,2026-05-26 13:36:48,visible
RV00004679,OI000000422,O00000245,U003228,P000632,5,整体满意,0,2025-09-29 16:02:36,visible
RV00004680,OI000005780,O00003425,U002234,P001326,5,整体满意,0,2026-07-17 23:04:35,visible
RV00004681,OI000001176,O00000674,U001050,P000444,3,质量很好，符合预期,0,2026-06-26 10:00:15,visible
RV00004682,OI000017809,O00010424,U001449,P000312,5,质量很好，符合预期,0,2025-03-15 18:53:56,visible
RV00004683,OI000009610,O00005666,U004294,P000083,5,整体满意,0,2026-05-17 19:02:15,visible
RV00004684,OI000002948,O00001740,U004404,P001345,4,整体满意,0,2026-01-22 05:54:05,visible
RV00004685,OI000017885,O00010468,U001911,P000127,5,与描述有差异,1,2025-07-21 17:08:41,visible
RV00004686,OI000010633,O00006254,U000147,P000956,5,质量很好，符合预期,0,2026-07-17 18:05:45,visible
RV00004687,OI000019591,O00011493,U000130,P000974,2,整体满意,0,2025-02-06 07:46:32,visible
RV00004688,OI000004330,O00002575,U003914,P000774,5,质量很好，符合预期,0,2026-06-30 08:33:57,visible
RV00004689,OI000002304,O00001349,U001338,P000261,5,性价比不错,0,2025-02-22 04:54:43,visible
RV00004690,OI000004670,O00002770,U003154,P000472,5,质量很好，符合预期,0,2025-07-08 17:32:53,visible
RV00004691,OI000019145,O00011231,U000798,P000629,5,与描述有差异,0,2025-05-11 15:30:16,visible
RV00004692,OI000018141,O00010629,U000017,P000359,4,性价比不错,0,2025-09-07 15:57:10,visible
RV00004693,OI000018595,O00010904,U001798,P000834,5,性价比不错,0,2026-03-07 20:57:29,visible
RV00004694,OI000004223,O00002513,U002952,P001015,5,质量很好，符合预期,0,2025-07-03 13:30:58,visible
RV00004695,OI000009696,O00005715,U002604,P001032,5,质量很好，符合预期,1,2026-07-28 01:29:25,visible
RV00004696,OI000016862,O00009889,U003267,P000767,4,质量很好，符合预期,1,2026-05-14 12:46:20,visible
RV00004697,OI000003101,O00001826,U001924,P001178,5,质量很好，符合预期,0,2025-01-31 10:00:42,visible
RV00004698,OI000012829,O00007509,U001672,P001180,5,整体满意,0,2025-05-01 08:44:13,visible
RV00004699,OI000020341,O00011932,U003375,P000267,4,性价比不错,0,2025-10-01 21:01:46,visible
RV00004700,OI000006789,O00004010,U004265,P001148,5,质量很好，符合预期,0,2025-12-14 05:10:29,visible
RV00004701,OI000008444,O00004972,U004458,P001021,4,物流很快，包装完整,0,2026-04-28 23:03:17,visible
RV00004702,OI000005231,O00003113,U000797,P001402,5,整体满意,0,2026-07-07 11:04:19,visible
RV00004703,OI000009414,O00005554,U000756,P000240,5,性价比不错,0,2026-03-19 13:20:01,visible
RV00004704,OI000016248,O00009530,U000321,P001462,5,物流很快，包装完整,0,2026-06-13 01:15:16,visible
RV00004705,OI000012986,O00007599,U002499,P000774,5,整体满意,0,2025-05-05 08:06:42,visible
RV00004706,OI000002705,O00001595,U000980,P001316,5,质量很好，符合预期,0,2025-04-01 21:23:09,visible
RV00004707,OI000016725,O00009813,U003883,P001455,5,与描述有差异,0,2026-03-28 14:34:05,visible
RV00004708,OI000016542,O00009697,U002698,P001043,5,整体满意,0,2025-08-15 23:02:58,visible
RV00004709,OI000006289,O00003718,U004101,P000488,4,质量很好，符合预期,0,2026-05-19 10:47:41,visible
RV00004710,OI000015221,O00008922,U001818,P000324,5,整体满意,0,2025-11-19 18:56:31,visible
RV00004711,OI000019416,O00011390,U001605,P000812,5,质量很好，符合预期,0,2025-10-15 00:01:30,visible
RV00004712,OI000008846,O00005211,U004059,P001111,4,物流很快，包装完整,0,2025-01-24 03:15:22,visible
RV00004713,OI000002410,O00001415,U004797,P000134,5,整体满意,0,2025-05-23 10:55:13,visible
RV00004714,OI000004432,O00002629,U004457,P001059,5,与描述有差异,0,2025-08-22 10:14:22,visible
RV00004715,OI000014029,O00008214,U000410,P001111,3,质量很好，符合预期,0,2025-07-08 09:11:28,visible
RV00004716,OI000008658,O00005098,U002307,P000116,5,整体满意,0,2025-11-02 21:47:45,visible
RV00004717,OI000018633,O00010925,U003080,P000423,5,性价比不错,1,2025-08-11 07:43:26,visible
RV00004718,OI000020284,O00011901,U001130,P000037,5,物流很快，包装完整,0,2026-07-10 05:01:09,visible
RV00004719,OI000018378,O00010771,U003261,P001280,5,质量很好，符合预期,0,2026-02-08 15:47:09,visible
RV00004720,OI000012258,O00007179,U002223,P001199,4,质量很好，符合预期,0,2025-04-30 09:33:53,visible
RV00004721,OI000001485,O00000865,U004849,P001002,5,体验一般,0,2025-11-08 00:13:23,visible
RV00004722,OI000014596,O00008548,U003565,P000378,5,质量很好，符合预期,0,2026-06-01 00:29:53,visible
RV00004723,OI000013730,O00008036,U001687,P000482,5,体验一般,0,2025-06-27 21:54:19,visible
RV00004724,OI000006388,O00003776,U003612,P000003,5,质量很好，符合预期,0,2025-05-14 10:47:51,visible
RV00004725,OI000016292,O00009551,U001931,P000131,4,性价比不错,0,2026-01-01 20:19:22,visible
RV00004726,OI000002236,O00001313,U002339,P001105,1,物流很快，包装完整,1,2025-10-06 07:19:45,visible
RV00004727,OI000006598,O00003900,U002592,P000325,4,体验一般,0,2025-07-27 01:55:29,hidden
RV00004728,OI000007639,O00004511,U003386,P000138,2,物流很快，包装完整,0,2025-01-29 14:34:16,visible
RV00004729,OI000014864,O00008698,U003438,P001292,5,质量很好，符合预期,0,2026-05-05 17:33:37,visible
RV00004730,OI000006514,O00003850,U000348,P000800,4,性价比不错,0,2025-07-22 19:29:22,visible
RV00004731,OI000002153,O00001267,U002927,P000971,4,质量很好，符合预期,0,2025-07-29 01:30:06,visible
RV00004732,OI000018316,O00010735,U001779,P001030,3,物流很快，包装完整,0,2025-04-01 04:03:25,visible
RV00004733,OI000011899,O00006964,U004538,P001066,5,质量很好，符合预期,0,2026-08-26 13:43:00,visible
RV00004734,OI000012112,O00007089,U003395,P000249,2,质量很好，符合预期,1,2025-02-17 11:16:41,visible
RV00004735,OI000018282,O00010715,U003404,P000876,5,整体满意,0,2026-03-25 11:28:28,visible
RV00004736,OI000008623,O00005078,U004422,P000970,5,整体满意,0,2026-01-16 12:01:57,visible
RV00004737,OI000004666,O00002767,U002462,P000864,4,物流很快，包装完整,0,2026-07-23 01:25:29,visible
RV00004738,OI000011492,O00006735,U000787,P000032,4,质量很好，符合预期,0,2026-07-02 09:18:24,visible
RV00004739,OI000000402,O00000232,U002344,P000809,5,整体满意,0,2026-03-08 08:50:32,visible
RV00004740,OI000010863,O00006377,U000043,P001315,5,性价比不错,0,2025-08-08 10:01:13,visible
RV00004741,OI000017300,O00010135,U001033,P000458,5,性价比不错,0,2026-08-08 10:03:57,visible
RV00004742,OI000004720,O00002800,U001967,P000931,2,性价比不错,0,2026-03-08 06:23:54,visible
RV00004743,OI000003751,O00002219,U000954,P000765,5,质量很好，符合预期,0,2026-01-13 06:41:25,visible
RV00004744,OI000000990,O00000569,U003569,P000089,5,性价比不错,0,2026-07-19 01:12:29,visible
RV00004745,OI000013638,O00007979,U001662,P000232,5,质量很好，符合预期,0,2025-08-02 22:37:47,visible
RV00004746,OI000019179,O00011249,U002252,P000624,4,物流很快，包装完整,0,2025-04-20 22:20:07,visible
RV00004747,OI000000633,O00000360,U000144,P000230,5,质量很好，符合预期,0,2026-03-18 12:56:35,visible
RV00004748,OI000004133,O00002462,U001550,P000184,5,质量很好，符合预期,0,2026-07-01 11:38:51,visible
RV00004749,OI000013334,O00007793,U000295,P000206,4,性价比不错,1,2026-09-08 03:42:10,visible
RV00004750,OI000013512,O00007902,U001094,P000035,5,物流很快，包装完整,0,2025-06-11 09:41:02,visible
RV00004751,OI000004897,O00002912,U003457,P000194,1,性价比不错,0,2025-08-12 07:50:59,visible
RV00004752,OI000012614,O00007376,U004415,P000162,5,整体满意,0,2026-01-26 05:05:13,visible
RV00004753,OI000010112,O00005947,U002123,P000640,4,物流很快，包装完整,0,2026-06-09 08:59:01,visible
RV00004754,OI000007878,O00004637,U003365,P000294,5,物流很快，包装完整,0,2025-09-06 14:21:04,visible
RV00004755,OI000012304,O00007206,U001235,P000910,5,质量很好，符合预期,0,2026-04-14 01:28:04,visible
RV00004756,OI000008877,O00005228,U000615,P001107,4,质量很好，符合预期,0,2025-06-18 16:00:36,visible
RV00004757,OI000011920,O00006976,U001538,P000638,5,性价比不错,0,2026-04-20 04:23:39,visible
RV00004758,OI000002250,O00001320,U004118,P000992,5,质量很好，符合预期,0,2025-07-14 18:56:08,visible
RV00004759,OI000015980,O00009375,U002132,P000697,4,整体满意,0,2026-07-12 15:59:15,visible
RV00004760,OI000012238,O00007169,U003603,P000780,5,物流很快，包装完整,0,2026-03-02 14:38:41,visible
RV00004761,OI000002420,O00001418,U004734,P000464,5,物流很快，包装完整,0,2026-06-14 15:44:52,visible
RV00004762,OI000019554,O00011473,U004122,P000998,5,质量很好，符合预期,1,2025-02-09 09:48:37,visible
RV00004763,OI000014070,O00008236,U000482,P001283,5,体验一般,0,2025-09-07 20:50:03,visible
RV00004764,OI000019630,O00011521,U002973,P000444,4,整体满意,1,2026-01-15 23:36:11,visible
RV00004765,OI000013457,O00007863,U000644,P000030,5,与描述有差异,0,2025-06-14 07:37:04,visible
RV00004766,OI000018086,O00010595,U004847,P000494,3,与描述有差异,0,2026-06-24 12:15:17,visible
RV00004767,OI000000017,O00000010,U004234,P000702,4,物流很快，包装完整,0,2025-08-08 19:45:48,visible
RV00004768,OI000004787,O00002841,U001819,P001214,5,整体满意,0,2025-04-03 07:03:18,visible
RV00004769,OI000010082,O00005929,U003748,P000969,3,性价比不错,0,2025-02-09 09:49:30,visible
RV00004770,OI000003352,O00001977,U003835,P001493,5,物流很快，包装完整,0,2025-08-18 00:08:48,visible
RV00004771,OI000010410,O00006124,U001206,P001293,5,整体满意,0,2026-05-12 23:26:05,visible
RV00004772,OI000001597,O00000930,U002722,P000658,5,质量很好，符合预期,0,2026-02-25 15:50:58,visible
RV00004773,OI000019904,O00011680,U003162,P000239,5,质量很好，符合预期,0,2026-04-28 06:25:34,visible
RV00004774,OI000013632,O00007976,U004693,P000062,5,体验一般,0,2025-01-12 04:49:45,visible
RV00004775,OI000007814,O00004605,U002734,P000097,5,整体满意,0,2025-07-02 00:15:49,visible
RV00004776,OI000011555,O00006772,U002769,P001500,5,物流很快，包装完整,0,2026-01-11 08:34:20,visible
RV00004777,OI000002046,O00001209,U002946,P000668,4,物流很快，包装完整,0,2025-03-20 04:47:00,visible
RV00004778,OI000012257,O00007179,U002223,P000399,5,整体满意,0,2025-04-28 09:33:53,visible
RV00004779,OI000008106,O00004770,U001947,P000489,4,与描述有差异,0,2025-02-19 10:52:27,visible
RV00004780,OI000008266,O00004866,U003202,P000824,5,整体满意,0,2026-03-10 08:36:38,visible
RV00004781,OI000002621,O00001548,U000476,P000721,5,整体满意,0,2025-10-28 19:06:09,visible
RV00004782,OI000005304,O00003151,U003081,P000814,5,物流很快，包装完整,0,2025-03-10 23:11:13,visible
RV00004783,OI000002813,O00001659,U001092,P000986,3,质量很好，符合预期,0,2026-01-15 07:55:43,visible
RV00004784,OI000002217,O00001304,U001959,P001369,5,物流很快，包装完整,0,2025-05-11 15:28:46,visible
RV00004785,OI000011263,O00006608,U001090,P000318,4,质量很好，符合预期,0,2026-03-05 07:55:36,visible
RV00004786,OI000002114,O00001249,U004544,P001247,4,质量很好，符合预期,0,2026-02-13 05:57:01,visible
RV00004787,OI000009274,O00005468,U001130,P000214,5,整体满意,0,2026-08-05 23:58:01,visible
RV00004788,OI000016759,O00009834,U002499,P000550,4,性价比不错,0,2026-01-16 10:46:52,visible
RV00004789,OI000017569,O00010285,U001574,P001085,5,物流很快，包装完整,0,2025-04-12 19:41:20,visible
RV00004790,OI000006768,O00003999,U003838,P001227,5,物流很快，包装完整,0,2025-08-30 17:58:43,visible
RV00004791,OI000017446,O00010214,U000652,P001045,5,质量很好，符合预期,1,2025-02-14 15:45:07,visible
RV00004792,OI000016679,O00009782,U001455,P000634,5,与描述有差异,0,2025-02-25 10:28:23,visible
RV00004793,OI000008240,O00004852,U003423,P000049,4,性价比不错,0,2026-08-06 00:57:09,visible
RV00004794,OI000001188,O00000681,U001426,P000687,5,整体满意,0,2025-05-27 19:13:09,visible
RV00004795,OI000008647,O00005090,U000227,P000439,5,整体满意,0,2025-09-11 05:07:27,visible
RV00004796,OI000006968,O00004112,U001065,P000532,4,整体满意,0,2026-03-31 23:13:04,visible
RV00004797,OI000019151,O00011233,U002304,P000980,1,质量很好，符合预期,0,2026-06-30 01:21:25,visible
RV00004798,OI000005738,O00003401,U003669,P000047,5,整体满意,0,2025-10-16 13:58:16,visible
RV00004799,OI000015905,O00009332,U003374,P001360,4,质量很好，符合预期,0,2026-06-14 00:49:33,visible
RV00004800,OI000004309,O00002563,U001836,P000258,1,整体满意,0,2025-06-16 20:56:17,visible
RV00004801,OI000000068,O00000040,U001372,P000576,3,性价比不错,0,2025-11-01 01:43:38,visible
RV00004802,OI000007786,O00004590,U000856,P001232,5,整体满意,0,2025-09-13 11:27:02,visible
RV00004803,OI000019320,O00011332,U000569,P000074,5,体验一般,0,2026-01-01 23:53:56,visible
RV00004804,OI000018046,O00010571,U002356,P000952,4,质量很好，符合预期,0,2025-12-11 10:10:20,visible
RV00004805,OI000008160,O00004801,U004636,P000904,5,体验一般,0,2025-09-28 19:51:11,visible
RV00004806,OI000007685,O00004538,U001382,P000317,5,体验一般,0,2025-08-05 04:59:27,visible
RV00004807,OI000017099,O00010026,U000704,P001461,5,质量很好，符合预期,0,2026-01-02 12:43:40,visible
RV00004808,OI000011473,O00006725,U002500,P001203,4,质量很好，符合预期,0,2026-02-22 01:16:44,visible
RV00004809,OI000014548,O00008522,U003776,P000406,5,物流很快，包装完整,0,2025-12-08 14:23:10,visible
RV00004810,OI000019338,O00011346,U004679,P001117,5,整体满意,0,2026-04-30 07:35:01,visible
RV00004811,OI000010590,O00006230,U002039,P000072,4,整体满意,0,2025-12-21 01:49:58,visible
RV00004812,OI000012308,O00007208,U000531,P001446,5,整体满意,1,2026-08-23 23:29:46,visible
RV00004813,OI000001094,O00000621,U004991,P001246,5,整体满意,0,2025-11-27 15:17:43,visible
RV00004814,OI000004100,O00002442,U000561,P000869,2,物流很快，包装完整,0,2026-02-28 12:00:15,visible
RV00004815,OI000020345,O00011934,U000167,P001201,5,体验一般,0,2026-07-01 15:38:18,visible
RV00004816,OI000014614,O00008557,U000387,P000361,4,质量很好，符合预期,0,2025-04-05 12:15:03,visible
RV00004817,OI000014267,O00008350,U001858,P000989,5,体验一般,0,2025-10-16 04:03:04,visible
RV00004818,OI000005212,O00003100,U003191,P001285,5,性价比不错,0,2025-08-20 16:29:25,visible
RV00004819,OI000005187,O00003085,U003431,P001393,5,整体满意,0,2026-08-23 00:23:12,visible
RV00004820,OI000012805,O00007497,U002208,P001202,4,整体满意,1,2026-06-30 21:13:00,visible
RV00004821,OI000000782,O00000449,U003356,P000499,4,整体满意,0,2026-05-19 09:46:35,visible
RV00004822,OI000008402,O00004944,U003570,P000533,4,性价比不错,0,2026-07-31 04:10:58,visible
RV00004823,OI000011810,O00006917,U002085,P000353,2,整体满意,0,2026-01-29 11:23:45,visible
RV00004824,OI000001297,O00000747,U000767,P000813,3,质量很好，符合预期,0,2025-03-19 09:06:42,visible
RV00004825,OI000002823,O00001665,U000524,P000085,5,质量很好，符合预期,0,2025-12-17 08:53:40,visible
RV00004826,OI000007491,O00004421,U002962,P000219,5,体验一般,0,2025-02-08 00:38:25,visible
RV00004827,OI000018606,O00010910,U002527,P000895,4,质量很好，符合预期,0,2026-03-27 18:46:49,visible
RV00004828,OI000010713,O00006297,U001099,P000714,5,质量很好，符合预期,0,2025-04-23 01:23:24,visible
RV00004829,OI000014585,O00008542,U004933,P000938,3,与描述有差异,1,2026-07-09 13:49:40,visible
RV00004830,OI000015457,O00009060,U001015,P000980,5,物流很快，包装完整,0,2025-04-10 07:16:31,visible
RV00004831,OI000014057,O00008228,U000511,P000320,4,质量很好，符合预期,0,2025-12-14 06:24:40,visible
RV00004832,OI000010061,O00005919,U004893,P001172,4,整体满意,0,2025-04-27 11:27:11,visible
RV00004833,OI000014667,O00008583,U001318,P001167,2,整体满意,0,2026-03-09 04:45:15,visible
RV00004834,OI000014732,O00008622,U000300,P000023,5,质量很好，符合预期,0,2026-06-02 13:17:44,visible
RV00004835,OI000016055,O00009412,U004250,P000793,5,性价比不错,0,2025-08-01 02:52:13,visible
RV00004836,OI000009907,O00005835,U000512,P000526,5,性价比不错,0,2026-05-16 02:06:10,visible
RV00004837,OI000015563,O00009122,U000590,P001463,3,物流很快，包装完整,0,2025-03-15 18:03:03,visible
RV00004838,OI000018271,O00010707,U001802,P000591,5,性价比不错,0,2026-01-26 17:16:06,visible
RV00004839,OI000000021,O00000013,U004167,P000109,4,整体满意,0,2025-08-08 23:49:53,visible
RV00004840,OI000002915,O00001724,U004162,P000470,5,整体满意,0,2026-03-21 23:15:44,visible
RV00004841,OI000019331,O00011339,U001246,P000074,1,性价比不错,0,2026-01-02 19:23:55,visible
RV00004842,OI000005063,O00003013,U000715,P001302,4,性价比不错,0,2026-05-01 00:40:11,visible
RV00004843,OI000009478,O00005591,U003889,P000320,1,质量很好，符合预期,0,2025-06-05 16:31:31,visible
RV00004844,OI000015127,O00008862,U004010,P000064,5,整体满意,0,2025-03-16 14:20:51,visible
RV00004845,OI000019587,O00011491,U004872,P000234,1,与描述有差异,0,2025-04-12 18:58:59,visible
RV00004846,OI000002572,O00001516,U004161,P001400,5,体验一般,0,2025-11-09 08:11:40,visible
RV00004847,OI000017755,O00010394,U002979,P000810,4,体验一般,0,2026-06-17 10:43:55,visible
RV00004848,OI000008829,O00005199,U002412,P001404,3,性价比不错,0,2025-02-28 10:07:58,visible
RV00004849,OI000014105,O00008257,U002080,P000066,2,整体满意,0,2026-01-25 11:17:48,visible
RV00004850,OI000008517,O00005012,U002425,P000866,5,质量很好，符合预期,0,2025-12-03 19:25:52,visible
RV00004851,OI000002165,O00001275,U000616,P000645,3,质量很好，符合预期,0,2025-08-20 00:30:58,visible
RV00004852,OI000014290,O00008361,U003283,P000927,3,体验一般,1,2025-10-02 00:37:25,visible
RV00004853,OI000017213,O00010090,U004617,P000894,5,性价比不错,0,2025-06-21 03:57:01,visible
RV00004854,OI000018725,O00010973,U003511,P000815,5,物流很快，包装完整,0,2026-04-11 00:12:54,visible
RV00004855,OI000003857,O00002286,U001870,P000088,4,物流很快，包装完整,0,2025-02-14 18:54:15,visible
RV00004856,OI000013119,O00007674,U003403,P000270,4,性价比不错,0,2026-04-27 20:54:08,visible
RV00004857,OI000003991,O00002371,U000522,P000935,4,整体满意,0,2025-05-04 15:08:10,visible
RV00004858,OI000018347,O00010755,U004961,P001385,4,整体满意,0,2026-01-08 13:28:42,visible
RV00004859,OI000017502,O00010246,U000872,P000897,2,性价比不错,0,2025-11-18 09:35:29,visible
RV00004860,OI000017074,O00010011,U002257,P001207,5,性价比不错,1,2025-06-13 15:09:15,visible
RV00004861,OI000009935,O00005852,U000545,P000026,3,物流很快，包装完整,0,2025-02-15 21:30:29,visible
RV00004862,OI000001153,O00000661,U003264,P000327,5,质量很好，符合预期,0,2026-02-18 11:59:21,visible
RV00004863,OI000002640,O00001558,U002601,P001464,5,物流很快，包装完整,0,2025-01-13 15:12:41,visible
RV00004864,OI000004182,O00002488,U001382,P001340,3,整体满意,0,2025-05-11 18:21:48,visible
RV00004865,OI000012550,O00007341,U004658,P001153,5,性价比不错,0,2026-04-30 09:25:11,visible
RV00004866,OI000006796,O00004013,U000342,P001361,4,整体满意,0,2025-10-26 17:45:15,visible
RV00004867,OI000000357,O00000202,U004278,P001414,5,质量很好，符合预期,0,2025-02-14 21:24:32,visible
RV00004868,OI000005134,O00003059,U001918,P001305,5,性价比不错,0,2026-03-29 09:12:47,visible
RV00004869,OI000013736,O00008040,U002913,P001242,5,性价比不错,0,2026-06-25 07:15:07,visible
RV00004870,OI000016282,O00009547,U000814,P000977,5,整体满意,0,2025-02-26 09:20:14,visible
RV00004871,OI000003978,O00002364,U001340,P000546,3,性价比不错,0,2026-02-11 11:20:24,visible
RV00004872,OI000015985,O00009377,U003337,P001303,5,整体满意,1,2026-02-22 06:04:33,visible
RV00004873,OI000005781,O00003426,U004791,P000569,3,物流很快，包装完整,0,2025-07-23 04:22:45,visible
RV00004874,OI000006635,O00003923,U001354,P000892,5,质量很好，符合预期,1,2025-12-04 04:41:49,visible
RV00004875,OI000016989,O00009965,U000363,P001288,3,性价比不错,0,2025-12-23 11:12:37,visible
RV00004876,OI000015275,O00008952,U001644,P000421,5,整体满意,0,2025-01-23 07:35:59,visible
RV00004877,OI000016448,O00009638,U000312,P001270,4,性价比不错,0,2026-04-25 16:39:13,hidden
RV00004878,OI000016207,O00009502,U000776,P000057,5,物流很快，包装完整,0,2025-02-06 09:47:01,visible
RV00004879,OI000018202,O00010667,U001828,P001340,4,物流很快，包装完整,0,2026-05-16 14:40:11,visible
RV00004880,OI000017948,O00010512,U002808,P001482,4,性价比不错,0,2025-01-14 17:26:07,visible
RV00004881,OI000015578,O00009133,U004346,P000725,4,性价比不错,0,2025-04-08 08:26:41,visible
RV00004882,OI000006068,O00003588,U000199,P000103,4,质量很好，符合预期,0,2025-06-05 14:34:08,visible
RV00004883,OI000015031,O00008804,U002693,P001474,5,整体满意,0,2025-09-09 15:02:52,visible
RV00004884,OI000000643,O00000367,U001152,P001237,4,质量很好，符合预期,0,2025-11-24 02:32:18,visible
RV00004885,OI000015495,O00009080,U003563,P000025,5,物流很快，包装完整,0,2025-06-06 16:54:43,visible
RV00004886,OI000010129,O00005959,U003228,P000400,5,物流很快，包装完整,0,2026-02-28 21:34:06,visible
RV00004887,OI000013341,O00007797,U004827,P001050,5,质量很好，符合预期,1,2026-08-22 01:54:09,visible
RV00004888,OI000002228,O00001309,U003647,P000770,5,质量很好，符合预期,0,2025-07-07 00:19:52,visible
RV00004889,OI000017533,O00010264,U001395,P001440,5,整体满意,1,2026-06-26 22:04:25,visible
RV00004890,OI000005798,O00003436,U004891,P000369,5,物流很快，包装完整,0,2025-07-05 04:35:17,visible
RV00004891,OI000005754,O00003410,U002587,P001373,1,质量很好，符合预期,0,2026-01-07 22:51:03,visible
RV00004892,OI000011283,O00006621,U004716,P000552,5,质量很好，符合预期,0,2025-06-30 20:17:29,visible
RV00004893,OI000008903,O00005245,U003137,P000528,5,整体满意,0,2025-08-25 19:07:33,visible
RV00004894,OI000008921,O00005256,U001516,P001436,5,质量很好，符合预期,0,2025-11-07 20:21:39,visible
RV00004895,OI000012226,O00007162,U004009,P000110,5,质量很好，符合预期,0,2025-07-07 01:17:49,visible
RV00004896,OI000013403,O00007833,U002392,P001331,3,物流很快，包装完整,0,2025-05-07 20:40:08,visible
RV00004897,OI000013959,O00008174,U000729,P000482,5,物流很快，包装完整,0,2025-05-15 06:49:21,visible
RV00004898,OI000007971,O00004690,U001156,P000061,4,质量很好，符合预期,0,2026-04-23 21:17:38,visible
RV00004899,OI000008475,O00004989,U000868,P001483,5,整体满意,1,2026-06-24 15:00:09,visible
RV00004900,OI000003266,O00001920,U003739,P001045,5,整体满意,0,2026-06-01 01:15:05,visible
RV00004901,OI000001491,O00000868,U004359,P000101,5,物流很快，包装完整,0,2026-05-20 00:28:56,visible
RV00004902,OI000015803,O00009268,U000301,P000133,5,整体满意,1,2025-04-12 21:09:37,visible
RV00004903,OI000010703,O00006293,U000518,P000932,4,性价比不错,0,2026-09-05 13:04:16,visible
RV00004904,OI000020019,O00011747,U002440,P000933,5,整体满意,0,2025-10-02 08:46:51,visible
RV00004905,OI000012394,O00007257,U001081,P001242,5,质量很好，符合预期,0,2025-10-21 15:40:05,visible
RV00004906,OI000015199,O00008911,U002777,P001425,5,质量很好，符合预期,0,2025-01-16 22:44:44,visible
RV00004907,OI000013945,O00008163,U002538,P000083,5,质量很好，符合预期,0,2026-02-19 19:35:50,visible
RV00004908,OI000001871,O00001099,U004933,P000881,4,物流很快，包装完整,0,2025-03-17 16:32:24,visible
RV00004909,OI000004000,O00002376,U003367,P001179,5,物流很快，包装完整,1,2025-10-27 08:29:40,visible
RV00004910,OI000006648,O00003929,U002687,P000089,5,物流很快，包装完整,0,2025-08-20 11:55:07,visible
RV00004911,OI000008970,O00005289,U000060,P000939,4,物流很快，包装完整,0,2025-10-13 02:24:52,visible
RV00004912,OI000020290,O00011904,U002125,P000536,5,整体满意,0,2025-01-21 17:54:36,visible
RV00004913,OI000004050,O00002411,U001907,P001198,4,整体满意,0,2025-05-23 11:38:38,visible
RV00004914,OI000006095,O00003601,U004429,P000710,3,物流很快，包装完整,0,2026-01-26 14:55:38,visible
RV00004915,OI000018512,O00010853,U003310,P001031,5,性价比不错,0,2025-05-12 20:47:55,visible
RV00004916,OI000007282,O00004299,U000631,P001406,4,整体满意,0,2025-03-02 01:01:27,visible
RV00004917,OI000006341,O00003747,U004709,P000590,5,物流很快，包装完整,0,2025-10-13 06:23:07,visible
RV00004918,OI000019886,O00011671,U003655,P000247,5,物流很快，包装完整,0,2026-02-15 15:34:29,visible
RV00004919,OI000001766,O00001032,U001159,P001062,5,性价比不错,0,2025-09-15 05:03:35,visible
RV00004920,OI000012263,O00007183,U001560,P000667,3,体验一般,0,2025-09-01 06:41:33,visible
RV00004921,OI000002097,O00001240,U000926,P001323,2,性价比不错,0,2025-04-07 04:48:38,visible
RV00004922,OI000011031,O00006475,U002929,P000949,4,性价比不错,0,2026-04-08 15:52:12,visible
RV00004923,OI000017829,O00010437,U002228,P000511,5,整体满意,0,2025-07-07 02:23:23,visible
RV00004924,OI000005100,O00003037,U004578,P001382,3,质量很好，符合预期,0,2025-03-03 07:46:03,visible
RV00004925,OI000005787,O00003430,U001258,P000852,3,整体满意,0,2025-07-21 04:42:04,visible
RV00004926,OI000015723,O00009219,U000446,P000469,4,整体满意,0,2025-07-31 23:13:53,visible
RV00004927,OI000009072,O00005356,U001271,P001372,2,整体满意,0,2025-01-07 20:32:34,visible
RV00004928,OI000016803,O00009859,U004459,P000265,5,质量很好，符合预期,0,2025-09-01 12:34:29,visible
RV00004929,OI000002146,O00001264,U002351,P000081,5,质量很好，符合预期,0,2025-11-24 22:58:31,visible
RV00004930,OI000015814,O00009276,U004655,P001324,5,整体满意,1,2026-08-05 18:33:17,visible
RV00004931,OI000013122,O00007676,U004562,P001076,4,质量很好，符合预期,0,2025-11-14 03:53:55,visible
RV00004932,OI000019680,O00011546,U001505,P000242,4,整体满意,0,2026-07-18 04:58:21,visible
RV00004933,OI000004547,O00002694,U003157,P000040,4,质量很好，符合预期,0,2026-07-01 23:42:20,visible
RV00004934,OI000017179,O00010074,U001355,P001398,4,整体满意,0,2025-06-10 18:31:37,visible
RV00004935,OI000017666,O00010344,U004595,P001130,5,整体满意,1,2026-03-07 06:10:31,visible
RV00004936,OI000015725,O00009220,U000447,P000885,3,性价比不错,0,2025-04-02 13:27:39,visible
RV00004937,OI000003426,O00002026,U001205,P000989,5,物流很快，包装完整,1,2025-08-15 03:31:01,visible
RV00004938,OI000004952,O00002942,U003667,P001486,5,质量很好，符合预期,0,2025-06-03 00:31:48,visible
RV00004939,OI000003878,O00002301,U004152,P000600,3,与描述有差异,0,2026-02-05 03:09:51,visible
RV00004940,OI000002253,O00001322,U002251,P000586,4,质量很好，符合预期,0,2025-03-06 05:21:17,visible
RV00004941,OI000014198,O00008312,U001870,P000648,4,整体满意,1,2026-04-16 20:51:57,visible
RV00004942,OI000011904,O00006967,U000890,P001481,1,性价比不错,0,2025-03-16 17:30:27,visible
RV00004943,OI000015991,O00009380,U002522,P000616,5,体验一般,0,2026-02-27 16:31:18,visible
RV00004944,OI000005286,O00003143,U003635,P001210,5,质量很好，符合预期,1,2026-04-02 08:34:44,visible
RV00004945,OI000016888,O00009907,U002620,P001016,1,整体满意,0,2025-09-05 21:24:15,visible
RV00004946,OI000009492,O00005601,U000025,P001201,5,物流很快，包装完整,0,2026-02-24 00:22:54,hidden
RV00004947,OI000015893,O00009323,U004695,P000291,5,质量很好，符合预期,0,2026-06-23 10:19:03,visible
RV00004948,OI000018629,O00010923,U000960,P000862,4,物流很快，包装完整,1,2025-02-04 23:18:21,visible
RV00004949,OI000009824,O00005786,U004839,P000130,4,质量很好，符合预期,0,2026-02-01 06:33:54,visible
RV00004950,OI000014146,O00008281,U001175,P000783,3,体验一般,0,2025-10-12 02:06:49,visible
RV00004951,OI000016031,O00009402,U001315,P000028,4,整体满意,0,2025-07-10 18:12:59,visible
RV00004952,OI000000621,O00000354,U000263,P000964,5,性价比不错,0,2025-07-10 01:22:29,visible
RV00004953,OI000017421,O00010204,U003263,P000084,5,质量很好，符合预期,0,2026-06-04 02:21:58,visible
RV00004954,OI000008880,O00005230,U002198,P001296,4,质量很好，符合预期,0,2025-04-19 19:51:53,visible
RV00004955,OI000013112,O00007669,U003512,P000385,5,质量很好，符合预期,0,2025-05-12 05:38:30,visible
RV00004956,OI000011250,O00006600,U004769,P001228,5,整体满意,0,2025-10-07 11:38:16,visible
RV00004957,OI000007295,O00004305,U003343,P001000,1,性价比不错,0,2026-08-16 03:11:42,visible
RV00004958,OI000007395,O00004364,U002728,P000037,5,质量很好，符合预期,0,2025-08-20 10:09:29,visible
RV00004959,OI000008008,O00004706,U004130,P000971,2,物流很快，包装完整,0,2025-04-10 01:31:35,visible
RV00004960,OI000014054,O00008228,U000511,P000560,4,整体满意,0,2025-12-16 06:24:40,visible
RV00004961,OI000013939,O00008160,U000909,P001194,4,体验一般,0,2026-08-20 18:53:46,visible
RV00004962,OI000005586,O00003315,U000087,P000456,5,体验一般,1,2026-08-23 11:46:23,visible
RV00004963,OI000000550,O00000319,U000638,P001461,5,质量很好，符合预期,0,2025-12-03 19:49:40,visible
RV00004964,OI000006936,O00004095,U002173,P000610,5,整体满意,0,2026-01-02 18:56:09,visible
RV00004965,OI000009342,O00005507,U000276,P000442,5,物流很快，包装完整,0,2025-07-07 12:10:10,visible
RV00004966,OI000016737,O00009820,U000665,P000607,4,体验一般,0,2025-07-03 08:56:04,visible
RV00004967,OI000013011,O00007611,U001186,P000843,5,质量很好，符合预期,1,2026-04-30 12:54:41,visible
RV00004968,OI000012748,O00007460,U004404,P001375,5,质量很好，符合预期,0,2025-10-16 15:21:57,visible
RV00004969,OI000004876,O00002900,U001629,P000356,5,物流很快，包装完整,0,2025-12-04 06:10:54,visible
RV00004970,OI000005563,O00003304,U003131,P001028,2,整体满意,0,2025-11-11 22:47:56,visible
RV00004971,OI000006703,O00003964,U002986,P000017,5,整体满意,0,2026-03-11 12:03:03,visible
RV00004972,OI000016740,O00009823,U000374,P000901,5,物流很快，包装完整,0,2025-10-27 14:54:06,visible
RV00004973,OI000017694,O00010361,U004249,P000852,4,性价比不错,1,2025-07-07 04:07:51,visible
RV00004974,OI000015561,O00009121,U000224,P000163,4,体验一般,0,2026-04-07 22:52:00,visible
RV00004975,OI000013583,O00007945,U004027,P000283,5,质量很好，符合预期,0,2026-05-07 06:59:54,visible
RV00004976,OI000007223,O00004261,U004926,P000391,5,整体满意,0,2026-01-27 05:59:20,visible
RV00004977,OI000002914,O00001723,U001286,P000929,5,体验一般,0,2026-06-24 18:36:48,visible
RV00004978,OI000015413,O00009035,U000921,P001207,5,质量很好，符合预期,0,2025-05-11 02:56:08,visible
RV00004979,OI000002892,O00001709,U002768,P001352,4,性价比不错,0,2026-06-23 12:37:36,visible
RV00004980,OI000017514,O00010252,U002638,P000501,3,整体满意,0,2025-07-23 02:37:23,visible
RV00004981,OI000017432,O00010208,U000523,P000946,5,物流很快，包装完整,0,2025-02-02 07:09:21,visible
RV00004982,OI000016800,O00009856,U004285,P000213,4,质量很好，符合预期,0,2025-08-02 21:14:39,visible
RV00004983,OI000002876,O00001698,U004910,P001160,4,物流很快，包装完整,0,2026-05-30 07:31:57,visible
RV00004984,OI000004653,O00002759,U003069,P000957,5,性价比不错,1,2025-05-12 17:29:12,visible
RV00004985,OI000013666,O00007997,U001359,P000159,3,性价比不错,0,2025-05-16 22:58:46,visible
RV00004986,OI000018947,O00011108,U000132,P000570,4,整体满意,0,2025-07-06 11:47:03,visible
RV00004987,OI000007300,O00004307,U000895,P000428,5,整体满意,0,2026-04-30 04:52:52,visible
RV00004988,OI000011835,O00006931,U003348,P000320,5,整体满意,0,2025-02-04 13:26:01,visible
RV00004989,OI000020000,O00011732,U004434,P000791,5,性价比不错,0,2025-08-19 18:37:45,visible
RV00004990,OI000004477,O00002658,U001720,P001313,4,质量很好，符合预期,1,2025-03-15 20:54:03,visible
RV00004991,OI000012747,O00007459,U004085,P000475,4,与描述有差异,1,2025-03-16 17:08:41,visible
RV00004992,OI000018253,O00010697,U003596,P000764,5,整体满意,0,2025-02-21 20:23:20,visible
RV00004993,OI000016998,O00009971,U004364,P001166,5,性价比不错,1,2026-08-24 22:31:29,visible
RV00004994,OI000000996,O00000572,U000817,P000805,5,整体满意,0,2025-04-01 02:41:37,visible
RV00004995,OI000000708,O00000407,U000542,P000244,3,整体满意,0,2026-05-13 09:22:54,visible
RV00004996,OI000018684,O00010955,U000777,P001165,5,质量很好，符合预期,1,2025-12-27 09:39:28,visible
RV00004997,OI000005940,O00003518,U002041,P000802,5,质量很好，符合预期,1,2025-05-08 03:23:07,visible
RV00004998,OI000017409,O00010197,U002589,P000574,3,体验一般,0,2025-12-03 14:18:33,visible
RV00004999,OI000009368,O00005524,U002630,P000678,5,整体满意,0,2025-02-13 04:52:39,visible
RV00005000,OI000004660,O00002764,U000489,P000047,5,整体满意,0,2026-05-04 09:42:29,visible
RV00005001,OI000000949,O00000542,U002979,P000325,5,质量很好，符合预期,1,2025-10-02 21:40:11,visible
RV00005002,OI000015730,O00009223,U000822,P000971,5,性价比不错,0,2025-12-28 06:38:02,visible
RV00005003,OI000019829,O00011637,U002630,P000516,5,物流很快，包装完整,0,2025-11-08 07:37:20,visible
RV00005004,OI000000501,O00000289,U001371,P000416,1,体验一般,0,2026-01-08 19:45:50,visible
RV00005005,OI000016974,O00009956,U002675,P000155,5,物流很快，包装完整,0,2026-05-05 15:29:10,visible
RV00005006,OI000014767,O00008641,U003542,P000077,2,与描述有差异,0,2025-03-01 12:34:07,visible
RV00005007,OI000011430,O00006703,U000161,P001436,5,与描述有差异,1,2025-03-11 18:05:31,visible
RV00005008,OI000019889,O00011673,U002046,P000334,5,整体满意,0,2025-10-11 12:53:38,visible
RV00005009,OI000012636,O00007388,U003841,P000496,4,质量很好，符合预期,0,2025-07-17 16:42:18,visible
RV00005010,OI000012003,O00007020,U001125,P000042,3,整体满意,0,2026-06-09 14:19:05,visible
RV00005011,OI000005047,O00003002,U002589,P000294,5,体验一般,0,2026-07-23 16:00:33,visible
RV00005012,OI000010000,O00005885,U000214,P001102,5,物流很快，包装完整,0,2026-05-23 20:31:38,visible
RV00005013,OI000007605,O00004487,U003013,P000917,4,整体满意,0,2025-12-04 12:04:23,visible
RV00005014,OI000000705,O00000405,U000824,P000021,4,质量很好，符合预期,0,2025-09-18 00:21:41,visible
RV00005015,OI000000106,O00000065,U003059,P000933,5,物流很快，包装完整,0,2026-05-23 04:41:53,visible
RV00005016,OI000007228,O00004266,U000285,P001345,5,性价比不错,0,2026-08-14 18:06:36,visible
RV00005017,OI000003423,O00002024,U002271,P001015,3,质量很好，符合预期,0,2025-08-25 08:51:06,visible
RV00005018,OI000011845,O00006935,U004862,P001165,5,整体满意,0,2025-12-26 18:41:55,visible
RV00005019,OI000003716,O00002195,U002565,P000130,3,质量很好，符合预期,0,2026-03-30 06:48:54,visible
RV00005020,OI000016263,O00009538,U002511,P000750,3,整体满意,1,2026-02-07 09:47:03,visible
RV00005021,OI000007165,O00004228,U001853,P001239,5,整体满意,0,2025-08-16 03:47:24,visible
RV00005022,OI000006429,O00003798,U001676,P000161,5,性价比不错,0,2025-06-04 17:01:40,visible
RV00005023,OI000000079,O00000047,U002496,P000113,5,整体满意,0,2026-05-04 00:47:54,visible
RV00005024,OI000012479,O00007304,U000298,P000581,1,性价比不错,0,2026-01-28 05:35:26,visible
RV00005025,OI000018109,O00010610,U002078,P000075,4,整体满意,0,2025-03-13 16:46:20,visible
RV00005026,OI000017290,O00010130,U002804,P000529,5,整体满意,0,2026-06-16 18:43:13,visible
RV00005027,OI000006738,O00003983,U003965,P001449,5,物流很快，包装完整,0,2025-09-07 20:00:51,visible
RV00005028,OI000001899,O00001119,U002048,P001020,5,质量很好，符合预期,0,2026-07-20 11:02:14,visible
RV00005029,OI000009697,O00005716,U001478,P000667,5,物流很快，包装完整,0,2026-05-31 23:33:57,visible
RV00005030,OI000012032,O00007039,U003476,P001066,5,质量很好，符合预期,1,2025-12-11 16:24:36,visible
RV00005031,OI000012529,O00007329,U002306,P000330,5,体验一般,0,2025-03-09 18:10:13,visible
RV00005032,OI000002810,O00001658,U002533,P001353,5,整体满意,1,2026-06-28 07:24:09,visible
RV00005033,OI000019226,O00011278,U004599,P000598,4,整体满意,0,2026-08-24 23:24:12,visible
RV00005034,OI000009690,O00005713,U001261,P001254,5,物流很快，包装完整,0,2025-05-11 12:48:33,visible
RV00005035,OI000018828,O00011040,U000109,P000867,2,整体满意,0,2026-03-30 01:55:01,visible
RV00005036,OI000012567,O00007349,U002003,P000471,5,整体满意,0,2026-07-01 02:05:23,visible
RV00005037,OI000009641,O00005687,U003929,P001306,5,质量很好，符合预期,0,2026-04-11 02:47:27,visible
RV00005038,OI000015137,O00008872,U002556,P001026,5,整体满意,0,2026-02-18 19:34:37,visible
RV00005039,OI000019095,O00011199,U004357,P001468,5,整体满意,0,2026-05-08 05:25:58,visible
RV00005040,OI000010573,O00006222,U002917,P000305,5,质量很好，符合预期,0,2025-10-31 05:03:04,visible
RV00005041,OI000007213,O00004256,U003438,P000400,5,质量很好，符合预期,0,2025-04-06 23:16:02,visible
RV00005042,OI000010094,O00005936,U001236,P000186,5,物流很快，包装完整,0,2026-06-20 19:52:20,visible
RV00005043,OI000006124,O00003617,U004047,P000555,5,整体满意,1,2025-07-10 00:17:34,visible
RV00005044,OI000006793,O00004012,U004300,P000008,4,物流很快，包装完整,0,2025-03-10 22:33:24,visible
RV00005045,OI000005611,O00003329,U003581,P000158,4,体验一般,0,2025-03-01 16:49:48,visible
RV00005046,OI000000709,O00000407,U000542,P000804,5,质量很好，符合预期,0,2026-05-14 09:22:54,visible
RV00005047,OI000001831,O00001072,U004715,P001255,4,质量很好，符合预期,0,2025-07-04 11:13:57,visible
RV00005048,OI000014891,O00008715,U001109,P000008,5,整体满意,1,2025-11-04 01:15:33,visible
RV00005049,OI000000377,O00000214,U004865,P000340,4,质量很好，符合预期,0,2025-11-26 10:02:04,visible
RV00005050,OI000000751,O00000429,U002020,P000489,4,性价比不错,0,2025-12-21 17:58:08,visible
RV00005051,OI000004066,O00002420,U003377,P001376,5,质量很好，符合预期,0,2025-03-09 21:35:34,visible
RV00005052,OI000020307,O00011912,U001550,P001183,4,性价比不错,0,2025-08-18 19:17:36,visible
RV00005053,OI000016247,O00009529,U002251,P001231,3,物流很快，包装完整,0,2025-09-01 23:54:22,visible
RV00005054,OI000004528,O00002685,U002678,P000420,3,质量很好，符合预期,0,2025-11-07 06:25:04,visible
RV00005055,OI000003587,O00002117,U002586,P001186,5,质量很好，符合预期,0,2025-02-07 11:12:12,visible
RV00005056,OI000019595,O00011496,U002826,P000845,5,质量很好，符合预期,0,2025-03-02 23:04:03,visible
RV00005057,OI000015819,O00009279,U004559,P000213,5,体验一般,0,2025-04-27 02:01:22,visible
RV00005058,OI000003702,O00002186,U001604,P001005,5,整体满意,0,2026-05-23 21:06:01,visible
RV00005059,OI000018688,O00010956,U000227,P000203,5,性价比不错,0,2025-08-22 22:58:34,visible
RV00005060,OI000009827,O00005787,U001321,P000401,5,整体满意,0,2026-06-09 16:12:36,visible
RV00005061,OI000010253,O00006032,U003968,P001482,4,质量很好，符合预期,0,2025-10-16 22:45:35,visible
RV00005062,OI000010058,O00005917,U003305,P001207,5,与描述有差异,0,2025-12-18 07:58:05,visible
RV00005063,OI000001594,O00000929,U004865,P000976,4,与描述有差异,1,2026-04-28 11:16:33,visible
RV00005064,OI000002155,O00001268,U000018,P000628,5,性价比不错,0,2025-05-07 13:17:21,visible
RV00005065,OI000020197,O00011852,U000685,P000504,5,物流很快，包装完整,0,2025-06-16 17:40:11,visible
RV00005066,OI000006517,O00003852,U003118,P000715,5,质量很好，符合预期,0,2025-04-18 03:39:02,visible
RV00005067,OI000007594,O00004481,U002807,P000238,4,与描述有差异,0,2026-08-12 20:17:26,visible
RV00005068,OI000014335,O00008394,U000360,P001436,5,质量很好，符合预期,0,2026-08-20 23:24:47,visible
RV00005069,OI000000598,O00000343,U000995,P000050,4,物流很快，包装完整,1,2025-04-07 16:13:52,visible
RV00005070,OI000015316,O00008976,U004207,P000365,3,物流很快，包装完整,0,2026-07-13 02:07:28,visible
RV00005071,OI000008492,O00005000,U000461,P000323,5,体验一般,0,2025-03-07 00:11:42,visible
RV00005072,OI000014299,O00008368,U002595,P000688,5,物流很快，包装完整,0,2025-04-21 03:16:02,visible
RV00005073,OI000014253,O00008342,U002569,P001138,3,整体满意,0,2025-07-31 10:05:10,visible
RV00005074,OI000013290,O00007769,U003481,P000753,5,性价比不错,0,2025-10-20 11:07:48,visible
RV00005075,OI000020428,O00011979,U001212,P001210,1,整体满意,0,2026-08-25 21:45:35,visible
RV00005076,OI000018904,O00011084,U003559,P001253,5,性价比不错,0,2025-10-10 21:57:03,visible
RV00005077,OI000017734,O00010383,U002538,P000497,5,性价比不错,0,2026-09-01 01:10:26,visible
RV00005078,OI000009540,O00005632,U004753,P000914,5,与描述有差异,0,2025-07-10 17:16:30,visible
RV00005079,OI000013024,O00007620,U004541,P000741,4,体验一般,0,2025-02-03 22:01:39,visible
RV00005080,OI000018616,O00010917,U000337,P001360,5,整体满意,0,2025-02-12 15:58:00,visible
RV00005081,OI000005110,O00003044,U003467,P001317,5,质量很好，符合预期,1,2025-04-21 22:38:49,visible
RV00005082,OI000017469,O00010229,U000862,P001402,5,整体满意,0,2026-07-12 07:51:20,visible
RV00005083,OI000004568,O00002705,U004289,P000040,5,质量很好，符合预期,1,2025-04-27 01:56:00,visible
RV00005084,OI000016953,O00009945,U004587,P001061,4,性价比不错,0,2026-07-10 00:22:04,visible
RV00005085,OI000002570,O00001515,U004398,P000024,3,质量很好，符合预期,0,2025-12-01 15:28:46,visible
RV00005086,OI000001714,O00001002,U003876,P000759,5,性价比不错,0,2025-11-10 23:20:36,visible
RV00005087,OI000017177,O00010073,U003954,P000567,5,整体满意,0,2025-04-10 23:41:17,visible
RV00005088,OI000003859,O00002288,U000329,P000703,5,质量很好，符合预期,0,2026-07-25 11:42:29,visible
RV00005089,OI000015452,O00009056,U003979,P000903,5,整体满意,0,2026-07-12 20:04:59,visible
RV00005090,OI000000840,O00000483,U004529,P000501,2,质量很好，符合预期,0,2025-10-14 20:44:43,visible
RV00005091,OI000003647,O00002152,U003173,P001015,5,整体满意,0,2026-04-29 08:57:44,visible
RV00005092,OI000013283,O00007765,U000170,P000813,4,整体满意,0,2025-08-10 17:39:11,visible
RV00005093,OI000017282,O00010126,U004537,P000561,5,性价比不错,0,2025-04-24 08:09:54,visible
RV00005094,OI000006676,O00003946,U003415,P000139,5,体验一般,0,2025-11-07 22:18:14,visible
RV00005095,OI000019120,O00011214,U001314,P001138,5,质量很好，符合预期,1,2025-05-20 11:15:38,visible
RV00005096,OI000002160,O00001270,U001241,P000619,5,质量很好，符合预期,0,2025-04-22 10:09:21,visible
RV00005097,OI000012716,O00007436,U000775,P000276,5,物流很快，包装完整,0,2026-04-29 11:40:20,visible
RV00005098,OI000014313,O00008377,U000038,P000219,5,质量很好，符合预期,0,2026-06-28 23:06:35,visible
RV00005099,OI000017284,O00010127,U002124,P000453,5,性价比不错,0,2026-03-30 15:24:23,visible
RV00005100,OI000005662,O00003358,U000352,P000915,5,整体满意,0,2025-09-22 17:42:55,visible
RV00005101,OI000009862,O00005809,U000150,P001411,5,质量很好，符合预期,0,2025-08-24 09:47:55,visible
RV00005102,OI000011184,O00006569,U001293,P000521,5,质量很好，符合预期,0,2026-03-11 07:18:52,visible
RV00005103,OI000001062,O00000608,U000578,P000856,5,物流很快，包装完整,0,2025-02-19 06:29:17,visible
RV00005104,OI000013474,O00007876,U002586,P000711,5,性价比不错,0,2026-05-07 21:17:15,visible
RV00005105,OI000004739,O00002812,U002031,P000788,5,体验一般,0,2025-03-08 15:04:34,visible
RV00005106,OI000004047,O00002408,U002226,P001439,4,质量很好，符合预期,1,2025-08-20 06:52:00,visible
RV00005107,OI000003008,O00001774,U001034,P000132,5,体验一般,0,2025-02-06 10:15:16,visible
RV00005108,OI000000137,O00000081,U004782,P001380,2,质量很好，符合预期,0,2025-09-12 21:24:07,visible
RV00005109,OI000012191,O00007138,U003684,P000929,5,物流很快，包装完整,1,2025-09-06 04:08:31,visible
RV00005110,OI000014074,O00008239,U000160,P000076,4,体验一般,0,2025-03-18 22:16:01,visible
RV00005111,OI000003065,O00001806,U003500,P000787,5,整体满意,0,2026-07-19 21:24:09,visible
RV00005112,OI000018535,O00010868,U002486,P001472,4,质量很好，符合预期,0,2025-04-08 06:06:59,visible
RV00005113,OI000007052,O00004158,U004760,P000656,4,质量很好，符合预期,1,2026-04-30 01:55:47,visible
RV00005114,OI000005887,O00003487,U000505,P000740,5,物流很快，包装完整,0,2026-03-18 08:03:30,visible
RV00005115,OI000002417,O00001417,U002381,P000798,5,体验一般,0,2025-03-03 21:00:07,visible
RV00005116,OI000009213,O00005431,U003373,P000637,5,整体满意,0,2025-11-02 02:30:06,visible
RV00005117,OI000000235,O00000131,U003837,P000324,5,整体满意,0,2025-08-07 04:02:44,visible
RV00005118,OI000004611,O00002734,U003093,P001332,4,物流很快，包装完整,0,2026-09-15 16:21:20,visible
RV00005119,OI000016366,O00009594,U000271,P000973,4,整体满意,0,2025-05-25 06:07:17,visible
RV00005120,OI000015540,O00009109,U002567,P000540,4,性价比不错,0,2025-03-07 15:38:43,visible
RV00005121,OI000019727,O00011575,U004370,P000649,5,整体满意,0,2026-03-18 19:09:44,visible
RV00005122,OI000001880,O00001105,U003777,P001163,4,物流很快，包装完整,0,2025-07-21 05:14:42,visible
RV00005123,OI000013260,O00007755,U004930,P001101,5,物流很快，包装完整,0,2026-04-13 00:56:59,visible
RV00005124,OI000014639,O00008568,U001167,P001124,5,性价比不错,0,2026-03-29 05:23:34,visible
RV00005125,OI000013842,O00008102,U001398,P000673,5,物流很快，包装完整,0,2025-04-18 01:27:23,visible
RV00005126,OI000019381,O00011369,U001120,P001452,4,质量很好，符合预期,0,2026-08-18 22:49:09,visible
RV00005127,OI000018971,O00011124,U002456,P000970,5,物流很快，包装完整,0,2026-01-24 07:32:59,visible
RV00005128,OI000012856,O00007527,U001512,P001225,5,质量很好，符合预期,0,2025-05-16 04:48:53,visible
RV00005129,OI000020071,O00011779,U004512,P000129,5,整体满意,0,2025-08-14 12:55:17,visible
RV00005130,OI000008512,O00005009,U004594,P000171,5,质量很好，符合预期,0,2026-06-09 10:31:35,visible
RV00005131,OI000015825,O00009283,U002504,P000376,5,性价比不错,1,2026-02-25 18:12:49,visible
RV00005132,OI000009981,O00005873,U000496,P000610,5,与描述有差异,0,2026-04-27 21:39:50,visible
RV00005133,OI000012086,O00007072,U004898,P000627,5,与描述有差异,0,2025-09-07 15:11:07,visible
RV00005134,OI000001205,O00000690,U001398,P000598,4,整体满意,1,2025-10-18 03:37:09,visible
RV00005135,OI000013072,O00007647,U000896,P000373,2,性价比不错,0,2025-12-13 12:55:49,visible
RV00005136,OI000019244,O00011288,U002474,P000052,5,物流很快，包装完整,0,2025-05-24 00:10:50,visible
RV00005137,OI000016678,O00009782,U001455,P000154,5,体验一般,0,2025-03-23 10:28:23,visible
RV00005138,OI000002058,O00001216,U001084,P001161,5,物流很快，包装完整,0,2026-06-22 16:38:12,visible
RV00005139,OI000001484,O00000864,U002800,P001307,5,质量很好，符合预期,0,2026-05-17 23:31:04,visible
RV00005140,OI000019372,O00011366,U000317,P000282,3,性价比不错,0,2026-09-11 09:19:48,visible
RV00005141,OI000009203,O00005425,U001296,P000342,3,质量很好，符合预期,1,2025-10-27 00:47:10,visible
RV00005142,OI000002206,O00001297,U001682,P001391,4,性价比不错,0,2025-02-04 18:52:31,visible
RV00005143,OI000005425,O00003223,U002432,P000860,5,质量很好，符合预期,0,2025-04-16 20:13:18,visible
RV00005144,OI000002601,O00001533,U001984,P000385,5,性价比不错,0,2026-01-21 22:57:52,visible
RV00005145,OI000018280,O00010713,U001647,P000017,5,整体满意,0,2025-03-27 13:47:24,visible
RV00005146,OI000010036,O00005903,U002726,P001229,5,质量很好，符合预期,0,2025-10-19 13:03:36,visible
RV00005147,OI000012018,O00007029,U004878,P000458,5,性价比不错,0,2026-07-16 21:07:16,visible
RV00005148,OI000012834,O00007512,U002565,P000928,5,性价比不错,0,2025-12-16 23:07:45,visible
RV00005149,OI000004516,O00002678,U002352,P001412,5,与描述有差异,0,2026-06-26 17:27:38,visible
RV00005150,OI000010752,O00006319,U003575,P000257,4,整体满意,0,2025-08-04 05:43:20,visible
RV00005151,OI000017116,O00010037,U004262,P001242,5,物流很快，包装完整,1,2026-01-17 08:59:57,visible
RV00005152,OI000018152,O00010636,U003020,P001398,1,物流很快，包装完整,0,2026-03-07 12:19:37,visible
RV00005153,OI000006020,O00003559,U002059,P001252,5,整体满意,0,2025-04-14 07:36:43,visible
RV00005154,OI000007342,O00004333,U003345,P001228,1,整体满意,1,2025-06-02 10:37:54,visible
RV00005155,OI000019679,O00011546,U001505,P000002,4,物流很快，包装完整,0,2026-07-08 04:58:21,visible
RV00005156,OI000000753,O00000431,U000104,P000899,4,体验一般,0,2026-03-19 06:33:28,visible
RV00005157,OI000010078,O00005927,U002233,P000867,3,物流很快，包装完整,0,2026-03-22 22:05:14,visible
RV00005158,OI000004043,O00002406,U003179,P000767,5,质量很好，符合预期,0,2026-03-08 05:31:58,visible
RV00005159,OI000005267,O00003132,U001508,P000801,5,性价比不错,0,2026-01-05 19:01:47,visible
RV00005160,OI000011966,O00006998,U003716,P001468,5,质量很好，符合预期,0,2025-08-14 12:54:06,visible
RV00005161,OI000017529,O00010262,U003916,P000030,5,性价比不错,0,2025-12-11 13:05:32,visible
RV00005162,OI000015417,O00009038,U003830,P000546,5,整体满意,0,2026-02-09 10:47:19,visible
RV00005163,OI000016879,O00009900,U001031,P000598,4,整体满意,0,2025-09-25 13:16:32,visible
RV00005164,OI000008224,O00004841,U003906,P001241,4,质量很好，符合预期,0,2025-12-29 12:20:38,visible
RV00005165,OI000010692,O00006286,U001825,P001433,5,性价比不错,1,2026-01-05 11:55:35,visible
RV00005166,OI000012206,O00007148,U003158,P000614,3,质量很好，符合预期,0,2025-10-25 21:47:45,visible
RV00005167,OI000010177,O00005985,U001777,P000513,5,与描述有差异,0,2025-10-28 00:51:38,visible
RV00005168,OI000017055,O00010001,U003533,P001346,4,质量很好，符合预期,0,2025-11-27 22:56:06,visible
RV00005169,OI000012732,O00007445,U003963,P001058,4,性价比不错,0,2025-05-24 23:11:00,visible
RV00005170,OI000001648,O00000960,U001866,P000888,5,性价比不错,0,2025-06-22 18:48:25,visible
RV00005171,OI000006172,O00003647,U003067,P000819,1,性价比不错,0,2026-05-12 12:26:50,visible
RV00005172,OI000011401,O00006686,U001935,P000536,4,物流很快，包装完整,1,2025-03-27 06:43:29,visible
RV00005173,OI000018116,O00010615,U001141,P000846,4,性价比不错,0,2025-06-26 17:50:49,visible
RV00005174,OI000019228,O00011279,U004998,P000820,2,质量很好，符合预期,0,2026-07-30 05:24:05,visible
RV00005175,OI000008602,O00005064,U002624,P001034,3,性价比不错,0,2025-06-18 09:57:11,visible
RV00005176,OI000018766,O00011003,U001307,P001261,5,与描述有差异,0,2026-07-11 00:06:39,visible
RV00005177,OI000003663,O00002161,U004089,P000542,3,性价比不错,0,2026-08-15 14:33:14,visible
RV00005178,OI000000539,O00000312,U003914,P000212,5,整体满意,0,2026-04-10 19:38:30,visible
RV00005179,OI000013086,O00007653,U003604,P000931,5,体验一般,0,2026-05-09 20:28:22,visible
RV00005180,OI000016353,O00009584,U003030,P000632,3,整体满意,0,2025-03-21 06:59:32,visible
RV00005181,OI000003466,O00002048,U001093,P000740,3,性价比不错,1,2025-05-18 12:30:04,visible
RV00005182,OI000018239,O00010689,U003582,P000128,5,性价比不错,0,2025-02-02 20:03:51,visible
RV00005183,OI000010996,O00006459,U004567,P001359,1,性价比不错,0,2025-04-23 15:08:53,visible
RV00005184,OI000018624,O00010920,U002690,P001438,5,物流很快，包装完整,1,2025-03-23 01:04:08,visible
RV00005185,OI000006964,O00004111,U003841,P001081,5,与描述有差异,0,2025-08-02 14:42:16,visible
RV00005186,OI000018549,O00010875,U003356,P000181,5,质量很好，符合预期,0,2025-01-29 19:06:50,visible
RV00005187,OI000018940,O00011104,U003592,P001351,4,质量很好，符合预期,0,2026-08-12 12:35:23,visible
RV00005188,OI000003262,O00001918,U002518,P000303,5,整体满意,0,2025-03-15 05:31:57,visible
RV00005189,OI000015775,O00009251,U003205,P001040,4,体验一般,0,2025-10-31 20:09:19,visible
RV00005190,OI000013751,O00008047,U004268,P000173,4,整体满意,0,2025-12-05 18:56:07,visible
RV00005191,OI000009068,O00005354,U003754,P000533,5,物流很快，包装完整,0,2025-11-09 07:02:42,visible
RV00005192,OI000002190,O00001289,U002603,P000215,2,质量很好，符合预期,0,2025-12-01 23:31:26,visible
RV00005193,OI000004363,O00002591,U003272,P000565,3,物流很快，包装完整,0,2025-09-17 13:03:35,visible
RV00005194,OI000002669,O00001574,U000537,P000487,4,性价比不错,0,2025-08-20 14:15:50,visible
RV00005195,OI000008644,O00005089,U004992,P000576,4,质量很好，符合预期,0,2025-08-12 15:01:29,visible
RV00005196,OI000000553,O00000320,U004142,P000787,5,质量很好，符合预期,0,2025-05-27 17:03:05,visible
RV00005197,OI000015868,O00009308,U002618,P001059,5,质量很好，符合预期,0,2025-08-17 19:28:08,visible
RV00005198,OI000015580,O00009134,U004933,P000400,4,体验一般,0,2026-04-19 21:25:12,visible
RV00005199,OI000000805,O00000459,U000205,P000671,5,性价比不错,0,2026-07-23 22:28:00,visible
RV00005200,OI000014632,O00008566,U001646,P000501,5,物流很快，包装完整,0,2026-07-16 13:36:44,visible
RV00005201,OI000020336,O00011931,U004090,P001121,5,质量很好，符合预期,0,2026-05-22 05:59:10,visible
RV00005202,OI000012806,O00007497,U002208,P000002,5,物流很快，包装完整,0,2026-06-24 21:13:00,visible
RV00005203,OI000010479,O00006166,U002122,P001439,5,性价比不错,0,2025-12-29 19:13:40,visible
RV00005204,OI000010155,O00005974,U003829,P000026,5,物流很快，包装完整,0,2025-10-16 04:21:18,visible
RV00005205,OI000007452,O00004396,U003697,P001190,4,整体满意,0,2025-06-12 02:07:43,visible
RV00005206,OI000005912,O00003502,U002848,P001364,4,整体满意,0,2026-01-04 12:51:33,visible
RV00005207,OI000015992,O00009381,U000432,P000184,5,性价比不错,0,2026-05-09 09:07:13,visible
RV00005208,OI000011494,O00006736,U001675,P000630,5,整体满意,0,2025-03-04 04:04:01,visible
RV00005209,OI000019159,O00011238,U000014,P000870,3,体验一般,0,2026-08-31 18:51:42,visible
RV00005210,OI000019545,O00011467,U004746,P000233,5,整体满意,0,2025-09-21 01:10:26,visible
RV00005211,OI000015490,O00009078,U004217,P000573,4,性价比不错,1,2025-12-09 05:14:47,visible
RV00005212,OI000010488,O00006172,U003510,P001056,5,质量很好，符合预期,0,2026-01-04 21:47:00,visible
RV00005213,OI000002645,O00001561,U002306,P000447,3,整体满意,0,2025-11-17 20:08:09,visible
RV00005214,OI000004524,O00002681,U001199,P001419,5,物流很快，包装完整,0,2026-07-12 13:49:49,visible
RV00005215,OI000007937,O00004668,U000159,P001451,5,质量很好，符合预期,1,2025-02-18 07:37:02,visible
RV00005216,OI000004272,O00002542,U004410,P000381,2,性价比不错,0,2025-05-31 05:28:07,visible
RV00005217,OI000003625,O00002139,U000455,P000361,3,整体满意,0,2025-06-25 05:09:40,visible
RV00005218,OI000016050,O00009410,U002904,P000898,3,整体满意,0,2026-07-16 15:12:52,visible
RV00005219,OI000006384,O00003773,U003124,P001393,5,性价比不错,0,2026-07-07 05:30:41,visible
RV00005220,OI000007261,O00004286,U002146,P001287,1,物流很快，包装完整,0,2025-02-01 21:28:19,visible
RV00005221,OI000016886,O00009906,U003210,P000804,5,质量很好，符合预期,0,2026-06-03 21:14:20,visible
RV00005222,OI000003332,O00001963,U000082,P000550,5,性价比不错,0,2025-08-06 08:33:23,visible
RV00005223,OI000000780,O00000448,U000044,P000068,4,整体满意,1,2025-04-17 14:25:16,visible
RV00005224,OI000011951,O00006991,U000449,P000532,4,与描述有差异,0,2026-03-24 23:47:34,visible
RV00005225,OI000006437,O00003804,U000593,P000367,5,性价比不错,0,2025-02-13 03:53:25,visible
RV00005226,OI000007707,O00004550,U000834,P000365,4,物流很快，包装完整,0,2026-07-15 04:22:05,visible
RV00005227,OI000001147,O00000657,U004557,P000991,5,物流很快，包装完整,0,2025-06-25 20:03:49,visible
RV00005228,OI000000574,O00000332,U000143,P001107,5,物流很快，包装完整,0,2026-06-10 02:21:09,visible
RV00005229,OI000010859,O00006375,U000131,P000794,1,整体满意,0,2025-10-11 07:51:08,visible
RV00005230,OI000011049,O00006486,U003912,P001292,5,质量很好，符合预期,0,2026-02-24 13:55:34,visible
RV00005231,OI000012491,O00007309,U003144,P000811,4,整体满意,0,2025-08-10 17:34:35,visible
RV00005232,OI000011819,O00006922,U001755,P001466,4,整体满意,1,2025-03-06 17:29:10,visible
RV00005233,OI000006701,O00003963,U002726,P000900,5,性价比不错,0,2025-05-07 23:13:06,visible
RV00005234,OI000014098,O00008251,U003679,P000062,5,物流很快，包装完整,0,2026-06-08 00:07:27,visible
RV00005235,OI000006971,O00004113,U001325,P000214,2,体验一般,0,2025-07-17 04:57:14,visible
RV00005236,OI000018579,O00010896,U002198,P000248,5,体验一般,0,2025-12-28 09:57:34,visible
RV00005237,OI000018804,O00011024,U004764,P000990,4,性价比不错,0,2025-07-08 16:11:54,visible
RV00005238,OI000015141,O00008876,U003993,P000483,4,体验一般,0,2025-05-18 22:30:39,visible
RV00005239,OI000003527,O00002081,U002424,P001363,2,质量很好，符合预期,0,2026-07-15 03:35:01,visible
RV00005240,OI000016080,O00009426,U002830,P000778,5,质量很好，符合预期,0,2026-06-05 20:33:52,visible
RV00005241,OI000008018,O00004711,U004117,P000191,5,质量很好，符合预期,1,2025-09-03 16:44:10,visible
RV00005242,OI000005510,O00003271,U001701,P000280,5,整体满意,0,2025-03-26 18:48:49,visible
RV00005243,OI000009249,O00005452,U003772,P001468,5,物流很快，包装完整,0,2026-07-16 08:01:08,visible
RV00005244,OI000004443,O00002637,U004726,P001348,5,整体满意,0,2025-02-02 14:52:33,visible
RV00005245,OI000010043,O00005909,U001028,P000946,5,质量很好，符合预期,0,2025-02-22 20:11:10,visible
RV00005246,OI000007256,O00004282,U000120,P000960,5,性价比不错,0,2026-07-07 01:59:34,visible
RV00005247,OI000008975,O00005291,U003046,P001208,3,性价比不错,0,2025-06-28 19:28:25,visible
RV00005248,OI000014424,O00008444,U000050,P000399,4,整体满意,0,2025-07-04 10:40:02,visible
RV00005249,OI000000738,O00000421,U000606,P000305,4,物流很快，包装完整,0,2025-05-22 14:46:58,visible
RV00005250,OI000011723,O00006867,U003800,P000284,5,整体满意,0,2025-10-27 04:38:41,visible
RV00005251,OI000009642,O00005688,U000323,P001448,4,物流很快，包装完整,0,2025-02-16 05:13:48,visible
RV00005252,OI000000348,O00000195,U001141,P001077,5,物流很快，包装完整,0,2025-06-14 18:42:04,visible
RV00005253,OI000002828,O00001669,U004904,P000603,5,整体满意,0,2025-06-15 08:33:02,visible
RV00005254,OI000009234,O00005442,U001031,P000352,5,质量很好，符合预期,0,2025-11-12 11:33:32,visible
RV00005255,OI000013124,O00007678,U002509,P000615,5,物流很快，包装完整,0,2026-09-03 08:49:52,visible
RV00005256,OI000013610,O00007959,U003294,P000625,5,整体满意,0,2026-03-11 19:56:43,visible
RV00005257,OI000011495,O00006737,U000830,P001312,5,物流很快，包装完整,0,2025-04-17 02:05:15,visible
RV00005258,OI000009773,O00005760,U000347,P001240,5,物流很快，包装完整,0,2026-01-13 00:38:39,visible
RV00005259,OI000003666,O00002163,U004020,P000594,3,质量很好，符合预期,0,2025-06-26 00:46:06,visible
RV00005260,OI000006488,O00003836,U002201,P001114,5,性价比不错,0,2025-12-15 15:37:26,visible
RV00005261,OI000011690,O00006850,U004234,P000893,5,与描述有差异,0,2026-03-03 03:55:47,visible
RV00005262,OI000006949,O00004101,U001497,P001454,4,质量很好，符合预期,0,2026-08-02 20:49:34,visible
RV00005263,OI000014649,O00008573,U003415,P000916,5,性价比不错,0,2026-03-07 21:17:12,visible
RV00005264,OI000019186,O00011253,U003934,P000470,5,性价比不错,0,2026-08-29 15:37:21,visible
RV00005265,OI000013685,O00008009,U004408,P000796,5,物流很快，包装完整,0,2025-07-19 06:09:47,visible
RV00005266,OI000010830,O00006362,U004452,P001159,1,整体满意,0,2025-04-16 03:19:19,visible
RV00005267,OI000006050,O00003578,U000921,P000318,2,体验一般,0,2026-03-25 09:22:56,visible
RV00005268,OI000007607,O00004488,U001050,P001148,5,性价比不错,0,2026-04-17 04:08:13,visible
RV00005269,OI000013448,O00007858,U003228,P000746,4,整体满意,1,2026-01-21 04:55:48,visible
RV00005270,OI000015146,O00008879,U003687,P000457,1,物流很快，包装完整,0,2026-03-05 22:19:14,visible
RV00005271,OI000008962,O00005283,U001546,P000676,3,整体满意,0,2026-02-07 23:03:23,visible
RV00005272,OI000016793,O00009853,U003370,P001207,3,物流很快，包装完整,0,2026-07-31 23:57:00,hidden
RV00005273,OI000014543,O00008519,U004100,P000303,5,体验一般,0,2026-01-21 18:20:09,visible
RV00005274,OI000001658,O00000966,U003144,P000689,3,质量很好，符合预期,0,2026-04-07 17:26:16,visible
RV00005275,OI000013342,O00007798,U001675,P001049,5,物流很快，包装完整,0,2025-02-08 07:53:13,visible
RV00005276,OI000013477,O00007878,U004825,P000713,5,与描述有差异,0,2025-12-13 21:31:57,visible
RV00005277,OI000012552,O00007342,U000426,P001149,5,质量很好，符合预期,0,2026-02-24 11:51:01,visible
RV00005278,OI000018584,O00010898,U004031,P001199,5,整体满意,0,2025-04-16 23:48:30,visible
RV00005279,OI000008582,O00005050,U000908,P000387,3,物流很快，包装完整,1,2026-07-06 21:52:08,visible
RV00005280,OI000000909,O00000519,U004749,P000137,3,整体满意,0,2025-08-24 18:00:51,visible
RV00005281,OI000004942,O00002938,U002520,P000412,4,质量很好，符合预期,0,2025-03-12 16:48:16,visible
RV00005282,OI000015655,O00009180,U000444,P001075,3,整体满意,0,2025-02-03 07:13:13,visible
RV00005283,OI000010377,O00006106,U001843,P001243,5,整体满意,0,2025-08-29 12:02:00,visible
RV00005284,OI000007396,O00004364,U002728,P000757,4,体验一般,0,2025-08-10 10:09:29,visible
RV00005285,OI000003616,O00002132,U003152,P000519,4,整体满意,0,2025-05-20 12:34:35,visible
RV00005286,OI000003537,O00002089,U002690,P000070,5,整体满意,0,2025-11-30 16:49:59,visible
RV00005287,OI000012605,O00007371,U004570,P000010,5,整体满意,0,2026-01-14 17:59:29,visible
RV00005288,OI000001067,O00000610,U000413,P001475,4,性价比不错,0,2026-04-14 17:03:20,visible
RV00005289,OI000020376,O00011951,U001529,P001309,4,性价比不错,0,2025-02-18 06:36:59,visible
RV00005290,OI000004218,O00002510,U001918,P000524,5,整体满意,0,2025-09-29 11:33:39,visible
RV00005291,OI000004721,O00002800,U001967,P001171,2,物流很快，包装完整,1,2026-02-22 06:23:54,visible
RV00005292,OI000008712,O00005132,U002853,P000597,4,整体满意,1,2025-06-18 13:45:47,visible
RV00005293,OI000010783,O00006336,U004046,P000467,5,整体满意,1,2025-05-26 12:49:07,visible
RV00005294,OI000002806,O00001654,U001900,P001379,3,质量很好，符合预期,1,2025-02-03 01:45:31,visible
RV00005295,OI000016358,O00009588,U000219,P000309,4,性价比不错,1,2025-07-15 04:49:07,visible
RV00005296,OI000007109,O00004196,U003566,P001407,5,性价比不错,1,2026-05-15 04:40:17,visible
RV00005297,OI000005192,O00003088,U003641,P001428,3,质量很好，符合预期,0,2025-07-25 04:52:51,visible
RV00005298,OI000002763,O00001629,U004860,P000068,5,性价比不错,1,2025-04-12 13:43:02,visible
RV00005299,OI000018462,O00010824,U003969,P000710,5,物流很快，包装完整,0,2025-06-03 11:00:13,visible
RV00005300,OI000012883,O00007543,U003767,P001485,5,整体满意,0,2025-07-07 18:09:15,visible
RV00005301,OI000003769,O00002227,U003242,P000198,5,整体满意,0,2026-01-04 14:53:39,visible
RV00005302,OI000018565,O00010888,U004866,P000273,5,质量很好，符合预期,0,2025-12-22 16:09:25,hidden
RV00005303,OI000014755,O00008634,U001251,P000003,4,整体满意,0,2026-04-14 07:01:35,visible
RV00005304,OI000015910,O00009334,U003524,P000287,2,性价比不错,0,2026-01-26 00:47:12,visible
RV00005305,OI000007764,O00004580,U001906,P001069,5,整体满意,0,2025-04-18 08:46:22,visible
RV00005306,OI000002643,O00001559,U001635,P000013,5,整体满意,0,2025-11-16 09:33:33,visible
RV00005307,OI000010839,O00006367,U003618,P000370,3,整体满意,1,2025-03-20 19:08:17,visible
RV00005308,OI000002978,O00001755,U004467,P000718,5,整体满意,0,2025-05-16 05:12:32,visible
RV00005309,OI000002550,O00001503,U002986,P001405,2,质量很好，符合预期,0,2025-04-16 13:59:04,visible
RV00005310,OI000003424,O00002025,U000363,P000564,2,整体满意,1,2025-05-06 14:56:36,visible
RV00005311,OI000011047,O00006485,U000638,P001093,4,性价比不错,0,2025-03-28 22:38:14,visible
RV00005312,OI000008428,O00004961,U004411,P001330,4,质量很好，符合预期,0,2026-04-25 04:33:46,visible
RV00005313,OI000012155,O00007115,U001695,P001307,4,物流很快，包装完整,0,2026-05-12 18:11:04,visible
RV00005314,OI000018485,O00010835,U003538,P001144,5,质量很好，符合预期,0,2026-02-18 08:09:02,visible
RV00005315,OI000006762,O00003995,U002460,P000942,3,质量很好，符合预期,0,2025-07-17 06:45:32,visible
RV00005316,OI000005227,O00003111,U004632,P000738,4,物流很快，包装完整,0,2025-06-25 16:25:24,visible
RV00005317,OI000004949,O00002941,U001938,P000945,5,质量很好，符合预期,0,2025-07-13 21:20:27,visible
RV00005318,OI000015585,O00009139,U002341,P000300,5,性价比不错,0,2025-04-01 17:14:19,visible
RV00005319,OI000008540,O00005027,U001101,P001439,2,质量很好，符合预期,0,2025-08-18 02:14:10,visible
RV00005320,OI000015547,O00009113,U002391,P000397,5,性价比不错,0,2026-01-15 15:51:16,visible
RV00005321,OI000015903,O00009331,U001155,P000361,2,质量很好，符合预期,0,2026-01-22 05:40:10,visible
RV00005322,OI000000307,O00000171,U003530,P001374,4,性价比不错,0,2025-01-24 11:45:05,visible
RV00005323,OI000015184,O00008901,U000242,P000554,4,整体满意,0,2025-11-30 13:37:44,visible
RV00005324,OI000019507,O00011443,U001458,P000346,4,质量很好，符合预期,1,2026-05-11 07:26:08,visible
RV00005325,OI000005078,O00003023,U000718,P001485,5,物流很快，包装完整,0,2025-07-23 19:51:44,visible
RV00005326,OI000005992,O00003545,U004290,P000376,5,体验一般,1,2025-11-04 09:19:33,visible
RV00005327,OI000017354,O00010166,U002774,P000109,5,与描述有差异,0,2025-03-03 08:51:52,visible
RV00005328,OI000015459,O00009060,U001015,P000180,4,整体满意,1,2025-04-02 07:16:31,visible
RV00005329,OI000014094,O00008250,U003887,P000987,2,质量很好，符合预期,0,2025-10-06 15:24:38,visible
RV00005330,OI000002348,O00001374,U004500,P001435,5,整体满意,0,2025-12-28 10:53:32,visible
RV00005331,OI000012568,O00007349,U002003,P000631,5,整体满意,0,2026-06-19 02:05:23,visible
RV00005332,OI000004450,O00002639,U001138,P000032,5,整体满意,0,2025-03-12 12:53:41,visible
RV00005333,OI000001159,O00000666,U002659,P000415,5,质量很好，符合预期,0,2026-03-25 01:46:55,visible
RV00005334,OI000008365,O00004926,U000455,P001305,5,性价比不错,0,2026-05-26 08:15:56,visible
RV00005335,OI000016885,O00009905,U004695,P001224,5,质量很好，符合预期,0,2025-01-29 10:12:03,visible
RV00005336,OI000012253,O00007177,U003731,P000249,5,性价比不错,0,2026-03-10 04:50:35,visible
RV00005337,OI000001895,O00001116,U004552,P000302,3,物流很快，包装完整,0,2026-02-28 09:30:20,visible
RV00005338,OI000007046,O00004153,U001966,P001276,4,整体满意,0,2025-11-18 07:16:25,visible
RV00005339,OI000015028,O00008802,U004282,P000887,5,整体满意,0,2025-05-15 16:12:59,visible
RV00005340,OI000010380,O00006108,U002855,P000106,5,整体满意,0,2025-06-14 03:31:36,visible
RV00005341,OI000001008,O00000578,U002915,P001186,5,物流很快，包装完整,0,2025-12-28 15:23:13,visible
RV00005342,OI000002877,O00001699,U004741,P000033,3,整体满意,1,2025-09-05 22:19:15,visible
RV00005343,OI000008696,O00005120,U003961,P000862,5,性价比不错,0,2026-07-06 23:34:22,visible
RV00005344,OI000016533,O00009691,U002405,P001500,5,体验一般,1,2026-06-28 06:17:32,visible
RV00005345,OI000020297,O00011907,U000914,P000876,5,物流很快，包装完整,0,2025-04-23 10:02:56,visible
RV00005346,OI000019810,O00011625,U000603,P001044,3,物流很快，包装完整,1,2025-05-19 07:05:49,visible
RV00005347,OI000007003,O00004129,U001520,P000230,3,性价比不错,0,2025-03-06 16:51:23,visible
RV00005348,OI000001087,O00000618,U000852,P000918,4,整体满意,0,2026-07-20 09:23:26,visible
RV00005349,OI000019201,O00011262,U000087,P001230,4,性价比不错,0,2026-01-07 00:56:37,visible
RV00005350,OI000005196,O00003090,U001994,P000401,4,物流很快，包装完整,1,2026-09-08 18:48:17,visible
RV00005351,OI000016094,O00009435,U000850,P000190,5,物流很快，包装完整,0,2025-11-06 20:18:17,visible
RV00005352,OI000016312,O00009562,U002412,P000391,5,质量很好，符合预期,0,2026-06-19 12:03:24,visible
RV00005353,OI000001086,O00000618,U000852,P000758,5,物流很快，包装完整,0,2026-07-23 09:23:26,visible
RV00005354,OI000004895,O00002910,U002430,P000629,5,质量很好，符合预期,0,2025-04-14 16:32:29,visible
RV00005355,OI000013699,O00008018,U004414,P001181,4,与描述有差异,0,2026-02-03 17:39:38,visible
RV00005356,OI000015780,O00009254,U002821,P000736,4,整体满意,0,2025-03-15 10:18:28,visible
RV00005357,OI000005710,O00003387,U002173,P001184,4,物流很快，包装完整,0,2025-05-06 22:33:59,visible
RV00005358,OI000010795,O00006344,U003899,P000240,4,与描述有差异,1,2026-03-25 00:07:41,visible
RV00005359,OI000020067,O00011776,U000312,P000534,2,质量很好，符合预期,1,2026-05-20 01:33:23,visible
RV00005360,OI000014386,O00008423,U003841,P001337,5,质量很好，符合预期,0,2025-09-18 05:06:01,visible
RV00005361,OI000016794,O00009853,U003370,P001367,5,整体满意,1,2026-08-01 23:57:00,visible
RV00005362,OI000014380,O00008419,U000345,P001045,5,质量很好，符合预期,1,2026-06-17 13:49:30,visible
RV00005363,OI000013798,O00008073,U002526,P000622,5,整体满意,0,2025-02-15 02:34:06,visible
RV00005364,OI000006098,O00003603,U000787,P001233,4,整体满意,0,2026-06-14 21:59:35,visible
RV00005365,OI000001974,O00001170,U001336,P000458,3,物流很快，包装完整,0,2025-05-02 21:04:50,visible
RV00005366,OI000018664,O00010942,U001956,P001107,5,整体满意,0,2025-12-21 10:59:07,visible
RV00005367,OI000018132,O00010624,U002682,P000152,5,整体满意,0,2025-12-11 22:56:36,visible
RV00005368,OI000013203,O00007723,U000210,P000287,5,整体满意,1,2026-04-10 11:34:19,visible
RV00005369,OI000011042,O00006482,U004462,P000294,4,与描述有差异,0,2025-10-30 23:08:56,visible
RV00005370,OI000005323,O00003161,U004733,P000519,3,物流很快，包装完整,1,2026-06-24 06:30:55,visible
RV00005371,OI000011094,O00006513,U000369,P000253,2,物流很快，包装完整,0,2026-07-05 19:13:03,visible
RV00005372,OI000012224,O00007160,U000241,P000122,4,整体满意,0,2025-12-02 02:32:34,visible
RV00005373,OI000005619,O00003333,U003706,P000097,4,与描述有差异,0,2025-10-03 05:21:15,visible
RV00005374,OI000007869,O00004632,U002146,P000762,4,质量很好，符合预期,0,2025-09-18 19:43:32,visible
RV00005375,OI000011438,O00006706,U000248,P000835,3,整体满意,0,2026-02-27 05:29:16,visible
RV00005376,OI000001867,O00001096,U004917,P000335,5,体验一般,0,2026-02-10 13:18:50,visible
RV00005377,OI000003806,O00002250,U004152,P000615,3,物流很快，包装完整,0,2026-02-04 19:42:22,visible
RV00005378,OI000008844,O00005210,U003432,P000678,5,质量很好，符合预期,0,2026-02-04 18:29:05,visible
RV00005379,OI000019415,O00011390,U001605,P000332,5,质量很好，符合预期,0,2025-10-21 00:01:30,visible
RV00005380,OI000019424,O00011394,U000594,P001281,5,质量很好，符合预期,0,2025-04-26 16:14:55,visible
RV00005381,OI000007366,O00004347,U004644,P000718,2,体验一般,0,2025-08-06 20:13:39,visible
RV00005382,OI000002600,O00001533,U001984,P000705,4,物流很快，包装完整,0,2026-02-09 22:57:52,visible
RV00005383,OI000011639,O00006824,U000497,P000246,5,与描述有差异,0,2025-07-31 10:42:42,visible
RV00005384,OI000000097,O00000060,U003565,P000265,5,性价比不错,0,2025-08-28 12:00:37,visible
RV00005385,OI000004558,O00002700,U004076,P000897,5,与描述有差异,0,2025-11-26 22:22:56,visible
RV00005386,OI000015303,O00008967,U002967,P000413,5,整体满意,0,2026-04-05 10:01:47,visible
RV00005387,OI000016111,O00009444,U003823,P001310,5,物流很快，包装完整,0,2026-05-25 22:55:04,visible
RV00005388,OI000006332,O00003744,U002711,P000251,4,性价比不错,1,2026-06-16 00:18:54,visible
RV00005389,OI000014219,O00008325,U003479,P001400,3,体验一般,0,2026-07-10 03:31:11,visible
RV00005390,OI000009003,O00005310,U004797,P000037,5,物流很快，包装完整,0,2026-02-24 05:23:23,visible
RV00005391,OI000000964,O00000552,U003481,P000704,5,整体满意,1,2026-01-13 06:07:22,visible
RV00005392,OI000004873,O00002898,U001904,P000470,5,性价比不错,0,2026-02-15 02:29:35,visible
RV00005393,OI000008522,O00005014,U003993,P000238,1,质量很好，符合预期,0,2025-09-16 20:14:22,visible
RV00005394,OI000006929,O00004091,U001992,P000127,5,整体满意,0,2025-06-01 20:44:08,visible
RV00005395,OI000017291,O00010130,U002804,P000769,5,物流很快，包装完整,0,2026-07-10 18:43:13,visible
RV00005396,OI000005844,O00003458,U004331,P000937,5,体验一般,1,2025-05-06 20:45:31,visible
RV00005397,OI000015496,O00009081,U001379,P001173,5,性价比不错,0,2025-04-13 13:59:36,visible
RV00005398,OI000002969,O00001752,U001956,P000799,5,物流很快，包装完整,0,2026-04-29 14:02:46,visible
RV00005399,OI000016112,O00009445,U000589,P000069,5,整体满意,0,2025-09-16 14:08:17,visible
RV00005400,OI000011481,O00006730,U004737,P000368,5,性价比不错,1,2025-04-28 21:35:09,visible
RV00005401,OI000014446,O00008460,U003932,P000275,5,质量很好，符合预期,1,2025-09-10 04:27:25,visible
RV00005402,OI000004288,O00002552,U003090,P000342,2,整体满意,0,2025-12-11 01:13:27,visible
RV00005403,OI000010553,O00006210,U004047,P000510,5,体验一般,0,2025-11-21 08:15:28,visible
RV00005404,OI000018346,O00010754,U000567,P000587,5,质量很好，符合预期,0,2026-07-01 13:54:26,visible
RV00005405,OI000017004,O00009974,U003628,P000171,5,物流很快，包装完整,0,2026-05-13 12:53:44,visible
RV00005406,OI000011249,O00006600,U004769,P001388,5,物流很快，包装完整,1,2025-09-25 11:38:16,visible
RV00005407,OI000005475,O00003250,U004777,P000945,5,性价比不错,0,2025-09-08 12:27:54,visible
RV00005408,OI000008695,O00005120,U003961,P001102,4,性价比不错,1,2026-06-30 23:34:22,visible
RV00005409,OI000018614,O00010915,U000958,P001433,4,整体满意,0,2026-07-04 10:49:36,visible
RV00005410,OI000003782,O00002236,U004391,P000675,1,性价比不错,0,2026-07-26 22:36:44,visible
RV00005411,OI000011183,O00006568,U003953,P000073,5,整体满意,0,2025-03-11 07:07:37,visible
RV00005412,OI000001319,O00000760,U004644,P000003,2,与描述有差异,0,2026-03-30 20:12:13,visible
RV00005413,OI000013405,O00007835,U000557,P001236,4,与描述有差异,0,2025-03-23 04:36:06,visible
RV00005414,OI000001943,O00001148,U002028,P000147,5,性价比不错,0,2026-05-08 10:25:53,visible
RV00005415,OI000013263,O00007756,U002596,P001411,5,整体满意,1,2026-03-03 12:03:19,visible
RV00005416,OI000003047,O00001798,U001077,P000784,5,质量很好，符合预期,0,2026-02-02 01:22:08,visible
RV00005417,OI000006836,O00004038,U001950,P000597,5,与描述有差异,0,2026-06-29 09:29:43,visible
RV00005418,OI000010917,O00006413,U001563,P000437,5,质量很好，符合预期,0,2025-03-18 07:21:42,visible
RV00005419,OI000016238,O00009524,U000352,P000901,5,整体满意,0,2025-03-25 20:27:40,visible
RV00005420,OI000007990,O00004697,U001139,P000239,4,性价比不错,0,2026-01-07 08:28:17,visible
RV00005421,OI000008660,O00005099,U002713,P001414,5,质量很好，符合预期,0,2025-05-09 08:55:59,visible
RV00005422,OI000005182,O00003083,U001302,P001381,3,与描述有差异,0,2025-12-19 21:32:19,visible
RV00005423,OI000015234,O00008931,U002712,P000234,5,整体满意,0,2026-07-08 00:06:02,visible
RV00005424,OI000003105,O00001827,U000429,P001368,4,质量很好，符合预期,0,2025-03-13 02:14:25,visible
RV00005425,OI000009866,O00005811,U004793,P000689,5,整体满意,0,2025-09-12 11:57:59,visible
RV00005426,OI000002954,O00001744,U000954,P000131,5,性价比不错,0,2025-06-25 23:00:13,visible
RV00005427,OI000004902,O00002916,U004440,P000638,5,整体满意,0,2026-04-21 15:26:23,visible
RV00005428,OI000013604,O00007956,U004137,P000233,4,整体满意,0,2026-03-03 13:36:01,visible
RV00005429,OI000009584,O00005653,U002719,P000466,5,整体满意,0,2026-02-28 05:23:36,visible
RV00005430,OI000015820,O00009280,U002734,P000697,1,质量很好，符合预期,0,2026-04-06 01:58:46,visible
RV00005431,OI000019897,O00011676,U003448,P000415,5,质量很好，符合预期,0,2026-06-15 11:18:26,visible
RV00005432,OI000001273,O00000733,U004625,P001236,4,与描述有差异,0,2025-07-11 06:43:36,visible
RV00005433,OI000001034,O00000594,U003656,P000969,5,性价比不错,0,2025-09-28 00:26:56,visible
RV00005434,OI000009585,O00005653,U002719,P000306,5,质量很好，符合预期,0,2026-03-07 05:23:36,visible
RV00005435,OI000018289,O00010719,U000816,P000121,3,物流很快，包装完整,0,2025-04-22 09:28:59,visible
RV00005436,OI000019221,O00011275,U003892,P000320,3,性价比不错,1,2026-02-17 23:47:03,visible
RV00005437,OI000003452,O00002040,U000091,P000463,4,质量很好，符合预期,0,2026-01-31 12:13:49,visible
RV00005438,OI000016431,O00009629,U001055,P000377,4,物流很快，包装完整,0,2026-04-17 19:34:19,visible
RV00005439,OI000018261,O00010701,U004877,P000209,5,质量很好，符合预期,0,2025-03-02 00:41:10,visible
RV00005440,OI000019097,O00011200,U002980,P000567,3,质量很好，符合预期,0,2025-01-22 16:08:29,visible
RV00005441,OI000002339,O00001369,U003078,P001074,3,物流很快，包装完整,1,2025-02-08 12:12:35,visible
RV00005442,OI000008741,O00005148,U004790,P000573,5,与描述有差异,0,2025-07-22 23:30:47,visible
RV00005443,OI000003159,O00001862,U004117,P000941,3,物流很快，包装完整,0,2026-01-20 13:50:57,visible
RV00005444,OI000004430,O00002628,U004694,P000379,4,整体满意,0,2026-06-21 19:55:42,visible
RV00005445,OI000019696,O00011553,U003469,P000544,4,性价比不错,0,2025-06-25 21:03:40,visible
RV00005446,OI000012081,O00007070,U001826,P001041,5,质量很好，符合预期,0,2025-10-26 15:51:27,visible
RV00005447,OI000018716,O00010967,U000242,P000441,5,整体满意,1,2026-08-27 18:50:01,visible
RV00005448,OI000008648,O00005091,U001455,P001436,4,整体满意,0,2025-03-16 15:27:03,visible
RV00005449,OI000018944,O00011107,U004471,P000693,5,体验一般,0,2025-05-29 23:44:01,visible
RV00005450,OI000010376,O00006105,U004260,P001121,4,与描述有差异,0,2025-09-03 07:15:01,visible
RV00005451,OI000018178,O00010654,U003554,P001395,2,整体满意,0,2026-05-16 19:53:15,visible
RV00005452,OI000004248,O00002527,U004328,P000002,5,质量很好，符合预期,0,2025-06-27 15:31:18,visible
RV00005453,OI000017012,O00009979,U004895,P000912,5,质量很好，符合预期,0,2025-02-22 08:08:19,visible
RV00005454,OI000017963,O00010523,U001586,P001118,5,质量很好，符合预期,0,2025-04-14 15:30:22,visible
RV00005455,OI000019574,O00011484,U004164,P001173,5,与描述有差异,0,2025-10-30 07:43:40,visible
RV00005456,OI000003306,O00001946,U002094,P000036,4,整体满意,0,2026-08-16 01:23:34,visible
RV00005457,OI000000556,O00000321,U004751,P000081,5,体验一般,0,2026-02-09 22:50:22,visible
RV00005458,OI000002680,O00001582,U004930,P000860,4,物流很快，包装完整,0,2026-06-13 10:26:39,visible
RV00005459,OI000005114,O00003046,U002090,P000774,5,性价比不错,0,2025-12-03 06:57:23,visible
RV00005460,OI000003173,O00001869,U004303,P000818,5,质量很好，符合预期,0,2026-04-20 07:19:23,visible
RV00005461,OI000000981,O00000563,U003913,P001019,1,质量很好，符合预期,0,2025-12-18 19:45:39,visible
RV00005462,OI000012035,O00007042,U004636,P000374,5,整体满意,0,2026-08-22 11:06:38,visible
RV00005463,OI000013993,O00008192,U001949,P000712,3,物流很快，包装完整,0,2026-06-10 09:56:19,visible
RV00005464,OI000014095,O00008250,U003887,P001227,4,物流很快，包装完整,0,2025-10-12 15:24:38,visible
RV00005465,OI000018635,O00010927,U003741,P001055,4,整体满意,0,2026-01-31 12:22:27,visible
RV00005466,OI000012579,O00007355,U003402,P000009,3,质量很好，符合预期,0,2026-04-01 14:09:56,visible
RV00005467,OI000006258,O00003698,U001875,P000043,5,与描述有差异,0,2025-03-02 05:58:43,visible
RV00005468,OI000009250,O00005453,U001410,P000683,5,性价比不错,0,2026-01-14 15:52:59,hidden
RV00005469,OI000013693,O00008014,U002097,P001466,5,整体满意,0,2026-02-17 09:50:47,visible
RV00005470,OI000002840,O00001677,U002580,P000770,5,物流很快，包装完整,0,2025-05-31 14:50:17,visible
RV00005471,OI000005890,O00003489,U002677,P001193,5,物流很快，包装完整,0,2025-06-12 01:47:40,visible
RV00005472,OI000003080,O00001813,U000973,P001235,3,性价比不错,0,2026-04-23 06:22:39,visible
RV00005473,OI000010366,O00006099,U002838,P000515,5,体验一般,1,2025-12-29 13:50:39,visible
RV00005474,OI000018536,O00010868,U002486,P000352,4,质量很好，符合预期,0,2025-04-18 06:06:59,visible
RV00005475,OI000005285,O00003143,U003635,P000010,3,质量很好，符合预期,0,2026-03-31 08:34:44,visible
RV00005476,OI000004220,O00002511,U004371,P001239,4,质量很好，符合预期,1,2025-05-19 08:42:43,visible
RV00005477,OI000016895,O00009911,U002743,P000562,5,性价比不错,0,2025-10-23 11:10:04,visible
RV00005478,OI000015149,O00008882,U001316,P000744,5,性价比不错,1,2025-06-10 23:18:17,visible
RV00005479,OI000020367,O00011947,U002918,P000388,4,整体满意,0,2025-02-05 03:31:06,visible
RV00005480,OI000014820,O00008673,U001577,P000223,5,质量很好，符合预期,0,2025-03-28 00:26:52,visible
RV00005481,OI000005282,O00003141,U001914,P000124,4,物流很快，包装完整,1,2025-05-02 03:49:47,visible
RV00005482,OI000020054,O00011767,U000152,P001004,5,质量很好，符合预期,0,2026-08-12 19:28:19,visible
RV00005483,OI000011641,O00006825,U004332,P000907,4,质量很好，符合预期,0,2025-05-08 18:54:49,visible
RV00005484,OI000020396,O00011962,U000053,P000967,5,物流很快，包装完整,0,2026-04-09 22:15:11,visible
RV00005485,OI000010834,O00006364,U000431,P001305,5,性价比不错,0,2026-06-26 10:37:25,visible
RV00005486,OI000015313,O00008973,U002001,P000617,5,物流很快，包装完整,0,2025-02-23 20:43:12,visible
RV00005487,OI000007620,O00004498,U001981,P001138,2,体验一般,0,2025-08-18 13:41:59,visible
RV00005488,OI000000649,O00000373,U000408,P000619,4,体验一般,1,2026-01-01 18:31:48,visible
RV00005489,OI000004561,O00002703,U002340,P001019,3,体验一般,1,2026-03-22 13:42:48,visible
RV00005490,OI000001773,O00001037,U004690,P000194,3,物流很快，包装完整,0,2025-09-21 01:21:34,visible
RV00005491,OI000010292,O00006056,U004682,P000866,4,性价比不错,0,2025-12-26 12:27:05,visible
RV00005492,OI000018526,O00010863,U002997,P001117,3,物流很快，包装完整,0,2026-03-14 01:45:28,visible
RV00005493,OI000018604,O00010909,U000288,P001383,3,物流很快，包装完整,0,2025-03-06 13:27:11,visible
RV00005494,OI000003953,O00002350,U001543,P000444,5,物流很快，包装完整,0,2026-06-09 18:52:31,visible
RV00005495,OI000000100,O00000061,U001434,P001366,4,性价比不错,0,2026-03-07 06:09:57,visible
RV00005496,OI000014911,O00008727,U001515,P001341,4,体验一般,0,2026-04-01 21:02:47,visible
RV00005497,OI000009308,O00005490,U003898,P001342,5,质量很好，符合预期,1,2025-06-24 10:54:42,visible
RV00005498,OI000016106,O00009440,U003529,P001188,5,质量很好，符合预期,0,2025-09-08 20:47:03,visible
RV00005499,OI000015920,O00009338,U002096,P000221,5,体验一般,0,2025-04-15 09:57:11,visible
RV00005500,OI000018128,O00010621,U002807,P000396,4,质量很好，符合预期,0,2025-11-19 10:16:02,visible
RV00005501,OI000004287,O00002551,U003525,P001456,5,与描述有差异,0,2025-05-08 12:48:29,visible
RV00005502,OI000011811,O00006917,U002085,P001233,5,质量很好，符合预期,0,2026-02-10 11:23:45,visible
RV00005503,OI000019532,O00011460,U000098,P000812,3,质量很好，符合预期,0,2026-06-10 18:28:43,visible
RV00005504,OI000019434,O00011401,U002381,P000543,5,性价比不错,1,2025-02-25 05:15:19,visible
RV00005505,OI000001048,O00000601,U001570,P000411,5,物流很快，包装完整,0,2025-07-02 21:57:32,visible
RV00005506,OI000009206,O00005427,U003673,P000568,4,质量很好，符合预期,0,2025-05-23 22:52:18,visible
RV00005507,OI000008946,O00005271,U002742,P000071,5,整体满意,0,2025-11-23 17:08:19,visible
RV00005508,OI000011976,O00007005,U003190,P001202,4,物流很快，包装完整,0,2026-07-31 12:51:45,visible
RV00005509,OI000011139,O00006540,U001352,P001441,5,整体满意,0,2025-07-24 03:44:16,visible
RV00005510,OI000005893,O00003492,U001584,P000303,3,性价比不错,0,2026-08-24 06:21:54,visible
RV00005511,OI000019471,O00011421,U000003,P001120,1,性价比不错,0,2025-03-25 00:03:23,visible
RV00005512,OI000001404,O00000811,U001217,P000890,5,性价比不错,0,2025-09-03 19:34:36,visible
RV00005513,OI000010507,O00006185,U001892,P000561,5,质量很好，符合预期,0,2026-03-13 23:20:55,visible
RV00005514,OI000012001,O00007020,U001125,P001322,4,物流很快，包装完整,0,2026-05-19 14:19:05,visible
RV00005515,OI000020324,O00011924,U002643,P000229,3,性价比不错,0,2026-06-20 16:17:29,visible
RV00005516,OI000005352,O00003175,U000304,P000736,1,整体满意,0,2025-09-05 04:16:41,visible
RV00005517,OI000020117,O00011802,U003601,P001003,5,质量很好，符合预期,0,2025-08-20 02:25:10,visible
RV00005518,OI000015791,O00009258,U000493,P001316,5,质量很好，符合预期,0,2025-10-02 04:44:56,visible
RV00005519,OI000012218,O00007156,U003189,P001281,5,质量很好，符合预期,0,2026-03-10 03:47:34,visible
RV00005520,OI000017832,O00010440,U000932,P000256,5,整体满意,0,2025-12-15 15:29:11,visible
RV00005521,OI000000529,O00000306,U002413,P001353,5,整体满意,0,2025-08-26 01:53:13,visible
RV00005522,OI000011587,O00006794,U002686,P000459,4,物流很快，包装完整,0,2025-10-13 11:08:27,visible
RV00005523,OI000009391,O00005538,U004431,P001394,1,质量很好，符合预期,0,2025-10-23 14:55:23,visible
RV00005524,OI000004198,O00002499,U002002,P000767,5,整体满意,0,2025-03-17 07:19:30,visible
RV00005525,OI000005484,O00003255,U000734,P000173,5,物流很快，包装完整,0,2026-02-23 20:14:35,visible
RV00005526,OI000002604,O00001535,U002505,P000300,5,整体满意,0,2025-12-05 17:52:39,visible
RV00005527,OI000003532,O00002084,U003253,P001147,5,物流很快，包装完整,0,2025-11-06 08:43:11,visible
RV00005528,OI000008849,O00005214,U001523,P001313,4,质量很好，符合预期,0,2025-07-02 07:20:29,visible
RV00005529,OI000010649,O00006263,U002942,P000847,5,整体满意,0,2026-07-15 02:30:48,visible
RV00005530,OI000016596,O00009735,U004017,P000390,5,质量很好，符合预期,0,2025-12-07 01:20:59,visible
RV00005531,OI000010587,O00006229,U003438,P000381,5,性价比不错,0,2026-06-01 11:54:22,visible
RV00005532,OI000002908,O00001719,U001455,P001175,5,物流很快，包装完整,0,2025-08-07 05:24:53,visible
RV00005533,OI000003318,O00001953,U003456,P000233,5,质量很好，符合预期,0,2025-10-30 20:45:24,visible
RV00005534,OI000001039,O00000595,U002554,P000728,5,性价比不错,0,2025-03-14 08:26:49,visible
RV00005535,OI000012468,O00007298,U002955,P001298,4,质量很好，符合预期,0,2025-02-26 09:50:37,visible
RV00005536,OI000007584,O00004474,U001232,P000203,2,与描述有差异,0,2025-05-09 15:08:46,visible
RV00005537,OI000015662,O00009184,U000242,P000219,4,整体满意,0,2026-01-14 14:41:44,visible
RV00005538,OI000018571,O00010892,U004864,P001330,4,整体满意,0,2026-01-15 10:16:24,visible
RV00005539,OI000002665,O00001572,U003614,P000723,5,物流很快，包装完整,0,2025-10-26 10:21:10,visible
RV00005540,OI000014560,O00008528,U004836,P001254,4,与描述有差异,0,2025-04-29 12:55:36,visible
RV00005541,OI000003536,O00002088,U001364,P001434,5,整体满意,0,2025-04-01 21:43:28,visible
RV00005542,OI000010305,O00006063,U000493,P001453,4,物流很快，包装完整,0,2025-03-26 12:07:48,visible
RV00005543,OI000014604,O00008553,U000031,P001071,5,性价比不错,0,2026-08-24 13:10:20,visible
RV00005544,OI000014553,O00008524,U002514,P000829,5,物流很快，包装完整,0,2026-02-16 16:46:15,visible
RV00005545,OI000002919,O00001726,U000254,P000306,5,物流很快，包装完整,0,2026-01-13 08:00:26,visible
RV00005546,OI000012578,O00007355,U003402,P001289,5,体验一般,1,2026-04-01 14:09:56,visible
RV00005547,OI000004966,O00002951,U000341,P000042,3,整体满意,0,2026-08-03 04:19:23,visible
RV00005548,OI000018807,O00011026,U001738,P000914,5,整体满意,0,2026-04-02 05:20:55,visible
RV00005549,OI000007153,O00004220,U003262,P001039,5,整体满意,0,2025-03-30 08:57:52,visible
RV00005550,OI000003056,O00001802,U003871,P000505,5,质量很好，符合预期,0,2026-07-10 10:22:33,visible
RV00005551,OI000013667,O00007997,U001359,P000799,5,质量很好，符合预期,0,2025-05-18 22:58:46,visible
RV00005552,OI000013983,O00008187,U002264,P001005,5,质量很好，符合预期,0,2026-05-29 16:46:54,visible
RV00005553,OI000003752,O00002219,U000954,P000765,5,质量很好，符合预期,0,2026-01-04 06:41:25,visible
RV00005554,OI000007858,O00004627,U001290,P001064,4,质量很好，符合预期,0,2025-10-11 15:54:29,visible
RV00005555,OI000018518,O00010857,U001573,P000706,5,质量很好，符合预期,0,2025-08-10 21:06:58,visible
RV00005556,OI000019523,O00011454,U002841,P001244,4,质量很好，符合预期,1,2025-11-11 06:28:01,visible
RV00005557,OI000009281,O00005474,U003754,P000228,4,性价比不错,0,2025-11-25 12:20:30,visible
RV00005558,OI000003674,O00002168,U001399,P000443,4,整体满意,1,2025-09-13 00:18:03,visible
RV00005559,OI000008750,O00005152,U001565,P000720,5,体验一般,0,2025-12-26 13:06:58,visible
RV00005560,OI000018987,O00011136,U002256,P000715,5,质量很好，符合预期,0,2025-01-24 17:30:48,visible
RV00005561,OI000018004,O00010547,U000563,P000330,5,质量很好，符合预期,0,2025-04-14 01:57:38,visible
RV00005562,OI000019582,O00011489,U003173,P001463,4,质量很好，符合预期,0,2025-11-10 14:02:51,visible
RV00005563,OI000017441,O00010212,U004851,P000769,5,质量很好，符合预期,0,2026-01-10 04:22:59,visible
RV00005564,OI000004458,O00002644,U004671,P000567,3,整体满意,0,2025-09-02 14:19:12,visible
RV00005565,OI000007759,O00004579,U004619,P000304,5,物流很快，包装完整,1,2025-06-19 08:30:59,visible
RV00005566,OI000005164,O00003073,U000559,P001203,5,性价比不错,0,2025-02-04 07:43:50,visible
RV00005567,OI000008366,O00004926,U000455,P000505,5,性价比不错,0,2026-05-19 08:15:56,visible
RV00005568,OI000002920,O00001726,U000254,P001106,5,物流很快，包装完整,0,2026-01-23 08:00:26,visible
RV00005569,OI000000400,O00000230,U001073,P001439,5,性价比不错,0,2026-07-01 04:12:56,visible
RV00005570,OI000007725,O00004560,U002729,P000845,5,质量很好，符合预期,0,2025-05-10 23:54:06,visible
RV00005571,OI000008271,O00004870,U000962,P001120,5,性价比不错,0,2025-11-24 04:02:10,visible
RV00005572,OI000007494,O00004423,U003150,P000493,5,整体满意,0,2025-09-16 21:11:24,visible
RV00005573,OI000004438,O00002634,U004404,P000213,5,性价比不错,0,2025-10-05 15:58:41,visible
RV00005574,OI000016528,O00009687,U003025,P000982,5,质量很好，符合预期,0,2025-11-25 07:25:52,visible
RV00005575,OI000017124,O00010043,U003137,P000224,4,物流很快，包装完整,0,2025-04-20 20:09:26,visible
RV00005576,OI000015112,O00008852,U000441,P001255,4,质量很好，符合预期,0,2025-08-23 16:35:31,visible
RV00005577,OI000007447,O00004394,U000113,P001101,4,体验一般,0,2025-10-25 03:52:52,visible
RV00005578,OI000018203,O00010668,U000558,P000054,5,体验一般,1,2026-05-27 23:33:39,visible
RV00005579,OI000007176,O00004234,U001373,P001152,4,质量很好，符合预期,0,2025-08-10 16:37:30,visible
RV00005580,OI000011745,O00006880,U002486,P001402,4,质量很好，符合预期,0,2026-03-25 18:58:29,visible
RV00005581,OI000007486,O00004419,U002887,P000126,5,性价比不错,0,2025-09-08 19:36:48,visible
RV00005582,OI000008824,O00005196,U004898,P001055,4,物流很快，包装完整,0,2025-03-07 04:48:48,visible
RV00005583,OI000005295,O00003147,U001553,P000143,5,质量很好，符合预期,0,2026-06-08 14:22:52,visible
RV00005584,OI000007286,O00004301,U003607,P000968,5,质量很好，符合预期,0,2026-05-14 16:16:57,visible
RV00005585,OI000013048,O00007634,U003474,P000797,4,与描述有差异,0,2025-03-06 17:22:49,visible
RV00005586,OI000001691,O00000986,U002782,P000353,5,整体满意,0,2026-08-24 09:36:57,visible
RV00005587,OI000019761,O00011595,U001826,P001439,5,整体满意,0,2026-08-24 05:00:42,visible
RV00005588,OI000014460,O00008468,U000822,P001278,4,质量很好，符合预期,0,2025-10-07 11:54:39,visible
RV00005589,OI000008461,O00004982,U002875,P000788,5,物流很快，包装完整,0,2025-10-19 17:10:52,visible
RV00005590,OI000003122,O00001840,U001572,P000937,1,性价比不错,0,2025-05-30 09:30:01,visible
RV00005591,OI000017629,O00010323,U003861,P001489,5,整体满意,1,2026-03-15 18:44:35,visible
RV00005592,OI000017186,O00010079,U004259,P000519,5,体验一般,1,2026-05-31 10:58:19,visible
RV00005593,OI000013482,O00007882,U004456,P000649,5,与描述有差异,0,2025-02-21 01:10:59,visible
RV00005594,OI000007356,O00004341,U000485,P000632,3,性价比不错,0,2026-07-13 08:43:49,visible
RV00005595,OI000009230,O00005439,U004402,P000043,4,整体满意,0,2025-04-15 11:21:11,visible
RV00005596,OI000001781,O00001042,U000122,P000524,5,性价比不错,0,2026-06-02 08:27:38,visible
RV00005597,OI000011534,O00006758,U000325,P000331,5,体验一般,0,2026-08-31 10:43:00,visible
RV00005598,OI000016048,O00009408,U000671,P000493,5,性价比不错,0,2026-03-15 15:35:28,visible
RV00005599,OI000014869,O00008702,U000519,P001187,4,质量很好，符合预期,0,2025-08-26 03:56:29,visible
RV00005600,OI000006097,O00003603,U000787,P000833,4,整体满意,1,2026-06-10 21:59:35,visible
RV00005601,OI000012361,O00007241,U003543,P001309,3,与描述有差异,1,2026-06-15 02:18:26,visible
RV00005602,OI000007141,O00004214,U001077,P000960,5,质量很好，符合预期,1,2025-02-14 15:44:37,visible
RV00005603,OI000018659,O00010939,U003257,P001160,5,物流很快，包装完整,0,2025-02-17 16:44:47,visible
RV00005604,OI000008184,O00004816,U004690,P000177,5,物流很快，包装完整,0,2025-04-29 13:00:04,visible
RV00005605,OI000000309,O00000172,U001620,P001173,5,整体满意,1,2025-11-23 13:13:21,visible
RV00005606,OI000017867,O00010460,U004340,P000288,5,质量很好，符合预期,0,2026-04-26 04:35:00,visible
RV00005607,OI000007704,O00004548,U003380,P001003,5,性价比不错,0,2026-08-13 17:13:42,visible
RV00005608,OI000000050,O00000029,U002701,P001166,5,质量很好，符合预期,0,2025-05-17 09:48:25,visible
RV00005609,OI000002393,O00001404,U004663,P000068,5,质量很好，符合预期,0,2026-07-20 02:27:44,visible
RV00005610,OI000013046,O00007633,U003263,P000185,5,质量很好，符合预期,0,2026-06-14 22:35:27,visible
RV00005611,OI000005434,O00003229,U003976,P000713,5,性价比不错,0,2025-03-06 00:38:31,visible
RV00005612,OI000009605,O00005664,U004074,P001141,5,物流很快，包装完整,0,2026-01-07 21:35:47,visible
RV00005613,OI000013210,O00007727,U001481,P000324,4,整体满意,0,2025-05-08 10:35:22,visible
RV00005614,OI000010528,O00006198,U002753,P000625,4,质量很好，符合预期,0,2026-05-08 14:16:04,visible
RV00005615,OI000009945,O00005857,U001526,P000038,5,性价比不错,0,2025-11-19 04:10:02,visible
RV00005616,OI000014050,O00008226,U002039,P001116,5,性价比不错,0,2026-08-25 19:45:55,visible
RV00005617,OI000007863,O00004630,U003773,P000490,4,物流很快，包装完整,0,2026-06-04 22:40:08,visible
RV00005618,OI000001805,O00001057,U000148,P000896,3,质量很好，符合预期,0,2025-09-12 22:11:40,visible
RV00005619,OI000001695,O00000990,U004280,P000609,5,质量很好，符合预期,0,2026-05-07 12:53:39,visible
RV00005620,OI000012322,O00007219,U003186,P000403,2,性价比不错,0,2025-05-23 12:58:05,visible
RV00005621,OI000004692,O00002783,U001482,P000051,4,物流很快，包装完整,0,2025-01-31 12:52:56,visible
RV00005622,OI000009542,O00005633,U000006,P000084,5,质量很好，符合预期,0,2026-02-22 17:33:13,visible
RV00005623,OI000005270,O00003134,U001658,P000263,5,整体满意,0,2026-06-03 22:30:58,visible
RV00005624,OI000013754,O00008049,U000592,P000002,4,物流很快，包装完整,0,2025-05-23 08:56:20,visible
RV00005625,OI000002073,O00001226,U003285,P000508,3,质量很好，符合预期,1,2025-04-06 14:21:47,visible
RV00005626,OI000017174,O00010070,U002574,P000567,5,质量很好，符合预期,0,2026-02-26 02:41:41,visible
RV00005627,OI000008606,O00005067,U002875,P000443,4,质量很好，符合预期,0,2025-07-09 04:45:06,visible
RV00005628,OI000015880,O00009316,U002186,P000735,3,整体满意,0,2025-11-25 22:20:33,visible
RV00005629,OI000014234,O00008333,U001292,P001259,5,质量很好，符合预期,0,2025-10-12 01:51:36,visible
RV00005630,OI000015047,O00008812,U002717,P000616,5,整体满意,0,2025-03-10 20:35:59,visible
RV00005631,OI000000701,O00000403,U003744,P000015,5,质量很好，符合预期,0,2025-08-22 02:20:50,visible
RV00005632,OI000008241,O00004852,U003423,P000289,5,体验一般,0,2026-08-18 00:57:09,visible
RV00005633,OI000008400,O00004944,U003570,P000533,2,质量很好，符合预期,0,2026-08-15 04:10:58,visible
RV00005634,OI000012303,O00007205,U004592,P000752,5,质量很好，符合预期,0,2026-03-24 13:53:56,visible
RV00005635,OI000006326,O00003741,U004448,P000545,5,整体满意,0,2025-10-08 00:38:59,visible
RV00005636,OI000010300,O00006061,U002923,P000361,4,整体满意,0,2025-03-29 11:14:16,visible
RV00005637,OI000018192,O00010661,U004737,P000584,5,物流很快，包装完整,0,2026-04-17 15:38:51,visible
RV00005638,OI000011070,O00006499,U001990,P001092,5,体验一般,0,2025-04-06 04:04:18,visible
RV00005639,OI000001632,O00000953,U003571,P000599,4,与描述有差异,0,2026-05-25 20:20:04,visible
RV00005640,OI000006615,O00003910,U000270,P000321,5,物流很快，包装完整,0,2026-07-12 02:41:37,visible
RV00005641,OI000020340,O00011932,U003375,P000187,5,整体满意,0,2025-10-09 21:01:46,visible
RV00005642,OI000008642,O00005089,U004992,P000336,5,整体满意,1,2025-08-03 15:01:29,visible
RV00005643,OI000008294,O00004884,U004074,P001294,5,性价比不错,0,2025-04-19 19:23:48,visible
RV00005644,OI000019549,O00011469,U003093,P000394,4,质量很好，符合预期,1,2025-12-31 15:46:18,visible
RV00005645,OI000017768,O00010401,U000537,P000590,5,物流很快，包装完整,1,2025-05-14 17:51:38,visible
RV00005646,OI000007986,O00004696,U000493,P000417,5,整体满意,0,2025-03-28 14:53:03,visible
RV00005647,OI000010516,O00006191,U003600,P000242,5,物流很快，包装完整,0,2025-06-19 13:39:26,visible
RV00005648,OI000007450,O00004395,U003266,P000126,5,整体满意,0,2026-08-16 09:30:25,visible
RV00005649,OI000007432,O00004386,U001300,P001400,5,整体满意,0,2025-05-02 20:17:55,visible
RV00005650,OI000013598,O00007953,U001113,P001140,5,整体满意,0,2025-08-04 13:01:42,visible
RV00005651,OI000014867,O00008700,U001355,P000933,4,整体满意,0,2026-04-04 16:00:07,visible
RV00005652,OI000015894,O00009324,U000804,P000254,5,质量很好，符合预期,0,2025-11-03 15:40:39,visible
RV00005653,OI000013366,O00007809,U003252,P000488,4,质量很好，符合预期,0,2025-07-01 06:26:08,visible
RV00005654,OI000000839,O00000482,U002777,P000184,5,整体满意,0,2026-07-27 02:45:41,visible
RV00005655,OI000006699,O00003961,U000401,P000121,4,性价比不错,1,2025-12-25 02:18:25,visible
RV00005656,OI000018186,O00010658,U004953,P000282,2,整体满意,0,2025-09-10 14:36:57,visible
RV00005657,OI000020358,O00011941,U003963,P001355,5,质量很好，符合预期,0,2025-08-08 00:12:10,visible
RV00005658,OI000005166,O00003073,U000559,P000883,4,质量很好，符合预期,0,2025-01-27 07:43:50,visible
RV00005659,OI000006991,O00004122,U004112,P001155,5,质量很好，符合预期,0,2026-01-19 13:34:37,visible
RV00005660,OI000017587,O00010295,U002931,P001161,4,物流很快，包装完整,1,2026-06-26 12:41:53,visible
RV00005661,OI000014534,O00008513,U002578,P000394,5,性价比不错,0,2025-12-06 18:34:55,visible
RV00005662,OI000007467,O00004406,U000526,P000693,5,整体满意,0,2025-04-28 10:41:27,visible
RV00005663,OI000005789,O00003430,U001258,P001492,5,整体满意,0,2025-06-28 04:42:04,visible
RV00005664,OI000015562,O00009121,U000224,P000163,5,物流很快，包装完整,0,2026-03-29 22:52:00,visible
RV00005665,OI000006843,O00004041,U000278,P000451,5,与描述有差异,0,2025-04-22 02:03:24,visible
RV00005666,OI000011311,O00006635,U000463,P000528,5,物流很快，包装完整,0,2025-09-28 08:56:43,visible
RV00005667,OI000013998,O00008195,U002896,P000890,5,质量很好，符合预期,0,2026-08-03 12:25:49,visible
RV00005668,OI000014724,O00008619,U001907,P001298,5,质量很好，符合预期,0,2026-04-27 15:24:01,visible
RV00005669,OI000016194,O00009496,U003953,P001187,5,性价比不错,0,2026-08-06 05:06:14,visible
RV00005670,OI000017991,O00010538,U002698,P000581,4,与描述有差异,0,2025-10-15 19:37:20,visible
RV00005671,OI000009537,O00005630,U002668,P000277,4,质量很好，符合预期,0,2026-08-31 05:09:48,visible
RV00005672,OI000005412,O00003212,U004662,P000563,5,与描述有差异,0,2025-03-19 02:09:36,visible
RV00005673,OI000016261,O00009537,U002444,P000233,5,整体满意,0,2026-02-13 18:08:03,visible
RV00005674,OI000005575,O00003309,U004517,P001046,5,体验一般,0,2025-12-08 09:46:06,visible
RV00005675,OI000005832,O00003452,U001580,P000321,5,与描述有差异,0,2025-02-14 21:46:12,visible
RV00005676,OI000001715,O00001003,U000681,P001087,5,质量很好，符合预期,1,2026-06-23 19:09:55,visible
RV00005677,OI000001408,O00000813,U002099,P001065,4,物流很快，包装完整,0,2026-02-11 22:57:44,visible
RV00005678,OI000002456,O00001445,U001357,P000866,5,整体满意,0,2026-09-03 17:09:08,visible
RV00005679,OI000011066,O00006496,U002083,P000119,5,物流很快，包装完整,0,2025-12-14 14:52:09,visible
RV00005680,OI000012724,O00007441,U004955,P000178,5,物流很快，包装完整,0,2026-05-20 17:45:19,visible
RV00005681,OI000001091,O00000621,U004991,P000366,5,整体满意,0,2025-11-21 15:17:43,visible
RV00005682,OI000003734,O00002207,U002580,P000531,5,整体满意,0,2025-03-28 22:51:38,visible
RV00005683,OI000019570,O00011483,U001618,P001107,5,整体满意,0,2025-11-30 00:36:49,visible
RV00005684,OI000018680,O00010953,U003658,P000687,4,物流很快，包装完整,0,2026-02-09 04:11:15,visible
RV00005685,OI000013514,O00007902,U001094,P000515,5,质量很好，符合预期,0,2025-06-02 09:41:02,visible
RV00005686,OI000009596,O00005660,U004082,P000116,3,质量很好，符合预期,0,2025-02-09 01:58:51,visible
RV00005687,OI000011105,O00006519,U004570,P000209,5,体验一般,0,2025-01-18 20:42:10,visible
RV00005688,OI000005309,O00003153,U004059,P001133,4,性价比不错,0,2026-05-03 06:38:51,visible
RV00005689,OI000009447,O00005574,U002486,P000128,5,质量很好，符合预期,0,2026-06-30 16:56:38,visible
RV00005690,OI000004483,O00002662,U002391,P000375,4,物流很快，包装完整,0,2025-09-04 01:57:48,visible
RV00005691,OI000019592,O00011494,U000869,P001101,5,整体满意,0,2025-03-24 08:01:44,visible
RV00005692,OI000000037,O00000023,U001748,P001345,5,物流很快，包装完整,0,2025-07-19 11:51:55,visible
RV00005693,OI000004317,O00002568,U000757,P000523,5,整体满意,1,2025-03-25 05:08:44,visible
RV00005694,OI000011004,O00006462,U001923,P001099,5,质量很好，符合预期,0,2026-03-24 04:57:01,visible
RV00005695,OI000004251,O00002528,U004050,P001161,5,质量很好，符合预期,0,2025-04-11 15:08:58,visible
RV00005696,OI000001726,O00001008,U001974,P000246,5,体验一般,0,2026-04-15 14:52:55,visible
RV00005697,OI000003142,O00001853,U003049,P000112,5,质量很好，符合预期,0,2025-04-06 07:35:03,visible
RV00005698,OI000008838,O00005205,U004018,P001253,5,性价比不错,0,2025-01-19 15:46:58,visible
RV00005699,OI000019546,O00011467,U004746,P000953,5,物流很快，包装完整,0,2025-10-17 01:10:26,visible
RV00005700,OI000012017,O00007029,U004878,P001018,5,质量很好，符合预期,0,2026-07-09 21:07:16,visible
RV00005701,OI000018559,O00010883,U002997,P001405,5,与描述有差异,0,2026-02-22 06:44:31,visible
RV00005702,OI000006609,O00003906,U002260,P000768,4,性价比不错,0,2026-01-05 14:40:36,visible
RV00005703,OI000007102,O00004192,U001040,P001342,4,体验一般,0,2025-08-18 09:55:02,visible
RV00005704,OI000007985,O00004696,U000493,P000977,5,质量很好，符合预期,0,2025-03-09 14:53:03,visible
RV00005705,OI000007641,O00004513,U000917,P001318,5,性价比不错,0,2026-07-04 10:48:51,visible
RV00005706,OI000007554,O00004457,U002361,P001247,3,整体满意,0,2025-12-23 10:20:16,visible
RV00005707,OI000000316,O00000176,U003668,P001413,5,整体满意,0,2026-07-03 15:45:45,visible
RV00005708,OI000009689,O00005713,U001261,P000934,5,质量很好，符合预期,0,2025-05-18 12:48:33,visible
RV00005709,OI000016038,O00009405,U002929,P000427,5,整体满意,0,2026-05-14 03:52:08,visible
RV00005710,OI000014418,O00008441,U001905,P000532,2,性价比不错,0,2025-10-24 08:57:03,visible
RV00005711,OI000001504,O00000876,U002391,P001045,5,体验一般,0,2026-04-22 06:55:14,visible
RV00005712,OI000012490,O00007309,U003144,P000811,1,性价比不错,0,2025-07-22 17:34:35,visible
RV00005713,OI000008761,O00005159,U000046,P000330,3,物流很快，包装完整,0,2025-02-28 02:43:57,visible
RV00005714,OI000004019,O00002389,U003684,P000045,5,质量很好，符合预期,1,2025-09-30 04:28:06,visible
RV00005715,OI000018871,O00011065,U003713,P000274,5,性价比不错,0,2025-11-28 22:04:03,visible
RV00005716,OI000009242,O00005449,U001646,P001251,5,体验一般,0,2025-08-01 00:12:50,visible
RV00005717,OI000005617,O00003332,U002449,P001348,5,物流很快，包装完整,0,2025-02-02 05:28:51,visible
RV00005718,OI000008203,O00004828,U002986,P000538,5,体验一般,0,2025-06-22 00:50:19,visible
RV00005719,OI000005003,O00002973,U004824,P001166,5,质量很好，符合预期,0,2025-08-11 21:11:16,visible
RV00005720,OI000004003,O00002376,U003367,P001179,5,质量很好，符合预期,0,2025-10-27 08:29:40,visible
RV00005721,OI000017728,O00010380,U001553,P000754,4,质量很好，符合预期,0,2026-06-13 06:53:11,visible
RV00005722,OI000011067,O00006497,U000752,P000846,5,整体满意,0,2025-09-14 10:21:07,visible
RV00005723,OI000008466,O00004984,U004140,P001045,5,整体满意,0,2025-05-21 09:53:47,visible
RV00005724,OI000016073,O00009424,U000207,P000745,5,整体满意,0,2025-11-28 19:30:04,visible
RV00005725,OI000004618,O00002739,U002729,P000859,4,性价比不错,1,2025-11-12 04:08:55,visible
RV00005726,OI000013437,O00007853,U003858,P001395,5,质量很好，符合预期,0,2025-08-31 15:12:42,visible
RV00005727,OI000004064,O00002419,U003243,P000381,5,质量很好，符合预期,0,2025-03-24 01:07:16,visible
RV00005728,OI000003718,O00002197,U002476,P001492,5,质量很好，符合预期,0,2026-07-04 00:52:45,visible
RV00005729,OI000002573,O00001516,U004161,P000600,3,与描述有差异,0,2025-11-19 08:11:40,visible
RV00005730,OI000005036,O00002996,U004804,P001138,4,与描述有差异,1,2025-03-27 01:31:37,visible
RV00005731,OI000004448,O00002639,U001138,P000912,4,性价比不错,0,2025-03-10 12:53:41,visible
RV00005732,OI000008080,O00004753,U001522,P000097,5,质量很好，符合预期,0,2025-09-08 23:16:00,visible
RV00005733,OI000003706,O00002190,U001478,P000171,4,整体满意,1,2025-05-30 00:43:06,visible
RV00005734,OI000007973,O00004691,U001905,P000055,5,体验一般,0,2025-07-09 09:21:30,visible
RV00005735,OI000000046,O00000028,U001035,P000643,1,整体满意,0,2025-09-18 04:54:06,visible
RV00005736,OI000014078,O00008241,U004338,P000151,5,体验一般,0,2025-10-08 14:11:36,visible
RV00005737,OI000006856,O00004047,U004960,P000173,5,质量很好，符合预期,0,2026-04-12 01:16:22,visible
RV00005738,OI000006001,O00003549,U002437,P000440,4,整体满意,0,2026-02-02 23:24:00,visible
RV00005739,OI000008998,O00005306,U002260,P000553,4,性价比不错,0,2025-08-30 11:03:30,visible
RV00005740,OI000010095,O00005936,U001236,P000506,5,物流很快，包装完整,0,2026-06-13 19:52:20,visible
RV00005741,OI000011242,O00006596,U000550,P000681,4,整体满意,0,2026-01-19 08:23:57,visible
RV00005742,OI000003044,O00001797,U004657,P000025,4,物流很快，包装完整,0,2026-07-09 16:57:22,visible
RV00005743,OI000008610,O00005070,U003222,P000853,5,质量很好，符合预期,0,2025-09-11 11:53:56,visible
RV00005744,OI000004398,O00002612,U003890,P000148,5,质量很好，符合预期,0,2025-10-31 16:05:54,visible
RV00005745,OI000008220,O00004837,U003682,P000485,3,与描述有差异,0,2025-07-23 23:09:02,hidden
RV00005746,OI000018117,O00010616,U002382,P001016,5,质量很好，符合预期,0,2025-11-27 15:54:10,visible
RV00005747,OI000015489,O00009077,U001574,P001271,4,物流很快，包装完整,0,2026-08-29 17:49:30,visible
RV00005748,OI000016127,O00009454,U004964,P000616,5,质量很好，符合预期,1,2026-01-21 00:09:45,visible
RV00005749,OI000014309,O00008375,U002481,P000464,5,质量很好，符合预期,0,2025-09-17 23:36:26,visible
RV00005750,OI000015433,O00009045,U004108,P000631,5,体验一般,0,2026-06-08 21:39:31,visible
RV00005751,OI000008567,O00005041,U001693,P000552,4,性价比不错,1,2025-10-21 04:04:06,visible
RV00005752,OI000015688,O00009197,U003723,P000627,5,物流很快，包装完整,0,2026-01-15 10:58:47,visible
RV00005753,OI000014686,O00008597,U000142,P001274,4,物流很快，包装完整,0,2025-10-01 02:49:44,visible
RV00005754,OI000013809,O00008080,U000804,P001346,4,物流很快，包装完整,1,2025-03-17 23:49:37,hidden
RV00005755,OI000011995,O00007016,U002191,P000688,4,质量很好，符合预期,0,2026-03-15 00:53:41,visible
RV00005756,OI000007646,O00004516,U000577,P000693,4,物流很快，包装完整,1,2025-07-09 11:00:41,visible
RV00005757,OI000010503,O00006182,U003666,P000377,4,整体满意,0,2026-07-10 03:59:40,visible
RV00005758,OI000008042,O00004731,U003192,P001223,4,整体满意,0,2025-04-15 07:34:54,visible
RV00005759,OI000009146,O00005396,U001300,P000596,5,性价比不错,0,2025-07-01 00:40:19,visible
RV00005760,OI000005312,O00003155,U001602,P000447,4,性价比不错,0,2025-06-29 10:04:18,visible
RV00005761,OI000016086,O00009431,U002547,P001337,5,物流很快，包装完整,0,2025-07-12 21:45:58,visible
RV00005762,OI000000713,O00000409,U003715,P000674,4,性价比不错,0,2026-04-09 11:40:17,visible
RV00005763,OI000001391,O00000804,U002645,P000419,5,质量很好，符合预期,0,2025-02-03 14:39:19,visible
RV00005764,OI000000710,O00000407,U000542,P000164,4,质量很好，符合预期,0,2026-05-08 09:22:54,visible
RV00005765,OI000004241,O00002522,U003363,P001264,2,整体满意,0,2025-02-19 05:37:18,visible
RV00005766,OI000003777,O00002232,U000383,P000772,4,体验一般,1,2026-08-05 04:52:38,visible
RV00005767,OI000011443,O00006708,U001211,P001212,2,体验一般,0,2026-07-21 03:55:22,visible
RV00005768,OI000002679,O00001581,U002634,P000879,5,质量很好，符合预期,0,2025-09-02 01:10:09,visible
RV00005769,OI000019438,O00011402,U004478,P000294,5,整体满意,0,2026-01-23 13:09:34,visible
RV00005770,OI000007825,O00004610,U002712,P000204,5,质量很好，符合预期,0,2026-09-01 12:26:52,hidden
RV00005771,OI000016340,O00009578,U004334,P001308,5,整体满意,0,2025-06-23 08:47:01,visible
RV00005772,OI000015953,O00009359,U000980,P000790,5,体验一般,0,2025-02-14 04:15:17,visible
RV00005773,OI000001948,O00001152,U002194,P000698,5,质量很好，符合预期,0,2025-05-19 23:56:49,visible
RV00005774,OI000000642,O00000366,U004481,P000773,4,物流很快，包装完整,0,2025-07-24 21:07:17,visible
RV00005775,OI000012181,O00007131,U002989,P000063,5,性价比不错,1,2026-04-07 10:57:03,visible
RV00005776,OI000015487,O00009075,U000254,P000877,4,质量很好，符合预期,1,2025-11-22 01:47:42,visible
RV00005777,OI000016063,O00009417,U003644,P000462,5,与描述有差异,0,2026-07-31 09:09:27,visible
RV00005778,OI000012533,O00007331,U003563,P000830,5,体验一般,0,2025-09-12 20:05:21,visible
RV00005779,OI000006920,O00004085,U002162,P000038,5,与描述有差异,1,2025-03-11 12:27:24,visible
RV00005780,OI000009659,O00005697,U003568,P001443,4,性价比不错,0,2025-04-29 06:51:56,visible
RV00005781,OI000018236,O00010686,U000377,P001194,4,物流很快，包装完整,0,2026-01-07 13:08:28,visible
RV00005782,OI000019819,O00011631,U004559,P000975,5,质量很好，符合预期,0,2026-08-03 10:56:27,visible
RV00005783,OI000019998,O00011731,U001031,P001059,5,质量很好，符合预期,0,2025-02-11 11:41:44,visible
RV00005784,OI000000559,O00000323,U002861,P000551,1,体验一般,1,2025-10-20 07:34:32,visible
RV00005785,OI000001606,O00000937,U000294,P001290,5,物流很快，包装完整,0,2025-06-04 07:25:12,visible
RV00005786,OI000015266,O00008945,U000468,P001212,5,物流很快，包装完整,0,2025-07-23 01:12:28,visible
RV00005787,OI000009879,O00005817,U001295,P001425,5,整体满意,0,2025-09-05 01:03:05,visible
RV00005788,OI000020323,O00011923,U004270,P001115,3,体验一般,0,2026-07-11 19:13:41,visible
RV00005789,OI000018955,O00011115,U002834,P000856,4,物流很快，包装完整,0,2025-04-13 20:55:58,visible
RV00005790,OI000015763,O00009243,U001008,P000793,1,整体满意,0,2026-05-25 04:16:01,visible
RV00005791,OI000005317,O00003158,U001670,P001250,5,质量很好，符合预期,0,2026-01-09 00:19:05,visible
RV00005792,OI000012150,O00007112,U002815,P000937,1,物流很快，包装完整,1,2026-06-04 23:12:22,visible
RV00005793,OI000006633,O00003922,U002018,P000726,5,体验一般,0,2026-07-22 06:25:14,visible
RV00005794,OI000006873,O00004057,U002642,P000091,5,性价比不错,0,2025-02-26 14:57:50,visible
RV00005795,OI000006709,O00003968,U004367,P000878,5,质量很好，符合预期,0,2025-01-22 19:27:01,visible
RV00005796,OI000005288,O00003143,U003635,P000890,5,体验一般,0,2026-04-01 08:34:44,visible
RV00005797,OI000001162,O00000667,U000762,P001014,1,性价比不错,0,2025-11-02 20:42:23,visible
RV00005798,OI000006516,O00003851,U002819,P000512,5,质量很好，符合预期,0,2026-01-01 00:23:40,visible
RV00005799,OI000001807,O00001058,U000076,P000743,4,质量很好，符合预期,0,2026-07-27 20:30:39,visible
RV00005800,OI000019119,O00011214,U001314,P000098,3,整体满意,0,2025-05-24 11:15:38,visible
RV00005801,OI000007896,O00004647,U003086,P000507,5,整体满意,0,2025-03-07 17:36:35,visible
RV00005802,OI000010961,O00006436,U001163,P001286,5,物流很快，包装完整,1,2026-06-06 23:04:51,visible
RV00005803,OI000019210,O00011268,U004927,P000791,4,质量很好，符合预期,0,2026-04-10 00:01:31,visible
RV00005804,OI000013251,O00007749,U003412,P000898,5,整体满意,0,2025-08-24 01:52:38,visible
RV00005805,OI000011564,O00006779,U002967,P000528,5,质量很好，符合预期,0,2025-10-03 04:57:58,visible
RV00005806,OI000017489,O00010239,U003788,P001288,4,性价比不错,1,2025-10-26 03:33:14,visible
RV00005807,OI000011954,O00006992,U004232,P000910,5,物流很快，包装完整,0,2025-10-24 09:20:42,visible
RV00005808,OI000010774,O00006331,U003074,P001386,4,与描述有差异,0,2025-02-04 11:44:46,visible
RV00005809,OI000007406,O00004370,U004395,P000467,1,性价比不错,0,2026-04-06 13:59:35,visible
RV00005810,OI000010178,O00005986,U003197,P000018,5,整体满意,0,2025-11-23 14:46:43,visible
RV00005811,OI000000874,O00000499,U002161,P000791,5,物流很快，包装完整,1,2025-08-25 19:30:39,visible
RV00005812,OI000001003,O00000576,U003396,P000182,5,质量很好，符合预期,0,2026-05-18 15:42:57,visible
RV00005813,OI000008270,O00004869,U002120,P001076,5,体验一般,0,2026-03-30 21:39:27,visible
RV00005814,OI000015447,O00009053,U001215,P000175,5,体验一般,0,2025-10-29 22:43:54,visible
RV00005815,OI000011519,O00006752,U003536,P000641,5,性价比不错,1,2026-04-24 18:41:23,visible
RV00005816,OI000020405,O00011967,U004194,P000811,5,质量很好，符合预期,0,2025-04-21 01:26:27,visible
RV00005817,OI000000360,O00000204,U002210,P001116,3,质量很好，符合预期,0,2025-01-25 10:58:11,visible
RV00005818,OI000018470,O00010828,U002795,P000430,2,质量很好，符合预期,0,2025-10-01 17:57:11,visible
RV00005819,OI000011930,O00006981,U000076,P001334,4,体验一般,0,2026-08-01 14:44:59,visible
RV00005820,OI000018858,O00011058,U001741,P000697,5,性价比不错,0,2025-08-31 17:01:16,visible
RV00005821,OI000020133,O00011811,U000733,P000139,4,物流很快，包装完整,0,2025-05-02 11:40:28,visible
RV00005822,OI000005436,O00003230,U001983,P001201,4,质量很好，符合预期,0,2025-10-16 12:14:41,visible
RV00005823,OI000017073,O00010011,U002257,P000567,4,整体满意,1,2025-06-11 15:09:15,visible
RV00005824,OI000010303,O00006063,U000493,P000573,5,性价比不错,0,2025-03-27 12:07:48,visible
RV00005825,OI000015004,O00008786,U003203,P000987,4,性价比不错,0,2025-09-03 21:43:49,visible
RV00005826,OI000009080,O00005360,U000234,P000715,5,物流很快，包装完整,0,2026-01-25 17:58:43,visible
RV00005827,OI000001469,O00000852,U002680,P001325,5,物流很快，包装完整,0,2025-09-19 12:44:41,visible
RV00005828,OI000015020,O00008796,U004848,P000085,5,性价比不错,0,2025-10-07 03:16:37,visible
RV00005829,OI000012063,O00007060,U000624,P001257,5,物流很快，包装完整,0,2025-12-12 07:06:55,visible
RV00005830,OI000017056,O00010002,U002387,P000400,5,与描述有差异,0,2025-04-24 17:07:11,visible
RV00005831,OI000002735,O00001616,U004721,P000659,2,体验一般,0,2026-01-18 05:09:48,visible
RV00005832,OI000009563,O00005642,U001949,P000693,5,整体满意,0,2026-07-14 09:00:56,visible
RV00005833,OI000016689,O00009790,U002470,P000764,4,与描述有差异,0,2025-12-07 02:04:27,visible
RV00005834,OI000005915,O00003504,U002865,P001234,4,性价比不错,0,2025-05-14 13:29:06,visible
RV00005835,OI000015596,O00009145,U000933,P000585,4,质量很好，符合预期,1,2026-05-21 11:57:56,visible
RV00005836,OI000015643,O00009174,U000041,P001377,5,质量很好，符合预期,0,2025-10-25 11:34:02,visible
RV00005837,OI000015485,O00009074,U002678,P000377,4,性价比不错,0,2026-05-01 14:39:11,visible
RV00005838,OI000012345,O00007231,U002457,P000333,3,质量很好，符合预期,0,2026-03-30 14:33:49,visible
RV00005839,OI000009543,O00005633,U000006,P000804,4,性价比不错,0,2026-03-19 17:33:13,visible
RV00005840,OI000010844,O00006369,U000027,P000554,4,物流很快，包装完整,0,2026-03-21 06:38:28,visible
RV00005841,OI000001453,O00000842,U000167,P000520,5,性价比不错,0,2025-11-24 08:39:32,visible
RV00005842,OI000011876,O00006953,U003263,P001415,1,体验一般,0,2026-03-31 04:46:55,visible
RV00005843,OI000003192,O00001876,U003812,P001411,5,整体满意,0,2025-05-12 22:28:31,visible
RV00005844,OI000016823,O00009869,U001365,P000589,3,质量很好，符合预期,0,2026-09-13 07:43:17,visible
RV00005845,OI000004184,O00002490,U000132,P000063,5,质量很好，符合预期,1,2025-12-29 17:58:38,visible
RV00005846,OI000011464,O00006721,U000644,P000623,5,整体满意,0,2026-07-17 04:40:05,visible
RV00005847,OI000001406,O00000812,U004795,P000704,5,性价比不错,1,2025-02-16 05:31:25,visible
RV00005848,OI000013153,O00007694,U000545,P001415,4,体验一般,0,2026-04-07 23:22:13,visible
RV00005849,OI000013556,O00007928,U001213,P001221,5,物流很快，包装完整,1,2026-04-22 11:43:48,visible
RV00005850,OI000013513,O00007902,U001094,P000595,2,质量很好，符合预期,0,2025-06-03 09:41:02,visible
RV00005851,OI000014898,O00008720,U001131,P000032,5,质量很好，符合预期,0,2026-04-28 16:21:48,visible
RV00005852,OI000020348,O00011936,U003860,P000798,5,质量很好，符合预期,0,2026-07-21 12:36:46,visible
RV00005853,OI000015274,O00008952,U001644,P000821,5,物流很快，包装完整,0,2025-01-26 07:35:59,visible
RV00005854,OI000014373,O00008413,U000702,P000778,2,质量很好，符合预期,1,2025-09-22 00:19:09,visible
RV00005855,OI000004590,O00002719,U003699,P000353,5,体验一般,1,2025-04-14 00:48:07,visible
RV00005856,OI000000328,O00000184,U002875,P000680,5,性价比不错,0,2025-05-01 05:41:39,visible
RV00005857,OI000002140,O00001261,U004878,P000998,5,质量很好，符合预期,0,2026-05-15 21:54:38,visible
RV00005858,OI000007944,O00004672,U000308,P001036,1,整体满意,0,2025-11-13 01:12:15,visible
RV00005859,OI000013189,O00007715,U000529,P001334,5,整体满意,0,2026-02-08 19:12:47,visible
RV00005860,OI000018634,O00010926,U002353,P000708,5,整体满意,0,2025-05-19 02:07:02,visible
RV00005861,OI000002515,O00001481,U004830,P000068,5,质量很好，符合预期,0,2026-07-19 04:45:22,visible
RV00005862,OI000000469,O00000269,U000905,P001151,5,整体满意,0,2026-08-06 08:21:06,hidden
RV00005863,OI000016554,O00009705,U001631,P000851,5,性价比不错,0,2026-02-15 14:49:33,visible
RV00005864,OI000016763,O00009837,U003983,P000221,3,质量很好，符合预期,0,2026-08-04 19:18:35,visible
RV00005865,OI000010750,O00006319,U003575,P000017,1,体验一般,0,2025-08-07 05:43:20,visible
RV00005866,OI000002338,O00001368,U004830,P000920,5,性价比不错,0,2025-06-05 16:30:36,visible
RV00005867,OI000009575,O00005647,U001323,P000324,3,物流很快，包装完整,1,2025-11-01 12:51:35,visible
RV00005868,OI000003104,O00001827,U000429,P000728,5,质量很好，符合预期,0,2025-03-01 02:14:25,visible
RV00005869,OI000017084,O00010016,U001460,P001398,5,质量很好，符合预期,0,2026-06-10 23:31:46,visible
RV00005870,OI000001229,O00000706,U002830,P000067,4,体验一般,0,2025-06-04 02:13:55,visible
RV00005871,OI000005019,O00002983,U002682,P001098,5,质量很好，符合预期,0,2025-04-24 15:38:51,visible
RV00005872,OI000007359,O00004343,U002822,P001034,5,整体满意,0,2025-05-05 05:52:24,visible
RV00005873,OI000005400,O00003206,U001930,P001109,5,质量很好，符合预期,0,2026-04-21 12:25:23,visible
RV00005874,OI000011578,O00006788,U003889,P000417,5,物流很快，包装完整,0,2025-05-28 19:11:03,visible
RV00005875,OI000000085,O00000051,U001193,P001045,5,性价比不错,0,2025-08-17 20:47:40,visible
RV00005876,OI000006903,O00004075,U004778,P000171,4,整体满意,0,2026-01-08 01:52:01,visible
RV00005877,OI000004805,O00002852,U003732,P001408,2,整体满意,0,2026-05-20 01:44:00,visible
RV00005878,OI000008810,O00005186,U000022,P000860,5,质量很好，符合预期,0,2026-05-29 01:31:13,visible
RV00005879,OI000002264,O00001328,U000762,P001211,5,质量很好，符合预期,0,2026-09-13 19:30:51,visible
RV00005880,OI000019101,O00011202,U001824,P001500,5,性价比不错,0,2025-03-10 16:09:58,visible
RV00005881,OI000015638,O00009171,U004445,P001013,5,性价比不错,0,2025-09-15 11:13:36,visible
RV00005882,OI000016804,O00009860,U004929,P000292,5,质量很好，符合预期,0,2026-08-10 23:39:58,visible
RV00005883,OI000004651,O00002759,U003069,P000637,5,质量很好，符合预期,1,2025-05-17 17:29:12,visible
RV00005884,OI000009124,O00005383,U000013,P001379,4,性价比不错,0,2026-06-06 05:29:35,visible
RV00005885,OI000006352,O00003755,U001743,P001245,4,性价比不错,1,2025-11-08 06:51:37,visible
RV00005886,OI000015788,O00009257,U001220,P000151,4,性价比不错,0,2026-02-20 09:50:04,visible
RV00005887,OI000018401,O00010783,U000038,P001159,4,整体满意,0,2025-02-02 09:29:09,visible
RV00005888,OI000007532,O00004441,U000164,P001035,5,质量很好，符合预期,0,2026-07-07 13:00:33,visible
RV00005889,OI000003323,O00001956,U004542,P000422,4,质量很好，符合预期,1,2025-01-15 23:04:35,visible
RV00005890,OI000015536,O00009106,U003958,P001237,5,物流很快，包装完整,0,2026-06-02 06:26:52,visible
RV00005891,OI000000956,O00000546,U000644,P001202,2,质量很好，符合预期,0,2026-06-23 06:08:43,visible
RV00005892,OI000017371,O00010176,U003323,P001381,5,与描述有差异,0,2025-04-04 07:24:32,visible
RV00005893,OI000002022,O00001196,U004989,P001178,5,体验一般,0,2026-08-22 12:38:57,visible
RV00005894,OI000001930,O00001139,U000728,P001291,5,性价比不错,0,2026-07-22 13:42:26,visible
RV00005895,OI000010406,O00006121,U004842,P000386,5,与描述有差异,1,2025-10-09 16:29:36,visible
RV00005896,OI000008780,O00005169,U003123,P001353,4,物流很快，包装完整,1,2025-11-21 23:21:13,visible
RV00005897,OI000006194,O00003661,U000815,P000680,5,质量很好，符合预期,0,2025-12-06 15:06:37,visible
RV00005898,OI000004573,O00002708,U004572,P000358,5,整体满意,0,2026-06-13 22:02:45,visible
RV00005899,OI000004442,O00002637,U004726,P001028,5,物流很快，包装完整,0,2025-02-03 14:52:33,visible
RV00005900,OI000020335,O00011930,U004779,P000917,2,整体满意,1,2025-09-19 01:45:29,visible
RV00005901,OI000014529,O00008509,U001766,P000626,5,性价比不错,0,2025-08-10 14:55:31,visible
RV00005902,OI000005069,O00003016,U004040,P001016,2,物流很快，包装完整,0,2026-02-08 09:37:40,visible
RV00005903,OI000020270,O00011892,U003829,P001378,4,整体满意,0,2025-04-16 05:34:51,visible
RV00005904,OI000015073,O00008828,U000016,P001330,4,整体满意,0,2025-04-03 21:23:04,visible
RV00005905,OI000018961,O00011118,U000088,P001296,4,体验一般,1,2025-11-22 15:14:29,visible
RV00005906,OI000006741,O00003984,U002947,P001230,5,质量很好，符合预期,1,2025-04-25 12:53:44,visible
RV00005907,OI000001313,O00000757,U002462,P001082,4,物流很快，包装完整,0,2025-01-17 16:30:27,visible
RV00005908,OI000013325,O00007787,U000973,P001459,5,体验一般,0,2025-02-23 17:53:48,visible
RV00005909,OI000008803,O00005180,U002273,P000580,5,与描述有差异,0,2025-02-13 13:01:00,visible
RV00005910,OI000019888,O00011673,U002046,P001134,5,性价比不错,0,2025-09-30 12:53:38,visible
RV00005911,OI000019757,O00011593,U000127,P000827,5,体验一般,1,2026-07-01 05:38:45,visible
RV00005912,OI000004980,O00002960,U003437,P001366,5,性价比不错,0,2025-05-01 09:35:57,visible
RV00005913,OI000019994,O00011729,U004306,P000152,5,性价比不错,0,2025-08-24 02:17:27,visible
RV00005914,OI000008937,O00005267,U000853,P000412,4,性价比不错,0,2026-07-01 18:51:08,visible
RV00005915,OI000001359,O00000783,U002157,P001266,5,整体满意,0,2025-12-20 07:54:09,visible
RV00005916,OI000020148,O00011824,U004545,P001142,5,质量很好，符合预期,1,2025-03-18 03:09:57,visible
RV00005917,OI000002309,O00001353,U003048,P000539,5,整体满意,0,2025-09-21 22:52:11,visible
RV00005918,OI000016636,O00009758,U002778,P001149,5,质量很好，符合预期,0,2025-12-17 22:38:12,visible
RV00005919,OI000011961,O00006995,U004704,P000840,5,性价比不错,0,2025-02-24 08:28:29,visible
RV00005920,OI000013057,O00007638,U000398,P000895,4,性价比不错,0,2026-06-04 21:52:28,visible
RV00005921,OI000019572,O00011483,U001618,P000467,4,整体满意,0,2025-11-30 00:36:49,visible
RV00005922,OI000019763,O00011596,U003769,P000018,4,整体满意,1,2026-02-23 20:33:58,visible
RV00005923,OI000016173,O00009480,U002229,P000725,5,质量很好，符合预期,0,2025-12-13 17:05:30,visible
RV00005924,OI000000542,O00000314,U002571,P000137,4,性价比不错,0,2025-11-24 02:16:46,visible
RV00005925,OI000011052,O00006488,U001249,P000667,5,物流很快，包装完整,0,2026-01-05 05:09:11,visible
RV00005926,OI000012192,O00007139,U000093,P001193,5,物流很快，包装完整,0,2025-12-16 19:19:42,visible
RV00005927,OI000020188,O00011845,U000179,P000468,5,整体满意,0,2026-07-31 14:43:04,visible
RV00005928,OI000013396,O00007828,U003860,P000045,5,性价比不错,0,2025-08-10 23:19:12,visible
RV00005929,OI000020125,O00011807,U001837,P000879,5,整体满意,0,2026-08-24 02:43:44,visible
RV00005930,OI000005167,O00003074,U004702,P000924,5,质量很好，符合预期,0,2025-08-22 19:35:13,visible
RV00005931,OI000015552,O00009115,U004458,P000818,4,与描述有差异,0,2026-03-24 21:12:07,visible
RV00005932,OI000003458,O00002042,U003130,P001440,3,物流很快，包装完整,1,2025-12-09 17:13:58,visible
RV00005933,OI000000962,O00000552,U003481,P000464,5,质量很好，符合预期,0,2026-01-23 06:07:22,visible
RV00005934,OI000000077,O00000045,U000280,P001459,4,质量很好，符合预期,0,2025-09-11 04:07:00,visible
RV00005935,OI000017236,O00010104,U004378,P001144,5,整体满意,0,2025-05-27 01:10:52,visible
RV00005936,OI000003469,O00002048,U001093,P001140,4,整体满意,1,2025-05-16 12:30:04,visible
RV00005937,OI000013399,O00007830,U004419,P000177,5,整体满意,0,2026-04-25 08:34:21,visible
RV00005938,OI000007664,O00004527,U004525,P001405,2,质量很好，符合预期,0,2026-06-21 14:27:26,visible
RV00005939,OI000004173,O00002483,U001955,P000612,5,性价比不错,0,2026-02-21 10:53:36,visible
RV00005940,OI000014850,O00008691,U004654,P000929,3,物流很快，包装完整,0,2025-02-09 05:20:13,visible
RV00005941,OI000012603,O00007370,U001391,P001248,5,质量很好，符合预期,0,2025-02-08 10:34:23,visible
RV00005942,OI000008934,O00005265,U001987,P001142,5,性价比不错,0,2026-03-17 21:56:45,visible
RV00005943,OI000013536,O00007917,U003893,P001421,5,质量很好，符合预期,1,2025-04-21 02:21:45,visible
RV00005944,OI000003129,O00001845,U004135,P000345,5,整体满意,0,2025-06-15 07:47:41,visible
RV00005945,OI000013428,O00007849,U001767,P000501,5,物流很快，包装完整,0,2026-03-23 17:50:04,visible
RV00005946,OI000000489,O00000281,U002711,P000418,5,性价比不错,0,2025-02-08 08:39:07,visible
RV00005947,OI000002326,O00001363,U002154,P000486,4,物流很快，包装完整,0,2025-12-04 12:34:47,visible
RV00005948,OI000014668,O00008584,U000932,P001277,2,性价比不错,0,2026-02-17 21:19:01,visible
RV00005949,OI000007484,O00004418,U002312,P001384,3,体验一般,0,2025-11-27 06:57:02,visible
RV00005950,OI000013870,O00008117,U000265,P000571,5,整体满意,0,2025-10-30 01:33:55,visible
RV00005951,OI000010823,O00006360,U001653,P000254,5,性价比不错,0,2026-06-01 21:22:38,visible
RV00005952,OI000015773,O00009249,U004976,P000972,5,性价比不错,0,2026-07-06 10:01:54,visible
RV00005953,OI000009643,O00005688,U000323,P001368,5,整体满意,0,2025-01-28 05:13:48,visible
RV00005954,OI000018796,O00011019,U004628,P000870,4,性价比不错,0,2026-01-05 14:41:02,visible
RV00005955,OI000007904,O00004651,U000074,P000593,5,性价比不错,0,2026-02-20 01:08:33,visible
RV00005956,OI000016218,O00009509,U001793,P001048,4,质量很好，符合预期,0,2025-05-26 18:24:59,visible
RV00005957,OI000008646,O00005090,U000227,P001159,2,物流很快，包装完整,0,2025-08-30 05:07:27,visible
RV00005958,OI000006205,O00003667,U001726,P001011,5,体验一般,0,2025-12-19 01:11:56,visible
RV00005959,OI000016186,O00009490,U001288,P000421,4,物流很快，包装完整,0,2025-12-24 12:45:49,visible
RV00005960,OI000004951,O00002942,U003667,P000366,5,整体满意,0,2025-05-31 00:31:48,visible
RV00005961,OI000013171,O00007705,U002663,P001207,5,质量很好，符合预期,1,2026-07-25 08:17:43,visible
RV00005962,OI000014705,O00008608,U000024,P001290,2,质量很好，符合预期,0,2026-01-05 20:54:01,visible
RV00005963,OI000002688,O00001588,U001397,P001293,4,体验一般,0,2026-07-30 06:43:59,visible
RV00005964,OI000014241,O00008336,U003031,P000751,5,整体满意,0,2026-01-06 08:31:48,visible
RV00005965,OI000018851,O00011055,U000797,P000748,4,整体满意,0,2026-03-10 10:42:05,visible
RV00005966,OI000004168,O00002479,U001206,P000776,5,性价比不错,0,2026-05-12 05:36:20,visible
RV00005967,OI000013141,O00007687,U001226,P000130,5,性价比不错,0,2025-11-19 10:36:42,visible
RV00005968,OI000018392,O00010778,U001548,P001496,5,质量很好，符合预期,0,2026-02-24 01:28:39,visible
RV00005969,OI000014435,O00008451,U001938,P001263,5,整体满意,1,2026-07-25 10:26:50,visible
RV00005970,OI000001953,O00001155,U002885,P000878,5,整体满意,0,2026-07-20 19:32:10,visible
RV00005971,OI000007965,O00004687,U001694,P000719,4,质量很好，符合预期,0,2025-03-25 08:09:40,visible
RV00005972,OI000001552,O00000903,U004161,P000071,1,质量很好，符合预期,1,2025-05-08 18:44:25,visible
RV00005973,OI000018905,O00011084,U003559,P001253,5,性价比不错,0,2025-11-01 21:57:03,visible
RV00005974,OI000004608,O00002733,U001873,P001311,4,质量很好，符合预期,1,2025-07-12 03:23:42,visible
RV00005975,OI000015651,O00009178,U000056,P000321,5,体验一般,0,2026-08-18 09:43:03,visible
RV00005976,OI000017643,O00010332,U004359,P000446,5,整体满意,0,2026-05-14 21:01:37,visible
RV00005977,OI000019871,O00011660,U001447,P001456,4,质量很好，符合预期,0,2025-04-12 12:40:06,visible
RV00005978,OI000018762,O00011001,U003166,P000355,5,体验一般,0,2025-07-10 06:16:49,visible
RV00005979,OI000005251,O00003124,U000901,P001460,5,物流很快，包装完整,1,2025-07-27 15:38:15,visible
RV00005980,OI000011379,O00006673,U002240,P000763,2,与描述有差异,0,2026-02-07 02:06:47,visible
RV00005981,OI000017383,O00010183,U002657,P000260,5,物流很快，包装完整,0,2025-08-31 04:14:49,visible
RV00005982,OI000019164,O00011240,U001772,P000192,4,体验一般,0,2025-11-24 22:36:03,visible
RV00005983,OI000016627,O00009752,U003834,P001235,5,物流很快，包装完整,0,2025-03-22 23:06:17,visible
RV00005984,OI000013429,O00007849,U001767,P001061,5,物流很快，包装完整,0,2026-03-14 17:50:04,visible
RV00005985,OI000018942,O00011106,U001710,P000357,5,质量很好，符合预期,0,2026-08-07 01:32:28,visible
RV00005986,OI000011727,O00006869,U003362,P001287,5,物流很快，包装完整,1,2026-03-05 17:54:43,visible
RV00005987,OI000009905,O00005835,U000512,P000606,5,质量很好，符合预期,0,2026-05-10 02:06:10,visible
RV00005988,OI000015063,O00008822,U001831,P000482,5,整体满意,0,2025-11-16 19:25:51,visible
RV00005989,OI000000454,O00000261,U002964,P000793,5,体验一般,0,2025-09-15 15:29:42,visible
RV00005990,OI000009071,O00005355,U001638,P000591,4,体验一般,0,2026-06-10 21:55:01,visible
RV00005991,OI000014427,O00008446,U004148,P000622,4,体验一般,0,2025-10-11 18:53:22,visible
RV00005992,OI000012686,O00007417,U001049,P000952,4,质量很好，符合预期,0,2026-05-07 04:48:45,visible
RV00005993,OI000015015,O00008793,U000588,P000622,4,体验一般,0,2026-07-17 00:59:08,visible
RV00005994,OI000014897,O00008719,U000713,P000461,5,整体满意,0,2025-03-31 19:56:46,visible
RV00005995,OI000011978,O00007006,U004324,P001326,5,物流很快，包装完整,0,2025-02-26 01:03:31,visible
RV00005996,OI000008275,O00004873,U000929,P000575,4,整体满意,0,2025-10-01 13:43:03,visible
RV00005997,OI000013047,O00007634,U003474,P001437,5,整体满意,0,2025-03-13 17:22:49,visible
RV00005998,OI000010908,O00006406,U004662,P000642,4,质量很好，符合预期,0,2025-05-01 07:55:37,visible
RV00005999,OI000014924,O00008733,U002895,P000980,5,质量很好，符合预期,0,2026-03-24 09:54:07,visible
RV00006000,OI000000263,O00000146,U003551,P001266,5,与描述有差异,0,2025-11-14 00:52:46,visible
