sku_id,product_id,sku_name,color,specification,market_price,sale_price,cost_price,barcode,sku_status
SKU0000001,P000001,标准款-基础版,星空蓝,小号,1530.77,1111.65,849.87,6900000000001,active
SKU0000002,P000001,云朵白-中号,星空蓝,中号,1340.46,1090.62,650.77,6900000000002,active
SKU0000003,P000002,标准款-升级版,曜石黑,小号,485.37,338.44,176.1,6900000000003,active
SKU0000004,P000002,云朵白-旗舰版,星空蓝,旗舰版,490.67,322.39,228.78,6900000000004,active
SKU0000005,P000003,标准款-中号,曜石黑,升级版,2662.94,2019.59,1018.04,6900000000005,active
SKU0000006,P000003,标准款-旗舰版,曜石黑,中号,2688.74,2269.84,1490.37,6900000000006,active
SKU0000007,P000004,活力橙-基础版,活力橙,升级版,1098.01,887.83,598.94,6900000000007,active
SKU0000008,P000004,云朵白-升级版,标准款,升级版,1006.9,803.36,462.73,6900000000008,active
SKU0000009,P000005,活力橙-中号,活力橙,中号,2788.02,2234.23,1577.38,6900000000009,active
SKU0000010,P000005,曜石黑-基础版,云朵白,中号,2769.96,2069.06,1207.15,6900000000010,active
SKU0000011,P000006,标准款-中号,云朵白,基础版,1566.27,1164.87,682.56,6900000000011,active
SKU0000012,P000006,活力橙-基础版,云朵白,中号,1480.55,1330.05,656.9,6900000000012,active
SKU0000013,P000007,云朵白-中号,曜石黑,中号,352.72,281.26,191.11,6900000000013,active
SKU0000014,P000007,云朵白-大号,标准款,升级版,341.08,284.5,141.61,6900000000014,active
SKU0000015,P000008,活力橙-大号,星空蓝,基础版,4489.23,3502.72,2379.1,6900000000015,active
SKU0000016,P000008,云朵白-旗舰版,暖杏色,大号,3976.9,2971.27,1914.63,6900000000016,active
SKU0000017,P000009,星空蓝-基础版,曜石黑,旗舰版,3370.56,2467.04,1828.46,6900000000017,active
SKU0000018,P000009,曜石黑-旗舰版,星空蓝,大号,3405.06,2330.15,1475.12,6900000000018,active
SKU0000019,P000010,暖杏色-小号,标准款,旗舰版,678.95,511.06,303.84,6900000000019,active
SKU0000020,P000010,云朵白-基础版,标准款,基础版,632.39,486.9,333.48,6900000000020,active
SKU0000021,P000011,云朵白-基础版,暖杏色,升级版,2029.69,1597.31,870.25,6900000000021,active
SKU0000022,P000011,云朵白-小号,云朵白,升级版,2043.69,1750.89,1296.9,6900000000022,active
SKU0000023,P000012,标准款-基础版,标准款,升级版,942.34,745.62,544.77,6900000000023,inactive
SKU0000024,P000012,标准款-小号,标准款,基础版,1015.28,859.63,449.4,6900000000024,active
SKU0000025,P000013,暖杏色-小号,标准款,小号,2234.15,1535.37,1127.29,6900000000025,active
SKU0000026,P000013,暖杏色-小号,云朵白,中号,2128.47,1403.39,716.87,6900000000026,active
SKU0000027,P000014,暖杏色-升级版,云朵白,升级版,3434.91,2436.18,1683.1,6900000000027,active
SKU0000028,P000014,标准款-小号,标准款,中号,3505.05,2895.89,2087.15,6900000000028,active
SKU0000029,P000015,活力橙-升级版,星空蓝,中号,1828.78,1170.11,735.09,6900000000029,active
SKU0000030,P000015,曜石黑-升级版,暖杏色,基础版,1898.49,1354.73,892.41,6900000000030,active
SKU0000031,P000016,云朵白-小号,暖杏色,基础版,2054.88,1655.66,1272.07,6900000000031,active
SKU0000032,P000016,标准款-升级版,标准款,大号,2006.15,1413.59,790.86,6900000000032,active
SKU0000033,P000017,曜石黑-中号,暖杏色,大号,1892.92,1536.73,793.43,6900000000033,active
SKU0000034,P000017,标准款-旗舰版,曜石黑,升级版,1844.5,1458.46,899.34,6900000000034,inactive
SKU0000035,P000018,暖杏色-小号,星空蓝,基础版,2658.31,2307.16,1505.99,6900000000035,active
SKU0000036,P000018,活力橙-升级版,曜石黑,小号,2792.62,2190.76,1216.59,6900000000036,active
SKU0000037,P000019,暖杏色-小号,曜石黑,旗舰版,3601.81,2871.31,1888.01,6900000000037,active
SKU0000038,P000019,曜石黑-旗舰版,暖杏色,大号,3859.47,3295.39,2312.73,6900000000038,active
SKU0000039,P000020,云朵白-中号,曜石黑,旗舰版,3499.39,2959.64,1909.16,6900000000039,active
SKU0000040,P000020,活力橙-大号,活力橙,基础版,3785.12,2592.14,1639.92,6900000000040,active
SKU0000041,P000021,暖杏色-小号,标准款,大号,1912.78,1374.34,952.67,6900000000041,active
SKU0000042,P000021,星空蓝-大号,活力橙,基础版,1851.81,1578.74,990.09,6900000000042,active
SKU0000043,P000022,活力橙-小号,星空蓝,基础版,911.53,732.71,504.81,6900000000043,active
SKU0000044,P000022,云朵白-升级版,星空蓝,小号,921.08,665.11,437.16,6900000000044,active
SKU0000045,P000023,活力橙-旗舰版,暖杏色,旗舰版,3385.54,3307.18,2214.44,6900000000045,active
SKU0000046,P000023,曜石黑-旗舰版,云朵白,旗舰版,3466.67,3249.7,1569.61,6900000000046,active
SKU0000047,P000024,暖杏色-大号,活力橙,旗舰版,2570.09,2143.81,1185.74,6900000000047,active
SKU0000048,P000024,曜石黑-基础版,标准款,小号,2979.55,2082.45,1188.09,6900000000048,active
SKU0000049,P000025,云朵白-大号,曜石黑,基础版,1531.04,1126.07,645.24,6900000000049,active
SKU0000050,P000025,标准款-旗舰版,曜石黑,中号,1441.01,1303.07,660.36,6900000000050,active
SKU0000051,P000026,标准款-旗舰版,星空蓝,升级版,1393.77,1099.3,754.36,6900000000051,active
SKU0000052,P000026,标准款-升级版,曜石黑,大号,1336.77,1067.37,644.72,6900000000052,active
SKU0000053,P000027,活力橙-基础版,曜石黑,大号,1813.51,1456.82,718.35,6900000000053,active
SKU0000054,P000027,星空蓝-基础版,云朵白,大号,1745.3,1251.83,671.46,6900000000054,active
SKU0000055,P000028,曜石黑-小号,活力橙,小号,3107.16,2269.47,1107.39,6900000000055,active
SKU0000056,P000028,云朵白-基础版,曜石黑,基础版,2851.8,2453.3,1189.96,6900000000056,active
SKU0000057,P000029,活力橙-旗舰版,云朵白,中号,335.83,213.05,145.82,6900000000057,active
SKU0000058,P000029,暖杏色-中号,标准款,中号,323.23,252.74,143.04,6900000000058,active
SKU0000059,P000030,活力橙-大号,星空蓝,大号,1231.13,1200.9,897.04,6900000000059,active
SKU0000060,P000030,曜石黑-升级版,云朵白,小号,1465.19,1190.55,649.76,6900000000060,active
SKU0000061,P000031,星空蓝-旗舰版,星空蓝,大号,4391.62,2863.08,1598.22,6900000000061,active
SKU0000062,P000031,标准款-大号,暖杏色,中号,3907.83,2969.25,1927.94,6900000000062,active
SKU0000063,P000032,活力橙-基础版,暖杏色,升级版,2660.26,2467.37,1492.01,6900000000063,active
SKU0000064,P000032,曜石黑-小号,云朵白,基础版,2755.3,2351.09,1757.59,6900000000064,inactive
SKU0000065,P000033,曜石黑-大号,曜石黑,中号,448.28,394.37,208.91,6900000000065,active
SKU0000066,P000033,曜石黑-旗舰版,标准款,中号,458.51,398.11,302.02,6900000000066,active
SKU0000067,P000034,活力橙-旗舰版,曜石黑,小号,2456.62,2031.4,1347.43,6900000000067,active
SKU0000068,P000034,暖杏色-升级版,曜石黑,小号,2782.5,1820.32,1099.12,6900000000068,active
SKU0000069,P000035,星空蓝-大号,活力橙,升级版,3242.66,2937.86,1793.81,6900000000069,active
SKU0000070,P000035,曜石黑-旗舰版,暖杏色,中号,3695.43,2399.9,1279.89,6900000000070,active
SKU0000071,P000036,标准款-小号,活力橙,旗舰版,3850.51,2526.75,1722.43,6900000000071,active
SKU0000072,P000036,标准款-中号,曜石黑,大号,3362.29,3131.98,1952.89,6900000000072,active
SKU0000073,P000037,活力橙-小号,星空蓝,中号,55.16,52.22,35.67,6900000000073,active
SKU0000074,P000037,暖杏色-旗舰版,曜石黑,大号,62.56,49.37,35.74,6900000000074,active
SKU0000075,P000038,暖杏色-基础版,标准款,基础版,3836.22,2400.05,1589.32,6900000000075,active
SKU0000076,P000038,暖杏色-旗舰版,曜石黑,中号,3769.06,2865.11,2167.3,6900000000076,active
SKU0000077,P000039,星空蓝-升级版,标准款,升级版,506.55,447.62,230.18,6900000000077,active
SKU0000078,P000039,标准款-旗舰版,暖杏色,小号,583.42,457.33,270.5,6900000000078,active
SKU0000079,P000040,暖杏色-旗舰版,星空蓝,升级版,1333.85,886.34,598.83,6900000000079,active
SKU0000080,P000040,暖杏色-大号,暖杏色,基础版,1194.12,1027.88,589.54,6900000000080,active
SKU0000081,P000041,曜石黑-小号,标准款,中号,4250.14,2659.98,1539.31,6900000000081,active
SKU0000082,P000041,暖杏色-基础版,曜石黑,基础版,4292.06,3278.21,2188.68,6900000000082,active
SKU0000083,P000042,星空蓝-旗舰版,活力橙,升级版,214.29,159.1,90.41,6900000000083,active
SKU0000084,P000042,云朵白-中号,暖杏色,基础版,211.15,167.92,93.78,6900000000084,active
SKU0000085,P000043,曜石黑-小号,暖杏色,大号,2388.92,2253.68,1469.33,6900000000085,active
SKU0000086,P000043,云朵白-基础版,标准款,小号,2424.7,1974.63,1278.46,6900000000086,active
SKU0000087,P000044,标准款-小号,暖杏色,中号,4465.63,3079.9,1522.73,6900000000087,active
SKU0000088,P000044,标准款-小号,暖杏色,基础版,4325.11,2900.0,1664.62,6900000000088,active
SKU0000089,P000045,云朵白-小号,标准款,基础版,986.89,655.5,392.37,6900000000089,active
SKU0000090,P000045,活力橙-旗舰版,云朵白,大号,845.62,782.14,562.02,6900000000090,active
SKU0000091,P000046,云朵白-升级版,曜石黑,基础版,3167.0,2314.1,1651.48,6900000000091,active
SKU0000092,P000046,曜石黑-升级版,星空蓝,小号,3404.27,2172.92,1307.78,6900000000092,active
SKU0000093,P000047,活力橙-大号,曜石黑,大号,2422.03,1926.7,1062.97,6900000000093,active
SKU0000094,P000047,云朵白-大号,云朵白,小号,2446.92,2043.26,1182.99,6900000000094,active
SKU0000095,P000048,星空蓝-升级版,标准款,中号,239.79,173.59,132.38,6900000000095,active
SKU0000096,P000048,星空蓝-旗舰版,云朵白,中号,201.9,175.64,88.82,6900000000096,active
SKU0000097,P000049,云朵白-旗舰版,曜石黑,旗舰版,1799.28,1459.82,821.14,6900000000097,active
SKU0000098,P000049,暖杏色-大号,标准款,中号,1896.35,1316.89,838.27,6900000000098,active
SKU0000099,P000050,星空蓝-中号,曜石黑,基础版,2173.81,1937.43,1438.89,6900000000099,active
SKU0000100,P000050,曜石黑-基础版,活力橙,大号,2761.92,2016.53,1553.94,6900000000100,active
SKU0000101,P000051,星空蓝-大号,星空蓝,基础版,3350.55,2555.32,1658.34,6900000000101,active
SKU0000102,P000051,暖杏色-升级版,暖杏色,基础版,3626.5,2859.03,2203.45,6900000000102,active
SKU0000103,P000052,活力橙-升级版,曜石黑,升级版,4066.16,2906.3,1593.45,6900000000103,active
SKU0000104,P000052,暖杏色-旗舰版,星空蓝,基础版,3635.13,3060.95,1875.29,6900000000104,active
SKU0000105,P000053,云朵白-大号,暖杏色,中号,3037.05,2515.22,1575.36,6900000000105,active
SKU0000106,P000053,曜石黑-中号,活力橙,中号,3102.13,2229.62,1130.5,6900000000106,active
SKU0000107,P000054,活力橙-旗舰版,星空蓝,大号,2042.31,1578.67,801.03,6900000000107,active
SKU0000108,P000054,曜石黑-基础版,标准款,中号,1879.7,1672.89,877.5,6900000000108,active
SKU0000109,P000055,星空蓝-旗舰版,曜石黑,小号,2447.94,1770.18,1090.39,6900000000109,active
SKU0000110,P000055,星空蓝-小号,星空蓝,旗舰版,2316.87,1823.96,1224.18,6900000000110,active
SKU0000111,P000056,曜石黑-大号,活力橙,升级版,2147.75,1533.27,768.98,6900000000111,active
SKU0000112,P000056,暖杏色-中号,暖杏色,旗舰版,1745.57,1737.13,896.11,6900000000112,active
SKU0000113,P000057,标准款-大号,标准款,旗舰版,548.01,413.36,276.83,6900000000113,active
SKU0000114,P000057,星空蓝-升级版,活力橙,旗舰版,539.55,411.65,198.25,6900000000114,active
SKU0000115,P000058,活力橙-中号,曜石黑,小号,1762.51,1122.07,629.99,6900000000115,active
SKU0000116,P000058,标准款-旗舰版,云朵白,中号,1606.27,1407.11,832.14,6900000000116,active
SKU0000117,P000059,活力橙-大号,曜石黑,旗舰版,1951.53,1366.93,702.19,6900000000117,active
SKU0000118,P000059,暖杏色-升级版,星空蓝,大号,1680.55,1309.75,882.73,6900000000118,active
SKU0000119,P000060,曜石黑-小号,云朵白,基础版,4326.78,2937.41,1555.06,6900000000119,active
SKU0000120,P000060,标准款-中号,暖杏色,旗舰版,3709.09,2952.02,2123.26,6900000000120,inactive
SKU0000121,P000061,星空蓝-小号,活力橙,基础版,3466.58,2776.48,1750.16,6900000000121,active
SKU0000122,P000061,标准款-大号,暖杏色,大号,3673.91,3123.43,1673.98,6900000000122,active
SKU0000123,P000062,云朵白-中号,暖杏色,小号,4075.16,2885.93,1607.82,6900000000123,active
SKU0000124,P000062,云朵白-旗舰版,活力橙,基础版,3992.4,3230.97,1686.11,6900000000124,active
SKU0000125,P000063,云朵白-大号,曜石黑,小号,1085.5,951.22,698.25,6900000000125,active
SKU0000126,P000063,活力橙-大号,曜石黑,旗舰版,1289.69,909.34,659.01,6900000000126,active
SKU0000127,P000064,暖杏色-旗舰版,暖杏色,中号,4064.09,3345.83,2069.21,6900000000127,active
SKU0000128,P000064,曜石黑-中号,曜石黑,大号,4515.04,3460.63,2166.96,6900000000128,active
SKU0000129,P000065,云朵白-旗舰版,星空蓝,升级版,3077.58,2214.08,1239.58,6900000000129,active
SKU0000130,P000065,曜石黑-旗舰版,活力橙,中号,2623.22,2281.55,1241.61,6900000000130,active
SKU0000131,P000066,星空蓝-小号,星空蓝,小号,845.41,640.84,363.42,6900000000131,active
SKU0000132,P000066,活力橙-大号,暖杏色,升级版,967.91,809.48,490.12,6900000000132,active
SKU0000133,P000067,暖杏色-旗舰版,云朵白,旗舰版,3891.4,2952.19,2195.35,6900000000133,active
SKU0000134,P000067,活力橙-小号,曜石黑,基础版,3541.12,2469.32,1561.5,6900000000134,active
SKU0000135,P000068,星空蓝-中号,星空蓝,小号,964.51,711.14,377.32,6900000000135,active
SKU0000136,P000068,暖杏色-中号,活力橙,大号,947.18,747.95,500.25,6900000000136,active
SKU0000137,P000069,暖杏色-基础版,暖杏色,升级版,3477.73,2630.96,1646.15,6900000000137,active
SKU0000138,P000069,云朵白-中号,曜石黑,升级版,3726.89,2556.5,1620.61,6900000000138,active
SKU0000139,P000070,活力橙-旗舰版,标准款,旗舰版,3117.36,2584.37,1355.75,6900000000139,active
SKU0000140,P000070,标准款-旗舰版,活力橙,小号,2744.11,2155.38,1461.38,6900000000140,active
SKU0000141,P000071,标准款-大号,暖杏色,旗舰版,3241.05,2451.18,1788.52,6900000000141,active
SKU0000142,P000071,标准款-大号,标准款,中号,3140.73,2683.55,1748.55,6900000000142,active
SKU0000143,P000072,暖杏色-中号,暖杏色,旗舰版,2910.73,2341.75,1592.41,6900000000143,active
SKU0000144,P000072,曜石黑-基础版,暖杏色,升级版,2899.06,2362.52,1414.98,6900000000144,active
SKU0000145,P000073,曜石黑-基础版,标准款,小号,1063.77,819.42,599.86,6900000000145,active
SKU0000146,P000073,标准款-基础版,星空蓝,旗舰版,1029.31,948.25,469.77,6900000000146,active
SKU0000147,P000074,星空蓝-旗舰版,标准款,升级版,259.0,197.91,115.86,6900000000147,active
SKU0000148,P000074,标准款-小号,星空蓝,大号,267.47,170.81,112.72,6900000000148,active
SKU0000149,P000075,星空蓝-大号,暖杏色,旗舰版,1403.44,1035.33,702.74,6900000000149,inactive
SKU0000150,P000075,活力橙-升级版,活力橙,旗舰版,1402.93,900.15,637.16,6900000000150,active
SKU0000151,P000076,星空蓝-基础版,曜石黑,大号,2909.11,2102.74,1571.41,6900000000151,inactive
SKU0000152,P000076,星空蓝-升级版,暖杏色,大号,2756.3,1986.34,1254.45,6900000000152,active
SKU0000153,P000077,星空蓝-小号,活力橙,基础版,3417.25,2732.81,1317.53,6900000000153,active
SKU0000154,P000077,曜石黑-小号,星空蓝,小号,3268.44,2724.38,1941.72,6900000000154,active
SKU0000155,P000078,云朵白-基础版,活力橙,基础版,1389.84,1129.14,853.15,6900000000155,active
SKU0000156,P000078,活力橙-基础版,活力橙,中号,1188.43,1123.01,731.26,6900000000156,active
SKU0000157,P000079,暖杏色-大号,曜石黑,旗舰版,4006.46,2822.39,1449.05,6900000000157,active
SKU0000158,P000079,暖杏色-旗舰版,曜石黑,中号,3948.68,2879.49,2171.51,6900000000158,active
SKU0000159,P000080,暖杏色-中号,曜石黑,旗舰版,3342.35,2647.32,1737.18,6900000000159,active
SKU0000160,P000080,云朵白-大号,标准款,大号,3900.83,2806.33,1957.31,6900000000160,active
SKU0000161,P000081,暖杏色-小号,标准款,小号,119.03,92.29,56.15,6900000000161,active
SKU0000162,P000081,星空蓝-旗舰版,活力橙,旗舰版,129.52,100.3,70.97,6900000000162,active
SKU0000163,P000082,星空蓝-小号,星空蓝,旗舰版,3422.04,2782.8,1339.9,6900000000163,active
SKU0000164,P000082,星空蓝-小号,暖杏色,升级版,3385.83,2677.51,1548.93,6900000000164,active
SKU0000165,P000083,曜石黑-旗舰版,星空蓝,大号,1873.19,1344.17,1028.4,6900000000165,active
SKU0000166,P000083,标准款-大号,星空蓝,中号,1739.64,1455.5,910.09,6900000000166,active
SKU0000167,P000084,云朵白-旗舰版,标准款,升级版,3939.29,2819.42,1382.49,6900000000167,inactive
SKU0000168,P000084,云朵白-中号,标准款,旗舰版,3318.08,2785.24,2016.13,6900000000168,active
SKU0000169,P000085,暖杏色-小号,云朵白,中号,2955.91,2024.15,1078.98,6900000000169,active
SKU0000170,P000085,暖杏色-基础版,曜石黑,升级版,3166.19,2397.01,1648.68,6900000000170,active
SKU0000171,P000086,活力橙-大号,云朵白,小号,760.78,536.7,373.84,6900000000171,active
SKU0000172,P000086,标准款-中号,星空蓝,基础版,780.21,528.19,365.75,6900000000172,active
SKU0000173,P000087,暖杏色-大号,曜石黑,基础版,2900.87,2392.72,1612.1,6900000000173,active
SKU0000174,P000087,曜石黑-旗舰版,活力橙,大号,2929.75,2660.27,1324.18,6900000000174,active
SKU0000175,P000088,星空蓝-大号,星空蓝,基础版,3219.9,2705.62,1437.55,6900000000175,active
SKU0000176,P000088,活力橙-升级版,云朵白,小号,3393.11,2744.68,1501.51,6900000000176,active
SKU0000177,P000089,活力橙-旗舰版,曜石黑,小号,2288.27,1759.46,889.41,6900000000177,active
SKU0000178,P000089,活力橙-中号,暖杏色,中号,2429.27,2019.62,1128.08,6900000000178,active
SKU0000179,P000090,活力橙-中号,标准款,旗舰版,1696.42,1178.92,761.88,6900000000179,active
SKU0000180,P000090,暖杏色-大号,云朵白,升级版,1546.58,1304.08,730.42,6900000000180,active
SKU0000181,P000091,活力橙-小号,曜石黑,大号,3753.77,3079.51,2061.9,6900000000181,active
SKU0000182,P000091,云朵白-升级版,云朵白,旗舰版,3804.73,2573.69,1282.37,6900000000182,active
SKU0000183,P000092,标准款-旗舰版,星空蓝,小号,2979.26,2759.86,1715.82,6900000000183,active
SKU0000184,P000092,活力橙-旗舰版,标准款,旗舰版,3132.11,2687.41,1419.49,6900000000184,inactive
SKU0000185,P000093,曜石黑-升级版,标准款,大号,317.58,215.78,145.59,6900000000185,active
SKU0000186,P000093,云朵白-中号,标准款,升级版,301.98,257.87,152.66,6900000000186,active
SKU0000187,P000094,曜石黑-中号,暖杏色,中号,689.77,563.77,314.28,6900000000187,active
SKU0000188,P000094,曜石黑-小号,云朵白,基础版,663.64,620.03,405.39,6900000000188,active
SKU0000189,P000095,活力橙-旗舰版,活力橙,小号,2242.15,1877.22,1061.47,6900000000189,active
SKU0000190,P000095,暖杏色-中号,星空蓝,中号,2581.9,1762.09,985.4,6900000000190,active
SKU0000191,P000096,云朵白-中号,暖杏色,小号,1475.59,927.12,697.21,6900000000191,active
SKU0000192,P000096,暖杏色-升级版,云朵白,中号,1233.23,927.23,541.61,6900000000192,active
SKU0000193,P000097,暖杏色-中号,云朵白,大号,736.41,631.82,363.83,6900000000193,active
SKU0000194,P000097,标准款-大号,活力橙,大号,869.21,641.76,457.02,6900000000194,active
SKU0000195,P000098,暖杏色-升级版,星空蓝,旗舰版,831.87,577.11,410.76,6900000000195,active
SKU0000196,P000098,暖杏色-中号,标准款,基础版,770.98,634.94,472.89,6900000000196,active
SKU0000197,P000099,星空蓝-中号,活力橙,中号,1522.4,1068.34,815.34,6900000000197,active
SKU0000198,P000099,曜石黑-基础版,标准款,基础版,1400.86,1127.57,691.03,6900000000198,active
SKU0000199,P000100,云朵白-旗舰版,标准款,升级版,1814.81,1500.52,1113.4,6900000000199,active
SKU0000200,P000100,星空蓝-基础版,标准款,中号,1872.18,1523.56,1113.76,6900000000200,inactive
SKU0000201,P000101,活力橙-中号,标准款,旗舰版,3742.58,2859.56,1601.82,6900000000201,active
SKU0000202,P000101,活力橙-大号,云朵白,中号,3418.02,2412.22,1384.35,6900000000202,active
SKU0000203,P000102,云朵白-小号,云朵白,升级版,2627.0,1685.01,977.76,6900000000203,inactive
SKU0000204,P000102,标准款-大号,星空蓝,中号,2475.41,1819.88,1316.62,6900000000204,active
SKU0000205,P000103,云朵白-小号,标准款,小号,2429.64,2163.73,1051.31,6900000000205,active
SKU0000206,P000103,标准款-升级版,星空蓝,大号,2377.26,2177.14,1407.75,6900000000206,active
SKU0000207,P000104,标准款-基础版,曜石黑,旗舰版,2535.94,2151.62,1593.51,6900000000207,active
SKU0000208,P000104,暖杏色-基础版,活力橙,升级版,2771.32,1872.98,1165.32,6900000000208,active
SKU0000209,P000105,曜石黑-旗舰版,暖杏色,升级版,59.59,51.23,34.82,6900000000209,active
SKU0000210,P000105,暖杏色-小号,暖杏色,升级版,66.31,53.49,26.13,6900000000210,active
SKU0000211,P000106,标准款-基础版,曜石黑,升级版,4341.57,3246.35,1685.25,6900000000211,active
SKU0000212,P000106,活力橙-大号,暖杏色,旗舰版,3838.97,2902.46,2230.96,6900000000212,active
SKU0000213,P000107,曜石黑-小号,暖杏色,中号,1821.96,1767.62,1265.33,6900000000213,active
SKU0000214,P000107,暖杏色-基础版,云朵白,小号,2046.53,1503.18,814.78,6900000000214,active
SKU0000215,P000108,标准款-旗舰版,暖杏色,小号,3404.86,2279.25,1336.51,6900000000215,active
SKU0000216,P000108,标准款-小号,星空蓝,旗舰版,3292.66,2399.28,1618.62,6900000000216,active
SKU0000217,P000109,活力橙-升级版,云朵白,升级版,319.77,233.9,139.3,6900000000217,active
SKU0000218,P000109,曜石黑-升级版,曜石黑,中号,322.24,267.8,129.96,6900000000218,active
SKU0000219,P000110,暖杏色-基础版,暖杏色,中号,2360.81,1779.89,1075.4,6900000000219,active
SKU0000220,P000110,云朵白-大号,标准款,小号,2054.54,1537.12,1186.72,6900000000220,active
SKU0000221,P000111,云朵白-旗舰版,星空蓝,大号,787.14,666.67,332.39,6900000000221,active
SKU0000222,P000111,标准款-旗舰版,星空蓝,旗舰版,869.84,702.77,342.47,6900000000222,active
SKU0000223,P000112,曜石黑-旗舰版,标准款,中号,3259.98,2788.2,2128.35,6900000000223,active
SKU0000224,P000112,暖杏色-升级版,标准款,旗舰版,4129.51,3047.18,1918.55,6900000000224,active
SKU0000225,P000113,暖杏色-基础版,暖杏色,大号,2395.98,1944.56,1080.55,6900000000225,active
SKU0000226,P000113,曜石黑-中号,云朵白,旗舰版,2393.11,2156.76,1311.71,6900000000226,active
SKU0000227,P000114,暖杏色-大号,云朵白,大号,132.89,105.3,66.48,6900000000227,active
SKU0000228,P000114,活力橙-大号,云朵白,升级版,138.01,110.06,64.3,6900000000228,active
SKU0000229,P000115,云朵白-旗舰版,云朵白,升级版,2619.8,2466.6,1690.78,6900000000229,active
SKU0000230,P000115,标准款-中号,暖杏色,升级版,3248.61,2028.65,1234.24,6900000000230,active
SKU0000231,P000116,暖杏色-大号,标准款,旗舰版,3592.97,3378.01,2064.97,6900000000231,active
SKU0000232,P000116,星空蓝-大号,云朵白,旗舰版,4328.78,3446.34,1763.49,6900000000232,active
SKU0000233,P000117,标准款-小号,星空蓝,旗舰版,2060.56,1930.53,1141.4,6900000000233,active
SKU0000234,P000117,暖杏色-小号,星空蓝,中号,2070.53,1610.93,786.0,6900000000234,inactive
SKU0000235,P000118,曜石黑-中号,云朵白,基础版,3149.44,2246.25,1511.08,6900000000235,active
SKU0000236,P000118,标准款-中号,曜石黑,基础版,2995.76,2429.95,1596.15,6900000000236,active
SKU0000237,P000119,标准款-旗舰版,星空蓝,小号,3764.14,2530.82,1973.35,6900000000237,active
SKU0000238,P000119,星空蓝-升级版,曜石黑,基础版,3684.03,3175.64,1709.92,6900000000238,active
SKU0000239,P000120,标准款-中号,活力橙,升级版,2598.01,1984.38,1320.67,6900000000239,active
SKU0000240,P000120,云朵白-大号,曜石黑,旗舰版,2689.94,2124.82,1350.03,6900000000240,active
SKU0000241,P000121,标准款-基础版,曜石黑,旗舰版,1593.64,1199.42,624.07,6900000000241,active
SKU0000242,P000121,星空蓝-旗舰版,曜石黑,基础版,1744.73,1130.02,678.62,6900000000242,inactive
SKU0000243,P000122,标准款-基础版,暖杏色,旗舰版,2273.39,1512.17,1164.21,6900000000243,active
SKU0000244,P000122,曜石黑-中号,星空蓝,中号,2077.75,1795.79,1069.24,6900000000244,active
SKU0000245,P000123,活力橙-升级版,云朵白,小号,1885.01,1564.76,818.53,6900000000245,active
SKU0000246,P000123,暖杏色-小号,暖杏色,小号,1987.98,1563.99,815.84,6900000000246,inactive
SKU0000247,P000124,活力橙-中号,云朵白,中号,1206.2,906.17,629.43,6900000000247,active
SKU0000248,P000124,云朵白-基础版,星空蓝,大号,957.34,871.61,563.48,6900000000248,active
SKU0000249,P000125,标准款-大号,标准款,基础版,3404.6,2680.22,1346.88,6900000000249,active
SKU0000250,P000125,标准款-升级版,暖杏色,中号,4091.75,2997.66,2226.71,6900000000250,active
SKU0000251,P000126,星空蓝-中号,暖杏色,升级版,1375.53,1043.16,553.17,6900000000251,active
SKU0000252,P000126,活力橙-中号,曜石黑,旗舰版,1359.25,977.28,499.59,6900000000252,active
SKU0000253,P000127,云朵白-升级版,活力橙,基础版,152.7,124.02,86.18,6900000000253,active
SKU0000254,P000127,标准款-小号,暖杏色,中号,160.91,112.95,83.06,6900000000254,active
SKU0000255,P000128,星空蓝-小号,曜石黑,小号,1226.53,1048.64,809.49,6900000000255,active
SKU0000256,P000128,暖杏色-大号,活力橙,旗舰版,1394.84,966.82,483.26,6900000000256,active
SKU0000257,P000129,星空蓝-旗舰版,云朵白,小号,306.03,224.75,146.89,6900000000257,active
SKU0000258,P000129,曜石黑-小号,星空蓝,小号,296.1,215.05,121.67,6900000000258,active
SKU0000259,P000130,暖杏色-小号,暖杏色,旗舰版,2528.55,1963.5,1382.61,6900000000259,active
SKU0000260,P000130,标准款-旗舰版,曜石黑,基础版,2581.87,1677.76,923.28,6900000000260,active
SKU0000261,P000131,活力橙-基础版,曜石黑,中号,2331.49,1979.97,1152.15,6900000000261,active
SKU0000262,P000131,云朵白-基础版,曜石黑,基础版,2688.89,2091.84,1076.37,6900000000262,active
SKU0000263,P000132,星空蓝-旗舰版,暖杏色,中号,1114.4,856.04,630.2,6900000000263,active
SKU0000264,P000132,标准款-小号,云朵白,升级版,1094.26,873.03,529.12,6900000000264,inactive
SKU0000265,P000133,标准款-小号,云朵白,基础版,3219.21,2521.28,1474.85,6900000000265,active
SKU0000266,P000133,曜石黑-大号,标准款,旗舰版,3419.38,2215.13,1270.72,6900000000266,active
SKU0000267,P000134,曜石黑-大号,暖杏色,升级版,3840.68,3150.8,1900.52,6900000000267,active
SKU0000268,P000134,暖杏色-旗舰版,曜石黑,旗舰版,3614.78,2935.54,2269.34,6900000000268,active
SKU0000269,P000135,暖杏色-升级版,曜石黑,大号,2643.37,1848.56,1366.28,6900000000269,active
SKU0000270,P000135,标准款-大号,标准款,旗舰版,2966.95,2179.18,1322.95,6900000000270,active
SKU0000271,P000136,暖杏色-大号,活力橙,大号,1505.6,1347.99,1034.44,6900000000271,active
SKU0000272,P000136,曜石黑-小号,标准款,基础版,1860.99,1298.6,858.74,6900000000272,active
SKU0000273,P000137,暖杏色-基础版,云朵白,中号,2185.92,1483.24,1053.66,6900000000273,active
SKU0000274,P000137,暖杏色-大号,云朵白,基础版,1985.91,1486.98,804.2,6900000000274,active
SKU0000275,P000138,云朵白-小号,活力橙,大号,2462.11,2000.1,1311.12,6900000000275,active
SKU0000276,P000138,星空蓝-小号,曜石黑,升级版,2184.62,1617.99,1002.99,6900000000276,active
SKU0000277,P000139,暖杏色-基础版,云朵白,基础版,2238.18,1659.26,992.19,6900000000277,active
SKU0000278,P000139,暖杏色-基础版,活力橙,基础版,1956.61,1571.93,808.7,6900000000278,active
SKU0000279,P000140,曜石黑-基础版,标准款,大号,2906.49,2215.37,1552.86,6900000000279,inactive
SKU0000280,P000140,星空蓝-小号,曜石黑,小号,3201.33,2123.29,1152.76,6900000000280,inactive
SKU0000281,P000141,曜石黑-升级版,标准款,大号,748.59,482.92,288.14,6900000000281,active
SKU0000282,P000141,标准款-基础版,活力橙,基础版,602.37,583.87,330.37,6900000000282,active
SKU0000283,P000142,标准款-基础版,星空蓝,基础版,960.72,675.61,475.34,6900000000283,active
SKU0000284,P000142,曜石黑-小号,曜石黑,升级版,949.46,795.48,555.15,6900000000284,active
SKU0000285,P000143,活力橙-旗舰版,标准款,升级版,1391.92,1124.35,646.79,6900000000285,active
SKU0000286,P000143,标准款-小号,云朵白,升级版,1392.43,1050.89,532.78,6900000000286,active
SKU0000287,P000144,星空蓝-升级版,云朵白,大号,3692.02,2878.55,1704.38,6900000000287,active
SKU0000288,P000144,暖杏色-旗舰版,云朵白,升级版,3242.9,2795.01,1445.02,6900000000288,active
SKU0000289,P000145,活力橙-升级版,暖杏色,旗舰版,2214.66,1787.19,1230.21,6900000000289,active
SKU0000290,P000145,活力橙-小号,星空蓝,基础版,2260.66,1765.43,868.25,6900000000290,active
SKU0000291,P000146,星空蓝-升级版,云朵白,升级版,1489.23,1082.39,562.18,6900000000291,active
SKU0000292,P000146,曜石黑-基础版,活力橙,中号,1583.91,1084.79,800.86,6900000000292,active
SKU0000293,P000147,活力橙-大号,云朵白,小号,2536.38,2166.83,1247.85,6900000000293,active
SKU0000294,P000147,暖杏色-中号,暖杏色,中号,2819.3,2094.72,1591.78,6900000000294,active
SKU0000295,P000148,活力橙-旗舰版,标准款,大号,1741.76,1429.65,1063.48,6900000000295,active
SKU0000296,P000148,标准款-旗舰版,活力橙,升级版,1748.58,1469.67,761.25,6900000000296,active
SKU0000297,P000149,曜石黑-升级版,云朵白,大号,927.68,696.98,463.7,6900000000297,active
SKU0000298,P000149,活力橙-小号,活力橙,大号,906.52,592.4,419.29,6900000000298,active
SKU0000299,P000150,活力橙-大号,标准款,中号,1768.75,1499.44,1162.17,6900000000299,active
SKU0000300,P000150,活力橙-中号,云朵白,升级版,1901.63,1532.11,1141.17,6900000000300,active
SKU0000301,P000151,曜石黑-基础版,星空蓝,大号,4443.24,3426.44,1743.72,6900000000301,active
SKU0000302,P000151,活力橙-旗舰版,活力橙,旗舰版,4081.75,3345.57,2368.14,6900000000302,active
SKU0000303,P000152,曜石黑-旗舰版,活力橙,小号,1592.96,1335.83,915.83,6900000000303,active
SKU0000304,P000152,曜石黑-中号,活力橙,升级版,1474.64,1226.88,786.34,6900000000304,active
SKU0000305,P000153,星空蓝-小号,暖杏色,旗舰版,1537.06,1216.44,735.64,6900000000305,inactive
SKU0000306,P000153,活力橙-大号,云朵白,小号,1565.91,1245.27,936.76,6900000000306,active
SKU0000307,P000154,活力橙-基础版,曜石黑,小号,745.89,663.57,360.17,6900000000307,active
SKU0000308,P000154,活力橙-大号,星空蓝,升级版,840.73,621.27,432.07,6900000000308,active
SKU0000309,P000155,云朵白-小号,活力橙,中号,2373.89,2116.06,1094.77,6900000000309,active
SKU0000310,P000155,曜石黑-中号,星空蓝,升级版,2886.22,2090.64,1509.78,6900000000310,active
SKU0000311,P000156,星空蓝-升级版,活力橙,大号,1332.83,1261.8,910.14,6900000000311,active
SKU0000312,P000156,云朵白-中号,标准款,大号,1642.03,1212.57,926.78,6900000000312,inactive
SKU0000313,P000157,活力橙-升级版,曜石黑,大号,2854.78,2016.55,1395.29,6900000000313,active
SKU0000314,P000157,曜石黑-小号,云朵白,旗舰版,2872.8,2001.78,1286.57,6900000000314,active
SKU0000315,P000158,暖杏色-大号,云朵白,中号,1834.15,1351.31,759.56,6900000000315,active
SKU0000316,P000158,标准款-升级版,活力橙,升级版,1839.64,1357.81,1010.62,6900000000316,active
SKU0000317,P000159,星空蓝-大号,星空蓝,小号,1153.57,834.82,538.99,6900000000317,active
SKU0000318,P000159,曜石黑-旗舰版,星空蓝,基础版,1283.05,976.72,687.01,6900000000318,active
SKU0000319,P000160,星空蓝-旗舰版,曜石黑,旗舰版,1564.58,1214.26,874.59,6900000000319,active
SKU0000320,P000160,标准款-基础版,暖杏色,大号,1508.64,1147.91,680.0,6900000000320,active
SKU0000321,P000161,云朵白-大号,标准款,中号,2397.08,1755.05,851.23,6900000000321,active
SKU0000322,P000161,暖杏色-旗舰版,云朵白,大号,2125.41,1693.88,985.57,6900000000322,active
SKU0000323,P000162,活力橙-中号,云朵白,小号,3143.93,2747.65,1989.23,6900000000323,active
SKU0000324,P000162,曜石黑-升级版,曜石黑,旗舰版,3520.08,2486.39,1410.07,6900000000324,active
SKU0000325,P000163,云朵白-旗舰版,星空蓝,中号,2844.65,2287.35,1568.82,6900000000325,active
SKU0000326,P000163,标准款-中号,标准款,大号,2681.43,2250.0,1131.99,6900000000326,active
SKU0000327,P000164,星空蓝-小号,活力橙,大号,3348.04,2698.53,2028.22,6900000000327,active
SKU0000328,P000164,星空蓝-大号,曜石黑,大号,2952.74,2136.3,1071.64,6900000000328,active
SKU0000329,P000165,曜石黑-升级版,标准款,小号,3166.94,2363.58,1209.43,6900000000329,active
SKU0000330,P000165,活力橙-旗舰版,暖杏色,基础版,3282.4,2615.01,1806.8,6900000000330,active
SKU0000331,P000166,云朵白-中号,标准款,升级版,4144.96,3185.81,1561.59,6900000000331,active
SKU0000332,P000166,云朵白-小号,云朵白,旗舰版,4282.36,3191.96,1653.06,6900000000332,active
SKU0000333,P000167,暖杏色-小号,曜石黑,基础版,103.65,75.51,56.84,6900000000333,active
SKU0000334,P000167,标准款-中号,曜石黑,小号,104.45,77.3,46.03,6900000000334,active
SKU0000335,P000168,曜石黑-中号,标准款,旗舰版,958.35,706.03,429.12,6900000000335,active
SKU0000336,P000168,活力橙-大号,暖杏色,基础版,917.7,820.72,591.9,6900000000336,active
SKU0000337,P000169,星空蓝-旗舰版,曜石黑,小号,43.67,33.04,16.72,6900000000337,active
SKU0000338,P000169,暖杏色-升级版,暖杏色,中号,40.6,33.02,15.9,6900000000338,inactive
SKU0000339,P000170,云朵白-中号,云朵白,中号,1478.11,1036.14,726.29,6900000000339,active
SKU0000340,P000170,暖杏色-旗舰版,曜石黑,小号,1464.75,1035.03,639.81,6900000000340,active
SKU0000341,P000171,标准款-旗舰版,标准款,升级版,2628.38,1789.93,1244.2,6900000000341,active
SKU0000342,P000171,云朵白-升级版,星空蓝,基础版,2280.91,1884.9,1393.44,6900000000342,active
SKU0000343,P000172,曜石黑-小号,活力橙,升级版,1960.63,1573.55,1193.6,6900000000343,active
SKU0000344,P000172,云朵白-旗舰版,活力橙,旗舰版,1750.17,1576.68,990.41,6900000000344,active
SKU0000345,P000173,云朵白-大号,活力橙,旗舰版,3245.42,2935.84,1723.12,6900000000345,active
SKU0000346,P000173,曜石黑-旗舰版,活力橙,大号,3611.88,2463.36,1911.95,6900000000346,active
SKU0000347,P000174,暖杏色-中号,暖杏色,中号,3260.85,2408.78,1277.28,6900000000347,active
SKU0000348,P000174,星空蓝-旗舰版,云朵白,大号,2553.29,2034.84,1513.24,6900000000348,active
SKU0000349,P000175,曜石黑-大号,云朵白,大号,1465.97,1276.85,835.67,6900000000349,active
SKU0000350,P000175,星空蓝-旗舰版,星空蓝,基础版,1723.54,1376.19,664.69,6900000000350,active
SKU0000351,P000176,活力橙-旗舰版,标准款,基础版,1388.77,966.22,569.13,6900000000351,active
SKU0000352,P000176,曜石黑-升级版,星空蓝,中号,1341.96,1062.35,690.32,6900000000352,active
SKU0000353,P000177,标准款-旗舰版,星空蓝,基础版,2401.44,1971.27,1124.95,6900000000353,active
SKU0000354,P000177,星空蓝-旗舰版,标准款,小号,2654.22,2220.9,1520.37,6900000000354,active
SKU0000355,P000178,暖杏色-中号,曜石黑,旗舰版,4063.99,2854.19,1582.43,6900000000355,active
SKU0000356,P000178,暖杏色-升级版,活力橙,升级版,3964.24,3297.15,2341.71,6900000000356,active
SKU0000357,P000179,标准款-升级版,星空蓝,小号,4334.0,2903.23,1489.25,6900000000357,inactive
SKU0000358,P000179,活力橙-大号,活力橙,升级版,4183.56,3200.01,2216.72,6900000000358,active
SKU0000359,P000180,标准款-中号,星空蓝,旗舰版,1545.61,1414.99,925.8,6900000000359,active
SKU0000360,P000180,星空蓝-旗舰版,星空蓝,旗舰版,1934.56,1209.87,632.75,6900000000360,active
SKU0000361,P000181,标准款-大号,标准款,中号,1146.45,989.23,744.54,6900000000361,active
SKU0000362,P000181,暖杏色-小号,曜石黑,旗舰版,1147.36,893.83,613.4,6900000000362,active
SKU0000363,P000182,活力橙-大号,活力橙,中号,1158.2,827.31,480.56,6900000000363,active
SKU0000364,P000182,活力橙-旗舰版,星空蓝,升级版,1012.09,791.26,440.15,6900000000364,active
SKU0000365,P000183,曜石黑-大号,暖杏色,大号,3910.89,2992.04,1576.48,6900000000365,active
SKU0000366,P000183,标准款-基础版,曜石黑,中号,3118.04,2468.24,1382.85,6900000000366,active
SKU0000367,P000184,暖杏色-旗舰版,标准款,升级版,3856.04,3054.1,1503.78,6900000000367,active
SKU0000368,P000184,曜石黑-旗舰版,云朵白,大号,4195.97,3152.26,1913.96,6900000000368,active
SKU0000369,P000185,曜石黑-旗舰版,暖杏色,基础版,3800.25,2932.21,2238.69,6900000000369,active
SKU0000370,P000185,曜石黑-大号,标准款,小号,4195.59,3327.1,2064.29,6900000000370,active
SKU0000371,P000186,活力橙-旗舰版,云朵白,基础版,1691.8,1314.5,728.49,6900000000371,active
SKU0000372,P000186,暖杏色-小号,活力橙,旗舰版,1843.81,1374.9,1026.01,6900000000372,active
SKU0000373,P000187,星空蓝-大号,暖杏色,旗舰版,2842.06,2319.87,1473.63,6900000000373,active
SKU0000374,P000187,活力橙-升级版,活力橙,基础版,3165.83,2511.34,1876.06,6900000000374,inactive
SKU0000375,P000188,曜石黑-大号,云朵白,基础版,3096.48,2262.85,1669.36,6900000000375,active
SKU0000376,P000188,标准款-小号,活力橙,小号,2870.16,2330.84,1324.72,6900000000376,active
SKU0000377,P000189,活力橙-小号,云朵白,中号,1050.09,911.5,549.27,6900000000377,active
SKU0000378,P000189,活力橙-中号,暖杏色,中号,1031.47,812.45,631.13,6900000000378,active
SKU0000379,P000190,曜石黑-旗舰版,暖杏色,旗舰版,2952.81,2375.49,1401.99,6900000000379,active
SKU0000380,P000190,暖杏色-基础版,云朵白,大号,3319.9,2454.8,1633.91,6900000000380,active
SKU0000381,P000191,标准款-基础版,云朵白,基础版,181.33,129.31,87.25,6900000000381,active
SKU0000382,P000191,标准款-基础版,活力橙,基础版,177.19,136.38,89.59,6900000000382,active
SKU0000383,P000192,标准款-大号,曜石黑,中号,1668.02,1172.38,658.28,6900000000383,inactive
SKU0000384,P000192,云朵白-基础版,活力橙,大号,1544.67,1399.24,815.81,6900000000384,active
SKU0000385,P000193,曜石黑-大号,暖杏色,升级版,1957.32,1567.24,901.72,6900000000385,active
SKU0000386,P000193,暖杏色-中号,标准款,基础版,1728.79,1456.86,1006.53,6900000000386,active
SKU0000387,P000194,活力橙-升级版,标准款,升级版,2729.89,2356.02,1566.58,6900000000387,active
SKU0000388,P000194,暖杏色-基础版,标准款,大号,2666.01,2377.51,1193.92,6900000000388,active
SKU0000389,P000195,暖杏色-中号,标准款,小号,1262.3,1007.55,754.13,6900000000389,active
SKU0000390,P000195,云朵白-中号,曜石黑,小号,1196.61,951.95,710.25,6900000000390,active
SKU0000391,P000196,星空蓝-小号,活力橙,中号,1159.02,933.31,608.78,6900000000391,active
SKU0000392,P000196,星空蓝-旗舰版,曜石黑,中号,1090.76,937.94,496.91,6900000000392,active
SKU0000393,P000197,标准款-中号,星空蓝,大号,2200.67,1787.4,1392.38,6900000000393,active
SKU0000394,P000197,标准款-升级版,云朵白,中号,1876.63,1723.74,1055.41,6900000000394,active
SKU0000395,P000198,活力橙-基础版,活力橙,小号,1155.51,1013.82,588.1,6900000000395,active
SKU0000396,P000198,标准款-旗舰版,暖杏色,升级版,1272.76,975.24,533.31,6900000000396,active
SKU0000397,P000199,活力橙-基础版,标准款,升级版,2440.42,1786.46,1089.88,6900000000397,active
SKU0000398,P000199,曜石黑-大号,标准款,小号,2238.87,1710.81,1204.91,6900000000398,active
SKU0000399,P000200,暖杏色-中号,云朵白,大号,2252.75,1678.93,834.03,6900000000399,active
SKU0000400,P000200,曜石黑-升级版,曜石黑,中号,1983.28,1569.31,912.69,6900000000400,active
SKU0000401,P000201,曜石黑-大号,暖杏色,旗舰版,3513.67,2376.64,1806.75,6900000000401,active
SKU0000402,P000201,活力橙-基础版,星空蓝,升级版,3534.31,2641.09,1575.61,6900000000402,active
SKU0000403,P000202,曜石黑-旗舰版,标准款,小号,3056.48,2105.47,1490.31,6900000000403,active
SKU0000404,P000202,云朵白-基础版,活力橙,基础版,3034.82,2221.21,1671.04,6900000000404,active
SKU0000405,P000203,星空蓝-旗舰版,曜石黑,基础版,2683.17,1832.95,892.2,6900000000405,active
SKU0000406,P000203,曜石黑-基础版,标准款,大号,2667.77,2103.52,1464.32,6900000000406,active
SKU0000407,P000204,标准款-大号,云朵白,中号,83.92,73.6,52.54,6900000000407,active
SKU0000408,P000204,标准款-基础版,标准款,升级版,87.4,64.25,32.66,6900000000408,active
SKU0000409,P000205,活力橙-基础版,云朵白,中号,2348.55,1816.96,1070.84,6900000000409,active
SKU0000410,P000205,星空蓝-大号,标准款,大号,2133.46,1786.88,1202.76,6900000000410,active
SKU0000411,P000206,活力橙-升级版,曜石黑,小号,2336.2,1686.86,853.05,6900000000411,active
SKU0000412,P000206,云朵白-大号,星空蓝,旗舰版,2068.53,1869.12,1329.18,6900000000412,active
SKU0000413,P000207,云朵白-升级版,暖杏色,基础版,3082.7,2637.45,1715.53,6900000000413,active
SKU0000414,P000207,暖杏色-小号,云朵白,中号,3039.51,2872.34,1545.47,6900000000414,active
SKU0000415,P000208,活力橙-基础版,曜石黑,中号,1477.55,1035.94,641.67,6900000000415,active
SKU0000416,P000208,暖杏色-小号,活力橙,基础版,1268.09,1031.04,740.41,6900000000416,active
SKU0000417,P000209,暖杏色-基础版,曜石黑,基础版,2783.38,2150.96,1088.69,6900000000417,active
SKU0000418,P000209,云朵白-小号,曜石黑,升级版,2946.5,2192.49,1178.18,6900000000418,active
SKU0000419,P000210,活力橙-升级版,标准款,中号,4351.78,3440.23,2278.86,6900000000419,active
SKU0000420,P000210,活力橙-中号,云朵白,中号,3605.78,3237.01,2168.67,6900000000420,active
SKU0000421,P000211,云朵白-中号,曜石黑,大号,1330.07,1134.58,633.03,6900000000421,active
SKU0000422,P000211,云朵白-旗舰版,曜石黑,基础版,1397.94,1140.64,555.82,6900000000422,active
SKU0000423,P000212,活力橙-大号,云朵白,旗舰版,2773.77,1973.43,1515.18,6900000000423,active
SKU0000424,P000212,活力橙-升级版,云朵白,基础版,2696.55,1949.98,1147.53,6900000000424,active
SKU0000425,P000213,标准款-小号,活力橙,小号,3277.57,2752.81,1898.15,6900000000425,active
SKU0000426,P000213,标准款-旗舰版,标准款,中号,3802.99,2670.1,1789.14,6900000000426,active
SKU0000427,P000214,标准款-基础版,标准款,旗舰版,22.34,16.47,11.4,6900000000427,active
SKU0000428,P000214,星空蓝-大号,曜石黑,小号,22.35,16.63,8.02,6900000000428,active
SKU0000429,P000215,曜石黑-升级版,云朵白,大号,3807.09,2964.3,1976.68,6900000000429,active
SKU0000430,P000215,星空蓝-升级版,云朵白,基础版,3417.65,3326.13,1807.59,6900000000430,active
SKU0000431,P000216,星空蓝-小号,云朵白,基础版,3583.89,2893.42,2122.66,6900000000431,active
SKU0000432,P000216,星空蓝-小号,活力橙,大号,4065.81,2937.19,1610.06,6900000000432,active
SKU0000433,P000217,云朵白-中号,云朵白,基础版,3508.65,2589.97,1408.88,6900000000433,active
SKU0000434,P000217,暖杏色-大号,暖杏色,小号,4024.13,2710.55,2020.91,6900000000434,active
SKU0000435,P000218,云朵白-小号,星空蓝,升级版,3209.69,2510.18,1535.91,6900000000435,active
SKU0000436,P000218,星空蓝-中号,曜石黑,升级版,3132.46,2309.33,1638.39,6900000000436,active
SKU0000437,P000219,曜石黑-中号,云朵白,中号,3642.05,2677.82,1993.16,6900000000437,active
SKU0000438,P000219,曜石黑-基础版,活力橙,旗舰版,3463.22,2820.67,1742.6,6900000000438,active
SKU0000439,P000220,标准款-小号,曜石黑,中号,3500.77,3047.23,1619.82,6900000000439,active
SKU0000440,P000220,云朵白-基础版,活力橙,中号,3632.27,2862.98,1681.22,6900000000440,active
SKU0000441,P000221,曜石黑-中号,曜石黑,旗舰版,450.33,328.43,189.52,6900000000441,active
SKU0000442,P000221,曜石黑-升级版,标准款,小号,473.85,356.63,210.22,6900000000442,inactive
SKU0000443,P000222,标准款-中号,活力橙,旗舰版,506.01,379.72,215.26,6900000000443,active
SKU0000444,P000222,暖杏色-小号,云朵白,大号,484.47,457.48,353.33,6900000000444,active
SKU0000445,P000223,暖杏色-旗舰版,曜石黑,大号,3182.0,2646.67,1576.91,6900000000445,active
SKU0000446,P000223,云朵白-基础版,标准款,升级版,3439.84,2588.54,1480.14,6900000000446,active
SKU0000447,P000224,标准款-大号,活力橙,小号,3170.15,2439.4,1273.8,6900000000447,active
SKU0000448,P000224,曜石黑-中号,曜石黑,中号,3244.41,2013.49,1211.34,6900000000448,active
SKU0000449,P000225,云朵白-小号,星空蓝,升级版,505.45,425.88,247.4,6900000000449,active
SKU0000450,P000225,曜石黑-小号,标准款,小号,557.18,399.07,247.58,6900000000450,active
SKU0000451,P000226,云朵白-旗舰版,曜石黑,中号,3401.59,2967.36,1652.2,6900000000451,active
SKU0000452,P000226,曜石黑-大号,活力橙,旗舰版,3849.5,3039.06,1577.88,6900000000452,active
SKU0000453,P000227,曜石黑-旗舰版,星空蓝,基础版,574.77,467.43,350.05,6900000000453,active
SKU0000454,P000227,星空蓝-基础版,星空蓝,基础版,651.95,505.51,393.67,6900000000454,active
SKU0000455,P000228,标准款-中号,活力橙,旗舰版,758.27,555.49,428.41,6900000000455,active
SKU0000456,P000228,暖杏色-中号,星空蓝,大号,715.0,504.98,339.59,6900000000456,active
SKU0000457,P000229,云朵白-小号,星空蓝,大号,2319.79,1622.99,1141.52,6900000000457,active
SKU0000458,P000229,活力橙-小号,活力橙,小号,2552.78,1974.32,982.77,6900000000458,active
SKU0000459,P000230,曜石黑-升级版,活力橙,基础版,3875.38,3107.08,1603.08,6900000000459,active
SKU0000460,P000230,标准款-基础版,曜石黑,升级版,3643.27,2972.12,2246.12,6900000000460,active
SKU0000461,P000231,标准款-旗舰版,曜石黑,基础版,1158.49,896.91,458.77,6900000000461,active
SKU0000462,P000231,星空蓝-基础版,星空蓝,大号,1165.3,740.92,429.14,6900000000462,active
SKU0000463,P000232,云朵白-升级版,云朵白,小号,1146.25,961.39,536.27,6900000000463,active
SKU0000464,P000232,活力橙-小号,曜石黑,中号,1170.99,941.48,610.95,6900000000464,active
SKU0000465,P000233,曜石黑-旗舰版,星空蓝,升级版,4007.71,2660.7,1806.41,6900000000465,active
SKU0000466,P000233,标准款-大号,暖杏色,升级版,3436.41,3266.23,1689.38,6900000000466,active
SKU0000467,P000234,标准款-小号,云朵白,基础版,3380.35,2757.58,1918.0,6900000000467,active
SKU0000468,P000234,活力橙-小号,曜石黑,中号,3959.25,3152.99,2129.21,6900000000468,active
SKU0000469,P000235,曜石黑-大号,云朵白,旗舰版,663.81,546.45,393.45,6900000000469,active
SKU0000470,P000235,标准款-中号,活力橙,小号,606.06,534.14,383.3,6900000000470,active
SKU0000471,P000236,星空蓝-基础版,活力橙,中号,3713.36,3032.83,1661.88,6900000000471,active
SKU0000472,P000236,标准款-大号,暖杏色,小号,3404.83,2444.23,1285.23,6900000000472,inactive
SKU0000473,P000237,活力橙-升级版,星空蓝,升级版,3130.12,2290.73,1607.89,6900000000473,active
SKU0000474,P000237,暖杏色-小号,暖杏色,中号,2925.6,2467.84,1590.22,6900000000474,inactive
SKU0000475,P000238,活力橙-中号,暖杏色,旗舰版,3130.61,2639.27,2026.74,6900000000475,active
SKU0000476,P000238,星空蓝-大号,曜石黑,小号,3385.89,2415.24,1761.56,6900000000476,active
SKU0000477,P000239,曜石黑-小号,曜石黑,大号,2685.85,2168.51,1335.77,6900000000477,active
SKU0000478,P000239,标准款-中号,曜石黑,小号,2636.66,2040.65,1015.4,6900000000478,active
SKU0000479,P000240,曜石黑-小号,云朵白,大号,300.2,207.63,129.63,6900000000479,inactive
SKU0000480,P000240,星空蓝-升级版,曜石黑,中号,280.66,226.56,145.13,6900000000480,active
SKU0000481,P000241,暖杏色-中号,星空蓝,大号,2549.75,2165.29,1601.07,6900000000481,active
SKU0000482,P000241,曜石黑-中号,标准款,升级版,2660.65,1928.2,1126.28,6900000000482,active
SKU0000483,P000242,云朵白-大号,星空蓝,小号,978.72,788.06,607.03,6900000000483,active
SKU0000484,P000242,暖杏色-大号,星空蓝,旗舰版,1108.53,831.79,617.57,6900000000484,active
SKU0000485,P000243,活力橙-基础版,云朵白,小号,3051.94,2008.78,1094.04,6900000000485,active
SKU0000486,P000243,暖杏色-基础版,星空蓝,基础版,3013.49,1929.99,1128.05,6900000000486,active
SKU0000487,P000244,标准款-旗舰版,曜石黑,大号,3242.12,2257.54,1712.83,6900000000487,active
SKU0000488,P000244,标准款-基础版,曜石黑,旗舰版,2831.94,2078.87,1056.87,6900000000488,active
SKU0000489,P000245,曜石黑-中号,曜石黑,旗舰版,1212.19,888.26,519.11,6900000000489,active
SKU0000490,P000245,曜石黑-中号,暖杏色,升级版,1095.75,770.74,600.32,6900000000490,active
SKU0000491,P000246,暖杏色-升级版,活力橙,升级版,1575.88,1291.66,738.07,6900000000491,active
SKU0000492,P000246,云朵白-小号,暖杏色,旗舰版,1761.97,1325.37,869.7,6900000000492,active
SKU0000493,P000247,暖杏色-中号,标准款,中号,966.51,749.64,514.98,6900000000493,active
SKU0000494,P000247,曜石黑-升级版,活力橙,旗舰版,870.49,745.09,463.72,6900000000494,active
SKU0000495,P000248,云朵白-中号,曜石黑,旗舰版,3088.77,2579.89,1634.22,6900000000495,active
SKU0000496,P000248,曜石黑-旗舰版,活力橙,中号,2956.8,2376.1,1803.43,6900000000496,active
SKU0000497,P000249,活力橙-小号,活力橙,大号,3483.84,2843.16,2136.65,6900000000497,active
SKU0000498,P000249,标准款-旗舰版,暖杏色,旗舰版,3266.02,2910.74,2247.62,6900000000498,active
SKU0000499,P000250,曜石黑-大号,标准款,中号,696.69,520.8,293.38,6900000000499,active
SKU0000500,P000250,云朵白-大号,云朵白,大号,587.11,507.26,299.19,6900000000500,active
SKU0000501,P000251,暖杏色-升级版,云朵白,基础版,3359.01,2797.27,2107.78,6900000000501,active
SKU0000502,P000251,活力橙-升级版,暖杏色,旗舰版,3474.99,2565.06,1512.94,6900000000502,active
SKU0000503,P000252,星空蓝-大号,标准款,中号,731.22,564.36,380.17,6900000000503,active
SKU0000504,P000252,暖杏色-基础版,标准款,中号,660.81,595.57,394.52,6900000000504,active
SKU0000505,P000253,曜石黑-基础版,暖杏色,中号,108.06,77.37,37.45,6900000000505,active
SKU0000506,P000253,云朵白-基础版,云朵白,基础版,108.28,76.1,51.36,6900000000506,active
SKU0000507,P000254,标准款-旗舰版,云朵白,旗舰版,3308.48,2579.81,1728.28,6900000000507,active
SKU0000508,P000254,标准款-大号,暖杏色,中号,3105.25,2690.56,1756.68,6900000000508,active
SKU0000509,P000255,云朵白-中号,曜石黑,小号,3900.13,2492.98,1566.35,6900000000509,active
SKU0000510,P000255,标准款-大号,云朵白,基础版,4024.38,3089.36,1610.13,6900000000510,active
SKU0000511,P000256,星空蓝-旗舰版,暖杏色,升级版,3969.93,2506.88,1376.78,6900000000511,active
SKU0000512,P000256,星空蓝-小号,星空蓝,大号,3369.01,2488.46,1198.98,6900000000512,active
SKU0000513,P000257,云朵白-基础版,星空蓝,旗舰版,1391.91,1212.95,583.18,6900000000513,active
SKU0000514,P000257,标准款-小号,曜石黑,中号,1382.9,1197.69,841.22,6900000000514,active
SKU0000515,P000258,云朵白-升级版,活力橙,大号,2185.75,1855.43,1199.13,6900000000515,active
SKU0000516,P000258,曜石黑-基础版,曜石黑,升级版,2479.12,1827.51,1419.56,6900000000516,inactive
SKU0000517,P000259,星空蓝-升级版,曜石黑,大号,1669.98,1199.35,669.94,6900000000517,active
SKU0000518,P000259,云朵白-升级版,星空蓝,升级版,1614.91,1350.68,924.33,6900000000518,active
SKU0000519,P000260,标准款-旗舰版,曜石黑,小号,717.1,558.83,432.35,6900000000519,active
SKU0000520,P000260,暖杏色-基础版,星空蓝,大号,777.28,596.29,408.63,6900000000520,active
SKU0000521,P000261,云朵白-中号,云朵白,小号,555.98,433.57,226.33,6900000000521,active
SKU0000522,P000261,标准款-旗舰版,星空蓝,基础版,533.71,434.21,240.73,6900000000522,active
SKU0000523,P000262,标准款-小号,活力橙,小号,699.77,559.0,321.98,6900000000523,active
SKU0000524,P000262,标准款-大号,暖杏色,基础版,616.34,516.19,323.86,6900000000524,active
SKU0000525,P000263,暖杏色-大号,标准款,旗舰版,1427.8,1134.53,777.25,6900000000525,active
SKU0000526,P000263,活力橙-旗舰版,标准款,小号,1350.2,1006.18,537.95,6900000000526,active
SKU0000527,P000264,云朵白-中号,标准款,大号,839.79,722.61,390.69,6900000000527,active
SKU0000528,P000264,活力橙-旗舰版,标准款,升级版,972.54,630.07,407.49,6900000000528,active
SKU0000529,P000265,曜石黑-小号,云朵白,升级版,3866.12,2999.25,1715.8,6900000000529,active
SKU0000530,P000265,标准款-小号,云朵白,中号,3873.1,2904.0,1512.57,6900000000530,active
SKU0000531,P000266,暖杏色-基础版,活力橙,大号,505.61,389.22,246.0,6900000000531,active
SKU0000532,P000266,活力橙-基础版,星空蓝,旗舰版,496.04,394.18,225.37,6900000000532,active
SKU0000533,P000267,星空蓝-大号,曜石黑,大号,4081.36,2914.94,1505.95,6900000000533,active
SKU0000534,P000267,活力橙-小号,曜石黑,基础版,3329.6,2826.37,2033.75,6900000000534,active
SKU0000535,P000268,星空蓝-大号,曜石黑,升级版,3344.38,2818.89,1515.97,6900000000535,active
SKU0000536,P000268,曜石黑-升级版,星空蓝,旗舰版,3629.51,2463.3,1353.4,6900000000536,active
SKU0000537,P000269,曜石黑-中号,活力橙,小号,2486.53,1874.2,1221.88,6900000000537,active
SKU0000538,P000269,云朵白-大号,云朵白,大号,2687.64,1884.17,1061.93,6900000000538,inactive
SKU0000539,P000270,星空蓝-小号,标准款,基础版,1406.54,958.86,695.17,6900000000539,active
SKU0000540,P000270,标准款-基础版,云朵白,小号,1236.82,1008.33,628.58,6900000000540,active
SKU0000541,P000271,星空蓝-中号,标准款,大号,895.24,789.07,446.06,6900000000541,active
SKU0000542,P000271,暖杏色-小号,曜石黑,小号,982.07,761.63,545.73,6900000000542,active
SKU0000543,P000272,星空蓝-大号,云朵白,中号,1079.83,745.59,562.01,6900000000543,active
SKU0000544,P000272,标准款-大号,曜石黑,小号,1111.27,801.96,505.12,6900000000544,inactive
SKU0000545,P000273,星空蓝-升级版,暖杏色,旗舰版,3131.29,2840.07,1700.11,6900000000545,active
SKU0000546,P000273,标准款-大号,云朵白,中号,3731.56,2877.82,1911.84,6900000000546,active
SKU0000547,P000274,活力橙-中号,暖杏色,升级版,2243.08,1690.66,814.37,6900000000547,active
SKU0000548,P000274,星空蓝-升级版,活力橙,基础版,2227.76,1472.75,1013.77,6900000000548,active
SKU0000549,P000275,星空蓝-旗舰版,曜石黑,小号,270.75,243.84,189.26,6900000000549,active
SKU0000550,P000275,曜石黑-基础版,云朵白,旗舰版,266.82,248.28,172.53,6900000000550,active
SKU0000551,P000276,活力橙-大号,活力橙,中号,2518.1,2127.72,1642.93,6900000000551,active
SKU0000552,P000276,暖杏色-大号,星空蓝,旗舰版,2437.87,2085.19,1476.65,6900000000552,active
SKU0000553,P000277,云朵白-旗舰版,标准款,大号,3118.62,2248.6,1538.63,6900000000553,active
SKU0000554,P000277,曜石黑-中号,星空蓝,旗舰版,2939.33,2243.27,1154.27,6900000000554,active
SKU0000555,P000278,曜石黑-升级版,暖杏色,升级版,1853.56,1523.46,818.94,6900000000555,active
SKU0000556,P000278,云朵白-大号,星空蓝,中号,1797.94,1562.58,966.54,6900000000556,active
SKU0000557,P000279,云朵白-旗舰版,暖杏色,大号,1788.35,1455.56,901.44,6900000000557,active
SKU0000558,P000279,曜石黑-升级版,云朵白,升级版,1536.96,1251.7,806.44,6900000000558,active
SKU0000559,P000280,标准款-升级版,星空蓝,基础版,880.13,856.94,534.73,6900000000559,active
SKU0000560,P000280,暖杏色-基础版,暖杏色,升级版,927.33,826.93,636.15,6900000000560,active
SKU0000561,P000281,标准款-旗舰版,标准款,基础版,3000.37,2684.82,2033.16,6900000000561,active
SKU0000562,P000281,曜石黑-小号,星空蓝,大号,3603.02,2813.01,1372.98,6900000000562,active
SKU0000563,P000282,标准款-大号,活力橙,旗舰版,3001.45,2580.46,1343.31,6900000000563,active
SKU0000564,P000282,标准款-升级版,活力橙,基础版,3336.69,2577.16,1864.89,6900000000564,inactive
SKU0000565,P000283,标准款-升级版,云朵白,大号,1754.62,1339.46,835.77,6900000000565,active
SKU0000566,P000283,暖杏色-大号,活力橙,升级版,1958.63,1386.6,870.08,6900000000566,active
SKU0000567,P000284,曜石黑-小号,标准款,基础版,2852.99,2273.25,1698.49,6900000000567,active
SKU0000568,P000284,云朵白-大号,云朵白,旗舰版,2847.82,2396.5,1598.89,6900000000568,active
SKU0000569,P000285,曜石黑-中号,云朵白,升级版,3666.02,2923.77,2174.46,6900000000569,active
SKU0000570,P000285,星空蓝-中号,暖杏色,大号,4225.87,3192.47,1917.4,6900000000570,active
SKU0000571,P000286,标准款-中号,标准款,中号,1983.5,1417.12,966.28,6900000000571,active
SKU0000572,P000286,曜石黑-小号,活力橙,旗舰版,2005.58,1577.72,996.85,6900000000572,active
SKU0000573,P000287,暖杏色-中号,星空蓝,旗舰版,3119.51,2431.41,1566.41,6900000000573,active
SKU0000574,P000287,暖杏色-中号,活力橙,中号,3023.52,2432.97,1303.48,6900000000574,active
SKU0000575,P000288,活力橙-中号,活力橙,中号,2739.11,1965.38,1140.41,6900000000575,active
SKU0000576,P000288,云朵白-中号,云朵白,旗舰版,2627.5,1959.27,1425.76,6900000000576,active
SKU0000577,P000289,标准款-中号,标准款,大号,4224.61,3200.06,1587.35,6900000000577,inactive
SKU0000578,P000289,云朵白-升级版,曜石黑,中号,3781.47,3167.53,2255.61,6900000000578,active
SKU0000579,P000290,标准款-中号,星空蓝,旗舰版,1861.55,1460.8,972.8,6900000000579,active
SKU0000580,P000290,曜石黑-升级版,暖杏色,小号,2036.51,1565.93,854.98,6900000000580,active
SKU0000581,P000291,暖杏色-旗舰版,星空蓝,升级版,923.01,799.84,536.64,6900000000581,active
SKU0000582,P000291,云朵白-中号,云朵白,小号,1012.1,848.57,649.94,6900000000582,active
SKU0000583,P000292,暖杏色-小号,活力橙,基础版,2766.05,2230.41,1613.45,6900000000583,active
SKU0000584,P000292,暖杏色-升级版,曜石黑,大号,2828.68,2584.22,1792.68,6900000000584,active
SKU0000585,P000293,标准款-小号,活力橙,小号,4036.52,3039.93,2365.74,6900000000585,active
SKU0000586,P000293,星空蓝-大号,活力橙,小号,4007.45,3112.49,1523.94,6900000000586,active
SKU0000587,P000294,云朵白-旗舰版,云朵白,中号,1992.84,1762.17,1295.0,6900000000587,active
SKU0000588,P000294,暖杏色-基础版,星空蓝,基础版,2258.81,1833.3,1170.05,6900000000588,active
SKU0000589,P000295,星空蓝-基础版,星空蓝,旗舰版,4367.61,3364.45,2024.39,6900000000589,active
SKU0000590,P000295,活力橙-基础版,星空蓝,中号,4296.47,2951.66,1664.75,6900000000590,active
SKU0000591,P000296,曜石黑-大号,星空蓝,基础版,3539.43,2731.51,2106.74,6900000000591,active
SKU0000592,P000296,暖杏色-基础版,星空蓝,旗舰版,3535.66,2451.7,1448.8,6900000000592,active
SKU0000593,P000297,曜石黑-中号,标准款,小号,4149.13,3010.09,2057.97,6900000000593,active
SKU0000594,P000297,标准款-小号,暖杏色,小号,3471.56,3020.9,1681.26,6900000000594,active
SKU0000595,P000298,云朵白-旗舰版,星空蓝,旗舰版,1658.72,1101.38,551.61,6900000000595,active
SKU0000596,P000298,暖杏色-大号,暖杏色,大号,1596.33,1146.92,757.78,6900000000596,active
SKU0000597,P000299,曜石黑-中号,暖杏色,基础版,2686.9,1994.51,1082.14,6900000000597,active
SKU0000598,P000299,标准款-大号,云朵白,基础版,2630.37,2229.98,1503.5,6900000000598,active
SKU0000599,P000300,星空蓝-大号,标准款,旗舰版,3736.02,2493.25,1559.63,6900000000599,active
SKU0000600,P000300,标准款-大号,暖杏色,旗舰版,3750.47,2525.0,1359.26,6900000000600,active
SKU0000601,P000301,星空蓝-基础版,曜石黑,升级版,1313.48,819.32,426.76,6900000000601,active
SKU0000602,P000301,活力橙-大号,曜石黑,旗舰版,1286.73,992.2,665.87,6900000000602,active
SKU0000603,P000302,标准款-升级版,标准款,旗舰版,2954.55,2639.72,1912.08,6900000000603,active
SKU0000604,P000302,云朵白-小号,星空蓝,基础版,3572.31,2462.12,1389.28,6900000000604,active
SKU0000605,P000303,曜石黑-旗舰版,暖杏色,大号,833.65,572.59,328.96,6900000000605,active
SKU0000606,P000303,曜石黑-升级版,云朵白,基础版,663.51,578.69,278.6,6900000000606,active
SKU0000607,P000304,星空蓝-小号,标准款,中号,3300.49,2577.87,1825.46,6900000000607,active
SKU0000608,P000304,云朵白-基础版,标准款,旗舰版,3805.81,3144.5,2214.84,6900000000608,active
SKU0000609,P000305,暖杏色-升级版,曜石黑,旗舰版,3612.58,3146.49,1896.35,6900000000609,active
SKU0000610,P000305,暖杏色-基础版,标准款,中号,3681.16,3055.76,1834.78,6900000000610,active
SKU0000611,P000306,曜石黑-小号,曜石黑,升级版,3620.7,3050.49,2223.89,6900000000611,active
SKU0000612,P000306,曜石黑-升级版,云朵白,中号,3970.78,3138.14,2428.09,6900000000612,active
SKU0000613,P000307,活力橙-基础版,云朵白,中号,3411.31,3056.01,2262.0,6900000000613,inactive
SKU0000614,P000307,标准款-升级版,标准款,大号,3670.34,2849.07,1492.53,6900000000614,active
SKU0000615,P000308,曜石黑-升级版,云朵白,小号,3492.62,2722.67,1960.48,6900000000615,active
SKU0000616,P000308,暖杏色-大号,曜石黑,小号,4149.83,2974.11,2216.21,6900000000616,active
SKU0000617,P000309,星空蓝-基础版,暖杏色,大号,2135.12,1671.92,1141.99,6900000000617,active
SKU0000618,P000309,星空蓝-小号,暖杏色,升级版,2055.21,1537.48,795.42,6900000000618,active
SKU0000619,P000310,标准款-中号,暖杏色,旗舰版,40.9,32.51,16.79,6900000000619,active
SKU0000620,P000310,暖杏色-升级版,暖杏色,大号,40.56,32.06,16.81,6900000000620,active
SKU0000621,P000311,云朵白-升级版,云朵白,小号,3713.55,3422.19,2410.92,6900000000621,active
SKU0000622,P000311,曜石黑-中号,星空蓝,小号,4511.86,3068.01,1545.41,6900000000622,active
SKU0000623,P000312,标准款-小号,曜石黑,基础版,228.96,200.82,140.64,6900000000623,active
SKU0000624,P000312,标准款-基础版,标准款,大号,243.81,207.45,149.84,6900000000624,active
SKU0000625,P000313,星空蓝-基础版,标准款,中号,3715.29,2625.2,1296.83,6900000000625,active
SKU0000626,P000313,星空蓝-小号,标准款,升级版,2970.39,2308.39,1244.25,6900000000626,active
SKU0000627,P000314,标准款-基础版,曜石黑,小号,1677.69,1371.57,885.05,6900000000627,active
SKU0000628,P000314,星空蓝-大号,星空蓝,旗舰版,1770.16,1343.21,909.19,6900000000628,active
SKU0000629,P000315,星空蓝-大号,活力橙,基础版,814.94,675.72,426.1,6900000000629,active
SKU0000630,P000315,星空蓝-基础版,云朵白,升级版,687.38,555.5,350.26,6900000000630,active
SKU0000631,P000316,曜石黑-旗舰版,曜石黑,大号,2471.98,1833.32,1094.21,6900000000631,active
SKU0000632,P000316,星空蓝-小号,曜石黑,中号,2477.05,1952.44,1072.95,6900000000632,active
SKU0000633,P000317,曜石黑-小号,活力橙,基础版,2201.56,1767.2,994.73,6900000000633,active
SKU0000634,P000317,活力橙-大号,曜石黑,旗舰版,2123.34,1676.06,1070.53,6900000000634,active
SKU0000635,P000318,标准款-小号,星空蓝,旗舰版,1504.75,1280.7,788.78,6900000000635,active
SKU0000636,P000318,云朵白-升级版,星空蓝,旗舰版,1714.23,1180.85,705.35,6900000000636,active
SKU0000637,P000319,云朵白-小号,曜石黑,大号,2143.82,1872.89,1422.63,6900000000637,active
SKU0000638,P000319,暖杏色-小号,暖杏色,基础版,2548.3,1912.48,1309.45,6900000000638,active
SKU0000639,P000320,标准款-旗舰版,曜石黑,基础版,178.77,129.39,64.22,6900000000639,active
SKU0000640,P000320,星空蓝-旗舰版,活力橙,大号,159.27,135.57,84.87,6900000000640,active
SKU0000641,P000321,曜石黑-基础版,活力橙,大号,1990.47,1356.68,657.48,6900000000641,active
SKU0000642,P000321,活力橙-旗舰版,星空蓝,小号,1721.13,1411.88,821.85,6900000000642,active
SKU0000643,P000322,活力橙-中号,星空蓝,升级版,2524.06,2098.6,1058.19,6900000000643,active
SKU0000644,P000322,标准款-小号,星空蓝,旗舰版,2825.71,1782.17,1070.45,6900000000644,active
SKU0000645,P000323,暖杏色-小号,标准款,旗舰版,4305.15,2858.27,1972.79,6900000000645,active
SKU0000646,P000323,星空蓝-旗舰版,云朵白,中号,3995.36,3308.54,1852.92,6900000000646,active
SKU0000647,P000324,标准款-旗舰版,暖杏色,升级版,2058.22,1546.11,1160.81,6900000000647,active
SKU0000648,P000324,标准款-大号,暖杏色,基础版,2011.98,1673.22,1017.15,6900000000648,active
SKU0000649,P000325,星空蓝-基础版,暖杏色,中号,3296.62,2859.71,1486.74,6900000000649,active
SKU0000650,P000325,标准款-小号,云朵白,基础版,3418.73,2937.9,2139.08,6900000000650,active
SKU0000651,P000326,曜石黑-基础版,云朵白,中号,2293.61,2041.44,1335.65,6900000000651,active
SKU0000652,P000326,标准款-大号,云朵白,小号,2442.02,1816.16,954.06,6900000000652,active
SKU0000653,P000327,曜石黑-中号,标准款,旗舰版,1786.45,1670.08,1242.53,6900000000653,active
SKU0000654,P000327,星空蓝-小号,星空蓝,旗舰版,2153.16,1543.59,1193.1,6900000000654,active
SKU0000655,P000328,曜石黑-中号,暖杏色,旗舰版,2848.56,1776.44,942.92,6900000000655,active
SKU0000656,P000328,云朵白-升级版,活力橙,旗舰版,2339.41,1966.83,1232.68,6900000000656,active
SKU0000657,P000329,暖杏色-中号,标准款,大号,3488.95,3393.66,2410.52,6900000000657,active
SKU0000658,P000329,暖杏色-大号,暖杏色,基础版,3960.74,2834.13,1394.62,6900000000658,active
SKU0000659,P000330,曜石黑-基础版,标准款,大号,3176.55,2543.51,1528.66,6900000000659,active
SKU0000660,P000330,活力橙-升级版,活力橙,大号,3294.23,2549.33,1501.46,6900000000660,active
SKU0000661,P000331,曜石黑-小号,曜石黑,升级版,4513.16,3404.69,2098.18,6900000000661,active
SKU0000662,P000331,标准款-旗舰版,曜石黑,升级版,3813.22,3272.86,1666.5,6900000000662,active
SKU0000663,P000332,活力橙-中号,标准款,升级版,681.97,565.46,408.21,6900000000663,active
SKU0000664,P000332,标准款-旗舰版,活力橙,大号,681.07,519.79,401.44,6900000000664,active
SKU0000665,P000333,暖杏色-小号,云朵白,基础版,4007.33,2732.45,2010.75,6900000000665,active
SKU0000666,P000333,活力橙-旗舰版,曜石黑,小号,3331.05,3170.31,2218.8,6900000000666,active
SKU0000667,P000334,曜石黑-升级版,星空蓝,小号,690.75,542.17,292.26,6900000000667,active
SKU0000668,P000334,标准款-旗舰版,云朵白,基础版,667.57,509.75,291.34,6900000000668,active
SKU0000669,P000335,星空蓝-基础版,暖杏色,基础版,4429.05,3295.06,1954.56,6900000000669,active
SKU0000670,P000335,标准款-旗舰版,暖杏色,基础版,3761.48,3259.5,2494.61,6900000000670,active
SKU0000671,P000336,标准款-旗舰版,暖杏色,大号,855.71,661.48,490.09,6900000000671,active
SKU0000672,P000336,活力橙-大号,云朵白,升级版,806.98,781.69,603.67,6900000000672,active
SKU0000673,P000337,曜石黑-小号,暖杏色,大号,3284.16,2434.53,1290.33,6900000000673,inactive
SKU0000674,P000337,星空蓝-大号,曜石黑,小号,3357.1,2417.79,1484.38,6900000000674,active
SKU0000675,P000338,云朵白-升级版,曜石黑,升级版,1670.23,1495.71,938.32,6900000000675,active
SKU0000676,P000338,标准款-旗舰版,星空蓝,中号,1600.79,1462.41,959.26,6900000000676,active
SKU0000677,P000339,活力橙-基础版,云朵白,旗舰版,3564.41,2657.92,1872.15,6900000000677,active
SKU0000678,P000339,标准款-大号,暖杏色,中号,3837.43,2680.89,1440.15,6900000000678,active
SKU0000679,P000340,标准款-基础版,标准款,中号,1984.29,1630.54,971.37,6900000000679,active
SKU0000680,P000340,活力橙-大号,云朵白,基础版,2166.34,1432.06,729.76,6900000000680,inactive
SKU0000681,P000341,曜石黑-中号,活力橙,升级版,462.67,430.33,255.28,6900000000681,active
SKU0000682,P000341,曜石黑-中号,暖杏色,旗舰版,493.78,390.98,210.83,6900000000682,active
SKU0000683,P000342,标准款-升级版,星空蓝,中号,3838.21,3174.6,1583.34,6900000000683,active
SKU0000684,P000342,暖杏色-基础版,标准款,小号,3866.93,3462.51,2483.66,6900000000684,active
SKU0000685,P000343,暖杏色-基础版,曜石黑,旗舰版,199.23,146.97,109.35,6900000000685,inactive
SKU0000686,P000343,暖杏色-大号,星空蓝,旗舰版,195.96,171.32,85.94,6900000000686,active
SKU0000687,P000344,曜石黑-中号,云朵白,中号,2474.66,1761.38,983.71,6900000000687,active
SKU0000688,P000344,曜石黑-大号,暖杏色,旗舰版,2685.17,1793.08,1239.63,6900000000688,active
SKU0000689,P000345,云朵白-大号,星空蓝,旗舰版,4158.67,2731.47,2028.52,6900000000689,active
SKU0000690,P000345,云朵白-升级版,活力橙,旗舰版,4140.89,3168.37,1877.35,6900000000690,active
SKU0000691,P000346,云朵白-中号,星空蓝,中号,3265.55,2861.78,1548.95,6900000000691,active
SKU0000692,P000346,星空蓝-基础版,活力橙,小号,3605.54,3031.05,1837.73,6900000000692,active
SKU0000693,P000347,星空蓝-中号,云朵白,大号,2008.69,1269.08,698.22,6900000000693,active
SKU0000694,P000347,暖杏色-小号,云朵白,旗舰版,1875.31,1457.92,899.6,6900000000694,active
SKU0000695,P000348,标准款-旗舰版,云朵白,中号,3834.54,3377.69,1780.71,6900000000695,active
SKU0000696,P000348,云朵白-升级版,云朵白,小号,4185.86,3076.07,2322.41,6900000000696,active
SKU0000697,P000349,云朵白-旗舰版,云朵白,基础版,803.09,705.12,449.88,6900000000697,active
SKU0000698,P000349,曜石黑-小号,云朵白,大号,948.43,708.76,508.95,6900000000698,active
SKU0000699,P000350,标准款-升级版,活力橙,中号,3189.79,2686.33,1366.93,6900000000699,active
SKU0000700,P000350,曜石黑-基础版,星空蓝,基础版,3409.94,2252.29,1287.74,6900000000700,active
SKU0000701,P000351,暖杏色-基础版,曜石黑,升级版,2964.95,2341.0,1710.71,6900000000701,active
SKU0000702,P000351,标准款-中号,活力橙,基础版,2910.18,2459.89,1458.91,6900000000702,active
SKU0000703,P000352,云朵白-中号,标准款,基础版,633.9,432.04,282.06,6900000000703,active
SKU0000704,P000352,曜石黑-升级版,暖杏色,基础版,561.89,473.21,241.2,6900000000704,active
SKU0000705,P000353,标准款-大号,曜石黑,小号,1193.34,871.74,478.8,6900000000705,active
SKU0000706,P000353,标准款-中号,云朵白,大号,1221.31,866.55,660.87,6900000000706,active
SKU0000707,P000354,星空蓝-旗舰版,标准款,中号,2262.13,1518.4,924.0,6900000000707,active
SKU0000708,P000354,标准款-大号,标准款,小号,2040.66,1466.23,952.76,6900000000708,active
SKU0000709,P000355,云朵白-旗舰版,暖杏色,旗舰版,1028.18,977.03,515.55,6900000000709,active
SKU0000710,P000355,标准款-小号,暖杏色,大号,1249.21,952.83,684.79,6900000000710,active
SKU0000711,P000356,星空蓝-小号,活力橙,基础版,1401.23,1043.04,571.82,6900000000711,inactive
SKU0000712,P000356,星空蓝-升级版,活力橙,小号,1545.77,1277.35,831.24,6900000000712,active
SKU0000713,P000357,星空蓝-大号,暖杏色,升级版,3379.82,2687.79,1819.63,6900000000713,active
SKU0000714,P000357,活力橙-基础版,星空蓝,旗舰版,2786.51,2558.65,1994.5,6900000000714,active
SKU0000715,P000358,标准款-中号,曜石黑,旗舰版,1821.92,1398.16,742.96,6900000000715,active
SKU0000716,P000358,暖杏色-小号,星空蓝,旗舰版,1710.96,1259.72,852.35,6900000000716,active
SKU0000717,P000359,星空蓝-中号,活力橙,旗舰版,3664.71,3115.13,2010.02,6900000000717,active
SKU0000718,P000359,活力橙-基础版,星空蓝,旗舰版,3592.59,3248.12,2256.9,6900000000718,inactive
SKU0000719,P000360,暖杏色-旗舰版,星空蓝,大号,3706.96,3391.46,2122.72,6900000000719,active
SKU0000720,P000360,暖杏色-中号,曜石黑,基础版,4034.31,2928.43,2212.7,6900000000720,active
SKU0000721,P000361,暖杏色-基础版,星空蓝,基础版,1304.66,946.33,501.37,6900000000721,active
SKU0000722,P000361,曜石黑-小号,暖杏色,基础版,1223.25,985.41,603.7,6900000000722,active
SKU0000723,P000362,曜石黑-基础版,星空蓝,旗舰版,2984.49,2033.59,1215.47,6900000000723,active
SKU0000724,P000362,暖杏色-中号,标准款,小号,2798.28,1901.64,1007.85,6900000000724,active
SKU0000725,P000363,暖杏色-中号,标准款,小号,737.44,527.45,287.04,6900000000725,active
SKU0000726,P000363,星空蓝-旗舰版,暖杏色,大号,653.09,631.72,369.33,6900000000726,active
SKU0000727,P000364,暖杏色-升级版,活力橙,旗舰版,2766.23,2224.15,1162.49,6900000000727,active
SKU0000728,P000364,云朵白-基础版,标准款,基础版,2893.83,2606.54,2026.1,6900000000728,active
SKU0000729,P000365,星空蓝-基础版,云朵白,升级版,2986.65,2195.13,1116.79,6900000000729,active
SKU0000730,P000365,标准款-基础版,云朵白,基础版,3158.89,2213.79,1714.65,6900000000730,active
SKU0000731,P000366,星空蓝-基础版,云朵白,小号,2596.27,2033.45,1202.8,6900000000731,active
SKU0000732,P000366,标准款-小号,活力橙,旗舰版,2124.33,1981.88,1384.73,6900000000732,active
SKU0000733,P000367,星空蓝-小号,星空蓝,中号,2689.62,2185.78,1166.01,6900000000733,inactive
SKU0000734,P000367,云朵白-小号,活力橙,小号,3096.91,2547.87,1263.58,6900000000734,inactive
SKU0000735,P000368,曜石黑-小号,曜石黑,大号,1517.16,1304.83,781.17,6900000000735,active
SKU0000736,P000368,曜石黑-小号,暖杏色,小号,1686.28,1084.36,701.83,6900000000736,inactive
SKU0000737,P000369,活力橙-小号,云朵白,基础版,2714.67,2071.65,1199.88,6900000000737,active
SKU0000738,P000369,星空蓝-基础版,曜石黑,升级版,2186.36,1720.91,1147.73,6900000000738,active
SKU0000739,P000370,云朵白-中号,标准款,升级版,936.64,765.53,370.78,6900000000739,active
SKU0000740,P000370,活力橙-基础版,星空蓝,旗舰版,1049.42,795.0,466.8,6900000000740,active
SKU0000741,P000371,云朵白-大号,标准款,旗舰版,1870.3,1502.64,1157.53,6900000000741,active
SKU0000742,P000371,活力橙-旗舰版,曜石黑,旗舰版,1991.7,1340.29,851.58,6900000000742,active
SKU0000743,P000372,云朵白-小号,星空蓝,中号,1891.58,1592.52,978.28,6900000000743,active
SKU0000744,P000372,标准款-中号,曜石黑,旗舰版,2037.45,1624.42,1249.92,6900000000744,active
SKU0000745,P000373,星空蓝-中号,云朵白,小号,1987.85,1298.07,746.21,6900000000745,active
SKU0000746,P000373,标准款-小号,星空蓝,基础版,1810.29,1375.67,912.3,6900000000746,active
SKU0000747,P000374,云朵白-升级版,曜石黑,旗舰版,59.38,46.64,29.24,6900000000747,active
SKU0000748,P000374,活力橙-中号,暖杏色,小号,54.9,53.76,26.12,6900000000748,active
SKU0000749,P000375,标准款-小号,曜石黑,大号,3328.84,2504.16,1462.98,6900000000749,active
SKU0000750,P000375,曜石黑-升级版,星空蓝,升级版,3371.0,2541.5,1927.18,6900000000750,active
SKU0000751,P000376,星空蓝-小号,曜石黑,大号,2321.06,1736.53,1097.64,6900000000751,active
SKU0000752,P000376,云朵白-基础版,星空蓝,旗舰版,2470.61,2034.49,1328.32,6900000000752,active
SKU0000753,P000377,活力橙-升级版,暖杏色,旗舰版,2313.39,1849.14,1052.85,6900000000753,active
SKU0000754,P000377,星空蓝-小号,云朵白,大号,2223.73,2207.75,1464.39,6900000000754,active
SKU0000755,P000378,标准款-升级版,标准款,基础版,872.42,700.68,495.56,6900000000755,active
SKU0000756,P000378,云朵白-中号,标准款,大号,762.81,666.65,412.03,6900000000756,active
SKU0000757,P000379,暖杏色-中号,云朵白,基础版,2501.13,1894.22,990.09,6900000000757,active
SKU0000758,P000379,云朵白-旗舰版,标准款,基础版,2378.42,1895.9,1336.76,6900000000758,active
SKU0000759,P000380,活力橙-小号,暖杏色,大号,1572.21,1268.7,984.59,6900000000759,active
SKU0000760,P000380,暖杏色-小号,星空蓝,小号,1832.72,1493.77,836.01,6900000000760,active
SKU0000761,P000381,活力橙-中号,曜石黑,旗舰版,3411.46,2548.67,1352.79,6900000000761,active
SKU0000762,P000381,标准款-旗舰版,标准款,中号,3359.38,2977.87,1569.76,6900000000762,active
SKU0000763,P000382,星空蓝-大号,暖杏色,大号,2511.99,1821.7,1410.15,6900000000763,active
SKU0000764,P000382,星空蓝-小号,标准款,中号,2812.88,2192.24,1674.57,6900000000764,active
SKU0000765,P000383,标准款-大号,标准款,中号,3397.95,2605.79,1619.0,6900000000765,active
SKU0000766,P000383,星空蓝-大号,云朵白,中号,3177.41,2353.41,1784.73,6900000000766,active
SKU0000767,P000384,活力橙-旗舰版,曜石黑,大号,262.78,233.56,124.74,6900000000767,active
SKU0000768,P000384,曜石黑-大号,云朵白,大号,273.29,237.46,120.31,6900000000768,active
SKU0000769,P000385,曜石黑-基础版,曜石黑,基础版,1775.37,1331.49,664.56,6900000000769,active
SKU0000770,P000385,活力橙-升级版,暖杏色,旗舰版,1825.55,1201.69,772.57,6900000000770,active
SKU0000771,P000386,暖杏色-基础版,活力橙,大号,4357.43,2888.11,1856.73,6900000000771,active
SKU0000772,P000386,暖杏色-中号,曜石黑,小号,4164.03,3062.23,2052.28,6900000000772,active
SKU0000773,P000387,暖杏色-升级版,云朵白,大号,3012.4,2637.56,1502.43,6900000000773,active
SKU0000774,P000387,活力橙-基础版,标准款,中号,3228.56,2506.18,1310.67,6900000000774,active
SKU0000775,P000388,云朵白-中号,暖杏色,旗舰版,2495.98,1782.77,1078.9,6900000000775,active
SKU0000776,P000388,星空蓝-小号,星空蓝,基础版,2482.36,1682.08,1107.96,6900000000776,active
SKU0000777,P000389,暖杏色-大号,曜石黑,小号,417.28,368.44,241.21,6900000000777,active
SKU0000778,P000389,云朵白-旗舰版,标准款,中号,485.89,391.98,261.29,6900000000778,active
SKU0000779,P000390,星空蓝-小号,星空蓝,基础版,3012.87,2432.6,1789.01,6900000000779,active
SKU0000780,P000390,暖杏色-大号,暖杏色,大号,3123.55,2491.04,1594.6,6900000000780,active
SKU0000781,P000391,曜石黑-升级版,标准款,大号,1203.72,963.46,626.42,6900000000781,active
SKU0000782,P000391,活力橙-旗舰版,星空蓝,升级版,1127.67,1058.56,817.55,6900000000782,active
SKU0000783,P000392,暖杏色-中号,曜石黑,大号,2458.75,2003.88,1047.71,6900000000783,active
SKU0000784,P000392,星空蓝-大号,活力橙,升级版,2888.51,2158.56,1445.33,6900000000784,active
SKU0000785,P000393,暖杏色-小号,曜石黑,旗舰版,1043.36,818.97,564.76,6900000000785,active
SKU0000786,P000393,标准款-中号,标准款,中号,1168.26,749.34,383.73,6900000000786,active
SKU0000787,P000394,曜石黑-升级版,曜石黑,基础版,1379.95,1188.31,644.44,6900000000787,active
SKU0000788,P000394,星空蓝-中号,云朵白,大号,1493.88,1187.13,592.72,6900000000788,active
SKU0000789,P000395,云朵白-中号,活力橙,基础版,3927.18,3303.7,2356.14,6900000000789,active
SKU0000790,P000395,暖杏色-小号,标准款,小号,3595.0,3261.68,2474.46,6900000000790,active
SKU0000791,P000396,云朵白-升级版,暖杏色,大号,3547.34,3409.19,2617.75,6900000000791,active
SKU0000792,P000396,暖杏色-基础版,活力橙,小号,4339.58,3534.57,2283.08,6900000000792,active
SKU0000793,P000397,暖杏色-基础版,云朵白,升级版,4117.31,3285.74,2040.89,6900000000793,active
SKU0000794,P000397,活力橙-大号,暖杏色,升级版,4160.35,2877.87,1450.59,6900000000794,active
SKU0000795,P000398,暖杏色-基础版,活力橙,中号,1214.58,1073.32,582.67,6900000000795,active
SKU0000796,P000398,活力橙-小号,星空蓝,小号,1470.74,1155.55,856.23,6900000000796,active
SKU0000797,P000399,曜石黑-旗舰版,暖杏色,中号,1338.22,926.07,642.01,6900000000797,active
SKU0000798,P000399,曜石黑-小号,星空蓝,旗舰版,1168.18,1068.91,589.97,6900000000798,active
SKU0000799,P000400,曜石黑-大号,曜石黑,基础版,1039.98,888.53,585.84,6900000000799,active
SKU0000800,P000400,曜石黑-中号,云朵白,基础版,1224.75,966.26,727.05,6900000000800,active
SKU0000801,P000401,暖杏色-大号,活力橙,中号,3221.32,2440.29,1281.78,6900000000801,active
SKU0000802,P000401,星空蓝-中号,星空蓝,旗舰版,3122.55,2485.36,1684.0,6900000000802,active
SKU0000803,P000402,星空蓝-中号,标准款,旗舰版,1418.21,1165.23,830.94,6900000000803,active
SKU0000804,P000402,曜石黑-升级版,云朵白,中号,1394.89,1102.13,628.92,6900000000804,active
SKU0000805,P000403,标准款-升级版,活力橙,升级版,3251.66,2449.03,1432.51,6900000000805,active
SKU0000806,P000403,活力橙-大号,暖杏色,小号,3137.47,2596.22,1390.37,6900000000806,active
SKU0000807,P000404,标准款-旗舰版,标准款,基础版,1209.02,845.07,650.97,6900000000807,active
SKU0000808,P000404,云朵白-大号,曜石黑,中号,1066.35,839.77,552.48,6900000000808,active
SKU0000809,P000405,标准款-升级版,云朵白,小号,715.27,562.2,390.81,6900000000809,active
SKU0000810,P000405,标准款-基础版,曜石黑,小号,736.45,558.95,368.26,6900000000810,active
SKU0000811,P000406,云朵白-中号,标准款,大号,577.62,446.9,303.38,6900000000811,inactive
SKU0000812,P000406,活力橙-升级版,曜石黑,升级版,476.35,372.05,224.18,6900000000812,active
SKU0000813,P000407,云朵白-基础版,暖杏色,小号,1371.4,959.7,514.12,6900000000813,active
SKU0000814,P000407,标准款-旗舰版,星空蓝,中号,1462.59,1145.08,809.27,6900000000814,active
SKU0000815,P000408,云朵白-中号,星空蓝,基础版,48.19,42.44,20.88,6900000000815,active
SKU0000816,P000408,暖杏色-基础版,标准款,升级版,48.34,43.01,24.22,6900000000816,active
SKU0000817,P000409,暖杏色-大号,星空蓝,旗舰版,2779.93,2433.75,1829.73,6900000000817,active
SKU0000818,P000409,星空蓝-旗舰版,星空蓝,小号,3399.68,2642.53,1499.79,6900000000818,active
SKU0000819,P000410,活力橙-基础版,曜石黑,旗舰版,2964.16,2100.48,1061.14,6900000000819,active
SKU0000820,P000410,曜石黑-大号,标准款,升级版,2415.22,2120.45,1053.64,6900000000820,active
SKU0000821,P000411,云朵白-旗舰版,云朵白,中号,2255.4,1751.71,852.59,6900000000821,active
SKU0000822,P000411,暖杏色-基础版,活力橙,中号,2033.13,1706.24,1260.78,6900000000822,active
SKU0000823,P000412,云朵白-基础版,曜石黑,大号,596.23,508.03,340.48,6900000000823,active
SKU0000824,P000412,星空蓝-旗舰版,星空蓝,旗舰版,604.51,455.59,234.48,6900000000824,active
SKU0000825,P000413,标准款-大号,曜石黑,基础版,285.8,241.36,155.23,6900000000825,active
SKU0000826,P000413,标准款-小号,标准款,中号,261.28,206.6,110.73,6900000000826,active
SKU0000827,P000414,活力橙-旗舰版,暖杏色,基础版,1830.38,1422.77,1079.19,6900000000827,active
SKU0000828,P000414,活力橙-基础版,标准款,小号,2062.8,1484.69,992.81,6900000000828,active
SKU0000829,P000415,星空蓝-升级版,星空蓝,大号,3312.7,2497.67,1318.49,6900000000829,active
SKU0000830,P000415,暖杏色-小号,活力橙,小号,2928.27,2654.35,1545.23,6900000000830,active
SKU0000831,P000416,云朵白-基础版,星空蓝,基础版,1918.57,1461.75,774.9,6900000000831,active
SKU0000832,P000416,曜石黑-中号,星空蓝,旗舰版,2100.74,1556.54,917.19,6900000000832,active
SKU0000833,P000417,活力橙-小号,活力橙,小号,3780.7,3119.06,2278.56,6900000000833,active
SKU0000834,P000417,活力橙-旗舰版,标准款,旗舰版,3252.01,2786.9,1850.24,6900000000834,active
SKU0000835,P000418,曜石黑-小号,曜石黑,旗舰版,4108.39,3060.98,1527.14,6900000000835,active
SKU0000836,P000418,云朵白-小号,标准款,升级版,3725.79,3205.93,2081.22,6900000000836,active
SKU0000837,P000419,云朵白-基础版,活力橙,小号,999.87,706.33,378.74,6900000000837,active
SKU0000838,P000419,星空蓝-旗舰版,标准款,大号,1143.07,848.31,419.65,6900000000838,active
SKU0000839,P000420,云朵白-中号,曜石黑,升级版,565.07,461.03,223.72,6900000000839,active
SKU0000840,P000420,暖杏色-旗舰版,云朵白,基础版,540.01,497.65,337.44,6900000000840,active
SKU0000841,P000421,曜石黑-升级版,云朵白,大号,3715.44,3175.68,2089.33,6900000000841,active
SKU0000842,P000421,云朵白-中号,标准款,大号,4415.67,2860.42,2191.95,6900000000842,active
SKU0000843,P000422,星空蓝-旗舰版,曜石黑,中号,1898.39,1422.43,1025.58,6900000000843,active
SKU0000844,P000422,曜石黑-升级版,暖杏色,旗舰版,2300.62,1523.52,918.27,6900000000844,active
SKU0000845,P000423,星空蓝-基础版,星空蓝,小号,799.78,614.61,454.14,6900000000845,active
SKU0000846,P000423,曜石黑-基础版,活力橙,旗舰版,847.24,587.17,426.34,6900000000846,active
SKU0000847,P000424,标准款-中号,暖杏色,升级版,1517.54,1446.71,990.7,6900000000847,active
SKU0000848,P000424,星空蓝-升级版,标准款,升级版,1488.9,1232.25,837.24,6900000000848,active
SKU0000849,P000425,云朵白-小号,星空蓝,旗舰版,987.76,789.77,404.52,6900000000849,active
SKU0000850,P000425,活力橙-基础版,暖杏色,中号,1056.89,748.02,478.01,6900000000850,active
SKU0000851,P000426,标准款-升级版,活力橙,旗舰版,568.11,437.71,327.18,6900000000851,active
SKU0000852,P000426,曜石黑-基础版,标准款,升级版,541.08,482.04,310.1,6900000000852,inactive
SKU0000853,P000427,云朵白-小号,云朵白,基础版,1433.28,1089.44,814.51,6900000000853,active
SKU0000854,P000427,星空蓝-升级版,星空蓝,旗舰版,1560.58,1322.93,785.34,6900000000854,active
SKU0000855,P000428,活力橙-中号,云朵白,升级版,1791.36,1579.46,1188.75,6900000000855,active
SKU0000856,P000428,云朵白-大号,活力橙,旗舰版,1821.96,1433.92,1070.43,6900000000856,active
SKU0000857,P000429,云朵白-大号,暖杏色,旗舰版,4268.84,2765.76,1690.34,6900000000857,active
SKU0000858,P000429,标准款-中号,曜石黑,旗舰版,3652.36,3359.57,2373.37,6900000000858,active
SKU0000859,P000430,云朵白-升级版,曜石黑,中号,2707.28,2134.78,1585.16,6900000000859,active
SKU0000860,P000430,云朵白-基础版,活力橙,旗舰版,2649.92,2193.64,1452.02,6900000000860,active
SKU0000861,P000431,云朵白-大号,云朵白,小号,1923.09,1338.88,781.64,6900000000861,active
SKU0000862,P000431,星空蓝-中号,标准款,升级版,1692.28,1542.19,807.65,6900000000862,active
SKU0000863,P000432,标准款-升级版,暖杏色,小号,703.58,576.85,295.87,6900000000863,active
SKU0000864,P000432,暖杏色-大号,暖杏色,大号,654.53,494.98,333.06,6900000000864,active
SKU0000865,P000433,曜石黑-基础版,云朵白,中号,110.2,94.55,63.27,6900000000865,active
SKU0000866,P000433,星空蓝-中号,曜石黑,大号,123.82,90.64,54.37,6900000000866,active
SKU0000867,P000434,活力橙-小号,暖杏色,基础版,462.04,386.05,194.97,6900000000867,active
SKU0000868,P000434,活力橙-基础版,暖杏色,大号,470.11,414.01,200.5,6900000000868,active
SKU0000869,P000435,曜石黑-大号,暖杏色,小号,3622.54,3043.11,2125.32,6900000000869,active
SKU0000870,P000435,标准款-升级版,曜石黑,升级版,3535.87,2772.0,1392.47,6900000000870,active
SKU0000871,P000436,活力橙-旗舰版,云朵白,小号,1258.73,1075.98,636.11,6900000000871,active
SKU0000872,P000436,曜石黑-升级版,活力橙,大号,1421.9,1157.74,750.36,6900000000872,active
SKU0000873,P000437,标准款-旗舰版,标准款,旗舰版,1210.41,1171.51,678.52,6900000000873,active
SKU0000874,P000437,星空蓝-升级版,暖杏色,旗舰版,1450.7,1174.39,700.63,6900000000874,active
SKU0000875,P000438,活力橙-中号,标准款,大号,140.47,99.81,70.28,6900000000875,active
SKU0000876,P000438,活力橙-升级版,活力橙,大号,152.36,106.88,73.51,6900000000876,active
SKU0000877,P000439,活力橙-中号,活力橙,小号,2668.7,2323.99,1705.66,6900000000877,active
SKU0000878,P000439,云朵白-基础版,暖杏色,小号,3026.91,2398.33,1480.4,6900000000878,active
SKU0000879,P000440,星空蓝-大号,星空蓝,基础版,1819.59,1489.21,1003.85,6900000000879,active
SKU0000880,P000440,暖杏色-大号,暖杏色,旗舰版,1997.78,1448.41,944.19,6900000000880,active
SKU0000881,P000441,曜石黑-旗舰版,曜石黑,小号,1644.61,1161.24,894.2,6900000000881,active
SKU0000882,P000441,暖杏色-大号,暖杏色,小号,1604.16,1100.36,573.83,6900000000882,active
SKU0000883,P000442,活力橙-大号,曜石黑,旗舰版,2417.86,2034.45,1446.97,6900000000883,active
SKU0000884,P000442,标准款-大号,曜石黑,升级版,2634.03,1861.21,1085.76,6900000000884,active
SKU0000885,P000443,曜石黑-基础版,暖杏色,小号,26.15,20.18,10.14,6900000000885,active
SKU0000886,P000443,曜石黑-基础版,曜石黑,旗舰版,27.58,19.23,12.23,6900000000886,active
SKU0000887,P000444,暖杏色-升级版,标准款,旗舰版,623.03,497.55,244.12,6900000000887,active
SKU0000888,P000444,活力橙-小号,星空蓝,基础版,616.52,448.59,302.6,6900000000888,active
SKU0000889,P000445,星空蓝-基础版,标准款,大号,718.29,555.45,348.03,6900000000889,active
SKU0000890,P000445,暖杏色-基础版,云朵白,升级版,649.56,577.91,420.47,6900000000890,active
SKU0000891,P000446,暖杏色-小号,云朵白,旗舰版,523.05,436.86,276.13,6900000000891,active
SKU0000892,P000446,曜石黑-大号,标准款,基础版,494.19,365.8,191.83,6900000000892,inactive
SKU0000893,P000447,活力橙-升级版,曜石黑,旗舰版,1319.22,1106.42,644.86,6900000000893,active
SKU0000894,P000447,星空蓝-大号,曜石黑,大号,1365.33,1169.84,613.89,6900000000894,active
SKU0000895,P000448,活力橙-中号,曜石黑,中号,495.82,409.49,238.06,6900000000895,active
SKU0000896,P000448,暖杏色-小号,曜石黑,小号,504.62,352.13,249.96,6900000000896,active
SKU0000897,P000449,曜石黑-中号,云朵白,升级版,1776.43,1544.59,1113.23,6900000000897,active
SKU0000898,P000449,曜石黑-大号,标准款,基础版,1992.94,1293.25,861.21,6900000000898,active
SKU0000899,P000450,暖杏色-基础版,曜石黑,升级版,532.77,421.7,215.79,6900000000899,active
SKU0000900,P000450,星空蓝-升级版,星空蓝,小号,487.5,441.47,287.25,6900000000900,active
SKU0000901,P000451,云朵白-旗舰版,云朵白,升级版,3719.73,2862.2,1858.05,6900000000901,active
SKU0000902,P000451,云朵白-旗舰版,暖杏色,小号,4046.91,3259.42,2021.68,6900000000902,active
SKU0000903,P000452,曜石黑-基础版,暖杏色,大号,2243.67,1446.93,1006.69,6900000000903,active
SKU0000904,P000452,暖杏色-大号,活力橙,中号,2051.54,1679.69,899.93,6900000000904,active
SKU0000905,P000453,活力橙-大号,暖杏色,中号,584.05,474.85,364.8,6900000000905,active
SKU0000906,P000453,标准款-中号,云朵白,大号,622.57,413.52,283.49,6900000000906,inactive
SKU0000907,P000454,星空蓝-基础版,星空蓝,小号,2069.06,1465.86,708.28,6900000000907,active
SKU0000908,P000454,曜石黑-升级版,活力橙,大号,2036.37,1835.98,1263.35,6900000000908,active
SKU0000909,P000455,曜石黑-小号,星空蓝,旗舰版,1136.95,782.24,492.72,6900000000909,active
SKU0000910,P000455,标准款-大号,暖杏色,中号,1046.35,857.19,445.09,6900000000910,active
SKU0000911,P000456,曜石黑-升级版,云朵白,中号,604.99,496.46,374.16,6900000000911,active
SKU0000912,P000456,星空蓝-基础版,暖杏色,旗舰版,507.29,403.99,260.62,6900000000912,active
SKU0000913,P000457,活力橙-基础版,星空蓝,旗舰版,293.61,235.61,179.65,6900000000913,active
SKU0000914,P000457,星空蓝-基础版,云朵白,中号,300.18,276.88,145.78,6900000000914,active
SKU0000915,P000458,星空蓝-大号,活力橙,基础版,1396.14,1190.4,609.78,6900000000915,active
SKU0000916,P000458,云朵白-升级版,暖杏色,大号,1549.06,1288.47,781.08,6900000000916,active
SKU0000917,P000459,标准款-旗舰版,活力橙,旗舰版,2081.33,1652.89,1152.3,6900000000917,active
SKU0000918,P000459,暖杏色-旗舰版,曜石黑,升级版,2064.4,1313.12,650.88,6900000000918,active
SKU0000919,P000460,暖杏色-升级版,星空蓝,小号,557.59,383.02,271.63,6900000000919,active
SKU0000920,P000460,星空蓝-基础版,标准款,小号,552.72,452.93,283.17,6900000000920,active
SKU0000921,P000461,暖杏色-升级版,曜石黑,旗舰版,508.56,371.56,275.39,6900000000921,active
SKU0000922,P000461,标准款-小号,星空蓝,小号,457.46,345.9,193.87,6900000000922,active
SKU0000923,P000462,暖杏色-中号,曜石黑,中号,619.49,516.27,362.6,6900000000923,active
SKU0000924,P000462,曜石黑-升级版,云朵白,基础版,648.4,459.1,311.42,6900000000924,active
SKU0000925,P000463,标准款-旗舰版,星空蓝,基础版,876.19,537.84,363.35,6900000000925,active
SKU0000926,P000463,云朵白-小号,星空蓝,旗舰版,805.7,539.78,356.62,6900000000926,active
SKU0000927,P000464,暖杏色-基础版,云朵白,升级版,3373.27,2289.21,1555.12,6900000000927,active
SKU0000928,P000464,标准款-基础版,标准款,中号,3171.13,2406.41,1608.08,6900000000928,active
SKU0000929,P000465,云朵白-大号,星空蓝,小号,3338.86,2586.04,1983.34,6900000000929,active
SKU0000930,P000465,星空蓝-升级版,云朵白,大号,3392.39,2542.04,1265.31,6900000000930,active
SKU0000931,P000466,曜石黑-基础版,活力橙,中号,4322.21,3023.24,2340.33,6900000000931,active
SKU0000932,P000466,曜石黑-小号,曜石黑,旗舰版,4091.35,3100.7,2113.78,6900000000932,active
SKU0000933,P000467,云朵白-升级版,标准款,小号,1183.07,1008.37,783.0,6900000000933,inactive
SKU0000934,P000467,云朵白-旗舰版,曜石黑,旗舰版,1141.21,1024.97,632.55,6900000000934,active
SKU0000935,P000468,暖杏色-基础版,星空蓝,大号,278.81,218.24,151.36,6900000000935,active
SKU0000936,P000468,活力橙-基础版,暖杏色,基础版,260.91,237.04,134.52,6900000000936,active
SKU0000937,P000469,活力橙-中号,标准款,旗舰版,2031.69,1443.84,986.37,6900000000937,active
SKU0000938,P000469,活力橙-旗舰版,云朵白,中号,1932.74,1535.83,1072.41,6900000000938,active
SKU0000939,P000470,云朵白-基础版,云朵白,小号,3388.67,3126.77,2350.9,6900000000939,active
SKU0000940,P000470,曜石黑-基础版,云朵白,升级版,3351.15,2519.68,1506.73,6900000000940,active
SKU0000941,P000471,曜石黑-基础版,曜石黑,小号,841.33,653.03,431.31,6900000000941,active
SKU0000942,P000471,暖杏色-中号,星空蓝,旗舰版,826.4,557.39,418.93,6900000000942,active
SKU0000943,P000472,曜石黑-小号,星空蓝,升级版,1353.33,952.99,616.07,6900000000943,active
SKU0000944,P000472,暖杏色-升级版,标准款,升级版,1097.64,920.56,514.98,6900000000944,active
SKU0000945,P000473,星空蓝-升级版,暖杏色,升级版,1684.58,1145.67,600.33,6900000000945,active
SKU0000946,P000473,活力橙-基础版,曜石黑,旗舰版,1622.82,1160.96,593.46,6900000000946,active
SKU0000947,P000474,标准款-基础版,标准款,中号,2139.06,1581.25,977.11,6900000000947,active
SKU0000948,P000474,云朵白-大号,暖杏色,旗舰版,2417.15,1751.82,1230.07,6900000000948,active
SKU0000949,P000475,暖杏色-中号,活力橙,小号,4118.83,3211.88,2131.66,6900000000949,active
SKU0000950,P000475,星空蓝-升级版,云朵白,旗舰版,4245.36,2730.68,1841.29,6900000000950,active
SKU0000951,P000476,曜石黑-中号,云朵白,升级版,4180.83,2642.02,1845.41,6900000000951,active
SKU0000952,P000476,星空蓝-大号,标准款,升级版,4201.51,3226.76,2458.64,6900000000952,active
SKU0000953,P000477,云朵白-小号,活力橙,大号,162.42,115.01,76.44,6900000000953,active
SKU0000954,P000477,星空蓝-大号,标准款,小号,150.64,132.78,74.18,6900000000954,active
SKU0000955,P000478,暖杏色-小号,活力橙,基础版,1382.08,1069.78,742.61,6900000000955,active
SKU0000956,P000478,标准款-基础版,云朵白,大号,1179.76,1121.98,761.85,6900000000956,active
SKU0000957,P000479,云朵白-小号,星空蓝,基础版,4015.9,2854.77,1869.17,6900000000957,active
SKU0000958,P000479,云朵白-旗舰版,活力橙,基础版,3475.79,3150.11,2272.52,6900000000958,active
SKU0000959,P000480,星空蓝-升级版,星空蓝,小号,3185.6,2732.97,2040.54,6900000000959,active
SKU0000960,P000480,标准款-升级版,曜石黑,基础版,3227.45,2660.36,1413.31,6900000000960,active
SKU0000961,P000481,活力橙-升级版,活力橙,大号,195.62,162.02,96.08,6900000000961,active
SKU0000962,P000481,星空蓝-小号,星空蓝,基础版,209.38,177.51,134.11,6900000000962,active
SKU0000963,P000482,标准款-小号,星空蓝,升级版,415.05,316.63,208.15,6900000000963,active
SKU0000964,P000482,暖杏色-基础版,云朵白,基础版,441.64,292.9,181.44,6900000000964,active
SKU0000965,P000483,云朵白-基础版,标准款,中号,2779.37,2066.48,1193.1,6900000000965,active
SKU0000966,P000483,曜石黑-中号,曜石黑,大号,2785.64,2026.62,1015.5,6900000000966,active
SKU0000967,P000484,云朵白-旗舰版,曜石黑,基础版,1393.84,1146.62,615.52,6900000000967,active
SKU0000968,P000484,暖杏色-基础版,暖杏色,旗舰版,1740.98,1365.04,798.29,6900000000968,active
SKU0000969,P000485,标准款-升级版,星空蓝,基础版,1085.01,747.61,469.77,6900000000969,active
SKU0000970,P000485,星空蓝-基础版,标准款,中号,1009.85,757.27,516.78,6900000000970,active
SKU0000971,P000486,曜石黑-基础版,活力橙,基础版,1382.4,1029.84,646.82,6900000000971,active
SKU0000972,P000486,云朵白-小号,星空蓝,旗舰版,1417.51,953.33,510.72,6900000000972,active
SKU0000973,P000487,标准款-基础版,活力橙,小号,2976.37,2542.76,1727.59,6900000000973,active
SKU0000974,P000487,暖杏色-小号,活力橙,大号,3259.4,2315.23,1341.06,6900000000974,active
SKU0000975,P000488,暖杏色-基础版,曜石黑,中号,1560.36,1191.64,582.77,6900000000975,active
SKU0000976,P000488,暖杏色-旗舰版,曜石黑,基础版,1524.67,1138.01,602.15,6900000000976,active
SKU0000977,P000489,活力橙-小号,暖杏色,中号,2079.07,1649.82,965.12,6900000000977,active
SKU0000978,P000489,云朵白-小号,活力橙,旗舰版,2367.85,1653.06,1195.84,6900000000978,active
SKU0000979,P000490,暖杏色-基础版,云朵白,旗舰版,2970.23,2919.13,1443.28,6900000000979,active
SKU0000980,P000490,云朵白-升级版,暖杏色,升级版,3781.27,2866.33,1976.67,6900000000980,active
SKU0000981,P000491,暖杏色-旗舰版,云朵白,基础版,1511.81,1269.83,934.56,6900000000981,active
SKU0000982,P000491,云朵白-中号,暖杏色,大号,1510.53,1145.29,881.38,6900000000982,active
SKU0000983,P000492,标准款-升级版,暖杏色,旗舰版,3317.66,2555.55,1227.9,6900000000983,active
SKU0000984,P000492,云朵白-大号,云朵白,旗舰版,3316.8,2601.33,1489.83,6900000000984,active
SKU0000985,P000493,星空蓝-升级版,暖杏色,大号,2115.68,1738.05,1315.31,6900000000985,inactive
SKU0000986,P000493,标准款-基础版,暖杏色,升级版,1883.52,1582.84,1062.52,6900000000986,active
SKU0000987,P000494,云朵白-大号,星空蓝,基础版,1537.92,1168.66,710.42,6900000000987,active
SKU0000988,P000494,标准款-升级版,星空蓝,基础版,1585.08,1377.27,706.65,6900000000988,active
SKU0000989,P000495,星空蓝-基础版,标准款,中号,1940.88,1341.41,716.2,6900000000989,active
SKU0000990,P000495,星空蓝-中号,云朵白,基础版,1810.41,1557.76,1200.23,6900000000990,active
SKU0000991,P000496,星空蓝-小号,曜石黑,中号,4037.27,3122.55,2178.04,6900000000991,active
SKU0000992,P000496,星空蓝-升级版,星空蓝,基础版,3285.43,2675.26,1579.87,6900000000992,active
SKU0000993,P000497,暖杏色-旗舰版,云朵白,中号,1617.41,1312.47,919.63,6900000000993,active
SKU0000994,P000497,曜石黑-旗舰版,标准款,大号,1629.21,1311.52,929.24,6900000000994,active
SKU0000995,P000498,暖杏色-小号,暖杏色,旗舰版,515.66,356.13,226.25,6900000000995,active
SKU0000996,P000498,星空蓝-小号,云朵白,小号,513.72,340.17,174.15,6900000000996,active
SKU0000997,P000499,曜石黑-旗舰版,活力橙,基础版,1038.83,764.27,448.98,6900000000997,active
SKU0000998,P000499,活力橙-升级版,标准款,小号,1089.75,820.5,399.79,6900000000998,active
SKU0000999,P000500,暖杏色-大号,星空蓝,基础版,2587.46,2428.28,1231.68,6900000000999,active
SKU0001000,P000500,暖杏色-小号,暖杏色,升级版,2548.06,1926.55,1024.13,6900000001000,active
SKU0001001,P000501,标准款-升级版,暖杏色,升级版,1387.31,1234.24,760.44,6900000001001,active
SKU0001002,P000501,活力橙-基础版,星空蓝,大号,1555.44,1201.0,854.76,6900000001002,active
SKU0001003,P000502,标准款-大号,星空蓝,大号,2334.34,2296.2,1578.83,6900000001003,active
SKU0001004,P000502,暖杏色-基础版,曜石黑,大号,2863.11,1897.41,1374.7,6900000001004,active
SKU0001005,P000503,云朵白-升级版,星空蓝,基础版,3201.34,2260.12,1689.99,6900000001005,active
SKU0001006,P000503,标准款-旗舰版,曜石黑,中号,2596.04,2406.5,1656.94,6900000001006,active
SKU0001007,P000504,云朵白-升级版,云朵白,基础版,545.03,454.96,255.06,6900000001007,active
SKU0001008,P000504,活力橙-大号,云朵白,升级版,602.4,449.95,280.74,6900000001008,active
SKU0001009,P000505,活力橙-小号,云朵白,中号,662.27,500.55,387.94,6900000001009,active
SKU0001010,P000505,活力橙-中号,标准款,基础版,700.58,454.92,275.41,6900000001010,active
SKU0001011,P000506,活力橙-基础版,标准款,基础版,424.34,388.53,268.21,6900000001011,active
SKU0001012,P000506,云朵白-中号,标准款,中号,440.1,395.46,267.11,6900000001012,active
SKU0001013,P000507,云朵白-升级版,活力橙,升级版,1660.53,1113.99,719.1,6900000001013,active
SKU0001014,P000507,标准款-大号,活力橙,旗舰版,1392.47,1239.16,752.06,6900000001014,active
SKU0001015,P000508,活力橙-大号,云朵白,中号,3029.36,2375.3,1829.25,6900000001015,inactive
SKU0001016,P000508,标准款-升级版,曜石黑,大号,3117.02,2295.63,1222.21,6900000001016,active
SKU0001017,P000509,活力橙-大号,标准款,小号,4142.24,3350.91,1903.91,6900000001017,active
SKU0001018,P000509,星空蓝-基础版,暖杏色,大号,3743.02,2959.01,1433.17,6900000001018,active
SKU0001019,P000510,曜石黑-小号,活力橙,中号,3012.1,1908.07,1440.71,6900000001019,active
SKU0001020,P000510,活力橙-基础版,活力橙,中号,2835.15,2074.5,1490.11,6900000001020,inactive
SKU0001021,P000511,云朵白-升级版,云朵白,小号,396.07,253.6,135.37,6900000001021,active
SKU0001022,P000511,暖杏色-基础版,暖杏色,旗舰版,403.36,264.91,206.39,6900000001022,active
SKU0001023,P000512,曜石黑-旗舰版,标准款,大号,2708.98,1821.85,895.03,6900000001023,active
SKU0001024,P000512,星空蓝-升级版,星空蓝,旗舰版,2685.88,1959.98,1363.75,6900000001024,active
SKU0001025,P000513,曜石黑-大号,曜石黑,中号,2953.13,2160.25,1333.46,6900000001025,active
SKU0001026,P000513,星空蓝-基础版,曜石黑,大号,2565.77,2041.98,1491.81,6900000001026,active
SKU0001027,P000514,曜石黑-基础版,活力橙,旗舰版,3285.41,2575.35,1260.22,6900000001027,active
SKU0001028,P000514,标准款-旗舰版,曜石黑,小号,3478.07,2702.63,1780.96,6900000001028,active
SKU0001029,P000515,曜石黑-小号,曜石黑,旗舰版,3531.66,3108.95,2299.76,6900000001029,active
SKU0001030,P000515,曜石黑-旗舰版,曜石黑,旗舰版,4274.85,2763.54,1431.42,6900000001030,active
SKU0001031,P000516,曜石黑-大号,云朵白,小号,1283.13,1106.2,657.09,6900000001031,active
SKU0001032,P000516,曜石黑-大号,暖杏色,升级版,1241.01,1023.69,625.03,6900000001032,active
SKU0001033,P000517,活力橙-基础版,标准款,升级版,3539.64,2921.95,2080.84,6900000001033,active
SKU0001034,P000517,标准款-小号,暖杏色,基础版,3610.95,2584.28,1925.99,6900000001034,active
SKU0001035,P000518,曜石黑-旗舰版,暖杏色,中号,3816.37,3057.4,1750.34,6900000001035,active
SKU0001036,P000518,云朵白-小号,活力橙,旗舰版,3664.38,3449.5,1780.49,6900000001036,active
SKU0001037,P000519,活力橙-旗舰版,暖杏色,大号,3294.96,2505.79,1222.18,6900000001037,active
SKU0001038,P000519,标准款-旗舰版,标准款,旗舰版,3863.88,2622.4,1780.98,6900000001038,active
SKU0001039,P000520,暖杏色-旗舰版,暖杏色,基础版,3406.67,2409.35,1655.02,6900000001039,active
SKU0001040,P000520,标准款-旗舰版,标准款,升级版,3390.36,2474.94,1797.0,6900000001040,active
SKU0001041,P000521,曜石黑-旗舰版,星空蓝,中号,2515.84,1909.98,1027.3,6900000001041,active
SKU0001042,P000521,曜石黑-旗舰版,活力橙,大号,2512.64,1874.45,968.9,6900000001042,active
SKU0001043,P000522,云朵白-中号,暖杏色,基础版,1507.63,1182.86,568.35,6900000001043,active
SKU0001044,P000522,曜石黑-基础版,云朵白,基础版,1747.54,1331.23,931.95,6900000001044,active
SKU0001045,P000523,活力橙-大号,活力橙,中号,127.14,92.49,57.7,6900000001045,active
SKU0001046,P000523,活力橙-大号,活力橙,升级版,124.16,85.22,51.02,6900000001046,active
SKU0001047,P000524,标准款-升级版,暖杏色,旗舰版,2322.61,2251.42,1591.94,6900000001047,active
SKU0001048,P000524,曜石黑-基础版,星空蓝,大号,2473.53,1834.98,1410.13,6900000001048,active
SKU0001049,P000525,标准款-基础版,曜石黑,大号,2956.79,2391.87,1618.16,6900000001049,active
SKU0001050,P000525,标准款-升级版,星空蓝,基础版,3266.92,2456.54,1181.75,6900000001050,active
SKU0001051,P000526,星空蓝-基础版,星空蓝,基础版,1640.8,1087.27,760.37,6900000001051,active
SKU0001052,P000526,曜石黑-中号,标准款,升级版,1555.15,1266.25,909.68,6900000001052,inactive
SKU0001053,P000527,曜石黑-升级版,星空蓝,小号,1680.75,1126.89,730.78,6900000001053,active
SKU0001054,P000527,暖杏色-旗舰版,曜石黑,小号,1547.17,1155.04,640.19,6900000001054,active
SKU0001055,P000528,云朵白-中号,暖杏色,大号,2103.64,1502.15,1011.36,6900000001055,active
SKU0001056,P000528,标准款-中号,星空蓝,基础版,2143.91,1575.73,1157.02,6900000001056,active
SKU0001057,P000529,标准款-大号,云朵白,旗舰版,940.96,662.1,478.57,6900000001057,active
SKU0001058,P000529,星空蓝-中号,暖杏色,基础版,852.05,669.79,470.71,6900000001058,active
SKU0001059,P000530,星空蓝-中号,活力橙,旗舰版,2954.98,2541.92,1917.23,6900000001059,active
SKU0001060,P000530,标准款-基础版,标准款,基础版,3236.55,2396.84,1739.69,6900000001060,active
SKU0001061,P000531,标准款-大号,活力橙,中号,1785.31,1364.93,899.3,6900000001061,active
SKU0001062,P000531,曜石黑-基础版,星空蓝,大号,1842.27,1689.59,1089.74,6900000001062,active
SKU0001063,P000532,活力橙-中号,暖杏色,中号,2106.01,1636.95,1114.03,6900000001063,active
SKU0001064,P000532,曜石黑-中号,标准款,升级版,2020.6,1503.55,1140.48,6900000001064,active
SKU0001065,P000533,星空蓝-中号,云朵白,小号,1990.59,1739.61,1044.67,6900000001065,active
SKU0001066,P000533,暖杏色-大号,暖杏色,中号,1922.66,1712.39,885.14,6900000001066,active
SKU0001067,P000534,云朵白-升级版,暖杏色,升级版,172.07,133.16,73.61,6900000001067,active
SKU0001068,P000534,星空蓝-大号,云朵白,中号,188.95,156.34,94.72,6900000001068,active
SKU0001069,P000535,暖杏色-中号,标准款,中号,2066.38,1571.61,1182.74,6900000001069,active
SKU0001070,P000535,活力橙-旗舰版,星空蓝,旗舰版,2079.17,1704.57,934.52,6900000001070,active
SKU0001071,P000536,星空蓝-大号,云朵白,旗舰版,4595.12,3045.01,1474.17,6900000001071,active
SKU0001072,P000536,暖杏色-旗舰版,云朵白,升级版,3880.75,2844.39,1752.57,6900000001072,active
SKU0001073,P000537,暖杏色-大号,星空蓝,中号,126.19,98.94,51.65,6900000001073,active
SKU0001074,P000537,曜石黑-升级版,活力橙,基础版,155.02,122.07,75.88,6900000001074,active
SKU0001075,P000538,活力橙-基础版,云朵白,升级版,1622.87,1240.6,849.77,6900000001075,active
SKU0001076,P000538,暖杏色-基础版,暖杏色,中号,1901.11,1505.41,725.02,6900000001076,active
SKU0001077,P000539,暖杏色-升级版,云朵白,小号,4495.15,3562.58,1936.8,6900000001077,active
SKU0001078,P000539,标准款-旗舰版,曜石黑,基础版,4539.03,3386.63,1686.64,6900000001078,active
SKU0001079,P000540,暖杏色-中号,星空蓝,大号,859.0,711.76,364.15,6900000001079,active
SKU0001080,P000540,标准款-小号,活力橙,大号,837.38,752.7,416.69,6900000001080,active
SKU0001081,P000541,活力橙-大号,暖杏色,大号,4545.25,2911.86,2080.57,6900000001081,active
SKU0001082,P000541,曜石黑-小号,标准款,中号,4392.08,2941.01,1665.25,6900000001082,active
SKU0001083,P000542,云朵白-基础版,曜石黑,旗舰版,167.78,114.98,77.41,6900000001083,active
SKU0001084,P000542,星空蓝-旗舰版,云朵白,基础版,169.07,120.42,82.32,6900000001084,active
SKU0001085,P000543,标准款-中号,标准款,小号,1471.6,1141.26,557.94,6900000001085,active
SKU0001086,P000543,暖杏色-大号,星空蓝,旗舰版,1385.39,1144.27,855.81,6900000001086,active
SKU0001087,P000544,活力橙-旗舰版,标准款,基础版,503.46,403.02,242.72,6900000001087,active
SKU0001088,P000544,星空蓝-升级版,暖杏色,中号,531.24,387.34,213.35,6900000001088,active
SKU0001089,P000545,曜石黑-升级版,暖杏色,中号,2101.96,1989.04,1549.67,6900000001089,active
SKU0001090,P000545,星空蓝-小号,活力橙,旗舰版,2583.05,1601.98,1132.85,6900000001090,active
SKU0001091,P000546,活力橙-小号,曜石黑,中号,3015.43,2491.81,1480.66,6900000001091,active
SKU0001092,P000546,星空蓝-旗舰版,星空蓝,中号,3583.41,2825.02,1657.78,6900000001092,active
SKU0001093,P000547,暖杏色-升级版,云朵白,旗舰版,2906.78,2492.77,1625.8,6900000001093,active
SKU0001094,P000547,云朵白-小号,暖杏色,中号,3318.95,2703.85,1334.88,6900000001094,active
SKU0001095,P000548,暖杏色-大号,活力橙,旗舰版,1671.08,1217.08,809.08,6900000001095,active
SKU0001096,P000548,活力橙-基础版,活力橙,升级版,1470.53,1223.04,865.7,6900000001096,active
SKU0001097,P000549,星空蓝-小号,星空蓝,基础版,2404.82,2256.26,1712.78,6900000001097,active
SKU0001098,P000549,曜石黑-旗舰版,曜石黑,升级版,2544.5,1909.92,1418.15,6900000001098,active
SKU0001099,P000550,暖杏色-中号,云朵白,小号,1520.81,1268.41,956.58,6900000001099,active
SKU0001100,P000550,曜石黑-小号,暖杏色,旗舰版,1553.92,1277.74,957.5,6900000001100,active
SKU0001101,P000551,星空蓝-基础版,活力橙,升级版,2716.85,2154.8,1630.92,6900000001101,active
SKU0001102,P000551,标准款-基础版,暖杏色,旗舰版,3149.32,2271.01,1247.8,6900000001102,active
SKU0001103,P000552,星空蓝-基础版,活力橙,小号,1475.31,1292.35,843.17,6900000001103,active
SKU0001104,P000552,星空蓝-升级版,曜石黑,升级版,1563.28,1082.61,581.65,6900000001104,active
SKU0001105,P000553,曜石黑-大号,星空蓝,大号,2995.37,2332.79,1206.42,6900000001105,active
SKU0001106,P000553,标准款-基础版,云朵白,升级版,2417.1,1914.91,1335.3,6900000001106,active
SKU0001107,P000554,标准款-中号,曜石黑,基础版,3500.52,3015.46,1832.17,6900000001107,active
SKU0001108,P000554,标准款-大号,曜石黑,基础版,4272.79,3056.34,2208.77,6900000001108,active
SKU0001109,P000555,云朵白-中号,云朵白,中号,1294.44,1054.15,513.45,6900000001109,active
SKU0001110,P000555,暖杏色-基础版,星空蓝,中号,1373.47,1088.77,562.25,6900000001110,active
SKU0001111,P000556,曜石黑-基础版,暖杏色,旗舰版,3949.02,2711.13,1893.0,6900000001111,active
SKU0001112,P000556,标准款-大号,活力橙,小号,4073.1,2962.19,2027.5,6900000001112,active
SKU0001113,P000557,活力橙-中号,活力橙,基础版,4271.64,2930.71,1418.64,6900000001113,active
SKU0001114,P000557,曜石黑-旗舰版,曜石黑,大号,4153.47,3056.66,1660.64,6900000001114,active
SKU0001115,P000558,暖杏色-大号,暖杏色,旗舰版,465.43,339.68,205.11,6900000001115,active
SKU0001116,P000558,曜石黑-大号,云朵白,大号,462.93,396.24,266.69,6900000001116,active
SKU0001117,P000559,云朵白-小号,标准款,小号,2595.24,1846.3,930.78,6900000001117,active
SKU0001118,P000559,标准款-旗舰版,活力橙,大号,2697.64,2116.69,1362.51,6900000001118,active
SKU0001119,P000560,星空蓝-大号,曜石黑,中号,2699.17,2211.89,1483.57,6900000001119,active
SKU0001120,P000560,活力橙-小号,星空蓝,基础版,3030.0,2422.38,1525.75,6900000001120,active
SKU0001121,P000561,云朵白-基础版,活力橙,大号,2759.02,2553.54,1856.77,6900000001121,active
SKU0001122,P000561,暖杏色-旗舰版,标准款,中号,3118.32,2095.81,1042.98,6900000001122,active
SKU0001123,P000562,云朵白-中号,云朵白,中号,1389.48,1082.29,805.66,6900000001123,active
SKU0001124,P000562,星空蓝-升级版,曜石黑,小号,1133.44,913.5,638.21,6900000001124,active
SKU0001125,P000563,曜石黑-中号,曜石黑,小号,3775.63,2617.93,1917.18,6900000001125,active
SKU0001126,P000563,标准款-基础版,曜石黑,中号,3765.54,2700.88,1375.44,6900000001126,inactive
SKU0001127,P000564,云朵白-大号,星空蓝,中号,1546.24,1273.17,797.78,6900000001127,active
SKU0001128,P000564,云朵白-旗舰版,云朵白,大号,1903.68,1472.93,1134.28,6900000001128,active
SKU0001129,P000565,云朵白-基础版,标准款,小号,585.44,417.3,207.49,6900000001129,active
SKU0001130,P000565,标准款-小号,暖杏色,基础版,562.52,479.84,254.04,6900000001130,active
SKU0001131,P000566,标准款-大号,标准款,中号,2129.5,2047.31,1031.34,6900000001131,active
SKU0001132,P000566,星空蓝-小号,云朵白,大号,2193.23,1693.88,906.56,6900000001132,active
SKU0001133,P000567,标准款-小号,标准款,旗舰版,1280.3,1011.38,591.85,6900000001133,active
SKU0001134,P000567,暖杏色-大号,星空蓝,大号,1234.62,935.6,614.84,6900000001134,active
SKU0001135,P000568,云朵白-中号,暖杏色,大号,248.21,225.39,110.81,6900000001135,active
SKU0001136,P000568,标准款-小号,曜石黑,基础版,309.2,236.17,174.07,6900000001136,active
SKU0001137,P000569,星空蓝-旗舰版,云朵白,基础版,1005.57,719.71,515.31,6900000001137,active
SKU0001138,P000569,云朵白-小号,星空蓝,基础版,817.49,723.58,407.37,6900000001138,active
SKU0001139,P000570,活力橙-中号,活力橙,小号,1466.82,1032.55,499.7,6900000001139,active
SKU0001140,P000570,云朵白-基础版,曜石黑,中号,1311.9,1022.53,736.84,6900000001140,active
SKU0001141,P000571,云朵白-升级版,曜石黑,升级版,2818.23,2281.61,1608.12,6900000001141,active
SKU0001142,P000571,云朵白-升级版,标准款,旗舰版,2875.41,2229.71,1266.74,6900000001142,active
SKU0001143,P000572,曜石黑-基础版,活力橙,小号,2162.43,1900.67,1089.22,6900000001143,active
SKU0001144,P000572,云朵白-小号,标准款,大号,2214.11,1744.39,1170.12,6900000001144,active
SKU0001145,P000573,标准款-升级版,星空蓝,基础版,111.44,91.75,71.17,6900000001145,active
SKU0001146,P000573,活力橙-大号,标准款,升级版,123.89,100.02,57.63,6900000001146,active
SKU0001147,P000574,活力橙-旗舰版,云朵白,中号,3960.32,3338.06,2370.9,6900000001147,active
SKU0001148,P000574,星空蓝-基础版,活力橙,中号,4261.99,3135.39,1921.76,6900000001148,active
SKU0001149,P000575,暖杏色-升级版,标准款,小号,3425.99,2573.97,1591.6,6900000001149,active
SKU0001150,P000575,星空蓝-中号,曜石黑,基础版,3961.71,2874.31,1805.72,6900000001150,active
SKU0001151,P000576,曜石黑-旗舰版,曜石黑,大号,877.55,714.52,383.71,6900000001151,active
SKU0001152,P000576,标准款-升级版,星空蓝,基础版,760.25,735.67,504.99,6900000001152,active
SKU0001153,P000577,活力橙-小号,暖杏色,升级版,2644.19,1958.44,1346.26,6900000001153,active
SKU0001154,P000577,活力橙-大号,星空蓝,中号,2730.31,1818.98,1293.95,6900000001154,active
SKU0001155,P000578,云朵白-升级版,云朵白,基础版,1317.28,1178.07,604.27,6900000001155,active
SKU0001156,P000578,星空蓝-基础版,云朵白,中号,1423.4,1027.29,560.38,6900000001156,active
SKU0001157,P000579,云朵白-旗舰版,暖杏色,中号,3312.91,2179.55,1630.51,6900000001157,active
SKU0001158,P000579,星空蓝-旗舰版,活力橙,升级版,3339.94,2589.64,1678.35,6900000001158,active
SKU0001159,P000580,云朵白-升级版,活力橙,小号,4296.74,3201.29,2384.81,6900000001159,active
SKU0001160,P000580,曜石黑-基础版,标准款,旗舰版,4030.49,3348.7,2054.44,6900000001160,active
SKU0001161,P000581,曜石黑-升级版,暖杏色,大号,178.51,136.16,92.59,6900000001161,active
SKU0001162,P000581,星空蓝-基础版,标准款,升级版,210.35,143.76,77.96,6900000001162,active
SKU0001163,P000582,标准款-旗舰版,暖杏色,基础版,3518.9,2870.16,1816.25,6900000001163,active
SKU0001164,P000582,曜石黑-小号,暖杏色,小号,3753.83,2813.18,1710.07,6900000001164,active
SKU0001165,P000583,星空蓝-升级版,暖杏色,中号,3826.18,2972.67,1904.39,6900000001165,active
SKU0001166,P000583,标准款-旗舰版,星空蓝,旗舰版,4011.94,2744.13,1762.41,6900000001166,active
SKU0001167,P000584,暖杏色-旗舰版,星空蓝,小号,3850.95,2431.49,1236.4,6900000001167,active
SKU0001168,P000584,曜石黑-小号,活力橙,旗舰版,3150.39,2824.56,1685.61,6900000001168,active
SKU0001169,P000585,云朵白-基础版,曜石黑,小号,206.22,178.41,104.19,6900000001169,active
SKU0001170,P000585,星空蓝-中号,星空蓝,中号,187.83,151.88,106.47,6900000001170,active
SKU0001171,P000586,云朵白-升级版,暖杏色,升级版,908.83,634.45,444.36,6900000001171,active
SKU0001172,P000586,活力橙-小号,标准款,基础版,742.84,595.0,306.67,6900000001172,active
SKU0001173,P000587,曜石黑-旗舰版,暖杏色,中号,1537.6,1260.83,665.01,6900000001173,active
SKU0001174,P000587,暖杏色-大号,曜石黑,升级版,1594.49,1079.3,627.5,6900000001174,active
SKU0001175,P000588,云朵白-大号,标准款,旗舰版,85.11,60.75,31.22,6900000001175,active
SKU0001176,P000588,曜石黑-大号,标准款,基础版,72.26,65.02,36.22,6900000001176,inactive
SKU0001177,P000589,星空蓝-小号,标准款,小号,4068.25,3146.0,1938.97,6900000001177,active
SKU0001178,P000589,云朵白-大号,星空蓝,中号,4253.56,3274.08,2487.26,6900000001178,active
SKU0001179,P000590,星空蓝-基础版,云朵白,中号,952.85,729.67,415.22,6900000001179,active
SKU0001180,P000590,活力橙-旗舰版,星空蓝,中号,881.57,655.71,384.33,6900000001180,active
SKU0001181,P000591,暖杏色-小号,云朵白,基础版,2538.79,1769.48,890.09,6900000001181,active
SKU0001182,P000591,标准款-中号,活力橙,大号,2398.78,1959.37,1520.49,6900000001182,inactive
SKU0001183,P000592,活力橙-升级版,曜石黑,中号,2898.73,2446.92,1715.49,6900000001183,active
SKU0001184,P000592,云朵白-大号,暖杏色,旗舰版,3401.99,2472.97,1659.39,6900000001184,active
SKU0001185,P000593,星空蓝-旗舰版,暖杏色,基础版,3632.21,3180.19,1763.96,6900000001185,active
SKU0001186,P000593,星空蓝-小号,曜石黑,基础版,3913.26,3341.42,2149.8,6900000001186,active
SKU0001187,P000594,标准款-基础版,标准款,大号,2660.96,2242.2,1696.64,6900000001187,active
SKU0001188,P000594,星空蓝-升级版,暖杏色,大号,3006.12,2102.87,1125.96,6900000001188,active
SKU0001189,P000595,云朵白-大号,星空蓝,升级版,1281.56,1000.47,580.12,6900000001189,active
SKU0001190,P000595,曜石黑-大号,星空蓝,基础版,1305.51,902.42,551.68,6900000001190,active
SKU0001191,P000596,活力橙-中号,暖杏色,旗舰版,200.12,175.43,112.37,6900000001191,active
SKU0001192,P000596,活力橙-升级版,曜石黑,基础版,229.89,159.54,99.86,6900000001192,active
SKU0001193,P000597,星空蓝-升级版,标准款,旗舰版,1254.82,917.42,501.79,6900000001193,active
SKU0001194,P000597,活力橙-中号,活力橙,中号,1490.74,1069.85,764.59,6900000001194,active
SKU0001195,P000598,标准款-小号,云朵白,旗舰版,2140.72,1756.14,963.94,6900000001195,active
SKU0001196,P000598,星空蓝-小号,星空蓝,升级版,2153.75,1623.9,841.35,6900000001196,active
SKU0001197,P000599,暖杏色-中号,活力橙,小号,2103.7,1773.52,1032.31,6900000001197,active
SKU0001198,P000599,标准款-升级版,暖杏色,基础版,1988.57,1697.74,970.7,6900000001198,active
SKU0001199,P000600,标准款-基础版,曜石黑,基础版,704.47,500.53,281.22,6900000001199,active
SKU0001200,P000600,标准款-大号,活力橙,旗舰版,667.4,492.14,258.44,6900000001200,active
SKU0001201,P000601,星空蓝-小号,曜石黑,中号,2442.13,1858.16,1343.98,6900000001201,active
SKU0001202,P000601,星空蓝-中号,标准款,升级版,2332.68,1587.11,766.29,6900000001202,active
SKU0001203,P000602,暖杏色-旗舰版,星空蓝,升级版,3982.76,3034.64,1730.65,6900000001203,active
SKU0001204,P000602,活力橙-中号,标准款,旗舰版,3972.68,3066.27,1966.21,6900000001204,active
SKU0001205,P000603,曜石黑-旗舰版,曜石黑,中号,3022.93,1869.38,1378.76,6900000001205,active
SKU0001206,P000603,星空蓝-升级版,云朵白,中号,2413.9,1875.04,945.29,6900000001206,active
SKU0001207,P000604,曜石黑-升级版,标准款,基础版,2297.58,2200.39,1675.29,6900000001207,active
SKU0001208,P000604,标准款-升级版,标准款,大号,2305.73,1793.97,1081.52,6900000001208,active
SKU0001209,P000605,星空蓝-基础版,暖杏色,升级版,3153.42,2284.45,1412.05,6900000001209,inactive
SKU0001210,P000605,标准款-旗舰版,标准款,大号,3343.32,2330.13,1445.08,6900000001210,active
SKU0001211,P000606,活力橙-大号,曜石黑,中号,1759.28,1352.84,975.44,6900000001211,active
SKU0001212,P000606,标准款-旗舰版,曜石黑,小号,1855.81,1514.75,826.92,6900000001212,active
SKU0001213,P000607,曜石黑-升级版,活力橙,升级版,4126.46,3274.85,1657.66,6900000001213,active
SKU0001214,P000607,标准款-中号,曜石黑,基础版,4078.87,2738.69,1577.26,6900000001214,active
SKU0001215,P000608,活力橙-中号,标准款,升级版,3265.51,2906.63,2034.35,6900000001215,inactive
SKU0001216,P000608,标准款-中号,曜石黑,旗舰版,3868.59,2450.54,1808.42,6900000001216,active
SKU0001217,P000609,星空蓝-基础版,云朵白,旗舰版,2625.04,2139.12,1370.87,6900000001217,active
SKU0001218,P000609,曜石黑-旗舰版,暖杏色,旗舰版,2602.58,2343.51,1636.67,6900000001218,active
SKU0001219,P000610,云朵白-中号,星空蓝,小号,537.02,337.21,219.77,6900000001219,active
SKU0001220,P000610,活力橙-大号,活力橙,升级版,427.65,399.29,300.2,6900000001220,active
SKU0001221,P000611,星空蓝-旗舰版,曜石黑,大号,23.18,20.58,15.81,6900000001221,active
SKU0001222,P000611,活力橙-升级版,星空蓝,升级版,26.5,20.75,10.94,6900000001222,active
SKU0001223,P000612,曜石黑-中号,活力橙,大号,3935.6,3073.87,1644.29,6900000001223,active
SKU0001224,P000612,标准款-小号,星空蓝,大号,3688.18,3085.3,2161.55,6900000001224,active
SKU0001225,P000613,曜石黑-大号,星空蓝,小号,1489.22,1179.02,820.14,6900000001225,inactive
SKU0001226,P000613,标准款-大号,星空蓝,基础版,1498.83,1156.47,562.09,6900000001226,active
SKU0001227,P000614,星空蓝-小号,曜石黑,大号,2217.16,1774.23,1087.79,6900000001227,active
SKU0001228,P000614,活力橙-升级版,星空蓝,大号,2234.3,1785.58,1027.24,6900000001228,active
SKU0001229,P000615,云朵白-旗舰版,活力橙,升级版,2697.72,2161.54,1577.7,6900000001229,active
SKU0001230,P000615,标准款-中号,活力橙,升级版,3350.38,2440.37,1828.11,6900000001230,active
SKU0001231,P000616,暖杏色-升级版,活力橙,基础版,1095.68,826.66,641.65,6900000001231,active
SKU0001232,P000616,云朵白-旗舰版,标准款,小号,1070.5,760.75,515.61,6900000001232,active
SKU0001233,P000617,活力橙-升级版,标准款,大号,2976.16,2204.64,1256.44,6900000001233,active
SKU0001234,P000617,星空蓝-中号,星空蓝,大号,3108.84,2087.94,1427.11,6900000001234,active
SKU0001235,P000618,标准款-旗舰版,云朵白,旗舰版,898.47,692.17,377.51,6900000001235,active
SKU0001236,P000618,暖杏色-旗舰版,标准款,基础版,1090.51,858.83,498.73,6900000001236,active
SKU0001237,P000619,标准款-基础版,曜石黑,升级版,684.97,525.04,324.23,6900000001237,active
SKU0001238,P000619,活力橙-小号,曜石黑,基础版,560.31,448.06,290.33,6900000001238,inactive
SKU0001239,P000620,曜石黑-中号,暖杏色,小号,1793.03,1306.01,840.04,6900000001239,active
SKU0001240,P000620,曜石黑-升级版,星空蓝,升级版,1651.91,1313.97,1017.2,6900000001240,inactive
SKU0001241,P000621,活力橙-基础版,活力橙,中号,2182.43,1684.74,908.54,6900000001241,active
SKU0001242,P000621,活力橙-大号,曜石黑,中号,2078.53,1716.11,1264.21,6900000001242,active
SKU0001243,P000622,云朵白-大号,标准款,旗舰版,658.6,496.39,317.1,6900000001243,active
SKU0001244,P000622,星空蓝-中号,标准款,基础版,761.58,543.05,342.0,6900000001244,active
SKU0001245,P000623,暖杏色-小号,暖杏色,小号,560.23,472.42,323.98,6900000001245,active
SKU0001246,P000623,标准款-升级版,云朵白,小号,639.11,474.56,230.58,6900000001246,active
SKU0001247,P000624,活力橙-旗舰版,暖杏色,旗舰版,830.62,659.37,332.59,6900000001247,active
SKU0001248,P000624,暖杏色-大号,暖杏色,小号,806.65,645.14,387.44,6900000001248,active
SKU0001249,P000625,标准款-小号,活力橙,升级版,1214.31,900.18,589.73,6900000001249,active
SKU0001250,P000625,云朵白-升级版,云朵白,基础版,1021.69,885.19,449.65,6900000001250,active
SKU0001251,P000626,云朵白-升级版,标准款,中号,408.45,320.58,243.15,6900000001251,active
SKU0001252,P000626,星空蓝-基础版,云朵白,小号,360.84,294.19,206.85,6900000001252,active
SKU0001253,P000627,云朵白-小号,星空蓝,小号,1386.46,1149.0,868.78,6900000001253,active
SKU0001254,P000627,标准款-小号,星空蓝,小号,1752.68,1348.46,705.73,6900000001254,active
SKU0001255,P000628,云朵白-中号,曜石黑,中号,2958.35,2689.43,2060.03,6900000001255,active
SKU0001256,P000628,星空蓝-旗舰版,云朵白,升级版,3345.32,2598.51,1464.3,6900000001256,active
SKU0001257,P000629,云朵白-旗舰版,曜石黑,小号,1559.46,1054.23,808.32,6900000001257,active
SKU0001258,P000629,暖杏色-小号,标准款,旗舰版,1423.13,1087.96,658.35,6900000001258,active
SKU0001259,P000630,活力橙-大号,活力橙,中号,3534.96,3247.65,2020.04,6900000001259,active
SKU0001260,P000630,暖杏色-升级版,云朵白,大号,4032.6,2694.69,1579.19,6900000001260,active
SKU0001261,P000631,曜石黑-小号,星空蓝,小号,1062.2,894.64,465.05,6900000001261,active
SKU0001262,P000631,暖杏色-大号,暖杏色,基础版,1031.55,816.48,417.61,6900000001262,active
SKU0001263,P000632,暖杏色-旗舰版,云朵白,小号,1146.91,842.34,483.52,6900000001263,active
SKU0001264,P000632,云朵白-旗舰版,暖杏色,大号,1244.85,837.15,574.73,6900000001264,active
SKU0001265,P000633,活力橙-旗舰版,星空蓝,基础版,304.46,226.43,146.48,6900000001265,active
SKU0001266,P000633,暖杏色-大号,曜石黑,小号,282.72,210.12,117.58,6900000001266,active
SKU0001267,P000634,星空蓝-小号,暖杏色,中号,2095.76,1415.51,724.6,6900000001267,active
SKU0001268,P000634,活力橙-大号,活力橙,旗舰版,1993.63,1604.91,1200.53,6900000001268,active
SKU0001269,P000635,星空蓝-升级版,星空蓝,升级版,4390.64,3045.72,1853.95,6900000001269,active
SKU0001270,P000635,活力橙-旗舰版,曜石黑,中号,3481.23,2840.9,1520.39,6900000001270,active
SKU0001271,P000636,暖杏色-旗舰版,标准款,基础版,2245.3,1710.64,1045.13,6900000001271,active
SKU0001272,P000636,曜石黑-基础版,活力橙,升级版,2222.85,1791.27,1269.62,6900000001272,active
SKU0001273,P000637,暖杏色-旗舰版,暖杏色,升级版,2323.53,1634.72,813.87,6900000001273,active
SKU0001274,P000637,活力橙-基础版,曜石黑,中号,2431.79,2033.2,1305.55,6900000001274,active
SKU0001275,P000638,标准款-中号,星空蓝,中号,1608.8,1277.83,794.43,6900000001275,inactive
SKU0001276,P000638,云朵白-小号,曜石黑,旗舰版,1670.63,1134.6,782.97,6900000001276,active
SKU0001277,P000639,暖杏色-升级版,曜石黑,中号,4253.74,2796.94,1833.82,6900000001277,active
SKU0001278,P000639,曜石黑-大号,标准款,大号,3927.74,2835.54,2102.08,6900000001278,inactive
SKU0001279,P000640,活力橙-升级版,活力橙,基础版,2637.32,1998.35,1432.59,6900000001279,active
SKU0001280,P000640,曜石黑-小号,星空蓝,升级版,2104.54,1864.6,1233.78,6900000001280,active
SKU0001281,P000641,活力橙-小号,星空蓝,旗舰版,2741.18,2006.87,1244.91,6900000001281,active
SKU0001282,P000641,云朵白-旗舰版,暖杏色,旗舰版,2870.2,2032.05,1417.39,6900000001282,active
SKU0001283,P000642,星空蓝-中号,标准款,小号,3695.39,2454.34,1862.43,6900000001283,active
SKU0001284,P000642,曜石黑-基础版,暖杏色,升级版,3063.57,2406.88,1821.63,6900000001284,active
SKU0001285,P000643,暖杏色-基础版,星空蓝,升级版,3820.34,2894.7,1545.4,6900000001285,active
SKU0001286,P000643,曜石黑-小号,曜石黑,升级版,4148.33,3116.21,2219.21,6900000001286,active
SKU0001287,P000644,活力橙-小号,标准款,小号,3283.96,2274.43,1453.84,6900000001287,active
SKU0001288,P000644,星空蓝-大号,活力橙,中号,3139.76,2301.46,1425.17,6900000001288,inactive
SKU0001289,P000645,星空蓝-大号,星空蓝,大号,1359.43,968.03,712.86,6900000001289,active
SKU0001290,P000645,曜石黑-中号,曜石黑,旗舰版,1341.27,1076.6,752.86,6900000001290,active
SKU0001291,P000646,暖杏色-小号,活力橙,中号,194.98,168.85,119.16,6900000001291,active
SKU0001292,P000646,标准款-小号,星空蓝,小号,205.78,149.52,87.59,6900000001292,active
SKU0001293,P000647,活力橙-小号,暖杏色,中号,490.48,388.68,266.05,6900000001293,active
SKU0001294,P000647,曜石黑-旗舰版,云朵白,升级版,441.17,328.62,254.36,6900000001294,inactive
SKU0001295,P000648,标准款-中号,曜石黑,大号,2667.27,1888.84,1022.64,6900000001295,active
SKU0001296,P000648,星空蓝-大号,标准款,小号,2264.78,1985.33,1452.19,6900000001296,active
SKU0001297,P000649,暖杏色-基础版,活力橙,升级版,3453.46,2694.27,1336.92,6900000001297,active
SKU0001298,P000649,云朵白-旗舰版,暖杏色,大号,3150.93,2562.14,1401.69,6900000001298,active
SKU0001299,P000650,标准款-中号,标准款,基础版,2454.55,2085.26,1615.21,6900000001299,active
SKU0001300,P000650,活力橙-中号,活力橙,大号,2323.82,2132.54,1092.85,6900000001300,active
SKU0001301,P000651,曜石黑-中号,标准款,升级版,1716.98,1235.36,665.58,6900000001301,active
SKU0001302,P000651,曜石黑-小号,曜石黑,大号,1532.0,1334.34,657.26,6900000001302,active
SKU0001303,P000652,曜石黑-旗舰版,曜石黑,旗舰版,819.84,614.22,316.99,6900000001303,active
SKU0001304,P000652,活力橙-中号,星空蓝,旗舰版,696.14,607.7,347.03,6900000001304,active
SKU0001305,P000653,活力橙-基础版,云朵白,大号,4216.65,2944.71,1784.47,6900000001305,active
SKU0001306,P000653,星空蓝-旗舰版,云朵白,旗舰版,4421.71,3246.23,1799.11,6900000001306,active
SKU0001307,P000654,云朵白-基础版,曜石黑,中号,3145.11,2191.3,1057.92,6900000001307,active
SKU0001308,P000654,活力橙-小号,曜石黑,基础版,2656.16,2297.43,1696.76,6900000001308,active
SKU0001309,P000655,标准款-中号,标准款,旗舰版,3650.93,3093.5,2122.57,6900000001309,active
SKU0001310,P000655,曜石黑-基础版,标准款,大号,3656.19,3039.08,1708.41,6900000001310,active
SKU0001311,P000656,暖杏色-旗舰版,星空蓝,大号,1103.26,838.39,563.16,6900000001311,active
SKU0001312,P000656,星空蓝-旗舰版,暖杏色,升级版,1218.93,827.87,563.9,6900000001312,active
SKU0001313,P000657,暖杏色-中号,活力橙,大号,191.01,156.96,121.6,6900000001313,active
SKU0001314,P000657,星空蓝-基础版,曜石黑,旗舰版,216.23,148.54,82.95,6900000001314,active
SKU0001315,P000658,曜石黑-旗舰版,曜石黑,升级版,2892.2,1819.16,917.4,6900000001315,active
SKU0001316,P000658,暖杏色-大号,星空蓝,旗舰版,2367.11,1958.68,1518.28,6900000001316,active
SKU0001317,P000659,云朵白-升级版,曜石黑,升级版,2438.87,1776.89,1361.99,6900000001317,active
SKU0001318,P000659,暖杏色-中号,活力橙,基础版,2389.9,2166.49,1154.89,6900000001318,active
SKU0001319,P000660,标准款-基础版,标准款,大号,450.17,349.68,221.02,6900000001319,active
SKU0001320,P000660,标准款-小号,活力橙,基础版,395.82,304.27,149.95,6900000001320,active
SKU0001321,P000661,曜石黑-小号,活力橙,小号,4165.02,2723.24,1476.71,6900000001321,active
SKU0001322,P000661,云朵白-大号,星空蓝,升级版,3912.31,2762.77,1916.67,6900000001322,active
SKU0001323,P000662,曜石黑-大号,标准款,基础版,2410.17,1939.7,1478.34,6900000001323,active
SKU0001324,P000662,云朵白-中号,曜石黑,旗舰版,2430.86,1776.19,1137.99,6900000001324,active
SKU0001325,P000663,标准款-大号,活力橙,小号,51.43,44.26,25.62,6900000001325,active
SKU0001326,P000663,暖杏色-小号,曜石黑,基础版,59.84,37.94,23.71,6900000001326,active
SKU0001327,P000664,星空蓝-大号,标准款,中号,744.43,519.2,302.63,6900000001327,active
SKU0001328,P000664,活力橙-基础版,标准款,中号,672.89,509.87,313.13,6900000001328,active
SKU0001329,P000665,云朵白-升级版,活力橙,基础版,392.84,354.33,218.67,6900000001329,active
SKU0001330,P000665,星空蓝-升级版,暖杏色,升级版,405.75,376.88,185.12,6900000001330,active
SKU0001331,P000666,暖杏色-基础版,曜石黑,旗舰版,1111.69,769.04,450.37,6900000001331,active
SKU0001332,P000666,暖杏色-基础版,曜石黑,基础版,891.09,822.41,557.79,6900000001332,active
SKU0001333,P000667,标准款-旗舰版,云朵白,基础版,3804.43,2775.28,1474.09,6900000001333,active
SKU0001334,P000667,标准款-升级版,星空蓝,大号,3553.18,2680.87,1869.48,6900000001334,active
SKU0001335,P000668,曜石黑-大号,暖杏色,旗舰版,3691.46,2466.11,1373.99,6900000001335,active
SKU0001336,P000668,标准款-基础版,云朵白,升级版,3739.76,2948.91,1784.67,6900000001336,active
SKU0001337,P000669,暖杏色-旗舰版,星空蓝,大号,447.13,398.44,208.07,6900000001337,active
SKU0001338,P000669,活力橙-旗舰版,星空蓝,基础版,496.48,369.75,240.33,6900000001338,active
SKU0001339,P000670,云朵白-小号,曜石黑,旗舰版,2608.42,1787.01,1353.54,6900000001339,active
SKU0001340,P000670,星空蓝-升级版,曜石黑,基础版,2297.14,1709.37,1297.65,6900000001340,active
SKU0001341,P000671,星空蓝-升级版,星空蓝,升级版,2573.89,2144.41,1339.77,6900000001341,active
SKU0001342,P000671,星空蓝-大号,标准款,小号,2825.31,2270.84,1670.86,6900000001342,active
SKU0001343,P000672,曜石黑-中号,活力橙,升级版,507.51,366.3,283.55,6900000001343,active
SKU0001344,P000672,活力橙-中号,活力橙,基础版,575.51,391.72,263.24,6900000001344,active
SKU0001345,P000673,暖杏色-升级版,标准款,旗舰版,3614.54,2812.13,1391.22,6900000001345,active
SKU0001346,P000673,云朵白-基础版,活力橙,升级版,3339.57,2570.15,1844.81,6900000001346,active
SKU0001347,P000674,云朵白-大号,标准款,大号,1448.11,1222.27,649.84,6900000001347,active
SKU0001348,P000674,暖杏色-中号,星空蓝,旗舰版,1310.39,999.3,763.63,6900000001348,active
SKU0001349,P000675,星空蓝-大号,暖杏色,中号,3453.89,2922.28,1846.19,6900000001349,active
SKU0001350,P000675,云朵白-中号,活力橙,大号,3388.02,2740.39,2015.73,6900000001350,active
SKU0001351,P000676,云朵白-升级版,暖杏色,中号,857.84,574.2,281.95,6900000001351,active
SKU0001352,P000676,云朵白-旗舰版,标准款,基础版,882.94,651.23,476.6,6900000001352,active
SKU0001353,P000677,星空蓝-大号,标准款,大号,3038.69,2336.84,1638.69,6900000001353,active
SKU0001354,P000677,星空蓝-升级版,星空蓝,基础版,3155.87,2122.77,1447.21,6900000001354,active
SKU0001355,P000678,曜石黑-中号,星空蓝,升级版,2016.23,1460.93,776.05,6900000001355,active
SKU0001356,P000678,云朵白-大号,曜石黑,大号,1718.89,1687.45,1284.73,6900000001356,active
SKU0001357,P000679,星空蓝-大号,活力橙,中号,2485.7,2055.44,1382.99,6900000001357,active
SKU0001358,P000679,暖杏色-基础版,星空蓝,中号,2360.72,1741.96,1173.3,6900000001358,active
SKU0001359,P000680,星空蓝-升级版,暖杏色,旗舰版,2711.13,2209.79,1196.2,6900000001359,active
SKU0001360,P000680,活力橙-基础版,星空蓝,小号,2695.26,2020.32,1540.98,6900000001360,active
SKU0001361,P000681,星空蓝-升级版,星空蓝,中号,1754.38,1641.85,920.2,6900000001361,active
SKU0001362,P000681,活力橙-升级版,暖杏色,中号,1771.18,1452.64,1002.41,6900000001362,active
SKU0001363,P000682,标准款-旗舰版,标准款,大号,3946.95,2932.47,1743.48,6900000001363,active
SKU0001364,P000682,星空蓝-大号,暖杏色,中号,3511.19,2840.16,1491.96,6900000001364,active
SKU0001365,P000683,活力橙-基础版,活力橙,小号,1740.8,1725.74,1264.8,6900000001365,active
SKU0001366,P000683,标准款-基础版,暖杏色,小号,1765.43,1374.27,775.63,6900000001366,inactive
SKU0001367,P000684,暖杏色-中号,云朵白,基础版,742.57,689.03,526.74,6900000001367,active
SKU0001368,P000684,曜石黑-小号,活力橙,基础版,757.08,622.26,320.31,6900000001368,active
SKU0001369,P000685,星空蓝-小号,活力橙,旗舰版,1971.36,1601.77,863.49,6900000001369,active
SKU0001370,P000685,云朵白-旗舰版,云朵白,中号,2227.62,1628.65,807.96,6900000001370,active
SKU0001371,P000686,活力橙-旗舰版,星空蓝,中号,2508.23,1893.8,1088.95,6900000001371,active
SKU0001372,P000686,云朵白-大号,云朵白,升级版,2774.78,2063.01,1593.09,6900000001372,active
SKU0001373,P000687,云朵白-基础版,云朵白,基础版,1503.25,1205.7,829.72,6900000001373,active
SKU0001374,P000687,标准款-小号,活力橙,升级版,1693.93,1071.81,689.54,6900000001374,active
SKU0001375,P000688,活力橙-基础版,星空蓝,旗舰版,2187.48,2035.02,1137.06,6900000001375,active
SKU0001376,P000688,曜石黑-中号,活力橙,升级版,2441.33,2053.18,1136.66,6900000001376,active
SKU0001377,P000689,暖杏色-升级版,曜石黑,升级版,3653.25,3021.58,2190.51,6900000001377,active
SKU0001378,P000689,星空蓝-基础版,标准款,旗舰版,4176.74,3130.63,1774.07,6900000001378,active
SKU0001379,P000690,曜石黑-基础版,星空蓝,中号,3894.79,2950.95,1888.54,6900000001379,active
SKU0001380,P000690,暖杏色-旗舰版,暖杏色,升级版,4504.58,3124.38,1691.85,6900000001380,active
SKU0001381,P000691,云朵白-小号,暖杏色,大号,2250.03,2084.14,1281.5,6900000001381,active
SKU0001382,P000691,标准款-中号,云朵白,小号,2471.69,2187.33,1436.83,6900000001382,inactive
SKU0001383,P000692,暖杏色-升级版,曜石黑,中号,552.79,416.36,217.33,6900000001383,active
SKU0001384,P000692,云朵白-大号,标准款,升级版,618.51,449.68,258.27,6900000001384,active
SKU0001385,P000693,标准款-升级版,暖杏色,中号,950.16,738.75,377.03,6900000001385,active
SKU0001386,P000693,云朵白-旗舰版,活力橙,小号,960.99,696.5,441.87,6900000001386,inactive
SKU0001387,P000694,曜石黑-基础版,星空蓝,升级版,982.87,885.93,541.61,6900000001387,active
SKU0001388,P000694,活力橙-升级版,云朵白,基础版,1004.42,899.23,472.45,6900000001388,active
SKU0001389,P000695,标准款-基础版,标准款,大号,442.33,362.94,272.86,6900000001389,active
SKU0001390,P000695,活力橙-大号,云朵白,小号,443.73,325.57,173.52,6900000001390,active
SKU0001391,P000696,星空蓝-基础版,曜石黑,小号,132.33,111.77,78.03,6900000001391,active
SKU0001392,P000696,曜石黑-旗舰版,暖杏色,中号,120.76,113.04,83.5,6900000001392,active
SKU0001393,P000697,活力橙-基础版,曜石黑,大号,2689.07,1843.43,1044.6,6900000001393,active
SKU0001394,P000697,星空蓝-大号,暖杏色,小号,2292.36,2069.86,1194.32,6900000001394,active
SKU0001395,P000698,星空蓝-中号,云朵白,大号,2887.06,2155.66,1259.48,6900000001395,active
SKU0001396,P000698,星空蓝-基础版,曜石黑,中号,3296.41,2567.14,1941.98,6900000001396,active
SKU0001397,P000699,云朵白-小号,云朵白,升级版,1007.55,673.58,437.51,6900000001397,active
SKU0001398,P000699,云朵白-旗舰版,曜石黑,中号,913.55,814.71,439.45,6900000001398,active
SKU0001399,P000700,云朵白-小号,曜石黑,旗舰版,4403.44,3598.33,1957.89,6900000001399,active
SKU0001400,P000700,曜石黑-升级版,曜石黑,升级版,3990.29,3317.49,2097.9,6900000001400,active
SKU0001401,P000701,标准款-升级版,星空蓝,基础版,2241.6,2006.85,1054.94,6900000001401,active
SKU0001402,P000701,曜石黑-升级版,云朵白,中号,2185.75,1614.69,865.92,6900000001402,active
SKU0001403,P000702,曜石黑-小号,曜石黑,旗舰版,2231.78,1598.46,1141.33,6900000001403,active
SKU0001404,P000702,活力橙-小号,活力橙,大号,2279.7,1868.94,1086.45,6900000001404,active
SKU0001405,P000703,云朵白-中号,曜石黑,基础版,4174.61,3415.29,2387.11,6900000001405,active
SKU0001406,P000703,标准款-大号,云朵白,中号,4227.88,3272.64,2493.9,6900000001406,active
SKU0001407,P000704,云朵白-中号,标准款,基础版,3181.57,2845.79,1743.88,6900000001407,inactive
SKU0001408,P000704,星空蓝-旗舰版,云朵白,小号,3112.57,2696.68,1584.99,6900000001408,active
SKU0001409,P000705,活力橙-升级版,标准款,升级版,3334.07,2665.84,1966.75,6900000001409,active
SKU0001410,P000705,标准款-中号,暖杏色,升级版,3722.45,2867.54,1951.8,6900000001410,active
SKU0001411,P000706,暖杏色-小号,标准款,旗舰版,276.55,252.16,187.62,6900000001411,active
SKU0001412,P000706,云朵白-旗舰版,活力橙,升级版,324.79,246.08,135.61,6900000001412,active
SKU0001413,P000707,标准款-基础版,标准款,旗舰版,664.62,609.03,316.41,6900000001413,active
SKU0001414,P000707,暖杏色-大号,活力橙,中号,635.73,566.23,338.36,6900000001414,active
SKU0001415,P000708,曜石黑-中号,曜石黑,升级版,2253.57,1629.11,1184.43,6900000001415,active
SKU0001416,P000708,云朵白-小号,星空蓝,基础版,2017.42,1802.2,1040.86,6900000001416,active
SKU0001417,P000709,活力橙-基础版,暖杏色,中号,1424.74,1072.43,630.22,6900000001417,active
SKU0001418,P000709,暖杏色-旗舰版,曜石黑,升级版,1582.37,1091.79,630.33,6900000001418,active
SKU0001419,P000710,曜石黑-升级版,曜石黑,基础版,3645.24,2836.14,1610.39,6900000001419,active
SKU0001420,P000710,曜石黑-基础版,曜石黑,大号,3913.07,3029.42,1540.26,6900000001420,active
SKU0001421,P000711,星空蓝-基础版,活力橙,大号,1817.16,1183.04,801.76,6900000001421,active
SKU0001422,P000711,曜石黑-中号,云朵白,旗舰版,1659.26,1256.94,757.69,6900000001422,inactive
SKU0001423,P000712,星空蓝-基础版,云朵白,基础版,2381.82,1985.83,1298.07,6900000001423,active
SKU0001424,P000712,星空蓝-升级版,标准款,升级版,2050.69,1736.91,990.94,6900000001424,inactive
SKU0001425,P000713,星空蓝-基础版,暖杏色,小号,1064.38,712.26,475.31,6900000001425,active
SKU0001426,P000713,暖杏色-旗舰版,标准款,升级版,848.18,701.42,350.22,6900000001426,active
SKU0001427,P000714,曜石黑-旗舰版,云朵白,基础版,1861.79,1386.65,868.25,6900000001427,active
SKU0001428,P000714,云朵白-旗舰版,暖杏色,升级版,1759.33,1600.1,1023.59,6900000001428,active
SKU0001429,P000715,标准款-基础版,活力橙,大号,1783.01,1421.43,964.99,6900000001429,active
SKU0001430,P000715,活力橙-中号,星空蓝,升级版,1941.17,1451.46,948.49,6900000001430,active
SKU0001431,P000716,星空蓝-基础版,暖杏色,旗舰版,941.75,731.24,511.49,6900000001431,active
SKU0001432,P000716,曜石黑-旗舰版,暖杏色,基础版,1009.32,872.97,540.87,6900000001432,inactive
SKU0001433,P000717,曜石黑-升级版,活力橙,小号,2592.47,2132.41,1538.53,6900000001433,active
SKU0001434,P000717,活力橙-旗舰版,曜石黑,升级版,2731.45,2196.35,1489.8,6900000001434,active
SKU0001435,P000718,曜石黑-基础版,星空蓝,升级版,3620.87,2488.02,1339.92,6900000001435,active
SKU0001436,P000718,星空蓝-中号,标准款,旗舰版,3092.51,2872.42,1851.08,6900000001436,active
SKU0001437,P000719,标准款-大号,曜石黑,基础版,3076.95,2118.31,1542.28,6900000001437,active
SKU0001438,P000719,暖杏色-升级版,云朵白,升级版,2946.77,2213.9,1423.27,6900000001438,active
SKU0001439,P000720,暖杏色-基础版,暖杏色,中号,145.71,103.77,74.68,6900000001439,active
SKU0001440,P000720,曜石黑-旗舰版,曜石黑,基础版,125.08,89.92,50.93,6900000001440,active
SKU0001441,P000721,云朵白-基础版,暖杏色,升级版,98.06,70.45,47.8,6900000001441,active
SKU0001442,P000721,暖杏色-小号,星空蓝,旗舰版,109.38,81.11,59.64,6900000001442,active
SKU0001443,P000722,活力橙-升级版,云朵白,基础版,1597.05,1240.04,763.64,6900000001443,active
SKU0001444,P000722,星空蓝-大号,活力橙,升级版,1692.28,1469.93,759.68,6900000001444,active
SKU0001445,P000723,标准款-中号,云朵白,升级版,1291.5,980.22,743.71,6900000001445,active
SKU0001446,P000723,活力橙-旗舰版,曜石黑,中号,1328.6,1194.23,729.78,6900000001446,active
SKU0001447,P000724,活力橙-基础版,星空蓝,旗舰版,678.3,451.24,244.7,6900000001447,active
SKU0001448,P000724,云朵白-旗舰版,曜石黑,升级版,568.07,442.47,303.53,6900000001448,active
SKU0001449,P000725,暖杏色-旗舰版,曜石黑,旗舰版,2397.75,1744.01,868.58,6900000001449,active
SKU0001450,P000725,标准款-旗舰版,活力橙,升级版,2461.45,1845.85,1438.73,6900000001450,active
SKU0001451,P000726,曜石黑-旗舰版,星空蓝,小号,1800.67,1155.57,735.43,6900000001451,active
SKU0001452,P000726,暖杏色-基础版,暖杏色,大号,1754.17,1186.97,632.71,6900000001452,inactive
SKU0001453,P000727,暖杏色-升级版,星空蓝,小号,1008.07,738.47,484.98,6900000001453,active
SKU0001454,P000727,星空蓝-升级版,星空蓝,升级版,973.0,796.01,503.67,6900000001454,active
SKU0001455,P000728,标准款-小号,标准款,大号,3616.74,2288.26,1571.02,6900000001455,active
SKU0001456,P000728,云朵白-旗舰版,星空蓝,旗舰版,3183.73,2888.62,1912.68,6900000001456,active
SKU0001457,P000729,活力橙-中号,标准款,中号,3618.73,2806.16,2042.74,6900000001457,active
SKU0001458,P000729,云朵白-升级版,活力橙,小号,4004.98,2737.43,2123.34,6900000001458,active
SKU0001459,P000730,星空蓝-大号,暖杏色,旗舰版,2301.84,1907.84,1093.16,6900000001459,active
SKU0001460,P000730,曜石黑-基础版,暖杏色,中号,2060.5,1789.37,1236.4,6900000001460,active
SKU0001461,P000731,曜石黑-升级版,活力橙,旗舰版,4302.48,3502.89,2064.78,6900000001461,active
SKU0001462,P000731,活力橙-中号,暖杏色,中号,3550.38,3514.91,2017.29,6900000001462,active
SKU0001463,P000732,星空蓝-基础版,云朵白,大号,2807.6,2559.28,1286.88,6900000001463,active
SKU0001464,P000732,曜石黑-小号,曜石黑,旗舰版,3091.03,2494.5,1496.53,6900000001464,active
SKU0001465,P000733,活力橙-小号,曜石黑,大号,57.27,44.05,22.95,6900000001465,active
SKU0001466,P000733,标准款-升级版,星空蓝,中号,55.71,46.16,26.6,6900000001466,active
SKU0001467,P000734,暖杏色-升级版,星空蓝,旗舰版,1536.42,991.84,498.83,6900000001467,active
SKU0001468,P000734,曜石黑-大号,云朵白,大号,1424.71,1212.72,908.74,6900000001468,active
SKU0001469,P000735,曜石黑-小号,星空蓝,旗舰版,110.67,89.79,46.39,6900000001469,active
SKU0001470,P000735,暖杏色-升级版,暖杏色,升级版,117.93,75.11,52.89,6900000001470,active
SKU0001471,P000736,云朵白-旗舰版,暖杏色,大号,3369.33,2929.25,1437.98,6900000001471,active
SKU0001472,P000736,星空蓝-小号,云朵白,升级版,3742.82,2442.61,1708.17,6900000001472,active
SKU0001473,P000737,星空蓝-基础版,曜石黑,大号,3766.34,2789.27,1376.03,6900000001473,inactive
SKU0001474,P000737,云朵白-大号,活力橙,旗舰版,4007.44,2667.04,1444.02,6900000001474,active
SKU0001475,P000738,活力橙-升级版,云朵白,升级版,1251.95,1017.47,752.63,6900000001475,inactive
SKU0001476,P000738,活力橙-小号,活力橙,升级版,1120.28,910.55,624.81,6900000001476,active
SKU0001477,P000739,暖杏色-小号,星空蓝,基础版,3748.12,3222.95,2305.0,6900000001477,active
SKU0001478,P000739,云朵白-升级版,活力橙,小号,3891.4,2609.07,1803.44,6900000001478,active
SKU0001479,P000740,暖杏色-旗舰版,暖杏色,中号,41.36,30.67,15.52,6900000001479,active
SKU0001480,P000740,活力橙-中号,活力橙,中号,33.4,29.92,20.77,6900000001480,active
SKU0001481,P000741,暖杏色-升级版,标准款,基础版,330.65,233.8,136.43,6900000001481,active
SKU0001482,P000741,标准款-小号,标准款,旗舰版,318.31,268.36,179.06,6900000001482,active
SKU0001483,P000742,云朵白-旗舰版,云朵白,中号,3966.83,2950.87,1730.19,6900000001483,active
SKU0001484,P000742,曜石黑-基础版,云朵白,中号,3531.28,2583.22,1709.02,6900000001484,active
SKU0001485,P000743,星空蓝-旗舰版,星空蓝,中号,2842.62,2222.43,1554.65,6900000001485,active
SKU0001486,P000743,星空蓝-基础版,曜石黑,中号,2591.81,2068.97,1508.74,6900000001486,inactive
SKU0001487,P000744,云朵白-旗舰版,云朵白,升级版,2241.13,1660.77,1077.51,6900000001487,active
SKU0001488,P000744,云朵白-小号,云朵白,中号,2362.03,1644.77,963.19,6900000001488,active
SKU0001489,P000745,曜石黑-旗舰版,活力橙,基础版,3264.71,2648.0,1325.46,6900000001489,active
SKU0001490,P000745,标准款-小号,星空蓝,基础版,3578.84,3095.77,2232.03,6900000001490,active
SKU0001491,P000746,标准款-中号,标准款,基础版,1744.25,1430.02,883.85,6900000001491,active
SKU0001492,P000746,星空蓝-大号,暖杏色,基础版,2021.38,1355.68,1038.82,6900000001492,active
SKU0001493,P000747,标准款-升级版,活力橙,旗舰版,3171.4,2399.9,1194.99,6900000001493,inactive
SKU0001494,P000747,云朵白-中号,星空蓝,升级版,3628.13,2628.24,1426.23,6900000001494,active
SKU0001495,P000748,云朵白-大号,曜石黑,旗舰版,3244.61,2284.41,1544.75,6900000001495,active
SKU0001496,P000748,标准款-旗舰版,暖杏色,升级版,3424.41,2267.74,1281.34,6900000001496,active
SKU0001497,P000749,曜石黑-升级版,星空蓝,大号,1027.11,838.32,573.91,6900000001497,active
SKU0001498,P000749,活力橙-升级版,活力橙,升级版,1114.31,953.39,739.79,6900000001498,active
SKU0001499,P000750,暖杏色-中号,暖杏色,大号,3598.63,3117.91,1692.56,6900000001499,active
SKU0001500,P000750,暖杏色-旗舰版,标准款,小号,4090.49,2939.38,1484.68,6900000001500,active
SKU0001501,P000751,云朵白-小号,活力橙,小号,3496.63,2829.8,2005.93,6900000001501,active
SKU0001502,P000751,曜石黑-旗舰版,暖杏色,升级版,3507.96,2669.74,1466.77,6900000001502,active
SKU0001503,P000752,暖杏色-小号,暖杏色,升级版,3859.92,3187.35,2306.46,6900000001503,active
SKU0001504,P000752,暖杏色-大号,活力橙,旗舰版,4069.29,3234.31,1809.23,6900000001504,active
SKU0001505,P000753,标准款-大号,标准款,升级版,1194.03,1045.17,668.11,6900000001505,active
SKU0001506,P000753,星空蓝-大号,云朵白,小号,1430.2,969.82,724.22,6900000001506,active
SKU0001507,P000754,云朵白-升级版,云朵白,大号,1187.99,1079.78,746.76,6900000001507,active
SKU0001508,P000754,曜石黑-旗舰版,星空蓝,升级版,1268.58,899.8,548.57,6900000001508,active
SKU0001509,P000755,暖杏色-大号,星空蓝,基础版,3617.62,2416.22,1772.9,6900000001509,active
SKU0001510,P000755,曜石黑-旗舰版,曜石黑,基础版,3412.65,2360.31,1617.16,6900000001510,active
SKU0001511,P000756,活力橙-小号,星空蓝,旗舰版,1740.58,1220.05,751.51,6900000001511,active
SKU0001512,P000756,曜石黑-小号,云朵白,大号,1561.42,1315.05,1013.14,6900000001512,active
SKU0001513,P000757,暖杏色-大号,曜石黑,基础版,795.32,538.81,415.06,6900000001513,inactive
SKU0001514,P000757,标准款-旗舰版,曜石黑,基础版,678.41,519.83,342.97,6900000001514,active
SKU0001515,P000758,暖杏色-基础版,云朵白,升级版,1755.48,1469.76,927.6,6900000001515,active
SKU0001516,P000758,暖杏色-基础版,曜石黑,旗舰版,2112.59,1539.62,1069.48,6900000001516,inactive
SKU0001517,P000759,星空蓝-旗舰版,曜石黑,小号,1631.42,1482.86,850.34,6900000001517,active
SKU0001518,P000759,云朵白-升级版,标准款,中号,1958.96,1365.73,966.82,6900000001518,active
SKU0001519,P000760,活力橙-中号,曜石黑,中号,1786.24,1193.89,705.74,6900000001519,active
SKU0001520,P000760,曜石黑-升级版,云朵白,基础版,1664.59,1391.43,730.82,6900000001520,active
SKU0001521,P000761,活力橙-旗舰版,标准款,旗舰版,2761.36,2024.37,1178.9,6900000001521,active
SKU0001522,P000761,星空蓝-大号,星空蓝,升级版,2552.17,2163.9,1687.79,6900000001522,active
SKU0001523,P000762,曜石黑-中号,星空蓝,中号,1899.89,1380.11,865.13,6900000001523,active
SKU0001524,P000762,标准款-升级版,曜石黑,基础版,1823.84,1348.72,782.0,6900000001524,active
SKU0001525,P000763,暖杏色-大号,星空蓝,大号,3740.3,2648.89,1592.92,6900000001525,active
SKU0001526,P000763,星空蓝-基础版,标准款,大号,3615.74,3039.19,1714.71,6900000001526,active
SKU0001527,P000764,星空蓝-大号,暖杏色,中号,2622.09,2343.38,1126.58,6900000001527,active
SKU0001528,P000764,云朵白-中号,标准款,中号,2727.76,2496.46,1231.8,6900000001528,active
SKU0001529,P000765,星空蓝-大号,标准款,小号,301.91,283.75,204.43,6900000001529,active
SKU0001530,P000765,活力橙-中号,云朵白,中号,356.68,289.26,221.16,6900000001530,active
SKU0001531,P000766,曜石黑-中号,曜石黑,基础版,236.51,176.7,91.95,6900000001531,active
SKU0001532,P000766,星空蓝-基础版,标准款,升级版,245.25,184.77,132.3,6900000001532,active
SKU0001533,P000767,活力橙-基础版,云朵白,基础版,2069.3,1698.76,1123.93,6900000001533,active
SKU0001534,P000767,暖杏色-升级版,暖杏色,中号,1985.82,1650.02,819.49,6900000001534,active
SKU0001535,P000768,云朵白-大号,星空蓝,中号,1085.45,808.66,414.09,6900000001535,active
SKU0001536,P000768,标准款-升级版,活力橙,中号,1028.41,791.9,617.03,6900000001536,active
SKU0001537,P000769,标准款-小号,活力橙,中号,273.45,263.84,188.85,6900000001537,active
SKU0001538,P000769,暖杏色-升级版,曜石黑,旗舰版,335.02,218.69,155.47,6900000001538,active
SKU0001539,P000770,标准款-大号,活力橙,大号,188.31,131.55,86.24,6900000001539,inactive
SKU0001540,P000770,活力橙-中号,曜石黑,基础版,161.19,150.31,114.55,6900000001540,active
SKU0001541,P000771,星空蓝-旗舰版,活力橙,中号,229.48,186.07,105.5,6900000001541,active
SKU0001542,P000771,活力橙-升级版,星空蓝,基础版,239.8,183.39,96.91,6900000001542,active
SKU0001543,P000772,曜石黑-升级版,云朵白,旗舰版,3903.04,2463.38,1256.06,6900000001543,active
SKU0001544,P000772,星空蓝-升级版,云朵白,旗舰版,3481.03,3007.21,1782.23,6900000001544,active
SKU0001545,P000773,标准款-大号,曜石黑,中号,2499.84,1532.34,1056.69,6900000001545,active
SKU0001546,P000773,曜石黑-基础版,暖杏色,升级版,2496.56,1603.25,1141.12,6900000001546,active
SKU0001547,P000774,标准款-旗舰版,曜石黑,大号,3424.83,2389.51,1451.55,6900000001547,active
SKU0001548,P000774,星空蓝-小号,活力橙,大号,2771.07,2340.32,1243.98,6900000001548,active
SKU0001549,P000775,标准款-旗舰版,活力橙,旗舰版,3684.6,2871.22,2071.48,6900000001549,active
SKU0001550,P000775,云朵白-升级版,星空蓝,中号,3842.88,2753.52,1967.99,6900000001550,active
SKU0001551,P000776,星空蓝-中号,星空蓝,升级版,2848.53,2296.94,1590.56,6900000001551,active
SKU0001552,P000776,活力橙-基础版,活力橙,中号,3073.26,2671.14,1299.83,6900000001552,active
SKU0001553,P000777,活力橙-大号,标准款,中号,377.33,290.74,155.45,6900000001553,active
SKU0001554,P000777,标准款-中号,云朵白,中号,352.8,250.79,195.28,6900000001554,active
SKU0001555,P000778,暖杏色-大号,暖杏色,基础版,71.81,55.66,36.51,6900000001555,inactive
SKU0001556,P000778,云朵白-小号,标准款,旗舰版,84.03,56.17,38.31,6900000001556,active
SKU0001557,P000779,星空蓝-中号,星空蓝,升级版,2467.11,2067.86,1545.3,6900000001557,active
SKU0001558,P000779,云朵白-中号,标准款,旗舰版,2855.16,1919.38,1173.29,6900000001558,active
SKU0001559,P000780,云朵白-升级版,云朵白,基础版,2945.71,2313.96,1356.11,6900000001559,active
SKU0001560,P000780,星空蓝-升级版,活力橙,中号,2473.27,2235.76,1113.9,6900000001560,active
SKU0001561,P000781,星空蓝-基础版,标准款,升级版,160.61,127.93,82.89,6900000001561,active
SKU0001562,P000781,曜石黑-大号,星空蓝,小号,174.3,126.58,94.81,6900000001562,active
SKU0001563,P000782,曜石黑-升级版,曜石黑,小号,3026.7,2088.78,1376.38,6900000001563,active
SKU0001564,P000782,曜石黑-升级版,活力橙,小号,3130.9,2140.75,1318.58,6900000001564,inactive
SKU0001565,P000783,活力橙-中号,标准款,中号,3054.26,2732.06,1646.91,6900000001565,active
SKU0001566,P000783,活力橙-中号,曜石黑,小号,3614.0,2349.56,1292.51,6900000001566,inactive
SKU0001567,P000784,星空蓝-中号,暖杏色,中号,2234.14,1813.59,933.04,6900000001567,active
SKU0001568,P000784,星空蓝-基础版,曜石黑,大号,1958.55,1639.87,829.12,6900000001568,active
SKU0001569,P000785,暖杏色-旗舰版,标准款,中号,1771.45,1542.73,846.27,6900000001569,inactive
SKU0001570,P000785,云朵白-升级版,标准款,升级版,1883.01,1366.55,876.93,6900000001570,active
SKU0001571,P000786,星空蓝-升级版,暖杏色,小号,3274.44,2481.76,1823.73,6900000001571,active
SKU0001572,P000786,星空蓝-基础版,云朵白,大号,2855.31,2739.19,1861.34,6900000001572,active
SKU0001573,P000787,星空蓝-基础版,曜石黑,大号,835.52,629.27,343.54,6900000001573,active
SKU0001574,P000787,曜石黑-旗舰版,曜石黑,基础版,1005.85,695.19,531.61,6900000001574,active
SKU0001575,P000788,星空蓝-基础版,星空蓝,小号,2219.87,1921.84,969.22,6900000001575,active
SKU0001576,P000788,星空蓝-基础版,活力橙,小号,2563.5,1865.7,1006.07,6900000001576,active
SKU0001577,P000789,曜石黑-小号,活力橙,旗舰版,4219.09,3240.32,2206.35,6900000001577,active
SKU0001578,P000789,云朵白-旗舰版,活力橙,升级版,4324.69,2944.53,1864.05,6900000001578,active
SKU0001579,P000790,活力橙-升级版,暖杏色,升级版,1294.81,1137.82,697.26,6900000001579,active
SKU0001580,P000790,星空蓝-大号,云朵白,小号,1177.36,1129.66,879.91,6900000001580,inactive
SKU0001581,P000791,星空蓝-大号,云朵白,旗舰版,2007.15,1401.7,699.49,6900000001581,active
SKU0001582,P000791,标准款-中号,活力橙,大号,1919.1,1765.32,1171.9,6900000001582,active
SKU0001583,P000792,暖杏色-旗舰版,标准款,大号,169.11,157.7,120.58,6900000001583,active
SKU0001584,P000792,标准款-旗舰版,云朵白,基础版,196.58,155.83,115.91,6900000001584,active
SKU0001585,P000793,星空蓝-中号,曜石黑,大号,3402.58,2810.39,1848.85,6900000001585,active
SKU0001586,P000793,星空蓝-升级版,星空蓝,小号,4319.22,2765.78,1774.17,6900000001586,active
SKU0001587,P000794,活力橙-小号,曜石黑,中号,2661.36,1922.8,1369.7,6900000001587,active
SKU0001588,P000794,云朵白-旗舰版,标准款,大号,2381.46,1959.63,1235.01,6900000001588,active
SKU0001589,P000795,曜石黑-旗舰版,标准款,旗舰版,648.26,419.01,273.48,6900000001589,active
SKU0001590,P000795,云朵白-基础版,星空蓝,基础版,531.24,433.0,276.4,6900000001590,active
SKU0001591,P000796,标准款-中号,云朵白,小号,1518.27,1073.29,662.24,6900000001591,active
SKU0001592,P000796,暖杏色-升级版,云朵白,中号,1371.63,1167.76,849.9,6900000001592,active
SKU0001593,P000797,曜石黑-中号,标准款,基础版,363.37,265.61,155.14,6900000001593,active
SKU0001594,P000797,标准款-基础版,活力橙,基础版,339.56,286.2,141.25,6900000001594,active
SKU0001595,P000798,云朵白-基础版,星空蓝,中号,157.81,113.45,76.95,6900000001595,active
SKU0001596,P000798,活力橙-中号,云朵白,小号,156.17,134.33,82.75,6900000001596,active
SKU0001597,P000799,云朵白-升级版,云朵白,小号,1057.02,755.31,491.19,6900000001597,active
SKU0001598,P000799,云朵白-小号,星空蓝,基础版,1079.04,776.04,574.19,6900000001598,active
SKU0001599,P000800,星空蓝-中号,活力橙,小号,179.4,147.57,79.08,6900000001599,active
SKU0001600,P000800,暖杏色-旗舰版,标准款,升级版,163.25,134.72,81.44,6900000001600,active
SKU0001601,P000801,星空蓝-基础版,曜石黑,中号,475.86,331.79,241.84,6900000001601,active
SKU0001602,P000801,暖杏色-升级版,活力橙,小号,375.99,315.23,171.29,6900000001602,active
SKU0001603,P000802,星空蓝-旗舰版,暖杏色,小号,2838.25,2120.18,1452.69,6900000001603,active
SKU0001604,P000802,星空蓝-升级版,活力橙,旗舰版,2378.18,2003.23,1320.14,6900000001604,active
SKU0001605,P000803,星空蓝-小号,云朵白,中号,3014.26,2825.17,1584.36,6900000001605,active
SKU0001606,P000803,暖杏色-中号,活力橙,基础版,3554.18,2675.82,1308.08,6900000001606,active
SKU0001607,P000804,曜石黑-升级版,暖杏色,中号,3592.21,2544.15,1711.13,6900000001607,active
SKU0001608,P000804,星空蓝-升级版,活力橙,中号,3293.23,2710.32,1970.45,6900000001608,active
SKU0001609,P000805,云朵白-中号,曜石黑,旗舰版,2455.97,1700.16,1223.02,6900000001609,active
SKU0001610,P000805,云朵白-大号,星空蓝,小号,2320.03,1940.69,1213.2,6900000001610,active
SKU0001611,P000806,标准款-旗舰版,星空蓝,旗舰版,3166.48,2606.38,1551.99,6900000001611,active
SKU0001612,P000806,星空蓝-小号,云朵白,小号,3093.17,2625.33,1677.08,6900000001612,active
SKU0001613,P000807,云朵白-大号,云朵白,基础版,1680.23,1416.3,908.14,6900000001613,inactive
SKU0001614,P000807,曜石黑-中号,暖杏色,升级版,1620.06,1246.18,828.76,6900000001614,active
SKU0001615,P000808,星空蓝-升级版,曜石黑,基础版,2583.93,2220.95,1671.7,6900000001615,active
SKU0001616,P000808,云朵白-小号,星空蓝,中号,2899.07,2279.3,1459.2,6900000001616,active
SKU0001617,P000809,星空蓝-小号,云朵白,中号,857.87,751.34,493.73,6900000001617,active
SKU0001618,P000809,暖杏色-中号,曜石黑,中号,902.55,643.61,468.46,6900000001618,active
SKU0001619,P000810,曜石黑-升级版,曜石黑,升级版,4399.84,3463.99,2195.67,6900000001619,active
SKU0001620,P000810,标准款-旗舰版,暖杏色,大号,4477.17,2867.74,1992.33,6900000001620,active
SKU0001621,P000811,标准款-中号,曜石黑,大号,2418.13,1632.22,963.17,6900000001621,active
SKU0001622,P000811,活力橙-升级版,活力橙,升级版,2139.34,1808.86,1150.72,6900000001622,active
SKU0001623,P000812,标准款-基础版,云朵白,旗舰版,2259.44,2028.78,1311.71,6900000001623,active
SKU0001624,P000812,云朵白-大号,曜石黑,升级版,2474.13,1902.3,1350.43,6900000001624,active
SKU0001625,P000813,曜石黑-基础版,星空蓝,小号,1540.03,1307.81,662.35,6900000001625,active
SKU0001626,P000813,星空蓝-大号,暖杏色,中号,1588.65,1179.15,762.72,6900000001626,active
SKU0001627,P000814,暖杏色-中号,星空蓝,小号,2448.63,1713.1,1204.46,6900000001627,active
SKU0001628,P000814,曜石黑-基础版,暖杏色,升级版,2122.58,1577.95,1177.6,6900000001628,active
SKU0001629,P000815,标准款-基础版,活力橙,旗舰版,3693.95,2394.12,1580.86,6900000001629,inactive
SKU0001630,P000815,暖杏色-升级版,星空蓝,旗舰版,3765.35,2953.38,2051.92,6900000001630,active
SKU0001631,P000816,曜石黑-中号,星空蓝,中号,992.41,871.51,474.5,6900000001631,active
SKU0001632,P000816,云朵白-大号,标准款,升级版,900.86,708.09,501.72,6900000001632,active
SKU0001633,P000817,曜石黑-大号,曜石黑,大号,4042.57,3201.84,2086.8,6900000001633,inactive
SKU0001634,P000817,云朵白-中号,云朵白,中号,4162.75,3375.92,1812.65,6900000001634,active
SKU0001635,P000818,星空蓝-基础版,星空蓝,中号,3061.79,2478.56,1834.75,6900000001635,active
SKU0001636,P000818,暖杏色-升级版,星空蓝,基础版,3576.78,2263.53,1717.94,6900000001636,active
SKU0001637,P000819,标准款-升级版,标准款,小号,3538.17,2843.98,1918.49,6900000001637,active
SKU0001638,P000819,标准款-小号,标准款,升级版,3328.03,2594.15,1691.19,6900000001638,active
SKU0001639,P000820,暖杏色-小号,暖杏色,小号,3506.06,2764.94,1811.34,6900000001639,active
SKU0001640,P000820,云朵白-基础版,云朵白,大号,3174.55,2891.22,1736.78,6900000001640,active
SKU0001641,P000821,暖杏色-基础版,标准款,升级版,3437.64,2885.53,1665.51,6900000001641,active
SKU0001642,P000821,暖杏色-中号,星空蓝,中号,3757.25,2802.42,1962.36,6900000001642,active
SKU0001643,P000822,云朵白-升级版,标准款,旗舰版,1922.27,1533.97,822.67,6900000001643,active
SKU0001644,P000822,活力橙-大号,曜石黑,中号,1995.95,1346.38,887.28,6900000001644,active
SKU0001645,P000823,暖杏色-升级版,活力橙,基础版,1981.44,1371.29,786.82,6900000001645,active
SKU0001646,P000823,活力橙-基础版,星空蓝,基础版,1894.1,1674.6,1052.89,6900000001646,inactive
SKU0001647,P000824,曜石黑-旗舰版,活力橙,基础版,1078.51,854.23,513.11,6900000001647,active
SKU0001648,P000824,星空蓝-旗舰版,曜石黑,升级版,1086.04,884.48,471.91,6900000001648,active
SKU0001649,P000825,曜石黑-基础版,标准款,中号,3909.8,2798.15,1984.11,6900000001649,active
SKU0001650,P000825,星空蓝-大号,活力橙,小号,3870.11,2578.73,1548.24,6900000001650,active
SKU0001651,P000826,星空蓝-大号,标准款,升级版,803.12,526.1,336.39,6900000001651,active
SKU0001652,P000826,活力橙-旗舰版,星空蓝,大号,685.57,644.33,360.49,6900000001652,active
SKU0001653,P000827,标准款-旗舰版,云朵白,旗舰版,2527.94,1671.18,1108.03,6900000001653,active
SKU0001654,P000827,曜石黑-大号,云朵白,小号,2148.9,1907.5,1349.76,6900000001654,active
SKU0001655,P000828,星空蓝-小号,活力橙,大号,261.55,193.63,113.3,6900000001655,active
SKU0001656,P000828,星空蓝-中号,曜石黑,小号,283.63,211.23,139.29,6900000001656,active
SKU0001657,P000829,标准款-大号,云朵白,升级版,648.16,586.89,348.97,6900000001657,active
SKU0001658,P000829,标准款-基础版,标准款,升级版,773.93,542.35,412.2,6900000001658,active
SKU0001659,P000830,暖杏色-基础版,活力橙,小号,2634.44,1983.69,1536.32,6900000001659,active
SKU0001660,P000830,暖杏色-小号,云朵白,升级版,2384.53,1947.65,1419.35,6900000001660,active
SKU0001661,P000831,活力橙-大号,暖杏色,大号,765.06,493.86,253.43,6900000001661,active
SKU0001662,P000831,活力橙-旗舰版,星空蓝,旗舰版,623.12,534.52,287.5,6900000001662,active
SKU0001663,P000832,曜石黑-中号,星空蓝,大号,3664.87,2814.96,1476.64,6900000001663,active
SKU0001664,P000832,标准款-大号,曜石黑,基础版,3208.14,2765.35,2045.06,6900000001664,active
SKU0001665,P000833,活力橙-大号,活力橙,小号,629.45,534.52,322.7,6900000001665,active
SKU0001666,P000833,云朵白-中号,标准款,中号,754.95,483.21,298.53,6900000001666,active
SKU0001667,P000834,标准款-中号,曜石黑,小号,814.56,546.43,287.95,6900000001667,active
SKU0001668,P000834,活力橙-升级版,标准款,升级版,851.5,568.15,411.71,6900000001668,active
SKU0001669,P000835,曜石黑-大号,暖杏色,小号,1204.72,935.71,528.72,6900000001669,active
SKU0001670,P000835,星空蓝-升级版,标准款,旗舰版,1440.36,1155.35,866.35,6900000001670,active
SKU0001671,P000836,星空蓝-旗舰版,活力橙,中号,4192.47,2919.66,1754.15,6900000001671,active
SKU0001672,P000836,标准款-基础版,暖杏色,小号,3403.16,3059.96,1498.29,6900000001672,active
SKU0001673,P000837,曜石黑-基础版,曜石黑,升级版,3583.52,2619.7,1614.06,6900000001673,active
SKU0001674,P000837,云朵白-基础版,曜石黑,大号,3270.21,2776.76,2078.09,6900000001674,active
SKU0001675,P000838,暖杏色-升级版,曜石黑,旗舰版,1759.88,1286.38,781.14,6900000001675,active
SKU0001676,P000838,暖杏色-基础版,活力橙,旗舰版,1558.29,1269.11,807.57,6900000001676,active
SKU0001677,P000839,标准款-中号,活力橙,大号,3126.62,2492.19,1486.05,6900000001677,active
SKU0001678,P000839,星空蓝-小号,云朵白,升级版,2891.47,2089.15,1013.07,6900000001678,active
SKU0001679,P000840,暖杏色-旗舰版,活力橙,旗舰版,1774.69,1280.97,980.39,6900000001679,active
SKU0001680,P000840,云朵白-旗舰版,活力橙,中号,1763.54,1367.77,874.1,6900000001680,active
SKU0001681,P000841,曜石黑-基础版,暖杏色,基础版,2558.13,2380.42,1780.47,6900000001681,active
SKU0001682,P000841,活力橙-旗舰版,星空蓝,旗舰版,2802.67,2085.5,1313.58,6900000001682,active
SKU0001683,P000842,暖杏色-大号,暖杏色,小号,3433.66,2543.43,1375.35,6900000001683,active
SKU0001684,P000842,曜石黑-基础版,星空蓝,小号,3522.28,2386.95,1730.42,6900000001684,active
SKU0001685,P000843,云朵白-升级版,云朵白,基础版,3575.67,2786.34,1764.98,6900000001685,active
SKU0001686,P000843,云朵白-中号,星空蓝,旗舰版,3375.63,2809.81,1660.11,6900000001686,inactive
SKU0001687,P000844,星空蓝-小号,星空蓝,大号,178.59,137.41,101.61,6900000001687,active
SKU0001688,P000844,星空蓝-升级版,标准款,升级版,196.79,137.12,82.04,6900000001688,active
SKU0001689,P000845,活力橙-大号,活力橙,旗舰版,3187.89,2246.93,1398.57,6900000001689,active
SKU0001690,P000845,标准款-升级版,暖杏色,旗舰版,2877.37,2383.32,1766.13,6900000001690,active
SKU0001691,P000846,曜石黑-中号,云朵白,旗舰版,1913.64,1795.98,1294.97,6900000001691,active
SKU0001692,P000846,云朵白-升级版,暖杏色,升级版,2265.51,1523.79,1064.49,6900000001692,active
SKU0001693,P000847,暖杏色-中号,星空蓝,中号,4421.49,2957.33,1767.31,6900000001693,active
SKU0001694,P000847,标准款-大号,云朵白,基础版,4023.6,3334.42,2337.95,6900000001694,active
SKU0001695,P000848,曜石黑-小号,标准款,大号,3975.72,2950.88,2136.81,6900000001695,active
SKU0001696,P000848,暖杏色-基础版,云朵白,中号,3444.65,3183.58,2361.84,6900000001696,active
SKU0001697,P000849,活力橙-小号,曜石黑,中号,502.38,396.37,223.77,6900000001697,active
SKU0001698,P000849,星空蓝-旗舰版,星空蓝,基础版,487.04,445.15,305.29,6900000001698,active
SKU0001699,P000850,暖杏色-中号,曜石黑,旗舰版,1758.07,1300.04,768.11,6900000001699,active
SKU0001700,P000850,暖杏色-基础版,活力橙,基础版,1755.38,1302.26,751.23,6900000001700,active
SKU0001701,P000851,标准款-中号,云朵白,基础版,1540.52,1232.56,825.6,6900000001701,active
SKU0001702,P000851,曜石黑-基础版,云朵白,大号,1483.76,1162.52,901.09,6900000001702,active
SKU0001703,P000852,曜石黑-基础版,星空蓝,小号,3421.23,2953.25,1978.16,6900000001703,active
SKU0001704,P000852,暖杏色-小号,曜石黑,大号,3273.25,2907.82,1719.61,6900000001704,active
SKU0001705,P000853,星空蓝-旗舰版,标准款,升级版,2971.02,2493.73,1575.41,6900000001705,active
SKU0001706,P000853,星空蓝-旗舰版,星空蓝,小号,2853.39,2702.74,1850.94,6900000001706,active
SKU0001707,P000854,曜石黑-升级版,活力橙,旗舰版,1332.72,1163.36,856.98,6900000001707,active
SKU0001708,P000854,暖杏色-大号,星空蓝,小号,1572.77,1203.3,746.38,6900000001708,active
SKU0001709,P000855,活力橙-中号,标准款,基础版,2852.64,2093.19,1620.1,6900000001709,active
SKU0001710,P000855,活力橙-大号,标准款,小号,2609.85,2264.29,1544.65,6900000001710,active
SKU0001711,P000856,活力橙-旗舰版,活力橙,旗舰版,1638.25,1257.43,704.58,6900000001711,active
SKU0001712,P000856,暖杏色-升级版,星空蓝,旗舰版,1616.45,1418.93,813.98,6900000001712,active
SKU0001713,P000857,曜石黑-旗舰版,暖杏色,旗舰版,3392.85,3093.87,1831.9,6900000001713,active
SKU0001714,P000857,星空蓝-小号,标准款,升级版,3507.58,2514.78,1740.66,6900000001714,active
SKU0001715,P000858,云朵白-中号,暖杏色,升级版,2217.7,1924.59,1372.99,6900000001715,active
SKU0001716,P000858,星空蓝-中号,曜石黑,升级版,2211.22,1723.69,901.13,6900000001716,active
SKU0001717,P000859,曜石黑-小号,云朵白,升级版,4588.89,3130.62,2296.78,6900000001717,active
SKU0001718,P000859,暖杏色-中号,曜石黑,旗舰版,3999.21,3084.36,2377.36,6900000001718,active
SKU0001719,P000860,标准款-中号,活力橙,升级版,1625.18,1254.13,849.24,6900000001719,active
SKU0001720,P000860,标准款-升级版,星空蓝,旗舰版,1817.55,1303.64,971.69,6900000001720,active
SKU0001721,P000861,标准款-中号,曜石黑,中号,1254.38,1135.35,685.17,6900000001721,active
SKU0001722,P000861,活力橙-升级版,云朵白,基础版,1273.73,1171.3,855.28,6900000001722,active
SKU0001723,P000862,星空蓝-旗舰版,云朵白,旗舰版,1829.32,1410.77,875.03,6900000001723,active
SKU0001724,P000862,标准款-中号,曜石黑,升级版,1825.09,1420.96,1058.62,6900000001724,active
SKU0001725,P000863,曜石黑-基础版,暖杏色,小号,1573.68,1472.29,1064.8,6900000001725,active
SKU0001726,P000863,标准款-大号,标准款,小号,1544.7,1191.51,657.24,6900000001726,active
SKU0001727,P000864,标准款-基础版,曜石黑,大号,810.06,746.37,381.62,6900000001727,active
SKU0001728,P000864,云朵白-中号,活力橙,小号,905.57,712.95,375.53,6900000001728,active
SKU0001729,P000865,暖杏色-小号,星空蓝,基础版,3451.03,2921.79,1663.09,6900000001729,active
SKU0001730,P000865,活力橙-旗舰版,活力橙,中号,4266.38,3020.73,2112.85,6900000001730,active
SKU0001731,P000866,标准款-旗舰版,曜石黑,小号,4044.07,3071.64,1701.52,6900000001731,active
SKU0001732,P000866,活力橙-基础版,云朵白,小号,3689.21,2929.35,1500.94,6900000001732,active
SKU0001733,P000867,暖杏色-升级版,标准款,基础版,981.25,911.19,475.32,6900000001733,active
SKU0001734,P000867,活力橙-大号,星空蓝,基础版,1175.31,840.04,535.02,6900000001734,active
SKU0001735,P000868,暖杏色-旗舰版,曜石黑,升级版,191.13,163.82,87.0,6900000001735,active
SKU0001736,P000868,标准款-旗舰版,云朵白,大号,231.81,187.57,126.67,6900000001736,active
SKU0001737,P000869,星空蓝-升级版,暖杏色,基础版,1489.7,1164.45,610.74,6900000001737,active
SKU0001738,P000869,暖杏色-旗舰版,曜石黑,中号,1603.88,1216.55,656.99,6900000001738,active
SKU0001739,P000870,星空蓝-小号,云朵白,基础版,3468.25,3278.7,1686.64,6900000001739,active
SKU0001740,P000870,曜石黑-中号,活力橙,大号,3415.14,3124.83,1914.48,6900000001740,active
SKU0001741,P000871,暖杏色-大号,标准款,基础版,2920.68,2501.74,1745.31,6900000001741,active
SKU0001742,P000871,曜石黑-小号,暖杏色,旗舰版,3230.66,2619.52,1944.04,6900000001742,active
SKU0001743,P000872,暖杏色-大号,暖杏色,升级版,4394.54,3420.98,1662.33,6900000001743,active
SKU0001744,P000872,云朵白-旗舰版,星空蓝,小号,4335.45,2962.22,1518.14,6900000001744,inactive
SKU0001745,P000873,云朵白-基础版,曜石黑,基础版,246.25,189.55,114.34,6900000001745,active
SKU0001746,P000873,活力橙-大号,暖杏色,升级版,249.61,193.14,120.4,6900000001746,inactive
SKU0001747,P000874,活力橙-基础版,云朵白,升级版,888.16,590.58,451.81,6900000001747,inactive
SKU0001748,P000874,曜石黑-小号,云朵白,大号,710.89,625.03,327.65,6900000001748,active
SKU0001749,P000875,星空蓝-升级版,云朵白,中号,699.23,521.16,344.02,6900000001749,active
SKU0001750,P000875,标准款-旗舰版,星空蓝,中号,600.7,446.66,345.41,6900000001750,active
SKU0001751,P000876,活力橙-基础版,曜石黑,升级版,3511.44,2992.72,1741.44,6900000001751,active
SKU0001752,P000876,云朵白-小号,星空蓝,旗舰版,4068.33,3274.62,2008.3,6900000001752,active
SKU0001753,P000877,暖杏色-旗舰版,暖杏色,小号,2965.64,2603.86,1337.48,6900000001753,active
SKU0001754,P000877,星空蓝-小号,活力橙,中号,3382.37,2865.02,1981.01,6900000001754,active
SKU0001755,P000878,云朵白-旗舰版,活力橙,基础版,3564.62,2403.73,1485.31,6900000001755,active
SKU0001756,P000878,活力橙-中号,活力橙,旗舰版,3065.28,2713.65,1331.38,6900000001756,active
SKU0001757,P000879,暖杏色-小号,标准款,小号,1021.29,720.77,467.65,6900000001757,active
SKU0001758,P000879,标准款-小号,云朵白,小号,1074.33,729.07,509.85,6900000001758,active
SKU0001759,P000880,标准款-升级版,星空蓝,小号,3492.24,2544.62,1957.31,6900000001759,active
SKU0001760,P000880,曜石黑-基础版,曜石黑,中号,3279.49,3069.14,2188.46,6900000001760,active
SKU0001761,P000881,曜石黑-旗舰版,暖杏色,旗舰版,581.97,470.85,347.2,6900000001761,active
SKU0001762,P000881,星空蓝-基础版,曜石黑,中号,649.59,523.58,384.53,6900000001762,active
SKU0001763,P000882,活力橙-旗舰版,曜石黑,小号,1188.06,1122.36,810.4,6900000001763,active
SKU0001764,P000882,星空蓝-小号,星空蓝,升级版,1161.1,971.94,682.46,6900000001764,active
SKU0001765,P000883,标准款-中号,曜石黑,旗舰版,640.44,511.69,282.29,6900000001765,active
SKU0001766,P000883,曜石黑-大号,活力橙,升级版,686.92,596.75,318.35,6900000001766,active
SKU0001767,P000884,标准款-基础版,星空蓝,小号,3481.47,2623.39,1866.1,6900000001767,inactive
SKU0001768,P000884,曜石黑-中号,曜石黑,旗舰版,3502.3,2333.29,1517.27,6900000001768,active
SKU0001769,P000885,云朵白-中号,标准款,中号,2084.79,1678.19,1163.87,6900000001769,active
SKU0001770,P000885,星空蓝-基础版,曜石黑,旗舰版,1813.28,1491.97,763.74,6900000001770,active
SKU0001771,P000886,暖杏色-旗舰版,云朵白,旗舰版,4460.56,3305.13,2098.37,6900000001771,active
SKU0001772,P000886,云朵白-基础版,云朵白,大号,3739.16,3226.94,2053.99,6900000001772,active
SKU0001773,P000887,星空蓝-基础版,标准款,基础版,2994.13,1889.79,1428.38,6900000001773,active
SKU0001774,P000887,标准款-小号,星空蓝,基础版,2974.61,1933.93,933.1,6900000001774,active
SKU0001775,P000888,活力橙-大号,活力橙,小号,2061.82,1975.77,1183.94,6900000001775,active
SKU0001776,P000888,星空蓝-旗舰版,云朵白,旗舰版,2535.97,1864.04,958.45,6900000001776,active
SKU0001777,P000889,活力橙-中号,云朵白,升级版,3021.73,2683.0,1475.04,6900000001777,active
SKU0001778,P000889,星空蓝-小号,星空蓝,旗舰版,2903.2,2263.22,1139.58,6900000001778,active
SKU0001779,P000890,活力橙-基础版,云朵白,升级版,260.98,216.74,152.31,6900000001779,active
SKU0001780,P000890,星空蓝-大号,暖杏色,基础版,309.02,217.37,160.59,6900000001780,active
SKU0001781,P000891,活力橙-升级版,标准款,大号,26.55,21.09,13.3,6900000001781,active
SKU0001782,P000891,云朵白-中号,标准款,基础版,29.51,19.16,14.42,6900000001782,active
SKU0001783,P000892,暖杏色-小号,暖杏色,小号,3098.86,2403.9,1624.12,6900000001783,active
SKU0001784,P000892,活力橙-基础版,标准款,旗舰版,2748.52,2327.07,1419.92,6900000001784,active
SKU0001785,P000893,标准款-大号,云朵白,小号,1172.87,881.03,457.98,6900000001785,active
SKU0001786,P000893,标准款-中号,暖杏色,旗舰版,1057.9,820.06,577.66,6900000001786,active
SKU0001787,P000894,暖杏色-中号,标准款,基础版,3224.63,2562.97,1848.55,6900000001787,active
SKU0001788,P000894,曜石黑-基础版,云朵白,大号,3469.37,3095.88,2131.85,6900000001788,active
SKU0001789,P000895,云朵白-升级版,活力橙,中号,267.69,202.17,145.71,6900000001789,active
SKU0001790,P000895,星空蓝-升级版,标准款,小号,293.03,192.24,144.02,6900000001790,active
SKU0001791,P000896,云朵白-大号,星空蓝,基础版,2096.95,1566.06,972.45,6900000001791,active
SKU0001792,P000896,标准款-旗舰版,活力橙,升级版,1856.73,1395.05,776.59,6900000001792,active
SKU0001793,P000897,星空蓝-小号,活力橙,大号,521.96,383.38,196.76,6900000001793,active
SKU0001794,P000897,暖杏色-旗舰版,活力橙,旗舰版,481.32,352.55,189.59,6900000001794,active
SKU0001795,P000898,曜石黑-基础版,曜石黑,基础版,1152.88,860.49,629.14,6900000001795,active
SKU0001796,P000898,暖杏色-旗舰版,标准款,小号,1169.78,753.99,415.85,6900000001796,active
SKU0001797,P000899,星空蓝-大号,活力橙,小号,1368.74,1167.44,745.27,6900000001797,active
SKU0001798,P000899,暖杏色-旗舰版,暖杏色,基础版,1448.19,1036.92,631.75,6900000001798,active
SKU0001799,P000900,云朵白-基础版,星空蓝,大号,1750.81,1178.19,691.25,6900000001799,active
SKU0001800,P000900,标准款-旗舰版,活力橙,基础版,1728.09,1352.66,662.53,6900000001800,active
SKU0001801,P000901,曜石黑-旗舰版,暖杏色,旗舰版,629.08,413.52,271.97,6900000001801,active
SKU0001802,P000901,云朵白-基础版,曜石黑,大号,628.14,416.93,243.72,6900000001802,active
SKU0001803,P000902,标准款-旗舰版,云朵白,中号,2452.97,2386.62,1443.29,6900000001803,active
SKU0001804,P000902,标准款-中号,标准款,升级版,2672.47,2250.3,1272.26,6900000001804,active
SKU0001805,P000903,暖杏色-中号,星空蓝,中号,3687.83,2963.87,1846.42,6900000001805,inactive
SKU0001806,P000903,活力橙-小号,曜石黑,大号,3956.21,2875.58,1469.09,6900000001806,active
SKU0001807,P000904,暖杏色-中号,标准款,小号,3753.73,3326.47,2438.9,6900000001807,active
SKU0001808,P000904,暖杏色-升级版,活力橙,升级版,3733.69,2753.94,1580.6,6900000001808,active
SKU0001809,P000905,云朵白-大号,暖杏色,基础版,2147.62,1528.95,1070.45,6900000001809,active
SKU0001810,P000905,标准款-升级版,标准款,小号,1867.66,1808.81,1076.2,6900000001810,active
SKU0001811,P000906,曜石黑-基础版,曜石黑,大号,4513.34,3021.74,2249.0,6900000001811,active
SKU0001812,P000906,曜石黑-小号,活力橙,大号,4510.33,3414.9,2089.93,6900000001812,active
SKU0001813,P000907,标准款-小号,曜石黑,旗舰版,161.18,110.38,56.6,6900000001813,active
SKU0001814,P000907,云朵白-小号,曜石黑,大号,128.74,117.17,77.18,6900000001814,active
SKU0001815,P000908,曜石黑-大号,曜石黑,小号,3600.21,2298.72,1164.47,6900000001815,active
SKU0001816,P000908,暖杏色-基础版,曜石黑,大号,3277.6,2310.68,1744.55,6900000001816,active
SKU0001817,P000909,标准款-中号,暖杏色,大号,826.38,602.67,439.02,6900000001817,active
SKU0001818,P000909,活力橙-小号,星空蓝,基础版,777.41,599.12,346.63,6900000001818,active
SKU0001819,P000910,星空蓝-基础版,曜石黑,小号,1344.03,1098.44,718.46,6900000001819,active
SKU0001820,P000910,暖杏色-旗舰版,标准款,中号,1531.16,1177.31,841.49,6900000001820,active
SKU0001821,P000911,曜石黑-小号,暖杏色,升级版,150.72,128.76,95.11,6900000001821,active
SKU0001822,P000911,星空蓝-大号,标准款,升级版,179.26,120.06,72.4,6900000001822,active
SKU0001823,P000912,曜石黑-中号,星空蓝,升级版,4184.03,3191.56,1796.6,6900000001823,active
SKU0001824,P000912,云朵白-基础版,活力橙,大号,3565.46,3111.59,2151.09,6900000001824,active
SKU0001825,P000913,云朵白-基础版,标准款,升级版,1697.31,1304.68,643.05,6900000001825,active
SKU0001826,P000913,标准款-升级版,活力橙,大号,1673.97,1394.98,988.16,6900000001826,active
SKU0001827,P000914,暖杏色-升级版,曜石黑,升级版,616.23,482.16,290.22,6900000001827,active
SKU0001828,P000914,活力橙-小号,曜石黑,升级版,702.19,562.49,333.06,6900000001828,active
SKU0001829,P000915,暖杏色-小号,云朵白,中号,2184.64,1886.77,1139.62,6900000001829,active
SKU0001830,P000915,暖杏色-小号,活力橙,旗舰版,2096.2,1797.4,1094.52,6900000001830,inactive
SKU0001831,P000916,活力橙-基础版,标准款,大号,1063.8,840.54,632.01,6900000001831,active
SKU0001832,P000916,曜石黑-升级版,星空蓝,中号,924.55,733.62,408.07,6900000001832,active
SKU0001833,P000917,星空蓝-旗舰版,曜石黑,中号,559.6,429.17,292.4,6900000001833,active
SKU0001834,P000917,标准款-基础版,云朵白,中号,530.16,414.8,233.87,6900000001834,active
SKU0001835,P000918,标准款-中号,暖杏色,小号,3022.02,2016.51,1340.6,6900000001835,active
SKU0001836,P000918,活力橙-大号,曜石黑,旗舰版,2366.75,2328.35,1634.92,6900000001836,active
SKU0001837,P000919,标准款-升级版,云朵白,中号,2946.64,2491.38,1415.07,6900000001837,active
SKU0001838,P000919,曜石黑-小号,曜石黑,基础版,3193.87,2625.24,1560.76,6900000001838,active
SKU0001839,P000920,标准款-大号,暖杏色,升级版,1356.8,1048.27,641.76,6900000001839,active
SKU0001840,P000920,云朵白-小号,曜石黑,升级版,1251.51,854.07,658.35,6900000001840,active
SKU0001841,P000921,云朵白-基础版,暖杏色,中号,2511.65,1892.4,1137.68,6900000001841,active
SKU0001842,P000921,标准款-升级版,云朵白,中号,2242.76,2103.09,1309.98,6900000001842,active
SKU0001843,P000922,暖杏色-中号,星空蓝,旗舰版,1959.94,1521.3,1125.14,6900000001843,active
SKU0001844,P000922,曜石黑-大号,标准款,小号,1789.43,1568.91,1078.16,6900000001844,active
SKU0001845,P000923,云朵白-大号,曜石黑,小号,691.47,530.52,292.34,6900000001845,active
SKU0001846,P000923,活力橙-升级版,暖杏色,小号,781.4,607.53,360.94,6900000001846,active
SKU0001847,P000924,活力橙-旗舰版,活力橙,升级版,2464.05,1686.12,1146.76,6900000001847,active
SKU0001848,P000924,标准款-旗舰版,星空蓝,升级版,2502.88,1692.98,1317.27,6900000001848,active
SKU0001849,P000925,星空蓝-中号,星空蓝,中号,3684.55,2353.08,1390.67,6900000001849,active
SKU0001850,P000925,暖杏色-基础版,标准款,大号,3349.11,2515.77,1783.91,6900000001850,active
SKU0001851,P000926,暖杏色-小号,星空蓝,基础版,1882.71,1585.11,855.69,6900000001851,active
SKU0001852,P000926,云朵白-大号,曜石黑,升级版,1708.54,1494.12,931.87,6900000001852,active
SKU0001853,P000927,星空蓝-大号,暖杏色,基础版,137.17,121.49,59.44,6900000001853,active
SKU0001854,P000927,活力橙-基础版,暖杏色,大号,166.98,112.75,79.84,6900000001854,active
SKU0001855,P000928,暖杏色-大号,曜石黑,中号,1476.58,1215.79,722.82,6900000001855,active
SKU0001856,P000928,云朵白-旗舰版,云朵白,旗舰版,1627.91,1208.97,722.61,6900000001856,active
SKU0001857,P000929,星空蓝-大号,活力橙,中号,3684.06,2810.79,1474.72,6900000001857,active
SKU0001858,P000929,星空蓝-小号,活力橙,升级版,3825.76,3337.26,2569.7,6900000001858,active
SKU0001859,P000930,活力橙-小号,活力橙,升级版,252.46,189.12,103.38,6900000001859,active
SKU0001860,P000930,活力橙-旗舰版,星空蓝,升级版,250.0,218.88,149.12,6900000001860,active
SKU0001861,P000931,活力橙-大号,标准款,旗舰版,3803.58,3129.27,1601.81,6900000001861,active
SKU0001862,P000931,曜石黑-基础版,暖杏色,中号,3630.09,3113.51,1785.33,6900000001862,active
SKU0001863,P000932,星空蓝-基础版,云朵白,大号,3556.11,2312.38,1493.73,6900000001863,active
SKU0001864,P000932,云朵白-大号,活力橙,大号,3600.93,2362.54,1717.75,6900000001864,active
SKU0001865,P000933,星空蓝-大号,暖杏色,旗舰版,905.74,822.94,420.15,6900000001865,active
SKU0001866,P000933,星空蓝-中号,星空蓝,大号,866.76,722.33,521.08,6900000001866,active
SKU0001867,P000934,暖杏色-旗舰版,标准款,大号,3602.22,2753.32,1519.84,6900000001867,active
SKU0001868,P000934,暖杏色-基础版,暖杏色,大号,3386.6,2271.71,1393.9,6900000001868,active
SKU0001869,P000935,活力橙-基础版,活力橙,旗舰版,3150.89,2510.71,1313.01,6900000001869,active
SKU0001870,P000935,云朵白-小号,星空蓝,小号,3288.4,2163.1,1170.59,6900000001870,active
SKU0001871,P000936,星空蓝-中号,暖杏色,基础版,3937.06,2563.7,1789.17,6900000001871,active
SKU0001872,P000936,活力橙-升级版,暖杏色,升级版,3671.61,3113.54,2015.42,6900000001872,active
SKU0001873,P000937,活力橙-中号,标准款,升级版,808.45,509.97,284.32,6900000001873,active
SKU0001874,P000937,标准款-小号,云朵白,小号,829.4,613.67,350.92,6900000001874,active
SKU0001875,P000938,暖杏色-中号,星空蓝,中号,1412.64,1118.51,660.08,6900000001875,active
SKU0001876,P000938,暖杏色-小号,标准款,升级版,1238.74,1022.96,577.88,6900000001876,active
SKU0001877,P000939,暖杏色-大号,云朵白,小号,98.64,68.95,49.32,6900000001877,active
SKU0001878,P000939,暖杏色-基础版,暖杏色,大号,92.19,70.39,52.77,6900000001878,active
SKU0001879,P000940,曜石黑-中号,活力橙,大号,1799.92,1536.91,1029.89,6900000001879,active
SKU0001880,P000940,暖杏色-大号,曜石黑,大号,2033.29,1595.04,914.97,6900000001880,active
SKU0001881,P000941,云朵白-旗舰版,标准款,升级版,3231.78,2557.69,1799.65,6900000001881,active
SKU0001882,P000941,暖杏色-大号,曜石黑,旗舰版,3409.27,2691.8,1973.38,6900000001882,active
SKU0001883,P000942,云朵白-小号,活力橙,基础版,2963.64,2446.95,1640.46,6900000001883,active
SKU0001884,P000942,暖杏色-旗舰版,暖杏色,小号,2850.21,2136.8,1599.68,6900000001884,active
SKU0001885,P000943,暖杏色-大号,活力橙,旗舰版,1813.83,1336.71,937.71,6900000001885,active
SKU0001886,P000943,云朵白-中号,星空蓝,中号,1844.4,1299.19,673.38,6900000001886,active
SKU0001887,P000944,活力橙-中号,活力橙,大号,536.25,410.24,261.58,6900000001887,active
SKU0001888,P000944,暖杏色-基础版,曜石黑,中号,514.95,359.72,218.44,6900000001888,active
SKU0001889,P000945,活力橙-大号,活力橙,小号,997.65,725.11,414.83,6900000001889,active
SKU0001890,P000945,星空蓝-中号,暖杏色,中号,952.54,796.87,417.62,6900000001890,active
SKU0001891,P000946,暖杏色-基础版,暖杏色,小号,4061.37,3447.73,2294.65,6900000001891,active
SKU0001892,P000946,暖杏色-基础版,标准款,小号,4200.93,3228.54,2502.5,6900000001892,active
SKU0001893,P000947,星空蓝-中号,云朵白,小号,2486.37,2202.47,1450.04,6900000001893,active
SKU0001894,P000947,活力橙-小号,活力橙,中号,2531.69,2009.92,1054.0,6900000001894,active
SKU0001895,P000948,云朵白-基础版,星空蓝,升级版,2911.85,2368.26,1673.96,6900000001895,active
SKU0001896,P000948,活力橙-旗舰版,暖杏色,基础版,3470.06,2678.15,1593.93,6900000001896,active
SKU0001897,P000949,云朵白-旗舰版,云朵白,基础版,248.16,183.46,91.29,6900000001897,active
SKU0001898,P000949,标准款-升级版,活力橙,旗舰版,250.43,212.0,153.64,6900000001898,inactive
SKU0001899,P000950,活力橙-中号,曜石黑,中号,2314.0,1697.74,909.48,6900000001899,active
SKU0001900,P000950,活力橙-旗舰版,星空蓝,大号,2205.74,1794.08,922.6,6900000001900,active
SKU0001901,P000951,活力橙-中号,云朵白,基础版,851.19,692.98,486.65,6900000001901,active
SKU0001902,P000951,暖杏色-中号,暖杏色,中号,926.96,688.78,401.1,6900000001902,active
SKU0001903,P000952,曜石黑-大号,暖杏色,升级版,1979.19,1641.52,1237.7,6900000001903,active
SKU0001904,P000952,星空蓝-基础版,标准款,小号,2240.36,1434.53,767.46,6900000001904,active
SKU0001905,P000953,曜石黑-大号,曜石黑,大号,4045.32,3247.49,1595.06,6900000001905,active
SKU0001906,P000953,活力橙-基础版,曜石黑,基础版,4108.16,3112.32,1618.69,6900000001906,active
SKU0001907,P000954,活力橙-中号,曜石黑,中号,569.25,394.74,286.38,6900000001907,active
SKU0001908,P000954,云朵白-升级版,星空蓝,中号,493.68,435.91,295.31,6900000001908,active
SKU0001909,P000955,星空蓝-小号,星空蓝,中号,969.09,709.71,506.83,6900000001909,active
SKU0001910,P000955,活力橙-旗舰版,曜石黑,大号,936.33,736.6,389.3,6900000001910,active
SKU0001911,P000956,星空蓝-基础版,标准款,旗舰版,1505.48,1332.77,863.66,6900000001911,active
SKU0001912,P000956,星空蓝-中号,星空蓝,基础版,1668.12,1134.31,734.97,6900000001912,active
SKU0001913,P000957,星空蓝-大号,活力橙,大号,3628.9,2954.61,1862.64,6900000001913,active
SKU0001914,P000957,星空蓝-升级版,星空蓝,大号,3718.14,2574.81,1453.4,6900000001914,active
SKU0001915,P000958,暖杏色-小号,活力橙,中号,2749.89,2529.03,1382.02,6900000001915,active
SKU0001916,P000958,星空蓝-旗舰版,云朵白,升级版,3181.76,2311.93,1139.12,6900000001916,active
SKU0001917,P000959,活力橙-基础版,曜石黑,旗舰版,1600.21,1122.81,593.76,6900000001917,active
SKU0001918,P000959,暖杏色-基础版,星空蓝,升级版,1819.49,1131.24,821.71,6900000001918,active
SKU0001919,P000960,暖杏色-大号,暖杏色,基础版,140.26,133.67,96.93,6900000001919,active
SKU0001920,P000960,活力橙-小号,曜石黑,基础版,138.14,133.62,93.47,6900000001920,active
SKU0001921,P000961,暖杏色-基础版,暖杏色,升级版,381.12,281.32,178.52,6900000001921,active
SKU0001922,P000961,曜石黑-小号,云朵白,大号,376.67,283.45,206.12,6900000001922,inactive
SKU0001923,P000962,曜石黑-大号,暖杏色,大号,1781.3,1101.58,561.67,6900000001923,active
SKU0001924,P000962,标准款-大号,活力橙,大号,1462.52,1344.04,1024.58,6900000001924,active
SKU0001925,P000963,星空蓝-大号,星空蓝,基础版,2868.38,2465.2,1903.41,6900000001925,active
SKU0001926,P000963,活力橙-小号,星空蓝,升级版,2817.12,2181.95,1218.55,6900000001926,active
SKU0001927,P000964,云朵白-小号,标准款,小号,2468.94,2183.16,1477.01,6900000001927,active
SKU0001928,P000964,暖杏色-基础版,曜石黑,升级版,2867.1,2009.07,1000.03,6900000001928,active
SKU0001929,P000965,活力橙-升级版,标准款,升级版,1699.44,1380.98,787.38,6900000001929,active
SKU0001930,P000965,星空蓝-升级版,曜石黑,大号,1768.63,1430.74,986.88,6900000001930,active
SKU0001931,P000966,曜石黑-升级版,暖杏色,基础版,3711.46,2519.27,1901.57,6900000001931,active
SKU0001932,P000966,曜石黑-大号,云朵白,小号,3742.44,2372.68,1378.0,6900000001932,active
SKU0001933,P000967,云朵白-中号,暖杏色,升级版,1628.77,1193.24,646.2,6900000001933,active
SKU0001934,P000967,曜石黑-中号,星空蓝,中号,1581.46,1150.96,651.26,6900000001934,active
SKU0001935,P000968,标准款-大号,活力橙,大号,2314.28,1638.2,904.17,6900000001935,active
SKU0001936,P000968,标准款-中号,云朵白,小号,2502.88,1608.56,1079.98,6900000001936,active
SKU0001937,P000969,活力橙-旗舰版,星空蓝,升级版,1859.44,1703.08,978.07,6900000001937,active
SKU0001938,P000969,星空蓝-中号,曜石黑,旗舰版,1994.54,1528.79,821.31,6900000001938,active
SKU0001939,P000970,星空蓝-升级版,活力橙,升级版,2654.11,2210.52,1458.48,6900000001939,active
SKU0001940,P000970,曜石黑-大号,曜石黑,升级版,2364.57,2007.71,1532.81,6900000001940,active
SKU0001941,P000971,暖杏色-小号,标准款,升级版,615.32,459.25,274.65,6900000001941,active
SKU0001942,P000971,云朵白-基础版,标准款,旗舰版,610.48,460.47,226.3,6900000001942,active
SKU0001943,P000972,暖杏色-大号,云朵白,大号,3607.7,3169.07,1574.01,6900000001943,active
SKU0001944,P000972,曜石黑-基础版,暖杏色,大号,4005.19,2886.41,1880.25,6900000001944,inactive
SKU0001945,P000973,星空蓝-小号,暖杏色,中号,2340.33,1648.42,1064.64,6900000001945,active
SKU0001946,P000973,暖杏色-基础版,暖杏色,大号,2229.38,1554.28,851.5,6900000001946,active
SKU0001947,P000974,星空蓝-中号,暖杏色,基础版,2990.5,2870.76,1962.12,6900000001947,active
SKU0001948,P000974,标准款-基础版,活力橙,大号,3088.0,2488.28,1892.72,6900000001948,active
SKU0001949,P000975,星空蓝-旗舰版,活力橙,基础版,400.05,291.36,163.72,6900000001949,active
SKU0001950,P000975,曜石黑-中号,云朵白,旗舰版,381.98,329.09,188.58,6900000001950,inactive
SKU0001951,P000976,云朵白-旗舰版,星空蓝,升级版,3051.49,2316.66,1650.68,6900000001951,active
SKU0001952,P000976,暖杏色-旗舰版,暖杏色,中号,2979.0,2213.35,1188.55,6900000001952,active
SKU0001953,P000977,标准款-旗舰版,标准款,升级版,2334.44,1918.7,1072.44,6900000001953,active
SKU0001954,P000977,云朵白-基础版,标准款,基础版,1983.55,1659.59,1167.7,6900000001954,active
SKU0001955,P000978,活力橙-旗舰版,活力橙,小号,1707.47,1228.42,808.73,6900000001955,active
SKU0001956,P000978,曜石黑-基础版,曜石黑,小号,1936.2,1460.97,1065.52,6900000001956,active
SKU0001957,P000979,星空蓝-大号,暖杏色,旗舰版,627.39,476.1,292.13,6900000001957,active
SKU0001958,P000979,云朵白-小号,活力橙,升级版,676.25,510.89,310.97,6900000001958,active
SKU0001959,P000980,云朵白-基础版,星空蓝,中号,1601.64,1204.61,850.0,6900000001959,active
SKU0001960,P000980,暖杏色-中号,标准款,升级版,1611.47,1187.15,619.06,6900000001960,active
SKU0001961,P000981,标准款-基础版,星空蓝,基础版,2153.3,1665.73,892.83,6900000001961,active
SKU0001962,P000981,星空蓝-旗舰版,曜石黑,小号,2432.93,1825.93,1214.36,6900000001962,active
SKU0001963,P000982,暖杏色-基础版,云朵白,中号,1766.59,1514.59,868.34,6900000001963,active
SKU0001964,P000982,标准款-基础版,暖杏色,基础版,2011.72,1327.72,779.69,6900000001964,active
SKU0001965,P000983,活力橙-旗舰版,曜石黑,小号,2987.6,2326.8,1484.59,6900000001965,inactive
SKU0001966,P000983,暖杏色-升级版,云朵白,旗舰版,3476.41,2294.33,1608.89,6900000001966,active
SKU0001967,P000984,标准款-升级版,星空蓝,旗舰版,3897.61,3481.52,2683.23,6900000001967,active
SKU0001968,P000984,曜石黑-升级版,暖杏色,大号,4498.38,3064.03,1670.48,6900000001968,active
SKU0001969,P000985,标准款-大号,暖杏色,基础版,2194.61,1478.8,731.57,6900000001969,active
SKU0001970,P000985,活力橙-升级版,云朵白,基础版,2156.03,1765.9,978.35,6900000001970,active
SKU0001971,P000986,标准款-大号,暖杏色,大号,1184.23,935.43,656.74,6900000001971,active
SKU0001972,P000986,活力橙-小号,活力橙,旗舰版,1317.13,993.48,727.98,6900000001972,active
SKU0001973,P000987,标准款-大号,曜石黑,基础版,3154.77,2445.95,1237.38,6900000001973,active
SKU0001974,P000987,云朵白-小号,云朵白,大号,3233.79,2595.07,1858.52,6900000001974,inactive
SKU0001975,P000988,曜石黑-大号,星空蓝,升级版,620.85,483.9,264.69,6900000001975,active
SKU0001976,P000988,暖杏色-旗舰版,曜石黑,旗舰版,618.48,469.16,259.61,6900000001976,active
SKU0001977,P000989,星空蓝-基础版,暖杏色,升级版,2405.29,1696.64,1284.52,6900000001977,active
SKU0001978,P000989,云朵白-大号,星空蓝,小号,2159.15,1792.94,1171.19,6900000001978,active
SKU0001979,P000990,曜石黑-升级版,暖杏色,小号,713.31,551.82,338.47,6900000001979,active
SKU0001980,P000990,暖杏色-大号,星空蓝,小号,763.74,527.74,391.86,6900000001980,active
SKU0001981,P000991,标准款-大号,云朵白,升级版,3767.58,2704.94,2088.28,6900000001981,active
SKU0001982,P000991,星空蓝-小号,标准款,大号,3391.5,3024.27,2005.08,6900000001982,active
SKU0001983,P000992,暖杏色-中号,暖杏色,基础版,3256.84,2701.41,2021.91,6900000001983,active
SKU0001984,P000992,暖杏色-中号,星空蓝,基础版,2838.71,2317.63,1383.14,6900000001984,active
SKU0001985,P000993,暖杏色-中号,标准款,基础版,3415.87,2518.05,1834.4,6900000001985,active
SKU0001986,P000993,星空蓝-旗舰版,云朵白,基础版,3702.67,2596.61,1852.56,6900000001986,active
SKU0001987,P000994,暖杏色-升级版,云朵白,升级版,76.05,57.17,40.7,6900000001987,active
SKU0001988,P000994,标准款-升级版,标准款,升级版,69.93,61.9,40.43,6900000001988,active
SKU0001989,P000995,星空蓝-升级版,星空蓝,升级版,238.56,184.1,114.18,6900000001989,active
SKU0001990,P000995,云朵白-大号,云朵白,升级版,220.11,173.63,125.99,6900000001990,active
SKU0001991,P000996,暖杏色-中号,曜石黑,中号,4026.41,3302.42,2175.68,6900000001991,inactive
SKU0001992,P000996,星空蓝-大号,暖杏色,基础版,3647.64,3354.95,1670.24,6900000001992,active
SKU0001993,P000997,活力橙-大号,标准款,升级版,1603.26,1073.32,799.64,6900000001993,active
SKU0001994,P000997,星空蓝-中号,曜石黑,大号,1515.64,1225.56,885.15,6900000001994,active
SKU0001995,P000998,星空蓝-基础版,曜石黑,旗舰版,1955.94,1707.48,1217.64,6900000001995,active
SKU0001996,P000998,星空蓝-升级版,云朵白,基础版,2012.78,1640.93,788.66,6900000001996,active
SKU0001997,P000999,标准款-基础版,星空蓝,基础版,48.11,42.0,29.12,6900000001997,active
SKU0001998,P000999,星空蓝-小号,暖杏色,小号,50.24,36.54,18.43,6900000001998,active
SKU0001999,P001000,星空蓝-基础版,标准款,大号,1330.67,1049.76,755.04,6900000001999,active
SKU0002000,P001000,活力橙-基础版,云朵白,小号,1294.99,1007.01,679.83,6900000002000,active
SKU0002001,P001001,暖杏色-升级版,暖杏色,升级版,1072.56,918.08,650.79,6900000002001,active
SKU0002002,P001001,星空蓝-旗舰版,活力橙,基础版,1249.71,954.64,598.39,6900000002002,active
SKU0002003,P001002,活力橙-中号,云朵白,升级版,4209.4,3572.32,1825.47,6900000002003,active
SKU0002004,P001002,云朵白-小号,曜石黑,基础版,4156.91,3159.52,1751.8,6900000002004,active
SKU0002005,P001003,云朵白-大号,暖杏色,大号,1257.46,1014.6,622.83,6900000002005,active
SKU0002006,P001003,活力橙-升级版,标准款,小号,1316.96,948.47,726.07,6900000002006,active
SKU0002007,P001004,活力橙-大号,星空蓝,旗舰版,3516.39,2608.11,1271.58,6900000002007,active
SKU0002008,P001004,曜石黑-小号,星空蓝,大号,3469.2,3123.46,2074.42,6900000002008,active
SKU0002009,P001005,星空蓝-小号,曜石黑,小号,4130.75,2765.95,1776.81,6900000002009,active
SKU0002010,P001005,暖杏色-中号,活力橙,基础版,3893.67,2809.41,1674.72,6900000002010,active
SKU0002011,P001006,云朵白-小号,云朵白,中号,2059.72,1412.65,1067.97,6900000002011,active
SKU0002012,P001006,星空蓝-大号,曜石黑,中号,1996.6,1555.42,1052.39,6900000002012,active
SKU0002013,P001007,暖杏色-升级版,暖杏色,小号,2745.06,2044.11,1139.59,6900000002013,active
SKU0002014,P001007,标准款-旗舰版,云朵白,大号,2769.76,1778.68,1265.43,6900000002014,inactive
SKU0002015,P001008,曜石黑-大号,云朵白,旗舰版,4204.34,2906.64,2221.54,6900000002015,active
SKU0002016,P001008,标准款-大号,暖杏色,小号,3656.46,2785.13,1503.73,6900000002016,active
SKU0002017,P001009,星空蓝-升级版,星空蓝,基础版,4416.91,2920.8,1409.05,6900000002017,active
SKU0002018,P001009,标准款-小号,标准款,小号,3891.97,3222.17,1816.62,6900000002018,active
SKU0002019,P001010,暖杏色-大号,云朵白,小号,4006.31,3131.99,1558.08,6900000002019,active
SKU0002020,P001010,暖杏色-基础版,曜石黑,升级版,4698.03,3038.45,1682.94,6900000002020,active
SKU0002021,P001011,暖杏色-大号,曜石黑,升级版,2446.79,1877.95,1211.45,6900000002021,active
SKU0002022,P001011,活力橙-中号,标准款,基础版,2480.75,1925.01,955.73,6900000002022,active
SKU0002023,P001012,暖杏色-大号,曜石黑,升级版,705.7,579.17,312.16,6900000002023,active
SKU0002024,P001012,暖杏色-旗舰版,标准款,基础版,714.1,539.52,302.39,6900000002024,active
SKU0002025,P001013,星空蓝-升级版,活力橙,基础版,3353.74,2931.01,1507.67,6900000002025,active
SKU0002026,P001013,曜石黑-小号,云朵白,小号,3099.55,2468.67,1737.3,6900000002026,active
SKU0002027,P001014,标准款-旗舰版,曜石黑,基础版,2289.31,1773.43,1365.91,6900000002027,active
SKU0002028,P001014,标准款-小号,曜石黑,大号,2030.67,1675.16,1299.96,6900000002028,active
SKU0002029,P001015,曜石黑-大号,曜石黑,基础版,1682.43,1232.12,799.52,6900000002029,active
SKU0002030,P001015,活力橙-升级版,活力橙,旗舰版,1533.83,1375.47,1011.86,6900000002030,active
SKU0002031,P001016,标准款-升级版,标准款,小号,2425.94,2159.45,1274.86,6900000002031,active
SKU0002032,P001016,星空蓝-旗舰版,星空蓝,基础版,2866.31,2076.75,1042.28,6900000002032,active
SKU0002033,P001017,星空蓝-大号,暖杏色,升级版,1675.88,1305.63,646.99,6900000002033,active
SKU0002034,P001017,云朵白-中号,曜石黑,升级版,1566.89,1155.25,708.94,6900000002034,active
SKU0002035,P001018,标准款-大号,曜石黑,旗舰版,2880.89,1833.49,1037.99,6900000002035,active
SKU0002036,P001018,曜石黑-基础版,标准款,大号,2461.49,2047.93,1330.6,6900000002036,active
SKU0002037,P001019,云朵白-旗舰版,暖杏色,小号,3010.95,2083.71,1587.91,6900000002037,active
SKU0002038,P001019,曜石黑-基础版,曜石黑,旗舰版,2595.95,2103.83,1506.85,6900000002038,active
SKU0002039,P001020,暖杏色-小号,活力橙,基础版,3566.75,2706.94,1838.74,6900000002039,active
SKU0002040,P001020,暖杏色-旗舰版,活力橙,大号,3881.53,3070.18,1925.45,6900000002040,active
SKU0002041,P001021,云朵白-基础版,曜石黑,大号,1659.1,1315.06,852.83,6900000002041,active
SKU0002042,P001021,标准款-基础版,云朵白,旗舰版,1671.18,1197.07,685.66,6900000002042,active
SKU0002043,P001022,标准款-基础版,标准款,中号,1122.03,736.28,383.57,6900000002043,active
SKU0002044,P001022,曜石黑-小号,星空蓝,小号,1144.31,772.62,475.54,6900000002044,active
SKU0002045,P001023,标准款-中号,暖杏色,升级版,509.46,450.8,315.84,6900000002045,active
SKU0002046,P001023,活力橙-小号,暖杏色,基础版,527.98,389.45,274.63,6900000002046,active
SKU0002047,P001024,标准款-中号,暖杏色,大号,277.17,175.24,128.54,6900000002047,active
SKU0002048,P001024,云朵白-大号,标准款,基础版,224.16,203.92,106.11,6900000002048,active
SKU0002049,P001025,活力橙-升级版,云朵白,旗舰版,1024.17,701.11,358.35,6900000002049,active
SKU0002050,P001025,暖杏色-旗舰版,星空蓝,旗舰版,1013.82,788.04,442.97,6900000002050,active
SKU0002051,P001026,标准款-基础版,活力橙,旗舰版,2629.47,2390.4,1384.29,6900000002051,active
SKU0002052,P001026,标准款-升级版,星空蓝,小号,2924.91,2214.26,1531.12,6900000002052,active
SKU0002053,P001027,曜石黑-升级版,标准款,中号,460.65,355.95,249.8,6900000002053,active
SKU0002054,P001027,云朵白-大号,云朵白,升级版,472.08,351.4,171.07,6900000002054,active
SKU0002055,P001028,星空蓝-旗舰版,活力橙,旗舰版,1676.67,1119.41,822.79,6900000002055,active
SKU0002056,P001028,活力橙-中号,曜石黑,大号,1598.98,1425.68,853.68,6900000002056,active
SKU0002057,P001029,暖杏色-大号,曜石黑,大号,1826.82,1379.19,760.08,6900000002057,active
SKU0002058,P001029,云朵白-小号,曜石黑,大号,1619.55,1332.8,658.04,6900000002058,active
SKU0002059,P001030,暖杏色-小号,标准款,基础版,3114.13,2618.92,1478.46,6900000002059,active
SKU0002060,P001030,标准款-旗舰版,曜石黑,升级版,3272.27,2253.96,1425.62,6900000002060,active
SKU0002061,P001031,曜石黑-基础版,暖杏色,旗舰版,1828.96,1754.48,1261.13,6900000002061,active
SKU0002062,P001031,标准款-小号,暖杏色,中号,1783.38,1541.16,949.88,6900000002062,active
SKU0002063,P001032,标准款-旗舰版,活力橙,旗舰版,1713.56,1235.59,694.73,6900000002063,inactive
SKU0002064,P001032,活力橙-基础版,暖杏色,基础版,1952.21,1458.76,748.04,6900000002064,active
SKU0002065,P001033,曜石黑-基础版,标准款,旗舰版,3497.22,2662.32,1437.94,6900000002065,active
SKU0002066,P001033,星空蓝-旗舰版,暖杏色,升级版,3724.25,2680.76,1996.17,6900000002066,active
SKU0002067,P001034,曜石黑-小号,标准款,大号,1922.85,1672.13,1290.62,6900000002067,active
SKU0002068,P001034,云朵白-旗舰版,星空蓝,旗舰版,1919.56,1672.62,952.51,6900000002068,active
SKU0002069,P001035,星空蓝-中号,标准款,升级版,4282.82,2672.49,1692.53,6900000002069,active
SKU0002070,P001035,云朵白-升级版,暖杏色,小号,3547.82,3133.22,2174.03,6900000002070,active
SKU0002071,P001036,曜石黑-升级版,标准款,中号,1194.68,780.25,429.84,6900000002071,active
SKU0002072,P001036,标准款-旗舰版,标准款,中号,1079.65,950.54,517.73,6900000002072,active
SKU0002073,P001037,暖杏色-小号,标准款,大号,259.56,224.68,154.48,6900000002073,active
SKU0002074,P001037,星空蓝-旗舰版,曜石黑,升级版,266.37,246.99,144.11,6900000002074,active
SKU0002075,P001038,暖杏色-大号,活力橙,大号,486.9,385.19,238.6,6900000002075,active
SKU0002076,P001038,标准款-小号,曜石黑,小号,453.86,372.21,220.72,6900000002076,active
SKU0002077,P001039,曜石黑-升级版,标准款,大号,3105.15,3047.74,1791.61,6900000002077,active
SKU0002078,P001039,暖杏色-中号,曜石黑,基础版,3193.96,2542.08,1775.61,6900000002078,inactive
SKU0002079,P001040,活力橙-旗舰版,标准款,中号,2600.23,1818.59,1208.21,6900000002079,active
SKU0002080,P001040,曜石黑-小号,星空蓝,大号,2194.56,1963.42,1451.01,6900000002080,active
SKU0002081,P001041,星空蓝-小号,暖杏色,基础版,735.68,627.56,319.15,6900000002081,active
SKU0002082,P001041,活力橙-小号,标准款,升级版,796.48,670.22,378.76,6900000002082,active
SKU0002083,P001042,曜石黑-中号,活力橙,基础版,3154.38,2840.86,1892.16,6900000002083,active
SKU0002084,P001042,标准款-升级版,暖杏色,大号,3519.62,2533.24,1369.42,6900000002084,active
SKU0002085,P001043,活力橙-基础版,活力橙,中号,3698.69,3429.93,2156.83,6900000002085,active
SKU0002086,P001043,标准款-旗舰版,暖杏色,基础版,4288.45,3361.48,2420.23,6900000002086,active
SKU0002087,P001044,暖杏色-中号,曜石黑,大号,926.35,699.23,433.5,6900000002087,inactive
SKU0002088,P001044,暖杏色-中号,活力橙,基础版,884.82,666.16,460.25,6900000002088,active
SKU0002089,P001045,标准款-升级版,云朵白,大号,1363.13,1040.18,748.94,6900000002089,active
SKU0002090,P001045,暖杏色-旗舰版,曜石黑,中号,1195.0,1055.48,735.03,6900000002090,active
SKU0002091,P001046,云朵白-基础版,曜石黑,基础版,4308.33,3241.0,1774.97,6900000002091,active
SKU0002092,P001046,曜石黑-小号,活力橙,升级版,4410.4,2960.38,2229.31,6900000002092,active
SKU0002093,P001047,标准款-旗舰版,曜石黑,小号,4409.72,3115.93,2348.92,6900000002093,active
SKU0002094,P001047,暖杏色-基础版,曜石黑,小号,3949.48,3009.73,1762.44,6900000002094,active
SKU0002095,P001048,云朵白-基础版,云朵白,大号,1810.13,1362.42,736.5,6900000002095,active
SKU0002096,P001048,暖杏色-旗舰版,暖杏色,大号,1651.36,1290.57,904.75,6900000002096,active
SKU0002097,P001049,曜石黑-旗舰版,暖杏色,升级版,2383.73,1746.48,1102.66,6900000002097,active
SKU0002098,P001049,活力橙-中号,星空蓝,小号,2193.26,1852.58,1038.62,6900000002098,active
SKU0002099,P001050,暖杏色-小号,活力橙,中号,2287.33,1699.82,920.58,6900000002099,active
SKU0002100,P001050,云朵白-旗舰版,暖杏色,小号,2421.66,1886.8,1310.5,6900000002100,inactive
SKU0002101,P001051,云朵白-大号,活力橙,旗舰版,822.11,629.94,386.97,6900000002101,active
SKU0002102,P001051,标准款-升级版,星空蓝,基础版,720.8,654.9,325.45,6900000002102,active
SKU0002103,P001052,曜石黑-升级版,星空蓝,中号,53.18,40.22,19.4,6900000002103,active
SKU0002104,P001052,活力橙-大号,活力橙,中号,47.83,33.32,18.82,6900000002104,active
SKU0002105,P001053,活力橙-基础版,暖杏色,旗舰版,320.35,249.78,183.08,6900000002105,inactive
SKU0002106,P001053,暖杏色-基础版,暖杏色,中号,406.41,267.17,129.53,6900000002106,active
SKU0002107,P001054,暖杏色-小号,标准款,小号,584.11,431.34,270.71,6900000002107,inactive
SKU0002108,P001054,活力橙-中号,曜石黑,升级版,578.92,387.96,289.45,6900000002108,active
SKU0002109,P001055,活力橙-中号,标准款,大号,3633.87,2410.74,1782.06,6900000002109,active
SKU0002110,P001055,活力橙-中号,活力橙,升级版,2879.63,2588.44,1938.92,6900000002110,active
SKU0002111,P001056,标准款-中号,曜石黑,小号,1002.25,694.02,463.27,6900000002111,active
SKU0002112,P001056,暖杏色-大号,活力橙,小号,1003.93,690.93,435.73,6900000002112,inactive
SKU0002113,P001057,曜石黑-旗舰版,云朵白,升级版,378.14,296.0,178.7,6900000002113,active
SKU0002114,P001057,标准款-中号,云朵白,中号,384.6,286.63,200.81,6900000002114,active
SKU0002115,P001058,云朵白-升级版,云朵白,大号,3155.49,2515.08,1486.17,6900000002115,active
SKU0002116,P001058,云朵白-旗舰版,云朵白,中号,2982.53,2430.32,1774.62,6900000002116,active
SKU0002117,P001059,云朵白-基础版,标准款,旗舰版,547.52,477.85,369.18,6900000002117,active
SKU0002118,P001059,云朵白-中号,暖杏色,大号,595.37,541.07,405.07,6900000002118,active
SKU0002119,P001060,暖杏色-大号,暖杏色,升级版,2463.43,2199.46,1391.18,6900000002119,active
SKU0002120,P001060,暖杏色-升级版,云朵白,基础版,2460.02,1913.65,1006.43,6900000002120,active
SKU0002121,P001061,星空蓝-旗舰版,曜石黑,小号,2531.31,1770.04,915.31,6900000002121,active
SKU0002122,P001061,标准款-中号,活力橙,基础版,2897.74,1901.21,1193.56,6900000002122,active
SKU0002123,P001062,曜石黑-小号,暖杏色,升级版,991.07,775.09,581.29,6900000002123,active
SKU0002124,P001062,活力橙-中号,标准款,中号,985.22,770.92,556.13,6900000002124,active
SKU0002125,P001063,标准款-旗舰版,标准款,基础版,2439.7,1656.02,1129.08,6900000002125,active
SKU0002126,P001063,星空蓝-基础版,云朵白,旗舰版,2081.44,1750.1,1115.97,6900000002126,active
SKU0002127,P001064,曜石黑-中号,标准款,大号,3878.8,2607.23,1555.11,6900000002127,active
SKU0002128,P001064,活力橙-旗舰版,曜石黑,中号,3719.45,2583.11,1757.8,6900000002128,active
SKU0002129,P001065,标准款-升级版,云朵白,小号,1416.43,1099.4,532.29,6900000002129,active
SKU0002130,P001065,云朵白-旗舰版,星空蓝,基础版,1327.01,1026.3,797.41,6900000002130,active
SKU0002131,P001066,曜石黑-升级版,暖杏色,小号,484.74,324.3,173.85,6900000002131,active
SKU0002132,P001066,活力橙-升级版,云朵白,中号,478.45,339.13,237.43,6900000002132,active
SKU0002133,P001067,曜石黑-大号,标准款,升级版,4082.37,2835.29,1838.11,6900000002133,active
SKU0002134,P001067,云朵白-升级版,云朵白,基础版,3835.22,3255.61,1708.58,6900000002134,active
SKU0002135,P001068,暖杏色-大号,活力橙,基础版,3313.29,2606.38,1585.62,6900000002135,active
SKU0002136,P001068,星空蓝-基础版,云朵白,升级版,3615.45,2353.09,1300.2,6900000002136,active
SKU0002137,P001069,星空蓝-小号,活力橙,旗舰版,95.24,81.69,49.95,6900000002137,active
SKU0002138,P001069,活力橙-旗舰版,标准款,基础版,105.45,82.7,54.98,6900000002138,active
SKU0002139,P001070,暖杏色-小号,星空蓝,中号,2767.67,2150.5,1604.11,6900000002139,active
SKU0002140,P001070,星空蓝-大号,标准款,小号,3442.97,2273.5,1446.4,6900000002140,active
SKU0002141,P001071,暖杏色-大号,曜石黑,旗舰版,3330.07,2323.09,1360.68,6900000002141,active
SKU0002142,P001071,曜石黑-中号,云朵白,旗舰版,2645.74,2150.84,1309.72,6900000002142,active
SKU0002143,P001072,星空蓝-大号,标准款,基础版,570.73,430.58,313.14,6900000002143,inactive
SKU0002144,P001072,标准款-中号,云朵白,大号,523.9,420.44,231.73,6900000002144,active
SKU0002145,P001073,星空蓝-旗舰版,曜石黑,中号,1760.02,1219.0,712.1,6900000002145,active
SKU0002146,P001073,暖杏色-中号,曜石黑,大号,1926.87,1412.63,894.43,6900000002146,active
SKU0002147,P001074,云朵白-大号,云朵白,升级版,721.18,654.5,500.98,6900000002147,active
SKU0002148,P001074,云朵白-升级版,云朵白,中号,886.03,610.55,452.2,6900000002148,active
SKU0002149,P001075,曜石黑-升级版,云朵白,大号,3209.03,2571.47,1327.95,6900000002149,active
SKU0002150,P001075,暖杏色-升级版,标准款,升级版,3373.11,2410.72,1690.91,6900000002150,active
SKU0002151,P001076,星空蓝-小号,标准款,旗舰版,541.93,444.32,255.47,6900000002151,active
SKU0002152,P001076,暖杏色-中号,星空蓝,旗舰版,510.92,424.68,309.39,6900000002152,active
SKU0002153,P001077,曜石黑-大号,云朵白,小号,49.39,44.53,34.12,6900000002153,active
SKU0002154,P001077,星空蓝-中号,标准款,升级版,53.69,44.8,33.07,6900000002154,active
SKU0002155,P001078,活力橙-中号,星空蓝,升级版,2883.57,2368.59,1714.29,6900000002155,active
SKU0002156,P001078,活力橙-大号,暖杏色,旗舰版,2602.55,2309.68,1784.76,6900000002156,inactive
SKU0002157,P001079,暖杏色-升级版,星空蓝,大号,630.6,448.49,296.3,6900000002157,active
SKU0002158,P001079,暖杏色-旗舰版,活力橙,升级版,638.13,472.78,260.97,6900000002158,active
SKU0002159,P001080,星空蓝-小号,暖杏色,升级版,2438.19,1887.69,1262.2,6900000002159,active
SKU0002160,P001080,活力橙-中号,标准款,大号,2262.84,2156.09,1567.9,6900000002160,active
SKU0002161,P001081,标准款-基础版,曜石黑,小号,2233.21,1840.42,975.15,6900000002161,active
SKU0002162,P001081,标准款-大号,曜石黑,升级版,2259.24,2021.83,1291.14,6900000002162,active
SKU0002163,P001082,活力橙-旗舰版,星空蓝,小号,2634.02,2079.05,1474.82,6900000002163,active
SKU0002164,P001082,云朵白-中号,曜石黑,旗舰版,2391.22,1963.3,1394.31,6900000002164,active
SKU0002165,P001083,活力橙-基础版,星空蓝,旗舰版,1517.14,1110.93,690.78,6900000002165,active
SKU0002166,P001083,曜石黑-升级版,暖杏色,升级版,1595.53,1196.01,666.44,6900000002166,active
SKU0002167,P001084,曜石黑-基础版,活力橙,升级版,1805.67,1265.76,789.51,6900000002167,active
SKU0002168,P001084,云朵白-小号,暖杏色,基础版,1917.8,1427.35,929.91,6900000002168,active
SKU0002169,P001085,云朵白-小号,标准款,中号,446.05,305.27,166.63,6900000002169,inactive
SKU0002170,P001085,星空蓝-基础版,暖杏色,小号,411.44,319.26,160.92,6900000002170,active
SKU0002171,P001086,活力橙-小号,暖杏色,大号,2660.99,2201.81,1225.05,6900000002171,active
SKU0002172,P001086,标准款-小号,暖杏色,小号,2774.31,2051.87,1039.15,6900000002172,active
SKU0002173,P001087,标准款-基础版,云朵白,大号,921.52,716.87,476.79,6900000002173,active
SKU0002174,P001087,活力橙-大号,星空蓝,升级版,841.34,644.37,441.5,6900000002174,active
SKU0002175,P001088,曜石黑-升级版,星空蓝,升级版,3608.51,2737.62,1997.19,6900000002175,active
SKU0002176,P001088,云朵白-中号,云朵白,基础版,3488.59,3195.96,1843.34,6900000002176,active
SKU0002177,P001089,星空蓝-小号,曜石黑,小号,1435.87,943.51,698.41,6900000002177,active
SKU0002178,P001089,标准款-小号,暖杏色,中号,1180.02,976.7,569.38,6900000002178,active
SKU0002179,P001090,星空蓝-基础版,活力橙,旗舰版,3573.7,3024.0,1704.51,6900000002179,active
SKU0002180,P001090,曜石黑-升级版,活力橙,大号,3716.58,2863.12,2196.05,6900000002180,active
SKU0002181,P001091,云朵白-大号,暖杏色,基础版,2322.29,1844.33,1026.6,6900000002181,active
SKU0002182,P001091,活力橙-大号,活力橙,旗舰版,2060.61,1785.29,1216.68,6900000002182,active
SKU0002183,P001092,星空蓝-旗舰版,云朵白,大号,2233.43,1680.06,1079.12,6900000002183,active
SKU0002184,P001092,曜石黑-基础版,标准款,旗舰版,2619.35,1995.72,1062.76,6900000002184,active
SKU0002185,P001093,活力橙-基础版,星空蓝,小号,3065.35,2244.05,1321.65,6900000002185,active
SKU0002186,P001093,曜石黑-小号,活力橙,小号,2556.75,2448.23,1493.48,6900000002186,active
SKU0002187,P001094,曜石黑-中号,云朵白,升级版,2660.58,2375.56,1685.13,6900000002187,inactive
SKU0002188,P001094,活力橙-大号,曜石黑,旗舰版,2554.19,2482.84,1865.48,6900000002188,inactive
SKU0002189,P001095,云朵白-升级版,星空蓝,升级版,1235.07,920.69,529.76,6900000002189,active
SKU0002190,P001095,曜石黑-升级版,曜石黑,中号,1378.99,1017.77,665.14,6900000002190,active
SKU0002191,P001096,云朵白-基础版,云朵白,升级版,3953.72,2979.94,1576.25,6900000002191,active
SKU0002192,P001096,星空蓝-大号,标准款,大号,3304.81,2747.74,1885.0,6900000002192,inactive
SKU0002193,P001097,云朵白-中号,星空蓝,大号,2552.85,2301.76,1759.89,6900000002193,active
SKU0002194,P001097,暖杏色-升级版,活力橙,小号,2352.08,1992.81,1040.53,6900000002194,active
SKU0002195,P001098,暖杏色-中号,标准款,升级版,3765.28,2576.21,1913.81,6900000002195,active
SKU0002196,P001098,暖杏色-旗舰版,活力橙,小号,3565.08,2965.52,1808.61,6900000002196,active
SKU0002197,P001099,标准款-小号,活力橙,基础版,1430.2,966.44,550.7,6900000002197,active
SKU0002198,P001099,星空蓝-升级版,云朵白,大号,1485.61,1107.08,769.34,6900000002198,inactive
SKU0002199,P001100,曜石黑-大号,星空蓝,大号,445.39,290.14,166.09,6900000002199,active
SKU0002200,P001100,云朵白-小号,曜石黑,大号,430.21,317.4,228.63,6900000002200,active
SKU0002201,P001101,星空蓝-基础版,云朵白,基础版,3849.04,3328.93,2592.59,6900000002201,active
SKU0002202,P001101,曜石黑-小号,云朵白,基础版,3690.27,2666.82,1402.24,6900000002202,active
SKU0002203,P001102,暖杏色-基础版,暖杏色,旗舰版,1604.58,1217.36,649.03,6900000002203,active
SKU0002204,P001102,云朵白-小号,标准款,旗舰版,1416.04,1222.68,919.34,6900000002204,active
SKU0002205,P001103,暖杏色-升级版,云朵白,大号,1140.74,769.68,417.09,6900000002205,active
SKU0002206,P001103,暖杏色-大号,云朵白,基础版,1106.67,831.56,517.98,6900000002206,active
SKU0002207,P001104,星空蓝-中号,云朵白,中号,1462.11,948.06,716.26,6900000002207,active
SKU0002208,P001104,标准款-小号,标准款,大号,1327.76,977.62,544.67,6900000002208,active
SKU0002209,P001105,曜石黑-基础版,云朵白,旗舰版,3216.72,2729.16,1860.03,6900000002209,active
SKU0002210,P001105,星空蓝-大号,星空蓝,中号,3604.63,2589.82,2015.79,6900000002210,active
SKU0002211,P001106,活力橙-基础版,云朵白,基础版,3819.7,2628.19,1457.29,6900000002211,active
SKU0002212,P001106,曜石黑-旗舰版,活力橙,基础版,3554.61,2679.78,1791.46,6900000002212,active
SKU0002213,P001107,星空蓝-升级版,标准款,小号,1516.49,1163.74,847.72,6900000002213,active
SKU0002214,P001107,云朵白-中号,标准款,大号,1411.05,998.26,767.69,6900000002214,active
SKU0002215,P001108,活力橙-中号,云朵白,基础版,3436.43,2741.52,2121.76,6900000002215,active
SKU0002216,P001108,云朵白-旗舰版,标准款,中号,3551.69,2963.55,1997.32,6900000002216,active
SKU0002217,P001109,标准款-基础版,标准款,大号,283.32,192.8,113.61,6900000002217,active
SKU0002218,P001109,星空蓝-中号,云朵白,小号,264.6,219.69,155.85,6900000002218,active
SKU0002219,P001110,暖杏色-大号,活力橙,大号,1381.24,1095.32,605.1,6900000002219,active
SKU0002220,P001110,活力橙-中号,星空蓝,小号,1357.09,1044.42,641.08,6900000002220,active
SKU0002221,P001111,暖杏色-升级版,云朵白,旗舰版,2016.58,1448.63,731.04,6900000002221,active
SKU0002222,P001111,曜石黑-小号,云朵白,旗舰版,1662.19,1573.41,1029.23,6900000002222,active
SKU0002223,P001112,暖杏色-大号,云朵白,大号,1656.46,1120.64,789.57,6900000002223,active
SKU0002224,P001112,星空蓝-基础版,星空蓝,中号,1378.24,1104.77,740.51,6900000002224,active
SKU0002225,P001113,暖杏色-中号,标准款,升级版,2313.47,1753.16,1193.28,6900000002225,active
SKU0002226,P001113,活力橙-旗舰版,曜石黑,旗舰版,2466.46,1905.95,1422.6,6900000002226,inactive
SKU0002227,P001114,活力橙-小号,标准款,基础版,4330.7,3106.4,1526.37,6900000002227,active
SKU0002228,P001114,暖杏色-升级版,标准款,基础版,4078.94,3366.21,2058.69,6900000002228,active
SKU0002229,P001115,活力橙-升级版,星空蓝,小号,1530.31,1357.85,845.26,6900000002229,active
SKU0002230,P001115,星空蓝-旗舰版,暖杏色,旗舰版,1850.05,1365.27,768.52,6900000002230,active
SKU0002231,P001116,暖杏色-大号,标准款,大号,2040.18,1815.73,1363.82,6900000002231,active
SKU0002232,P001116,星空蓝-中号,暖杏色,基础版,2096.65,1753.84,1128.73,6900000002232,active
SKU0002233,P001117,暖杏色-小号,活力橙,小号,1284.79,890.46,574.37,6900000002233,active
SKU0002234,P001117,暖杏色-中号,标准款,升级版,1064.65,888.2,635.61,6900000002234,active
SKU0002235,P001118,活力橙-中号,暖杏色,基础版,1885.27,1413.42,777.27,6900000002235,active
SKU0002236,P001118,星空蓝-中号,曜石黑,大号,1878.8,1355.31,787.54,6900000002236,active
SKU0002237,P001119,曜石黑-大号,曜石黑,旗舰版,1117.8,961.77,551.72,6900000002237,active
SKU0002238,P001119,活力橙-升级版,活力橙,旗舰版,1253.93,902.86,537.14,6900000002238,active
SKU0002239,P001120,标准款-小号,曜石黑,小号,1605.55,1531.68,1169.23,6900000002239,active
SKU0002240,P001120,星空蓝-旗舰版,云朵白,中号,2051.9,1386.36,805.68,6900000002240,active
SKU0002241,P001121,云朵白-旗舰版,星空蓝,旗舰版,2675.8,2092.42,1025.07,6900000002241,active
SKU0002242,P001121,暖杏色-大号,暖杏色,基础版,2631.49,2052.27,1488.46,6900000002242,active
SKU0002243,P001122,云朵白-升级版,曜石黑,大号,2696.18,2181.95,1268.65,6900000002243,active
SKU0002244,P001122,活力橙-大号,云朵白,升级版,2441.35,2217.35,1293.55,6900000002244,active
SKU0002245,P001123,暖杏色-大号,活力橙,旗舰版,3569.5,2988.3,2042.15,6900000002245,active
SKU0002246,P001123,星空蓝-旗舰版,暖杏色,大号,3793.09,3179.58,2284.06,6900000002246,active
SKU0002247,P001124,标准款-升级版,云朵白,大号,1866.67,1542.5,1027.14,6900000002247,active
SKU0002248,P001124,曜石黑-旗舰版,曜石黑,大号,1804.03,1484.82,900.59,6900000002248,active
SKU0002249,P001125,云朵白-升级版,标准款,中号,2660.63,2040.51,1322.37,6900000002249,active
SKU0002250,P001125,星空蓝-中号,云朵白,小号,2687.63,1971.8,1099.94,6900000002250,active
SKU0002251,P001126,曜石黑-基础版,标准款,大号,695.71,444.61,244.21,6900000002251,active
SKU0002252,P001126,暖杏色-小号,云朵白,中号,715.51,505.85,383.92,6900000002252,active
SKU0002253,P001127,暖杏色-大号,标准款,升级版,2932.69,2299.88,1368.84,6900000002253,active
SKU0002254,P001127,云朵白-中号,暖杏色,旗舰版,3098.41,2523.47,1555.97,6900000002254,active
SKU0002255,P001128,曜石黑-大号,星空蓝,大号,4490.54,3172.86,2072.48,6900000002255,active
SKU0002256,P001128,暖杏色-旗舰版,活力橙,基础版,4122.12,3347.14,1947.85,6900000002256,active
SKU0002257,P001129,暖杏色-大号,活力橙,升级版,1080.96,1004.78,559.75,6900000002257,active
SKU0002258,P001129,星空蓝-大号,星空蓝,大号,1284.82,814.46,551.5,6900000002258,active
SKU0002259,P001130,云朵白-基础版,标准款,旗舰版,182.95,172.73,124.76,6900000002259,inactive
SKU0002260,P001130,活力橙-旗舰版,活力橙,中号,221.36,149.6,90.08,6900000002260,active
SKU0002261,P001131,星空蓝-升级版,星空蓝,旗舰版,1789.69,1140.74,750.76,6900000002261,active
SKU0002262,P001131,云朵白-中号,标准款,中号,1859.64,1213.55,711.52,6900000002262,active
SKU0002263,P001132,曜石黑-旗舰版,曜石黑,小号,1231.8,1041.93,720.18,6900000002263,active
SKU0002264,P001132,曜石黑-小号,云朵白,旗舰版,1192.85,1032.54,690.96,6900000002264,active
SKU0002265,P001133,活力橙-旗舰版,云朵白,小号,1748.27,1336.61,835.2,6900000002265,active
SKU0002266,P001133,活力橙-升级版,标准款,基础版,1532.12,1205.82,585.56,6900000002266,active
SKU0002267,P001134,星空蓝-旗舰版,云朵白,升级版,2318.42,1573.89,1080.58,6900000002267,active
SKU0002268,P001134,标准款-大号,暖杏色,小号,2131.01,1657.44,1230.57,6900000002268,inactive
SKU0002269,P001135,标准款-旗舰版,暖杏色,基础版,1508.76,1056.84,571.22,6900000002269,active
SKU0002270,P001135,星空蓝-大号,曜石黑,大号,1257.14,928.22,608.44,6900000002270,active
SKU0002271,P001136,星空蓝-小号,星空蓝,中号,1662.98,1506.32,797.44,6900000002271,active
SKU0002272,P001136,活力橙-升级版,星空蓝,中号,2064.69,1494.35,744.95,6900000002272,active
SKU0002273,P001137,标准款-大号,云朵白,旗舰版,887.8,639.35,309.5,6900000002273,active
SKU0002274,P001137,曜石黑-小号,曜石黑,基础版,899.67,673.16,502.94,6900000002274,active
SKU0002275,P001138,云朵白-小号,标准款,基础版,298.67,201.91,114.63,6900000002275,active
SKU0002276,P001138,曜石黑-小号,星空蓝,大号,271.12,212.67,123.71,6900000002276,active
SKU0002277,P001139,星空蓝-基础版,标准款,大号,2975.99,2469.37,1752.23,6900000002277,active
SKU0002278,P001139,暖杏色-大号,星空蓝,大号,2910.96,2497.47,1641.97,6900000002278,active
SKU0002279,P001140,暖杏色-旗舰版,云朵白,升级版,3267.79,2371.23,1354.22,6900000002279,inactive
SKU0002280,P001140,暖杏色-基础版,云朵白,旗舰版,2572.55,2157.73,1219.05,6900000002280,active
SKU0002281,P001141,云朵白-旗舰版,曜石黑,基础版,1166.52,904.38,664.59,6900000002281,active
SKU0002282,P001141,云朵白-升级版,曜石黑,升级版,1074.2,1030.3,630.07,6900000002282,active
SKU0002283,P001142,星空蓝-小号,星空蓝,旗舰版,4051.3,3554.19,2577.26,6900000002283,active
SKU0002284,P001142,活力橙-小号,暖杏色,中号,4234.91,3561.63,1931.3,6900000002284,active
SKU0002285,P001143,标准款-升级版,云朵白,基础版,3733.74,3497.36,1818.12,6900000002285,active
SKU0002286,P001143,星空蓝-大号,标准款,小号,4560.36,3051.03,1646.8,6900000002286,inactive
SKU0002287,P001144,星空蓝-旗舰版,星空蓝,旗舰版,3761.5,2608.83,1651.97,6900000002287,inactive
SKU0002288,P001144,曜石黑-大号,云朵白,旗舰版,3447.57,2924.94,1638.69,6900000002288,active
SKU0002289,P001145,标准款-升级版,活力橙,中号,218.94,173.65,119.13,6900000002289,active
SKU0002290,P001145,标准款-小号,云朵白,基础版,221.83,163.19,97.77,6900000002290,active
SKU0002291,P001146,活力橙-小号,星空蓝,旗舰版,109.4,82.33,59.36,6900000002291,active
SKU0002292,P001146,标准款-升级版,星空蓝,大号,106.77,74.13,42.17,6900000002292,inactive
SKU0002293,P001147,标准款-中号,星空蓝,基础版,2410.98,1688.94,1041.0,6900000002293,active
SKU0002294,P001147,活力橙-小号,暖杏色,升级版,2028.89,1702.69,1065.17,6900000002294,active
SKU0002295,P001148,活力橙-升级版,云朵白,大号,1104.27,804.17,560.24,6900000002295,active
SKU0002296,P001148,云朵白-小号,曜石黑,大号,1127.72,783.18,605.02,6900000002296,active
SKU0002297,P001149,标准款-基础版,云朵白,中号,285.21,224.99,174.27,6900000002297,active
SKU0002298,P001149,标准款-升级版,活力橙,基础版,293.22,241.7,125.07,6900000002298,active
SKU0002299,P001150,曜石黑-基础版,标准款,升级版,335.88,250.53,176.74,6900000002299,active
SKU0002300,P001150,活力橙-小号,曜石黑,旗舰版,359.99,310.42,161.26,6900000002300,active
SKU0002301,P001151,暖杏色-小号,暖杏色,基础版,3856.57,2442.44,1712.33,6900000002301,active
SKU0002302,P001151,暖杏色-小号,标准款,中号,3699.01,2744.83,1620.99,6900000002302,inactive
SKU0002303,P001152,标准款-基础版,云朵白,小号,161.02,129.91,72.08,6900000002303,active
SKU0002304,P001152,星空蓝-大号,星空蓝,中号,175.03,124.21,86.27,6900000002304,active
SKU0002305,P001153,活力橙-基础版,标准款,旗舰版,730.03,621.59,412.83,6900000002305,active
SKU0002306,P001153,星空蓝-旗舰版,暖杏色,基础版,752.21,550.83,328.99,6900000002306,active
SKU0002307,P001154,星空蓝-升级版,曜石黑,升级版,620.04,509.49,344.31,6900000002307,inactive
SKU0002308,P001154,曜石黑-小号,暖杏色,小号,589.13,492.91,338.33,6900000002308,active
SKU0002309,P001155,曜石黑-旗舰版,标准款,基础版,2464.3,2052.08,1048.11,6900000002309,active
SKU0002310,P001155,曜石黑-小号,标准款,旗舰版,2281.92,2007.66,1118.7,6900000002310,active
SKU0002311,P001156,标准款-旗舰版,标准款,基础版,2308.74,1967.35,1135.22,6900000002311,active
SKU0002312,P001156,标准款-大号,星空蓝,基础版,2676.15,1750.09,1043.46,6900000002312,active
SKU0002313,P001157,暖杏色-中号,云朵白,升级版,287.08,218.36,149.02,6900000002313,active
SKU0002314,P001157,标准款-旗舰版,暖杏色,升级版,254.08,237.16,166.54,6900000002314,active
SKU0002315,P001158,标准款-升级版,云朵白,大号,3255.9,2811.69,1720.01,6900000002315,active
SKU0002316,P001158,曜石黑-小号,暖杏色,中号,3831.33,2958.79,1750.73,6900000002316,active
SKU0002317,P001159,活力橙-基础版,标准款,大号,3561.25,2255.13,1230.92,6900000002317,active
SKU0002318,P001159,云朵白-小号,星空蓝,旗舰版,2938.02,2660.9,1766.89,6900000002318,active
SKU0002319,P001160,活力橙-大号,曜石黑,小号,2856.49,2220.97,1661.22,6900000002319,active
SKU0002320,P001160,星空蓝-升级版,暖杏色,升级版,2958.87,2205.61,1079.43,6900000002320,active
SKU0002321,P001161,曜石黑-升级版,曜石黑,基础版,3182.74,2594.36,1443.43,6900000002321,active
SKU0002322,P001161,标准款-旗舰版,星空蓝,基础版,2965.99,2368.75,1773.99,6900000002322,active
SKU0002323,P001162,活力橙-基础版,暖杏色,大号,1591.4,1237.88,914.46,6900000002323,active
SKU0002324,P001162,活力橙-小号,暖杏色,大号,1760.62,1407.89,1078.0,6900000002324,active
SKU0002325,P001163,云朵白-旗舰版,曜石黑,升级版,3369.24,2676.49,1531.97,6900000002325,active
SKU0002326,P001163,云朵白-中号,星空蓝,升级版,2952.93,2326.56,1120.8,6900000002326,active
SKU0002327,P001164,星空蓝-升级版,云朵白,大号,1288.26,1018.66,489.65,6900000002327,active
SKU0002328,P001164,星空蓝-升级版,曜石黑,小号,1373.88,921.64,443.48,6900000002328,active
SKU0002329,P001165,活力橙-小号,曜石黑,小号,1848.57,1424.63,879.46,6900000002329,active
SKU0002330,P001165,星空蓝-中号,星空蓝,基础版,1888.05,1274.63,872.16,6900000002330,active
SKU0002331,P001166,暖杏色-中号,活力橙,中号,1858.73,1454.13,1119.25,6900000002331,active
SKU0002332,P001166,标准款-升级版,云朵白,大号,1734.99,1428.3,1080.26,6900000002332,active
SKU0002333,P001167,暖杏色-大号,星空蓝,中号,1843.12,1695.4,1132.28,6900000002333,active
SKU0002334,P001167,星空蓝-旗舰版,暖杏色,中号,1917.63,1746.25,886.16,6900000002334,active
SKU0002335,P001168,星空蓝-中号,暖杏色,升级版,102.56,76.26,45.3,6900000002335,active
SKU0002336,P001168,星空蓝-小号,活力橙,大号,92.84,81.41,58.07,6900000002336,active
SKU0002337,P001169,标准款-中号,标准款,中号,2296.17,1900.1,1180.96,6900000002337,active
SKU0002338,P001169,曜石黑-小号,暖杏色,大号,2167.92,1744.61,992.68,6900000002338,active
SKU0002339,P001170,曜石黑-旗舰版,星空蓝,大号,1573.65,1472.58,1125.9,6900000002339,active
SKU0002340,P001170,活力橙-中号,标准款,中号,1892.76,1390.38,1037.67,6900000002340,active
SKU0002341,P001171,活力橙-旗舰版,暖杏色,旗舰版,3318.09,2586.49,1281.07,6900000002341,active
SKU0002342,P001171,活力橙-旗舰版,云朵白,旗舰版,3088.65,2471.87,1636.19,6900000002342,active
SKU0002343,P001172,曜石黑-小号,标准款,中号,478.0,373.23,229.56,6900000002343,active
SKU0002344,P001172,活力橙-旗舰版,云朵白,升级版,418.91,363.65,261.06,6900000002344,active
SKU0002345,P001173,云朵白-旗舰版,活力橙,旗舰版,3491.46,2671.68,1999.7,6900000002345,active
SKU0002346,P001173,活力橙-旗舰版,星空蓝,小号,3243.09,2260.31,1115.04,6900000002346,active
SKU0002347,P001174,标准款-升级版,标准款,升级版,3611.63,2539.09,1858.51,6900000002347,active
SKU0002348,P001174,云朵白-旗舰版,标准款,大号,3773.7,2438.56,1867.69,6900000002348,active
SKU0002349,P001175,标准款-旗舰版,活力橙,大号,3139.81,2130.42,1574.18,6900000002349,active
SKU0002350,P001175,标准款-旗舰版,标准款,小号,2897.94,2623.02,1299.27,6900000002350,active
SKU0002351,P001176,标准款-旗舰版,曜石黑,小号,3026.5,2005.16,1218.76,6900000002351,active
SKU0002352,P001176,云朵白-基础版,曜石黑,旗舰版,2518.91,2064.2,1055.88,6900000002352,active
SKU0002353,P001177,标准款-旗舰版,曜石黑,基础版,956.33,657.12,469.59,6900000002353,active
SKU0002354,P001177,云朵白-大号,云朵白,基础版,837.63,654.86,510.19,6900000002354,active
SKU0002355,P001178,云朵白-旗舰版,云朵白,大号,2356.74,1769.26,1140.81,6900000002355,active
SKU0002356,P001178,云朵白-大号,星空蓝,小号,2093.37,1749.08,1232.13,6900000002356,active
SKU0002357,P001179,暖杏色-升级版,曜石黑,大号,2400.78,1882.28,1146.17,6900000002357,active
SKU0002358,P001179,活力橙-旗舰版,暖杏色,旗舰版,2314.04,1667.55,1060.25,6900000002358,active
SKU0002359,P001180,活力橙-基础版,云朵白,中号,2297.11,1627.9,895.2,6900000002359,active
SKU0002360,P001180,活力橙-旗舰版,暖杏色,大号,1899.92,1670.57,1233.51,6900000002360,active
SKU0002361,P001181,暖杏色-旗舰版,星空蓝,中号,3858.31,3286.94,1877.13,6900000002361,active
SKU0002362,P001181,活力橙-升级版,云朵白,中号,4583.97,3014.66,1841.01,6900000002362,active
SKU0002363,P001182,活力橙-大号,暖杏色,小号,2646.53,2121.02,1304.47,6900000002363,inactive
SKU0002364,P001182,暖杏色-升级版,活力橙,大号,2366.22,1725.51,1162.65,6900000002364,active
SKU0002365,P001183,星空蓝-大号,标准款,旗舰版,2501.68,1827.1,1159.4,6900000002365,inactive
SKU0002366,P001183,活力橙-小号,暖杏色,旗舰版,2505.88,1983.15,1469.74,6900000002366,inactive
SKU0002367,P001184,暖杏色-小号,星空蓝,升级版,2448.85,1629.07,1161.83,6900000002367,active
SKU0002368,P001184,活力橙-旗舰版,活力橙,基础版,2098.86,1848.89,1104.61,6900000002368,active
SKU0002369,P001185,星空蓝-小号,云朵白,小号,2127.58,1422.62,1080.87,6900000002369,inactive
SKU0002370,P001185,曜石黑-升级版,标准款,基础版,2156.85,1548.63,835.82,6900000002370,active
SKU0002371,P001186,曜石黑-旗舰版,星空蓝,小号,1717.17,1365.12,766.96,6900000002371,active
SKU0002372,P001186,标准款-升级版,星空蓝,小号,1686.67,1386.75,735.82,6900000002372,active
SKU0002373,P001187,曜石黑-升级版,暖杏色,大号,710.52,564.11,328.54,6900000002373,active
SKU0002374,P001187,星空蓝-小号,云朵白,升级版,725.73,560.08,329.91,6900000002374,active
SKU0002375,P001188,曜石黑-小号,曜石黑,中号,1185.14,876.03,643.34,6900000002375,active
SKU0002376,P001188,云朵白-旗舰版,活力橙,小号,1019.87,784.95,508.6,6900000002376,active
SKU0002377,P001189,活力橙-大号,暖杏色,大号,1456.08,1326.72,715.51,6900000002377,active
SKU0002378,P001189,曜石黑-基础版,暖杏色,升级版,1703.01,1127.37,758.2,6900000002378,active
SKU0002379,P001190,曜石黑-中号,云朵白,旗舰版,3385.48,2586.77,1249.13,6900000002379,active
SKU0002380,P001190,星空蓝-旗舰版,星空蓝,中号,2913.33,2690.83,1438.53,6900000002380,active
SKU0002381,P001191,星空蓝-基础版,活力橙,小号,1576.56,1213.62,708.32,6900000002381,active
SKU0002382,P001191,云朵白-中号,暖杏色,旗舰版,1838.75,1170.59,638.94,6900000002382,active
SKU0002383,P001192,云朵白-中号,曜石黑,旗舰版,3159.89,2358.26,1819.3,6900000002383,active
SKU0002384,P001192,曜石黑-中号,标准款,小号,3194.63,2371.97,1224.1,6900000002384,active
SKU0002385,P001193,星空蓝-大号,标准款,中号,1759.73,1488.19,921.25,6900000002385,active
SKU0002386,P001193,曜石黑-基础版,活力橙,大号,1809.99,1627.2,1048.21,6900000002386,active
SKU0002387,P001194,活力橙-中号,暖杏色,中号,3415.03,2765.85,2075.9,6900000002387,active
SKU0002388,P001194,曜石黑-中号,星空蓝,旗舰版,3813.79,2890.33,1956.59,6900000002388,active
SKU0002389,P001195,标准款-小号,星空蓝,大号,1531.41,1176.13,648.88,6900000002389,active
SKU0002390,P001195,标准款-小号,暖杏色,升级版,1599.47,1200.14,798.8,6900000002390,active
SKU0002391,P001196,活力橙-升级版,星空蓝,小号,630.57,389.11,270.27,6900000002391,active
SKU0002392,P001196,云朵白-基础版,暖杏色,中号,548.54,444.0,281.99,6900000002392,active
SKU0002393,P001197,标准款-中号,暖杏色,大号,1295.43,914.22,585.0,6900000002393,active
SKU0002394,P001197,星空蓝-大号,曜石黑,小号,1086.8,966.72,606.55,6900000002394,active
SKU0002395,P001198,活力橙-升级版,活力橙,旗舰版,3780.62,2616.66,1454.17,6900000002395,active
SKU0002396,P001198,星空蓝-基础版,曜石黑,升级版,3981.45,2679.77,2081.83,6900000002396,active
SKU0002397,P001199,标准款-小号,星空蓝,大号,267.88,170.96,108.95,6900000002397,active
SKU0002398,P001199,星空蓝-小号,活力橙,小号,279.54,180.87,116.89,6900000002398,active
SKU0002399,P001200,标准款-中号,曜石黑,小号,2887.54,2270.29,1098.29,6900000002399,active
SKU0002400,P001200,云朵白-大号,曜石黑,大号,2671.11,2027.27,1164.39,6900000002400,active
SKU0002401,P001201,曜石黑-中号,标准款,升级版,3510.27,2600.95,1361.17,6900000002401,active
SKU0002402,P001201,标准款-中号,云朵白,中号,3625.45,2693.11,1586.06,6900000002402,active
SKU0002403,P001202,活力橙-基础版,标准款,升级版,2066.16,1699.47,927.52,6900000002403,inactive
SKU0002404,P001202,星空蓝-中号,标准款,中号,1963.3,1696.69,1272.57,6900000002404,active
SKU0002405,P001203,标准款-中号,星空蓝,大号,3159.29,2436.55,1855.17,6900000002405,active
SKU0002406,P001203,曜石黑-中号,活力橙,基础版,2902.1,2029.9,1293.24,6900000002406,active
SKU0002407,P001204,云朵白-旗舰版,活力橙,旗舰版,1323.81,1189.51,633.61,6900000002407,active
SKU0002408,P001204,标准款-大号,云朵白,中号,1352.97,993.47,562.95,6900000002408,active
SKU0002409,P001205,曜石黑-中号,云朵白,升级版,895.35,686.83,458.06,6900000002409,active
SKU0002410,P001205,暖杏色-基础版,暖杏色,旗舰版,947.32,723.53,351.04,6900000002410,active
SKU0002411,P001206,云朵白-旗舰版,暖杏色,基础版,1101.98,1037.64,663.2,6900000002411,active
SKU0002412,P001206,活力橙-旗舰版,云朵白,旗舰版,1151.3,1062.29,604.53,6900000002412,active
SKU0002413,P001207,标准款-升级版,星空蓝,中号,2806.26,1918.18,1015.81,6900000002413,active
SKU0002414,P001207,云朵白-旗舰版,星空蓝,小号,2510.05,2408.77,1811.72,6900000002414,active
SKU0002415,P001208,云朵白-小号,活力橙,中号,83.63,76.07,52.68,6900000002415,active
SKU0002416,P001208,暖杏色-升级版,曜石黑,中号,84.64,73.56,41.6,6900000002416,active
SKU0002417,P001209,标准款-基础版,曜石黑,旗舰版,1387.08,1238.73,697.49,6900000002417,active
SKU0002418,P001209,暖杏色-旗舰版,暖杏色,旗舰版,1544.82,1303.87,957.14,6900000002418,active
SKU0002419,P001210,活力橙-旗舰版,云朵白,中号,2776.15,2146.32,1104.39,6900000002419,active
SKU0002420,P001210,星空蓝-大号,云朵白,小号,2794.5,1878.64,1096.68,6900000002420,active
SKU0002421,P001211,星空蓝-基础版,曜石黑,大号,2755.63,1953.92,1225.63,6900000002421,active
SKU0002422,P001211,活力橙-大号,标准款,基础版,2272.81,1781.88,1210.97,6900000002422,active
SKU0002423,P001212,标准款-基础版,云朵白,中号,1429.81,1311.38,718.58,6900000002423,active
SKU0002424,P001212,曜石黑-基础版,云朵白,升级版,1482.51,1065.87,757.46,6900000002424,active
SKU0002425,P001213,标准款-旗舰版,标准款,基础版,2128.92,1737.15,1304.94,6900000002425,active
SKU0002426,P001213,星空蓝-升级版,标准款,大号,1794.98,1591.78,926.06,6900000002426,active
SKU0002427,P001214,云朵白-升级版,标准款,升级版,1656.06,1213.39,651.2,6900000002427,active
SKU0002428,P001214,暖杏色-升级版,标准款,升级版,1752.3,1429.07,1008.14,6900000002428,active
SKU0002429,P001215,活力橙-基础版,活力橙,中号,1348.64,1112.26,625.9,6900000002429,active
SKU0002430,P001215,暖杏色-大号,曜石黑,升级版,1407.77,1089.62,771.47,6900000002430,active
SKU0002431,P001216,曜石黑-旗舰版,云朵白,基础版,766.38,688.2,452.5,6900000002431,active
SKU0002432,P001216,云朵白-基础版,标准款,小号,813.32,553.23,399.0,6900000002432,active
SKU0002433,P001217,星空蓝-基础版,云朵白,大号,251.23,172.5,132.31,6900000002433,active
SKU0002434,P001217,云朵白-旗舰版,星空蓝,中号,209.41,175.21,129.74,6900000002434,active
SKU0002435,P001218,标准款-旗舰版,暖杏色,升级版,2909.86,2271.63,1463.34,6900000002435,active
SKU0002436,P001218,曜石黑-旗舰版,活力橙,旗舰版,2407.04,1908.32,1358.03,6900000002436,active
SKU0002437,P001219,暖杏色-升级版,星空蓝,旗舰版,1473.79,1019.83,579.69,6900000002437,active
SKU0002438,P001219,云朵白-基础版,曜石黑,小号,1542.85,1225.06,629.66,6900000002438,active
SKU0002439,P001220,标准款-大号,星空蓝,大号,1882.29,1581.46,805.35,6900000002439,active
SKU0002440,P001220,标准款-基础版,活力橙,中号,2036.45,1437.85,808.55,6900000002440,active
SKU0002441,P001221,标准款-升级版,暖杏色,小号,465.83,347.81,172.93,6900000002441,active
SKU0002442,P001221,曜石黑-中号,云朵白,升级版,464.32,295.22,143.72,6900000002442,active
SKU0002443,P001222,活力橙-旗舰版,暖杏色,中号,834.7,719.42,486.06,6900000002443,active
SKU0002444,P001222,曜石黑-升级版,暖杏色,旗舰版,736.45,613.47,437.74,6900000002444,active
SKU0002445,P001223,曜石黑-小号,活力橙,小号,3631.94,2822.06,2069.69,6900000002445,active
SKU0002446,P001223,云朵白-大号,曜石黑,小号,3748.66,3237.53,1581.97,6900000002446,active
SKU0002447,P001224,曜石黑-旗舰版,暖杏色,基础版,881.18,691.46,501.37,6900000002447,active
SKU0002448,P001224,标准款-小号,标准款,中号,823.81,702.83,345.09,6900000002448,active
SKU0002449,P001225,曜石黑-大号,暖杏色,中号,3146.3,2388.27,1563.63,6900000002449,active
SKU0002450,P001225,活力橙-中号,活力橙,小号,3497.13,2746.59,1512.95,6900000002450,active
SKU0002451,P001226,星空蓝-大号,曜石黑,升级版,1578.61,1283.29,902.46,6900000002451,active
SKU0002452,P001226,暖杏色-中号,云朵白,旗舰版,1412.34,1267.54,726.56,6900000002452,active
SKU0002453,P001227,活力橙-中号,标准款,小号,142.71,104.24,57.43,6900000002453,active
SKU0002454,P001227,暖杏色-基础版,暖杏色,小号,137.1,107.79,77.8,6900000002454,inactive
SKU0002455,P001228,活力橙-中号,标准款,小号,1416.97,972.16,515.72,6900000002455,active
SKU0002456,P001228,曜石黑-基础版,暖杏色,升级版,1572.15,1160.74,675.99,6900000002456,active
SKU0002457,P001229,标准款-基础版,星空蓝,旗舰版,1636.01,1214.93,866.39,6900000002457,active
SKU0002458,P001229,星空蓝-升级版,标准款,升级版,1295.44,1283.79,881.7,6900000002458,active
SKU0002459,P001230,标准款-基础版,标准款,大号,501.2,375.93,263.0,6900000002459,active
SKU0002460,P001230,暖杏色-旗舰版,云朵白,基础版,531.49,391.14,231.68,6900000002460,active
SKU0002461,P001231,云朵白-中号,标准款,基础版,310.81,268.86,154.59,6900000002461,active
SKU0002462,P001231,星空蓝-小号,暖杏色,中号,359.11,286.74,185.89,6900000002462,active
SKU0002463,P001232,曜石黑-旗舰版,活力橙,旗舰版,3774.54,3017.65,1888.91,6900000002463,active
SKU0002464,P001232,曜石黑-中号,暖杏色,大号,4070.6,3478.66,2500.22,6900000002464,active
SKU0002465,P001233,曜石黑-中号,暖杏色,大号,137.89,99.38,74.03,6900000002465,active
SKU0002466,P001233,星空蓝-基础版,云朵白,基础版,113.6,87.11,47.45,6900000002466,active
SKU0002467,P001234,活力橙-基础版,标准款,中号,2028.69,1655.2,1103.54,6900000002467,active
SKU0002468,P001234,暖杏色-中号,标准款,基础版,2366.97,1586.82,1052.17,6900000002468,active
SKU0002469,P001235,暖杏色-大号,活力橙,旗舰版,3460.95,3028.46,1776.14,6900000002469,active
SKU0002470,P001235,活力橙-旗舰版,标准款,升级版,3425.47,2871.14,1768.8,6900000002470,active
SKU0002471,P001236,星空蓝-旗舰版,曜石黑,基础版,1889.22,1520.83,736.06,6900000002471,active
SKU0002472,P001236,暖杏色-小号,曜石黑,旗舰版,1946.13,1451.52,898.52,6900000002472,active
SKU0002473,P001237,标准款-升级版,暖杏色,旗舰版,2083.67,1805.76,1051.77,6900000002473,inactive
SKU0002474,P001237,标准款-旗舰版,暖杏色,大号,2231.33,1711.02,931.42,6900000002474,active
SKU0002475,P001238,活力橙-升级版,活力橙,大号,2541.55,2027.73,1205.05,6900000002475,active
SKU0002476,P001238,活力橙-中号,标准款,升级版,2314.02,1980.24,1355.48,6900000002476,active
SKU0002477,P001239,暖杏色-基础版,暖杏色,升级版,3516.04,2780.76,1590.87,6900000002477,active
SKU0002478,P001239,曜石黑-升级版,标准款,基础版,3431.7,3027.87,2042.8,6900000002478,active
SKU0002479,P001240,活力橙-中号,标准款,旗舰版,2469.18,2389.45,1254.08,6900000002479,active
SKU0002480,P001240,星空蓝-升级版,云朵白,大号,2589.86,2157.12,1327.87,6900000002480,active
SKU0002481,P001241,标准款-升级版,暖杏色,大号,1727.13,1622.2,968.03,6900000002481,active
SKU0002482,P001241,曜石黑-基础版,标准款,小号,2057.01,1403.22,1088.38,6900000002482,active
SKU0002483,P001242,活力橙-升级版,云朵白,基础版,40.36,35.15,19.32,6900000002483,active
SKU0002484,P001242,暖杏色-小号,云朵白,中号,46.65,37.34,18.52,6900000002484,active
SKU0002485,P001243,标准款-小号,暖杏色,升级版,1914.96,1304.26,635.44,6900000002485,active
SKU0002486,P001243,云朵白-小号,曜石黑,基础版,1622.31,1229.68,704.73,6900000002486,active
SKU0002487,P001244,标准款-基础版,活力橙,旗舰版,1427.02,1018.92,775.89,6900000002487,active
SKU0002488,P001244,曜石黑-升级版,曜石黑,旗舰版,1548.59,1290.46,997.65,6900000002488,active
SKU0002489,P001245,暖杏色-大号,标准款,升级版,2125.25,1591.35,806.87,6900000002489,active
SKU0002490,P001245,云朵白-旗舰版,暖杏色,升级版,1938.69,1880.71,1348.2,6900000002490,active
SKU0002491,P001246,活力橙-大号,曜石黑,大号,2371.68,2119.29,1230.89,6900000002491,active
SKU0002492,P001246,暖杏色-升级版,云朵白,中号,2597.2,1965.02,1311.63,6900000002492,inactive
SKU0002493,P001247,云朵白-中号,曜石黑,基础版,2378.64,1828.35,1218.27,6900000002493,active
SKU0002494,P001247,标准款-中号,暖杏色,中号,2240.43,1849.27,1095.9,6900000002494,active
SKU0002495,P001248,云朵白-大号,星空蓝,基础版,3639.02,2936.44,1544.18,6900000002495,active
SKU0002496,P001248,标准款-基础版,活力橙,小号,3547.08,2866.83,1519.84,6900000002496,active
SKU0002497,P001249,活力橙-大号,活力橙,大号,2475.43,1848.5,1389.39,6900000002497,active
SKU0002498,P001249,云朵白-旗舰版,星空蓝,升级版,2521.23,1862.91,1106.24,6900000002498,active
SKU0002499,P001250,暖杏色-升级版,暖杏色,旗舰版,2618.72,2338.19,1370.62,6900000002499,active
SKU0002500,P001250,活力橙-旗舰版,云朵白,旗舰版,3099.06,2235.84,1675.59,6900000002500,active
SKU0002501,P001251,云朵白-小号,曜石黑,升级版,378.34,277.82,133.92,6900000002501,active
SKU0002502,P001251,星空蓝-升级版,曜石黑,中号,347.78,280.74,197.83,6900000002502,active
SKU0002503,P001252,活力橙-旗舰版,星空蓝,中号,2757.61,2056.77,1485.41,6900000002503,active
SKU0002504,P001252,曜石黑-小号,星空蓝,中号,2682.87,2355.11,1575.02,6900000002504,active
SKU0002505,P001253,暖杏色-旗舰版,标准款,旗舰版,2612.65,2164.84,1521.14,6900000002505,active
SKU0002506,P001253,暖杏色-基础版,暖杏色,旗舰版,2716.1,2440.96,1272.73,6900000002506,active
SKU0002507,P001254,曜石黑-中号,暖杏色,中号,4530.56,3579.08,2368.92,6900000002507,active
SKU0002508,P001254,标准款-大号,云朵白,中号,3877.71,3431.19,2079.95,6900000002508,active
SKU0002509,P001255,云朵白-大号,云朵白,升级版,2517.81,1944.48,1393.12,6900000002509,active
SKU0002510,P001255,暖杏色-旗舰版,云朵白,大号,2474.83,1830.95,1067.42,6900000002510,active
SKU0002511,P001256,云朵白-大号,暖杏色,升级版,2243.16,1744.77,972.63,6900000002511,active
SKU0002512,P001256,活力橙-升级版,星空蓝,基础版,1986.91,1635.87,1096.81,6900000002512,active
SKU0002513,P001257,活力橙-中号,云朵白,中号,2045.36,1840.94,1361.35,6900000002513,active
SKU0002514,P001257,活力橙-升级版,标准款,中号,2370.12,1705.32,1054.38,6900000002514,active
SKU0002515,P001258,标准款-中号,云朵白,旗舰版,1641.4,1277.15,716.7,6900000002515,active
SKU0002516,P001258,标准款-基础版,暖杏色,小号,1714.64,1457.62,734.97,6900000002516,inactive
SKU0002517,P001259,活力橙-旗舰版,活力橙,中号,460.42,312.7,243.55,6900000002517,active
SKU0002518,P001259,标准款-中号,暖杏色,大号,404.01,336.52,229.4,6900000002518,active
SKU0002519,P001260,星空蓝-旗舰版,云朵白,旗舰版,2635.26,2120.7,1113.6,6900000002519,active
SKU0002520,P001260,云朵白-升级版,活力橙,小号,3141.47,2399.36,1306.14,6900000002520,active
SKU0002521,P001261,活力橙-升级版,云朵白,大号,3393.87,2710.85,1493.19,6900000002521,active
SKU0002522,P001261,云朵白-升级版,暖杏色,升级版,3174.81,2747.15,1941.77,6900000002522,active
SKU0002523,P001262,曜石黑-大号,暖杏色,升级版,1849.86,1818.11,889.99,6900000002523,active
SKU0002524,P001262,星空蓝-旗舰版,星空蓝,旗舰版,2257.8,1471.18,813.14,6900000002524,active
SKU0002525,P001263,标准款-中号,标准款,大号,2014.39,1643.93,1068.92,6900000002525,active
SKU0002526,P001263,星空蓝-基础版,标准款,大号,1868.51,1451.19,1047.03,6900000002526,inactive
SKU0002527,P001264,标准款-大号,暖杏色,基础版,582.77,448.56,253.43,6900000002527,active
SKU0002528,P001264,暖杏色-小号,活力橙,小号,630.33,456.83,324.62,6900000002528,active
SKU0002529,P001265,星空蓝-基础版,星空蓝,旗舰版,2819.79,2478.94,1735.24,6900000002529,inactive
SKU0002530,P001265,暖杏色-小号,云朵白,升级版,3208.36,2414.31,1419.33,6900000002530,active
SKU0002531,P001266,曜石黑-大号,暖杏色,大号,2097.27,1381.77,1057.69,6900000002531,inactive
SKU0002532,P001266,活力橙-基础版,曜石黑,中号,2005.25,1403.29,892.4,6900000002532,active
SKU0002533,P001267,云朵白-基础版,暖杏色,旗舰版,794.55,671.37,361.83,6900000002533,active
SKU0002534,P001267,曜石黑-大号,暖杏色,大号,722.56,576.97,277.79,6900000002534,active
SKU0002535,P001268,标准款-小号,曜石黑,旗舰版,4094.9,3382.06,1705.72,6900000002535,inactive
SKU0002536,P001268,星空蓝-中号,标准款,基础版,4187.59,3341.25,1660.08,6900000002536,active
SKU0002537,P001269,星空蓝-大号,云朵白,中号,3033.51,2202.6,1083.32,6900000002537,active
SKU0002538,P001269,暖杏色-基础版,活力橙,中号,2995.04,2334.32,1751.06,6900000002538,active
SKU0002539,P001270,星空蓝-升级版,活力橙,旗舰版,440.81,419.05,243.42,6900000002539,active
SKU0002540,P001270,云朵白-升级版,云朵白,旗舰版,566.05,401.29,215.31,6900000002540,active
SKU0002541,P001271,曜石黑-基础版,暖杏色,升级版,1129.84,826.19,406.74,6900000002541,active
SKU0002542,P001271,曜石黑-旗舰版,曜石黑,大号,1146.28,936.03,569.28,6900000002542,active
SKU0002543,P001272,暖杏色-旗舰版,活力橙,中号,971.78,786.36,483.56,6900000002543,active
SKU0002544,P001272,暖杏色-中号,云朵白,大号,1004.5,740.01,542.34,6900000002544,active
SKU0002545,P001273,活力橙-基础版,星空蓝,中号,3227.68,2592.67,1801.03,6900000002545,active
SKU0002546,P001273,暖杏色-大号,标准款,大号,3633.08,2724.14,1393.92,6900000002546,active
SKU0002547,P001274,标准款-升级版,标准款,基础版,3937.81,2716.97,1626.73,6900000002547,active
SKU0002548,P001274,活力橙-升级版,星空蓝,小号,3492.89,2615.87,1386.59,6900000002548,active
SKU0002549,P001275,活力橙-中号,活力橙,升级版,3125.69,2533.86,1882.96,6900000002549,active
SKU0002550,P001275,云朵白-旗舰版,暖杏色,中号,2816.73,2371.47,1625.51,6900000002550,active
SKU0002551,P001276,活力橙-大号,活力橙,升级版,2028.92,1742.78,982.08,6900000002551,active
SKU0002552,P001276,星空蓝-旗舰版,曜石黑,小号,1910.9,1757.04,1297.75,6900000002552,active
SKU0002553,P001277,云朵白-中号,标准款,大号,659.25,470.34,249.04,6900000002553,active
SKU0002554,P001277,标准款-小号,标准款,大号,566.31,520.67,360.92,6900000002554,active
SKU0002555,P001278,标准款-旗舰版,星空蓝,旗舰版,255.5,217.45,116.78,6900000002555,active
SKU0002556,P001278,云朵白-大号,活力橙,基础版,233.7,207.05,139.1,6900000002556,active
SKU0002557,P001279,活力橙-旗舰版,活力橙,旗舰版,756.71,623.01,465.03,6900000002557,active
SKU0002558,P001279,云朵白-中号,活力橙,升级版,768.3,676.76,367.36,6900000002558,active
SKU0002559,P001280,曜石黑-升级版,云朵白,小号,121.07,93.21,48.25,6900000002559,active
SKU0002560,P001280,标准款-基础版,标准款,旗舰版,103.72,96.53,74.28,6900000002560,inactive
SKU0002561,P001281,云朵白-小号,星空蓝,中号,3142.26,2618.1,1351.65,6900000002561,inactive
SKU0002562,P001281,活力橙-旗舰版,云朵白,大号,2739.44,2064.89,1447.65,6900000002562,active
SKU0002563,P001282,云朵白-小号,星空蓝,大号,3553.4,2891.57,1812.03,6900000002563,active
SKU0002564,P001282,活力橙-大号,标准款,大号,3412.5,2348.31,1286.2,6900000002564,active
SKU0002565,P001283,星空蓝-旗舰版,活力橙,基础版,4066.35,3002.63,2120.25,6900000002565,active
SKU0002566,P001283,云朵白-小号,云朵白,升级版,3861.95,3203.08,1954.29,6900000002566,active
SKU0002567,P001284,星空蓝-中号,星空蓝,小号,3726.44,3068.49,1477.53,6900000002567,active
SKU0002568,P001284,活力橙-升级版,暖杏色,小号,3331.62,2905.86,1410.04,6900000002568,active
SKU0002569,P001285,活力橙-旗舰版,标准款,中号,745.8,663.5,418.69,6900000002569,active
SKU0002570,P001285,曜石黑-升级版,活力橙,中号,785.29,670.67,336.79,6900000002570,active
SKU0002571,P001286,星空蓝-基础版,云朵白,中号,4124.78,3033.47,2145.26,6900000002571,active
SKU0002572,P001286,标准款-大号,标准款,旗舰版,3817.43,3062.16,1697.39,6900000002572,active
SKU0002573,P001287,云朵白-大号,活力橙,大号,308.88,209.12,106.37,6900000002573,active
SKU0002574,P001287,暖杏色-基础版,云朵白,大号,310.3,232.27,113.24,6900000002574,active
SKU0002575,P001288,标准款-大号,云朵白,基础版,2998.98,2212.86,1637.12,6900000002575,active
SKU0002576,P001288,星空蓝-大号,活力橙,中号,2798.48,1973.92,1073.97,6900000002576,active
SKU0002577,P001289,云朵白-小号,活力橙,升级版,2728.94,1919.77,1444.49,6900000002577,active
SKU0002578,P001289,活力橙-旗舰版,曜石黑,升级版,2346.89,1847.6,1348.33,6900000002578,active
SKU0002579,P001290,云朵白-基础版,暖杏色,旗舰版,2010.22,1687.54,1118.08,6900000002579,active
SKU0002580,P001290,活力橙-升级版,暖杏色,旗舰版,1926.7,1549.61,1146.6,6900000002580,active
SKU0002581,P001291,标准款-大号,暖杏色,中号,821.29,686.41,505.27,6900000002581,active
SKU0002582,P001291,曜石黑-基础版,星空蓝,旗舰版,1035.35,763.15,463.76,6900000002582,active
SKU0002583,P001292,暖杏色-中号,云朵白,中号,2919.27,2232.99,1553.92,6900000002583,active
SKU0002584,P001292,星空蓝-大号,曜石黑,升级版,2661.37,2177.49,1473.34,6900000002584,active
SKU0002585,P001293,曜石黑-小号,活力橙,旗舰版,3769.54,2967.65,1773.06,6900000002585,active
SKU0002586,P001293,星空蓝-基础版,暖杏色,升级版,3200.21,2741.84,1708.25,6900000002586,active
SKU0002587,P001294,活力橙-旗舰版,暖杏色,旗舰版,104.07,78.18,53.91,6900000002587,active
SKU0002588,P001294,曜石黑-旗舰版,曜石黑,中号,125.91,92.91,47.44,6900000002588,active
SKU0002589,P001295,曜石黑-基础版,标准款,小号,4072.62,2942.1,1726.57,6900000002589,active
SKU0002590,P001295,标准款-基础版,曜石黑,基础版,4242.24,3079.36,2113.41,6900000002590,active
SKU0002591,P001296,云朵白-基础版,星空蓝,基础版,2279.31,1746.06,1075.83,6900000002591,active
SKU0002592,P001296,云朵白-升级版,星空蓝,旗舰版,2052.66,1678.17,1162.64,6900000002592,active
SKU0002593,P001297,星空蓝-中号,云朵白,旗舰版,3520.79,2659.77,1592.94,6900000002593,active
SKU0002594,P001297,曜石黑-中号,暖杏色,大号,3311.67,2682.84,1719.22,6900000002594,active
SKU0002595,P001298,暖杏色-大号,标准款,小号,3583.92,2604.86,1724.43,6900000002595,active
SKU0002596,P001298,标准款-中号,标准款,中号,3101.29,2867.59,1961.72,6900000002596,active
SKU0002597,P001299,云朵白-中号,暖杏色,旗舰版,3166.67,2656.41,2037.14,6900000002597,active
SKU0002598,P001299,标准款-旗舰版,暖杏色,大号,3703.29,2797.91,1576.46,6900000002598,active
SKU0002599,P001300,曜石黑-小号,标准款,升级版,3687.84,2434.53,1480.74,6900000002599,active
SKU0002600,P001300,星空蓝-升级版,星空蓝,升级版,3626.91,2540.76,1464.94,6900000002600,active
SKU0002601,P001301,曜石黑-旗舰版,标准款,升级版,1461.27,1023.38,768.92,6900000002601,active
SKU0002602,P001301,曜石黑-大号,活力橙,小号,1295.98,1019.25,787.93,6900000002602,active
SKU0002603,P001302,标准款-中号,暖杏色,中号,213.76,173.55,94.71,6900000002603,active
SKU0002604,P001302,标准款-升级版,云朵白,旗舰版,234.47,201.37,141.72,6900000002604,active
SKU0002605,P001303,暖杏色-升级版,暖杏色,升级版,3005.04,2577.9,1858.84,6900000002605,active
SKU0002606,P001303,标准款-中号,云朵白,升级版,3543.28,2643.02,1918.93,6900000002606,active
SKU0002607,P001304,云朵白-旗舰版,暖杏色,旗舰版,354.98,271.6,194.52,6900000002607,active
SKU0002608,P001304,标准款-大号,暖杏色,基础版,374.18,259.81,189.35,6900000002608,active
SKU0002609,P001305,标准款-旗舰版,暖杏色,大号,1062.75,858.94,599.43,6900000002609,active
SKU0002610,P001305,云朵白-小号,曜石黑,升级版,954.86,829.31,515.0,6900000002610,active
SKU0002611,P001306,星空蓝-大号,云朵白,旗舰版,1624.06,1570.33,896.91,6900000002611,inactive
SKU0002612,P001306,标准款-大号,星空蓝,旗舰版,2050.78,1400.28,868.9,6900000002612,active
SKU0002613,P001307,标准款-基础版,标准款,升级版,1630.18,1250.88,660.86,6900000002613,active
SKU0002614,P001307,星空蓝-小号,活力橙,基础版,1786.18,1251.72,876.51,6900000002614,active
SKU0002615,P001308,曜石黑-升级版,活力橙,旗舰版,1766.96,1605.66,896.31,6900000002615,active
SKU0002616,P001308,暖杏色-旗舰版,星空蓝,旗舰版,1648.23,1359.1,725.0,6900000002616,active
SKU0002617,P001309,星空蓝-中号,活力橙,大号,4186.34,3490.59,1974.91,6900000002617,active
SKU0002618,P001309,标准款-旗舰版,活力橙,升级版,3952.39,2833.0,1690.57,6900000002618,inactive
SKU0002619,P001310,活力橙-基础版,活力橙,小号,662.87,547.91,300.35,6900000002619,active
SKU0002620,P001310,活力橙-中号,曜石黑,旗舰版,782.79,620.88,459.92,6900000002620,active
SKU0002621,P001311,活力橙-升级版,曜石黑,中号,214.76,188.62,107.47,6900000002621,active
SKU0002622,P001311,标准款-基础版,星空蓝,旗舰版,270.84,182.93,90.29,6900000002622,active
SKU0002623,P001312,活力橙-大号,云朵白,旗舰版,1962.38,1464.94,957.32,6900000002623,active
SKU0002624,P001312,活力橙-中号,活力橙,小号,2245.51,1630.56,1005.8,6900000002624,active
SKU0002625,P001313,曜石黑-旗舰版,活力橙,升级版,1090.1,787.23,608.61,6900000002625,active
SKU0002626,P001313,活力橙-大号,暖杏色,升级版,1062.51,859.62,485.56,6900000002626,active
SKU0002627,P001314,暖杏色-基础版,活力橙,小号,1706.05,1636.64,1234.59,6900000002627,active
SKU0002628,P001314,活力橙-中号,星空蓝,基础版,2095.44,1578.76,1173.99,6900000002628,active
SKU0002629,P001315,暖杏色-中号,曜石黑,基础版,614.18,433.5,279.83,6900000002629,active
SKU0002630,P001315,暖杏色-中号,云朵白,大号,542.36,416.03,287.88,6900000002630,active
SKU0002631,P001316,星空蓝-基础版,标准款,大号,1364.62,879.94,502.19,6900000002631,active
SKU0002632,P001316,暖杏色-中号,星空蓝,升级版,1099.2,904.1,480.43,6900000002632,active
SKU0002633,P001317,标准款-旗舰版,云朵白,旗舰版,1044.63,932.81,701.76,6900000002633,active
SKU0002634,P001317,活力橙-大号,曜石黑,升级版,1019.27,873.2,555.62,6900000002634,inactive
SKU0002635,P001318,暖杏色-小号,活力橙,大号,2419.89,2008.39,1369.77,6900000002635,active
SKU0002636,P001318,云朵白-小号,曜石黑,升级版,2578.45,1877.61,1134.49,6900000002636,active
SKU0002637,P001319,星空蓝-旗舰版,标准款,升级版,2264.99,1877.09,906.04,6900000002637,active
SKU0002638,P001319,标准款-中号,暖杏色,旗舰版,2270.88,1814.5,1406.57,6900000002638,inactive
SKU0002639,P001320,标准款-旗舰版,暖杏色,中号,3948.3,3579.73,2279.27,6900000002639,active
SKU0002640,P001320,标准款-升级版,暖杏色,升级版,4389.18,3189.61,1948.09,6900000002640,active
SKU0002641,P001321,暖杏色-旗舰版,星空蓝,中号,3773.98,2545.57,1528.63,6900000002641,active
SKU0002642,P001321,标准款-小号,标准款,基础版,3769.41,2479.76,1842.84,6900000002642,active
SKU0002643,P001322,标准款-小号,标准款,中号,1194.96,804.72,408.03,6900000002643,active
SKU0002644,P001322,星空蓝-小号,云朵白,旗舰版,1130.26,870.78,673.08,6900000002644,active
SKU0002645,P001323,曜石黑-中号,暖杏色,基础版,3807.66,2732.72,2107.73,6900000002645,active
SKU0002646,P001323,云朵白-大号,活力橙,大号,3751.3,2640.06,1954.69,6900000002646,active
SKU0002647,P001324,标准款-旗舰版,星空蓝,大号,3826.9,2972.95,1434.84,6900000002647,active
SKU0002648,P001324,曜石黑-基础版,云朵白,旗舰版,3665.48,2869.13,1601.25,6900000002648,active
SKU0002649,P001325,标准款-小号,星空蓝,旗舰版,2713.2,2568.51,1502.79,6900000002649,active
SKU0002650,P001325,曜石黑-基础版,云朵白,基础版,2678.67,2037.14,1541.5,6900000002650,active
SKU0002651,P001326,曜石黑-基础版,标准款,基础版,2731.98,2357.3,1574.99,6900000002651,active
SKU0002652,P001326,暖杏色-基础版,活力橙,大号,3253.29,2147.27,1163.87,6900000002652,active
SKU0002653,P001327,标准款-小号,星空蓝,基础版,1146.62,812.34,468.22,6900000002653,active
SKU0002654,P001327,标准款-中号,暖杏色,中号,1214.16,890.53,639.49,6900000002654,active
SKU0002655,P001328,云朵白-小号,活力橙,基础版,2320.69,1757.44,1138.03,6900000002655,active
SKU0002656,P001328,曜石黑-旗舰版,活力橙,小号,2135.05,1645.68,1134.27,6900000002656,active
SKU0002657,P001329,云朵白-中号,云朵白,中号,2985.26,2195.41,1490.53,6900000002657,active
SKU0002658,P001329,星空蓝-升级版,活力橙,基础版,2481.45,1881.36,1080.92,6900000002658,active
SKU0002659,P001330,暖杏色-大号,暖杏色,中号,2145.42,1669.94,930.01,6900000002659,active
SKU0002660,P001330,曜石黑-基础版,星空蓝,中号,2428.17,1962.15,1098.18,6900000002660,active
SKU0002661,P001331,云朵白-基础版,暖杏色,中号,1602.59,1198.62,908.52,6900000002661,active
SKU0002662,P001331,星空蓝-旗舰版,星空蓝,升级版,1373.08,1134.95,793.25,6900000002662,active
SKU0002663,P001332,活力橙-升级版,星空蓝,中号,124.15,104.14,77.72,6900000002663,active
SKU0002664,P001332,活力橙-升级版,曜石黑,大号,125.06,95.52,53.48,6900000002664,active
SKU0002665,P001333,星空蓝-基础版,标准款,小号,1557.54,1258.88,864.01,6900000002665,active
SKU0002666,P001333,星空蓝-旗舰版,星空蓝,大号,1398.73,1327.65,798.48,6900000002666,active
SKU0002667,P001334,云朵白-中号,标准款,基础版,939.23,879.99,467.34,6900000002667,active
SKU0002668,P001334,暖杏色-小号,云朵白,小号,949.49,738.69,443.5,6900000002668,active
SKU0002669,P001335,云朵白-大号,标准款,大号,3402.7,2906.51,2105.14,6900000002669,active
SKU0002670,P001335,活力橙-基础版,暖杏色,基础版,3277.18,2742.84,1366.76,6900000002670,active
SKU0002671,P001336,暖杏色-中号,云朵白,基础版,4064.66,3024.16,1875.87,6900000002671,active
SKU0002672,P001336,暖杏色-中号,云朵白,大号,3369.44,2830.55,2044.83,6900000002672,active
SKU0002673,P001337,活力橙-基础版,活力橙,旗舰版,2069.95,1684.93,890.56,6900000002673,active
SKU0002674,P001337,活力橙-小号,暖杏色,旗舰版,2154.56,1766.92,1295.0,6900000002674,active
SKU0002675,P001338,活力橙-旗舰版,暖杏色,大号,3099.63,2401.29,1438.04,6900000002675,active
SKU0002676,P001338,云朵白-大号,曜石黑,中号,3227.61,2539.36,1466.45,6900000002676,active
SKU0002677,P001339,暖杏色-旗舰版,星空蓝,基础版,659.38,607.73,472.52,6900000002677,active
SKU0002678,P001339,标准款-大号,标准款,升级版,818.88,523.96,320.32,6900000002678,active
SKU0002679,P001340,暖杏色-基础版,标准款,中号,3001.12,2430.08,1226.61,6900000002679,active
SKU0002680,P001340,云朵白-中号,暖杏色,小号,2964.67,2726.57,1846.9,6900000002680,active
SKU0002681,P001341,曜石黑-小号,云朵白,旗舰版,3764.9,3184.0,1903.43,6900000002681,active
SKU0002682,P001341,暖杏色-升级版,云朵白,基础版,3972.6,3276.19,1603.19,6900000002682,active
SKU0002683,P001342,星空蓝-大号,云朵白,小号,3979.25,3556.08,2772.13,6900000002683,active
SKU0002684,P001342,活力橙-基础版,暖杏色,基础版,4077.89,3439.88,2619.95,6900000002684,active
SKU0002685,P001343,星空蓝-小号,云朵白,基础版,33.34,22.45,13.75,6900000002685,active
SKU0002686,P001343,标准款-中号,云朵白,大号,31.21,25.46,14.55,6900000002686,active
SKU0002687,P001344,星空蓝-旗舰版,曜石黑,基础版,2738.88,2271.53,1491.31,6900000002687,active
SKU0002688,P001344,星空蓝-小号,云朵白,中号,3155.99,2116.73,1034.04,6900000002688,inactive
SKU0002689,P001345,曜石黑-中号,云朵白,升级版,2221.5,1431.56,795.56,6900000002689,active
SKU0002690,P001345,云朵白-大号,云朵白,小号,2105.89,1640.08,991.9,6900000002690,active
SKU0002691,P001346,标准款-小号,活力橙,升级版,1342.59,1071.88,603.29,6900000002691,active
SKU0002692,P001346,云朵白-基础版,云朵白,升级版,1345.26,1232.11,647.16,6900000002692,active
SKU0002693,P001347,曜石黑-升级版,标准款,大号,2390.16,1818.13,1145.68,6900000002693,active
SKU0002694,P001347,活力橙-基础版,暖杏色,中号,2511.17,1779.83,1147.56,6900000002694,active
SKU0002695,P001348,云朵白-大号,曜石黑,大号,4074.65,3084.7,2186.94,6900000002695,active
SKU0002696,P001348,活力橙-基础版,星空蓝,升级版,3522.43,2928.37,1825.46,6900000002696,active
SKU0002697,P001349,曜石黑-小号,暖杏色,小号,1356.45,1156.17,630.82,6900000002697,active
SKU0002698,P001349,曜石黑-升级版,曜石黑,中号,1444.51,1053.71,807.78,6900000002698,inactive
SKU0002699,P001350,标准款-中号,活力橙,升级版,3919.67,3013.15,1549.49,6900000002699,active
SKU0002700,P001350,标准款-基础版,活力橙,大号,3369.9,2864.86,1383.87,6900000002700,active
SKU0002701,P001351,活力橙-大号,曜石黑,升级版,4221.45,2973.05,1502.06,6900000002701,active
SKU0002702,P001351,暖杏色-大号,云朵白,大号,4150.77,3159.43,1616.8,6900000002702,active
SKU0002703,P001352,曜石黑-小号,活力橙,大号,387.52,348.41,200.58,6900000002703,active
SKU0002704,P001352,云朵白-升级版,云朵白,大号,399.85,318.54,231.62,6900000002704,active
SKU0002705,P001353,活力橙-旗舰版,标准款,升级版,2631.88,1976.06,1295.15,6900000002705,active
SKU0002706,P001353,标准款-基础版,曜石黑,基础版,2958.34,2041.33,992.67,6900000002706,active
SKU0002707,P001354,活力橙-基础版,暖杏色,升级版,3675.94,2430.82,1755.76,6900000002707,active
SKU0002708,P001354,活力橙-升级版,标准款,升级版,3273.38,2873.76,1965.41,6900000002708,active
SKU0002709,P001355,标准款-小号,活力橙,基础版,871.82,573.69,315.02,6900000002709,active
SKU0002710,P001355,星空蓝-旗舰版,云朵白,升级版,907.06,721.94,350.19,6900000002710,active
SKU0002711,P001356,暖杏色-旗舰版,星空蓝,旗舰版,777.52,506.68,387.46,6900000002711,active
SKU0002712,P001356,星空蓝-小号,曜石黑,中号,706.57,625.11,366.3,6900000002712,active
SKU0002713,P001357,星空蓝-中号,活力橙,旗舰版,3217.26,2143.83,1424.52,6900000002713,active
SKU0002714,P001357,暖杏色-大号,曜石黑,旗舰版,2915.64,2170.76,1100.4,6900000002714,active
SKU0002715,P001358,星空蓝-升级版,云朵白,旗舰版,2717.94,2041.1,1140.72,6900000002715,active
SKU0002716,P001358,标准款-基础版,暖杏色,中号,2932.26,2028.92,1446.94,6900000002716,active
SKU0002717,P001359,活力橙-小号,暖杏色,旗舰版,2210.93,1779.6,1123.14,6900000002717,active
SKU0002718,P001359,云朵白-基础版,星空蓝,大号,2083.5,1726.34,1327.01,6900000002718,active
SKU0002719,P001360,标准款-升级版,暖杏色,旗舰版,1896.14,1537.19,1056.77,6900000002719,active
SKU0002720,P001360,活力橙-基础版,曜石黑,基础版,1822.51,1310.03,984.85,6900000002720,active
SKU0002721,P001361,云朵白-大号,星空蓝,旗舰版,3479.82,2740.59,1699.88,6900000002721,active
SKU0002722,P001361,标准款-升级版,标准款,中号,3780.4,2854.85,1561.41,6900000002722,active
SKU0002723,P001362,云朵白-大号,标准款,升级版,4245.84,3563.42,2629.85,6900000002723,active
SKU0002724,P001362,活力橙-基础版,星空蓝,旗舰版,3843.6,3077.93,2301.96,6900000002724,active
SKU0002725,P001363,云朵白-旗舰版,星空蓝,旗舰版,631.1,486.7,325.43,6900000002725,active
SKU0002726,P001363,曜石黑-旗舰版,星空蓝,中号,596.85,569.01,394.53,6900000002726,active
SKU0002727,P001364,云朵白-基础版,星空蓝,基础版,718.09,583.15,284.37,6900000002727,active
SKU0002728,P001364,暖杏色-旗舰版,活力橙,大号,795.98,607.71,357.06,6900000002728,active
SKU0002729,P001365,云朵白-中号,标准款,大号,2255.66,1727.86,948.62,6900000002729,active
SKU0002730,P001365,云朵白-旗舰版,星空蓝,升级版,2121.75,1811.06,1118.91,6900000002730,active
SKU0002731,P001366,标准款-中号,曜石黑,旗舰版,268.96,196.96,137.82,6900000002731,active
SKU0002732,P001366,标准款-旗舰版,标准款,升级版,214.14,164.26,99.17,6900000002732,active
SKU0002733,P001367,暖杏色-升级版,标准款,旗舰版,3842.4,2931.11,1517.84,6900000002733,active
SKU0002734,P001367,云朵白-中号,曜石黑,小号,3069.08,2551.45,1788.76,6900000002734,active
SKU0002735,P001368,暖杏色-大号,云朵白,小号,387.4,323.21,231.27,6900000002735,active
SKU0002736,P001368,暖杏色-基础版,暖杏色,基础版,375.69,297.76,172.64,6900000002736,active
SKU0002737,P001369,曜石黑-中号,曜石黑,基础版,425.11,346.82,225.36,6900000002737,active
SKU0002738,P001369,星空蓝-升级版,云朵白,大号,445.27,364.2,266.79,6900000002738,active
SKU0002739,P001370,星空蓝-中号,活力橙,基础版,2854.77,1954.52,1023.09,6900000002739,active
SKU0002740,P001370,标准款-大号,曜石黑,中号,2540.31,2234.27,1160.47,6900000002740,active
SKU0002741,P001371,暖杏色-小号,活力橙,中号,1549.92,1330.44,984.79,6900000002741,active
SKU0002742,P001371,星空蓝-中号,星空蓝,旗舰版,1577.42,1408.95,865.14,6900000002742,active
SKU0002743,P001372,云朵白-基础版,曜石黑,基础版,1940.61,1761.01,1273.1,6900000002743,active
SKU0002744,P001372,标准款-中号,暖杏色,基础版,2342.99,1651.51,908.02,6900000002744,active
SKU0002745,P001373,活力橙-基础版,云朵白,大号,3373.04,2364.5,1357.84,6900000002745,active
SKU0002746,P001373,标准款-中号,活力橙,基础版,2862.89,2616.78,1614.82,6900000002746,active
SKU0002747,P001374,活力橙-大号,暖杏色,升级版,866.79,712.82,422.12,6900000002747,active
SKU0002748,P001374,曜石黑-小号,活力橙,大号,907.19,762.68,447.05,6900000002748,active
SKU0002749,P001375,活力橙-升级版,云朵白,升级版,3162.17,2828.84,1544.82,6900000002749,active
SKU0002750,P001375,暖杏色-旗舰版,曜石黑,小号,3392.86,2665.79,1306.86,6900000002750,active
SKU0002751,P001376,暖杏色-旗舰版,星空蓝,小号,604.21,531.3,257.72,6900000002751,inactive
SKU0002752,P001376,云朵白-大号,标准款,小号,759.93,531.47,265.19,6900000002752,active
SKU0002753,P001377,活力橙-大号,活力橙,基础版,2426.01,2269.72,1390.73,6900000002753,active
SKU0002754,P001377,云朵白-中号,标准款,中号,2970.12,2075.44,1324.52,6900000002754,active
SKU0002755,P001378,暖杏色-升级版,云朵白,中号,940.44,686.68,452.42,6900000002755,active
SKU0002756,P001378,活力橙-旗舰版,云朵白,基础版,1082.39,716.54,368.86,6900000002756,active
SKU0002757,P001379,云朵白-升级版,标准款,中号,1861.3,1640.72,1117.4,6900000002757,active
SKU0002758,P001379,活力橙-旗舰版,标准款,升级版,1689.02,1585.9,1026.99,6900000002758,active
SKU0002759,P001380,曜石黑-小号,暖杏色,基础版,3811.42,2750.28,2086.87,6900000002759,active
SKU0002760,P001380,星空蓝-小号,云朵白,基础版,3511.11,2579.88,1329.74,6900000002760,active
SKU0002761,P001381,云朵白-旗舰版,标准款,大号,3467.14,2764.76,1518.09,6900000002761,active
SKU0002762,P001381,暖杏色-旗舰版,曜石黑,旗舰版,3309.11,2415.97,1465.63,6900000002762,active
SKU0002763,P001382,星空蓝-中号,暖杏色,旗舰版,2340.62,1811.22,1284.06,6900000002763,inactive
SKU0002764,P001382,暖杏色-大号,暖杏色,中号,2270.51,1501.69,847.02,6900000002764,active
SKU0002765,P001383,暖杏色-基础版,活力橙,中号,2917.24,2383.27,1729.63,6900000002765,active
SKU0002766,P001383,曜石黑-中号,活力橙,小号,3101.31,2295.52,1106.27,6900000002766,active
SKU0002767,P001384,曜石黑-大号,星空蓝,升级版,1053.47,857.13,614.3,6900000002767,active
SKU0002768,P001384,活力橙-旗舰版,暖杏色,中号,1090.21,739.92,463.07,6900000002768,active
SKU0002769,P001385,云朵白-小号,云朵白,中号,4237.42,2953.73,1745.37,6900000002769,active
SKU0002770,P001385,活力橙-小号,标准款,小号,3779.31,3255.71,2269.99,6900000002770,active
SKU0002771,P001386,云朵白-小号,标准款,基础版,3752.07,3286.59,2337.11,6900000002771,inactive
SKU0002772,P001386,活力橙-小号,星空蓝,中号,4137.19,3396.18,2103.2,6900000002772,active
SKU0002773,P001387,暖杏色-升级版,曜石黑,基础版,900.46,559.09,308.73,6900000002773,active
SKU0002774,P001387,活力橙-旗舰版,星空蓝,基础版,843.35,638.74,456.39,6900000002774,active
SKU0002775,P001388,星空蓝-大号,暖杏色,旗舰版,2371.11,1742.79,920.14,6900000002775,active
SKU0002776,P001388,活力橙-基础版,暖杏色,旗舰版,2756.07,1967.17,1405.54,6900000002776,active
SKU0002777,P001389,标准款-大号,云朵白,中号,737.31,669.07,384.87,6900000002777,active
SKU0002778,P001389,云朵白-小号,暖杏色,基础版,800.66,655.99,505.57,6900000002778,active
SKU0002779,P001390,暖杏色-中号,活力橙,基础版,3559.65,3184.63,2042.96,6900000002779,active
SKU0002780,P001390,云朵白-升级版,曜石黑,大号,3697.06,3210.68,2305.36,6900000002780,active
SKU0002781,P001391,活力橙-基础版,云朵白,升级版,3362.67,2909.01,1795.48,6900000002781,active
SKU0002782,P001391,曜石黑-升级版,云朵白,中号,3465.65,2439.13,1570.64,6900000002782,active
SKU0002783,P001392,云朵白-小号,星空蓝,旗舰版,2551.73,2315.96,1272.31,6900000002783,active
SKU0002784,P001392,曜石黑-小号,活力橙,中号,2434.45,1846.54,921.18,6900000002784,active
SKU0002785,P001393,活力橙-旗舰版,云朵白,中号,550.82,400.81,227.42,6900000002785,active
SKU0002786,P001393,云朵白-大号,活力橙,基础版,488.34,428.5,321.63,6900000002786,active
SKU0002787,P001394,星空蓝-升级版,云朵白,小号,349.16,296.67,173.12,6900000002787,active
SKU0002788,P001394,暖杏色-小号,星空蓝,小号,350.68,305.72,210.13,6900000002788,active
SKU0002789,P001395,星空蓝-旗舰版,暖杏色,基础版,4067.83,3346.89,2504.24,6900000002789,inactive
SKU0002790,P001395,星空蓝-大号,活力橙,大号,3727.84,2921.3,1670.74,6900000002790,active
SKU0002791,P001396,曜石黑-基础版,活力橙,小号,45.92,34.01,25.32,6900000002791,active
SKU0002792,P001396,云朵白-大号,云朵白,基础版,41.79,37.2,27.6,6900000002792,active
SKU0002793,P001397,曜石黑-升级版,曜石黑,旗舰版,533.6,426.92,322.54,6900000002793,active
SKU0002794,P001397,曜石黑-旗舰版,曜石黑,基础版,638.48,509.32,318.62,6900000002794,active
SKU0002795,P001398,暖杏色-升级版,星空蓝,中号,1753.31,1276.45,843.42,6900000002795,active
SKU0002796,P001398,云朵白-中号,星空蓝,小号,1746.82,1279.13,799.55,6900000002796,active
SKU0002797,P001399,活力橙-升级版,活力橙,中号,1951.54,1628.11,1146.24,6900000002797,active
SKU0002798,P001399,活力橙-大号,活力橙,旗舰版,1892.48,1662.07,878.83,6900000002798,active
SKU0002799,P001400,标准款-基础版,暖杏色,中号,1675.28,1328.43,666.59,6900000002799,active
SKU0002800,P001400,云朵白-基础版,星空蓝,小号,1860.73,1479.75,957.1,6900000002800,inactive
SKU0002801,P001401,标准款-旗舰版,活力橙,旗舰版,3108.1,2234.98,1163.6,6900000002801,active
SKU0002802,P001401,暖杏色-升级版,标准款,中号,2877.22,2580.46,1819.86,6900000002802,active
SKU0002803,P001402,云朵白-基础版,暖杏色,大号,3621.72,2826.8,2157.15,6900000002803,active
SKU0002804,P001402,曜石黑-大号,云朵白,大号,3762.72,3085.74,2040.78,6900000002804,active
SKU0002805,P001403,云朵白-旗舰版,星空蓝,基础版,528.75,414.73,235.84,6900000002805,active
SKU0002806,P001403,星空蓝-大号,活力橙,中号,545.69,440.81,320.93,6900000002806,active
SKU0002807,P001404,云朵白-大号,星空蓝,基础版,3235.77,2344.94,1533.65,6900000002807,active
SKU0002808,P001404,暖杏色-小号,标准款,基础版,3252.2,2686.23,1797.19,6900000002808,active
SKU0002809,P001405,星空蓝-基础版,星空蓝,旗舰版,1094.14,850.41,493.56,6900000002809,active
SKU0002810,P001405,星空蓝-小号,曜石黑,小号,1283.04,803.8,432.25,6900000002810,active
SKU0002811,P001406,曜石黑-大号,星空蓝,中号,891.93,799.21,513.1,6900000002811,active
SKU0002812,P001406,曜石黑-大号,曜石黑,大号,946.28,781.87,403.98,6900000002812,active
SKU0002813,P001407,暖杏色-大号,暖杏色,中号,852.51,606.69,421.76,6900000002813,inactive
SKU0002814,P001407,曜石黑-大号,星空蓝,中号,791.48,629.44,376.52,6900000002814,active
SKU0002815,P001408,暖杏色-升级版,暖杏色,旗舰版,2711.41,2164.64,1597.14,6900000002815,active
SKU0002816,P001408,星空蓝-中号,暖杏色,基础版,2968.66,2271.97,1752.81,6900000002816,active
SKU0002817,P001409,暖杏色-升级版,云朵白,旗舰版,2059.61,1881.4,1226.03,6900000002817,active
SKU0002818,P001409,曜石黑-中号,标准款,升级版,2201.96,1945.35,1431.48,6900000002818,active
SKU0002819,P001410,云朵白-大号,暖杏色,大号,4163.08,2583.3,1736.38,6900000002819,active
SKU0002820,P001410,云朵白-基础版,曜石黑,基础版,3864.83,3114.58,1607.45,6900000002820,active
SKU0002821,P001411,星空蓝-基础版,星空蓝,升级版,1091.73,915.68,693.47,6900000002821,active
SKU0002822,P001411,活力橙-基础版,活力橙,旗舰版,1060.8,926.82,613.07,6900000002822,active
SKU0002823,P001412,标准款-基础版,云朵白,旗舰版,3676.2,3334.87,2035.82,6900000002823,active
SKU0002824,P001412,星空蓝-升级版,曜石黑,大号,4041.23,3554.43,1962.01,6900000002824,active
SKU0002825,P001413,活力橙-中号,曜石黑,大号,3707.06,2807.42,2123.65,6900000002825,active
SKU0002826,P001413,标准款-小号,暖杏色,旗舰版,3296.47,2604.76,1536.14,6900000002826,active
SKU0002827,P001414,暖杏色-升级版,活力橙,大号,1248.41,959.56,703.3,6900000002827,active
SKU0002828,P001414,云朵白-中号,活力橙,旗舰版,1150.83,782.24,471.91,6900000002828,active
SKU0002829,P001415,活力橙-中号,曜石黑,升级版,2376.49,1748.45,984.53,6900000002829,active
SKU0002830,P001415,星空蓝-小号,标准款,升级版,2225.64,1771.15,1163.41,6900000002830,active
SKU0002831,P001416,标准款-基础版,暖杏色,大号,3837.24,2572.96,1824.93,6900000002831,active
SKU0002832,P001416,标准款-基础版,云朵白,升级版,3471.66,2417.59,1529.76,6900000002832,active
SKU0002833,P001417,云朵白-基础版,暖杏色,中号,3883.78,3531.46,1851.26,6900000002833,active
SKU0002834,P001417,曜石黑-小号,星空蓝,大号,3661.01,3472.7,2167.68,6900000002834,active
SKU0002835,P001418,曜石黑-中号,云朵白,大号,1007.54,921.33,591.34,6900000002835,active
SKU0002836,P001418,活力橙-旗舰版,云朵白,旗舰版,1195.61,866.9,550.9,6900000002836,active
SKU0002837,P001419,暖杏色-基础版,曜石黑,小号,3375.3,2721.92,1365.01,6900000002837,active
SKU0002838,P001419,暖杏色-基础版,暖杏色,小号,4083.62,3111.25,2413.52,6900000002838,active
SKU0002839,P001420,云朵白-升级版,星空蓝,旗舰版,3025.78,2450.69,1633.33,6900000002839,active
SKU0002840,P001420,曜石黑-旗舰版,暖杏色,大号,3405.13,2226.16,1252.9,6900000002840,active
SKU0002841,P001421,星空蓝-中号,暖杏色,小号,2921.38,2597.5,1912.42,6900000002841,inactive
SKU0002842,P001421,曜石黑-小号,活力橙,小号,3498.8,2610.57,1445.32,6900000002842,active
SKU0002843,P001422,暖杏色-大号,暖杏色,中号,1334.24,1039.82,597.17,6900000002843,active
SKU0002844,P001422,星空蓝-小号,活力橙,升级版,1183.99,1056.48,664.56,6900000002844,active
SKU0002845,P001423,云朵白-大号,标准款,大号,1901.44,1725.99,1071.84,6900000002845,active
SKU0002846,P001423,标准款-基础版,标准款,升级版,1843.9,1455.67,929.06,6900000002846,active
SKU0002847,P001424,星空蓝-大号,云朵白,中号,3749.48,2918.51,1669.03,6900000002847,active
SKU0002848,P001424,云朵白-大号,曜石黑,中号,3836.9,2973.49,1873.05,6900000002848,active
SKU0002849,P001425,标准款-小号,标准款,升级版,1396.17,1271.52,937.41,6900000002849,active
SKU0002850,P001425,暖杏色-基础版,标准款,升级版,1410.09,1231.18,644.51,6900000002850,active
SKU0002851,P001426,曜石黑-旗舰版,活力橙,小号,2816.58,2132.62,1599.3,6900000002851,active
SKU0002852,P001426,暖杏色-基础版,活力橙,旗舰版,3166.88,2183.75,1541.78,6900000002852,inactive
SKU0002853,P001427,云朵白-基础版,曜石黑,小号,3312.84,2494.02,1941.27,6900000002853,active
SKU0002854,P001427,活力橙-中号,标准款,旗舰版,3408.34,2346.43,1185.46,6900000002854,active
SKU0002855,P001428,活力橙-升级版,标准款,中号,1474.3,1219.84,742.8,6900000002855,active
SKU0002856,P001428,曜石黑-基础版,曜石黑,小号,1610.96,1224.66,820.55,6900000002856,active
SKU0002857,P001429,暖杏色-大号,标准款,大号,89.64,69.31,46.91,6900000002857,active
SKU0002858,P001429,暖杏色-旗舰版,曜石黑,大号,86.38,77.73,50.91,6900000002858,active
SKU0002859,P001430,暖杏色-小号,活力橙,大号,933.32,726.72,542.53,6900000002859,active
SKU0002860,P001430,云朵白-大号,星空蓝,旗舰版,962.54,601.4,376.59,6900000002860,active
SKU0002861,P001431,云朵白-中号,曜石黑,基础版,3492.81,2604.34,1910.99,6900000002861,active
SKU0002862,P001431,云朵白-中号,标准款,中号,3716.13,2658.54,1781.92,6900000002862,active
SKU0002863,P001432,暖杏色-小号,云朵白,旗舰版,2640.46,2333.77,1228.84,6900000002863,active
SKU0002864,P001432,曜石黑-基础版,星空蓝,中号,3321.7,2508.65,1936.02,6900000002864,active
SKU0002865,P001433,曜石黑-中号,曜石黑,小号,3171.03,2464.96,1851.61,6900000002865,inactive
SKU0002866,P001433,活力橙-大号,暖杏色,中号,3582.69,2468.46,1804.21,6900000002866,active
SKU0002867,P001434,云朵白-大号,曜石黑,中号,2940.45,2041.04,1179.91,6900000002867,active
SKU0002868,P001434,活力橙-旗舰版,暖杏色,大号,2480.73,2027.77,1168.04,6900000002868,active
SKU0002869,P001435,星空蓝-小号,标准款,中号,2599.7,1982.78,1045.14,6900000002869,active
SKU0002870,P001435,活力橙-小号,云朵白,旗舰版,3012.33,2356.9,1365.93,6900000002870,active
SKU0002871,P001436,曜石黑-小号,星空蓝,基础版,357.88,285.05,199.85,6900000002871,active
SKU0002872,P001436,曜石黑-旗舰版,云朵白,中号,381.14,267.95,155.54,6900000002872,active
SKU0002873,P001437,标准款-升级版,标准款,中号,633.03,550.72,317.43,6900000002873,active
SKU0002874,P001437,云朵白-中号,星空蓝,大号,725.47,524.35,372.41,6900000002874,active
SKU0002875,P001438,标准款-基础版,标准款,中号,1528.34,1249.23,767.63,6900000002875,active
SKU0002876,P001438,星空蓝-中号,活力橙,旗舰版,1502.95,1295.2,904.28,6900000002876,active
SKU0002877,P001439,曜石黑-大号,曜石黑,基础版,450.76,428.11,258.02,6900000002877,active
SKU0002878,P001439,标准款-大号,曜石黑,旗舰版,497.31,375.59,278.7,6900000002878,active
SKU0002879,P001440,标准款-升级版,活力橙,中号,1950.49,1546.12,773.74,6900000002879,active
SKU0002880,P001440,曜石黑-旗舰版,暖杏色,小号,1779.24,1267.07,640.89,6900000002880,active
SKU0002881,P001441,曜石黑-升级版,标准款,小号,1201.02,916.03,494.6,6900000002881,active
SKU0002882,P001441,曜石黑-中号,标准款,小号,1106.04,872.2,631.37,6900000002882,active
SKU0002883,P001442,暖杏色-中号,暖杏色,大号,1343.96,1070.18,571.43,6900000002883,active
SKU0002884,P001442,曜石黑-大号,标准款,基础版,1414.78,992.99,520.65,6900000002884,active
SKU0002885,P001443,曜石黑-旗舰版,暖杏色,小号,3955.21,2551.61,1937.43,6900000002885,active
SKU0002886,P001443,云朵白-基础版,云朵白,大号,4036.01,3081.25,1914.63,6900000002886,active
SKU0002887,P001444,星空蓝-基础版,云朵白,大号,3815.99,2820.8,1614.23,6900000002887,active
SKU0002888,P001444,标准款-大号,暖杏色,大号,3574.25,2984.11,1820.03,6900000002888,active
SKU0002889,P001445,云朵白-小号,标准款,大号,1158.75,1077.53,589.26,6900000002889,active
SKU0002890,P001445,云朵白-基础版,云朵白,中号,1364.8,963.53,659.58,6900000002890,active
SKU0002891,P001446,星空蓝-小号,云朵白,大号,3803.73,3097.67,2229.47,6900000002891,inactive
SKU0002892,P001446,暖杏色-升级版,活力橙,升级版,4407.92,3062.06,2291.78,6900000002892,active
SKU0002893,P001447,曜石黑-升级版,标准款,升级版,403.51,355.78,177.82,6900000002893,active
SKU0002894,P001447,暖杏色-小号,活力橙,小号,396.47,346.34,180.15,6900000002894,active
SKU0002895,P001448,云朵白-小号,云朵白,旗舰版,3551.73,2963.58,2042.09,6900000002895,active
SKU0002896,P001448,星空蓝-基础版,活力橙,中号,3679.21,2564.88,1443.4,6900000002896,active
SKU0002897,P001449,曜石黑-大号,星空蓝,升级版,2904.07,2455.64,1404.16,6900000002897,active
SKU0002898,P001449,曜石黑-小号,活力橙,旗舰版,2747.48,2087.37,1274.17,6900000002898,active
SKU0002899,P001450,曜石黑-基础版,星空蓝,旗舰版,1445.14,1072.71,790.36,6900000002899,active
SKU0002900,P001450,曜石黑-旗舰版,曜石黑,升级版,1605.84,1200.93,755.25,6900000002900,active
SKU0002901,P001451,星空蓝-基础版,曜石黑,中号,1994.39,1422.37,884.04,6900000002901,active
SKU0002902,P001451,曜石黑-大号,星空蓝,大号,2064.26,1686.8,916.38,6900000002902,active
SKU0002903,P001452,标准款-旗舰版,星空蓝,基础版,2258.11,1534.39,864.21,6900000002903,active
SKU0002904,P001452,星空蓝-小号,曜石黑,升级版,2338.67,1522.93,1098.57,6900000002904,active
SKU0002905,P001453,星空蓝-小号,活力橙,大号,2124.83,2059.97,1228.23,6900000002905,active
SKU0002906,P001453,云朵白-小号,曜石黑,小号,2216.89,1637.1,1088.61,6900000002906,active
SKU0002907,P001454,暖杏色-升级版,标准款,小号,1817.47,1464.73,1018.4,6900000002907,active
SKU0002908,P001454,活力橙-大号,星空蓝,大号,2005.49,1349.22,686.74,6900000002908,active
SKU0002909,P001455,活力橙-旗舰版,暖杏色,中号,3862.11,2701.02,1595.1,6900000002909,active
SKU0002910,P001455,云朵白-中号,标准款,升级版,3337.09,2711.44,2004.54,6900000002910,active
SKU0002911,P001456,暖杏色-中号,活力橙,中号,2633.79,2132.5,1433.14,6900000002911,active
SKU0002912,P001456,暖杏色-大号,暖杏色,旗舰版,3184.5,2427.86,1602.34,6900000002912,active
SKU0002913,P001457,标准款-中号,星空蓝,小号,1026.97,712.67,434.29,6900000002913,active
SKU0002914,P001457,暖杏色-大号,星空蓝,基础版,990.77,869.73,573.47,6900000002914,active
SKU0002915,P001458,标准款-升级版,活力橙,中号,850.07,628.69,330.25,6900000002915,active
SKU0002916,P001458,活力橙-升级版,活力橙,中号,912.68,697.29,363.63,6900000002916,active
SKU0002917,P001459,曜石黑-小号,云朵白,中号,1033.9,880.89,668.48,6900000002917,active
SKU0002918,P001459,星空蓝-大号,曜石黑,升级版,970.65,919.82,581.14,6900000002918,inactive
SKU0002919,P001460,星空蓝-大号,暖杏色,中号,2792.53,2123.38,1563.89,6900000002919,active
SKU0002920,P001460,云朵白-升级版,云朵白,中号,2524.89,1931.98,1091.86,6900000002920,active
SKU0002921,P001461,标准款-升级版,云朵白,中号,3536.48,2849.77,2122.4,6900000002921,active
SKU0002922,P001461,云朵白-中号,标准款,基础版,3446.38,3091.72,2236.75,6900000002922,active
SKU0002923,P001462,活力橙-基础版,活力橙,大号,1819.83,1300.06,681.12,6900000002923,active
SKU0002924,P001462,标准款-小号,云朵白,基础版,1777.17,1226.07,940.53,6900000002924,active
SKU0002925,P001463,云朵白-旗舰版,星空蓝,旗舰版,1609.08,1063.28,529.23,6900000002925,active
SKU0002926,P001463,星空蓝-基础版,云朵白,基础版,1347.62,1205.98,629.09,6900000002926,active
SKU0002927,P001464,暖杏色-大号,云朵白,旗舰版,1513.09,1176.85,779.06,6900000002927,inactive
SKU0002928,P001464,云朵白-大号,云朵白,旗舰版,1540.8,1290.94,861.42,6900000002928,active
SKU0002929,P001465,星空蓝-小号,曜石黑,中号,2467.47,1637.33,964.67,6900000002929,active
SKU0002930,P001465,活力橙-大号,暖杏色,小号,2620.01,1791.57,1353.12,6900000002930,active
SKU0002931,P001466,暖杏色-小号,活力橙,升级版,1059.49,972.33,549.38,6900000002931,active
SKU0002932,P001466,暖杏色-中号,暖杏色,旗舰版,1019.14,910.4,438.92,6900000002932,active
SKU0002933,P001467,标准款-基础版,暖杏色,基础版,4062.99,3204.95,1788.62,6900000002933,active
SKU0002934,P001467,曜石黑-旗舰版,星空蓝,升级版,4113.39,3258.46,1992.28,6900000002934,inactive
SKU0002935,P001468,曜石黑-小号,标准款,升级版,1845.04,1470.29,921.2,6900000002935,active
SKU0002936,P001468,活力橙-基础版,云朵白,大号,1904.47,1667.17,1009.92,6900000002936,active
SKU0002937,P001469,暖杏色-升级版,曜石黑,升级版,2558.24,1720.51,1022.58,6900000002937,active
SKU0002938,P001469,活力橙-升级版,标准款,小号,2245.64,1737.48,1348.73,6900000002938,active
SKU0002939,P001470,星空蓝-大号,暖杏色,中号,1907.64,1418.78,839.72,6900000002939,active
SKU0002940,P001470,星空蓝-中号,暖杏色,大号,2122.83,1675.06,1128.16,6900000002940,active
SKU0002941,P001471,曜石黑-旗舰版,活力橙,大号,1665.85,1310.19,876.54,6900000002941,active
SKU0002942,P001471,活力橙-小号,曜石黑,小号,2074.11,1374.08,828.68,6900000002942,active
SKU0002943,P001472,暖杏色-中号,星空蓝,旗舰版,185.66,158.92,112.22,6900000002943,active
SKU0002944,P001472,云朵白-基础版,活力橙,基础版,207.63,148.43,113.56,6900000002944,active
SKU0002945,P001473,云朵白-小号,活力橙,小号,1083.3,799.44,595.37,6900000002945,active
SKU0002946,P001473,星空蓝-基础版,暖杏色,大号,964.55,843.99,509.99,6900000002946,active
SKU0002947,P001474,标准款-小号,活力橙,基础版,2528.05,2203.15,1670.28,6900000002947,active
SKU0002948,P001474,标准款-大号,标准款,大号,2959.5,2018.22,1511.73,6900000002948,active
SKU0002949,P001475,云朵白-小号,活力橙,小号,4252.36,3283.49,2500.19,6900000002949,active
SKU0002950,P001475,星空蓝-旗舰版,曜石黑,中号,4128.05,3207.32,2342.26,6900000002950,active
SKU0002951,P001476,星空蓝-中号,曜石黑,中号,605.39,419.06,245.63,6900000002951,active
SKU0002952,P001476,暖杏色-大号,星空蓝,小号,545.45,462.99,341.5,6900000002952,active
SKU0002953,P001477,云朵白-小号,暖杏色,大号,1713.41,1299.81,678.61,6900000002953,active
SKU0002954,P001477,曜石黑-中号,星空蓝,中号,1469.46,1057.05,527.04,6900000002954,active
SKU0002955,P001478,活力橙-旗舰版,标准款,大号,652.29,565.87,333.96,6900000002955,active
SKU0002956,P001478,活力橙-中号,活力橙,基础版,723.49,571.1,403.45,6900000002956,active
SKU0002957,P001479,活力橙-升级版,标准款,基础版,2202.41,1939.0,1295.84,6900000002957,active
SKU0002958,P001479,星空蓝-旗舰版,活力橙,基础版,1970.88,1692.57,942.43,6900000002958,active
SKU0002959,P001480,暖杏色-中号,星空蓝,升级版,4010.52,3308.77,2535.59,6900000002959,active
SKU0002960,P001480,曜石黑-小号,标准款,旗舰版,3938.53,3203.42,2073.82,6900000002960,active
SKU0002961,P001481,标准款-中号,星空蓝,升级版,3971.59,2712.83,1618.15,6900000002961,active
SKU0002962,P001481,云朵白-小号,暖杏色,小号,3956.26,2841.83,1766.1,6900000002962,active
SKU0002963,P001482,曜石黑-基础版,星空蓝,升级版,1395.61,1087.07,690.17,6900000002963,active
SKU0002964,P001482,曜石黑-基础版,曜石黑,基础版,1420.67,1018.26,706.76,6900000002964,active
SKU0002965,P001483,暖杏色-升级版,标准款,升级版,4310.43,2973.54,1993.46,6900000002965,active
SKU0002966,P001483,活力橙-旗舰版,标准款,旗舰版,4094.63,3212.2,2348.31,6900000002966,active
SKU0002967,P001484,活力橙-中号,云朵白,小号,4534.25,3534.54,2079.17,6900000002967,active
SKU0002968,P001484,星空蓝-小号,星空蓝,旗舰版,3924.89,3322.07,2465.62,6900000002968,active
SKU0002969,P001485,星空蓝-小号,标准款,基础版,2672.97,2067.74,1318.89,6900000002969,active
SKU0002970,P001485,暖杏色-升级版,暖杏色,升级版,2768.66,1911.1,1087.55,6900000002970,active
SKU0002971,P001486,标准款-升级版,暖杏色,旗舰版,1365.18,890.61,468.76,6900000002971,active
SKU0002972,P001486,暖杏色-升级版,星空蓝,大号,1377.33,1069.4,608.07,6900000002972,active
SKU0002973,P001487,暖杏色-升级版,云朵白,基础版,814.89,626.33,479.99,6900000002973,active
SKU0002974,P001487,星空蓝-中号,云朵白,基础版,952.25,628.21,414.42,6900000002974,active
SKU0002975,P001488,曜石黑-小号,曜石黑,大号,938.42,684.35,441.38,6900000002975,active
SKU0002976,P001488,星空蓝-基础版,云朵白,升级版,828.85,605.39,373.64,6900000002976,active
SKU0002977,P001489,星空蓝-基础版,曜石黑,基础版,1206.05,808.0,399.53,6900000002977,active
SKU0002978,P001489,暖杏色-旗舰版,标准款,中号,1102.94,933.5,701.04,6900000002978,inactive
SKU0002979,P001490,云朵白-升级版,云朵白,小号,2930.58,2496.19,1588.87,6900000002979,active
SKU0002980,P001490,暖杏色-中号,活力橙,升级版,3171.81,2837.92,1381.03,6900000002980,active
SKU0002981,P001491,曜石黑-大号,云朵白,小号,451.22,416.94,227.2,6900000002981,active
SKU0002982,P001491,标准款-小号,暖杏色,小号,486.98,412.33,284.29,6900000002982,active
SKU0002983,P001492,活力橙-中号,云朵白,旗舰版,429.67,347.41,169.4,6900000002983,active
SKU0002984,P001492,曜石黑-大号,云朵白,基础版,373.31,306.57,149.21,6900000002984,active
SKU0002985,P001493,暖杏色-大号,曜石黑,基础版,1106.22,763.6,446.75,6900000002985,active
SKU0002986,P001493,云朵白-基础版,星空蓝,旗舰版,1021.91,821.57,539.97,6900000002986,active
SKU0002987,P001494,云朵白-基础版,曜石黑,旗舰版,2061.6,1594.22,1072.35,6900000002987,active
SKU0002988,P001494,曜石黑-升级版,活力橙,大号,1932.75,1530.06,881.92,6900000002988,active
SKU0002989,P001495,暖杏色-中号,活力橙,升级版,638.88,468.24,232.85,6900000002989,active
SKU0002990,P001495,活力橙-大号,云朵白,旗舰版,563.09,485.87,343.8,6900000002990,active
SKU0002991,P001496,活力橙-大号,暖杏色,小号,931.7,661.84,414.45,6900000002991,active
SKU0002992,P001496,星空蓝-大号,星空蓝,大号,902.46,723.42,474.92,6900000002992,active
SKU0002993,P001497,曜石黑-升级版,标准款,中号,3839.09,3421.56,2558.4,6900000002993,active
SKU0002994,P001497,星空蓝-升级版,曜石黑,小号,4340.69,3224.57,2159.19,6900000002994,active
SKU0002995,P001498,标准款-升级版,云朵白,中号,1482.62,1186.33,725.3,6900000002995,active
SKU0002996,P001498,暖杏色-中号,曜石黑,大号,1396.14,1151.55,708.63,6900000002996,active
SKU0002997,P001499,暖杏色-小号,云朵白,升级版,1923.01,1557.21,1002.98,6900000002997,active
SKU0002998,P001499,活力橙-小号,暖杏色,升级版,1918.53,1557.67,933.97,6900000002998,inactive
SKU0002999,P001500,活力橙-大号,标准款,旗舰版,1997.1,1732.53,1017.88,6900000002999,active
SKU0003000,P001500,标准款-小号,星空蓝,大号,1866.66,1782.66,859.54,6900000003000,active
