product_id,product_name,store_id,brand_id,category_id,supplier_id,product_status,created_at,weight_kg,warranty_months
P000001,元气084休闲食品商品0001,S0001,B0084,C012,SUP0039,active,2024-11-03 18:27:33,11.24,5
P000002,新境033骑行商品0002,S0002,B0033,C034,SUP0052,active,2025-08-25 22:41:25,6.04,7
P000003,智造064休闲食品商品0003,S0003,B0064,C012,SUP0031,active,2025-08-30 07:49:44,2.84,20
P000004,新境088童装童鞋商品0004,S0004,B0088,C030,SUP0093,active,2025-09-22 11:12:30,9.36,17
P000005,本色021运动鞋服商品0005,S0005,B0021,C009,SUP0013,active,2025-04-19 19:41:58,5.31,20
P000006,元气051体育用品商品0006,S0006,B0051,C035,SUP0065,active,2025-06-21 20:26:11,7.0,3
P000007,悦己099家用电器商品0007,S0007,B0099,C004,SUP0147,active,2025-01-12 22:48:03,8.68,16
P000008,本色129男装商品0008,S0008,B0129,C007,SUP0121,active,2026-07-26 21:13:07,11.51,3
P000009,新境078休闲食品商品0009,S0009,B0078,C012,SUP0070,active,2026-01-01 12:42:53,11.05,7
P000010,智造053家具商品0010,S0010,B0053,C020,SUP0077,active,2025-03-07 08:46:41,11.21,13
P000011,星辰008休闲食品商品0011,S0011,B0008,C012,SUP0046,active,2026-02-26 17:43:37,4.17,18
P000012,本色110洗护商品0012,S0012,B0110,C024,SUP0021,active,2025-03-17 16:28:27,1.23,23
P000013,星辰023玩具商品0013,S0013,B0023,C029,SUP0081,inactive,2026-03-22 04:30:08,1.64,21
P000014,元气068奶粉辅食商品0014,S0014,B0068,C028,SUP0020,active,2024-06-22 05:49:23,9.53,12
P000015,元气020家具商品0015,S0015,B0020,C020,SUP0105,active,2025-11-19 07:16:18,6.82,17
P000016,新境031清洁用品商品0016,S0016,B0031,C019,SUP0122,active,2026-03-24 07:37:56,2.24,5
P000017,悦己099图书商品0017,S0017,B0099,C037,SUP0058,active,2026-08-05 11:23:23,0.59,13
P000018,极光076饮料冲调商品0018,S0018,B0076,C013,SUP0063,active,2024-11-29 16:54:59,6.88,6
P000019,新境073家具商品0019,S0019,B0073,C020,SUP0118,draft,2025-09-08 04:51:14,3.63,18
P000020,智造140宠物生活商品0020,S0020,B0140,C040,SUP0012,active,2024-05-08 13:31:05,5.52,3
P000021,星辰101户外装备商品0021,S0021,B0101,C033,SUP0139,active,2025-04-09 21:59:33,3.25,17
P000022,悦己093运动鞋服商品0022,S0022,B0093,C009,SUP0090,active,2025-01-26 21:14:08,11.76,3
P000023,本色123运动鞋服商品0023,S0023,B0123,C009,SUP0112,draft,2024-09-11 05:13:54,5.29,1
P000024,悦己144女装商品0024,S0024,B0144,C008,SUP0084,active,2024-06-13 00:38:34,1.37,13
P000025,新境135婴童用品商品0025,S0025,B0135,C027,SUP0104,active,2025-01-27 00:04:28,2.7,2
P000026,智造131休闲食品商品0026,S0026,B0131,C012,SUP0070,active,2024-04-21 12:36:32,5.53,17
P000027,云谷015运动鞋服商品0027,S0027,B0015,C009,SUP0078,active,2024-10-28 19:47:59,9.03,22
P000028,元气108手机通讯商品0028,S0028,B0108,C002,SUP0034,inactive,2025-02-21 08:09:59,11.32,2
P000029,元气020体育用品商品0029,S0029,B0020,C035,SUP0085,active,2025-01-28 00:27:22,3.08,12
P000030,极光046骑行商品0030,S0030,B0046,C034,SUP0045,active,2024-12-04 10:29:36,6.69,6
P000031,云谷001洗护商品0031,S0031,B0001,C024,SUP0104,active,2024-12-28 00:11:51,1.74,23
P000032,极光072宠物生活商品0032,S0032,B0072,C040,SUP0131,inactive,2024-09-28 09:12:42,7.57,24
P000033,云谷124奶粉辅食商品0033,S0033,B0124,C028,SUP0105,draft,2025-08-11 17:53:21,4.55,15
P000034,青禾061电脑办公商品0034,S0034,B0061,C003,SUP0078,active,2026-06-24 08:12:38,9.7,6
P000035,新境088健身训练商品0035,S0035,B0088,C032,SUP0039,active,2025-06-17 13:08:49,6.85,3
P000036,悦己099文创商品0036,S0036,B0099,C039,SUP0133,active,2024-07-04 09:36:13,3.53,20
P000037,极光046彩妆商品0037,S0037,B0046,C023,SUP0133,active,2026-03-27 07:30:24,4.58,17
P000038,云谷075护肤商品0038,S0038,B0075,C022,SUP0149,active,2024-09-04 01:38:19,5.85,13
P000039,本色019洗护商品0039,S0039,B0019,C024,SUP0083,active,2025-01-06 01:03:22,0.44,6
P000040,本色123手机通讯商品0040,S0040,B0123,C002,SUP0092,active,2024-04-25 19:49:20,3.64,3
P000041,星辰008智能设备商品0041,S0041,B0008,C005,SUP0057,active,2025-02-22 22:01:01,5.33,21
P000042,本色147厨具商品0042,S0042,B0147,C018,SUP0131,active,2025-06-05 01:55:48,5.42,13
P000043,智造054粮油调味商品0043,S0043,B0054,C014,SUP0071,active,2025-04-25 02:18:10,1.26,16
P000044,本色016户外装备商品0044,S0044,B0016,C033,SUP0113,active,2025-09-16 09:51:51,0.87,19
P000045,星辰003户外装备商品0045,S0045,B0003,C033,SUP0138,active,2025-01-31 02:11:51,5.09,5
P000046,本色105体育用品商品0046,S0046,B0105,C035,SUP0028,active,2024-10-20 19:33:41,10.24,18
P000047,智造080健身训练商品0047,S0047,B0080,C032,SUP0024,active,2026-02-14 04:59:42,3.09,17
P000048,云谷015婴童用品商品0048,S0048,B0015,C027,SUP0118,active,2024-05-28 15:45:44,8.58,12
P000049,智造109饮料冲调商品0049,S0049,B0109,C013,SUP0057,active,2025-03-25 20:31:51,10.52,20
P000050,青禾138清洁用品商品0050,S0050,B0138,C019,SUP0142,active,2024-11-04 12:26:58,8.85,0
P000051,青禾039清洁用品商品0051,S0051,B0039,C019,SUP0056,active,2024-10-22 22:23:10,8.51,1
P000052,星辰018婴童用品商品0052,S0052,B0018,C027,SUP0052,active,2026-03-05 05:13:24,4.95,12
P000053,元气004体育用品商品0053,S0053,B0004,C035,SUP0066,active,2025-03-27 07:58:34,4.0,4
P000054,新境137文创商品0054,S0054,B0137,C039,SUP0051,active,2026-07-25 18:40:44,2.3,17
P000055,悦己035文创商品0055,S0055,B0035,C039,SUP0121,active,2025-10-03 20:47:08,11.31,9
P000056,轻享063健身训练商品0056,S0056,B0063,C032,SUP0148,active,2025-03-12 05:47:16,11.69,1
P000057,青禾083婴童用品商品0057,S0057,B0083,C027,SUP0111,active,2024-09-02 15:16:39,5.18,3
P000058,轻享040护肤商品0058,S0058,B0040,C022,SUP0122,active,2024-10-12 18:22:32,10.04,1
P000059,悦己037奶粉辅食商品0059,S0059,B0037,C028,SUP0104,active,2026-05-17 20:12:27,10.62,13
P000060,云谷001休闲食品商品0060,S0060,B0001,C012,SUP0114,active,2024-08-02 23:53:27,0.31,3
P000061,元气084奶粉辅食商品0061,S0061,B0084,C028,SUP0144,active,2024-12-22 08:57:37,3.76,4
P000062,星辰024护肤商品0062,S0062,B0024,C022,SUP0140,active,2025-02-09 03:54:02,2.24,15
P000063,悦己006护肤商品0063,S0063,B0006,C022,SUP0080,active,2026-01-29 13:29:06,9.22,4
P000064,智造059洗护商品0064,S0064,B0059,C024,SUP0049,inactive,2025-11-15 08:48:12,10.97,12
P000065,悦己038户外装备商品0065,S0065,B0038,C033,SUP0018,active,2024-06-12 02:26:38,0.66,5
P000066,星辰023女装商品0066,S0066,B0023,C008,SUP0089,active,2026-05-16 14:34:21,9.62,9
P000067,智造036乐器商品0067,S0067,B0036,C038,SUP0037,inactive,2024-03-14 02:08:42,8.62,2
P000068,新境132智能设备商品0068,S0068,B0132,C005,SUP0020,active,2024-06-25 07:40:28,11.59,13
P000069,云谷075洗护商品0069,S0069,B0075,C024,SUP0127,active,2024-04-24 11:51:58,3.53,7
P000070,元气068体育用品商品0070,S0070,B0068,C035,SUP0148,active,2026-08-11 17:16:17,8.6,22
P000071,智造036厨具商品0071,S0071,B0036,C018,SUP0023,active,2026-05-08 07:08:51,10.07,0
P000072,智造064电脑办公商品0072,S0072,B0064,C003,SUP0101,active,2024-09-25 15:59:23,1.57,11
P000073,本色021清洁用品商品0073,S0073,B0021,C019,SUP0057,active,2026-07-26 23:34:08,9.83,24
P000074,悦己099婴童用品商品0074,S0074,B0099,C027,SUP0093,active,2026-08-17 00:42:46,5.6,2
P000075,新境031电脑办公商品0075,S0075,B0031,C003,SUP0063,active,2025-04-21 02:29:04,8.92,11
P000076,悦己148彩妆商品0076,S0076,B0148,C023,SUP0085,active,2025-09-20 20:14:54,5.69,20
P000077,云谷075童装童鞋商品0077,S0077,B0075,C030,SUP0022,active,2026-04-21 20:18:18,10.26,11
P000078,星辰107家用电器商品0078,S0078,B0107,C004,SUP0026,active,2026-08-03 13:03:00,4.05,16
P000079,星辰009女装商品0079,S0079,B0009,C008,SUP0007,active,2024-03-12 16:53:08,2.71,18
P000080,新境047家具商品0080,S0080,B0047,C020,SUP0143,active,2026-03-17 01:38:28,9.37,8
P000081,悦己148童装童鞋商品0081,S0001,B0148,C030,SUP0134,active,2025-07-30 10:41:24,2.62,15
P000082,青禾083护肤商品0082,S0002,B0083,C022,SUP0021,active,2025-01-05 18:23:14,5.93,0
P000083,新境085乐器商品0083,S0003,B0085,C038,SUP0149,active,2026-05-31 19:51:41,1.42,21
P000084,极光057箱包配饰商品0084,S0004,B0057,C010,SUP0094,active,2025-07-04 22:35:16,11.55,18
P000085,智造058粮油调味商品0085,S0005,B0058,C014,SUP0095,active,2025-12-28 17:53:47,4.86,20
P000086,智造026家用电器商品0086,S0006,B0026,C004,SUP0047,active,2026-01-25 21:13:41,10.92,3
P000087,青禾104乐器商品0087,S0007,B0104,C038,SUP0067,active,2024-04-16 08:39:20,3.48,4
P000088,新境045厨具商品0088,S0008,B0045,C018,SUP0064,active,2026-02-25 06:15:08,5.68,11
P000089,云谷124宠物生活商品0089,S0009,B0124,C040,SUP0125,active,2025-04-04 07:06:27,11.99,8
P000090,元气068图书商品0090,S0010,B0068,C037,SUP0040,active,2024-03-09 06:17:10,7.36,10
P000091,极光139奶粉辅食商品0091,S0011,B0139,C028,SUP0032,active,2024-03-08 00:57:12,1.02,21
P000092,新境134女装商品0092,S0012,B0134,C008,SUP0012,active,2025-06-22 21:41:45,5.47,15
P000093,云谷001饮料冲调商品0093,S0013,B0001,C013,SUP0012,inactive,2026-07-15 22:48:57,7.51,9
P000094,极光052休闲食品商品0094,S0014,B0052,C012,SUP0108,active,2025-12-29 06:35:36,7.92,2
P000095,星辰008图书商品0095,S0015,B0008,C037,SUP0099,active,2024-09-20 19:49:21,10.87,13
P000096,智造036护肤商品0096,S0016,B0036,C022,SUP0079,inactive,2025-04-12 16:18:23,6.03,17
P000097,极光030宠物生活商品0097,S0017,B0030,C040,SUP0116,active,2024-10-19 14:37:00,3.14,8
P000098,元气106生鲜果蔬商品0098,S0018,B0106,C015,SUP0045,active,2024-07-24 14:20:49,9.11,12
P000099,本色070清洁用品商品0099,S0019,B0070,C019,SUP0109,active,2025-07-08 22:48:13,7.72,2
P000100,本色129彩妆商品0100,S0020,B0129,C023,SUP0051,active,2024-10-17 11:00:58,7.86,19
P000101,元气013厨具商品0101,S0021,B0013,C018,SUP0089,active,2024-09-05 14:24:29,2.16,16
P000102,极光072手机通讯商品0102,S0022,B0072,C002,SUP0018,active,2024-12-28 14:50:02,8.86,1
P000103,云谷025家纺商品0103,S0023,B0025,C017,SUP0047,active,2025-05-10 01:36:11,5.19,22
P000104,元气055手机通讯商品0104,S0024,B0055,C002,SUP0085,active,2025-02-03 20:40:21,8.01,15
P000105,悦己099生鲜果蔬商品0105,S0025,B0099,C015,SUP0030,active,2024-03-16 10:51:20,10.2,13
P000106,青禾066饮料冲调商品0106,S0026,B0066,C013,SUP0149,active,2024-10-30 13:09:39,5.08,6
P000107,轻享010智能设备商品0107,S0027,B0010,C005,SUP0094,active,2026-02-10 16:21:05,8.0,11
P000108,本色019奶粉辅食商品0108,S0028,B0019,C028,SUP0055,active,2024-12-04 23:43:24,4.67,18
P000109,星辰023奶粉辅食商品0109,S0029,B0023,C028,SUP0043,active,2024-06-04 16:32:18,1.8,12
P000110,轻享119智能设备商品0110,S0030,B0119,C005,SUP0050,active,2024-06-24 20:06:06,3.86,7
P000111,元气020婴童用品商品0111,S0031,B0020,C027,SUP0057,active,2026-06-19 08:41:15,8.79,14
P000112,星辰114健身训练商品0112,S0032,B0114,C032,SUP0110,active,2025-11-01 18:22:46,0.92,12
P000113,本色105家纺商品0113,S0033,B0105,C017,SUP0046,active,2025-11-17 06:40:25,4.08,21
P000114,本色090粮油调味商品0114,S0034,B0090,C014,SUP0085,active,2025-05-18 00:28:51,1.13,7
P000115,本色097文创商品0115,S0035,B0097,C039,SUP0030,active,2025-04-19 01:45:25,7.85,21
P000116,本色147护肤商品0116,S0036,B0147,C022,SUP0021,active,2025-05-14 03:30:28,8.32,5
P000117,轻享079电脑办公商品0117,S0037,B0079,C003,SUP0073,active,2025-11-08 21:34:39,2.41,11
P000118,新境041护肤商品0118,S0038,B0041,C022,SUP0091,active,2026-04-06 17:37:35,7.08,9
P000119,元气089女装商品0119,S0039,B0089,C008,SUP0016,active,2024-09-10 07:19:33,1.96,23
P000120,悦己035箱包配饰商品0120,S0040,B0035,C010,SUP0145,active,2026-05-31 23:22:42,0.71,20
P000121,青禾115智能设备商品0121,S0041,B0115,C005,SUP0107,active,2026-04-11 21:34:44,9.93,6
P000122,轻享063家具商品0122,S0042,B0063,C020,SUP0095,active,2025-03-07 04:00:21,6.8,23
P000123,本色097家纺商品0123,S0043,B0097,C017,SUP0028,active,2025-06-29 02:24:32,3.59,9
P000124,智造054户外装备商品0124,S0044,B0054,C033,SUP0004,active,2026-04-17 08:55:19,0.59,12
P000125,星辰077饮料冲调商品0125,S0045,B0077,C013,SUP0036,active,2024-12-18 18:06:40,0.35,18
P000126,悦己093家用电器商品0126,S0046,B0093,C004,SUP0031,inactive,2025-10-04 21:20:05,4.51,23
P000127,青禾066图书商品0127,S0047,B0066,C037,SUP0012,active,2025-12-25 00:03:42,7.03,2
P000128,青禾039男装商品0128,S0048,B0039,C007,SUP0033,active,2024-05-15 15:58:08,4.81,2
P000129,悦己035护肤商品0129,S0049,B0035,C022,SUP0137,active,2025-08-17 03:51:00,2.74,3
P000130,智造026健身训练商品0130,S0050,B0026,C032,SUP0086,active,2024-06-01 19:56:09,4.49,21
P000131,青禾138宠物生活商品0131,S0051,B0138,C040,SUP0108,active,2025-09-17 22:25:14,10.79,3
P000132,悦己099童装童鞋商品0132,S0052,B0099,C030,SUP0072,active,2026-02-13 14:06:26,5.46,15
P000133,云谷015厨具商品0133,S0053,B0015,C018,SUP0098,active,2025-11-09 23:33:33,8.57,7
P000134,智造127洗护商品0134,S0054,B0127,C024,SUP0103,active,2024-08-23 03:46:14,5.01,16
P000135,轻享063箱包配饰商品0135,S0055,B0063,C010,SUP0120,active,2025-05-09 00:48:09,10.93,18
P000136,云谷146清洁用品商品0136,S0056,B0146,C019,SUP0063,active,2024-03-27 03:11:59,11.85,8
P000137,悦己130休闲食品商品0137,S0057,B0130,C012,SUP0088,active,2025-05-29 09:48:40,6.58,6
P000138,元气128厨具商品0138,S0058,B0128,C018,SUP0100,active,2025-07-24 15:07:20,6.2,2
P000139,元气128家具商品0139,S0059,B0128,C020,SUP0112,active,2026-08-06 10:25:57,3.46,20
P000140,本色110童装童鞋商品0140,S0060,B0110,C030,SUP0011,active,2025-02-04 00:34:32,2.21,14
P000141,新境137运动鞋服商品0141,S0061,B0137,C009,SUP0044,active,2024-12-19 05:48:04,9.74,13
P000142,星辰114体育用品商品0142,S0062,B0114,C035,SUP0116,active,2026-07-08 19:54:37,3.2,20
P000143,智造012生鲜果蔬商品0143,S0063,B0012,C015,SUP0129,active,2025-12-20 22:40:52,0.85,23
P000144,新境143图书商品0144,S0064,B0143,C037,SUP0146,active,2025-11-06 08:10:15,4.35,14
P000145,极光072个人护理商品0145,S0065,B0072,C025,SUP0147,active,2025-07-31 00:45:45,0.85,14
P000146,云谷141宠物生活商品0146,S0066,B0141,C040,SUP0055,inactive,2026-07-12 11:14:47,2.68,21
P000147,智造007男装商品0147,S0067,B0007,C007,SUP0093,active,2025-01-25 00:02:13,5.65,9
P000148,新境073洗护商品0148,S0068,B0073,C024,SUP0003,active,2025-01-15 07:51:11,4.63,19
P000149,星辰087个人护理商品0149,S0069,B0087,C025,SUP0060,active,2025-09-16 14:40:53,10.71,3
P000150,悦己144宠物生活商品0150,S0070,B0144,C040,SUP0112,active,2025-03-29 15:07:55,5.3,12
P000151,元气128护肤商品0151,S0071,B0128,C022,SUP0023,active,2024-04-22 19:38:54,8.51,21
P000152,元气051图书商品0152,S0072,B0051,C037,SUP0121,active,2026-07-22 16:10:32,3.84,11
P000153,新境134箱包配饰商品0153,S0073,B0134,C010,SUP0007,draft,2024-09-07 04:53:09,3.67,2
P000154,新境085骑行商品0154,S0074,B0085,C034,SUP0082,active,2026-01-23 09:45:23,4.04,2
P000155,本色105生鲜果蔬商品0155,S0075,B0105,C015,SUP0030,draft,2025-12-20 07:47:22,9.92,3
P000156,极光071智能设备商品0156,S0076,B0071,C005,SUP0064,active,2025-05-16 22:26:55,1.22,10
P000157,轻享032家用电器商品0157,S0077,B0032,C004,SUP0053,active,2026-08-16 04:27:25,1.6,10
P000158,云谷124骑行商品0158,S0078,B0124,C034,SUP0073,active,2026-08-12 01:03:18,10.8,24
P000159,元气004玩具商品0159,S0079,B0004,C029,SUP0122,active,2024-05-09 23:56:57,3.79,7
P000160,智造049箱包配饰商品0160,S0080,B0049,C010,SUP0042,active,2025-09-10 17:41:23,6.63,24
P000161,本色016男装商品0161,S0001,B0016,C007,SUP0123,active,2024-11-29 09:39:59,8.19,4
P000162,新境047体育用品商品0162,S0002,B0047,C035,SUP0081,active,2025-05-01 18:29:22,9.2,12
P000163,本色110家具商品0163,S0003,B0110,C020,SUP0121,active,2025-08-26 02:40:32,5.07,12
P000164,智造026婴童用品商品0164,S0004,B0026,C027,SUP0139,active,2026-03-05 16:34:39,1.17,19
P000165,智造027粮油调味商品0165,S0005,B0027,C014,SUP0058,active,2024-03-27 13:34:21,3.79,4
P000166,本色016洗护商品0166,S0006,B0016,C024,SUP0043,active,2026-03-18 17:18:47,6.07,22
P000167,悦己035箱包配饰商品0167,S0007,B0035,C010,SUP0109,active,2024-11-14 12:17:14,4.31,5
P000168,新境085智能设备商品0168,S0008,B0085,C005,SUP0078,active,2024-06-01 01:51:03,1.31,1
P000169,新境134彩妆商品0169,S0009,B0134,C023,SUP0009,active,2025-10-05 09:39:48,2.28,19
P000170,星辰112男装商品0170,S0010,B0112,C007,SUP0128,inactive,2025-05-13 14:09:55,3.44,7
P000171,悦己081手机通讯商品0171,S0011,B0081,C002,SUP0065,active,2024-11-07 15:25:36,10.17,1
P000172,智造127彩妆商品0172,S0012,B0127,C023,SUP0038,inactive,2024-10-02 12:11:16,2.65,9
P000173,悦己144彩妆商品0173,S0013,B0144,C023,SUP0091,active,2025-03-08 13:09:11,5.86,16
P000174,云谷124童装童鞋商品0174,S0014,B0124,C030,SUP0028,inactive,2024-07-14 02:06:44,4.44,10
P000175,星辰114智能设备商品0175,S0015,B0114,C005,SUP0062,active,2025-08-13 03:53:35,6.53,0
P000176,新境134护肤商品0176,S0016,B0134,C022,SUP0112,active,2024-03-11 02:44:05,1.98,0
P000177,星辰024文创商品0177,S0017,B0024,C039,SUP0087,active,2024-03-11 05:18:50,9.14,6
P000178,本色097图书商品0178,S0018,B0097,C037,SUP0121,active,2024-06-08 00:46:19,6.63,24
P000179,星辰009厨具商品0179,S0019,B0009,C018,SUP0113,active,2026-04-26 02:39:35,9.11,1
P000180,元气004乐器商品0180,S0020,B0004,C038,SUP0015,active,2026-03-18 10:17:11,8.01,10
P000181,智造044护肤商品0181,S0021,B0044,C022,SUP0023,inactive,2024-09-21 03:27:15,3.05,13
P000182,新境085电脑办公商品0182,S0022,B0085,C003,SUP0041,active,2024-11-29 10:03:01,1.85,23
P000183,悦己038骑行商品0183,S0023,B0038,C034,SUP0003,inactive,2025-01-01 19:23:04,3.22,11
P000184,轻享048清洁用品商品0184,S0024,B0048,C019,SUP0017,active,2025-10-16 19:06:32,9.87,13
P000185,轻享079乐器商品0185,S0025,B0079,C038,SUP0087,active,2026-04-08 14:40:07,7.81,9
P000186,青禾039手机通讯商品0186,S0026,B0039,C002,SUP0122,active,2025-02-19 19:07:43,3.08,9
P000187,新境033生鲜果蔬商品0187,S0027,B0033,C015,SUP0067,active,2026-01-14 18:55:49,6.16,20
P000188,星辰077骑行商品0188,S0028,B0077,C034,SUP0053,active,2024-05-22 22:32:51,3.69,21
P000189,星辰103箱包配饰商品0189,S0029,B0103,C010,SUP0032,active,2025-05-18 03:38:19,8.67,22
P000190,本色016电脑办公商品0190,S0030,B0016,C003,SUP0001,active,2026-05-11 04:44:49,7.53,9
P000191,元气069清洁用品商品0191,S0031,B0069,C019,SUP0045,active,2025-12-18 17:38:13,6.26,1
P000192,元气106休闲食品商品0192,S0032,B0106,C012,SUP0075,active,2025-07-13 05:37:41,11.23,4
P000193,悦己144家用电器商品0193,S0033,B0144,C004,SUP0021,active,2026-02-02 11:28:28,2.76,18
P000194,本色110智能设备商品0194,S0034,B0110,C005,SUP0099,active,2024-09-12 16:17:32,4.13,6
P000195,轻享002洗护商品0195,S0035,B0002,C024,SUP0021,active,2025-01-21 07:46:34,0.98,24
P000196,本色016宠物生活商品0196,S0036,B0016,C040,SUP0070,active,2025-10-29 00:07:51,5.02,24
P000197,极光005体育用品商品0197,S0037,B0005,C035,SUP0138,active,2024-05-12 14:27:24,10.71,9
P000198,云谷075手机通讯商品0198,S0038,B0075,C002,SUP0044,active,2026-03-23 04:09:42,0.59,20
P000199,新境142户外装备商品0199,S0039,B0142,C033,SUP0145,active,2025-01-10 05:49:49,5.09,23
P000200,智造027体育用品商品0200,S0040,B0027,C035,SUP0142,active,2026-06-09 03:13:18,1.36,1
P000201,元气020体育用品商品0201,S0041,B0020,C035,SUP0150,active,2024-08-10 09:59:07,2.81,2
P000202,云谷141户外装备商品0202,S0042,B0141,C033,SUP0122,active,2025-03-20 23:58:22,11.66,5
P000203,智造127文创商品0203,S0043,B0127,C039,SUP0098,draft,2026-04-17 08:57:26,4.59,11
P000204,智造127生鲜果蔬商品0204,S0044,B0127,C015,SUP0020,active,2026-07-30 01:51:16,9.51,8
P000205,悦己056生鲜果蔬商品0205,S0045,B0056,C015,SUP0128,inactive,2026-07-15 17:25:54,1.2,13
P000206,新境041体育用品商品0206,S0046,B0041,C035,SUP0082,active,2025-10-13 05:07:24,8.37,12
P000207,云谷113箱包配饰商品0207,S0047,B0113,C010,SUP0143,active,2024-11-20 14:47:42,11.64,3
P000208,轻享011洗护商品0208,S0048,B0011,C024,SUP0067,active,2025-01-22 00:40:28,1.36,8
P000209,云谷098电脑办公商品0209,S0049,B0098,C003,SUP0004,active,2025-11-04 13:38:39,4.71,6
P000210,本色118电脑办公商品0210,S0050,B0118,C003,SUP0074,active,2026-08-09 21:02:47,10.7,3
P000211,新境135休闲食品商品0211,S0051,B0135,C012,SUP0066,inactive,2026-03-08 17:38:44,3.95,10
P000212,星辰096骑行商品0212,S0052,B0096,C034,SUP0111,draft,2024-12-28 09:56:42,11.33,6
P000213,悦己006电脑办公商品0213,S0053,B0006,C003,SUP0055,active,2026-04-19 08:27:39,11.32,17
P000214,智造086家具商品0214,S0054,B0086,C020,SUP0084,active,2024-11-17 21:13:44,7.49,11
P000215,悦己148男装商品0215,S0055,B0148,C007,SUP0104,active,2025-01-28 20:54:20,8.32,15
P000216,极光071健身训练商品0216,S0056,B0071,C032,SUP0150,active,2024-08-08 08:35:25,9.6,18
P000217,智造059手机通讯商品0217,S0057,B0059,C002,SUP0121,active,2025-05-07 10:26:18,0.54,23
P000218,轻享043电脑办公商品0218,S0058,B0043,C003,SUP0125,active,2024-08-15 20:24:49,0.48,10
P000219,本色105休闲食品商品0219,S0059,B0105,C012,SUP0129,active,2025-12-29 08:16:22,0.3,13
P000220,元气013电脑办公商品0220,S0060,B0013,C003,SUP0115,active,2026-08-15 09:38:42,6.12,16
P000221,轻享002休闲食品商品0221,S0061,B0002,C012,SUP0131,active,2026-08-01 22:04:04,0.69,5
P000222,元气084手机通讯商品0222,S0062,B0084,C002,SUP0118,active,2026-02-13 19:51:27,2.19,4
P000223,轻享043厨具商品0223,S0063,B0043,C018,SUP0070,active,2025-05-22 16:03:41,1.01,15
P000224,悦己014童装童鞋商品0224,S0064,B0014,C030,SUP0069,active,2026-05-02 13:12:48,0.26,9
P000225,青禾017厨具商品0225,S0065,B0017,C018,SUP0099,active,2026-01-11 17:29:13,5.77,2
P000226,元气004体育用品商品0226,S0066,B0004,C035,SUP0107,active,2025-11-12 03:00:59,3.72,3
P000227,新境047电脑办公商品0227,S0067,B0047,C003,SUP0001,active,2026-06-21 20:20:58,2.98,21
P000228,轻享010骑行商品0228,S0068,B0010,C034,SUP0102,active,2025-08-13 18:25:02,11.23,13
P000229,悦己126休闲食品商品0229,S0069,B0126,C012,SUP0020,active,2025-08-23 04:05:57,7.52,13
P000230,轻享034护肤商品0230,S0070,B0034,C022,SUP0113,active,2025-01-17 04:02:23,7.89,5
P000231,本色123休闲食品商品0231,S0071,B0123,C012,SUP0024,active,2024-07-10 23:38:49,2.65,11
P000232,极光005文创商品0232,S0072,B0005,C039,SUP0096,active,2025-09-20 13:47:46,10.02,21
P000233,智造064宠物生活商品0233,S0073,B0064,C040,SUP0110,active,2026-06-01 06:32:48,7.0,19
P000234,元气068护肤商品0234,S0074,B0068,C022,SUP0064,active,2025-08-26 23:46:10,5.8,10
P000235,元气004家具商品0235,S0075,B0004,C020,SUP0064,active,2025-04-19 12:22:37,6.83,10
P000236,轻享079婴童用品商品0236,S0076,B0079,C027,SUP0048,active,2025-04-15 21:14:57,4.22,19
P000237,悦己093清洁用品商品0237,S0077,B0093,C019,SUP0005,active,2026-06-30 06:29:09,2.73,10
P000238,轻享043文创商品0238,S0078,B0043,C039,SUP0113,active,2025-04-10 22:43:30,8.39,9
P000239,悦己130粮油调味商品0239,S0079,B0130,C014,SUP0109,active,2024-07-12 06:56:10,10.92,24
P000240,轻享048电脑办公商品0240,S0080,B0048,C003,SUP0115,active,2026-07-10 14:41:37,9.86,1
P000241,新境078智能设备商品0241,S0001,B0078,C005,SUP0085,active,2024-07-29 19:37:24,9.02,2
P000242,云谷025童装童鞋商品0242,S0002,B0025,C030,SUP0018,active,2026-08-21 14:09:19,2.37,10
P000243,悦己014个人护理商品0243,S0003,B0014,C025,SUP0056,active,2025-10-30 08:00:47,11.14,0
P000244,元气108图书商品0244,S0004,B0108,C037,SUP0070,active,2024-06-19 07:09:46,9.36,19
P000245,轻享022文创商品0245,S0005,B0022,C039,SUP0125,active,2026-03-26 21:10:06,11.47,2
P000246,新境143户外装备商品0246,S0006,B0143,C033,SUP0099,active,2026-03-28 17:59:45,2.82,21
P000247,新境085粮油调味商品0247,S0007,B0085,C014,SUP0050,active,2026-07-15 07:42:55,7.35,11
P000248,新境137洗护商品0248,S0008,B0137,C024,SUP0078,active,2026-01-01 10:30:59,11.53,8
P000249,智造131户外装备商品0249,S0009,B0131,C033,SUP0054,active,2024-12-29 08:20:57,3.94,16
P000250,智造053图书商品0250,S0010,B0053,C037,SUP0101,active,2024-12-24 13:10:58,4.81,2
P000251,轻享034生鲜果蔬商品0251,S0011,B0034,C015,SUP0143,active,2026-02-25 15:12:43,5.9,17
P000252,智造058宠物生活商品0252,S0012,B0058,C040,SUP0028,active,2026-03-07 17:18:47,10.32,13
P000253,新境142饮料冲调商品0253,S0013,B0142,C013,SUP0066,inactive,2024-06-16 10:02:24,9.51,14
P000254,智造049奶粉辅食商品0254,S0014,B0049,C028,SUP0145,active,2026-02-26 09:49:20,8.61,12
P000255,轻享063生鲜果蔬商品0255,S0015,B0063,C015,SUP0085,active,2026-05-26 19:56:21,6.45,9
P000256,轻享048健身训练商品0256,S0016,B0048,C032,SUP0132,active,2026-08-06 18:22:29,6.04,5
P000257,轻享111乐器商品0257,S0017,B0111,C038,SUP0146,active,2024-09-09 23:40:46,0.69,15
P000258,轻享063家用电器商品0258,S0018,B0063,C004,SUP0017,active,2025-03-04 12:51:16,6.15,16
P000259,极光139男装商品0259,S0019,B0139,C007,SUP0147,active,2024-06-15 02:42:09,5.23,5
P000260,悦己006运动鞋服商品0260,S0020,B0006,C009,SUP0090,active,2024-12-10 10:57:29,2.16,1
P000261,悦己125清洁用品商品0261,S0021,B0125,C019,SUP0101,inactive,2025-04-07 09:36:09,10.28,2
P000262,智造080运动鞋服商品0262,S0022,B0080,C009,SUP0032,active,2025-08-20 10:07:07,5.57,8
P000263,元气013家用电器商品0263,S0023,B0013,C004,SUP0089,active,2025-01-25 06:33:24,11.27,22
P000264,新境047婴童用品商品0264,S0024,B0047,C027,SUP0101,active,2024-08-14 18:08:51,10.18,16
P000265,云谷098运动鞋服商品0265,S0025,B0098,C009,SUP0086,active,2026-02-11 05:26:34,6.58,10
P000266,云谷145箱包配饰商品0266,S0026,B0145,C010,SUP0014,active,2026-03-01 01:06:55,8.72,12
P000267,本色019户外装备商品0267,S0027,B0019,C033,SUP0082,active,2026-03-28 10:41:29,3.25,21
P000268,本色110彩妆商品0268,S0028,B0110,C023,SUP0143,active,2026-06-03 08:45:58,2.39,3
P000269,智造102骑行商品0269,S0029,B0102,C034,SUP0039,active,2026-04-10 04:20:10,11.69,24
P000270,本色019健身训练商品0270,S0030,B0019,C032,SUP0053,draft,2026-05-31 06:16:45,6.61,9
P000271,极光030玩具商品0271,S0031,B0030,C029,SUP0133,draft,2024-10-17 08:45:35,9.99,3
P000272,元气004智能设备商品0272,S0032,B0004,C005,SUP0104,active,2026-04-24 02:39:17,3.8,3
P000273,星辰023饮料冲调商品0273,S0033,B0023,C013,SUP0042,inactive,2025-02-13 15:24:45,7.79,7
P000274,悦己093婴童用品商品0274,S0034,B0093,C027,SUP0038,active,2026-07-20 10:04:19,3.02,6
P000275,青禾061手机通讯商品0275,S0035,B0061,C002,SUP0018,draft,2025-02-23 07:34:44,5.91,2
P000276,青禾115电脑办公商品0276,S0036,B0115,C003,SUP0065,active,2025-10-15 12:10:47,1.23,20
P000277,轻享034户外装备商品0277,S0037,B0034,C033,SUP0095,active,2025-05-18 00:50:49,1.57,11
P000278,轻享032童装童鞋商品0278,S0038,B0032,C030,SUP0068,active,2024-03-27 22:27:54,9.12,0
P000279,青禾039运动鞋服商品0279,S0039,B0039,C009,SUP0140,active,2026-06-15 12:22:19,4.0,4
P000280,元气094清洁用品商品0280,S0040,B0094,C019,SUP0094,active,2025-12-26 02:35:28,8.9,7
P000281,轻享032文创商品0281,S0041,B0032,C039,SUP0081,active,2025-09-26 23:02:11,9.68,4
P000282,新境150健身训练商品0282,S0042,B0150,C032,SUP0057,active,2026-04-16 07:59:54,1.03,20
P000283,星辰114清洁用品商品0283,S0043,B0114,C019,SUP0010,active,2026-03-26 12:47:07,4.26,10
P000284,云谷146家具商品0284,S0044,B0146,C020,SUP0055,active,2025-03-06 17:52:38,9.2,23
P000285,轻享040骑行商品0285,S0045,B0040,C034,SUP0046,active,2026-01-24 11:38:04,3.36,24
P000286,星辰101健身训练商品0286,S0046,B0101,C032,SUP0026,active,2025-11-08 18:08:08,6.37,16
P000287,新境117手机通讯商品0287,S0047,B0117,C002,SUP0046,active,2026-07-01 22:42:28,3.56,22
P000288,轻享111男装商品0288,S0048,B0111,C007,SUP0133,active,2026-07-03 08:59:01,8.2,23
P000289,本色090童装童鞋商品0289,S0049,B0090,C030,SUP0006,active,2026-06-29 22:16:10,2.95,4
P000290,极光139智能设备商品0290,S0050,B0139,C005,SUP0061,active,2026-01-11 15:25:06,3.43,15
P000291,智造140洗护商品0291,S0051,B0140,C024,SUP0033,active,2025-05-22 23:42:04,3.6,8
P000292,智造054手机通讯商品0292,S0052,B0054,C002,SUP0071,active,2026-01-01 08:07:26,2.49,22
P000293,智造007个人护理商品0293,S0053,B0007,C025,SUP0148,active,2026-06-26 17:31:05,7.23,4
P000294,新境134洗护商品0294,S0054,B0134,C024,SUP0106,active,2026-04-06 21:17:41,6.77,6
P000295,星辰060手机通讯商品0295,S0055,B0060,C002,SUP0005,active,2026-01-28 03:25:16,3.34,0
P000296,极光072个人护理商品0296,S0056,B0072,C025,SUP0048,active,2025-10-17 08:20:20,9.85,8
P000297,本色097家纺商品0297,S0057,B0097,C017,SUP0081,active,2026-06-17 19:13:18,10.43,19
P000298,智造064清洁用品商品0298,S0058,B0064,C019,SUP0073,active,2024-04-12 23:20:52,10.89,8
P000299,轻享010婴童用品商品0299,S0059,B0010,C027,SUP0048,active,2026-03-11 01:25:01,2.1,15
P000300,星辰096奶粉辅食商品0300,S0060,B0096,C028,SUP0030,active,2025-01-22 12:51:20,5.99,2
P000301,云谷146彩妆商品0301,S0061,B0146,C023,SUP0145,active,2026-04-28 04:33:45,7.42,3
P000302,智造012奶粉辅食商品0302,S0062,B0012,C028,SUP0058,active,2025-11-13 11:49:31,6.67,2
P000303,智造080图书商品0303,S0063,B0080,C037,SUP0076,active,2025-02-02 09:27:37,5.88,9
P000304,星辰042生鲜果蔬商品0304,S0064,B0042,C015,SUP0050,active,2026-03-02 08:36:11,5.98,18
P000305,本色070户外装备商品0305,S0065,B0070,C033,SUP0126,active,2026-03-28 17:10:12,7.78,10
P000306,本色110玩具商品0306,S0066,B0110,C029,SUP0103,inactive,2025-12-22 20:18:54,11.13,7
P000307,本色097智能设备商品0307,S0067,B0097,C005,SUP0131,active,2025-05-30 06:01:48,7.44,17
P000308,悦己126女装商品0308,S0068,B0126,C008,SUP0054,active,2024-04-10 13:51:07,9.96,19
P000309,悦己014休闲食品商品0309,S0069,B0014,C012,SUP0115,active,2025-12-18 03:19:25,11.09,23
P000310,本色147图书商品0310,S0070,B0147,C037,SUP0122,active,2025-07-01 12:48:32,4.02,9
P000311,极光030箱包配饰商品0311,S0071,B0030,C010,SUP0027,active,2026-02-18 08:17:48,11.75,18
P000312,本色105洗护商品0312,S0072,B0105,C024,SUP0025,active,2024-05-18 23:01:33,10.94,3
P000313,智造102玩具商品0313,S0073,B0102,C029,SUP0027,active,2026-04-04 02:40:02,7.66,21
P000314,本色123婴童用品商品0314,S0074,B0123,C027,SUP0018,active,2024-10-17 13:51:42,2.71,1
P000315,元气069婴童用品商品0315,S0075,B0069,C027,SUP0036,active,2024-05-17 20:49:34,9.48,3
P000316,轻享079婴童用品商品0316,S0076,B0079,C027,SUP0005,active,2024-09-26 03:52:47,9.2,2
P000317,云谷015家纺商品0317,S0077,B0015,C017,SUP0041,active,2025-06-04 12:04:31,9.05,17
P000318,悦己144粮油调味商品0318,S0078,B0144,C014,SUP0022,active,2024-07-30 01:07:28,0.41,18
P000319,智造028彩妆商品0319,S0079,B0028,C023,SUP0090,active,2026-08-19 13:11:30,5.02,12
P000320,云谷141电脑办公商品0320,S0080,B0141,C003,SUP0133,draft,2026-03-19 11:38:14,8.31,2
P000321,新境117玩具商品0321,S0001,B0117,C029,SUP0110,active,2025-08-20 01:51:40,4.67,3
P000322,极光071家用电器商品0322,S0002,B0071,C004,SUP0146,active,2025-04-14 23:47:38,5.04,11
P000323,悦己148箱包配饰商品0323,S0003,B0148,C010,SUP0057,active,2024-11-04 12:12:49,7.86,23
P000324,轻享063生鲜果蔬商品0324,S0004,B0063,C015,SUP0052,active,2024-10-20 23:49:56,11.63,17
P000325,智造140骑行商品0325,S0005,B0140,C034,SUP0006,active,2025-11-07 05:18:38,6.55,11
P000326,星辰103饮料冲调商品0326,S0006,B0103,C013,SUP0127,active,2025-03-18 06:03:36,5.31,6
P000327,星辰077护肤商品0327,S0007,B0077,C022,SUP0068,active,2026-06-03 13:19:28,5.48,8
P000328,智造109箱包配饰商品0328,S0008,B0109,C010,SUP0139,draft,2025-07-30 12:03:56,1.74,0
P000329,智造054户外装备商品0329,S0009,B0054,C033,SUP0135,active,2026-03-08 06:47:46,0.64,11
P000330,星辰003饮料冲调商品0330,S0010,B0003,C013,SUP0129,active,2024-11-10 23:53:55,5.44,23
P000331,本色118箱包配饰商品0331,S0011,B0118,C010,SUP0149,active,2025-11-12 20:38:20,9.79,9
P000332,智造102洗护商品0332,S0012,B0102,C024,SUP0058,inactive,2024-10-14 08:50:26,5.91,22
P000333,智造053女装商品0333,S0013,B0053,C008,SUP0147,active,2025-11-08 04:02:52,4.01,19
P000334,智造027家纺商品0334,S0014,B0027,C017,SUP0122,active,2025-11-06 01:51:16,8.46,1
P000335,元气004生鲜果蔬商品0335,S0015,B0004,C015,SUP0063,active,2024-06-01 11:49:21,9.81,3
P000336,轻享032清洁用品商品0336,S0016,B0032,C019,SUP0075,active,2025-09-13 06:01:42,11.99,23
P000337,星辰107彩妆商品0337,S0017,B0107,C023,SUP0033,active,2025-06-25 06:47:08,1.66,19
P000338,本色129女装商品0338,S0018,B0129,C008,SUP0150,active,2026-01-02 14:10:16,9.24,21
P000339,本色133童装童鞋商品0339,S0019,B0133,C030,SUP0019,inactive,2025-10-15 21:17:37,3.75,11
P000340,轻享063运动鞋服商品0340,S0020,B0063,C009,SUP0090,active,2025-09-18 10:44:26,7.25,4
P000341,本色123粮油调味商品0341,S0021,B0123,C014,SUP0091,active,2024-03-27 17:45:31,7.61,0
P000342,云谷075奶粉辅食商品0342,S0022,B0075,C028,SUP0038,active,2024-06-28 08:08:53,4.52,4
P000343,青禾039家用电器商品0343,S0023,B0039,C004,SUP0018,active,2026-08-09 01:36:46,3.49,13
P000344,智造049运动鞋服商品0344,S0024,B0049,C009,SUP0021,active,2025-01-06 15:29:10,5.97,20
P000345,星辰103休闲食品商品0345,S0025,B0103,C012,SUP0132,active,2025-08-18 19:18:14,10.21,4
P000346,智造036饮料冲调商品0346,S0026,B0036,C013,SUP0028,inactive,2025-08-06 00:17:21,10.23,5
P000347,轻享111厨具商品0347,S0027,B0111,C018,SUP0068,active,2025-01-28 02:21:44,4.39,7
P000348,极光052婴童用品商品0348,S0028,B0052,C027,SUP0043,active,2025-04-08 16:38:00,6.16,13
P000349,青禾066饮料冲调商品0349,S0029,B0066,C013,SUP0142,active,2025-02-22 14:12:37,3.12,13
P000350,轻享079箱包配饰商品0350,S0030,B0079,C010,SUP0001,active,2026-07-26 00:44:24,3.79,5
P000351,元气082宠物生活商品0351,S0031,B0082,C040,SUP0071,active,2024-08-19 21:33:43,4.84,15
P000352,元气020厨具商品0352,S0032,B0020,C018,SUP0041,inactive,2025-05-16 05:56:47,9.39,5
P000353,青禾104运动鞋服商品0353,S0033,B0104,C009,SUP0005,active,2024-10-16 17:03:22,4.36,15
P000354,元气095护肤商品0354,S0034,B0095,C022,SUP0118,active,2026-07-06 01:39:04,11.36,11
P000355,新境033智能设备商品0355,S0035,B0033,C005,SUP0076,draft,2025-10-09 01:28:45,10.93,1
P000356,悦己029玩具商品0356,S0036,B0029,C029,SUP0113,active,2026-04-22 10:50:59,0.25,17
P000357,本色067箱包配饰商品0357,S0037,B0067,C010,SUP0005,active,2025-07-13 06:18:49,2.7,23
P000358,元气089粮油调味商品0358,S0038,B0089,C014,SUP0004,draft,2025-01-18 00:27:59,10.1,14
P000359,青禾066男装商品0359,S0039,B0066,C007,SUP0068,active,2025-04-15 05:25:33,0.23,1
P000360,智造044男装商品0360,S0040,B0044,C007,SUP0121,active,2025-10-24 04:02:04,5.59,12
P000361,星辰003女装商品0361,S0041,B0003,C008,SUP0109,active,2026-08-04 14:31:31,5.85,2
P000362,智造027健身训练商品0362,S0042,B0027,C032,SUP0003,active,2026-07-07 22:20:34,4.68,5
P000363,悦己130图书商品0363,S0043,B0130,C037,SUP0133,active,2026-08-20 09:34:31,10.94,18
P000364,本色070家具商品0364,S0044,B0070,C020,SUP0045,inactive,2024-06-08 20:21:16,4.12,24
P000365,星辰003清洁用品商品0365,S0045,B0003,C019,SUP0130,active,2024-10-26 03:18:19,9.11,21
P000366,悦己038护肤商品0366,S0046,B0038,C022,SUP0121,active,2025-06-11 11:36:22,6.69,0
P000367,星辰116手机通讯商品0367,S0047,B0116,C002,SUP0110,inactive,2024-03-26 03:14:10,6.85,13
P000368,智造053清洁用品商品0368,S0048,B0053,C019,SUP0074,active,2024-04-27 12:49:55,10.02,5
P000369,极光065个人护理商品0369,S0049,B0065,C025,SUP0061,active,2026-05-28 03:00:20,3.15,7
P000370,智造059文创商品0370,S0050,B0059,C039,SUP0091,active,2024-11-30 20:51:34,5.56,22
P000371,云谷146体育用品商品0371,S0051,B0146,C035,SUP0017,active,2026-05-09 18:01:40,10.83,23
P000372,青禾104乐器商品0372,S0052,B0104,C038,SUP0119,active,2026-03-21 12:49:54,2.1,3
P000373,轻享111家用电器商品0373,S0053,B0111,C004,SUP0105,active,2024-12-23 08:45:48,11.69,9
P000374,本色110文创商品0374,S0054,B0110,C039,SUP0066,active,2025-02-11 01:52:17,8.85,3
P000375,悦己093厨具商品0375,S0055,B0093,C018,SUP0090,inactive,2026-04-28 21:49:47,8.72,12
P000376,新境137体育用品商品0376,S0056,B0137,C035,SUP0030,active,2026-01-14 04:07:57,11.88,23
P000377,星辰008饮料冲调商品0377,S0057,B0008,C013,SUP0111,inactive,2026-08-02 18:23:24,2.01,16
P000378,新境117箱包配饰商品0378,S0058,B0117,C010,SUP0044,active,2024-09-09 18:04:01,6.44,4
P000379,本色123清洁用品商品0379,S0059,B0123,C019,SUP0129,active,2024-03-21 19:28:17,0.47,0
P000380,云谷001生鲜果蔬商品0380,S0060,B0001,C015,SUP0069,active,2025-01-03 00:36:24,6.56,13
P000381,智造140智能设备商品0381,S0061,B0140,C005,SUP0126,active,2024-06-02 02:25:18,11.48,21
P000382,悦己074宠物生活商品0382,S0062,B0074,C040,SUP0029,active,2024-06-28 14:26:32,6.35,21
P000383,本色129家用电器商品0383,S0063,B0129,C004,SUP0007,active,2026-06-03 13:55:28,3.68,17
P000384,云谷145文创商品0384,S0064,B0145,C039,SUP0112,active,2024-06-11 06:31:46,7.05,9
P000385,青禾066玩具商品0385,S0065,B0066,C029,SUP0100,active,2026-08-20 23:10:12,11.46,0
P000386,元气051休闲食品商品0386,S0066,B0051,C012,SUP0141,active,2024-12-22 09:31:52,2.39,5
P000387,轻享032家具商品0387,S0067,B0032,C020,SUP0034,draft,2024-12-25 06:08:34,6.98,10
P000388,本色067户外装备商品0388,S0068,B0067,C033,SUP0075,active,2024-07-08 21:34:23,3.75,20
P000389,悦己029个人护理商品0389,S0069,B0029,C025,SUP0055,inactive,2026-08-05 07:24:06,9.2,15
P000390,智造053童装童鞋商品0390,S0070,B0053,C030,SUP0027,active,2024-07-01 08:49:48,5.96,12
P000391,青禾061女装商品0391,S0071,B0061,C008,SUP0010,active,2025-04-13 20:32:10,1.46,15
P000392,云谷098婴童用品商品0392,S0072,B0098,C027,SUP0107,active,2026-08-04 19:20:47,1.96,19
P000393,星辰096男装商品0393,S0073,B0096,C007,SUP0018,active,2026-07-04 19:59:09,3.33,7
P000394,星辰060粮油调味商品0394,S0074,B0060,C014,SUP0145,active,2026-04-03 00:18:21,5.23,6
P000395,新境137家纺商品0395,S0075,B0137,C017,SUP0066,active,2025-04-13 03:49:11,10.55,5
P000396,极光121个人护理商品0396,S0076,B0121,C025,SUP0113,active,2025-06-26 09:17:42,5.39,1
P000397,元气128男装商品0397,S0077,B0128,C007,SUP0049,active,2025-03-04 07:33:04,1.34,2
P000398,极光072童装童鞋商品0398,S0078,B0072,C030,SUP0057,active,2025-10-01 10:37:39,0.23,21
P000399,星辰107家用电器商品0399,S0079,B0107,C004,SUP0149,active,2024-07-19 07:25:28,6.02,2
P000400,轻享022手机通讯商品0400,S0080,B0022,C002,SUP0007,active,2026-04-30 14:24:28,5.68,5
P000401,云谷145彩妆商品0401,S0001,B0145,C023,SUP0107,active,2025-03-09 13:42:33,9.92,16
P000402,云谷075女装商品0402,S0002,B0075,C008,SUP0069,active,2025-01-11 06:16:28,7.91,10
P000403,新境041户外装备商品0403,S0003,B0041,C033,SUP0145,active,2026-06-23 14:28:23,8.48,14
P000404,本色097家用电器商品0404,S0004,B0097,C004,SUP0132,active,2026-06-15 16:04:32,3.86,2
P000405,极光057电脑办公商品0405,S0005,B0057,C003,SUP0006,active,2025-11-11 03:33:38,11.62,10
P000406,智造140粮油调味商品0406,S0006,B0140,C014,SUP0085,active,2025-10-16 01:28:37,0.63,17
P000407,云谷146健身训练商品0407,S0007,B0146,C032,SUP0124,active,2025-10-16 03:38:26,6.32,16
P000408,轻享043女装商品0408,S0008,B0043,C008,SUP0135,active,2026-01-23 13:56:13,2.68,17
P000409,轻享022个人护理商品0409,S0009,B0022,C025,SUP0067,active,2024-10-05 02:21:00,3.28,14
P000410,元气051男装商品0410,S0010,B0051,C007,SUP0053,active,2026-02-04 23:59:18,11.11,17
P000411,本色070智能设备商品0411,S0011,B0070,C005,SUP0113,active,2024-10-13 18:06:41,4.42,7
P000412,元气089彩妆商品0412,S0012,B0089,C023,SUP0149,active,2024-05-20 13:45:05,1.06,23
P000413,云谷025手机通讯商品0413,S0013,B0025,C002,SUP0014,active,2025-02-19 16:26:43,11.7,5
P000414,星辰018个人护理商品0414,S0014,B0018,C025,SUP0101,active,2026-03-04 03:40:24,1.92,9
P000415,云谷015奶粉辅食商品0415,S0015,B0015,C028,SUP0073,inactive,2025-09-27 09:06:12,11.66,8
P000416,极光046饮料冲调商品0416,S0016,B0046,C013,SUP0032,active,2026-01-19 15:04:30,0.46,13
P000417,悦己126女装商品0417,S0017,B0126,C008,SUP0102,active,2025-11-09 15:43:25,1.32,8
P000418,极光136婴童用品商品0418,S0018,B0136,C027,SUP0045,active,2024-12-21 04:50:18,5.14,5
P000419,新境031手机通讯商品0419,S0019,B0031,C002,SUP0127,active,2024-03-12 15:49:18,6.05,11
P000420,极光050文创商品0420,S0020,B0050,C039,SUP0081,active,2025-07-12 23:02:51,8.19,4
P000421,云谷124体育用品商品0421,S0021,B0124,C035,SUP0026,active,2025-04-20 11:57:23,6.15,17
P000422,新境132饮料冲调商品0422,S0022,B0132,C013,SUP0114,active,2024-12-19 17:58:04,9.37,20
P000423,云谷098手机通讯商品0423,S0023,B0098,C002,SUP0060,active,2025-08-14 00:04:05,9.6,14
P000424,青禾017厨具商品0424,S0024,B0017,C018,SUP0073,active,2024-11-01 15:13:31,8.24,15
P000425,云谷124玩具商品0425,S0025,B0124,C029,SUP0018,active,2025-08-23 18:58:16,8.1,13
P000426,智造044图书商品0426,S0026,B0044,C037,SUP0135,inactive,2026-04-03 04:14:15,2.16,6
P000427,新境117男装商品0427,S0027,B0117,C007,SUP0088,active,2025-04-27 20:47:50,10.36,11
P000428,新境047奶粉辅食商品0428,S0028,B0047,C028,SUP0036,inactive,2025-02-07 07:50:28,1.1,11
P000429,智造007图书商品0429,S0029,B0007,C037,SUP0009,active,2026-08-09 23:21:45,10.93,20
P000430,极光136电脑办公商品0430,S0030,B0136,C003,SUP0072,active,2026-04-23 05:08:59,9.45,19
P000431,星辰096婴童用品商品0431,S0031,B0096,C027,SUP0149,active,2026-06-17 21:40:40,9.05,6
P000432,新境143家用电器商品0432,S0032,B0143,C004,SUP0015,active,2025-10-21 14:50:53,0.53,6
P000433,智造102智能设备商品0433,S0033,B0102,C005,SUP0127,draft,2026-08-09 09:27:44,2.61,22
P000434,本色097洗护商品0434,S0034,B0097,C024,SUP0043,active,2024-07-06 16:07:03,7.31,15
P000435,新境031男装商品0435,S0035,B0031,C007,SUP0128,active,2026-01-23 14:37:57,0.9,20
P000436,悦己144文创商品0436,S0036,B0144,C039,SUP0076,active,2024-12-26 10:01:23,2.46,0
P000437,极光065彩妆商品0437,S0037,B0065,C023,SUP0136,active,2025-06-18 19:53:40,9.88,18
P000438,本色067电脑办公商品0438,S0038,B0067,C003,SUP0002,active,2026-01-15 15:57:57,1.87,16
P000439,轻享111厨具商品0439,S0039,B0111,C018,SUP0085,active,2025-11-25 11:04:08,8.32,21
P000440,新境041运动鞋服商品0440,S0040,B0041,C009,SUP0068,active,2026-06-06 01:08:44,4.5,20
P000441,极光052清洁用品商品0441,S0041,B0052,C019,SUP0093,active,2026-02-15 14:48:59,11.04,18
P000442,本色067清洁用品商品0442,S0042,B0067,C019,SUP0047,active,2024-08-13 12:44:52,10.46,19
P000443,星辰003家具商品0443,S0043,B0003,C020,SUP0139,active,2026-04-09 06:41:40,2.64,7
P000444,极光030清洁用品商品0444,S0044,B0030,C019,SUP0082,active,2026-01-29 13:44:19,6.71,0
P000445,新境134婴童用品商品0445,S0045,B0134,C027,SUP0017,active,2026-08-16 01:07:43,3.37,20
P000446,本色067彩妆商品0446,S0046,B0067,C023,SUP0058,active,2024-10-22 22:15:44,1.36,10
P000447,元气055电脑办公商品0447,S0047,B0055,C003,SUP0008,active,2025-10-13 01:44:54,10.27,13
P000448,轻享022粮油调味商品0448,S0048,B0022,C014,SUP0011,active,2024-10-26 15:21:22,9.98,5
P000449,悦己144宠物生活商品0449,S0049,B0144,C040,SUP0019,active,2025-04-18 17:57:41,9.63,8
P000450,智造064健身训练商品0450,S0050,B0064,C032,SUP0002,active,2026-04-12 17:10:51,1.82,14
P000451,星辰008彩妆商品0451,S0051,B0008,C023,SUP0041,active,2025-08-21 22:37:20,3.13,3
P000452,智造080家用电器商品0452,S0052,B0080,C004,SUP0026,active,2025-07-28 18:38:41,9.95,19
P000453,智造044图书商品0453,S0053,B0044,C037,SUP0128,active,2026-08-17 12:07:46,3.15,18
P000454,本色070女装商品0454,S0054,B0070,C008,SUP0051,active,2026-01-22 08:03:31,2.93,17
P000455,星辰103女装商品0455,S0055,B0103,C008,SUP0009,active,2025-05-15 13:14:01,9.27,8
P000456,星辰024电脑办公商品0456,S0056,B0024,C003,SUP0092,active,2025-05-24 11:27:35,9.13,1
P000457,智造064文创商品0457,S0057,B0064,C039,SUP0124,active,2024-05-11 22:14:38,6.51,10
P000458,新境135宠物生活商品0458,S0058,B0135,C040,SUP0087,active,2025-09-15 14:40:36,1.95,4
P000459,轻享149奶粉辅食商品0459,S0059,B0149,C028,SUP0006,active,2026-08-11 22:14:17,5.39,12
P000460,新境137文创商品0460,S0060,B0137,C039,SUP0101,active,2026-05-24 10:10:23,2.73,3
P000461,本色123厨具商品0461,S0061,B0123,C018,SUP0140,active,2024-07-26 11:08:55,6.33,13
P000462,智造109智能设备商品0462,S0062,B0109,C005,SUP0075,active,2026-07-06 17:21:40,5.3,16
P000463,轻享119图书商品0463,S0063,B0119,C037,SUP0083,active,2026-01-26 11:03:57,3.39,9
P000464,青禾017图书商品0464,S0064,B0017,C037,SUP0076,active,2025-11-01 22:08:42,10.02,0
P000465,智造131洗护商品0465,S0065,B0131,C024,SUP0104,active,2026-04-16 15:35:30,11.89,23
P000466,智造054家纺商品0466,S0066,B0054,C017,SUP0006,inactive,2024-05-04 03:30:32,2.61,16
P000467,悦己029运动鞋服商品0467,S0067,B0029,C009,SUP0148,active,2026-02-05 01:19:11,4.91,16
P000468,本色067健身训练商品0468,S0068,B0067,C032,SUP0046,active,2025-02-26 19:51:32,1.71,6
P000469,青禾066女装商品0469,S0069,B0066,C008,SUP0103,active,2025-02-23 15:11:14,0.27,0
P000470,青禾115家纺商品0470,S0070,B0115,C017,SUP0043,active,2024-08-08 09:07:12,9.29,4
P000471,云谷145男装商品0471,S0071,B0145,C007,SUP0122,active,2024-12-17 14:44:02,6.41,22
P000472,本色123乐器商品0472,S0072,B0123,C038,SUP0131,active,2026-05-18 19:44:40,10.21,9
P000473,极光120婴童用品商品0473,S0073,B0120,C027,SUP0079,active,2025-05-02 02:55:35,3.36,14
P000474,本色021电脑办公商品0474,S0074,B0021,C003,SUP0013,inactive,2024-04-21 16:55:36,4.47,1
P000475,本色097粮油调味商品0475,S0075,B0097,C014,SUP0079,active,2025-12-09 01:04:33,7.89,7
P000476,青禾066清洁用品商品0476,S0076,B0066,C019,SUP0022,active,2025-07-27 22:49:44,0.92,5
P000477,新境134奶粉辅食商品0477,S0077,B0134,C028,SUP0114,active,2024-08-17 01:22:52,8.32,5
P000478,极光057男装商品0478,S0078,B0057,C007,SUP0047,active,2024-05-01 03:18:57,2.22,22
P000479,智造007玩具商品0479,S0079,B0007,C029,SUP0139,inactive,2024-03-08 00:43:35,2.43,12
P000480,云谷113家具商品0480,S0080,B0113,C020,SUP0133,active,2024-03-16 13:55:53,4.73,5
P000481,青禾092运动鞋服商品0481,S0001,B0092,C009,SUP0126,active,2026-02-20 14:11:51,4.25,18
P000482,极光071婴童用品商品0482,S0002,B0071,C027,SUP0148,active,2025-11-04 13:45:27,6.96,11
P000483,元气013户外装备商品0483,S0003,B0013,C033,SUP0108,active,2026-05-14 12:51:37,10.07,0
P000484,智造058休闲食品商品0484,S0004,B0058,C012,SUP0008,active,2026-06-24 07:59:54,2.19,4
P000485,星辰042骑行商品0485,S0005,B0042,C034,SUP0089,active,2024-11-17 12:31:50,3.65,16
P000486,元气128粮油调味商品0486,S0006,B0128,C014,SUP0018,active,2025-02-26 03:47:58,4.98,14
P000487,青禾017家纺商品0487,S0007,B0017,C017,SUP0071,active,2025-01-02 03:34:42,6.58,1
P000488,轻享040彩妆商品0488,S0008,B0040,C023,SUP0069,active,2026-08-02 08:16:35,10.9,5
P000489,新境045运动鞋服商品0489,S0009,B0045,C009,SUP0048,active,2024-06-05 02:00:38,4.36,18
P000490,新境132宠物生活商品0490,S0010,B0132,C040,SUP0132,active,2024-05-14 14:40:55,3.97,12
P000491,星辰060女装商品0491,S0011,B0060,C008,SUP0031,active,2025-03-12 21:24:02,2.83,0
P000492,悦己130乐器商品0492,S0012,B0130,C038,SUP0005,active,2024-12-19 06:19:21,11.07,21
P000493,青禾104文创商品0493,S0013,B0104,C039,SUP0064,inactive,2026-05-31 22:22:26,4.75,23
P000494,轻享119图书商品0494,S0014,B0119,C037,SUP0007,active,2024-10-24 23:20:01,4.02,5
P000495,青禾104童装童鞋商品0495,S0015,B0104,C030,SUP0034,active,2024-06-11 13:49:02,0.3,17
P000496,元气069图书商品0496,S0016,B0069,C037,SUP0116,active,2026-07-19 11:15:02,5.05,21
P000497,云谷141个人护理商品0497,S0017,B0141,C025,SUP0106,active,2024-03-21 08:32:18,2.08,22
P000498,本色118男装商品0498,S0018,B0118,C007,SUP0089,active,2024-08-05 14:04:39,2.56,13
P000499,云谷113厨具商品0499,S0019,B0113,C018,SUP0121,active,2025-04-05 06:24:18,11.69,15
P000500,智造059电脑办公商品0500,S0020,B0059,C003,SUP0072,active,2024-05-16 21:10:24,8.19,10
P000501,轻享002洗护商品0501,S0021,B0002,C024,SUP0100,active,2024-03-17 10:24:14,10.66,18
P000502,星辰107箱包配饰商品0502,S0022,B0107,C010,SUP0012,active,2024-11-08 09:37:29,6.95,21
P000503,元气094乐器商品0503,S0023,B0094,C038,SUP0077,active,2024-06-22 11:55:03,7.25,5
P000504,智造026粮油调味商品0504,S0024,B0026,C014,SUP0060,active,2024-11-28 19:07:35,5.68,9
P000505,悦己074护肤商品0505,S0025,B0074,C022,SUP0055,active,2025-01-06 06:18:41,10.69,11
P000506,智造007生鲜果蔬商品0506,S0026,B0007,C015,SUP0022,active,2025-11-03 07:02:04,5.31,4
P000507,轻享034护肤商品0507,S0027,B0034,C022,SUP0066,active,2024-07-04 04:51:03,11.1,7
P000508,新境078智能设备商品0508,S0028,B0078,C005,SUP0120,active,2026-08-02 17:07:15,3.76,13
P000509,智造012童装童鞋商品0509,S0029,B0012,C030,SUP0101,active,2024-11-26 11:05:42,8.06,14
P000510,新境088家具商品0510,S0030,B0088,C020,SUP0042,active,2026-03-02 01:53:24,9.25,1
P000511,极光100厨具商品0511,S0031,B0100,C018,SUP0047,active,2024-12-21 20:02:45,5.37,3
P000512,智造064厨具商品0512,S0032,B0064,C018,SUP0059,active,2024-05-27 13:48:52,3.05,1
P000513,悦己035乐器商品0513,S0033,B0035,C038,SUP0094,active,2025-08-08 05:49:45,5.18,7
P000514,新境088箱包配饰商品0514,S0034,B0088,C010,SUP0074,active,2024-10-10 15:44:16,4.33,24
P000515,轻享063手机通讯商品0515,S0035,B0063,C002,SUP0080,active,2025-03-28 17:24:39,5.1,7
P000516,元气082粮油调味商品0516,S0036,B0082,C014,SUP0058,active,2025-03-26 22:09:24,11.25,21
P000517,星辰096清洁用品商品0517,S0037,B0096,C019,SUP0072,active,2025-03-09 19:57:24,4.34,2
P000518,悦己126骑行商品0518,S0038,B0126,C034,SUP0045,active,2026-05-24 00:43:27,7.58,16
P000519,本色133清洁用品商品0519,S0039,B0133,C019,SUP0037,active,2025-06-23 08:53:51,10.44,7
P000520,本色129男装商品0520,S0040,B0129,C007,SUP0109,inactive,2025-06-20 03:11:21,7.22,6
P000521,悦己099电脑办公商品0521,S0041,B0099,C003,SUP0097,active,2026-07-26 02:52:52,5.14,15
P000522,新境137家纺商品0522,S0042,B0137,C017,SUP0101,active,2026-07-17 15:18:26,9.16,15
P000523,智造109童装童鞋商品0523,S0043,B0109,C030,SUP0143,active,2024-11-06 09:57:45,9.3,3
P000524,云谷141玩具商品0524,S0044,B0141,C029,SUP0094,active,2024-09-10 06:45:43,8.89,11
P000525,新境150家用电器商品0525,S0045,B0150,C004,SUP0091,active,2025-10-04 00:34:02,10.33,12
P000526,元气055家具商品0526,S0046,B0055,C020,SUP0073,active,2024-12-28 20:27:59,11.26,7
P000527,轻享043乐器商品0527,S0047,B0043,C038,SUP0054,active,2024-05-30 19:01:31,10.67,8
P000528,悦己093手机通讯商品0528,S0048,B0093,C002,SUP0042,active,2024-09-17 07:11:54,5.91,22
P000529,悦己093户外装备商品0529,S0049,B0093,C033,SUP0082,active,2025-04-28 19:44:44,1.69,8
P000530,悦己144清洁用品商品0530,S0050,B0144,C019,SUP0067,active,2025-04-23 13:37:35,5.27,16
P000531,轻享149家纺商品0531,S0051,B0149,C017,SUP0017,active,2024-11-15 20:29:57,9.64,16
P000532,轻享111家纺商品0532,S0052,B0111,C017,SUP0061,active,2025-04-16 03:31:30,5.67,9
P000533,智造109护肤商品0533,S0053,B0109,C022,SUP0051,active,2024-11-13 04:02:47,11.72,22
P000534,本色129婴童用品商品0534,S0054,B0129,C027,SUP0109,active,2026-02-23 21:10:35,7.23,8
P000535,本色021婴童用品商品0535,S0055,B0021,C027,SUP0004,active,2025-12-18 06:40:39,4.78,17
P000536,云谷001户外装备商品0536,S0056,B0001,C033,SUP0134,inactive,2025-11-20 18:57:55,9.11,23
P000537,青禾017女装商品0537,S0057,B0017,C008,SUP0058,active,2025-08-19 19:27:27,7.05,13
P000538,极光139休闲食品商品0538,S0058,B0139,C012,SUP0124,active,2026-02-16 03:01:39,4.08,18
P000539,青禾083饮料冲调商品0539,S0059,B0083,C013,SUP0017,active,2024-10-09 18:19:12,10.47,8
P000540,新境134清洁用品商品0540,S0060,B0134,C019,SUP0018,active,2025-01-25 15:20:24,6.63,8
P000541,元气094个人护理商品0541,S0061,B0094,C025,SUP0126,active,2024-07-14 07:24:06,5.63,22
P000542,元气084洗护商品0542,S0062,B0084,C024,SUP0004,active,2024-04-05 00:46:04,6.36,16
P000543,本色016个人护理商品0543,S0063,B0016,C025,SUP0137,active,2026-07-20 18:58:32,1.17,7
P000544,本色105婴童用品商品0544,S0064,B0105,C027,SUP0048,active,2024-05-17 07:11:09,6.48,19
P000545,智造131家纺商品0545,S0065,B0131,C017,SUP0090,active,2024-09-10 19:56:53,2.77,15
P000546,星辰096彩妆商品0546,S0066,B0096,C023,SUP0020,active,2026-05-07 03:35:04,2.03,20
P000547,悦己148粮油调味商品0547,S0067,B0148,C014,SUP0032,active,2024-07-20 20:45:42,10.78,0
P000548,新境132手机通讯商品0548,S0068,B0132,C002,SUP0042,active,2025-04-08 04:19:07,0.43,4
P000549,本色123家用电器商品0549,S0069,B0123,C004,SUP0058,active,2026-05-13 15:21:03,8.79,13
P000550,智造059男装商品0550,S0070,B0059,C007,SUP0106,active,2024-12-04 04:15:41,7.24,5
P000551,悦己006家纺商品0551,S0071,B0006,C017,SUP0078,active,2025-08-22 01:53:12,9.38,2
P000552,云谷124家纺商品0552,S0072,B0124,C017,SUP0060,active,2026-02-25 18:01:01,7.69,12
P000553,青禾104休闲食品商品0553,S0073,B0104,C012,SUP0126,active,2024-03-09 13:31:35,5.37,6
P000554,云谷098运动鞋服商品0554,S0074,B0098,C009,SUP0040,active,2026-04-03 02:14:02,5.75,18
P000555,元气094婴童用品商品0555,S0075,B0094,C027,SUP0060,inactive,2024-08-16 22:33:19,6.75,1
P000556,轻享149户外装备商品0556,S0076,B0149,C033,SUP0140,active,2025-01-12 17:18:01,2.11,3
P000557,极光005电脑办公商品0557,S0077,B0005,C003,SUP0063,inactive,2024-05-08 09:04:13,6.29,22
P000558,本色097运动鞋服商品0558,S0078,B0097,C009,SUP0089,active,2025-06-12 20:37:37,4.16,11
P000559,星辰096家具商品0559,S0079,B0096,C020,SUP0098,active,2024-07-01 19:43:43,3.0,20
P000560,元气069家用电器商品0560,S0080,B0069,C004,SUP0055,active,2025-09-25 15:58:11,1.14,22
P000561,悦己099洗护商品0561,S0001,B0099,C024,SUP0124,inactive,2026-05-16 18:01:55,5.89,3
P000562,悦己056个人护理商品0562,S0002,B0056,C025,SUP0145,active,2026-01-26 01:16:59,11.95,4
P000563,轻享022手机通讯商品0563,S0003,B0022,C002,SUP0088,active,2026-03-25 19:40:28,3.07,14
P000564,悦己099宠物生活商品0564,S0004,B0099,C040,SUP0091,active,2025-07-17 20:02:18,11.44,7
P000565,悦己099奶粉辅食商品0565,S0005,B0099,C028,SUP0089,active,2026-06-26 20:13:35,0.76,18
P000566,智造131户外装备商品0566,S0006,B0131,C033,SUP0072,active,2024-05-19 09:00:00,3.84,22
P000567,星辰122粮油调味商品0567,S0007,B0122,C014,SUP0010,active,2024-04-13 13:57:49,3.82,2
P000568,极光072电脑办公商品0568,S0008,B0072,C003,SUP0059,active,2024-08-01 17:53:43,1.12,8
P000569,悦己014智能设备商品0569,S0009,B0014,C005,SUP0055,active,2024-03-28 10:32:11,11.06,9
P000570,元气094婴童用品商品0570,S0010,B0094,C027,SUP0136,active,2025-12-24 17:55:09,11.8,18
P000571,青禾092运动鞋服商品0571,S0011,B0092,C009,SUP0129,active,2024-12-26 03:41:33,7.02,0
P000572,青禾138箱包配饰商品0572,S0012,B0138,C010,SUP0036,active,2024-07-03 22:39:23,2.39,8
P000573,星辰003男装商品0573,S0013,B0003,C007,SUP0140,active,2026-07-12 16:32:26,7.37,9
P000574,轻享022图书商品0574,S0014,B0022,C037,SUP0101,active,2026-08-19 21:32:52,7.04,14
P000575,元气068手机通讯商品0575,S0015,B0068,C002,SUP0071,active,2025-06-29 09:03:00,5.26,2
P000576,悦己006户外装备商品0576,S0016,B0006,C033,SUP0101,active,2025-02-26 09:00:58,10.86,21
P000577,本色097文创商品0577,S0017,B0097,C039,SUP0147,active,2025-01-07 15:38:30,3.28,23
P000578,本色118男装商品0578,S0018,B0118,C007,SUP0087,active,2024-12-24 03:06:48,7.56,4
P000579,新境033智能设备商品0579,S0019,B0033,C005,SUP0023,active,2025-03-03 06:46:49,8.5,13
P000580,悦己056智能设备商品0580,S0020,B0056,C005,SUP0042,active,2025-09-19 16:06:16,3.37,18
P000581,智造036体育用品商品0581,S0021,B0036,C035,SUP0136,active,2025-06-04 14:49:45,5.22,0
P000582,悦己099手机通讯商品0582,S0022,B0099,C002,SUP0020,active,2025-04-22 18:09:18,11.79,0
P000583,新境117奶粉辅食商品0583,S0023,B0117,C028,SUP0058,active,2026-07-27 16:07:03,10.97,22
P000584,极光005骑行商品0584,S0024,B0005,C034,SUP0072,active,2025-06-23 21:23:05,11.88,9
P000585,星辰116文创商品0585,S0025,B0116,C039,SUP0020,active,2025-07-27 23:53:36,5.88,10
P000586,极光136图书商品0586,S0026,B0136,C037,SUP0139,active,2024-08-15 19:32:23,4.35,7
P000587,云谷145运动鞋服商品0587,S0027,B0145,C009,SUP0065,active,2025-09-27 12:07:58,4.07,14
P000588,极光071男装商品0588,S0028,B0071,C007,SUP0005,active,2025-01-29 18:22:08,3.86,16
P000589,星辰023家具商品0589,S0029,B0023,C020,SUP0123,active,2025-03-19 16:22:44,10.02,9
P000590,云谷025个人护理商品0590,S0030,B0025,C025,SUP0039,inactive,2025-01-16 04:39:06,4.81,20
P000591,悦己035休闲食品商品0591,S0031,B0035,C012,SUP0059,active,2025-05-26 08:13:16,9.91,6
P000592,星辰009休闲食品商品0592,S0032,B0009,C012,SUP0064,active,2026-02-06 03:20:46,1.56,18
P000593,轻享034智能设备商品0593,S0033,B0034,C005,SUP0016,active,2024-04-04 19:40:47,5.44,11
P000594,元气084文创商品0594,S0034,B0084,C039,SUP0070,active,2024-03-11 14:44:38,7.68,15
P000595,悦己037手机通讯商品0595,S0035,B0037,C002,SUP0087,inactive,2024-11-07 02:56:36,8.57,16
P000596,本色133饮料冲调商品0596,S0036,B0133,C013,SUP0022,active,2024-03-23 04:51:11,3.51,23
P000597,悦己093骑行商品0597,S0037,B0093,C034,SUP0060,active,2025-06-22 09:54:59,1.17,17
P000598,元气013童装童鞋商品0598,S0038,B0013,C030,SUP0031,active,2024-10-28 07:40:38,8.34,15
P000599,智造058饮料冲调商品0599,S0039,B0058,C013,SUP0014,active,2025-11-20 15:11:31,0.86,2
P000600,极光071彩妆商品0600,S0040,B0071,C023,SUP0087,active,2025-06-09 11:48:24,1.95,19
P000601,星辰116护肤商品0601,S0041,B0116,C022,SUP0139,active,2024-09-11 11:53:32,7.3,23
P000602,智造054电脑办公商品0602,S0042,B0054,C003,SUP0038,active,2025-05-14 14:07:15,6.13,13
P000603,本色067童装童鞋商品0603,S0043,B0067,C030,SUP0123,active,2026-02-05 18:09:58,5.17,24
P000604,云谷124生鲜果蔬商品0604,S0044,B0124,C015,SUP0133,active,2024-12-18 12:34:45,11.9,10
P000605,本色123家纺商品0605,S0045,B0123,C017,SUP0089,active,2025-03-27 06:01:15,4.35,24
P000606,本色021手机通讯商品0606,S0046,B0021,C002,SUP0082,active,2025-07-17 16:40:02,3.12,23
P000607,新境150智能设备商品0607,S0047,B0150,C005,SUP0027,active,2024-04-11 13:50:14,6.05,19
P000608,新境117健身训练商品0608,S0048,B0117,C032,SUP0105,inactive,2024-05-14 00:24:54,3.75,21
P000609,悦己037个人护理商品0609,S0049,B0037,C025,SUP0017,active,2025-06-21 02:12:49,8.29,15
P000610,极光046家纺商品0610,S0050,B0046,C017,SUP0099,active,2025-09-09 13:53:53,0.56,16
P000611,新境135户外装备商品0611,S0051,B0135,C033,SUP0014,active,2024-05-17 08:48:54,3.86,0
P000612,元气094厨具商品0612,S0052,B0094,C018,SUP0082,active,2024-12-26 15:43:53,9.51,2
P000613,星辰009乐器商品0613,S0053,B0009,C038,SUP0006,active,2025-01-10 00:06:09,0.3,22
P000614,极光121童装童鞋商品0614,S0054,B0121,C030,SUP0055,active,2026-02-02 07:21:03,7.33,18
P000615,星辰101宠物生活商品0615,S0055,B0101,C040,SUP0137,active,2026-02-24 19:05:07,4.99,10
P000616,星辰023奶粉辅食商品0616,S0056,B0023,C028,SUP0082,inactive,2025-12-26 15:10:53,8.39,18
P000617,极光052箱包配饰商品0617,S0057,B0052,C010,SUP0081,active,2026-06-02 03:05:23,7.19,9
P000618,星辰112智能设备商品0618,S0058,B0112,C005,SUP0039,active,2024-11-14 13:07:20,9.43,23
P000619,极光071饮料冲调商品0619,S0059,B0071,C013,SUP0113,active,2024-09-19 03:46:37,4.78,22
P000620,元气094饮料冲调商品0620,S0060,B0094,C013,SUP0024,active,2026-08-02 00:21:39,6.2,16
P000621,星辰103厨具商品0621,S0061,B0103,C018,SUP0094,active,2026-07-22 16:00:44,0.46,18
P000622,青禾104彩妆商品0622,S0062,B0104,C023,SUP0120,active,2024-09-29 07:54:59,5.66,0
P000623,极光100护肤商品0623,S0063,B0100,C022,SUP0054,active,2024-08-30 15:14:36,9.64,22
P000624,本色123护肤商品0624,S0064,B0123,C022,SUP0029,active,2025-10-19 08:13:42,0.48,17
P000625,轻享091户外装备商品0625,S0065,B0091,C033,SUP0136,active,2026-08-19 18:44:44,10.73,9
P000626,智造131骑行商品0626,S0066,B0131,C034,SUP0073,active,2025-04-22 07:23:20,7.84,8
P000627,本色067休闲食品商品0627,S0067,B0067,C012,SUP0109,active,2025-03-16 09:51:18,10.57,14
P000628,新境137图书商品0628,S0068,B0137,C037,SUP0028,active,2026-03-22 23:38:14,3.26,9
P000629,悦己056玩具商品0629,S0069,B0056,C029,SUP0052,active,2024-04-06 02:18:19,4.0,3
P000630,极光050女装商品0630,S0070,B0050,C008,SUP0062,active,2024-04-12 05:51:23,10.75,9
P000631,元气069玩具商品0631,S0071,B0069,C029,SUP0013,active,2026-05-07 07:56:10,10.94,20
P000632,元气055粮油调味商品0632,S0072,B0055,C014,SUP0053,active,2026-02-05 09:43:46,4.82,5
P000633,智造086体育用品商品0633,S0073,B0086,C035,SUP0148,active,2026-06-08 21:28:57,7.84,1
P000634,新境045彩妆商品0634,S0074,B0045,C023,SUP0065,active,2026-07-19 01:09:16,4.62,15
P000635,智造140饮料冲调商品0635,S0075,B0140,C013,SUP0041,active,2024-09-18 00:43:17,3.18,9
P000636,本色021家具商品0636,S0076,B0021,C020,SUP0086,active,2024-04-10 10:35:50,5.48,22
P000637,青禾104童装童鞋商品0637,S0077,B0104,C030,SUP0149,active,2024-06-18 20:25:10,0.87,19
P000638,本色147粮油调味商品0638,S0078,B0147,C014,SUP0082,active,2026-01-22 23:28:28,5.1,8
P000639,极光057奶粉辅食商品0639,S0079,B0057,C028,SUP0140,active,2024-05-03 17:29:15,11.83,8
P000640,极光065饮料冲调商品0640,S0080,B0065,C013,SUP0130,active,2024-09-05 15:10:53,11.52,15
P000641,元气068家纺商品0641,S0001,B0068,C017,SUP0139,active,2025-04-21 04:49:16,8.45,15
P000642,轻享063男装商品0642,S0002,B0063,C007,SUP0067,active,2025-11-23 14:29:57,2.03,4
P000643,本色118饮料冲调商品0643,S0003,B0118,C013,SUP0073,active,2024-11-03 18:36:16,0.73,22
P000644,智造026粮油调味商品0644,S0004,B0026,C014,SUP0108,active,2025-12-28 17:53:30,7.53,0
P000645,本色105户外装备商品0645,S0005,B0105,C033,SUP0035,active,2026-03-30 18:09:57,11.49,17
P000646,智造086玩具商品0646,S0006,B0086,C029,SUP0009,active,2025-04-25 20:52:56,0.91,13
P000647,智造064图书商品0647,S0007,B0064,C037,SUP0069,active,2026-04-01 12:53:25,4.72,8
P000648,智造109家用电器商品0648,S0008,B0109,C004,SUP0109,inactive,2024-10-27 21:52:32,11.35,9
P000649,极光120饮料冲调商品0649,S0009,B0120,C013,SUP0145,active,2024-05-18 14:38:15,2.79,21
P000650,云谷113厨具商品0650,S0010,B0113,C018,SUP0054,active,2026-07-27 15:42:14,4.06,2
P000651,轻享022运动鞋服商品0651,S0011,B0022,C009,SUP0023,active,2025-03-02 22:00:49,6.71,14
P000652,青禾017休闲食品商品0652,S0012,B0017,C012,SUP0023,inactive,2024-04-14 12:44:37,10.19,18
P000653,元气004洗护商品0653,S0013,B0004,C024,SUP0092,active,2025-06-11 17:10:28,6.6,2
P000654,青禾066箱包配饰商品0654,S0014,B0066,C010,SUP0016,inactive,2026-03-29 18:07:06,3.43,12
P000655,元气089女装商品0655,S0015,B0089,C008,SUP0095,active,2025-01-24 11:12:42,8.67,7
P000656,本色090彩妆商品0656,S0016,B0090,C023,SUP0110,active,2026-05-17 15:56:29,6.6,21
P000657,极光005运动鞋服商品0657,S0017,B0005,C009,SUP0038,active,2024-05-02 02:53:20,11.63,12
P000658,极光005男装商品0658,S0018,B0005,C007,SUP0081,active,2025-05-08 23:32:35,0.43,10
P000659,新境078手机通讯商品0659,S0019,B0078,C002,SUP0017,inactive,2025-09-26 00:07:34,9.79,17
P000660,元气094体育用品商品0660,S0020,B0094,C035,SUP0110,active,2025-03-27 04:25:46,5.03,6
P000661,云谷146个人护理商品0661,S0021,B0146,C025,SUP0079,active,2026-07-14 12:38:40,5.74,2
P000662,轻享079个人护理商品0662,S0022,B0079,C025,SUP0030,active,2024-10-17 19:10:05,7.78,6
P000663,悦己125箱包配饰商品0663,S0023,B0125,C010,SUP0099,inactive,2025-01-08 16:26:10,5.09,19
P000664,元气069女装商品0664,S0024,B0069,C008,SUP0144,active,2025-02-01 13:30:49,3.68,14
P000665,星辰107乐器商品0665,S0025,B0107,C038,SUP0115,active,2024-11-04 01:35:07,7.47,2
P000666,云谷113女装商品0666,S0026,B0113,C008,SUP0114,active,2026-04-19 21:46:42,6.26,19
P000667,本色133个人护理商品0667,S0027,B0133,C025,SUP0106,active,2025-05-20 19:20:44,6.83,22
P000668,智造059彩妆商品0668,S0028,B0059,C023,SUP0125,active,2025-12-24 15:36:12,7.23,15
P000669,极光121家用电器商品0669,S0029,B0121,C004,SUP0092,active,2024-10-31 06:14:33,10.96,22
P000670,新境132生鲜果蔬商品0670,S0030,B0132,C015,SUP0024,active,2024-09-13 15:19:35,6.6,11
P000671,智造027厨具商品0671,S0031,B0027,C018,SUP0075,active,2026-08-07 23:21:10,4.62,16
P000672,青禾066家具商品0672,S0032,B0066,C020,SUP0073,active,2026-03-25 11:03:45,2.07,4
P000673,新境150运动鞋服商品0673,S0033,B0150,C009,SUP0130,active,2024-05-10 21:42:59,5.61,5
P000674,本色123运动鞋服商品0674,S0034,B0123,C009,SUP0063,active,2026-03-09 09:24:01,8.69,15
P000675,元气055图书商品0675,S0035,B0055,C037,SUP0081,active,2024-08-13 00:38:42,0.92,6
P000676,云谷075清洁用品商品0676,S0036,B0075,C019,SUP0057,active,2026-05-10 00:58:22,3.27,21
P000677,元气094生鲜果蔬商品0677,S0037,B0094,C015,SUP0032,inactive,2026-05-21 02:31:18,5.97,23
P000678,本色110家纺商品0678,S0038,B0110,C017,SUP0081,active,2024-07-03 02:02:06,11.45,8
P000679,星辰116智能设备商品0679,S0039,B0116,C005,SUP0109,active,2026-03-06 23:07:41,11.83,11
P000680,元气068乐器商品0680,S0040,B0068,C038,SUP0014,active,2024-12-21 03:21:21,0.79,23
P000681,智造058箱包配饰商品0681,S0041,B0058,C010,SUP0045,draft,2024-04-28 22:47:51,2.17,23
P000682,智造140骑行商品0682,S0042,B0140,C034,SUP0007,active,2024-04-15 03:55:16,6.33,4
P000683,智造049智能设备商品0683,S0043,B0049,C005,SUP0101,active,2026-05-08 07:19:25,6.51,19
P000684,本色016宠物生活商品0684,S0044,B0016,C040,SUP0144,active,2024-04-27 09:52:30,1.23,7
P000685,新境132箱包配饰商品0685,S0045,B0132,C010,SUP0094,active,2025-07-26 10:23:56,6.15,23
P000686,悦己037箱包配饰商品0686,S0046,B0037,C010,SUP0001,draft,2024-04-18 11:56:46,9.49,19
P000687,智造127运动鞋服商品0687,S0047,B0127,C009,SUP0007,active,2024-04-24 21:50:56,6.27,22
P000688,本色105健身训练商品0688,S0048,B0105,C032,SUP0123,active,2026-02-03 10:49:09,3.96,1
P000689,元气068乐器商品0689,S0049,B0068,C038,SUP0137,active,2025-04-15 22:06:57,0.39,23
P000690,新境045男装商品0690,S0050,B0045,C007,SUP0083,active,2025-08-30 03:23:33,5.67,1
P000691,新境137骑行商品0691,S0051,B0137,C034,SUP0062,active,2024-06-17 13:15:18,8.32,22
P000692,极光071粮油调味商品0692,S0052,B0071,C014,SUP0132,active,2026-05-17 00:32:35,0.28,5
P000693,元气055洗护商品0693,S0053,B0055,C024,SUP0127,active,2024-07-09 22:01:00,7.83,20
P000694,悦己006智能设备商品0694,S0054,B0006,C005,SUP0058,active,2024-07-09 18:53:05,7.06,10
P000695,极光139家用电器商品0695,S0055,B0139,C004,SUP0089,active,2026-03-29 18:21:38,10.04,7
P000696,智造062箱包配饰商品0696,S0056,B0062,C010,SUP0066,active,2024-03-12 13:14:54,9.76,12
P000697,星辰096护肤商品0697,S0057,B0096,C022,SUP0091,active,2024-03-29 01:36:13,0.72,11
P000698,新境033个人护理商品0698,S0058,B0033,C025,SUP0122,active,2025-06-22 14:08:01,4.73,7
P000699,极光005洗护商品0699,S0059,B0005,C024,SUP0074,inactive,2024-03-12 19:57:03,1.96,13
P000700,新境088箱包配饰商品0700,S0060,B0088,C010,SUP0052,active,2025-09-04 07:45:54,9.76,22
P000701,云谷075乐器商品0701,S0061,B0075,C038,SUP0096,draft,2024-06-04 10:31:51,4.87,18
P000702,智造140童装童鞋商品0702,S0062,B0140,C030,SUP0132,draft,2026-06-08 15:32:04,8.68,20
P000703,元气089休闲食品商品0703,S0063,B0089,C012,SUP0142,active,2026-04-30 02:14:55,1.09,15
P000704,轻享111宠物生活商品0704,S0064,B0111,C040,SUP0053,active,2024-04-24 20:54:20,9.78,9
P000705,悦己093家纺商品0705,S0065,B0093,C017,SUP0030,active,2026-02-18 08:04:37,6.77,8
P000706,轻享048健身训练商品0706,S0066,B0048,C032,SUP0121,active,2024-05-24 08:32:14,5.35,11
P000707,悦己099个人护理商品0707,S0067,B0099,C025,SUP0022,active,2024-11-13 15:54:26,2.3,0
P000708,云谷145文创商品0708,S0068,B0145,C039,SUP0143,active,2024-08-19 16:25:05,5.98,8
P000709,本色129个人护理商品0709,S0069,B0129,C025,SUP0052,active,2026-05-30 20:47:51,3.41,9
P000710,极光071奶粉辅食商品0710,S0070,B0071,C028,SUP0101,active,2026-07-23 07:24:53,5.94,13
P000711,青禾092护肤商品0711,S0071,B0092,C022,SUP0045,active,2024-12-05 12:13:59,4.7,15
P000712,新境135图书商品0712,S0072,B0135,C037,SUP0103,active,2024-04-15 06:41:48,11.04,1
P000713,极光052宠物生活商品0713,S0073,B0052,C040,SUP0089,active,2025-12-20 06:22:58,1.48,19
P000714,智造140家具商品0714,S0074,B0140,C020,SUP0085,active,2024-05-28 02:21:11,2.09,8
P000715,青禾104休闲食品商品0715,S0075,B0104,C012,SUP0024,active,2025-06-26 23:12:13,2.5,7
P000716,悦己035厨具商品0716,S0076,B0035,C018,SUP0038,active,2026-02-10 01:12:29,11.79,12
P000717,元气089休闲食品商品0717,S0077,B0089,C012,SUP0084,active,2024-10-17 06:23:10,5.03,4
P000718,本色110粮油调味商品0718,S0078,B0110,C014,SUP0064,active,2025-02-19 10:04:26,3.54,10
P000719,悦己074奶粉辅食商品0719,S0079,B0074,C028,SUP0073,active,2024-03-18 08:55:45,4.67,4
P000720,极光072饮料冲调商品0720,S0080,B0072,C013,SUP0081,active,2024-08-02 05:31:17,4.35,17
P000721,本色129休闲食品商品0721,S0001,B0129,C012,SUP0043,active,2026-03-20 16:22:02,6.48,9
P000722,星辰114家用电器商品0722,S0002,B0114,C004,SUP0088,active,2024-06-13 19:10:21,9.35,23
P000723,星辰112图书商品0723,S0003,B0112,C037,SUP0013,active,2024-04-16 13:27:52,5.63,22
P000724,轻享091图书商品0724,S0004,B0091,C037,SUP0074,active,2024-06-15 10:55:38,1.36,23
P000725,元气128电脑办公商品0725,S0005,B0128,C003,SUP0044,active,2025-12-11 02:01:47,10.31,13
P000726,本色123图书商品0726,S0006,B0123,C037,SUP0137,active,2025-08-21 22:29:43,2.23,11
P000727,星辰024家用电器商品0727,S0007,B0024,C004,SUP0123,active,2026-08-09 19:34:14,4.37,7
P000728,元气069清洁用品商品0728,S0008,B0069,C019,SUP0088,active,2024-03-07 09:55:07,1.19,19
P000729,智造053粮油调味商品0729,S0009,B0053,C014,SUP0109,active,2024-07-24 00:03:39,7.61,12
P000730,悦己037生鲜果蔬商品0730,S0010,B0037,C015,SUP0094,active,2024-12-30 23:40:58,7.57,21
P000731,星辰101休闲食品商品0731,S0011,B0101,C012,SUP0064,inactive,2026-05-27 02:33:39,11.24,3
P000732,悦己099家具商品0732,S0012,B0099,C020,SUP0032,active,2024-10-02 10:58:00,11.76,23
P000733,本色067童装童鞋商品0733,S0013,B0067,C030,SUP0090,active,2026-07-23 01:52:46,6.3,13
P000734,轻享063男装商品0734,S0014,B0063,C007,SUP0118,active,2024-04-19 13:41:10,1.63,20
P000735,轻享002家具商品0735,S0015,B0002,C020,SUP0061,active,2026-04-20 08:20:57,10.03,9
P000736,极光030宠物生活商品0736,S0016,B0030,C040,SUP0048,active,2024-10-18 20:17:49,1.7,2
P000737,智造109饮料冲调商品0737,S0017,B0109,C013,SUP0003,active,2025-06-12 14:59:31,8.94,1
P000738,星辰023电脑办公商品0738,S0018,B0023,C003,SUP0013,active,2026-07-23 11:55:47,4.85,15
P000739,星辰003智能设备商品0739,S0019,B0003,C005,SUP0124,active,2024-11-02 22:58:05,6.12,15
P000740,轻享022玩具商品0740,S0020,B0022,C029,SUP0013,active,2026-07-25 01:15:21,7.53,14
P000741,轻享010女装商品0741,S0021,B0010,C008,SUP0053,active,2026-08-14 22:40:33,0.45,22
P000742,极光136宠物生活商品0742,S0022,B0136,C040,SUP0146,active,2026-03-19 10:01:40,9.96,17
P000743,本色067运动鞋服商品0743,S0023,B0067,C009,SUP0063,draft,2025-12-04 05:21:13,7.98,11
P000744,星辰096奶粉辅食商品0744,S0024,B0096,C028,SUP0017,active,2024-07-10 14:08:22,3.57,3
P000745,智造062厨具商品0745,S0025,B0062,C018,SUP0123,active,2026-01-27 22:07:31,5.48,8
P000746,智造049粮油调味商品0746,S0026,B0049,C014,SUP0073,active,2026-07-25 07:31:53,3.39,18
P000747,智造053休闲食品商品0747,S0027,B0053,C012,SUP0111,active,2024-04-20 14:31:13,0.32,17
P000748,悦己081护肤商品0748,S0028,B0081,C022,SUP0025,active,2025-10-27 09:57:18,5.37,16
P000749,星辰087玩具商品0749,S0029,B0087,C029,SUP0013,active,2026-05-23 08:34:27,4.55,12
P000750,悦己006电脑办公商品0750,S0030,B0006,C003,SUP0021,active,2026-08-02 05:33:06,9.65,23
P000751,星辰008厨具商品0751,S0031,B0008,C018,SUP0037,active,2025-10-01 23:27:07,2.69,3
P000752,极光057智能设备商品0752,S0032,B0057,C005,SUP0076,active,2024-05-31 18:29:47,7.89,0
P000753,悦己029奶粉辅食商品0753,S0033,B0029,C028,SUP0016,active,2026-03-18 13:41:08,11.39,4
P000754,青禾104粮油调味商品0754,S0034,B0104,C014,SUP0069,active,2025-04-19 07:28:52,10.02,5
P000755,云谷098生鲜果蔬商品0755,S0035,B0098,C015,SUP0002,active,2026-04-30 12:31:20,11.56,14
P000756,元气055休闲食品商品0756,S0036,B0055,C012,SUP0144,active,2025-06-26 13:53:27,9.23,12
P000757,新境142宠物生活商品0757,S0037,B0142,C040,SUP0084,active,2024-05-20 01:05:11,3.5,15
P000758,极光139家具商品0758,S0038,B0139,C020,SUP0133,active,2026-04-03 02:17:51,4.27,8
P000759,星辰101户外装备商品0759,S0039,B0101,C033,SUP0101,active,2024-08-30 23:21:55,10.16,21
P000760,轻享043手机通讯商品0760,S0040,B0043,C002,SUP0007,active,2025-01-14 01:52:50,2.9,20
P000761,智造012文创商品0761,S0041,B0012,C039,SUP0093,active,2026-06-19 17:24:28,6.89,21
P000762,本色097饮料冲调商品0762,S0042,B0097,C013,SUP0064,active,2025-12-03 01:49:23,11.66,9
P000763,轻享111童装童鞋商品0763,S0043,B0111,C030,SUP0127,active,2026-04-03 06:32:09,11.38,17
P000764,智造044护肤商品0764,S0044,B0044,C022,SUP0065,active,2026-02-24 21:17:42,4.79,2
P000765,智造109男装商品0765,S0045,B0109,C007,SUP0020,active,2026-02-18 11:37:20,2.11,18
P000766,智造044童装童鞋商品0766,S0046,B0044,C030,SUP0050,active,2024-12-13 06:32:26,9.82,9
P000767,新境088运动鞋服商品0767,S0047,B0088,C009,SUP0129,active,2026-07-11 18:12:14,0.46,5
P000768,青禾066厨具商品0768,S0048,B0066,C018,SUP0046,active,2025-10-21 13:23:37,2.7,8
P000769,新境150家用电器商品0769,S0049,B0150,C004,SUP0138,active,2024-09-22 12:07:00,0.49,4
P000770,极光136饮料冲调商品0770,S0050,B0136,C013,SUP0031,inactive,2025-09-02 12:14:06,1.45,1
P000771,悦己038粮油调味商品0771,S0051,B0038,C014,SUP0027,active,2025-10-02 23:31:48,8.85,10
P000772,轻享034婴童用品商品0772,S0052,B0034,C027,SUP0080,active,2026-06-13 05:50:06,2.19,23
P000773,极光121童装童鞋商品0773,S0053,B0121,C030,SUP0123,active,2025-03-11 08:41:58,2.05,2
P000774,智造027饮料冲调商品0774,S0054,B0027,C013,SUP0102,active,2024-12-02 07:25:28,7.42,18
P000775,极光065休闲食品商品0775,S0055,B0065,C012,SUP0130,active,2024-07-26 17:38:46,6.29,12
P000776,元气095运动鞋服商品0776,S0056,B0095,C009,SUP0081,active,2025-08-18 22:25:56,11.62,23
P000777,智造028女装商品0777,S0057,B0028,C008,SUP0047,active,2025-11-16 14:43:23,0.95,20
P000778,本色129图书商品0778,S0058,B0129,C037,SUP0110,draft,2026-02-07 19:47:25,11.24,20
P000779,极光005奶粉辅食商品0779,S0059,B0005,C028,SUP0123,draft,2026-07-02 08:54:31,10.03,16
P000780,悦己014电脑办公商品0780,S0060,B0014,C003,SUP0124,active,2025-08-15 15:19:50,11.09,13
P000781,极光065图书商品0781,S0061,B0065,C037,SUP0124,active,2025-03-12 04:56:14,10.59,10
P000782,星辰087男装商品0782,S0062,B0087,C007,SUP0085,active,2026-07-12 13:11:28,7.56,2
P000783,轻享040图书商品0783,S0063,B0040,C037,SUP0125,active,2026-04-14 13:49:41,3.66,9
P000784,轻享010粮油调味商品0784,S0064,B0010,C014,SUP0050,active,2024-11-19 09:48:57,10.74,4
P000785,智造049运动鞋服商品0785,S0065,B0049,C009,SUP0113,active,2024-05-11 00:04:56,10.2,3
P000786,新境088体育用品商品0786,S0066,B0088,C035,SUP0003,active,2024-04-08 10:55:56,1.42,4
P000787,智造049骑行商品0787,S0067,B0049,C034,SUP0054,active,2025-08-16 13:24:44,8.19,20
P000788,轻享063骑行商品0788,S0068,B0063,C034,SUP0131,active,2025-05-31 10:50:40,11.65,12
P000789,极光046女装商品0789,S0069,B0046,C008,SUP0146,active,2025-03-12 08:48:39,1.13,21
P000790,极光030运动鞋服商品0790,S0070,B0030,C009,SUP0121,inactive,2024-12-05 22:08:19,2.86,7
P000791,本色016文创商品0791,S0071,B0016,C039,SUP0127,active,2025-08-14 21:54:43,3.59,21
P000792,星辰107文创商品0792,S0072,B0107,C039,SUP0067,active,2026-04-17 13:08:19,10.58,17
P000793,轻享043童装童鞋商品0793,S0073,B0043,C030,SUP0015,active,2024-09-30 00:53:00,11.2,15
P000794,元气095运动鞋服商品0794,S0074,B0095,C009,SUP0102,active,2025-07-23 12:40:26,7.55,3
P000795,轻享043玩具商品0795,S0075,B0043,C029,SUP0068,active,2026-04-19 12:14:02,8.51,18
P000796,云谷141智能设备商品0796,S0076,B0141,C005,SUP0068,active,2024-12-15 07:34:00,7.53,6
P000797,悦己130女装商品0797,S0077,B0130,C008,SUP0141,active,2025-10-03 06:38:28,4.6,20
P000798,智造044女装商品0798,S0078,B0044,C008,SUP0134,active,2024-09-17 06:08:11,3.9,5
P000799,云谷015休闲食品商品0799,S0079,B0015,C012,SUP0079,active,2025-09-20 19:48:55,7.88,10
P000800,智造044洗护商品0800,S0080,B0044,C024,SUP0141,active,2025-08-22 16:37:50,3.65,11
P000801,本色105手机通讯商品0801,S0001,B0105,C002,SUP0130,active,2024-08-12 02:00:45,10.25,18
P000802,悦己035休闲食品商品0802,S0002,B0035,C012,SUP0035,active,2025-04-19 15:32:31,6.29,6
P000803,极光120电脑办公商品0803,S0003,B0120,C003,SUP0099,active,2026-07-27 17:20:57,6.96,0
P000804,轻享002清洁用品商品0804,S0004,B0002,C019,SUP0125,active,2025-10-14 07:49:45,11.93,3
P000805,智造053护肤商品0805,S0005,B0053,C022,SUP0016,active,2024-07-08 10:50:45,7.21,1
P000806,新境041女装商品0806,S0006,B0041,C008,SUP0087,active,2024-12-09 16:25:17,5.14,21
P000807,新境073宠物生活商品0807,S0007,B0073,C040,SUP0121,active,2024-04-10 23:56:39,11.89,10
P000808,轻享034健身训练商品0808,S0008,B0034,C032,SUP0011,active,2025-03-08 03:02:07,6.76,0
P000809,本色070生鲜果蔬商品0809,S0009,B0070,C015,SUP0061,active,2024-06-07 20:16:08,5.11,17
P000810,云谷141图书商品0810,S0010,B0141,C037,SUP0121,inactive,2025-05-06 18:13:44,6.0,23
P000811,新境031智能设备商品0811,S0011,B0031,C005,SUP0031,active,2025-08-11 02:25:12,10.0,12
P000812,本色021家具商品0812,S0012,B0021,C020,SUP0053,active,2025-07-20 03:48:06,10.36,22
P000813,青禾066宠物生活商品0813,S0013,B0066,C040,SUP0041,inactive,2025-07-17 14:26:51,7.62,22
P000814,星辰112手机通讯商品0814,S0014,B0112,C002,SUP0004,active,2026-07-21 04:23:05,11.58,23
P000815,轻享063智能设备商品0815,S0015,B0063,C005,SUP0115,inactive,2025-03-13 03:01:01,10.12,22
P000816,悦己144厨具商品0816,S0016,B0144,C018,SUP0054,active,2024-09-18 03:58:45,5.67,10
P000817,智造064饮料冲调商品0817,S0017,B0064,C013,SUP0113,active,2025-10-27 15:49:35,0.43,19
P000818,轻享091宠物生活商品0818,S0018,B0091,C040,SUP0137,active,2026-01-19 18:15:42,8.31,11
P000819,本色019箱包配饰商品0819,S0019,B0019,C010,SUP0002,active,2025-11-26 11:19:42,8.33,2
P000820,悦己074童装童鞋商品0820,S0020,B0074,C030,SUP0143,active,2025-08-16 19:09:34,5.73,21
P000821,青禾083户外装备商品0821,S0021,B0083,C033,SUP0126,active,2025-12-11 23:02:55,5.25,20
P000822,本色147体育用品商品0822,S0022,B0147,C035,SUP0030,active,2024-09-17 14:15:47,7.83,20
P000823,本色016生鲜果蔬商品0823,S0023,B0016,C015,SUP0021,active,2025-03-04 11:00:32,2.94,19
P000824,智造054手机通讯商品0824,S0024,B0054,C002,SUP0098,active,2025-09-01 01:44:08,8.31,22
P000825,悦己093饮料冲调商品0825,S0025,B0093,C013,SUP0085,draft,2025-07-23 17:21:59,4.02,9
P000826,星辰023清洁用品商品0826,S0026,B0023,C019,SUP0021,active,2025-04-15 05:28:22,9.34,14
P000827,悦己029厨具商品0827,S0027,B0029,C018,SUP0092,active,2025-09-18 20:49:52,10.52,2
P000828,智造080饮料冲调商品0828,S0028,B0080,C013,SUP0011,active,2026-07-01 06:49:22,3.23,11
P000829,智造086家具商品0829,S0029,B0086,C020,SUP0094,inactive,2025-06-28 03:02:18,4.41,13
P000830,元气095女装商品0830,S0030,B0095,C008,SUP0020,active,2024-12-27 04:31:55,5.49,6
P000831,智造080休闲食品商品0831,S0031,B0080,C012,SUP0029,active,2024-12-04 08:27:22,10.71,16
P000832,元气084护肤商品0832,S0032,B0084,C022,SUP0039,active,2024-12-30 22:05:39,7.82,11
P000833,云谷098家具商品0833,S0033,B0098,C020,SUP0144,active,2026-05-09 21:09:21,1.04,0
P000834,本色133婴童用品商品0834,S0034,B0133,C027,SUP0003,active,2025-06-08 10:18:50,0.68,10
P000835,智造102图书商品0835,S0035,B0102,C037,SUP0099,active,2025-02-14 14:51:19,9.09,18
P000836,悦己126女装商品0836,S0036,B0126,C008,SUP0093,active,2024-08-28 16:11:02,4.72,11
P000837,智造058婴童用品商品0837,S0037,B0058,C027,SUP0024,inactive,2024-12-23 10:00:33,10.05,13
P000838,智造102饮料冲调商品0838,S0038,B0102,C013,SUP0027,inactive,2024-08-20 08:47:58,10.64,11
P000839,云谷075玩具商品0839,S0039,B0075,C029,SUP0089,active,2025-02-23 22:06:28,6.5,5
P000840,轻享111箱包配饰商品0840,S0040,B0111,C010,SUP0024,active,2025-11-17 02:41:18,6.41,14
P000841,轻享040休闲食品商品0841,S0041,B0040,C012,SUP0009,active,2026-05-28 20:21:06,1.54,6
P000842,青禾092休闲食品商品0842,S0042,B0092,C012,SUP0064,active,2026-01-01 04:45:07,5.96,0
P000843,本色090运动鞋服商品0843,S0043,B0090,C009,SUP0031,active,2025-03-06 00:05:16,8.95,10
P000844,极光120箱包配饰商品0844,S0044,B0120,C010,SUP0095,active,2025-07-23 11:20:29,3.4,3
P000845,悦己144宠物生活商品0845,S0045,B0144,C040,SUP0108,active,2024-08-03 07:55:54,2.62,0
P000846,悦己148童装童鞋商品0846,S0046,B0148,C030,SUP0069,inactive,2026-05-27 02:52:48,2.42,2
P000847,智造007运动鞋服商品0847,S0047,B0007,C009,SUP0124,active,2024-03-21 05:25:01,10.4,16
P000848,智造053厨具商品0848,S0048,B0053,C018,SUP0084,active,2026-03-25 16:40:08,2.88,23
P000849,悦己056奶粉辅食商品0849,S0049,B0056,C028,SUP0133,active,2026-02-25 23:48:58,8.52,10
P000850,悦己006男装商品0850,S0050,B0006,C007,SUP0040,active,2025-04-09 13:44:44,2.82,3
P000851,轻享111智能设备商品0851,S0051,B0111,C005,SUP0041,active,2026-06-13 09:13:30,6.46,13
P000852,云谷001婴童用品商品0852,S0052,B0001,C027,SUP0052,active,2025-04-11 09:44:57,5.93,23
P000853,新境088户外装备商品0853,S0053,B0088,C033,SUP0147,active,2025-03-29 06:37:36,6.27,6
P000854,青禾104家纺商品0854,S0054,B0104,C017,SUP0027,active,2025-12-26 16:54:13,10.51,2
P000855,元气128洗护商品0855,S0055,B0128,C024,SUP0120,active,2026-03-31 01:16:29,0.26,8
P000856,智造086箱包配饰商品0856,S0056,B0086,C010,SUP0097,active,2026-03-25 14:29:47,5.76,2
P000857,轻享022厨具商品0857,S0057,B0022,C018,SUP0129,active,2026-01-27 19:17:00,10.14,13
P000858,本色123家纺商品0858,S0058,B0123,C017,SUP0092,active,2025-04-15 09:59:52,6.79,21
P000859,极光100饮料冲调商品0859,S0059,B0100,C013,SUP0095,active,2026-06-30 13:45:40,3.03,24
P000860,智造127男装商品0860,S0060,B0127,C007,SUP0088,active,2025-09-02 05:53:00,11.25,19
P000861,悦己125男装商品0861,S0061,B0125,C007,SUP0134,active,2026-08-19 02:25:09,6.87,16
P000862,极光030智能设备商品0862,S0062,B0030,C005,SUP0039,active,2024-07-08 14:17:48,4.62,7
P000863,悦己144饮料冲调商品0863,S0063,B0144,C013,SUP0047,active,2025-04-18 12:07:15,11.81,19
P000864,元气004家纺商品0864,S0064,B0004,C017,SUP0064,active,2025-11-23 07:32:08,10.38,13
P000865,云谷075女装商品0865,S0065,B0075,C008,SUP0053,active,2026-06-17 21:26:32,3.83,17
P000866,星辰077电脑办公商品0866,S0066,B0077,C003,SUP0064,active,2024-12-07 02:43:34,7.98,23
P000867,元气068智能设备商品0867,S0067,B0068,C005,SUP0143,active,2024-03-23 16:59:49,3.71,11
P000868,星辰009智能设备商品0868,S0068,B0009,C005,SUP0092,active,2024-05-19 07:57:31,10.76,9
P000869,轻享011生鲜果蔬商品0869,S0069,B0011,C015,SUP0089,active,2025-02-08 01:51:23,0.57,12
P000870,星辰116奶粉辅食商品0870,S0070,B0116,C028,SUP0128,active,2025-06-27 08:29:37,9.41,16
P000871,元气089宠物生活商品0871,S0071,B0089,C040,SUP0085,active,2026-06-28 18:00:20,4.45,20
P000872,元气082户外装备商品0872,S0072,B0082,C033,SUP0108,draft,2025-04-23 04:14:51,10.14,15
P000873,云谷124童装童鞋商品0873,S0073,B0124,C030,SUP0044,active,2024-09-08 15:42:58,3.16,4
P000874,极光030男装商品0874,S0074,B0030,C007,SUP0011,active,2026-02-19 18:44:37,10.99,2
P000875,本色110文创商品0875,S0075,B0110,C039,SUP0033,active,2026-04-02 01:39:55,10.01,7
P000876,新境117家纺商品0876,S0076,B0117,C017,SUP0143,active,2025-01-03 22:55:02,8.39,6
P000877,轻享091护肤商品0877,S0077,B0091,C022,SUP0009,active,2025-04-08 04:08:31,8.25,8
P000878,智造054童装童鞋商品0878,S0078,B0054,C030,SUP0024,active,2026-04-21 22:32:46,5.8,11
P000879,本色021童装童鞋商品0879,S0079,B0021,C030,SUP0054,active,2025-04-03 08:49:49,10.32,12
P000880,新境033智能设备商品0880,S0080,B0033,C005,SUP0048,active,2025-12-16 03:46:04,8.6,6
P000881,轻享002休闲食品商品0881,S0001,B0002,C012,SUP0021,active,2026-03-28 15:47:58,4.5,18
P000882,轻享119彩妆商品0882,S0002,B0119,C023,SUP0022,active,2025-02-21 22:12:20,11.72,4
P000883,轻享002运动鞋服商品0883,S0003,B0002,C009,SUP0093,active,2024-08-21 01:09:22,6.7,22
P000884,新境085手机通讯商品0884,S0004,B0085,C002,SUP0005,active,2024-05-09 02:15:34,11.84,11
P000885,极光052健身训练商品0885,S0005,B0052,C032,SUP0112,active,2025-02-02 04:33:59,6.22,20
P000886,新境045乐器商品0886,S0006,B0045,C038,SUP0002,active,2024-08-17 23:37:13,7.73,13
P000887,智造027生鲜果蔬商品0887,S0007,B0027,C015,SUP0090,active,2024-04-08 15:51:38,11.26,24
P000888,云谷075男装商品0888,S0008,B0075,C007,SUP0052,active,2024-06-25 19:44:39,7.31,17
P000889,本色110洗护商品0889,S0009,B0110,C024,SUP0097,active,2024-08-06 13:27:24,5.43,18
P000890,极光100个人护理商品0890,S0010,B0100,C025,SUP0097,active,2024-07-30 12:02:04,11.42,1
P000891,极光072厨具商品0891,S0011,B0072,C018,SUP0023,active,2024-03-29 09:04:43,7.68,18
P000892,智造036彩妆商品0892,S0012,B0036,C023,SUP0145,active,2024-04-19 05:11:28,9.77,20
P000893,本色070彩妆商品0893,S0013,B0070,C023,SUP0063,active,2025-07-16 09:35:36,6.61,20
P000894,智造026洗护商品0894,S0014,B0026,C024,SUP0082,active,2025-03-21 05:12:17,11.51,7
P000895,青禾083宠物生活商品0895,S0015,B0083,C040,SUP0084,active,2024-08-04 14:10:09,5.76,18
P000896,云谷098骑行商品0896,S0016,B0098,C034,SUP0004,active,2026-08-06 08:54:52,5.57,22
P000897,本色019护肤商品0897,S0017,B0019,C022,SUP0147,active,2026-05-03 14:25:32,4.02,13
P000898,元气051骑行商品0898,S0018,B0051,C034,SUP0092,active,2024-08-02 11:48:47,1.12,23
P000899,智造059家纺商品0899,S0019,B0059,C017,SUP0069,active,2024-09-06 03:56:49,11.54,23
P000900,星辰114护肤商品0900,S0020,B0114,C022,SUP0074,active,2025-03-08 16:35:38,6.5,4
P000901,轻享011文创商品0901,S0021,B0011,C039,SUP0027,active,2025-07-07 05:59:15,10.67,22
P000902,新境143个人护理商品0902,S0022,B0143,C025,SUP0123,active,2025-11-15 21:56:57,4.56,13
P000903,星辰003骑行商品0903,S0023,B0003,C034,SUP0045,active,2025-04-15 07:54:13,3.91,7
P000904,元气108健身训练商品0904,S0024,B0108,C032,SUP0095,active,2025-06-19 14:29:23,5.43,12
P000905,轻享111户外装备商品0905,S0025,B0111,C033,SUP0133,active,2024-06-03 16:20:33,0.65,14
P000906,轻享032彩妆商品0906,S0026,B0032,C023,SUP0001,active,2025-10-29 15:08:11,5.53,16
P000907,悦己081男装商品0907,S0027,B0081,C007,SUP0031,active,2024-06-30 13:00:12,7.01,11
P000908,新境078电脑办公商品0908,S0028,B0078,C003,SUP0034,active,2026-05-08 20:20:27,6.07,8
P000909,星辰116手机通讯商品0909,S0029,B0116,C002,SUP0132,active,2024-09-22 08:03:42,1.43,24
P000910,轻享149护肤商品0910,S0030,B0149,C022,SUP0130,active,2025-01-08 19:00:15,4.39,10
P000911,云谷141彩妆商品0911,S0031,B0141,C023,SUP0143,active,2026-02-15 12:21:22,10.84,3
P000912,智造131家具商品0912,S0032,B0131,C020,SUP0108,active,2025-12-08 04:45:09,6.15,21
P000913,极光057男装商品0913,S0033,B0057,C007,SUP0104,active,2026-05-15 22:18:01,2.36,4
P000914,本色110家具商品0914,S0034,B0110,C020,SUP0149,active,2024-08-02 21:18:36,5.31,9
P000915,星辰107运动鞋服商品0915,S0035,B0107,C009,SUP0087,active,2026-05-13 08:06:29,6.76,22
P000916,本色067运动鞋服商品0916,S0036,B0067,C009,SUP0081,active,2026-03-01 08:24:58,6.5,17
P000917,悦己099生鲜果蔬商品0917,S0037,B0099,C015,SUP0130,active,2026-03-24 20:40:45,10.7,5
P000918,元气106饮料冲调商品0918,S0038,B0106,C013,SUP0044,active,2026-03-14 01:43:57,9.48,1
P000919,元气068童装童鞋商品0919,S0039,B0068,C030,SUP0116,active,2024-09-02 04:24:23,8.79,23
P000920,极光050箱包配饰商品0920,S0040,B0050,C010,SUP0133,active,2026-02-09 14:10:01,6.86,20
P000921,本色067家具商品0921,S0041,B0067,C020,SUP0076,active,2025-08-16 18:31:53,7.08,22
P000922,智造131护肤商品0922,S0042,B0131,C022,SUP0063,active,2026-03-22 14:35:30,1.0,14
P000923,星辰087饮料冲调商品0923,S0043,B0087,C013,SUP0076,active,2026-07-22 21:35:10,10.0,17
P000924,元气094清洁用品商品0924,S0044,B0094,C019,SUP0093,active,2024-06-30 01:42:21,11.8,15
P000925,元气128文创商品0925,S0045,B0128,C039,SUP0051,active,2026-06-22 05:25:01,4.19,8
P000926,元气051饮料冲调商品0926,S0046,B0051,C013,SUP0023,active,2026-02-11 09:12:29,9.12,18
P000927,本色133饮料冲调商品0927,S0047,B0133,C013,SUP0054,active,2026-05-24 10:32:02,3.78,10
P000928,青禾092厨具商品0928,S0048,B0092,C018,SUP0126,active,2026-02-03 20:14:54,0.94,21
P000929,轻享034女装商品0929,S0049,B0034,C008,SUP0089,active,2024-05-23 02:11:16,3.46,5
P000930,本色118家具商品0930,S0050,B0118,C020,SUP0026,active,2024-10-18 13:40:00,2.19,8
P000931,轻享048健身训练商品0931,S0051,B0048,C032,SUP0071,active,2025-09-03 21:00:34,2.87,18
P000932,悦己038奶粉辅食商品0932,S0052,B0038,C028,SUP0143,active,2025-03-23 23:08:35,3.13,3
P000933,星辰122厨具商品0933,S0053,B0122,C018,SUP0004,active,2026-01-07 20:14:59,0.51,5
P000934,智造007饮料冲调商品0934,S0054,B0007,C013,SUP0092,draft,2024-12-24 18:34:08,1.18,15
P000935,元气068骑行商品0935,S0055,B0068,C034,SUP0139,active,2026-08-15 23:40:18,11.09,13
P000936,元气089饮料冲调商品0936,S0056,B0089,C013,SUP0028,active,2025-12-05 01:18:13,10.39,3
P000937,云谷075乐器商品0937,S0057,B0075,C038,SUP0092,active,2024-08-10 03:37:25,2.43,7
P000938,元气068洗护商品0938,S0058,B0068,C024,SUP0130,active,2025-04-02 06:13:31,8.04,3
P000939,轻享091运动鞋服商品0939,S0059,B0091,C009,SUP0139,active,2025-08-07 12:03:32,6.59,13
P000940,本色123宠物生活商品0940,S0060,B0123,C040,SUP0014,active,2025-12-13 16:29:27,5.37,3
P000941,本色133健身训练商品0941,S0061,B0133,C032,SUP0111,active,2024-06-13 18:37:39,7.52,23
P000942,轻享063奶粉辅食商品0942,S0062,B0063,C028,SUP0036,active,2026-05-09 00:08:29,9.53,6
P000943,轻享063家用电器商品0943,S0063,B0063,C004,SUP0141,active,2025-02-11 19:26:17,3.25,19
P000944,元气084彩妆商品0944,S0064,B0084,C023,SUP0049,active,2025-06-27 07:09:28,11.53,24
P000945,智造058家纺商品0945,S0065,B0058,C017,SUP0114,active,2026-02-06 13:13:50,9.65,20
P000946,新境132护肤商品0946,S0066,B0132,C022,SUP0043,active,2026-05-10 17:20:26,3.44,19
P000947,本色105智能设备商品0947,S0067,B0105,C005,SUP0133,active,2026-06-07 18:33:05,10.67,16
P000948,新境135文创商品0948,S0068,B0135,C039,SUP0070,active,2026-06-09 08:26:26,2.74,22
P000949,青禾017玩具商品0949,S0069,B0017,C029,SUP0052,active,2025-08-09 21:05:58,10.83,10
P000950,智造086厨具商品0950,S0070,B0086,C018,SUP0142,draft,2024-03-09 09:39:42,0.4,15
P000951,云谷113家用电器商品0951,S0071,B0113,C004,SUP0059,active,2026-07-20 00:14:28,10.29,15
P000952,轻享119图书商品0952,S0072,B0119,C037,SUP0036,active,2025-04-02 14:31:38,11.87,2
P000953,悦己038粮油调味商品0953,S0073,B0038,C014,SUP0026,active,2026-05-02 06:54:20,6.26,12
P000954,轻享119清洁用品商品0954,S0074,B0119,C019,SUP0058,active,2025-01-04 00:54:05,9.33,17
P000955,智造012休闲食品商品0955,S0075,B0012,C012,SUP0045,active,2025-10-03 13:18:49,3.65,10
P000956,极光139洗护商品0956,S0076,B0139,C024,SUP0074,active,2025-11-28 20:54:16,3.66,22
P000957,云谷113洗护商品0957,S0077,B0113,C024,SUP0041,active,2024-10-28 12:30:58,6.14,17
P000958,极光046童装童鞋商品0958,S0078,B0046,C030,SUP0119,inactive,2025-08-05 12:14:11,2.48,9
P000959,星辰008运动鞋服商品0959,S0079,B0008,C009,SUP0023,active,2025-09-22 17:48:02,2.45,0
P000960,极光057乐器商品0960,S0080,B0057,C038,SUP0052,inactive,2025-01-17 15:16:50,7.04,2
P000961,本色090女装商品0961,S0001,B0090,C008,SUP0106,active,2024-10-10 23:26:51,4.48,23
P000962,本色016女装商品0962,S0002,B0016,C008,SUP0091,active,2024-12-01 23:32:58,4.02,9
P000963,悦己035运动鞋服商品0963,S0003,B0035,C009,SUP0134,active,2025-03-27 22:10:25,2.91,6
P000964,新境078厨具商品0964,S0004,B0078,C018,SUP0122,active,2025-02-21 17:08:21,11.04,16
P000965,星辰003家纺商品0965,S0005,B0003,C017,SUP0055,active,2026-01-08 21:49:02,0.58,2
P000966,智造054文创商品0966,S0006,B0054,C039,SUP0028,active,2024-06-24 09:00:45,4.55,22
P000967,极光076手机通讯商品0967,S0007,B0076,C002,SUP0121,active,2024-03-09 17:12:56,10.08,14
P000968,极光065家纺商品0968,S0008,B0065,C017,SUP0111,active,2025-12-24 06:43:43,2.63,6
P000969,星辰003运动鞋服商品0969,S0009,B0003,C009,SUP0147,active,2026-04-05 06:04:42,9.84,22
P000970,星辰103箱包配饰商品0970,S0010,B0103,C010,SUP0112,active,2024-03-26 04:47:10,0.49,23
P000971,智造044家具商品0971,S0011,B0044,C020,SUP0021,active,2025-04-16 05:08:50,7.09,6
P000972,极光072图书商品0972,S0012,B0072,C037,SUP0111,active,2025-11-17 10:18:07,0.71,2
P000973,极光136饮料冲调商品0973,S0013,B0136,C013,SUP0103,active,2025-02-28 23:08:18,1.12,1
P000974,本色070智能设备商品0974,S0014,B0070,C005,SUP0133,active,2025-12-09 22:03:52,1.25,14
P000975,极光120清洁用品商品0975,S0015,B0120,C019,SUP0115,active,2025-04-28 02:36:46,0.27,17
P000976,青禾083箱包配饰商品0976,S0016,B0083,C010,SUP0036,active,2026-05-17 11:11:03,0.22,6
P000977,极光046玩具商品0977,S0017,B0046,C029,SUP0058,active,2024-09-03 08:48:43,7.32,5
P000978,智造058电脑办公商品0978,S0018,B0058,C003,SUP0074,active,2025-05-21 02:29:51,3.34,20
P000979,轻享048彩妆商品0979,S0019,B0048,C023,SUP0026,inactive,2025-08-07 18:23:12,6.7,4
P000980,星辰107体育用品商品0980,S0020,B0107,C035,SUP0009,active,2026-08-06 09:37:47,11.53,8
P000981,星辰116体育用品商品0981,S0021,B0116,C035,SUP0100,active,2024-10-21 17:39:50,4.3,10
P000982,青禾104宠物生活商品0982,S0022,B0104,C040,SUP0107,active,2025-05-17 04:34:23,7.04,16
P000983,智造102户外装备商品0983,S0023,B0102,C033,SUP0023,draft,2025-02-24 08:29:15,9.33,23
P000984,本色067饮料冲调商品0984,S0024,B0067,C013,SUP0099,active,2024-03-22 13:08:08,4.61,15
P000985,星辰008童装童鞋商品0985,S0025,B0008,C030,SUP0045,active,2026-03-25 20:25:58,4.22,14
P000986,青禾066个人护理商品0986,S0026,B0066,C025,SUP0076,active,2025-03-25 14:30:20,11.69,1
P000987,极光057家用电器商品0987,S0027,B0057,C004,SUP0083,active,2025-06-19 00:42:18,1.23,24
P000988,新境132骑行商品0988,S0028,B0132,C034,SUP0147,active,2025-07-26 08:53:38,3.96,13
P000989,极光136洗护商品0989,S0029,B0136,C024,SUP0067,inactive,2026-01-09 00:10:57,5.1,11
P000990,星辰116家用电器商品0990,S0030,B0116,C004,SUP0084,active,2024-03-13 04:25:57,2.43,1
P000991,智造053厨具商品0991,S0031,B0053,C018,SUP0080,active,2026-01-29 02:10:51,1.38,23
P000992,云谷098休闲食品商品0992,S0032,B0098,C012,SUP0048,inactive,2026-08-17 00:53:29,2.5,3
P000993,轻享043健身训练商品0993,S0033,B0043,C032,SUP0059,inactive,2026-06-28 03:27:41,4.48,22
P000994,青禾115粮油调味商品0994,S0034,B0115,C014,SUP0002,active,2024-09-11 02:28:44,0.7,22
P000995,极光050智能设备商品0995,S0035,B0050,C005,SUP0046,active,2025-03-13 20:37:13,6.21,0
P000996,悦己144饮料冲调商品0996,S0036,B0144,C013,SUP0121,active,2026-06-30 16:38:56,10.95,3
P000997,智造054家用电器商品0997,S0037,B0054,C004,SUP0051,active,2025-11-26 23:27:54,11.46,1
P000998,智造080婴童用品商品0998,S0038,B0080,C027,SUP0060,inactive,2026-01-14 19:54:53,4.64,4
P000999,悦己014饮料冲调商品0999,S0039,B0014,C013,SUP0108,active,2026-07-27 02:52:38,2.97,23
P001000,云谷025男装商品1000,S0040,B0025,C007,SUP0112,active,2025-07-31 08:41:01,5.94,11
P001001,新境117家用电器商品1001,S0041,B0117,C004,SUP0064,active,2025-12-04 23:27:10,5.63,15
P001002,智造058健身训练商品1002,S0042,B0058,C032,SUP0139,active,2024-10-23 00:22:46,2.42,24
P001003,本色097饮料冲调商品1003,S0043,B0097,C013,SUP0018,active,2025-03-08 16:57:33,7.16,4
P001004,星辰009骑行商品1004,S0044,B0009,C034,SUP0108,active,2025-11-08 00:18:19,4.98,15
P001005,新境073乐器商品1005,S0045,B0073,C038,SUP0128,active,2026-01-17 07:14:27,7.03,10
P001006,悦己125宠物生活商品1006,S0046,B0125,C040,SUP0070,active,2026-06-08 04:28:09,3.13,21
P001007,云谷124家具商品1007,S0047,B0124,C020,SUP0062,active,2025-05-23 15:25:45,10.87,17
P001008,轻享091健身训练商品1008,S0048,B0091,C032,SUP0060,active,2026-07-09 01:04:18,5.15,22
P001009,青禾092粮油调味商品1009,S0049,B0092,C014,SUP0098,active,2024-11-02 20:11:17,5.26,6
P001010,极光050奶粉辅食商品1010,S0050,B0050,C028,SUP0053,active,2024-08-05 04:25:42,7.54,6
P001011,元气051家用电器商品1011,S0051,B0051,C004,SUP0001,active,2024-05-08 15:20:30,2.37,13
P001012,元气082清洁用品商品1012,S0052,B0082,C019,SUP0112,active,2025-02-16 07:35:53,11.82,19
P001013,极光136家具商品1013,S0053,B0136,C020,SUP0055,active,2024-10-15 19:11:58,4.33,21
P001014,星辰103宠物生活商品1014,S0054,B0103,C040,SUP0099,inactive,2026-03-27 09:13:22,7.31,1
P001015,轻享149家具商品1015,S0055,B0149,C020,SUP0079,inactive,2024-09-04 17:51:16,10.04,22
P001016,悦己029厨具商品1016,S0056,B0029,C018,SUP0044,active,2025-10-28 23:01:57,10.95,3
P001017,青禾115体育用品商品1017,S0057,B0115,C035,SUP0148,draft,2025-12-12 00:56:26,8.02,12
P001018,悦己029童装童鞋商品1018,S0058,B0029,C030,SUP0028,active,2026-05-15 04:08:25,2.4,1
P001019,极光005清洁用品商品1019,S0059,B0005,C019,SUP0124,draft,2025-12-11 16:07:39,1.07,6
P001020,极光120文创商品1020,S0060,B0120,C039,SUP0076,active,2025-09-29 21:41:41,8.48,4
P001021,星辰042家纺商品1021,S0061,B0042,C017,SUP0138,active,2024-04-19 00:24:43,9.29,6
P001022,云谷113女装商品1022,S0062,B0113,C008,SUP0079,active,2025-11-08 17:05:53,2.79,8
P001023,云谷025饮料冲调商品1023,S0063,B0025,C013,SUP0040,active,2024-05-27 12:33:39,1.29,5
P001024,智造036饮料冲调商品1024,S0064,B0036,C013,SUP0014,draft,2025-08-26 22:40:22,7.32,17
P001025,本色123奶粉辅食商品1025,S0065,B0123,C028,SUP0101,active,2026-03-11 10:38:38,3.69,22
P001026,悦己029智能设备商品1026,S0066,B0029,C005,SUP0059,active,2024-07-08 20:07:43,3.89,24
P001027,元气051电脑办公商品1027,S0067,B0051,C003,SUP0001,active,2024-05-16 04:07:42,1.59,10
P001028,极光005家具商品1028,S0068,B0005,C020,SUP0100,active,2025-11-21 21:19:56,3.61,10
P001029,极光030护肤商品1029,S0069,B0030,C022,SUP0122,active,2026-03-16 20:54:26,9.29,14
P001030,智造036骑行商品1030,S0070,B0036,C034,SUP0007,inactive,2026-04-05 12:48:01,8.11,3
P001031,智造027箱包配饰商品1031,S0071,B0027,C010,SUP0148,active,2024-03-29 10:52:41,4.03,1
P001032,星辰009手机通讯商品1032,S0072,B0009,C002,SUP0130,active,2025-09-29 18:38:33,2.68,9
P001033,智造064手机通讯商品1033,S0073,B0064,C002,SUP0119,active,2024-09-07 14:20:27,7.04,11
P001034,本色118女装商品1034,S0074,B0118,C008,SUP0132,active,2025-04-23 11:53:10,7.16,20
P001035,本色067健身训练商品1035,S0075,B0067,C032,SUP0120,inactive,2025-04-08 18:57:44,1.77,4
P001036,极光046骑行商品1036,S0076,B0046,C034,SUP0083,active,2024-11-01 14:23:44,11.97,13
P001037,轻享040智能设备商品1037,S0077,B0040,C005,SUP0053,active,2024-06-15 05:25:27,11.96,4
P001038,悦己014户外装备商品1038,S0078,B0014,C033,SUP0035,active,2025-05-23 14:52:11,0.94,5
P001039,元气108洗护商品1039,S0079,B0108,C024,SUP0002,active,2024-05-21 02:37:00,4.32,13
P001040,星辰060休闲食品商品1040,S0080,B0060,C012,SUP0145,active,2024-05-10 19:59:49,10.39,12
P001041,智造007清洁用品商品1041,S0001,B0007,C019,SUP0010,active,2024-08-21 14:43:03,6.12,2
P001042,新境142粮油调味商品1042,S0002,B0142,C014,SUP0015,active,2026-01-05 23:03:23,3.44,8
P001043,智造027婴童用品商品1043,S0003,B0027,C027,SUP0070,active,2024-10-23 09:30:16,10.29,2
P001044,轻享010彩妆商品1044,S0004,B0010,C023,SUP0062,active,2024-09-04 05:33:46,4.01,8
P001045,轻享119粮油调味商品1045,S0005,B0119,C014,SUP0106,active,2025-04-11 12:33:24,7.7,13
P001046,悦己037体育用品商品1046,S0006,B0037,C035,SUP0118,active,2024-05-18 23:11:21,11.45,24
P001047,本色129家纺商品1047,S0007,B0129,C017,SUP0061,active,2025-12-07 23:27:19,1.31,21
P001048,新境088玩具商品1048,S0008,B0088,C029,SUP0022,inactive,2026-01-15 08:01:44,9.62,15
P001049,悦己074生鲜果蔬商品1049,S0009,B0074,C015,SUP0030,active,2025-12-25 17:50:37,6.83,2
P001050,轻享022手机通讯商品1050,S0010,B0022,C002,SUP0056,active,2026-02-22 20:29:23,2.4,12
P001051,新境137智能设备商品1051,S0011,B0137,C005,SUP0090,active,2026-08-05 21:04:10,8.1,12
P001052,元气095生鲜果蔬商品1052,S0012,B0095,C015,SUP0124,active,2025-08-07 18:13:46,9.96,13
P001053,轻享010家纺商品1053,S0013,B0010,C017,SUP0086,active,2026-06-15 05:47:44,4.37,15
P001054,悦己056玩具商品1054,S0014,B0056,C029,SUP0109,active,2024-09-01 19:40:00,10.54,17
P001055,新境142图书商品1055,S0015,B0142,C037,SUP0115,active,2025-08-18 10:47:51,2.1,24
P001056,本色070粮油调味商品1056,S0016,B0070,C014,SUP0032,active,2025-04-12 11:26:58,0.32,5
P001057,智造044箱包配饰商品1057,S0017,B0044,C010,SUP0082,active,2025-03-16 04:34:18,9.69,13
P001058,悦己074厨具商品1058,S0018,B0074,C018,SUP0066,active,2026-05-09 07:17:25,4.96,15
P001059,极光046宠物生活商品1059,S0019,B0046,C040,SUP0061,active,2026-01-06 23:50:34,2.24,21
P001060,极光046生鲜果蔬商品1060,S0020,B0046,C015,SUP0122,draft,2026-04-26 17:59:47,9.49,20
P001061,悦己035彩妆商品1061,S0021,B0035,C023,SUP0104,active,2026-08-09 22:47:19,9.19,2
P001062,极光057骑行商品1062,S0022,B0057,C034,SUP0037,active,2026-05-26 03:53:47,8.66,14
P001063,轻享111健身训练商品1063,S0023,B0111,C032,SUP0093,active,2024-08-08 21:33:52,0.62,20
P001064,智造131男装商品1064,S0024,B0131,C007,SUP0047,active,2026-04-22 07:50:26,5.16,12
P001065,智造053男装商品1065,S0025,B0053,C007,SUP0150,active,2025-02-09 14:12:45,11.34,5
P001066,轻享032女装商品1066,S0026,B0032,C008,SUP0131,active,2025-07-17 03:25:28,7.36,3
P001067,本色129厨具商品1067,S0027,B0129,C018,SUP0035,draft,2025-09-08 01:24:27,8.15,10
P001068,星辰042健身训练商品1068,S0028,B0042,C032,SUP0097,active,2025-04-08 14:31:17,4.46,11
P001069,轻享149休闲食品商品1069,S0029,B0149,C012,SUP0064,active,2026-06-16 12:05:39,10.96,15
P001070,智造053电脑办公商品1070,S0030,B0053,C003,SUP0068,active,2025-02-26 11:12:10,5.14,3
P001071,悦己006个人护理商品1071,S0031,B0006,C025,SUP0110,active,2025-07-15 19:50:33,10.98,2
P001072,元气055休闲食品商品1072,S0032,B0055,C012,SUP0132,active,2026-02-10 19:20:54,4.69,6
P001073,智造140箱包配饰商品1073,S0033,B0140,C010,SUP0028,active,2024-03-31 04:57:27,5.64,5
P001074,新境041体育用品商品1074,S0034,B0041,C035,SUP0004,active,2024-06-14 20:08:39,7.98,15
P001075,智造127家纺商品1075,S0035,B0127,C017,SUP0125,active,2026-06-01 19:34:29,3.79,19
P001076,云谷025洗护商品1076,S0036,B0025,C024,SUP0073,active,2024-04-16 14:57:50,2.67,3
P001077,悦己125饮料冲调商品1077,S0037,B0125,C013,SUP0090,draft,2025-05-13 23:55:38,8.71,6
P001078,元气089运动鞋服商品1078,S0038,B0089,C009,SUP0110,active,2025-04-16 10:43:07,2.87,16
P001079,极光120乐器商品1079,S0039,B0120,C038,SUP0013,active,2025-10-03 20:52:42,0.88,8
P001080,极光121健身训练商品1080,S0040,B0121,C032,SUP0030,active,2025-08-27 19:14:17,9.24,6
P001081,云谷113彩妆商品1081,S0041,B0113,C023,SUP0093,active,2026-02-19 06:44:20,9.32,0
P001082,星辰008电脑办公商品1082,S0042,B0008,C003,SUP0099,active,2025-03-26 01:55:15,3.46,4
P001083,智造127骑行商品1083,S0043,B0127,C034,SUP0007,active,2025-01-09 00:50:11,3.89,18
P001084,青禾138清洁用品商品1084,S0044,B0138,C019,SUP0140,active,2026-07-11 23:59:07,2.23,12
P001085,新境031运动鞋服商品1085,S0045,B0031,C009,SUP0130,active,2025-12-27 21:09:36,6.51,24
P001086,云谷098玩具商品1086,S0046,B0098,C029,SUP0099,active,2026-06-21 05:03:05,5.85,2
P001087,轻享111体育用品商品1087,S0047,B0111,C035,SUP0048,active,2026-07-17 03:06:50,0.9,10
P001088,智造058箱包配饰商品1088,S0048,B0058,C010,SUP0150,active,2024-07-07 15:59:16,9.55,19
P001089,悦己038饮料冲调商品1089,S0049,B0038,C013,SUP0066,active,2025-02-24 11:20:57,10.78,22
P001090,新境085户外装备商品1090,S0050,B0085,C033,SUP0125,active,2025-10-17 12:27:43,1.56,18
P001091,极光057饮料冲调商品1091,S0051,B0057,C013,SUP0090,active,2026-01-26 03:15:11,8.83,0
P001092,新境031体育用品商品1092,S0052,B0031,C035,SUP0017,active,2024-06-28 03:50:11,9.27,5
P001093,新境073童装童鞋商品1093,S0053,B0073,C030,SUP0068,active,2026-07-28 15:09:03,9.98,23
P001094,星辰018男装商品1094,S0054,B0018,C007,SUP0095,active,2025-06-29 07:09:22,11.59,0
P001095,悦己035玩具商品1095,S0055,B0035,C029,SUP0061,active,2024-11-20 15:41:44,5.71,17
P001096,新境150童装童鞋商品1096,S0056,B0150,C030,SUP0126,active,2026-04-04 18:31:31,10.01,15
P001097,星辰042洗护商品1097,S0057,B0042,C024,SUP0141,active,2025-02-06 06:23:00,2.78,11
P001098,本色129家具商品1098,S0058,B0129,C020,SUP0046,active,2025-05-01 21:51:09,4.42,9
P001099,本色021智能设备商品1099,S0059,B0021,C005,SUP0070,active,2024-11-22 00:46:21,10.39,21
P001100,轻享048女装商品1100,S0060,B0048,C008,SUP0075,active,2025-08-21 20:35:09,11.52,19
P001101,星辰103健身训练商品1101,S0061,B0103,C032,SUP0062,active,2024-10-25 15:39:27,5.2,1
P001102,极光046女装商品1102,S0062,B0046,C008,SUP0006,inactive,2026-02-24 05:27:53,10.37,14
P001103,轻享091智能设备商品1103,S0063,B0091,C005,SUP0089,active,2024-04-18 23:34:14,6.01,12
P001104,新境137男装商品1104,S0064,B0137,C007,SUP0064,active,2024-06-27 10:09:22,4.5,3
P001105,元气020奶粉辅食商品1105,S0065,B0020,C028,SUP0058,active,2025-11-16 01:00:43,1.05,16
P001106,轻享111家纺商品1106,S0066,B0111,C017,SUP0130,active,2025-03-09 22:53:38,4.31,19
P001107,智造044彩妆商品1107,S0067,B0044,C023,SUP0020,active,2025-05-03 08:23:50,8.57,20
P001108,青禾039女装商品1108,S0068,B0039,C008,SUP0082,active,2024-12-23 12:18:13,11.75,14
P001109,本色118粮油调味商品1109,S0069,B0118,C014,SUP0122,active,2024-05-06 01:09:30,3.87,1
P001110,极光052骑行商品1110,S0070,B0052,C034,SUP0045,active,2025-08-11 01:54:12,1.97,11
P001111,元气094健身训练商品1111,S0071,B0094,C032,SUP0113,active,2024-11-30 01:13:00,2.06,9
P001112,新境132家具商品1112,S0072,B0132,C020,SUP0023,active,2026-02-01 15:08:24,1.99,2
P001113,智造062彩妆商品1113,S0073,B0062,C023,SUP0070,active,2025-11-18 06:00:44,0.52,3
P001114,新境047运动鞋服商品1114,S0074,B0047,C009,SUP0112,active,2026-07-01 21:10:37,6.29,7
P001115,智造028婴童用品商品1115,S0075,B0028,C027,SUP0106,active,2025-02-12 02:36:35,5.8,14
P001116,轻享119粮油调味商品1116,S0076,B0119,C014,SUP0049,active,2025-11-14 09:28:21,3.27,20
P001117,青禾138健身训练商品1117,S0077,B0138,C032,SUP0125,active,2026-07-15 02:00:51,3.99,16
P001118,星辰023电脑办公商品1118,S0078,B0023,C003,SUP0032,active,2026-04-05 06:32:56,6.41,21
P001119,元气084休闲食品商品1119,S0079,B0084,C012,SUP0036,inactive,2025-07-11 15:02:34,6.81,13
P001120,极光121女装商品1120,S0080,B0121,C008,SUP0011,active,2025-05-08 03:19:36,5.8,19
P001121,悦己035家具商品1121,S0001,B0035,C020,SUP0036,active,2026-06-17 13:16:27,5.54,19
P001122,悦己014彩妆商品1122,S0002,B0014,C023,SUP0003,active,2025-09-02 06:38:52,11.98,5
P001123,极光057童装童鞋商品1123,S0003,B0057,C030,SUP0141,active,2024-06-17 14:41:51,2.4,11
P001124,星辰114图书商品1124,S0004,B0114,C037,SUP0036,active,2024-08-29 12:13:16,10.79,23
P001125,青禾039个人护理商品1125,S0005,B0039,C025,SUP0095,active,2024-07-26 02:53:04,5.36,8
P001126,新境135体育用品商品1126,S0006,B0135,C035,SUP0082,active,2024-04-25 05:50:42,3.88,0
P001127,元气013粮油调味商品1127,S0007,B0013,C014,SUP0023,active,2024-07-31 20:43:44,5.45,10
P001128,极光139箱包配饰商品1128,S0008,B0139,C010,SUP0002,active,2024-09-03 15:53:05,3.87,23
P001129,元气095饮料冲调商品1129,S0009,B0095,C013,SUP0085,active,2026-06-16 16:02:11,2.59,19
P001130,极光065乐器商品1130,S0010,B0065,C038,SUP0137,active,2024-12-17 06:16:07,1.68,17
P001131,极光076清洁用品商品1131,S0011,B0076,C019,SUP0148,active,2025-02-25 02:34:56,7.27,12
P001132,轻享011箱包配饰商品1132,S0012,B0011,C010,SUP0122,active,2026-06-22 00:49:45,1.39,22
P001133,本色129箱包配饰商品1133,S0013,B0129,C010,SUP0037,active,2026-05-18 15:52:17,10.39,14
P001134,云谷075休闲食品商品1134,S0014,B0075,C012,SUP0076,active,2026-04-11 11:24:34,1.17,10
P001135,本色097清洁用品商品1135,S0015,B0097,C019,SUP0008,active,2024-04-03 05:31:35,6.54,10
P001136,智造007护肤商品1136,S0016,B0007,C022,SUP0135,active,2026-06-05 07:18:29,10.06,8
P001137,智造012休闲食品商品1137,S0017,B0012,C012,SUP0095,active,2025-04-22 05:12:55,6.29,22
P001138,悦己144骑行商品1138,S0018,B0144,C034,SUP0126,inactive,2024-05-23 07:06:28,0.39,18
P001139,悦己130图书商品1139,S0019,B0130,C037,SUP0141,active,2025-10-11 05:32:29,6.66,23
P001140,元气004乐器商品1140,S0020,B0004,C038,SUP0079,active,2024-08-02 06:11:34,9.29,8
P001141,青禾092玩具商品1141,S0021,B0092,C029,SUP0025,active,2026-06-22 10:13:16,5.76,3
P001142,智造064家用电器商品1142,S0022,B0064,C004,SUP0148,active,2024-05-07 14:27:33,8.21,11
P001143,智造059健身训练商品1143,S0023,B0059,C032,SUP0041,draft,2025-04-30 18:18:57,4.55,14
P001144,轻享149家纺商品1144,S0024,B0149,C017,SUP0145,active,2025-10-01 23:12:31,5.36,3
P001145,轻享079图书商品1145,S0025,B0079,C037,SUP0035,active,2025-07-10 05:18:40,8.16,16
P001146,元气013宠物生活商品1146,S0026,B0013,C040,SUP0135,active,2024-12-11 17:06:49,8.05,23
P001147,青禾115厨具商品1147,S0027,B0115,C018,SUP0054,active,2025-10-29 23:44:08,2.96,19
P001148,轻享043洗护商品1148,S0028,B0043,C024,SUP0115,active,2026-08-03 08:34:28,6.72,12
P001149,极光005智能设备商品1149,S0029,B0005,C005,SUP0053,draft,2024-08-06 07:17:33,5.94,1
P001150,云谷075箱包配饰商品1150,S0030,B0075,C010,SUP0111,active,2024-06-08 08:17:40,7.62,2
P001151,星辰107家纺商品1151,S0031,B0107,C017,SUP0022,active,2025-12-24 12:56:35,10.66,21
P001152,星辰116清洁用品商品1152,S0032,B0116,C019,SUP0006,active,2025-08-16 17:50:47,2.09,21
P001153,本色105健身训练商品1153,S0033,B0105,C032,SUP0114,active,2025-02-15 20:54:43,4.16,18
P001154,本色070休闲食品商品1154,S0034,B0070,C012,SUP0076,active,2026-01-12 11:53:45,4.14,15
P001155,智造054奶粉辅食商品1155,S0035,B0054,C028,SUP0064,active,2026-02-14 03:58:56,11.05,7
P001156,悦己130健身训练商品1156,S0036,B0130,C032,SUP0123,active,2024-08-07 17:11:37,8.11,12
P001157,悦己099厨具商品1157,S0037,B0099,C018,SUP0011,active,2024-12-20 01:53:13,5.76,20
P001158,本色133智能设备商品1158,S0038,B0133,C005,SUP0127,active,2025-12-01 06:33:39,2.4,16
P001159,悦己056家具商品1159,S0039,B0056,C020,SUP0064,active,2025-06-24 08:27:06,3.55,0
P001160,极光050运动鞋服商品1160,S0040,B0050,C009,SUP0070,active,2024-12-14 04:42:01,10.41,12
P001161,极光072电脑办公商品1161,S0041,B0072,C003,SUP0085,active,2024-05-04 04:17:32,8.95,9
P001162,新境150粮油调味商品1162,S0042,B0150,C014,SUP0009,active,2024-09-17 10:52:42,3.59,22
P001163,本色097电脑办公商品1163,S0043,B0097,C003,SUP0124,active,2024-08-26 22:59:06,1.93,0
P001164,星辰042智能设备商品1164,S0044,B0042,C005,SUP0027,active,2025-11-26 00:53:51,6.76,16
P001165,轻享040家纺商品1165,S0045,B0040,C017,SUP0018,active,2025-12-05 09:36:02,6.48,21
P001166,云谷145个人护理商品1166,S0046,B0145,C025,SUP0076,active,2025-05-25 14:00:43,3.81,8
P001167,本色016家纺商品1167,S0047,B0016,C017,SUP0049,active,2026-03-05 16:26:57,6.86,8
P001168,元气013洗护商品1168,S0048,B0013,C024,SUP0138,active,2025-08-31 14:54:16,9.45,17
P001169,云谷113宠物生活商品1169,S0049,B0113,C040,SUP0054,active,2025-02-06 03:12:25,3.8,21
P001170,极光050个人护理商品1170,S0050,B0050,C025,SUP0105,active,2024-10-06 18:15:43,10.34,5
P001171,元气004厨具商品1171,S0051,B0004,C018,SUP0057,active,2024-10-12 07:23:10,4.98,23
P001172,智造127洗护商品1172,S0052,B0127,C024,SUP0026,active,2025-09-26 13:22:15,9.71,23
P001173,智造086生鲜果蔬商品1173,S0053,B0086,C015,SUP0132,active,2026-05-02 00:55:33,7.58,5
P001174,新境134童装童鞋商品1174,S0054,B0134,C030,SUP0125,active,2025-01-10 08:16:51,10.39,23
P001175,轻享011宠物生活商品1175,S0055,B0011,C040,SUP0055,active,2026-03-02 22:43:53,8.04,1
P001176,新境031彩妆商品1176,S0056,B0031,C023,SUP0020,active,2025-09-29 22:55:15,8.05,1
P001177,青禾061文创商品1177,S0057,B0061,C039,SUP0126,active,2024-09-09 07:45:09,4.29,20
P001178,本色105生鲜果蔬商品1178,S0058,B0105,C015,SUP0066,draft,2025-10-29 20:42:24,5.09,6
P001179,新境135健身训练商品1179,S0059,B0135,C032,SUP0061,active,2024-07-03 17:11:51,9.87,12
P001180,轻享063运动鞋服商品1180,S0060,B0063,C009,SUP0041,active,2025-10-17 18:35:47,2.92,21
P001181,智造053护肤商品1181,S0061,B0053,C022,SUP0064,active,2026-07-03 09:58:58,0.55,10
P001182,智造102个人护理商品1182,S0062,B0102,C025,SUP0059,active,2024-03-11 10:26:34,1.94,23
P001183,青禾104男装商品1183,S0063,B0104,C007,SUP0121,active,2024-04-07 14:17:35,1.86,9
P001184,新境078运动鞋服商品1184,S0064,B0078,C009,SUP0134,active,2025-06-10 02:43:54,11.91,1
P001185,云谷015家具商品1185,S0065,B0015,C020,SUP0020,active,2026-04-16 11:32:32,4.8,3
P001186,星辰116运动鞋服商品1186,S0066,B0116,C009,SUP0053,active,2024-07-15 13:07:11,0.73,10
P001187,新境031婴童用品商品1187,S0067,B0031,C027,SUP0113,active,2026-01-12 10:51:39,4.23,8
P001188,元气106奶粉辅食商品1188,S0068,B0106,C028,SUP0032,active,2024-05-09 12:00:54,2.68,16
P001189,智造036电脑办公商品1189,S0069,B0036,C003,SUP0091,active,2024-09-22 12:58:53,6.52,15
P001190,星辰023手机通讯商品1190,S0070,B0023,C002,SUP0006,active,2024-08-25 09:45:42,6.39,21
P001191,元气068女装商品1191,S0071,B0068,C008,SUP0024,active,2025-04-21 09:23:54,5.99,5
P001192,智造054户外装备商品1192,S0072,B0054,C033,SUP0138,active,2024-12-24 03:05:47,3.13,0
P001193,极光121清洁用品商品1193,S0073,B0121,C019,SUP0048,active,2025-09-23 03:17:46,11.37,3
P001194,元气106婴童用品商品1194,S0074,B0106,C027,SUP0075,active,2024-05-15 10:05:26,3.65,2
P001195,元气094生鲜果蔬商品1195,S0075,B0094,C015,SUP0117,active,2024-09-22 12:07:40,5.74,4
P001196,青禾039骑行商品1196,S0076,B0039,C034,SUP0030,active,2025-06-07 09:34:29,6.14,6
P001197,青禾083乐器商品1197,S0077,B0083,C038,SUP0119,active,2025-11-07 13:40:35,5.69,21
P001198,智造007男装商品1198,S0078,B0007,C007,SUP0061,active,2026-06-06 06:53:09,8.75,18
P001199,云谷141男装商品1199,S0079,B0141,C007,SUP0049,active,2024-03-11 00:32:31,9.2,21
P001200,轻享040家纺商品1200,S0080,B0040,C017,SUP0147,active,2025-08-15 12:31:43,9.88,3
P001201,元气082家具商品1201,S0001,B0082,C020,SUP0110,inactive,2025-10-17 02:10:12,3.63,23
P001202,新境088生鲜果蔬商品1202,S0002,B0088,C015,SUP0041,active,2025-08-09 20:58:24,6.09,4
P001203,悦己056体育用品商品1203,S0003,B0056,C035,SUP0058,active,2025-06-27 22:49:08,0.86,12
P001204,新境031洗护商品1204,S0004,B0031,C024,SUP0116,active,2025-09-19 23:45:46,4.43,24
P001205,本色070体育用品商品1205,S0005,B0070,C035,SUP0101,active,2024-12-10 10:47:32,0.84,3
P001206,云谷113家纺商品1206,S0006,B0113,C017,SUP0120,draft,2025-10-17 06:46:44,11.08,18
P001207,星辰101粮油调味商品1207,S0007,B0101,C014,SUP0133,active,2026-03-27 12:43:30,10.94,16
P001208,智造026休闲食品商品1208,S0008,B0026,C012,SUP0023,active,2025-12-28 09:22:37,1.46,13
P001209,极光076粮油调味商品1209,S0009,B0076,C014,SUP0021,inactive,2025-05-26 14:53:11,3.96,24
P001210,本色105箱包配饰商品1210,S0010,B0105,C010,SUP0076,active,2025-11-05 20:58:50,10.63,5
P001211,极光121家具商品1211,S0011,B0121,C020,SUP0102,active,2026-06-23 13:46:36,1.3,12
P001212,星辰087宠物生活商品1212,S0012,B0087,C040,SUP0146,active,2025-05-06 10:11:51,11.04,6
P001213,星辰096清洁用品商品1213,S0013,B0096,C019,SUP0088,active,2025-06-28 17:02:49,0.64,15
P001214,本色016粮油调味商品1214,S0014,B0016,C014,SUP0075,active,2024-08-20 22:11:41,4.9,11
P001215,轻享149智能设备商品1215,S0015,B0149,C005,SUP0050,active,2025-03-19 21:56:22,3.46,22
P001216,智造131护肤商品1216,S0016,B0131,C022,SUP0042,active,2026-01-09 23:57:49,9.96,2
P001217,星辰122玩具商品1217,S0017,B0122,C029,SUP0098,inactive,2024-11-15 10:12:54,4.37,4
P001218,智造026智能设备商品1218,S0018,B0026,C005,SUP0021,active,2025-02-16 20:44:29,11.32,3
P001219,本色147家用电器商品1219,S0019,B0147,C004,SUP0120,active,2024-06-04 09:03:28,5.54,24
P001220,智造080彩妆商品1220,S0020,B0080,C023,SUP0004,active,2025-01-22 11:15:59,5.96,10
P001221,元气013厨具商品1221,S0021,B0013,C018,SUP0092,active,2026-05-29 12:24:08,1.9,6
P001222,悦己056清洁用品商品1222,S0022,B0056,C019,SUP0091,active,2026-02-06 20:02:24,5.35,7
P001223,星辰003运动鞋服商品1223,S0023,B0003,C009,SUP0015,active,2025-12-01 23:54:35,9.71,4
P001224,智造109饮料冲调商品1224,S0024,B0109,C013,SUP0080,active,2024-06-13 22:20:47,10.53,11
P001225,智造064骑行商品1225,S0025,B0064,C034,SUP0107,inactive,2024-04-25 11:28:54,8.17,18
P001226,本色133健身训练商品1226,S0026,B0133,C032,SUP0017,active,2024-12-26 12:21:39,11.45,20
P001227,元气089玩具商品1227,S0027,B0089,C029,SUP0061,active,2025-05-31 06:11:03,10.65,18
P001228,极光030手机通讯商品1228,S0028,B0030,C002,SUP0024,active,2024-11-27 01:16:05,5.92,10
P001229,元气082图书商品1229,S0029,B0082,C037,SUP0023,active,2026-01-31 18:02:58,2.34,19
P001230,智造028女装商品1230,S0030,B0028,C008,SUP0016,active,2025-01-19 04:17:02,11.18,23
P001231,轻享011体育用品商品1231,S0031,B0011,C035,SUP0063,active,2025-08-21 18:02:10,6.09,2
P001232,青禾083婴童用品商品1232,S0032,B0083,C027,SUP0135,active,2025-12-15 06:55:58,2.16,4
P001233,本色097彩妆商品1233,S0033,B0097,C023,SUP0026,active,2026-01-03 04:48:08,11.27,4
P001234,星辰107个人护理商品1234,S0034,B0107,C025,SUP0075,active,2026-04-13 16:19:01,0.27,12
P001235,本色123个人护理商品1235,S0035,B0123,C025,SUP0049,active,2025-05-06 02:45:57,9.1,24
P001236,新境047宠物生活商品1236,S0036,B0047,C040,SUP0140,draft,2025-07-08 06:33:36,7.67,19
P001237,极光121健身训练商品1237,S0037,B0121,C032,SUP0107,draft,2026-06-23 01:10:15,6.96,14
P001238,本色097个人护理商品1238,S0038,B0097,C025,SUP0056,active,2025-07-19 02:52:06,5.81,16
P001239,极光071家具商品1239,S0039,B0071,C020,SUP0110,active,2024-10-18 10:53:17,4.85,14
P001240,星辰042电脑办公商品1240,S0040,B0042,C003,SUP0065,active,2024-04-26 13:46:58,9.66,13
P001241,新境135奶粉辅食商品1241,S0041,B0135,C028,SUP0074,inactive,2026-04-16 18:19:29,9.33,4
P001242,元气068粮油调味商品1242,S0042,B0068,C014,SUP0023,active,2024-09-22 17:23:57,10.57,5
P001243,悦己035骑行商品1243,S0043,B0035,C034,SUP0003,active,2025-08-06 22:03:29,9.62,1
P001244,智造102婴童用品商品1244,S0044,B0102,C027,SUP0011,active,2025-11-04 03:20:12,8.31,15
P001245,云谷113粮油调味商品1245,S0045,B0113,C014,SUP0034,active,2024-05-09 16:19:38,0.62,14
P001246,轻享022骑行商品1246,S0046,B0022,C034,SUP0027,active,2025-10-29 00:55:11,6.93,16
P001247,新境132休闲食品商品1247,S0047,B0132,C012,SUP0085,active,2025-12-02 21:05:49,9.87,15
P001248,星辰023家具商品1248,S0048,B0023,C020,SUP0003,active,2025-03-12 23:09:17,2.67,0
P001249,元气094清洁用品商品1249,S0049,B0094,C019,SUP0042,active,2025-08-15 10:50:41,7.01,0
P001250,极光071男装商品1250,S0050,B0071,C007,SUP0148,active,2025-05-09 04:32:16,9.08,6
P001251,智造059彩妆商品1251,S0051,B0059,C023,SUP0024,active,2026-02-09 17:41:11,6.38,12
P001252,星辰003箱包配饰商品1252,S0052,B0003,C010,SUP0093,active,2025-09-07 10:57:41,8.16,23
P001253,本色016箱包配饰商品1253,S0053,B0016,C010,SUP0030,active,2025-02-03 05:25:15,6.53,17
P001254,星辰116玩具商品1254,S0054,B0116,C029,SUP0032,active,2025-12-22 17:15:39,3.12,24
P001255,新境073户外装备商品1255,S0055,B0073,C033,SUP0062,active,2024-08-25 18:57:00,5.04,22
P001256,极光046男装商品1256,S0056,B0046,C007,SUP0019,active,2024-08-18 18:42:43,0.94,21
P001257,青禾039护肤商品1257,S0057,B0039,C022,SUP0077,active,2025-12-01 23:36:51,2.45,23
P001258,智造028家用电器商品1258,S0058,B0028,C004,SUP0002,active,2026-08-20 19:18:38,11.08,15
P001259,新境135女装商品1259,S0059,B0135,C008,SUP0111,active,2026-03-01 04:09:16,3.0,8
P001260,星辰112洗护商品1260,S0060,B0112,C024,SUP0042,active,2024-12-01 08:41:14,2.13,13
P001261,悦己037休闲食品商品1261,S0061,B0037,C012,SUP0069,active,2024-09-09 02:04:51,2.16,4
P001262,悦己006生鲜果蔬商品1262,S0062,B0006,C015,SUP0005,active,2025-11-20 14:29:42,6.19,18
P001263,本色097女装商品1263,S0063,B0097,C008,SUP0091,active,2026-08-08 09:37:57,10.92,20
P001264,极光121家纺商品1264,S0064,B0121,C017,SUP0050,active,2024-09-23 01:35:47,1.02,8
P001265,元气051智能设备商品1265,S0065,B0051,C005,SUP0123,active,2025-05-03 13:23:50,11.04,9
P001266,本色021个人护理商品1266,S0066,B0021,C025,SUP0013,active,2026-03-09 04:37:17,3.51,8
P001267,智造026家用电器商品1267,S0067,B0026,C004,SUP0061,active,2025-07-17 07:55:30,11.59,7
P001268,元气069个人护理商品1268,S0068,B0069,C025,SUP0112,active,2025-05-30 23:21:38,10.48,5
P001269,悦己074厨具商品1269,S0069,B0074,C018,SUP0069,active,2026-06-02 06:48:52,7.99,9
P001270,智造012粮油调味商品1270,S0070,B0012,C014,SUP0037,active,2025-10-04 21:02:32,1.22,21
P001271,智造026护肤商品1271,S0071,B0026,C022,SUP0144,active,2024-11-03 05:59:54,1.63,12
P001272,本色123手机通讯商品1272,S0072,B0123,C002,SUP0032,active,2026-08-04 12:04:47,1.39,23
P001273,轻享091童装童鞋商品1273,S0073,B0091,C030,SUP0091,inactive,2025-03-14 16:38:15,9.87,4
P001274,青禾061玩具商品1274,S0074,B0061,C029,SUP0057,active,2026-04-17 21:18:57,5.66,5
P001275,本色021女装商品1275,S0075,B0021,C008,SUP0008,active,2025-01-20 05:25:29,6.92,8
P001276,轻享010饮料冲调商品1276,S0076,B0010,C013,SUP0111,active,2026-04-04 11:57:31,1.35,11
P001277,极光100宠物生活商品1277,S0077,B0100,C040,SUP0094,active,2024-06-27 00:41:22,10.85,8
P001278,青禾083骑行商品1278,S0078,B0083,C034,SUP0061,draft,2024-05-07 08:05:23,7.77,17
P001279,元气082图书商品1279,S0079,B0082,C037,SUP0124,active,2025-10-16 17:45:19,11.27,21
P001280,极光050家纺商品1280,S0080,B0050,C017,SUP0066,active,2025-05-14 16:01:31,9.73,10
P001281,智造140奶粉辅食商品1281,S0001,B0140,C028,SUP0053,active,2026-08-07 19:07:47,9.5,2
P001282,星辰008家纺商品1282,S0002,B0008,C017,SUP0103,active,2024-05-31 03:02:09,0.8,18
P001283,悦己081电脑办公商品1283,S0003,B0081,C003,SUP0103,active,2024-03-25 04:06:41,9.25,6
P001284,悦己006彩妆商品1284,S0004,B0006,C023,SUP0036,active,2025-02-01 06:30:47,3.31,4
P001285,本色110家具商品1285,S0005,B0110,C020,SUP0043,active,2024-07-15 23:44:04,7.52,2
P001286,悦己074健身训练商品1286,S0006,B0074,C032,SUP0129,active,2024-06-02 18:20:33,5.19,4
P001287,本色090玩具商品1287,S0007,B0090,C029,SUP0123,active,2025-07-29 10:15:21,7.98,5
P001288,云谷001体育用品商品1288,S0008,B0001,C035,SUP0024,active,2024-06-21 21:29:20,11.65,6
P001289,智造007洗护商品1289,S0009,B0007,C024,SUP0059,active,2025-11-02 09:21:31,5.1,3
P001290,云谷075护肤商品1290,S0010,B0075,C022,SUP0091,active,2026-08-20 04:21:56,9.15,11
P001291,元气128宠物生活商品1291,S0011,B0128,C040,SUP0011,inactive,2025-04-20 15:53:12,3.16,4
P001292,极光057图书商品1292,S0012,B0057,C037,SUP0091,active,2026-08-17 15:26:46,7.4,19
P001293,智造026男装商品1293,S0013,B0026,C007,SUP0044,inactive,2026-01-06 18:14:15,2.13,7
P001294,云谷001家用电器商品1294,S0014,B0001,C004,SUP0113,active,2024-06-10 00:58:58,3.27,0
P001295,智造062厨具商品1295,S0015,B0062,C018,SUP0103,active,2025-07-10 23:58:31,1.51,9
P001296,轻享010户外装备商品1296,S0016,B0010,C033,SUP0018,active,2025-01-12 08:34:16,4.14,7
P001297,新境041男装商品1297,S0017,B0041,C007,SUP0139,active,2025-07-19 01:11:23,0.39,21
P001298,星辰024健身训练商品1298,S0018,B0024,C032,SUP0053,active,2024-08-18 22:14:07,4.77,5
P001299,云谷145文创商品1299,S0019,B0145,C039,SUP0093,active,2026-04-07 01:54:13,4.6,21
P001300,云谷015护肤商品1300,S0020,B0015,C022,SUP0011,inactive,2025-12-19 07:19:43,10.95,13
P001301,星辰116骑行商品1301,S0021,B0116,C034,SUP0057,active,2026-07-27 11:48:01,3.25,16
P001302,极光136女装商品1302,S0022,B0136,C008,SUP0036,active,2025-08-03 14:38:22,3.89,24
P001303,元气068乐器商品1303,S0023,B0068,C038,SUP0041,active,2025-01-24 00:36:45,10.46,10
P001304,轻享149宠物生活商品1304,S0024,B0149,C040,SUP0119,draft,2026-05-08 04:37:31,3.86,8
P001305,极光120休闲食品商品1305,S0025,B0120,C012,SUP0125,active,2025-12-02 16:27:18,9.56,23
P001306,悦己029粮油调味商品1306,S0026,B0029,C014,SUP0089,active,2024-05-16 20:03:16,9.03,9
P001307,极光100清洁用品商品1307,S0027,B0100,C019,SUP0061,active,2026-04-16 22:33:20,8.46,4
P001308,云谷001生鲜果蔬商品1308,S0028,B0001,C015,SUP0076,active,2024-11-09 12:53:38,0.66,21
P001309,星辰009婴童用品商品1309,S0029,B0009,C027,SUP0126,active,2024-09-13 03:47:37,0.25,1
P001310,本色110清洁用品商品1310,S0030,B0110,C019,SUP0134,active,2025-07-21 13:54:54,4.1,8
P001311,极光136饮料冲调商品1311,S0031,B0136,C013,SUP0111,active,2026-02-22 20:36:31,7.36,14
P001312,星辰060清洁用品商品1312,S0032,B0060,C019,SUP0039,active,2026-06-27 18:03:28,1.37,0
P001313,本色019个人护理商品1313,S0033,B0019,C025,SUP0106,active,2025-08-25 05:04:29,10.71,12
P001314,智造053健身训练商品1314,S0034,B0053,C032,SUP0115,active,2026-03-18 14:31:11,1.22,6
P001315,本色110骑行商品1315,S0035,B0110,C034,SUP0051,active,2024-11-27 21:41:19,6.53,18
P001316,元气055玩具商品1316,S0036,B0055,C029,SUP0120,active,2025-08-30 02:10:31,7.76,19
P001317,新境143健身训练商品1317,S0037,B0143,C032,SUP0044,active,2026-07-06 18:28:29,3.77,11
P001318,星辰009家纺商品1318,S0038,B0009,C017,SUP0104,active,2025-06-17 12:35:17,8.78,18
P001319,青禾104电脑办公商品1319,S0039,B0104,C003,SUP0120,active,2026-01-16 04:47:37,11.22,8
P001320,元气094图书商品1320,S0040,B0094,C037,SUP0118,active,2026-06-27 08:45:25,0.75,23
P001321,悦己148玩具商品1321,S0041,B0148,C029,SUP0125,active,2026-03-21 05:04:37,11.51,19
P001322,极光046清洁用品商品1322,S0042,B0046,C019,SUP0085,active,2025-05-17 04:55:27,7.31,2
P001323,云谷015女装商品1323,S0043,B0015,C008,SUP0140,active,2025-05-06 17:53:07,7.75,11
P001324,轻享040电脑办公商品1324,S0044,B0040,C003,SUP0054,active,2025-06-10 07:49:59,4.88,2
P001325,新境041粮油调味商品1325,S0045,B0041,C014,SUP0075,active,2024-03-31 21:51:06,10.55,13
P001326,星辰008清洁用品商品1326,S0046,B0008,C019,SUP0076,active,2026-06-28 16:08:25,7.24,18
P001327,云谷141彩妆商品1327,S0047,B0141,C023,SUP0149,active,2025-08-21 23:35:05,0.88,8
P001328,悦己014运动鞋服商品1328,S0048,B0014,C009,SUP0030,active,2025-06-26 05:09:59,9.81,10
P001329,云谷146彩妆商品1329,S0049,B0146,C023,SUP0053,inactive,2026-01-06 04:34:17,3.27,3
P001330,新境041男装商品1330,S0050,B0041,C007,SUP0008,active,2024-09-04 01:18:02,7.39,20
P001331,悦己056家具商品1331,S0051,B0056,C020,SUP0057,active,2025-06-28 20:43:53,4.15,0
P001332,悦己126男装商品1332,S0052,B0126,C007,SUP0137,active,2026-04-09 11:43:32,5.23,1
P001333,青禾115乐器商品1333,S0053,B0115,C038,SUP0022,active,2024-08-07 07:14:13,11.64,0
P001334,智造059玩具商品1334,S0054,B0059,C029,SUP0121,active,2024-04-07 04:21:41,4.59,9
P001335,极光100体育用品商品1335,S0055,B0100,C035,SUP0005,active,2024-05-14 14:45:24,7.39,15
P001336,星辰024手机通讯商品1336,S0056,B0024,C002,SUP0071,active,2026-08-13 08:01:48,5.09,3
P001337,悦己099乐器商品1337,S0057,B0099,C038,SUP0051,active,2024-03-25 00:26:25,0.7,6
P001338,新境073清洁用品商品1338,S0058,B0073,C019,SUP0019,active,2025-07-02 12:24:53,5.59,17
P001339,星辰009健身训练商品1339,S0059,B0009,C032,SUP0100,active,2026-04-05 05:17:57,5.23,1
P001340,新境078玩具商品1340,S0060,B0078,C029,SUP0027,active,2025-01-12 14:39:06,11.04,9
P001341,青禾066奶粉辅食商品1341,S0061,B0066,C028,SUP0038,active,2026-04-16 23:57:47,8.76,22
P001342,星辰122厨具商品1342,S0062,B0122,C018,SUP0062,active,2025-10-22 07:21:37,10.95,17
P001343,星辰087健身训练商品1343,S0063,B0087,C032,SUP0048,active,2024-06-12 06:40:01,2.1,9
P001344,智造053智能设备商品1344,S0064,B0053,C005,SUP0068,inactive,2025-09-16 08:04:35,4.44,18
P001345,轻享032宠物生活商品1345,S0065,B0032,C040,SUP0133,draft,2025-12-10 15:59:17,10.14,18
P001346,青禾138体育用品商品1346,S0066,B0138,C035,SUP0001,active,2026-03-11 03:28:16,1.3,7
P001347,元气004奶粉辅食商品1347,S0067,B0004,C028,SUP0045,active,2025-08-28 02:01:49,10.66,17
P001348,本色123护肤商品1348,S0068,B0123,C022,SUP0122,active,2024-07-19 01:20:38,3.33,21
P001349,星辰122乐器商品1349,S0069,B0122,C038,SUP0102,active,2025-12-25 05:32:50,3.48,18
P001350,云谷113体育用品商品1350,S0070,B0113,C035,SUP0070,active,2024-12-29 16:02:54,4.06,9
P001351,元气055奶粉辅食商品1351,S0071,B0055,C028,SUP0013,active,2024-06-05 00:29:49,11.51,13
P001352,新境137体育用品商品1352,S0072,B0137,C035,SUP0146,active,2025-09-13 03:22:49,11.72,17
P001353,云谷001电脑办公商品1353,S0073,B0001,C003,SUP0047,active,2025-07-26 14:01:55,5.75,7
P001354,智造064厨具商品1354,S0074,B0064,C018,SUP0020,active,2025-08-15 14:08:15,10.65,19
P001355,元气051女装商品1355,S0075,B0051,C008,SUP0146,active,2025-03-27 04:15:06,0.75,21
P001356,智造054文创商品1356,S0076,B0054,C039,SUP0126,inactive,2026-03-17 13:00:37,9.12,9
P001357,悦己029箱包配饰商品1357,S0077,B0029,C010,SUP0109,active,2026-04-06 11:34:31,11.62,20
P001358,轻享048运动鞋服商品1358,S0078,B0048,C009,SUP0041,active,2024-11-26 17:05:03,11.74,22
P001359,元气068家用电器商品1359,S0079,B0068,C004,SUP0108,active,2026-07-28 22:48:08,10.3,22
P001360,青禾017休闲食品商品1360,S0080,B0017,C012,SUP0022,active,2024-12-10 13:04:58,5.02,15
P001361,极光076护肤商品1361,S0001,B0076,C022,SUP0021,active,2024-11-29 17:13:03,7.77,21
P001362,智造012家具商品1362,S0002,B0012,C020,SUP0120,active,2024-09-15 10:34:23,0.43,4
P001363,智造059护肤商品1363,S0003,B0059,C022,SUP0003,active,2024-05-11 11:31:29,6.43,3
P001364,悦己056手机通讯商品1364,S0004,B0056,C002,SUP0066,active,2026-03-10 03:27:56,5.02,2
P001365,元气051智能设备商品1365,S0005,B0051,C005,SUP0054,active,2025-01-22 14:03:54,8.65,20
P001366,本色070体育用品商品1366,S0006,B0070,C035,SUP0015,active,2024-07-24 07:01:07,7.81,7
P001367,智造140图书商品1367,S0007,B0140,C037,SUP0021,active,2025-06-14 23:23:35,9.21,18
P001368,星辰077生鲜果蔬商品1368,S0008,B0077,C015,SUP0103,active,2025-11-26 02:30:05,8.6,16
P001369,极光120电脑办公商品1369,S0009,B0120,C003,SUP0044,active,2024-07-18 21:00:34,5.61,4
P001370,青禾138家用电器商品1370,S0010,B0138,C004,SUP0113,active,2025-03-27 06:53:34,7.06,0
P001371,轻享022宠物生活商品1371,S0011,B0022,C040,SUP0136,active,2026-05-26 08:41:38,2.75,14
P001372,星辰114个人护理商品1372,S0012,B0114,C025,SUP0110,active,2026-08-06 01:30:02,3.4,14
P001373,悦己014电脑办公商品1373,S0013,B0014,C003,SUP0125,active,2025-01-10 00:30:41,9.79,11
P001374,轻享111女装商品1374,S0014,B0111,C008,SUP0064,active,2025-07-07 14:36:58,6.81,2
P001375,元气069奶粉辅食商品1375,S0015,B0069,C028,SUP0012,active,2024-07-20 04:32:44,9.87,8
P001376,新境143文创商品1376,S0016,B0143,C039,SUP0003,active,2026-05-13 12:30:11,11.66,17
P001377,悦己144家具商品1377,S0017,B0144,C020,SUP0062,active,2024-05-20 21:47:57,11.99,4
P001378,智造140洗护商品1378,S0018,B0140,C024,SUP0119,active,2025-08-07 06:27:49,4.43,20
P001379,新境143健身训练商品1379,S0019,B0143,C032,SUP0032,active,2026-03-26 17:42:51,8.76,18
P001380,元气051体育用品商品1380,S0020,B0051,C035,SUP0138,active,2024-08-15 16:36:08,2.93,17
P001381,极光100箱包配饰商品1381,S0021,B0100,C010,SUP0098,active,2025-08-27 04:05:10,0.86,6
P001382,青禾115运动鞋服商品1382,S0022,B0115,C009,SUP0033,active,2024-11-29 18:18:24,10.02,18
P001383,智造044家纺商品1383,S0023,B0044,C017,SUP0129,active,2024-12-06 07:53:10,11.78,1
P001384,星辰008文创商品1384,S0024,B0008,C039,SUP0047,active,2026-01-30 10:09:03,11.56,2
P001385,新境143玩具商品1385,S0025,B0143,C029,SUP0052,active,2025-11-07 23:45:39,1.16,8
P001386,悦己029个人护理商品1386,S0026,B0029,C025,SUP0080,active,2026-05-28 11:21:25,10.41,8
P001387,星辰023玩具商品1387,S0027,B0023,C029,SUP0103,active,2025-10-27 17:41:37,3.91,24
P001388,智造026家纺商品1388,S0028,B0026,C017,SUP0096,active,2024-05-13 01:33:29,5.58,0
P001389,星辰018奶粉辅食商品1389,S0029,B0018,C028,SUP0063,active,2025-01-24 11:26:48,0.41,8
P001390,新境047生鲜果蔬商品1390,S0030,B0047,C015,SUP0049,active,2025-04-06 21:08:52,7.95,0
P001391,智造109休闲食品商品1391,S0031,B0109,C012,SUP0077,draft,2026-01-12 06:44:51,5.38,4
P001392,悦己126文创商品1392,S0032,B0126,C039,SUP0150,active,2026-04-13 15:41:38,9.69,11
P001393,星辰023骑行商品1393,S0033,B0023,C034,SUP0141,active,2026-01-29 10:36:27,4.32,13
P001394,悦己130宠物生活商品1394,S0034,B0130,C040,SUP0100,active,2024-12-09 02:17:02,0.44,17
P001395,新境041宠物生活商品1395,S0035,B0041,C040,SUP0042,active,2024-06-14 00:39:52,10.63,3
P001396,智造026家纺商品1396,S0036,B0026,C017,SUP0130,active,2025-06-04 08:41:59,2.51,9
P001397,青禾104童装童鞋商品1397,S0037,B0104,C030,SUP0074,active,2025-06-26 14:37:00,10.88,15
P001398,本色133厨具商品1398,S0038,B0133,C018,SUP0144,active,2024-10-24 12:14:34,4.53,23
P001399,新境085休闲食品商品1399,S0039,B0085,C012,SUP0107,inactive,2026-03-17 16:53:37,11.35,21
P001400,新境117护肤商品1400,S0040,B0117,C022,SUP0088,active,2025-07-20 02:55:18,8.14,15
P001401,智造131电脑办公商品1401,S0041,B0131,C003,SUP0055,active,2025-05-22 05:27:32,4.88,9
P001402,本色105骑行商品1402,S0042,B0105,C034,SUP0040,active,2025-04-02 17:43:47,5.16,18
P001403,智造049电脑办公商品1403,S0043,B0049,C003,SUP0001,active,2024-08-02 08:04:14,11.05,10
P001404,智造044洗护商品1404,S0044,B0044,C024,SUP0037,active,2025-06-30 13:04:15,9.8,4
P001405,极光065图书商品1405,S0045,B0065,C037,SUP0055,active,2026-01-23 22:03:31,5.77,10
P001406,悦己029粮油调味商品1406,S0046,B0029,C014,SUP0032,active,2025-07-11 10:20:41,11.91,13
P001407,智造109玩具商品1407,S0047,B0109,C029,SUP0136,active,2026-07-16 16:51:19,10.58,3
P001408,轻享043户外装备商品1408,S0048,B0043,C033,SUP0123,active,2026-07-31 04:46:09,0.74,22
P001409,智造053护肤商品1409,S0049,B0053,C022,SUP0118,active,2025-11-25 12:53:31,8.68,12
P001410,新境132家纺商品1410,S0050,B0132,C017,SUP0150,active,2024-10-25 01:46:03,2.66,13
P001411,星辰008粮油调味商品1411,S0051,B0008,C014,SUP0099,active,2024-09-29 23:35:45,8.27,15
P001412,元气108休闲食品商品1412,S0052,B0108,C012,SUP0146,active,2025-06-24 01:04:52,3.39,5
P001413,云谷141骑行商品1413,S0053,B0141,C034,SUP0058,active,2024-08-20 13:17:33,3.5,9
P001414,元气020个人护理商品1414,S0054,B0020,C025,SUP0053,active,2025-07-08 20:55:04,3.11,20
P001415,新境150家纺商品1415,S0055,B0150,C017,SUP0097,active,2025-07-19 14:21:10,11.02,0
P001416,智造102乐器商品1416,S0056,B0102,C038,SUP0117,active,2026-07-26 07:10:21,3.02,14
P001417,元气106粮油调味商品1417,S0057,B0106,C014,SUP0125,active,2026-07-06 11:29:48,3.74,10
P001418,元气069智能设备商品1418,S0058,B0069,C005,SUP0120,active,2024-11-01 10:10:12,4.08,8
P001419,轻享032乐器商品1419,S0059,B0032,C038,SUP0106,active,2024-04-14 18:03:14,9.39,23
P001420,青禾092骑行商品1420,S0060,B0092,C034,SUP0094,draft,2026-07-03 14:23:28,7.26,15
P001421,本色097婴童用品商品1421,S0061,B0097,C027,SUP0088,active,2025-04-10 22:09:21,7.26,12
P001422,星辰060玩具商品1422,S0062,B0060,C029,SUP0069,active,2024-06-09 03:16:49,6.58,18
P001423,本色147宠物生活商品1423,S0063,B0147,C040,SUP0089,active,2025-01-01 13:08:47,9.73,4
P001424,新境142童装童鞋商品1424,S0064,B0142,C030,SUP0030,active,2025-08-24 05:31:51,9.69,17
P001425,轻享111宠物生活商品1425,S0065,B0111,C040,SUP0088,active,2025-03-24 10:47:47,12.0,5
P001426,青禾138图书商品1426,S0066,B0138,C037,SUP0084,active,2024-07-06 00:09:26,1.4,8
P001427,悦己099健身训练商品1427,S0067,B0099,C032,SUP0074,active,2024-08-11 21:13:33,2.37,20
P001428,星辰009婴童用品商品1428,S0068,B0009,C027,SUP0143,active,2026-03-03 01:27:36,7.05,17
P001429,星辰114箱包配饰商品1429,S0069,B0114,C010,SUP0149,inactive,2024-05-22 10:52:58,6.02,23
P001430,新境031宠物生活商品1430,S0070,B0031,C040,SUP0041,active,2025-05-12 10:54:57,4.66,15
P001431,新境078箱包配饰商品1431,S0071,B0078,C010,SUP0007,active,2026-07-13 19:45:46,6.75,7
P001432,本色110女装商品1432,S0072,B0110,C008,SUP0056,active,2024-08-27 05:04:23,1.11,4
P001433,智造062乐器商品1433,S0073,B0062,C038,SUP0107,active,2026-06-27 12:23:19,0.5,20
P001434,轻享032厨具商品1434,S0074,B0032,C018,SUP0137,active,2024-10-20 11:38:10,7.98,20
P001435,智造109厨具商品1435,S0075,B0109,C018,SUP0070,active,2025-06-21 12:06:24,7.53,1
P001436,智造140彩妆商品1436,S0076,B0140,C023,SUP0144,active,2026-06-18 22:53:24,1.99,2
P001437,悦己130男装商品1437,S0077,B0130,C007,SUP0035,active,2025-09-21 22:00:43,7.19,7
P001438,悦己081男装商品1438,S0078,B0081,C007,SUP0096,active,2025-04-19 19:29:08,5.86,4
P001439,元气128家用电器商品1439,S0079,B0128,C004,SUP0058,active,2024-11-26 13:08:47,9.72,0
P001440,极光052智能设备商品1440,S0080,B0052,C005,SUP0045,active,2026-08-20 04:45:20,10.77,10
P001441,元气084男装商品1441,S0001,B0084,C007,SUP0124,active,2026-01-11 04:31:05,2.18,2
P001442,智造049女装商品1442,S0002,B0049,C008,SUP0093,active,2026-01-23 01:16:36,2.76,18
P001443,元气013生鲜果蔬商品1443,S0003,B0013,C015,SUP0014,active,2024-04-13 05:25:32,10.89,11
P001444,悦己144体育用品商品1444,S0004,B0144,C035,SUP0083,inactive,2024-12-10 16:05:07,0.51,3
P001445,青禾066乐器商品1445,S0005,B0066,C038,SUP0053,active,2025-09-30 06:12:02,11.0,18
P001446,轻享048宠物生活商品1446,S0006,B0048,C040,SUP0093,active,2025-10-01 11:40:50,7.21,4
P001447,星辰023骑行商品1447,S0007,B0023,C034,SUP0055,active,2024-12-11 17:52:24,6.31,16
P001448,轻享079家用电器商品1448,S0008,B0079,C004,SUP0074,inactive,2025-01-09 00:59:42,9.45,23
P001449,轻享043个人护理商品1449,S0009,B0043,C025,SUP0059,active,2025-09-05 08:29:17,3.7,22
P001450,云谷141休闲食品商品1450,S0010,B0141,C012,SUP0130,active,2024-12-05 00:33:07,7.39,20
P001451,新境132乐器商品1451,S0011,B0132,C038,SUP0118,active,2026-04-04 20:50:06,4.96,6
P001452,星辰024奶粉辅食商品1452,S0012,B0024,C028,SUP0028,active,2024-12-10 14:38:42,3.7,10
P001453,轻享040女装商品1453,S0013,B0040,C008,SUP0035,draft,2026-04-22 04:43:09,3.21,15
P001454,极光121洗护商品1454,S0014,B0121,C024,SUP0055,active,2024-11-03 22:35:09,4.72,13
P001455,智造059护肤商品1455,S0015,B0059,C022,SUP0060,active,2025-03-14 05:59:48,5.04,0
P001456,新境085手机通讯商品1456,S0016,B0085,C002,SUP0098,active,2024-04-26 04:41:58,2.98,13
P001457,新境073粮油调味商品1457,S0017,B0073,C014,SUP0080,inactive,2024-12-16 20:33:32,11.09,17
P001458,轻享048休闲食品商品1458,S0018,B0048,C012,SUP0008,active,2025-09-05 01:05:20,2.29,21
P001459,极光057体育用品商品1459,S0019,B0057,C035,SUP0073,active,2026-08-07 19:24:19,1.52,7
P001460,悦己038运动鞋服商品1460,S0020,B0038,C009,SUP0092,active,2025-10-05 18:20:03,0.36,6
P001461,悦己014个人护理商品1461,S0021,B0014,C025,SUP0006,active,2025-12-23 21:34:32,3.29,3
P001462,新境142厨具商品1462,S0022,B0142,C018,SUP0057,active,2026-04-07 22:23:13,6.68,3
P001463,星辰122文创商品1463,S0023,B0122,C039,SUP0068,active,2026-04-22 18:15:19,7.06,1
P001464,极光071家纺商品1464,S0024,B0071,C017,SUP0009,active,2024-09-07 13:55:27,2.59,5
P001465,轻享010彩妆商品1465,S0025,B0010,C023,SUP0114,active,2026-03-05 06:07:00,0.46,5
P001466,元气082洗护商品1466,S0026,B0082,C024,SUP0125,active,2024-09-08 07:29:47,3.96,13
P001467,极光050文创商品1467,S0027,B0050,C039,SUP0026,active,2026-06-24 03:02:51,7.46,21
P001468,轻享010童装童鞋商品1468,S0028,B0010,C030,SUP0063,active,2026-06-19 09:58:00,5.32,7
P001469,云谷124婴童用品商品1469,S0029,B0124,C027,SUP0066,inactive,2024-09-03 10:55:19,3.89,10
P001470,极光030奶粉辅食商品1470,S0030,B0030,C028,SUP0067,active,2025-02-18 00:32:02,6.11,13
P001471,极光050宠物生活商品1471,S0031,B0050,C040,SUP0125,active,2024-11-11 15:26:43,8.51,15
P001472,本色097厨具商品1472,S0032,B0097,C018,SUP0086,active,2024-09-30 13:27:24,7.92,9
P001473,元气051家用电器商品1473,S0033,B0051,C004,SUP0060,active,2025-03-16 14:53:08,2.73,11
P001474,悦己038玩具商品1474,S0034,B0038,C029,SUP0115,active,2025-09-05 17:37:24,0.37,3
P001475,星辰087家纺商品1475,S0035,B0087,C017,SUP0013,draft,2024-03-26 04:35:06,2.72,11
P001476,本色016生鲜果蔬商品1476,S0036,B0016,C015,SUP0148,active,2024-06-07 17:29:25,6.05,6
P001477,元气108家用电器商品1477,S0037,B0108,C004,SUP0032,active,2024-04-26 15:18:13,8.71,21
P001478,轻享048护肤商品1478,S0038,B0048,C022,SUP0144,active,2026-05-29 18:37:13,6.58,14
P001479,悦己014个人护理商品1479,S0039,B0014,C025,SUP0027,active,2025-11-21 15:59:32,11.52,0
P001480,星辰101婴童用品商品1480,S0040,B0101,C027,SUP0123,active,2024-11-08 18:48:22,9.42,18
P001481,元气068运动鞋服商品1481,S0041,B0068,C009,SUP0024,active,2025-01-16 02:08:33,5.43,1
P001482,智造026清洁用品商品1482,S0042,B0026,C019,SUP0060,active,2025-01-08 16:23:33,3.41,4
P001483,元气082婴童用品商品1483,S0043,B0082,C027,SUP0006,active,2026-04-21 15:27:49,2.28,17
P001484,星辰023乐器商品1484,S0044,B0023,C038,SUP0129,active,2026-03-13 12:28:05,5.76,1
P001485,星辰023男装商品1485,S0045,B0023,C007,SUP0027,active,2025-03-01 20:15:11,6.95,18
P001486,云谷075个人护理商品1486,S0046,B0075,C025,SUP0097,active,2025-07-11 12:59:52,1.76,16
P001487,本色123彩妆商品1487,S0047,B0123,C023,SUP0017,active,2024-12-13 00:12:18,4.91,23
P001488,悦己093健身训练商品1488,S0048,B0093,C032,SUP0037,active,2025-01-08 12:35:37,10.57,18
P001489,极光005文创商品1489,S0049,B0005,C039,SUP0082,active,2024-05-31 13:38:24,0.29,18
P001490,悦己006婴童用品商品1490,S0050,B0006,C027,SUP0129,active,2025-08-04 01:07:49,7.08,21
P001491,极光072运动鞋服商品1491,S0051,B0072,C009,SUP0115,active,2024-05-26 15:13:53,7.13,12
P001492,云谷145生鲜果蔬商品1492,S0052,B0145,C015,SUP0066,active,2024-10-26 14:21:07,1.72,4
P001493,元气051手机通讯商品1493,S0053,B0051,C002,SUP0017,active,2026-02-12 15:36:52,6.24,0
P001494,极光072电脑办公商品1494,S0054,B0072,C003,SUP0044,active,2024-12-02 13:56:19,7.3,9
P001495,悦己029厨具商品1495,S0055,B0029,C018,SUP0044,active,2026-08-01 23:38:47,3.82,13
P001496,新境137骑行商品1496,S0056,B0137,C034,SUP0092,active,2025-03-11 04:02:26,9.97,18
P001497,元气089家具商品1497,S0057,B0089,C020,SUP0016,active,2024-05-17 01:40:41,11.21,20
P001498,轻享091家具商品1498,S0058,B0091,C020,SUP0131,active,2025-07-14 07:27:50,0.47,9
P001499,悦己029饮料冲调商品1499,S0059,B0029,C013,SUP0040,active,2024-03-13 02:18:49,5.85,4
P001500,星辰116体育用品商品1500,S0060,B0116,C035,SUP0133,active,2025-04-08 09:50:39,3.2,24
