purchase_item_id,purchase_order_id,sku_id,ordered_qty,received_qty,unit_cost,line_amount
POI0000001,PO000001,SKU0000298,314,314,401.25,125992.5
POI0000002,PO000002,SKU0001006,215,215,1657.6,356384.0
POI0000003,PO000003,SKU0000690,284,284,1707.91,485046.44
POI0000004,PO000004,SKU0001619,54,54,2000.65,108035.1
POI0000005,PO000005,SKU0001873,498,498,281.67,140271.66
POI0000006,PO000006,SKU0000552,386,386,1337.52,516282.72
POI0000007,PO000007,SKU0001036,363,363,1755.19,637133.97
POI0000008,PO000008,SKU0000456,370,370,317.08,117319.6
POI0000009,PO000009,SKU0001796,360,360,388.62,139903.2
POI0000010,PO000010,SKU0001041,450,30,957.78,431001.0
POI0000011,PO000011,SKU0002080,318,318,1429.71,454647.78
POI0000012,PO000012,SKU0000126,495,495,602.17,298074.15
POI0000013,PO000013,SKU0002415,249,249,52.94,13182.06
POI0000014,PO000014,SKU0002457,191,0,827.17,157989.47
POI0000015,PO000015,SKU0000710,176,176,644.81,113486.56
POI0000016,PO000016,SKU0002089,438,438,730.41,319919.58
POI0000017,PO000017,SKU0001394,490,490,1155.95,566415.5
POI0000018,PO000018,SKU0001570,94,94,842.5,79195.0
POI0000019,PO000019,SKU0002203,267,0,607.58,162223.86
POI0000020,PO000020,SKU0000689,122,122,1894.62,231143.64
POI0000021,PO000021,SKU0000124,205,205,1535.77,314832.85
POI0000022,PO000022,SKU0002892,116,0,2074.04,240588.64
POI0000023,PO000023,SKU0000292,102,102,809.92,82611.84
POI0000024,PO000024,SKU0002107,145,0,261.16,37868.2
POI0000025,PO000025,SKU0002215,321,321,2076.37,666514.77
POI0000026,PO000026,SKU0001137,90,0,529.42,47647.8
POI0000027,PO000027,SKU0001308,306,306,1656.84,506993.04
POI0000028,PO000028,SKU0000700,426,426,1271.47,541646.22
POI0000029,PO000029,SKU0001323,257,0,1351.99,347461.43
POI0000030,PO000030,SKU0002717,263,263,1114.47,293105.61
POI0000031,PO000031,SKU0000355,490,0,1602.61,785278.9
POI0000032,PO000032,SKU0000393,304,294,1308.22,397698.88
POI0000033,PO000033,SKU0000784,154,154,1319.73,203238.42
POI0000034,PO000034,SKU0001502,302,0,1429.59,431736.18
POI0000035,PO000035,SKU0000379,296,296,1373.64,406597.44
POI0000036,PO000036,SKU0001485,141,141,1594.53,224828.73
POI0000037,PO000037,SKU0000853,97,0,828.67,80380.99
POI0000038,PO000038,SKU0002001,163,163,590.36,96228.68
POI0000039,PO000039,SKU0002371,303,303,695.29,210672.87
POI0000040,PO000040,SKU0001562,46,0,95.66,4400.36
POI0000041,PO000041,SKU0000668,335,0,277.52,92969.2
POI0000042,PO000042,SKU0001908,458,0,295.29,135242.82
POI0000043,PO000043,SKU0001282,435,0,1459.85,635034.75
POI0000044,PO000044,SKU0002438,491,40,571.03,280375.73
POI0000045,PO000045,SKU0001963,153,153,829.31,126884.43
POI0000046,PO000046,SKU0002516,274,274,727.25,199266.5
POI0000047,PO000047,SKU0002347,355,355,1749.27,620990.85
POI0000048,PO000048,SKU0002437,135,135,528.51,71348.85
POI0000049,PO000049,SKU0001302,74,74,659.99,48839.26
POI0000050,PO000050,SKU0000482,316,316,1049.8,331736.8
POI0000051,PO000051,SKU0001402,87,87,801.79,69755.73
POI0000052,PO000052,SKU0000603,226,226,1905.47,430636.22
POI0000053,PO000053,SKU0001066,229,229,859.1,196733.9
POI0000054,PO000054,SKU0002183,34,34,978.96,33284.64
POI0000055,PO000055,SKU0001549,422,422,1888.26,796845.72
POI0000056,PO000056,SKU0000888,52,52,289.85,15072.2
POI0000057,PO000057,SKU0001209,53,53,1402.07,74309.71
POI0000058,PO000058,SKU0002757,194,194,1067.42,207079.48
POI0000059,PO000059,SKU0001936,132,132,1077.94,142288.08
POI0000060,PO000060,SKU0000615,490,490,1858.33,910581.7
POI0000061,PO000061,SKU0002220,205,205,616.79,126441.95
POI0000062,PO000062,SKU0002536,368,368,1593.28,586327.04
POI0000063,PO000063,SKU0001896,32,32,1469.2,47014.4
POI0000064,PO000064,SKU0001901,180,180,477.11,85879.8
POI0000065,PO000065,SKU0002381,210,210,652.59,137043.9
POI0000066,PO000066,SKU0002963,71,71,682.53,48459.63
POI0000067,PO000067,SKU0000629,363,363,387.31,140593.53
POI0000068,PO000068,SKU0001051,389,389,691.04,268814.56
POI0000069,PO000069,SKU0000476,166,166,1591.28,264152.48
POI0000070,PO000070,SKU0002357,75,75,1084.14,81310.5
POI0000071,PO000071,SKU0000716,421,421,802.32,337776.72
POI0000072,PO000072,SKU0002942,346,0,745.94,258095.24
POI0000073,PO000073,SKU0000922,470,470,187.99,88355.3
POI0000074,PO000074,SKU0000052,84,84,661.54,55569.36
POI0000075,PO000075,SKU0000487,323,323,1710.5,552491.5
POI0000076,PO000076,SKU0000237,83,83,1912.42,158730.86
POI0000077,PO000077,SKU0000797,100,100,622.97,62297.0
POI0000078,PO000078,SKU0002881,314,314,496.92,156032.88
POI0000079,PO000079,SKU0002004,122,122,1742.57,212593.54
POI0000080,PO000080,SKU0000606,172,172,284.69,48966.68
POI0000081,PO000081,SKU0002025,246,246,1379.11,339261.06
POI0000082,PO000082,SKU0001739,363,0,1584.09,575024.67
POI0000083,PO000083,SKU0000639,282,282,62.66,17670.12
POI0000084,PO000084,SKU0002987,351,0,1019.05,357686.55
POI0000085,PO000085,SKU0002446,172,172,1601.17,275401.24
POI0000086,PO000086,SKU0000906,436,436,255.49,111393.64
POI0000087,PO000087,SKU0000419,464,464,2104.63,976548.32
POI0000088,PO000088,SKU0001344,70,70,242.32,16962.4
POI0000089,PO000089,SKU0002698,299,299,794.4,237525.6
POI0000090,PO000090,SKU0001155,208,208,545.89,113545.12
POI0000091,PO000091,SKU0001573,427,0,351.89,150257.03
POI0000092,PO000092,SKU0002335,391,0,41.85,16363.35
POI0000093,PO000093,SKU0002901,301,301,905.07,272426.07
POI0000094,PO000094,SKU0002969,200,200,1200.2,240040.0
POI0000095,PO000095,SKU0000999,228,228,1185.67,270332.76
POI0000096,PO000096,SKU0000986,138,138,975.61,134634.18
POI0000097,PO000097,SKU0002646,304,229,1768.26,537551.04
POI0000098,PO000098,SKU0002630,101,101,262.18,26480.18
POI0000099,PO000099,SKU0002574,124,0,113.96,14131.04
POI0000100,PO000100,SKU0002088,85,85,427.92,36373.2
POI0000101,PO000101,SKU0000167,111,111,1388.69,154144.59
POI0000102,PO000102,SKU0001318,153,153,1066.98,163247.94
POI0000103,PO000103,SKU0001290,122,122,717.43,87526.46
POI0000104,PO000104,SKU0000244,29,0,1088.5,31566.5
POI0000105,PO000105,SKU0001675,275,275,803.95,221086.25
POI0000106,PO000106,SKU0002759,276,276,2138.79,590306.04
POI0000107,PO000107,SKU0001364,325,325,1526.87,496232.75
POI0000108,PO000108,SKU0000607,429,429,1708.04,732749.16
POI0000109,PO000109,SKU0002352,488,234,1067.16,520774.08
POI0000110,PO000110,SKU0000826,255,255,99.91,25477.05
POI0000111,PO000111,SKU0000222,336,336,339.6,114105.6
POI0000112,PO000112,SKU0002883,249,249,580.24,144479.76
POI0000113,PO000113,SKU0002645,35,35,1953.23,68363.05
POI0000114,PO000114,SKU0002327,490,0,498.46,244245.4
POI0000115,PO000115,SKU0001548,66,66,1221.97,80650.02
POI0000116,PO000116,SKU0000164,265,265,1436.96,380794.4
POI0000117,PO000117,SKU0000231,270,270,1955.34,527941.8
POI0000118,PO000118,SKU0002534,133,0,262.18,34869.94
POI0000119,PO000119,SKU0002148,469,469,412.01,193232.69
POI0000120,PO000120,SKU0000036,350,350,1104.91,386718.5
POI0000121,PO000121,SKU0001456,348,0,1758.53,611968.44
POI0000122,PO000122,SKU0002677,381,381,452.48,172394.88
POI0000123,PO000123,SKU0002783,444,0,1272.22,564865.68
POI0000124,PO000124,SKU0001241,55,8,838.05,46092.75
POI0000125,PO000125,SKU0000410,55,55,1137.13,62542.15
POI0000126,PO000126,SKU0000919,182,182,266.53,48508.46
POI0000127,PO000127,SKU0002674,101,72,1175.89,118764.89
POI0000128,PO000128,SKU0000305,73,65,737.5,53837.5
POI0000129,PO000129,SKU0002427,186,0,599.78,111559.08
POI0000130,PO000130,SKU0001371,35,35,986.23,34518.05
POI0000131,PO000131,SKU0001367,255,255,539.13,137478.15
POI0000132,PO000132,SKU0002291,77,77,57.59,4434.43
POI0000133,PO000133,SKU0002988,260,260,827.54,215160.4
POI0000134,PO000134,SKU0002679,178,0,1109.21,197439.38
POI0000135,PO000135,SKU0000210,376,376,25.68,9655.68
POI0000136,PO000136,SKU0001384,352,352,256.51,90291.52
POI0000137,PO000137,SKU0002086,301,301,2247.39,676464.39
POI0000138,PO000138,SKU0001533,66,66,1087.57,71779.62
POI0000139,PO000139,SKU0001964,396,396,753.73,298477.08
POI0000140,PO000140,SKU0001128,348,0,1044.44,363465.12
POI0000141,PO000141,SKU0000149,433,433,687.47,297674.51
POI0000142,PO000142,SKU0000297,146,146,454.3,66327.8
POI0000143,PO000143,SKU0001174,137,137,645.62,88449.94
POI0000144,PO000144,SKU0000656,201,0,1144.85,230114.85
POI0000145,PO000145,SKU0001307,292,0,1082.09,315970.28
POI0000146,PO000146,SKU0000341,289,0,1246.55,360252.95
POI0000147,PO000147,SKU0002853,62,62,1988.44,123283.28
POI0000148,PO000148,SKU0001956,299,299,983.51,294069.49
POI0000149,PO000149,SKU0000188,222,222,392.68,87174.96
POI0000150,PO000150,SKU0000508,358,358,1629.02,583189.16
POI0000151,PO000151,SKU0002414,434,0,1801.77,781968.18
POI0000152,PO000152,SKU0001777,222,222,1444.7,320723.4
POI0000153,PO000153,SKU0001234,323,112,1435.39,463630.97
POI0000154,PO000154,SKU0002204,302,0,890.24,268852.48
POI0000155,PO000155,SKU0000426,352,352,1760.68,619759.36
POI0000156,PO000156,SKU0000344,298,298,1012.25,301650.5
POI0000157,PO000157,SKU0002478,31,31,1899.86,58895.66
POI0000158,PO000158,SKU0002325,173,0,1379.12,238587.76
POI0000159,PO000159,SKU0001547,80,80,1464.72,117177.6
POI0000160,PO000160,SKU0002409,230,230,417.81,96096.3
POI0000161,PO000161,SKU0001358,442,442,1137.69,502858.98
POI0000162,PO000162,SKU0000959,297,0,2088.52,620290.44
POI0000163,PO000163,SKU0002245,439,439,1979.6,869044.4
POI0000164,PO000164,SKU0002395,63,63,1455.69,91708.47
POI0000165,PO000165,SKU0001611,228,228,1420.78,323937.84
POI0000166,PO000166,SKU0001304,491,491,323.02,158602.82
POI0000167,PO000167,SKU0001594,492,492,139.99,68875.08
POI0000168,PO000168,SKU0002330,372,372,868.89,323227.08
POI0000169,PO000169,SKU0000142,163,163,1723.02,280852.26
POI0000170,PO000170,SKU0001316,129,129,1444.22,186304.38
POI0000171,PO000171,SKU0001623,77,36,1212.77,93383.29
POI0000172,PO000172,SKU0002119,30,30,1294.18,38825.4
POI0000173,PO000173,SKU0001321,219,219,1498.03,328068.57
POI0000174,PO000174,SKU0002621,22,22,107.95,2374.9
POI0000175,PO000175,SKU0002315,223,44,1605.49,358024.27
POI0000176,PO000176,SKU0000924,478,211,299.99,143395.22
POI0000177,PO000177,SKU0002402,437,0,1452.18,634602.66
POI0000178,PO000178,SKU0001491,433,433,869.64,376554.12
POI0000179,PO000179,SKU0001291,64,64,120.66,7722.24
POI0000180,PO000180,SKU0002451,287,287,870.89,249945.43
POI0000181,PO000181,SKU0001699,144,0,707.51,101881.44
POI0000182,PO000182,SKU0002357,409,409,1122.14,458955.26
POI0000183,PO000183,SKU0002593,482,0,1633.43,787313.26
POI0000184,PO000184,SKU0001763,267,267,736.18,196560.06
POI0000185,PO000185,SKU0001749,132,132,317.41,41898.12
POI0000186,PO000186,SKU0001133,85,85,603.52,51299.2
POI0000187,PO000187,SKU0001585,408,0,1820.25,742662.0
POI0000188,PO000188,SKU0001909,361,361,502.19,181290.59
POI0000189,PO000189,SKU0001242,496,496,1164.15,577418.4
POI0000190,PO000190,SKU0002790,114,114,1635.18,186410.52
POI0000191,PO000191,SKU0001646,316,103,986.45,311718.2
POI0000192,PO000192,SKU0002367,436,436,1060.08,462194.88
POI0000193,PO000193,SKU0001584,192,192,112.78,21653.76
POI0000194,PO000194,SKU0001931,355,355,1736.05,616297.75
POI0000195,PO000195,SKU0001487,294,156,1018.39,299406.66
POI0000196,PO000196,SKU0000211,56,3,1706.99,95591.44
POI0000197,PO000197,SKU0000268,410,163,2081.27,853320.7
POI0000198,PO000198,SKU0002937,435,397,977.24,425099.4
POI0000199,PO000199,SKU0000916,20,0,778.34,15566.8
POI0000200,PO000200,SKU0000779,55,55,1635.53,89954.15
POI0000201,PO000201,SKU0002200,339,339,232.32,78756.48
POI0000202,PO000202,SKU0002110,377,377,1754.78,661552.06
POI0000203,PO000203,SKU0001663,109,10,1363.82,148656.38
POI0000204,PO000204,SKU0000540,459,459,609.89,279939.51
POI0000205,PO000205,SKU0001244,286,286,335.44,95935.84
POI0000206,PO000206,SKU0001822,85,85,70.48,5990.8
POI0000207,PO000207,SKU0000191,93,93,674.32,62711.76
POI0000208,PO000208,SKU0000275,364,0,1318.46,479919.44
POI0000209,PO000209,SKU0002812,492,492,366.83,180480.36
POI0000210,PO000210,SKU0002740,448,235,1163.45,521225.6
POI0000211,PO000211,SKU0000373,22,0,1442.36,31731.92
POI0000212,PO000212,SKU0000619,203,203,16.27,3302.81
POI0000213,PO000213,SKU0001955,229,229,802.96,183877.84
POI0000214,PO000214,SKU0001907,143,143,271.54,38830.22
POI0000215,PO000215,SKU0000886,423,423,11.01,4657.23
POI0000216,PO000216,SKU0002211,408,408,1451.46,592195.68
POI0000217,PO000217,SKU0000506,36,0,50.46,1816.56
POI0000218,PO000218,SKU0001939,25,25,1438.72,35968.0
POI0000219,PO000219,SKU0001620,134,134,1952.62,261651.08
POI0000220,PO000220,SKU0002051,331,331,1318.03,436267.93
POI0000221,PO000221,SKU0001022,469,469,194.05,91009.45
POI0000222,PO000222,SKU0001347,174,174,662.12,115208.88
POI0000223,PO000223,SKU0000621,189,189,2215.57,418742.73
POI0000224,PO000224,SKU0000675,93,93,966.47,89881.71
POI0000225,PO000225,SKU0001771,184,184,1932.66,355609.44
POI0000226,PO000226,SKU0000402,322,0,1613.1,519418.2
POI0000227,PO000227,SKU0000123,346,346,1534.0,530764.0
POI0000228,PO000228,SKU0000747,121,121,29.55,3575.55
POI0000229,PO000229,SKU0001500,98,98,1441.05,141222.9
POI0000230,PO000230,SKU0002189,133,133,509.19,67722.27
POI0000231,PO000231,SKU0002703,73,73,184.92,13499.16
POI0000232,PO000232,SKU0001115,133,133,190.09,25281.97
POI0000233,PO000233,SKU0000183,397,397,1695.64,673169.08
POI0000234,PO000234,SKU0000457,62,62,1141.6,70779.2
POI0000235,PO000235,SKU0000357,40,15,1470.34,58813.6
POI0000236,PO000236,SKU0001762,483,483,358.59,173198.97
POI0000237,PO000237,SKU0001362,138,138,932.83,128730.54
POI0000238,PO000238,SKU0000058,270,270,130.77,35307.9
POI0000239,PO000239,SKU0002428,294,294,1027.97,302223.18
POI0000240,PO000240,SKU0001952,323,323,1191.85,384967.55
POI0000241,PO000241,SKU0000121,382,382,1622.56,619817.92
POI0000242,PO000242,SKU0000404,264,264,1517.57,400638.48
POI0000243,PO000243,SKU0002659,188,188,890.79,167468.52
POI0000244,PO000244,SKU0001846,20,0,358.83,7176.6
POI0000245,PO000245,SKU0000260,41,0,858.87,35213.67
POI0000246,PO000246,SKU0000763,430,430,1416.76,609206.8
POI0000247,PO000247,SKU0000470,196,196,372.54,73017.84
POI0000248,PO000248,SKU0000236,422,422,1636.64,690662.08
POI0000249,PO000249,SKU0000073,153,153,36.33,5558.49
POI0000250,PO000250,SKU0001517,104,0,824.86,85785.44
POI0000251,PO000251,SKU0000436,185,185,1490.53,275748.05
POI0000252,PO000252,SKU0002942,215,215,803.73,172801.95
POI0000253,PO000253,SKU0001300,321,321,1026.3,329442.3
POI0000254,PO000254,SKU0002718,278,278,1212.0,336936.0
POI0000255,PO000255,SKU0001788,432,432,2187.85,945151.2
POI0000256,PO000256,SKU0000337,443,443,16.07,7119.01
POI0000257,PO000257,SKU0001415,192,192,1176.51,225889.92
POI0000258,PO000258,SKU0001090,170,170,1152.83,195981.1
POI0000259,PO000259,SKU0000467,495,495,1950.09,965294.55
POI0000260,PO000260,SKU0000327,341,341,1951.78,665556.98
POI0000261,PO000261,SKU0000668,141,0,295.59,41678.19
POI0000262,PO000262,SKU0001592,288,0,786.77,226589.76
POI0000263,PO000263,SKU0000526,155,0,535.42,82990.1
POI0000264,PO000264,SKU0001102,147,147,1189.65,174878.55
POI0000265,PO000265,SKU0002753,121,121,1354.23,163861.83
POI0000266,PO000266,SKU0002985,472,472,429.06,202516.32
POI0000267,PO000267,SKU0001698,367,367,302.25,110925.75
POI0000268,PO000268,SKU0001244,388,0,311.12,120714.56
POI0000269,PO000269,SKU0001523,476,476,847.54,403429.04
POI0000270,PO000270,SKU0002994,482,0,2211.92,1066145.44
POI0000271,PO000271,SKU0001416,102,102,969.63,98902.26
POI0000272,PO000272,SKU0001000,300,259,1016.83,305049.0
POI0000273,PO000273,SKU0002959,78,78,2426.69,189281.82
POI0000274,PO000274,SKU0002396,186,186,2069.0,384834.0
POI0000275,PO000275,SKU0001539,323,323,84.46,27280.58
POI0000276,PO000276,SKU0000852,500,0,279.5,139750.0
POI0000277,PO000277,SKU0001248,479,479,375.22,179730.38
POI0000278,PO000278,SKU0000105,376,376,1424.01,535427.76
POI0000279,PO000279,SKU0001696,68,68,2374.95,161496.6
POI0000280,PO000280,SKU0000951,225,225,1671.77,376148.25
POI0000281,PO000281,SKU0000788,79,55,594.84,46992.36
POI0000282,PO000282,SKU0002057,296,296,736.69,218060.24
POI0000283,PO000283,SKU0000947,271,271,969.98,262864.58
POI0000284,PO000284,SKU0001975,197,197,268.22,52839.34
POI0000285,PO000285,SKU0001067,168,168,69.95,11751.6
POI0000286,PO000286,SKU0000726,257,257,357.37,91844.09
POI0000287,PO000287,SKU0002546,490,0,1277.72,626082.8
POI0000288,PO000288,SKU0000070,341,341,1230.92,419743.72
POI0000289,PO000289,SKU0000959,403,403,2021.99,814861.97
POI0000290,PO000290,SKU0002325,428,428,1538.39,658430.92
POI0000291,PO000291,SKU0001128,411,0,1033.52,424776.72
POI0000292,PO000292,SKU0002526,115,115,1022.76,117617.4
POI0000293,PO000293,SKU0000674,109,8,1377.28,150123.52
POI0000294,PO000294,SKU0000148,353,353,104.6,36923.8
POI0000295,PO000295,SKU0002217,354,354,105.4,37311.6
POI0000296,PO000296,SKU0000382,483,483,91.24,44068.92
POI0000297,PO000297,SKU0001329,307,307,222.43,68286.01
POI0000298,PO000298,SKU0000492,36,36,854.74,30770.64
POI0000299,PO000299,SKU0000698,215,215,519.61,111716.15
POI0000300,PO000300,SKU0002187,174,174,1701.86,296123.64
POI0000301,PO000301,SKU0001706,303,303,1864.43,564922.29
POI0000302,PO000302,SKU0000597,317,0,989.26,313595.42
POI0000303,PO000303,SKU0002138,123,123,49.81,6126.63
POI0000304,PO000304,SKU0001640,380,380,1711.63,650419.4
POI0000305,PO000305,SKU0000391,127,127,610.44,77525.88
POI0000306,PO000306,SKU0002451,216,216,882.64,190650.24
POI0000307,PO000307,SKU0001415,188,188,1106.29,207982.52
POI0000308,PO000308,SKU0002719,305,305,1011.47,308498.35
POI0000309,PO000309,SKU0000920,333,333,277.21,92310.93
POI0000310,PO000310,SKU0001535,375,375,411.38,154267.5
POI0000311,PO000311,SKU0002591,455,455,996.26,453298.3
POI0000312,PO000312,SKU0000967,442,442,583.04,257703.68
POI0000313,PO000313,SKU0001091,304,304,1522.45,462824.8
POI0000314,PO000314,SKU0000583,30,30,1557.43,46722.9
POI0000315,PO000315,SKU0000394,336,336,1055.56,354668.16
POI0000316,PO000316,SKU0001702,200,37,914.17,182834.0
POI0000317,PO000317,SKU0000349,158,158,832.69,131565.02
POI0000318,PO000318,SKU0002955,104,104,311.78,32425.12
POI0000319,PO000319,SKU0002407,475,0,574.58,272925.5
POI0000320,PO000320,SKU0002873,64,2,324.21,20749.44
POI0000321,PO000321,SKU0002319,498,498,1704.11,848646.78
POI0000322,PO000322,SKU0000108,292,292,870.47,254177.24
POI0000323,PO000323,SKU0002730,293,293,1106.19,324113.67
POI0000324,PO000324,SKU0000750,213,213,1811.9,385934.7
POI0000325,PO000325,SKU0000280,290,290,1154.92,334926.8
POI0000326,PO000326,SKU0001640,20,20,1650.79,33015.8
POI0000327,PO000327,SKU0001443,415,415,756.65,314009.75
POI0000328,PO000328,SKU0001819,359,359,725.55,260472.45
POI0000329,PO000329,SKU0001495,467,467,1542.76,720468.92
POI0000330,PO000330,SKU0002886,414,414,1956.63,810044.82
POI0000331,PO000331,SKU0000130,478,0,1204.85,575918.3
POI0000332,PO000332,SKU0002176,186,186,1701.68,316512.48
POI0000333,PO000333,SKU0002578,120,82,1357.85,162942.0
POI0000334,PO000334,SKU0002136,155,0,1322.67,205013.85
POI0000335,PO000335,SKU0001563,214,0,1330.84,284799.76
POI0000336,PO000336,SKU0001345,379,379,1257.09,476437.11
POI0000337,PO000337,SKU0000244,364,364,1101.02,400771.28
POI0000338,PO000338,SKU0000573,116,0,1498.25,173797.0
POI0000339,PO000339,SKU0002390,412,0,771.12,317701.44
POI0000340,PO000340,SKU0002225,179,179,1102.07,197270.53
POI0000341,PO000341,SKU0000599,155,155,1442.03,223514.65
POI0000342,PO000342,SKU0002134,100,0,1751.56,175156.0
POI0000343,PO000343,SKU0002697,57,57,631.61,36001.77
POI0000344,PO000344,SKU0002301,417,0,1698.67,708345.39
POI0000345,PO000345,SKU0000196,476,427,432.47,205855.72
POI0000346,PO000346,SKU0001744,164,164,1561.24,256043.36
POI0000347,PO000347,SKU0002124,491,491,534.37,262375.67
POI0000348,PO000348,SKU0002983,187,143,170.93,31963.91
POI0000349,PO000349,SKU0002870,61,61,1385.92,84541.12
POI0000350,PO000350,SKU0000967,466,466,589.54,274725.64
POI0000351,PO000351,SKU0002364,322,247,1109.47,357249.34
POI0000352,PO000352,SKU0000355,402,402,1629.5,655059.0
POI0000353,PO000353,SKU0000287,103,0,1752.15,180471.45
POI0000354,PO000354,SKU0002140,417,417,1342.04,559630.68
POI0000355,PO000355,SKU0002733,228,228,1426.27,325189.56
POI0000356,PO000356,SKU0000017,325,0,1764.02,573306.5
POI0000357,PO000357,SKU0000743,318,318,985.91,313519.38
POI0000358,PO000358,SKU0002702,184,184,1465.13,269583.92
POI0000359,PO000359,SKU0000771,262,262,1894.37,496324.94
POI0000360,PO000360,SKU0001377,421,193,1995.39,840059.19
POI0000361,PO000361,SKU0000988,485,485,707.21,342996.85
POI0000362,PO000362,SKU0002178,32,32,553.63,17716.16
POI0000363,PO000363,SKU0001428,69,69,1037.31,71574.39
POI0000364,PO000364,SKU0000345,451,451,1673.89,754924.39
POI0000365,PO000365,SKU0001503,261,261,2246.86,586430.46
POI0000366,PO000366,SKU0001227,304,304,980.16,297968.64
POI0000367,PO000367,SKU0000002,224,224,599.5,134288.0
POI0000368,PO000368,SKU0000313,197,197,1399.09,275620.73
POI0000369,PO000369,SKU0001818,385,0,339.12,130561.2
POI0000370,PO000370,SKU0001646,85,85,994.21,84507.85
POI0000371,PO000371,SKU0002351,439,439,1128.82,495551.98
POI0000372,PO000372,SKU0002500,271,204,1523.69,412919.99
POI0000373,PO000373,SKU0001941,102,78,273.32,27878.64
POI0000374,PO000374,SKU0002701,256,256,1487.54,380810.24
POI0000375,PO000375,SKU0000399,320,320,824.58,263865.6
POI0000376,PO000376,SKU0000521,34,34,230.43,7834.62
POI0000377,PO000377,SKU0001286,434,434,2282.98,990813.32
POI0000378,PO000378,SKU0000628,169,0,882.17,149086.73
POI0000379,PO000379,SKU0000701,204,204,1567.73,319816.92
POI0000380,PO000380,SKU0001713,265,265,1665.39,441328.35
POI0000381,PO000381,SKU0001651,161,0,316.97,51032.17
POI0000382,PO000382,SKU0000365,353,353,1465.77,517416.81
POI0000383,PO000383,SKU0000106,50,0,1077.74,53887.0
POI0000384,PO000384,SKU0002573,451,451,100.3,45235.3
POI0000385,PO000385,SKU0002391,431,431,268.32,115645.92
POI0000386,PO000386,SKU0001044,123,123,949.21,116752.83
POI0000387,PO000387,SKU0002853,278,278,1900.0,528200.0
POI0000388,PO000388,SKU0001592,479,479,864.48,414085.92
POI0000389,PO000389,SKU0002597,130,130,2008.53,261108.9
POI0000390,PO000390,SKU0001834,430,345,214.33,92161.9
POI0000391,PO000391,SKU0000761,174,174,1388.97,241680.78
POI0000392,PO000392,SKU0001870,227,227,1105.79,251014.33
POI0000393,PO000393,SKU0002447,159,0,452.49,71945.91
POI0000394,PO000394,SKU0001399,212,212,1853.4,392920.8
POI0000395,PO000395,SKU0002299,483,483,179.81,86848.23
POI0000396,PO000396,SKU0002427,126,106,621.44,78301.44
POI0000397,PO000397,SKU0001328,233,233,311.93,72679.69
POI0000398,PO000398,SKU0001939,44,44,1321.9,58163.6
POI0000399,PO000399,SKU0002689,364,171,749.67,272879.88
POI0000400,PO000400,SKU0002875,277,277,719.35,199259.95
POI0000401,PO000401,SKU0001996,404,0,806.24,325720.96
POI0000402,PO000402,SKU0002181,50,50,1019.07,50953.5
POI0000403,PO000403,SKU0000798,285,285,536.82,152993.7
POI0000404,PO000404,SKU0001725,117,117,997.11,116661.87
POI0000405,PO000405,SKU0001310,317,317,1608.62,509932.54
POI0000406,PO000406,SKU0001744,167,167,1422.9,237624.3
POI0000407,PO000407,SKU0000619,153,134,16.22,2481.66
POI0000408,PO000408,SKU0001102,223,0,1147.69,255934.87
POI0000409,PO000409,SKU0000546,323,323,1938.67,626190.41
POI0000410,PO000410,SKU0000201,385,385,1629.02,627172.7
POI0000411,PO000411,SKU0002975,64,0,448.37,28695.68
POI0000412,PO000412,SKU0000104,249,249,1751.89,436220.61
POI0000413,PO000413,SKU0000364,421,421,427.15,179830.15
POI0000414,PO000414,SKU0000440,27,27,1530.84,41332.68
POI0000415,PO000415,SKU0000496,153,153,1773.44,271336.32
POI0000416,PO000416,SKU0000862,340,340,788.14,267967.6
POI0000417,PO000417,SKU0001772,40,40,1911.44,76457.6
POI0000418,PO000418,SKU0002224,426,0,756.12,322107.12
POI0000419,PO000419,SKU0002677,277,277,434.93,120475.61
POI0000420,PO000420,SKU0000335,258,258,388.67,100276.86
POI0000421,PO000421,SKU0002127,41,41,1512.06,61994.46
POI0000422,PO000422,SKU0001539,406,0,84.22,34193.32
POI0000423,PO000423,SKU0000281,423,423,282.57,119527.11
POI0000424,PO000424,SKU0000738,250,250,1053.03,263257.5
POI0000425,PO000425,SKU0000428,138,138,7.48,1032.24
POI0000426,PO000426,SKU0000892,480,480,184.26,88444.8
POI0000427,PO000427,SKU0000149,188,0,663.32,124704.16
POI0000428,PO000428,SKU0001561,398,398,83.62,33280.76
POI0000429,PO000429,SKU0002390,107,107,752.59,80527.13
POI0000430,PO000430,SKU0000056,158,14,1104.37,174490.46
POI0000431,PO000431,SKU0002549,456,47,1850.62,843882.72
POI0000432,PO000432,SKU0001760,341,341,2155.06,734875.46
POI0000433,PO000433,SKU0001412,250,250,126.4,31600.0
POI0000434,PO000434,SKU0002901,255,31,872.45,222474.75
POI0000435,PO000435,SKU0002237,318,318,559.36,177876.48
POI0000436,PO000436,SKU0001208,420,420,1037.6,435792.0
POI0000437,PO000437,SKU0000257,273,273,135.95,37114.35
POI0000438,PO000438,SKU0000866,295,295,54.72,16142.4
POI0000439,PO000439,SKU0000136,205,205,492.16,100892.8
POI0000440,PO000440,SKU0002521,410,410,1421.79,582933.9
POI0000441,PO000441,SKU0001899,114,114,871.05,99299.7
POI0000442,PO000442,SKU0002242,195,195,1495.16,291556.2
POI0000443,PO000443,SKU0001635,355,39,1856.37,659011.35
POI0000444,PO000444,SKU0000731,446,446,1219.85,544053.1
POI0000445,PO000445,SKU0002542,383,383,545.75,209022.25
POI0000446,PO000446,SKU0002625,406,406,609.77,247566.62
POI0000447,PO000447,SKU0000354,446,446,1395.05,622192.3
POI0000448,PO000448,SKU0001033,463,463,1947.07,901493.41
POI0000449,PO000449,SKU0001206,247,247,894.42,220921.74
POI0000450,PO000450,SKU0001946,459,0,822.45,377504.55
POI0000451,PO000451,SKU0002713,316,316,1293.31,408685.96
POI0000452,PO000452,SKU0000434,47,47,2072.97,97429.59
POI0000453,PO000453,SKU0000470,284,284,368.63,104690.92
POI0000454,PO000454,SKU0002552,86,0,1311.33,112774.38
POI0000455,PO000455,SKU0002568,356,0,1445.06,514441.36
POI0000456,PO000456,SKU0001942,420,420,213.32,89594.4
POI0000457,PO000457,SKU0002315,149,149,1769.0,263581.0
POI0000458,PO000458,SKU0001747,221,0,436.52,96470.92
POI0000459,PO000459,SKU0000749,243,243,1352.14,328570.02
POI0000460,PO000460,SKU0000808,194,194,519.36,100755.84
POI0000461,PO000461,SKU0001680,112,112,798.53,89435.36
POI0000462,PO000462,SKU0001836,247,247,1496.56,369650.32
POI0000463,PO000463,SKU0001541,252,252,98.11,24723.72
POI0000464,PO000464,SKU0000394,62,0,1049.03,65039.86
POI0000465,PO000465,SKU0002160,167,0,1412.21,235839.07
POI0000466,PO000466,SKU0002179,281,281,1673.22,470174.82
POI0000467,PO000467,SKU0001370,312,312,790.51,246639.12
POI0000468,PO000468,SKU0001521,420,420,1161.01,487624.2
POI0000469,PO000469,SKU0001343,258,0,277.91,71700.78
POI0000470,PO000470,SKU0001809,419,419,1004.73,420981.87
POI0000471,PO000471,SKU0001101,217,217,1549.33,336204.61
POI0000472,PO000472,SKU0000289,498,498,1227.95,611519.1
POI0000473,PO000473,SKU0000724,355,0,1028.17,365000.35
POI0000474,PO000474,SKU0000055,340,340,1111.77,378001.8
POI0000475,PO000475,SKU0000922,458,458,181.57,83159.06
POI0000476,PO000476,SKU0002945,34,34,585.62,19911.08
POI0000477,PO000477,SKU0001835,102,102,1306.11,133223.22
POI0000478,PO000478,SKU0002508,152,152,1942.39,295243.28
POI0000479,PO000479,SKU0000159,238,0,1750.79,416688.02
POI0000480,PO000480,SKU0002866,423,423,1822.92,771095.16
POI0000481,PO000481,SKU0001255,201,47,1937.6,389457.6
POI0000482,PO000482,SKU0001426,182,182,323.04,58793.28
POI0000483,PO000483,SKU0000054,345,345,661.85,228338.25
POI0000484,PO000484,SKU0001190,321,321,524.7,168428.7
POI0000485,PO000485,SKU0000570,228,228,1901.84,433619.52
POI0000486,PO000486,SKU0000348,484,0,1485.22,718846.48
POI0000487,PO000487,SKU0000691,297,265,1513.08,449384.76
POI0000488,PO000488,SKU0001837,433,433,1328.33,575166.89
POI0000489,PO000489,SKU0002435,37,37,1400.48,51817.76
POI0000490,PO000490,SKU0001570,134,62,834.95,111883.3
POI0000491,PO000491,SKU0000980,230,230,1835.11,422075.3
POI0000492,PO000492,SKU0000079,442,442,569.04,251515.68
POI0000493,PO000493,SKU0002490,325,0,1277.08,415051.0
POI0000494,PO000494,SKU0000606,442,442,284.09,125567.78
POI0000495,PO000495,SKU0002632,334,334,480.96,160640.64
POI0000496,PO000496,SKU0000499,453,453,277.15,125548.95
POI0000497,PO000497,SKU0000144,397,397,1418.31,563069.07
POI0000498,PO000498,SKU0002244,228,126,1292.7,294735.6
POI0000499,PO000499,SKU0002078,273,0,1764.07,481591.11
POI0000500,PO000500,SKU0001496,272,272,1259.05,342461.6
POI0000501,PO000501,SKU0001515,95,95,841.19,79913.05
POI0000502,PO000502,SKU0000308,311,311,405.61,126144.71
POI0000503,PO000503,SKU0002685,190,190,13.26,2519.4
POI0000504,PO000504,SKU0000086,175,175,1214.93,212612.75
POI0000505,PO000505,SKU0000450,116,116,248.05,28773.8
POI0000506,PO000506,SKU0002201,353,353,2545.53,898572.09
POI0000507,PO000507,SKU0002623,21,14,982.77,20638.17
POI0000508,PO000508,SKU0001533,79,79,1066.86,84281.94
POI0000509,PO000509,SKU0000917,352,352,1175.87,413906.24
POI0000510,PO000510,SKU0002170,482,482,153.58,74025.56
POI0000511,PO000511,SKU0000130,91,91,1262.27,114866.57
POI0000512,PO000512,SKU0002867,258,258,1212.8,312902.4
POI0000513,PO000513,SKU0000353,464,397,1105.49,512947.36
POI0000514,PO000514,SKU0001910,201,0,359.93,72345.93
POI0000515,PO000515,SKU0002455,143,143,474.77,67892.11
POI0000516,PO000516,SKU0000340,391,391,650.66,254408.06
POI0000517,PO000517,SKU0000765,246,246,1584.71,389838.66
POI0000518,PO000518,SKU0000038,431,431,2318.34,999204.54
POI0000519,PO000519,SKU0001695,167,167,2178.09,363741.03
POI0000520,PO000520,SKU0001638,461,461,1691.95,779988.95
POI0000521,PO000521,SKU0002791,381,381,25.35,9658.35
POI0000522,PO000522,SKU0002566,357,357,1892.05,675461.85
POI0000523,PO000523,SKU0001950,309,0,185.52,57325.68
POI0000524,PO000524,SKU0000972,200,200,484.37,96874.0
POI0000525,PO000525,SKU0002433,459,459,132.1,60633.9
POI0000526,PO000526,SKU0001791,216,216,991.75,214218.0
POI0000527,PO000527,SKU0000774,33,33,1190.27,39278.91
POI0000528,PO000528,SKU0001398,93,93,430.66,40051.38
POI0000529,PO000529,SKU0002613,496,496,666.0,330336.0
POI0000530,PO000530,SKU0000814,373,373,755.71,281879.83
POI0000531,PO000531,SKU0000462,25,25,392.61,9815.25
POI0000532,PO000532,SKU0002019,460,460,1540.47,708616.2
POI0000533,PO000533,SKU0000444,171,171,356.87,61024.77
POI0000534,PO000534,SKU0000850,382,382,464.93,177603.26
POI0000535,PO000535,SKU0001303,182,0,321.81,58569.42
POI0000536,PO000536,SKU0001536,74,74,596.72,44157.28
POI0000537,PO000537,SKU0002395,398,0,1405.31,559313.38
POI0000538,PO000538,SKU0002220,478,478,638.4,305155.2
POI0000539,PO000539,SKU0000864,59,4,321.72,18981.48
POI0000540,PO000540,SKU0002504,350,350,1453.07,508574.5
POI0000541,PO000541,SKU0000755,365,365,487.1,177791.5
POI0000542,PO000542,SKU0002568,456,456,1429.69,651938.64
POI0000543,PO000543,SKU0000833,161,0,2173.41,349919.01
POI0000544,PO000544,SKU0000159,432,432,1640.91,708873.12
POI0000545,PO000545,SKU0002553,420,0,234.45,98469.0
POI0000546,PO000546,SKU0001549,130,130,1881.15,244549.5
POI0000547,PO000547,SKU0000120,431,431,2039.07,878839.17
POI0000548,PO000548,SKU0002252,326,234,364.06,118683.56
POI0000549,PO000549,SKU0001598,245,245,584.78,143271.1
POI0000550,PO000550,SKU0001917,191,191,553.29,105678.39
POI0000551,PO000551,SKU0000163,399,399,1254.4,500505.6
POI0000552,PO000552,SKU0000569,290,290,2159.88,626365.2
POI0000553,PO000553,SKU0002955,298,298,332.65,99129.7
POI0000554,PO000554,SKU0002026,445,445,1671.25,743706.25
POI0000555,PO000555,SKU0001156,53,53,534.01,28302.53
POI0000556,PO000556,SKU0000737,135,135,1194.92,161314.2
POI0000557,PO000557,SKU0000199,462,462,1136.77,525187.74
POI0000558,PO000558,SKU0002057,189,189,734.68,138854.52
POI0000559,PO000559,SKU0002193,403,403,1786.46,719943.38
POI0000560,PO000560,SKU0002320,396,137,1021.83,404644.68
POI0000561,PO000561,SKU0000706,280,280,636.82,178309.6
POI0000562,PO000562,SKU0002633,298,298,718.9,214232.2
POI0000563,PO000563,SKU0002774,81,81,413.55,33497.55
POI0000564,PO000564,SKU0001747,146,0,458.83,66989.18
POI0000565,PO000565,SKU0000312,90,90,857.9,77211.0
POI0000566,PO000566,SKU0002875,457,457,728.53,332938.21
POI0000567,PO000567,SKU0001375,75,75,1155.46,86659.5
POI0000568,PO000568,SKU0001449,34,34,782.92,26619.28
POI0000569,PO000569,SKU0000795,357,357,577.48,206160.36
POI0000570,PO000570,SKU0002132,378,378,215.93,81621.54
POI0000571,PO000571,SKU0002751,146,146,253.1,36952.6
POI0000572,PO000572,SKU0001732,296,296,1484.17,439314.32
POI0000573,PO000573,SKU0000391,421,421,565.95,238264.95
POI0000574,PO000574,SKU0000430,419,0,1648.45,690700.55
POI0000575,PO000575,SKU0000322,122,122,987.68,120496.96
POI0000576,PO000576,SKU0000031,243,108,1283.35,311854.05
POI0000577,PO000577,SKU0002666,63,63,787.39,49605.57
POI0000578,PO000578,SKU0000701,197,197,1665.51,328105.47
POI0000579,PO000579,SKU0001561,121,121,79.65,9637.65
POI0000580,PO000580,SKU0002733,358,358,1560.72,558737.76
POI0000581,PO000581,SKU0000215,486,486,1249.67,607339.62
POI0000582,PO000582,SKU0000553,474,474,1556.1,737591.4
POI0000583,PO000583,SKU0001991,445,445,2201.71,979760.95
POI0000584,PO000584,SKU0002569,411,411,389.63,160137.93
POI0000585,PO000585,SKU0001903,167,63,1208.09,201751.03
POI0000586,PO000586,SKU0000943,369,369,561.71,207270.99
POI0000587,PO000587,SKU0001469,410,410,42.67,17494.7
POI0000588,PO000588,SKU0000908,449,68,1190.86,534696.14
POI0000589,PO000589,SKU0000593,337,337,1984.48,668769.76
POI0000590,PO000590,SKU0002657,474,474,1524.35,722541.9
POI0000591,PO000591,SKU0001169,376,376,104.9,39442.4
POI0000592,PO000592,SKU0001591,364,364,600.75,218673.0
POI0000593,PO000593,SKU0000782,263,263,822.37,216283.31
POI0000594,PO000594,SKU0000611,62,62,2067.19,128165.78
POI0000595,PO000595,SKU0002874,403,403,350.4,141211.2
POI0000596,PO000596,SKU0002720,104,27,951.67,98973.68
POI0000597,PO000597,SKU0000859,422,0,1597.32,674069.04
POI0000598,PO000598,SKU0001820,226,226,815.94,184402.44
POI0000599,PO000599,SKU0000904,119,119,813.18,96768.42
POI0000600,PO000600,SKU0001802,379,379,241.44,91505.76
POI0000601,PO000601,SKU0000925,393,393,373.37,146734.41
POI0000602,PO000602,SKU0001522,432,432,1689.74,729967.68
POI0000603,PO000603,SKU0001603,435,0,1436.17,624733.95
POI0000604,PO000604,SKU0002055,113,113,789.29,89189.77
POI0000605,PO000605,SKU0002692,70,70,664.57,46519.9
POI0000606,PO000606,SKU0001789,406,406,147.37,59832.22
POI0000607,PO000607,SKU0002553,180,180,225.85,40653.0
POI0000608,PO000608,SKU0001349,497,497,1900.95,944772.15
POI0000609,PO000609,SKU0002260,21,21,89.97,1889.37
POI0000610,PO000610,SKU0002975,467,467,403.41,188392.47
POI0000611,PO000611,SKU0002162,492,492,1177.31,579236.52
POI0000612,PO000612,SKU0002629,300,0,273.33,81999.0
POI0000613,PO000613,SKU0002101,320,320,358.31,114659.2
POI0000614,PO000614,SKU0001574,413,0,487.33,201267.29
POI0000615,PO000615,SKU0000801,449,449,1192.76,535549.24
POI0000616,PO000616,SKU0002595,41,0,1711.78,70182.98
POI0000617,PO000617,SKU0000674,364,364,1467.59,534202.76
POI0000618,PO000618,SKU0002019,438,438,1548.03,678037.14
POI0000619,PO000619,SKU0001767,439,439,1707.48,749583.72
POI0000620,PO000620,SKU0000636,457,457,659.93,301588.01
POI0000621,PO000621,SKU0002758,37,37,925.33,34237.21
POI0000622,PO000622,SKU0000944,346,346,529.92,183352.32
POI0000623,PO000623,SKU0000179,165,165,745.89,123071.85
POI0000624,PO000624,SKU0002819,270,270,1662.61,448904.7
POI0000625,PO000625,SKU0000890,299,299,401.81,120141.19
POI0000626,PO000626,SKU0001611,189,136,1469.93,277816.77
POI0000627,PO000627,SKU0002505,436,52,1460.43,636747.48
POI0000628,PO000628,SKU0000614,262,68,1377.58,360925.96
POI0000629,PO000629,SKU0001427,361,361,781.65,282175.65
POI0000630,PO000630,SKU0001758,227,227,499.39,113361.53
POI0000631,PO000631,SKU0002094,282,282,1760.74,496528.68
POI0000632,PO000632,SKU0001159,152,152,2417.82,367508.64
POI0000633,PO000633,SKU0002860,388,388,340.03,131931.64
POI0000634,PO000634,SKU0001019,69,42,1445.12,99713.28
POI0000635,PO000635,SKU0002329,498,498,794.89,395855.22
POI0000636,PO000636,SKU0002038,274,274,1407.95,385778.3
POI0000637,PO000637,SKU0001180,245,0,348.67,85424.15
POI0000638,PO000638,SKU0002672,95,95,2023.06,192190.7
POI0000639,PO000639,SKU0001720,247,247,898.64,221964.08
POI0000640,PO000640,SKU0002627,434,0,1259.6,546666.4
POI0000641,PO000641,SKU0000491,232,232,695.23,161293.36
POI0000642,PO000642,SKU0000406,117,46,1482.09,173404.53
POI0000643,PO000643,SKU0002248,33,33,818.54,27011.82
POI0000644,PO000644,SKU0002548,69,69,1262.12,87086.28
POI0000645,PO000645,SKU0000947,315,315,912.12,287317.8
POI0000646,PO000646,SKU0002231,309,309,1390.97,429809.73
POI0000647,PO000647,SKU0000336,498,498,591.21,294422.58
POI0000648,PO000648,SKU0000301,348,348,1616.61,562580.28
POI0000649,PO000649,SKU0002433,469,469,130.34,61129.46
POI0000650,PO000650,SKU0001663,102,102,1377.8,140535.6
POI0000651,PO000651,SKU0002234,164,164,611.74,100325.36
POI0000652,PO000652,SKU0001371,143,143,1113.73,159263.39
POI0000653,PO000653,SKU0001468,57,0,825.8,47070.6
POI0000654,PO000654,SKU0002031,318,270,1281.41,407488.38
POI0000655,PO000655,SKU0000656,298,42,1163.01,346576.98
POI0000656,PO000656,SKU0000192,206,206,530.51,109285.06
POI0000657,PO000657,SKU0000748,152,152,26.88,4085.76
POI0000658,PO000658,SKU0000169,294,0,979.69,288028.86
POI0000659,PO000659,SKU0001659,300,0,1510.07,453021.0
POI0000660,PO000660,SKU0002124,312,312,509.51,158967.12
POI0000661,PO000661,SKU0002543,129,0,458.8,59185.2
POI0000662,PO000662,SKU0002807,259,259,1443.86,373959.74
POI0000663,PO000663,SKU0001349,126,126,1674.53,210990.78
POI0000664,PO000664,SKU0001826,184,184,900.13,165623.92
POI0000665,PO000665,SKU0001335,217,61,1238.03,268652.51
POI0000666,PO000666,SKU0000451,476,476,1551.02,738285.52
POI0000667,PO000667,SKU0000800,492,492,677.58,333369.36
POI0000668,PO000668,SKU0001823,337,337,1755.58,591630.46
POI0000669,PO000669,SKU0001399,482,482,1805.06,870038.92
POI0000670,PO000670,SKU0001338,492,0,220.25,108363.0
POI0000671,PO000671,SKU0000633,343,343,1024.42,351376.06
POI0000672,PO000672,SKU0001702,144,144,925.18,133225.92
POI0000673,PO000673,SKU0002040,149,149,1848.15,275374.35
POI0000674,PO000674,SKU0002312,450,0,966.68,435006.0
POI0000675,PO000675,SKU0001914,473,473,1442.17,682146.41
POI0000676,PO000676,SKU0001166,152,152,1605.97,244107.44
POI0000677,PO000677,SKU0002765,178,165,1557.29,277197.62
POI0000678,PO000678,SKU0001552,475,329,1198.19,569140.25
POI0000679,PO000679,SKU0002405,317,317,1675.36,531089.12
POI0000680,PO000680,SKU0002668,336,42,400.33,134510.88
POI0000681,PO000681,SKU0000177,464,464,883.2,409804.8
POI0000682,PO000682,SKU0002353,491,491,449.83,220866.53
POI0000683,PO000683,SKU0000374,168,168,1717.79,288588.72
POI0000684,PO000684,SKU0001659,305,0,1507.19,459692.95
POI0000685,PO000685,SKU0001732,204,204,1406.76,286979.04
POI0000686,PO000686,SKU0002581,114,56,496.86,56642.04
POI0000687,PO000687,SKU0002103,427,427,18.47,7886.69
POI0000688,PO000688,SKU0002552,21,21,1323.66,27796.86
POI0000689,PO000689,SKU0000760,229,229,774.7,177406.3
POI0000690,PO000690,SKU0001317,382,48,1277.72,488089.04
POI0000691,PO000691,SKU0002742,101,0,842.49,85091.49
POI0000692,PO000692,SKU0002716,464,464,1381.3,640923.2
POI0000693,PO000693,SKU0000577,247,247,1615.41,399006.27
POI0000694,PO000694,SKU0001104,256,256,537.8,137676.8
POI0000695,PO000695,SKU0002598,43,43,1593.75,68531.25
POI0000696,PO000696,SKU0000228,163,163,64.21,10466.23
POI0000697,PO000697,SKU0002192,458,458,1933.6,885588.8
POI0000698,PO000698,SKU0000072,335,335,1857.1,622128.5
POI0000699,PO000699,SKU0000805,258,258,1289.93,332801.94
POI0000700,PO000700,SKU0001730,398,398,2013.57,801400.86
POI0000701,PO000701,SKU0000211,472,0,1690.75,798034.0
POI0000702,PO000702,SKU0002948,375,375,1484.26,556597.5
POI0000703,PO000703,SKU0000008,126,126,473.88,59708.88
POI0000704,PO000704,SKU0002653,432,432,444.2,191894.4
POI0000705,PO000705,SKU0000407,244,244,50.57,12339.08
POI0000706,PO000706,SKU0002626,98,98,471.7,46226.6
POI0000707,PO000707,SKU0000594,160,160,1641.2,262592.0
POI0000708,PO000708,SKU0001275,485,485,789.57,382941.45
POI0000709,PO000709,SKU0000691,480,480,1541.46,739900.8
POI0000710,PO000710,SKU0001056,325,325,1057.63,343729.75
POI0000711,PO000711,SKU0002429,93,0,624.83,58109.19
POI0000712,PO000712,SKU0002325,232,13,1486.4,344844.8
POI0000713,PO000713,SKU0002769,391,391,1712.82,669712.62
POI0000714,PO000714,SKU0000343,114,114,1097.38,125101.32
POI0000715,PO000715,SKU0002814,330,330,367.2,121176.0
POI0000716,PO000716,SKU0002398,268,268,115.31,30903.08
POI0000717,PO000717,SKU0000430,251,251,1665.44,418025.44
POI0000718,PO000718,SKU0000185,192,80,141.46,27160.32
POI0000719,PO000719,SKU0000062,245,245,1833.91,449307.95
POI0000720,PO000720,SKU0001586,333,333,1675.22,557848.26
POI0000721,PO000721,SKU0002754,272,272,1342.44,365143.68
POI0000722,PO000722,SKU0000529,82,33,1587.7,130191.4
POI0000723,PO000723,SKU0000450,247,247,224.14,55362.58
POI0000724,PO000724,SKU0002761,442,442,1407.57,622145.94
POI0000725,PO000725,SKU0000750,427,427,1837.88,784774.76
POI0000726,PO000726,SKU0002420,333,333,1036.06,345007.98
POI0000727,PO000727,SKU0000655,116,116,912.97,105904.52
POI0000728,PO000728,SKU0001612,172,18,1585.24,272661.28
POI0000729,PO000729,SKU0000999,368,0,1218.23,448308.64
POI0000730,PO000730,SKU0001339,383,383,1379.59,528382.97
POI0000731,PO000731,SKU0002529,402,402,1685.65,677631.3
POI0000732,PO000732,SKU0001645,310,18,804.92,249525.2
POI0000733,PO000733,SKU0000512,39,0,1149.35,44824.65
POI0000734,PO000734,SKU0002127,248,248,1576.94,391081.12
POI0000735,PO000735,SKU0000422,311,311,502.13,156162.43
POI0000736,PO000736,SKU0001931,364,364,1727.22,628708.08
POI0000737,PO000737,SKU0002409,269,0,424.76,114260.44
POI0000738,PO000738,SKU0001875,149,149,632.39,94226.11
POI0000739,PO000739,SKU0001352,138,138,484.82,66905.16
POI0000740,PO000740,SKU0001341,393,393,1272.07,499923.51
POI0000741,PO000741,SKU0001761,410,410,335.97,137747.7
POI0000742,PO000742,SKU0002166,262,221,603.55,158130.1
POI0000743,PO000743,SKU0002492,477,477,1248.49,595529.73
POI0000744,PO000744,SKU0000646,247,60,1864.01,460410.47
POI0000745,PO000745,SKU0002705,424,424,1246.47,528503.28
POI0000746,PO000746,SKU0002504,77,77,1442.18,111047.86
POI0000747,PO000747,SKU0002396,328,328,1963.46,644014.88
POI0000748,PO000748,SKU0001555,49,49,36.01,1764.49
POI0000749,PO000749,SKU0000187,391,0,302.73,118367.43
POI0000750,PO000750,SKU0002100,328,328,1204.88,395200.64
POI0000751,PO000751,SKU0001417,86,24,635.96,54692.56
POI0000752,PO000752,SKU0002258,429,429,497.9,213599.1
POI0000753,PO000753,SKU0000702,87,87,1322.91,115093.17
POI0000754,PO000754,SKU0000310,33,0,1498.76,49459.08
POI0000755,PO000755,SKU0000963,245,245,197.2,48314.0
POI0000756,PO000756,SKU0001652,159,159,339.15,53924.85
POI0000757,PO000757,SKU0001079,220,16,339.56,74703.2
POI0000758,PO000758,SKU0002773,434,0,298.12,129384.08
POI0000759,PO000759,SKU0000012,198,0,634.87,125704.26
POI0000760,PO000760,SKU0002057,134,0,720.7,96573.8
POI0000761,PO000761,SKU0001711,441,294,694.14,306115.74
POI0000762,PO000762,SKU0001286,60,60,2004.12,120247.2
POI0000763,PO000763,SKU0001639,79,52,1698.02,134143.58
POI0000764,PO000764,SKU0000915,70,70,616.87,43180.9
POI0000765,PO000765,SKU0002872,220,220,156.31,34388.2
POI0000766,PO000766,SKU0001573,417,417,344.76,143764.92
POI0000767,PO000767,SKU0000036,94,94,1184.93,111383.42
POI0000768,PO000768,SKU0002234,91,91,616.81,56129.71
POI0000769,PO000769,SKU0001779,476,58,150.46,71618.96
POI0000770,PO000770,SKU0000105,371,0,1562.42,579657.82
POI0000771,PO000771,SKU0002040,252,252,1734.54,437104.08
POI0000772,PO000772,SKU0001455,195,195,1519.03,296210.85
POI0000773,PO000773,SKU0000857,84,84,1608.62,135124.08
POI0000774,PO000774,SKU0001855,225,225,680.98,153220.5
POI0000775,PO000775,SKU0001469,141,141,41.96,5916.36
POI0000776,PO000776,SKU0001693,158,158,1801.16,284583.28
POI0000777,PO000777,SKU0000072,167,167,1891.22,315833.74
POI0000778,PO000778,SKU0000784,28,28,1397.24,39122.72
POI0000779,PO000779,SKU0002655,226,226,1031.88,233204.88
POI0000780,PO000780,SKU0000264,189,189,531.26,100408.14
POI0000781,PO000781,SKU0002105,274,274,185.34,50783.16
POI0000782,PO000782,SKU0002185,133,0,1298.62,172716.46
POI0000783,PO000783,SKU0000307,138,138,326.59,45069.42
POI0000784,PO000784,SKU0001905,231,231,1559.47,360237.57
POI0000785,PO000785,SKU0002828,58,58,431.42,25022.36
POI0000786,PO000786,SKU0002899,164,164,748.94,122826.16
POI0000787,PO000787,SKU0001555,345,345,34.57,11926.65
POI0000788,PO000788,SKU0000525,192,192,762.86,146469.12
POI0000789,PO000789,SKU0002350,253,253,1179.42,298393.26
POI0000790,PO000790,SKU0001849,273,273,1278.04,348904.92
POI0000791,PO000791,SKU0001502,414,414,1442.12,597037.68
POI0000792,PO000792,SKU0002106,102,102,124.31,12679.62
POI0000793,PO000793,SKU0001242,333,333,1161.63,386822.79
POI0000794,PO000794,SKU0000569,176,176,1964.99,345838.24
POI0000795,PO000795,SKU0002519,425,425,1122.45,477041.25
POI0000796,PO000796,SKU0002892,326,326,2076.15,676824.9
POI0000797,PO000797,SKU0000451,317,317,1548.3,490811.1
POI0000798,PO000798,SKU0002465,369,369,70.53,26025.57
POI0000799,PO000799,SKU0002543,140,140,442.5,61950.0
POI0000800,PO000800,SKU0002341,226,226,1300.9,294003.4
POI0000801,PO000001,SKU0001735,30,30,83.48,2504.4
POI0000802,PO000002,SKU0001065,60,60,1051.69,63101.4
POI0000803,PO000003,SKU0000251,463,463,511.93,237023.59
POI0000804,PO000004,SKU0000106,279,279,1028.65,286993.35
POI0000805,PO000005,SKU0001579,176,176,711.54,125231.04
POI0000806,PO000006,SKU0002627,167,167,1260.24,210460.08
POI0000807,PO000007,SKU0002950,175,175,2309.4,404145.0
POI0000808,PO000008,SKU0001232,278,278,530.33,147431.74
POI0000809,PO000009,SKU0002799,244,244,670.21,163531.24
POI0000810,PO000010,SKU0000059,259,78,896.58,232214.22
POI0000811,PO000011,SKU0001894,430,430,1023.26,440001.8
POI0000812,PO000012,SKU0000432,97,97,1575.08,152782.76
POI0000813,PO000013,SKU0000887,334,334,242.5,80995.0
POI0000814,PO000014,SKU0001557,124,0,1422.45,176383.8
POI0000815,PO000015,SKU0000759,325,325,937.38,304648.5
POI0000816,PO000016,SKU0000378,420,420,623.55,261891.0
POI0000817,PO000017,SKU0002143,416,416,305.86,127237.76
POI0000818,PO000018,SKU0000519,244,244,413.79,100964.76
POI0000819,PO000019,SKU0001377,453,0,2124.81,962538.93
POI0000820,PO000020,SKU0000102,459,459,2146.62,985298.58
POI0000821,PO000021,SKU0002305,351,351,387.92,136159.92
POI0000822,PO000022,SKU0002262,113,0,724.08,81821.04
POI0000823,PO000023,SKU0000885,405,405,9.75,3948.75
POI0000824,PO000024,SKU0002779,126,0,1858.31,234147.06
POI0000825,PO000025,SKU0001326,419,419,21.58,9042.02
POI0000826,PO000026,SKU0002127,96,0,1483.88,142452.48
POI0000827,PO000027,SKU0001368,227,227,309.32,70215.64
POI0000828,PO000028,SKU0002138,464,464,52.92,24554.88
POI0000829,PO000029,SKU0001743,313,0,1638.99,513003.87
POI0000830,PO000030,SKU0002812,319,319,386.64,123338.16
POI0000831,PO000031,SKU0002671,329,0,1899.65,624984.85
POI0000832,PO000032,SKU0001482,112,65,176.05,19717.6
POI0000833,PO000033,SKU0002332,416,416,1018.1,423529.6
POI0000834,PO000034,SKU0001944,261,0,1781.21,464895.81
POI0000835,PO000035,SKU0000117,479,479,669.61,320743.19
POI0000836,PO000036,SKU0000749,438,438,1461.29,640045.02
POI0000837,PO000037,SKU0001942,193,0,204.58,39483.94
POI0000838,PO000038,SKU0000586,35,35,1544.86,54070.1
POI0000839,PO000039,SKU0002211,445,445,1419.25,631566.25
POI0000840,PO000040,SKU0001640,493,0,1571.4,774700.2
POI0000841,PO000041,SKU0002753,357,0,1403.67,501110.19
POI0000842,PO000042,SKU0002516,141,0,739.8,104311.8
POI0000843,PO000043,SKU0001671,284,0,1750.18,497051.12
POI0000844,PO000044,SKU0001120,311,226,1571.16,488630.76
POI0000845,PO000045,SKU0000912,454,454,262.86,119338.44
POI0000846,PO000046,SKU0002232,315,315,1106.9,348673.5
POI0000847,PO000047,SKU0002092,200,200,2260.95,452190.0
POI0000848,PO000048,SKU0000068,420,420,1083.67,455141.4
POI0000849,PO000049,SKU0001944,417,417,1707.44,712002.48
POI0000850,PO000050,SKU0000718,345,345,2046.05,705887.25
POI0000851,PO000051,SKU0002789,67,67,2328.72,156024.24
POI0000852,PO000052,SKU0001316,294,294,1555.83,457414.02
POI0000853,PO000053,SKU0002346,256,256,1096.36,280668.16
POI0000854,PO000054,SKU0001395,80,80,1233.34,98667.2
POI0000855,PO000055,SKU0001004,29,29,1357.43,39365.47
POI0000856,PO000056,SKU0002857,472,472,42.89,20244.08
POI0000857,PO000057,SKU0001076,67,67,704.73,47216.91
POI0000858,PO000058,SKU0001562,312,312,92.66,28909.92
POI0000859,PO000059,SKU0002540,500,500,219.52,109760.0
POI0000860,PO000060,SKU0001422,177,177,689.09,121968.93
POI0000861,PO000061,SKU0000320,417,417,655.25,273239.25
POI0000862,PO000062,SKU0002527,61,61,236.02,14397.22
POI0000863,PO000063,SKU0001367,396,396,493.74,195521.04
POI0000864,PO000064,SKU0001395,211,211,1215.67,256506.37
POI0000865,PO000065,SKU0001481,321,321,136.42,43790.82
POI0000866,PO000066,SKU0000281,235,235,289.28,67980.8
POI0000867,PO000067,SKU0001598,95,95,545.7,51841.5
POI0000868,PO000068,SKU0001864,90,90,1638.72,147484.8
POI0000869,PO000069,SKU0000630,65,65,326.72,21236.8
POI0000870,PO000070,SKU0000377,309,309,501.28,154895.52
POI0000871,PO000071,SKU0001436,297,297,1732.87,514662.39
POI0000872,PO000072,SKU0002786,347,0,329.1,114197.7
POI0000873,PO000073,SKU0000786,111,111,367.39,40780.29
POI0000874,PO000074,SKU0001289,136,136,682.69,92845.84
POI0000875,PO000075,SKU0002209,238,238,1771.52,421621.76
POI0000876,PO000076,SKU0002650,435,435,1388.69,604080.15
POI0000877,PO000077,SKU0000770,250,250,794.09,198522.5
POI0000878,PO000078,SKU0000746,237,237,873.13,206931.81
POI0000879,PO000079,SKU0002446,87,87,1465.6,127507.2
POI0000880,PO000080,SKU0000521,221,221,221.76,49008.96
POI0000881,PO000081,SKU0000500,436,436,306.82,133773.52
POI0000882,PO000082,SKU0002888,176,0,1684.81,296526.56
POI0000883,PO000083,SKU0000928,246,246,1555.84,382736.64
POI0000884,PO000084,SKU0000969,166,0,462.31,76743.46
POI0000885,PO000085,SKU0001839,493,493,618.83,305083.19
POI0000886,PO000086,SKU0000177,85,85,854.69,72648.65
POI0000887,PO000087,SKU0000696,138,138,2148.21,296452.98
POI0000888,PO000088,SKU0000847,323,323,935.71,302234.33
POI0000889,PO000089,SKU0001907,331,331,289.07,95682.17
POI0000890,PO000090,SKU0002391,314,314,267.7,84057.8
POI0000891,PO000091,SKU0002540,461,0,216.16,99649.76
POI0000892,PO000092,SKU0001010,476,0,274.53,130676.28
POI0000893,PO000093,SKU0000825,190,190,150.98,28686.2
POI0000894,PO000094,SKU0001938,405,405,777.08,314717.4
POI0000895,PO000095,SKU0000932,354,354,1985.34,702810.36
POI0000896,PO000096,SKU0000788,48,48,608.31,29198.88
POI0000897,PO000097,SKU0001517,93,19,799.92,74392.56
POI0000898,PO000098,SKU0001916,301,301,1076.32,323972.32
POI0000899,PO000099,SKU0001181,114,0,834.0,95076.0
POI0000900,PO000100,SKU0002645,280,280,1916.67,536667.6
POI0000901,PO000101,SKU0000117,302,302,721.81,217986.62
POI0000902,PO000102,SKU0002345,187,187,1806.34,337785.58
POI0000903,PO000103,SKU0000251,483,483,524.05,253116.15
POI0000904,PO000104,SKU0001209,196,0,1279.42,250766.32
POI0000905,PO000105,SKU0001838,459,459,1433.3,657884.7
POI0000906,PO000106,SKU0001403,331,331,1066.23,352922.13
POI0000907,PO000107,SKU0002875,459,459,786.25,360888.75
POI0000908,PO000108,SKU0002142,257,257,1190.86,306051.02
POI0000909,PO000109,SKU0001876,74,22,575.29,42571.46
POI0000910,PO000110,SKU0002753,122,122,1348.0,164456.0
POI0000911,PO000111,SKU0001197,22,22,1008.42,22185.24
POI0000912,PO000112,SKU0001033,331,331,1912.33,632981.23
POI0000913,PO000113,SKU0002389,250,250,620.83,155207.5
POI0000914,PO000114,SKU0002486,34,0,674.11,22919.74
POI0000915,PO000115,SKU0000741,428,428,1105.11,472987.08
POI0000916,PO000116,SKU0000673,73,73,1279.13,93376.49
POI0000917,PO000117,SKU0001998,493,493,16.95,8356.35
POI0000918,PO000118,SKU0000839,247,0,217.18,53643.46
POI0000919,PO000119,SKU0000843,378,378,941.55,355905.9
POI0000920,PO000120,SKU0000786,302,302,358.83,108366.66
POI0000921,PO000121,SKU0000517,345,0,654.88,225933.6
POI0000922,PO000122,SKU0002207,407,407,645.22,262604.54
POI0000923,PO000123,SKU0002521,359,0,1433.83,514744.97
POI0000924,PO000124,SKU0002947,175,23,1549.55,271171.25
POI0000925,PO000125,SKU0000065,285,285,194.05,55304.25
POI0000926,PO000126,SKU0001909,444,444,463.77,205913.88
POI0000927,PO000127,SKU0000411,157,148,769.18,120761.26
POI0000928,PO000128,SKU0001362,234,142,940.59,220098.06
POI0000929,PO000129,SKU0001979,41,0,320.91,13157.31
POI0000930,PO000130,SKU0001929,419,419,768.51,322005.69
POI0000931,PO000131,SKU0001791,225,225,967.31,217644.75
POI0000932,PO000132,SKU0001378,262,262,1787.76,468393.12
POI0000933,PO000133,SKU0001819,48,48,651.73,31283.04
POI0000934,PO000134,SKU0001880,243,0,907.65,220558.95
POI0000935,PO000135,SKU0002936,144,144,949.5,136728.0
POI0000936,PO000136,SKU0001868,263,263,1351.02,355318.26
POI0000937,PO000137,SKU0002010,150,150,1572.81,235921.5
POI0000938,PO000138,SKU0002449,305,305,1550.25,472826.25
POI0000939,PO000139,SKU0001713,32,32,1747.87,55931.84
POI0000940,PO000140,SKU0000449,334,0,227.02,75824.68
POI0000941,PO000141,SKU0000092,431,431,1275.25,549632.75
POI0000942,PO000142,SKU0001268,151,151,1213.49,183236.99
POI0000943,PO000143,SKU0000182,64,64,1221.81,78195.84
POI0000944,PO000144,SKU0000599,488,0,1591.68,776739.84
POI0000945,PO000145,SKU0000993,405,0,917.09,371421.45
POI0000946,PO000146,SKU0000738,428,0,1107.48,474001.44
POI0000947,PO000147,SKU0000154,29,29,1976.8,57327.2
POI0000948,PO000148,SKU0000154,462,462,1880.92,868985.04
POI0000949,PO000149,SKU0001509,297,297,1751.16,520094.52
POI0000950,PO000150,SKU0000235,377,377,1380.96,520621.92
POI0000951,PO000151,SKU0001236,201,0,455.57,91569.57
POI0000952,PO000152,SKU0002687,418,418,1502.11,627881.98
POI0000953,PO000153,SKU0002151,49,14,230.22,11280.78
POI0000954,PO000154,SKU0000605,55,0,321.76,17696.8
POI0000955,PO000155,SKU0002030,169,169,913.92,154452.48
POI0000956,PO000156,SKU0002759,440,440,2083.83,916885.2
POI0000957,PO000157,SKU0001814,171,171,74.46,12732.66
POI0000958,PO000158,SKU0000522,316,0,239.23,75596.68
POI0000959,PO000159,SKU0001402,355,355,882.5,313287.5
POI0000960,PO000160,SKU0002184,475,475,1041.81,494859.75
POI0000961,PO000161,SKU0002522,336,336,1978.97,664933.92
POI0000962,PO000162,SKU0001737,62,0,608.19,37707.78
POI0000963,PO000163,SKU0001999,339,339,684.72,232120.08
POI0000964,PO000164,SKU0001423,480,480,1244.95,597576.0
POI0000965,PO000165,SKU0000670,147,147,2444.92,359403.24
POI0000966,PO000166,SKU0002601,158,158,788.7,124614.6
POI0000967,PO000167,SKU0001217,255,255,1334.04,340180.2
POI0000968,PO000168,SKU0000792,352,352,2149.19,756514.88
POI0000969,PO000169,SKU0002496,369,369,1509.93,557164.17
POI0000970,PO000170,SKU0002967,445,445,1990.71,885865.95
POI0000971,PO000171,SKU0000404,266,171,1635.97,435168.02
POI0000972,PO000172,SKU0001284,314,314,1730.91,543505.74
POI0000973,PO000173,SKU0002547,195,195,1601.77,312345.15
POI0000974,PO000174,SKU0001469,367,367,46.04,16896.68
POI0000975,PO000175,SKU0002390,378,164,780.31,294957.18
POI0000976,PO000176,SKU0000837,223,129,379.16,84552.68
POI0000977,PO000177,SKU0002344,75,0,262.14,19660.5
POI0000978,PO000178,SKU0001316,137,137,1456.55,199547.35
POI0000979,PO000179,SKU0002965,30,30,2038.95,61168.5
POI0000980,PO000180,SKU0001997,75,75,28.18,2113.5
POI0000981,PO000181,SKU0001375,269,0,1069.75,287762.75
POI0000982,PO000182,SKU0002126,446,446,1067.66,476176.36
POI0000983,PO000183,SKU0001439,142,0,76.04,10797.68
POI0000984,PO000184,SKU0001340,301,301,1220.23,367289.23
POI0000985,PO000185,SKU0000299,458,458,1111.59,509108.22
POI0000986,PO000186,SKU0001932,446,446,1264.7,564056.2
POI0000987,PO000187,SKU0000580,161,0,868.66,139854.26
POI0000988,PO000188,SKU0002639,396,396,2279.84,902816.64
POI0000989,PO000189,SKU0000778,189,189,263.33,49769.37
POI0000990,PO000190,SKU0002289,107,107,116.58,12474.06
POI0000991,PO000191,SKU0002302,395,301,1596.46,630601.7
POI0000992,PO000192,SKU0002472,314,314,829.61,260497.54
POI0000993,PO000193,SKU0002245,379,379,2100.77,796191.83
POI0000994,PO000194,SKU0002962,293,293,1757.13,514839.09
POI0000995,PO000195,SKU0001752,394,2,1939.14,764021.16
POI0000996,PO000196,SKU0002164,64,55,1331.54,85218.56
POI0000997,PO000197,SKU0002858,23,20,51.28,1179.44
POI0000998,PO000198,SKU0001234,294,134,1399.08,411329.52
POI0000999,PO000199,SKU0000053,480,0,712.53,342014.4
POI0001000,PO000200,SKU0000646,113,113,1748.01,197525.13
POI0001001,PO000201,SKU0000802,65,65,1662.95,108091.75
POI0001002,PO000202,SKU0002819,65,65,1643.49,106826.85
POI0001003,PO000203,SKU0001423,180,82,1287.98,231836.4
POI0001004,PO000204,SKU0002737,178,178,224.65,39987.7
POI0001005,PO000205,SKU0002749,396,396,1552.23,614683.08
POI0001006,PO000206,SKU0000790,132,132,2263.46,298776.72
POI0001007,PO000207,SKU0001433,475,475,1489.1,707322.5
POI0001008,PO000208,SKU0000858,62,0,2338.86,145009.32
POI0001009,PO000209,SKU0001621,159,159,935.09,148679.31
POI0001010,PO000210,SKU0000822,37,1,1259.79,46612.23
POI0001011,PO000211,SKU0000672,456,0,557.75,254334.0
POI0001012,PO000212,SKU0001568,407,407,783.88,319039.16
POI0001013,PO000213,SKU0001794,197,197,186.01,36643.97
POI0001014,PO000214,SKU0000315,48,48,776.89,37290.72
POI0001015,PO000215,SKU0000447,424,424,1217.25,516114.0
POI0001016,PO000216,SKU0000218,346,346,123.05,42575.3
POI0001017,PO000217,SKU0002459,193,0,246.11,47499.23
POI0001018,PO000218,SKU0002856,317,317,750.03,237759.51
POI0001019,PO000219,SKU0001836,483,483,1491.51,720399.33
POI0001020,PO000220,SKU0001365,477,477,1291.18,615892.86
POI0001021,PO000221,SKU0002155,120,120,1556.42,186770.4
POI0001022,PO000222,SKU0001749,339,339,323.14,109544.46
POI0001023,PO000223,SKU0001227,128,128,1082.44,138552.32
POI0001024,PO000224,SKU0002821,460,460,667.06,306847.6
POI0001025,PO000225,SKU0001904,337,337,776.01,261515.37
POI0001026,PO000226,SKU0000933,419,0,764.05,320136.95
POI0001027,PO000227,SKU0001205,156,156,1397.46,218003.76
POI0001028,PO000228,SKU0001980,436,436,376.51,164158.36
POI0001029,PO000229,SKU0002184,477,477,1003.46,478650.42
POI0001030,PO000230,SKU0000195,400,400,407.7,163080.0
POI0001031,PO000231,SKU0002538,176,176,1797.17,316301.92
POI0001032,PO000232,SKU0001592,247,247,798.28,197175.16
POI0001033,PO000233,SKU0001605,304,304,1609.63,489327.52
POI0001034,PO000234,SKU0002572,433,433,1728.04,748241.32
POI0001035,PO000235,SKU0001907,435,427,258.92,112630.2
POI0001036,PO000236,SKU0001991,108,108,2087.82,225484.56
POI0001037,PO000237,SKU0001379,444,444,1718.27,762911.88
POI0001038,PO000238,SKU0000179,256,256,737.78,188871.68
POI0001039,PO000239,SKU0002215,208,208,2121.34,441238.72
POI0001040,PO000240,SKU0002054,148,148,162.05,23983.4
POI0001041,PO000241,SKU0002746,85,85,1600.01,136000.85
POI0001042,PO000242,SKU0002709,429,429,311.93,133817.97
POI0001043,PO000243,SKU0000705,377,377,448.79,169193.83
POI0001044,PO000244,SKU0002814,403,0,362.47,146075.41
POI0001045,PO000245,SKU0000172,49,0,331.45,16241.05
POI0001046,PO000246,SKU0000009,329,329,1473.25,484699.25
POI0001047,PO000247,SKU0001665,57,57,328.75,18738.75
POI0001048,PO000248,SKU0002301,117,117,1722.58,201541.86
POI0001049,PO000249,SKU0000583,336,336,1534.71,515662.56
POI0001050,PO000250,SKU0002377,407,0,667.63,271725.41
POI0001051,PO000251,SKU0002122,123,123,1153.09,141830.07
POI0001052,PO000252,SKU0002159,468,468,1140.87,533927.16
POI0001053,PO000253,SKU0002514,166,166,961.86,159668.76
POI0001054,PO000254,SKU0001245,435,435,306.97,133531.95
POI0001055,PO000255,SKU0002087,405,405,443.74,179714.7
POI0001056,PO000256,SKU0000123,53,53,1562.92,82834.76
POI0001057,PO000257,SKU0002181,394,394,1008.43,397321.42
POI0001058,PO000258,SKU0002218,496,496,160.35,79533.6
POI0001059,PO000259,SKU0000041,244,244,912.3,222601.2
POI0001060,PO000260,SKU0001143,361,361,1104.19,398612.59
POI0001061,PO000261,SKU0002764,32,0,794.59,25426.88
POI0001062,PO000262,SKU0000902,315,0,1994.31,628207.65
POI0001063,PO000263,SKU0000133,260,0,2103.89,547011.4
POI0001064,PO000264,SKU0001643,281,281,837.68,235388.08
POI0001065,PO000265,SKU0000215,472,472,1340.56,632744.32
POI0001066,PO000266,SKU0001214,153,153,1439.16,220191.48
POI0001067,PO000267,SKU0002843,229,229,590.29,135176.41
POI0001068,PO000268,SKU0001561,403,0,78.43,31607.29
POI0001069,PO000269,SKU0001925,26,26,1960.49,50972.74
POI0001070,PO000270,SKU0000456,247,0,347.67,85874.49
POI0001071,PO000271,SKU0000571,101,101,905.54,91459.54
POI0001072,PO000272,SKU0000418,210,202,1065.41,223736.1
POI0001073,PO000273,SKU0000550,236,236,173.6,40969.6
POI0001074,PO000274,SKU0000838,486,486,380.64,184991.04
POI0001075,PO000275,SKU0000354,168,168,1437.32,241469.76
POI0001076,PO000276,SKU0002437,66,0,577.84,38137.44
POI0001077,PO000277,SKU0002249,213,213,1274.1,271383.3
POI0001078,PO000278,SKU0000560,156,156,575.54,89784.24
POI0001079,PO000279,SKU0001246,368,368,227.04,83550.72
POI0001080,PO000280,SKU0000717,375,375,1931.56,724335.0
POI0001081,PO000281,SKU0000079,333,284,566.27,188567.91
POI0001082,PO000282,SKU0001299,385,385,1532.49,590008.65
POI0001083,PO000283,SKU0000112,258,258,809.85,208941.3
POI0001084,PO000284,SKU0001018,383,383,1367.97,523932.51
POI0001085,PO000285,SKU0002835,399,399,600.74,239695.26
POI0001086,PO000286,SKU0002554,393,393,344.59,135423.87
POI0001087,PO000287,SKU0000402,88,0,1580.46,139080.48
POI0001088,PO000288,SKU0001302,213,213,651.24,138714.12
POI0001089,PO000289,SKU0002391,24,24,258.67,6208.08
POI0001090,PO000290,SKU0001057,253,253,432.15,109333.95
POI0001091,PO000291,SKU0000638,447,0,1207.14,539591.58
POI0001092,PO000292,SKU0001746,223,223,112.28,25038.44
POI0001093,PO000293,SKU0002917,169,118,612.2,103461.8
POI0001094,PO000294,SKU0000579,118,118,915.14,107986.52
POI0001095,PO000295,SKU0000117,142,142,635.3,90212.6
POI0001096,PO000296,SKU0002019,404,404,1558.41,629597.64
POI0001097,PO000297,SKU0000606,87,87,275.59,23976.33
POI0001098,PO000298,SKU0000877,329,329,1685.63,554572.27
POI0001099,PO000299,SKU0000106,361,361,1095.8,395583.8
POI0001100,PO000300,SKU0000261,159,159,1148.35,182587.65
POI0001101,PO000301,SKU0001756,48,48,1334.51,64056.48
POI0001102,PO000302,SKU0000537,322,9,1117.55,359851.1
POI0001103,PO000303,SKU0001882,274,274,1925.72,527647.28
POI0001104,PO000304,SKU0001479,374,374,14.85,5553.9
POI0001105,PO000305,SKU0000084,436,436,85.83,37421.88
POI0001106,PO000306,SKU0001986,112,112,1860.75,208404.0
POI0001107,PO000307,SKU0001398,230,230,419.75,96542.5
POI0001108,PO000308,SKU0001274,95,95,1263.61,120042.95
POI0001109,PO000309,SKU0002027,395,395,1349.6,533092.0
POI0001110,PO000310,SKU0001484,48,48,1700.15,81607.2
POI0001111,PO000311,SKU0001176,58,58,36.05,2090.9
POI0001112,PO000312,SKU0000261,25,25,1146.08,28652.0
POI0001113,PO000313,SKU0000853,479,479,771.42,369510.18
POI0001114,PO000314,SKU0001456,184,184,1898.28,349283.52
POI0001115,PO000315,SKU0002423,45,45,734.83,33067.35
POI0001116,PO000316,SKU0000520,422,166,385.96,162875.12
POI0001117,PO000317,SKU0002172,367,367,937.33,344000.11
POI0001118,PO000318,SKU0002130,279,279,767.14,214032.06
POI0001119,PO000319,SKU0000442,72,0,196.45,14144.4
POI0001120,PO000320,SKU0000124,72,34,1719.62,123812.64
POI0001121,PO000321,SKU0000126,300,300,651.8,195540.0
POI0001122,PO000322,SKU0002678,387,387,296.5,114745.5
POI0001123,PO000323,SKU0001665,302,302,304.05,91823.1
POI0001124,PO000324,SKU0001821,323,323,88.35,28537.05
POI0001125,PO000325,SKU0001256,389,389,1478.89,575288.21
POI0001126,PO000326,SKU0002441,71,71,156.16,11087.36
POI0001127,PO000327,SKU0002832,295,295,1549.27,457034.65
POI0001128,PO000328,SKU0001149,464,464,1488.65,690733.6
POI0001129,PO000329,SKU0001844,322,322,1059.79,341252.38
POI0001130,PO000330,SKU0001337,262,262,195.06,51105.72
POI0001131,PO000331,SKU0002286,319,0,1521.64,485403.16
POI0001132,PO000332,SKU0002327,178,178,499.8,88964.4
POI0001133,PO000333,SKU0000058,485,422,131.38,63719.3
POI0001134,PO000334,SKU0002595,89,0,1687.04,150146.56
POI0001135,PO000335,SKU0001302,164,0,672.49,110288.36
POI0001136,PO000336,SKU0002666,487,487,772.75,376329.25
POI0001137,PO000337,SKU0000917,385,385,1109.45,427138.25
POI0001138,PO000338,SKU0002291,267,0,57.59,15376.53
POI0001139,PO000339,SKU0002811,99,0,509.62,50452.38
POI0001140,PO000340,SKU0000025,303,303,1083.11,328182.33
POI0001141,PO000341,SKU0002541,320,320,388.83,124425.6
POI0001142,PO000342,SKU0001785,344,0,457.35,157328.4
POI0001143,PO000343,SKU0000989,314,314,730.63,229417.82
POI0001144,PO000344,SKU0000759,173,0,911.14,157627.22
POI0001145,PO000345,SKU0000089,316,18,378.54,119618.64
POI0001146,PO000346,SKU0000739,280,280,343.71,96238.8
POI0001147,PO000347,SKU0001648,269,269,450.96,121308.24
POI0001148,PO000348,SKU0000144,316,215,1400.27,442485.32
POI0001149,PO000349,SKU0000290,165,165,827.14,136478.1
POI0001150,PO000350,SKU0001881,372,372,1775.26,660396.72
POI0001151,PO000351,SKU0001562,405,180,91.8,37179.0
POI0001152,PO000352,SKU0000791,86,86,2502.89,215248.54
POI0001153,PO000353,SKU0000844,84,0,864.72,72636.48
POI0001154,PO000354,SKU0002792,458,458,26.1,11953.8
POI0001155,PO000355,SKU0001426,75,75,333.14,24985.5
POI0001156,PO000356,SKU0000896,482,0,233.25,112426.5
POI0001157,PO000357,SKU0000995,319,319,208.55,66527.45
POI0001158,PO000358,SKU0000313,448,448,1400.05,627222.4
POI0001159,PO000359,SKU0002985,79,79,459.1,36268.9
POI0001160,PO000360,SKU0002873,57,56,285.97,16300.29
POI0001161,PO000361,SKU0000314,128,128,1244.2,159257.6
POI0001162,PO000362,SKU0002060,28,28,1333.92,37349.76
POI0001163,PO000363,SKU0001628,358,358,1078.25,386013.5
POI0001164,PO000364,SKU0002912,436,436,1628.5,710026.0
POI0001165,PO000365,SKU0000852,450,450,306.98,138141.0
POI0001166,PO000366,SKU0001949,184,184,161.32,29682.88
POI0001167,PO000367,SKU0000647,473,473,1193.11,564341.03
POI0001168,PO000368,SKU0001701,338,338,760.1,256913.8
POI0001169,PO000369,SKU0002623,395,0,925.36,365517.2
POI0001170,PO000370,SKU0001981,450,450,2076.67,934501.5
POI0001171,PO000371,SKU0002723,148,148,2673.86,395731.28
POI0001172,PO000372,SKU0002494,451,218,1044.77,471191.27
POI0001173,PO000373,SKU0002683,301,241,2772.59,834549.59
POI0001174,PO000374,SKU0002159,463,463,1197.35,554373.05
POI0001175,PO000375,SKU0001327,28,28,309.77,8673.56
POI0001176,PO000376,SKU0000894,335,335,599.69,200896.15
POI0001177,PO000377,SKU0002568,29,29,1428.23,41418.67
POI0001178,PO000378,SKU0002146,374,0,874.14,326928.36
POI0001179,PO000379,SKU0000151,476,476,1583.2,753603.2
POI0001180,PO000380,SKU0000796,332,332,786.69,261181.08
POI0001181,PO000381,SKU0000764,164,0,1655.18,271449.52
POI0001182,PO000382,SKU0000200,472,472,1093.23,516004.56
POI0001183,PO000383,SKU0001207,384,0,1668.0,640512.0
POI0001184,PO000384,SKU0000133,132,132,2081.24,274723.68
POI0001185,PO000385,SKU0001468,367,367,850.21,312027.07
POI0001186,PO000386,SKU0000111,468,468,743.16,347798.88
POI0001187,PO000387,SKU0000233,284,284,1173.14,333171.76
POI0001188,PO000388,SKU0001970,438,438,890.51,390043.38
POI0001189,PO000389,SKU0000853,147,147,827.97,121711.59
POI0001190,PO000390,SKU0002109,200,154,1818.96,363792.0
POI0001191,PO000391,SKU0000697,112,112,461.06,51638.72
POI0001192,PO000392,SKU0002345,250,250,1866.61,466652.5
POI0001193,PO000393,SKU0001724,304,0,1044.97,317670.88
POI0001194,PO000394,SKU0000588,373,373,1079.95,402821.35
POI0001195,PO000395,SKU0002573,390,390,97.83,38153.7
POI0001196,PO000396,SKU0001894,114,4,990.64,112932.96
POI0001197,PO000397,SKU0002021,123,123,1209.15,148725.45
POI0001198,PO000398,SKU0000532,332,332,230.41,76496.12
POI0001199,PO000399,SKU0002440,120,3,801.79,96214.8
POI0001200,PO000400,SKU0001285,131,131,1581.28,207147.68
POI0001201,PO000401,SKU0002446,61,0,1444.47,88112.67
POI0001202,PO000402,SKU0000976,418,418,547.16,228712.88
POI0001203,PO000403,SKU0000528,337,337,391.57,131959.09
POI0001204,PO000404,SKU0000365,443,443,1533.92,679526.56
POI0001205,PO000405,SKU0002276,200,200,122.56,24512.0
POI0001206,PO000406,SKU0001825,127,127,658.67,83651.09
POI0001207,PO000407,SKU0000425,220,23,1953.92,429862.4
POI0001208,PO000408,SKU0001376,371,0,1148.08,425937.68
POI0001209,PO000409,SKU0001240,249,249,991.84,246968.16
POI0001210,PO000410,SKU0002625,108,108,608.1,65674.8
POI0001211,PO000411,SKU0002455,418,0,473.66,197989.88
POI0001212,PO000412,SKU0000465,395,395,1765.07,697202.65
POI0001213,PO000413,SKU0001447,193,193,251.04,48450.72
POI0001214,PO000414,SKU0001634,45,45,1850.79,83285.55
POI0001215,PO000415,SKU0002611,351,351,873.63,306644.13
POI0001216,PO000416,SKU0001703,195,195,1896.27,369772.65
POI0001217,PO000417,SKU0000932,452,452,2157.27,975086.04
POI0001218,PO000418,SKU0000407,425,0,48.26,20510.5
POI0001219,PO000419,SKU0000911,371,371,384.72,142731.12
POI0001220,PO000420,SKU0001274,83,83,1282.01,106406.83
POI0001221,PO000421,SKU0001611,275,275,1484.7,408292.5
POI0001222,PO000422,SKU0001020,320,0,1487.08,475865.6
POI0001223,PO000423,SKU0000315,154,154,696.99,107336.46
POI0001224,PO000424,SKU0002773,212,212,294.28,62387.36
POI0001225,PO000425,SKU0000445,433,433,1568.94,679351.02
POI0001226,PO000426,SKU0001420,324,324,1459.9,473007.6
POI0001227,PO000427,SKU0000301,402,0,1618.06,650460.12
POI0001228,PO000428,SKU0002189,189,189,505.37,95514.93
POI0001229,PO000429,SKU0000967,374,374,592.15,221464.1
POI0001230,PO000430,SKU0001498,292,255,679.88,198524.96
POI0001231,PO000431,SKU0001515,280,214,916.57,256639.6
POI0001232,PO000432,SKU0001929,312,312,726.28,226599.36
POI0001233,PO000433,SKU0001462,402,402,2020.48,812232.96
POI0001234,PO000434,SKU0001190,405,176,511.15,207015.75
POI0001235,PO000435,SKU0002909,158,158,1484.54,234557.32
POI0001236,PO000436,SKU0001899,405,405,862.56,349336.8
POI0001237,PO000437,SKU0000193,277,277,360.12,99753.24
POI0001238,PO000438,SKU0002427,433,433,634.0,274522.0
POI0001239,PO000439,SKU0002424,212,212,779.83,165323.96
POI0001240,PO000440,SKU0001689,62,62,1291.42,80068.04
POI0001241,PO000441,SKU0000898,352,352,786.88,276981.76
POI0001242,PO000442,SKU0000984,454,454,1378.43,625807.22
POI0001243,PO000443,SKU0002873,250,47,296.47,74117.5
POI0001244,PO000444,SKU0001580,149,149,817.8,121852.2
POI0001245,PO000445,SKU0000440,284,284,1555.04,441631.36
POI0001246,PO000446,SKU0002284,141,141,1919.73,270681.93
POI0001247,PO000447,SKU0002168,309,309,926.41,286260.69
POI0001248,PO000448,SKU0002734,318,318,1760.36,559794.48
POI0001249,PO000449,SKU0001264,342,342,585.52,200247.84
POI0001250,PO000450,SKU0000545,216,0,1702.58,367757.28
POI0001251,PO000451,SKU0002664,362,362,51.84,18766.08
POI0001252,PO000452,SKU0001791,188,188,917.14,172422.32
POI0001253,PO000453,SKU0002786,215,215,324.17,69696.55
POI0001254,PO000454,SKU0001465,360,0,23.41,8427.6
POI0001255,PO000455,SKU0001114,260,0,1503.77,390980.2
POI0001256,PO000456,SKU0000023,278,278,526.64,146405.92
POI0001257,PO000457,SKU0000168,161,161,1992.45,320784.45
POI0001258,PO000458,SKU0002284,162,0,1976.68,320222.16
POI0001259,PO000459,SKU0000839,131,131,214.05,28040.55
POI0001260,PO000460,SKU0000644,261,261,999.18,260785.98
POI0001261,PO000461,SKU0001332,207,207,555.01,114887.07
POI0001262,PO000462,SKU0001689,66,66,1293.36,85361.76
POI0001263,PO000463,SKU0001881,114,114,1694.86,193214.04
POI0001264,PO000464,SKU0001555,193,111,34.0,6562.0
POI0001265,PO000465,SKU0000179,197,0,778.08,153281.76
POI0001266,PO000466,SKU0002835,363,363,571.92,207606.96
POI0001267,PO000467,SKU0000570,465,465,1914.13,890070.45
POI0001268,PO000468,SKU0000545,401,401,1548.2,620828.2
POI0001269,PO000469,SKU0002679,438,0,1251.34,548086.92
POI0001270,PO000470,SKU0000713,173,173,1780.07,307952.11
POI0001271,PO000471,SKU0000757,421,421,972.92,409599.32
POI0001272,PO000472,SKU0002264,374,374,660.57,247053.18
POI0001273,PO000473,SKU0000591,48,0,2160.29,103693.92
POI0001274,PO000474,SKU0002128,199,199,1737.56,345774.44
POI0001275,PO000475,SKU0000527,296,296,391.51,115886.96
POI0001276,PO000476,SKU0001723,446,446,814.8,363400.8
POI0001277,PO000477,SKU0001047,160,160,1485.57,237691.2
POI0001278,PO000478,SKU0000323,380,380,2017.05,766479.0
POI0001279,PO000479,SKU0001416,387,0,1040.49,402669.63
POI0001280,PO000480,SKU0002941,304,304,897.4,272809.6
POI0001281,PO000481,SKU0000821,86,52,838.75,72132.5
POI0001282,PO000482,SKU0001062,203,203,1080.42,219325.26
POI0001283,PO000483,SKU0002606,30,30,1751.43,52542.9
POI0001284,PO000484,SKU0000514,280,280,816.42,228597.6
POI0001285,PO000485,SKU0002037,373,373,1593.73,594461.29
POI0001286,PO000486,SKU0002400,224,0,1063.3,238179.2
POI0001287,PO000487,SKU0000394,22,12,1063.42,23395.24
POI0001288,PO000488,SKU0001201,435,435,1224.77,532774.95
POI0001289,PO000489,SKU0001141,95,95,1625.85,154455.75
POI0001290,PO000490,SKU0002236,268,235,805.57,215892.76
POI0001291,PO000491,SKU0000154,229,229,1832.23,419580.67
POI0001292,PO000492,SKU0000407,94,94,49.37,4640.78
POI0001293,PO000493,SKU0002858,195,0,48.72,9500.4
POI0001294,PO000494,SKU0000465,396,396,1795.19,710895.24
POI0001295,PO000495,SKU0002535,43,43,1697.64,72998.52
POI0001296,PO000496,SKU0000332,143,143,1653.81,236494.83
POI0001297,PO000497,SKU0000389,478,478,710.82,339771.96
POI0001298,PO000498,SKU0002479,109,37,1157.62,126180.58
POI0001299,PO000499,SKU0000007,344,0,607.12,208849.28
POI0001300,PO000500,SKU0000846,338,338,410.88,138877.44
POI0001301,PO000501,SKU0000697,194,194,421.6,81790.4
POI0001302,PO000502,SKU0000054,154,154,612.89,94385.06
POI0001303,PO000503,SKU0000875,318,318,65.26,20752.68
POI0001304,PO000504,SKU0000066,154,154,287.59,44288.86
POI0001305,PO000505,SKU0000827,29,29,1093.04,31698.16
POI0001306,PO000506,SKU0001007,201,201,254.55,51164.55
POI0001307,PO000507,SKU0002037,367,130,1503.89,551927.63
POI0001308,PO000508,SKU0001299,175,175,1640.53,287092.75
POI0001309,PO000509,SKU0001651,47,47,307.46,14450.62
POI0001310,PO000510,SKU0000929,120,120,1813.27,217592.4
POI0001311,PO000511,SKU0000985,120,120,1226.58,147189.6
POI0001312,PO000512,SKU0001137,342,342,484.84,165815.28
POI0001313,PO000513,SKU0000892,269,58,192.29,51726.01
POI0001314,PO000514,SKU0002931,187,0,518.52,96963.24
POI0001315,PO000515,SKU0001479,36,36,15.87,571.32
POI0001316,PO000516,SKU0001515,72,72,887.24,63881.28
POI0001317,PO000517,SKU0002818,430,430,1371.97,589947.1
POI0001318,PO000518,SKU0000700,399,399,1312.37,523635.63
POI0001319,PO000519,SKU0002073,128,128,148.76,19041.28
POI0001320,PO000520,SKU0000051,311,311,683.24,212487.64
POI0001321,PO000521,SKU0000652,132,132,915.63,120863.16
POI0001322,PO000522,SKU0000460,138,138,2052.69,283271.22
POI0001323,PO000523,SKU0000361,363,0,709.38,257504.94
POI0001324,PO000524,SKU0002332,223,223,1048.65,233848.95
POI0001325,PO000525,SKU0001129,370,370,187.31,69304.7
POI0001326,PO000526,SKU0000177,273,273,872.24,238121.52
POI0001327,PO000527,SKU0000505,58,58,35.67,2068.86
POI0001328,PO000528,SKU0002032,131,131,966.7,126637.7
POI0001329,PO000529,SKU0000455,41,41,436.65,17902.65
POI0001330,PO000530,SKU0002278,114,114,1599.82,182379.48
POI0001331,PO000531,SKU0000640,41,41,79.47,3258.27
POI0001332,PO000532,SKU0002140,250,250,1486.66,371665.0
POI0001333,PO000533,SKU0000697,317,317,445.36,141179.12
POI0001334,PO000534,SKU0000567,95,95,1672.14,158853.3
POI0001335,PO000535,SKU0002346,297,0,1119.74,332562.78
POI0001336,PO000536,SKU0001620,182,182,1878.02,341799.64
POI0001337,PO000537,SKU0001556,336,0,38.79,13033.44
POI0001338,PO000538,SKU0000491,112,112,665.43,74528.16
POI0001339,PO000539,SKU0000910,45,23,406.41,18288.45
POI0001340,PO000540,SKU0002306,448,448,334.02,149640.96
POI0001341,PO000541,SKU0001889,334,334,386.17,128980.78
POI0001342,PO000542,SKU0000335,124,124,408.0,50592.0
POI0001343,PO000543,SKU0002930,317,0,1327.52,420823.84
POI0001344,PO000544,SKU0001080,89,89,379.32,33759.48
POI0001345,PO000545,SKU0002850,463,0,635.11,294055.93
POI0001346,PO000546,SKU0000941,85,85,420.62,35752.7
POI0001347,PO000547,SKU0001046,492,492,50.09,24644.28
POI0001348,PO000548,SKU0001294,244,188,247.44,60375.36
POI0001349,PO000549,SKU0002963,264,264,658.52,173849.28
POI0001350,PO000550,SKU0002014,359,359,1266.55,454691.45
POI0001351,PO000551,SKU0002017,200,200,1433.78,286756.0
POI0001352,PO000552,SKU0001823,328,328,1713.13,561906.64
POI0001353,PO000553,SKU0000438,445,445,1705.4,758903.0
POI0001354,PO000554,SKU0001961,211,211,890.28,187849.08
POI0001355,PO000555,SKU0001374,445,445,640.26,284915.7
POI0001356,PO000556,SKU0001771,418,418,2123.52,887631.36
POI0001357,PO000557,SKU0000078,254,254,268.34,68158.36
POI0001358,PO000558,SKU0001509,76,76,1747.69,132824.44
POI0001359,PO000559,SKU0000317,462,462,494.36,228394.32
POI0001360,PO000560,SKU0001551,99,22,1469.98,145528.02
POI0001361,PO000561,SKU0002829,28,28,961.65,26926.2
POI0001362,PO000562,SKU0002222,94,94,1031.39,96950.66
POI0001363,PO000563,SKU0001741,212,212,1664.5,352874.0
POI0001364,PO000564,SKU0000536,22,0,1264.01,27808.22
POI0001365,PO000565,SKU0001154,368,368,1251.08,460397.44
POI0001366,PO000566,SKU0000738,111,111,1090.47,121042.17
POI0001367,PO000567,SKU0001005,76,76,1531.09,116362.84
POI0001368,PO000568,SKU0000686,272,272,82.76,22510.72
POI0001369,PO000569,SKU0000307,190,190,347.47,66019.3
POI0001370,PO000570,SKU0002811,440,440,470.98,207231.2
POI0001371,PO000571,SKU0002149,295,295,1324.0,390580.0
POI0001372,PO000572,SKU0001028,417,417,1737.82,724670.94
POI0001373,PO000573,SKU0000166,305,305,929.9,283619.5
POI0001374,PO000574,SKU0000494,98,0,460.08,45087.84
POI0001375,PO000575,SKU0002831,325,325,1851.86,601854.5
POI0001376,PO000576,SKU0002412,407,388,587.25,239010.75
POI0001377,PO000577,SKU0001921,308,308,179.6,55316.8
POI0001378,PO000578,SKU0002702,440,440,1547.95,681098.0
POI0001379,PO000579,SKU0000633,450,450,998.19,449185.5
POI0001380,PO000580,SKU0002024,25,25,306.71,7667.75
POI0001381,PO000581,SKU0001634,403,403,1752.8,706378.4
POI0001382,PO000582,SKU0000971,244,244,626.43,152848.92
POI0001383,PO000583,SKU0000972,435,435,499.43,217252.05
POI0001384,PO000584,SKU0000056,472,472,1122.81,529966.32
POI0001385,PO000585,SKU0001334,227,96,1765.83,400843.41
POI0001386,PO000586,SKU0001118,222,222,1360.25,301975.5
POI0001387,PO000587,SKU0001350,329,329,1821.73,599349.17
POI0001388,PO000588,SKU0002306,176,118,312.58,55014.08
POI0001389,PO000589,SKU0001496,447,447,1200.04,536417.88
POI0001390,PO000590,SKU0000915,206,206,596.23,122823.38
POI0001391,PO000591,SKU0002322,474,474,1691.46,801752.04
POI0001392,PO000592,SKU0000714,419,419,1843.92,772602.48
POI0001393,PO000593,SKU0002621,38,38,99.88,3795.44
POI0001394,PO000594,SKU0000401,129,129,1628.38,210061.02
POI0001395,PO000595,SKU0001235,165,165,355.97,58735.05
POI0001396,PO000596,SKU0001910,275,145,392.2,107855.0
POI0001397,PO000597,SKU0001891,231,0,2260.22,522110.82
POI0001398,PO000598,SKU0001273,289,289,771.8,223050.2
POI0001399,PO000599,SKU0000117,157,157,709.34,111366.38
POI0001400,PO000600,SKU0000662,450,450,1687.08,759186.0
POI0001401,PO000601,SKU0000587,95,95,1192.13,113252.35
POI0001402,PO000602,SKU0001053,407,407,682.88,277932.16
POI0001403,PO000603,SKU0000531,494,0,241.95,119523.3
POI0001404,PO000604,SKU0002460,489,489,237.8,116284.2
POI0001405,PO000605,SKU0002053,445,445,236.21,105113.45
POI0001406,PO000606,SKU0001935,368,368,920.99,338924.32
POI0001407,PO000607,SKU0002247,301,301,1001.96,301589.96
POI0001408,PO000608,SKU0000196,92,92,483.02,44437.84
POI0001409,PO000609,SKU0000141,378,378,1813.78,685608.84
POI0001410,PO000610,SKU0002123,249,249,593.49,147779.01
POI0001411,PO000611,SKU0002609,153,153,550.09,84163.77
POI0001412,PO000612,SKU0000554,446,0,1065.92,475400.32
POI0001413,PO000613,SKU0000843,187,187,1032.37,193053.19
POI0001414,PO000614,SKU0001003,166,0,1494.32,248057.12
POI0001415,PO000615,SKU0002211,312,312,1462.08,456168.96
POI0001416,PO000616,SKU0001015,470,0,1651.52,776214.4
POI0001417,PO000617,SKU0001876,93,93,578.9,53837.7
POI0001418,PO000618,SKU0001922,235,235,207.01,48647.35
POI0001419,PO000619,SKU0001165,94,94,1921.9,180658.6
POI0001420,PO000620,SKU0001001,396,396,737.62,292097.52
POI0001421,PO000621,SKU0001305,323,323,1823.38,588951.74
POI0001422,PO000622,SKU0002933,133,133,1767.19,235036.27
POI0001423,PO000623,SKU0002315,212,212,1705.33,361529.96
POI0001424,PO000624,SKU0001624,374,374,1330.65,497663.1
POI0001425,PO000625,SKU0000614,225,225,1394.28,313713.0
POI0001426,PO000626,SKU0002508,110,19,1976.15,217376.5
POI0001427,PO000627,SKU0001170,232,195,99.86,23167.52
POI0001428,PO000628,SKU0001465,466,326,21.93,10219.38
POI0001429,PO000629,SKU0000511,337,337,1253.14,422308.18
POI0001430,PO000630,SKU0002952,395,395,330.96,130729.2
POI0001431,PO000631,SKU0001213,100,100,1557.57,155757.0
POI0001432,PO000632,SKU0001596,180,180,80.21,14437.8
POI0001433,PO000633,SKU0002821,440,440,708.79,311867.6
POI0001434,PO000634,SKU0002306,306,93,323.31,98932.86
POI0001435,PO000635,SKU0001838,24,24,1467.81,35227.44
POI0001436,PO000636,SKU0000425,155,155,1714.86,265803.3
POI0001437,PO000637,SKU0000501,142,0,2132.03,302748.26
POI0001438,PO000638,SKU0000725,23,23,291.95,6714.85
POI0001439,PO000639,SKU0000154,28,28,1753.76,49105.28
POI0001440,PO000640,SKU0001323,161,0,1389.57,223720.77
POI0001441,PO000641,SKU0002709,298,298,320.79,95595.42
POI0001442,PO000642,SKU0000865,295,21,64.84,19127.8
POI0001443,PO000643,SKU0002172,135,135,992.36,133968.6
POI0001444,PO000644,SKU0001737,200,200,559.73,111946.0
POI0001445,PO000645,SKU0000487,391,391,1682.48,657849.68
POI0001446,PO000646,SKU0001554,221,221,183.67,40591.07
POI0001447,PO000647,SKU0000592,384,384,1317.29,505839.36
POI0001448,PO000648,SKU0002589,129,129,1627.03,209886.87
POI0001449,PO000649,SKU0002919,69,69,1466.74,101205.06
POI0001450,PO000650,SKU0002719,223,223,1076.17,239985.91
POI0001451,PO000651,SKU0000197,199,199,763.91,152018.09
POI0001452,PO000652,SKU0002304,254,254,84.66,21503.64
POI0001453,PO000653,SKU0000427,91,0,11.47,1043.77
POI0001454,PO000654,SKU0000073,188,171,32.18,6049.84
POI0001455,PO000655,SKU0001757,313,264,473.2,148111.6
POI0001456,PO000656,SKU0001041,297,297,990.76,294255.72
POI0001457,PO000657,SKU0001578,205,205,1805.05,370035.25
POI0001458,PO000658,SKU0001503,357,0,2260.23,806902.11
POI0001459,PO000659,SKU0002833,337,0,1844.59,621626.83
POI0001460,PO000660,SKU0001918,458,458,746.1,341713.8
POI0001461,PO000661,SKU0002275,436,0,111.42,48579.12
POI0001462,PO000662,SKU0002742,423,423,824.63,348818.49
POI0001463,PO000663,SKU0000604,491,491,1371.34,673327.94
POI0001464,PO000664,SKU0002516,372,372,731.53,272129.16
POI0001465,PO000665,SKU0001242,477,92,1212.34,578286.18
POI0001466,PO000666,SKU0000673,266,266,1268.1,337314.6
POI0001467,PO000667,SKU0002605,68,68,1849.49,125765.32
POI0001468,PO000668,SKU0001686,465,465,1543.92,717922.8
POI0001469,PO000669,SKU0000342,123,123,1421.75,174875.25
POI0001470,PO000670,SKU0000181,480,0,1877.09,901003.2
POI0001471,PO000671,SKU0001996,213,213,770.86,164193.18
POI0001472,PO000672,SKU0000983,358,358,1184.9,424194.2
POI0001473,PO000673,SKU0000514,268,268,788.65,211358.2
POI0001474,PO000674,SKU0002844,186,0,611.18,113679.48
POI0001475,PO000675,SKU0000977,344,344,942.68,324281.92
POI0001476,PO000676,SKU0000559,98,98,538.61,52783.78
POI0001477,PO000677,SKU0001514,211,122,319.46,67406.06
POI0001478,PO000678,SKU0002114,130,124,196.23,25509.9
POI0001479,PO000679,SKU0000606,256,256,273.94,70128.64
POI0001480,PO000680,SKU0002423,488,128,705.74,344401.12
POI0001481,PO000681,SKU0001361,418,418,882.68,368960.24
POI0001482,PO000682,SKU0002496,426,426,1382.46,588927.96
POI0001483,PO000683,SKU0000160,500,500,1880.61,940305.0
POI0001484,PO000684,SKU0002831,296,0,1742.43,515759.28
POI0001485,PO000685,SKU0001062,182,182,990.16,180209.12
POI0001486,PO000686,SKU0000466,299,160,1554.05,464660.95
POI0001487,PO000687,SKU0001722,197,197,798.32,157269.04
POI0001488,PO000688,SKU0001033,222,222,1959.81,435077.82
POI0001489,PO000689,SKU0001079,363,363,332.07,120541.41
POI0001490,PO000690,SKU0000356,29,8,2364.08,68558.32
POI0001491,PO000691,SKU0000317,186,0,503.78,93703.08
POI0001492,PO000692,SKU0002442,283,283,141.23,39968.09
POI0001493,PO000693,SKU0001137,323,323,487.71,157530.33
POI0001494,PO000694,SKU0001840,349,349,637.48,222480.52
POI0001495,PO000695,SKU0000553,479,479,1523.06,729545.74
POI0001496,PO000696,SKU0002051,318,318,1380.98,439151.64
POI0001497,PO000697,SKU0001797,391,391,762.47,298125.77
POI0001498,PO000698,SKU0002744,393,393,819.98,322252.14
POI0001499,PO000699,SKU0000133,481,481,2041.79,982100.99
POI0001500,PO000700,SKU0001935,277,277,843.11,233541.47
POI0001501,PO000701,SKU0001791,276,0,936.02,258341.52
POI0001502,PO000702,SKU0001503,356,356,2356.96,839077.76
POI0001503,PO000703,SKU0000585,35,35,2349.45,82230.75
POI0001504,PO000704,SKU0000090,421,421,558.06,234943.26
POI0001505,PO000705,SKU0002514,410,410,993.81,407462.1
POI0001506,PO000706,SKU0002824,139,139,2001.35,278187.65
POI0001507,PO000707,SKU0002365,67,67,1118.64,74948.88
POI0001508,PO000708,SKU0002353,302,302,447.67,135196.34
POI0001509,PO000709,SKU0001515,41,41,928.07,38050.87
POI0001510,PO000710,SKU0001243,159,159,294.03,46750.77
POI0001511,PO000711,SKU0001533,215,0,1029.12,221260.8
POI0001512,PO000712,SKU0002375,371,206,627.03,232628.13
POI0001513,PO000713,SKU0000152,294,294,1179.51,346775.94
POI0001514,PO000714,SKU0000349,425,425,815.36,346528.0
POI0001515,PO000715,SKU0002656,121,121,1133.26,137124.46
POI0001516,PO000716,SKU0002357,364,364,1173.34,427095.76
POI0001517,PO000717,SKU0002084,499,499,1240.43,618974.57
POI0001518,PO000718,SKU0002771,38,16,2283.5,86773.0
POI0001519,PO000719,SKU0002861,353,353,1900.08,670728.24
POI0001520,PO000720,SKU0001854,317,317,75.56,23952.52
POI0001521,PO000721,SKU0002466,123,123,45.35,5578.05
POI0001522,PO000722,SKU0001973,372,286,1194.54,444368.88
POI0001523,PO000723,SKU0000652,50,50,892.22,44611.0
POI0001524,PO000724,SKU0000462,177,177,417.43,73885.11
POI0001525,PO000725,SKU0002944,90,90,116.62,10495.8
POI0001526,PO000726,SKU0000345,293,293,1636.07,479368.51
POI0001527,PO000727,SKU0002796,220,220,743.52,163574.4
POI0001528,PO000728,SKU0001110,493,62,570.7,281355.1
POI0001529,PO000729,SKU0001354,191,0,1405.63,268475.33
POI0001530,PO000730,SKU0001517,216,216,827.76,178796.16
POI0001531,PO000731,SKU0002436,134,134,1371.82,183823.88
POI0001532,PO000732,SKU0000874,48,26,643.22,30874.56
POI0001533,PO000733,SKU0001606,480,0,1195.71,573940.8
POI0001534,PO000734,SKU0002074,347,347,135.26,46935.22
POI0001535,PO000735,SKU0000237,290,290,1861.74,539904.6
POI0001536,PO000736,SKU0002352,98,98,964.03,94474.94
POI0001537,PO000737,SKU0002599,103,0,1433.88,147689.64
POI0001538,PO000738,SKU0001712,411,411,832.69,342235.59
POI0001539,PO000739,SKU0001760,288,288,2043.27,588461.76
POI0001540,PO000740,SKU0000150,434,434,651.05,282555.7
POI0001541,PO000741,SKU0001653,157,157,1109.01,174114.57
POI0001542,PO000742,SKU0002124,150,128,511.19,76678.5
POI0001543,PO000743,SKU0002916,65,65,332.68,21624.2
POI0001544,PO000744,SKU0000490,175,156,572.67,100217.25
POI0001545,PO000745,SKU0000857,65,65,1648.67,107163.55
POI0001546,PO000746,SKU0000670,482,482,2392.15,1153016.3
POI0001547,PO000747,SKU0000084,311,311,86.87,27016.57
POI0001548,PO000748,SKU0000749,206,206,1495.78,308130.68
POI0001549,PO000749,SKU0001227,401,0,1108.53,444520.53
POI0001550,PO000750,SKU0001566,389,389,1263.5,491501.5
POI0001551,PO000751,SKU0001953,363,89,966.05,350676.15
POI0001552,PO000752,SKU0001534,365,365,824.71,301019.15
POI0001553,PO000753,SKU0002294,453,453,1070.95,485140.35
POI0001554,PO000754,SKU0000899,309,0,214.87,66394.83
POI0001555,PO000755,SKU0000514,262,262,761.84,199602.08
POI0001556,PO000756,SKU0000328,445,445,1059.47,471464.15
POI0001557,PO000757,SKU0000213,279,85,1255.72,350345.88
POI0001558,PO000758,SKU0000171,32,0,372.42,11917.44
POI0001559,PO000759,SKU0000889,334,0,327.04,109231.36
POI0001560,PO000760,SKU0001944,143,0,1719.45,245881.35
POI0001561,PO000761,SKU0001102,65,1,1171.63,76155.95
POI0001562,PO000762,SKU0002715,72,72,1122.63,80829.36
POI0001563,PO000763,SKU0002395,143,123,1484.97,212350.71
POI0001564,PO000764,SKU0000949,64,64,2124.3,135955.2
POI0001565,PO000765,SKU0002758,259,259,1032.55,267430.45
POI0001566,PO000766,SKU0002717,35,35,1111.33,38896.55
POI0001567,PO000767,SKU0002210,310,310,1931.25,598687.5
POI0001568,PO000768,SKU0000796,388,388,834.69,323859.72
POI0001569,PO000769,SKU0000158,315,223,2160.58,680582.7
POI0001570,PO000770,SKU0000319,134,0,899.32,120508.88
POI0001571,PO000771,SKU0001481,391,391,132.33,51741.03
POI0001572,PO000772,SKU0001113,495,495,1373.82,680040.9
POI0001573,PO000773,SKU0001809,164,164,1004.2,164688.8
POI0001574,PO000774,SKU0000856,166,166,979.33,162568.78
POI0001575,PO000775,SKU0001548,103,103,1194.96,123080.88
POI0001576,PO000776,SKU0000879,202,202,923.43,186532.86
POI0001577,PO000777,SKU0002800,312,312,955.66,298165.92
POI0001578,PO000778,SKU0001552,127,127,1242.23,157763.21
POI0001579,PO000779,SKU0001379,270,270,1944.68,525063.6
POI0001580,PO000780,SKU0002162,224,224,1182.16,264803.84
POI0001581,PO000781,SKU0000267,170,170,1882.91,320094.7
POI0001582,PO000782,SKU0000593,305,0,1957.48,597031.4
POI0001583,PO000783,SKU0001920,482,482,85.33,41129.06
POI0001584,PO000784,SKU0001855,48,48,691.32,33183.36
POI0001585,PO000785,SKU0002782,60,60,1504.85,90291.0
POI0001586,PO000786,SKU0000935,498,498,148.48,73943.04
POI0001587,PO000787,SKU0001076,357,357,706.21,252116.97
POI0001588,PO000788,SKU0001266,204,204,107.04,21836.16
POI0001589,PO000789,SKU0001607,449,449,1606.02,721102.98
POI0001590,PO000790,SKU0002944,69,69,111.76,7711.44
POI0001591,PO000791,SKU0000360,282,282,614.19,173201.58
POI0001592,PO000792,SKU0002308,319,319,338.0,107822.0
POI0001593,PO000793,SKU0002775,150,150,890.34,133551.0
POI0001594,PO000794,SKU0000409,379,379,1037.17,393087.43
POI0001595,PO000795,SKU0002657,414,414,1429.94,591995.16
POI0001596,PO000796,SKU0000818,270,270,1413.23,381572.1
POI0001597,PO000797,SKU0002502,197,197,184.84,36413.48
POI0001598,PO000798,SKU0001780,262,262,152.51,39957.62
POI0001599,PO000799,SKU0001285,159,159,1588.56,252581.04
POI0001600,PO000800,SKU0000666,490,490,2240.35,1097771.5
POI0001601,PO000001,SKU0002723,272,272,2574.05,700141.6
POI0001602,PO000002,SKU0002770,112,112,2154.01,241249.12
POI0001603,PO000003,SKU0001111,299,299,1904.11,569328.89
POI0001604,PO000004,SKU0001951,342,342,1595.33,545602.86
POI0001605,PO000005,SKU0002436,393,393,1255.83,493541.19
POI0001606,PO000006,SKU0002887,422,422,1563.99,660003.78
POI0001607,PO000007,SKU0002434,65,65,131.4,8541.0
POI0001608,PO000008,SKU0001647,415,415,472.3,196004.5
POI0001609,PO000009,SKU0001459,445,445,996.56,443469.2
POI0001610,PO000010,SKU0002831,76,47,1868.19,141982.44
POI0001611,PO000011,SKU0000614,366,366,1394.62,510430.92
POI0001612,PO000012,SKU0000233,486,486,1159.39,563463.54
POI0001613,PO000013,SKU0000297,229,229,466.94,106929.26
POI0001614,PO000014,SKU0002141,162,0,1358.0,219996.0
POI0001615,PO000015,SKU0001110,409,409,547.69,224005.21
POI0001616,PO000016,SKU0000125,36,36,634.85,22854.6
POI0001617,PO000017,SKU0001186,76,76,1962.24,149130.24
POI0001618,PO000018,SKU0002226,282,282,1357.78,382893.96
POI0001619,PO000019,SKU0000802,96,0,1556.97,149469.12
POI0001620,PO000020,SKU0002624,46,46,958.1,44072.6
POI0001621,PO000021,SKU0001158,397,397,1573.03,624492.91
POI0001622,PO000022,SKU0002408,406,0,533.62,216649.72
POI0001623,PO000023,SKU0002150,379,379,1532.69,580889.51
POI0001624,PO000024,SKU0000060,46,0,604.38,27801.48
POI0001625,PO000025,SKU0001795,378,378,600.4,226951.2
POI0001626,PO000026,SKU0000969,318,0,432.58,137560.44
POI0001627,PO000027,SKU0000137,393,393,1554.91,611079.63
POI0001628,PO000028,SKU0002534,141,141,278.85,39317.85
POI0001629,PO000029,SKU0002725,41,0,299.46,12277.86
POI0001630,PO000030,SKU0002234,495,495,632.97,313320.15
POI0001631,PO000031,SKU0002686,318,0,14.98,4763.64
POI0001632,PO000032,SKU0000170,222,195,1530.54,339779.88
POI0001633,PO000033,SKU0000249,56,56,1341.25,75110.0
POI0001634,PO000034,SKU0000283,476,0,444.09,211386.84
POI0001635,PO000035,SKU0001009,247,247,376.09,92894.23
POI0001636,PO000036,SKU0000108,390,390,899.01,350613.9
POI0001637,PO000037,SKU0001523,52,0,846.06,43995.12
POI0001638,PO000038,SKU0001029,438,438,2103.33,921258.54
POI0001639,PO000039,SKU0000007,118,118,594.24,70120.32
POI0001640,PO000040,SKU0002769,376,0,1608.84,604923.84
POI0001641,PO000041,SKU0002635,366,0,1317.44,482183.04
POI0001642,PO000042,SKU0002444,476,0,429.07,204237.32
POI0001643,PO000043,SKU0002859,432,0,517.04,223361.28
POI0001644,PO000044,SKU0002477,131,19,1454.35,190519.85
POI0001645,PO000045,SKU0000397,92,92,1076.27,99016.84
POI0001646,PO000046,SKU0002604,258,258,129.78,33483.24
POI0001647,PO000047,SKU0001550,313,313,1864.02,583438.26
POI0001648,PO000048,SKU0002668,480,480,449.83,215918.4
POI0001649,PO000049,SKU0000043,214,214,462.27,98925.78
POI0001650,PO000050,SKU0002076,408,408,207.16,84521.28
POI0001651,PO000051,SKU0000682,188,188,203.49,38256.12
POI0001652,PO000052,SKU0001553,115,115,140.59,16167.85
POI0001653,PO000053,SKU0002990,31,31,336.75,10439.25
POI0001654,PO000054,SKU0002596,157,157,2011.76,315846.32
POI0001655,PO000055,SKU0000031,217,217,1280.97,277970.49
POI0001656,PO000056,SKU0002797,228,228,1167.64,266221.92
POI0001657,PO000057,SKU0001031,202,202,655.27,132364.54
POI0001658,PO000058,SKU0000541,249,249,421.93,105060.57
POI0001659,PO000059,SKU0002637,164,164,863.32,141584.48
POI0001660,PO000060,SKU0000134,88,88,1486.17,130782.96
POI0001661,PO000061,SKU0002405,90,90,1701.44,153129.6
POI0001662,PO000062,SKU0002213,23,23,871.77,20050.71
POI0001663,PO000063,SKU0002097,487,487,1014.46,494042.02
POI0001664,PO000064,SKU0000703,21,21,260.2,5464.2
POI0001665,PO000065,SKU0000607,110,110,1866.8,205348.0
POI0001666,PO000066,SKU0000813,87,87,478.62,41639.94
POI0001667,PO000067,SKU0002422,281,281,1113.74,312960.94
POI0001668,PO000068,SKU0000651,82,82,1306.33,107119.06
POI0001669,PO000069,SKU0002213,74,74,765.27,56629.98
POI0001670,PO000070,SKU0001953,188,188,976.88,183653.44
POI0001671,PO000071,SKU0002842,134,134,1306.84,175116.56
POI0001672,PO000072,SKU0002032,412,0,983.15,405057.8
POI0001673,PO000073,SKU0000193,397,397,334.16,132661.52
POI0001674,PO000074,SKU0001528,236,236,1150.87,271605.32
POI0001675,PO000075,SKU0001825,57,57,610.47,34796.79
POI0001676,PO000076,SKU0000076,407,407,2075.58,844761.06
POI0001677,PO000077,SKU0002117,63,63,376.78,23737.14
POI0001678,PO000078,SKU0001524,317,317,742.27,235299.59
POI0001679,PO000079,SKU0000584,420,420,1706.65,716793.0
POI0001680,PO000080,SKU0002243,406,406,1204.52,489035.12
POI0001681,PO000081,SKU0001745,322,322,117.05,37690.1
POI0001682,PO000082,SKU0001501,152,0,1936.1,294287.2
POI0001683,PO000083,SKU0001547,65,65,1374.33,89331.45
POI0001684,PO000084,SKU0002240,329,0,771.86,253941.94
POI0001685,PO000085,SKU0000611,68,68,2262.05,153819.4
POI0001686,PO000086,SKU0000953,449,449,76.89,34523.61
POI0001687,PO000087,SKU0000691,434,434,1432.27,621605.18
POI0001688,PO000088,SKU0002157,134,134,297.23,39828.82
POI0001689,PO000089,SKU0002739,438,438,1000.98,438429.24
POI0001690,PO000090,SKU0002503,359,359,1494.17,536407.03
POI0001691,PO000091,SKU0001749,434,0,325.97,141470.98
POI0001692,PO000092,SKU0000697,62,0,427.71,26518.02
POI0001693,PO000093,SKU0001771,428,428,2096.16,897156.48
POI0001694,PO000094,SKU0000926,288,288,324.56,93473.28
POI0001695,PO000095,SKU0002623,193,193,969.07,187030.51
POI0001696,PO000096,SKU0002296,359,359,611.83,219646.97
POI0001697,PO000097,SKU0001644,178,91,820.34,146020.52
POI0001698,PO000098,SKU0001218,334,334,1582.06,528408.04
POI0001699,PO000099,SKU0000599,410,0,1547.57,634503.7
POI0001700,PO000100,SKU0000367,31,31,1470.9,45597.9
POI0001701,PO000101,SKU0000714,87,87,1992.57,173353.59
POI0001702,PO000102,SKU0000220,261,261,1078.64,281525.04
POI0001703,PO000103,SKU0002128,410,410,1789.14,733547.4
POI0001704,PO000104,SKU0000634,407,0,1070.93,435868.51
POI0001705,PO000105,SKU0002058,299,299,652.55,195112.45
POI0001706,PO000106,SKU0000037,380,380,1787.84,679379.2
POI0001707,PO000107,SKU0002941,268,268,897.54,240540.72
POI0001708,PO000108,SKU0000419,253,253,2155.13,545247.89
POI0001709,PO000109,SKU0002142,44,23,1340.6,58986.4
POI0001710,PO000110,SKU0001413,260,260,319.93,83181.8
POI0001711,PO000111,SKU0000635,38,38,792.37,30110.06
POI0001712,PO000112,SKU0001397,342,342,414.19,141652.98
POI0001713,PO000113,SKU0000737,99,99,1210.66,119855.34
POI0001714,PO000114,SKU0001836,269,0,1627.28,437738.32
POI0001715,PO000115,SKU0001768,207,207,1433.04,296639.28
POI0001716,PO000116,SKU0001784,58,58,1387.25,80460.5
POI0001717,PO000117,SKU0001590,292,292,280.61,81938.12
POI0001718,PO000118,SKU0000169,63,0,1067.85,67274.55
POI0001719,PO000119,SKU0002789,431,431,2301.66,992015.46
POI0001720,PO000120,SKU0002416,357,357,42.46,15158.22
POI0001721,PO000121,SKU0001609,238,0,1123.14,267307.32
POI0001722,PO000122,SKU0000084,126,126,86.51,10900.26
POI0001723,PO000123,SKU0001130,338,0,257.37,86991.06
POI0001724,PO000124,SKU0000790,470,470,2428.84,1141554.8
POI0001725,PO000125,SKU0000090,89,89,536.7,47766.3
POI0001726,PO000126,SKU0000827,110,110,1059.23,116515.3
POI0001727,PO000127,SKU0000726,317,54,356.5,113010.5
POI0001728,PO000128,SKU0000396,102,17,483.34,49300.68
POI0001729,PO000129,SKU0001307,159,0,1053.5,167506.5
POI0001730,PO000130,SKU0002168,100,100,953.73,95373.0
POI0001731,PO000131,SKU0000076,222,222,2197.43,487829.46
POI0001732,PO000132,SKU0001597,425,425,459.65,195351.25
POI0001733,PO000133,SKU0001014,23,23,680.61,15654.03
POI0001734,PO000134,SKU0000027,473,0,1573.69,744355.37
POI0001735,PO000135,SKU0002440,68,68,808.65,54988.2
POI0001736,PO000136,SKU0000420,33,33,2041.41,67366.53
POI0001737,PO000137,SKU0000397,178,178,1106.93,197033.54
POI0001738,PO000138,SKU0000256,170,170,466.75,79347.5
POI0001739,PO000139,SKU0000417,250,250,1088.88,272220.0
POI0001740,PO000140,SKU0001647,405,0,525.39,212782.95
POI0001741,PO000141,SKU0001731,364,364,1726.25,628355.0
POI0001742,PO000142,SKU0000891,255,255,258.06,65805.3
POI0001743,PO000143,SKU0000272,178,178,823.24,146536.72
POI0001744,PO000144,SKU0001655,263,0,107.08,28162.04
POI0001745,PO000145,SKU0001411,322,0,170.44,54881.68
POI0001746,PO000146,SKU0002049,309,0,327.61,101231.49
POI0001747,PO000147,SKU0002344,335,335,237.36,79515.6
POI0001748,PO000148,SKU0000579,494,494,967.48,477935.12
POI0001749,PO000149,SKU0001005,432,432,1537.42,664165.44
POI0001750,PO000150,SKU0001213,94,94,1521.8,143049.2
POI0001751,PO000151,SKU0002009,400,0,1610.92,644368.0
POI0001752,PO000152,SKU0002255,54,54,2079.06,112269.24
POI0001753,PO000153,SKU0002102,486,257,300.71,146145.06
POI0001754,PO000154,SKU0001719,165,0,867.73,143175.45
POI0001755,PO000155,SKU0001763,138,138,774.38,106864.44
POI0001756,PO000156,SKU0002918,342,342,584.61,199936.62
POI0001757,PO000157,SKU0000539,304,304,714.91,217332.64
POI0001758,PO000158,SKU0001790,72,0,140.47,10113.84
POI0001759,PO000159,SKU0002109,401,401,1767.67,708835.67
POI0001760,PO000160,SKU0000556,281,281,915.06,257131.86
POI0001761,PO000161,SKU0001761,390,390,330.62,128941.8
POI0001762,PO000162,SKU0002176,407,0,1684.65,685652.55
POI0001763,PO000163,SKU0000729,377,377,1010.54,380973.58
POI0001764,PO000164,SKU0000664,453,453,376.91,170740.23
POI0001765,PO000165,SKU0001981,358,358,2081.72,745255.76
POI0001766,PO000166,SKU0000640,429,429,83.06,35632.74
POI0001767,PO000167,SKU0002660,93,93,1026.01,95418.93
POI0001768,PO000168,SKU0001568,348,348,821.7,285951.6
POI0001769,PO000169,SKU0002858,360,360,48.68,17524.8
POI0001770,PO000170,SKU0000918,410,410,631.43,258886.3
POI0001771,PO000171,SKU0000243,269,188,1133.02,304782.38
POI0001772,PO000172,SKU0000376,34,34,1334.84,45384.56
POI0001773,PO000173,SKU0001311,56,56,541.95,30349.2
POI0001774,PO000174,SKU0002506,147,147,1193.32,175418.04
POI0001775,PO000175,SKU0001681,373,153,1815.2,677069.6
POI0001776,PO000176,SKU0000172,199,173,362.74,72185.26
POI0001777,PO000177,SKU0000597,62,0,1020.22,63253.64
POI0001778,PO000178,SKU0001274,20,20,1229.89,24597.8
POI0001779,PO000179,SKU0001038,330,330,1687.22,556782.6
POI0001780,PO000180,SKU0002202,66,66,1398.97,92332.02
POI0001781,PO000181,SKU0002283,122,0,2333.28,284660.16
POI0001782,PO000182,SKU0001913,268,268,1676.94,449419.92
POI0001783,PO000183,SKU0000468,339,0,2132.83,723029.37
POI0001784,PO000184,SKU0001183,314,314,1752.69,550344.66
POI0001785,PO000185,SKU0002379,467,467,1281.01,598231.67
POI0001786,PO000186,SKU0001828,41,41,322.2,13210.2
POI0001787,PO000187,SKU0002740,63,0,1148.44,72351.72
POI0001788,PO000188,SKU0001024,353,353,1345.43,474936.79
POI0001789,PO000189,SKU0002449,314,314,1478.24,464167.36
POI0001790,PO000190,SKU0000766,44,44,1615.45,71079.8
POI0001791,PO000191,SKU0001280,156,152,1246.9,194516.4
POI0001792,PO000192,SKU0000877,485,485,1585.18,768812.3
POI0001793,PO000193,SKU0001503,132,132,2361.19,311677.08
POI0001794,PO000194,SKU0002696,245,245,1667.07,408432.15
POI0001795,PO000195,SKU0001489,132,61,1348.4,177988.8
POI0001796,PO000196,SKU0000032,200,11,778.83,155766.0
POI0001797,PO000197,SKU0001525,169,114,1513.23,255735.87
POI0001798,PO000198,SKU0001905,462,91,1608.03,742909.86
POI0001799,PO000199,SKU0002095,488,0,666.94,325466.72
POI0001800,PO000200,SKU0001178,175,175,2490.65,435863.75
POI0001801,PO000201,SKU0000513,406,406,551.14,223762.84
POI0001802,PO000202,SKU0000763,61,61,1368.49,83477.89
POI0001803,PO000203,SKU0000734,239,52,1211.29,289498.31
POI0001804,PO000204,SKU0000533,457,457,1406.63,642829.91
POI0001805,PO000205,SKU0002448,316,316,310.87,98234.92
POI0001806,PO000206,SKU0002893,469,469,182.86,85761.34
POI0001807,PO000207,SKU0000038,426,426,2187.31,931794.06
POI0001808,PO000208,SKU0001346,252,0,1772.54,446680.08
POI0001809,PO000209,SKU0000443,341,341,213.15,72684.15
POI0001810,PO000210,SKU0002970,300,260,1018.94,305682.0
POI0001811,PO000211,SKU0001656,186,0,127.47,23709.42
POI0001812,PO000212,SKU0000776,211,211,1008.8,212856.8
POI0001813,PO000213,SKU0000720,403,403,2026.9,816840.7
POI0001814,PO000214,SKU0000337,329,329,15.14,4981.06
POI0001815,PO000215,SKU0002040,419,419,1934.31,810475.89
POI0001816,PO000216,SKU0000883,346,346,1409.23,487593.58
POI0001817,PO000217,SKU0002659,359,0,851.94,305846.46
POI0001818,PO000218,SKU0002490,171,171,1323.95,226395.45
POI0001819,PO000219,SKU0001795,26,26,598.57,15562.82
POI0001820,PO000220,SKU0002331,379,379,1134.05,429804.95
POI0001821,PO000221,SKU0002020,305,305,1522.75,464438.75
POI0001822,PO000222,SKU0001902,406,406,394.95,160349.7
POI0001823,PO000223,SKU0002196,261,261,1652.22,431229.42
POI0001824,PO000224,SKU0001706,189,189,1899.45,358996.05
POI0001825,PO000225,SKU0000692,390,390,1772.98,691462.2
POI0001826,PO000226,SKU0001016,399,0,1163.03,464048.97
POI0001827,PO000227,SKU0001273,58,58,816.84,47376.72
POI0001828,PO000228,SKU0000144,447,447,1428.23,638418.81
POI0001829,PO000229,SKU0000363,334,334,490.32,163766.88
POI0001830,PO000230,SKU0000518,393,393,929.81,365415.33
POI0001831,PO000231,SKU0002466,258,258,43.79,11297.82
POI0001832,PO000232,SKU0000368,231,231,1851.21,427629.51
POI0001833,PO000233,SKU0002029,91,91,746.78,67956.98
POI0001834,PO000234,SKU0002966,45,45,2383.85,107273.25
POI0001835,PO000235,SKU0002578,80,15,1349.57,107965.6
POI0001836,PO000236,SKU0001942,184,184,208.21,38310.64
POI0001837,PO000237,SKU0000025,125,125,1120.89,140111.25
POI0001838,PO000238,SKU0000601,340,340,385.89,131202.6
POI0001839,PO000239,SKU0001642,376,376,1981.19,744927.44
POI0001840,PO000240,SKU0001143,444,444,1033.7,458962.8
POI0001841,PO000241,SKU0000992,228,228,1539.28,350955.84
POI0001842,PO000242,SKU0002937,114,114,926.81,105656.34
POI0001843,PO000243,SKU0001780,248,248,156.68,38856.64
POI0001844,PO000244,SKU0000637,217,0,1288.71,279650.07
POI0001845,PO000245,SKU0002610,425,0,496.54,211029.5
POI0001846,PO000246,SKU0002831,167,167,1686.23,281600.41
POI0001847,PO000247,SKU0000874,178,178,664.2,118227.6
POI0001848,PO000248,SKU0001587,413,413,1364.1,563373.3
POI0001849,PO000249,SKU0001163,364,364,1750.88,637320.32
POI0001850,PO000250,SKU0001645,263,0,712.12,187287.56
POI0001851,PO000251,SKU0001970,164,164,880.88,144464.32
POI0001852,PO000252,SKU0000591,76,76,2121.69,161248.44
POI0001853,PO000253,SKU0001425,304,304,443.25,134748.0
POI0001854,PO000254,SKU0002847,223,223,1648.3,367570.9
POI0001855,PO000255,SKU0002019,311,311,1408.38,438006.18
POI0001856,PO000256,SKU0001916,296,296,1103.62,326671.52
POI0001857,PO000257,SKU0002668,52,52,430.8,22401.6
POI0001858,PO000258,SKU0002339,205,205,1150.4,235832.0
POI0001859,PO000259,SKU0002003,174,174,1806.82,314386.68
POI0001860,PO000260,SKU0002773,400,400,303.28,121312.0
POI0001861,PO000261,SKU0000249,421,0,1373.45,578222.45
POI0001862,PO000262,SKU0001952,353,0,1092.41,385620.73
POI0001863,PO000263,SKU0002285,61,0,1743.57,106357.77
POI0001864,PO000264,SKU0000728,28,28,1855.6,51956.8
POI0001865,PO000265,SKU0001505,430,430,661.34,284376.2
POI0001866,PO000266,SKU0001179,205,205,407.56,83549.8
POI0001867,PO000267,SKU0001330,109,109,186.47,20325.23
POI0001868,PO000268,SKU0002980,167,0,1290.36,215490.12
POI0001869,PO000269,SKU0001408,118,118,1545.89,182415.02
POI0001870,PO000270,SKU0000822,107,0,1232.73,131902.11
POI0001871,PO000271,SKU0000136,44,44,503.58,22157.52
POI0001872,PO000272,SKU0002695,147,109,2167.94,318687.18
POI0001873,PO000273,SKU0001056,243,243,1080.66,262600.38
POI0001874,PO000274,SKU0000423,90,90,1412.38,127114.2
POI0001875,PO000275,SKU0002192,30,30,1808.65,54259.5
POI0001876,PO000276,SKU0000506,320,0,50.84,16268.8
POI0001877,PO000277,SKU0002960,196,196,1986.65,389383.4
POI0001878,PO000278,SKU0001489,300,300,1243.01,372903.0
POI0001879,PO000279,SKU0002043,226,226,391.69,88521.94
POI0001880,PO000280,SKU0001707,479,479,822.79,394116.41
POI0001881,PO000281,SKU0000370,218,116,1867.7,407158.6
POI0001882,PO000282,SKU0002440,498,498,789.07,392956.86
POI0001883,PO000283,SKU0002377,94,94,699.83,65784.02
POI0001884,PO000284,SKU0001554,211,211,189.5,39984.5
POI0001885,PO000285,SKU0001059,224,224,1746.13,391133.12
POI0001886,PO000286,SKU0001709,157,157,1536.95,241301.15
POI0001887,PO000287,SKU0001124,142,0,589.14,83657.88
POI0001888,PO000288,SKU0000306,386,386,910.27,351364.22
POI0001889,PO000289,SKU0001143,299,299,999.32,298796.68
POI0001890,PO000290,SKU0002022,400,400,944.93,377972.0
POI0001891,PO000291,SKU0000820,473,0,950.98,449813.54
POI0001892,PO000292,SKU0000914,438,438,147.81,64740.78
POI0001893,PO000293,SKU0002676,192,60,1413.61,271413.12
POI0001894,PO000294,SKU0000081,28,28,1525.83,42723.24
POI0001895,PO000295,SKU0000818,473,473,1436.13,679289.49
POI0001896,PO000296,SKU0000186,451,451,140.58,63401.58
POI0001897,PO000297,SKU0001466,73,73,24.09,1758.57
POI0001898,PO000298,SKU0000978,20,20,1163.62,23272.4
POI0001899,PO000299,SKU0001618,143,143,469.3,67109.9
POI0001900,PO000300,SKU0000049,150,150,638.21,95731.5
POI0001901,PO000301,SKU0001441,189,189,45.9,8675.1
POI0001902,PO000302,SKU0002690,322,55,926.45,298316.9
POI0001903,PO000303,SKU0000344,370,370,907.29,335697.3
POI0001904,PO000304,SKU0000451,355,355,1549.32,550008.6
POI0001905,PO000305,SKU0001316,377,377,1387.07,522925.39
POI0001906,PO000306,SKU0000877,269,269,1701.31,457652.39
POI0001907,PO000307,SKU0000983,370,370,1152.19,426310.3
POI0001908,PO000308,SKU0001140,409,409,700.65,286565.85
POI0001909,PO000309,SKU0002141,96,96,1319.43,126665.28
POI0001910,PO000310,SKU0002251,267,267,248.48,66344.16
POI0001911,PO000311,SKU0001045,417,417,57.63,24031.71
POI0001912,PO000312,SKU0001387,139,139,556.94,77414.66
POI0001913,PO000313,SKU0002505,32,32,1387.53,44400.96
POI0001914,PO000314,SKU0000155,363,363,777.29,282156.27
POI0001915,PO000315,SKU0000344,379,379,891.76,337977.04
POI0001916,PO000316,SKU0002580,363,291,1108.19,402272.97
POI0001917,PO000317,SKU0001722,37,37,792.04,29305.48
POI0001918,PO000318,SKU0002940,324,324,1144.87,370937.88
POI0001919,PO000319,SKU0000820,79,0,1050.67,83002.93
POI0001920,PO000320,SKU0001946,33,4,787.63,25991.79
POI0001921,PO000321,SKU0002688,270,270,1016.55,274468.5
POI0001922,PO000322,SKU0000827,85,85,1093.01,92905.85
POI0001923,PO000323,SKU0001367,350,350,479.66,167881.0
POI0001924,PO000324,SKU0002627,26,26,1239.92,32237.92
POI0001925,PO000325,SKU0000013,127,127,178.71,22696.17
POI0001926,PO000326,SKU0001230,22,22,1880.7,41375.4
POI0001927,PO000327,SKU0001874,386,386,330.96,127750.56
POI0001928,PO000328,SKU0002990,324,324,321.25,104085.0
POI0001929,PO000329,SKU0000902,411,411,1916.68,787755.48
POI0001930,PO000330,SKU0001451,442,442,668.07,295286.94
POI0001931,PO000331,SKU0002953,394,0,628.82,247755.08
POI0001932,PO000332,SKU0000225,449,449,1003.47,450558.03
POI0001933,PO000333,SKU0002871,118,44,205.77,24280.86
POI0001934,PO000334,SKU0000221,111,0,327.45,36346.95
POI0001935,PO000335,SKU0001180,251,0,395.71,99323.21
POI0001936,PO000336,SKU0002886,41,41,1937.3,79429.3
POI0001937,PO000337,SKU0000461,150,150,422.95,63442.5
POI0001938,PO000338,SKU0001489,126,0,1335.62,168288.12
POI0001939,PO000339,SKU0002186,487,0,1411.53,687415.11
POI0001940,PO000340,SKU0001942,369,369,220.88,81504.72
POI0001941,PO000341,SKU0002634,232,232,562.13,130414.16
POI0001942,PO000342,SKU0001655,97,0,105.43,10226.71
POI0001943,PO000343,SKU0000766,29,29,1717.69,49813.01
POI0001944,PO000344,SKU0001348,187,0,689.81,128994.47
POI0001945,PO000345,SKU0001899,81,30,865.22,70082.82
POI0001946,PO000346,SKU0000462,465,465,398.62,185358.3
POI0001947,PO000347,SKU0000315,348,348,726.2,252717.6
POI0001948,PO000348,SKU0001955,335,93,757.15,253645.25
POI0001949,PO000349,SKU0002059,341,341,1338.32,456367.12
POI0001950,PO000350,SKU0001114,472,472,1513.06,714164.32
POI0001951,PO000351,SKU0000573,230,69,1542.12,354687.6
POI0001952,PO000352,SKU0001885,391,391,891.9,348732.9
POI0001953,PO000353,SKU0000278,45,0,792.95,35682.75
POI0001954,PO000354,SKU0000025,271,271,1140.73,309137.83
POI0001955,PO000355,SKU0000269,104,104,1277.39,132848.56
POI0001956,PO000356,SKU0000050,264,0,677.45,178846.8
POI0001957,PO000357,SKU0001428,480,480,936.11,449332.8
POI0001958,PO000358,SKU0002117,444,444,345.4,153357.6
POI0001959,PO000359,SKU0000497,152,152,2105.81,320083.12
POI0001960,PO000360,SKU0002180,385,99,2142.6,824901.0
POI0001961,PO000361,SKU0001311,85,85,572.98,48703.3
POI0001962,PO000362,SKU0000785,379,379,550.45,208620.55
POI0001963,PO000363,SKU0000068,142,142,1123.08,159477.36
POI0001964,PO000364,SKU0002606,390,390,1794.84,699987.6
POI0001965,PO000365,SKU0002225,354,354,1103.17,390522.18
POI0001966,PO000366,SKU0000834,344,344,1709.89,588202.16
POI0001967,PO000367,SKU0001539,32,32,81.22,2599.04
POI0001968,PO000368,SKU0001812,37,37,1983.05,73372.85
POI0001969,PO000369,SKU0000197,232,0,813.61,188757.52
POI0001970,PO000370,SKU0001197,389,389,944.52,367418.28
POI0001971,PO000371,SKU0000368,236,236,1866.49,440491.64
POI0001972,PO000372,SKU0002846,335,11,884.49,296304.15
POI0001973,PO000373,SKU0002024,425,127,276.34,117444.5
POI0001974,PO000374,SKU0001354,426,426,1443.85,615080.1
POI0001975,PO000375,SKU0000858,171,171,2234.15,382039.65
POI0001976,PO000376,SKU0000054,430,430,679.0,291970.0
POI0001977,PO000377,SKU0000752,462,462,1203.95,556224.9
POI0001978,PO000378,SKU0001529,63,0,185.06,11658.78
POI0001979,PO000379,SKU0000462,87,87,429.05,37327.35
POI0001980,PO000380,SKU0000646,225,225,1773.32,398997.0
POI0001981,PO000381,SKU0000049,38,0,621.61,23621.18
POI0001982,PO000382,SKU0000753,457,457,1021.15,466665.55
POI0001983,PO000383,SKU0001200,98,0,243.74,23886.52
POI0001984,PO000384,SKU0002462,467,467,178.11,83177.37
POI0001985,PO000385,SKU0000705,140,140,481.37,67391.8
POI0001986,PO000386,SKU0002073,158,158,154.6,24426.8
POI0001987,PO000387,SKU0000110,329,329,1183.36,389325.44
POI0001988,PO000388,SKU0001178,51,51,2330.5,118855.5
POI0001989,PO000389,SKU0002561,393,393,1309.99,514826.07
POI0001990,PO000390,SKU0000338,257,58,16.17,4155.69
POI0001991,PO000391,SKU0001242,24,24,1234.28,29622.72
POI0001992,PO000392,SKU0000210,476,476,25.34,12061.84
POI0001993,PO000393,SKU0000828,257,0,1000.05,257012.85
POI0001994,PO000394,SKU0002291,25,25,58.43,1460.75
POI0001995,PO000395,SKU0000509,223,223,1545.32,344606.36
POI0001996,PO000396,SKU0000360,128,6,619.33,79274.24
POI0001997,PO000397,SKU0000840,437,437,321.31,140412.47
POI0001998,PO000398,SKU0002353,370,370,451.22,166951.4
POI0001999,PO000399,SKU0001218,73,10,1589.41,116026.93
POI0002000,PO000400,SKU0000570,362,362,1729.34,626021.08
POI0002001,PO000401,SKU0002205,295,0,396.35,116923.25
POI0002002,PO000402,SKU0001417,421,421,645.67,271827.07
POI0002003,PO000403,SKU0001355,408,408,717.04,292552.32
POI0002004,PO000404,SKU0002650,318,318,1556.02,494814.36
POI0002005,PO000405,SKU0001362,317,317,959.44,304142.48
POI0002006,PO000406,SKU0001006,106,106,1559.05,165259.3
POI0002007,PO000407,SKU0001692,248,62,1085.45,269191.6
POI0002008,PO000408,SKU0000474,367,0,1476.32,541809.44
POI0002009,PO000409,SKU0002161,200,200,935.95,187190.0
POI0002010,PO000410,SKU0001375,114,114,1104.97,125966.58
POI0002011,PO000411,SKU0002491,477,0,1266.2,603977.4
POI0002012,PO000412,SKU0000148,340,340,108.49,36886.6
POI0002013,PO000413,SKU0000825,164,164,143.17,23479.88
POI0002014,PO000414,SKU0001675,182,182,736.99,134132.18
POI0002015,PO000415,SKU0000763,488,488,1385.51,676128.88
POI0002016,PO000416,SKU0000446,226,226,1391.55,314490.3
POI0002017,PO000417,SKU0001984,498,498,1254.73,624855.54
POI0002018,PO000418,SKU0000569,264,0,2111.27,557375.28
POI0002019,PO000419,SKU0001265,174,174,147.6,25682.4
POI0002020,PO000420,SKU0002937,144,144,1025.98,147741.12
POI0002021,PO000421,SKU0002690,104,104,902.34,93843.36
POI0002022,PO000422,SKU0001246,373,0,212.03,79087.19
POI0002023,PO000423,SKU0000888,183,183,301.42,55159.86
POI0002024,PO000424,SKU0002832,188,188,1572.71,295669.48
POI0002025,PO000425,SKU0001932,382,382,1370.82,523653.24
POI0002026,PO000426,SKU0002882,84,84,591.8,49711.2
POI0002027,PO000427,SKU0002030,265,0,1038.95,275321.75
POI0002028,PO000428,SKU0000844,314,314,936.99,294214.86
POI0002029,PO000429,SKU0000150,168,168,591.4,99355.2
POI0002030,PO000430,SKU0002983,458,43,174.03,79705.74
POI0002031,PO000431,SKU0000650,75,26,2030.59,152294.25
POI0002032,PO000432,SKU0000637,172,172,1388.78,238870.16
POI0002033,PO000433,SKU0001603,421,421,1325.06,557850.26
POI0002034,PO000434,SKU0000871,409,192,601.76,246119.84
POI0002035,PO000435,SKU0000829,457,457,1205.93,551110.01
POI0002036,PO000436,SKU0002260,336,336,82.96,27874.56
POI0002037,PO000437,SKU0002517,103,103,222.49,22916.47
POI0002038,PO000438,SKU0000908,177,177,1185.18,209776.86
POI0002039,PO000439,SKU0001656,391,391,141.31,55252.21
POI0002040,PO000440,SKU0000889,83,83,327.76,27204.08
POI0002041,PO000441,SKU0001958,292,292,287.02,83809.84
POI0002042,PO000442,SKU0001653,270,270,1001.68,270453.6
POI0002043,PO000443,SKU0002768,488,220,417.0,203496.0
POI0002044,PO000444,SKU0001838,474,474,1566.67,742601.58
POI0002045,PO000445,SKU0000762,448,448,1473.47,660114.56
POI0002046,PO000446,SKU0002024,263,263,299.21,78692.23
POI0002047,PO000447,SKU0000707,244,244,928.59,226575.96
POI0002048,PO000448,SKU0002282,102,102,629.03,64161.06
POI0002049,PO000449,SKU0001103,232,232,847.92,196717.44
POI0002050,PO000450,SKU0002808,129,0,1624.84,209604.36
POI0002051,PO000451,SKU0001066,390,390,808.13,315170.7
POI0002052,PO000452,SKU0002698,499,499,755.01,376749.99
POI0002053,PO000453,SKU0001374,102,102,669.28,68266.56
POI0002054,PO000454,SKU0002190,96,0,655.36,62914.56
POI0002055,PO000455,SKU0002111,419,0,448.18,187787.42
POI0002056,PO000456,SKU0002394,214,214,591.87,126660.18
POI0002057,PO000457,SKU0002116,140,140,1686.81,236153.4
POI0002058,PO000458,SKU0000502,328,0,1480.41,485574.48
POI0002059,PO000459,SKU0002169,285,285,164.84,46979.4
POI0002060,PO000460,SKU0001268,43,43,1097.25,47181.75
POI0002061,PO000461,SKU0000047,438,438,1154.52,505679.76
POI0002062,PO000462,SKU0002604,486,486,134.19,65216.34
POI0002063,PO000463,SKU0002717,392,392,1074.98,421392.16
POI0002064,PO000464,SKU0000629,151,61,403.75,60966.25
POI0002065,PO000465,SKU0002766,142,0,1027.83,145951.86
POI0002066,PO000466,SKU0002042,123,123,679.85,83621.55
POI0002067,PO000467,SKU0002207,126,126,696.69,87782.94
POI0002068,PO000468,SKU0000438,453,453,1713.24,776097.72
POI0002069,PO000469,SKU0002373,207,0,310.72,64319.04
POI0002070,PO000470,SKU0002220,259,259,603.5,156306.5
POI0002071,PO000471,SKU0000668,495,495,282.65,139911.75
POI0002072,PO000472,SKU0002413,137,137,997.58,136668.46
POI0002073,PO000473,SKU0002028,421,0,1228.68,517274.28
POI0002074,PO000474,SKU0002993,263,263,2571.41,676280.83
POI0002075,PO000475,SKU0000710,253,253,675.49,170898.97
POI0002076,PO000476,SKU0000843,76,76,945.16,71832.16
POI0002077,PO000477,SKU0001366,161,161,793.46,127747.06
POI0002078,PO000478,SKU0001068,40,40,91.53,3661.2
POI0002079,PO000479,SKU0000375,456,0,1634.76,745450.56
POI0002080,PO000480,SKU0002378,70,70,726.53,50857.1
POI0002081,PO000481,SKU0002929,231,154,985.52,227655.12
POI0002082,PO000482,SKU0002322,309,309,1748.11,540165.99
POI0002083,PO000483,SKU0000160,243,243,1792.43,435560.49
POI0002084,PO000484,SKU0000419,420,420,2062.13,866094.6
POI0002085,PO000485,SKU0000640,346,346,78.68,27223.28
POI0002086,PO000486,SKU0002645,163,0,1966.52,320542.76
POI0002087,PO000487,SKU0002584,371,52,1330.39,493574.69
POI0002088,PO000488,SKU0001774,197,197,841.93,165860.21
POI0002089,PO000489,SKU0002501,467,467,129.35,60406.45
POI0002090,PO000490,SKU0002317,391,259,1200.23,469289.93
POI0002091,PO000491,SKU0002481,254,254,929.5,236093.0
POI0002092,PO000492,SKU0000657,375,375,2386.54,894952.5
POI0002093,PO000493,SKU0002661,274,0,919.08,251827.92
POI0002094,PO000494,SKU0001315,163,163,834.35,135999.05
POI0002095,PO000495,SKU0001829,82,82,1064.07,87253.74
POI0002096,PO000496,SKU0001242,204,204,1235.67,252076.68
POI0002097,PO000497,SKU0000142,21,21,1783.22,37447.62
POI0002098,PO000498,SKU0001647,231,27,467.09,107897.79
POI0002099,PO000499,SKU0002644,116,0,612.35,71032.6
POI0002100,PO000500,SKU0002001,396,396,605.12,239627.52
POI0002101,PO000501,SKU0001393,308,308,982.84,302714.72
POI0002102,PO000502,SKU0000693,360,360,669.97,241189.2
POI0002103,PO000503,SKU0000231,72,72,2071.76,149166.72
POI0002104,PO000504,SKU0000970,81,81,527.77,42749.37
POI0002105,PO000505,SKU0001665,393,393,312.33,122745.69
POI0002106,PO000506,SKU0000397,33,33,1067.69,35233.77
POI0002107,PO000507,SKU0002444,418,232,418.38,174882.84
POI0002108,PO000508,SKU0001751,410,410,1574.43,645516.3
POI0002109,PO000509,SKU0000712,219,219,751.86,164657.34
POI0002110,PO000510,SKU0002556,439,439,143.2,62864.8
POI0002111,PO000511,SKU0001905,89,89,1618.49,144045.61
POI0002112,PO000512,SKU0000240,87,87,1310.94,114051.78
POI0002113,PO000513,SKU0002396,437,76,2079.36,908680.32
POI0002114,PO000514,SKU0000890,500,0,381.0,190500.0
POI0002115,PO000515,SKU0002972,483,483,616.1,297576.3
POI0002116,PO000516,SKU0000911,255,255,366.8,93534.0
POI0002117,PO000517,SKU0000381,201,201,83.73,16829.73
POI0002118,PO000518,SKU0000394,85,85,998.11,84839.35
POI0002119,PO000519,SKU0001435,226,226,1291.0,291766.0
POI0002120,PO000520,SKU0002365,463,463,1051.81,486988.03
POI0002121,PO000521,SKU0001741,51,51,1727.26,88090.26
POI0002122,PO000522,SKU0001054,294,294,605.76,178093.44
POI0002123,PO000523,SKU0001989,223,0,107.22,23910.06
POI0002124,PO000524,SKU0000700,413,413,1216.2,502290.6
POI0002125,PO000525,SKU0002566,117,117,1855.84,217133.28
POI0002126,PO000526,SKU0001223,487,487,1530.54,745372.98
POI0002127,PO000527,SKU0000302,336,336,2249.66,755885.76
POI0002128,PO000528,SKU0001070,140,140,920.05,128807.0
POI0002129,PO000529,SKU0000819,402,402,1088.6,437617.2
POI0002130,PO000530,SKU0002594,211,211,1700.36,358775.96
POI0002131,PO000531,SKU0002515,462,462,687.66,317698.92
POI0002132,PO000532,SKU0000111,129,129,748.56,96564.24
POI0002133,PO000533,SKU0002142,60,60,1276.59,76595.4
POI0002134,PO000534,SKU0002309,93,93,987.57,91844.01
POI0002135,PO000535,SKU0002474,23,0,937.32,21558.36
POI0002136,PO000536,SKU0002991,421,421,401.41,168993.61
POI0002137,PO000537,SKU0001480,197,0,18.94,3731.18
POI0002138,PO000538,SKU0000564,273,273,1823.25,497747.25
POI0002139,PO000539,SKU0002850,201,96,653.4,131333.4
POI0002140,PO000540,SKU0000444,115,115,329.87,37935.05
POI0002141,PO000541,SKU0002400,491,491,1094.32,537311.12
POI0002142,PO000542,SKU0000348,113,113,1489.3,168290.9
POI0002143,PO000543,SKU0001164,273,0,1746.6,476821.8
POI0002144,PO000544,SKU0001118,353,353,1309.83,462369.99
POI0002145,PO000545,SKU0001447,28,0,233.1,6526.8
POI0002146,PO000546,SKU0000830,61,61,1473.06,89856.66
POI0002147,PO000547,SKU0002547,361,361,1490.57,538095.77
POI0002148,PO000548,SKU0000688,244,20,1235.29,301410.76
POI0002149,PO000549,SKU0002678,139,139,288.5,40101.5
POI0002150,PO000550,SKU0000197,422,422,782.21,330092.62
POI0002151,PO000551,SKU0001122,205,205,986.38,202207.9
POI0002152,PO000552,SKU0002211,57,57,1413.83,80588.31
POI0002153,PO000553,SKU0001131,53,53,1039.15,55074.95
POI0002154,PO000554,SKU0002822,270,270,600.12,162032.4
POI0002155,PO000555,SKU0002773,104,104,278.57,28971.28
POI0002156,PO000556,SKU0001173,237,237,669.09,158574.33
POI0002157,PO000557,SKU0000519,286,286,434.25,124195.5
POI0002158,PO000558,SKU0000213,81,81,1263.24,102322.44
POI0002159,PO000559,SKU0002533,308,308,326.3,100500.4
POI0002160,PO000560,SKU0000983,285,84,1125.61,320798.85
POI0002161,PO000561,SKU0002215,38,38,2081.82,79109.16
POI0002162,PO000562,SKU0000226,367,367,1184.38,434667.46
POI0002163,PO000563,SKU0000068,112,112,1046.66,117225.92
POI0002164,PO000564,SKU0002059,357,0,1330.67,475049.19
POI0002165,PO000565,SKU0002880,293,293,585.65,171595.45
POI0002166,PO000566,SKU0000962,249,249,127.84,31832.16
POI0002167,PO000567,SKU0000381,336,336,85.65,28778.4
POI0002168,PO000568,SKU0000250,272,272,2278.84,619844.48
POI0002169,PO000569,SKU0001694,320,320,2147.53,687209.6
POI0002170,PO000570,SKU0000620,368,368,16.72,6152.96
POI0002171,PO000571,SKU0001834,195,195,224.16,43711.2
POI0002172,PO000572,SKU0000692,201,201,1738.15,349368.15
POI0002173,PO000573,SKU0002286,37,37,1658.14,61351.18
POI0002174,PO000574,SKU0001031,158,0,644.29,101797.82
POI0002175,PO000575,SKU0001110,351,351,546.78,191919.78
POI0002176,PO000576,SKU0001945,218,149,1009.54,220079.72
POI0002177,PO000577,SKU0000021,23,23,854.71,19658.33
POI0002178,PO000578,SKU0002295,260,260,513.6,133536.0
POI0002179,PO000579,SKU0001186,259,259,2006.41,519660.19
POI0002180,PO000580,SKU0000826,263,263,102.09,26849.67
POI0002181,PO000581,SKU0002956,269,269,388.66,104549.54
POI0002182,PO000582,SKU0002586,258,258,1596.31,411847.98
POI0002183,PO000583,SKU0000386,156,156,915.19,142769.64
POI0002184,PO000584,SKU0002289,111,111,113.97,12650.67
POI0002185,PO000585,SKU0001237,176,150,330.16,58108.16
POI0002186,PO000586,SKU0002558,38,38,369.61,14045.18
POI0002187,PO000587,SKU0001284,208,208,1836.88,382071.04
POI0002188,PO000588,SKU0001978,120,54,1131.62,135794.4
POI0002189,PO000589,SKU0001241,40,40,921.28,36851.2
POI0002190,PO000590,SKU0001167,340,340,1174.23,399238.2
POI0002191,PO000591,SKU0000656,205,205,1128.32,231305.6
POI0002192,PO000592,SKU0002166,67,67,624.85,41864.95
POI0002193,PO000593,SKU0002038,331,331,1465.84,485193.04
POI0002194,PO000594,SKU0002722,460,460,1513.1,696026.0
POI0002195,PO000595,SKU0000690,204,204,1737.8,354511.2
POI0002196,PO000596,SKU0000554,160,59,1176.6,188256.0
POI0002197,PO000597,SKU0000946,232,0,552.0,128064.0
POI0002198,PO000598,SKU0000803,427,427,797.47,340519.69
POI0002199,PO000599,SKU0001919,73,73,89.92,6564.16
POI0002200,PO000600,SKU0001418,270,270,584.75,157882.5
POI0002201,PO000601,SKU0002150,267,267,1662.38,443855.46
POI0002202,PO000602,SKU0000493,283,283,477.34,135087.22
POI0002203,PO000603,SKU0000791,70,0,2385.87,167010.9
POI0002204,PO000604,SKU0002144,484,484,215.67,104384.28
POI0002205,PO000605,SKU0000593,258,258,1993.86,514415.88
POI0002206,PO000606,SKU0001827,105,105,272.35,28596.75
POI0002207,PO000607,SKU0002177,128,128,692.77,88674.56
POI0002208,PO000608,SKU0001521,226,226,1206.62,272696.12
POI0002209,PO000609,SKU0002069,69,69,1645.4,113532.6
POI0002210,PO000610,SKU0002446,392,392,1540.85,604013.2
POI0002211,PO000611,SKU0000502,121,121,1388.61,168021.81
POI0002212,PO000612,SKU0001047,416,0,1523.28,633684.48
POI0002213,PO000613,SKU0000305,498,498,688.54,342892.92
POI0002214,PO000614,SKU0001805,203,0,1739.67,353153.01
POI0002215,PO000615,SKU0002566,278,278,1773.51,493035.78
POI0002216,PO000616,SKU0002282,464,0,643.04,298370.56
POI0002217,PO000617,SKU0001345,390,390,1300.67,507261.3
POI0002218,PO000618,SKU0002182,184,184,1108.11,203892.24
POI0002219,PO000619,SKU0001609,119,119,1132.97,134823.43
POI0002220,PO000620,SKU0000748,316,316,23.89,7549.24
POI0002221,PO000621,SKU0000287,306,306,1723.88,527507.28
POI0002222,PO000622,SKU0001559,94,94,1307.82,122935.08
POI0002223,PO000623,SKU0002402,200,200,1433.41,286682.0
POI0002224,PO000624,SKU0001030,185,185,1416.19,261995.15
POI0002225,PO000625,SKU0000068,238,238,1113.28,264960.64
POI0002226,PO000626,SKU0000248,269,16,549.88,147917.72
POI0002227,PO000627,SKU0001298,229,31,1374.7,314806.3
POI0002228,PO000628,SKU0001023,108,89,818.47,88394.76
POI0002229,PO000629,SKU0000150,99,99,624.47,61822.53
POI0002230,PO000630,SKU0002161,121,121,943.55,114169.55
POI0002231,PO000631,SKU0000921,271,271,281.55,76300.05
POI0002232,PO000632,SKU0000903,34,34,977.22,33225.48
POI0002233,PO000633,SKU0001099,495,495,905.77,448356.15
POI0002234,PO000634,SKU0000816,375,236,24.15,9056.25
POI0002235,PO000635,SKU0001541,164,164,97.47,15985.08
POI0002236,PO000636,SKU0002183,205,205,1110.98,227750.9
POI0002237,PO000637,SKU0001454,279,0,469.12,130884.48
POI0002238,PO000638,SKU0001211,326,326,878.32,286332.32
POI0002239,PO000639,SKU0002301,88,88,1657.69,145876.72
POI0002240,PO000640,SKU0001236,311,0,505.44,157191.84
POI0002241,PO000641,SKU0002916,240,240,345.7,82968.0
POI0002242,PO000642,SKU0001186,322,8,2164.08,696833.76
POI0002243,PO000643,SKU0000504,88,88,371.0,32648.0
POI0002244,PO000644,SKU0000469,43,43,391.41,16830.63
POI0002245,PO000645,SKU0001382,248,248,1334.78,331025.44
POI0002246,PO000646,SKU0002046,356,356,269.23,95845.88
POI0002247,PO000647,SKU0001070,218,218,927.44,202181.92
POI0002248,PO000648,SKU0002688,261,261,1045.5,272875.5
POI0002249,PO000649,SKU0001596,189,189,81.63,15428.07
POI0002250,PO000650,SKU0002156,279,279,1630.57,454929.03
POI0002251,PO000651,SKU0002717,440,440,1128.43,496509.2
POI0002252,PO000652,SKU0002301,201,201,1669.96,335661.96
POI0002253,PO000653,SKU0002825,192,0,1934.6,371443.2
POI0002254,PO000654,SKU0002294,55,13,1034.23,56882.65
POI0002255,PO000655,SKU0002953,376,82,612.9,230450.4
POI0002256,PO000656,SKU0000803,193,193,770.31,148669.83
POI0002257,PO000657,SKU0001461,127,127,1947.12,247284.24
POI0002258,PO000658,SKU0001237,413,0,323.72,133696.36
POI0002259,PO000659,SKU0000339,294,0,682.26,200584.44
POI0002260,PO000660,SKU0001881,416,416,1774.51,738196.16
POI0002261,PO000661,SKU0001177,98,0,1841.86,180502.28
POI0002262,PO000662,SKU0001635,32,32,1872.31,59913.92
POI0002263,PO000663,SKU0002456,106,106,628.62,66633.72
POI0002264,PO000664,SKU0000117,79,79,675.77,53385.83
POI0002265,PO000665,SKU0001902,20,17,399.12,7982.4
POI0002266,PO000666,SKU0000532,131,131,220.26,28854.06
POI0002267,PO000667,SKU0001661,386,386,234.88,90663.68
POI0002268,PO000668,SKU0002519,309,309,1036.67,320331.03
POI0002269,PO000669,SKU0001248,115,115,366.1,42101.5
POI0002270,PO000670,SKU0001623,167,0,1191.57,198992.19
POI0002271,PO000671,SKU0000035,431,431,1506.27,649202.37
POI0002272,PO000672,SKU0000614,183,183,1471.1,269211.3
POI0002273,PO000673,SKU0000191,443,443,702.33,311132.19
POI0002274,PO000674,SKU0002547,267,0,1652.93,441332.31
POI0002275,PO000675,SKU0001906,191,191,1471.83,281119.53
POI0002276,PO000676,SKU0001782,71,71,14.63,1038.73
POI0002277,PO000677,SKU0000687,279,232,955.58,266606.82
POI0002278,PO000678,SKU0001877,135,37,45.17,6097.95
POI0002279,PO000679,SKU0002124,60,60,516.36,30981.6
POI0002280,PO000680,SKU0001676,111,102,732.06,81258.66
POI0002281,PO000681,SKU0001664,471,471,1892.66,891442.86
POI0002282,PO000682,SKU0000182,235,235,1212.36,284904.6
POI0002283,PO000683,SKU0002068,384,384,941.13,361393.92
POI0002284,PO000684,SKU0000206,99,0,1413.57,139943.43
POI0002285,PO000685,SKU0001246,353,353,207.81,73356.93
POI0002286,PO000686,SKU0000615,89,64,1943.95,173011.55
POI0002287,PO000687,SKU0002268,331,331,1250.91,414051.21
POI0002288,PO000688,SKU0002034,156,156,718.09,112022.04
POI0002289,PO000689,SKU0000630,435,435,360.0,156600.0
POI0002290,PO000690,SKU0000302,229,225,2353.6,538974.4
POI0002291,PO000691,SKU0001565,349,0,1493.75,521318.75
POI0002292,PO000692,SKU0001140,305,305,709.79,216485.95
POI0002293,PO000693,SKU0001261,444,444,466.67,207201.48
POI0002294,PO000694,SKU0000554,295,295,1136.75,335341.25
POI0002295,PO000695,SKU0001336,482,482,1681.15,810314.3
POI0002296,PO000696,SKU0001664,411,411,2024.27,831974.97
POI0002297,PO000697,SKU0002931,20,20,531.01,10620.2
POI0002298,PO000698,SKU0002962,365,365,1813.25,661836.25
POI0002299,PO000699,SKU0000054,200,200,649.78,129956.0
POI0002300,PO000700,SKU0002965,68,68,2046.1,139134.8
POI0002301,PO000701,SKU0001902,402,0,393.21,158070.42
POI0002302,PO000702,SKU0000421,39,39,617.78,24093.42
POI0002303,PO000703,SKU0000997,445,445,453.39,201758.55
POI0002304,PO000704,SKU0000028,289,289,2028.2,586149.8
POI0002305,PO000705,SKU0000428,57,57,8.25,470.25
POI0002306,PO000706,SKU0000442,176,176,191.16,33644.16
POI0002307,PO000707,SKU0002973,431,431,438.56,189019.36
POI0002308,PO000708,SKU0002151,458,458,232.68,106567.44
POI0002309,PO000709,SKU0002659,156,156,844.58,131754.48
POI0002310,PO000710,SKU0001819,54,54,730.02,39421.08
POI0002311,PO000711,SKU0000846,268,0,415.96,111477.28
POI0002312,PO000712,SKU0000126,157,30,610.9,95911.3
POI0002313,PO000713,SKU0001100,123,123,974.48,119861.04
POI0002314,PO000714,SKU0002279,227,227,1226.0,278302.0
POI0002315,PO000715,SKU0001117,344,344,918.28,315888.32
POI0002316,PO000716,SKU0000771,418,418,1777.09,742823.62
POI0002317,PO000717,SKU0001739,303,303,1590.16,481818.48
POI0002318,PO000718,SKU0002743,155,105,1157.55,179420.25
POI0002319,PO000719,SKU0002915,58,58,325.94,18904.52
POI0002320,PO000720,SKU0001430,206,206,903.62,186145.72
POI0002321,PO000721,SKU0000682,462,462,198.92,91901.04
POI0002322,PO000722,SKU0000412,457,45,1367.82,625093.74
POI0002323,PO000723,SKU0000085,493,493,1505.04,741984.72
POI0002324,PO000724,SKU0002557,457,457,431.58,197232.06
POI0002325,PO000725,SKU0002642,314,314,1737.2,545480.8
POI0002326,PO000726,SKU0002066,260,260,2013.75,523575.0
POI0002327,PO000727,SKU0000768,39,39,121.89,4753.71
POI0002328,PO000728,SKU0001253,292,254,873.36,255021.12
POI0002329,PO000729,SKU0001084,473,0,80.92,38275.16
POI0002330,PO000730,SKU0002512,218,218,1054.59,229900.62
POI0002331,PO000731,SKU0002933,133,133,1741.76,231654.08
POI0002332,PO000732,SKU0001003,392,112,1518.6,595291.2
POI0002333,PO000733,SKU0001973,27,0,1209.24,32649.48
POI0002334,PO000734,SKU0000136,401,401,503.56,201927.56
POI0002335,PO000735,SKU0000735,98,98,782.45,76680.1
POI0002336,PO000736,SKU0000922,192,192,178.81,34331.52
POI0002337,PO000737,SKU0001103,116,0,868.41,100735.56
POI0002338,PO000738,SKU0000124,254,254,1550.71,393880.34
POI0002339,PO000739,SKU0002949,260,260,2299.85,597961.0
POI0002340,PO000740,SKU0001501,445,445,1920.01,854404.45
POI0002341,PO000741,SKU0000229,207,207,1628.49,337097.43
POI0002342,PO000742,SKU0000192,124,47,491.29,60919.96
POI0002343,PO000743,SKU0001383,292,292,202.88,59240.96
POI0002344,PO000744,SKU0001108,365,205,2067.93,754794.45
POI0002345,PO000745,SKU0000205,346,346,1034.32,357874.72
POI0002346,PO000746,SKU0002611,193,193,867.95,167514.35
POI0002347,PO000747,SKU0000318,120,120,636.44,76372.8
POI0002348,PO000748,SKU0000062,193,193,1887.15,364219.95
POI0002349,PO000749,SKU0001413,304,0,311.42,94671.68
POI0002350,PO000750,SKU0000430,241,241,1715.25,413375.25
POI0002351,PO000751,SKU0002737,282,182,212.76,59998.32
POI0002352,PO000752,SKU0002004,262,262,1793.66,469938.92
POI0002353,PO000753,SKU0000336,139,139,547.88,76155.32
POI0002354,PO000754,SKU0002305,73,0,372.71,27207.83
POI0002355,PO000755,SKU0001472,307,307,1558.56,478477.92
POI0002356,PO000756,SKU0001987,331,331,39.98,13233.38
POI0002357,PO000757,SKU0000619,318,188,15.6,4960.8
POI0002358,PO000758,SKU0002759,340,0,2109.6,717264.0
POI0002359,PO000759,SKU0000779,158,0,1654.91,261475.78
POI0002360,PO000760,SKU0002103,82,0,19.89,1630.98
POI0002361,PO000761,SKU0000470,368,27,362.49,133396.32
POI0002362,PO000762,SKU0001867,461,461,1471.06,678158.66
POI0002363,PO000763,SKU0001804,164,75,1148.71,188388.44
POI0002364,PO000764,SKU0001848,495,495,1341.75,664166.25
POI0002365,PO000765,SKU0001191,39,39,103.51,4036.89
POI0002366,PO000766,SKU0001842,262,262,1281.31,335703.22
POI0002367,PO000767,SKU0001562,249,249,89.58,22305.42
POI0002368,PO000768,SKU0001681,280,280,1636.62,458253.6
POI0002369,PO000769,SKU0001381,258,62,1244.47,321073.26
POI0002370,PO000770,SKU0000067,384,0,1223.25,469728.0
POI0002371,PO000771,SKU0002022,152,152,895.22,136073.44
POI0002372,PO000772,SKU0000742,396,396,816.34,323270.64
POI0002373,PO000773,SKU0001619,271,271,2010.58,544867.18
POI0002374,PO000774,SKU0000432,383,383,1477.87,566024.21
POI0002375,PO000775,SKU0001878,306,306,48.53,14850.18
POI0002376,PO000776,SKU0000829,87,87,1290.63,112284.81
POI0002377,PO000777,SKU0000189,263,263,1087.33,285967.79
POI0002378,PO000778,SKU0001514,66,66,313.82,20712.12
POI0002379,PO000779,SKU0001094,232,232,1256.34,291470.88
POI0002380,PO000780,SKU0000206,427,427,1320.61,563900.47
POI0002381,PO000781,SKU0002356,310,310,1209.36,374901.6
POI0002382,PO000782,SKU0001716,350,0,914.03,319910.5
POI0002383,PO000783,SKU0001452,421,421,588.69,247838.49
POI0002384,PO000784,SKU0000989,344,344,688.3,236775.2
POI0002385,PO000785,SKU0000589,348,348,2035.58,708381.84
POI0002386,PO000786,SKU0002552,226,226,1196.44,270395.44
POI0002387,PO000787,SKU0001783,181,181,1623.48,293849.88
POI0002388,PO000788,SKU0001296,486,486,1310.18,636747.48
POI0002389,PO000789,SKU0001429,335,335,951.58,318779.3
POI0002390,PO000790,SKU0000347,102,102,1281.43,130705.86
POI0002391,PO000791,SKU0000028,105,105,2025.22,212648.1
POI0002392,PO000792,SKU0000033,36,36,773.44,27843.84
POI0002393,PO000793,SKU0002594,215,215,1644.78,353627.7
POI0002394,PO000794,SKU0000558,263,263,729.19,191776.97
POI0002395,PO000795,SKU0002055,148,148,816.4,120827.2
POI0002396,PO000796,SKU0001068,403,403,92.48,37269.44
POI0002397,PO000797,SKU0000297,306,306,474.38,145160.28
POI0002398,PO000798,SKU0001560,28,28,1043.89,29228.92
POI0002399,PO000799,SKU0001431,105,105,496.87,52171.35
POI0002400,PO000800,SKU0001712,425,425,799.75,339893.75
POI0002401,PO000001,SKU0001506,328,328,710.16,232932.48
POI0002402,PO000002,SKU0000122,282,282,1667.39,470203.98
POI0002403,PO000003,SKU0001492,316,316,1010.22,319229.52
POI0002404,PO000004,SKU0002826,156,156,1441.01,224797.56
POI0002405,PO000005,SKU0002534,67,67,257.4,17245.8
POI0002406,PO000006,SKU0002002,376,376,551.84,207491.84
POI0002407,PO000007,SKU0002773,230,230,278.5,64055.0
POI0002408,PO000008,SKU0002305,397,397,380.39,151014.83
POI0002409,PO000009,SKU0002637,287,287,847.54,243243.98
POI0002410,PO000010,SKU0000661,402,261,2003.83,805539.66
POI0002411,PO000011,SKU0001573,228,228,314.5,71706.0
POI0002412,PO000012,SKU0000785,195,195,517.37,100887.15
POI0002413,PO000013,SKU0002593,127,127,1636.38,207820.26
POI0002414,PO000014,SKU0001671,63,0,1795.49,113115.87
POI0002415,PO000015,SKU0001886,412,412,613.09,252593.08
POI0002416,PO000016,SKU0002910,418,418,1974.35,825278.3
POI0002417,PO000017,SKU0001568,423,423,788.21,333412.83
POI0002418,PO000018,SKU0002690,129,129,909.53,117329.37
POI0002419,PO000019,SKU0000936,436,0,136.08,59330.88
POI0002420,PO000020,SKU0000531,113,113,244.67,27647.71
POI0002421,PO000021,SKU0000840,298,298,311.82,92922.36
POI0002422,PO000022,SKU0001611,143,0,1485.28,212395.04
POI0002423,PO000023,SKU0000420,22,22,2079.76,45754.72
POI0002424,PO000024,SKU0002613,470,0,606.14,284885.8
POI0002425,PO000025,SKU0000739,385,385,358.24,137922.4
POI0002426,PO000026,SKU0002159,39,0,1278.71,49869.69
POI0002427,PO000027,SKU0001244,300,300,349.65,104895.0
POI0002428,PO000028,SKU0002265,44,44,836.27,36795.88
POI0002429,PO000029,SKU0001445,426,0,723.73,308308.98
POI0002430,PO000030,SKU0001573,66,66,325.21,21463.86
POI0002431,PO000031,SKU0002090,312,0,671.21,209417.52
POI0002432,PO000032,SKU0001172,180,170,290.94,52369.2
POI0002433,PO000033,SKU0000444,77,77,326.86,25168.22
POI0002434,PO000034,SKU0000569,272,0,2014.45,547930.4
POI0002435,PO000035,SKU0001825,454,454,635.84,288671.36
POI0002436,PO000036,SKU0002704,41,41,217.5,8917.5
POI0002437,PO000037,SKU0000832,398,0,832.98,331526.04
POI0002438,PO000038,SKU0000632,96,96,997.86,95794.56
POI0002439,PO000039,SKU0001951,200,200,1643.43,328686.0
POI0002440,PO000040,SKU0002454,175,0,76.37,13364.75
POI0002441,PO000041,SKU0001368,292,0,324.15,94651.8
POI0002442,PO000042,SKU0002521,475,0,1418.7,673882.5
POI0002443,PO000043,SKU0001420,290,0,1398.17,405469.3
POI0002444,PO000044,SKU0000939,53,48,2382.51,126273.03
POI0002445,PO000045,SKU0000441,491,491,194.29,95396.39
POI0002446,PO000046,SKU0002691,393,393,558.92,219655.56
POI0002447,PO000047,SKU0002226,120,120,1389.03,166683.6
POI0002448,PO000048,SKU0002933,365,365,1776.12,648283.8
POI0002449,PO000049,SKU0002004,50,50,1701.07,85053.5
POI0002450,PO000050,SKU0000918,274,274,649.02,177831.48
POI0002451,PO000051,SKU0002495,488,488,1474.93,719765.84
POI0002452,PO000052,SKU0002497,45,45,1346.58,60596.1
POI0002453,PO000053,SKU0000430,312,312,1754.83,547506.96
POI0002454,PO000054,SKU0001595,249,249,76.86,19138.14
POI0002455,PO000055,SKU0000651,65,65,1309.69,85129.85
POI0002456,PO000056,SKU0002636,454,454,1034.48,469653.92
POI0002457,PO000057,SKU0002389,241,241,604.03,145571.23
POI0002458,PO000058,SKU0002838,455,455,2392.49,1088582.95
POI0002459,PO000059,SKU0002462,267,267,178.68,47707.56
POI0002460,PO000060,SKU0002437,255,255,563.21,143618.55
POI0002461,PO000061,SKU0000273,160,160,1000.33,160052.8
POI0002462,PO000062,SKU0002784,476,476,840.45,400054.2
POI0002463,PO000063,SKU0002961,54,54,1531.48,82699.92
POI0002464,PO000064,SKU0002044,231,231,455.36,105188.16
POI0002465,PO000065,SKU0000963,286,286,207.45,59330.7
POI0002466,PO000066,SKU0001840,194,194,613.1,118941.4
POI0002467,PO000067,SKU0001191,32,32,110.1,3523.2
POI0002468,PO000068,SKU0000747,395,395,27.71,10945.45
POI0002469,PO000069,SKU0002120,207,207,1011.43,209366.01
POI0002470,PO000070,SKU0000466,290,290,1739.4,504426.0
POI0002471,PO000071,SKU0001875,67,67,665.16,44565.72
POI0002472,PO000072,SKU0001418,65,0,628.44,40848.6
POI0002473,PO000073,SKU0001442,278,278,54.75,15220.5
POI0002474,PO000074,SKU0002302,162,162,1589.65,257523.3
POI0002475,PO000075,SKU0002465,134,134,72.53,9719.02
POI0002476,PO000076,SKU0000211,324,324,1631.75,528687.0
POI0002477,PO000077,SKU0001558,496,496,1087.91,539603.36
POI0002478,PO000078,SKU0001154,284,284,1268.37,360217.08
POI0002479,PO000079,SKU0002717,54,54,1148.21,62003.34
POI0002480,PO000080,SKU0002241,188,188,1043.73,196221.24
POI0002481,PO000081,SKU0002612,226,226,797.6,180257.6
POI0002482,PO000082,SKU0000672,463,0,569.27,263572.01
POI0002483,PO000083,SKU0000838,132,132,427.15,56383.8
POI0002484,PO000084,SKU0001812,248,0,2069.22,513166.56
POI0002485,PO000085,SKU0001556,152,152,34.86,5298.72
POI0002486,PO000086,SKU0001624,333,333,1218.17,405650.61
POI0002487,PO000087,SKU0000173,50,50,1644.01,82200.5
POI0002488,PO000088,SKU0002149,32,32,1201.31,38441.92
POI0002489,PO000089,SKU0000925,398,398,338.71,134806.58
POI0002490,PO000090,SKU0001961,134,134,872.66,116936.44
POI0002491,PO000091,SKU0000430,89,0,1640.52,146006.28
POI0002492,PO000092,SKU0001438,423,0,1305.18,552091.14
POI0002493,PO000093,SKU0002323,379,379,923.51,350010.29
POI0002494,PO000094,SKU0001955,131,131,780.47,102241.57
POI0002495,PO000095,SKU0001607,438,438,1585.28,694352.64
POI0002496,PO000096,SKU0000078,493,493,246.74,121642.82
POI0002497,PO000097,SKU0001758,270,187,504.05,136093.5
POI0002498,PO000098,SKU0001890,483,483,429.0,207207.0
POI0002499,PO000099,SKU0001009,153,0,351.04,53709.12
POI0002500,PO000100,SKU0001378,395,395,1772.53,700149.35
POI0002501,PO000101,SKU0001946,374,374,838.06,313434.44
POI0002502,PO000102,SKU0002110,150,150,1768.48,265272.0
POI0002503,PO000103,SKU0001082,126,126,1605.76,202325.76
POI0002504,PO000104,SKU0002287,496,0,1555.34,771448.64
POI0002505,PO000105,SKU0002136,426,426,1280.17,545352.42
POI0002506,PO000106,SKU0001720,213,213,896.26,190903.38
POI0002507,PO000107,SKU0002063,401,401,700.58,280932.58
POI0002508,PO000108,SKU0001725,449,449,1070.9,480834.1
POI0002509,PO000109,SKU0002802,475,107,1692.45,803913.75
POI0002510,PO000110,SKU0002770,228,228,2059.41,469545.48
POI0002511,PO000111,SKU0001172,379,379,293.57,111263.03
POI0002512,PO000112,SKU0001583,315,315,109.71,34558.65
POI0002513,PO000113,SKU0002077,413,413,1776.87,733847.31
POI0002514,PO000114,SKU0002318,436,0,1669.28,727806.08
POI0002515,PO000115,SKU0000358,31,31,2253.71,69865.01
POI0002516,PO000116,SKU0000985,404,404,1315.61,531506.44
POI0002517,PO000117,SKU0002527,125,125,255.64,31955.0
POI0002518,PO000118,SKU0000926,370,0,327.46,121160.2
POI0002519,PO000119,SKU0002943,89,89,105.1,9353.9
POI0002520,PO000120,SKU0000878,90,90,1439.03,129512.7
POI0002521,PO000121,SKU0002396,123,0,2126.59,261570.57
POI0002522,PO000122,SKU0002388,249,249,1827.47,455040.03
POI0002523,PO000123,SKU0000625,124,0,1171.91,145316.84
POI0002524,PO000124,SKU0000109,383,80,1064.69,407776.27
POI0002525,PO000125,SKU0002079,92,92,1192.0,109664.0
POI0002526,PO000126,SKU0002071,327,327,432.22,141335.94
POI0002527,PO000127,SKU0001490,52,26,2177.92,113251.84
POI0002528,PO000128,SKU0000484,60,60,624.42,37465.2
POI0002529,PO000129,SKU0001147,458,0,2171.44,994519.52
POI0002530,PO000130,SKU0001052,193,193,852.58,164547.94
POI0002531,PO000131,SKU0001772,332,332,1936.72,642991.04
POI0002532,PO000132,SKU0001165,259,259,1891.38,489867.42
POI0002533,PO000133,SKU0001922,71,71,199.22,14144.62
POI0002534,PO000134,SKU0002915,161,0,308.85,49724.85
POI0002535,PO000135,SKU0002174,388,388,430.68,167103.84
POI0002536,PO000136,SKU0002582,499,499,449.79,224445.21
POI0002537,PO000137,SKU0001812,466,466,2056.22,958198.52
POI0002538,PO000138,SKU0000578,493,493,2315.03,1141309.79
POI0002539,PO000139,SKU0001005,407,407,1663.88,677199.16
POI0002540,PO000140,SKU0002630,477,0,264.13,125990.01
POI0002541,PO000141,SKU0002238,163,163,545.74,88955.62
POI0002542,PO000142,SKU0001101,262,262,1587.43,415906.66
POI0002543,PO000143,SKU0000607,126,126,1850.74,233193.24
POI0002544,PO000144,SKU0002097,423,0,1101.55,465955.65
POI0002545,PO000145,SKU0001309,449,0,1976.13,887282.37
POI0002546,PO000146,SKU0002575,97,0,1536.35,149025.95
POI0002547,PO000147,SKU0002272,347,347,689.27,239176.69
POI0002548,PO000148,SKU0002244,50,50,1286.32,64316.0
POI0002549,PO000149,SKU0001969,220,220,711.73,156580.6
POI0002550,PO000150,SKU0002602,205,205,788.46,161634.3
POI0002551,PO000151,SKU0001551,158,0,1578.06,249333.48
POI0002552,PO000152,SKU0000653,363,363,1240.17,450181.71
POI0002553,PO000153,SKU0000017,469,383,1738.11,815173.59
POI0002554,PO000154,SKU0000410,41,0,1180.44,48398.04
POI0002555,PO000155,SKU0002659,396,396,954.76,378084.96
POI0002556,PO000156,SKU0002067,323,323,1314.76,424667.48
POI0002557,PO000157,SKU0000662,404,404,1502.18,606880.72
POI0002558,PO000158,SKU0001953,386,0,1078.27,416212.22
POI0002559,PO000159,SKU0000190,435,435,905.0,393675.0
POI0002560,PO000160,SKU0001006,94,94,1597.49,150164.06
POI0002561,PO000161,SKU0002663,372,372,77.17,28707.24
POI0002562,PO000162,SKU0001326,164,0,22.45,3681.8
POI0002563,PO000163,SKU0001159,331,331,2321.77,768505.87
POI0002564,PO000164,SKU0000395,449,449,552.3,247982.7
POI0002565,PO000165,SKU0000663,78,78,399.02,31123.56
POI0002566,PO000166,SKU0000460,271,271,2138.97,579660.87
POI0002567,PO000167,SKU0000128,280,280,2000.68,560190.4
POI0002568,PO000168,SKU0000163,303,303,1208.5,366175.5
POI0002569,PO000169,SKU0001049,456,456,1496.94,682604.64
POI0002570,PO000170,SKU0000701,324,324,1728.65,560082.6
POI0002571,PO000171,SKU0001758,242,45,488.77,118282.34
POI0002572,PO000172,SKU0000329,134,134,1166.57,156320.38
POI0002573,PO000173,SKU0001002,272,272,874.27,237801.44
POI0002574,PO000174,SKU0002588,99,99,44.09,4364.91
POI0002575,PO000175,SKU0000934,363,268,589.6,214024.8
POI0002576,PO000176,SKU0000592,335,123,1450.22,485823.7
POI0002577,PO000177,SKU0002933,397,0,1659.69,658896.93
POI0002578,PO000178,SKU0001161,361,361,88.25,31858.25
POI0002579,PO000179,SKU0002650,104,104,1405.71,146193.84
POI0002580,PO000180,SKU0001732,253,253,1449.54,366733.62
POI0002581,PO000181,SKU0001748,155,0,305.75,47391.25
POI0002582,PO000182,SKU0002436,182,182,1250.43,227578.26
POI0002583,PO000183,SKU0002535,463,0,1586.94,734753.22
POI0002584,PO000184,SKU0002441,341,341,173.42,59136.22
POI0002585,PO000185,SKU0001569,228,228,766.3,174716.4
POI0002586,PO000186,SKU0001562,458,458,88.1,40349.8
POI0002587,PO000187,SKU0000844,27,0,840.01,22680.27
POI0002588,PO000188,SKU0000127,419,419,2036.64,853352.16
POI0002589,PO000189,SKU0000574,309,309,1267.77,391740.93
POI0002590,PO000190,SKU0001570,269,269,829.44,223119.36
POI0002591,PO000191,SKU0002967,349,60,1887.09,658594.41
POI0002592,PO000192,SKU0002405,386,386,1687.45,651355.7
POI0002593,PO000193,SKU0000678,60,60,1413.7,84822.0
POI0002594,PO000194,SKU0001851,224,224,850.16,190435.84
POI0002595,PO000195,SKU0000733,352,85,1175.91,413920.32
POI0002596,PO000196,SKU0002592,180,32,1110.11,199819.8
POI0002597,PO000197,SKU0002520,357,84,1294.52,462143.64
POI0002598,PO000198,SKU0002042,149,13,690.25,102847.25
POI0002599,PO000199,SKU0001224,344,0,2005.53,689902.32
POI0002600,PO000200,SKU0001062,500,500,988.12,494060.0
POI0002601,PO000201,SKU0002164,193,193,1401.56,270501.08
POI0002602,PO000202,SKU0001388,340,340,464.75,158015.0
POI0002603,PO000203,SKU0002385,317,29,903.37,286368.29
POI0002604,PO000204,SKU0000830,340,340,1436.07,488263.8
POI0002605,PO000205,SKU0000449,273,273,233.68,63794.64
POI0002606,PO000206,SKU0002373,147,147,297.17,43683.99
POI0002607,PO000207,SKU0002366,346,346,1351.01,467449.46
POI0002608,PO000208,SKU0000669,209,0,1887.5,394487.5
POI0002609,PO000209,SKU0002642,114,114,1869.86,213164.04
POI0002610,PO000210,SKU0001705,344,192,1482.44,509959.36
POI0002611,PO000211,SKU0001933,476,0,598.97,285109.72
POI0002612,PO000212,SKU0000542,20,20,503.81,10076.2
POI0002613,PO000213,SKU0000346,432,432,1967.62,850011.84
POI0002614,PO000214,SKU0000944,372,372,506.13,188280.36
POI0002615,PO000215,SKU0001535,334,334,408.13,136315.42
POI0002616,PO000216,SKU0002442,147,147,142.38,20929.86
POI0002617,PO000217,SKU0000881,341,0,847.02,288833.82
POI0002618,PO000218,SKU0001792,319,319,751.12,239607.28
POI0002619,PO000219,SKU0000317,41,41,539.24,22108.84
POI0002620,PO000220,SKU0001310,124,124,1619.39,200804.36
POI0002621,PO000221,SKU0001198,64,64,958.66,61354.24
POI0002622,PO000222,SKU0002666,171,171,793.81,135741.51
POI0002623,PO000223,SKU0000610,469,469,1752.19,821777.11
POI0002624,PO000224,SKU0001835,304,304,1288.17,391603.68
POI0002625,PO000225,SKU0001305,312,312,1705.19,532019.28
POI0002626,PO000226,SKU0000381,156,0,83.88,13085.28
POI0002627,PO000227,SKU0002395,477,477,1332.74,635716.98
POI0002628,PO000228,SKU0002260,402,402,82.16,33028.32
POI0002629,PO000229,SKU0000194,381,381,468.02,178315.62
POI0002630,PO000230,SKU0000875,215,215,68.02,14624.3
POI0002631,PO000231,SKU0001562,368,368,89.14,32803.52
POI0002632,PO000232,SKU0000807,150,150,609.8,91470.0
POI0002633,PO000233,SKU0002874,134,134,371.3,49754.2
POI0002634,PO000234,SKU0002538,250,250,1647.69,411922.5
POI0002635,PO000235,SKU0001766,244,206,300.37,73290.28
POI0002636,PO000236,SKU0001350,162,162,2057.55,333323.1
POI0002637,PO000237,SKU0000891,351,351,248.73,87304.23
POI0002638,PO000238,SKU0001002,247,247,817.02,201803.94
POI0002639,PO000239,SKU0001700,408,408,684.23,279165.84
POI0002640,PO000240,SKU0001298,158,158,1275.8,201576.4
POI0002641,PO000241,SKU0002504,473,473,1476.92,698583.16
POI0002642,PO000242,SKU0002487,92,92,755.91,69543.72
POI0002643,PO000243,SKU0000353,242,242,1110.12,268649.04
POI0002644,PO000244,SKU0002306,352,0,299.56,105445.12
POI0002645,PO000245,SKU0001027,156,0,1157.57,180580.92
POI0002646,PO000246,SKU0001046,497,497,46.4,23060.8
POI0002647,PO000247,SKU0001749,366,366,339.1,124110.6
POI0002648,PO000248,SKU0002068,377,377,862.08,325004.16
POI0002649,PO000249,SKU0002675,69,69,1399.37,96556.53
POI0002650,PO000250,SKU0001804,69,0,1280.64,88364.16
POI0002651,PO000251,SKU0002970,254,254,1004.82,255224.28
POI0002652,PO000252,SKU0001485,230,230,1523.41,350384.3
POI0002653,PO000253,SKU0001486,90,90,1434.33,129089.7
POI0002654,PO000254,SKU0000150,69,69,586.44,40464.36
POI0002655,PO000255,SKU0000600,90,90,1322.15,118993.5
POI0002656,PO000256,SKU0001174,184,184,612.89,112771.76
POI0002657,PO000257,SKU0001939,435,435,1456.55,633599.25
POI0002658,PO000258,SKU0000722,68,68,544.58,37031.44
POI0002659,PO000259,SKU0001351,124,124,258.36,32036.64
POI0002660,PO000260,SKU0002604,433,433,142.48,61693.84
POI0002661,PO000261,SKU0000767,471,0,115.8,54541.8
POI0002662,PO000262,SKU0000606,264,0,265.22,70018.08
POI0002663,PO000263,SKU0002597,289,0,1973.35,570298.15
POI0002664,PO000264,SKU0000583,417,417,1567.57,653676.69
POI0002665,PO000265,SKU0000039,192,192,1780.47,341850.24
POI0002666,PO000266,SKU0001219,205,205,220.26,45153.3
POI0002667,PO000267,SKU0001536,67,67,599.87,40191.29
POI0002668,PO000268,SKU0002032,44,0,1050.96,46242.24
POI0002669,PO000269,SKU0001930,271,271,910.55,246759.05
POI0002670,PO000270,SKU0001301,148,0,666.59,98655.32
POI0002671,PO000271,SKU0001366,256,256,706.62,180894.72
POI0002672,PO000272,SKU0001415,210,0,1174.85,246718.5
POI0002673,PO000273,SKU0001143,306,306,1052.95,322202.7
POI0002674,PO000274,SKU0000333,388,388,56.24,21821.12
POI0002675,PO000275,SKU0002388,417,417,1857.21,774456.57
POI0002676,PO000276,SKU0000867,251,0,175.99,44173.49
POI0002677,PO000277,SKU0000752,261,261,1299.94,339284.34
POI0002678,PO000278,SKU0001237,450,450,304.7,137115.0
POI0002679,PO000279,SKU0002440,171,171,767.48,131239.08
POI0002680,PO000280,SKU0001456,407,407,1811.4,737239.8
POI0002681,PO000281,SKU0000743,384,384,915.8,351667.2
POI0002682,PO000282,SKU0001889,313,313,400.87,125472.31
POI0002683,PO000283,SKU0002298,139,139,119.4,16596.6
POI0002684,PO000284,SKU0000729,324,324,1120.57,363064.68
POI0002685,PO000285,SKU0001783,141,141,1591.59,224414.19
POI0002686,PO000286,SKU0000442,328,328,210.11,68916.08
POI0002687,PO000287,SKU0001799,199,0,698.36,138973.64
POI0002688,PO000288,SKU0002476,163,163,1366.07,222669.41
POI0002689,PO000289,SKU0000236,350,350,1614.97,565239.5
POI0002690,PO000290,SKU0000370,499,499,1963.8,979936.2
POI0002691,PO000291,SKU0000554,311,0,1147.33,356819.63
POI0002692,PO000292,SKU0000648,72,72,921.73,66364.56
POI0002693,PO000293,SKU0002723,427,311,2610.42,1114649.34
POI0002694,PO000294,SKU0001850,474,474,1679.13,795907.62
POI0002695,PO000295,SKU0001483,278,278,1643.81,456979.18
POI0002696,PO000296,SKU0002136,270,270,1194.91,322625.7
POI0002697,PO000297,SKU0000584,154,154,1654.7,254823.8
POI0002698,PO000298,SKU0002905,156,156,1237.39,193032.84
POI0002699,PO000299,SKU0001873,317,317,256.18,81209.06
POI0002700,PO000300,SKU0001192,410,410,100.35,41143.5
POI0002701,PO000301,SKU0001558,321,321,1196.86,384192.06
POI0002702,PO000302,SKU0000436,299,0,1606.25,480268.75
POI0002703,PO000303,SKU0002461,300,300,143.14,42942.0
POI0002704,PO000304,SKU0000040,90,90,1503.75,135337.5
POI0002705,PO000305,SKU0001681,445,445,1613.27,717905.15
POI0002706,PO000306,SKU0001956,116,116,1001.35,116156.6
POI0002707,PO000307,SKU0000249,368,368,1227.68,451786.24
POI0002708,PO000308,SKU0002331,58,58,1057.51,61335.58
POI0002709,PO000309,SKU0001901,91,91,449.25,40881.75
POI0002710,PO000310,SKU0000881,422,422,892.61,376681.42
POI0002711,PO000311,SKU0002553,378,378,248.03,93755.34
POI0002712,PO000312,SKU0000448,313,313,1247.16,390361.08
POI0002713,PO000313,SKU0001867,233,233,1387.43,323271.19
POI0002714,PO000314,SKU0002979,310,310,1610.97,499400.7
POI0002715,PO000315,SKU0001771,27,27,2055.67,55503.09
POI0002716,PO000316,SKU0001570,38,10,848.29,32235.02
POI0002717,PO000317,SKU0002425,145,145,1320.97,191540.65
POI0002718,PO000318,SKU0001320,201,201,149.77,30103.77
POI0002719,PO000319,SKU0000148,62,0,106.9,6627.8
POI0002720,PO000320,SKU0002435,141,49,1450.62,204537.42
POI0002721,PO000321,SKU0002541,497,497,399.16,198382.52
POI0002722,PO000322,SKU0001324,402,402,1127.01,453058.02
POI0002723,PO000323,SKU0002675,474,474,1451.69,688101.06
POI0002724,PO000324,SKU0000719,265,265,2111.37,559513.05
POI0002725,PO000325,SKU0002652,244,244,1149.94,280585.36
POI0002726,PO000326,SKU0000897,129,129,1114.92,143824.68
POI0002727,PO000327,SKU0001542,433,433,94.18,40779.94
POI0002728,PO000328,SKU0000919,259,259,266.05,68906.95
POI0002729,PO000329,SKU0001913,464,464,1869.6,867494.4
POI0002730,PO000330,SKU0000063,39,39,1386.97,54091.83
POI0002731,PO000331,SKU0000103,391,0,1522.25,595199.75
POI0002732,PO000332,SKU0002513,42,42,1391.76,58453.92
POI0002733,PO000333,SKU0000866,359,244,49.78,17871.02
POI0002734,PO000334,SKU0001665,308,0,302.31,93111.48
POI0002735,PO000335,SKU0000178,60,0,1041.71,62502.6
POI0002736,PO000336,SKU0000665,306,306,1916.9,586571.4
POI0002737,PO000337,SKU0000270,61,61,1239.05,75582.05
POI0002738,PO000338,SKU0002332,198,0,1075.67,212982.66
POI0002739,PO000339,SKU0002385,136,0,878.65,119496.4
POI0002740,PO000340,SKU0000654,58,58,1153.48,66901.84
POI0002741,PO000341,SKU0001578,431,431,1761.45,759184.95
POI0002742,PO000342,SKU0001595,361,0,73.75,26623.75
POI0002743,PO000343,SKU0000099,138,138,1386.06,191276.28
POI0002744,PO000344,SKU0001744,412,0,1492.02,614712.24
POI0002745,PO000345,SKU0001628,197,178,1126.64,221948.08
POI0002746,PO000346,SKU0002223,356,356,783.32,278861.92
POI0002747,PO000347,SKU0002392,310,310,275.32,85349.2
POI0002748,PO000348,SKU0002108,277,78,296.76,82202.52
POI0002749,PO000349,SKU0002289,436,436,119.15,51949.4
POI0002750,PO000350,SKU0002175,72,72,2033.47,146409.84
POI0002751,PO000351,SKU0000567,76,0,1659.81,126145.56
POI0002752,PO000352,SKU0001350,479,479,1958.53,938135.87
POI0002753,PO000353,SKU0002367,142,0,1176.68,167088.56
POI0002754,PO000354,SKU0000213,335,335,1169.89,391913.15
POI0002755,PO000355,SKU0001453,396,396,459.45,181942.2
POI0002756,PO000356,SKU0002996,483,0,656.33,317007.39
POI0002757,PO000357,SKU0001365,319,319,1174.01,374509.19
POI0002758,PO000358,SKU0002427,472,472,642.51,303264.72
POI0002759,PO000359,SKU0001926,211,211,1195.22,252191.42
POI0002760,PO000360,SKU0001277,380,358,1870.9,710942.0
POI0002761,PO000361,SKU0000261,403,403,1065.08,429227.24
POI0002762,PO000362,SKU0000517,290,290,618.19,179275.1
POI0002763,PO000363,SKU0002058,158,158,676.23,106844.34
POI0002764,PO000364,SKU0000287,207,207,1664.82,344617.74
POI0002765,PO000365,SKU0001143,348,348,980.58,341241.84
POI0002766,PO000366,SKU0002338,194,194,922.57,178978.58
POI0002767,PO000367,SKU0000770,495,495,756.87,374650.65
POI0002768,PO000368,SKU0000498,461,461,2085.79,961549.19
POI0002769,PO000369,SKU0002519,376,0,1099.12,413269.12
POI0002770,PO000370,SKU0000657,96,96,2396.41,230055.36
POI0002771,PO000371,SKU0002772,206,206,2122.37,437208.22
POI0002772,PO000372,SKU0001813,336,143,54.01,18147.36
POI0002773,PO000373,SKU0002903,371,267,842.82,312686.22
POI0002774,PO000374,SKU0000210,312,312,25.89,8077.68
POI0002775,PO000375,SKU0002792,25,25,26.82,670.5
POI0002776,PO000376,SKU0002382,136,136,643.46,87510.56
POI0002777,PO000377,SKU0002767,360,360,591.8,213048.0
POI0002778,PO000378,SKU0001687,233,0,96.89,22575.37
POI0002779,PO000379,SKU0001279,309,309,1358.84,419881.56
POI0002780,PO000380,SKU0001078,393,393,1573.64,618440.52
POI0002781,PO000381,SKU0000455,37,0,397.98,14725.26
POI0002782,PO000382,SKU0002172,332,332,1021.63,339181.16
POI0002783,PO000383,SKU0001847,216,0,1037.97,224201.52
POI0002784,PO000384,SKU0002003,486,486,1792.73,871266.78
POI0002785,PO000385,SKU0001861,294,294,1511.05,444248.7
POI0002786,PO000386,SKU0002135,153,153,1495.98,228884.94
POI0002787,PO000387,SKU0002558,303,303,362.63,109876.89
POI0002788,PO000388,SKU0002424,438,438,736.63,322643.94
POI0002789,PO000389,SKU0002123,280,280,555.7,155596.0
POI0002790,PO000390,SKU0000684,100,91,2275.94,227594.0
POI0002791,PO000391,SKU0002640,78,78,1988.6,155110.8
POI0002792,PO000392,SKU0002911,302,302,1368.57,413308.14
POI0002793,PO000393,SKU0001199,230,0,264.42,60816.6
POI0002794,PO000394,SKU0001853,337,337,58.39,19677.43
POI0002795,PO000395,SKU0001501,183,183,2026.25,370803.75
POI0002796,PO000396,SKU0000458,261,83,937.02,244562.22
POI0002797,PO000397,SKU0002242,264,264,1480.2,390772.8
POI0002798,PO000398,SKU0000127,256,256,1943.06,497423.36
POI0002799,PO000399,SKU0000273,211,198,1081.33,228160.63
POI0002800,PO000400,SKU0001222,496,496,10.69,5302.24
POI0002801,PO000401,SKU0002781,475,0,1818.73,863896.75
POI0002802,PO000402,SKU0000172,221,221,355.31,78523.51
POI0002803,PO000403,SKU0002028,256,256,1262.27,323141.12
POI0002804,PO000404,SKU0000395,208,208,570.01,118562.08
POI0002805,PO000405,SKU0001365,416,416,1294.3,538428.8
POI0002806,PO000406,SKU0000650,267,267,2017.3,538619.1
POI0002807,PO000407,SKU0000138,33,1,1535.1,50658.3
POI0002808,PO000408,SKU0000378,213,0,645.35,137459.55
POI0002809,PO000409,SKU0002049,138,138,346.88,47869.44
POI0002810,PO000410,SKU0000446,30,30,1423.23,42696.9
POI0002811,PO000411,SKU0002387,465,0,2040.62,948888.3
POI0002812,PO000412,SKU0000102,298,298,2254.03,671700.94
POI0002813,PO000413,SKU0002041,165,165,831.24,137154.6
POI0002814,PO000414,SKU0001600,145,145,80.8,11716.0
POI0002815,PO000415,SKU0000379,171,171,1325.87,226723.77
POI0002816,PO000416,SKU0001607,77,77,1725.94,132897.38
POI0002817,PO000417,SKU0002025,121,121,1376.4,166544.4
POI0002818,PO000418,SKU0002884,462,0,495.54,228939.48
POI0002819,PO000419,SKU0002976,456,456,354.81,161793.36
POI0002820,PO000420,SKU0000698,243,243,489.13,118858.59
POI0002821,PO000421,SKU0000154,494,494,1980.56,978396.64
POI0002822,PO000422,SKU0001101,497,0,1620.26,805269.22
POI0002823,PO000423,SKU0002477,277,277,1549.47,429203.19
POI0002824,PO000424,SKU0000466,46,46,1562.31,71866.26
POI0002825,PO000425,SKU0001803,381,381,1428.29,544178.49
POI0002826,PO000426,SKU0001983,295,295,2062.29,608375.55
POI0002827,PO000427,SKU0001242,139,0,1284.88,178598.32
POI0002828,PO000428,SKU0000186,346,346,154.17,53342.82
POI0002829,PO000429,SKU0000115,446,446,600.22,267698.12
POI0002830,PO000430,SKU0002066,227,123,1964.05,445839.35
POI0002831,PO000431,SKU0000147,371,133,110.28,40913.88
POI0002832,PO000432,SKU0002903,312,312,889.61,277558.32
POI0002833,PO000433,SKU0001543,38,38,1181.07,44880.66
POI0002834,PO000434,SKU0002538,221,184,1748.16,386343.36
POI0002835,PO000435,SKU0001369,230,230,853.22,196240.6
POI0002836,PO000436,SKU0002761,396,396,1542.24,610727.04
POI0002837,PO000437,SKU0001844,381,381,1029.39,392197.59
POI0002838,PO000438,SKU0001151,386,386,376.67,145394.62
POI0002839,PO000439,SKU0000262,136,136,991.68,134868.48
POI0002840,PO000440,SKU0001352,344,344,451.54,155329.76
POI0002841,PO000441,SKU0002808,106,106,1770.11,187631.66
POI0002842,PO000442,SKU0000919,427,427,261.96,111856.92
POI0002843,PO000443,SKU0000395,116,25,537.02,62294.32
POI0002844,PO000444,SKU0000313,403,403,1350.04,544066.12
POI0002845,PO000445,SKU0001774,489,489,873.81,427293.09
POI0002846,PO000446,SKU0000934,454,454,602.22,273407.88
POI0002847,PO000447,SKU0002774,204,204,430.49,87819.96
POI0002848,PO000448,SKU0001237,105,105,311.34,32690.7
POI0002849,PO000449,SKU0001223,137,137,1489.31,204035.47
POI0002850,PO000450,SKU0000585,180,0,2338.91,421003.8
POI0002851,PO000451,SKU0002781,102,102,1834.06,187074.12
POI0002852,PO000452,SKU0001293,215,215,256.67,55184.05
POI0002853,PO000453,SKU0000898,48,48,872.79,41893.92
POI0002854,PO000454,SKU0000832,450,0,919.67,413851.5
POI0002855,PO000455,SKU0002578,149,0,1356.74,202154.26
POI0002856,PO000456,SKU0002089,415,415,770.38,319707.7
POI0002857,PO000457,SKU0000688,396,396,1248.48,494398.08
POI0002858,PO000458,SKU0001354,38,0,1464.92,55666.96
POI0002859,PO000459,SKU0002367,231,231,1101.01,254333.31
POI0002860,PO000460,SKU0001596,220,220,84.62,18616.4
POI0002861,PO000461,SKU0002382,122,122,607.58,74124.76
POI0002862,PO000462,SKU0002957,156,156,1224.38,191003.28
POI0002863,PO000463,SKU0001185,365,365,1775.49,648053.85
POI0002864,PO000464,SKU0002001,409,270,611.49,250099.41
POI0002865,PO000465,SKU0001003,296,0,1558.15,461212.4
POI0002866,PO000466,SKU0000171,272,272,353.59,96176.48
POI0002867,PO000467,SKU0002620,137,137,439.61,60226.57
POI0002868,PO000468,SKU0001188,231,231,1157.41,267361.71
POI0002869,PO000469,SKU0002333,283,0,1081.19,305976.77
POI0002870,PO000470,SKU0002433,246,246,131.27,32292.42
POI0002871,PO000471,SKU0002678,461,461,298.9,137792.9
POI0002872,PO000472,SKU0001640,195,195,1743.44,339970.8
POI0002873,PO000473,SKU0000281,318,0,265.9,84556.2
POI0002874,PO000474,SKU0001357,459,459,1318.41,605150.19
POI0002875,PO000475,SKU0001505,28,28,632.11,17699.08
POI0002876,PO000476,SKU0001204,199,199,1905.08,379110.92
POI0002877,PO000477,SKU0001501,165,165,1842.5,304012.5
POI0002878,PO000478,SKU0002492,450,450,1339.44,602748.0
POI0002879,PO000479,SKU0000686,204,0,84.04,17144.16
POI0002880,PO000480,SKU0002377,409,409,716.61,293093.49
POI0002881,PO000481,SKU0000706,100,35,648.89,64889.0
POI0002882,PO000482,SKU0001552,117,117,1314.77,153828.09
POI0002883,PO000483,SKU0000874,148,148,633.9,93817.2
POI0002884,PO000484,SKU0000431,263,263,2162.68,568784.84
POI0002885,PO000485,SKU0000520,109,109,397.57,43335.13
POI0002886,PO000486,SKU0001258,381,0,619.3,235953.3
POI0002887,PO000487,SKU0002431,409,381,417.16,170618.44
POI0002888,PO000488,SKU0001175,430,430,29.41,12646.3
POI0002889,PO000489,SKU0001441,138,138,48.23,6655.74
POI0002890,PO000490,SKU0000605,114,74,332.22,37873.08
POI0002891,PO000491,SKU0002986,224,224,542.02,121412.48
POI0002892,PO000492,SKU0001655,473,473,105.25,49783.25
POI0002893,PO000493,SKU0002870,462,0,1307.82,604212.84
POI0002894,PO000494,SKU0001838,191,191,1497.3,285984.3
POI0002895,PO000495,SKU0001192,51,51,96.95,4944.45
POI0002896,PO000496,SKU0002915,242,242,318.77,77142.34
POI0002897,PO000497,SKU0000498,306,306,2200.18,673255.08
POI0002898,PO000498,SKU0002485,72,16,586.44,42223.68
POI0002899,PO000499,SKU0001211,430,0,922.03,396472.9
POI0002900,PO000500,SKU0001762,345,345,383.37,132262.65
POI0002901,PO000501,SKU0000537,302,302,1146.6,346273.2
POI0002902,PO000502,SKU0002222,139,139,1014.43,141005.77
POI0002903,PO000503,SKU0000478,221,221,928.07,205103.47
POI0002904,PO000504,SKU0000468,205,205,2107.61,432060.05
POI0002905,PO000505,SKU0000399,191,191,780.54,149083.14
POI0002906,PO000506,SKU0002819,214,214,1597.5,341865.0
POI0002907,PO000507,SKU0001280,432,346,1210.29,522845.28
POI0002908,PO000508,SKU0002082,185,185,347.63,64311.55
POI0002909,PO000509,SKU0002697,486,486,580.18,281967.48
POI0002910,PO000510,SKU0000309,220,220,1090.46,239901.2
POI0002911,PO000511,SKU0001598,216,216,584.06,126156.96
POI0002912,PO000512,SKU0002371,472,472,760.49,358951.28
POI0002913,PO000513,SKU0002721,323,319,1599.71,516706.33
POI0002914,PO000514,SKU0001128,341,0,1028.07,350571.87
POI0002915,PO000515,SKU0002715,104,104,1069.78,111257.12
POI0002916,PO000516,SKU0001480,494,494,19.21,9489.74
POI0002917,PO000517,SKU0002164,91,91,1277.85,116284.35
POI0002918,PO000518,SKU0002763,325,325,1298.86,422129.5
POI0002919,PO000519,SKU0000796,435,435,819.99,356695.65
POI0002920,PO000520,SKU0000007,498,498,616.9,307216.2
POI0002921,PO000521,SKU0001334,476,476,1734.16,825460.16
POI0002922,PO000522,SKU0000808,205,205,560.81,114966.05
POI0002923,PO000523,SKU0001813,132,0,54.45,7187.4
POI0002924,PO000524,SKU0002211,275,275,1331.95,366286.25
POI0002925,PO000525,SKU0002437,386,386,532.11,205394.46
POI0002926,PO000526,SKU0001705,462,462,1479.68,683612.16
POI0002927,PO000527,SKU0000539,71,71,701.55,49810.05
POI0002928,PO000528,SKU0002688,399,399,999.84,398936.16
POI0002929,PO000529,SKU0001730,140,140,2006.22,280870.8
POI0002930,PO000530,SKU0002096,239,239,843.59,201618.01
POI0002931,PO000531,SKU0000296,478,478,715.88,342190.64
POI0002932,PO000532,SKU0001307,211,211,1048.96,221330.56
POI0002933,PO000533,SKU0000943,496,496,558.08,276807.68
POI0002934,PO000534,SKU0001135,339,339,113.33,38418.87
POI0002935,PO000535,SKU0002970,316,0,1046.52,330700.32
POI0002936,PO000536,SKU0002604,40,40,128.67,5146.8
POI0002937,PO000537,SKU0000265,93,0,1505.54,140015.22
POI0002938,PO000538,SKU0001650,467,467,1519.2,709466.4
POI0002939,PO000539,SKU0000716,273,241,856.36,233786.28
POI0002940,PO000540,SKU0001328,337,337,283.82,95647.34
POI0002941,PO000541,SKU0000968,55,55,728.85,40086.75
POI0002942,PO000542,SKU0001738,406,406,615.03,249702.18
POI0002943,PO000543,SKU0001671,30,0,1590.43,47712.9
POI0002944,PO000544,SKU0000732,114,114,1344.49,153271.86
POI0002945,PO000545,SKU0001560,359,0,1046.78,375794.02
POI0002946,PO000546,SKU0002589,131,131,1646.79,215729.49
POI0002947,PO000547,SKU0000911,207,207,343.78,71162.46
POI0002948,PO000548,SKU0000118,487,123,878.3,427732.1
POI0002949,PO000549,SKU0000030,229,229,811.37,185803.73
POI0002950,PO000550,SKU0002493,256,256,1109.29,283978.24
POI0002951,PO000551,SKU0000379,83,83,1387.92,115197.36
POI0002952,PO000552,SKU0001465,338,338,21.12,7138.56
POI0002953,PO000553,SKU0001379,285,285,1800.89,513253.65
POI0002954,PO000554,SKU0002864,398,398,1944.69,773986.62
POI0002955,PO000555,SKU0002164,284,284,1278.29,363034.36
POI0002956,PO000556,SKU0001338,433,433,235.36,101910.88
POI0002957,PO000557,SKU0002568,247,247,1315.21,324856.87
POI0002958,PO000558,SKU0000091,457,457,1514.36,692062.52
POI0002959,PO000559,SKU0001946,256,256,800.96,205045.76
POI0002960,PO000560,SKU0002679,271,144,1185.33,321224.43
POI0002961,PO000561,SKU0002249,266,266,1314.74,349720.84
POI0002962,PO000562,SKU0000140,355,355,1477.69,524579.95
POI0002963,PO000563,SKU0002325,269,269,1422.63,382687.47
POI0002964,PO000564,SKU0002291,333,0,59.67,19870.11
POI0002965,PO000565,SKU0002392,440,440,273.25,120230.0
POI0002966,PO000566,SKU0002042,436,436,622.23,271292.28
POI0002967,PO000567,SKU0000888,360,360,297.72,107179.2
POI0002968,PO000568,SKU0000768,199,199,117.26,23334.74
POI0002969,PO000569,SKU0000955,285,285,674.02,192095.7
POI0002970,PO000570,SKU0001044,173,173,855.2,147949.6
POI0002971,PO000571,SKU0000205,176,176,973.21,171284.96
POI0002972,PO000572,SKU0002012,134,134,1038.84,139204.56
POI0002973,PO000573,SKU0002445,340,340,1964.54,667943.6
POI0002974,PO000574,SKU0000317,418,0,517.37,216260.66
POI0002975,PO000575,SKU0001152,208,208,518.11,107766.88
POI0002976,PO000576,SKU0001228,264,6,1035.39,273342.96
POI0002977,PO000577,SKU0000271,62,62,1063.5,65937.0
POI0002978,PO000578,SKU0000469,117,117,362.75,42441.75
POI0002979,PO000579,SKU0002423,170,170,665.94,113209.8
POI0002980,PO000580,SKU0000907,243,243,705.03,171322.29
POI0002981,PO000581,SKU0002662,476,476,801.37,381452.12
POI0002982,PO000582,SKU0001985,142,142,1671.63,237371.46
POI0002983,PO000583,SKU0000221,417,417,317.3,132314.1
POI0002984,PO000584,SKU0001125,31,31,1736.36,53827.16
POI0002985,PO000585,SKU0000292,474,441,791.76,375294.24
POI0002986,PO000586,SKU0000760,424,424,788.71,334413.04
POI0002987,PO000587,SKU0001475,57,57,686.28,39117.96
POI0002988,PO000588,SKU0000532,414,12,203.91,84418.74
POI0002989,PO000589,SKU0000980,243,243,1970.45,478819.35
POI0002990,PO000590,SKU0000670,73,73,2480.99,181112.27
POI0002991,PO000591,SKU0001426,238,238,338.96,80672.48
POI0002992,PO000592,SKU0001171,407,407,455.51,185392.57
POI0002993,PO000593,SKU0000680,499,499,721.24,359898.76
POI0002994,PO000594,SKU0001117,371,371,932.3,345883.3
POI0002995,PO000595,SKU0000986,298,298,959.43,285910.14
POI0002996,PO000596,SKU0000963,445,7,209.68,93307.6
POI0002997,PO000597,SKU0000483,240,0,595.37,142888.8
POI0002998,PO000598,SKU0001234,336,336,1441.0,484176.0
POI0002999,PO000599,SKU0001162,434,434,80.21,34811.14
POI0003000,PO000600,SKU0001392,187,187,77.56,14503.72
