refund_item_id,refund_id,order_item_id,sku_id,refund_quantity,refund_amount,refund_type
RFI00000001,RF0000001,OI000005270,SKU0000526,1,863.11,return_and_refund
RFI00000002,RF0000002,OI000006172,SKU0001637,1,2398.25,refund_only
RFI00000003,RF0000003,OI000015711,SKU0000726,1,590.88,return_and_refund
RFI00000004,RF0000003,OI000015708,SKU0001686,2,4564.05,refund_only
RFI00000005,RF0000004,OI000014434,SKU0000262,1,1993.12,return_and_refund
RFI00000006,RF0000005,OI000004802,SKU0000293,1,2030.59,return_and_refund
RFI00000007,RF0000006,OI000003755,SKU0001173,2,2372.99,refund_only
RFI00000008,RF0000006,OI000003754,SKU0000374,1,2151.1,return_and_refund
RFI00000009,RF0000007,OI000006948,SKU0001467,1,855.5,return_and_refund
RFI00000010,RF0000007,OI000006949,SKU0002908,1,1160.37,return_and_refund
RFI00000011,RF0000008,OI000003535,SKU0002177,1,768.71,return_and_refund
RFI00000012,RF0000009,OI000015439,SKU0002661,3,3018.39,refund_only
RFI00000013,RF0000010,OI000009549,SKU0000532,2,744.48,return_and_refund
RFI00000014,RF0000010,OI000009550,SKU0000692,1,3001.42,refund_only
RFI00000015,RF0000011,OI000003783,SKU0000069,1,2825.34,return_and_refund
RFI00000016,RF0000012,OI000005143,SKU0001856,1,1072.42,return_and_refund
RFI00000017,RF0000013,OI000015400,SKU0001562,1,107.76,refund_only
RFI00000018,RF0000013,OI000015401,SKU0001721,2,2308.76,return_and_refund
RFI00000019,RF0000014,OI000006402,SKU0001666,2,869.41,return_and_refund
RFI00000020,RF0000015,OI000015151,SKU0002559,1,89.89,refund_only
RFI00000021,RF0000016,OI000012430,SKU0001085,1,986.99,return_and_refund
RFI00000022,RF0000017,OI000017341,SKU0002917,1,786.42,refund_only
RFI00000023,RF0000018,OI000006791,SKU0002286,1,2761.3,return_and_refund
RFI00000024,RF0000019,OI000010096,SKU0000666,1,3209.17,refund_only
RFI00000025,RF0000020,OI000018257,SKU0001718,1,2584.03,refund_only
RFI00000026,RF0000021,OI000003976,SKU0001014,2,2250.46,return_and_refund
RFI00000027,RF0000022,OI000016814,SKU0001008,4,1658.07,return_and_refund
RFI00000028,RF0000023,OI000014219,SKU0002799,1,1068.72,refund_only
RFI00000029,RF0000024,OI000001651,SKU0002871,1,240.72,refund_only
RFI00000030,RF0000025,OI000012245,SKU0002098,1,1719.5,return_and_refund
RFI00000031,RF0000026,OI000019958,SKU0001736,2,369.13,return_and_refund
RFI00000032,RF0000026,OI000019957,SKU0000296,1,1428.89,return_and_refund
RFI00000033,RF0000027,OI000009266,SKU0001710,1,2072.75,return_and_refund
RFI00000034,RF0000028,OI000006174,SKU0001972,3,2810.18,refund_only
RFI00000035,RF0000029,OI000017203,SKU0001505,1,853.47,refund_only
RFI00000036,RF0000030,OI000013618,SKU0001940,1,1838.48,return_and_refund
RFI00000037,RF0000031,OI000012947,SKU0001460,1,1775.87,return_and_refund
RFI00000038,RF0000032,OI000015991,SKU0001231,1,752.19,refund_only
RFI00000039,RF0000033,OI000000635,SKU0001233,1,1852.74,refund_only
RFI00000040,RF0000034,OI000013967,SKU0001570,2,2293.56,return_and_refund
RFI00000041,RF0000035,OI000006139,SKU0001559,1,2123.8,return_and_refund
RFI00000042,RF0000036,OI000013102,SKU0000004,1,287.35,return_and_refund
RFI00000043,RF0000037,OI000006438,SKU0001588,1,1615.33,return_and_refund
RFI00000044,RF0000038,OI000009822,SKU0002994,1,2652.56,refund_only
RFI00000045,RF0000039,OI000016662,SKU0002029,1,1097.92,return_and_refund
RFI00000046,RF0000040,OI000014949,SKU0002493,1,1548.59,return_and_refund
RFI00000047,RF0000041,OI000016828,SKU0001350,1,2536.44,return_and_refund
RFI00000048,RF0000042,OI000004711,SKU0001459,2,3390.6,return_and_refund
RFI00000049,RF0000043,OI000006275,SKU0002844,2,1761.83,refund_only
RFI00000050,RF0000044,OI000009500,SKU0002121,1,1436.87,return_and_refund
RFI00000051,RF0000045,OI000010157,SKU0001275,1,1144.74,return_and_refund
RFI00000052,RF0000046,OI000006406,SKU0002792,1,34.51,return_and_refund
RFI00000053,RF0000046,OI000006407,SKU0000392,1,931.63,return_and_refund
RFI00000054,RF0000047,OI000014780,SKU0000286,1,822.18,return_and_refund
RFI00000055,RF0000047,OI000014781,SKU0000125,1,774.9,return_and_refund
RFI00000056,RF0000048,OI000009201,SKU0002018,2,5180.59,return_and_refund
RFI00000057,RF0000049,OI000004234,SKU0001387,2,1470.8,return_and_refund
RFI00000058,RF0000050,OI000008514,SKU0001539,1,122.71,return_and_refund
RFI00000059,RF0000051,OI000015688,SKU0001253,1,1036.58,return_and_refund
RFI00000060,RF0000052,OI000015556,SKU0000308,2,1002.7,return_and_refund
RFI00000061,RF0000052,OI000015557,SKU0002227,1,2860.01,refund_only
RFI00000062,RF0000053,OI000011272,SKU0001067,3,326.45,return_and_refund
RFI00000063,RF0000054,OI000011479,SKU0002179,1,2548.69,refund_only
RFI00000064,RF0000055,OI000007983,SKU0001671,2,4905.37,refund_only
RFI00000065,RF0000055,OI000007982,SKU0001991,1,2846.42,return_and_refund
RFI00000066,RF0000056,OI000006801,SKU0001951,1,1991.01,return_and_refund
RFI00000067,RF0000057,OI000003302,SKU0001914,1,2222.53,refund_only
RFI00000068,RF0000058,OI000007379,SKU0000986,1,1415.19,refund_only
RFI00000069,RF0000059,OI000003735,SKU0000604,2,4352.82,return_and_refund
RFI00000070,RF0000060,OI000006995,SKU0001112,1,2889.8,return_and_refund
RFI00000071,RF0000061,OI000009657,SKU0001475,1,867.47,return_and_refund
RFI00000072,RF0000062,OI000020428,SKU0002420,2,3013.69,refund_only
RFI00000073,RF0000063,OI000003512,SKU0000783,1,1781.31,return_and_refund
RFI00000074,RF0000063,OI000003511,SKU0000783,1,1741.77,refund_only
RFI00000075,RF0000064,OI000000360,SKU0002232,1,1532.78,return_and_refund
RFI00000076,RF0000065,OI000019215,SKU0000639,1,116.87,refund_only
RFI00000077,RF0000065,OI000019216,SKU0002720,4,4602.94,return_and_refund
RFI00000078,RF0000066,OI000008581,SKU0001670,1,975.05,return_and_refund
RFI00000079,RF0000067,OI000007722,SKU0001972,1,942.43,return_and_refund
RFI00000080,RF0000068,OI000013546,SKU0002846,1,1411.53,return_and_refund
RFI00000081,RF0000068,OI000013545,SKU0001886,1,1060.06,return_and_refund
RFI00000082,RF0000069,OI000017516,SKU0002867,1,1863.86,return_and_refund
RFI00000083,RF0000070,OI000018101,SKU0001046,2,143.5,return_and_refund
RFI00000084,RF0000071,OI000017718,SKU0001628,3,3941.96,refund_only
RFI00000085,RF0000072,OI000000088,SKU0001411,1,207.97,refund_only
RFI00000086,RF0000073,OI000002138,SKU0001596,1,111.06,return_and_refund
RFI00000087,RF0000074,OI000009772,SKU0000415,1,926.02,return_and_refund
RFI00000088,RF0000074,OI000009770,SKU0002656,3,4212.3,return_and_refund
RFI00000089,RF0000075,OI000012041,SKU0000759,1,1175.71,refund_only
RFI00000090,RF0000076,OI000006435,SKU0000647,1,1437.53,return_and_refund
RFI00000091,RF0000077,OI000012596,SKU0000076,1,2603.23,return_and_refund
RFI00000092,RF0000078,OI000017703,SKU0001146,2,193.24,return_and_refund
RFI00000093,RF0000078,OI000017704,SKU0002746,1,2306.93,return_and_refund
RFI00000094,RF0000079,OI000006885,SKU0001296,2,3911.32,refund_only
RFI00000095,RF0000080,OI000003821,SKU0002590,3,7519.37,return_and_refund
RFI00000096,RF0000081,OI000019076,SKU0001755,1,2221.02,refund_only
RFI00000097,RF0000082,OI000003181,SKU0000247,1,823.54,refund_only
RFI00000098,RF0000083,OI000011934,SKU0001684,1,2182.24,return_and_refund
RFI00000099,RF0000084,OI000014014,SKU0000986,1,1412.54,return_and_refund
RFI00000100,RF0000084,OI000014015,SKU0000345,2,5254.29,refund_only
RFI00000101,RF0000085,OI000017711,SKU0001354,2,3492.5,return_and_refund
RFI00000102,RF0000086,OI000010103,SKU0002892,1,2827.11,return_and_refund
RFI00000103,RF0000087,OI000000181,SKU0001032,1,1004.05,return_and_refund
RFI00000104,RF0000088,OI000009453,SKU0002460,4,1538.88,return_and_refund
RFI00000105,RF0000089,OI000014977,SKU0002466,1,81.88,return_and_refund
RFI00000106,RF0000090,OI000013384,SKU0002210,1,2211.23,return_and_refund
RFI00000107,RF0000091,OI000004690,SKU0002118,3,1375.58,refund_only
RFI00000108,RF0000092,OI000019956,SKU0001951,1,2278.61,return_and_refund
RFI00000109,RF0000093,OI000019739,SKU0001122,1,2135.73,return_and_refund
RFI00000110,RF0000094,OI000004128,SKU0001617,1,717.83,refund_only
RFI00000111,RF0000094,OI000004127,SKU0000818,1,2285.15,return_and_refund
RFI00000112,RF0000095,OI000009024,SKU0001119,1,2151.69,return_and_refund
RFI00000113,RF0000096,OI000019120,SKU0002275,1,186.92,refund_only
RFI00000114,RF0000096,OI000019119,SKU0000195,1,516.95,return_and_refund
RFI00000115,RF0000097,OI000011376,SKU0002945,2,1292.63,return_and_refund
RFI00000116,RF0000097,OI000011377,SKU0000066,1,330.04,return_and_refund
RFI00000117,RF0000098,OI000017461,SKU0002225,1,1446.66,refund_only
RFI00000118,RF0000099,OI000010765,SKU0002187,2,4003.72,return_and_refund
RFI00000119,RF0000100,OI000004376,SKU0000734,1,2266.28,return_and_refund
RFI00000120,RF0000101,OI000000077,SKU0002918,2,1735.88,return_and_refund
RFI00000121,RF0000102,OI000018011,SKU0002274,1,570.9,return_and_refund
RFI00000122,RF0000103,OI000017267,SKU0000264,2,1582.88,refund_only
RFI00000123,RF0000104,OI000004662,SKU0000017,3,6728.0,return_and_refund
RFI00000124,RF0000104,OI000004663,SKU0000977,1,1541.73,return_and_refund
RFI00000125,RF0000105,OI000008841,SKU0001897,1,176.27,return_and_refund
RFI00000126,RF0000106,OI000016754,SKU0002692,1,1196.26,refund_only
RFI00000127,RF0000107,OI000019621,SKU0002664,1,87.85,return_and_refund
RFI00000128,RF0000108,OI000002409,SKU0001890,1,701.64,return_and_refund
RFI00000129,RF0000109,OI000011619,SKU0001572,1,2465.71,return_and_refund
RFI00000130,RF0000109,OI000011620,SKU0000292,1,997.14,return_and_refund
RFI00000131,RF0000110,OI000016008,SKU0000441,1,254.33,return_and_refund
RFI00000132,RF0000110,OI000016010,SKU0000762,1,2844.56,return_and_refund
RFI00000133,RF0000111,OI000016437,SKU0002783,1,2002.53,refund_only
RFI00000134,RF0000112,OI000008414,SKU0000288,1,2780.41,return_and_refund
RFI00000135,RF0000112,OI000008415,SKU0001568,1,1509.61,refund_only
RFI00000136,RF0000113,OI000006747,SKU0002576,1,1857.7,return_and_refund
RFI00000137,RF0000114,OI000000559,SKU0001102,1,1852.19,return_and_refund
RFI00000138,RF0000115,OI000000520,SKU0000244,1,1474.81,return_and_refund
RFI00000139,RF0000116,OI000019812,SKU0001758,1,692.77,return_and_refund
RFI00000140,RF0000117,OI000015719,SKU0000528,2,1071.86,return_and_refund
RFI00000141,RF0000118,OI000003401,SKU0002396,1,2416.09,refund_only
RFI00000142,RF0000119,OI000011130,SKU0002936,1,1466.39,return_and_refund
RFI00000143,RF0000120,OI000008203,SKU0001076,2,2753.66,return_and_refund
RFI00000144,RF0000121,OI000008018,SKU0000381,1,122.71,return_and_refund
RFI00000145,RF0000122,OI000004242,SKU0002611,2,2796.34,return_and_refund
RFI00000146,RF0000123,OI000009560,SKU0002072,1,864.6,return_and_refund
RFI00000147,RF0000123,OI000009559,SKU0000151,1,1981.57,return_and_refund
RFI00000148,RF0000124,OI000018565,SKU0000546,1,2691.07,refund_only
RFI00000149,RF0000125,OI000018071,SKU0002208,1,772.31,return_and_refund
RFI00000150,RF0000126,OI000015383,SKU0001398,1,805.4,refund_only
RFI00000151,RF0000127,OI000000646,SKU0000410,1,1589.55,return_and_refund
RFI00000152,RF0000128,OI000017235,SKU0000680,1,1283.34,return_and_refund
RFI00000153,RF0000128,OI000017233,SKU0001799,2,2142.38,return_and_refund
RFI00000154,RF0000129,OI000006734,SKU0002023,1,575.29,refund_only
RFI00000155,RF0000130,OI000003301,SKU0001524,1,1101.45,return_and_refund
RFI00000156,RF0000131,OI000005494,SKU0002468,1,1350.0,return_and_refund
RFI00000157,RF0000132,OI000015850,SKU0001974,1,2082.36,return_and_refund
RFI00000158,RF0000132,OI000015851,SKU0000854,1,1271.11,return_and_refund
RFI00000159,RF0000133,OI000003415,SKU0002828,1,730.47,refund_only
RFI00000160,RF0000134,OI000020221,SKU0000951,1,2108.5,return_and_refund
RFI00000161,RF0000135,OI000003706,SKU0000342,1,1522.87,return_and_refund
RFI00000162,RF0000136,OI000001486,SKU0000723,1,1828.3,return_and_refund
RFI00000163,RF0000137,OI000011097,SKU0000354,1,1918.34,return_and_refund
RFI00000164,RF0000138,OI000017598,SKU0002626,2,1657.08,return_and_refund
RFI00000165,RF0000139,OI000015465,SKU0001551,3,5855.59,return_and_refund
RFI00000166,RF0000139,OI000015464,SKU0002191,1,2803.54,return_and_refund
RFI00000167,RF0000140,OI000005007,SKU0002326,1,2090.79,refund_only
RFI00000168,RF0000141,OI000010417,SKU0000699,2,4282.83,return_and_refund
RFI00000169,RF0000142,OI000017328,SKU0002781,3,7035.97,return_and_refund
RFI00000170,RF0000143,OI000012334,SKU0001107,1,2972.68,return_and_refund
RFI00000171,RF0000143,OI000012335,SKU0001907,1,373.39,return_and_refund
RFI00000172,RF0000144,OI000010203,SKU0000402,1,2158.54,return_and_refund
RFI00000173,RF0000145,OI000003882,SKU0000591,1,2597.81,return_and_refund
RFI00000174,RF0000146,OI000000257,SKU0000122,1,2633.67,return_and_refund
RFI00000175,RF0000147,OI000014429,SKU0000061,2,5140.28,refund_only
RFI00000176,RF0000147,OI000014428,SKU0001981,1,2342.46,return_and_refund
RFI00000177,RF0000148,OI000012155,SKU0002614,2,2234.51,return_and_refund
RFI00000178,RF0000149,OI000012758,SKU0000251,1,913.59,return_and_refund
RFI00000179,RF0000150,OI000006910,SKU0002214,1,848.63,return_and_refund
RFI00000180,RF0000151,OI000000042,SKU0001965,1,1996.33,return_and_refund
RFI00000181,RF0000152,OI000010714,SKU0002430,1,963.89,return_and_refund
RFI00000182,RF0000152,OI000010715,SKU0000030,1,1293.42,return_and_refund
RFI00000183,RF0000153,OI000004129,SKU0002345,1,2320.63,refund_only
RFI00000184,RF0000154,OI000019023,SKU0002005,1,976.39,refund_only
RFI00000185,RF0000155,OI000009387,SKU0002840,1,2229.2,return_and_refund
RFI00000186,RF0000155,OI000009388,SKU0002999,1,1462.05,return_and_refund
RFI00000187,RF0000156,OI000000835,SKU0001859,1,182.51,return_and_refund
RFI00000188,RF0000157,OI000009598,SKU0000392,1,811.99,refund_only
RFI00000189,RF0000157,OI000009595,SKU0001032,1,1020.3,refund_only
RFI00000190,RF0000158,OI000016110,SKU0001660,1,1813.71,return_and_refund
RFI00000191,RF0000159,OI000017696,SKU0002486,1,1097.59,return_and_refund
RFI00000192,RF0000160,OI000006401,SKU0000616,1,2987.52,return_and_refund
RFI00000193,RF0000161,OI000019756,SKU0001813,1,106.85,refund_only
RFI00000194,RF0000162,OI000018604,SKU0002765,1,2277.38,return_and_refund
RFI00000195,RF0000163,OI000006678,SKU0001700,1,1079.54,return_and_refund
RFI00000196,RF0000164,OI000001541,SKU0002768,1,684.98,refund_only
RFI00000197,RF0000165,OI000004309,SKU0000515,1,1824.02,refund_only
RFI00000198,RF0000166,OI000006429,SKU0000321,2,3386.7,return_and_refund
RFI00000199,RF0000167,OI000006954,SKU0000953,2,189.46,return_and_refund
RFI00000200,RF0000168,OI000007084,SKU0002276,3,576.3,return_and_refund
RFI00000201,RF0000169,OI000004935,SKU0000441,1,277.14,refund_only
RFI00000202,RF0000170,OI000017559,SKU0002327,1,985.45,refund_only
RFI00000203,RF0000170,OI000017560,SKU0000888,1,440.84,refund_only
RFI00000204,RF0000171,OI000007783,SKU0002742,1,1335.05,return_and_refund
RFI00000205,RF0000172,OI000015742,SKU0000446,2,4097.94,return_and_refund
RFI00000206,RF0000173,OI000016724,SKU0000030,1,1220.56,return_and_refund
RFI00000207,RF0000174,OI000018543,SKU0000573,1,2310.53,return_and_refund
RFI00000208,RF0000175,OI000004313,SKU0000467,4,9485.62,return_and_refund
RFI00000209,RF0000176,OI000011364,SKU0000002,1,954.76,return_and_refund
RFI00000210,RF0000177,OI000005199,SKU0002367,2,3055.01,return_and_refund
RFI00000211,RF0000177,OI000005200,SKU0001727,1,676.02,return_and_refund
RFI00000212,RF0000178,OI000019186,SKU0000940,1,2235.17,return_and_refund
RFI00000213,RF0000179,OI000016413,SKU0001707,1,978.82,return_and_refund
RFI00000214,RF0000180,OI000004153,SKU0001546,1,1439.77,return_and_refund
RFI00000215,RF0000181,OI000017403,SKU0002561,1,2250.59,return_and_refund
RFI00000216,RF0000181,OI000017404,SKU0002881,2,1668.65,return_and_refund
RFI00000217,RF0000182,OI000013334,SKU0000412,2,3105.02,return_and_refund
RFI00000218,RF0000183,OI000003614,SKU0001774,1,1869.87,refund_only
RFI00000219,RF0000184,OI000016088,SKU0001425,1,679.24,return_and_refund
RFI00000220,RF0000185,OI000013434,SKU0000395,1,980.12,return_and_refund
RFI00000221,RF0000185,OI000013431,SKU0000556,1,1281.2,return_and_refund
RFI00000222,RF0000186,OI000006983,SKU0000702,1,2143.77,return_and_refund
RFI00000223,RF0000187,OI000020215,SKU0000510,2,5907.49,refund_only
RFI00000224,RF0000188,OI000016221,SKU0001134,1,841.09,return_and_refund
RFI00000225,RF0000189,OI000002090,SKU0002437,1,935.18,return_and_refund
RFI00000226,RF0000190,OI000005435,SKU0002881,1,786.82,refund_only
RFI00000227,RF0000190,OI000005436,SKU0002401,1,2381.21,refund_only
RFI00000228,RF0000191,OI000010284,SKU0001668,1,539.94,return_and_refund
RFI00000229,RF0000192,OI000004730,SKU0002482,1,1147.07,return_and_refund
RFI00000230,RF0000193,OI000014700,SKU0000670,1,2697.77,return_and_refund
RFI00000231,RF0000194,OI000014154,SKU0002894,1,318.19,return_and_refund
RFI00000232,RF0000195,OI000013000,SKU0001989,1,154.69,return_and_refund
RFI00000233,RF0000195,OI000013002,SKU0000710,2,1584.88,return_and_refund
RFI00000234,RF0000196,OI000016732,SKU0001739,1,3049.28,return_and_refund
RFI00000235,RF0000197,OI000015571,SKU0001233,1,2008.01,return_and_refund
RFI00000236,RF0000198,OI000013850,SKU0000448,1,1628.61,return_and_refund
RFI00000237,RF0000199,OI000014178,SKU0001165,1,2878.55,refund_only
RFI00000238,RF0000200,OI000016499,SKU0001575,3,4703.07,return_and_refund
RFI00000239,RF0000200,OI000016498,SKU0000455,1,502.56,return_and_refund
RFI00000240,RF0000201,OI000003219,SKU0001568,1,1324.58,return_and_refund
RFI00000241,RF0000202,OI000010401,SKU0000355,1,2514.13,refund_only
RFI00000242,RF0000202,OI000010402,SKU0001955,1,1059.84,return_and_refund
RFI00000243,RF0000203,OI000019693,SKU0001050,1,2422.56,refund_only
RFI00000244,RF0000203,OI000019695,SKU0001530,3,697.22,refund_only
RFI00000245,RF0000204,OI000013638,SKU0000463,3,2435.19,return_and_refund
RFI00000246,RF0000205,OI000003337,SKU0002171,1,1848.02,return_and_refund
RFI00000247,RF0000205,OI000003336,SKU0000252,1,814.55,refund_only
RFI00000248,RF0000206,OI000017224,SKU0001579,1,1009.27,return_and_refund
RFI00000249,RF0000207,OI000002481,SKU0002815,4,7740.08,return_and_refund
RFI00000250,RF0000207,OI000002482,SKU0002816,1,2153.99,return_and_refund
RFI00000251,RF0000208,OI000002039,SKU0000688,1,1437.41,return_and_refund
RFI00000252,RF0000209,OI000017988,SKU0000600,1,2223.7,return_and_refund
RFI00000253,RF0000209,OI000017987,SKU0000279,1,1926.48,refund_only
RFI00000254,RF0000210,OI000012124,SKU0001953,1,1879.21,return_and_refund
RFI00000255,RF0000211,OI000013758,SKU0002672,1,2267.64,return_and_refund
RFI00000256,RF0000212,OI000011644,SKU0001046,1,71.5,return_and_refund
RFI00000257,RF0000213,OI000007005,SKU0001999,1,912.45,return_and_refund
RFI00000258,RF0000214,OI000010235,SKU0000872,1,1078.15,return_and_refund
RFI00000259,RF0000215,OI000009661,SKU0001054,1,1123.38,return_and_refund
RFI00000260,RF0000215,OI000009660,SKU0001694,1,3362.54,refund_only
RFI00000261,RF0000216,OI000014305,SKU0000583,1,2169.66,return_and_refund
RFI00000262,RF0000217,OI000012508,SKU0001447,1,433.44,refund_only
RFI00000263,RF0000217,OI000012507,SKU0002727,2,1077.05,return_and_refund
RFI00000264,RF0000218,OI000018514,SKU0001489,1,2361.18,return_and_refund
RFI00000265,RF0000219,OI000000839,SKU0000368,1,2643.39,return_and_refund
RFI00000266,RF0000220,OI000012812,SKU0001902,2,1295.08,return_and_refund
RFI00000267,RF0000221,OI000017274,SKU0000986,1,1284.25,return_and_refund
RFI00000268,RF0000221,OI000017273,SKU0000665,1,2463.75,return_and_refund
RFI00000269,RF0000222,OI000006636,SKU0000394,1,1384.9,refund_only
RFI00000270,RF0000222,OI000006637,SKU0002953,1,1189.64,refund_only
RFI00000271,RF0000223,OI000002367,SKU0001210,3,6741.67,return_and_refund
RFI00000272,RF0000224,OI000016313,SKU0000988,1,1254.81,return_and_refund
RFI00000273,RF0000224,OI000016314,SKU0002587,1,61.88,return_and_refund
RFI00000274,RF0000225,OI000003470,SKU0001103,1,1153.78,return_and_refund
RFI00000275,RF0000225,OI000003471,SKU0001584,1,136.85,refund_only
RFI00000276,RF0000226,OI000012034,SKU0000561,1,2174.24,refund_only
RFI00000277,RF0000227,OI000003580,SKU0002753,1,1763.44,return_and_refund
RFI00000278,RF0000228,OI000007592,SKU0001435,1,2291.34,return_and_refund
RFI00000279,RF0000229,OI000003799,SKU0002958,2,3341.79,return_and_refund
RFI00000280,RF0000230,OI000005295,SKU0000285,3,2822.46,return_and_refund
RFI00000281,RF0000230,OI000005294,SKU0002686,1,22.47,return_and_refund
RFI00000282,RF0000231,OI000016181,SKU0001464,1,2384.29,return_and_refund
RFI00000283,RF0000232,OI000017946,SKU0000083,1,146.47,refund_only
RFI00000284,RF0000232,OI000017945,SKU0002163,3,5014.83,return_and_refund
RFI00000285,RF0000233,OI000004516,SKU0002824,1,2988.68,return_and_refund
RFI00000286,RF0000234,OI000017610,SKU0000366,1,2124.34,refund_only
RFI00000287,RF0000235,OI000010794,SKU0002369,1,1268.64,refund_only
RFI00000288,RF0000236,OI000008952,SKU0002359,1,1625.96,return_and_refund
RFI00000289,RF0000237,OI000011521,SKU0001602,1,273.79,return_and_refund
RFI00000290,RF0000237,OI000011519,SKU0001281,1,1932.86,return_and_refund
RFI00000291,RF0000238,OI000001793,SKU0000062,1,2504.96,return_and_refund
RFI00000292,RF0000239,OI000010217,SKU0002191,1,2697.52,return_and_refund
RFI00000293,RF0000240,OI000008398,SKU0002792,1,29.88,return_and_refund
RFI00000294,RF0000240,OI000008399,SKU0001352,2,1232.36,return_and_refund
RFI00000295,RF0000241,OI000003008,SKU0000263,1,752.01,return_and_refund
RFI00000296,RF0000242,OI000018526,SKU0002233,1,781.92,return_and_refund
RFI00000297,RF0000243,OI000002997,SKU0002496,1,2687.44,return_and_refund
RFI00000298,RF0000244,OI000000996,SKU0001609,1,1479.06,return_and_refund
RFI00000299,RF0000245,OI000013557,SKU0001976,1,449.4,refund_only
RFI00000300,RF0000246,OI000000920,SKU0001805,1,2463.77,return_and_refund
RFI00000301,RF0000247,OI000003521,SKU0001249,2,1640.41,return_and_refund
RFI00000302,RF0000248,OI000002050,SKU0000281,2,788.28,refund_only
RFI00000303,RF0000248,OI000002051,SKU0001081,1,2580.16,return_and_refund
RFI00000304,RF0000249,OI000009891,SKU0002763,2,3182.46,return_and_refund
RFI00000305,RF0000249,OI000009890,SKU0001804,1,1881.6,return_and_refund
RFI00000306,RF0000250,OI000009641,SKU0002612,1,1164.31,return_and_refund
RFI00000307,RF0000251,OI000001963,SKU0001184,1,2404.36,return_and_refund
RFI00000308,RF0000252,OI000008898,SKU0000275,1,1971.58,refund_only
RFI00000309,RF0000253,OI000005847,SKU0000567,1,1888.67,return_and_refund
RFI00000310,RF0000254,OI000002773,SKU0000908,2,3562.94,return_and_refund
RFI00000311,RF0000255,OI000016260,SKU0001805,1,2754.59,return_and_refund
RFI00000312,RF0000255,OI000016259,SKU0000046,1,2963.92,return_and_refund
RFI00000313,RF0000256,OI000013792,SKU0002490,1,1805.72,return_and_refund
RFI00000314,RF0000257,OI000012219,SKU0002881,2,1567.72,return_and_refund
RFI00000315,RF0000257,OI000012220,SKU0002082,4,2443.66,return_and_refund
RFI00000316,RF0000258,OI000019886,SKU0000494,1,601.0,return_and_refund
RFI00000317,RF0000259,OI000001647,SKU0001091,1,2403.38,refund_only
RFI00000318,RF0000259,OI000001646,SKU0002692,1,1099.97,refund_only
RFI00000319,RF0000260,OI000015999,SKU0002007,1,2516.62,return_and_refund
RFI00000320,RF0000261,OI000014109,SKU0001948,1,2198.06,return_and_refund
RFI00000321,RF0000261,OI000014107,SKU0002587,1,70.88,refund_only
RFI00000322,RF0000262,OI000003420,SKU0000279,1,1939.17,refund_only
RFI00000323,RF0000262,OI000003419,SKU0000599,1,1970.42,return_and_refund
RFI00000324,RF0000263,OI000007487,SKU0002332,1,1157.61,return_and_refund
RFI00000325,RF0000263,OI000007486,SKU0000251,1,930.91,refund_only
RFI00000326,RF0000264,OI000006272,SKU0002673,1,1431.6,return_and_refund
RFI00000327,RF0000265,OI000005059,SKU0001538,1,200.03,refund_only
RFI00000328,RF0000265,OI000005058,SKU0001537,1,238.34,refund_only
RFI00000329,RF0000266,OI000017249,SKU0000807,1,756.08,return_and_refund
RFI00000330,RF0000267,OI000001356,SKU0002555,1,176.6,return_and_refund
RFI00000331,RF0000268,OI000000274,SKU0000740,1,682.65,return_and_refund
RFI00000332,RF0000269,OI000000230,SKU0000598,2,4100.77,return_and_refund
RFI00000333,RF0000269,OI000000229,SKU0002517,1,272.03,return_and_refund
RFI00000334,RF0000270,OI000017153,SKU0000797,1,814.45,return_and_refund
RFI00000335,RF0000270,OI000017154,SKU0001277,1,2709.07,return_and_refund
RFI00000336,RF0000271,OI000014188,SKU0000864,1,432.93,refund_only
RFI00000337,RF0000271,OI000014187,SKU0000383,2,2194.41,return_and_refund
RFI00000338,RF0000272,OI000003770,SKU0002285,1,3203.01,return_and_refund
RFI00000339,RF0000273,OI000011148,SKU0002178,1,811.82,return_and_refund
RFI00000340,RF0000274,OI000019786,SKU0001959,1,1094.92,return_and_refund
RFI00000341,RF0000275,OI000008094,SKU0001563,2,3589.04,return_and_refund
RFI00000342,RF0000276,OI000002020,SKU0001724,2,2653.17,return_and_refund
RFI00000343,RF0000277,OI000005226,SKU0002211,3,6514.48,return_and_refund
RFI00000344,RF0000278,OI000014447,SKU0000549,1,211.5,refund_only
RFI00000345,RF0000278,OI000014446,SKU0000549,1,199.55,return_and_refund
RFI00000346,RF0000279,OI000007771,SKU0001244,1,503.36,return_and_refund
RFI00000347,RF0000279,OI000007772,SKU0000123,1,2696.34,return_and_refund
RFI00000348,RF0000280,OI000020017,SKU0002487,1,878.69,refund_only
RFI00000349,RF0000281,OI000000958,SKU0001282,1,1858.59,refund_only
RFI00000350,RF0000282,OI000019494,SKU0000822,1,1519.05,return_and_refund
RFI00000351,RF0000283,OI000006319,SKU0002031,2,3757.06,return_and_refund
RFI00000352,RF0000284,OI000001996,SKU0002130,1,821.52,return_and_refund
RFI00000353,RF0000285,OI000020049,SKU0001862,1,2869.2,return_and_refund
RFI00000354,RF0000286,OI000006778,SKU0001870,1,1770.26,return_and_refund
RFI00000355,RF0000287,OI000008709,SKU0001951,1,2153.26,refund_only
RFI00000356,RF0000288,OI000006132,SKU0002467,1,1471.2,return_and_refund
RFI00000357,RF0000289,OI000015801,SKU0000573,1,2147.27,refund_only
RFI00000358,RF0000290,OI000003135,SKU0002809,2,1335.72,return_and_refund
RFI00000359,RF0000291,OI000008325,SKU0001416,2,3345.23,return_and_refund
RFI00000360,RF0000291,OI000008324,SKU0002535,1,2942.86,return_and_refund
RFI00000361,RF0000292,OI000017906,SKU0001761,1,441.71,return_and_refund
RFI00000362,RF0000293,OI000019155,SKU0002856,1,984.09,refund_only
RFI00000363,RF0000294,OI000005501,SKU0002306,1,477.89,return_and_refund
RFI00000364,RF0000294,OI000005500,SKU0001346,1,2254.72,refund_only
RFI00000365,RF0000295,OI000009000,SKU0001599,3,409.06,refund_only
RFI00000366,RF0000296,OI000003147,SKU0001126,2,5122.43,return_and_refund
RFI00000367,RF0000297,OI000001481,SKU0000791,1,3366.14,return_and_refund
RFI00000368,RF0000298,OI000004646,SKU0002085,1,3369.19,refund_only
RFI00000369,RF0000298,OI000004644,SKU0000165,1,1241.78,refund_only
RFI00000370,RF0000299,OI000013424,SKU0001161,2,227.94,return_and_refund
RFI00000371,RF0000300,OI000017291,SKU0001538,2,389.13,refund_only
RFI00000372,RF0000300,OI000017289,SKU0002338,2,3088.99,return_and_refund
RFI00000373,RF0000301,OI000005595,SKU0000646,1,2823.43,return_and_refund
RFI00000374,RF0000302,OI000002718,SKU0000991,1,3052.1,return_and_refund
RFI00000375,RF0000303,OI000010189,SKU0002940,1,1382.48,return_and_refund
RFI00000376,RF0000304,OI000000923,SKU0001520,1,1271.14,refund_only
RFI00000377,RF0000305,OI000001364,SKU0002467,1,1538.6,return_and_refund
RFI00000378,RF0000306,OI000002931,SKU0000020,3,1186.77,return_and_refund
RFI00000379,RF0000307,OI000006437,SKU0000733,1,1797.1,return_and_refund
RFI00000380,RF0000308,OI000004296,SKU0002267,1,1309.49,return_and_refund
RFI00000381,RF0000308,OI000004297,SKU0000828,1,1379.92,return_and_refund
RFI00000382,RF0000309,OI000007758,SKU0000238,2,5032.29,refund_only
RFI00000383,RF0000310,OI000015928,SKU0002815,2,3952.38,return_and_refund
RFI00000384,RF0000311,OI000014785,SKU0001346,1,2116.28,return_and_refund
RFI00000385,RF0000311,OI000014786,SKU0002626,1,732.81,return_and_refund
RFI00000386,RF0000312,OI000012602,SKU0000712,3,3175.45,refund_only
RFI00000387,RF0000313,OI000015508,SKU0000427,3,47.01,refund_only
RFI00000388,RF0000314,OI000015789,SKU0001902,1,630.43,return_and_refund
RFI00000389,RF0000314,OI000015787,SKU0002701,1,2815.88,refund_only
RFI00000390,RF0000315,OI000015794,SKU0001328,2,860.54,return_and_refund
RFI00000391,RF0000316,OI000010583,SKU0001370,1,1560.55,refund_only
RFI00000392,RF0000317,OI000014174,SKU0000362,2,1551.6,return_and_refund
RFI00000393,RF0000318,OI000015730,SKU0001941,1,425.14,return_and_refund
RFI00000394,RF0000319,OI000017835,SKU0001448,1,396.43,return_and_refund
RFI00000395,RF0000320,OI000013423,SKU0000558,2,2107.31,return_and_refund
RFI00000396,RF0000320,OI000013420,SKU0002158,1,429.0,return_and_refund
RFI00000397,RF0000321,OI000004426,SKU0002614,1,1048.33,return_and_refund
RFI00000398,RF0000322,OI000004178,SKU0000814,2,1945.08,return_and_refund
RFI00000399,RF0000323,OI000009254,SKU0001237,1,528.02,return_and_refund
RFI00000400,RF0000324,OI000009398,SKU0001544,1,2985.77,return_and_refund
RFI00000401,RF0000325,OI000016000,SKU0001243,1,441.9,return_and_refund
RFI00000402,RF0000326,OI000002746,SKU0000744,2,2623.11,return_and_refund
RFI00000403,RF0000327,OI000006720,SKU0001681,1,2078.04,return_and_refund
RFI00000404,RF0000328,OI000008663,SKU0000042,1,1411.67,refund_only
RFI00000405,RF0000329,OI000016617,SKU0002257,1,892.28,refund_only
RFI00000406,RF0000330,OI000007196,SKU0002687,1,2124.97,return_and_refund
RFI00000407,RF0000330,OI000007195,SKU0001567,2,3535.28,return_and_refund
RFI00000408,RF0000331,OI000006972,SKU0001227,1,1661.73,return_and_refund
RFI00000409,RF0000332,OI000010435,SKU0000453,1,440.8,return_and_refund
RFI00000410,RF0000333,OI000003581,SKU0000917,2,2800.5,return_and_refund
RFI00000411,RF0000334,OI000019146,SKU0000458,1,1751.16,refund_only
RFI00000412,RF0000335,OI000014072,SKU0002491,1,1947.74,return_and_refund
RFI00000413,RF0000336,OI000013316,SKU0000588,1,1803.22,return_and_refund
RFI00000414,RF0000337,OI000009222,SKU0000680,2,2693.67,refund_only
RFI00000415,RF0000337,OI000009221,SKU0001800,1,1096.57,return_and_refund
RFI00000416,RF0000338,OI000014392,SKU0002212,1,2623.24,refund_only
RFI00000417,RF0000338,OI000014391,SKU0001092,1,2666.37,return_and_refund
RFI00000418,RF0000339,OI000007055,SKU0001300,1,1830.88,refund_only
RFI00000419,RF0000340,OI000002449,SKU0001017,2,6492.31,return_and_refund
RFI00000420,RF0000341,OI000010030,SKU0000547,2,2990.74,return_and_refund
RFI00000421,RF0000342,OI000012392,SKU0002069,2,5256.27,return_and_refund
RFI00000422,RF0000343,OI000008868,SKU0002522,2,5429.56,return_and_refund
RFI00000423,RF0000344,OI000013508,SKU0000897,4,5092.4,return_and_refund
RFI00000424,RF0000345,OI000009798,SKU0002200,1,298.16,return_and_refund
RFI00000425,RF0000345,OI000009799,SKU0001239,3,3569.59,refund_only
RFI00000426,RF0000346,OI000003727,SKU0001255,1,2295.67,return_and_refund
RFI00000427,RF0000347,OI000011370,SKU0002548,1,2297.39,return_and_refund
RFI00000428,RF0000348,OI000014742,SKU0001872,1,2851.76,return_and_refund
RFI00000429,RF0000349,OI000016049,SKU0002196,2,4678.37,return_and_refund
RFI00000430,RF0000350,OI000015039,SKU0000653,1,1658.43,refund_only
RFI00000431,RF0000351,OI000012589,SKU0000523,1,489.0,return_and_refund
RFI00000432,RF0000352,OI000001893,SKU0000552,2,3645.66,return_and_refund
RFI00000433,RF0000353,OI000018644,SKU0000009,2,4111.89,return_and_refund
RFI00000434,RF0000353,OI000018645,SKU0000329,1,2240.0,return_and_refund
RFI00000435,RF0000354,OI000012502,SKU0002745,1,1922.75,return_and_refund
RFI00000436,RF0000355,OI000001006,SKU0002491,1,1805.24,return_and_refund
RFI00000437,RF0000356,OI000002942,SKU0001650,1,2225.95,refund_only
RFI00000438,RF0000357,OI000011310,SKU0000736,1,937.98,return_and_refund
RFI00000439,RF0000357,OI000011308,SKU0002495,1,2849.23,return_and_refund
RFI00000440,RF0000358,OI000019725,SKU0002893,3,893.98,return_and_refund
RFI00000441,RF0000359,OI000013383,SKU0001419,1,2349.35,refund_only
RFI00000442,RF0000360,OI000014811,SKU0001737,1,1074.13,return_and_refund
RFI00000443,RF0000361,OI000001540,SKU0000791,1,3021.65,return_and_refund
RFI00000444,RF0000362,OI000002179,SKU0001405,1,3137.85,return_and_refund
RFI00000445,RF0000363,OI000005940,SKU0001603,1,1777.74,return_and_refund
RFI00000446,RF0000364,OI000006901,SKU0001904,1,1359.8,return_and_refund
RFI00000447,RF0000364,OI000006900,SKU0001424,3,4533.93,refund_only
RFI00000448,RF0000365,OI000004569,SKU0001547,1,2130.97,refund_only
RFI00000449,RF0000366,OI000008984,SKU0000551,1,1993.99,refund_only
RFI00000450,RF0000367,OI000007628,SKU0001816,1,2092.98,refund_only
RFI00000451,RF0000368,OI000002264,SKU0002421,1,1726.98,refund_only
RFI00000452,RF0000369,OI000008217,SKU0000246,1,1362.63,return_and_refund
RFI00000453,RF0000369,OI000008219,SKU0000405,1,1509.52,return_and_refund
RFI00000454,RF0000370,OI000018884,SKU0001629,1,2109.51,return_and_refund
RFI00000455,RF0000371,OI000012403,SKU0000075,1,2142.32,return_and_refund
RFI00000456,RF0000372,OI000012676,SKU0002332,1,1367.92,return_and_refund
RFI00000457,RF0000372,OI000012677,SKU0002171,2,3751.94,return_and_refund
RFI00000458,RF0000373,OI000014601,SKU0000031,1,1552.57,refund_only
RFI00000459,RF0000374,OI000018959,SKU0001403,2,2947.08,refund_only
RFI00000460,RF0000374,OI000018958,SKU0000283,1,638.74,return_and_refund
RFI00000461,RF0000375,OI000005780,SKU0002651,2,3971.22,return_and_refund
RFI00000462,RF0000376,OI000008590,SKU0000922,1,309.25,refund_only
RFI00000463,RF0000377,OI000003137,SKU0002449,1,2293.65,refund_only
RFI00000464,RF0000378,OI000002478,SKU0002506,1,2203.76,return_and_refund
RFI00000465,RF0000379,OI000012518,SKU0000116,1,1222.97,return_and_refund
RFI00000466,RF0000379,OI000012519,SKU0002035,2,3252.32,refund_only
RFI00000467,RF0000380,OI000006921,SKU0001675,3,3087.61,refund_only
RFI00000468,RF0000381,OI000017471,SKU0001844,2,2615.64,return_and_refund
RFI00000469,RF0000381,OI000017469,SKU0002803,1,2644.78,return_and_refund
RFI00000470,RF0000382,OI000000984,SKU0000676,1,1403.94,refund_only
RFI00000471,RF0000382,OI000000983,SKU0000515,1,1737.57,return_and_refund
RFI00000472,RF0000383,OI000019822,SKU0001497,1,816.81,refund_only
RFI00000473,RF0000384,OI000014341,SKU0002165,1,1054.04,refund_only
RFI00000474,RF0000385,OI000007726,SKU0000250,1,2818.44,return_and_refund
RFI00000475,RF0000386,OI000004547,SKU0000080,1,986.81,return_and_refund
RFI00000476,RF0000386,OI000004546,SKU0001200,1,410.5,return_and_refund
RFI00000477,RF0000387,OI000008343,SKU0000144,1,2298.84,return_and_refund
RFI00000478,RF0000388,OI000001566,SKU0002642,1,2102.05,return_and_refund
RFI00000479,RF0000389,OI000014778,SKU0001340,2,2825.88,return_and_refund
RFI00000480,RF0000390,OI000011436,SKU0002149,1,2401.71,return_and_refund
RFI00000481,RF0000391,OI000004859,SKU0000978,1,1466.05,return_and_refund
RFI00000482,RF0000392,OI000005489,SKU0002277,1,2042.46,return_and_refund
RFI00000483,RF0000393,OI000010280,SKU0002691,1,994.22,refund_only
RFI00000484,RF0000394,OI000014041,SKU0001566,1,2054.08,return_and_refund
RFI00000485,RF0000395,OI000016252,SKU0000691,2,5564.88,return_and_refund
RFI00000486,RF0000395,OI000016253,SKU0000691,1,2447.87,refund_only
RFI00000487,RF0000396,OI000000935,SKU0001858,1,3119.88,return_and_refund
RFI00000488,RF0000396,OI000000936,SKU0002658,1,1606.3,return_and_refund
RFI00000489,RF0000397,OI000005347,SKU0001945,2,3031.66,refund_only
RFI00000490,RF0000397,OI000005345,SKU0001145,2,172.79,return_and_refund
RFI00000491,RF0000398,OI000018524,SKU0002560,3,265.23,return_and_refund
RFI00000492,RF0000399,OI000001995,SKU0000326,1,1937.75,return_and_refund
RFI00000493,RF0000400,OI000016762,SKU0000762,1,2963.06,refund_only
RFI00000494,RF0000401,OI000003010,SKU0002446,2,5188.52,return_and_refund
RFI00000495,RF0000402,OI000013253,SKU0001454,1,676.46,return_and_refund
RFI00000496,RF0000403,OI000009937,SKU0000051,1,1065.62,return_and_refund
RFI00000497,RF0000404,OI000006391,SKU0000320,4,4326.44,return_and_refund
RFI00000498,RF0000405,OI000010123,SKU0001800,3,3286.08,return_and_refund
RFI00000499,RF0000405,OI000010122,SKU0001479,1,29.06,return_and_refund
RFI00000500,RF0000406,OI000007971,SKU0000122,1,2738.09,refund_only
RFI00000501,RF0000406,OI000007972,SKU0002681,3,8985.47,return_and_refund
RFI00000502,RF0000407,OI000018224,SKU0000455,1,553.79,return_and_refund
RFI00000503,RF0000407,OI000018225,SKU0002216,1,2768.14,return_and_refund
RFI00000504,RF0000408,OI000002815,SKU0000632,1,1620.22,return_and_refund
RFI00000505,RF0000409,OI000012440,SKU0000870,1,2545.26,return_and_refund
RFI00000506,RF0000409,OI000012439,SKU0000710,3,2467.48,refund_only
RFI00000507,RF0000410,OI000008934,SKU0002284,1,3472.59,return_and_refund
RFI00000508,RF0000411,OI000007802,SKU0002616,2,2470.94,return_and_refund
RFI00000509,RF0000411,OI000007803,SKU0002295,1,780.53,return_and_refund
RFI00000510,RF0000412,OI000006046,SKU0002982,1,372.96,refund_only
RFI00000511,RF0000413,OI000017927,SKU0000626,1,1978.79,return_and_refund
RFI00000512,RF0000414,OI000001462,SKU0002356,1,1730.98,refund_only
RFI00000513,RF0000414,OI000001461,SKU0001716,1,1549.66,refund_only
RFI00000514,RF0000415,OI000010721,SKU0002030,1,1268.62,return_and_refund
RFI00000515,RF0000416,OI000007109,SKU0002813,1,611.22,return_and_refund
RFI00000516,RF0000417,OI000004704,SKU0001089,1,1860.93,return_and_refund
RFI00000517,RF0000418,OI000011595,SKU0000043,1,657.13,return_and_refund
RFI00000518,RF0000419,OI000007028,SKU0002118,1,489.59,return_and_refund
RFI00000519,RF0000420,OI000016950,SKU0000782,2,1943.81,return_and_refund
RFI00000520,RF0000421,OI000003263,SKU0000888,1,365.93,return_and_refund
RFI00000521,RF0000421,OI000003264,SKU0002167,1,1284.43,return_and_refund
RFI00000522,RF0000422,OI000017865,SKU0001646,1,1601.0,return_and_refund
RFI00000523,RF0000423,OI000003532,SKU0002293,1,1357.19,refund_only
RFI00000524,RF0000424,OI000015287,SKU0002318,1,2639.91,return_and_refund
RFI00000525,RF0000425,OI000005076,SKU0002024,2,1056.55,return_and_refund
RFI00000526,RF0000425,OI000005077,SKU0002983,1,325.6,return_and_refund
RFI00000527,RF0000426,OI000003679,SKU0000566,2,2562.51,return_and_refund
RFI00000528,RF0000427,OI000007130,SKU0000605,1,553.61,refund_only
RFI00000529,RF0000428,OI000001338,SKU0002817,1,1832.88,return_and_refund
RFI00000530,RF0000429,OI000007481,SKU0001338,1,311.26,return_and_refund
RFI00000531,RF0000430,OI000019759,SKU0000073,1,43.17,return_and_refund
RFI00000532,RF0000431,OI000013209,SKU0001660,1,1805.12,return_and_refund
RFI00000533,RF0000432,OI000005510,SKU0000560,1,749.86,return_and_refund
RFI00000534,RF0000433,OI000015863,SKU0000897,1,1422.82,return_and_refund
RFI00000535,RF0000434,OI000017188,SKU0001486,2,3435.48,return_and_refund
RFI00000536,RF0000435,OI000000837,SKU0000190,3,4588.94,refund_only
RFI00000537,RF0000436,OI000015823,SKU0001319,1,325.89,return_and_refund
RFI00000538,RF0000437,OI000002067,SKU0001714,2,4294.39,return_and_refund
RFI00000539,RF0000438,OI000020347,SKU0000578,1,2581.04,return_and_refund
RFI00000540,RF0000439,OI000003045,SKU0002129,1,1005.93,return_and_refund
RFI00000541,RF0000439,OI000003044,SKU0000049,1,1078.81,refund_only
RFI00000542,RF0000440,OI000014257,SKU0002842,1,2177.25,return_and_refund
RFI00000543,RF0000441,OI000007926,SKU0002554,1,446.8,return_and_refund
RFI00000544,RF0000442,OI000016845,SKU0000852,1,478.03,return_and_refund
RFI00000545,RF0000442,OI000016846,SKU0001331,1,640.01,return_and_refund
RFI00000546,RF0000443,OI000011873,SKU0000100,1,1972.09,return_and_refund
RFI00000547,RF0000443,OI000011874,SKU0000099,1,1595.75,return_and_refund
RFI00000548,RF0000444,OI000000092,SKU0002512,1,1317.42,return_and_refund
RFI00000549,RF0000445,OI000018463,SKU0000299,2,2600.32,return_and_refund
RFI00000550,RF0000445,OI000018462,SKU0001419,1,2505.74,refund_only
RFI00000551,RF0000446,OI000012024,SKU0001008,1,419.54,return_and_refund
RFI00000552,RF0000447,OI000015588,SKU0000502,1,2412.58,return_and_refund
RFI00000553,RF0000448,OI000020307,SKU0002365,1,1516.65,return_and_refund
RFI00000554,RF0000448,OI000020306,SKU0001886,1,1297.12,return_and_refund
RFI00000555,RF0000449,OI000016431,SKU0000753,4,6930.23,return_and_refund
RFI00000556,RF0000450,OI000011165,SKU0000768,3,659.94,refund_only
RFI00000557,RF0000450,OI000011164,SKU0002368,1,1766.77,return_and_refund
RFI00000558,RF0000451,OI000001431,SKU0000394,1,1486.24,refund_only
RFI00000559,RF0000452,OI000018534,SKU0001493,1,1980.42,return_and_refund
RFI00000560,RF0000453,OI000004363,SKU0001130,1,428.42,return_and_refund
RFI00000561,RF0000454,OI000019597,SKU0002373,1,553.77,refund_only
RFI00000562,RF0000455,OI000003342,SKU0000284,1,673.58,return_and_refund
RFI00000563,RF0000456,OI000009404,SKU0000902,1,2877.65,return_and_refund
RFI00000564,RF0000456,OI000009405,SKU0002501,1,258.68,return_and_refund
RFI00000565,RF0000457,OI000012607,SKU0000415,1,967.69,return_and_refund
RFI00000566,RF0000458,OI000008450,SKU0002326,1,2029.01,refund_only
RFI00000567,RF0000459,OI000018271,SKU0001181,3,4978.52,return_and_refund
RFI00000568,RF0000460,OI000002035,SKU0001408,1,2601.49,refund_only
RFI00000569,RF0000461,OI000012029,SKU0000155,2,1807.19,return_and_refund
RFI00000570,RF0000462,OI000008924,SKU0001353,1,1998.36,return_and_refund
RFI00000571,RF0000463,OI000002570,SKU0000047,4,6648.97,return_and_refund
RFI00000572,RF0000464,OI000002272,SKU0002342,2,4061.35,refund_only
RFI00000573,RF0000465,OI000004838,SKU0000263,1,746.61,refund_only
RFI00000574,RF0000466,OI000001464,SKU0002769,3,7332.5,refund_only
RFI00000575,RF0000466,OI000001465,SKU0002610,2,1396.78,refund_only
RFI00000576,RF0000467,OI000012524,SKU0000230,1,1884.88,return_and_refund
RFI00000577,RF0000468,OI000013627,SKU0000431,1,2722.98,refund_only
RFI00000578,RF0000469,OI000015061,SKU0002288,1,2384.31,refund_only
RFI00000579,RF0000470,OI000004582,SKU0002208,1,822.7,return_and_refund
RFI00000580,RF0000471,OI000015023,SKU0000540,1,953.09,refund_only
RFI00000581,RF0000472,OI000008682,SKU0000859,2,4005.39,return_and_refund
RFI00000582,RF0000473,OI000016849,SKU0001966,1,1845.28,return_and_refund
RFI00000583,RF0000474,OI000008812,SKU0001991,1,3008.86,refund_only
RFI00000584,RF0000475,OI000004747,SKU0000879,2,2699.99,return_and_refund
RFI00000585,RF0000475,OI000004746,SKU0000079,1,782.39,return_and_refund
RFI00000586,RF0000476,OI000001447,SKU0000187,2,910.72,return_and_refund
RFI00000587,RF0000477,OI000020080,SKU0000341,1,1746.41,return_and_refund
RFI00000588,RF0000478,OI000001674,SKU0002718,2,2852.93,refund_only
RFI00000589,RF0000479,OI000005371,SKU0001766,1,495.32,return_and_refund
RFI00000590,RF0000480,OI000010332,SKU0001038,1,2224.79,return_and_refund
RFI00000591,RF0000481,OI000018475,SKU0001126,1,2369.31,return_and_refund
RFI00000592,RF0000482,OI000017683,SKU0002121,1,1667.83,return_and_refund
RFI00000593,RF0000483,OI000015230,SKU0001390,2,622.55,return_and_refund
RFI00000594,RF0000484,OI000009043,SKU0001853,1,103.35,return_and_refund
RFI00000595,RF0000485,OI000003971,SKU0000172,1,515.32,refund_only
RFI00000596,RF0000486,OI000006454,SKU0000710,2,1874.02,return_and_refund
RFI00000597,RF0000487,OI000008137,SKU0001011,1,347.12,refund_only
RFI00000598,RF0000488,OI000001583,SKU0002431,1,635.45,return_and_refund
RFI00000599,RF0000489,OI000008166,SKU0002918,1,840.3,return_and_refund
RFI00000600,RF0000489,OI000008165,SKU0002757,1,1462.07,return_and_refund
RFI00000601,RF0000490,OI000003588,SKU0001477,2,6170.28,return_and_refund
RFI00000602,RF0000490,OI000003589,SKU0001638,1,2253.26,refund_only
RFI00000603,RF0000491,OI000018329,SKU0000057,1,194.55,refund_only
RFI00000604,RF0000492,OI000013746,SKU0002812,1,697.02,return_and_refund
RFI00000605,RF0000492,OI000013749,SKU0002491,1,2035.14,return_and_refund
RFI00000606,RF0000493,OI000014514,SKU0002009,1,2351.18,refund_only
RFI00000607,RF0000494,OI000011087,SKU0002457,1,1021.86,return_and_refund
RFI00000608,RF0000495,OI000014327,SKU0002201,1,3004.43,refund_only
RFI00000609,RF0000496,OI000017957,SKU0002351,1,1688.32,return_and_refund
RFI00000610,RF0000496,OI000017958,SKU0001392,1,105.03,return_and_refund
RFI00000611,RF0000497,OI000001098,SKU0002619,1,474.69,refund_only
RFI00000612,RF0000498,OI000019768,SKU0002208,2,1720.65,return_and_refund
RFI00000613,RF0000499,OI000003412,SKU0001240,1,1055.96,return_and_refund
RFI00000614,RF0000500,OI000019577,SKU0002721,1,2197.92,return_and_refund
RFI00000615,RF0000501,OI000004317,SKU0001046,1,69.18,return_and_refund
RFI00000616,RF0000502,OI000005317,SKU0002500,1,2069.81,return_and_refund
RFI00000617,RF0000502,OI000005318,SKU0002180,1,2502.33,return_and_refund
RFI00000618,RF0000503,OI000016773,SKU0000952,2,5647.97,refund_only
RFI00000619,RF0000504,OI000002233,SKU0000639,1,120.07,return_and_refund
RFI00000620,RF0000505,OI000005172,SKU0000054,1,1116.35,return_and_refund
RFI00000621,RF0000506,OI000011065,SKU0001037,2,4824.33,return_and_refund
RFI00000622,RF0000506,OI000011066,SKU0000238,1,3072.69,return_and_refund
RFI00000623,RF0000507,OI000016410,SKU0001943,1,2815.5,refund_only
RFI00000624,RF0000508,OI000019964,SKU0001777,1,2443.13,return_and_refund
RFI00000625,RF0000509,OI000015779,SKU0002637,4,7345.92,return_and_refund
RFI00000626,RF0000510,OI000010608,SKU0000013,2,527.12,return_and_refund
RFI00000627,RF0000510,OI000010607,SKU0001773,1,1624.17,return_and_refund
RFI00000628,RF0000511,OI000015920,SKU0000442,2,680.1,return_and_refund
RFI00000629,RF0000512,OI000000551,SKU0002441,1,344.24,refund_only
RFI00000630,RF0000512,OI000000552,SKU0001801,2,739.93,return_and_refund
RFI00000631,RF0000513,OI000004282,SKU0001537,1,218.27,refund_only
RFI00000632,RF0000514,OI000001289,SKU0000391,3,2313.25,return_and_refund
RFI00000633,RF0000515,OI000009489,SKU0001186,1,2714.2,return_and_refund
RFI00000634,RF0000516,OI000007102,SKU0002684,2,6159.14,refund_only
RFI00000635,RF0000517,OI000000490,SKU0002202,2,4417.95,return_and_refund
RFI00000636,RF0000517,OI000000491,SKU0000762,3,8276.26,return_and_refund
RFI00000637,RF0000518,OI000009520,SKU0000595,1,975.6,return_and_refund
RFI00000638,RF0000519,OI000010362,SKU0002764,1,1347.1,refund_only
RFI00000639,RF0000520,OI000004909,SKU0002656,3,4685.8,refund_only
RFI00000640,RF0000520,OI000004912,SKU0000416,1,951.95,return_and_refund
RFI00000641,RF0000521,OI000012383,SKU0002847,2,4904.11,return_and_refund
RFI00000642,RF0000522,OI000016060,SKU0002784,1,1571.2,return_and_refund
RFI00000643,RF0000523,OI000009521,SKU0002668,2,1182.84,return_and_refund
RFI00000644,RF0000523,OI000009523,SKU0001228,2,3136.09,refund_only
RFI00000645,RF0000524,OI000015035,SKU0002380,1,2605.91,return_and_refund
RFI00000646,RF0000524,OI000015036,SKU0001900,1,1533.82,return_and_refund
RFI00000647,RF0000525,OI000007307,SKU0002634,1,793.84,return_and_refund
RFI00000648,RF0000526,OI000008148,SKU0000921,2,651.2,return_and_refund
RFI00000649,RF0000527,OI000017723,SKU0000149,2,1859.09,refund_only
RFI00000650,RF0000528,OI000002217,SKU0002738,2,602.92,return_and_refund
RFI00000651,RF0000528,OI000002216,SKU0002258,1,656.64,return_and_refund
RFI00000652,RF0000529,OI000004265,SKU0002541,1,669.03,return_and_refund
RFI00000653,RF0000530,OI000009806,SKU0002781,1,2671.74,return_and_refund
RFI00000654,RF0000530,OI000009807,SKU0000382,1,129.34,return_and_refund
RFI00000655,RF0000531,OI000019567,SKU0000366,1,2138.62,return_and_refund
RFI00000656,RF0000532,OI000012759,SKU0000981,1,1166.61,return_and_refund
RFI00000657,RF0000533,OI000016648,SKU0000992,2,4806.43,return_and_refund
RFI00000658,RF0000533,OI000016649,SKU0000032,1,1220.26,return_and_refund
RFI00000659,RF0000534,OI000001195,SKU0000148,2,329.0,return_and_refund
RFI00000660,RF0000535,OI000009243,SKU0002502,1,285.35,refund_only
RFI00000661,RF0000535,OI000009242,SKU0002502,3,676.58,return_and_refund
RFI00000662,RF0000536,OI000018297,SKU0001584,2,248.24,return_and_refund
RFI00000663,RF0000536,OI000018298,SKU0000304,1,1073.14,return_and_refund
RFI00000664,RF0000537,OI000013403,SKU0002662,1,1044.86,return_and_refund
RFI00000665,RF0000538,OI000016821,SKU0001375,1,1910.7,return_and_refund
RFI00000666,RF0000539,OI000008058,SKU0000800,2,1665.18,refund_only
RFI00000667,RF0000539,OI000008056,SKU0001439,1,94.16,return_and_refund
RFI00000668,RF0000540,OI000006349,SKU0001922,1,233.24,refund_only
RFI00000669,RF0000541,OI000000619,SKU0001520,3,3911.41,return_and_refund
RFI00000670,RF0000541,OI000000620,SKU0000400,1,1552.2,return_and_refund
RFI00000671,RF0000542,OI000018024,SKU0002283,2,6546.1,return_and_refund
RFI00000672,RF0000543,OI000014378,SKU0000288,1,2635.72,return_and_refund
RFI00000673,RF0000544,OI000002837,SKU0000913,1,199.61,return_and_refund
RFI00000674,RF0000545,OI000016452,SKU0001856,1,1104.08,return_and_refund
RFI00000675,RF0000546,OI000009852,SKU0000395,1,929.68,return_and_refund
RFI00000676,RF0000547,OI000017061,SKU0002757,1,1332.94,return_and_refund
RFI00000677,RF0000548,OI000017920,SKU0000416,1,843.91,return_and_refund
RFI00000678,RF0000549,OI000003197,SKU0002698,2,1727.39,return_and_refund
RFI00000679,RF0000550,OI000015544,SKU0002778,2,1115.85,return_and_refund
RFI00000680,RF0000551,OI000016658,SKU0002266,1,1118.03,return_and_refund
RFI00000681,RF0000552,OI000019629,SKU0002426,1,1411.39,return_and_refund
RFI00000682,RF0000552,OI000019628,SKU0002746,1,2171.79,return_and_refund
RFI00000683,RF0000553,OI000012480,SKU0000202,2,4331.52,refund_only
RFI00000684,RF0000554,OI000004951,SKU0000732,1,1704.64,return_and_refund
RFI00000685,RF0000555,OI000006728,SKU0001724,1,1291.58,return_and_refund
RFI00000686,RF0000556,OI000010252,SKU0002804,1,2893.42,return_and_refund
RFI00000687,RF0000557,OI000017868,SKU0001535,2,1467.24,return_and_refund
RFI00000688,RF0000558,OI000003495,SKU0002365,2,3256.88,return_and_refund
RFI00000689,RF0000558,OI000003494,SKU0000446,1,2167.18,refund_only
RFI00000690,RF0000559,OI000018640,SKU0002635,1,1643.51,return_and_refund
RFI00000691,RF0000560,OI000013343,SKU0002897,1,2311.18,return_and_refund
RFI00000692,RF0000560,OI000013342,SKU0002098,1,1678.54,refund_only
RFI00000693,RF0000561,OI000011047,SKU0002185,1,2164.97,return_and_refund
RFI00000694,RF0000562,OI000012025,SKU0002020,1,2822.39,return_and_refund
RFI00000695,RF0000562,OI000012026,SKU0001860,2,402.96,refund_only
RFI00000696,RF0000563,OI000001286,SKU0001285,1,2534.24,return_and_refund
RFI00000697,RF0000564,OI000015774,SKU0002485,2,2279.86,return_and_refund
RFI00000698,RF0000565,OI000009531,SKU0001373,1,1112.2,return_and_refund
RFI00000699,RF0000566,OI000012348,SKU0001460,1,1659.06,return_and_refund
RFI00000700,RF0000566,OI000012347,SKU0000180,1,1218.3,return_and_refund
RFI00000701,RF0000567,OI000016239,SKU0002441,1,331.42,return_and_refund
RFI00000702,RF0000568,OI000007152,SKU0002237,1,920.75,return_and_refund
RFI00000703,RF0000569,OI000008807,SKU0000722,2,1914.77,return_and_refund
RFI00000704,RF0000570,OI000008562,SKU0002785,1,371.35,return_and_refund
RFI00000705,RF0000571,OI000011957,SKU0000128,1,3056.15,return_and_refund
RFI00000706,RF0000572,OI000011248,SKU0000216,2,4587.82,return_and_refund
RFI00000707,RF0000572,OI000011250,SKU0002456,3,3159.0,return_and_refund
RFI00000708,RF0000573,OI000004236,SKU0000973,1,2323.36,return_and_refund
RFI00000709,RF0000574,OI000019060,SKU0001703,1,2510.33,refund_only
RFI00000710,RF0000575,OI000001140,SKU0000755,1,660.68,return_and_refund
RFI00000711,RF0000576,OI000019617,SKU0000212,2,5704.68,return_and_refund
RFI00000712,RF0000576,OI000019618,SKU0000052,1,962.22,return_and_refund
RFI00000713,RF0000577,OI000003300,SKU0002197,2,1760.19,return_and_refund
RFI00000714,RF0000578,OI000004503,SKU0002006,1,930.18,refund_only
RFI00000715,RF0000579,OI000003262,SKU0000605,1,479.9,return_and_refund
RFI00000716,RF0000580,OI000005786,SKU0001601,1,303.75,refund_only
RFI00000717,RF0000580,OI000005785,SKU0000642,1,1186.9,return_and_refund
RFI00000718,RF0000581,OI000011577,SKU0002260,1,133.94,return_and_refund
RFI00000719,RF0000582,OI000014864,SKU0002583,3,5873.92,return_and_refund
RFI00000720,RF0000583,OI000014567,SKU0001905,2,6297.36,refund_only
RFI00000721,RF0000584,OI000006657,SKU0001192,1,145.45,refund_only
RFI00000722,RF0000584,OI000006656,SKU0000712,1,1202.44,return_and_refund
RFI00000723,RF0000585,OI000001138,SKU0001783,1,2260.86,return_and_refund
RFI00000724,RF0000586,OI000015795,SKU0001530,1,277.51,return_and_refund
RFI00000725,RF0000587,OI000006276,SKU0002227,1,2555.05,return_and_refund
RFI00000726,RF0000588,OI000004183,SKU0000414,1,2667.65,refund_only
RFI00000727,RF0000589,OI000000350,SKU0001591,1,989.52,return_and_refund
RFI00000728,RF0000590,OI000013129,SKU0000798,1,1001.29,return_and_refund
RFI00000729,RF0000591,OI000005634,SKU0000555,3,4134.9,refund_only
RFI00000730,RF0000592,OI000017901,SKU0001947,1,2372.07,return_and_refund
RFI00000731,RF0000593,OI000003693,SKU0001175,1,55.39,refund_only
RFI00000732,RF0000593,OI000003692,SKU0002455,1,784.4,refund_only
RFI00000733,RF0000594,OI000012487,SKU0001154,1,1609.03,return_and_refund
RFI00000734,RF0000594,OI000012485,SKU0001953,1,1606.57,return_and_refund
RFI00000735,RF0000595,OI000002486,SKU0002260,2,269.24,refund_only
RFI00000736,RF0000596,OI000019002,SKU0000028,1,2749.97,refund_only
RFI00000737,RF0000597,OI000014005,SKU0002512,1,1391.44,return_and_refund
RFI00000738,RF0000598,OI000010229,SKU0001337,1,337.55,refund_only
RFI00000739,RF0000599,OI000002537,SKU0001433,1,1822.33,return_and_refund
RFI00000740,RF0000599,OI000002538,SKU0000793,1,2979.2,refund_only
RFI00000741,RF0000600,OI000009728,SKU0001174,3,2787.55,return_and_refund
RFI00000742,RF0000601,OI000000670,SKU0000827,2,2607.8,refund_only
RFI00000743,RF0000602,OI000013765,SKU0002337,1,1481.03,return_and_refund
RFI00000744,RF0000603,OI000011146,SKU0001450,1,1687.14,return_and_refund
RFI00000745,RF0000603,OI000011147,SKU0002249,1,1805.8,refund_only
RFI00000746,RF0000604,OI000000041,SKU0000609,1,3072.81,return_and_refund
RFI00000747,RF0000604,OI000000040,SKU0002689,1,1288.94,refund_only
RFI00000748,RF0000605,OI000019388,SKU0001655,1,185.37,return_and_refund
RFI00000749,RF0000606,OI000002398,SKU0002365,1,1656.23,return_and_refund
RFI00000750,RF0000607,OI000013626,SKU0001642,1,2670.98,return_and_refund
RFI00000751,RF0000608,OI000005232,SKU0001894,1,1662.86,refund_only
RFI00000752,RF0000609,OI000014782,SKU0001196,2,2761.86,return_and_refund
RFI00000753,RF0000610,OI000006154,SKU0001137,1,675.98,return_and_refund
RFI00000754,RF0000611,OI000018043,SKU0000727,4,8887.86,return_and_refund
RFI00000755,RF0000612,OI000005673,SKU0001433,1,1872.47,refund_only
RFI00000756,RF0000613,OI000012658,SKU0001127,1,1119.06,return_and_refund
RFI00000757,RF0000614,OI000013197,SKU0001939,1,2042.85,return_and_refund
RFI00000758,RF0000614,OI000013198,SKU0001779,1,190.16,return_and_refund
RFI00000759,RF0000615,OI000001914,SKU0000435,2,4579.63,refund_only
RFI00000760,RF0000616,OI000007008,SKU0001879,2,2985.19,return_and_refund
RFI00000761,RF0000617,OI000003879,SKU0000846,1,575.79,return_and_refund
RFI00000762,RF0000618,OI000002071,SKU0000629,1,569.24,return_and_refund
RFI00000763,RF0000618,OI000002070,SKU0000949,1,2546.08,return_and_refund
RFI00000764,RF0000619,OI000016580,SKU0001203,1,2517.08,return_and_refund
RFI00000765,RF0000620,OI000016693,SKU0002883,1,1029.05,return_and_refund
RFI00000766,RF0000621,OI000004883,SKU0002272,1,1386.72,return_and_refund
RFI00000767,RF0000622,OI000006516,SKU0001024,1,1694.0,refund_only
RFI00000768,RF0000623,OI000015992,SKU0000367,1,2660.48,return_and_refund
RFI00000769,RF0000624,OI000016935,SKU0000543,1,657.38,return_and_refund
RFI00000770,RF0000625,OI000013054,SKU0000260,1,1351.93,return_and_refund
RFI00000771,RF0000626,OI000005914,SKU0002613,1,1056.86,return_and_refund
RFI00000772,RF0000627,OI000006499,SKU0000680,2,2598.18,refund_only
RFI00000773,RF0000627,OI000006500,SKU0000040,1,2310.26,refund_only
RFI00000774,RF0000628,OI000003032,SKU0000120,1,2817.82,return_and_refund
RFI00000775,RF0000629,OI000004591,SKU0000602,1,805.93,return_and_refund
RFI00000776,RF0000630,OI000005364,SKU0001773,1,1593.68,refund_only
RFI00000777,RF0000631,OI000015966,SKU0002198,1,997.26,refund_only
RFI00000778,RF0000632,OI000003647,SKU0002030,1,1293.18,refund_only
RFI00000779,RF0000633,OI000011651,SKU0002925,1,899.53,return_and_refund
RFI00000780,RF0000633,OI000011654,SKU0001005,1,1897.52,refund_only
RFI00000781,RF0000634,OI000017827,SKU0002955,1,480.91,return_and_refund
RFI00000782,RF0000635,OI000014755,SKU0000006,1,2010.69,refund_only
RFI00000783,RF0000636,OI000015199,SKU0002850,2,2068.05,refund_only
RFI00000784,RF0000637,OI000016844,SKU0002728,1,521.03,return_and_refund
RFI00000785,RF0000638,OI000006103,SKU0002507,1,3194.41,return_and_refund
RFI00000786,RF0000639,OI000018928,SKU0001605,1,2295.02,return_and_refund
RFI00000787,RF0000640,OI000004247,SKU0002248,1,1287.58,return_and_refund
RFI00000788,RF0000641,OI000016047,SKU0001146,1,99.24,return_and_refund
RFI00000789,RF0000642,OI000003872,SKU0000302,3,9519.64,return_and_refund
RFI00000790,RF0000643,OI000017909,SKU0001597,2,1456.56,return_and_refund
RFI00000791,RF0000644,OI000012062,SKU0002994,1,2665.84,return_and_refund
RFI00000792,RF0000644,OI000012061,SKU0000753,1,1707.91,return_and_refund
RFI00000793,RF0000645,OI000003835,SKU0002314,1,225.9,return_and_refund
RFI00000794,RF0000646,OI000000892,SKU0000126,1,847.38,return_and_refund
RFI00000795,RF0000647,OI000012551,SKU0001658,1,453.64,return_and_refund
RFI00000796,RF0000648,OI000004369,SKU0002435,1,2042.59,return_and_refund
RFI00000797,RF0000648,OI000004370,SKU0002275,3,480.84,return_and_refund
RFI00000798,RF0000649,OI000010779,SKU0000530,1,2623.41,return_and_refund
RFI00000799,RF0000649,OI000010780,SKU0002610,1,758.57,return_and_refund
RFI00000800,RF0000650,OI000008610,SKU0001706,2,5068.4,return_and_refund
RFI00000801,RF0000651,OI000014721,SKU0001103,1,1095.17,return_and_refund
RFI00000802,RF0000652,OI000007619,SKU0001841,1,1862.51,return_and_refund
RFI00000803,RF0000653,OI000010446,SKU0001007,1,378.58,return_and_refund
RFI00000804,RF0000654,OI000014878,SKU0002068,1,1372.25,return_and_refund
RFI00000805,RF0000655,OI000015425,SKU0000758,1,1904.47,return_and_refund
RFI00000806,RF0000656,OI000001043,SKU0000173,2,4149.52,return_and_refund
RFI00000807,RF0000657,OI000009105,SKU0002703,1,332.49,refund_only
RFI00000808,RF0000657,OI000009104,SKU0002223,2,1891.61,return_and_refund
RFI00000809,RF0000658,OI000017910,SKU0002378,1,1033.7,return_and_refund
RFI00000810,RF0000659,OI000010943,SKU0000198,2,2089.4,return_and_refund
RFI00000811,RF0000660,OI000003464,SKU0002776,1,1753.32,return_and_refund
RFI00000812,RF0000661,OI000015783,SKU0002911,2,3715.17,return_and_refund
RFI00000813,RF0000661,OI000015781,SKU0000031,3,4719.51,refund_only
RFI00000814,RF0000662,OI000000098,SKU0001970,1,1439.03,return_and_refund
RFI00000815,RF0000663,OI000008241,SKU0000578,1,2800.55,return_and_refund
RFI00000816,RF0000664,OI000004046,SKU0000804,2,1926.51,refund_only
RFI00000817,RF0000664,OI000004045,SKU0001444,1,1144.84,return_and_refund
RFI00000818,RF0000665,OI000005874,SKU0001283,1,2388.74,return_and_refund
RFI00000819,RF0000666,OI000015181,SKU0000211,1,2599.44,return_and_refund
RFI00000820,RF0000667,OI000013705,SKU0001742,1,2441.45,return_and_refund
RFI00000821,RF0000668,OI000005084,SKU0002960,1,2971.42,return_and_refund
RFI00000822,RF0000668,OI000005085,SKU0002480,1,2032.21,return_and_refund
RFI00000823,RF0000669,OI000000716,SKU0002327,1,934.21,return_and_refund
RFI00000824,RF0000670,OI000018265,SKU0001682,1,1796.93,return_and_refund
RFI00000825,RF0000671,OI000018227,SKU0002366,1,1733.83,return_and_refund
RFI00000826,RF0000671,OI000018228,SKU0001086,1,1072.67,return_and_refund
RFI00000827,RF0000672,OI000020085,SKU0000527,1,605.48,refund_only
RFI00000828,RF0000673,OI000000289,SKU0000215,2,3898.27,return_and_refund
RFI00000829,RF0000674,OI000007809,SKU0001011,1,355.48,refund_only
RFI00000830,RF0000675,OI000019440,SKU0000103,2,4686.21,return_and_refund
RFI00000831,RF0000676,OI000012586,SKU0001764,1,823.11,return_and_refund
RFI00000832,RF0000677,OI000016969,SKU0000096,3,462.88,return_and_refund
RFI00000833,RF0000677,OI000016967,SKU0000736,1,941.47,refund_only
RFI00000834,RF0000678,OI000003992,SKU0001815,1,2053.93,refund_only
RFI00000835,RF0000679,OI000013550,SKU0002450,1,2461.05,refund_only
RFI00000836,RF0000680,OI000013075,SKU0000796,1,1144.22,return_and_refund
RFI00000837,RF0000681,OI000008596,SKU0000585,2,5030.06,return_and_refund
RFI00000838,RF0000682,OI000019869,SKU0000986,2,2973.56,return_and_refund
RFI00000839,RF0000683,OI000017508,SKU0000053,1,1205.5,return_and_refund
RFI00000840,RF0000683,OI000017509,SKU0001493,3,6482.04,return_and_refund
RFI00000841,RF0000684,OI000011689,SKU0001984,1,2070.75,refund_only
RFI00000842,RF0000685,OI000015365,SKU0002139,2,3983.02,return_and_refund
RFI00000843,RF0000685,OI000015366,SKU0000859,1,1741.14,return_and_refund
RFI00000844,RF0000686,OI000008140,SKU0002928,1,1070.2,return_and_refund
RFI00000845,RF0000686,OI000008142,SKU0000368,1,2879.77,refund_only
RFI00000846,RF0000687,OI000015568,SKU0000429,1,2787.86,return_and_refund
RFI00000847,RF0000688,OI000002202,SKU0001764,1,967.18,refund_only
RFI00000848,RF0000689,OI000015877,SKU0001176,1,55.48,refund_only
RFI00000849,RF0000690,OI000014440,SKU0002638,1,1587.74,return_and_refund
RFI00000850,RF0000690,OI000014441,SKU0002477,2,5206.79,return_and_refund
RFI00000851,RF0000691,OI000003481,SKU0001376,1,1909.14,return_and_refund
RFI00000852,RF0000692,OI000001757,SKU0000179,4,4331.93,return_and_refund
RFI00000853,RF0000693,OI000006009,SKU0000818,1,2404.82,return_and_refund
RFI00000854,RF0000694,OI000017595,SKU0002824,2,5679.9,return_and_refund
RFI00000855,RF0000695,OI000017619,SKU0002479,1,2271.07,return_and_refund
RFI00000856,RF0000696,OI000003480,SKU0001771,1,3139.47,return_and_refund
RFI00000857,RF0000697,OI000005648,SKU0001373,1,1126.77,refund_only
RFI00000858,RF0000697,OI000005649,SKU0002813,2,1129.11,return_and_refund
RFI00000859,RF0000698,OI000011797,SKU0000667,1,512.52,return_and_refund
RFI00000860,RF0000699,OI000002286,SKU0000656,2,3744.52,return_and_refund
RFI00000861,RF0000700,OI000006305,SKU0000955,1,923.44,refund_only
RFI00000862,RF0000700,OI000006304,SKU0000635,1,1102.31,return_and_refund
RFI00000863,RF0000701,OI000017637,SKU0002730,1,1648.95,return_and_refund
RFI00000864,RF0000702,OI000010864,SKU0002470,1,2616.98,refund_only
RFI00000865,RF0000703,OI000014510,SKU0000099,1,1638.97,refund_only
RFI00000866,RF0000703,OI000014509,SKU0002979,2,4538.83,return_and_refund
RFI00000867,RF0000704,OI000015748,SKU0002375,1,729.38,return_and_refund
RFI00000868,RF0000705,OI000009390,SKU0001908,1,380.65,return_and_refund
RFI00000869,RF0000706,OI000011845,SKU0002329,2,2795.14,refund_only
RFI00000870,RF0000707,OI000008168,SKU0002205,1,611.19,return_and_refund
RFI00000871,RF0000708,OI000019500,SKU0002869,1,1832.35,refund_only
RFI00000872,RF0000709,OI000009899,SKU0000608,1,2568.01,return_and_refund
RFI00000873,RF0000710,OI000001128,SKU0001818,3,1501.66,refund_only
RFI00000874,RF0000710,OI000001129,SKU0002938,1,1608.28,return_and_refund
RFI00000875,RF0000711,OI000010905,SKU0001717,1,3031.5,return_and_refund
RFI00000876,RF0000712,OI000017551,SKU0002703,1,331.54,refund_only
RFI00000877,RF0000713,OI000008037,SKU0000750,1,2181.84,refund_only
RFI00000878,RF0000714,OI000017522,SKU0002284,1,3296.32,return_and_refund
RFI00000879,RF0000715,OI000002836,SKU0002850,1,1045.22,refund_only
RFI00000880,RF0000716,OI000017904,SKU0000138,1,2327.0,refund_only
RFI00000881,RF0000716,OI000017903,SKU0000297,1,595.28,return_and_refund
RFI00000882,RF0000717,OI000006749,SKU0001036,1,3211.8,return_and_refund
RFI00000883,RF0000718,OI000002696,SKU0001993,2,1897.84,return_and_refund
RFI00000884,RF0000718,OI000002697,SKU0001994,1,1136.48,refund_only
RFI00000885,RF0000719,OI000006936,SKU0001220,1,390.58,return_and_refund
RFI00000886,RF0000720,OI000005841,SKU0000788,1,1001.78,return_and_refund
RFI00000887,RF0000721,OI000020433,SKU0001377,1,2567.58,refund_only
RFI00000888,RF0000722,OI000015228,SKU0001257,1,868.49,refund_only
RFI00000889,RF0000723,OI000010292,SKU0001731,1,2512.67,return_and_refund
RFI00000890,RF0000724,OI000004478,SKU0001185,2,6053.22,return_and_refund
RFI00000891,RF0000725,OI000014897,SKU0000922,4,1337.76,return_and_refund
RFI00000892,RF0000726,OI000007321,SKU0002834,1,2980.13,refund_only
RFI00000893,RF0000727,OI000018450,SKU0001118,1,2073.45,return_and_refund
RFI00000894,RF0000728,OI000019207,SKU0002869,2,3533.84,return_and_refund
RFI00000895,RF0000728,OI000019208,SKU0002390,3,3004.64,return_and_refund
RFI00000896,RF0000729,OI000019631,SKU0000727,1,1752.66,refund_only
RFI00000897,RF0000729,OI000019630,SKU0000888,1,369.08,return_and_refund
RFI00000898,RF0000730,OI000001737,SKU0000346,1,2293.39,refund_only
RFI00000899,RF0000730,OI000001736,SKU0002265,1,1253.65,return_and_refund
RFI00000900,RF0000731,OI000001425,SKU0000320,1,1051.75,return_and_refund
RFI00000901,RF0000731,OI000001426,SKU0000319,1,1075.58,refund_only
RFI00000902,RF0000732,OI000002502,SKU0001304,1,568.52,return_and_refund
RFI00000903,RF0000733,OI000002312,SKU0000756,1,639.68,refund_only
RFI00000904,RF0000734,OI000008092,SKU0001374,1,1025.42,return_and_refund
RFI00000905,RF0000735,OI000020192,SKU0002956,1,465.54,return_and_refund
RFI00000906,RF0000736,OI000020271,SKU0001475,1,844.15,return_and_refund
RFI00000907,RF0000737,OI000016422,SKU0002268,2,3147.75,return_and_refund
RFI00000908,RF0000738,OI000019923,SKU0000183,1,2449.26,return_and_refund
RFI00000909,RF0000739,OI000014917,SKU0001025,1,1831.48,refund_only
RFI00000910,RF0000740,OI000013329,SKU0001034,1,2161.27,return_and_refund
RFI00000911,RF0000741,OI000002493,SKU0002876,1,1065.77,refund_only
RFI00000912,RF0000742,OI000004134,SKU0002542,1,894.36,return_and_refund
RFI00000913,RF0000742,OI000004135,SKU0002061,1,1407.34,return_and_refund
RFI00000914,RF0000743,OI000000568,SKU0000406,1,1772.44,return_and_refund
RFI00000915,RF0000743,OI000000570,SKU0001205,2,3359.06,refund_only
RFI00000916,RF0000744,OI000018315,SKU0000811,1,435.79,return_and_refund
RFI00000917,RF0000745,OI000012281,SKU0001854,1,101.32,return_and_refund
RFI00000918,RF0000746,OI000010994,SKU0001946,2,2586.55,return_and_refund
RFI00000919,RF0000747,OI000004502,SKU0002956,3,1666.08,return_and_refund
RFI00000920,RF0000748,OI000004989,SKU0000092,1,1960.2,refund_only
RFI00000921,RF0000749,OI000020025,SKU0000454,1,443.78,refund_only
RFI00000922,RF0000750,OI000005674,SKU0001431,1,701.67,return_and_refund
RFI00000923,RF0000751,OI000003867,SKU0002197,2,1788.5,return_and_refund
RFI00000924,RF0000752,OI000009785,SKU0002032,2,3557.32,return_and_refund
RFI00000925,RF0000752,OI000009786,SKU0000752,1,1955.82,return_and_refund
RFI00000926,RF0000753,OI000006025,SKU0002651,1,2054.55,return_and_refund
RFI00000927,RF0000754,OI000012263,SKU0001333,2,4919.76,return_and_refund
RFI00000928,RF0000755,OI000005010,SKU0002232,1,1579.19,return_and_refund
RFI00000929,RF0000756,OI000008180,SKU0000268,1,2809.72,refund_only
RFI00000930,RF0000756,OI000008178,SKU0002668,1,588.14,return_and_refund
RFI00000931,RF0000757,OI000017654,SKU0001809,1,1331.59,refund_only
RFI00000932,RF0000757,OI000017653,SKU0002929,2,2715.82,return_and_refund
RFI00000933,RF0000758,OI000016921,SKU0001175,1,54.97,refund_only
RFI00000934,RF0000758,OI000016922,SKU0000856,1,1306.52,return_and_refund
RFI00000935,RF0000759,OI000008429,SKU0001465,1,35.0,return_and_refund
RFI00000936,RF0000760,OI000001315,SKU0001056,1,1430.8,refund_only
RFI00000937,RF0000761,OI000015421,SKU0001809,1,1409.43,return_and_refund
RFI00000938,RF0000762,OI000000054,SKU0002091,3,9122.57,return_and_refund
RFI00000939,RF0000763,OI000016820,SKU0002043,1,697.53,return_and_refund
RFI00000940,RF0000764,OI000015793,SKU0002226,1,1640.56,return_and_refund
RFI00000941,RF0000765,OI000004994,SKU0001344,2,686.03,return_and_refund
RFI00000942,RF0000766,OI000012234,SKU0000423,1,1701.3,return_and_refund
RFI00000943,RF0000767,OI000011347,SKU0001164,2,4843.79,return_and_refund
RFI00000944,RF0000768,OI000002626,SKU0001357,2,3506.31,refund_only
RFI00000945,RF0000768,OI000002627,SKU0000398,1,1606.61,return_and_refund
RFI00000946,RF0000769,OI000019486,SKU0000363,1,742.38,refund_only
RFI00000947,RF0000770,OI000017449,SKU0002215,1,2326.71,refund_only
RFI00000948,RF0000771,OI000011424,SKU0002614,1,1185.48,return_and_refund
RFI00000949,RF0000772,OI000009479,SKU0002674,3,5151.75,return_and_refund
RFI00000950,RF0000773,OI000012542,SKU0000588,1,1440.32,refund_only
RFI00000951,RF0000774,OI000018867,SKU0002815,2,4010.26,return_and_refund
RFI00000952,RF0000775,OI000000209,SKU0000741,2,2795.62,return_and_refund
RFI00000953,RF0000776,OI000000933,SKU0002510,1,1580.05,return_and_refund
RFI00000954,RF0000777,OI000011995,SKU0001375,2,3958.56,return_and_refund
RFI00000955,RF0000778,OI000017467,SKU0000192,1,894.62,return_and_refund
RFI00000956,RF0000778,OI000017466,SKU0002271,1,1343.89,return_and_refund
RFI00000957,RF0000779,OI000018191,SKU0001808,1,2326.44,return_and_refund
RFI00000958,RF0000780,OI000017354,SKU0000218,2,514.36,return_and_refund
RFI00000959,RF0000781,OI000017351,SKU0000357,4,10997.55,refund_only
RFI00000960,RF0000782,OI000018593,SKU0002015,1,2819.51,return_and_refund
RFI00000961,RF0000783,OI000005865,SKU0001464,1,2193.19,return_and_refund
RFI00000962,RF0000784,OI000004496,SKU0001423,2,3677.75,return_and_refund
RFI00000963,RF0000785,OI000018989,SKU0000453,1,421.96,refund_only
RFI00000964,RF0000785,OI000018990,SKU0000613,1,3034.23,refund_only
RFI00000965,RF0000786,OI000001557,SKU0000173,1,1978.97,return_and_refund
RFI00000966,RF0000787,OI000017635,SKU0002188,3,7042.4,refund_only
RFI00000967,RF0000788,OI000014316,SKU0001774,1,1525.89,return_and_refund
RFI00000968,RF0000789,OI000015132,SKU0000371,1,1189.55,return_and_refund
RFI00000969,RF0000790,OI000007126,SKU0001927,1,1862.3,return_and_refund
RFI00000970,RF0000791,OI000017783,SKU0002928,1,1072.76,refund_only
RFI00000971,RF0000792,OI000011199,SKU0002159,3,4585.02,return_and_refund
RFI00000972,RF0000793,OI000019342,SKU0000109,1,1625.04,return_and_refund
RFI00000973,RF0000794,OI000016383,SKU0000189,1,1630.91,return_and_refund
RFI00000974,RF0000795,OI000016242,SKU0001506,1,793.77,return_and_refund
RFI00000975,RF0000796,OI000013065,SKU0000045,1,2704.84,return_and_refund
RFI00000976,RF0000797,OI000014444,SKU0000255,1,957.83,return_and_refund
RFI00000977,RF0000798,OI000008727,SKU0000985,1,1708.84,return_and_refund
RFI00000978,RF0000798,OI000008726,SKU0000185,1,169.15,return_and_refund
RFI00000979,RF0000799,OI000001025,SKU0000753,1,1642.94,return_and_refund
RFI00000980,RF0000800,OI000019845,SKU0000064,1,2040.86,return_and_refund
RFI00000981,RF0000801,OI000019523,SKU0002487,1,864.39,return_and_refund
RFI00000982,RF0000802,OI000017590,SKU0000230,1,1894.61,refund_only
RFI00000983,RF0000803,OI000018873,SKU0001348,4,3349.55,return_and_refund
RFI00000984,RF0000803,OI000018875,SKU0001987,2,98.78,return_and_refund
RFI00000985,RF0000804,OI000015846,SKU0002091,1,2985.98,return_and_refund
RFI00000986,RF0000805,OI000002726,SKU0001267,1,1243.56,return_and_refund
RFI00000987,RF0000806,OI000018985,SKU0000641,1,1216.73,return_and_refund
RFI00000988,RF0000807,OI000015714,SKU0000195,1,487.78,refund_only
RFI00000989,RF0000808,OI000009051,SKU0002724,1,2418.99,return_and_refund
RFI00000990,RF0000809,OI000004816,SKU0000205,1,1885.32,return_and_refund
RFI00000991,RF0000810,OI000002057,SKU0001477,2,5528.75,return_and_refund
RFI00000992,RF0000811,OI000018282,SKU0001752,1,2813.83,refund_only
RFI00000993,RF0000812,OI000005832,SKU0000641,1,1233.2,return_and_refund
RFI00000994,RF0000813,OI000003945,SKU0002990,2,951.01,return_and_refund
RFI00000995,RF0000814,OI000004332,SKU0000392,3,2511.77,return_and_refund
RFI00000996,RF0000814,OI000004334,SKU0000392,3,2584.54,return_and_refund
RFI00000997,RF0000815,OI000007504,SKU0001947,1,2359.05,return_and_refund
RFI00000998,RF0000816,OI000016709,SKU0002465,2,169.98,return_and_refund
RFI00000999,RF0000816,OI000016710,SKU0000865,1,81.94,return_and_refund
RFI00001000,RF0000817,OI000013100,SKU0001595,1,96.0,refund_only
RFI00001001,RF0000818,OI000007080,SKU0000824,1,456.82,return_and_refund
RFI00001002,RF0000819,OI000006955,SKU0002025,1,2356.06,return_and_refund
RFI00001003,RF0000819,OI000006956,SKU0002506,2,3985.61,return_and_refund
RFI00001004,RF0000820,OI000015560,SKU0002691,1,882.04,return_and_refund
RFI00001005,RF0000821,OI000012017,SKU0002035,1,1625.93,refund_only
RFI00001006,RF0000822,OI000004070,SKU0002088,1,599.62,return_and_refund
RFI00001007,RF0000822,OI000004069,SKU0000007,1,734.89,return_and_refund
RFI00001008,RF0000823,OI000019404,SKU0001099,1,1012.91,return_and_refund
RFI00001009,RF0000824,OI000004514,SKU0001952,1,2174.13,return_and_refund
RFI00001010,RF0000824,OI000004513,SKU0002591,1,1496.65,return_and_refund
RFI00001011,RF0000825,OI000011336,SKU0002130,1,879.84,refund_only
RFI00001012,RF0000826,OI000017866,SKU0002702,1,2738.46,return_and_refund
RFI00001013,RF0000827,OI000008535,SKU0002649,1,2122.92,return_and_refund
RFI00001014,RF0000827,OI000008536,SKU0001689,1,1910.07,refund_only
RFI00001015,RF0000828,OI000000339,SKU0002207,1,800.07,return_and_refund
RFI00001016,RF0000829,OI000006713,SKU0001944,1,2482.32,return_and_refund
RFI00001017,RF0000830,OI000018663,SKU0002054,2,611.38,return_and_refund
RFI00001018,RF0000830,OI000018664,SKU0002213,1,1042.08,return_and_refund
RFI00001019,RF0000831,OI000010266,SKU0001846,1,594.85,return_and_refund
RFI00001020,RF0000831,OI000010267,SKU0000245,2,2632.0,return_and_refund
RFI00001021,RF0000832,OI000002613,SKU0001550,1,2431.07,return_and_refund
RFI00001022,RF0000833,OI000017103,SKU0001138,1,630.62,return_and_refund
RFI00001023,RF0000834,OI000018352,SKU0001185,1,2745.57,return_and_refund
RFI00001024,RF0000835,OI000018208,SKU0002582,2,1378.37,return_and_refund
RFI00001025,RF0000836,OI000009493,SKU0001810,2,3256.86,refund_only
RFI00001026,RF0000836,OI000009494,SKU0000209,1,41.24,return_and_refund
RFI00001027,RF0000837,OI000003762,SKU0001548,1,2145.31,return_and_refund
RFI00001028,RF0000837,OI000003761,SKU0002028,1,1439.09,return_and_refund
RFI00001029,RF0000838,OI000005550,SKU0000001,1,885.87,return_and_refund
RFI00001030,RF0000839,OI000010432,SKU0002574,1,217.97,return_and_refund
RFI00001031,RF0000840,OI000013144,SKU0000267,1,2491.86,return_and_refund
RFI00001032,RF0000840,OI000013145,SKU0000908,1,1591.64,refund_only
RFI00001033,RF0000841,OI000017915,SKU0002567,1,2910.99,return_and_refund
RFI00001034,RF0000842,OI000011075,SKU0001853,4,452.86,return_and_refund
RFI00001035,RF0000842,OI000011076,SKU0001534,2,2920.21,return_and_refund
RFI00001036,RF0000843,OI000019556,SKU0000467,1,2609.16,return_and_refund
RFI00001037,RF0000843,OI000019555,SKU0001107,1,2803.4,return_and_refund
RFI00001038,RF0000844,OI000012606,SKU0000790,1,3019.46,return_and_refund
RFI00001039,RF0000845,OI000003578,SKU0001426,1,618.42,return_and_refund
RFI00001040,RF0000846,OI000010613,SKU0001627,1,1442.0,return_and_refund
RFI00001041,RF0000847,OI000012314,SKU0000985,1,1673.26,return_and_refund
RFI00001042,RF0000848,OI000002206,SKU0002781,1,2751.16,return_and_refund
RFI00001043,RF0000849,OI000003704,SKU0000368,1,2702.9,refund_only
RFI00001044,RF0000850,OI000013330,SKU0000499,1,509.27,return_and_refund
RFI00001045,RF0000851,OI000011119,SKU0002580,1,1555.54,return_and_refund
RFI00001046,RF0000852,OI000009588,SKU0000401,2,4063.98,refund_only
RFI00001047,RF0000853,OI000017935,SKU0002770,2,6242.34,refund_only
RFI00001048,RF0000853,OI000017934,SKU0001490,1,2781.67,return_and_refund
RFI00001049,RF0000854,OI000018416,SKU0000887,1,496.6,refund_only
RFI00001050,RF0000855,OI000003865,SKU0001052,1,1155.38,return_and_refund
RFI00001051,RF0000855,OI000003866,SKU0000092,1,2131.08,return_and_refund
RFI00001052,RF0000856,OI000012044,SKU0001886,2,2172.43,refund_only
RFI00001053,RF0000856,OI000012043,SKU0001406,1,3178.72,return_and_refund
RFI00001054,RF0000857,OI000012531,SKU0001481,1,203.24,refund_only
RFI00001055,RF0000857,OI000012532,SKU0000201,1,2343.85,return_and_refund
RFI00001056,RF0000858,OI000001504,SKU0002090,2,2038.73,return_and_refund
RFI00001057,RF0000859,OI000020249,SKU0002254,2,4445.97,refund_only
RFI00001058,RF0000860,OI000008739,SKU0001987,2,98.51,return_and_refund
RFI00001059,RF0000861,OI000019331,SKU0000147,1,176.19,refund_only
RFI00001060,RF0000861,OI000019330,SKU0000307,1,568.03,return_and_refund
RFI00001061,RF0000862,OI000000596,SKU0002104,2,55.74,return_and_refund
RFI00001062,RF0000863,OI000003857,SKU0000175,1,2604.63,return_and_refund
RFI00001063,RF0000864,OI000003823,SKU0000576,1,1896.25,return_and_refund
RFI00001064,RF0000865,OI000004782,SKU0002854,1,1922.01,return_and_refund
RFI00001065,RF0000865,OI000004781,SKU0002214,1,984.32,refund_only
RFI00001066,RF0000866,OI000007611,SKU0002112,3,1736.76,return_and_refund
RFI00001067,RF0000867,OI000002866,SKU0002097,1,1697.35,return_and_refund
RFI00001068,RF0000868,OI000018131,SKU0000936,2,416.44,return_and_refund
RFI00001069,RF0000869,OI000007165,SKU0002477,1,2518.28,return_and_refund
RFI00001070,RF0000870,OI000001954,SKU0001072,1,2724.78,return_and_refund
RFI00001071,RF0000871,OI000018441,SKU0002839,1,2106.35,return_and_refund
RFI00001072,RF0000872,OI000005541,SKU0002169,1,254.32,return_and_refund
RFI00001073,RF0000873,OI000008695,SKU0002203,4,3956.64,refund_only
RFI00001074,RF0000874,OI000019659,SKU0000345,3,8117.13,return_and_refund
RFI00001075,RF0000874,OI000019658,SKU0001625,2,2336.42,refund_only
RFI00001076,RF0000875,OI000012188,SKU0001490,1,2786.06,return_and_refund
RFI00001077,RF0000876,OI000015841,SKU0002460,1,390.28,return_and_refund
RFI00001078,RF0000877,OI000017692,SKU0000389,1,964.04,return_and_refund
RFI00001079,RF0000878,OI000017930,SKU0001903,1,1578.19,return_and_refund
RFI00001080,RF0000878,OI000017929,SKU0002223,1,1045.0,refund_only
RFI00001081,RF0000879,OI000005856,SKU0000664,2,920.34,return_and_refund
RFI00001082,RF0000880,OI000004458,SKU0001134,1,894.43,return_and_refund
RFI00001083,RF0000881,OI000019672,SKU0000852,1,463.39,return_and_refund
RFI00001084,RF0000882,OI000007273,SKU0001633,3,7912.28,return_and_refund
RFI00001085,RF0000882,OI000007274,SKU0002593,1,2065.55,return_and_refund
RFI00001086,RF0000883,OI000016777,SKU0002000,1,902.46,return_and_refund
RFI00001087,RF0000883,OI000016778,SKU0002800,1,1290.43,refund_only
RFI00001088,RF0000884,OI000017085,SKU0000236,1,2213.31,return_and_refund
RFI00001089,RF0000884,OI000017084,SKU0002796,2,2123.74,return_and_refund
RFI00001090,RF0000885,OI000005031,SKU0002603,1,168.13,return_and_refund
RFI00001091,RF0000886,OI000014930,SKU0001549,1,2479.46,return_and_refund
RFI00001092,RF0000887,OI000008971,SKU0000598,2,4007.39,return_and_refund
RFI00001093,RF0000887,OI000008970,SKU0001878,1,65.3,refund_only
RFI00001094,RF0000888,OI000011374,SKU0000628,1,1257.6,refund_only
RFI00001095,RF0000889,OI000006190,SKU0001802,1,380.32,return_and_refund
RFI00001096,RF0000890,OI000012285,SKU0002385,1,1162.28,return_and_refund
RFI00001097,RF0000891,OI000006201,SKU0001873,1,505.16,return_and_refund
RFI00001098,RF0000891,OI000006204,SKU0002993,1,2819.75,refund_only
RFI00001099,RF0000892,OI000017177,SKU0001133,1,1006.05,refund_only
RFI00001100,RF0000893,OI000004275,SKU0001108,1,2699.02,return_and_refund
RFI00001101,RF0000894,OI000016218,SKU0002096,2,2214.2,return_and_refund
RFI00001102,RF0000894,OI000016217,SKU0002096,1,1160.42,return_and_refund
RFI00001103,RF0000895,OI000005943,SKU0002801,3,6287.0,refund_only
RFI00001104,RF0000896,OI000005372,SKU0002637,1,1620.31,refund_only
RFI00001105,RF0000896,OI000005373,SKU0001358,2,3189.83,return_and_refund
RFI00001106,RF0000897,OI000009989,SKU0000808,1,745.26,return_and_refund
RFI00001107,RF0000898,OI000001580,SKU0001371,1,1805.18,return_and_refund
RFI00001108,RF0000899,OI000019613,SKU0001135,1,208.57,return_and_refund
RFI00001109,RF0000900,OI000000769,SKU0000563,2,4733.14,refund_only
RFI00001110,RF0000900,OI000000768,SKU0000404,1,2089.85,return_and_refund
RFI00001111,RF0000901,OI000005720,SKU0001260,2,4713.08,refund_only
RFI00001112,RF0000902,OI000018072,SKU0001727,1,625.52,refund_only
RFI00001113,RF0000902,OI000018073,SKU0000127,1,2809.7,return_and_refund
RFI00001114,RF0000903,OI000007600,SKU0001184,1,2344.23,return_and_refund
RFI00001115,RF0000904,OI000013865,SKU0002484,2,69.26,return_and_refund
RFI00001116,RF0000905,OI000004479,SKU0000740,1,719.36,return_and_refund
RFI00001117,RF0000906,OI000013502,SKU0000133,1,2643.03,refund_only
RFI00001118,RF0000907,OI000000010,SKU0000387,1,2243.08,return_and_refund
RFI00001119,RF0000908,OI000019831,SKU0002579,1,1577.49,return_and_refund
RFI00001120,RF0000908,OI000019832,SKU0000819,2,3861.25,refund_only
RFI00001121,RF0000909,OI000014764,SKU0001702,1,1076.4,return_and_refund
RFI00001122,RF0000909,OI000014765,SKU0000421,1,1096.41,return_and_refund
RFI00001123,RF0000910,OI000013418,SKU0002475,1,1635.79,return_and_refund
RFI00001124,RF0000911,OI000016496,SKU0001110,1,944.56,return_and_refund
RFI00001125,RF0000912,OI000017039,SKU0002853,1,2126.26,return_and_refund
RFI00001126,RF0000913,OI000019295,SKU0001614,2,1972.78,refund_only
RFI00001127,RF0000913,OI000019296,SKU0002253,1,1801.81,refund_only
RFI00001128,RF0000914,OI000016129,SKU0001693,1,2767.73,return_and_refund
RFI00001129,RF0000915,OI000004474,SKU0002664,1,79.14,return_and_refund
RFI00001130,RF0000916,OI000016502,SKU0001617,1,672.54,return_and_refund
RFI00001131,RF0000917,OI000006307,SKU0001980,2,898.14,return_and_refund
RFI00001132,RF0000917,OI000006306,SKU0001499,2,5894.09,return_and_refund
RFI00001133,RF0000918,OI000001229,SKU0000133,1,2557.23,return_and_refund
RFI00001134,RF0000919,OI000016794,SKU0002734,1,2203.31,refund_only
RFI00001135,RF0000919,OI000016793,SKU0002413,2,3471.78,return_and_refund
RFI00001136,RF0000920,OI000012040,SKU0001278,1,2618.67,return_and_refund
RFI00001137,RF0000921,OI000019463,SKU0002871,1,259.59,return_and_refund
RFI00001138,RF0000922,OI000000745,SKU0001778,1,1936.45,return_and_refund
RFI00001139,RF0000923,OI000018890,SKU0002506,1,2011.41,return_and_refund
RFI00001140,RF0000924,OI000012543,SKU0001347,1,1019.75,refund_only
RFI00001141,RF0000925,OI000019176,SKU0002517,2,501.08,refund_only
RFI00001142,RF0000925,OI000019177,SKU0002357,2,3618.49,return_and_refund
RFI00001143,RF0000926,OI000015123,SKU0001382,1,1938.52,refund_only
RFI00001144,RF0000927,OI000000103,SKU0000259,1,1843.8,return_and_refund
RFI00001145,RF0000928,OI000003485,SKU0002876,1,1184.13,return_and_refund
RFI00001146,RF0000929,OI000009244,SKU0001205,1,1562.23,refund_only
RFI00001147,RF0000930,OI000020152,SKU0001358,1,1636.79,return_and_refund
RFI00001148,RF0000931,OI000002439,SKU0002216,1,2766.57,return_and_refund
RFI00001149,RF0000932,OI000014319,SKU0001255,1,2389.97,return_and_refund
RFI00001150,RF0000933,OI000004560,SKU0001088,1,346.46,return_and_refund
RFI00001151,RF0000934,OI000017856,SKU0001802,2,746.4,refund_only
RFI00001152,RF0000935,OI000001379,SKU0002821,2,1783.56,refund_only
RFI00001153,RF0000936,OI000013953,SKU0001178,2,5508.42,return_and_refund
RFI00001154,RF0000937,OI000011908,SKU0002457,1,1204.01,refund_only
RFI00001155,RF0000937,OI000011909,SKU0001817,1,519.86,refund_only
RFI00001156,RF0000938,OI000005425,SKU0001719,1,1153.53,return_and_refund
RFI00001157,RF0000938,OI000005426,SKU0001079,1,702.3,return_and_refund
RFI00001158,RF0000939,OI000015270,SKU0002718,1,1511.19,return_and_refund
RFI00001159,RF0000940,OI000006684,SKU0002272,1,1203.75,return_and_refund
RFI00001160,RF0000941,OI000018823,SKU0000177,1,1727.75,refund_only
RFI00001161,RF0000942,OI000013511,SKU0002278,3,6218.79,refund_only
RFI00001162,RF0000943,OI000007088,SKU0000236,1,2363.97,return_and_refund
RFI00001163,RF0000944,OI000012978,SKU0000842,1,2652.73,return_and_refund
RFI00001164,RF0000944,OI000012979,SKU0002441,2,637.07,refund_only
RFI00001165,RF0000945,OI000016319,SKU0002303,1,115.52,refund_only
RFI00001166,RF0000946,OI000000228,SKU0002758,1,1526.98,return_and_refund
RFI00001167,RF0000947,OI000012610,SKU0002547,2,4706.63,refund_only
RFI00001168,RF0000948,OI000013246,SKU0000513,1,1044.37,return_and_refund
RFI00001169,RF0000949,OI000005302,SKU0000347,1,1945.18,refund_only
RFI00001170,RF0000949,OI000005304,SKU0001627,1,1456.59,refund_only
RFI00001171,RF0000950,OI000008090,SKU0002638,1,1483.84,refund_only
RFI00001172,RF0000950,OI000008091,SKU0002157,2,831.8,return_and_refund
RFI00001173,RF0000951,OI000009982,SKU0001380,2,5825.57,return_and_refund
RFI00001174,RF0000952,OI000011584,SKU0001691,1,1655.66,refund_only
RFI00001175,RF0000953,OI000008375,SKU0002181,1,1708.49,return_and_refund
RFI00001176,RF0000953,OI000008373,SKU0000582,3,2184.22,return_and_refund
RFI00001177,RF0000954,OI000017256,SKU0002791,1,33.34,return_and_refund
RFI00001178,RF0000954,OI000017255,SKU0000232,1,3145.46,return_and_refund
RFI00001179,RF0000955,OI000019736,SKU0000699,2,5033.15,return_and_refund
RFI00001180,RF0000956,OI000008198,SKU0000264,1,806.32,return_and_refund
RFI00001181,RF0000957,OI000009122,SKU0000284,2,1364.66,refund_only
RFI00001182,RF0000958,OI000013673,SKU0001581,1,1160.76,return_and_refund
RFI00001183,RF0000959,OI000019027,SKU0002180,1,2683.42,return_and_refund
RFI00001184,RF0000959,OI000019026,SKU0001540,1,135.07,return_and_refund
RFI00001185,RF0000960,OI000018181,SKU0000194,1,537.4,refund_only
RFI00001186,RF0000961,OI000016489,SKU0001911,1,1109.44,return_and_refund
RFI00001187,RF0000962,OI000019911,SKU0002998,1,1324.04,return_and_refund
RFI00001188,RF0000963,OI000004349,SKU0001323,3,4923.14,return_and_refund
RFI00001189,RF0000964,OI000016591,SKU0001347,1,1016.53,return_and_refund
RFI00001190,RF0000965,OI000012089,SKU0000293,1,1969.42,return_and_refund
RFI00001191,RF0000966,OI000000333,SKU0000987,1,954.61,return_and_refund
RFI00001192,RF0000967,OI000019634,SKU0002194,1,1730.55,refund_only
RFI00001193,RF0000968,OI000005256,SKU0001750,1,436.07,refund_only
RFI00001194,RF0000969,OI000009407,SKU0001906,1,2703.79,refund_only
RFI00001195,RF0000970,OI000007581,SKU0001984,1,1912.02,return_and_refund
RFI00001196,RF0000970,OI000007580,SKU0000223,1,2318.21,return_and_refund
RFI00001197,RF0000971,OI000017282,SKU0001121,1,2249.62,refund_only
RFI00001198,RF0000972,OI000014459,SKU0001537,2,458.94,return_and_refund
RFI00001199,RF0000973,OI000012211,SKU0001081,1,2332.46,return_and_refund
RFI00001200,RF0000973,OI000012210,SKU0002201,1,2773.81,return_and_refund
RFI00001201,RF0000974,OI000019448,SKU0000871,3,3091.25,return_and_refund
RFI00001202,RF0000974,OI000019450,SKU0002631,1,773.17,return_and_refund
RFI00001203,RF0000975,OI000001591,SKU0001980,1,450.7,return_and_refund
RFI00001204,RF0000976,OI000006775,SKU0000287,2,5172.17,return_and_refund
RFI00001205,RF0000977,OI000000673,SKU0001716,2,3075.77,return_and_refund
RFI00001206,RF0000978,OI000005155,SKU0000627,1,1343.22,return_and_refund
RFI00001207,RF0000979,OI000013089,SKU0001144,1,1612.6,return_and_refund
RFI00001208,RF0000980,OI000002456,SKU0001731,1,2869.19,refund_only
RFI00001209,RF0000981,OI000009234,SKU0000704,2,802.38,refund_only
RFI00001210,RF0000982,OI000004743,SKU0000530,2,5714.6,return_and_refund
RFI00001211,RF0000983,OI000014038,SKU0000270,2,3810.12,return_and_refund
RFI00001212,RF0000984,OI000002140,SKU0001995,1,1388.25,refund_only
RFI00001213,RF0000985,OI000019946,SKU0001296,1,1750.14,return_and_refund
RFI00001214,RF0000986,OI000007293,SKU0002640,1,2927.83,return_and_refund
RFI00001215,RF0000986,OI000007294,SKU0000240,2,3541.06,return_and_refund
RFI00001216,RF0000987,OI000020072,SKU0001106,1,1590.8,return_and_refund
RFI00001217,RF0000988,OI000009813,SKU0002083,1,2554.7,return_and_refund
RFI00001218,RF0000989,OI000014364,SKU0000073,2,97.9,return_and_refund
RFI00001219,RF0000989,OI000014366,SKU0002633,1,788.15,return_and_refund
RFI00001220,RF0000990,OI000008916,SKU0000261,1,1719.88,refund_only
RFI00001221,RF0000991,OI000019314,SKU0002268,2,3137.18,return_and_refund
RFI00001222,RF0000992,OI000018278,SKU0001737,1,1041.74,return_and_refund
RFI00001223,RF0000992,OI000018277,SKU0001577,2,6238.78,return_and_refund
RFI00001224,RF0000993,OI000001714,SKU0001517,1,1437.88,return_and_refund
RFI00001225,RF0000994,OI000004287,SKU0002911,1,1865.06,return_and_refund
RFI00001226,RF0000995,OI000016215,SKU0000112,1,1483.61,refund_only
RFI00001227,RF0000996,OI000009418,SKU0001525,3,6190.46,refund_only
RFI00001228,RF0000996,OI000009417,SKU0001526,1,3018.14,return_and_refund
RFI00001229,RF0000997,OI000020310,SKU0001922,1,249.74,return_and_refund
RFI00001230,RF0000998,OI000011096,SKU0002710,1,634.94,return_and_refund
RFI00001231,RF0000999,OI000016991,SKU0002979,1,2215.21,return_and_refund
RFI00001232,RF0001000,OI000006222,SKU0000632,2,3386.88,refund_only
RFI00001233,RF0001001,OI000004279,SKU0001576,1,1871.24,refund_only
RFI00001234,RF0001002,OI000003211,SKU0001958,1,429.69,return_and_refund
RFI00001235,RF0001003,OI000009107,SKU0000968,1,1153.58,return_and_refund
RFI00001236,RF0001004,OI000009619,SKU0000130,2,3849.32,return_and_refund
RFI00001237,RF0001005,OI000014956,SKU0002875,1,1121.89,refund_only
RFI00001238,RF0001006,OI000001537,SKU0001756,1,2551.67,return_and_refund
RFI00001239,RF0001006,OI000001536,SKU0002075,1,335.14,return_and_refund
RFI00001240,RF0001007,OI000008352,SKU0000633,3,4323.13,return_and_refund
RFI00001241,RF0001008,OI000007013,SKU0002345,2,5084.32,return_and_refund
RFI00001242,RF0001009,OI000017394,SKU0000533,1,2829.16,refund_only
RFI00001243,RF0001010,OI000002552,SKU0001529,1,271.02,return_and_refund
RFI00001244,RF0001010,OI000002551,SKU0000249,4,10318.87,return_and_refund
RFI00001245,RF0001011,OI000018953,SKU0000278,2,2864.48,return_and_refund
RFI00001246,RF0001012,OI000017024,SKU0000061,1,2517.36,return_and_refund
RFI00001247,RF0001012,OI000017026,SKU0000701,1,2248.3,return_and_refund
RFI00001248,RF0001013,OI000018287,SKU0002787,1,279.56,return_and_refund
RFI00001249,RF0001013,OI000018288,SKU0001668,1,531.01,return_and_refund
RFI00001250,RF0001014,OI000013912,SKU0000332,2,5278.95,refund_only
RFI00001251,RF0001015,OI000004798,SKU0002546,1,2369.56,refund_only
RFI00001252,RF0001015,OI000004799,SKU0001266,1,185.18,refund_only
RFI00001253,RF0001016,OI000010019,SKU0002239,1,1386.45,return_and_refund
RFI00001254,RF0001017,OI000006922,SKU0000652,2,3354.95,return_and_refund
RFI00001255,RF0001018,OI000000445,SKU0002434,1,170.98,return_and_refund
RFI00001256,RF0001019,OI000011177,SKU0002907,1,1319.86,return_and_refund
RFI00001257,RF0001020,OI000013698,SKU0001942,1,438.91,return_and_refund
RFI00001258,RF0001021,OI000017161,SKU0000278,2,2969.95,return_and_refund
RFI00001259,RF0001022,OI000016382,SKU0000998,1,772.06,return_and_refund
RFI00001260,RF0001023,OI000001528,SKU0002681,1,2811.68,return_and_refund
RFI00001261,RF0001024,OI000005451,SKU0000599,2,4839.76,return_and_refund
RFI00001262,RF0001025,OI000005026,SKU0000534,1,2407.15,return_and_refund
RFI00001263,RF0001026,OI000015267,SKU0001168,1,2596.3,return_and_refund
RFI00001264,RF0001027,OI000003602,SKU0000032,1,1171.11,return_and_refund
RFI00001265,RF0001027,OI000003603,SKU0001472,1,2150.58,return_and_refund
RFI00001266,RF0001028,OI000016728,SKU0002371,2,2333.77,return_and_refund
RFI00001267,RF0001028,OI000016729,SKU0000451,1,2897.36,refund_only
RFI00001268,RF0001029,OI000009420,SKU0000908,1,1530.38,return_and_refund
RFI00001269,RF0001029,OI000009421,SKU0000267,1,2992.3,return_and_refund
RFI00001270,RF0001030,OI000009621,SKU0002485,2,2381.91,refund_only
RFI00001271,RF0001031,OI000002247,SKU0001112,3,8005.72,refund_only
RFI00001272,RF0001031,OI000002248,SKU0000791,1,3058.09,return_and_refund
RFI00001273,RF0001032,OI000006030,SKU0002733,1,2736.05,return_and_refund
RFI00001274,RF0001033,OI000009509,SKU0001467,1,892.98,return_and_refund
RFI00001275,RF0001034,OI000011286,SKU0002816,1,2167.17,return_and_refund
RFI00001276,RF0001035,OI000011548,SKU0000165,1,1051.23,return_and_refund
RFI00001277,RF0001035,OI000011547,SKU0000966,1,1760.09,return_and_refund
RFI00001278,RF0001036,OI000010406,SKU0000772,1,2779.61,refund_only
RFI00001279,RF0001036,OI000010405,SKU0001251,1,283.49,return_and_refund
RFI00001280,RF0001037,OI000018200,SKU0000830,2,4650.8,return_and_refund
RFI00001281,RF0001038,OI000015298,SKU0002837,1,2665.27,refund_only
RFI00001282,RF0001039,OI000001264,SKU0002721,1,2270.13,return_and_refund
RFI00001283,RF0001039,OI000001265,SKU0002881,1,773.41,refund_only
RFI00001284,RF0001040,OI000004683,SKU0000613,1,2742.4,return_and_refund
RFI00001285,RF0001040,OI000004684,SKU0000934,1,888.21,return_and_refund
RFI00001286,RF0001041,OI000015569,SKU0001534,1,1559.52,refund_only
RFI00001287,RF0001042,OI000018858,SKU0001393,1,1706.94,refund_only
RFI00001288,RF0001043,OI000012353,SKU0002995,1,1024.25,refund_only
RFI00001289,RF0001044,OI000018505,SKU0000705,4,3275.77,return_and_refund
RFI00001290,RF0001045,OI000002384,SKU0002170,1,297.36,return_and_refund
RFI00001291,RF0001046,OI000018387,SKU0001041,2,3287.57,refund_only
RFI00001292,RF0001047,OI000009045,SKU0001235,1,607.07,return_and_refund
RFI00001293,RF0001048,OI000019007,SKU0001785,2,1676.67,return_and_refund
RFI00001294,RF0001049,OI000002612,SKU0000205,2,4054.39,return_and_refund
RFI00001295,RF0001050,OI000008436,SKU0000412,1,1551.97,return_and_refund
RFI00001296,RF0001051,OI000007850,SKU0002330,2,2486.95,return_and_refund
RFI00001297,RF0001052,OI000012922,SKU0002631,1,825.45,return_and_refund
RFI00001298,RF0001053,OI000003873,SKU0001656,1,190.56,return_and_refund
RFI00001299,RF0001054,OI000008571,SKU0000841,1,2625.95,refund_only
RFI00001300,RF0001054,OI000008570,SKU0001642,1,2280.3,refund_only
RFI00001301,RF0001055,OI000004706,SKU0002255,1,2972.55,refund_only
RFI00001302,RF0001055,OI000004708,SKU0001936,3,4168.42,return_and_refund
RFI00001303,RF0001056,OI000009124,SKU0002757,1,1512.5,return_and_refund
RFI00001304,RF0001057,OI000004476,SKU0002888,1,2650.41,refund_only
RFI00001305,RF0001058,OI000008054,SKU0002616,1,1198.71,return_and_refund
RFI00001306,RF0001059,OI000010887,SKU0002278,1,2337.47,return_and_refund
RFI00001307,RF0001060,OI000010034,SKU0001515,1,1208.36,return_and_refund
RFI00001308,RF0001060,OI000010033,SKU0000235,2,4213.3,return_and_refund
RFI00001309,RF0001061,OI000005860,SKU0002473,1,1474.96,refund_only
RFI00001310,RF0001062,OI000007958,SKU0001630,1,2505.19,refund_only
RFI00001311,RF0001063,OI000016446,SKU0001900,4,6352.09,return_and_refund
RFI00001312,RF0001064,OI000017644,SKU0002811,1,720.79,return_and_refund
RFI00001313,RF0001064,OI000017642,SKU0000092,1,2010.22,refund_only
RFI00001314,RF0001065,OI000006498,SKU0000630,1,528.99,refund_only
RFI00001315,RF0001066,OI000018406,SKU0000308,1,594.82,return_and_refund
RFI00001316,RF0001067,OI000007201,SKU0002100,2,3568.01,return_and_refund
RFI00001317,RF0001068,OI000003939,SKU0002760,1,2491.97,return_and_refund
RFI00001318,RF0001069,OI000004882,SKU0000433,2,4756.59,return_and_refund
RFI00001319,RF0001070,OI000008966,SKU0000863,1,502.68,refund_only
RFI00001320,RF0001071,OI000009280,SKU0000561,1,2452.73,return_and_refund
RFI00001321,RF0001072,OI000008155,SKU0002088,1,593.58,return_and_refund
RFI00001322,RF0001072,OI000008154,SKU0000807,1,688.38,refund_only
RFI00001323,RF0001073,OI000016842,SKU0000233,1,1566.08,return_and_refund
RFI00001324,RF0001074,OI000017870,SKU0001373,1,1038.41,return_and_refund
RFI00001325,RF0001075,OI000008045,SKU0001331,1,612.28,return_and_refund
RFI00001326,RF0001076,OI000003491,SKU0002928,1,1263.92,return_and_refund
RFI00001327,RF0001076,OI000003492,SKU0000528,1,547.47,return_and_refund
RFI00001328,RF0001077,OI000015933,SKU0002642,1,2188.03,return_and_refund
RFI00001329,RF0001078,OI000007424,SKU0001379,1,2340.74,return_and_refund
RFI00001330,RF0001079,OI000011826,SKU0001382,1,1800.41,return_and_refund
RFI00001331,RF0001080,OI000018980,SKU0002840,1,1844.79,return_and_refund
RFI00001332,RF0001081,OI000002541,SKU0002993,1,2801.71,return_and_refund
RFI00001333,RF0001082,OI000012409,SKU0002916,1,637.33,refund_only
RFI00001334,RF0001082,OI000012408,SKU0001636,1,2013.71,return_and_refund
RFI00001335,RF0001083,OI000013098,SKU0002715,1,1628.54,return_and_refund
RFI00001336,RF0001084,OI000002094,SKU0002496,1,2561.28,refund_only
RFI00001337,RF0001084,OI000002095,SKU0000575,1,1689.53,return_and_refund
RFI00001338,RF0001085,OI000013456,SKU0002963,1,912.39,return_and_refund
RFI00001339,RF0001086,OI000020207,SKU0002574,2,440.85,refund_only
RFI00001340,RF0001087,OI000001819,SKU0001012,1,373.05,return_and_refund
RFI00001341,RF0001088,OI000000068,SKU0001152,3,1799.21,refund_only
RFI00001342,RF0001089,OI000003655,SKU0000223,1,2517.08,return_and_refund
RFI00001343,RF0001090,OI000012670,SKU0002672,1,2779.35,refund_only
RFI00001344,RF0001090,OI000012668,SKU0000751,1,1464.1,return_and_refund
RFI00001345,RF0001091,OI000020344,SKU0002595,1,2423.14,return_and_refund
RFI00001346,RF0001092,OI000015797,SKU0001871,1,2260.16,return_and_refund
RFI00001347,RF0001093,OI000020366,SKU0002856,1,1086.09,return_and_refund
RFI00001348,RF0001093,OI000020367,SKU0000776,1,1581.3,return_and_refund
RFI00001349,RF0001094,OI000006108,SKU0001993,1,1026.46,return_and_refund
RFI00001350,RF0001095,OI000001951,SKU0002900,1,1059.41,refund_only
RFI00001351,RF0001096,OI000017067,SKU0001865,1,775.95,refund_only
RFI00001352,RF0001097,OI000015785,SKU0000295,2,2270.01,return_and_refund
RFI00001353,RF0001097,OI000015784,SKU0002536,1,2735.59,return_and_refund
RFI00001354,RF0001098,OI000018964,SKU0000785,1,665.84,return_and_refund
RFI00001355,RF0001099,OI000012674,SKU0001400,1,3262.37,return_and_refund
RFI00001356,RF0001100,OI000016169,SKU0002623,1,1189.89,return_and_refund
RFI00001357,RF0001101,OI000000386,SKU0001215,1,2424.04,refund_only
RFI00001358,RF0001102,OI000019109,SKU0002538,1,1909.17,refund_only
RFI00001359,RF0001103,OI000004511,SKU0001676,1,1046.06,return_and_refund
RFI00001360,RF0001104,OI000005787,SKU0001703,2,5655.66,return_and_refund
RFI00001361,RF0001105,OI000002535,SKU0000691,2,4641.95,return_and_refund
RFI00001362,RF0001106,OI000011404,SKU0000411,1,1657.26,return_and_refund
RFI00001363,RF0001107,OI000018147,SKU0002343,1,306.7,return_and_refund
RFI00001364,RF0001108,OI000017660,SKU0001695,1,2898.19,refund_only
RFI00001365,RF0001108,OI000017661,SKU0001856,1,1037.99,refund_only
RFI00001366,RF0001109,OI000008862,SKU0002939,2,2734.3,return_and_refund
RFI00001367,RF0001109,OI000008861,SKU0002300,1,261.42,refund_only
RFI00001368,RF0001110,OI000007387,SKU0001033,1,2878.65,return_and_refund
RFI00001369,RF0001111,OI000019427,SKU0002779,1,2682.11,refund_only
RFI00001370,RF0001112,OI000003768,SKU0001035,2,5114.89,return_and_refund
RFI00001371,RF0001113,OI000013259,SKU0000761,2,4379.1,return_and_refund
RFI00001372,RF0001113,OI000013261,SKU0000921,2,673.38,return_and_refund
RFI00001373,RF0001114,OI000003327,SKU0001788,1,3076.97,return_and_refund
RFI00001374,RF0001115,OI000008236,SKU0002448,3,1854.21,return_and_refund
RFI00001375,RF0001116,OI000014845,SKU0001516,1,1492.74,return_and_refund
RFI00001376,RF0001117,OI000007248,SKU0000425,1,2581.53,return_and_refund
RFI00001377,RF0001117,OI000007246,SKU0001866,1,639.5,return_and_refund
RFI00001378,RF0001118,OI000007701,SKU0000428,1,15.53,return_and_refund
RFI00001379,RF0001119,OI000003434,SKU0002587,1,72.54,return_and_refund
RFI00001380,RF0001119,OI000003435,SKU0002108,2,736.36,return_and_refund
RFI00001381,RF0001120,OI000002682,SKU0000156,1,1041.59,refund_only
RFI00001382,RF0001121,OI000020018,SKU0001221,1,17.99,return_and_refund
RFI00001383,RF0001122,OI000019464,SKU0002886,1,2944.82,refund_only
RFI00001384,RF0001123,OI000004018,SKU0001326,1,30.38,refund_only
RFI00001385,RF0001124,OI000013226,SKU0002771,1,3170.17,return_and_refund
RFI00001386,RF0001124,OI000013225,SKU0001812,1,3187.91,return_and_refund
RFI00001387,RF0001125,OI000016183,SKU0001154,4,5793.03,return_and_refund
RFI00001388,RF0001126,OI000006871,SKU0001808,1,2525.2,return_and_refund
RFI00001389,RF0001127,OI000016478,SKU0002115,1,2085.0,return_and_refund
RFI00001390,RF0001128,OI000007053,SKU0002534,1,534.8,return_and_refund
RFI00001391,RF0001129,OI000009482,SKU0000877,2,4415.1,return_and_refund
RFI00001392,RF0001129,OI000009483,SKU0000877,1,2135.1,return_and_refund
RFI00001393,RF0001130,OI000011896,SKU0001802,1,386.77,return_and_refund
RFI00001394,RF0001131,OI000013700,SKU0000544,1,718.46,return_and_refund
RFI00001395,RF0001131,OI000013701,SKU0002143,2,720.55,refund_only
RFI00001396,RF0001132,OI000014699,SKU0000277,1,1487.03,return_and_refund
RFI00001397,RF0001133,OI000007210,SKU0002034,1,966.1,refund_only
RFI00001398,RF0001134,OI000008039,SKU0000470,2,845.73,return_and_refund
RFI00001399,RF0001134,OI000008040,SKU0002229,1,1185.41,return_and_refund
RFI00001400,RF0001135,OI000003557,SKU0000892,1,302.23,return_and_refund
RFI00001401,RF0001135,OI000003558,SKU0000892,1,307.65,return_and_refund
RFI00001402,RF0001136,OI000002009,SKU0002132,1,324.05,return_and_refund
RFI00001403,RF0001137,OI000003400,SKU0001132,2,2716.36,refund_only
RFI00001404,RF0001138,OI000002640,SKU0002928,1,1082.81,refund_only
RFI00001405,RF0001139,OI000002242,SKU0000973,2,4672.05,return_and_refund
RFI00001406,RF0001140,OI000013574,SKU0001125,2,4462.87,return_and_refund
RFI00001407,RF0001140,OI000013573,SKU0000646,1,3349.74,return_and_refund
RFI00001408,RF0001141,OI000003380,SKU0001879,1,1414.77,refund_only
RFI00001409,RF0001142,OI000013303,SKU0002196,1,2697.82,return_and_refund
RFI00001410,RF0001142,OI000013304,SKU0001235,1,621.17,return_and_refund
RFI00001411,RF0001143,OI000007083,SKU0000272,1,1017.26,refund_only
RFI00001412,RF0001144,OI000009503,SKU0000148,1,161.17,refund_only
RFI00001413,RF0001144,OI000009501,SKU0002387,4,9829.79,refund_only
RFI00001414,RF0001145,OI000016901,SKU0000979,1,2748.77,return_and_refund
RFI00001415,RF0001145,OI000016900,SKU0001619,1,3223.21,refund_only
RFI00001416,RF0001146,OI000008396,SKU0002213,1,1006.23,return_and_refund
RFI00001417,RF0001146,OI000008397,SKU0000774,1,2459.43,refund_only
RFI00001418,RF0001147,OI000008575,SKU0001498,2,1540.36,refund_only
RFI00001419,RF0001148,OI000019206,SKU0001236,2,1368.27,return_and_refund
RFI00001420,RF0001149,OI000002653,SKU0000488,1,2016.4,return_and_refund
RFI00001421,RF0001150,OI000015489,SKU0002541,1,838.55,refund_only
RFI00001422,RF0001151,OI000009325,SKU0002522,1,2395.65,return_and_refund
RFI00001423,RF0001152,OI000005415,SKU0001475,1,854.96,return_and_refund
RFI00001424,RF0001152,OI000005414,SKU0002116,1,2263.06,refund_only
RFI00001425,RF0001153,OI000011299,SKU0001736,1,157.7,return_and_refund
RFI00001426,RF0001153,OI000011298,SKU0002856,1,1156.76,return_and_refund
RFI00001427,RF0001154,OI000006941,SKU0001074,1,114.54,return_and_refund
RFI00001428,RF0001155,OI000006925,SKU0001269,2,5521.55,refund_only
RFI00001429,RF0001156,OI000015074,SKU0001023,3,4627.92,return_and_refund
RFI00001430,RF0001157,OI000002235,SKU0000939,1,2832.65,return_and_refund
RFI00001431,RF0001157,OI000002234,SKU0001260,1,2244.28,return_and_refund
RFI00001432,RF0001158,OI000010247,SKU0001261,1,762.74,return_and_refund
RFI00001433,RF0001159,OI000008303,SKU0000380,1,2216.43,refund_only
RFI00001434,RF0001159,OI000008304,SKU0002300,1,267.47,return_and_refund
RFI00001435,RF0001160,OI000000378,SKU0001736,2,354.13,refund_only
RFI00001436,RF0001161,OI000001255,SKU0002817,1,1569.28,return_and_refund
RFI00001437,RF0001162,OI000012656,SKU0000783,1,1797.12,return_and_refund
RFI00001438,RF0001162,OI000012655,SKU0001903,1,1576.93,return_and_refund
RFI00001439,RF0001163,OI000006166,SKU0000598,1,1864.33,return_and_refund
RFI00001440,RF0001163,OI000006165,SKU0002518,1,287.84,return_and_refund
RFI00001441,RF0001164,OI000016247,SKU0002462,1,267.18,refund_only
RFI00001442,RF0001164,OI000016246,SKU0000382,1,133.68,refund_only
RFI00001443,RF0001165,OI000016385,SKU0000832,1,1540.18,return_and_refund
RFI00001444,RF0001166,OI000003575,SKU0001765,1,491.73,return_and_refund
RFI00001445,RF0001167,OI000003851,SKU0001162,1,121.95,return_and_refund
RFI00001446,RF0001167,OI000003850,SKU0000682,1,311.5,return_and_refund
RFI00001447,RF0001168,OI000016608,SKU0002518,1,314.97,refund_only
RFI00001448,RF0001169,OI000003007,SKU0002170,1,287.12,refund_only
RFI00001449,RF0001170,OI000003938,SKU0001195,1,1601.93,return_and_refund
RFI00001450,RF0001171,OI000000825,SKU0001654,2,3509.26,refund_only
RFI00001451,RF0001171,OI000000826,SKU0002933,3,8941.85,return_and_refund
RFI00001452,RF0001172,OI000010764,SKU0001032,2,1822.25,return_and_refund
RFI00001453,RF0001173,OI000018269,SKU0000527,1,625.0,refund_only
RFI00001454,RF0001174,OI000019322,SKU0000661,1,2963.64,return_and_refund
RFI00001455,RF0001175,OI000012394,SKU0002484,1,33.64,refund_only
RFI00001456,RF0001176,OI000000612,SKU0001568,1,1490.97,return_and_refund
RFI00001457,RF0001177,OI000015752,SKU0002503,3,5372.16,return_and_refund
RFI00001458,RF0001178,OI000013531,SKU0002499,2,4463.48,return_and_refund
RFI00001459,RF0001179,OI000010087,SKU0000947,1,1507.53,return_and_refund
RFI00001460,RF0001179,OI000010089,SKU0001107,4,10285.81,return_and_refund
RFI00001461,RF0001180,OI000017596,SKU0002564,2,3793.67,return_and_refund
RFI00001462,RF0001181,OI000003633,SKU0001435,1,2241.81,refund_only
RFI00001463,RF0001182,OI000002703,SKU0000030,3,3255.73,refund_only
RFI00001464,RF0001182,OI000002702,SKU0002110,1,2494.6,refund_only
RFI00001465,RF0001183,OI000000821,SKU0000264,2,1712.69,refund_only
RFI00001466,RF0001184,OI000013900,SKU0000458,2,3052.28,refund_only
RFI00001467,RF0001185,OI000017841,SKU0002314,3,584.24,refund_only
RFI00001468,RF0001186,OI000001432,SKU0000118,1,1194.62,return_and_refund
RFI00001469,RF0001187,OI000005753,SKU0002746,4,9095.48,return_and_refund
RFI00001470,RF0001188,OI000006826,SKU0002956,1,507.08,return_and_refund
RFI00001471,RF0001189,OI000002145,SKU0000785,1,756.47,return_and_refund
RFI00001472,RF0001190,OI000012235,SKU0000807,2,1564.37,return_and_refund
RFI00001473,RF0001191,OI000006433,SKU0002563,1,2422.55,refund_only
RFI00001474,RF0001192,OI000002341,SKU0000148,1,148.39,return_and_refund
RFI00001475,RF0001193,OI000006394,SKU0000341,2,3121.63,return_and_refund
RFI00001476,RF0001194,OI000013224,SKU0001828,1,546.6,return_and_refund
RFI00001477,RF0001195,OI000012180,SKU0001327,1,419.22,return_and_refund
RFI00001478,RF0001196,OI000006762,SKU0001883,3,6402.54,return_and_refund
RFI00001479,RF0001197,OI000010783,SKU0000933,1,960.11,return_and_refund
RFI00001480,RF0001197,OI000010782,SKU0001893,1,2059.24,return_and_refund
RFI00001481,RF0001198,OI000012324,SKU0002587,1,63.46,return_and_refund
RFI00001482,RF0001198,OI000012323,SKU0000187,1,555.49,refund_only
RFI00001483,RF0001199,OI000007002,SKU0000346,1,2100.82,return_and_refund
RFI00001484,RF0001200,OI000011655,SKU0001778,1,2278.65,refund_only
RFI00001485,RF0001201,OI000014317,SKU0000545,1,2458.02,return_and_refund
RFI00001486,RF0001202,OI000013798,SKU0001243,1,395.37,refund_only
RFI00001487,RF0001203,OI000002556,SKU0002369,1,1260.86,refund_only
RFI00001488,RF0001203,OI000002555,SKU0002529,1,2002.37,refund_only
RFI00001489,RF0001204,OI000015689,SKU0001947,1,2513.87,return_and_refund
RFI00001490,RF0001205,OI000017391,SKU0000033,1,1224.27,return_and_refund
RFI00001491,RF0001206,OI000013936,SKU0000458,1,1757.39,return_and_refund
RFI00001492,RF0001207,OI000015594,SKU0000768,1,207.33,refund_only
RFI00001493,RF0001208,OI000001858,SKU0000509,1,2363.19,return_and_refund
RFI00001494,RF0001209,OI000002180,SKU0000869,1,2869.35,return_and_refund
RFI00001495,RF0001210,OI000003108,SKU0002834,1,3180.31,return_and_refund
RFI00001496,RF0001210,OI000003107,SKU0000273,1,1317.38,refund_only
RFI00001497,RF0001211,OI000010804,SKU0001659,1,1815.62,return_and_refund
RFI00001498,RF0001212,OI000012312,SKU0002564,1,2141.88,return_and_refund
RFI00001499,RF0001213,OI000000706,SKU0000470,1,426.0,return_and_refund
RFI00001500,RF0001213,OI000000707,SKU0002389,2,1895.3,return_and_refund
RFI00001501,RF0001214,OI000005864,SKU0002060,1,2150.91,return_and_refund
RFI00001502,RF0001215,OI000006911,SKU0000003,1,274.75,return_and_refund
RFI00001503,RF0001216,OI000000144,SKU0000545,1,2348.99,return_and_refund
RFI00001504,RF0001217,OI000005297,SKU0000877,1,1875.18,refund_only
RFI00001505,RF0001217,OI000005298,SKU0001997,1,33.08,return_and_refund
RFI00001506,RF0001218,OI000000896,SKU0000385,2,3039.88,refund_only
RFI00001507,RF0001219,OI000003817,SKU0001727,1,645.08,return_and_refund
RFI00001508,RF0001220,OI000002545,SKU0002515,2,2140.93,return_and_refund
RFI00001509,RF0001221,OI000001981,SKU0001811,1,2769.62,refund_only
RFI00001510,RF0001221,OI000001982,SKU0002292,1,63.52,refund_only
RFI00001511,RF0001222,OI000020091,SKU0001008,2,863.08,return_and_refund
RFI00001512,RF0001223,OI000018896,SKU0002338,1,1590.99,return_and_refund
RFI00001513,RF0001223,OI000018895,SKU0002018,1,3227.99,return_and_refund
RFI00001514,RF0001224,OI000014758,SKU0002385,1,1414.24,return_and_refund
RFI00001515,RF0001225,OI000010243,SKU0002292,1,64.57,return_and_refund
RFI00001516,RF0001226,OI000008990,SKU0000058,1,228.59,return_and_refund
RFI00001517,RF0001227,OI000001357,SKU0002422,1,1628.47,return_and_refund
RFI00001518,RF0001228,OI000012853,SKU0002469,3,7913.64,refund_only
RFI00001519,RF0001228,OI000012854,SKU0000550,1,217.58,refund_only
RFI00001520,RF0001229,OI000020037,SKU0002078,1,2411.42,return_and_refund
RFI00001521,RF0001230,OI000014724,SKU0002596,1,2518.17,return_and_refund
RFI00001522,RF0001231,OI000012855,SKU0002845,1,1439.3,return_and_refund
RFI00001523,RF0001232,OI000011919,SKU0001281,1,1682.06,refund_only
RFI00001524,RF0001233,OI000003737,SKU0002139,1,1801.31,return_and_refund
RFI00001525,RF0001234,OI000000747,SKU0002802,1,2219.33,refund_only
RFI00001526,RF0001235,OI000008814,SKU0001933,1,1106.97,return_and_refund
RFI00001527,RF0001236,OI000010629,SKU0001020,1,1948.75,refund_only
RFI00001528,RF0001237,OI000005833,SKU0000799,4,2893.52,return_and_refund
RFI00001529,RF0001238,OI000012884,SKU0001210,1,2096.94,return_and_refund
RFI00001530,RF0001239,OI000018850,SKU0000056,1,2188.78,return_and_refund
RFI00001531,RF0001240,OI000008671,SKU0000391,1,802.54,return_and_refund
RFI00001532,RF0001240,OI000008672,SKU0000871,2,1920.68,return_and_refund
RFI00001533,RF0001241,OI000000595,SKU0002408,1,796.63,return_and_refund
RFI00001534,RF0001242,OI000017253,SKU0002870,1,2152.95,return_and_refund
RFI00001535,RF0001242,OI000017251,SKU0002710,1,698.34,refund_only
RFI00001536,RF0001243,OI000019787,SKU0000731,1,1717.99,return_and_refund
RFI00001537,RF0001244,OI000014500,SKU0002190,2,1948.89,return_and_refund
RFI00001538,RF0001244,OI000014502,SKU0002189,2,1516.72,return_and_refund
RFI00001539,RF0001245,OI000009075,SKU0000415,1,877.24,refund_only
RFI00001540,RF0001245,OI000009074,SKU0001055,1,1282.84,return_and_refund
RFI00001541,RF0001246,OI000005565,SKU0000063,1,2335.77,refund_only
RFI00001542,RF0001247,OI000011963,SKU0001100,1,1208.79,return_and_refund
RFI00001543,RF0001248,OI000002827,SKU0001444,1,1363.61,return_and_refund
RFI00001544,RF0001249,OI000016940,SKU0000986,2,2545.82,refund_only
RFI00001545,RF0001249,OI000016941,SKU0002745,1,2223.52,refund_only
RFI00001546,RF0001250,OI000019064,SKU0001661,2,908.92,return_and_refund
RFI00001547,RF0001250,OI000019065,SKU0001021,1,219.11,refund_only
RFI00001548,RF0001251,OI000014052,SKU0002066,1,2565.62,return_and_refund
RFI00001549,RF0001251,OI000014053,SKU0000306,1,1118.72,return_and_refund
RFI00001550,RF0001252,OI000004617,SKU0002167,1,1225.6,return_and_refund
RFI00001551,RF0001252,OI000004616,SKU0000087,1,2805.23,return_and_refund
RFI00001552,RF0001253,OI000019996,SKU0001263,1,774.54,return_and_refund
RFI00001553,RF0001254,OI000000167,SKU0001833,2,683.28,return_and_refund
RFI00001554,RF0001255,OI000011649,SKU0000325,4,7520.9,return_and_refund
RFI00001555,RF0001256,OI000010655,SKU0000563,1,2293.87,return_and_refund
RFI00001556,RF0001257,OI000002162,SKU0001542,1,155.66,return_and_refund
RFI00001557,RF0001258,OI000009009,SKU0000066,1,345.47,return_and_refund
RFI00001558,RF0001259,OI000009019,SKU0002054,1,306.16,return_and_refund
RFI00001559,RF0001260,OI000016311,SKU0000730,1,2009.17,return_and_refund
RFI00001560,RF0001261,OI000008795,SKU0001767,1,2216.92,return_and_refund
RFI00001561,RF0001261,OI000008793,SKU0000007,1,734.72,return_and_refund
RFI00001562,RF0001262,OI000004250,SKU0000881,1,945.44,return_and_refund
RFI00001563,RF0001263,OI000019445,SKU0000198,1,1096.67,return_and_refund
RFI00001564,RF0001264,OI000009702,SKU0002810,1,658.95,refund_only
RFI00001565,RF0001265,OI000013333,SKU0001704,1,2589.77,return_and_refund
RFI00001566,RF0001266,OI000015762,SKU0000026,1,1152.92,return_and_refund
RFI00001567,RF0001267,OI000008053,SKU0001187,1,1933.54,return_and_refund
RFI00001568,RF0001267,OI000008052,SKU0001827,3,1280.93,return_and_refund
RFI00001569,RF0001268,OI000019636,SKU0000242,1,888.4,return_and_refund
RFI00001570,RF0001268,OI000019635,SKU0000401,1,1996.07,return_and_refund
RFI00001571,RF0001269,OI000015632,SKU0002357,1,1697.78,return_and_refund
RFI00001572,RF0001270,OI000008085,SKU0001931,1,2326.61,return_and_refund
RFI00001573,RF0001271,OI000016676,SKU0001407,1,2553.94,return_and_refund
RFI00001574,RF0001272,OI000001871,SKU0001762,2,969.0,return_and_refund
RFI00001575,RF0001273,OI000013990,SKU0002953,1,1194.56,return_and_refund
RFI00001576,RF0001273,OI000013991,SKU0000393,1,1470.28,return_and_refund
RFI00001577,RF0001274,OI000005383,SKU0002326,2,4528.46,return_and_refund
RFI00001578,RF0001274,OI000005382,SKU0002006,1,776.18,return_and_refund
RFI00001579,RF0001275,OI000000696,SKU0002088,1,534.75,refund_only
RFI00001580,RF0001276,OI000000348,SKU0002153,1,37.67,return_and_refund
RFI00001581,RF0001277,OI000010571,SKU0001165,1,2509.15,return_and_refund
RFI00001582,RF0001278,OI000016891,SKU0002693,1,1574.95,refund_only
RFI00001583,RF0001279,OI000002308,SKU0000823,1,450.04,return_and_refund
RFI00001584,RF0001280,OI000010010,SKU0001249,3,2375.41,refund_only
RFI00001585,RF0001280,OI000010011,SKU0001090,1,1486.4,refund_only
RFI00001586,RF0001281,OI000002073,SKU0001015,1,2041.27,return_and_refund
RFI00001587,RF0001282,OI000003626,SKU0001460,1,1724.74,return_and_refund
RFI00001588,RF0001283,OI000003539,SKU0000083,1,138.96,return_and_refund
RFI00001589,RF0001283,OI000003541,SKU0001203,1,2841.96,refund_only
RFI00001590,RF0001284,OI000005379,SKU0002740,1,1730.29,return_and_refund
RFI00001591,RF0001285,OI000019560,SKU0002829,3,4962.78,refund_only
RFI00001592,RF0001286,OI000015393,SKU0000112,2,3238.72,return_and_refund
RFI00001593,RF0001286,OI000015395,SKU0001871,3,7095.26,return_and_refund
RFI00001594,RF0001287,OI000005540,SKU0002548,1,2188.42,return_and_refund
RFI00001595,RF0001288,OI000010303,SKU0001145,1,90.78,return_and_refund
RFI00001596,RF0001289,OI000020099,SKU0002122,1,1842.7,return_and_refund
RFI00001597,RF0001289,OI000020096,SKU0002441,1,350.12,refund_only
RFI00001598,RF0001290,OI000015642,SKU0000504,1,521.85,refund_only
RFI00001599,RF0001291,OI000009903,SKU0001620,1,2518.54,refund_only
RFI00001600,RF0001292,OI000001984,SKU0002132,2,561.15,return_and_refund
RFI00001601,RF0001292,OI000001986,SKU0001492,1,1236.86,return_and_refund
RFI00001602,RF0001293,OI000006862,SKU0002133,1,2290.01,refund_only
RFI00001603,RF0001294,OI000007466,SKU0002072,1,880.46,refund_only
RFI00001604,RF0001295,OI000008797,SKU0000931,1,2593.71,refund_only
RFI00001605,RF0001295,OI000008798,SKU0002532,1,1114.59,return_and_refund
RFI00001606,RF0001296,OI000017066,SKU0001074,2,244.48,refund_only
RFI00001607,RF0001297,OI000013739,SKU0002057,1,1317.84,refund_only
RFI00001608,RF0001298,OI000014572,SKU0002813,1,578.71,return_and_refund
RFI00001609,RF0001298,OI000014571,SKU0001534,1,1375.5,refund_only
RFI00001610,RF0001299,OI000015835,SKU0001976,1,401.79,return_and_refund
RFI00001611,RF0001299,OI000015836,SKU0001176,1,58.02,refund_only
RFI00001612,RF0001300,OI000008047,SKU0000908,1,1665.1,refund_only
RFI00001613,RF0001301,OI000004075,SKU0000328,1,1912.72,refund_only
RFI00001614,RF0001301,OI000004073,SKU0000168,2,4631.82,refund_only
RFI00001615,RF0001302,OI000000940,SKU0000874,1,992.63,return_and_refund
RFI00001616,RF0001303,OI000003073,SKU0000314,1,1602.39,return_and_refund
RFI00001617,RF0001304,OI000005850,SKU0001593,2,522.54,refund_only
RFI00001618,RF0001305,OI000005619,SKU0000194,1,502.65,return_and_refund
RFI00001619,RF0001305,OI000005618,SKU0001793,1,341.93,return_and_refund
RFI00001620,RF0001306,OI000019456,SKU0001517,1,1367.26,refund_only
RFI00001621,RF0001306,OI000019455,SKU0001837,1,2496.71,return_and_refund
RFI00001622,RF0001307,OI000010881,SKU0000070,1,2017.52,return_and_refund
RFI00001623,RF0001308,OI000017976,SKU0000259,1,1623.57,return_and_refund
RFI00001624,RF0001309,OI000012653,SKU0002934,1,2970.59,return_and_refund
RFI00001625,RF0001309,OI000012652,SKU0000374,1,2251.59,return_and_refund
RFI00001626,RF0001310,OI000016739,SKU0000979,1,2261.78,return_and_refund
RFI00001627,RF0001311,OI000007516,SKU0001864,1,1951.96,return_and_refund
RFI00001628,RF0001312,OI000005108,SKU0001943,1,3141.42,return_and_refund
RFI00001629,RF0001313,OI000005818,SKU0001253,2,2243.73,return_and_refund
RFI00001630,RF0001314,OI000012898,SKU0001013,1,973.91,return_and_refund
RFI00001631,RF0001314,OI000012897,SKU0000373,1,2191.81,return_and_refund
RFI00001632,RF0001315,OI000011507,SKU0001670,1,1033.3,return_and_refund
RFI00001633,RF0001316,OI000015386,SKU0002801,1,2055.03,return_and_refund
RFI00001634,RF0001317,OI000015224,SKU0000345,2,5722.62,return_and_refund
RFI00001635,RF0001318,OI000013612,SKU0000782,1,970.98,return_and_refund
RFI00001636,RF0001318,OI000013613,SKU0000302,4,12179.86,return_and_refund
RFI00001637,RF0001319,OI000005800,SKU0002673,1,1350.55,return_and_refund
RFI00001638,RF0001320,OI000018059,SKU0002922,1,2916.74,refund_only
RFI00001639,RF0001321,OI000006529,SKU0001111,2,4420.67,refund_only
RFI00001640,RF0001322,OI000016760,SKU0000110,1,1508.12,return_and_refund
RFI00001641,RF0001323,OI000018889,SKU0002171,1,2073.05,return_and_refund
RFI00001642,RF0001323,OI000018888,SKU0000412,1,1759.63,refund_only
RFI00001643,RF0001324,OI000004114,SKU0000196,1,569.09,refund_only
RFI00001644,RF0001325,OI000000015,SKU0001000,1,1643.93,return_and_refund
RFI00001645,RF0001326,OI000003877,SKU0001228,1,1671.82,return_and_refund
RFI00001646,RF0001327,OI000013763,SKU0002392,1,388.78,refund_only
RFI00001647,RF0001327,OI000013762,SKU0000472,1,2198.62,return_and_refund
RFI00001648,RF0001328,OI000010787,SKU0000493,2,1306.39,return_and_refund
RFI00001649,RF0001329,OI000018000,SKU0000909,1,787.62,return_and_refund
RFI00001650,RF0001329,OI000018001,SKU0002990,1,429.37,return_and_refund
RFI00001651,RF0001330,OI000010470,SKU0000418,1,2029.97,return_and_refund
RFI00001652,RF0001331,OI000016944,SKU0000091,1,2151.0,return_and_refund
RFI00001653,RF0001331,OI000016945,SKU0002972,1,989.36,refund_only
RFI00001654,RF0001332,OI000005206,SKU0001617,1,714.7,refund_only
RFI00001655,RF0001333,OI000005569,SKU0002060,1,1910.03,return_and_refund
RFI00001656,RF0001334,OI000003023,SKU0000441,1,256.83,refund_only
RFI00001657,RF0001335,OI000010196,SKU0002384,1,2156.46,return_and_refund
RFI00001658,RF0001335,OI000010197,SKU0002704,1,298.32,return_and_refund
RFI00001659,RF0001336,OI000010198,SKU0002554,1,424.71,return_and_refund
RFI00001660,RF0001336,OI000010199,SKU0002874,1,474.03,refund_only
RFI00001661,RF0001337,OI000007278,SKU0001077,1,3372.04,refund_only
RFI00001662,RF0001338,OI000005438,SKU0002426,2,2566.03,return_and_refund
RFI00001663,RF0001338,OI000005439,SKU0000346,1,2454.52,return_and_refund
RFI00001664,RF0001339,OI000011319,SKU0002815,1,2040.37,return_and_refund
RFI00001665,RF0001340,OI000009295,SKU0000318,1,847.42,return_and_refund
RFI00001666,RF0001341,OI000003090,SKU0002546,1,2517.17,return_and_refund
RFI00001667,RF0001342,OI000003070,SKU0002052,1,2072.5,refund_only
RFI00001668,RF0001342,OI000003071,SKU0000292,1,884.22,return_and_refund
RFI00001669,RF0001343,OI000017497,SKU0001064,1,1409.47,return_and_refund
RFI00001670,RF0001344,OI000010101,SKU0001284,1,2127.42,return_and_refund
RFI00001671,RF0001344,OI000010102,SKU0002083,1,2814.58,return_and_refund
RFI00001672,RF0001345,OI000003897,SKU0002607,1,237.71,return_and_refund
RFI00001673,RF0001345,OI000003896,SKU0000207,1,1749.5,return_and_refund
RFI00001674,RF0001346,OI000018781,SKU0002938,1,1460.11,return_and_refund
RFI00001675,RF0001347,OI000005487,SKU0000742,1,1160.21,return_and_refund
RFI00001676,RF0001348,OI000004926,SKU0001186,1,3319.64,refund_only
RFI00001677,RF0001349,OI000014101,SKU0001538,1,172.14,return_and_refund
RFI00001678,RF0001350,OI000006170,SKU0001136,1,203.85,refund_only
RFI00001679,RF0001351,OI000014086,SKU0002720,2,2196.22,return_and_refund
RFI00001680,RF0001352,OI000015105,SKU0002606,2,4740.75,return_and_refund
RFI00001681,RF0001352,OI000015106,SKU0001646,1,1459.64,return_and_refund
RFI00001682,RF0001353,OI000019118,SKU0000459,1,2777.65,return_and_refund
RFI00001683,RF0001354,OI000018642,SKU0000108,1,1547.28,return_and_refund
RFI00001684,RF0001354,OI000018643,SKU0002187,1,2037.0,return_and_refund
RFI00001685,RF0001355,OI000005053,SKU0000384,1,1225.21,return_and_refund
RFI00001686,RF0001356,OI000010142,SKU0000681,1,420.68,return_and_refund
RFI00001687,RF0001357,OI000004843,SKU0000779,1,1946.84,return_and_refund
RFI00001688,RF0001357,OI000004844,SKU0000939,1,2586.66,return_and_refund
RFI00001689,RF0001358,OI000012490,SKU0001622,1,1718.42,return_and_refund
RFI00001690,RF0001359,OI000001966,SKU0002747,1,577.39,return_and_refund
RFI00001691,RF0001360,OI000006596,SKU0000671,2,1249.97,return_and_refund
RFI00001692,RF0001361,OI000018742,SKU0001243,1,446.62,return_and_refund
RFI00001693,RF0001362,OI000003742,SKU0000904,2,3091.55,return_and_refund
RFI00001694,RF0001363,OI000012473,SKU0001432,2,1662.44,return_and_refund
RFI00001695,RF0001364,OI000019343,SKU0000179,1,1120.81,return_and_refund
RFI00001696,RF0001365,OI000001484,SKU0002613,1,1204.7,return_and_refund
RFI00001697,RF0001366,OI000017215,SKU0000862,3,4615.98,return_and_refund
RFI00001698,RF0001367,OI000014876,SKU0000528,1,517.46,return_and_refund
RFI00001699,RF0001368,OI000018597,SKU0001679,2,2139.81,return_and_refund
RFI00001700,RF0001368,OI000018598,SKU0001520,1,1166.27,refund_only
RFI00001701,RF0001369,OI000007207,SKU0001766,3,1656.44,refund_only
RFI00001702,RF0001369,OI000007206,SKU0000966,3,5836.64,return_and_refund
RFI00001703,RF0001370,OI000019214,SKU0002029,2,2067.93,return_and_refund
RFI00001704,RF0001371,OI000015582,SKU0002196,1,2642.1,return_and_refund
RFI00001705,RF0001372,OI000008333,SKU0002403,1,1398.57,return_and_refund
RFI00001706,RF0001372,OI000008332,SKU0000004,3,878.71,return_and_refund
RFI00001707,RF0001373,OI000018293,SKU0001759,3,6212.48,refund_only
RFI00001708,RF0001374,OI000008446,SKU0002201,1,2764.42,refund_only
RFI00001709,RF0001374,OI000008445,SKU0002522,1,2557.74,refund_only
RFI00001710,RF0001375,OI000018844,SKU0002712,3,1763.24,refund_only
RFI00001711,RF0001375,OI000018845,SKU0000631,2,3049.55,return_and_refund
RFI00001712,RF0001376,OI000004002,SKU0000597,1,1652.48,refund_only
RFI00001713,RF0001377,OI000004999,SKU0000178,1,1673.02,return_and_refund
RFI00001714,RF0001378,OI000006479,SKU0000298,1,574.5,refund_only
RFI00001715,RF0001378,OI000006478,SKU0001578,1,2596.69,return_and_refund
RFI00001716,RF0001379,OI000017479,SKU0002705,4,6842.03,return_and_refund
RFI00001717,RF0001380,OI000008700,SKU0001071,1,2431.18,return_and_refund
RFI00001718,RF0001381,OI000002289,SKU0002571,1,2578.73,return_and_refund
RFI00001719,RF0001381,OI000002288,SKU0001132,1,1464.2,return_and_refund
RFI00001720,RF0001382,OI000018662,SKU0001210,1,2256.38,return_and_refund
RFI00001721,RF0001383,OI000007891,SKU0000840,1,427.48,return_and_refund
RFI00001722,RF0001384,OI000008833,SKU0001468,2,2312.41,refund_only
RFI00001723,RF0001385,OI000017728,SKU0001508,1,707.93,return_and_refund
RFI00001724,RF0001385,OI000017727,SKU0000068,3,5153.75,return_and_refund
RFI00001725,RF0001386,OI000010028,SKU0000563,1,2338.53,return_and_refund
RFI00001726,RF0001386,OI000010029,SKU0002323,1,1091.53,return_and_refund
RFI00001727,RF0001387,OI000017387,SKU0001090,1,1311.29,return_and_refund
RFI00001728,RF0001388,OI000002727,SKU0000348,1,1804.05,return_and_refund
RFI00001729,RF0001388,OI000002728,SKU0000507,1,2347.74,return_and_refund
RFI00001730,RF0001389,OI000006184,SKU0001279,1,1756.27,return_and_refund
RFI00001731,RF0001389,OI000006185,SKU0002880,2,2232.15,return_and_refund
RFI00001732,RF0001390,OI000016903,SKU0001659,1,1742.68,return_and_refund
RFI00001733,RF0001391,OI000010343,SKU0001316,1,1806.94,refund_only
RFI00001734,RF0001391,OI000010344,SKU0000036,2,3659.17,return_and_refund
RFI00001735,RF0001392,OI000020016,SKU0001977,1,1617.82,return_and_refund
RFI00001736,RF0001393,OI000010440,SKU0002872,1,253.0,return_and_refund
RFI00001737,RF0001393,OI000010441,SKU0001271,4,6003.69,refund_only
RFI00001738,RF0001394,OI000013449,SKU0002743,1,1697.04,refund_only
RFI00001739,RF0001394,OI000013450,SKU0002424,1,1014.59,refund_only
RFI00001740,RF0001395,OI000001215,SKU0001290,1,937.9,return_and_refund
RFI00001741,RF0001396,OI000005960,SKU0000683,1,3148.33,refund_only
RFI00001742,RF0001396,OI000005961,SKU0002924,2,2066.43,return_and_refund
RFI00001743,RF0001397,OI000004497,SKU0002347,1,2513.02,return_and_refund
RFI00001744,RF0001398,OI000000515,SKU0002554,1,464.84,refund_only
RFI00001745,RF0001399,OI000003917,SKU0001996,1,1626.43,return_and_refund
RFI00001746,RF0001400,OI000004116,SKU0000106,2,4242.1,return_and_refund
RFI00001747,RF0001401,OI000000972,SKU0001584,1,130.06,return_and_refund
RFI00001748,RF0001402,OI000002040,SKU0000765,2,4989.24,return_and_refund
RFI00001749,RF0001402,OI000002042,SKU0001406,2,5113.39,refund_only
RFI00001750,RF0001403,OI000002604,SKU0000600,1,2324.66,return_and_refund
RFI00001751,RF0001404,OI000016726,SKU0002813,1,560.46,return_and_refund
RFI00001752,RF0001405,OI000011755,SKU0002002,3,2641.46,refund_only
RFI00001753,RF0001406,OI000005341,SKU0000990,1,1240.16,refund_only
RFI00001754,RF0001407,OI000004568,SKU0000079,3,2358.7,return_and_refund
RFI00001755,RF0001408,OI000018731,SKU0000215,2,3973.15,return_and_refund
RFI00001756,RF0001409,OI000009849,SKU0002211,1,2357.65,return_and_refund
RFI00001757,RF0001410,OI000014085,SKU0000213,1,1541.31,return_and_refund
RFI00001758,RF0001411,OI000015937,SKU0002438,1,1102.83,return_and_refund
RFI00001759,RF0001412,OI000018299,SKU0001962,1,1786.18,refund_only
RFI00001760,RF0001412,OI000018300,SKU0002441,1,295.02,return_and_refund
RFI00001761,RF0001413,OI000000322,SKU0001660,1,1614.9,return_and_refund
RFI00001762,RF0001414,OI000013906,SKU0001886,1,1129.68,return_and_refund
RFI00001763,RF0001415,OI000001955,SKU0001084,1,98.45,refund_only
RFI00001764,RF0001416,OI000008678,SKU0001961,1,1364.51,return_and_refund
RFI00001765,RF0001417,OI000010455,SKU0000410,1,1724.0,return_and_refund
RFI00001766,RF0001418,OI000006615,SKU0000642,1,1220.84,return_and_refund
RFI00001767,RF0001419,OI000004392,SKU0002958,1,1505.72,return_and_refund
RFI00001768,RF0001419,OI000004391,SKU0002638,1,1565.39,refund_only
RFI00001769,RF0001420,OI000012930,SKU0000849,1,766.2,return_and_refund
RFI00001770,RF0001420,OI000012929,SKU0002770,1,3144.08,refund_only
RFI00001771,RF0001421,OI000001375,SKU0000270,2,3625.02,refund_only
RFI00001772,RF0001422,OI000014650,SKU0001568,1,1644.64,return_and_refund
RFI00001773,RF0001423,OI000009658,SKU0000663,1,479.29,return_and_refund
RFI00001774,RF0001424,OI000008969,SKU0000495,2,4888.65,refund_only
RFI00001775,RF0001425,OI000000135,SKU0001451,3,2773.78,return_and_refund
RFI00001776,RF0001426,OI000011213,SKU0000629,1,583.65,return_and_refund
RFI00001777,RF0001427,OI000007709,SKU0000722,1,823.71,return_and_refund
RFI00001778,RF0001427,OI000007710,SKU0002001,4,3162.05,refund_only
RFI00001779,RF0001428,OI000018194,SKU0001628,1,1288.44,return_and_refund
RFI00001780,RF0001429,OI000011067,SKU0001692,1,1328.82,return_and_refund
RFI00001781,RF0001430,OI000017999,SKU0001386,1,650.22,refund_only
RFI00001782,RF0001431,OI000006073,SKU0001467,2,1751.43,refund_only
RFI00001783,RF0001431,OI000006072,SKU0000988,2,2489.31,return_and_refund
RFI00001784,RF0001432,OI000016279,SKU0000513,1,1142.2,refund_only
RFI00001785,RF0001433,OI000005702,SKU0000891,1,386.14,return_and_refund
RFI00001786,RF0001434,OI000009259,SKU0002933,1,2978.98,return_and_refund
RFI00001787,RF0001435,OI000009139,SKU0001327,1,500.49,return_and_refund
RFI00001788,RF0001435,OI000009138,SKU0001168,2,4663.95,return_and_refund
RFI00001789,RF0001436,OI000005334,SKU0000699,1,2346.0,return_and_refund
RFI00001790,RF0001437,OI000012411,SKU0000359,1,1127.03,return_and_refund
RFI00001791,RF0001437,OI000012410,SKU0000839,1,399.69,return_and_refund
RFI00001792,RF0001438,OI000014292,SKU0001855,1,956.78,return_and_refund
RFI00001793,RF0001439,OI000020458,SKU0000953,1,100.66,refund_only
RFI00001794,RF0001439,OI000020457,SKU0001913,1,2470.0,return_and_refund
RFI00001795,RF0001440,OI000012523,SKU0001832,1,663.45,refund_only
RFI00001796,RF0001441,OI000015269,SKU0001473,2,4397.0,refund_only
RFI00001797,RF0001442,OI000002628,SKU0002314,4,797.44,refund_only
RFI00001798,RF0001443,OI000004056,SKU0001380,1,2479.84,return_and_refund
RFI00001799,RF0001444,OI000003254,SKU0001580,1,905.85,refund_only
RFI00001800,RF0001445,OI000009186,SKU0001366,1,1249.1,refund_only
RFI00001801,RF0001445,OI000009187,SKU0001685,1,2322.25,refund_only
RFI00001802,RF0001446,OI000007970,SKU0000732,1,1627.16,return_and_refund
RFI00001803,RF0001447,OI000014527,SKU0002284,3,9166.54,refund_only
RFI00001804,RF0001448,OI000013582,SKU0002810,1,689.58,return_and_refund
RFI00001805,RF0001449,OI000001062,SKU0001711,2,1987.38,return_and_refund
RFI00001806,RF0001449,OI000001064,SKU0000752,1,1722.69,return_and_refund
RFI00001807,RF0001450,OI000006681,SKU0001337,2,778.75,refund_only
RFI00001808,RF0001451,OI000008863,SKU0000621,1,3095.74,refund_only
RFI00001809,RF0001452,OI000017505,SKU0001059,1,2451.09,refund_only
RFI00001810,RF0001452,OI000017504,SKU0001380,1,2898.98,return_and_refund
RFI00001811,RF0001453,OI000000407,SKU0002705,1,1653.31,refund_only
RFI00001812,RF0001454,OI000015317,SKU0000090,1,786.39,return_and_refund
RFI00001813,RF0001454,OI000015316,SKU0000729,1,2104.13,refund_only
RFI00001814,RF0001455,OI000006206,SKU0000810,1,521.39,refund_only
RFI00001815,RF0001456,OI000000379,SKU0000908,1,1768.92,return_and_refund
RFI00001816,RF0001457,OI000010961,SKU0002571,2,5054.9,refund_only
RFI00001817,RF0001457,OI000010959,SKU0001932,1,2196.98,refund_only
RFI00001818,RF0001458,OI000005064,SKU0001964,1,1187.13,return_and_refund
RFI00001819,RF0001458,OI000005063,SKU0002603,1,149.21,return_and_refund
RFI00001820,RF0001459,OI000011010,SKU0001640,1,2393.58,return_and_refund
RFI00001821,RF0001460,OI000018779,SKU0001073,1,82.47,return_and_refund
RFI00001822,RF0001460,OI000018780,SKU0000114,1,400.52,refund_only
RFI00001823,RF0001461,OI000007806,SKU0001629,2,4280.57,return_and_refund
RFI00001824,RF0001461,OI000007807,SKU0002589,1,2618.36,refund_only
RFI00001825,RF0001462,OI000015766,SKU0000710,1,797.73,return_and_refund
RFI00001826,RF0001463,OI000003852,SKU0000718,3,9323.0,return_and_refund
RFI00001827,RF0001463,OI000003855,SKU0001678,3,5079.2,return_and_refund
RFI00001828,RF0001464,OI000004331,SKU0000416,1,972.67,return_and_refund
RFI00001829,RF0001465,OI000014978,SKU0001916,1,2023.02,return_and_refund
RFI00001830,RF0001466,OI000014411,SKU0002617,1,2963.82,refund_only
RFI00001831,RF0001467,OI000009308,SKU0002684,1,3169.68,return_and_refund
RFI00001832,RF0001468,OI000011509,SKU0000234,2,2662.91,return_and_refund
RFI00001833,RF0001469,OI000018497,SKU0002495,4,9925.0,return_and_refund
RFI00001834,RF0001470,OI000015963,SKU0001624,1,1926.67,refund_only
RFI00001835,RF0001471,OI000003909,SKU0000314,1,1925.4,return_and_refund
RFI00001836,RF0001472,OI000016977,SKU0001422,1,1147.9,refund_only
RFI00001837,RF0001473,OI000009343,SKU0000893,1,985.06,refund_only
RFI00001838,RF0001474,OI000004456,SKU0001320,4,1024.23,refund_only
RFI00001839,RF0001474,OI000004455,SKU0001960,2,2208.21,refund_only
RFI00001840,RF0001475,OI000017090,SKU0000014,3,727.29,refund_only
RFI00001841,RF0001476,OI000011608,SKU0002493,1,1663.83,refund_only
RFI00001842,RF0001477,OI000007340,SKU0000056,1,2449.4,return_and_refund
RFI00001843,RF0001478,OI000005516,SKU0000512,1,2408.51,return_and_refund
RFI00001844,RF0001479,OI000013012,SKU0001928,1,1728.19,return_and_refund
RFI00001845,RF0001480,OI000006647,SKU0000358,1,2883.48,return_and_refund
RFI00001846,RF0001481,OI000004964,SKU0002088,1,606.26,return_and_refund
RFI00001847,RF0001482,OI000016926,SKU0000567,2,4326.32,return_and_refund
RFI00001848,RF0001483,OI000007358,SKU0000501,1,2751.3,return_and_refund
RFI00001849,RF0001484,OI000019185,SKU0001011,2,688.93,return_and_refund
RFI00001850,RF0001484,OI000019184,SKU0002452,1,1142.3,return_and_refund
RFI00001851,RF0001485,OI000015118,SKU0001538,1,172.32,return_and_refund
RFI00001852,RF0001486,OI000009569,SKU0002104,1,27.34,return_and_refund
RFI00001853,RF0001487,OI000012938,SKU0002903,1,1301.46,refund_only
RFI00001854,RF0001488,OI000013404,SKU0000522,1,417.48,return_and_refund
RFI00001855,RF0001489,OI000003437,SKU0001078,1,3023.62,refund_only
RFI00001856,RF0001489,OI000003436,SKU0002678,1,487.01,return_and_refund
RFI00001857,RF0001490,OI000000860,SKU0001618,1,564.27,return_and_refund
RFI00001858,RF0001490,OI000000858,SKU0000658,1,2553.12,return_and_refund
RFI00001859,RF0001491,OI000017484,SKU0002638,2,3029.22,refund_only
RFI00001860,RF0001492,OI000014016,SKU0000623,1,180.55,return_and_refund
RFI00001861,RF0001493,OI000013778,SKU0000351,2,1772.9,refund_only
RFI00001862,RF0001493,OI000013779,SKU0000831,3,3610.62,return_and_refund
RFI00001863,RF0001494,OI000003998,SKU0001795,1,727.2,return_and_refund
RFI00001864,RF0001494,OI000003999,SKU0000516,1,1600.01,return_and_refund
RFI00001865,RF0001495,OI000016976,SKU0001392,1,99.67,refund_only
RFI00001866,RF0001495,OI000016975,SKU0001551,1,1943.52,return_and_refund
RFI00001867,RF0001496,OI000019210,SKU0001582,1,1731.97,refund_only
RFI00001868,RF0001496,OI000019212,SKU0002861,2,4514.61,return_and_refund
RFI00001869,RF0001497,OI000014488,SKU0001546,1,1342.83,return_and_refund
RFI00001870,RF0001498,OI000013055,SKU0000236,1,2323.63,refund_only
RFI00001871,RF0001498,OI000013056,SKU0001195,1,1490.47,return_and_refund
RFI00001872,RF0001499,OI000002779,SKU0002471,3,3862.5,refund_only
RFI00001873,RF0001499,OI000002778,SKU0000232,1,3098.71,return_and_refund
RFI00001874,RF0001500,OI000000885,SKU0001304,1,562.53,return_and_refund
RFI00001875,RF0001501,OI000006430,SKU0001834,1,397.25,refund_only
RFI00001876,RF0001502,OI000003554,SKU0001156,2,1964.33,return_and_refund
RFI00001877,RF0001503,OI000003405,SKU0002374,1,528.46,return_and_refund
RFI00001878,RF0001504,OI000011120,SKU0002267,4,5208.82,return_and_refund
RFI00001879,RF0001505,OI000017525,SKU0001372,1,1692.01,return_and_refund
RFI00001880,RF0001505,OI000017526,SKU0002011,2,2535.04,return_and_refund
RFI00001881,RF0001506,OI000015015,SKU0001244,1,537.71,refund_only
RFI00001882,RF0001507,OI000000724,SKU0000468,1,2845.36,return_and_refund
RFI00001883,RF0001507,OI000000725,SKU0000788,1,1025.05,return_and_refund
RFI00001884,RF0001508,OI000018210,SKU0001572,1,2324.23,return_and_refund
RFI00001885,RF0001509,OI000016530,SKU0000038,1,2980.29,return_and_refund
RFI00001886,RF0001510,OI000009768,SKU0002063,1,1046.02,return_and_refund
RFI00001887,RF0001511,OI000001070,SKU0001150,1,2357.72,return_and_refund
RFI00001888,RF0001511,OI000001069,SKU0000029,1,1006.03,return_and_refund
RFI00001889,RF0001512,OI000006042,SKU0002882,1,799.26,return_and_refund
RFI00001890,RF0001513,OI000002996,SKU0000798,1,931.49,return_and_refund
RFI00001891,RF0001514,OI000002022,SKU0002355,1,1532.71,return_and_refund
RFI00001892,RF0001515,OI000001851,SKU0002735,1,271.26,return_and_refund
RFI00001893,RF0001516,OI000009424,SKU0000926,1,507.33,return_and_refund
RFI00001894,RF0001517,OI000005580,SKU0000171,1,469.04,return_and_refund
RFI00001895,RF0001518,OI000019080,SKU0002968,1,3075.7,return_and_refund
RFI00001896,RF0001519,OI000018049,SKU0001575,3,5303.0,return_and_refund
RFI00001897,RF0001520,OI000016774,SKU0001657,1,496.86,refund_only
RFI00001898,RF0001521,OI000006395,SKU0001445,2,1681.22,return_and_refund
RFI00001899,RF0001522,OI000018142,SKU0001773,1,1775.1,refund_only
RFI00001900,RF0001523,OI000000461,SKU0001122,1,1841.81,return_and_refund
RFI00001901,RF0001524,OI000019304,SKU0000542,1,755.43,return_and_refund
RFI00001902,RF0001525,OI000003358,SKU0000712,1,1168.23,refund_only
RFI00001903,RF0001525,OI000003357,SKU0002311,1,1893.4,return_and_refund
RFI00001904,RF0001526,OI000020359,SKU0002010,2,4721.23,return_and_refund
RFI00001905,RF0001527,OI000017462,SKU0000907,1,1339.85,refund_only
RFI00001906,RF0001528,OI000005732,SKU0001123,1,916.15,return_and_refund
RFI00001907,RF0001529,OI000015820,SKU0001393,1,1507.87,refund_only
RFI00001908,RF0001530,OI000013222,SKU0001316,1,1649.33,refund_only
RFI00001909,RF0001531,OI000007199,SKU0002203,1,1007.42,return_and_refund
RFI00001910,RF0001532,OI000010014,SKU0002299,3,742.08,refund_only
RFI00001911,RF0001533,OI000010075,SKU0000810,1,526.91,return_and_refund
RFI00001912,RF0001534,OI000000404,SKU0001477,1,2650.79,refund_only
RFI00001913,RF0001535,OI000005486,SKU0001029,2,5874.25,return_and_refund
RFI00001914,RF0001535,OI000005485,SKU0001989,2,330.37,return_and_refund
RFI00001915,RF0001536,OI000007522,SKU0001540,3,428.99,return_and_refund
RFI00001916,RF0001537,OI000004850,SKU0002800,1,1376.44,return_and_refund
RFI00001917,RF0001538,OI000019692,SKU0000692,1,2900.73,return_and_refund
RFI00001918,RF0001539,OI000019983,SKU0001592,1,1110.54,return_and_refund
RFI00001919,RF0001540,OI000012206,SKU0001228,2,3147.77,refund_only
RFI00001920,RF0001541,OI000012873,SKU0000663,1,533.1,return_and_refund
RFI00001921,RF0001542,OI000007135,SKU0001658,1,424.99,refund_only
RFI00001922,RF0001542,OI000007137,SKU0001337,1,393.82,refund_only
RFI00001923,RF0001543,OI000015566,SKU0000869,3,8027.11,refund_only
RFI00001924,RF0001544,OI000005175,SKU0002532,2,2505.81,return_and_refund
RFI00001925,RF0001545,OI000004137,SKU0000312,1,941.17,return_and_refund
RFI00001926,RF0001546,OI000010698,SKU0002226,1,1664.94,return_and_refund
RFI00001927,RF0001547,OI000012058,SKU0002584,1,2047.29,refund_only
RFI00001928,RF0001548,OI000005871,SKU0002514,1,1416.52,refund_only
RFI00001929,RF0001548,OI000005873,SKU0000914,1,260.46,return_and_refund
RFI00001930,RF0001549,OI000017664,SKU0000319,1,993.05,return_and_refund
RFI00001931,RF0001549,OI000017663,SKU0000479,1,193.9,refund_only
RFI00001932,RF0001550,OI000012404,SKU0001713,1,2603.23,return_and_refund
RFI00001933,RF0001551,OI000007058,SKU0000330,1,2452.23,refund_only
RFI00001934,RF0001552,OI000010760,SKU0002621,1,185.41,refund_only
RFI00001935,RF0001553,OI000020065,SKU0000786,1,691.0,return_and_refund
RFI00001936,RF0001554,OI000001257,SKU0000367,1,2445.4,return_and_refund
RFI00001937,RF0001554,OI000001256,SKU0002128,1,2129.97,refund_only
RFI00001938,RF0001555,OI000013317,SKU0002627,1,1470.75,return_and_refund
RFI00001939,RF0001556,OI000016936,SKU0002030,1,1189.15,refund_only
RFI00001940,RF0001557,OI000020449,SKU0002207,2,1771.71,return_and_refund
RFI00001941,RF0001558,OI000018906,SKU0002922,1,2560.91,return_and_refund
RFI00001942,RF0001559,OI000013351,SKU0002778,1,584.78,return_and_refund
RFI00001943,RF0001560,OI000011775,SKU0000071,3,6635.29,return_and_refund
RFI00001944,RF0001561,OI000010124,SKU0001250,1,779.56,return_and_refund
RFI00001945,RF0001561,OI000010125,SKU0001890,2,1371.69,refund_only
RFI00001946,RF0001562,OI000016998,SKU0002332,1,1437.57,return_and_refund
RFI00001947,RF0001562,OI000016999,SKU0002811,2,1508.09,refund_only
RFI00001948,RF0001563,OI000007287,SKU0002091,2,5145.02,refund_only
RFI00001949,RF0001564,OI000007514,SKU0001423,1,1846.72,return_and_refund
RFI00001950,RF0001565,OI000004359,SKU0001579,1,1047.56,return_and_refund
RFI00001951,RF0001566,OI000014276,SKU0001255,1,2462.32,refund_only
RFI00001952,RF0001567,OI000005574,SKU0000972,3,2602.81,return_and_refund
RFI00001953,RF0001567,OI000005573,SKU0001772,1,3091.6,return_and_refund
RFI00001954,RF0001568,OI000013398,SKU0000456,1,435.09,return_and_refund
RFI00001955,RF0001569,OI000005493,SKU0000200,3,3971.54,return_and_refund
RFI00001956,RF0001570,OI000012455,SKU0000329,2,3716.15,return_and_refund
RFI00001957,RF0001570,OI000012456,SKU0002249,1,1772.73,return_and_refund
RFI00001958,RF0001571,OI000015208,SKU0000158,1,2716.56,return_and_refund
RFI00001959,RF0001572,OI000017007,SKU0002299,1,223.65,refund_only
RFI00001960,RF0001573,OI000019465,SKU0000710,1,825.9,return_and_refund
RFI00001961,RF0001574,OI000010751,SKU0000993,1,1176.03,return_and_refund
RFI00001962,RF0001575,OI000008859,SKU0002909,1,2478.75,return_and_refund
RFI00001963,RF0001576,OI000012571,SKU0002120,1,1828.21,return_and_refund
RFI00001964,RF0001577,OI000013777,SKU0000894,1,1030.14,refund_only
RFI00001965,RF0001578,OI000004614,SKU0002967,1,3134.38,return_and_refund
RFI00001966,RF0001579,OI000020237,SKU0002540,2,712.44,refund_only
RFI00001967,RF0001580,OI000000401,SKU0002747,1,677.64,return_and_refund
RFI00001968,RF0001581,OI000018274,SKU0001072,1,2330.23,return_and_refund
RFI00001969,RF0001581,OI000018273,SKU0002671,1,2654.67,return_and_refund
RFI00001970,RF0001582,OI000015861,SKU0000618,2,2535.84,return_and_refund
RFI00001971,RF0001583,OI000001475,SKU0002115,1,2224.21,return_and_refund
RFI00001972,RF0001584,OI000009839,SKU0002148,4,2091.85,refund_only
RFI00001973,RF0001584,OI000009840,SKU0001028,1,2462.53,refund_only
RFI00001974,RF0001585,OI000010915,SKU0001042,1,1737.14,refund_only
RFI00001975,RF0001586,OI000010067,SKU0002208,4,3764.31,return_and_refund
RFI00001976,RF0001587,OI000000877,SKU0000474,1,2291.98,return_and_refund
RFI00001977,RF0001588,OI000019522,SKU0002085,4,13380.93,return_and_refund
RFI00001978,RF0001589,OI000007339,SKU0002121,1,1664.31,return_and_refund
RFI00001979,RF0001590,OI000005945,SKU0000018,1,2166.93,return_and_refund
RFI00001980,RF0001591,OI000005243,SKU0002989,1,410.56,refund_only
RFI00001981,RF0001592,OI000012428,SKU0000545,1,2368.37,return_and_refund
RFI00001982,RF0001593,OI000010085,SKU0002880,1,1207.62,return_and_refund
RFI00001983,RF0001593,OI000010086,SKU0000160,1,2837.38,return_and_refund
RFI00001984,RF0001594,OI000006866,SKU0001005,1,2117.57,return_and_refund
RFI00001985,RF0001595,OI000008467,SKU0002322,2,4229.54,refund_only
RFI00001986,RF0001596,OI000018418,SKU0001202,1,1245.04,return_and_refund
RFI00001987,RF0001597,OI000019666,SKU0001125,1,2349.41,refund_only
RFI00001988,RF0001598,OI000020411,SKU0002604,1,182.63,return_and_refund
RFI00001989,RF0001599,OI000001153,SKU0000653,1,1395.18,return_and_refund
RFI00001990,RF0001600,OI000015002,SKU0001721,2,1857.66,refund_only
