ticket_id,user_id,order_id,issue_type,priority,ticket_status,created_at,resolved_at,source_channel
TK0000001,U003304,O00002967,退款售后,normal,resolved,2026-02-15 15:46:50,2026-02-18 07:46:50,social
TK0000002,U000580,O00002300,商品咨询,normal,closed,2025-12-22 02:48:51,2025-12-24 04:48:51,app
TK0000003,U000040,O00002688,商品咨询,normal,closed,2025-08-07 17:56:51,2025-08-07 18:56:51,app
TK0000004,U003339,O00010097,退款售后,normal,processing,2026-03-16 10:09:33,,social
TK0000005,U004477,O00003530,退款售后,normal,resolved,2026-04-15 20:34:30,2026-04-16 04:34:30,phone
TK0000006,U001851,O00004086,账户问题,low,closed,2025-06-22 12:12:16,2025-06-23 13:12:16,social
TK0000007,U001640,O00003025,订单咨询,high,resolved,2025-02-03 05:09:39,2025-02-05 05:09:39,app
TK0000008,U004523,O00004914,物流问题,high,processing,2025-06-25 13:27:01,,web
TK0000009,U000305,,物流问题,normal,closed,2025-01-15 05:15:09,2025-01-17 12:15:09,web
TK0000010,U004660,,账户问题,normal,closed,2025-09-14 21:55:26,2025-09-16 00:55:26,social
TK0000011,U002919,O00004504,商品咨询,normal,closed,2025-05-22 04:29:23,2025-05-23 13:29:23,phone
TK0000012,U000579,,物流问题,normal,closed,2025-11-15 22:37:39,2025-11-18 04:37:39,web
TK0000013,U004479,O00000772,物流问题,normal,closed,2025-06-26 03:57:18,2025-06-27 20:57:18,social
TK0000014,U003727,,活动优惠,urgent,processing,2025-05-08 16:57:49,,app
TK0000015,U000343,O00009166,订单咨询,high,resolved,2025-07-24 11:12:13,2025-07-25 20:12:13,app
TK0000016,U001962,O00011168,商品咨询,normal,closed,2025-03-28 14:49:32,2025-03-29 23:49:32,app
TK0000017,U002892,O00005224,物流问题,low,resolved,2026-01-18 08:01:03,2026-01-18 22:01:03,social
TK0000018,U004898,O00009255,订单咨询,high,closed,2026-06-05 14:01:01,2026-06-08 08:01:01,web
TK0000019,U003719,O00011718,活动优惠,normal,closed,2025-04-18 01:12:20,2025-04-19 03:12:20,social
TK0000020,U003699,O00004683,物流问题,low,processing,2026-07-13 17:03:52,,phone
TK0000021,U003710,,活动优惠,low,closed,2025-09-10 01:09:38,2025-09-13 01:09:38,app
TK0000022,U001457,O00005739,活动优惠,normal,closed,2025-07-19 23:58:13,2025-07-22 08:58:13,web
TK0000023,U004924,O00010804,订单咨询,normal,closed,2025-12-07 11:46:46,2025-12-09 05:46:46,app
TK0000024,U000180,O00006021,物流问题,normal,closed,2026-04-13 20:42:05,2026-04-14 22:42:05,web
TK0000025,U000585,O00007308,物流问题,normal,resolved,2026-01-23 23:15:53,2026-01-26 13:15:53,phone
TK0000026,U001817,O00000922,物流问题,low,resolved,2026-04-03 19:05:15,2026-04-04 03:05:15,app
TK0000027,U004992,,活动优惠,normal,closed,2025-09-16 20:40:30,2025-09-19 19:40:30,app
TK0000028,U000363,O00001257,物流问题,high,resolved,2025-04-06 18:17:25,2025-04-07 03:17:25,social
TK0000029,U004720,,退款售后,normal,closed,2025-04-05 04:49:23,2025-04-05 22:49:23,social
TK0000030,U003841,O00000237,商品咨询,low,closed,2025-03-15 21:00:22,2025-03-16 03:00:22,social
TK0000031,U000004,O00000858,订单咨询,normal,closed,2025-07-15 04:37:54,2025-07-15 06:37:54,app
TK0000032,U000991,O00000529,物流问题,urgent,closed,2026-04-04 22:01:48,2026-04-07 13:01:48,app
TK0000033,U001760,O00005128,物流问题,normal,closed,2026-01-17 14:08:12,2026-01-20 10:08:12,social
TK0000034,U003046,O00006378,物流问题,urgent,resolved,2026-03-09 03:09:52,2026-03-10 19:09:52,social
TK0000035,U003348,O00002331,物流问题,normal,closed,2025-08-25 14:06:14,2025-08-26 09:06:14,web
TK0000036,U001375,O00004784,活动优惠,high,closed,2026-04-30 15:05:37,2026-05-01 19:05:37,web
TK0000037,U004013,O00008114,退款售后,normal,resolved,2025-01-23 20:40:58,2025-01-25 20:40:58,app
TK0000038,U000935,,退款售后,normal,resolved,2025-05-10 03:38:47,2025-05-12 18:38:47,social
TK0000039,U001873,O00001214,商品咨询,urgent,closed,2025-09-10 13:36:45,2025-09-12 04:36:45,phone
TK0000040,U004947,O00006860,商品咨询,normal,closed,2025-06-20 00:13:37,2025-06-20 21:13:37,social
TK0000041,U001706,O00010154,物流问题,normal,closed,2025-05-25 07:15:04,2025-05-25 17:15:04,social
TK0000042,U004173,O00004814,物流问题,low,resolved,2025-02-11 10:18:35,2025-02-11 12:18:35,phone
TK0000043,U004730,O00007403,账户问题,low,resolved,2026-01-17 17:24:54,2026-01-20 13:24:54,app
TK0000044,U000266,,商品咨询,normal,resolved,2026-08-15 00:33:12,2026-08-17 03:33:12,app
TK0000045,U003395,O00009709,账户问题,normal,closed,2025-02-01 15:34:24,2025-02-04 14:34:24,web
TK0000046,U001570,O00006283,物流问题,normal,closed,2026-02-01 22:31:55,2026-02-04 08:31:55,app
TK0000047,U003796,,账户问题,low,resolved,2026-03-10 23:18:29,2026-03-11 11:18:29,app
TK0000048,U004034,O00009746,活动优惠,low,closed,2025-11-04 16:07:10,2025-11-05 07:07:10,web
TK0000049,U002626,O00002075,账户问题,normal,resolved,2025-07-16 09:42:36,2025-07-18 07:42:36,phone
TK0000050,U002172,O00010694,活动优惠,normal,resolved,2025-10-18 00:08:47,2025-10-19 10:08:47,app
TK0000051,U001386,O00011135,订单咨询,normal,closed,2026-03-03 23:52:41,2026-03-06 21:52:41,app
TK0000052,U004629,O00005639,物流问题,low,resolved,2025-09-05 04:08:59,2025-09-07 10:08:59,web
TK0000053,U002341,O00008677,订单咨询,normal,closed,2025-10-12 07:32:16,2025-10-13 07:32:16,phone
TK0000054,U000827,O00002593,商品咨询,normal,resolved,2026-01-16 02:11:09,2026-01-18 23:11:09,web
TK0000055,U004398,O00010125,退款售后,low,resolved,2025-07-16 07:23:21,2025-07-18 17:23:21,web
TK0000056,U004157,O00005937,活动优惠,normal,resolved,2025-03-04 14:42:11,2025-03-06 06:42:11,app
TK0000057,U000815,O00005113,物流问题,normal,closed,2025-01-11 17:21:28,2025-01-13 13:21:28,app
TK0000058,U003624,O00006145,退款售后,low,resolved,2025-03-29 17:55:25,2025-03-29 22:55:25,social
TK0000059,U003043,O00004485,退款售后,urgent,resolved,2025-11-23 10:59:51,2025-11-24 05:59:51,app
TK0000060,U002242,O00011154,订单咨询,normal,resolved,2026-05-03 04:55:54,2026-05-05 11:55:54,app
TK0000061,U002124,O00003951,物流问题,normal,closed,2026-07-24 06:02:15,2026-07-25 03:02:15,web
TK0000062,U004269,O00005188,物流问题,normal,resolved,2026-03-04 16:20:22,2026-03-07 06:20:22,app
TK0000063,U000751,O00008722,活动优惠,normal,processing,2026-04-16 07:23:52,,web
TK0000064,U002532,O00003546,订单咨询,high,open,2025-02-01 21:53:49,,web
TK0000065,U002704,O00011702,退款售后,low,resolved,2025-01-14 03:35:44,2025-01-16 12:35:44,social
TK0000066,U000917,O00004513,退款售后,high,processing,2026-06-26 10:48:51,,app
TK0000067,U001969,O00000750,物流问题,normal,resolved,2026-06-06 20:15:23,2026-06-09 00:15:23,phone
TK0000068,U004470,O00010372,退款售后,normal,closed,2025-04-09 20:51:14,2025-04-12 12:51:14,app
TK0000069,U000752,O00002130,商品咨询,normal,processing,2026-05-07 17:34:57,,web
TK0000070,U001518,O00001166,商品咨询,normal,closed,2025-02-14 17:24:29,2025-02-17 02:24:29,app
TK0000071,U001453,O00000167,活动优惠,high,closed,2025-08-10 11:23:00,2025-08-11 18:23:00,phone
TK0000072,U003806,O00002856,活动优惠,high,closed,2025-06-08 04:40:10,2025-06-10 18:40:10,app
TK0000073,U002168,O00004462,账户问题,low,closed,2025-06-05 10:54:43,2025-06-08 04:54:43,app
TK0000074,U001426,O00010392,活动优惠,normal,closed,2025-04-09 15:07:25,2025-04-11 13:07:25,app
TK0000075,U004435,O00001557,商品咨询,normal,resolved,2025-01-25 02:46:06,2025-01-27 08:46:06,web
TK0000076,U002174,O00000545,活动优惠,urgent,closed,2025-04-06 15:06:42,2025-04-08 17:06:42,web
TK0000077,U003852,O00011110,商品咨询,high,resolved,2025-10-11 06:00:35,2025-10-11 09:00:35,social
TK0000078,U001292,O00008333,物流问题,normal,resolved,2025-09-25 03:51:36,2025-09-27 02:51:36,app
TK0000079,U002698,,账户问题,normal,closed,2025-08-23 08:48:10,2025-08-24 22:48:10,app
TK0000080,U004524,O00006421,退款售后,normal,closed,2026-04-15 15:40:19,2026-04-16 15:40:19,web
TK0000081,U004400,O00005231,订单咨询,normal,closed,2026-02-02 01:33:38,2026-02-02 10:33:38,app
TK0000082,U002961,O00011919,物流问题,high,processing,2025-01-12 03:07:15,,social
TK0000083,U003410,O00008570,活动优惠,urgent,closed,2025-09-20 11:54:08,2025-09-23 01:54:08,app
TK0000084,U004998,O00011279,商品咨询,normal,open,2026-07-02 17:24:05,,web
TK0000085,U003819,O00007186,退款售后,high,closed,2025-07-21 16:49:55,2025-07-23 18:49:55,app
TK0000086,U004222,O00006449,商品咨询,normal,resolved,2025-01-17 01:52:55,2025-01-19 07:52:55,app
TK0000087,U001402,O00004573,退款售后,normal,resolved,2025-11-08 08:07:28,2025-11-11 02:07:28,phone
TK0000088,U000762,O00004775,退款售后,normal,processing,2026-04-11 10:24:50,,web
TK0000089,U002544,O00004591,物流问题,low,closed,2026-06-29 16:06:36,2026-07-01 00:06:36,phone
TK0000090,U000890,O00001999,物流问题,normal,resolved,2025-10-03 21:35:58,2025-10-06 19:35:58,web
TK0000091,U004914,O00001013,订单咨询,high,open,2026-04-04 05:21:05,,web
TK0000092,U000146,O00000687,商品咨询,high,closed,2025-11-21 16:19:37,2025-11-22 17:19:37,app
TK0000093,U004152,,商品咨询,normal,resolved,2025-05-07 14:57:40,2025-05-09 16:57:40,web
TK0000094,U003759,O00009123,账户问题,normal,closed,2026-07-31 22:01:50,2026-08-01 08:01:50,social
TK0000095,U003087,O00000554,商品咨询,normal,closed,2026-03-30 17:45:39,2026-03-30 22:45:39,app
TK0000096,U004392,O00003526,账户问题,normal,closed,2025-06-19 03:43:52,2025-06-21 18:43:52,phone
TK0000097,U003731,O00007177,退款售后,high,closed,2026-02-16 20:50:35,2026-02-18 12:50:35,phone
TK0000098,U003825,O00006565,账户问题,high,resolved,2026-05-20 23:35:30,2026-05-22 13:35:30,web
TK0000099,U001646,O00008566,退款售后,urgent,closed,2026-07-13 03:36:44,2026-07-13 06:36:44,social
TK0000100,U001853,O00002063,订单咨询,normal,closed,2026-04-10 15:47:42,2026-04-11 11:47:42,app
TK0000101,U001668,O00008600,物流问题,low,closed,2025-05-02 02:31:57,2025-05-04 09:31:57,app
TK0000102,U000623,O00000425,物流问题,urgent,closed,2025-03-06 09:50:25,2025-03-07 21:50:25,web
TK0000103,U001985,O00006807,账户问题,high,open,2025-03-05 21:10:05,,social
TK0000104,U000309,O00004577,物流问题,normal,closed,2025-02-23 11:53:04,2025-02-24 22:53:04,phone
TK0000105,U004101,O00009617,物流问题,normal,open,2026-08-17 01:54:09,,web
TK0000106,U002296,,活动优惠,normal,resolved,2025-01-07 12:37:58,2025-01-08 01:37:58,app
TK0000107,U004663,O00011606,商品咨询,high,resolved,2025-12-29 01:17:57,2026-01-01 00:17:57,web
TK0000108,U001968,O00010601,订单咨询,normal,closed,2025-11-22 08:48:41,2025-11-22 16:48:41,app
TK0000109,U003837,O00001705,物流问题,normal,closed,2025-12-13 02:21:46,2025-12-14 22:21:46,app
TK0000110,U002033,O00011345,商品咨询,high,closed,2025-10-11 09:57:55,2025-10-11 11:57:55,app
TK0000111,U001506,,物流问题,normal,closed,2025-03-12 15:26:49,2025-03-13 03:26:49,app
TK0000112,U003785,,账户问题,normal,closed,2026-01-30 20:37:08,2026-02-01 15:37:08,app
TK0000113,U001104,O00004400,账户问题,normal,resolved,2025-09-25 04:15:19,2025-09-25 14:15:19,web
TK0000114,U002634,O00001581,商品咨询,low,closed,2025-08-13 06:10:09,2025-08-15 15:10:09,app
TK0000115,U004542,,退款售后,normal,resolved,2026-03-21 21:47:09,2026-03-23 12:47:09,phone
TK0000116,U004141,O00000284,活动优惠,normal,closed,2026-01-13 03:18:13,2026-01-13 22:18:13,web
TK0000117,U003357,O00001621,活动优惠,high,closed,2025-07-11 02:14:14,2025-07-11 13:14:14,web
TK0000118,U002418,,退款售后,normal,resolved,2026-01-02 08:52:18,2026-01-02 23:52:18,app
TK0000119,U002591,O00009910,退款售后,normal,closed,2025-08-17 03:28:07,2025-08-19 01:28:07,app
TK0000120,U002932,O00007657,账户问题,normal,open,2025-10-10 04:59:52,,social
TK0000121,U004112,O00004122,商品咨询,high,closed,2025-12-25 17:34:37,2025-12-26 18:34:37,app
TK0000122,U002894,O00004140,活动优惠,normal,closed,2026-07-24 05:20:33,2026-07-27 01:20:33,app
TK0000123,U003893,O00008982,物流问题,high,open,2025-02-12 16:50:23,,app
TK0000124,U001588,O00009798,退款售后,normal,closed,2025-02-24 09:18:19,2025-02-26 04:18:19,phone
TK0000125,U003099,O00003457,退款售后,normal,closed,2025-09-07 10:30:34,2025-09-08 20:30:34,web
TK0000126,U004129,O00011063,物流问题,high,closed,2025-01-14 19:09:34,2025-01-14 22:09:34,phone
TK0000127,U000058,,退款售后,normal,processing,2026-06-19 11:07:59,,social
TK0000128,U004626,O00000599,订单咨询,normal,closed,2026-08-01 16:36:32,2026-08-02 14:36:32,app
TK0000129,U004995,,退款售后,normal,closed,2025-04-01 01:45:31,2025-04-02 12:45:31,app
TK0000130,U001253,O00005040,活动优惠,normal,resolved,2025-08-21 10:47:28,2025-08-21 22:47:28,phone
TK0000131,U000990,O00009465,订单咨询,normal,resolved,2025-04-24 22:16:58,2025-04-26 00:16:58,app
TK0000132,U004833,O00003828,商品咨询,low,closed,2026-05-30 20:34:09,2026-06-02 10:34:09,phone
TK0000133,U004839,,商品咨询,normal,closed,2025-06-26 00:15:43,2025-06-28 06:15:43,app
TK0000134,U002839,,订单咨询,normal,resolved,2025-06-24 18:48:41,2025-06-26 03:48:41,app
TK0000135,U001107,O00005116,物流问题,normal,resolved,2025-06-04 13:45:07,2025-06-06 17:45:07,app
TK0000136,U000242,,物流问题,normal,closed,2025-08-18 16:56:57,2025-08-21 15:56:57,web
TK0000137,U003640,O00002860,账户问题,normal,closed,2026-03-13 07:02:11,2026-03-15 10:02:11,app
TK0000138,U000263,O00004796,物流问题,normal,closed,2025-06-15 17:09:11,2025-06-17 12:09:11,phone
TK0000139,U001666,O00006176,商品咨询,normal,processing,2026-05-11 21:24:51,,app
TK0000140,U003642,,退款售后,low,resolved,2026-02-06 05:13:20,2026-02-08 05:13:20,web
TK0000141,U000377,,退款售后,normal,closed,2025-07-07 01:29:25,2025-07-07 13:29:25,web
TK0000142,U004908,O00003397,活动优惠,normal,closed,2025-10-26 10:22:54,2025-10-28 04:22:54,social
TK0000143,U000753,O00008799,退款售后,normal,processing,2026-07-11 20:18:38,,phone
TK0000144,U004718,,退款售后,normal,processing,2025-01-20 09:43:19,,phone
TK0000145,U002333,O00001991,账户问题,urgent,resolved,2025-07-08 12:27:50,2025-07-10 22:27:50,app
TK0000146,U003038,O00011012,物流问题,urgent,closed,2025-07-09 08:40:18,2025-07-09 20:40:18,app
TK0000147,U000923,,退款售后,normal,resolved,2025-02-03 00:59:39,2025-02-04 10:59:39,phone
TK0000148,U003716,O00005419,订单咨询,normal,closed,2026-06-19 08:34:38,2026-06-20 06:34:38,phone
TK0000149,U002014,,订单咨询,normal,closed,2026-07-10 07:42:29,2026-07-11 19:42:29,web
TK0000150,U001170,O00009961,商品咨询,low,closed,2026-03-24 00:21:02,2026-03-26 03:21:02,web
TK0000151,U001703,O00011161,活动优惠,normal,closed,2025-09-23 23:23:17,2025-09-26 09:23:17,app
TK0000152,U000884,O00000816,退款售后,normal,resolved,2025-12-10 02:49:52,2025-12-11 15:49:52,social
TK0000153,U002625,O00000251,物流问题,normal,closed,2026-07-25 16:30:05,2026-07-28 04:30:05,web
TK0000154,U003678,O00004146,物流问题,normal,processing,2026-01-15 10:28:49,,app
TK0000155,U003890,O00002137,退款售后,normal,closed,2025-10-15 18:32:29,2025-10-17 02:32:29,phone
TK0000156,U000966,O00008215,账户问题,low,closed,2026-03-21 03:16:12,2026-03-23 15:16:12,app
TK0000157,U001159,O00009395,商品咨询,high,processing,2026-03-27 17:34:55,,web
TK0000158,U002312,O00004114,订单咨询,normal,closed,2026-08-26 16:31:30,2026-08-29 02:31:30,phone
TK0000159,U002864,O00008680,订单咨询,normal,resolved,2025-08-17 10:31:20,2025-08-18 00:31:20,phone
TK0000160,U002329,O00008574,活动优惠,normal,resolved,2025-02-24 19:59:22,2025-02-27 02:59:22,app
TK0000161,U003952,O00005273,商品咨询,normal,resolved,2026-03-01 17:30:30,2026-03-02 01:30:30,app
TK0000162,U001404,,订单咨询,urgent,resolved,2026-04-28 02:56:48,2026-04-29 09:56:48,app
TK0000163,U001455,,物流问题,normal,resolved,2026-07-30 02:10:02,2026-07-31 10:10:02,app
TK0000164,U000842,O00000303,商品咨询,high,closed,2025-03-17 23:51:51,2025-03-19 18:51:51,app
TK0000165,U000454,O00001477,订单咨询,normal,resolved,2026-06-09 15:37:19,2026-06-11 13:37:19,social
TK0000166,U004506,O00010984,退款售后,normal,open,2026-04-26 12:27:35,,phone
TK0000167,U004182,O00005296,订单咨询,urgent,closed,2026-08-06 13:08:49,2026-08-06 20:08:49,app
TK0000168,U002729,O00008066,订单咨询,urgent,resolved,2026-03-07 06:33:25,2026-03-07 23:33:25,social
TK0000169,U002860,O00008249,退款售后,normal,resolved,2025-04-09 14:42:52,2025-04-11 03:42:52,social
TK0000170,U001544,,商品咨询,urgent,resolved,2026-02-09 10:51:14,2026-02-12 10:51:14,phone
TK0000171,U002809,O00000606,退款售后,normal,closed,2025-09-20 04:50:14,2025-09-22 03:50:14,phone
TK0000172,U001974,,退款售后,normal,closed,2026-04-06 15:43:35,2026-04-09 03:43:35,app
TK0000173,U002325,,退款售后,high,resolved,2025-08-24 10:13:17,2025-08-26 01:13:17,app
TK0000174,U000628,O00009059,退款售后,normal,resolved,2025-06-17 05:09:56,2025-06-17 08:09:56,app
TK0000175,U004663,O00000216,物流问题,high,closed,2026-08-05 12:27:36,2026-08-07 05:27:36,app
TK0000176,U001299,O00006050,物流问题,normal,closed,2025-08-18 07:12:18,2025-08-21 00:12:18,app
TK0000177,U004368,,商品咨询,normal,resolved,2026-08-09 14:40:12,2026-08-10 05:40:12,phone
TK0000178,U002889,,订单咨询,normal,resolved,2025-10-23 06:15:34,2025-10-25 23:15:34,web
TK0000179,U004132,O00011408,物流问题,normal,closed,2026-01-25 05:02:07,2026-01-28 05:02:07,social
TK0000180,U004745,O00007808,物流问题,normal,closed,2025-05-25 15:18:42,2025-05-27 01:18:42,phone
TK0000181,U000150,O00005809,物流问题,high,resolved,2025-08-11 03:47:55,2025-08-13 11:47:55,app
TK0000182,U001741,O00009281,物流问题,low,closed,2025-09-15 12:12:42,2025-09-15 16:12:42,app
TK0000183,U004457,O00002629,账户问题,high,processing,2025-08-15 00:14:22,,app
TK0000184,U000629,,订单咨询,high,resolved,2025-06-17 14:22:51,2025-06-19 11:22:51,social
TK0000185,U001900,O00009554,账户问题,normal,closed,2026-08-18 10:39:08,2026-08-19 18:39:08,app
TK0000186,U004484,O00011774,商品咨询,low,resolved,2025-10-24 13:44:03,2025-10-26 04:44:03,web
TK0000187,U002034,O00001678,物流问题,normal,resolved,2025-09-23 18:25:18,2025-09-24 04:25:18,web
TK0000188,U001006,O00001680,订单咨询,normal,closed,2026-08-22 07:44:17,2026-08-22 15:44:17,web
TK0000189,U001752,O00005871,活动优惠,high,closed,2025-03-14 16:43:22,2025-03-16 13:43:22,app
TK0000190,U000143,O00000083,退款售后,normal,resolved,2025-08-18 03:16:32,2025-08-18 23:16:32,social
TK0000191,U002846,O00004501,退款售后,normal,processing,2025-06-08 22:30:39,,app
TK0000192,U002395,O00009891,物流问题,normal,resolved,2026-07-02 13:08:52,2026-07-03 20:08:52,social
TK0000193,U000670,O00011996,退款售后,high,closed,2025-04-11 09:47:29,2025-04-12 00:47:29,web
TK0000194,U001777,,订单咨询,normal,closed,2026-06-19 13:20:47,2026-06-21 19:20:47,app
TK0000195,U004029,O00000797,账户问题,high,closed,2025-02-25 04:10:46,2025-02-26 00:10:46,social
TK0000196,U000168,O00007552,账户问题,high,resolved,2026-06-03 09:24:55,2026-06-06 02:24:55,app
TK0000197,U002592,O00009443,退款售后,normal,closed,2026-08-27 06:34:13,2026-08-28 09:34:13,social
TK0000198,U002859,O00001163,商品咨询,normal,resolved,2025-07-10 16:23:55,2025-07-12 17:23:55,app
TK0000199,U004706,,商品咨询,normal,resolved,2026-05-19 07:17:25,2026-05-21 12:17:25,app
TK0000200,U000576,O00005827,退款售后,urgent,closed,2025-05-05 05:02:42,2025-05-06 08:02:42,app
TK0000201,U003298,O00001988,活动优惠,low,resolved,2025-01-14 03:45:29,2025-01-15 22:45:29,app
TK0000202,U001823,O00011995,物流问题,normal,resolved,2026-07-02 05:43:02,2026-07-02 18:43:02,phone
TK0000203,U004445,O00009171,账户问题,high,closed,2025-08-28 21:13:36,2025-08-29 20:13:36,app
TK0000204,U002159,O00006827,退款售后,normal,processing,2025-04-12 01:46:42,,app
TK0000205,U003767,O00001293,物流问题,normal,closed,2025-12-11 02:37:45,2025-12-11 09:37:45,web
TK0000206,U000305,,退款售后,high,resolved,2025-11-12 17:40:38,2025-11-14 09:40:38,web
TK0000207,U003467,,账户问题,normal,closed,2026-01-28 02:03:35,2026-01-29 13:03:35,phone
TK0000208,U001849,O00004566,商品咨询,normal,closed,2026-07-11 07:41:51,2026-07-12 16:41:51,phone
TK0000209,U003540,O00002080,物流问题,high,closed,2025-10-08 10:18:51,2025-10-11 04:18:51,web
TK0000210,U000173,O00004663,物流问题,normal,closed,2025-11-08 15:40:23,2025-11-09 08:40:23,social
TK0000211,U002092,,订单咨询,low,resolved,2025-05-11 15:43:41,2025-05-13 19:43:41,phone
TK0000212,U003559,O00009739,物流问题,normal,processing,2025-07-15 02:00:49,,app
TK0000213,U000795,O00008582,账户问题,normal,closed,2026-01-10 04:03:48,2026-01-12 21:03:48,social
TK0000214,U001123,,订单咨询,low,closed,2025-03-26 02:33:12,2025-03-26 17:33:12,phone
TK0000215,U003193,O00010737,账户问题,urgent,closed,2025-09-18 10:54:07,2025-09-19 17:54:07,app
TK0000216,U004188,O00009095,账户问题,normal,resolved,2025-04-02 15:35:18,2025-04-04 12:35:18,phone
TK0000217,U002355,,物流问题,low,closed,2025-03-05 01:10:00,2025-03-05 03:10:00,social
TK0000218,U000173,,活动优惠,normal,resolved,2026-02-23 00:46:15,2026-02-25 21:46:15,social
TK0000219,U001049,O00007417,活动优惠,normal,closed,2026-05-02 23:48:45,2026-05-04 07:48:45,social
TK0000220,U001434,,活动优惠,normal,resolved,2025-05-02 02:30:08,2025-05-03 09:30:08,app
TK0000221,U002067,,订单咨询,high,resolved,2026-08-01 02:24:11,2026-08-01 22:24:11,app
TK0000222,U004974,O00007974,订单咨询,high,closed,2025-06-01 10:06:51,2025-06-04 10:06:51,social
TK0000223,U002832,,活动优惠,normal,closed,2025-01-20 16:10:01,2025-01-21 20:10:01,social
TK0000224,U004573,O00004293,物流问题,high,resolved,2026-05-09 01:29:44,2026-05-09 10:29:44,app
TK0000225,U004593,O00010860,物流问题,normal,resolved,2026-04-22 13:49:09,2026-04-22 16:49:09,social
TK0000226,U001816,O00010173,商品咨询,urgent,closed,2025-02-06 00:33:27,2025-02-07 04:33:27,app
TK0000227,U001963,O00000762,退款售后,high,resolved,2026-08-14 15:12:12,2026-08-17 01:12:12,phone
TK0000228,U004696,,订单咨询,normal,processing,2025-01-28 04:20:36,,app
TK0000229,U003260,O00008292,商品咨询,high,closed,2026-06-23 05:05:12,2026-06-25 02:05:12,web
TK0000230,U000960,O00001160,退款售后,normal,closed,2025-01-25 10:28:47,2025-01-27 02:28:47,phone
TK0000231,U004659,O00003955,活动优惠,normal,processing,2026-06-27 16:06:56,,phone
TK0000232,U004663,O00001404,商品咨询,normal,open,2026-06-28 23:27:44,,app
TK0000233,U002787,O00000008,商品咨询,normal,open,2025-04-23 03:03:33,,web
TK0000234,U001611,,商品咨询,normal,resolved,2025-01-06 18:20:29,2025-01-08 20:20:29,app
TK0000235,U001310,,退款售后,high,closed,2025-08-21 04:55:27,2025-08-23 16:55:27,phone
TK0000236,U001675,O00000688,订单咨询,high,closed,2025-10-12 21:18:42,2025-10-14 01:18:42,app
TK0000237,U001289,,订单咨询,normal,closed,2025-09-18 03:29:31,2025-09-20 02:29:31,phone
TK0000238,U000498,,活动优惠,high,closed,2025-02-07 13:58:11,2025-02-08 15:58:11,app
TK0000239,U002002,,退款售后,normal,closed,2025-03-02 16:59:27,2025-03-05 03:59:27,phone
TK0000240,U000177,,活动优惠,normal,closed,2026-05-25 14:19:09,2026-05-25 20:19:09,app
TK0000241,U000325,O00004459,物流问题,high,resolved,2025-12-04 16:45:09,2025-12-04 20:45:09,phone
TK0000242,U004798,,物流问题,normal,resolved,2026-07-16 10:28:15,2026-07-17 18:28:15,app
TK0000243,U002580,,物流问题,low,resolved,2025-01-04 00:22:03,2025-01-04 14:22:03,app
TK0000244,U002581,O00010586,物流问题,normal,resolved,2025-10-17 16:17:35,2025-10-18 19:17:35,app
TK0000245,U001545,O00000068,退款售后,normal,closed,2025-09-13 10:04:03,2025-09-13 14:04:03,social
TK0000246,U004097,O00010025,订单咨询,high,closed,2026-01-28 07:59:13,2026-01-29 02:59:13,phone
TK0000247,U004127,O00009760,活动优惠,normal,closed,2025-09-14 21:23:48,2025-09-16 21:23:48,social
TK0000248,U004012,O00005235,物流问题,normal,closed,2026-05-18 04:22:48,2026-05-19 14:22:48,phone
TK0000249,U000761,O00004425,物流问题,normal,resolved,2025-02-27 03:10:41,2025-02-28 14:10:41,web
TK0000250,U004057,O00001509,物流问题,low,closed,2026-02-15 14:26:43,2026-02-15 23:26:43,app
TK0000251,U000823,O00005137,订单咨询,normal,resolved,2025-08-16 13:11:16,2025-08-17 10:11:16,social
TK0000252,U001735,,退款售后,normal,closed,2025-01-01 05:17:50,2025-01-02 21:17:50,app
TK0000253,U002148,O00004673,物流问题,normal,closed,2025-09-11 23:29:07,2025-09-12 14:29:07,app
TK0000254,U003344,O00005350,物流问题,low,closed,2025-08-31 01:45:57,2025-08-31 09:45:57,app
TK0000255,U001986,O00007404,订单咨询,urgent,closed,2026-05-27 22:53:53,2026-05-28 10:53:53,web
TK0000256,U003362,O00003548,物流问题,low,resolved,2026-04-20 15:55:01,2026-04-23 15:55:01,phone
TK0000257,U000353,O00003816,物流问题,high,closed,2026-05-07 09:38:18,2026-05-09 02:38:18,app
TK0000258,U001574,O00006500,账户问题,low,closed,2025-02-28 14:13:52,2025-03-02 00:13:52,app
TK0000259,U001718,O00006750,订单咨询,high,resolved,2025-08-22 18:14:49,2025-08-24 10:14:49,app
TK0000260,U004894,O00010834,活动优惠,normal,resolved,2026-07-23 09:41:03,2026-07-23 22:41:03,web
TK0000261,U000157,O00008705,账户问题,normal,resolved,2025-12-11 09:27:33,2025-12-12 23:27:33,web
TK0000262,U003782,,订单咨询,normal,closed,2025-09-19 08:17:39,2025-09-19 20:17:39,app
TK0000263,U001013,O00004270,订单咨询,high,closed,2026-04-04 04:34:01,2026-04-05 19:34:01,app
TK0000264,U001473,O00000844,商品咨询,normal,closed,2025-05-28 22:42:37,2025-05-29 22:42:37,phone
TK0000265,U004414,O00007203,订单咨询,low,resolved,2026-04-01 20:58:15,2026-04-03 03:58:15,app
TK0000266,U004577,O00011057,物流问题,normal,closed,2026-03-26 19:08:30,2026-03-27 04:08:30,app
TK0000267,U001647,O00010713,退款售后,normal,closed,2025-03-07 14:47:24,2025-03-09 16:47:24,phone
TK0000268,U000640,,物流问题,normal,closed,2025-06-11 02:45:04,2025-06-13 13:45:04,app
TK0000269,U004949,O00002801,订单咨询,normal,closed,2026-07-07 06:52:49,2026-07-07 14:52:49,app
TK0000270,U000084,O00007855,退款售后,normal,processing,2026-07-02 23:00:25,,app
TK0000271,U000717,O00008039,物流问题,normal,resolved,2026-01-05 17:16:33,2026-01-07 12:16:33,phone
TK0000272,U004323,O00004521,商品咨询,normal,closed,2026-01-10 14:00:35,2026-01-11 21:00:35,app
TK0000273,U002215,O00003748,退款售后,normal,closed,2026-02-04 04:58:48,2026-02-05 00:58:48,social
TK0000274,U003826,O00003355,退款售后,low,resolved,2026-04-27 15:12:23,2026-04-27 17:12:23,web
TK0000275,U004386,,物流问题,normal,closed,2025-07-14 16:38:44,2025-07-16 17:38:44,app
TK0000276,U003143,,退款售后,normal,closed,2025-10-02 16:20:32,2025-10-03 21:20:32,app
TK0000277,U002427,O00002636,账户问题,high,closed,2025-07-29 15:29:52,2025-07-30 16:29:52,phone
TK0000278,U003943,,订单咨询,normal,closed,2025-12-31 19:27:32,2026-01-01 05:27:32,app
TK0000279,U000093,,订单咨询,normal,closed,2025-06-29 20:10:31,2025-07-02 13:10:31,app
TK0000280,U002648,,物流问题,normal,resolved,2025-07-15 15:20:33,2025-07-18 12:20:33,phone
TK0000281,U002012,O00002297,商品咨询,normal,processing,2026-04-29 10:16:06,,app
TK0000282,U002329,O00008574,物流问题,high,closed,2025-03-01 15:59:22,2025-03-03 04:59:22,phone
TK0000283,U004389,,账户问题,high,resolved,2026-07-30 07:12:32,2026-08-01 13:12:32,web
TK0000284,U002650,O00011376,活动优惠,urgent,closed,2026-07-23 07:02:53,2026-07-26 03:02:53,web
TK0000285,U000922,O00009777,账户问题,high,resolved,2025-02-23 14:12:56,2025-02-26 00:12:56,app
TK0000286,U003189,,退款售后,normal,resolved,2025-06-29 10:56:51,2025-06-30 08:56:51,phone
TK0000287,U003266,O00003081,账户问题,urgent,closed,2025-08-04 03:14:33,2025-08-04 14:14:33,phone
TK0000288,U002740,O00011504,退款售后,normal,closed,2025-02-23 00:50:45,2025-02-25 19:50:45,app
TK0000289,U003456,O00008105,退款售后,normal,resolved,2025-11-04 01:17:21,2025-11-06 17:17:21,web
TK0000290,U002758,O00011784,物流问题,low,closed,2025-06-12 17:03:01,2025-06-15 14:03:01,app
TK0000291,U000909,O00011700,订单咨询,low,closed,2025-05-03 13:33:41,2025-05-04 16:33:41,web
TK0000292,U001790,O00001438,退款售后,low,resolved,2025-07-17 06:34:45,2025-07-18 07:34:45,social
TK0000293,U001719,O00000955,账户问题,normal,resolved,2026-07-07 16:58:45,2026-07-08 13:58:45,app
TK0000294,U004864,O00004851,退款售后,normal,closed,2025-11-28 01:28:32,2025-11-29 05:28:32,social
TK0000295,U000215,O00008053,订单咨询,high,closed,2025-02-15 20:40:21,2025-02-16 00:40:21,app
TK0000296,U003016,O00009520,商品咨询,high,closed,2025-01-15 11:27:29,2025-01-15 18:27:29,social
TK0000297,U001873,O00004652,退款售后,normal,closed,2026-06-20 11:07:45,2026-06-21 17:07:45,app
TK0000298,U002208,O00007497,订单咨询,normal,closed,2026-06-21 14:13:00,2026-06-24 11:13:00,app
TK0000299,U000108,O00008076,活动优惠,normal,processing,2025-12-17 07:47:25,,app
TK0000300,U001997,,订单咨询,normal,closed,2025-05-05 03:57:07,2025-05-06 12:57:07,web
TK0000301,U003813,O00002920,物流问题,normal,processing,2026-06-17 04:05:12,,web
TK0000302,U000466,O00010136,物流问题,low,closed,2025-04-28 17:59:54,2025-04-29 00:59:54,web
TK0000303,U004663,O00000216,退款售后,high,closed,2026-08-04 18:27:36,2026-08-07 05:27:36,app
TK0000304,U004889,O00011976,账户问题,normal,closed,2026-07-01 09:00:28,2026-07-02 18:00:28,web
TK0000305,U002967,O00008967,退款售后,high,resolved,2026-03-11 13:01:47,2026-03-14 07:01:47,phone
TK0000306,U000413,O00010613,账户问题,high,closed,2025-11-20 02:41:52,2025-11-23 00:41:52,web
TK0000307,U000839,O00000843,物流问题,low,closed,2026-08-07 00:41:05,2026-08-08 17:41:05,web
TK0000308,U000912,O00007790,物流问题,low,resolved,2026-07-07 16:54:51,2026-07-10 11:54:51,web
TK0000309,U000861,O00005592,退款售后,low,closed,2026-03-25 10:51:26,2026-03-26 01:51:26,social
TK0000310,U001468,O00003604,物流问题,urgent,closed,2025-07-06 04:45:52,2025-07-08 08:45:52,app
TK0000311,U001854,O00007368,退款售后,normal,resolved,2026-04-17 15:08:05,2026-04-18 18:08:05,social
TK0000312,U000678,,活动优惠,normal,closed,2026-06-16 18:53:39,2026-06-18 13:53:39,web
TK0000313,U000027,O00004520,订单咨询,normal,closed,2025-10-03 09:24:49,2025-10-03 11:24:49,web
TK0000314,U003782,O00009659,物流问题,normal,closed,2026-03-26 10:27:27,2026-03-26 13:27:27,app
TK0000315,U003861,O00006675,商品咨询,low,closed,2025-03-09 11:53:07,2025-03-11 23:53:07,phone
TK0000316,U001962,O00011168,退款售后,high,closed,2025-04-03 03:49:32,2025-04-06 00:49:32,phone
TK0000317,U000601,,商品咨询,high,closed,2025-05-29 18:33:17,2025-05-31 11:33:17,web
TK0000318,U004147,O00008247,物流问题,normal,resolved,2026-05-07 08:17:02,2026-05-09 05:17:02,app
TK0000319,U001031,O00009900,退款售后,normal,resolved,2025-09-22 02:16:32,2025-09-24 21:16:32,web
TK0000320,U004727,O00003357,账户问题,high,resolved,2025-01-27 17:03:11,2025-01-29 02:03:11,phone
TK0000321,U004033,,活动优惠,high,closed,2025-07-03 02:49:17,2025-07-04 01:49:17,social
TK0000322,U003779,O00011239,物流问题,normal,closed,2026-03-19 15:27:16,2026-03-22 13:27:16,app
TK0000323,U002056,O00001614,商品咨询,high,resolved,2025-01-14 19:42:02,2025-01-16 20:42:02,app
TK0000324,U004427,O00001399,商品咨询,normal,closed,2025-12-27 05:10:18,2025-12-28 03:10:18,app
TK0000325,U000026,,活动优惠,normal,closed,2025-06-09 00:09:17,2025-06-10 22:09:17,phone
TK0000326,U000061,O00011383,商品咨询,normal,closed,2026-04-21 21:36:27,2026-04-24 13:36:27,phone
TK0000327,U002842,O00001134,物流问题,normal,closed,2025-12-04 19:08:49,2025-12-07 07:08:49,social
TK0000328,U001698,O00007784,退款售后,low,resolved,2025-03-05 22:05:44,2025-03-06 20:05:44,phone
TK0000329,U001056,O00005845,物流问题,low,processing,2025-09-16 13:49:01,,phone
TK0000330,U002379,O00002230,退款售后,high,resolved,2026-03-21 16:01:38,2026-03-23 17:01:38,web
TK0000331,U000405,O00004398,物流问题,normal,resolved,2026-02-01 21:41:44,2026-02-04 00:41:44,web
TK0000332,U002162,,商品咨询,normal,resolved,2026-05-10 17:49:53,2026-05-12 06:49:53,social
TK0000333,U004043,,物流问题,normal,closed,2025-05-25 01:55:51,2025-05-26 00:55:51,app
TK0000334,U002711,O00008313,商品咨询,high,resolved,2025-01-07 20:47:14,2025-01-10 04:47:14,social
TK0000335,U000449,O00006991,退款售后,low,closed,2026-02-28 04:47:34,2026-03-02 10:47:34,web
TK0000336,U003862,O00002906,退款售后,normal,closed,2025-11-09 20:22:58,2025-11-11 02:22:58,phone
TK0000337,U000516,O00005822,退款售后,low,resolved,2025-01-06 07:38:16,2025-01-07 20:38:16,phone
TK0000338,U000325,,物流问题,normal,processing,2025-06-06 09:45:37,,app
TK0000339,U001165,O00006303,订单咨询,urgent,resolved,2025-03-21 16:25:40,2025-03-22 05:25:40,app
TK0000340,U000861,O00003844,退款售后,normal,resolved,2025-10-16 12:35:13,2025-10-17 21:35:13,app
TK0000341,U001111,O00009021,商品咨询,high,processing,2025-04-12 01:17:43,,phone
TK0000342,U002384,O00008492,退款售后,normal,closed,2025-12-29 03:52:09,2025-12-29 10:52:09,web
TK0000343,U002358,,商品咨询,low,closed,2025-04-30 13:53:55,2025-05-01 09:53:55,app
TK0000344,U002812,,物流问题,normal,resolved,2026-05-10 10:37:47,2026-05-10 22:37:47,app
TK0000345,U004483,O00010405,商品咨询,high,resolved,2025-06-24 18:28:14,2025-06-26 14:28:14,web
TK0000346,U000876,O00004905,物流问题,low,resolved,2025-06-23 19:25:02,2025-06-25 14:25:02,phone
TK0000347,U004501,,活动优惠,low,processing,2025-07-02 03:12:07,,phone
TK0000348,U000527,O00000679,物流问题,normal,resolved,2026-01-03 17:42:45,2026-01-06 13:42:45,app
TK0000349,U003368,O00003823,退款售后,low,closed,2026-01-19 10:23:19,2026-01-20 20:23:19,web
TK0000350,U002859,O00004077,活动优惠,low,resolved,2026-04-20 10:33:48,2026-04-22 01:33:48,app
TK0000351,U003440,O00005305,退款售后,normal,closed,2025-08-14 03:07:49,2025-08-16 15:07:49,app
TK0000352,U002257,O00006243,物流问题,low,closed,2025-11-08 13:54:56,2025-11-10 02:54:56,phone
TK0000353,U002213,O00010373,订单咨询,normal,resolved,2026-06-19 09:23:50,2026-06-20 14:23:50,app
TK0000354,U003869,,商品咨询,low,resolved,2025-07-30 06:25:59,2025-08-01 19:25:59,phone
TK0000355,U004505,O00001356,账户问题,high,processing,2026-02-17 20:09:55,,app
TK0000356,U004971,O00003177,物流问题,low,closed,2025-10-02 04:31:16,2025-10-03 18:31:16,web
TK0000357,U002459,O00004442,退款售后,low,processing,2026-08-06 10:15:36,,web
TK0000358,U000616,O00001275,商品咨询,normal,processing,2025-08-20 09:30:58,,app
TK0000359,U003425,O00010767,订单咨询,normal,closed,2026-08-18 11:55:32,2026-08-19 18:55:32,phone
TK0000360,U000461,O00010627,活动优惠,normal,closed,2026-08-03 01:25:58,2026-08-05 08:25:58,web
TK0000361,U004023,O00005758,活动优惠,normal,resolved,2025-08-23 04:17:24,2025-08-23 17:17:24,app
TK0000362,U000035,O00003939,物流问题,high,open,2025-11-26 18:08:16,,phone
TK0000363,U003520,O00003676,商品咨询,normal,open,2026-06-05 09:00:03,,phone
TK0000364,U002172,,退款售后,high,closed,2025-12-04 14:51:55,2025-12-06 00:51:55,phone
TK0000365,U004503,O00004821,商品咨询,normal,closed,2025-04-03 21:49:28,2025-04-05 19:49:28,phone
TK0000366,U002466,O00009189,物流问题,normal,resolved,2025-01-16 20:55:32,2025-01-18 19:55:32,web
TK0000367,U003880,,物流问题,normal,resolved,2026-06-19 12:36:03,2026-06-21 05:36:03,app
TK0000368,U000147,O00004720,活动优惠,low,resolved,2025-08-31 13:56:22,2025-09-01 03:56:22,phone
TK0000369,U003321,O00010228,退款售后,high,processing,2026-01-04 18:05:55,,app
TK0000370,U001183,,物流问题,normal,closed,2026-01-06 09:49:54,2026-01-07 19:49:54,phone
TK0000371,U002945,O00006727,订单咨询,normal,resolved,2025-04-16 17:37:37,2025-04-19 01:37:37,phone
TK0000372,U002317,O00007256,订单咨询,high,open,2025-10-10 22:47:51,,app
TK0000373,U002001,,订单咨询,low,resolved,2025-12-07 13:11:49,2025-12-09 02:11:49,app
TK0000374,U000339,O00003668,物流问题,normal,resolved,2025-06-11 15:54:22,2025-06-13 10:54:22,web
TK0000375,U002967,O00006779,订单咨询,high,resolved,2025-09-12 11:57:58,2025-09-15 07:57:58,social
TK0000376,U004496,O00007487,物流问题,urgent,open,2026-01-25 14:02:58,,phone
TK0000377,U000312,O00001642,物流问题,normal,resolved,2025-07-02 08:32:53,2025-07-02 20:32:53,app
TK0000378,U001203,,退款售后,normal,resolved,2026-04-08 15:26:57,2026-04-10 14:26:57,web
TK0000379,U000067,O00001571,活动优惠,normal,closed,2025-04-18 16:47:30,2025-04-21 03:47:30,app
TK0000380,U001693,O00005041,退款售后,normal,closed,2025-10-03 19:04:06,2025-10-05 22:04:06,web
TK0000381,U001835,,物流问题,normal,closed,2025-06-10 23:36:49,2025-06-12 18:36:49,phone
TK0000382,U001178,,退款售后,normal,closed,2026-02-15 21:06:52,2026-02-17 16:06:52,social
TK0000383,U004249,O00010354,账户问题,normal,closed,2026-06-04 19:51:00,2026-06-06 10:51:00,app
TK0000384,U004491,,物流问题,normal,resolved,2025-09-18 22:10:19,2025-09-19 01:10:19,web
TK0000385,U000470,O00001230,物流问题,normal,processing,2026-03-15 05:09:50,,app
TK0000386,U001073,O00007540,订单咨询,normal,resolved,2026-07-21 15:07:22,2026-07-21 17:07:22,app
TK0000387,U002379,,账户问题,normal,closed,2026-02-11 00:00:30,2026-02-13 01:00:30,app
TK0000388,U000048,O00008189,物流问题,normal,closed,2025-02-07 04:17:33,2025-02-09 10:17:33,web
TK0000389,U001074,,退款售后,normal,resolved,2025-10-20 06:18:16,2025-10-22 12:18:16,phone
TK0000390,U001506,O00005028,物流问题,normal,processing,2026-08-02 22:54:44,,app
TK0000391,U001727,,物流问题,urgent,closed,2026-06-22 19:35:02,2026-06-24 21:35:02,social
TK0000392,U000830,O00011359,活动优惠,normal,resolved,2026-06-26 19:21:31,2026-06-27 15:21:31,app
TK0000393,U002031,,退款售后,normal,open,2025-05-17 02:09:09,,app
TK0000394,U002658,,物流问题,low,resolved,2025-11-25 05:54:44,2025-11-27 10:54:44,app
TK0000395,U001905,O00008441,订单咨询,low,resolved,2025-10-08 11:57:03,2025-10-09 14:57:03,social
TK0000396,U004665,O00001175,活动优惠,normal,closed,2026-03-22 01:26:05,2026-03-23 02:26:05,web
TK0000397,U001262,,退款售后,normal,closed,2025-03-24 11:07:44,2025-03-26 21:07:44,app
TK0000398,U004707,O00011755,物流问题,normal,closed,2025-08-13 02:07:02,2025-08-15 04:07:02,app
TK0000399,U003496,O00008657,账户问题,normal,closed,2025-01-20 20:30:13,2025-01-21 10:30:13,phone
TK0000400,U004870,O00007621,订单咨询,normal,resolved,2025-06-17 20:23:53,2025-06-19 09:23:53,phone
TK0000401,U001610,O00005682,退款售后,normal,resolved,2025-09-15 05:21:12,2025-09-17 06:21:12,app
TK0000402,U000739,O00005848,订单咨询,normal,resolved,2026-01-19 06:06:01,2026-01-20 09:06:01,web
TK0000403,U004111,O00008382,活动优惠,low,closed,2026-07-30 08:10:03,2026-08-02 04:10:03,app
TK0000404,U001990,O00010280,订单咨询,low,closed,2025-02-18 13:17:35,2025-02-20 16:17:35,phone
TK0000405,U001730,O00006290,商品咨询,low,closed,2025-07-28 14:17:28,2025-07-31 00:17:28,phone
TK0000406,U000519,O00002481,物流问题,low,closed,2026-01-26 07:18:24,2026-01-26 23:18:24,phone
TK0000407,U000165,O00010756,物流问题,normal,resolved,2025-01-29 03:40:08,2025-01-30 01:40:08,app
TK0000408,U003905,,退款售后,low,resolved,2025-03-24 10:09:43,2025-03-26 00:09:43,app
TK0000409,U001804,,订单咨询,low,processing,2025-10-25 08:25:41,,phone
TK0000410,U000578,O00008320,订单咨询,normal,closed,2026-06-27 01:54:53,2026-06-28 22:54:53,phone
TK0000411,U001365,O00001917,退款售后,normal,resolved,2026-07-20 18:28:55,2026-07-21 20:28:55,web
TK0000412,U003080,O00003517,物流问题,normal,resolved,2025-04-01 03:36:14,2025-04-01 10:36:14,web
TK0000413,U002932,O00009290,物流问题,normal,resolved,2026-07-26 19:10:52,2026-07-27 08:10:52,phone
TK0000414,U002088,,物流问题,high,closed,2026-01-07 17:14:20,2026-01-08 16:14:20,app
TK0000415,U003974,O00000480,物流问题,normal,open,2026-07-25 06:14:27,,social
TK0000416,U000456,O00000635,活动优惠,low,resolved,2025-06-12 09:07:22,2025-06-13 08:07:22,app
TK0000417,U001808,O00007120,商品咨询,high,processing,2025-11-16 12:29:51,,phone
TK0000418,U000323,O00002559,退款售后,low,closed,2025-03-28 23:44:14,2025-03-30 06:44:14,web
TK0000419,U001336,,订单咨询,normal,closed,2026-03-26 18:11:47,2026-03-28 10:11:47,social
TK0000420,U003512,,退款售后,normal,processing,2025-12-28 00:40:18,,social
TK0000421,U004515,,退款售后,normal,closed,2026-05-05 13:53:00,2026-05-06 12:53:00,app
TK0000422,U004345,,物流问题,high,resolved,2026-01-31 07:48:34,2026-01-31 23:48:34,social
TK0000423,U003618,,订单咨询,normal,open,2025-03-17 11:17:44,,phone
TK0000424,U003426,O00003395,物流问题,high,resolved,2025-06-29 07:28:31,2025-06-29 14:28:31,app
TK0000425,U002527,O00011720,退款售后,normal,resolved,2025-09-15 16:07:50,2025-09-16 02:07:50,app
TK0000426,U004721,,订单咨询,normal,closed,2025-05-15 13:02:34,2025-05-15 20:02:34,phone
TK0000427,U002984,O00004824,商品咨询,high,closed,2025-04-06 16:22:30,2025-04-06 23:22:30,phone
TK0000428,U004843,O00008782,订单咨询,normal,resolved,2026-03-17 21:21:32,2026-03-20 17:21:32,app
TK0000429,U003256,O00000580,订单咨询,high,closed,2025-07-26 02:40:22,2025-07-28 13:40:22,app
TK0000430,U002897,,物流问题,low,closed,2026-01-22 19:46:54,2026-01-25 06:46:54,app
TK0000431,U004262,O00010037,订单咨询,normal,closed,2026-01-02 23:59:57,2026-01-04 19:59:57,app
TK0000432,U000514,O00006830,退款售后,low,closed,2026-08-23 18:20:04,2026-08-25 10:20:04,phone
TK0000433,U002166,O00011294,物流问题,low,closed,2025-12-11 07:43:26,2025-12-12 08:43:26,phone
TK0000434,U004538,O00006153,账户问题,normal,resolved,2025-10-01 10:45:00,2025-10-03 18:45:00,social
TK0000435,U001684,O00002170,订单咨询,high,closed,2025-10-15 17:30:26,2025-10-17 20:30:26,app
TK0000436,U004602,O00010132,物流问题,normal,closed,2026-03-20 02:50:03,2026-03-21 12:50:03,app
TK0000437,U001880,O00006520,物流问题,high,resolved,2025-02-18 14:49:08,2025-02-19 05:49:08,app
TK0000438,U001004,O00005297,账户问题,high,closed,2026-01-21 12:39:45,2026-01-22 19:39:45,app
TK0000439,U002868,O00001980,活动优惠,normal,resolved,2025-08-20 11:10:39,2025-08-21 03:10:39,app
TK0000440,U000701,O00011059,物流问题,high,closed,2025-02-08 10:08:03,2025-02-10 11:08:03,web
TK0000441,U003710,O00005840,物流问题,high,closed,2025-08-01 14:19:19,2025-08-01 23:19:19,phone
TK0000442,U002610,O00009170,商品咨询,normal,closed,2025-02-14 07:52:02,2025-02-14 14:52:02,app
TK0000443,U003722,O00001365,活动优惠,normal,resolved,2026-01-24 22:11:49,2026-01-26 13:11:49,app
TK0000444,U002938,O00003558,商品咨询,normal,closed,2025-04-05 20:38:40,2025-04-06 16:38:40,app
TK0000445,U001381,,物流问题,low,resolved,2025-09-01 06:13:38,2025-09-01 14:13:38,phone
TK0000446,U002176,O00001555,物流问题,normal,resolved,2025-12-18 13:54:18,2025-12-19 16:54:18,phone
TK0000447,U004943,O00006810,订单咨询,high,resolved,2025-10-23 14:07:00,2025-10-24 21:07:00,web
TK0000448,U000327,O00000393,活动优惠,normal,resolved,2026-08-03 19:33:07,2026-08-05 21:33:07,social
TK0000449,U000571,O00010320,订单咨询,high,closed,2025-09-28 12:52:28,2025-10-01 03:52:28,phone
TK0000450,U002420,,订单咨询,normal,resolved,2026-01-14 12:30:08,2026-01-17 08:30:08,phone
TK0000451,U001610,O00004264,商品咨询,normal,resolved,2025-08-31 20:00:59,2025-09-03 11:00:59,phone
TK0000452,U003521,,物流问题,low,closed,2025-08-30 19:27:38,2025-09-02 03:27:38,app
TK0000453,U001907,O00004967,退款售后,normal,closed,2025-01-31 21:44:17,2025-02-03 00:44:17,phone
TK0000454,U004581,O00007529,商品咨询,high,closed,2026-07-06 21:40:23,2026-07-08 06:40:23,social
TK0000455,U002605,O00006877,商品咨询,normal,resolved,2025-01-26 03:00:00,2025-01-27 23:00:00,app
TK0000456,U000645,,物流问题,normal,resolved,2025-11-13 08:37:40,2025-11-15 23:37:40,social
TK0000457,U000006,O00010675,订单咨询,low,resolved,2026-05-23 22:36:52,2026-05-26 10:36:52,app
TK0000458,U004538,O00001685,活动优惠,normal,open,2026-03-24 22:56:26,,app
TK0000459,U002414,O00004232,退款售后,high,processing,2026-08-21 09:56:42,,phone
TK0000460,U003070,O00002553,退款售后,normal,resolved,2025-06-25 20:30:53,2025-06-26 01:30:53,app
TK0000461,U001772,O00002116,退款售后,high,resolved,2026-03-09 18:12:26,2026-03-11 09:12:26,web
TK0000462,U003574,O00001325,订单咨询,normal,closed,2026-03-08 02:55:18,2026-03-10 02:55:18,web
TK0000463,U003424,O00009601,活动优惠,low,closed,2026-06-09 07:35:24,2026-06-10 12:35:24,phone
TK0000464,U002812,O00005862,物流问题,normal,closed,2026-02-18 07:40:55,2026-02-20 15:40:55,app
TK0000465,U002879,O00006928,订单咨询,high,closed,2026-01-12 04:23:09,2026-01-13 05:23:09,phone
TK0000466,U003457,O00002912,活动优惠,normal,resolved,2025-07-31 21:50:59,2025-08-03 00:50:59,app
TK0000467,U004268,O00003193,物流问题,normal,resolved,2025-06-30 05:40:25,2025-07-02 23:40:25,social
TK0000468,U004512,O00011779,物流问题,high,resolved,2025-07-31 12:55:17,2025-08-02 13:55:17,phone
TK0000469,U002757,O00007059,账户问题,low,resolved,2025-01-21 10:12:16,2025-01-21 18:12:16,phone
TK0000470,U001994,,退款售后,normal,closed,2026-02-09 15:29:06,2026-02-09 20:29:06,phone
TK0000471,U001919,O00000347,物流问题,high,resolved,2025-01-12 02:23:24,2025-01-12 09:23:24,app
TK0000472,U002747,O00004251,账户问题,normal,closed,2025-06-23 17:48:06,2025-06-24 09:48:06,app
TK0000473,U003799,O00009129,活动优惠,normal,resolved,2025-09-06 05:47:36,2025-09-06 23:47:36,app
TK0000474,U004222,O00006449,物流问题,normal,resolved,2025-01-20 13:52:55,2025-01-20 14:52:55,app
TK0000475,U004145,,商品咨询,normal,closed,2025-07-17 01:11:30,2025-07-17 07:11:30,web
TK0000476,U002795,,物流问题,normal,resolved,2026-01-26 02:33:06,2026-01-28 18:33:06,phone
TK0000477,U000636,O00001604,活动优惠,normal,closed,2025-09-06 00:29:16,2025-09-08 01:29:16,web
TK0000478,U000954,O00009278,物流问题,normal,processing,2026-01-01 05:01:24,,web
TK0000479,U003316,,退款售后,normal,resolved,2025-10-08 15:19:29,2025-10-11 15:19:29,app
TK0000480,U002039,O00004572,退款售后,normal,resolved,2025-12-27 12:09:14,2025-12-30 09:09:14,app
TK0000481,U003035,O00005719,订单咨询,normal,closed,2025-11-30 20:35:27,2025-12-02 04:35:27,phone
TK0000482,U003719,O00003998,物流问题,high,closed,2025-03-17 12:01:04,2025-03-19 00:01:04,app
TK0000483,U003143,,活动优惠,low,closed,2025-07-23 21:01:04,2025-07-24 19:01:04,phone
TK0000484,U001148,O00002774,账户问题,normal,closed,2025-03-05 08:23:34,2025-03-07 19:23:34,app
TK0000485,U003793,O00001974,退款售后,normal,closed,2026-03-17 12:41:00,2026-03-17 20:41:00,app
TK0000486,U003830,O00001497,退款售后,high,resolved,2026-07-13 06:22:57,2026-07-15 04:22:57,app
TK0000487,U001636,O00011291,账户问题,high,closed,2025-06-26 14:39:00,2025-06-28 23:39:00,phone
TK0000488,U002040,O00003863,商品咨询,normal,resolved,2025-02-15 05:24:47,2025-02-15 07:24:47,phone
TK0000489,U003023,O00007483,账户问题,normal,resolved,2025-08-10 08:40:17,2025-08-13 01:40:17,web
TK0000490,U004169,O00009339,退款售后,low,resolved,2025-12-08 15:07:54,2025-12-09 11:07:54,web
TK0000491,U000226,O00007567,退款售后,high,open,2025-11-18 00:23:41,,app
TK0000492,U004523,O00002010,订单咨询,normal,resolved,2026-05-29 12:54:11,2026-05-31 09:54:11,app
TK0000493,U003094,,退款售后,normal,closed,2026-03-09 10:05:35,2026-03-11 15:05:35,phone
TK0000494,U003479,O00008325,物流问题,normal,closed,2026-06-26 03:31:11,2026-06-27 22:31:11,web
TK0000495,U002615,O00010122,退款售后,normal,resolved,2025-07-16 12:06:16,2025-07-19 06:06:16,phone
TK0000496,U000739,O00004463,物流问题,high,closed,2026-03-27 10:32:40,2026-03-30 09:32:40,app
TK0000497,U000128,O00010009,商品咨询,low,closed,2025-03-03 10:59:57,2025-03-05 23:59:57,app
TK0000498,U003497,O00005039,退款售后,normal,closed,2025-09-14 15:25:26,2025-09-15 23:25:26,app
TK0000499,U000534,,退款售后,low,resolved,2026-07-08 15:12:41,2026-07-09 11:12:41,app
TK0000500,U002972,,商品咨询,low,resolved,2025-03-05 03:20:08,2025-03-06 08:20:08,web
TK0000501,U002770,O00001896,商品咨询,low,closed,2026-08-23 02:03:29,2026-08-23 08:03:29,web
TK0000502,U004009,O00007162,活动优惠,high,closed,2025-06-23 23:17:49,2025-06-24 23:17:49,app
TK0000503,U002822,O00004877,活动优惠,normal,closed,2025-05-03 23:45:18,2025-05-04 21:45:18,app
TK0000504,U004624,,退款售后,normal,closed,2025-04-13 19:28:10,2025-04-15 12:28:10,app
TK0000505,U002681,O00008466,退款售后,normal,closed,2025-04-10 22:00:28,2025-04-12 06:00:28,app
TK0000506,U000681,O00001003,活动优惠,low,resolved,2026-06-06 10:09:55,2026-06-08 15:09:55,app
TK0000507,U001311,,物流问题,high,closed,2026-03-16 05:27:43,2026-03-17 14:27:43,phone
TK0000508,U001700,O00001872,订单咨询,normal,processing,2025-08-03 02:52:17,,social
TK0000509,U004638,O00010094,退款售后,low,closed,2026-06-05 23:29:57,2026-06-06 15:29:57,phone
TK0000510,U004847,,商品咨询,low,closed,2026-03-09 09:39:56,2026-03-10 03:39:56,phone
TK0000511,U004533,O00007031,账户问题,normal,processing,2025-12-10 11:37:22,,phone
TK0000512,U001940,O00009943,物流问题,normal,closed,2026-05-12 11:00:56,2026-05-14 12:00:56,app
TK0000513,U004025,O00008511,物流问题,high,closed,2025-11-29 05:41:30,2025-11-30 02:41:30,phone
TK0000514,U002661,,物流问题,high,resolved,2025-07-30 11:22:24,2025-07-31 15:22:24,web
TK0000515,U004034,O00009746,商品咨询,normal,open,2025-11-04 07:07:10,,social
TK0000516,U001116,O00010570,退款售后,normal,open,2026-08-10 13:20:34,,app
TK0000517,U002471,O00004139,退款售后,normal,processing,2026-04-21 06:24:36,,app
TK0000518,U003427,O00001171,订单咨询,normal,resolved,2026-06-22 12:19:17,2026-06-23 12:19:17,app
TK0000519,U000768,,物流问题,low,closed,2026-01-03 09:26:11,2026-01-05 06:26:11,app
TK0000520,U001052,O00007477,商品咨询,normal,closed,2026-06-12 19:46:14,2026-06-15 16:46:14,social
TK0000521,U000495,O00008898,订单咨询,urgent,resolved,2026-03-19 11:29:33,2026-03-20 14:29:33,phone
TK0000522,U003632,O00001090,商品咨询,normal,closed,2026-08-01 04:07:14,2026-08-03 14:07:14,web
TK0000523,U002698,O00009697,退款售后,normal,closed,2025-08-02 03:02:58,2025-08-04 12:02:58,app
TK0000524,U000264,O00004938,退款售后,low,resolved,2025-12-04 19:41:50,2025-12-07 18:41:50,phone
TK0000525,U002618,O00002574,活动优惠,normal,resolved,2026-01-13 05:07:23,2026-01-13 13:07:23,app
TK0000526,U003894,,商品咨询,normal,closed,2025-01-24 02:54:01,2025-01-26 02:54:01,phone
TK0000527,U002938,O00011206,商品咨询,normal,closed,2026-04-19 18:00:22,2026-04-22 18:00:22,app
TK0000528,U000251,O00002794,退款售后,high,resolved,2025-04-01 22:39:06,2025-04-03 14:39:06,social
TK0000529,U003546,O00003943,订单咨询,normal,closed,2025-01-29 02:37:53,2025-01-31 14:37:53,app
TK0000530,U004481,O00003231,物流问题,normal,closed,2026-07-25 02:52:50,2026-07-28 02:52:50,app
TK0000531,U003447,O00003885,订单咨询,high,closed,2025-05-24 15:47:56,2025-05-27 08:47:56,app
TK0000532,U000554,O00000754,退款售后,high,resolved,2026-04-23 12:13:21,2026-04-25 01:13:21,phone
TK0000533,U000585,O00006531,退款售后,normal,closed,2026-03-17 12:26:14,2026-03-17 22:26:14,phone
TK0000534,U002875,O00005067,订单咨询,urgent,resolved,2025-07-12 21:45:06,2025-07-13 20:45:06,app
TK0000535,U002605,O00002673,订单咨询,normal,open,2025-11-22 07:11:07,,phone
TK0000536,U000708,O00004359,物流问题,high,closed,2025-10-04 00:34:27,2025-10-06 14:34:27,app
TK0000537,U000601,,订单咨询,high,closed,2025-07-31 02:56:59,2025-07-31 07:56:59,social
TK0000538,U000385,O00011511,退款售后,low,open,2025-03-30 12:29:06,,app
TK0000539,U003604,,商品咨询,normal,closed,2026-03-19 01:56:05,2026-03-21 16:56:05,web
TK0000540,U003884,O00006809,物流问题,normal,resolved,2026-02-06 04:46:27,2026-02-08 12:46:27,app
TK0000541,U002609,O00008345,订单咨询,high,processing,2025-02-22 05:55:29,,social
TK0000542,U004479,O00006977,订单咨询,normal,resolved,2026-02-19 22:21:19,2026-02-20 01:21:19,app
TK0000543,U000903,O00010844,订单咨询,normal,resolved,2026-02-06 16:55:38,2026-02-08 14:55:38,app
TK0000544,U002831,O00005957,退款售后,normal,resolved,2025-01-26 02:22:28,2025-01-27 11:22:28,web
TK0000545,U002206,O00003719,商品咨询,normal,resolved,2026-08-25 19:41:28,2026-08-28 01:41:28,app
TK0000546,U003210,O00009906,活动优惠,high,resolved,2026-06-05 21:14:20,2026-06-08 10:14:20,app
TK0000547,U004404,O00007460,退款售后,normal,resolved,2025-10-12 11:21:57,2025-10-15 07:21:57,app
TK0000548,U003544,O00005882,物流问题,normal,closed,2026-08-09 23:51:40,2026-08-11 06:51:40,app
TK0000549,U003713,O00002617,物流问题,high,closed,2025-07-26 18:54:24,2025-07-27 15:54:24,social
TK0000550,U000419,,订单咨询,normal,closed,2026-08-12 22:23:18,2026-08-14 08:23:18,social
TK0000551,U004736,,账户问题,normal,open,2025-02-04 08:25:53,,app
TK0000552,U004579,O00005646,物流问题,low,closed,2025-07-03 20:46:30,2025-07-04 17:46:30,web
TK0000553,U004783,,订单咨询,normal,resolved,2025-06-13 09:36:21,2025-06-14 21:36:21,app
TK0000554,U002895,O00008737,活动优惠,high,resolved,2025-11-20 15:52:17,2025-11-22 12:52:17,app
TK0000555,U003565,O00008548,商品咨询,high,resolved,2026-05-28 09:29:53,2026-05-31 08:29:53,app
TK0000556,U003494,O00005729,活动优惠,normal,resolved,2026-04-13 03:28:35,2026-04-13 10:28:35,app
TK0000557,U003431,O00003085,商品咨询,high,closed,2026-08-14 16:23:12,2026-08-17 09:23:12,app
TK0000558,U003922,O00008177,物流问题,low,open,2025-12-05 04:55:05,,app
TK0000559,U001081,O00008496,订单咨询,normal,open,2026-03-20 11:18:20,,web
TK0000560,U004993,,账户问题,urgent,resolved,2025-04-05 19:39:15,2025-04-06 05:39:15,phone
TK0000561,U003459,O00001373,商品咨询,normal,closed,2025-07-14 05:23:45,2025-07-15 10:23:45,social
TK0000562,U001549,O00007706,退款售后,normal,closed,2026-07-26 15:47:48,2026-07-27 23:47:48,phone
TK0000563,U000060,O00000709,订单咨询,high,closed,2026-06-13 20:13:14,2026-06-15 04:13:14,web
TK0000564,U000230,O00001897,活动优惠,high,closed,2025-06-24 18:21:25,2025-06-25 03:21:25,web
TK0000565,U001673,O00010779,物流问题,normal,closed,2025-06-04 03:35:12,2025-06-06 06:35:12,web
TK0000566,U000044,O00000448,退款售后,normal,open,2025-04-16 14:25:16,,web
TK0000567,U000285,O00002661,商品咨询,urgent,resolved,2026-05-23 22:04:00,2026-05-25 09:04:00,app
TK0000568,U003678,O00005694,物流问题,normal,closed,2025-06-05 17:12:13,2025-06-07 10:12:13,app
TK0000569,U000004,O00002903,退款售后,normal,resolved,2025-02-08 17:50:04,2025-02-08 22:50:04,app
TK0000570,U004922,,商品咨询,normal,closed,2025-05-17 07:46:55,2025-05-19 14:46:55,phone
TK0000571,U004991,O00003692,物流问题,low,resolved,2026-08-26 02:43:39,2026-08-28 14:43:39,social
TK0000572,U002237,O00005022,商品咨询,normal,resolved,2026-01-15 02:16:48,2026-01-17 01:16:48,app
TK0000573,U002283,O00010375,退款售后,normal,resolved,2025-06-07 07:09:01,2025-06-09 00:09:01,social
TK0000574,U004382,O00000496,退款售后,high,closed,2025-06-10 02:11:25,2025-06-10 12:11:25,app
TK0000575,U003763,,物流问题,normal,resolved,2025-08-17 18:02:19,2025-08-19 11:02:19,app
TK0000576,U003464,O00008304,订单咨询,normal,resolved,2025-06-30 01:26:36,2025-07-01 20:26:36,phone
TK0000577,U004299,O00005056,商品咨询,high,closed,2025-08-19 22:31:06,2025-08-22 06:31:06,phone
TK0000578,U001501,,活动优惠,normal,resolved,2025-03-08 20:38:50,2025-03-11 08:38:50,app
TK0000579,U002526,,退款售后,low,closed,2025-09-21 06:55:26,2025-09-22 16:55:26,app
TK0000580,U000019,O00011220,活动优惠,normal,closed,2026-08-25 13:14:18,2026-08-28 05:14:18,app
TK0000581,U002423,,商品咨询,normal,processing,2025-02-14 06:58:15,,app
TK0000582,U002202,O00011980,活动优惠,normal,closed,2026-01-13 02:54:10,2026-01-14 04:54:10,phone
TK0000583,U003599,O00008643,物流问题,normal,closed,2026-05-03 02:37:28,2026-05-05 15:37:28,social
TK0000584,U002693,O00008804,退款售后,normal,processing,2025-09-04 13:02:52,,app
TK0000585,U000185,O00006044,退款售后,normal,open,2026-02-07 14:34:20,,app
TK0000586,U000030,O00005190,商品咨询,normal,resolved,2025-09-11 13:49:05,2025-09-12 14:49:05,social
TK0000587,U004478,,退款售后,low,closed,2025-10-07 01:04:19,2025-10-07 22:04:19,phone
TK0000588,U000651,O00001754,商品咨询,normal,resolved,2026-06-26 01:35:24,2026-06-28 06:35:24,app
TK0000589,U001037,O00010471,订单咨询,normal,closed,2025-04-18 01:19:57,2025-04-18 21:19:57,phone
TK0000590,U000957,,活动优惠,normal,resolved,2026-04-12 09:04:18,2026-04-15 06:04:18,app
TK0000591,U004904,,退款售后,normal,resolved,2025-06-23 21:16:35,2025-06-25 22:16:35,app
TK0000592,U003013,O00005990,商品咨询,low,closed,2025-08-31 00:50:53,2025-09-01 16:50:53,phone
TK0000593,U003540,,商品咨询,high,resolved,2026-07-06 19:18:47,2026-07-08 11:18:47,phone
TK0000594,U003659,O00006589,活动优惠,high,closed,2025-06-13 18:32:32,2025-06-16 17:32:32,phone
TK0000595,U000686,O00003618,订单咨询,high,closed,2025-07-05 18:51:48,2025-07-08 01:51:48,web
TK0000596,U001778,O00002884,退款售后,normal,resolved,2026-02-27 22:19:46,2026-03-01 10:19:46,web
TK0000597,U001625,O00006226,订单咨询,normal,closed,2025-03-30 04:04:15,2025-03-30 22:04:15,social
TK0000598,U000237,O00001892,物流问题,normal,closed,2026-05-25 11:12:01,2026-05-25 16:12:01,app
TK0000599,U003490,,退款售后,normal,closed,2026-04-20 19:10:26,2026-04-23 14:10:26,web
TK0000600,U004135,O00001845,活动优惠,normal,resolved,2025-06-07 04:47:41,2025-06-08 17:47:41,web
TK0000601,U001928,O00006715,物流问题,normal,closed,2025-10-07 04:32:17,2025-10-08 02:32:17,web
TK0000602,U001807,O00004810,订单咨询,low,open,2026-07-25 05:42:35,,phone
TK0000603,U000686,O00003618,订单咨询,urgent,closed,2025-07-05 16:51:48,2025-07-07 03:51:48,phone
TK0000604,U002208,O00000630,订单咨询,urgent,processing,2025-05-13 04:30:27,,app
TK0000605,U002381,O00011401,物流问题,normal,closed,2025-02-09 04:15:19,2025-02-09 21:15:19,app
TK0000606,U000621,O00002897,物流问题,normal,resolved,2026-01-28 12:49:36,2026-01-30 09:49:36,social
TK0000607,U001464,O00004721,物流问题,normal,resolved,2026-05-03 22:52:47,2026-05-04 15:52:47,social
TK0000608,U003603,O00003589,物流问题,normal,resolved,2026-06-06 16:14:59,2026-06-07 01:14:59,web
TK0000609,U003565,O00000060,退款售后,high,closed,2025-08-05 18:00:37,2025-08-08 18:00:37,social
TK0000610,U004093,O00010379,物流问题,high,resolved,2026-03-29 09:00:28,2026-03-29 16:00:28,web
TK0000611,U002643,O00001760,物流问题,urgent,processing,2025-08-21 16:25:02,,app
TK0000612,U002074,,退款售后,normal,resolved,2026-08-18 16:50:31,2026-08-20 05:50:31,app
TK0000613,U001719,,商品咨询,normal,closed,2026-04-05 12:26:04,2026-04-06 23:26:04,app
TK0000614,U003151,,退款售后,normal,closed,2025-08-13 16:37:21,2025-08-14 19:37:21,app
TK0000615,U001931,O00011654,商品咨询,normal,resolved,2025-06-01 08:40:33,2025-06-03 22:40:33,social
TK0000616,U003690,,退款售后,high,closed,2025-12-23 00:32:28,2025-12-25 11:32:28,web
TK0000617,U000229,,商品咨询,high,closed,2025-07-07 18:41:49,2025-07-10 13:41:49,app
TK0000618,U004332,,退款售后,normal,resolved,2025-10-10 18:24:15,2025-10-13 05:24:15,app
TK0000619,U004437,O00007320,退款售后,urgent,closed,2025-10-17 19:46:11,2025-10-19 20:46:11,phone
TK0000620,U004540,O00000390,活动优惠,normal,resolved,2026-08-24 20:21:09,2026-08-26 19:21:09,app
TK0000621,U000939,O00004808,退款售后,normal,resolved,2025-05-01 23:31:48,2025-05-04 13:31:48,app
TK0000622,U001358,O00006778,退款售后,low,resolved,2025-11-04 02:53:07,2025-11-05 05:53:07,social
TK0000623,U002343,,物流问题,normal,resolved,2025-08-31 15:32:52,2025-09-02 10:32:52,web
TK0000624,U000325,O00004459,商品咨询,normal,closed,2025-12-10 10:45:09,2025-12-10 18:45:09,social
TK0000625,U001948,,订单咨询,normal,closed,2026-07-23 19:43:21,2026-07-26 02:43:21,app
TK0000626,U000279,O00010688,退款售后,normal,resolved,2026-02-02 15:55:46,2026-02-02 16:55:46,web
TK0000627,U001029,O00003868,活动优惠,normal,processing,2025-07-10 21:00:21,,social
TK0000628,U000219,O00007041,订单咨询,normal,closed,2026-08-04 13:12:23,2026-08-05 10:12:23,phone
TK0000629,U004478,,商品咨询,normal,closed,2025-02-22 12:26:13,2025-02-23 07:26:13,phone
TK0000630,U000443,O00007823,退款售后,normal,resolved,2025-11-03 04:26:32,2025-11-04 22:26:32,social
TK0000631,U000373,O00005623,商品咨询,high,resolved,2025-10-15 13:17:34,2025-10-15 17:17:34,phone
TK0000632,U004010,O00005994,活动优惠,low,closed,2026-03-06 18:45:46,2026-03-07 03:45:46,app
TK0000633,U003735,O00001159,退款售后,high,closed,2025-05-07 02:36:21,2025-05-09 05:36:21,phone
TK0000634,U002170,,活动优惠,high,resolved,2025-11-30 03:05:18,2025-11-30 06:05:18,app
TK0000635,U002507,,物流问题,normal,resolved,2025-07-06 06:44:26,2025-07-08 17:44:26,app
TK0000636,U000081,O00002121,活动优惠,normal,processing,2025-06-03 05:37:12,,phone
TK0000637,U002834,O00011115,商品咨询,high,closed,2025-03-19 19:55:58,2025-03-22 07:55:58,app
TK0000638,U000828,,订单咨询,normal,closed,2025-12-22 10:37:24,2025-12-23 14:37:24,social
TK0000639,U001918,O00003059,物流问题,normal,resolved,2026-03-24 22:12:47,2026-03-26 21:12:47,phone
TK0000640,U003279,O00009585,物流问题,high,resolved,2026-03-13 05:52:04,2026-03-13 14:52:04,app
TK0000641,U002082,O00011744,订单咨询,normal,open,2026-06-21 17:31:18,,phone
TK0000642,U000150,O00001965,物流问题,low,resolved,2026-08-18 16:27:11,2026-08-20 11:27:11,app
TK0000643,U000193,O00008176,活动优惠,normal,open,2026-03-31 02:34:38,,app
TK0000644,U002083,O00006496,订单咨询,normal,processing,2025-11-21 07:52:09,,phone
TK0000645,U002829,,商品咨询,normal,closed,2026-04-19 16:28:28,2026-04-20 14:28:28,app
TK0000646,U002328,O00007867,退款售后,normal,resolved,2026-04-17 05:42:09,2026-04-18 22:42:09,app
TK0000647,U003829,,退款售后,high,processing,2025-10-01 03:34:24,,phone
TK0000648,U003692,O00009794,活动优惠,low,open,2025-04-15 21:01:02,,phone
TK0000649,U001475,O00005563,订单咨询,normal,processing,2026-03-22 23:44:39,,app
TK0000650,U004174,,商品咨询,low,closed,2026-06-30 02:23:45,2026-07-02 05:23:45,app
TK0000651,U000412,O00007612,物流问题,normal,closed,2025-03-22 12:25:29,2025-03-23 02:25:29,web
TK0000652,U001509,O00004024,物流问题,normal,closed,2026-03-03 17:55:55,2026-03-05 16:55:55,web
TK0000653,U002940,O00001934,商品咨询,normal,closed,2025-07-07 18:52:00,2025-07-09 10:52:00,app
TK0000654,U000046,O00003763,商品咨询,normal,closed,2025-06-02 02:31:37,2025-06-03 22:31:37,app
TK0000655,U001313,O00002814,物流问题,normal,closed,2025-02-07 07:53:58,2025-02-08 07:53:58,app
TK0000656,U002672,O00010820,退款售后,normal,closed,2025-08-25 04:39:51,2025-08-26 05:39:51,web
TK0000657,U003301,O00006943,物流问题,normal,resolved,2026-02-22 11:17:54,2026-02-22 12:17:54,app
TK0000658,U003066,O00008142,退款售后,normal,resolved,2025-02-21 11:00:12,2025-02-22 03:00:12,web
TK0000659,U004361,O00007789,活动优惠,normal,open,2025-02-04 07:05:28,,app
TK0000660,U001852,,活动优惠,low,resolved,2025-05-06 04:16:44,2025-05-08 04:16:44,social
TK0000661,U000285,O00004266,退款售后,normal,closed,2026-08-06 00:06:36,2026-08-08 18:06:36,phone
TK0000662,U003983,O00010729,物流问题,high,resolved,2025-07-28 18:06:54,2025-07-30 22:06:54,web
TK0000663,U003439,O00006093,退款售后,high,open,2025-04-19 09:36:25,,app
TK0000664,U002192,,订单咨询,low,resolved,2025-06-13 00:17:03,2025-06-14 00:17:03,app
TK0000665,U002408,O00011034,订单咨询,high,open,2025-05-19 12:08:44,,phone
TK0000666,U004866,O00010888,物流问题,normal,closed,2025-12-02 03:09:25,2025-12-04 07:09:25,phone
TK0000667,U000439,O00001133,退款售后,normal,resolved,2025-11-01 11:38:24,2025-11-03 00:38:24,web
TK0000668,U001200,O00006244,物流问题,normal,closed,2025-08-26 13:21:38,2025-08-28 06:21:38,app
TK0000669,U001431,O00009731,商品咨询,high,closed,2026-01-09 07:00:19,2026-01-11 17:00:19,web
TK0000670,U003337,O00006396,商品咨询,normal,resolved,2025-06-10 07:42:13,2025-06-11 23:42:13,phone
TK0000671,U003402,O00008346,物流问题,low,closed,2025-07-20 13:18:01,2025-07-20 22:18:01,app
TK0000672,U003926,O00010867,订单咨询,normal,closed,2026-05-04 21:01:01,2026-05-07 04:01:01,web
TK0000673,U001634,O00001728,订单咨询,low,closed,2026-01-10 10:28:33,2026-01-12 16:28:33,phone
TK0000674,U002682,O00002983,订单咨询,normal,processing,2025-04-21 08:38:51,,phone
TK0000675,U004695,,订单咨询,normal,closed,2025-06-03 18:45:52,2025-06-04 06:45:52,social
TK0000676,U001136,,商品咨询,normal,resolved,2025-12-19 00:41:54,2025-12-19 21:41:54,app
TK0000677,U002878,O00006117,物流问题,normal,closed,2025-05-21 04:16:54,2025-05-22 02:16:54,phone
TK0000678,U004163,O00005724,退款售后,high,resolved,2026-02-18 18:17:25,2026-02-19 04:17:25,web
TK0000679,U002580,O00001677,物流问题,normal,closed,2025-05-29 17:50:17,2025-05-30 09:50:17,app
TK0000680,U001329,O00003345,退款售后,normal,closed,2025-06-22 04:01:47,2025-06-25 01:01:47,app
TK0000681,U003982,O00001860,商品咨询,urgent,closed,2026-04-29 04:07:16,2026-05-01 00:07:16,social
TK0000682,U001633,O00001121,订单咨询,normal,closed,2026-01-22 12:07:00,2026-01-22 16:07:00,web
TK0000683,U003168,,商品咨询,low,resolved,2025-01-17 19:06:05,2025-01-18 03:06:05,app
TK0000684,U000801,,商品咨询,normal,closed,2025-09-09 10:26:14,2025-09-09 20:26:14,web
TK0000685,U000949,,商品咨询,normal,closed,2026-06-21 18:47:33,2026-06-21 23:47:33,app
TK0000686,U004688,,物流问题,high,closed,2025-02-12 01:30:21,2025-02-12 08:30:21,phone
TK0000687,U004194,O00011967,商品咨询,normal,processing,2025-03-26 14:26:27,,app
TK0000688,U004030,O00010384,商品咨询,normal,closed,2025-04-25 21:06:01,2025-04-27 07:06:01,app
TK0000689,U003686,O00004747,物流问题,low,closed,2025-10-04 09:11:46,2025-10-06 16:11:46,phone
TK0000690,U000431,,物流问题,normal,processing,2025-09-27 04:11:27,,app
TK0000691,U003611,O00000980,退款售后,normal,closed,2025-07-27 10:25:20,2025-07-29 17:25:20,web
TK0000692,U004527,O00004081,订单咨询,normal,closed,2025-10-16 06:10:47,2025-10-17 09:10:47,phone
TK0000693,U001571,,物流问题,high,open,2025-09-06 15:10:01,,web
TK0000694,U004737,O00006730,退款售后,high,processing,2025-04-10 22:35:09,,app
TK0000695,U003554,O00010654,退款售后,normal,resolved,2026-04-24 06:53:15,2026-04-25 17:53:15,app
TK0000696,U003136,O00002441,订单咨询,low,closed,2026-02-06 23:26:09,2026-02-07 03:26:09,app
TK0000697,U004309,,活动优惠,normal,resolved,2026-04-27 13:10:35,2026-04-30 08:10:35,app
TK0000698,U004725,O00004332,活动优惠,normal,closed,2025-11-23 03:54:32,2025-11-23 13:54:32,app
TK0000699,U003182,,退款售后,low,resolved,2025-07-30 14:15:20,2025-08-01 16:15:20,social
TK0000700,U004020,O00001928,订单咨询,high,open,2025-02-05 00:17:40,,web
TK0000701,U003380,O00004548,订单咨询,high,closed,2026-07-29 10:13:42,2026-08-01 01:13:42,app
TK0000702,U004858,,订单咨询,high,resolved,2025-04-24 23:52:38,2025-04-26 13:52:38,app
TK0000703,U000912,O00010559,账户问题,normal,resolved,2026-02-20 10:21:57,2026-02-22 21:21:57,web
TK0000704,U002613,O00000744,订单咨询,normal,resolved,2026-07-21 04:31:26,2026-07-21 07:31:26,phone
TK0000705,U000118,,物流问题,normal,open,2025-08-24 23:11:40,,web
TK0000706,U002567,O00009639,商品咨询,normal,resolved,2026-08-15 17:30:10,2026-08-16 16:30:10,web
TK0000707,U003027,O00006611,订单咨询,normal,closed,2025-03-06 15:27:20,2025-03-08 02:27:20,app
TK0000708,U004147,O00008247,活动优惠,high,closed,2026-05-01 00:17:02,2026-05-02 19:17:02,app
TK0000709,U002066,O00006273,活动优惠,high,closed,2025-07-19 09:09:19,2025-07-21 06:09:19,phone
TK0000710,U003850,O00010847,商品咨询,normal,resolved,2025-09-02 07:28:53,2025-09-03 06:28:53,app
TK0000711,U004410,O00009222,商品咨询,low,closed,2025-11-11 20:33:30,2025-11-11 22:33:30,app
TK0000712,U000436,O00006167,活动优惠,normal,closed,2025-04-03 18:54:22,2025-04-06 09:54:22,web
TK0000713,U004458,O00004972,订单咨询,normal,resolved,2026-04-29 04:03:17,2026-04-30 21:03:17,app
TK0000714,U002612,O00008772,退款售后,normal,resolved,2025-06-12 14:50:34,2025-06-14 00:50:34,phone
TK0000715,U002378,O00006320,账户问题,normal,closed,2026-01-07 01:12:00,2026-01-09 10:12:00,web
TK0000716,U004319,O00001725,账户问题,normal,closed,2026-05-29 15:52:42,2026-05-31 21:52:42,web
TK0000717,U000536,,账户问题,urgent,resolved,2026-01-05 02:58:50,2026-01-07 15:58:50,social
TK0000718,U002917,O00006222,退款售后,normal,closed,2025-10-12 22:03:04,2025-10-15 06:03:04,phone
TK0000719,U004533,O00007031,活动优惠,high,closed,2025-12-06 16:37:22,2025-12-07 15:37:22,app
TK0000720,U003042,O00010449,订单咨询,low,open,2025-11-10 01:25:24,,app
TK0000721,U003756,O00007075,订单咨询,normal,resolved,2026-03-07 03:51:29,2026-03-09 01:51:29,app
TK0000722,U003011,O00004239,订单咨询,low,resolved,2026-03-05 14:11:04,2026-03-08 07:11:04,app
TK0000723,U002880,O00005790,退款售后,normal,open,2025-06-05 05:55:17,,social
TK0000724,U000131,O00006375,物流问题,high,open,2025-10-05 14:51:08,,app
TK0000725,U001444,O00006555,账户问题,normal,closed,2025-10-01 14:01:42,2025-10-02 22:01:42,social
TK0000726,U002115,O00003328,活动优惠,normal,closed,2025-03-22 11:34:21,2025-03-23 02:34:21,social
TK0000727,U000416,O00011844,物流问题,high,open,2026-05-26 04:42:38,,app
TK0000728,U003851,O00005998,物流问题,low,closed,2026-06-23 22:43:18,2026-06-26 12:43:18,phone
TK0000729,U004472,O00009909,账户问题,high,closed,2026-08-06 11:16:18,2026-08-07 11:16:18,app
TK0000730,U000942,O00005552,订单咨询,normal,closed,2025-09-12 09:22:42,2025-09-13 16:22:42,app
TK0000731,U002796,O00002524,订单咨询,normal,closed,2025-12-04 19:38:35,2025-12-05 20:38:35,phone
TK0000732,U003797,O00007475,物流问题,low,open,2025-02-18 00:58:26,,social
TK0000733,U003954,,活动优惠,normal,resolved,2025-06-10 16:28:11,2025-06-10 17:28:11,app
TK0000734,U000894,,商品咨询,low,resolved,2025-02-10 02:01:53,2025-02-10 13:01:53,app
TK0000735,U000203,O00009807,物流问题,low,closed,2026-05-21 17:52:07,2026-05-22 07:52:07,phone
TK0000736,U002768,,活动优惠,high,resolved,2025-10-06 05:45:06,2025-10-07 18:45:06,app
TK0000737,U001333,O00005874,订单咨询,urgent,resolved,2025-12-15 16:44:02,2025-12-18 15:44:02,app
TK0000738,U004350,O00005215,物流问题,normal,resolved,2025-07-10 13:06:24,2025-07-11 11:06:24,phone
TK0000739,U001853,O00002736,商品咨询,normal,closed,2026-02-23 17:11:35,2026-02-25 10:11:35,app
TK0000740,U001207,,活动优惠,high,closed,2025-02-26 00:13:28,2025-02-27 02:13:28,app
TK0000741,U004919,O00000408,物流问题,normal,closed,2025-09-07 17:49:27,2025-09-08 14:49:27,phone
TK0000742,U000109,O00011040,商品咨询,normal,processing,2026-03-14 14:55:01,,app
TK0000743,U004710,O00011397,商品咨询,normal,resolved,2025-05-23 10:52:27,2025-05-25 12:52:27,app
TK0000744,U000925,,退款售后,normal,closed,2025-06-08 02:43:48,2025-06-09 22:43:48,app
TK0000745,U000057,O00001414,物流问题,low,resolved,2025-06-27 09:15:55,2025-06-29 17:15:55,phone
TK0000746,U001574,O00009077,活动优惠,normal,processing,2026-08-17 19:49:30,,social
TK0000747,U003594,,退款售后,normal,closed,2025-01-05 20:10:03,2025-01-08 01:10:03,web
TK0000748,U003630,,商品咨询,normal,processing,2025-03-14 16:15:32,,phone
TK0000749,U004140,O00001990,退款售后,normal,resolved,2025-04-19 18:45:29,2025-04-20 17:45:29,social
TK0000750,U003438,O00004256,订单咨询,low,closed,2025-03-24 15:16:02,2025-03-27 09:16:02,web
TK0000751,U000911,O00002624,退款售后,normal,closed,2026-04-24 06:25:26,2026-04-24 10:25:26,app
TK0000752,U002903,O00001626,商品咨询,high,resolved,2026-06-10 07:55:20,2026-06-10 14:55:20,app
TK0000753,U002784,O00000736,活动优惠,normal,resolved,2026-08-17 11:18:55,2026-08-17 20:18:55,app
TK0000754,U002758,O00003767,退款售后,normal,closed,2026-08-11 00:34:10,2026-08-11 01:34:10,social
TK0000755,U001343,,订单咨询,high,closed,2025-01-15 17:55:58,2025-01-18 17:55:58,app
TK0000756,U002234,O00011074,退款售后,normal,closed,2025-12-24 22:50:11,2025-12-26 10:50:11,app
TK0000757,U003427,O00002379,退款售后,normal,open,2025-08-27 00:28:28,,app
TK0000758,U001051,,物流问题,high,resolved,2025-05-10 02:37:27,2025-05-11 12:37:27,web
TK0000759,U004855,O00006165,退款售后,normal,closed,2026-03-23 07:04:49,2026-03-23 16:04:49,app
TK0000760,U003428,O00010307,物流问题,normal,resolved,2025-11-10 11:52:08,2025-11-11 00:52:08,phone
TK0000761,U002593,,订单咨询,normal,resolved,2026-05-25 16:31:00,2026-05-27 11:31:00,app
TK0000762,U001114,,商品咨询,high,resolved,2026-07-15 16:17:00,2026-07-18 10:17:00,phone
TK0000763,U004626,O00001610,活动优惠,normal,processing,2026-05-27 17:54:03,,web
TK0000764,U001482,O00010265,活动优惠,normal,resolved,2025-05-17 15:11:11,2025-05-19 16:11:11,app
TK0000765,U002002,O00000515,物流问题,low,closed,2026-02-08 07:54:08,2026-02-10 22:54:08,web
TK0000766,U003832,,商品咨询,high,resolved,2025-01-10 14:24:37,2025-01-12 23:24:37,web
TK0000767,U003857,O00001623,活动优惠,high,resolved,2025-05-08 19:38:48,2025-05-11 03:38:48,phone
TK0000768,U000762,O00009774,商品咨询,low,closed,2025-08-26 18:29:11,2025-08-26 23:29:11,web
TK0000769,U000141,O00008143,物流问题,normal,resolved,2025-05-02 05:58:28,2025-05-02 12:58:28,app
TK0000770,U004193,,活动优惠,normal,resolved,2025-08-19 14:12:05,2025-08-22 02:12:05,app
TK0000771,U003075,,商品咨询,normal,closed,2025-08-06 13:11:47,2025-08-07 15:11:47,web
TK0000772,U000623,O00000425,活动优惠,high,resolved,2025-03-11 13:50:25,2025-03-13 11:50:25,app
TK0000773,U003942,,物流问题,high,closed,2026-04-17 18:01:26,2026-04-18 14:01:26,app
TK0000774,U003184,O00002998,活动优惠,low,resolved,2026-07-19 10:18:10,2026-07-20 21:18:10,web
TK0000775,U004808,O00001071,商品咨询,normal,closed,2025-06-25 11:14:11,2025-06-27 08:14:11,app
TK0000776,U003591,O00009694,商品咨询,low,closed,2025-11-20 11:59:32,2025-11-20 13:59:32,phone
TK0000777,U004078,,账户问题,normal,resolved,2026-04-29 21:05:47,2026-04-30 10:05:47,app
TK0000778,U001688,O00002413,物流问题,low,processing,2026-06-30 07:35:33,,app
TK0000779,U004209,O00011826,物流问题,high,closed,2025-12-15 11:11:00,2025-12-15 17:11:00,phone
TK0000780,U004604,O00003915,商品咨询,normal,closed,2025-10-12 21:23:05,2025-10-14 16:23:05,social
TK0000781,U002973,O00011521,退款售后,normal,resolved,2026-01-06 15:36:11,2026-01-08 15:36:11,app
TK0000782,U003023,O00004361,物流问题,normal,closed,2025-03-06 10:24:24,2025-03-08 17:24:24,web
TK0000783,U004690,O00001037,物流问题,normal,resolved,2025-08-31 21:21:34,2025-09-01 21:21:34,phone
TK0000784,U004719,O00006280,商品咨询,normal,closed,2026-07-04 19:28:51,2026-07-05 20:28:51,phone
TK0000785,U001675,O00006736,商品咨询,high,closed,2025-02-26 02:04:01,2025-02-28 03:04:01,social
TK0000786,U000687,O00005841,商品咨询,normal,resolved,2026-05-26 21:28:47,2026-05-28 01:28:47,phone
TK0000787,U003256,O00004382,活动优惠,normal,closed,2025-03-31 05:17:10,2025-04-01 11:17:10,app
TK0000788,U003744,O00006879,活动优惠,normal,closed,2025-12-09 06:29:03,2025-12-11 10:29:03,app
TK0000789,U002518,O00001918,退款售后,normal,closed,2025-03-08 11:31:57,2025-03-08 15:31:57,app
TK0000790,U000355,O00011391,活动优惠,normal,closed,2026-01-26 17:22:38,2026-01-27 17:22:38,app
TK0000791,U000067,O00007239,活动优惠,normal,closed,2025-08-19 16:44:48,2025-08-20 22:44:48,web
TK0000792,U001222,,退款售后,normal,closed,2025-07-10 19:14:49,2025-07-12 08:14:49,web
TK0000793,U003250,,订单咨询,high,resolved,2026-07-09 19:14:00,2026-07-12 08:14:00,app
TK0000794,U001277,O00009800,订单咨询,normal,resolved,2025-06-20 02:52:28,2025-06-20 15:52:28,app
TK0000795,U000950,O00000218,物流问题,high,resolved,2026-08-16 20:34:57,2026-08-19 11:34:57,phone
TK0000796,U001979,O00008032,商品咨询,high,resolved,2025-06-26 01:00:47,2025-06-28 00:00:47,social
TK0000797,U000763,O00011027,退款售后,normal,resolved,2025-08-21 18:59:11,2025-08-22 01:59:11,web
TK0000798,U000552,O00000835,退款售后,normal,closed,2026-04-12 05:09:43,2026-04-15 05:09:43,app
TK0000799,U001920,O00007748,订单咨询,high,resolved,2026-01-26 07:40:31,2026-01-27 15:40:31,web
TK0000800,U002737,O00004602,物流问题,low,processing,2026-04-02 17:10:51,,app
TK0000801,U002486,,退款售后,normal,closed,2025-04-15 21:17:48,2025-04-17 14:17:48,app
TK0000802,U002033,O00011345,活动优惠,low,closed,2025-10-13 00:57:55,2025-10-13 17:57:55,web
TK0000803,U001543,O00002350,活动优惠,normal,closed,2026-06-08 16:52:31,2026-06-09 03:52:31,app
TK0000804,U002024,O00003664,订单咨询,normal,resolved,2026-08-25 08:01:23,2026-08-25 14:01:23,app
TK0000805,U000856,O00004590,商品咨询,normal,resolved,2025-08-25 08:27:02,2025-08-25 22:27:02,web
TK0000806,U004322,O00011404,退款售后,normal,open,2026-02-14 07:09:05,,phone
TK0000807,U000197,O00011141,物流问题,normal,closed,2025-07-04 21:01:34,2025-07-05 15:01:34,app
TK0000808,U002136,O00003980,活动优惠,normal,processing,2025-04-30 05:14:56,,phone
TK0000809,U003318,O00004185,物流问题,normal,resolved,2026-06-30 11:18:22,2026-07-01 10:18:22,app
TK0000810,U000154,,账户问题,normal,closed,2026-07-10 01:37:51,2026-07-11 08:37:51,app
TK0000811,U001956,O00001690,物流问题,high,processing,2025-12-02 19:01:06,,app
TK0000812,U001636,O00004131,订单咨询,low,closed,2026-05-27 18:55:25,2026-05-30 16:55:25,phone
TK0000813,U002145,O00011283,物流问题,low,resolved,2026-06-06 05:47:41,2026-06-07 13:47:41,phone
TK0000814,U003788,O00010488,商品咨询,normal,resolved,2025-09-05 04:05:32,2025-09-07 03:05:32,app
TK0000815,U000729,O00007279,退款售后,high,closed,2025-04-05 05:34:47,2025-04-08 04:34:47,social
TK0000816,U003374,O00009332,物流问题,normal,closed,2026-06-07 20:49:33,2026-06-10 02:49:33,app
TK0000817,U000929,O00004873,账户问题,normal,closed,2025-10-01 20:43:03,2025-10-02 03:43:03,app
TK0000818,U003193,O00002072,活动优惠,low,closed,2025-03-30 03:29:25,2025-03-30 10:29:25,app
TK0000819,U000894,O00004633,活动优惠,high,closed,2026-01-10 15:37:03,2026-01-13 05:37:03,app
TK0000820,U000044,O00008235,商品咨询,low,resolved,2026-04-25 05:55:45,2026-04-27 07:55:45,app
TK0000821,U000827,,订单咨询,high,resolved,2026-06-29 20:36:12,2026-07-02 05:36:12,app
TK0000822,U002598,O00006161,物流问题,normal,resolved,2025-10-02 04:42:40,2025-10-02 05:42:40,social
TK0000823,U000506,O00000725,商品咨询,high,closed,2025-01-14 23:33:18,2025-01-16 13:33:18,app
TK0000824,U003059,O00006062,物流问题,normal,closed,2025-03-18 05:36:25,2025-03-19 18:36:25,social
TK0000825,U000536,,退款售后,low,resolved,2026-05-28 09:28:54,2026-05-29 12:28:54,app
TK0000826,U003788,O00009980,物流问题,normal,closed,2025-03-08 11:51:02,2025-03-08 17:51:02,web
TK0000827,U003103,,商品咨询,normal,processing,2025-11-23 11:53:32,,phone
TK0000828,U002731,O00009642,商品咨询,normal,closed,2025-08-05 15:05:51,2025-08-06 04:05:51,app
TK0000829,U003059,O00009576,账户问题,normal,closed,2025-11-30 06:44:15,2025-12-02 07:44:15,web
TK0000830,U002826,O00006388,账户问题,high,resolved,2025-03-07 12:18:44,2025-03-07 22:18:44,phone
TK0000831,U001895,,活动优惠,low,resolved,2026-02-13 22:18:42,2026-02-16 07:18:42,app
TK0000832,U001917,,账户问题,high,closed,2026-05-04 08:12:43,2026-05-04 10:12:43,app
TK0000833,U002802,O00000689,账户问题,high,resolved,2025-06-13 01:27:45,2025-06-15 09:27:45,app
TK0000834,U002632,O00003498,物流问题,high,resolved,2026-04-05 02:24:57,2026-04-05 17:24:57,web
TK0000835,U002089,,物流问题,normal,closed,2025-04-26 00:20:50,2025-04-27 20:20:50,phone
TK0000836,U003966,O00000918,退款售后,low,processing,2025-04-05 08:11:09,,app
TK0000837,U002591,O00009910,活动优惠,normal,resolved,2025-08-17 14:28:07,2025-08-18 00:28:07,app
TK0000838,U000267,,物流问题,normal,closed,2026-06-26 06:35:53,2026-06-28 05:35:53,app
TK0000839,U002747,O00004251,退款售后,normal,closed,2025-06-23 09:48:06,2025-06-26 07:48:06,web
TK0000840,U004943,O00006810,活动优惠,normal,open,2025-10-27 02:07:00,,app
TK0000841,U002413,O00011640,账户问题,high,resolved,2025-12-12 19:05:02,2025-12-13 15:05:02,social
TK0000842,U004646,O00009491,物流问题,normal,open,2025-04-22 12:21:58,,app
TK0000843,U001021,O00005717,订单咨询,normal,resolved,2025-04-27 05:00:46,2025-04-27 16:00:46,app
TK0000844,U001265,O00006510,账户问题,low,closed,2026-06-10 09:25:09,2026-06-11 00:25:09,app
TK0000845,U002432,O00003223,活动优惠,normal,processing,2025-04-09 16:13:18,,app
TK0000846,U001979,O00006442,商品咨询,high,processing,2025-03-11 17:22:19,,web
TK0000847,U002186,O00007470,物流问题,normal,closed,2025-06-16 15:37:10,2025-06-19 02:37:10,app
TK0000848,U003499,O00003174,物流问题,low,resolved,2025-12-27 23:05:22,2025-12-30 20:05:22,phone
TK0000849,U002921,O00007465,物流问题,low,resolved,2025-11-27 14:48:08,2025-11-28 20:48:08,social
TK0000850,U002818,O00000352,账户问题,normal,closed,2025-02-06 14:22:02,2025-02-07 11:22:02,app
TK0000851,U000380,O00011245,商品咨询,normal,processing,2025-10-21 04:31:09,,phone
TK0000852,U001138,O00002639,物流问题,normal,closed,2025-03-09 17:53:41,2025-03-11 10:53:41,phone
TK0000853,U004723,O00003625,物流问题,normal,closed,2025-06-08 12:54:11,2025-06-11 09:54:11,app
TK0000854,U000494,O00006938,物流问题,normal,resolved,2026-04-09 00:30:05,2026-04-09 18:30:05,web
TK0000855,U000834,,物流问题,low,resolved,2026-07-27 03:18:00,2026-07-29 22:18:00,app
TK0000856,U002079,O00000938,物流问题,normal,closed,2025-10-05 14:24:39,2025-10-08 09:24:39,web
TK0000857,U002021,O00007055,订单咨询,normal,processing,2025-12-24 10:43:06,,social
TK0000858,U004809,O00004878,物流问题,normal,resolved,2025-05-23 22:59:05,2025-05-24 04:59:05,app
TK0000859,U002894,O00004849,账户问题,normal,resolved,2025-11-04 06:33:13,2025-11-06 17:33:13,app
TK0000860,U002420,O00010075,订单咨询,high,closed,2025-04-21 04:17:20,2025-04-22 19:17:20,app
TK0000861,U000804,O00011983,退款售后,normal,resolved,2025-09-02 00:10:07,2025-09-05 00:10:07,app
TK0000862,U000173,O00007197,退款售后,normal,closed,2026-04-12 04:34:20,2026-04-14 02:34:20,web
TK0000863,U001778,O00008767,活动优惠,normal,open,2025-06-19 10:55:33,,app
TK0000864,U004459,,订单咨询,normal,closed,2025-01-25 17:45:37,2025-01-27 04:45:37,app
TK0000865,U004203,O00004576,物流问题,normal,open,2026-01-27 20:24:57,,app
TK0000866,U002797,,退款售后,low,closed,2025-03-18 03:06:12,2025-03-18 22:06:12,app
TK0000867,U001832,O00011724,商品咨询,normal,closed,2025-12-29 12:08:57,2026-01-01 09:08:57,web
TK0000868,U004065,O00003660,商品咨询,normal,closed,2026-04-07 14:00:33,2026-04-10 05:00:33,app
TK0000869,U003916,O00001025,物流问题,low,closed,2026-08-17 20:52:58,2026-08-19 12:52:58,social
TK0000870,U001664,,活动优惠,high,resolved,2026-02-08 23:18:48,2026-02-09 11:18:48,social
TK0000871,U003632,O00007330,退款售后,normal,resolved,2025-06-03 17:51:58,2025-06-06 13:51:58,app
TK0000872,U002881,O00004677,活动优惠,normal,closed,2026-03-23 07:55:26,2026-03-24 08:55:26,app
TK0000873,U004686,O00010774,订单咨询,high,resolved,2026-03-18 00:11:11,2026-03-19 03:11:11,app
TK0000874,U004885,O00007416,物流问题,low,open,2025-08-28 23:17:23,,social
TK0000875,U000809,O00010225,商品咨询,normal,closed,2025-07-26 00:31:22,2025-07-27 19:31:22,web
TK0000876,U001842,,物流问题,normal,resolved,2026-04-07 23:07:49,2026-04-10 19:07:49,app
TK0000877,U001275,O00005544,商品咨询,high,processing,2025-09-26 15:17:04,,app
TK0000878,U000191,O00009293,物流问题,normal,open,2025-11-14 12:00:35,,app
TK0000879,U004499,O00005912,物流问题,low,closed,2025-06-27 22:56:42,2025-06-28 20:56:42,web
TK0000880,U004816,O00008627,订单咨询,high,open,2025-07-05 18:27:55,,phone
TK0000881,U001271,O00011577,物流问题,normal,processing,2026-01-28 03:41:48,,app
TK0000882,U003522,,账户问题,normal,processing,2025-11-29 21:26:33,,app
TK0000883,U001453,O00008875,商品咨询,high,closed,2025-06-28 07:09:46,2025-06-30 17:09:46,app
TK0000884,U003056,,物流问题,normal,closed,2026-08-17 20:13:51,2026-08-18 05:13:51,app
TK0000885,U002388,O00008120,订单咨询,high,closed,2025-08-26 19:53:14,2025-08-26 23:53:14,app
TK0000886,U001119,,商品咨询,normal,closed,2025-03-16 12:31:54,2025-03-16 23:31:54,social
TK0000887,U003749,O00006184,活动优惠,normal,resolved,2025-03-02 09:51:45,2025-03-04 12:51:45,app
TK0000888,U001716,O00011589,物流问题,low,resolved,2025-04-20 03:04:37,2025-04-21 03:04:37,app
TK0000889,U002573,,商品咨询,low,closed,2026-07-19 01:01:33,2026-07-19 16:01:33,phone
TK0000890,U000838,O00000551,退款售后,normal,resolved,2025-11-30 03:03:50,2025-11-30 17:03:50,web
TK0000891,U002581,,账户问题,high,resolved,2025-06-24 10:28:08,2025-06-26 20:28:08,app
TK0000892,U001276,,商品咨询,normal,resolved,2025-11-19 11:08:31,2025-11-20 13:08:31,social
TK0000893,U004708,O00009631,订单咨询,normal,closed,2025-12-03 08:36:56,2025-12-05 13:36:56,social
TK0000894,U003093,O00009762,活动优惠,normal,closed,2025-03-27 11:47:07,2025-03-27 16:47:07,social
TK0000895,U003553,O00009870,订单咨询,normal,resolved,2026-07-20 16:45:48,2026-07-23 08:45:48,phone
TK0000896,U001962,O00005208,活动优惠,normal,resolved,2026-04-04 01:47:35,2026-04-05 04:47:35,web
TK0000897,U000721,O00003686,退款售后,normal,resolved,2025-10-08 16:23:32,2025-10-10 20:23:32,social
TK0000898,U000909,O00011700,订单咨询,normal,closed,2025-04-29 03:33:41,2025-05-01 03:33:41,app
TK0000899,U000187,O00007592,活动优惠,low,resolved,2025-07-07 06:33:29,2025-07-09 03:33:29,app
TK0000900,U004877,O00006606,商品咨询,normal,closed,2025-12-07 06:06:14,2025-12-08 13:06:14,web
TK0000901,U000328,O00006314,退款售后,high,closed,2026-04-21 04:02:21,2026-04-23 21:02:21,web
TK0000902,U000888,O00000970,商品咨询,normal,closed,2025-04-10 19:51:06,2025-04-12 20:51:06,web
TK0000903,U004402,O00011079,账户问题,normal,resolved,2025-03-08 07:33:07,2025-03-11 06:33:07,phone
TK0000904,U000785,,商品咨询,urgent,resolved,2025-02-24 18:23:45,2025-02-25 08:23:45,app
TK0000905,U001398,O00008102,商品咨询,normal,resolved,2025-03-27 01:27:23,2025-03-28 16:27:23,phone
TK0000906,U000343,O00004761,订单咨询,normal,closed,2025-08-26 21:21:37,2025-08-27 09:21:37,social
TK0000907,U003541,,账户问题,high,resolved,2026-03-10 07:20:28,2026-03-11 07:20:28,web
TK0000908,U000530,O00000836,退款售后,normal,resolved,2026-02-09 11:22:04,2026-02-12 05:22:04,app
TK0000909,U000861,O00003844,物流问题,normal,closed,2025-10-19 02:35:13,2025-10-19 09:35:13,app
TK0000910,U004142,O00003650,订单咨询,normal,resolved,2025-07-28 07:59:18,2025-07-30 20:59:18,phone
TK0000911,U003195,O00010263,订单咨询,normal,closed,2026-02-09 18:14:38,2026-02-11 21:14:38,phone
TK0000912,U002712,,账户问题,high,closed,2025-06-28 13:21:46,2025-07-01 06:21:46,app
TK0000913,U002916,O00009713,退款售后,high,open,2025-03-18 06:43:41,,app
TK0000914,U004531,,退款售后,high,processing,2025-04-03 20:07:32,,social
TK0000915,U004893,O00005919,账户问题,normal,closed,2025-04-09 16:27:11,2025-04-11 05:27:11,app
TK0000916,U001258,,物流问题,normal,resolved,2026-01-20 01:41:15,2026-01-22 10:41:15,social
TK0000917,U004859,O00000861,活动优惠,normal,resolved,2026-03-06 11:17:31,2026-03-07 03:17:31,social
TK0000918,U002743,,账户问题,normal,processing,2025-09-28 22:22:16,,app
TK0000919,U004736,,订单咨询,normal,closed,2025-09-04 02:32:44,2025-09-05 18:32:44,web
TK0000920,U002057,O00004569,退款售后,low,closed,2025-03-29 09:57:16,2025-03-30 12:57:16,app
TK0000921,U001948,,商品咨询,normal,closed,2025-10-07 19:28:15,2025-10-10 18:28:15,web
TK0000922,U002973,O00003251,物流问题,normal,closed,2026-06-01 03:13:11,2026-06-02 03:13:11,phone
TK0000923,U000575,O00007293,活动优惠,high,processing,2025-06-10 02:26:49,,phone
TK0000924,U002592,O00003900,物流问题,normal,closed,2025-07-14 18:55:29,2025-07-16 08:55:29,app
TK0000925,U003368,O00003077,活动优惠,high,closed,2025-01-10 07:10:31,2025-01-10 19:10:31,social
TK0000926,U001693,O00010141,订单咨询,normal,resolved,2025-02-03 10:01:37,2025-02-05 00:01:37,app
TK0000927,U000470,O00011591,退款售后,low,closed,2025-08-25 18:43:42,2025-08-28 15:43:42,phone
TK0000928,U004954,O00006002,账户问题,low,closed,2025-08-02 17:52:59,2025-08-03 12:52:59,social
TK0000929,U004140,,订单咨询,high,closed,2026-02-26 21:47:33,2026-03-01 06:47:33,web
TK0000930,U001677,,退款售后,normal,closed,2025-01-02 05:33:26,2025-01-03 19:33:26,web
TK0000931,U002913,O00008040,商品咨询,high,closed,2026-06-02 11:15:07,2026-06-02 18:15:07,app
TK0000932,U004620,O00004103,退款售后,normal,resolved,2025-10-27 21:53:51,2025-10-29 14:53:51,web
TK0000933,U004710,O00009125,商品咨询,normal,closed,2025-01-21 11:07:32,2025-01-22 16:07:32,phone
TK0000934,U004008,O00002790,账户问题,high,resolved,2026-04-15 19:36:22,2026-04-17 18:36:22,phone
TK0000935,U004598,O00004454,退款售后,normal,processing,2026-02-17 10:09:02,,phone
TK0000936,U000597,O00005460,物流问题,high,resolved,2025-08-11 04:58:20,2025-08-13 08:58:20,app
TK0000937,U000203,O00006217,商品咨询,normal,closed,2025-09-10 13:33:32,2025-09-12 02:33:32,app
TK0000938,U004052,O00010334,商品咨询,normal,resolved,2025-12-09 19:46:18,2025-12-10 04:46:18,app
TK0000939,U003393,O00008546,退款售后,normal,resolved,2025-12-31 18:09:53,2026-01-03 17:09:53,web
TK0000940,U004101,O00007438,退款售后,low,resolved,2025-12-18 14:56:43,2025-12-19 07:56:43,phone
TK0000941,U001578,O00010200,账户问题,normal,resolved,2025-04-03 07:23:50,2025-04-04 00:23:50,app
TK0000942,U002206,,物流问题,normal,closed,2025-10-24 22:20:23,2025-10-25 14:20:23,social
TK0000943,U003555,O00007215,活动优惠,urgent,open,2026-01-03 13:50:24,,phone
TK0000944,U003569,,活动优惠,normal,closed,2026-01-27 15:53:06,2026-01-29 21:53:06,social
TK0000945,U004241,O00009231,退款售后,normal,resolved,2026-02-18 23:27:15,2026-02-21 18:27:15,app
TK0000946,U003134,O00001409,订单咨询,high,processing,2025-02-19 15:46:57,,app
TK0000947,U003851,O00008745,退款售后,normal,processing,2026-08-14 04:31:19,,phone
TK0000948,U004754,O00008434,订单咨询,high,resolved,2025-05-29 18:43:44,2025-06-01 11:43:44,phone
TK0000949,U002374,,物流问题,normal,closed,2025-12-15 06:17:42,2025-12-17 01:17:42,app
TK0000950,U000640,O00010537,商品咨询,high,closed,2025-04-28 19:02:50,2025-04-30 07:02:50,app
TK0000951,U003166,O00011001,活动优惠,normal,processing,2025-06-23 15:16:49,,app
TK0000952,U003697,O00010633,订单咨询,normal,processing,2026-03-16 14:47:12,,app
TK0000953,U001808,O00007120,物流问题,normal,processing,2025-11-18 01:29:51,,app
TK0000954,U002064,O00001220,商品咨询,normal,resolved,2025-11-14 01:27:08,2025-11-14 17:27:08,app
TK0000955,U002241,O00001259,商品咨询,high,open,2025-10-10 03:42:47,,social
TK0000956,U002789,O00010876,退款售后,normal,closed,2025-03-10 19:00:45,2025-03-12 09:00:45,social
TK0000957,U001366,O00011933,物流问题,low,resolved,2026-05-05 01:47:45,2026-05-06 22:47:45,web
TK0000958,U000118,O00000414,物流问题,high,closed,2025-04-25 11:57:58,2025-04-28 00:57:58,web
TK0000959,U001612,O00006227,物流问题,high,closed,2026-07-05 18:33:59,2026-07-06 00:33:59,phone
TK0000960,U004395,O00002732,账户问题,normal,resolved,2026-02-22 05:50:31,2026-02-22 08:50:31,app
TK0000961,U003877,O00001567,订单咨询,high,closed,2026-05-01 23:43:54,2026-05-02 05:43:54,app
TK0000962,U002932,O00009290,退款售后,high,resolved,2026-08-01 06:10:52,2026-08-01 08:10:52,phone
TK0000963,U000348,O00006662,订单咨询,normal,closed,2025-05-16 22:15:45,2025-05-19 22:15:45,app
TK0000964,U001748,O00000023,物流问题,high,resolved,2025-07-02 23:51:55,2025-07-04 14:51:55,app
TK0000965,U003603,O00006851,订单咨询,normal,closed,2025-07-06 11:53:12,2025-07-08 09:53:12,app
TK0000966,U004348,O00000066,活动优惠,normal,resolved,2025-01-16 11:40:52,2025-01-19 11:40:52,app
TK0000967,U002132,O00009375,物流问题,normal,closed,2026-06-23 08:59:15,2026-06-24 22:59:15,app
TK0000968,U002978,O00000358,商品咨询,normal,resolved,2025-02-28 23:51:41,2025-03-01 04:51:41,phone
TK0000969,U004620,,订单咨询,normal,closed,2025-06-12 04:54:22,2025-06-15 04:54:22,web
TK0000970,U000184,O00003267,活动优惠,normal,resolved,2025-04-23 10:36:02,2025-04-25 05:36:02,social
TK0000971,U000404,O00008079,退款售后,normal,closed,2026-05-22 08:03:40,2026-05-23 22:03:40,phone
TK0000972,U002522,O00009380,商品咨询,normal,closed,2026-02-09 12:31:18,2026-02-11 20:31:18,app
TK0000973,U001993,O00000317,商品咨询,urgent,closed,2026-08-16 08:50:24,2026-08-17 00:50:24,web
TK0000974,U002249,,商品咨询,normal,resolved,2025-07-11 19:39:03,2025-07-14 11:39:03,app
TK0000975,U003231,O00001239,物流问题,urgent,open,2026-03-28 15:52:43,,app
TK0000976,U001091,,退款售后,low,resolved,2026-04-07 15:08:09,2026-04-08 17:08:09,web
TK0000977,U002802,O00000793,订单咨询,normal,closed,2025-08-01 03:07:28,2025-08-04 02:07:28,app
TK0000978,U000702,O00010238,活动优惠,normal,closed,2025-05-24 09:13:08,2025-05-26 20:13:08,web
TK0000979,U002328,O00002260,退款售后,normal,resolved,2025-05-26 01:23:08,2025-05-27 05:23:08,app
TK0000980,U002933,O00005838,退款售后,normal,closed,2026-08-07 07:16:36,2026-08-08 20:16:36,app
TK0000981,U000199,,商品咨询,high,resolved,2025-11-19 05:39:53,2025-11-20 18:39:53,app
TK0000982,U001205,O00008596,账户问题,normal,closed,2025-07-23 09:38:44,2025-07-23 19:38:44,social
TK0000983,U000357,O00005714,退款售后,normal,resolved,2026-08-03 04:39:14,2026-08-05 19:39:14,app
TK0000984,U002736,O00007095,商品咨询,low,closed,2025-11-20 02:30:17,2025-11-22 20:30:17,app
TK0000985,U001318,O00011662,活动优惠,normal,open,2025-08-15 23:20:01,,app
TK0000986,U002132,O00006833,退款售后,high,closed,2025-01-25 16:06:13,2025-01-26 09:06:13,app
TK0000987,U004288,O00009831,商品咨询,low,resolved,2026-07-25 08:34:55,2026-07-25 09:34:55,app
TK0000988,U002215,O00001056,账户问题,urgent,resolved,2025-12-06 02:43:42,2025-12-07 01:43:42,app
TK0000989,U000170,,商品咨询,high,closed,2025-09-07 14:32:33,2025-09-07 21:32:33,web
TK0000990,U000556,,订单咨询,normal,closed,2026-07-18 13:26:53,2026-07-19 00:26:53,app
TK0000991,U004240,,退款售后,normal,resolved,2025-12-29 01:26:13,2025-12-30 04:26:13,phone
TK0000992,U001593,O00006418,订单咨询,normal,processing,2025-02-24 02:48:07,,app
TK0000993,U002421,O00007360,退款售后,high,closed,2026-08-12 13:45:41,2026-08-13 13:45:41,app
TK0000994,U004471,O00011247,活动优惠,high,processing,2026-08-09 04:27:25,,phone
TK0000995,U000857,O00008439,退款售后,normal,processing,2025-11-30 14:01:45,,phone
TK0000996,U000259,O00008107,退款售后,low,open,2025-11-21 23:56:14,,phone
TK0000997,U004770,,物流问题,normal,processing,2026-02-17 20:45:17,,app
TK0000998,U001641,O00009432,退款售后,normal,open,2025-11-12 23:17:21,,phone
TK0000999,U001713,O00011661,退款售后,normal,resolved,2026-03-14 02:56:33,2026-03-16 17:56:33,social
TK0001000,U000802,O00002896,退款售后,low,processing,2025-01-27 13:30:19,,phone
TK0001001,U001897,O00007447,商品咨询,normal,closed,2026-05-19 20:12:57,2026-05-20 08:12:57,web
TK0001002,U001112,,商品咨询,normal,closed,2025-10-01 06:39:19,2025-10-03 22:39:19,phone
TK0001003,U000852,O00008442,订单咨询,normal,resolved,2026-06-21 22:57:22,2026-06-22 17:57:22,phone
TK0001004,U000122,O00002090,订单咨询,low,closed,2025-08-09 11:11:14,2025-08-11 22:11:14,app
TK0001005,U004441,O00011610,物流问题,normal,closed,2025-08-12 02:21:51,2025-08-13 00:21:51,social
TK0001006,U001656,,商品咨询,normal,resolved,2025-04-29 13:39:34,2025-04-30 13:39:34,web
TK0001007,U001276,,订单咨询,high,resolved,2025-07-30 22:55:48,2025-08-01 13:55:48,web
TK0001008,U000920,O00010905,物流问题,normal,resolved,2026-04-18 00:52:35,2026-04-18 06:52:35,app
TK0001009,U002784,O00001686,活动优惠,normal,closed,2025-01-29 21:37:14,2025-02-01 10:37:14,phone
TK0001010,U003889,O00004348,物流问题,normal,resolved,2026-05-23 23:47:41,2026-05-24 11:47:41,web
TK0001011,U001804,O00008262,物流问题,normal,resolved,2026-01-05 09:23:18,2026-01-07 19:23:18,web
TK0001012,U003353,O00006268,活动优惠,normal,closed,2025-07-10 21:44:42,2025-07-12 00:44:42,social
TK0001013,U002849,O00002990,订单咨询,normal,closed,2025-11-20 17:27:48,2025-11-22 05:27:48,app
TK0001014,U003764,O00007252,订单咨询,high,closed,2025-06-04 15:21:02,2025-06-07 14:21:02,app
TK0001015,U004323,O00003610,物流问题,normal,processing,2025-06-19 00:15:03,,app
TK0001016,U001583,,退款售后,normal,resolved,2026-05-25 14:35:41,2026-05-27 19:35:41,social
TK0001017,U000129,O00011982,物流问题,urgent,closed,2025-11-16 06:02:36,2025-11-18 03:02:36,web
TK0001018,U003812,O00004918,退款售后,normal,resolved,2025-09-18 20:52:20,2025-09-19 08:52:20,app
TK0001019,U003501,O00001452,物流问题,normal,resolved,2025-07-14 05:01:06,2025-07-15 10:01:06,social
TK0001020,U000314,O00009182,商品咨询,normal,closed,2026-06-24 04:37:42,2026-06-25 14:37:42,app
TK0001021,U004563,O00009647,物流问题,normal,closed,2025-05-17 15:34:31,2025-05-20 04:34:31,web
TK0001022,U000359,,物流问题,normal,closed,2025-08-19 20:40:40,2025-08-22 18:40:40,app
TK0001023,U003967,O00010441,退款售后,high,closed,2025-05-03 01:37:34,2025-05-05 10:37:34,app
TK0001024,U004059,O00005211,退款售后,high,closed,2025-01-11 02:15:22,2025-01-13 22:15:22,phone
TK0001025,U000084,,活动优惠,normal,closed,2025-04-07 01:41:49,2025-04-08 17:41:49,app
TK0001026,U004596,O00004575,订单咨询,high,closed,2026-07-11 01:44:50,2026-07-13 03:44:50,app
TK0001027,U003497,O00000415,物流问题,normal,processing,2025-12-02 23:28:34,,app
TK0001028,U004660,,商品咨询,normal,resolved,2026-02-13 00:23:05,2026-02-13 17:23:05,app
TK0001029,U002818,O00000352,账户问题,normal,resolved,2025-02-03 22:22:02,2025-02-06 06:22:02,app
TK0001030,U001190,O00002029,退款售后,normal,closed,2025-10-29 02:48:13,2025-10-29 03:48:13,app
TK0001031,U000814,O00009547,商品咨询,low,closed,2025-02-19 12:20:14,2025-02-21 16:20:14,app
TK0001032,U004729,O00006278,物流问题,urgent,resolved,2025-09-07 12:28:18,2025-09-09 18:28:18,social
TK0001033,U004060,O00005327,退款售后,low,resolved,2026-06-23 08:15:26,2026-06-25 12:15:26,app
TK0001034,U000292,O00008518,物流问题,normal,resolved,2025-09-03 18:38:40,2025-09-05 09:38:40,app
TK0001035,U001118,O00008658,活动优惠,low,resolved,2026-04-24 22:50:47,2026-04-25 14:50:47,app
TK0001036,U003690,,退款售后,normal,resolved,2025-07-18 14:14:53,2025-07-18 17:14:53,phone
TK0001037,U002565,O00007512,物流问题,normal,processing,2025-12-11 02:07:45,,app
TK0001038,U002002,O00000515,物流问题,high,resolved,2026-02-07 13:54:08,2026-02-09 19:54:08,social
TK0001039,U003548,O00000153,订单咨询,low,resolved,2026-05-12 21:17:45,2026-05-15 04:17:45,social
TK0001040,U003366,O00003293,商品咨询,high,closed,2025-05-09 21:09:30,2025-05-12 14:09:30,social
TK0001041,U003485,O00011506,物流问题,normal,resolved,2026-08-17 18:21:07,2026-08-19 06:21:07,phone
TK0001042,U001737,O00009661,物流问题,normal,processing,2025-07-21 13:40:20,,phone
TK0001043,U004102,O00005661,商品咨询,normal,closed,2025-03-01 21:38:33,2025-03-03 12:38:33,phone
TK0001044,U002069,O00007321,活动优惠,low,closed,2026-01-28 06:19:35,2026-01-30 00:19:35,web
TK0001045,U003877,O00001567,账户问题,normal,closed,2026-04-25 21:43:54,2026-04-27 14:43:54,app
TK0001046,U002121,O00004273,物流问题,normal,closed,2026-06-04 17:41:34,2026-06-05 02:41:34,app
TK0001047,U003874,O00007622,账户问题,low,resolved,2025-01-23 22:39:18,2025-01-25 07:39:18,phone
TK0001048,U000550,O00004531,活动优惠,normal,closed,2025-11-01 01:03:16,2025-11-02 06:03:16,phone
TK0001049,U002890,,退款售后,normal,resolved,2026-02-04 12:15:22,2026-02-06 12:15:22,app
TK0001050,U000913,O00004832,商品咨询,normal,closed,2025-07-17 21:09:16,2025-07-19 20:09:16,app
TK0001051,U000821,O00009633,退款售后,normal,closed,2025-08-23 16:36:30,2025-08-24 09:36:30,web
TK0001052,U000429,O00005572,商品咨询,high,processing,2025-07-31 15:21:05,,social
TK0001053,U004193,,活动优惠,normal,closed,2025-11-15 15:00:44,2025-11-17 15:00:44,web
TK0001054,U003860,O00000090,商品咨询,normal,processing,2025-06-23 19:33:48,,social
TK0001055,U001336,O00002989,订单咨询,normal,open,2026-04-08 03:49:47,,web
TK0001056,U001996,,退款售后,low,closed,2025-01-11 05:47:02,2025-01-13 03:47:02,app
TK0001057,U002226,O00001472,退款售后,high,open,2025-11-19 17:49:26,,app
TK0001058,U002519,,商品咨询,normal,closed,2026-05-28 01:56:58,2026-05-30 13:56:58,phone
TK0001059,U003073,O00010617,物流问题,normal,open,2026-08-14 05:30:25,,app
TK0001060,U001405,,物流问题,normal,closed,2026-07-28 09:34:06,2026-07-30 21:34:06,web
TK0001061,U003824,O00009608,退款售后,urgent,processing,2026-08-23 10:22:29,,app
TK0001062,U004552,O00007019,商品咨询,normal,closed,2025-03-14 04:42:34,2025-03-14 23:42:34,app
TK0001063,U000214,O00002698,退款售后,normal,resolved,2025-11-06 04:43:08,2025-11-07 03:43:08,app
TK0001064,U000611,O00010327,退款售后,normal,closed,2025-01-10 21:14:36,2025-01-12 12:14:36,phone
TK0001065,U003993,O00008900,退款售后,normal,closed,2025-08-25 11:02:52,2025-08-27 02:02:52,social
TK0001066,U002704,,商品咨询,low,processing,2026-08-17 23:54:14,,phone
TK0001067,U004841,O00002459,物流问题,normal,closed,2025-09-22 14:44:39,2025-09-24 20:44:39,app
TK0001068,U000184,O00003267,退款售后,normal,closed,2025-04-27 05:36:02,2025-04-27 17:36:02,app
TK0001069,U000209,O00002196,物流问题,high,resolved,2026-05-17 07:59:23,2026-05-18 13:59:23,app
TK0001070,U002587,O00003410,活动优惠,low,closed,2025-12-29 10:51:03,2025-12-31 15:51:03,app
TK0001071,U000312,,物流问题,low,closed,2025-05-01 03:00:07,2025-05-01 14:00:07,web
TK0001072,U002465,O00004025,活动优惠,high,resolved,2025-02-17 20:34:54,2025-02-20 12:34:54,web
TK0001073,U004249,O00010354,物流问题,normal,closed,2026-06-05 15:51:00,2026-06-08 06:51:00,web
TK0001074,U002953,O00000311,退款售后,normal,open,2026-06-19 01:46:48,,app
TK0001075,U004066,O00003528,退款售后,urgent,closed,2025-05-23 17:58:59,2025-05-24 10:58:59,phone
TK0001076,U002269,,订单咨询,normal,closed,2026-02-28 19:26:49,2026-03-01 03:26:49,web
TK0001077,U001590,O00007189,物流问题,normal,resolved,2026-08-06 12:16:25,2026-08-07 02:16:25,web
TK0001078,U004227,,活动优惠,normal,closed,2025-04-09 19:43:55,2025-04-12 10:43:55,app
TK0001079,U003141,O00005899,商品咨询,high,closed,2025-07-12 03:41:30,2025-07-14 03:41:30,social
TK0001080,U002886,O00003782,订单咨询,normal,closed,2026-07-29 13:42:07,2026-07-30 18:42:07,app
TK0001081,U003806,O00003531,账户问题,normal,resolved,2026-07-07 18:26:43,2026-07-08 10:26:43,social
TK0001082,U001229,O00000062,退款售后,normal,closed,2026-06-03 10:46:44,2026-06-06 08:46:44,app
TK0001083,U002211,O00005955,商品咨询,high,resolved,2026-05-27 12:49:55,2026-05-27 13:49:55,app
TK0001084,U000942,O00006261,退款售后,normal,resolved,2025-07-31 20:10:44,2025-07-31 23:10:44,app
TK0001085,U002914,O00002407,账户问题,high,resolved,2026-04-22 07:57:15,2026-04-22 08:57:15,app
TK0001086,U002079,O00004839,退款售后,normal,resolved,2026-03-25 11:07:11,2026-03-25 16:07:11,app
TK0001087,U001290,O00004036,物流问题,high,closed,2026-07-21 07:27:49,2026-07-22 06:27:49,app
TK0001088,U004301,O00007851,订单咨询,high,processing,2025-01-22 00:41:46,,app
TK0001089,U004538,O00001685,物流问题,normal,closed,2026-03-21 02:56:26,2026-03-22 14:56:26,social
TK0001090,U003367,O00002376,物流问题,normal,resolved,2025-10-13 07:29:40,2025-10-13 16:29:40,app
TK0001091,U002457,O00007231,商品咨询,low,processing,2026-03-29 00:33:49,,phone
TK0001092,U002812,O00005862,物流问题,high,resolved,2026-02-21 06:40:55,2026-02-21 20:40:55,app
TK0001093,U003073,O00008736,物流问题,normal,closed,2025-04-06 19:19:22,2025-04-08 22:19:22,phone
TK0001094,U000292,O00008518,物流问题,low,processing,2025-09-03 20:38:40,,app
TK0001095,U004870,,商品咨询,normal,closed,2026-01-15 01:46:59,2026-01-15 12:46:59,app
TK0001096,U002730,,账户问题,normal,closed,2025-02-02 03:47:01,2025-02-02 15:47:01,app
TK0001097,U003692,,商品咨询,normal,closed,2025-09-29 06:00:41,2025-09-30 07:00:41,social
TK0001098,U001604,O00008323,订单咨询,normal,processing,2025-12-14 19:28:13,,web
TK0001099,U001237,,退款售后,normal,closed,2026-05-19 21:43:30,2026-05-22 10:43:30,phone
TK0001100,U001061,O00006679,退款售后,normal,resolved,2026-07-14 02:57:41,2026-07-14 05:57:41,web
TK0001101,U004670,O00005749,商品咨询,low,closed,2026-03-12 13:58:17,2026-03-12 23:58:17,app
TK0001102,U003044,,物流问题,high,closed,2025-05-11 14:18:49,2025-05-14 05:18:49,app
TK0001103,U004423,O00001449,账户问题,high,resolved,2025-05-24 22:08:25,2025-05-26 10:08:25,social
TK0001104,U004488,O00001279,订单咨询,normal,closed,2026-08-21 06:11:45,2026-08-23 22:11:45,app
TK0001105,U003628,,物流问题,normal,closed,2026-08-18 17:29:12,2026-08-20 12:29:12,phone
TK0001106,U004295,,账户问题,normal,closed,2026-03-25 22:54:56,2026-03-28 16:54:56,app
TK0001107,U001865,O00005557,退款售后,normal,closed,2025-03-18 21:03:42,2025-03-19 22:03:42,phone
TK0001108,U001976,O00005173,物流问题,high,closed,2026-01-27 01:46:09,2026-01-27 23:46:09,app
TK0001109,U004298,O00003319,商品咨询,normal,closed,2026-03-18 17:56:20,2026-03-18 18:56:20,app
TK0001110,U004282,O00008802,活动优惠,normal,closed,2025-05-11 11:12:59,2025-05-13 21:12:59,phone
TK0001111,U002573,O00010128,物流问题,high,resolved,2026-07-18 16:09:14,2026-07-18 19:09:14,phone
TK0001112,U003290,O00000700,退款售后,normal,resolved,2026-05-24 00:26:02,2026-05-26 06:26:02,app
TK0001113,U003212,O00006738,商品咨询,normal,resolved,2025-01-22 02:18:04,2025-01-23 17:18:04,web
TK0001114,U000719,,物流问题,normal,processing,2025-10-19 17:36:57,,social
TK0001115,U004968,,订单咨询,low,open,2025-10-21 11:39:35,,phone
TK0001116,U002702,O00003902,商品咨询,high,open,2026-05-06 11:12:11,,app
TK0001117,U000478,O00007870,订单咨询,low,resolved,2025-12-08 18:08:45,2025-12-09 04:08:45,phone
TK0001118,U004353,O00007282,账户问题,low,closed,2025-01-24 11:33:16,2025-01-27 04:33:16,web
TK0001119,U001959,,物流问题,normal,open,2026-06-11 09:54:00,,social
TK0001120,U001141,O00004755,物流问题,normal,closed,2025-09-19 06:11:37,2025-09-21 03:11:37,phone
TK0001121,U001858,O00008350,退款售后,low,processing,2025-10-03 07:03:04,,social
TK0001122,U003819,O00002491,订单咨询,high,resolved,2026-06-28 14:32:01,2026-06-30 05:32:01,phone
TK0001123,U003879,,活动优惠,normal,processing,2025-09-21 23:49:51,,app
TK0001124,U001987,O00011938,物流问题,high,closed,2026-02-22 15:06:09,2026-02-24 20:06:09,social
TK0001125,U003825,O00006084,商品咨询,normal,open,2026-04-28 06:34:13,,phone
TK0001126,U004393,O00008408,物流问题,low,closed,2025-02-23 09:45:31,2025-02-25 12:45:31,web
TK0001127,U001430,O00007596,物流问题,low,resolved,2025-04-18 17:00:12,2025-04-19 22:00:12,web
TK0001128,U004928,O00008739,账户问题,normal,closed,2025-10-05 00:11:00,2025-10-05 10:11:00,web
TK0001129,U001095,O00010556,商品咨询,normal,resolved,2025-03-22 04:08:15,2025-03-23 13:08:15,phone
TK0001130,U002489,O00011782,物流问题,normal,closed,2025-09-29 14:14:13,2025-09-30 14:14:13,social
TK0001131,U004042,O00004737,商品咨询,urgent,closed,2026-06-12 02:55:12,2026-06-13 23:55:12,app
TK0001132,U003825,O00006565,退款售后,normal,closed,2026-05-20 16:35:30,2026-05-22 17:35:30,web
TK0001133,U004011,O00009654,物流问题,low,resolved,2026-05-18 14:35:59,2026-05-18 17:35:59,social
TK0001134,U004585,O00009741,退款售后,normal,resolved,2025-09-15 19:52:13,2025-09-18 19:52:13,app
TK0001135,U001582,O00001315,订单咨询,high,resolved,2026-06-07 22:08:01,2026-06-08 07:08:01,web
TK0001136,U003566,O00002680,商品咨询,normal,open,2025-08-18 04:06:29,,phone
TK0001137,U002062,O00006109,活动优惠,urgent,processing,2026-06-09 10:03:55,,phone
TK0001138,U003439,O00002936,物流问题,normal,closed,2026-04-27 23:15:53,2026-04-29 22:15:53,web
TK0001139,U002104,O00005154,退款售后,normal,resolved,2025-02-08 07:49:43,2025-02-09 02:49:43,phone
TK0001140,U002701,O00000029,物流问题,normal,resolved,2025-04-21 19:48:25,2025-04-22 05:48:25,app
TK0001141,U001029,O00004947,商品咨询,normal,resolved,2026-04-23 15:24:09,2026-04-26 14:24:09,phone
TK0001142,U002899,O00008749,账户问题,normal,closed,2025-10-11 05:17:46,2025-10-12 13:17:46,social
TK0001143,U002836,O00011764,活动优惠,normal,closed,2025-07-18 20:10:14,2025-07-20 15:10:14,phone
TK0001144,U004319,O00009068,活动优惠,normal,resolved,2026-08-10 03:36:20,2026-08-12 06:36:20,phone
TK0001145,U004686,O00003079,物流问题,low,resolved,2026-04-13 20:06:30,2026-04-14 04:06:30,phone
TK0001146,U002632,,订单咨询,low,processing,2026-03-15 04:16:56,,social
TK0001147,U001300,,商品咨询,high,closed,2025-12-09 18:30:45,2025-12-10 10:30:45,app
TK0001148,U004763,O00000901,物流问题,normal,closed,2025-12-19 15:45:25,2025-12-20 15:45:25,app
TK0001149,U004207,O00011155,物流问题,normal,closed,2025-05-25 20:22:07,2025-05-26 06:22:07,web
TK0001150,U000773,,账户问题,normal,resolved,2025-04-24 08:47:37,2025-04-25 15:47:37,app
TK0001151,U002299,O00010712,订单咨询,normal,resolved,2025-02-04 07:41:25,2025-02-06 03:41:25,phone
TK0001152,U000564,O00004995,商品咨询,low,closed,2025-04-23 17:12:00,2025-04-26 14:12:00,web
TK0001153,U000442,O00003398,订单咨询,urgent,open,2026-03-02 04:13:49,,app
TK0001154,U003689,,退款售后,normal,closed,2026-07-07 18:37:13,2026-07-08 07:37:13,social
TK0001155,U004671,,账户问题,urgent,closed,2025-02-26 20:12:48,2025-02-27 20:12:48,app
TK0001156,U002975,O00002412,物流问题,high,closed,2025-06-18 20:26:09,2025-06-21 19:26:09,app
TK0001157,U002979,,订单咨询,normal,open,2025-01-02 04:07:37,,phone
TK0001158,U003890,O00009392,订单咨询,normal,resolved,2025-03-23 23:41:26,2025-03-24 23:41:26,app
TK0001159,U003827,,商品咨询,normal,closed,2025-09-14 19:21:08,2025-09-15 19:21:08,app
TK0001160,U004075,,退款售后,normal,resolved,2025-04-20 07:32:46,2025-04-20 10:32:46,app
TK0001161,U002532,O00003546,商品咨询,high,resolved,2025-01-26 21:53:49,2025-01-29 04:53:49,app
TK0001162,U000932,O00003376,物流问题,normal,closed,2025-04-27 03:20:49,2025-04-28 09:20:49,app
TK0001163,U001857,O00002817,物流问题,high,resolved,2026-06-25 16:09:47,2026-06-26 03:09:47,app
TK0001164,U000161,O00006703,退款售后,normal,closed,2025-03-01 14:05:31,2025-03-01 17:05:31,app
TK0001165,U001832,,商品咨询,normal,resolved,2025-12-06 09:43:06,2025-12-06 10:43:06,web
TK0001166,U003832,O00005146,退款售后,normal,resolved,2025-02-25 02:03:18,2025-02-25 23:03:18,app
TK0001167,U000646,O00011949,物流问题,high,resolved,2026-04-26 05:13:14,2026-04-26 11:13:14,web
TK0001168,U002921,O00007465,退款售后,normal,open,2025-11-27 03:48:08,,app
TK0001169,U004122,O00011473,商品咨询,normal,closed,2025-01-29 15:48:37,2025-02-01 15:48:37,phone
TK0001170,U001924,O00003831,物流问题,high,resolved,2025-12-14 15:12:59,2025-12-15 01:12:59,social
TK0001171,U003946,O00007083,活动优惠,normal,closed,2026-01-28 04:33:48,2026-01-28 19:33:48,app
TK0001172,U004504,O00003723,活动优惠,normal,resolved,2026-02-15 01:35:31,2026-02-17 01:35:31,web
TK0001173,U000830,O00011359,退款售后,normal,processing,2026-06-25 15:21:31,,web
TK0001174,U004201,O00004604,物流问题,normal,resolved,2026-03-22 12:03:41,2026-03-25 07:03:41,app
TK0001175,U002283,O00011541,活动优惠,normal,resolved,2025-10-08 23:03:56,2025-10-10 06:03:56,social
TK0001176,U001659,O00004812,退款售后,normal,resolved,2025-12-19 11:07:16,2025-12-22 04:07:16,app
TK0001177,U004324,,商品咨询,normal,closed,2025-09-23 21:45:38,2025-09-25 10:45:38,app
TK0001178,U003723,O00006948,物流问题,high,closed,2025-12-05 17:40:25,2025-12-08 00:40:25,social
TK0001179,U003184,O00002998,物流问题,normal,resolved,2026-07-20 22:18:10,2026-07-21 19:18:10,app
TK0001180,U002027,O00007422,订单咨询,high,closed,2025-11-20 19:18:10,2025-11-21 10:18:10,app
TK0001181,U002734,O00009357,物流问题,normal,resolved,2025-07-03 06:40:44,2025-07-04 18:40:44,app
TK0001182,U001766,O00011085,活动优惠,normal,closed,2025-04-14 16:48:44,2025-04-15 10:48:44,phone
TK0001183,U004976,O00007225,退款售后,high,resolved,2026-01-07 07:10:37,2026-01-10 07:10:37,app
TK0001184,U002966,,退款售后,low,closed,2025-02-02 14:37:08,2025-02-04 07:37:08,app
TK0001185,U003053,O00000050,订单咨询,high,resolved,2025-01-19 02:12:31,2025-01-20 18:12:31,app
TK0001186,U004104,,订单咨询,normal,resolved,2025-11-21 20:12:20,2025-11-24 07:12:20,phone
TK0001187,U004592,O00005702,退款售后,normal,closed,2026-03-11 14:55:32,2026-03-13 07:55:32,web
TK0001188,U003644,,退款售后,normal,processing,2026-05-19 17:21:15,,web
TK0001189,U003487,O00011052,物流问题,high,closed,2025-09-04 05:44:35,2025-09-06 08:44:35,social
TK0001190,U004357,O00008883,活动优惠,normal,resolved,2026-02-18 08:59:55,2026-02-20 02:59:55,app
TK0001191,U001762,O00008111,物流问题,high,closed,2025-11-07 04:35:46,2025-11-09 15:35:46,app
TK0001192,U001252,,物流问题,high,closed,2025-12-07 12:57:59,2025-12-09 14:57:59,app
TK0001193,U003445,O00007943,退款售后,normal,closed,2025-01-21 05:26:16,2025-01-23 07:26:16,web
TK0001194,U004575,O00001063,账户问题,low,resolved,2025-06-14 08:14:27,2025-06-16 23:14:27,app
TK0001195,U003175,O00003164,退款售后,normal,closed,2026-01-22 02:03:06,2026-01-24 18:03:06,social
TK0001196,U000814,O00007099,物流问题,normal,resolved,2026-07-29 15:28:29,2026-07-30 13:28:29,app
TK0001197,U001142,,活动优惠,normal,closed,2026-02-22 22:29:45,2026-02-25 21:29:45,app
TK0001198,U000917,O00004513,物流问题,normal,resolved,2026-06-25 04:48:51,2026-06-27 14:48:51,app
TK0001199,U003800,O00006867,物流问题,low,resolved,2025-10-09 22:38:41,2025-10-11 17:38:41,phone
TK0001200,U000102,,活动优惠,normal,closed,2025-06-07 19:59:55,2025-06-08 18:59:55,phone
TK0001201,U002989,O00003510,账户问题,normal,closed,2026-07-02 20:20:51,2026-07-04 22:20:51,social
TK0001202,U000134,O00010232,活动优惠,high,closed,2026-08-04 13:12:55,2026-08-05 08:12:55,app
TK0001203,U004752,,订单咨询,high,closed,2025-08-04 15:10:50,2025-08-07 00:10:50,social
TK0001204,U003788,,物流问题,normal,resolved,2026-07-21 17:16:46,2026-07-23 23:16:46,app
TK0001205,U000463,O00008400,账户问题,low,closed,2025-08-22 21:57:16,2025-08-25 21:57:16,web
TK0001206,U001098,O00009787,物流问题,urgent,closed,2025-11-27 13:34:48,2025-11-29 13:34:48,social
TK0001207,U004848,O00007996,商品咨询,high,resolved,2026-08-10 21:23:35,2026-08-12 04:23:35,app
TK0001208,U001173,O00003080,商品咨询,low,resolved,2025-04-01 00:48:55,2025-04-03 10:48:55,app
TK0001209,U003366,O00009901,订单咨询,normal,closed,2026-05-27 18:30:53,2026-05-29 08:30:53,app
TK0001210,U002439,O00011430,活动优惠,urgent,resolved,2025-05-31 17:08:52,2025-06-02 05:08:52,app
TK0001211,U002344,O00008992,订单咨询,normal,resolved,2025-11-29 14:50:33,2025-11-29 20:50:33,phone
TK0001212,U003634,O00005397,退款售后,normal,closed,2025-08-21 13:47:19,2025-08-23 15:47:19,app
TK0001213,U002588,O00010088,活动优惠,low,closed,2026-01-21 07:09:39,2026-01-23 20:09:39,app
TK0001214,U004443,,商品咨询,normal,closed,2025-07-08 20:33:16,2025-07-09 15:33:16,app
TK0001215,U000812,O00001288,订单咨询,normal,resolved,2025-03-05 07:34:49,2025-03-07 17:34:49,app
TK0001216,U004552,,退款售后,high,closed,2025-06-07 10:10:26,2025-06-08 12:10:26,web
TK0001217,U002412,O00003756,退款售后,normal,closed,2025-08-16 02:11:17,2025-08-16 03:11:17,app
TK0001218,U001916,,活动优惠,high,resolved,2026-06-28 00:37:18,2026-06-28 17:37:18,app
TK0001219,U003230,O00007907,物流问题,high,closed,2026-06-04 19:44:39,2026-06-05 19:44:39,phone
TK0001220,U002222,,订单咨询,low,resolved,2026-07-22 07:47:50,2026-07-24 15:47:50,app
TK0001221,U001486,O00006785,物流问题,urgent,resolved,2025-12-23 05:52:13,2025-12-24 23:52:13,app
TK0001222,U003890,O00002137,订单咨询,normal,resolved,2025-10-11 10:32:29,2025-10-13 23:32:29,app
TK0001223,U004188,,退款售后,high,resolved,2025-06-28 15:05:13,2025-06-29 03:05:13,app
TK0001224,U001069,O00006789,活动优惠,normal,closed,2025-07-17 15:38:09,2025-07-17 17:38:09,web
TK0001225,U004152,O00002301,商品咨询,high,resolved,2026-01-18 14:09:51,2026-01-19 23:09:51,web
TK0001226,U001487,O00004585,物流问题,low,resolved,2025-03-21 19:15:58,2025-03-23 15:15:58,app
TK0001227,U003487,O00006026,活动优惠,normal,closed,2026-01-01 00:09:52,2026-01-03 22:09:52,phone
TK0001228,U004437,O00010356,商品咨询,urgent,resolved,2025-12-15 04:56:15,2025-12-15 09:56:15,app
TK0001229,U004024,O00005878,账户问题,normal,closed,2025-05-31 04:34:16,2025-06-01 02:34:16,social
TK0001230,U001460,,订单咨询,normal,resolved,2025-05-16 11:29:01,2025-05-18 14:29:01,app
TK0001231,U003244,,账户问题,high,resolved,2026-01-09 10:55:03,2026-01-11 01:55:03,app
TK0001232,U003992,,退款售后,normal,processing,2026-01-03 17:52:39,,app
TK0001233,U001803,,商品咨询,normal,resolved,2026-05-27 18:08:58,2026-05-29 06:08:58,phone
TK0001234,U001747,O00006058,订单咨询,normal,closed,2025-03-11 08:07:40,2025-03-11 09:07:40,app
TK0001235,U002094,O00009082,活动优惠,high,closed,2026-05-25 02:00:47,2026-05-27 03:00:47,phone
TK0001236,U000912,O00005346,退款售后,normal,resolved,2025-08-23 12:48:34,2025-08-24 14:48:34,web
TK0001237,U001936,O00008186,订单咨询,high,closed,2025-05-11 22:07:52,2025-05-14 08:07:52,phone
TK0001238,U001570,O00000601,订单咨询,low,resolved,2025-06-25 10:57:32,2025-06-27 11:57:32,app
TK0001239,U002778,O00009758,订单咨询,normal,resolved,2025-11-29 07:38:12,2025-12-01 15:38:12,social
TK0001240,U000501,O00002184,物流问题,low,closed,2025-04-12 11:43:24,2025-04-13 21:43:24,phone
TK0001241,U001387,,账户问题,low,resolved,2025-04-20 13:52:30,2025-04-20 18:52:30,app
TK0001242,U004726,O00002637,账户问题,normal,resolved,2025-01-27 14:52:33,2025-01-28 22:52:33,social
TK0001243,U001005,O00011987,物流问题,normal,closed,2025-04-26 21:54:04,2025-04-28 20:54:04,app
TK0001244,U000420,,订单咨询,normal,resolved,2025-11-04 07:00:36,2025-11-06 16:00:36,social
TK0001245,U003692,O00009794,物流问题,urgent,resolved,2025-04-16 13:01:02,2025-04-17 02:01:02,web
TK0001246,U002726,O00011409,物流问题,normal,resolved,2025-06-27 01:47:45,2025-06-28 20:47:45,social
TK0001247,U001104,O00011740,商品咨询,low,closed,2025-06-21 22:47:24,2025-06-24 16:47:24,phone
TK0001248,U003971,O00007382,商品咨询,low,closed,2025-02-25 13:42:35,2025-02-28 02:42:35,web
TK0001249,U002832,O00006298,订单咨询,high,closed,2026-07-30 08:57:57,2026-08-01 04:57:57,app
TK0001250,U001411,O00010558,物流问题,normal,processing,2025-06-13 16:03:55,,social
TK0001251,U004051,,活动优惠,normal,closed,2026-01-26 18:14:22,2026-01-27 13:14:22,app
TK0001252,U003391,O00001794,退款售后,normal,closed,2026-04-26 00:43:18,2026-04-26 02:43:18,web
TK0001253,U001937,O00003858,商品咨询,normal,resolved,2025-02-08 01:58:36,2025-02-09 09:58:36,web
TK0001254,U004599,,退款售后,normal,resolved,2025-06-14 06:08:43,2025-06-15 10:08:43,app
TK0001255,U002272,O00004326,订单咨询,high,resolved,2025-07-11 19:28:54,2025-07-12 01:28:54,phone
TK0001256,U001422,O00005242,物流问题,low,closed,2026-03-21 05:11:24,2026-03-23 11:11:24,app
TK0001257,U004619,O00000494,物流问题,normal,closed,2025-08-14 23:42:18,2025-08-15 05:42:18,app
TK0001258,U001145,O00005063,活动优惠,normal,closed,2025-06-01 01:15:57,2025-06-03 06:15:57,phone
TK0001259,U000454,O00001477,退款售后,normal,open,2026-06-10 23:37:19,,app
TK0001260,U002649,O00007885,物流问题,normal,closed,2025-06-27 02:44:56,2025-06-29 08:44:56,app
TK0001261,U000621,O00002897,物流问题,normal,closed,2026-01-28 17:49:36,2026-01-30 17:49:36,app
TK0001262,U002136,O00003980,退款售后,normal,closed,2025-05-02 19:14:56,2025-05-04 06:14:56,social
TK0001263,U001140,O00001929,物流问题,high,resolved,2025-01-08 20:11:02,2025-01-11 00:11:02,app
TK0001264,U002871,O00007046,物流问题,normal,resolved,2025-09-20 12:26:43,2025-09-22 13:26:43,social
TK0001265,U003868,O00011655,物流问题,urgent,closed,2026-04-28 02:34:33,2026-04-30 05:34:33,phone
TK0001266,U002208,O00000630,退款售后,normal,closed,2025-05-18 22:30:27,2025-05-19 16:30:27,app
TK0001267,U001578,,商品咨询,normal,closed,2026-06-11 12:22:27,2026-06-13 18:22:27,app
TK0001268,U002472,O00001808,商品咨询,low,resolved,2026-03-08 19:12:32,2026-03-11 09:12:32,app
TK0001269,U000052,,活动优惠,high,closed,2025-09-29 22:21:24,2025-10-01 05:21:24,phone
TK0001270,U002318,O00007082,物流问题,normal,resolved,2026-04-20 16:20:04,2026-04-20 20:20:04,web
TK0001271,U003834,,退款售后,normal,resolved,2025-01-16 17:44:24,2025-01-19 13:44:24,app
TK0001272,U004314,O00006164,退款售后,normal,resolved,2025-06-09 21:05:03,2025-06-10 06:05:03,social
TK0001273,U004507,O00008356,物流问题,normal,closed,2025-10-25 04:29:17,2025-10-26 12:29:17,phone
TK0001274,U003483,O00010479,活动优惠,high,closed,2025-12-03 03:25:35,2025-12-05 20:25:35,phone
TK0001275,U003264,,商品咨询,low,resolved,2025-07-22 03:51:06,2025-07-22 15:51:06,app
TK0001276,U001388,O00008175,订单咨询,normal,resolved,2025-06-25 07:47:27,2025-06-26 22:47:27,web
TK0001277,U001191,O00010924,商品咨询,normal,resolved,2025-11-17 17:57:50,2025-11-19 07:57:50,app
TK0001278,U001688,O00003108,活动优惠,normal,resolved,2026-01-16 03:41:59,2026-01-16 19:41:59,app
TK0001279,U001588,O00000191,活动优惠,normal,resolved,2026-08-26 04:19:30,2026-08-27 00:19:30,web
TK0001280,U000507,O00011805,订单咨询,normal,closed,2025-04-19 11:02:49,2025-04-19 21:02:49,app
TK0001281,U002231,O00004243,商品咨询,normal,resolved,2026-06-11 17:49:54,2026-06-13 14:49:54,phone
TK0001282,U000973,,活动优惠,normal,resolved,2025-07-20 08:12:05,2025-07-22 16:12:05,app
TK0001283,U001809,,商品咨询,normal,resolved,2026-06-02 21:57:43,2026-06-04 08:57:43,app
TK0001284,U002109,O00002241,物流问题,urgent,resolved,2026-05-30 05:29:03,2026-06-01 04:29:03,web
TK0001285,U002467,O00008842,商品咨询,normal,resolved,2026-06-06 14:08:36,2026-06-07 08:08:36,web
TK0001286,U003232,O00011285,退款售后,high,closed,2025-12-20 08:07:35,2025-12-21 12:07:35,app
TK0001287,U001239,O00010818,退款售后,high,resolved,2026-06-27 17:30:00,2026-06-29 22:30:00,phone
TK0001288,U004191,,账户问题,normal,closed,2026-08-06 01:01:00,2026-08-08 01:01:00,app
TK0001289,U004677,,订单咨询,normal,resolved,2026-02-21 05:48:58,2026-02-24 00:48:58,phone
TK0001290,U001860,O00007628,商品咨询,normal,resolved,2025-02-14 12:05:08,2025-02-15 05:05:08,web
TK0001291,U000870,O00006425,账户问题,low,open,2025-05-28 03:53:44,,web
TK0001292,U000592,O00008049,订单咨询,normal,processing,2025-05-04 19:56:20,,app
TK0001293,U003813,,物流问题,high,closed,2025-10-03 14:10:20,2025-10-05 19:10:20,social
TK0001294,U003382,O00007044,订单咨询,normal,closed,2025-06-08 19:04:32,2025-06-09 11:04:32,app
TK0001295,U004919,O00000408,退款售后,normal,open,2025-09-05 19:49:27,,phone
TK0001296,U003785,,物流问题,high,resolved,2025-05-16 07:50:23,2025-05-17 10:50:23,web
TK0001297,U004955,O00007441,退款售后,normal,closed,2026-05-21 02:45:19,2026-05-22 23:45:19,phone
TK0001298,U004696,O00001073,商品咨询,high,closed,2026-06-19 05:17:21,2026-06-19 08:17:21,phone
TK0001299,U000116,O00002229,活动优惠,normal,resolved,2026-01-19 07:15:57,2026-01-21 08:15:57,app
TK0001300,U004588,O00008321,订单咨询,high,resolved,2026-05-11 18:36:38,2026-05-13 10:36:38,social
TK0001301,U003246,O00006685,订单咨询,low,closed,2025-09-27 03:12:26,2025-09-29 07:12:26,app
TK0001302,U002371,,退款售后,normal,resolved,2025-01-15 08:25:13,2025-01-18 03:25:13,social
TK0001303,U004868,O00008617,物流问题,normal,processing,2025-08-05 22:21:49,,social
TK0001304,U003345,O00007923,订单咨询,normal,closed,2025-11-04 12:02:22,2025-11-06 22:02:22,app
TK0001305,U000472,O00010297,订单咨询,high,resolved,2026-03-21 09:49:20,2026-03-24 07:49:20,social
TK0001306,U003561,O00007406,退款售后,normal,resolved,2025-12-11 07:18:25,2025-12-13 01:18:25,phone
TK0001307,U002257,O00000988,退款售后,high,resolved,2025-07-16 18:40:53,2025-07-19 07:40:53,app
TK0001308,U000644,O00007863,活动优惠,normal,processing,2025-05-20 03:37:04,,phone
TK0001309,U003246,O00008064,活动优惠,normal,closed,2026-02-09 02:48:14,2026-02-11 13:48:14,social
TK0001310,U003179,,物流问题,normal,processing,2025-01-23 13:30:54,,web
TK0001311,U002907,,退款售后,normal,closed,2025-03-26 13:52:30,2025-03-26 14:52:30,web
TK0001312,U003011,O00004239,物流问题,normal,resolved,2026-03-06 10:11:04,2026-03-07 04:11:04,app
TK0001313,U004052,O00011991,账户问题,normal,processing,2025-11-08 22:54:09,,app
TK0001314,U003940,,活动优惠,low,resolved,2026-07-22 05:28:41,2026-07-22 14:28:41,social
TK0001315,U001944,O00011350,退款售后,normal,closed,2025-03-16 14:36:00,2025-03-17 23:36:00,web
TK0001316,U000223,O00007989,物流问题,normal,closed,2026-01-19 19:45:11,2026-01-21 04:45:11,web
TK0001317,U002485,O00009618,订单咨询,normal,closed,2025-06-14 10:46:25,2025-06-14 18:46:25,app
TK0001318,U002929,,退款售后,low,closed,2026-06-25 07:17:53,2026-06-28 06:17:53,app
TK0001319,U004111,O00011722,物流问题,high,resolved,2025-09-22 07:19:40,2025-09-24 03:19:40,web
TK0001320,U001702,O00009483,商品咨询,normal,resolved,2025-03-15 15:52:11,2025-03-17 03:52:11,app
TK0001321,U000358,O00005975,账户问题,normal,closed,2025-11-06 13:37:00,2025-11-07 17:37:00,app
TK0001322,U002796,O00002524,账户问题,normal,closed,2025-12-08 09:38:35,2025-12-10 18:38:35,app
TK0001323,U003343,O00004641,账户问题,normal,resolved,2025-04-11 02:32:04,2025-04-13 23:32:04,app
TK0001324,U003857,O00000779,活动优惠,normal,closed,2026-01-15 16:50:13,2026-01-16 14:50:13,app
TK0001325,U000166,,活动优惠,normal,closed,2026-05-05 16:12:22,2026-05-06 01:12:22,phone
TK0001326,U001299,O00011070,退款售后,high,processing,2025-10-19 22:19:01,,app
TK0001327,U002380,O00011415,活动优惠,high,open,2025-04-09 02:52:11,,phone
TK0001328,U002768,O00000125,物流问题,normal,resolved,2025-07-23 23:51:07,2025-07-26 20:51:07,app
TK0001329,U002175,,物流问题,normal,resolved,2025-05-18 09:09:53,2025-05-18 11:09:53,phone
TK0001330,U000099,O00011864,退款售后,normal,closed,2026-03-21 07:26:06,2026-03-22 09:26:06,app
TK0001331,U003075,,订单咨询,high,resolved,2026-06-03 21:17:42,2026-06-05 00:17:42,app
TK0001332,U000809,,物流问题,normal,resolved,2025-01-18 10:30:46,2025-01-19 06:30:46,social
TK0001333,U004639,O00002357,商品咨询,normal,resolved,2026-04-30 11:05:48,2026-04-30 17:05:48,social
TK0001334,U004764,O00002165,订单咨询,normal,processing,2026-07-25 06:45:14,,app
TK0001335,U003368,O00003823,物流问题,high,closed,2026-01-17 06:23:19,2026-01-19 00:23:19,app
TK0001336,U003840,,订单咨询,normal,closed,2025-08-16 06:32:47,2025-08-16 11:32:47,app
TK0001337,U002902,O00001038,订单咨询,normal,closed,2026-01-20 10:26:53,2026-01-21 04:26:53,social
TK0001338,U000545,O00011754,退款售后,normal,resolved,2025-05-19 05:34:32,2025-05-20 23:34:32,phone
TK0001339,U003164,O00003524,退款售后,normal,closed,2026-01-16 22:51:17,2026-01-17 10:51:17,web
TK0001340,U000453,O00003534,退款售后,normal,closed,2025-10-07 16:38:31,2025-10-10 09:38:31,phone
TK0001341,U004794,O00010215,物流问题,normal,resolved,2026-05-24 20:27:17,2026-05-27 08:27:17,app
TK0001342,U002787,O00007277,活动优惠,normal,closed,2025-09-16 06:59:49,2025-09-18 12:59:49,phone
TK0001343,U000069,O00006328,物流问题,normal,closed,2026-05-26 04:45:11,2026-05-29 04:45:11,app
TK0001344,U002600,O00006951,订单咨询,normal,resolved,2025-11-06 05:58:13,2025-11-07 18:58:13,app
TK0001345,U000757,O00005796,账户问题,normal,processing,2025-09-08 03:17:12,,social
TK0001346,U001676,O00003798,物流问题,normal,open,2025-06-04 11:01:40,,web
TK0001347,U000433,O00005681,物流问题,normal,closed,2025-03-28 14:19:28,2025-03-31 13:19:28,app
TK0001348,U004431,O00004193,订单咨询,normal,closed,2025-01-25 17:20:02,2025-01-28 15:20:02,app
TK0001349,U004441,O00011610,商品咨询,normal,open,2025-08-15 07:21:51,,app
TK0001350,U004831,O00008098,商品咨询,normal,resolved,2026-04-22 05:44:54,2026-04-24 22:44:54,app
TK0001351,U001236,O00004151,商品咨询,normal,closed,2025-12-12 07:06:45,2025-12-15 05:06:45,app
TK0001352,U002455,O00010202,退款售后,high,closed,2025-03-15 18:55:33,2025-03-16 12:55:33,app
TK0001353,U001629,,退款售后,normal,resolved,2026-04-24 17:05:20,2026-04-27 10:05:20,phone
TK0001354,U004810,O00011069,商品咨询,normal,resolved,2025-11-14 00:42:38,2025-11-15 02:42:38,social
TK0001355,U002275,,商品咨询,normal,open,2026-08-21 02:18:10,,app
TK0001356,U000592,O00006469,账户问题,low,processing,2025-06-12 03:07:51,,app
TK0001357,U001090,O00010998,商品咨询,normal,resolved,2025-03-03 05:14:13,2025-03-03 16:14:13,phone
TK0001358,U002577,O00008199,订单咨询,normal,resolved,2026-04-09 17:29:19,2026-04-11 20:29:19,app
TK0001359,U003048,O00001353,商品咨询,normal,closed,2025-09-19 23:52:11,2025-09-22 03:52:11,app
TK0001360,U003692,O00009794,账户问题,normal,resolved,2025-04-19 14:01:02,2025-04-21 16:01:02,app
TK0001361,U002381,O00001417,活动优惠,high,resolved,2025-02-19 05:00:07,2025-02-21 11:00:07,phone
TK0001362,U003124,,退款售后,normal,open,2026-02-08 20:59:08,,app
TK0001363,U001918,O00002510,退款售后,normal,resolved,2025-09-27 03:33:39,2025-09-30 00:33:39,app
TK0001364,U002680,O00009132,商品咨询,high,resolved,2026-04-29 05:24:56,2026-04-30 06:24:56,app
TK0001365,U002889,,账户问题,low,processing,2025-04-06 12:26:30,,web
TK0001366,U003363,O00002522,物流问题,normal,closed,2025-02-09 10:37:18,2025-02-11 11:37:18,web
TK0001367,U002526,O00010840,物流问题,high,processing,2026-07-29 18:11:49,,app
TK0001368,U002452,O00001101,物流问题,low,closed,2025-11-01 11:24:25,2025-11-01 13:24:25,app
TK0001369,U001194,O00000305,物流问题,high,resolved,2026-07-05 04:43:26,2026-07-06 13:43:26,app
TK0001370,U001624,O00009093,退款售后,normal,closed,2026-06-29 08:27:11,2026-07-01 03:27:11,app
TK0001371,U000181,O00002952,退款售后,normal,closed,2026-02-03 08:56:33,2026-02-04 13:56:33,app
TK0001372,U001973,O00010971,订单咨询,normal,resolved,2025-08-12 00:12:04,2025-08-12 19:12:04,app
TK0001373,U001147,O00004713,退款售后,normal,resolved,2025-09-09 20:29:10,2025-09-12 15:29:10,web
TK0001374,U000263,O00010313,物流问题,low,closed,2025-04-21 21:42:12,2025-04-22 14:42:12,web
TK0001375,U004018,O00002321,物流问题,normal,open,2025-03-12 23:02:10,,social
TK0001376,U002953,O00008265,活动优惠,normal,closed,2026-07-11 03:14:28,2026-07-12 04:14:28,phone
TK0001377,U001141,O00002504,物流问题,normal,resolved,2025-12-28 11:01:15,2025-12-30 07:01:15,phone
TK0001378,U003744,O00004066,账户问题,high,resolved,2025-11-04 22:10:30,2025-11-06 18:10:30,social
TK0001379,U003766,O00002709,物流问题,normal,closed,2025-10-03 00:56:27,2025-10-05 02:56:27,web
TK0001380,U001434,O00003657,活动优惠,low,closed,2026-06-25 20:58:20,2026-06-27 06:58:20,app
TK0001381,U000787,O00008712,物流问题,normal,resolved,2025-11-06 16:57:06,2025-11-07 20:57:06,app
TK0001382,U004374,O00005058,账户问题,normal,closed,2025-10-02 12:13:44,2025-10-03 00:13:44,app
TK0001383,U002518,O00001918,退款售后,normal,resolved,2025-03-04 14:31:57,2025-03-06 18:31:57,web
TK0001384,U002182,O00010032,订单咨询,normal,closed,2025-05-04 07:59:23,2025-05-06 20:59:23,phone
TK0001385,U002302,,物流问题,normal,resolved,2025-04-24 12:56:32,2025-04-27 00:56:32,web
TK0001386,U004161,O00000903,退款售后,normal,closed,2025-05-04 11:44:25,2025-05-07 01:44:25,social
TK0001387,U001034,O00000315,账户问题,low,resolved,2025-03-04 13:48:04,2025-03-06 18:48:04,app
TK0001388,U004202,,活动优惠,low,processing,2026-06-19 16:11:38,,social
TK0001389,U002929,O00006475,物流问题,normal,closed,2026-03-17 05:52:12,2026-03-17 13:52:12,social
TK0001390,U000156,,物流问题,normal,open,2025-04-15 10:22:21,,web
TK0001391,U002687,O00003929,活动优惠,normal,resolved,2025-08-02 10:55:07,2025-08-05 09:55:07,app
TK0001392,U003285,O00001311,订单咨询,low,closed,2025-03-27 04:29:32,2025-03-29 04:29:32,social
TK0001393,U002692,O00009903,物流问题,high,closed,2025-10-25 14:41:34,2025-10-27 11:41:34,web
TK0001394,U002184,,活动优惠,high,processing,2026-06-26 09:44:51,,web
TK0001395,U004368,O00008781,退款售后,normal,closed,2026-07-14 05:49:06,2026-07-17 02:49:06,phone
TK0001396,U000611,O00010327,订单咨询,normal,closed,2025-01-16 07:14:36,2025-01-17 14:14:36,app
TK0001397,U002585,O00002597,账户问题,normal,resolved,2026-04-04 23:13:19,2026-04-06 17:13:19,social
TK0001398,U003022,,活动优惠,normal,resolved,2026-02-27 00:48:59,2026-03-01 09:48:59,phone
TK0001399,U004197,O00010499,退款售后,high,closed,2025-12-05 01:47:47,2025-12-07 02:47:47,app
TK0001400,U004481,,退款售后,high,open,2025-05-24 20:10:59,,app
TK0001401,U002554,O00008164,退款售后,normal,resolved,2025-05-02 13:47:43,2025-05-02 15:47:43,web
TK0001402,U004847,O00010595,商品咨询,high,resolved,2026-06-11 21:15:17,2026-06-12 16:15:17,app
TK0001403,U000213,,物流问题,normal,closed,2026-01-23 05:25:58,2026-01-24 15:25:58,web
TK0001404,U003573,O00003246,退款售后,normal,closed,2025-03-19 03:40:43,2025-03-20 00:40:43,app
TK0001405,U003305,,物流问题,normal,closed,2025-11-25 00:37:58,2025-11-25 13:37:58,app
TK0001406,U001653,O00006337,商品咨询,low,closed,2025-11-15 22:51:29,2025-11-17 11:51:29,app
TK0001407,U000917,O00001518,订单咨询,normal,closed,2025-04-24 21:00:00,2025-04-27 10:00:00,app
TK0001408,U001099,O00006297,订单咨询,high,closed,2025-04-22 05:23:24,2025-04-22 17:23:24,social
TK0001409,U002144,O00003214,订单咨询,normal,closed,2026-05-31 03:08:39,2026-06-03 01:08:39,social
TK0001410,U003563,O00009080,活动优惠,low,resolved,2025-05-12 04:54:43,2025-05-12 09:54:43,web
TK0001411,U003689,O00010958,订单咨询,normal,resolved,2026-05-22 12:15:13,2026-05-25 06:15:13,web
TK0001412,U003285,O00001226,物流问题,high,processing,2025-03-27 18:21:47,,web
TK0001413,U004690,O00001037,商品咨询,normal,closed,2025-08-23 10:21:34,2025-08-23 15:21:34,phone
TK0001414,U004919,,订单咨询,high,closed,2025-07-30 05:57:23,2025-07-31 11:57:23,phone
TK0001415,U001620,O00011958,商品咨询,normal,resolved,2025-03-25 19:02:54,2025-03-27 22:02:54,phone
TK0001416,U001320,,物流问题,normal,resolved,2025-11-01 12:53:37,2025-11-04 09:53:37,social
TK0001417,U003946,O00007083,账户问题,low,resolved,2026-02-05 21:33:48,2026-02-06 16:33:48,social
TK0001418,U003285,O00008995,商品咨询,normal,resolved,2026-04-26 06:17:24,2026-04-28 22:17:24,app
TK0001419,U002679,O00000345,商品咨询,normal,closed,2025-11-19 03:15:57,2025-11-21 13:15:57,social
TK0001420,U001277,O00011887,物流问题,low,processing,2026-02-12 07:37:19,,web
TK0001421,U003072,O00003205,退款售后,high,closed,2025-10-26 06:53:30,2025-10-28 01:53:30,app
TK0001422,U003711,O00001993,物流问题,low,resolved,2025-11-20 08:22:39,2025-11-21 21:22:39,web
TK0001423,U000909,,物流问题,low,closed,2025-08-23 13:03:02,2025-08-25 11:03:02,app
TK0001424,U003298,O00010459,退款售后,high,resolved,2026-03-06 14:25:01,2026-03-06 17:25:01,app
TK0001425,U004864,O00004851,账户问题,high,closed,2025-11-25 05:28:32,2025-11-28 00:28:32,web
TK0001426,U002208,,退款售后,normal,closed,2025-02-03 10:06:54,2025-02-04 19:06:54,app
TK0001427,U000647,O00007188,账户问题,normal,resolved,2026-02-22 01:03:11,2026-02-23 01:03:11,app
TK0001428,U004973,,订单咨询,normal,resolved,2025-10-28 23:28:32,2025-10-30 01:28:32,app
TK0001429,U002946,,账户问题,normal,resolved,2025-01-29 18:49:12,2025-01-31 11:49:12,app
TK0001430,U002705,O00011139,物流问题,high,processing,2026-07-30 12:18:57,,web
TK0001431,U004347,O00004977,物流问题,high,processing,2026-01-25 22:03:01,,phone
TK0001432,U000945,O00008848,订单咨询,normal,resolved,2026-03-17 08:52:23,2026-03-19 12:52:23,social
TK0001433,U000341,O00002951,活动优惠,normal,processing,2026-07-20 04:19:23,,app
TK0001434,U004835,O00008274,物流问题,low,closed,2025-01-21 06:32:21,2025-01-23 12:32:21,web
TK0001435,U002444,O00009537,订单咨询,normal,resolved,2026-01-30 12:08:03,2026-02-01 03:08:03,social
TK0001436,U003909,,订单咨询,normal,processing,2025-03-26 04:33:57,,app
TK0001437,U001059,,退款售后,normal,open,2025-02-09 07:53:36,,phone
TK0001438,U004917,O00001096,订单咨询,normal,resolved,2026-01-30 09:18:50,2026-02-02 00:18:50,social
TK0001439,U002046,O00011673,物流问题,normal,open,2025-09-23 19:53:38,,app
TK0001440,U003016,O00002053,物流问题,normal,closed,2026-08-09 17:34:12,2026-08-10 15:34:12,web
TK0001441,U002875,O00005067,活动优惠,normal,closed,2025-07-08 04:45:06,2025-07-09 06:45:06,app
TK0001442,U003953,O00006568,物流问题,urgent,resolved,2025-02-22 20:07:37,2025-02-23 22:07:37,social
TK0001443,U001325,,账户问题,low,closed,2025-03-06 10:15:54,2025-03-09 08:15:54,web
TK0001444,U000046,O00005159,账户问题,normal,closed,2025-02-11 01:43:57,2025-02-12 09:43:57,app
TK0001445,U002866,O00008121,物流问题,high,closed,2025-08-26 18:12:41,2025-08-28 15:12:41,social
TK0001446,U000809,,退款售后,normal,resolved,2026-07-31 09:33:28,2026-08-02 06:33:28,phone
TK0001447,U000804,O00008080,物流问题,high,resolved,2025-03-04 10:49:37,2025-03-04 12:49:37,social
TK0001448,U000186,O00009635,活动优惠,urgent,resolved,2026-05-10 01:27:50,2026-05-10 14:27:50,app
TK0001449,U000564,O00005144,退款售后,normal,resolved,2026-07-23 00:02:13,2026-07-25 16:02:13,app
TK0001450,U003959,O00009448,活动优惠,normal,open,2025-08-15 21:56:42,,social
TK0001451,U002467,O00008842,商品咨询,normal,open,2026-05-30 13:08:36,,app
TK0001452,U000339,,账户问题,normal,closed,2025-01-15 08:58:07,2025-01-17 22:58:07,social
TK0001453,U000971,O00003464,活动优惠,normal,closed,2025-04-03 04:48:02,2025-04-04 16:48:02,social
TK0001454,U002025,,退款售后,high,closed,2026-01-17 14:34:28,2026-01-19 22:34:28,web
TK0001455,U001665,O00004165,商品咨询,normal,closed,2026-01-09 15:44:12,2026-01-10 22:44:12,app
TK0001456,U003278,O00005772,退款售后,normal,resolved,2025-06-08 03:57:23,2025-06-10 10:57:23,app
TK0001457,U004945,O00000972,物流问题,normal,closed,2025-07-24 09:24:40,2025-07-26 09:24:40,app
TK0001458,U002772,,物流问题,low,closed,2025-01-26 05:52:38,2025-01-28 17:52:38,phone
TK0001459,U004101,O00009617,物流问题,normal,resolved,2026-08-15 06:54:09,2026-08-17 00:54:09,social
TK0001460,U001663,O00002550,物流问题,normal,resolved,2025-12-12 20:07:55,2025-12-14 12:07:55,app
TK0001461,U004471,O00007559,活动优惠,normal,resolved,2026-06-09 03:43:35,2026-06-11 18:43:35,phone
TK0001462,U001083,O00004461,商品咨询,normal,processing,2026-01-30 15:10:11,,web
TK0001463,U004503,O00010832,退款售后,normal,closed,2025-04-17 06:30:37,2025-04-20 02:30:37,app
TK0001464,U002549,,物流问题,high,resolved,2025-02-22 03:25:27,2025-02-24 17:25:27,social
TK0001465,U001446,O00008678,物流问题,high,closed,2026-01-08 14:20:46,2026-01-11 01:20:46,phone
TK0001466,U000470,O00001230,账户问题,normal,closed,2026-03-18 20:09:50,2026-03-20 23:09:50,app
TK0001467,U000218,O00009476,商品咨询,high,closed,2026-01-14 10:21:14,2026-01-17 06:21:14,phone
TK0001468,U002057,O00006944,商品咨询,normal,open,2025-01-22 00:13:24,,app
TK0001469,U002761,O00011185,退款售后,normal,processing,2025-06-03 04:37:42,,app
TK0001470,U003797,O00007475,退款售后,normal,resolved,2025-02-19 13:58:26,2025-02-20 10:58:26,phone
TK0001471,U000029,O00008288,物流问题,low,closed,2025-04-23 03:21:51,2025-04-23 10:21:51,app
TK0001472,U000407,,订单咨询,high,closed,2025-03-03 21:31:31,2025-03-04 23:31:31,social
TK0001473,U004378,,商品咨询,normal,closed,2025-01-12 14:07:47,2025-01-15 14:07:47,web
TK0001474,U003725,,物流问题,normal,closed,2026-02-28 00:02:22,2026-03-02 00:02:22,app
TK0001475,U003621,O00002234,退款售后,normal,closed,2025-01-31 03:15:52,2025-02-02 14:15:52,social
TK0001476,U004562,O00008026,订单咨询,low,closed,2026-04-16 04:06:05,2026-04-16 15:06:05,app
TK0001477,U001371,O00006506,商品咨询,normal,resolved,2026-08-22 02:35:10,2026-08-23 09:35:10,social
TK0001478,U001985,O00004422,账户问题,normal,resolved,2025-12-10 23:48:10,2025-12-12 18:48:10,app
TK0001479,U001392,O00000539,物流问题,high,closed,2025-09-07 11:36:10,2025-09-08 19:36:10,phone
TK0001480,U000786,O00010742,活动优惠,urgent,closed,2026-05-09 08:04:42,2026-05-12 04:04:42,app
TK0001481,U001740,O00011622,物流问题,low,resolved,2026-07-02 23:21:37,2026-07-04 23:21:37,app
TK0001482,U002208,O00000630,账户问题,normal,closed,2025-05-13 01:30:27,2025-05-13 19:30:27,web
TK0001483,U003875,O00002858,退款售后,normal,closed,2025-11-24 14:32:54,2025-11-27 02:32:54,phone
TK0001484,U003715,O00006466,物流问题,normal,closed,2026-04-09 01:49:54,2026-04-09 05:49:54,web
TK0001485,U001819,,退款售后,high,closed,2026-07-14 12:51:24,2026-07-15 16:51:24,social
TK0001486,U004914,,退款售后,normal,open,2026-01-02 13:17:34,,phone
TK0001487,U003739,O00005531,账户问题,normal,closed,2025-10-06 17:21:53,2025-10-06 21:21:53,app
TK0001488,U004502,O00006626,商品咨询,normal,closed,2026-02-07 08:25:31,2026-02-09 22:25:31,social
TK0001489,U003995,,活动优惠,normal,open,2025-08-22 13:41:24,,app
TK0001490,U000397,O00003675,活动优惠,low,resolved,2026-05-18 12:40:31,2026-05-18 21:40:31,social
TK0001491,U002605,O00010619,退款售后,normal,resolved,2025-06-20 02:55:23,2025-06-20 16:55:23,web
TK0001492,U002805,O00002426,订单咨询,high,closed,2025-06-21 11:00:12,2025-06-24 10:00:12,social
TK0001493,U001654,O00011903,账户问题,normal,closed,2026-06-28 07:31:36,2026-07-01 02:31:36,app
TK0001494,U000530,O00004321,活动优惠,normal,closed,2025-12-20 11:03:11,2025-12-21 18:03:11,app
TK0001495,U004910,O00003807,退款售后,urgent,closed,2025-01-07 14:56:18,2025-01-08 03:56:18,app
TK0001496,U000353,O00011540,订单咨询,high,closed,2026-01-13 07:40:59,2026-01-14 23:40:59,app
TK0001497,U003115,O00002112,退款售后,normal,closed,2025-05-10 18:37:00,2025-05-12 17:37:00,web
TK0001498,U001938,O00010260,订单咨询,normal,resolved,2026-07-25 12:31:37,2026-07-26 17:31:37,app
TK0001499,U001562,O00001736,退款售后,normal,resolved,2026-03-06 05:31:16,2026-03-06 20:31:16,app
TK0001500,U000394,O00002282,订单咨询,normal,open,2025-08-11 20:36:03,,phone
TK0001501,U001928,O00002978,订单咨询,high,open,2025-04-15 11:12:40,,phone
TK0001502,U002129,O00011939,活动优惠,low,open,2026-03-22 16:58:23,,app
TK0001503,U000206,O00008866,商品咨询,low,resolved,2026-06-18 20:17:12,2026-06-21 07:17:12,app
TK0001504,U004860,O00001629,物流问题,normal,closed,2025-03-27 19:43:02,2025-03-29 19:43:02,app
TK0001505,U004117,O00004280,物流问题,low,closed,2026-05-14 11:03:56,2026-05-16 21:03:56,app
TK0001506,U004764,,活动优惠,normal,closed,2026-07-14 05:38:38,2026-07-16 21:38:38,phone
TK0001507,U003953,O00010124,退款售后,normal,closed,2026-08-12 20:46:46,2026-08-15 20:46:46,app
TK0001508,U000697,O00010416,退款售后,normal,closed,2026-01-12 04:54:05,2026-01-14 10:54:05,web
TK0001509,U000058,O00003605,账户问题,normal,closed,2025-09-22 08:18:49,2025-09-24 13:18:49,phone
TK0001510,U002991,O00007132,订单咨询,normal,resolved,2025-06-23 17:04:31,2025-06-24 16:04:31,web
TK0001511,U004390,,物流问题,normal,closed,2026-06-27 21:41:17,2026-06-28 16:41:17,app
TK0001512,U004403,O00001440,活动优惠,normal,open,2026-04-14 16:14:04,,web
TK0001513,U004777,O00003250,活动优惠,normal,resolved,2025-08-25 07:27:54,2025-08-26 17:27:54,web
TK0001514,U004782,O00011537,账户问题,normal,closed,2025-07-09 08:16:16,2025-07-10 23:16:16,social
TK0001515,U004726,,物流问题,normal,closed,2025-04-02 17:05:21,2025-04-03 08:05:21,social
TK0001516,U003018,O00011922,账户问题,normal,closed,2025-12-01 03:45:22,2025-12-02 09:45:22,app
TK0001517,U000853,O00010533,账户问题,high,processing,2025-12-09 20:31:16,,app
TK0001518,U000074,,商品咨询,normal,closed,2025-07-09 22:26:13,2025-07-12 01:26:13,app
TK0001519,U003144,O00001451,商品咨询,normal,closed,2025-07-22 05:40:41,2025-07-22 07:40:41,web
TK0001520,U004870,O00001089,物流问题,normal,resolved,2025-03-14 02:35:21,2025-03-16 07:35:21,app
TK0001521,U000267,O00000270,活动优惠,urgent,closed,2025-07-03 12:57:10,2025-07-06 02:57:10,web
TK0001522,U000295,O00007793,退款售后,normal,resolved,2026-08-21 06:42:10,2026-08-23 02:42:10,app
TK0001523,U000267,O00006926,退款售后,normal,closed,2025-01-23 20:28:39,2025-01-25 15:28:39,web
TK0001524,U000657,O00001125,退款售后,normal,open,2025-01-18 13:57:37,,app
TK0001525,U001504,O00004974,商品咨询,normal,resolved,2025-05-31 21:44:18,2025-06-01 16:44:18,app
TK0001526,U001242,O00009613,物流问题,low,closed,2025-03-18 16:52:52,2025-03-21 16:52:52,app
TK0001527,U003195,O00010263,物流问题,normal,closed,2026-02-06 21:14:38,2026-02-09 03:14:38,app
TK0001528,U003785,O00006097,退款售后,normal,closed,2025-04-29 14:29:35,2025-05-01 22:29:35,app
TK0001529,U004998,O00001111,活动优惠,normal,processing,2025-11-18 12:26:50,,social
TK0001530,U003754,O00005358,物流问题,high,resolved,2025-06-10 00:20:52,2025-06-11 11:20:52,web
TK0001531,U002615,O00003822,订单咨询,high,closed,2026-03-01 00:35:47,2026-03-02 23:35:47,web
TK0001532,U002997,O00010863,物流问题,normal,closed,2026-03-05 17:45:28,2026-03-06 22:45:28,app
TK0001533,U001210,,商品咨询,high,open,2026-06-25 18:14:20,,social
TK0001534,U001639,O00010031,退款售后,low,resolved,2026-02-13 05:52:04,2026-02-13 10:52:04,web
TK0001535,U004318,O00008110,物流问题,normal,closed,2025-04-26 18:25:51,2025-04-26 20:25:51,app
TK0001536,U001022,,活动优惠,low,resolved,2025-09-26 14:30:02,2025-09-27 21:30:02,web
TK0001537,U004032,O00000370,退款售后,normal,closed,2026-07-31 15:20:00,2026-08-03 06:20:00,social
TK0001538,U003348,O00010574,活动优惠,normal,resolved,2025-10-04 15:08:52,2025-10-04 21:08:52,phone
TK0001539,U001312,O00010000,订单咨询,normal,resolved,2025-10-09 05:09:16,2025-10-10 04:09:16,app
TK0001540,U003680,O00000917,订单咨询,high,processing,2026-01-02 22:16:59,,social
TK0001541,U000487,O00003388,订单咨询,normal,processing,2025-07-04 19:32:20,,phone
TK0001542,U002734,O00009124,商品咨询,normal,resolved,2025-01-21 01:26:32,2025-01-22 15:26:32,web
TK0001543,U002142,O00003008,退款售后,high,open,2026-06-04 15:17:47,,phone
TK0001544,U000384,O00002215,订单咨询,urgent,resolved,2025-10-23 06:43:41,2025-10-24 21:43:41,social
TK0001545,U003826,O00003355,账户问题,normal,closed,2026-05-02 13:12:23,2026-05-04 14:12:23,social
TK0001546,U001512,O00005076,订单咨询,low,resolved,2025-12-09 13:41:38,2025-12-10 07:41:38,app
TK0001547,U000639,O00006668,商品咨询,high,closed,2025-10-09 14:38:16,2025-10-10 19:38:16,app
TK0001548,U002410,O00007894,商品咨询,normal,resolved,2025-02-05 05:35:14,2025-02-07 13:35:14,phone
TK0001549,U003869,,商品咨询,normal,resolved,2025-01-23 04:30:48,2025-01-23 08:30:48,web
TK0001550,U002388,O00008120,商品咨询,normal,resolved,2025-08-20 02:53:14,2025-08-22 03:53:14,web
TK0001551,U001016,O00002851,账户问题,normal,resolved,2026-08-20 06:17:11,2026-08-22 10:17:11,app
TK0001552,U004779,,退款售后,normal,closed,2026-08-21 21:36:45,2026-08-22 13:36:45,app
TK0001553,U002331,,物流问题,normal,resolved,2025-05-08 05:26:52,2025-05-09 12:26:52,social
TK0001554,U000561,O00006829,退款售后,high,closed,2026-02-10 15:28:13,2026-02-10 23:28:13,app
TK0001555,U000522,O00009972,活动优惠,normal,closed,2025-12-29 16:42:38,2025-12-31 08:42:38,app
TK0001556,U004501,O00008171,账户问题,normal,closed,2025-02-17 20:56:56,2025-02-19 22:56:56,app
TK0001557,U000089,,物流问题,low,closed,2026-01-26 07:24:15,2026-01-28 15:24:15,app
TK0001558,U001894,O00004451,物流问题,high,processing,2025-08-15 06:11:07,,app
TK0001559,U004194,,商品咨询,normal,closed,2026-01-19 08:18:53,2026-01-21 21:18:53,app
TK0001560,U004911,O00000412,活动优惠,normal,processing,2026-04-27 18:29:26,,phone
TK0001561,U003322,O00007955,订单咨询,high,closed,2025-03-14 13:11:12,2025-03-16 13:11:12,app
TK0001562,U001819,O00001276,物流问题,urgent,processing,2026-02-18 04:45:35,,phone
TK0001563,U003834,O00004658,订单咨询,high,closed,2026-05-09 11:04:39,2026-05-11 02:04:39,web
TK0001564,U003771,,活动优惠,normal,resolved,2025-01-21 20:01:17,2025-01-24 14:01:17,phone
TK0001565,U000449,,退款售后,normal,resolved,2026-03-31 11:29:37,2026-04-01 04:29:37,app
TK0001566,U002028,,退款售后,high,closed,2025-02-07 12:18:54,2025-02-08 02:18:54,phone
TK0001567,U000463,O00007898,商品咨询,high,closed,2025-02-15 04:01:11,2025-02-18 03:01:11,phone
TK0001568,U002291,O00011338,活动优惠,high,resolved,2026-06-16 19:06:51,2026-06-17 22:06:51,app
TK0001569,U003191,O00006284,商品咨询,normal,closed,2025-06-22 08:56:08,2025-06-24 04:56:08,social
TK0001570,U003354,,商品咨询,normal,processing,2025-05-18 01:45:31,,phone
TK0001571,U003538,O00004429,账户问题,urgent,resolved,2025-04-13 03:27:40,2025-04-13 13:27:40,phone
TK0001572,U001760,O00005128,退款售后,normal,closed,2026-01-15 09:08:12,2026-01-16 16:08:12,app
TK0001573,U002830,O00009426,物流问题,normal,resolved,2026-05-29 21:33:52,2026-05-30 13:33:52,app
TK0001574,U004559,O00001425,活动优惠,normal,closed,2026-02-20 07:45:03,2026-02-20 15:45:03,social
TK0001575,U003263,O00004643,物流问题,normal,closed,2025-11-05 09:11:58,2025-11-07 21:11:58,social
TK0001576,U002426,O00005272,活动优惠,normal,resolved,2025-03-26 05:14:21,2025-03-27 00:14:21,app
TK0001577,U001614,O00010519,商品咨询,high,resolved,2026-02-13 05:37:34,2026-02-13 13:37:34,app
TK0001578,U002586,O00000617,活动优惠,normal,closed,2025-11-20 09:38:50,2025-11-22 04:38:50,app
TK0001579,U001676,O00001019,活动优惠,normal,closed,2025-06-17 21:52:51,2025-06-18 15:52:51,phone
TK0001580,U002824,O00006996,订单咨询,high,closed,2025-03-18 00:56:15,2025-03-20 10:56:15,phone
TK0001581,U004646,O00009491,退款售后,normal,resolved,2025-04-19 11:21:58,2025-04-19 23:21:58,app
TK0001582,U004140,O00010147,活动优惠,normal,processing,2026-05-13 16:51:18,,web
TK0001583,U004288,O00004998,物流问题,normal,resolved,2025-10-10 08:03:29,2025-10-10 20:03:29,phone
TK0001584,U000162,O00007836,活动优惠,high,resolved,2026-02-19 03:10:18,2026-02-21 10:10:18,app
TK0001585,U004290,O00009918,订单咨询,normal,resolved,2025-02-22 18:45:42,2025-02-23 07:45:42,social
TK0001586,U001270,O00004592,退款售后,high,closed,2026-01-14 03:01:33,2026-01-14 06:01:33,web
TK0001587,U001135,O00007348,物流问题,high,resolved,2025-03-24 01:40:26,2025-03-26 02:40:26,app
TK0001588,U003568,,退款售后,low,resolved,2026-07-24 02:57:38,2026-07-24 13:57:38,phone
TK0001589,U002483,,退款售后,normal,closed,2025-01-21 23:11:51,2025-01-24 12:11:51,app
TK0001590,U001895,,活动优惠,normal,resolved,2025-02-26 01:37:56,2025-02-27 02:37:56,app
TK0001591,U002251,O00004493,物流问题,low,closed,2026-03-02 20:45:26,2026-03-03 22:45:26,social
TK0001592,U002902,O00005766,物流问题,normal,closed,2025-11-18 05:59:21,2025-11-21 03:59:21,app
TK0001593,U004898,O00007072,退款售后,normal,processing,2025-08-26 07:11:07,,phone
TK0001594,U004665,O00011874,订单咨询,normal,open,2025-08-05 11:07:51,,app
TK0001595,U000007,O00008407,物流问题,high,processing,2026-07-28 04:41:22,,app
TK0001596,U004873,O00003620,订单咨询,normal,closed,2025-04-21 15:18:01,2025-04-22 02:18:01,phone
TK0001597,U003372,O00001832,退款售后,high,closed,2026-05-16 05:57:51,2026-05-17 04:57:51,web
TK0001598,U004750,O00003310,订单咨询,normal,closed,2025-04-22 17:42:04,2025-04-23 07:42:04,app
TK0001599,U002064,O00003256,订单咨询,low,closed,2025-07-07 09:11:49,2025-07-10 09:11:49,app
TK0001600,U004947,O00006860,退款售后,high,resolved,2025-06-23 08:13:37,2025-06-26 06:13:37,web
TK0001601,U000470,,物流问题,normal,resolved,2025-07-10 20:10:49,2025-07-11 05:10:49,app
TK0001602,U001487,O00004585,退款售后,normal,closed,2025-03-23 06:15:58,2025-03-25 00:15:58,app
TK0001603,U000600,O00002267,订单咨询,high,resolved,2025-05-21 01:28:21,2025-05-21 19:28:21,app
TK0001604,U004146,O00011925,退款售后,high,closed,2025-07-20 14:32:27,2025-07-22 08:32:27,app
TK0001605,U004598,O00006022,退款售后,low,closed,2025-01-20 00:07:47,2025-01-21 15:07:47,social
TK0001606,U003266,,订单咨询,low,resolved,2025-07-09 23:06:28,2025-07-12 04:06:28,social
TK0001607,U000653,O00011643,退款售后,low,closed,2026-01-05 01:06:55,2026-01-07 23:06:55,app
TK0001608,U003792,O00003294,物流问题,low,resolved,2026-03-02 19:57:48,2026-03-03 20:57:48,phone
TK0001609,U001526,O00005857,物流问题,normal,closed,2025-10-31 13:10:02,2025-11-02 19:10:02,app
TK0001610,U001363,O00008946,商品咨询,normal,closed,2025-11-18 22:20:25,2025-11-20 21:20:25,app
TK0001611,U003914,O00002575,活动优惠,normal,resolved,2026-06-13 18:33:57,2026-06-14 10:33:57,social
TK0001612,U002407,O00008196,退款售后,low,open,2025-10-16 14:18:01,,app
TK0001613,U004418,O00002068,物流问题,high,closed,2025-09-07 10:15:37,2025-09-09 00:15:37,app
TK0001614,U000945,O00007585,账户问题,normal,closed,2026-08-24 01:40:06,2026-08-26 16:40:06,phone
TK0001615,U000094,,活动优惠,normal,closed,2025-06-08 22:39:36,2025-06-11 13:39:36,app
TK0001616,U003825,O00006084,订单咨询,normal,processing,2026-04-28 13:34:13,,app
TK0001617,U001457,,账户问题,low,closed,2025-03-29 22:50:11,2025-03-30 01:50:11,app
TK0001618,U000087,O00003315,订单咨询,normal,resolved,2026-08-14 17:46:23,2026-08-16 05:46:23,app
TK0001619,U000031,O00007603,退款售后,normal,resolved,2025-08-10 12:25:05,2025-08-13 00:25:05,app
TK0001620,U001938,O00002941,订单咨询,high,closed,2025-07-04 13:20:27,2025-07-07 08:20:27,app
TK0001621,U000419,O00005960,活动优惠,normal,resolved,2026-02-14 16:22:57,2026-02-17 01:22:57,app
TK0001622,U000215,O00008053,活动优惠,urgent,resolved,2025-02-16 13:40:21,2025-02-19 02:40:21,app
TK0001623,U000382,O00001822,物流问题,normal,open,2026-01-07 10:03:38,,app
TK0001624,U004537,O00010126,退款售后,high,resolved,2025-03-31 15:09:54,2025-03-31 18:09:54,app
TK0001625,U002769,O00001241,商品咨询,normal,closed,2025-08-15 03:10:02,2025-08-16 19:10:02,app
TK0001626,U000281,O00006723,账户问题,normal,resolved,2025-09-22 23:00:02,2025-09-25 06:00:02,app
TK0001627,U002738,,退款售后,normal,closed,2026-01-19 11:10:26,2026-01-19 17:10:26,app
TK0001628,U004406,O00011992,物流问题,normal,closed,2025-04-13 14:04:36,2025-04-16 12:04:36,app
TK0001629,U003252,O00007809,退款售后,high,closed,2025-06-19 22:26:08,2025-06-22 18:26:08,app
TK0001630,U001562,O00001736,账户问题,high,resolved,2026-03-15 16:31:16,2026-03-16 07:31:16,web
TK0001631,U004823,,退款售后,normal,closed,2025-10-31 09:49:51,2025-11-01 21:49:51,app
TK0001632,U002507,,商品咨询,low,resolved,2026-06-02 12:07:05,2026-06-03 02:07:05,app
TK0001633,U001046,O00010367,订单咨询,normal,closed,2025-01-12 03:09:28,2025-01-14 20:09:28,social
TK0001634,U000597,,物流问题,urgent,closed,2026-04-07 14:02:11,2026-04-08 14:02:11,app
TK0001635,U003848,O00011955,订单咨询,normal,resolved,2025-04-24 00:48:14,2025-04-25 05:48:14,phone
TK0001636,U001307,O00008428,物流问题,normal,open,2026-02-28 08:43:58,,web
TK0001637,U002265,O00006963,退款售后,normal,closed,2026-08-08 12:28:42,2026-08-10 19:28:42,phone
TK0001638,U003032,O00007636,商品咨询,low,processing,2025-05-01 17:44:55,,social
TK0001639,U000884,O00005184,商品咨询,high,resolved,2026-03-22 05:31:51,2026-03-23 09:31:51,web
TK0001640,U002053,O00001656,订单咨询,low,closed,2025-07-05 07:02:45,2025-07-06 14:02:45,social
TK0001641,U004918,O00009221,商品咨询,normal,processing,2025-07-27 03:11:43,,app
TK0001642,U002671,O00005933,订单咨询,normal,open,2025-09-22 02:45:34,,app
TK0001643,U001135,,物流问题,low,open,2026-02-16 19:44:46,,phone
TK0001644,U003165,O00001984,退款售后,urgent,closed,2025-12-08 16:26:00,2025-12-11 02:26:00,social
TK0001645,U003567,O00006731,物流问题,normal,closed,2025-08-20 15:25:11,2025-08-23 12:25:11,app
TK0001646,U004152,O00002250,物流问题,normal,closed,2026-01-14 08:42:22,2026-01-16 09:42:22,social
TK0001647,U004434,O00011732,商品咨询,normal,open,2025-08-06 04:37:45,,app
TK0001648,U002299,O00010712,活动优惠,low,closed,2025-02-03 22:41:25,2025-02-06 06:41:25,web
TK0001649,U003243,O00002419,账户问题,normal,resolved,2025-03-22 11:07:16,2025-03-22 14:07:16,phone
TK0001650,U001839,O00002540,退款售后,high,resolved,2025-01-28 19:30:31,2025-01-31 03:30:31,app
TK0001651,U002443,,物流问题,high,closed,2026-07-23 07:59:30,2026-07-23 15:59:30,app
TK0001652,U000688,O00005945,活动优惠,normal,closed,2025-12-09 19:31:20,2025-12-10 22:31:20,phone
TK0001653,U003141,O00001009,活动优惠,normal,closed,2025-02-02 22:46:58,2025-02-05 21:46:58,app
TK0001654,U003872,,物流问题,normal,open,2025-10-13 23:32:52,,app
TK0001655,U000508,O00007504,退款售后,normal,resolved,2026-04-25 09:11:49,2026-04-28 02:11:49,app
TK0001656,U002953,O00008265,退款售后,normal,resolved,2026-07-08 09:14:28,2026-07-08 22:14:28,app
TK0001657,U000254,O00009075,物流问题,low,closed,2025-11-01 17:47:42,2025-11-02 09:47:42,app
TK0001658,U002658,,退款售后,normal,closed,2025-03-31 16:31:25,2025-04-02 10:31:25,app
TK0001659,U001236,O00004151,订单咨询,normal,resolved,2025-12-15 16:06:45,2025-12-17 20:06:45,app
TK0001660,U004087,O00010884,物流问题,normal,closed,2026-07-16 16:21:02,2026-07-18 06:21:02,app
TK0001661,U001302,O00011978,订单咨询,normal,closed,2026-02-16 00:30:10,2026-02-16 02:30:10,app
TK0001662,U004783,,活动优惠,high,closed,2026-05-01 07:23:00,2026-05-02 12:23:00,web
TK0001663,U002549,,活动优惠,normal,closed,2026-04-12 15:32:37,2026-04-14 23:32:37,app
TK0001664,U004665,O00011874,账户问题,normal,resolved,2025-08-01 07:07:51,2025-08-02 14:07:51,phone
TK0001665,U002060,O00001441,订单咨询,normal,resolved,2026-07-13 16:02:45,2026-07-13 20:02:45,app
TK0001666,U004886,O00010897,账户问题,normal,resolved,2026-04-09 04:18:13,2026-04-11 20:18:13,web
TK0001667,U004678,O00011964,物流问题,normal,resolved,2025-06-05 10:56:09,2025-06-06 18:56:09,app
TK0001668,U001897,O00010872,订单咨询,high,resolved,2025-06-05 23:47:26,2025-06-08 07:47:26,web
TK0001669,U000298,O00007304,物流问题,low,closed,2026-01-04 05:35:26,2026-01-06 12:35:26,social
TK0001670,U000432,O00006929,商品咨询,low,resolved,2025-10-17 18:01:15,2025-10-18 06:01:15,social
TK0001671,U003924,O00002036,活动优惠,normal,resolved,2025-11-08 04:14:25,2025-11-09 11:14:25,web
TK0001672,U001840,O00003075,商品咨询,normal,processing,2025-04-29 21:05:48,,phone
TK0001673,U002927,,退款售后,normal,resolved,2026-01-17 04:15:13,2026-01-17 11:15:13,phone
TK0001674,U000067,O00007239,物流问题,normal,resolved,2025-08-23 06:44:48,2025-08-24 01:44:48,phone
TK0001675,U003331,O00002446,物流问题,high,closed,2026-03-03 04:08:06,2026-03-03 20:08:06,web
TK0001676,U001294,O00007774,商品咨询,high,processing,2025-01-17 07:27:08,,social
TK0001677,U004121,O00007127,活动优惠,normal,resolved,2025-01-25 17:31:02,2025-01-27 06:31:02,phone
TK0001678,U004198,O00006313,商品咨询,normal,closed,2026-05-25 23:04:48,2026-05-27 18:04:48,phone
TK0001679,U000242,O00002887,退款售后,urgent,resolved,2025-11-24 00:04:04,2025-11-26 20:04:04,app
TK0001680,U002702,O00004312,物流问题,high,resolved,2025-05-26 09:12:48,2025-05-29 06:12:48,web
TK0001681,U003141,O00001009,退款售后,normal,resolved,2025-01-30 22:46:58,2025-02-02 22:46:58,social
TK0001682,U002616,O00008633,退款售后,normal,closed,2026-03-21 23:54:17,2026-03-22 14:54:17,app
TK0001683,U003001,,物流问题,normal,processing,2025-08-16 18:37:59,,web
TK0001684,U000869,O00011672,退款售后,low,resolved,2025-06-25 22:23:10,2025-06-28 14:23:10,web
TK0001685,U003785,O00008803,物流问题,normal,processing,2026-07-27 22:55:29,,phone
TK0001686,U004756,O00011813,活动优惠,high,closed,2025-08-29 02:24:18,2025-08-30 21:24:18,social
TK0001687,U004933,O00009605,账户问题,normal,processing,2025-12-29 19:47:19,,app
TK0001688,U001278,O00004871,退款售后,normal,processing,2025-06-10 06:36:02,,phone
TK0001689,U004290,O00000282,账户问题,normal,closed,2026-01-21 07:31:11,2026-01-22 07:31:11,app
TK0001690,U001478,O00005716,退款售后,urgent,closed,2026-05-26 12:33:57,2026-05-29 04:33:57,web
TK0001691,U001125,O00005824,退款售后,low,closed,2025-03-21 05:24:07,2025-03-24 02:24:07,social
TK0001692,U001870,,退款售后,normal,closed,2026-03-14 04:33:30,2026-03-16 01:33:30,app
TK0001693,U003639,O00011130,订单咨询,normal,resolved,2025-07-02 07:26:57,2025-07-02 20:26:57,phone
TK0001694,U003527,O00006545,订单咨询,low,open,2025-04-30 04:00:28,,web
TK0001695,U000456,O00002246,物流问题,normal,resolved,2026-06-21 07:54:42,2026-06-21 15:54:42,web
TK0001696,U001085,O00009499,订单咨询,normal,closed,2026-01-18 14:46:32,2026-01-19 05:46:32,social
TK0001697,U001042,O00003372,退款售后,normal,closed,2026-08-13 09:38:53,2026-08-15 15:38:53,social
TK0001698,U001220,O00009257,活动优惠,high,open,2026-02-15 07:50:04,,social
TK0001699,U004326,O00009612,商品咨询,normal,resolved,2025-07-21 18:45:11,2025-07-24 09:45:11,app
TK0001700,U003763,O00004803,订单咨询,normal,resolved,2025-02-15 04:18:10,2025-02-16 04:18:10,social
TK0001701,U002832,O00006298,活动优惠,low,resolved,2026-08-04 10:57:57,2026-08-05 10:57:57,web
TK0001702,U004248,,活动优惠,normal,resolved,2025-11-26 00:26:20,2025-11-26 13:26:20,app
TK0001703,U002634,O00004500,退款售后,normal,resolved,2025-06-29 17:54:55,2025-07-01 03:54:55,app
TK0001704,U002240,O00011602,商品咨询,high,processing,2026-07-20 11:10:43,,web
TK0001705,U002329,O00010382,退款售后,high,open,2026-02-22 11:07:39,,phone
TK0001706,U000238,O00002289,退款售后,normal,resolved,2025-06-13 11:08:51,2025-06-16 10:08:51,web
TK0001707,U004475,O00002837,账户问题,normal,closed,2025-07-05 03:12:07,2025-07-05 17:12:07,social
TK0001708,U000153,O00006627,物流问题,normal,resolved,2025-04-22 05:28:40,2025-04-22 15:28:40,social
TK0001709,U004513,O00009883,退款售后,normal,resolved,2025-12-22 08:22:48,2025-12-23 07:22:48,social
TK0001710,U000802,O00002896,活动优惠,normal,closed,2025-01-28 00:30:19,2025-01-28 01:30:19,app
TK0001711,U004595,O00010344,活动优惠,normal,open,2026-02-22 04:10:31,,web
TK0001712,U002934,,订单咨询,normal,processing,2025-11-30 07:38:47,,app
TK0001713,U003755,O00000091,退款售后,normal,resolved,2025-06-19 21:45:01,2025-06-22 08:45:01,app
TK0001714,U001059,O00010646,活动优惠,urgent,resolved,2026-05-22 15:03:52,2026-05-23 15:03:52,app
TK0001715,U004898,O00007072,物流问题,normal,resolved,2025-08-25 22:11:07,2025-08-28 07:11:07,app
TK0001716,U003991,O00011373,物流问题,low,resolved,2025-05-14 05:46:04,2025-05-17 02:46:04,phone
TK0001717,U003799,O00003242,商品咨询,normal,closed,2025-05-29 01:11:24,2025-05-31 07:11:24,social
TK0001718,U003061,O00002653,物流问题,normal,resolved,2025-05-26 08:23:37,2025-05-27 10:23:37,web
TK0001719,U002953,O00001307,账户问题,low,closed,2026-08-31 17:19:40,2026-09-03 14:19:40,app
TK0001720,U004249,O00000086,订单咨询,normal,processing,2026-05-08 02:19:13,,app
TK0001721,U004606,O00010476,订单咨询,normal,resolved,2026-02-17 05:33:54,2026-02-17 09:33:54,social
TK0001722,U001269,,物流问题,normal,closed,2026-04-02 05:13:04,2026-04-04 21:13:04,social
TK0001723,U004097,O00010025,活动优惠,normal,closed,2026-01-30 17:59:13,2026-02-01 21:59:13,app
TK0001724,U004789,,商品咨询,normal,resolved,2025-01-08 21:51:03,2025-01-10 01:51:03,social
TK0001725,U004663,O00011572,物流问题,high,closed,2025-03-27 21:44:16,2025-03-30 17:44:16,app
TK0001726,U001551,O00010346,物流问题,high,processing,2025-09-09 01:23:34,,phone
TK0001727,U004875,O00009563,物流问题,low,open,2026-02-17 15:35:51,,phone
TK0001728,U002352,,账户问题,high,processing,2025-12-09 07:16:53,,phone
TK0001729,U001703,,订单咨询,normal,resolved,2025-03-19 16:23:37,2025-03-21 11:23:37,app
TK0001730,U003767,O00007543,物流问题,low,resolved,2025-06-12 22:09:15,2025-06-12 23:09:15,social
TK0001731,U001814,O00006240,物流问题,low,closed,2026-03-18 17:22:05,2026-03-20 04:22:05,web
TK0001732,U002245,O00003631,账户问题,high,closed,2026-02-18 00:18:31,2026-02-20 20:18:31,app
TK0001733,U001050,O00004488,退款售后,normal,closed,2026-04-03 20:08:13,2026-04-04 09:08:13,web
TK0001734,U004905,O00008170,退款售后,low,closed,2026-01-26 18:13:58,2026-01-27 18:13:58,app
TK0001735,U000090,,订单咨询,low,closed,2026-04-18 06:50:18,2026-04-20 13:50:18,app
TK0001736,U001907,O00008619,商品咨询,normal,processing,2026-04-21 14:24:01,,social
TK0001737,U002163,,退款售后,normal,closed,2026-01-10 20:06:56,2026-01-12 16:06:56,app
TK0001738,U003841,O00004664,账户问题,normal,resolved,2025-10-08 22:46:58,2025-10-11 17:46:58,app
TK0001739,U004358,O00000464,商品咨询,normal,resolved,2025-05-19 08:57:03,2025-05-20 12:57:03,web
TK0001740,U000669,,订单咨询,high,closed,2026-08-12 03:23:16,2026-08-14 10:23:16,app
TK0001741,U001175,O00009582,账户问题,urgent,closed,2025-06-19 02:24:34,2025-06-21 05:24:34,app
TK0001742,U003723,,商品咨询,normal,resolved,2025-01-05 02:52:19,2025-01-05 05:52:19,app
TK0001743,U004158,O00009200,商品咨询,high,closed,2026-05-01 05:35:25,2026-05-01 20:35:25,app
TK0001744,U003292,O00010728,退款售后,normal,closed,2026-03-04 16:44:36,2026-03-06 00:44:36,web
TK0001745,U004765,O00004999,活动优惠,normal,closed,2026-02-06 01:20:54,2026-02-08 23:20:54,app
TK0001746,U000398,O00007638,活动优惠,normal,closed,2026-05-10 03:52:28,2026-05-11 20:52:28,app
TK0001747,U004148,O00001263,商品咨询,normal,open,2026-02-03 04:48:22,,social
TK0001748,U001431,O00000280,物流问题,normal,resolved,2025-04-09 22:07:24,2025-04-12 03:07:24,social
TK0001749,U000528,O00008558,订单咨询,low,open,2025-07-24 22:33:19,,web
TK0001750,U001346,O00000287,账户问题,low,closed,2025-11-05 14:34:25,2025-11-07 23:34:25,web
TK0001751,U004825,O00009596,物流问题,normal,resolved,2026-04-09 21:44:49,2026-04-12 11:44:49,app
TK0001752,U002029,O00002845,物流问题,low,resolved,2026-06-24 11:54:47,2026-06-24 15:54:47,app
TK0001753,U002867,O00010641,退款售后,normal,closed,2026-02-16 20:51:17,2026-02-17 10:51:17,social
TK0001754,U002300,O00006309,物流问题,normal,processing,2026-01-12 06:19:01,,app
TK0001755,U004889,O00008201,商品咨询,high,resolved,2026-01-20 05:25:58,2026-01-20 22:25:58,social
TK0001756,U000312,O00009638,订单咨询,normal,processing,2026-04-04 16:39:13,,web
TK0001757,U004155,O00000475,物流问题,urgent,closed,2025-03-12 16:04:57,2025-03-15 01:04:57,app
TK0001758,U001626,O00008188,退款售后,normal,resolved,2025-06-16 17:18:29,2025-06-18 22:18:29,phone
TK0001759,U002354,,活动优惠,high,closed,2025-05-22 20:18:32,2025-05-24 01:18:32,social
TK0001760,U000557,O00007835,订单咨询,normal,closed,2025-03-12 15:36:06,2025-03-14 12:36:06,app
TK0001761,U000566,O00010766,活动优惠,normal,closed,2025-08-29 10:50:31,2025-08-29 21:50:31,app
TK0001762,U001227,O00006494,活动优惠,normal,closed,2025-07-15 13:48:53,2025-07-15 14:48:53,app
TK0001763,U000746,O00011436,账户问题,high,resolved,2026-03-04 15:12:19,2026-03-06 09:12:19,app
TK0001764,U001629,O00006189,商品咨询,low,closed,2025-05-10 02:00:22,2025-05-12 15:00:22,app
TK0001765,U003278,O00002341,商品咨询,normal,open,2025-07-18 09:45:05,,app
TK0001766,U003711,O00000899,订单咨询,normal,resolved,2025-02-04 09:49:03,2025-02-05 10:49:03,app
TK0001767,U004990,,订单咨询,normal,processing,2026-03-03 19:13:59,,app
TK0001768,U001492,O00011832,商品咨询,normal,resolved,2025-12-15 09:07:00,2025-12-17 05:07:00,web
TK0001769,U003555,O00007215,账户问题,low,resolved,2025-12-29 13:50:24,2025-12-30 03:50:24,web
TK0001770,U001059,O00010646,物流问题,normal,closed,2026-05-23 13:03:52,2026-05-24 18:03:52,app
TK0001771,U000560,,账户问题,normal,closed,2026-02-16 10:26:51,2026-02-18 12:26:51,app
TK0001772,U004011,O00004316,退款售后,normal,resolved,2025-04-22 10:56:01,2025-04-24 18:56:01,web
TK0001773,U002229,O00006796,物流问题,normal,resolved,2026-07-03 08:03:59,2026-07-05 06:03:59,app
TK0001774,U003261,,订单咨询,normal,closed,2025-06-20 07:28:34,2025-06-21 23:28:34,app
TK0001775,U000039,O00011165,退款售后,normal,resolved,2026-02-20 01:21:55,2026-02-20 22:21:55,app
TK0001776,U001172,,物流问题,normal,closed,2025-07-07 02:21:10,2025-07-08 20:21:10,phone
TK0001777,U004006,O00007427,物流问题,high,closed,2026-02-15 11:54:20,2026-02-17 18:54:20,phone
TK0001778,U004670,O00005749,物流问题,low,resolved,2026-03-13 09:58:17,2026-03-15 10:58:17,app
TK0001779,U000608,O00004237,商品咨询,high,resolved,2025-06-30 18:54:42,2025-06-30 22:54:42,app
TK0001780,U000542,,活动优惠,normal,resolved,2026-05-06 14:37:00,2026-05-07 11:37:00,web
TK0001781,U004272,O00007666,活动优惠,high,closed,2026-05-13 03:35:00,2026-05-16 03:35:00,phone
TK0001782,U002779,O00006888,订单咨询,high,closed,2025-03-12 09:05:51,2025-03-14 04:05:51,app
TK0001783,U004297,O00000743,退款售后,normal,closed,2025-05-29 12:55:02,2025-06-01 07:55:02,phone
TK0001784,U004010,O00008862,活动优惠,normal,resolved,2025-02-23 01:20:51,2025-02-24 23:20:51,app
TK0001785,U000535,O00001460,退款售后,normal,resolved,2026-08-02 15:35:13,2026-08-03 02:35:13,social
TK0001786,U000617,O00010485,商品咨询,normal,closed,2026-04-11 22:48:02,2026-04-13 02:48:02,web
TK0001787,U004017,,账户问题,normal,resolved,2026-06-12 11:55:07,2026-06-13 22:55:07,web
TK0001788,U001313,O00009439,退款售后,normal,resolved,2025-04-17 18:50:50,2025-04-19 23:50:50,web
TK0001789,U000652,O00009471,退款售后,urgent,closed,2025-04-25 18:15:18,2025-04-26 06:15:18,phone
TK0001790,U003848,O00005429,物流问题,high,resolved,2025-09-23 21:57:12,2025-09-26 07:57:12,app
TK0001791,U002057,O00004569,物流问题,normal,resolved,2025-03-25 17:57:16,2025-03-27 09:57:16,phone
TK0001792,U003228,O00000245,物流问题,normal,resolved,2025-09-06 04:02:36,2025-09-06 07:02:36,app
TK0001793,U000929,,退款售后,normal,resolved,2025-01-04 02:31:12,2025-01-04 09:31:12,app
TK0001794,U003132,,账户问题,normal,resolved,2026-02-10 02:48:41,2026-02-11 12:48:41,phone
TK0001795,U003837,,退款售后,normal,resolved,2026-01-19 09:51:02,2026-01-22 00:51:02,social
TK0001796,U003244,,活动优惠,normal,resolved,2026-03-26 04:00:27,2026-03-28 08:00:27,app
TK0001797,U003374,O00001250,退款售后,normal,open,2026-08-26 06:11:38,,web
TK0001798,U003083,O00005502,退款售后,normal,closed,2026-01-23 00:53:38,2026-01-23 20:53:38,app
TK0001799,U000706,,订单咨询,normal,resolved,2026-01-13 23:28:22,2026-01-14 13:28:22,phone
TK0001800,U004379,O00007523,退款售后,normal,processing,2026-08-02 01:55:16,,web
TK0001801,U001807,O00007604,退款售后,high,resolved,2026-07-23 07:40:08,2026-07-23 19:40:08,app
TK0001802,U000437,O00011623,账户问题,normal,closed,2025-11-05 17:00:59,2025-11-08 14:00:59,social
TK0001803,U001731,O00008461,商品咨询,low,resolved,2025-07-02 12:08:11,2025-07-05 09:08:11,app
TK0001804,U004664,,活动优惠,urgent,closed,2026-05-11 10:29:24,2026-05-14 03:29:24,web
TK0001805,U002449,O00003377,商品咨询,low,closed,2026-03-14 21:59:47,2026-03-17 06:59:47,app
TK0001806,U003944,O00007442,活动优惠,normal,resolved,2026-08-05 23:36:56,2026-08-07 02:36:56,phone
TK0001807,U003189,O00007156,退款售后,normal,closed,2026-03-09 02:47:34,2026-03-09 06:47:34,phone
TK0001808,U001830,O00006645,退款售后,low,resolved,2026-05-30 12:42:19,2026-06-01 04:42:19,app
TK0001809,U004738,,活动优惠,normal,closed,2026-05-21 18:07:33,2026-05-23 01:07:33,phone
TK0001810,U001338,O00006338,退款售后,normal,resolved,2026-01-23 20:53:41,2026-01-25 17:53:41,web
TK0001811,U004545,O00011824,商品咨询,normal,resolved,2025-02-23 09:09:57,2025-02-25 13:09:57,phone
TK0001812,U003737,O00002806,退款售后,normal,resolved,2026-05-17 03:24:01,2026-05-18 16:24:01,web
TK0001813,U000699,O00005767,订单咨询,normal,closed,2025-02-24 01:53:25,2025-02-26 11:53:25,app
TK0001814,U001821,O00002787,订单咨询,normal,closed,2026-08-02 08:57:10,2026-08-04 22:57:10,app
TK0001815,U000814,,活动优惠,low,closed,2026-05-29 20:07:11,2026-06-01 10:07:11,social
TK0001816,U002630,O00006900,物流问题,high,resolved,2026-05-28 10:08:20,2026-05-28 23:08:20,app
TK0001817,U004392,O00011817,退款售后,high,resolved,2025-10-22 04:50:25,2025-10-24 16:50:25,web
TK0001818,U003549,,物流问题,high,resolved,2025-01-25 16:55:43,2025-01-25 17:55:43,app
TK0001819,U003536,O00001426,订单咨询,high,closed,2025-07-27 20:55:41,2025-07-28 07:55:41,app
TK0001820,U001434,,退款售后,high,closed,2025-09-20 07:28:10,2025-09-20 23:28:10,app
TK0001821,U000623,O00000425,物流问题,normal,closed,2025-03-11 22:50:25,2025-03-14 07:50:25,app
TK0001822,U000320,O00009287,账户问题,high,closed,2025-05-17 20:55:33,2025-05-19 02:55:33,social
TK0001823,U003908,O00006813,商品咨询,normal,processing,2025-12-23 17:45:58,,phone
TK0001824,U002779,O00006888,退款售后,normal,closed,2025-03-19 08:05:51,2025-03-21 13:05:51,app
TK0001825,U000926,,订单咨询,normal,open,2026-06-16 19:53:28,,web
TK0001826,U004606,O00011861,退款售后,normal,closed,2026-08-03 04:14:14,2026-08-04 03:14:14,app
TK0001827,U002676,O00007456,退款售后,normal,closed,2025-11-26 00:21:53,2025-11-27 07:21:53,web
TK0001828,U003829,O00011892,订单咨询,normal,closed,2025-03-27 04:34:51,2025-03-29 10:34:51,app
TK0001829,U002412,O00003756,退款售后,normal,resolved,2025-08-16 08:11:17,2025-08-18 04:11:17,app
TK0001830,U004257,,商品咨询,high,resolved,2026-03-21 12:56:12,2026-03-22 05:56:12,social
TK0001831,U000681,O00009387,退款售后,normal,closed,2025-07-22 01:55:52,2025-07-22 12:55:52,web
TK0001832,U002169,O00003862,订单咨询,low,closed,2025-08-10 06:01:17,2025-08-11 00:01:17,web
TK0001833,U003190,O00007005,活动优惠,normal,closed,2026-07-16 11:51:45,2026-07-17 17:51:45,web
TK0001834,U003475,O00011033,活动优惠,normal,resolved,2026-03-20 15:20:41,2026-03-22 14:20:41,app
TK0001835,U000914,O00011907,商品咨询,normal,processing,2025-04-17 09:02:56,,app
TK0001836,U003762,O00005721,订单咨询,high,processing,2025-08-11 04:43:14,,social
TK0001837,U003907,,物流问题,normal,closed,2025-04-13 08:08:29,2025-04-14 01:08:29,social
TK0001838,U002724,O00001310,活动优惠,low,resolved,2025-08-18 08:36:05,2025-08-19 06:36:05,social
TK0001839,U000624,,活动优惠,normal,closed,2025-05-14 16:20:42,2025-05-15 12:20:42,app
TK0001840,U001770,O00003472,物流问题,normal,closed,2025-12-12 19:21:27,2025-12-15 06:21:27,app
TK0001841,U000051,O00008948,物流问题,normal,closed,2025-07-15 00:43:09,2025-07-16 17:43:09,social
TK0001842,U003694,O00000984,商品咨询,low,resolved,2026-08-19 14:02:13,2026-08-22 08:02:13,app
TK0001843,U002545,,物流问题,high,resolved,2025-09-18 22:23:09,2025-09-21 19:23:09,web
TK0001844,U000037,O00004685,物流问题,high,closed,2025-01-16 16:06:32,2025-01-17 03:06:32,web
TK0001845,U003984,O00003704,退款售后,normal,resolved,2025-07-08 03:11:17,2025-07-08 11:11:17,web
TK0001846,U003232,O00011285,订单咨询,normal,resolved,2025-12-15 11:07:35,2025-12-17 14:07:35,phone
TK0001847,U001547,O00010224,退款售后,normal,closed,2025-08-09 18:59:27,2025-08-11 21:59:27,social
TK0001848,U001575,O00003778,退款售后,high,resolved,2025-06-26 20:08:58,2025-06-29 01:08:58,web
TK0001849,U001672,O00010211,账户问题,normal,open,2026-02-24 10:05:07,,app
TK0001850,U002986,O00003964,活动优惠,normal,closed,2026-02-27 23:03:03,2026-03-02 04:03:03,app
TK0001851,U004022,O00008902,活动优惠,normal,closed,2026-07-29 05:36:10,2026-07-30 23:36:10,app
TK0001852,U003387,,订单咨询,low,resolved,2026-07-12 12:06:39,2026-07-13 22:06:39,social
TK0001853,U000380,O00000585,退款售后,high,resolved,2026-08-20 05:51:39,2026-08-22 08:51:39,phone
TK0001854,U004162,O00001724,订单咨询,normal,resolved,2026-03-12 04:15:44,2026-03-14 18:15:44,app
TK0001855,U003813,,退款售后,urgent,open,2025-10-14 19:50:55,,phone
TK0001856,U000410,,订单咨询,normal,closed,2025-09-30 06:50:15,2025-10-03 02:50:15,app
TK0001857,U000764,O00007064,活动优惠,normal,closed,2025-11-28 22:42:50,2025-11-29 03:42:50,social
TK0001858,U002055,O00011599,退款售后,normal,resolved,2025-05-23 23:58:01,2025-05-25 15:58:01,app
TK0001859,U000271,O00006542,退款售后,low,closed,2025-04-29 09:16:34,2025-04-29 14:16:34,social
TK0001860,U003911,O00009112,订单咨询,high,closed,2025-10-06 16:13:45,2025-10-07 20:13:45,social
TK0001861,U003850,O00001815,物流问题,urgent,closed,2026-01-29 22:11:53,2026-02-01 21:11:53,phone
TK0001862,U000058,O00003605,物流问题,normal,resolved,2025-09-23 13:18:49,2025-09-25 19:18:49,social
TK0001863,U003564,O00002784,商品咨询,normal,closed,2026-07-19 10:50:33,2026-07-19 12:50:33,phone
TK0001864,U003423,O00004852,商品咨询,normal,open,2026-08-10 15:57:09,,app
TK0001865,U004933,O00000992,商品咨询,normal,closed,2025-10-03 17:47:37,2025-10-04 15:47:37,app
TK0001866,U004875,,物流问题,high,open,2026-01-29 18:27:50,,app
TK0001867,U001987,O00002520,商品咨询,high,closed,2025-08-19 13:25:01,2025-08-22 09:25:01,phone
TK0001868,U003374,,退款售后,normal,closed,2026-04-08 16:26:50,2026-04-11 14:26:50,web
TK0001869,U001073,O00010622,物流问题,normal,closed,2026-05-12 12:48:51,2026-05-13 19:48:51,phone
TK0001870,U003788,O00009542,账户问题,low,resolved,2026-08-24 11:45:58,2026-08-24 14:45:58,app
TK0001871,U001217,,商品咨询,normal,resolved,2025-06-11 09:03:05,2025-06-11 20:03:05,app
TK0001872,U000935,O00008751,退款售后,urgent,closed,2025-05-13 03:32:45,2025-05-13 11:32:45,web
TK0001873,U002237,O00008515,账户问题,low,closed,2025-02-27 22:49:55,2025-03-02 13:49:55,social
TK0001874,U004720,O00009201,账户问题,normal,closed,2026-06-08 14:20:57,2026-06-10 09:20:57,web
TK0001875,U004628,,物流问题,normal,closed,2025-10-14 10:17:45,2025-10-16 21:17:45,web
TK0001876,U000101,O00004083,物流问题,normal,closed,2025-10-14 04:32:47,2025-10-16 23:32:47,web
TK0001877,U001145,O00005063,退款售后,normal,closed,2025-05-31 05:15:57,2025-06-02 21:15:57,social
TK0001878,U003959,,物流问题,high,resolved,2025-08-27 01:15:21,2025-08-29 09:15:21,app
TK0001879,U003073,O00008736,订单咨询,low,closed,2025-04-12 04:19:22,2025-04-14 16:19:22,app
TK0001880,U004695,O00000619,活动优惠,normal,resolved,2025-02-19 20:18:39,2025-02-22 05:18:39,phone
TK0001881,U001128,O00000712,订单咨询,normal,resolved,2025-12-17 06:18:06,2025-12-19 14:18:06,web
TK0001882,U003067,O00003647,物流问题,normal,resolved,2026-04-24 07:26:50,2026-04-26 02:26:50,phone
TK0001883,U000061,,活动优惠,normal,closed,2025-10-05 02:31:17,2025-10-05 19:31:17,phone
TK0001884,U002853,O00001411,商品咨询,low,closed,2025-03-16 03:44:55,2025-03-17 18:44:55,social
TK0001885,U000442,O00001029,订单咨询,normal,closed,2025-05-31 20:15:15,2025-06-02 09:15:15,phone
TK0001886,U002884,O00007929,活动优惠,normal,closed,2025-07-07 19:12:43,2025-07-07 21:12:43,app
TK0001887,U003886,O00010814,商品咨询,normal,open,2026-07-29 19:49:59,,app
TK0001888,U003598,O00001594,商品咨询,normal,resolved,2025-03-15 06:54:34,2025-03-16 18:54:34,phone
TK0001889,U002266,O00005587,退款售后,normal,closed,2025-01-30 04:43:32,2025-01-31 05:43:32,app
TK0001890,U002304,O00011233,订单咨询,high,closed,2026-06-17 00:21:25,2026-06-17 15:21:25,social
TK0001891,U000354,O00002976,订单咨询,urgent,resolved,2026-05-03 03:46:53,2026-05-04 10:46:53,phone
TK0001892,U003021,,账户问题,high,resolved,2025-02-08 09:21:08,2025-02-08 19:21:08,web
TK0001893,U001394,O00010345,退款售后,normal,resolved,2025-11-18 06:20:23,2025-11-18 16:20:23,web
TK0001894,U004605,O00011569,活动优惠,high,closed,2025-03-11 08:33:05,2025-03-11 20:33:05,social
TK0001895,U001970,O00004551,订单咨询,normal,open,2025-11-09 23:47:08,,phone
TK0001896,U001861,O00008362,订单咨询,normal,resolved,2026-07-30 14:34:32,2026-08-01 09:34:32,web
TK0001897,U004852,O00003348,退款售后,normal,resolved,2025-09-21 21:35:37,2025-09-22 15:35:37,phone
TK0001898,U003312,O00006300,退款售后,low,closed,2025-08-06 02:52:03,2025-08-07 12:52:03,app
TK0001899,U003507,,商品咨询,high,closed,2026-02-02 22:09:40,2026-02-04 23:09:40,app
TK0001900,U000928,O00002135,退款售后,normal,closed,2025-09-28 16:17:51,2025-10-01 06:17:51,app
TK0001901,U002758,O00003767,订单咨询,high,resolved,2026-08-04 15:34:10,2026-08-07 11:34:10,app
TK0001902,U003097,O00006083,商品咨询,high,resolved,2026-06-13 01:41:42,2026-06-15 03:41:42,app
TK0001903,U001873,O00006658,退款售后,normal,closed,2025-04-27 23:22:29,2025-04-28 03:22:29,phone
TK0001904,U001810,O00011149,活动优惠,normal,closed,2026-02-04 08:00:13,2026-02-05 15:00:13,phone
TK0001905,U002368,O00002716,订单咨询,normal,resolved,2025-08-18 05:14:54,2025-08-19 07:14:54,app
TK0001906,U002866,O00008121,商品咨询,normal,resolved,2025-08-25 07:12:41,2025-08-27 12:12:41,phone
TK0001907,U004146,O00004182,退款售后,normal,closed,2026-06-17 18:32:56,2026-06-20 05:32:56,phone
TK0001908,U004627,O00001338,物流问题,high,closed,2026-04-06 04:47:59,2026-04-08 23:47:59,app
TK0001909,U000412,O00004640,订单咨询,normal,closed,2025-12-28 23:42:05,2025-12-30 10:42:05,web
TK0001910,U004971,,退款售后,urgent,resolved,2025-06-12 14:35:11,2025-06-15 08:35:11,app
TK0001911,U000191,O00009293,退款售后,normal,closed,2025-11-06 02:00:35,2025-11-09 02:00:35,app
TK0001912,U001855,O00002943,物流问题,normal,resolved,2026-07-27 12:44:02,2026-07-28 15:44:02,social
TK0001913,U003430,O00005872,物流问题,normal,processing,2025-07-08 03:11:11,,social
TK0001914,U003356,O00000449,物流问题,normal,closed,2026-04-26 17:46:35,2026-04-27 11:46:35,web
TK0001915,U003743,O00009738,订单咨询,normal,closed,2026-02-18 22:22:28,2026-02-19 19:22:28,app
TK0001916,U001414,O00006582,商品咨询,high,resolved,2026-05-03 01:40:10,2026-05-05 00:40:10,web
TK0001917,U001168,O00006457,商品咨询,high,closed,2025-07-27 18:30:25,2025-07-29 02:30:25,social
TK0001918,U003528,O00002141,退款售后,normal,resolved,2026-08-10 10:22:32,2026-08-13 02:22:32,social
TK0001919,U004409,,商品咨询,normal,resolved,2025-06-09 02:01:16,2025-06-10 03:01:16,phone
TK0001920,U000103,O00005223,订单咨询,normal,closed,2025-07-08 01:58:04,2025-07-09 18:58:04,web
TK0001921,U002680,O00000852,活动优惠,normal,open,2025-09-04 13:44:41,,app
TK0001922,U000063,,退款售后,normal,closed,2025-02-12 23:25:12,2025-02-13 07:25:12,phone
TK0001923,U004238,O00007912,退款售后,low,resolved,2025-12-29 14:32:23,2025-12-31 17:32:23,app
TK0001924,U000573,O00011953,商品咨询,high,processing,2026-07-24 23:15:37,,app
TK0001925,U001872,O00004436,活动优惠,normal,resolved,2026-01-29 06:25:06,2026-01-31 03:25:06,app
TK0001926,U002237,O00005022,活动优惠,normal,closed,2026-01-08 12:16:48,2026-01-09 21:16:48,web
TK0001927,U004603,O00001334,订单咨询,high,resolved,2026-08-26 14:35:53,2026-08-28 01:35:53,social
TK0001928,U000447,O00009220,物流问题,high,closed,2025-03-09 19:27:39,2025-03-10 07:27:39,app
TK0001929,U000491,,退款售后,normal,closed,2025-07-09 01:51:37,2025-07-10 06:51:37,app
TK0001930,U001823,O00011995,商品咨询,normal,closed,2026-06-30 00:43:02,2026-07-01 15:43:02,phone
TK0001931,U003502,O00007991,物流问题,normal,processing,2025-11-15 18:41:40,,app
TK0001932,U003276,O00006394,物流问题,urgent,resolved,2026-08-21 23:42:47,2026-08-24 02:42:47,social
TK0001933,U000742,O00010178,物流问题,urgent,closed,2026-05-14 14:40:01,2026-05-16 20:40:01,app
TK0001934,U004708,O00010410,退款售后,low,open,2025-11-04 12:20:12,,social
TK0001935,U000569,O00008104,退款售后,normal,resolved,2025-02-05 02:46:18,2025-02-07 13:46:18,app
TK0001936,U004604,,退款售后,normal,closed,2025-01-22 22:43:45,2025-01-23 21:43:45,app
TK0001937,U000196,,商品咨询,normal,resolved,2025-02-25 06:45:24,2025-02-27 20:45:24,app
TK0001938,U003082,O00001554,物流问题,normal,open,2025-11-02 00:51:52,,app
TK0001939,U000687,O00011525,物流问题,low,processing,2025-04-30 07:13:09,,phone
TK0001940,U000670,O00011996,商品咨询,normal,resolved,2025-04-06 15:47:29,2025-04-08 02:47:29,phone
TK0001941,U004041,,商品咨询,normal,resolved,2025-08-26 11:37:36,2025-08-26 21:37:36,app
TK0001942,U002194,,订单咨询,low,resolved,2026-05-07 16:59:12,2026-05-09 10:59:12,phone
TK0001943,U004830,O00001368,商品咨询,normal,closed,2025-06-07 07:30:36,2025-06-09 08:30:36,app
TK0001944,U003538,O00004429,订单咨询,high,closed,2025-04-12 17:27:40,2025-04-12 22:27:40,app
TK0001945,U004121,O00003635,活动优惠,low,closed,2026-02-02 07:03:19,2026-02-05 02:03:19,app
TK0001946,U002936,O00003843,物流问题,normal,resolved,2025-10-16 21:26:12,2025-10-19 00:26:12,social
TK0001947,U004619,O00004579,退款售后,normal,resolved,2025-06-12 22:30:59,2025-06-13 06:30:59,app
TK0001948,U002687,O00003929,物流问题,normal,closed,2025-07-30 12:55:07,2025-07-30 15:55:07,web
TK0001949,U002156,O00008202,商品咨询,normal,processing,2025-02-07 07:31:53,,social
TK0001950,U002090,O00005193,商品咨询,normal,closed,2025-01-12 15:48:22,2025-01-13 00:48:22,app
TK0001951,U003593,O00011432,商品咨询,normal,resolved,2025-08-15 21:25:27,2025-08-17 08:25:27,social
TK0001952,U000966,O00009006,退款售后,high,closed,2025-07-29 09:42:01,2025-07-31 08:42:01,app
TK0001953,U001936,O00010710,订单咨询,low,resolved,2026-04-13 15:18:26,2026-04-14 11:18:26,phone
TK0001954,U000991,O00003038,退款售后,normal,resolved,2026-03-29 00:52:26,2026-03-30 05:52:26,web
TK0001955,U004413,O00007799,商品咨询,normal,resolved,2025-11-01 04:32:12,2025-11-02 05:32:12,social
TK0001956,U004323,,账户问题,normal,closed,2025-05-21 04:38:44,2025-05-21 15:38:44,phone
TK0001957,U000537,O00005038,活动优惠,normal,closed,2025-02-19 09:30:10,2025-02-20 06:30:10,web
TK0001958,U001634,O00001728,退款售后,normal,resolved,2026-01-13 05:28:33,2026-01-15 02:28:33,phone
TK0001959,U003259,,商品咨询,low,open,2025-09-17 07:07:08,,app
TK0001960,U001977,O00005837,物流问题,normal,open,2026-05-31 02:24:21,,social
TK0001961,U000307,O00005590,活动优惠,normal,resolved,2026-05-14 09:09:52,2026-05-16 03:09:52,app
TK0001962,U003371,O00010604,退款售后,high,resolved,2025-06-27 05:46:25,2025-06-29 19:46:25,app
TK0001963,U003575,,退款售后,normal,closed,2026-06-02 13:56:16,2026-06-03 18:56:16,social
TK0001964,U001170,O00005535,商品咨询,normal,resolved,2025-01-26 06:25:24,2025-01-27 01:25:24,app
TK0001965,U002728,O00000413,订单咨询,low,closed,2026-06-28 05:45:43,2026-06-29 05:45:43,app
TK0001966,U004322,O00009382,商品咨询,low,closed,2025-03-24 00:51:12,2025-03-26 01:51:12,app
TK0001967,U001936,O00008186,商品咨询,normal,resolved,2025-05-11 14:07:52,2025-05-12 09:07:52,phone
TK0001968,U001029,O00004947,活动优惠,normal,closed,2026-04-20 15:24:09,2026-04-23 13:24:09,social
TK0001969,U002964,O00000261,商品咨询,high,resolved,2025-08-29 06:29:42,2025-08-30 12:29:42,web
TK0001970,U000242,O00002887,订单咨询,normal,closed,2025-11-29 00:04:04,2025-11-30 19:04:04,social
TK0001971,U002120,O00007144,订单咨询,high,closed,2025-11-07 14:14:39,2025-11-08 17:14:39,web
TK0001972,U004581,O00004225,订单咨询,low,closed,2026-01-29 16:32:17,2026-02-01 14:32:17,social
TK0001973,U002395,O00001526,账户问题,normal,closed,2025-04-27 05:13:56,2025-04-28 05:13:56,web
TK0001974,U001080,O00008055,订单咨询,urgent,resolved,2025-09-04 19:21:53,2025-09-05 13:21:53,phone
TK0001975,U004509,,商品咨询,normal,resolved,2026-08-08 10:59:54,2026-08-11 01:59:54,app
TK0001976,U002692,,活动优惠,normal,resolved,2025-07-08 13:36:11,2025-07-09 04:36:11,app
TK0001977,U002898,O00007564,活动优惠,low,resolved,2026-06-13 20:52:24,2026-06-14 01:52:24,web
TK0001978,U000242,O00002887,物流问题,normal,processing,2025-11-29 21:04:04,,app
TK0001979,U001783,,物流问题,high,resolved,2025-10-09 21:30:22,2025-10-10 07:30:22,app
TK0001980,U003421,O00010364,账户问题,low,closed,2025-06-23 10:21:43,2025-06-23 11:21:43,social
TK0001981,U000636,O00007539,物流问题,normal,closed,2025-08-09 08:58:31,2025-08-12 01:58:31,web
TK0001982,U002173,O00008870,退款售后,high,resolved,2025-11-05 09:14:30,2025-11-06 02:14:30,app
TK0001983,U003298,,物流问题,low,resolved,2025-04-07 20:13:02,2025-04-08 22:13:02,phone
TK0001984,U001535,O00000686,商品咨询,normal,resolved,2025-04-11 17:32:49,2025-04-12 14:32:49,app
TK0001985,U002806,,物流问题,low,closed,2026-06-02 05:05:01,2026-06-02 23:05:01,web
TK0001986,U003643,O00000114,活动优惠,normal,processing,2025-10-28 22:51:34,,social
TK0001987,U004480,O00002743,退款售后,high,processing,2026-01-07 05:50:38,,phone
TK0001988,U004009,O00007162,物流问题,normal,closed,2025-06-21 15:17:49,2025-06-22 16:17:49,app
TK0001989,U002382,,退款售后,urgent,processing,2025-01-27 11:05:48,,web
TK0001990,U000565,O00006855,退款售后,normal,closed,2025-06-17 20:13:40,2025-06-19 05:13:40,phone
TK0001991,U002122,O00006166,订单咨询,normal,closed,2025-12-28 02:13:40,2025-12-30 07:13:40,web
TK0001992,U002462,O00000757,活动优惠,low,resolved,2025-01-11 18:30:27,2025-01-13 01:30:27,social
TK0001993,U001369,O00001246,物流问题,normal,resolved,2025-09-09 13:42:39,2025-09-10 23:42:39,phone
TK0001994,U004560,O00006471,商品咨询,normal,resolved,2025-11-30 22:02:45,2025-12-01 01:02:45,social
TK0001995,U003979,O00009723,订单咨询,urgent,open,2025-11-01 20:36:29,,social
TK0001996,U002422,O00011082,订单咨询,low,closed,2025-12-10 18:29:05,2025-12-13 07:29:05,web
TK0001997,U002339,O00010429,账户问题,normal,closed,2025-11-25 08:56:37,2025-11-28 05:56:37,app
TK0001998,U000258,O00005124,物流问题,normal,closed,2025-01-12 14:07:39,2025-01-14 05:07:39,phone
TK0001999,U000825,O00004369,订单咨询,normal,processing,2026-03-13 08:17:56,,social
TK0002000,U004334,O00009578,物流问题,normal,closed,2025-06-04 04:47:01,2025-06-04 08:47:01,app
TK0002001,U004264,O00001881,退款售后,normal,closed,2026-02-25 15:37:19,2026-02-26 22:37:19,phone
TK0002002,U000795,O00008582,退款售后,normal,resolved,2026-01-10 19:03:48,2026-01-12 20:03:48,web
TK0002003,U000343,O00005436,退款售后,low,closed,2025-08-19 11:11:36,2025-08-20 19:11:36,app
TK0002004,U004711,,订单咨询,high,processing,2025-05-19 08:00:17,,app
TK0002005,U000430,O00007008,订单咨询,normal,resolved,2025-05-16 01:02:44,2025-05-16 02:02:44,web
TK0002006,U004813,O00000559,活动优惠,normal,closed,2026-05-19 11:15:02,2026-05-20 21:15:02,app
TK0002007,U003594,,活动优惠,low,resolved,2026-06-07 03:08:06,2026-06-09 02:08:06,app
TK0002008,U003934,O00011253,退款售后,normal,closed,2026-08-18 14:37:21,2026-08-18 15:37:21,app
TK0002009,U001005,O00011987,活动优惠,high,closed,2025-04-29 03:54:04,2025-04-29 09:54:04,app
TK0002010,U000687,O00005841,订单咨询,normal,resolved,2026-05-28 14:28:47,2026-05-29 02:28:47,social
TK0002011,U003701,O00003813,退款售后,normal,resolved,2025-06-12 09:18:55,2025-06-13 22:18:55,app
TK0002012,U001413,O00002641,物流问题,normal,closed,2025-09-14 10:01:40,2025-09-14 21:01:40,app
TK0002013,U001385,,活动优惠,normal,closed,2025-07-03 01:22:58,2025-07-05 01:22:58,phone
TK0002014,U004853,,活动优惠,low,closed,2025-07-06 20:30:39,2025-07-09 08:30:39,phone
TK0002015,U004633,O00007345,活动优惠,normal,resolved,2025-08-22 22:56:06,2025-08-25 05:56:06,phone
TK0002016,U003000,O00006819,退款售后,low,resolved,2025-07-25 19:09:42,2025-07-26 19:09:42,app
TK0002017,U002596,O00001761,物流问题,normal,resolved,2026-05-24 05:14:26,2026-05-24 15:14:26,web
TK0002018,U000632,O00010258,订单咨询,normal,closed,2025-12-08 02:04:29,2025-12-10 12:04:29,app
TK0002019,U001809,O00007701,物流问题,normal,closed,2025-07-10 10:36:54,2025-07-12 23:36:54,app
TK0002020,U003958,O00001573,退款售后,high,resolved,2025-11-30 07:44:14,2025-12-02 17:44:14,web
TK0002021,U004490,O00004817,物流问题,normal,resolved,2025-01-19 21:08:59,2025-01-20 22:08:59,web
TK0002022,U001672,O00006264,账户问题,normal,resolved,2026-05-28 21:57:26,2026-05-29 11:57:26,app
TK0002023,U003764,O00002220,物流问题,normal,closed,2026-06-28 04:56:30,2026-06-28 17:56:30,social
TK0002024,U002001,,活动优惠,high,closed,2026-07-27 00:07:09,2026-07-29 01:07:09,phone
TK0002025,U003916,O00001004,活动优惠,high,closed,2026-03-31 05:32:50,2026-04-03 03:32:50,phone
TK0002026,U003927,O00011051,商品咨询,normal,processing,2026-08-19 13:27:37,,app
TK0002027,U000829,,商品咨询,normal,resolved,2025-03-26 14:33:04,2025-03-26 23:33:04,web
TK0002028,U003432,O00008854,物流问题,normal,open,2026-03-12 09:16:14,,phone
TK0002029,U004007,O00010069,物流问题,normal,closed,2026-06-21 20:23:16,2026-06-24 17:23:16,phone
TK0002030,U003245,O00003654,活动优惠,urgent,resolved,2025-08-12 19:58:28,2025-08-14 20:58:28,app
TK0002031,U003419,O00006231,活动优惠,normal,resolved,2025-10-06 17:08:54,2025-10-07 22:08:54,web
TK0002032,U002723,,订单咨询,normal,resolved,2025-02-19 09:26:36,2025-02-21 00:26:36,app
TK0002033,U003954,,退款售后,low,resolved,2025-05-26 10:53:07,2025-05-28 11:53:07,phone
TK0002034,U000540,O00003014,活动优惠,normal,closed,2026-02-20 09:23:52,2026-02-21 12:23:52,phone
TK0002035,U001746,,物流问题,low,closed,2026-04-06 02:58:14,2026-04-07 08:58:14,social
TK0002036,U002466,O00000832,物流问题,normal,resolved,2025-05-05 22:58:10,2025-05-08 17:58:10,web
TK0002037,U003018,,订单咨询,high,resolved,2025-06-10 09:47:04,2025-06-10 23:47:04,app
TK0002038,U001424,O00001851,订单咨询,normal,closed,2025-02-22 22:07:09,2025-02-24 17:07:09,phone
TK0002039,U003175,O00004145,退款售后,normal,closed,2026-04-22 11:49:34,2026-04-24 04:49:34,web
TK0002040,U001897,O00011795,退款售后,low,closed,2025-12-03 09:19:29,2025-12-03 17:19:29,app
TK0002041,U004499,,活动优惠,high,resolved,2026-04-08 06:55:00,2026-04-08 22:55:00,social
TK0002042,U001698,O00007784,商品咨询,normal,closed,2025-03-04 20:05:44,2025-03-07 07:05:44,app
TK0002043,U003681,,商品咨询,high,closed,2025-09-10 16:54:07,2025-09-11 00:54:07,social
TK0002044,U000101,,订单咨询,high,resolved,2026-05-21 18:02:15,2026-05-23 10:02:15,app
TK0002045,U000285,O00000102,订单咨询,low,closed,2025-11-03 00:00:15,2025-11-04 17:00:15,app
TK0002046,U004184,O00003170,退款售后,normal,closed,2025-12-15 00:11:16,2025-12-16 09:11:16,app
TK0002047,U004173,O00006676,订单咨询,urgent,open,2025-07-10 23:41:59,,phone
TK0002048,U003347,O00010880,物流问题,normal,processing,2025-12-30 19:02:29,,web
TK0002049,U001620,O00004174,退款售后,normal,closed,2026-07-18 13:29:24,2026-07-19 10:29:24,app
TK0002050,U000777,,订单咨询,normal,resolved,2025-11-28 19:52:54,2025-11-29 20:52:54,web
TK0002051,U000966,O00009006,退款售后,normal,closed,2025-07-28 09:42:01,2025-07-30 20:42:01,web
TK0002052,U003716,,物流问题,normal,closed,2026-05-13 03:20:23,2026-05-15 14:20:23,phone
TK0002053,U001011,O00008533,订单咨询,high,resolved,2026-03-16 04:51:49,2026-03-17 06:51:49,app
TK0002054,U000309,O00008554,退款售后,normal,closed,2025-09-26 03:12:27,2025-09-27 22:12:27,app
TK0002055,U003515,,订单咨询,normal,closed,2026-06-05 15:12:31,2026-06-07 15:12:31,app
TK0002056,U004756,,商品咨询,high,resolved,2025-11-16 12:32:29,2025-11-17 05:32:29,app
TK0002057,U003879,O00003540,物流问题,normal,resolved,2025-11-27 12:43:03,2025-11-29 13:43:03,app
TK0002058,U001834,O00005191,商品咨询,urgent,closed,2025-06-16 19:32:03,2025-06-18 07:32:03,web
TK0002059,U003748,O00005929,物流问题,normal,closed,2025-02-04 04:49:30,2025-02-06 08:49:30,social
TK0002060,U000702,O00010238,订单咨询,normal,closed,2025-05-24 21:13:08,2025-05-27 11:13:08,social
TK0002061,U003799,O00001189,订单咨询,high,closed,2025-10-26 10:36:48,2025-10-29 02:36:48,phone
TK0002062,U000202,O00000636,商品咨询,normal,closed,2026-07-22 05:30:35,2026-07-25 05:30:35,phone
TK0002063,U004725,O00003682,物流问题,high,resolved,2026-03-24 09:48:18,2026-03-26 23:48:18,web
TK0002064,U003889,O00005591,账户问题,high,processing,2025-05-11 20:31:31,,app
TK0002065,U001468,O00001646,物流问题,normal,closed,2026-08-03 06:55:12,2026-08-03 15:55:12,web
TK0002066,U003944,O00008731,物流问题,normal,resolved,2026-01-12 17:18:25,2026-01-13 10:18:25,app
TK0002067,U002613,O00008624,活动优惠,normal,resolved,2025-12-31 06:24:35,2025-12-31 11:24:35,web
TK0002068,U000261,O00007028,订单咨询,normal,closed,2025-08-10 16:26:02,2025-08-13 02:26:02,app
TK0002069,U003222,O00005070,物流问题,normal,resolved,2025-09-16 13:53:56,2025-09-18 04:53:56,app
TK0002070,U004674,O00010461,商品咨询,normal,processing,2026-07-04 10:43:50,,social
TK0002071,U001702,,物流问题,normal,processing,2025-01-20 20:47:24,,app
TK0002072,U000529,O00005894,物流问题,normal,resolved,2025-02-02 14:12:06,2025-02-04 14:12:06,web
TK0002073,U003720,,账户问题,high,closed,2025-05-27 15:00:46,2025-05-28 23:00:46,phone
TK0002074,U003316,O00005423,订单咨询,high,closed,2025-04-03 22:26:24,2025-04-05 03:26:24,app
TK0002075,U003941,,退款售后,high,resolved,2026-03-11 00:35:02,2026-03-13 02:35:02,app
TK0002076,U003971,O00011492,商品咨询,normal,processing,2026-01-27 22:20:51,,app
TK0002077,U000308,O00004672,活动优惠,high,closed,2025-11-10 16:12:15,2025-11-13 06:12:15,web
TK0002078,U001881,,退款售后,low,closed,2026-06-22 05:43:21,2026-06-23 19:43:21,phone
TK0002079,U000183,O00011020,订单咨询,normal,resolved,2026-04-19 05:05:54,2026-04-19 14:05:54,social
TK0002080,U002994,,订单咨询,normal,processing,2026-06-29 21:59:07,,app
TK0002081,U001736,O00010110,商品咨询,low,closed,2026-08-23 23:08:33,2026-08-25 12:08:33,social
TK0002082,U000325,O00006758,退款售后,low,resolved,2026-08-17 03:43:00,2026-08-20 02:43:00,app
TK0002083,U004702,O00003074,物流问题,normal,closed,2025-08-04 02:35:13,2025-08-06 23:35:13,app
TK0002084,U002021,O00010047,活动优惠,normal,closed,2026-03-24 08:41:44,2026-03-26 21:41:44,web
TK0002085,U000399,O00006307,退款售后,normal,closed,2026-02-19 21:41:05,2026-02-21 05:41:05,phone
TK0002086,U004111,O00008382,商品咨询,normal,resolved,2026-07-23 03:10:03,2026-07-25 17:10:03,app
TK0002087,U003968,O00006032,退款售后,normal,open,2025-10-09 04:45:35,,web
TK0002088,U000035,O00003096,退款售后,normal,closed,2025-09-29 14:35:15,2025-09-29 18:35:15,app
TK0002089,U002054,,退款售后,low,processing,2026-02-14 19:52:59,,app
TK0002090,U000288,O00010909,商品咨询,normal,resolved,2025-03-04 18:27:11,2025-03-06 22:27:11,app
TK0002091,U001098,,商品咨询,normal,resolved,2026-06-21 14:25:25,2026-06-23 14:25:25,app
TK0002092,U000911,,账户问题,normal,resolved,2026-05-18 20:20:52,2026-05-21 14:20:52,app
TK0002093,U004686,O00004385,活动优惠,normal,open,2026-07-10 16:30:28,,social
TK0002094,U000337,,商品咨询,high,closed,2026-04-14 13:55:16,2026-04-16 18:55:16,phone
TK0002095,U000056,O00009178,物流问题,high,resolved,2026-08-10 09:43:03,2026-08-13 07:43:03,web
TK0002096,U002533,O00008757,活动优惠,urgent,closed,2026-03-16 01:09:20,2026-03-19 00:09:20,app
TK0002097,U000641,,活动优惠,normal,closed,2025-04-17 05:21:25,2025-04-20 04:21:25,app
TK0002098,U001823,O00007426,退款售后,normal,closed,2025-06-06 04:17:00,2025-06-09 04:17:00,app
TK0002099,U001142,,商品咨询,normal,processing,2025-03-17 07:32:43,,app
TK0002100,U001098,,商品咨询,high,closed,2025-06-10 10:33:36,2025-06-10 17:33:36,app
TK0002101,U001016,O00002851,账户问题,low,processing,2026-08-21 17:17:11,,app
TK0002102,U000143,O00000332,退款售后,normal,open,2026-05-18 09:21:09,,social
TK0002103,U002466,O00000832,退款售后,normal,resolved,2025-05-11 03:58:10,2025-05-13 20:58:10,phone
TK0002104,U001946,O00001389,商品咨询,normal,closed,2025-02-05 11:33:18,2025-02-06 01:33:18,web
TK0002105,U000487,O00004684,退款售后,normal,closed,2026-02-07 23:31:20,2026-02-10 21:31:20,app
TK0002106,U001031,O00011731,物流问题,low,closed,2025-01-21 21:41:44,2025-01-22 10:41:44,web
TK0002107,U000932,,退款售后,low,resolved,2025-01-14 09:43:53,2025-01-16 03:43:53,social
TK0002108,U001743,O00000614,退款售后,low,resolved,2025-10-16 02:40:15,2025-10-16 22:40:15,social
TK0002109,U003389,O00002062,订单咨询,normal,closed,2026-02-20 17:14:16,2026-02-22 09:14:16,social
TK0002110,U004811,O00006162,订单咨询,normal,closed,2026-03-23 07:34:13,2026-03-25 18:34:13,app
TK0002111,U002887,O00000476,退款售后,low,closed,2026-02-01 06:34:30,2026-02-03 07:34:30,app
TK0002112,U003234,O00001370,退款售后,normal,resolved,2025-09-06 14:26:26,2025-09-06 18:26:26,app
TK0002113,U002101,,活动优惠,urgent,closed,2025-10-24 21:14:47,2025-10-27 20:14:47,phone
TK0002114,U001118,O00005353,订单咨询,high,resolved,2026-07-08 11:12:02,2026-07-10 11:12:02,app
TK0002115,U004508,,订单咨询,normal,resolved,2025-11-25 09:59:32,2025-11-25 10:59:32,phone
TK0002116,U001469,O00001505,退款售后,low,processing,2026-05-07 15:03:18,,app
TK0002117,U000773,O00006272,账户问题,urgent,resolved,2026-03-23 11:43:10,2026-03-24 06:43:10,phone
TK0002118,U001684,,退款售后,normal,resolved,2025-08-16 19:50:51,2025-08-19 13:50:51,app
TK0002119,U002421,O00007360,退款售后,normal,closed,2026-08-17 16:45:41,2026-08-18 01:45:41,app
TK0002120,U001632,O00004933,物流问题,normal,resolved,2025-12-03 17:38:52,2025-12-04 05:38:52,web
TK0002121,U002470,O00002664,退款售后,high,resolved,2026-04-08 01:51:51,2026-04-09 01:51:51,web
TK0002122,U001493,O00004051,退款售后,high,resolved,2025-03-30 00:33:58,2025-03-30 23:33:58,phone
TK0002123,U002918,,商品咨询,normal,closed,2026-01-13 09:34:03,2026-01-16 05:34:03,app
TK0002124,U004615,O00003602,活动优惠,high,closed,2025-08-13 03:23:26,2025-08-14 10:23:26,app
TK0002125,U002730,O00007351,物流问题,low,open,2025-11-01 03:18:29,,web
TK0002126,U003886,O00000668,物流问题,normal,processing,2025-05-22 06:05:21,,app
TK0002127,U001676,O00006028,物流问题,normal,resolved,2025-10-27 01:23:12,2025-10-29 12:23:12,app
TK0002128,U000047,O00011440,商品咨询,low,processing,2025-03-22 06:18:29,,app
TK0002129,U000015,O00002622,物流问题,normal,closed,2026-06-20 14:37:40,2026-06-23 09:37:40,app
TK0002130,U002406,O00011457,账户问题,normal,processing,2025-11-03 20:05:24,,web
TK0002131,U002290,,物流问题,high,closed,2025-10-26 14:49:19,2025-10-28 21:49:19,app
TK0002132,U004486,O00011223,账户问题,low,open,2025-06-27 19:39:27,,app
TK0002133,U001726,O00002099,订单咨询,normal,closed,2025-04-18 19:06:14,2025-04-20 00:06:14,social
TK0002134,U000562,O00011044,商品咨询,normal,closed,2026-03-01 16:37:34,2026-03-02 18:37:34,app
TK0002135,U002608,O00003475,物流问题,normal,closed,2025-02-22 23:49:05,2025-02-25 02:49:05,app
TK0002136,U000425,O00006564,物流问题,normal,open,2026-08-11 21:36:17,,app
TK0002137,U003981,O00000121,订单咨询,normal,closed,2025-05-27 10:01:40,2025-05-28 02:01:40,app
TK0002138,U004654,O00004009,订单咨询,normal,resolved,2025-02-24 01:55:40,2025-02-24 15:55:40,app
TK0002139,U000446,O00009349,商品咨询,normal,processing,2026-07-26 10:36:25,,web
TK0002140,U004812,O00009908,订单咨询,normal,closed,2025-09-11 10:49:01,2025-09-11 16:49:01,app
TK0002141,U003439,O00002425,物流问题,normal,closed,2026-04-05 05:17:21,2026-04-06 08:17:21,phone
TK0002142,U001948,O00011481,活动优惠,normal,resolved,2025-04-14 18:33:31,2025-04-17 14:33:31,web
TK0002143,U004101,O00009617,退款售后,high,resolved,2026-08-16 01:54:09,2026-08-19 01:54:09,app
TK0002144,U002569,O00008342,物流问题,normal,resolved,2025-07-12 15:05:10,2025-07-14 21:05:10,app
TK0002145,U003901,O00011145,物流问题,normal,closed,2025-05-18 01:08:01,2025-05-18 06:08:01,app
TK0002146,U001764,,活动优惠,high,closed,2025-09-11 23:57:30,2025-09-12 14:57:30,app
TK0002147,U003790,O00002303,物流问题,normal,closed,2026-03-05 23:41:33,2026-03-08 12:41:33,app
TK0002148,U004678,O00001960,订单咨询,low,closed,2025-02-12 16:04:48,2025-02-14 20:04:48,web
TK0002149,U001270,O00008853,活动优惠,high,open,2026-03-27 15:20:32,,app
TK0002150,U003095,O00005799,物流问题,high,resolved,2025-08-22 06:34:24,2025-08-23 05:34:24,app
TK0002151,U001813,O00002349,物流问题,normal,processing,2025-02-12 22:50:08,,app
TK0002152,U002181,O00003576,账户问题,normal,closed,2025-05-16 23:03:42,2025-05-19 11:03:42,app
TK0002153,U001122,O00005030,订单咨询,normal,closed,2025-03-29 00:58:48,2025-03-31 07:58:48,phone
TK0002154,U000208,O00011550,商品咨询,normal,closed,2025-03-02 14:34:03,2025-03-04 05:34:03,web
TK0002155,U004178,O00007662,活动优惠,high,closed,2026-04-22 06:47:16,2026-04-22 22:47:16,social
TK0002156,U000951,O00000014,物流问题,normal,processing,2025-02-01 11:10:45,,phone
TK0002157,U003020,O00010636,物流问题,urgent,resolved,2026-02-26 13:19:37,2026-02-27 21:19:37,app
TK0002158,U004419,O00006873,物流问题,normal,closed,2026-03-07 20:57:38,2026-03-09 21:57:38,app
TK0002159,U001358,O00000589,订单咨询,normal,closed,2025-07-01 08:03:39,2025-07-03 20:03:39,app
TK0002160,U001357,O00000077,账户问题,urgent,resolved,2026-04-22 04:36:48,2026-04-24 22:36:48,app
TK0002161,U001624,,商品咨询,normal,processing,2026-04-14 23:27:53,,phone
TK0002162,U001905,O00011576,退款售后,normal,resolved,2025-03-15 05:09:40,2025-03-15 18:09:40,app
TK0002163,U000673,O00008857,活动优惠,urgent,open,2025-02-03 08:26:39,,app
TK0002164,U001189,O00002106,订单咨询,low,resolved,2025-08-06 19:55:51,2025-08-08 00:55:51,social
TK0002165,U003239,O00001247,物流问题,normal,closed,2025-04-24 18:28:39,2025-04-25 08:28:39,phone
TK0002166,U000594,O00010167,订单咨询,high,resolved,2025-05-23 14:51:51,2025-05-26 00:51:51,social
TK0002167,U004935,,物流问题,normal,closed,2025-05-07 23:05:24,2025-05-09 16:05:24,app
TK0002168,U002678,O00009074,物流问题,low,resolved,2026-04-15 13:39:11,2026-04-16 23:39:11,app
TK0002169,U001087,O00002417,活动优惠,normal,closed,2025-01-06 05:32:42,2025-01-08 16:32:42,app
TK0002170,U000568,O00009975,账户问题,high,closed,2026-01-16 06:29:14,2026-01-17 20:29:14,app
TK0002171,U001461,O00008301,活动优惠,normal,resolved,2025-09-28 10:27:52,2025-09-30 18:27:52,phone
TK0002172,U002447,,退款售后,high,closed,2026-08-12 11:36:33,2026-08-13 00:36:33,web
TK0002173,U003017,O00003643,订单咨询,normal,processing,2026-04-01 20:12:44,,app
TK0002174,U003560,O00007444,商品咨询,normal,resolved,2025-07-17 13:58:24,2025-07-19 21:58:24,web
TK0002175,U001169,,物流问题,low,resolved,2025-03-29 10:23:19,2025-03-30 16:23:19,app
TK0002176,U001454,O00010156,账户问题,normal,resolved,2026-05-13 07:08:40,2026-05-14 12:08:40,app
TK0002177,U002798,,物流问题,normal,closed,2025-08-02 16:58:59,2025-08-05 05:58:59,social
TK0002178,U002894,,商品咨询,normal,resolved,2026-03-07 19:14:17,2026-03-09 04:14:17,app
TK0002179,U004356,,商品咨询,low,resolved,2025-12-06 14:09:26,2025-12-06 20:09:26,phone
TK0002180,U004890,O00008298,商品咨询,low,open,2025-09-29 16:29:59,,app
TK0002181,U001286,O00001723,订单咨询,urgent,resolved,2026-06-22 00:36:48,2026-06-22 06:36:48,app
TK0002182,U001802,,退款售后,high,closed,2025-08-18 23:33:36,2025-08-19 15:33:36,social
TK0002183,U001205,O00007098,订单咨询,normal,closed,2025-05-14 04:24:32,2025-05-16 14:24:32,phone
TK0002184,U000132,,退款售后,low,resolved,2026-07-29 10:23:03,2026-07-30 18:23:03,social
TK0002185,U001935,O00006476,订单咨询,normal,closed,2025-02-01 14:16:42,2025-02-03 20:16:42,phone
TK0002186,U004811,,订单咨询,normal,resolved,2026-06-03 03:37:26,2026-06-06 00:37:26,app
TK0002187,U002051,O00002002,活动优惠,normal,closed,2025-03-31 00:38:34,2025-04-01 12:38:34,web
TK0002188,U003967,O00003197,退款售后,normal,open,2025-01-11 22:14:00,,app
TK0002189,U003607,O00007667,退款售后,high,resolved,2026-04-04 22:34:03,2026-04-05 03:34:03,phone
TK0002190,U003131,O00001147,商品咨询,normal,resolved,2025-03-20 14:21:21,2025-03-22 14:21:21,phone
TK0002191,U000071,,退款售后,normal,resolved,2025-11-30 00:59:44,2025-12-02 22:59:44,app
TK0002192,U004260,,活动优惠,normal,processing,2025-03-17 11:54:35,,phone
TK0002193,U000765,,活动优惠,normal,resolved,2025-07-04 19:34:17,2025-07-07 16:34:17,app
TK0002194,U003591,O00001443,退款售后,normal,closed,2026-03-10 19:23:56,2026-03-13 16:23:56,web
TK0002195,U004501,O00008738,订单咨询,normal,resolved,2026-02-09 14:58:56,2026-02-10 22:58:56,app
TK0002196,U000606,,活动优惠,normal,resolved,2025-09-27 04:06:08,2025-09-29 16:06:08,app
TK0002197,U003797,O00007475,物流问题,normal,open,2025-02-23 02:58:26,,phone
TK0002198,U002207,O00011061,退款售后,normal,processing,2025-01-29 12:52:11,,social
TK0002199,U000111,O00000613,订单咨询,normal,resolved,2025-11-24 11:52:56,2025-11-26 03:52:56,social
TK0002200,U003358,,商品咨询,normal,closed,2025-07-30 12:21:39,2025-07-31 01:21:39,social
