membership_id,user_id,member_level,joined_date,expire_date,available_points,growth_level,status
MB000001,U003476,银卡会员,2025-05-02,2026-05-02,30,14,active
MB000002,U002016,银卡会员,2026-02-12,2027-02-12,5794,4,active
MB000003,U000103,银卡会员,2025-09-13,2026-09-13,1796,15,active
MB000004,U000493,普通会员,2025-07-07,2026-07-07,8636,9,active
MB000005,U003426,普通会员,2025-05-09,2026-05-09,570,12,active
MB000006,U004209,普通会员,2026-07-02,2027-07-02,9977,14,active
MB000007,U003772,银卡会员,2026-10-31,2027-10-31,4844,0,active
MB000008,U004292,普通会员,2025-03-04,2026-03-04,4149,11,active
MB000009,U000353,银卡会员,2025-01-06,2026-01-06,1069,11,active
MB000010,U001021,银卡会员,2025-08-10,2026-08-10,3314,3,active
MB000011,U003408,黑金会员,2026-01-10,2027-01-10,3957,12,active
MB000012,U004195,普通会员,2026-10-30,2027-10-30,891,0,active
MB000013,U000447,金卡会员,2026-05-17,2027-05-17,655,9,active
MB000014,U000700,银卡会员,2026-04-16,2027-04-16,508,6,active
MB000015,U000655,普通会员,2026-04-03,2027-04-03,4995,15,active
MB000016,U004694,普通会员,2026-08-18,2027-08-18,6950,15,active
MB000017,U003290,普通会员,2026-02-23,2027-02-23,8973,12,active
MB000018,U003831,普通会员,2026-06-09,2027-06-09,2133,14,active
MB000019,U001213,银卡会员,2026-10-20,2027-10-20,1249,9,active
MB000020,U002741,普通会员,2025-11-11,2026-11-11,2761,3,active
MB000021,U002695,银卡会员,2025-04-16,2026-04-16,196,7,active
MB000022,U000548,普通会员,2025-05-29,2026-05-29,11365,3,active
MB000023,U002632,普通会员,2025-07-01,2026-07-01,11559,3,active
MB000024,U000297,普通会员,2026-06-22,2027-06-22,9619,5,active
MB000025,U002680,普通会员,2025-10-04,2026-10-04,3524,13,active
MB000026,U001809,银卡会员,2026-07-03,2027-07-03,4953,6,active
MB000027,U001462,普通会员,2026-04-24,2027-04-24,8021,3,active
MB000028,U004846,普通会员,2026-08-28,2027-08-28,5355,3,active
MB000029,U000714,金卡会员,2026-01-08,2027-01-08,2387,11,active
MB000030,U001371,金卡会员,2025-05-04,2026-05-04,11821,11,active
MB000031,U001418,黑金会员,2025-11-24,2026-11-24,6223,5,active
MB000032,U000718,普通会员,2026-02-25,2027-02-25,3898,4,active
MB000033,U001734,普通会员,2025-12-13,2026-12-13,8188,0,active
MB000034,U001133,普通会员,2025-08-06,2026-08-06,2191,14,active
MB000035,U004290,银卡会员,2026-04-28,2027-04-28,4043,12,active
MB000036,U001272,普通会员,2026-03-23,2027-03-23,3475,11,active
MB000037,U002351,银卡会员,2026-04-24,2027-04-24,336,0,active
MB000038,U000595,金卡会员,2026-03-13,2027-03-13,2132,7,active
MB000039,U003575,银卡会员,2025-12-22,2026-12-22,5710,15,active
MB000040,U004994,银卡会员,2025-12-27,2026-12-27,1395,11,active
MB000041,U002186,普通会员,2026-03-16,2027-03-16,874,1,active
MB000042,U003272,金卡会员,2025-03-26,2026-03-26,2460,5,active
MB000043,U003529,普通会员,2025-09-15,2026-09-15,1659,7,active
MB000044,U003350,银卡会员,2026-03-06,2027-03-06,7621,2,active
MB000045,U004704,金卡会员,2026-01-13,2027-01-13,10019,13,active
MB000046,U004837,金卡会员,2025-05-08,2026-05-08,2297,3,active
MB000047,U002438,普通会员,2025-03-30,2026-03-30,11131,10,active
MB000048,U001900,普通会员,2025-08-05,2026-08-05,2336,12,active
MB000049,U003991,普通会员,2026-05-04,2027-05-04,8799,2,active
MB000050,U002676,银卡会员,2025-11-10,2026-11-10,1197,5,active
MB000051,U003823,普通会员,2026-03-20,2027-03-20,693,4,active
MB000052,U002842,金卡会员,2025-09-26,2026-09-26,9303,8,active
MB000053,U001969,银卡会员,2026-08-21,2027-08-21,4633,14,active
MB000054,U003945,普通会员,2026-04-16,2027-04-16,761,11,active
MB000055,U001863,普通会员,2026-05-19,2027-05-19,5742,3,active
MB000056,U003007,银卡会员,2025-09-21,2026-09-21,4798,2,active
MB000057,U003605,普通会员,2026-03-10,2027-03-10,6430,0,active
MB000058,U001497,普通会员,2025-06-14,2026-06-14,11920,10,active
MB000059,U001036,银卡会员,2025-10-14,2026-10-14,6709,9,active
MB000060,U000372,普通会员,2026-10-01,2027-10-01,10524,5,active
MB000061,U002577,普通会员,2025-08-07,2026-08-07,2924,11,active
MB000062,U001495,普通会员,2025-10-03,2026-10-03,7075,11,active
MB000063,U004286,银卡会员,2025-05-13,2026-05-13,10051,2,active
MB000064,U004826,普通会员,2026-08-12,2027-08-12,11472,8,active
MB000065,U000155,金卡会员,2026-06-07,2027-06-07,2818,10,active
MB000066,U001898,金卡会员,2025-10-11,2026-10-11,4259,14,active
MB000067,U004425,普通会员,2026-05-06,2027-05-06,1989,2,active
MB000068,U002260,金卡会员,2026-02-15,2027-02-15,7716,11,active
MB000069,U004523,银卡会员,2025-09-11,2026-09-11,10111,0,active
MB000070,U003076,银卡会员,2026-04-25,2027-04-25,3379,3,active
MB000071,U002308,普通会员,2026-01-14,2027-01-14,5579,7,active
MB000072,U000238,金卡会员,2026-02-24,2027-02-24,5878,4,active
MB000073,U000195,银卡会员,2025-05-16,2026-05-16,11542,7,active
MB000074,U004640,普通会员,2026-11-27,2027-11-27,8336,7,active
MB000075,U002102,普通会员,2026-02-25,2027-02-25,5525,2,active
MB000076,U001218,普通会员,2026-09-20,2027-09-20,6237,12,active
MB000077,U002710,普通会员,2025-07-06,2026-07-06,3752,2,active
MB000078,U004535,普通会员,2026-01-05,2027-01-05,10383,13,active
MB000079,U003378,银卡会员,2025-06-09,2026-06-09,3334,11,active
MB000080,U001094,普通会员,2025-03-27,2026-03-27,6752,8,active
MB000081,U000908,银卡会员,2026-05-20,2027-05-20,8972,14,active
MB000082,U002338,银卡会员,2026-10-05,2027-10-05,1755,4,active
MB000083,U000295,金卡会员,2026-02-04,2027-02-04,7795,13,active
MB000084,U000789,普通会员,2026-06-01,2027-06-01,10309,3,active
MB000085,U001171,银卡会员,2025-06-10,2026-06-10,1226,14,active
MB000086,U003733,普通会员,2025-02-06,2026-02-06,4361,6,active
MB000087,U003879,银卡会员,2026-07-30,2027-07-30,3735,3,active
MB000088,U004787,银卡会员,2026-02-03,2027-02-03,10681,1,active
MB000089,U000668,银卡会员,2025-05-31,2026-05-31,5764,2,active
MB000090,U003333,普通会员,2025-08-25,2026-08-25,296,0,active
MB000091,U000772,普通会员,2026-05-29,2027-05-29,8439,5,active
MB000092,U002806,普通会员,2026-01-13,2027-01-13,9642,1,active
MB000093,U000123,银卡会员,2026-03-23,2027-03-23,2510,13,active
MB000094,U003361,普通会员,2025-06-25,2026-06-25,10164,3,active
MB000095,U000734,普通会员,2026-05-20,2027-05-20,10748,13,active
MB000096,U004508,普通会员,2025-04-23,2026-04-23,989,8,active
MB000097,U003033,普通会员,2025-07-02,2026-07-02,1808,3,active
MB000098,U000154,银卡会员,2025-11-13,2026-11-13,1339,9,active
MB000099,U001264,普通会员,2025-05-10,2026-05-10,980,13,active
MB000100,U001488,普通会员,2026-06-12,2027-06-12,10710,6,active
MB000101,U003552,普通会员,2025-05-29,2026-05-29,585,5,active
MB000102,U002426,普通会员,2025-08-12,2026-08-12,282,15,active
MB000103,U000829,普通会员,2025-06-22,2026-06-22,10224,4,active
MB000104,U003832,普通会员,2026-04-29,2027-04-29,5726,11,active
MB000105,U004912,金卡会员,2025-09-09,2026-09-09,11743,12,active
MB000106,U003447,普通会员,2026-03-13,2027-03-13,3534,1,active
MB000107,U001070,银卡会员,2025-02-16,2026-02-16,5820,1,active
MB000108,U004326,普通会员,2026-08-18,2027-08-18,9003,11,active
MB000109,U003718,银卡会员,2025-11-26,2026-11-26,4800,11,active
MB000110,U000095,普通会员,2026-07-23,2027-07-23,6666,6,active
MB000111,U000111,普通会员,2026-08-26,2027-08-26,9139,3,active
MB000112,U001265,普通会员,2026-01-18,2027-01-18,10386,12,active
MB000113,U000744,银卡会员,2026-08-07,2027-08-07,10637,15,active
MB000114,U001843,银卡会员,2025-06-02,2026-06-02,6141,1,active
MB000115,U003816,银卡会员,2025-04-28,2026-04-28,2170,7,active
MB000116,U002377,银卡会员,2026-01-22,2027-01-22,30,1,active
MB000117,U004187,普通会员,2025-03-11,2026-03-11,4309,8,active
MB000118,U002557,金卡会员,2026-04-15,2027-04-15,441,9,active
MB000119,U002742,普通会员,2025-08-02,2026-08-02,5288,13,active
MB000120,U004959,普通会员,2025-07-22,2026-07-22,5724,15,active
MB000121,U000397,普通会员,2026-01-20,2027-01-20,9084,3,active
MB000122,U002170,金卡会员,2025-05-25,2026-05-25,11542,11,active
MB000123,U003384,普通会员,2026-05-02,2027-05-02,10882,4,active
MB000124,U003004,普通会员,2025-07-14,2026-07-14,8365,2,active
MB000125,U001857,普通会员,2025-05-26,2026-05-26,6228,14,active
MB000126,U003996,黑金会员,2026-10-20,2027-10-20,4060,1,active
MB000127,U000543,普通会员,2025-04-26,2026-04-26,1518,2,active
MB000128,U001193,金卡会员,2025-03-20,2026-03-20,1125,3,active
MB000129,U003865,黑金会员,2025-07-12,2026-07-12,4028,15,active
MB000130,U000537,银卡会员,2026-07-27,2027-07-27,1827,12,active
MB000131,U001729,普通会员,2025-12-15,2026-12-15,10022,10,active
MB000132,U000657,普通会员,2025-05-02,2026-05-02,6616,6,active
MB000133,U002145,普通会员,2025-04-29,2026-04-29,6134,9,active
MB000134,U001912,银卡会员,2025-10-21,2026-10-21,8887,12,active
MB000135,U003699,普通会员,2025-10-18,2026-10-18,4039,9,active
MB000136,U003622,黑金会员,2026-04-30,2027-04-30,749,11,active
MB000137,U004335,普通会员,2025-01-20,2026-01-20,3114,13,active
MB000138,U000683,银卡会员,2025-04-07,2026-04-07,8193,0,active
MB000139,U000995,银卡会员,2026-07-01,2027-07-01,4353,14,active
MB000140,U001693,普通会员,2025-05-31,2026-05-31,6814,5,active
MB000141,U004125,普通会员,2026-11-15,2027-11-15,1972,7,active
MB000142,U001033,银卡会员,2026-11-20,2027-11-20,4860,14,active
MB000143,U002251,银卡会员,2025-07-02,2026-07-02,5396,1,active
MB000144,U000822,普通会员,2025-06-07,2026-06-07,9617,10,active
MB000145,U004373,普通会员,2025-11-15,2026-11-15,1057,11,active
MB000146,U000952,普通会员,2026-08-01,2027-08-01,2147,5,active
MB000147,U002369,普通会员,2026-05-29,2027-05-29,2493,0,active
MB000148,U003988,普通会员,2025-09-06,2026-09-06,7949,6,active
MB000149,U004649,普通会员,2025-10-03,2026-10-03,6780,15,active
MB000150,U000559,金卡会员,2025-05-08,2026-05-08,8411,3,active
MB000151,U000552,银卡会员,2025-12-27,2026-12-27,3262,9,active
MB000152,U001631,银卡会员,2025-05-13,2026-05-13,1943,11,active
MB000153,U002953,银卡会员,2025-04-10,2026-04-10,9125,9,active
MB000154,U000904,黑金会员,2026-05-18,2027-05-18,9115,9,active
MB000155,U000684,银卡会员,2025-10-11,2026-10-11,8286,10,active
MB000156,U000878,普通会员,2025-04-18,2026-04-18,1567,1,active
MB000157,U004550,普通会员,2025-12-01,2026-12-01,5710,5,active
MB000158,U003360,金卡会员,2025-03-17,2026-03-17,9387,15,active
MB000159,U003198,金卡会员,2025-07-09,2026-07-09,5788,6,active
MB000160,U000001,普通会员,2026-10-12,2027-10-12,11362,7,active
MB000161,U003336,银卡会员,2026-05-18,2027-05-18,981,10,active
MB000162,U002745,金卡会员,2026-06-17,2027-06-17,3478,12,active
MB000163,U001249,普通会员,2025-07-12,2026-07-12,3655,6,active
MB000164,U003323,普通会员,2025-03-02,2026-03-02,8907,11,active
MB000165,U003783,普通会员,2026-06-10,2027-06-10,8963,11,active
MB000166,U002443,普通会员,2025-04-02,2026-04-02,7494,11,active
MB000167,U003504,银卡会员,2025-03-04,2026-03-04,4344,3,active
MB000168,U004622,银卡会员,2025-11-10,2026-11-10,632,10,active
MB000169,U004986,银卡会员,2025-08-19,2026-08-19,1553,12,active
MB000170,U002709,普通会员,2026-02-22,2027-02-22,8523,12,active
MB000171,U002153,银卡会员,2026-08-08,2027-08-08,9135,2,active
MB000172,U002398,普通会员,2026-08-03,2027-08-03,7237,14,active
MB000173,U002381,金卡会员,2025-12-08,2026-12-08,5562,15,active
MB000174,U004764,普通会员,2025-09-11,2026-09-11,11212,0,active
MB000175,U000359,普通会员,2025-04-20,2026-04-20,11733,12,active
MB000176,U001382,普通会员,2026-07-29,2027-07-29,11456,4,active
MB000177,U003746,银卡会员,2026-10-05,2027-10-05,2779,2,active
MB000178,U003345,普通会员,2026-06-05,2027-06-05,3806,12,active
MB000179,U001968,银卡会员,2025-09-13,2026-09-13,10371,13,active
MB000180,U003993,金卡会员,2025-01-23,2026-01-23,2393,9,active
MB000181,U001331,普通会员,2025-06-04,2026-06-04,6822,7,active
MB000182,U002313,金卡会员,2025-10-31,2026-10-31,2772,15,active
MB000183,U004012,金卡会员,2025-05-19,2026-05-19,1631,13,active
MB000184,U004416,金卡会员,2026-03-16,2027-03-16,4605,15,active
MB000185,U003497,普通会员,2026-08-12,2027-08-12,3286,0,active
MB000186,U003661,银卡会员,2026-06-18,2027-06-18,11625,1,active
MB000187,U003751,金卡会员,2026-07-22,2027-07-22,8166,5,active
MB000188,U002651,普通会员,2025-07-29,2026-07-29,10656,10,active
MB000189,U003639,银卡会员,2025-08-25,2026-08-25,11403,5,active
MB000190,U002504,普通会员,2026-10-06,2027-10-06,935,14,active
MB000191,U000620,银卡会员,2026-03-30,2027-03-30,8839,15,active
MB000192,U000606,普通会员,2025-04-28,2026-04-28,9042,12,active
MB000193,U003264,普通会员,2026-06-04,2027-06-04,5570,15,active
MB000194,U002420,普通会员,2026-05-16,2027-05-16,1479,3,active
MB000195,U003128,银卡会员,2026-04-07,2027-04-07,174,8,active
MB000196,U003889,银卡会员,2025-05-04,2026-05-04,10375,4,active
MB000197,U000585,普通会员,2026-08-05,2027-08-05,2178,4,active
MB000198,U000147,普通会员,2025-12-17,2026-12-17,1362,9,active
MB000199,U000355,普通会员,2026-03-20,2027-03-20,9931,3,active
MB000200,U001284,银卡会员,2025-10-28,2026-10-28,9067,5,active
MB000201,U000967,金卡会员,2026-07-08,2027-07-08,7335,9,active
MB000202,U000826,黑金会员,2025-09-02,2026-09-02,1287,12,active
MB000203,U002315,普通会员,2025-09-30,2026-09-30,1668,15,active
MB000204,U004513,银卡会员,2025-07-31,2026-07-31,1010,8,active
MB000205,U004205,银卡会员,2026-01-09,2027-01-09,9413,14,active
MB000206,U004029,普通会员,2026-06-04,2027-06-04,8618,9,active
MB000207,U001915,普通会员,2025-11-03,2026-11-03,3364,2,active
MB000208,U003606,普通会员,2026-07-31,2027-07-31,9271,11,active
MB000209,U003247,金卡会员,2026-05-03,2027-05-03,11839,12,active
MB000210,U003500,普通会员,2026-04-16,2027-04-16,3590,2,active
MB000211,U001332,普通会员,2026-01-18,2027-01-18,8919,6,active
MB000212,U004455,普通会员,2026-04-30,2027-04-30,7370,9,active
MB000213,U001104,普通会员,2026-08-28,2027-08-28,2791,11,active
MB000214,U000686,银卡会员,2026-07-09,2027-07-09,7680,15,active
MB000215,U002220,银卡会员,2025-05-03,2026-05-03,9039,8,active
MB000216,U003659,黑金会员,2026-06-02,2027-06-02,2827,9,active
MB000217,U002003,普通会员,2025-09-29,2026-09-29,7267,11,active
MB000218,U002547,普通会员,2025-06-27,2026-06-27,10734,9,active
MB000219,U003293,普通会员,2026-02-07,2027-02-07,6810,8,active
MB000220,U004389,普通会员,2025-12-23,2026-12-23,8621,15,active
MB000221,U002031,黑金会员,2025-03-08,2026-03-08,6254,10,active
MB000222,U000434,普通会员,2026-05-07,2027-05-07,2079,5,active
MB000223,U002440,普通会员,2026-09-12,2027-09-12,9298,14,active
MB000224,U001229,银卡会员,2025-04-18,2026-04-18,11866,7,active
MB000225,U003249,金卡会员,2026-02-25,2027-02-25,5471,8,active
MB000226,U004223,普通会员,2026-01-30,2027-01-30,10504,6,active
MB000227,U003518,银卡会员,2025-09-05,2026-09-05,10246,14,active
MB000228,U000974,普通会员,2025-11-29,2026-11-29,2812,1,active
MB000229,U000509,银卡会员,2026-06-01,2027-06-01,5290,11,active
MB000230,U003519,普通会员,2025-04-20,2026-04-20,10123,8,active
MB000231,U001982,银卡会员,2026-07-17,2027-07-17,10192,6,active
MB000232,U001850,银卡会员,2026-09-12,2027-09-12,5177,13,active
MB000233,U002795,普通会员,2025-10-31,2026-10-31,9313,15,active
MB000234,U001313,银卡会员,2025-12-19,2026-12-19,10761,12,active
MB000235,U003489,金卡会员,2026-01-06,2027-01-06,11833,13,active
MB000236,U002363,普通会员,2026-07-06,2027-07-06,10789,1,active
MB000237,U002685,普通会员,2025-08-05,2026-08-05,6673,14,active
MB000238,U003522,金卡会员,2026-02-27,2027-02-27,10425,14,active
MB000239,U004575,银卡会员,2026-08-12,2027-08-12,7936,3,active
MB000240,U003471,普通会员,2026-01-24,2027-01-24,881,15,active
MB000241,U003787,银卡会员,2026-01-12,2027-01-12,9898,12,active
MB000242,U002566,金卡会员,2025-07-29,2026-07-29,4752,13,active
MB000243,U000425,银卡会员,2026-06-20,2027-06-20,4699,6,active
MB000244,U001002,普通会员,2026-07-12,2027-07-12,3066,14,active
MB000245,U000091,普通会员,2026-03-15,2027-03-15,5738,15,active
MB000246,U003159,普通会员,2025-06-01,2026-06-01,5500,15,active
MB000247,U001988,银卡会员,2025-07-11,2026-07-11,2389,14,active
MB000248,U003650,银卡会员,2026-09-20,2027-09-20,2301,10,active
MB000249,U003470,普通会员,2026-08-09,2027-08-09,2835,3,active
MB000250,U001544,普通会员,2025-04-08,2026-04-08,3511,14,active
MB000251,U002718,普通会员,2026-03-27,2027-03-27,8163,7,active
MB000252,U003066,金卡会员,2026-04-07,2027-04-07,7433,0,active
MB000253,U001162,普通会员,2025-11-11,2026-11-11,820,14,active
MB000254,U002049,银卡会员,2025-03-18,2026-03-18,548,10,active
MB000255,U001990,普通会员,2026-10-03,2027-10-03,8402,4,active
MB000256,U004182,普通会员,2026-08-27,2027-08-27,4106,4,active
MB000257,U004407,金卡会员,2025-11-13,2026-11-13,4697,8,active
MB000258,U001370,普通会员,2025-11-29,2026-11-29,1716,9,active
MB000259,U001205,银卡会员,2026-06-10,2027-06-10,4608,3,active
MB000260,U002149,普通会员,2026-05-20,2027-05-20,2380,0,active
MB000261,U001591,普通会员,2026-03-24,2027-03-24,4818,6,active
MB000262,U000184,银卡会员,2025-09-22,2026-09-22,11156,6,active
MB000263,U001645,黑金会员,2025-11-25,2026-11-25,4045,9,active
MB000264,U001829,普通会员,2025-09-07,2026-09-07,98,3,active
MB000265,U004562,普通会员,2025-08-26,2026-08-26,3370,11,active
MB000266,U003774,黑金会员,2025-12-21,2026-12-21,11537,4,active
MB000267,U004790,银卡会员,2025-07-01,2026-07-01,7273,12,active
MB000268,U000191,普通会员,2025-08-31,2026-08-31,5120,2,active
MB000269,U002402,银卡会员,2026-11-06,2027-11-06,7802,15,active
MB000270,U000037,普通会员,2026-07-17,2027-07-17,10224,13,active
MB000271,U001804,黑金会员,2025-11-23,2026-11-23,6344,13,active
MB000272,U004219,普通会员,2025-04-27,2026-04-27,3516,0,active
MB000273,U001556,普通会员,2026-06-28,2027-06-28,5077,1,active
MB000274,U004306,普通会员,2025-04-15,2026-04-15,11693,11,active
MB000275,U001640,普通会员,2025-04-12,2026-04-12,11117,14,active
MB000276,U001243,普通会员,2026-02-13,2027-02-13,299,9,active
MB000277,U004895,普通会员,2026-05-22,2027-05-22,10889,9,active
MB000278,U001844,银卡会员,2025-08-14,2026-08-14,538,13,active
MB000279,U000727,普通会员,2025-08-31,2026-08-31,11180,4,active
MB000280,U002129,银卡会员,2026-02-18,2027-02-18,2718,7,active
MB000281,U004589,银卡会员,2026-02-25,2027-02-25,8956,7,active
MB000282,U001593,金卡会员,2025-06-26,2026-06-26,3423,1,active
MB000283,U003808,普通会员,2025-07-22,2026-07-22,8282,5,active
MB000284,U004553,普通会员,2026-04-23,2027-04-23,7143,4,active
MB000285,U001883,银卡会员,2026-05-17,2027-05-17,1951,9,active
MB000286,U003287,普通会员,2025-06-10,2026-06-10,1352,6,active
MB000287,U003180,普通会员,2026-06-14,2027-06-14,765,11,active
MB000288,U000063,银卡会员,2025-05-27,2026-05-27,10828,13,active
MB000289,U003657,银卡会员,2025-03-22,2026-03-22,9238,9,active
MB000290,U000362,银卡会员,2026-04-03,2027-04-03,3561,14,active
MB000291,U001329,银卡会员,2026-01-03,2027-01-03,6457,12,active
MB000292,U001143,银卡会员,2025-05-22,2026-05-22,3036,7,active
MB000293,U003976,金卡会员,2026-08-29,2027-08-29,10497,15,active
MB000294,U001011,普通会员,2025-03-10,2026-03-10,1196,10,active
MB000295,U001353,银卡会员,2026-08-19,2027-08-19,7550,1,active
MB000296,U002582,银卡会员,2025-11-08,2026-11-08,5182,6,active
MB000297,U001503,金卡会员,2026-08-02,2027-08-02,2826,13,active
MB000298,U002752,普通会员,2026-08-21,2027-08-21,10350,2,active
MB000299,U004190,普通会员,2025-06-25,2026-06-25,4961,12,active
MB000300,U004855,金卡会员,2025-03-12,2026-03-12,10620,8,active
MB000301,U000084,银卡会员,2025-06-27,2026-06-27,105,0,active
MB000302,U004528,金卡会员,2026-05-04,2027-05-04,3571,0,active
MB000303,U002213,金卡会员,2025-11-01,2026-11-01,2511,13,active
MB000304,U003695,金卡会员,2025-12-08,2026-12-08,6120,1,active
MB000305,U000991,银卡会员,2025-05-11,2026-05-11,10035,15,active
MB000306,U004434,银卡会员,2026-07-03,2027-07-03,5558,12,active
MB000307,U000697,银卡会员,2026-10-08,2027-10-08,11836,1,active
MB000308,U000550,黑金会员,2025-07-18,2026-07-18,10844,5,active
MB000309,U001543,普通会员,2025-04-28,2026-04-28,4384,6,active
MB000310,U000457,普通会员,2026-02-16,2027-02-16,8303,12,active
MB000311,U003024,普通会员,2025-07-04,2026-07-04,4177,2,active
MB000312,U003359,黑金会员,2026-02-19,2027-02-19,5510,3,active
MB000313,U000768,银卡会员,2026-09-19,2027-09-19,8774,3,active
MB000314,U003402,普通会员,2025-01-13,2026-01-13,10494,7,active
MB000315,U002517,普通会员,2025-08-10,2026-08-10,346,14,active
MB000316,U002979,金卡会员,2025-08-31,2026-08-31,9605,3,active
MB000317,U001966,银卡会员,2025-05-15,2026-05-15,3369,14,active
MB000318,U001051,银卡会员,2025-09-05,2026-09-05,577,0,active
MB000319,U002724,银卡会员,2026-06-23,2027-06-23,5384,3,active
MB000320,U002855,普通会员,2025-04-14,2026-04-14,686,6,active
MB000321,U004551,普通会员,2025-12-30,2026-12-30,4646,13,active
MB000322,U004527,金卡会员,2025-10-15,2026-10-15,6912,10,active
MB000323,U003736,金卡会员,2025-03-10,2026-03-10,3874,14,active
MB000324,U003578,普通会员,2026-06-11,2027-06-11,6877,7,active
MB000325,U000773,普通会员,2026-06-23,2027-06-23,4962,15,active
MB000326,U002848,普通会员,2025-10-27,2026-10-27,10832,12,active
MB000327,U003281,金卡会员,2026-01-25,2027-01-25,9468,0,active
MB000328,U004756,银卡会员,2026-08-22,2027-08-22,3266,1,active
MB000329,U000214,银卡会员,2025-06-20,2026-06-20,7522,14,active
MB000330,U002533,普通会员,2025-08-06,2026-08-06,8929,7,active
MB000331,U000080,普通会员,2026-04-14,2027-04-14,6860,9,active
MB000332,U004439,银卡会员,2026-01-24,2027-01-24,11147,9,active
MB000333,U004936,普通会员,2026-10-21,2027-10-21,2066,15,active
MB000334,U004042,黑金会员,2025-09-11,2026-09-11,6303,9,active
MB000335,U000329,银卡会员,2025-06-13,2026-06-13,3302,7,active
MB000336,U003502,普通会员,2025-09-16,2026-09-16,10930,5,active
MB000337,U000405,银卡会员,2025-12-17,2026-12-17,10410,9,active
MB000338,U003585,普通会员,2026-02-04,2027-02-04,2558,11,active
MB000339,U000007,普通会员,2026-05-19,2027-05-19,1284,4,active
MB000340,U002360,普通会员,2025-11-05,2026-11-05,10985,5,active
MB000341,U002455,金卡会员,2025-11-05,2026-11-05,9949,5,active
MB000342,U002932,普通会员,2026-01-03,2027-01-03,11273,5,active
MB000343,U001965,普通会员,2025-04-13,2026-04-13,8114,12,active
MB000344,U002366,金卡会员,2026-04-06,2027-04-06,2508,1,active
MB000345,U001427,银卡会员,2026-02-03,2027-02-03,10382,13,active
MB000346,U004256,黑金会员,2026-02-20,2027-02-20,1944,11,active
MB000347,U003077,普通会员,2025-05-12,2026-05-12,431,0,active
MB000348,U003385,银卡会员,2025-09-02,2026-09-02,11952,13,active
MB000349,U004138,银卡会员,2026-01-18,2027-01-18,4832,9,active
MB000350,U004548,普通会员,2025-04-17,2026-04-17,11017,15,active
MB000351,U002245,银卡会员,2026-06-02,2027-06-02,6056,7,active
MB000352,U003971,黑金会员,2026-07-21,2027-07-21,5695,15,active
MB000353,U004390,银卡会员,2026-03-14,2027-03-14,388,5,active
MB000354,U004319,普通会员,2025-08-18,2026-08-18,4432,14,active
MB000355,U001506,金卡会员,2026-03-13,2027-03-13,4974,9,active
MB000356,U001009,银卡会员,2026-06-12,2027-06-12,3869,14,active
MB000357,U004260,金卡会员,2026-06-29,2027-06-29,2130,2,active
MB000358,U002322,金卡会员,2025-10-01,2026-10-01,138,14,active
MB000359,U003793,普通会员,2025-04-23,2026-04-23,9144,14,active
MB000360,U003322,普通会员,2026-08-10,2027-08-10,1211,0,active
MB000361,U004727,普通会员,2025-08-01,2026-08-01,1750,11,active
MB000362,U003526,银卡会员,2025-12-01,2026-12-01,1116,6,active
MB000363,U002206,普通会员,2026-05-27,2027-05-27,555,7,active
MB000364,U003670,黑金会员,2026-03-14,2027-03-14,597,2,active
MB000365,U000600,黑金会员,2025-11-08,2026-11-08,4218,4,active
MB000366,U002131,金卡会员,2026-05-05,2027-05-05,6353,9,active
MB000367,U000198,普通会员,2026-04-09,2027-04-09,9341,8,active
MB000368,U001723,银卡会员,2026-05-13,2027-05-13,2194,0,active
MB000369,U003467,普通会员,2026-02-09,2027-02-09,8048,9,active
MB000370,U000460,银卡会员,2025-08-15,2026-08-15,6808,3,active
MB000371,U002107,金卡会员,2025-12-30,2026-12-30,58,7,active
MB000372,U000942,金卡会员,2026-08-20,2027-08-20,11795,12,active
MB000373,U000737,普通会员,2025-07-06,2026-07-06,11448,13,active
MB000374,U000426,普通会员,2026-03-13,2027-03-13,1454,7,active
MB000375,U001638,普通会员,2025-06-10,2026-06-10,4402,11,active
MB000376,U002688,银卡会员,2025-04-10,2026-04-10,5263,6,active
MB000377,U000925,普通会员,2025-03-24,2026-03-24,11988,7,active
MB000378,U001505,普通会员,2026-10-30,2027-10-30,3215,4,active
MB000379,U004915,普通会员,2026-08-13,2027-08-13,10908,1,active
MB000380,U001312,普通会员,2026-11-21,2027-11-21,7465,1,active
MB000381,U001719,普通会员,2025-10-23,2026-10-23,6668,8,active
MB000382,U003325,普通会员,2025-08-20,2026-08-20,11866,6,active
MB000383,U002341,普通会员,2026-08-29,2027-08-29,4320,1,active
MB000384,U001019,黑金会员,2025-05-20,2026-05-20,5636,7,active
MB000385,U000319,金卡会员,2026-01-19,2027-01-19,4834,9,active
MB000386,U000246,普通会员,2026-09-22,2027-09-22,10479,8,active
MB000387,U003563,银卡会员,2026-05-11,2027-05-11,11259,0,active
MB000388,U001422,普通会员,2026-06-05,2027-06-05,449,12,active
MB000389,U002222,银卡会员,2026-09-30,2027-09-30,4075,2,active
MB000390,U002854,金卡会员,2026-08-23,2027-08-23,9841,6,active
MB000391,U000931,金卡会员,2026-04-06,2027-04-06,11824,7,active
MB000392,U002711,银卡会员,2026-04-17,2027-04-17,2955,7,active
MB000393,U000137,普通会员,2025-06-10,2026-06-10,2255,6,active
MB000394,U002094,银卡会员,2026-07-25,2027-07-25,11176,3,active
MB000395,U004216,银卡会员,2026-02-22,2027-02-22,9436,15,active
MB000396,U003923,银卡会员,2025-04-10,2026-04-10,10979,2,active
MB000397,U003242,银卡会员,2026-05-01,2027-05-01,228,13,active
MB000398,U002828,金卡会员,2026-06-10,2027-06-10,1784,4,active
MB000399,U000712,黑金会员,2026-05-04,2027-05-04,4538,9,active
MB000400,U002892,普通会员,2026-12-01,2027-12-01,5747,0,active
MB000401,U002092,普通会员,2026-10-10,2027-10-10,2520,8,active
MB000402,U001183,普通会员,2025-11-11,2026-11-11,2640,5,active
MB000403,U000475,银卡会员,2026-05-30,2027-05-30,8775,1,active
MB000404,U004420,银卡会员,2025-09-24,2026-09-24,1561,5,active
MB000405,U002172,普通会员,2025-11-10,2026-11-10,1649,7,active
MB000406,U002522,普通会员,2026-07-25,2027-07-25,1611,3,active
MB000407,U002072,银卡会员,2025-12-26,2026-12-26,1199,14,active
MB000408,U001150,普通会员,2026-08-23,2027-08-23,1543,10,active
MB000409,U004667,银卡会员,2026-03-20,2027-03-20,4777,11,active
MB000410,U002996,普通会员,2026-08-30,2027-08-30,5819,9,active
MB000411,U002844,金卡会员,2026-02-28,2027-02-28,11020,14,active
MB000412,U003195,黑金会员,2026-01-09,2027-01-09,2053,11,active
MB000413,U000599,普通会员,2025-12-08,2026-12-08,11485,7,active
MB000414,U003702,普通会员,2026-07-13,2027-07-13,2796,15,active
MB000415,U001998,普通会员,2025-08-30,2026-08-30,7022,8,active
MB000416,U002769,金卡会员,2025-12-06,2026-12-06,8311,1,active
MB000417,U000264,普通会员,2026-03-31,2027-03-31,1244,5,active
MB000418,U000225,普通会员,2025-05-08,2026-05-08,1174,3,active
MB000419,U003834,银卡会员,2026-10-27,2027-10-27,6741,0,active
MB000420,U002982,普通会员,2025-07-25,2026-07-25,1057,7,active
MB000421,U000396,银卡会员,2026-05-03,2027-05-03,9890,6,active
MB000422,U001277,银卡会员,2025-05-22,2026-05-22,4155,10,active
MB000423,U003725,普通会员,2025-07-20,2026-07-20,3741,1,active
MB000424,U002821,银卡会员,2026-01-19,2027-01-19,6904,5,active
MB000425,U002430,黑金会员,2026-08-26,2027-08-26,8481,11,active
MB000426,U000658,银卡会员,2025-06-24,2026-06-24,156,13,active
MB000427,U002926,普通会员,2025-07-27,2026-07-27,9200,2,active
MB000428,U004111,银卡会员,2026-03-25,2027-03-25,10477,2,active
MB000429,U001402,普通会员,2026-08-06,2027-08-06,614,14,active
MB000430,U003895,普通会员,2025-04-19,2026-04-19,6893,8,active
MB000431,U001165,普通会员,2025-05-31,2026-05-31,10217,1,active
MB000432,U000962,银卡会员,2025-09-29,2026-09-29,2260,1,active
MB000433,U004214,银卡会员,2025-02-02,2026-02-02,4647,9,active
MB000434,U001607,金卡会员,2026-03-12,2027-03-12,4859,12,active
MB000435,U000887,普通会员,2026-03-22,2027-03-22,8594,4,active
MB000436,U000597,普通会员,2025-04-28,2026-04-28,9848,7,active
MB000437,U004774,普通会员,2026-09-29,2027-09-29,5704,15,active
MB000438,U002421,金卡会员,2025-02-26,2026-02-26,3329,4,active
MB000439,U002487,普通会员,2026-07-03,2027-07-03,9793,4,active
MB000440,U000014,普通会员,2025-08-12,2026-08-12,4662,4,active
MB000441,U000248,银卡会员,2026-08-03,2027-08-03,4721,2,active
MB000442,U000779,普通会员,2025-04-16,2026-04-16,10497,4,active
MB000443,U000921,普通会员,2025-06-15,2026-06-15,11712,13,active
MB000444,U004000,普通会员,2025-04-22,2026-04-22,500,5,active
MB000445,U004796,金卡会员,2026-07-14,2027-07-14,184,14,active
MB000446,U004978,银卡会员,2025-07-20,2026-07-20,5327,12,active
MB000447,U000013,普通会员,2025-04-10,2026-04-10,3218,0,active
MB000448,U003554,普通会员,2026-08-23,2027-08-23,7083,0,active
MB000449,U001533,普通会员,2025-08-24,2026-08-24,10989,5,active
MB000450,U001997,普通会员,2026-05-24,2027-05-24,11840,4,active
MB000451,U003539,普通会员,2025-06-14,2026-06-14,4735,4,active
MB000452,U003274,普通会员,2025-06-26,2026-06-26,5583,2,active
MB000453,U000892,普通会员,2026-06-22,2027-06-22,8135,7,active
MB000454,U001739,银卡会员,2025-07-18,2026-07-18,11799,14,active
MB000455,U004231,普通会员,2025-01-30,2026-01-30,6001,1,active
MB000456,U000546,普通会员,2026-04-05,2027-04-05,2222,7,active
MB000457,U003617,普通会员,2026-03-25,2027-03-25,6692,6,active
MB000458,U004851,银卡会员,2025-01-25,2026-01-25,9021,2,active
MB000459,U001024,银卡会员,2026-09-13,2027-09-13,9000,5,active
MB000460,U004095,普通会员,2025-10-04,2026-10-04,3137,14,active
MB000461,U003896,金卡会员,2026-06-20,2027-06-20,10309,12,active
MB000462,U004862,普通会员,2026-07-17,2027-07-17,6640,13,active
MB000463,U003386,银卡会员,2026-01-20,2027-01-20,3640,1,active
MB000464,U000866,普通会员,2026-08-19,2027-08-19,4738,15,active
MB000465,U000159,金卡会员,2025-11-02,2026-11-02,4678,13,active
MB000466,U001357,普通会员,2026-07-04,2027-07-04,5645,6,active
MB000467,U000730,普通会员,2026-08-08,2027-08-08,967,5,active
MB000468,U002183,银卡会员,2025-05-18,2026-05-18,10890,15,active
MB000469,U000056,普通会员,2026-09-06,2027-09-06,6984,0,active
MB000470,U004276,普通会员,2026-01-21,2027-01-21,6664,1,active
MB000471,U003549,普通会员,2026-09-30,2027-09-30,10833,9,active
MB000472,U001967,普通会员,2025-05-25,2026-05-25,4273,5,active
MB000473,U000444,普通会员,2026-05-02,2027-05-02,11056,6,active
MB000474,U004885,普通会员,2025-11-02,2026-11-02,5377,2,active
MB000475,U004684,金卡会员,2026-03-13,2027-03-13,464,9,active
MB000476,U004760,普通会员,2025-07-25,2026-07-25,6528,0,active
MB000477,U003992,普通会员,2025-08-06,2026-08-06,9772,8,active
MB000478,U001415,普通会员,2025-06-02,2026-06-02,10608,5,active
MB000479,U003445,普通会员,2025-05-03,2026-05-03,4604,6,active
MB000480,U002335,普通会员,2026-07-23,2027-07-23,7132,1,active
MB000481,U004164,银卡会员,2025-04-22,2026-04-22,5523,15,active
MB000482,U003477,黑金会员,2025-11-17,2026-11-17,3021,1,active
MB000483,U002856,银卡会员,2025-08-06,2026-08-06,11432,7,active
MB000484,U003387,银卡会员,2025-06-12,2026-06-12,10301,10,active
MB000485,U004082,普通会员,2026-01-23,2027-01-23,11035,6,active
MB000486,U004916,普通会员,2025-04-18,2026-04-18,8551,14,active
MB000487,U000659,普通会员,2026-11-07,2027-11-07,7159,2,active
MB000488,U003885,普通会员,2025-03-10,2026-03-10,370,13,active
MB000489,U000167,普通会员,2025-09-13,2026-09-13,4527,7,active
MB000490,U004996,银卡会员,2025-09-21,2026-09-21,1629,6,active
MB000491,U000614,普通会员,2026-02-22,2027-02-22,6037,1,active
MB000492,U004128,普通会员,2025-05-11,2026-05-11,8855,12,active
MB000493,U003178,普通会员,2025-06-20,2026-06-20,7610,14,active
MB000494,U003137,普通会员,2026-04-25,2027-04-25,2405,4,active
MB000495,U001553,普通会员,2026-03-04,2027-03-04,6952,9,active
MB000496,U001046,普通会员,2025-03-31,2026-03-31,3875,2,active
MB000497,U004701,普通会员,2026-05-19,2027-05-19,3580,7,active
MB000498,U003243,普通会员,2025-08-18,2026-08-18,10232,5,active
MB000499,U001501,银卡会员,2025-07-26,2026-07-26,805,2,active
MB000500,U002594,银卡会员,2026-01-25,2027-01-25,11568,9,active
MB000501,U004135,普通会员,2026-03-12,2027-03-12,4763,5,active
MB000502,U002362,银卡会员,2025-06-26,2026-06-26,4942,2,active
MB000503,U002545,银卡会员,2025-07-05,2026-07-05,1161,4,active
MB000504,U004892,银卡会员,2025-05-16,2026-05-16,2051,14,active
MB000505,U001007,金卡会员,2025-11-01,2026-11-01,7095,15,active
MB000506,U000760,银卡会员,2026-06-08,2027-06-08,920,6,active
MB000507,U001494,普通会员,2026-09-01,2027-09-01,2866,1,active
MB000508,U002269,普通会员,2025-04-30,2026-04-30,9801,6,active
MB000509,U003412,普通会员,2025-10-16,2026-10-16,8799,3,active
MB000510,U002274,金卡会员,2026-01-30,2027-01-30,2082,4,active
MB000511,U002325,金卡会员,2025-05-26,2026-05-26,4001,12,active
MB000512,U001795,银卡会员,2026-09-05,2027-09-05,11915,11,active
MB000513,U001074,银卡会员,2026-05-29,2027-05-29,5779,10,active
MB000514,U003279,银卡会员,2025-09-05,2026-09-05,3791,4,active
MB000515,U001447,普通会员,2026-11-12,2027-11-12,7777,0,active
MB000516,U004843,普通会员,2025-07-25,2026-07-25,9747,9,active
MB000517,U000257,银卡会员,2026-03-23,2027-03-23,9466,9,active
MB000518,U002954,银卡会员,2025-07-06,2026-07-06,8802,11,active
MB000519,U002227,普通会员,2025-05-08,2026-05-08,197,0,active
MB000520,U002768,普通会员,2026-07-17,2027-07-17,7238,5,active
MB000521,U001278,黑金会员,2026-04-22,2027-04-22,9803,9,active
MB000522,U001777,金卡会员,2026-09-26,2027-09-26,4742,10,active
MB000523,U004626,银卡会员,2026-06-29,2027-06-29,9684,3,active
MB000524,U004998,普通会员,2025-03-24,2026-03-24,10317,12,active
MB000525,U000646,黑金会员,2025-08-14,2026-08-14,9420,3,active
MB000526,U002115,普通会员,2025-08-24,2026-08-24,7986,4,active
MB000527,U002241,普通会员,2025-09-22,2026-09-22,11447,14,active
MB000528,U004725,银卡会员,2026-05-20,2027-05-20,5235,5,active
MB000529,U000839,金卡会员,2025-10-28,2026-10-28,8682,4,active
MB000530,U002553,普通会员,2026-09-02,2027-09-02,10472,3,active
MB000531,U003824,普通会员,2026-01-01,2027-01-01,4313,7,active
MB000532,U001834,金卡会员,2025-05-24,2026-05-24,3865,1,active
MB000533,U004903,普通会员,2025-07-18,2026-07-18,1136,14,active
MB000534,U000068,普通会员,2026-10-08,2027-10-08,6656,14,active
MB000535,U003188,金卡会员,2025-11-11,2026-11-11,4458,7,active
MB000536,U003419,普通会员,2026-07-18,2027-07-18,687,10,active
MB000537,U001919,银卡会员,2026-06-14,2027-06-14,2503,11,active
MB000538,U003441,银卡会员,2025-10-06,2026-10-06,5651,11,active
MB000539,U000696,普通会员,2026-02-04,2027-02-04,2768,5,active
MB000540,U000415,普通会员,2026-06-28,2027-06-28,2556,9,active
MB000541,U002879,银卡会员,2026-06-01,2027-06-01,6531,2,active
MB000542,U001065,普通会员,2025-10-14,2026-10-14,11847,10,active
MB000543,U003683,银卡会员,2025-11-20,2026-11-20,2426,15,active
MB000544,U004315,银卡会员,2025-10-14,2026-10-14,10539,4,active
MB000545,U004761,金卡会员,2025-08-01,2026-08-01,11827,4,active
MB000546,U002317,普通会员,2025-12-10,2026-12-10,1607,11,active
MB000547,U003451,普通会员,2026-09-23,2027-09-23,11266,2,active
MB000548,U004963,银卡会员,2026-06-30,2027-06-30,4555,2,active
MB000549,U001258,银卡会员,2026-03-01,2027-03-01,3962,0,active
MB000550,U000107,普通会员,2025-01-24,2026-01-24,8451,4,active
MB000551,U004985,普通会员,2026-02-24,2027-02-24,10568,1,active
MB000552,U002975,银卡会员,2026-08-05,2027-08-05,874,7,active
MB000553,U004789,普通会员,2025-09-12,2026-09-12,976,3,active
MB000554,U002853,普通会员,2025-03-29,2026-03-29,7989,12,active
MB000555,U001622,金卡会员,2025-08-26,2026-08-26,9598,12,active
MB000556,U000454,普通会员,2025-03-03,2026-03-03,5730,12,active
MB000557,U000421,普通会员,2025-04-16,2026-04-16,2601,9,active
MB000558,U002355,普通会员,2026-09-04,2027-09-04,18,3,active
MB000559,U003932,普通会员,2025-03-12,2026-03-12,2534,2,active
MB000560,U001290,普通会员,2026-03-21,2027-03-21,9335,5,active
MB000561,U002783,普通会员,2025-10-02,2026-10-02,2050,1,active
MB000562,U001179,银卡会员,2025-07-03,2026-07-03,7757,10,active
MB000563,U004460,金卡会员,2026-05-14,2027-05-14,10156,4,active
MB000564,U003240,银卡会员,2025-11-06,2026-11-06,7038,5,active
MB000565,U001862,银卡会员,2026-06-26,2027-06-26,2042,6,active
MB000566,U001426,普通会员,2025-12-05,2026-12-05,8614,15,active
MB000567,U003458,黑金会员,2025-12-31,2026-12-31,6817,2,active
MB000568,U000406,普通会员,2026-08-16,2027-08-16,10150,12,active
MB000569,U004324,金卡会员,2026-01-19,2027-01-19,7963,14,active
MB000570,U001762,金卡会员,2025-11-18,2026-11-18,3696,15,active
MB000571,U004346,金卡会员,2025-08-13,2026-08-13,4070,9,active
MB000572,U001223,银卡会员,2025-10-18,2026-10-18,7235,4,active
MB000573,U004748,金卡会员,2025-05-30,2026-05-30,11393,0,active
MB000574,U000732,金卡会员,2025-09-18,2026-09-18,164,13,active
MB000575,U003795,银卡会员,2025-09-18,2026-09-18,1427,15,active
MB000576,U003357,金卡会员,2025-06-15,2026-06-15,5117,8,active
MB000577,U000408,金卡会员,2026-05-27,2027-05-27,250,1,active
MB000578,U004953,银卡会员,2025-11-17,2026-11-17,2853,9,active
MB000579,U003566,普通会员,2026-06-14,2027-06-14,2483,8,active
MB000580,U003621,普通会员,2026-05-11,2027-05-11,4887,11,active
MB000581,U000780,普通会员,2025-05-16,2026-05-16,4254,12,active
MB000582,U003375,普通会员,2026-05-08,2027-05-08,855,8,active
MB000583,U000066,金卡会员,2026-04-06,2027-04-06,6337,7,active
MB000584,U004494,银卡会员,2026-08-08,2027-08-08,1409,3,active
MB000585,U003669,银卡会员,2025-07-19,2026-07-19,11485,0,active
MB000586,U001442,普通会员,2026-06-08,2027-06-08,229,13,active
MB000587,U004243,普通会员,2025-11-06,2026-11-06,10914,9,active
MB000588,U002613,银卡会员,2026-01-08,2027-01-08,589,12,active
MB000589,U003037,金卡会员,2026-07-19,2027-07-19,3552,7,active
MB000590,U004832,普通会员,2026-08-18,2027-08-18,6624,1,active
MB000591,U000041,黑金会员,2025-11-20,2026-11-20,4140,10,active
MB000592,U000677,普通会员,2025-07-07,2026-07-07,6134,6,active
MB000593,U000939,普通会员,2026-04-06,2027-04-06,4276,15,active
MB000594,U000858,银卡会员,2026-09-10,2027-09-10,8335,5,active
MB000595,U000893,银卡会员,2026-07-22,2027-07-22,2546,4,active
MB000596,U004987,银卡会员,2026-06-11,2027-06-11,3713,8,active
MB000597,U001574,普通会员,2025-10-28,2026-10-28,7295,4,active
MB000598,U001106,普通会员,2025-12-19,2026-12-19,689,13,active
MB000599,U000116,金卡会员,2026-05-18,2027-05-18,11608,12,active
MB000600,U004982,银卡会员,2026-09-21,2027-09-21,11103,3,active
MB000601,U002696,普通会员,2026-01-27,2027-01-27,5309,12,active
MB000602,U000033,金卡会员,2025-11-20,2026-11-20,4497,11,active
MB000603,U004161,金卡会员,2025-03-14,2026-03-14,11278,0,active
MB000604,U003688,金卡会员,2025-05-25,2026-05-25,9411,6,active
MB000605,U004009,银卡会员,2025-01-19,2026-01-19,5007,15,active
MB000606,U003415,银卡会员,2026-05-30,2027-05-30,9346,0,active
MB000607,U003080,普通会员,2026-01-19,2027-01-19,90,1,active
MB000608,U004873,银卡会员,2025-08-20,2026-08-20,5825,10,active
MB000609,U004186,金卡会员,2026-01-24,2027-01-24,5972,9,active
MB000610,U003827,银卡会员,2026-08-10,2027-08-10,11923,12,active
MB000611,U002707,黑金会员,2025-07-04,2026-07-04,9498,14,active
MB000612,U001341,普通会员,2026-02-18,2027-02-18,2389,4,active
MB000613,U001166,普通会员,2025-11-14,2026-11-14,370,13,active
MB000614,U004819,银卡会员,2026-09-19,2027-09-19,8067,6,active
MB000615,U003008,普通会员,2025-10-13,2026-10-13,10986,0,active
MB000616,U002344,普通会员,2026-06-26,2027-06-26,5797,12,active
MB000617,U004387,普通会员,2025-07-18,2026-07-18,10207,3,active
MB000618,U004168,银卡会员,2026-02-11,2027-02-11,961,8,active
MB000619,U002347,普通会员,2025-10-07,2026-10-07,1582,0,active
MB000620,U001637,银卡会员,2025-04-20,2026-04-20,6376,11,active
MB000621,U002591,普通会员,2025-08-12,2026-08-12,1259,10,active
MB000622,U001963,普通会员,2026-01-31,2027-01-31,1821,11,active
MB000623,U004571,银卡会员,2026-04-12,2027-04-12,4074,11,active
MB000624,U004136,普通会员,2025-06-21,2026-06-21,771,11,active
MB000625,U000565,普通会员,2025-04-29,2026-04-29,10113,5,active
MB000626,U002470,普通会员,2025-12-31,2026-12-31,2934,0,active
MB000627,U004437,银卡会员,2025-06-06,2026-06-06,7246,13,active
MB000628,U001518,银卡会员,2025-07-20,2026-07-20,11333,3,active
MB000629,U000993,金卡会员,2025-09-25,2026-09-25,6469,5,active
MB000630,U003642,黑金会员,2026-06-10,2027-06-10,347,11,active
MB000631,U000505,银卡会员,2025-06-23,2026-06-23,274,14,active
MB000632,U002130,普通会员,2025-11-05,2026-11-05,6528,8,active
MB000633,U001303,银卡会员,2026-02-13,2027-02-13,9487,6,active
MB000634,U001913,普通会员,2026-08-13,2027-08-13,5866,1,active
MB000635,U004509,银卡会员,2026-03-03,2027-03-03,11933,3,active
MB000636,U003691,普通会员,2025-11-19,2026-11-19,5299,5,active
MB000637,U003266,银卡会员,2025-05-04,2026-05-04,3439,1,active
MB000638,U002863,普通会员,2026-03-03,2027-03-03,6278,14,active
MB000639,U001283,普通会员,2026-06-15,2027-06-15,323,2,active
MB000640,U004162,普通会员,2026-02-18,2027-02-18,9001,12,active
MB000641,U001324,银卡会员,2026-01-22,2027-01-22,4077,3,active
MB000642,U002521,银卡会员,2025-03-15,2026-03-15,9240,4,active
MB000643,U003646,普通会员,2026-05-18,2027-05-18,11401,9,active
MB000644,U003258,普通会员,2026-07-15,2027-07-15,3539,5,active
MB000645,U003730,金卡会员,2026-04-05,2027-04-05,1320,13,active
MB000646,U001615,普通会员,2026-05-31,2027-05-31,4772,0,active
MB000647,U002365,银卡会员,2026-02-21,2027-02-21,1740,2,active
MB000648,U001154,普通会员,2026-05-01,2027-05-01,2950,11,active
MB000649,U003155,普通会员,2026-04-23,2027-04-23,3921,0,active
MB000650,U001075,普通会员,2025-09-26,2026-09-26,9196,13,active
MB000651,U004239,银卡会员,2026-07-31,2027-07-31,10708,8,active
MB000652,U000504,普通会员,2025-04-22,2026-04-22,2281,6,active
MB000653,U000332,银卡会员,2026-05-01,2027-05-01,4904,2,active
MB000654,U001413,银卡会员,2026-07-26,2027-07-26,10808,1,active
MB000655,U004822,普通会员,2025-08-24,2026-08-24,5715,5,active
MB000656,U002822,银卡会员,2025-05-17,2026-05-17,2806,12,active
MB000657,U000670,普通会员,2025-09-30,2026-09-30,5518,7,active
MB000658,U001598,金卡会员,2025-05-15,2026-05-15,8321,4,active
MB000659,U003194,金卡会员,2025-08-09,2026-08-09,7113,7,active
MB000660,U002537,黑金会员,2025-03-26,2026-03-26,5950,12,active
MB000661,U000775,普通会员,2025-07-10,2026-07-10,11966,5,active
MB000662,U004396,普通会员,2026-01-13,2027-01-13,6037,9,active
MB000663,U002138,普通会员,2026-03-28,2027-03-28,5144,11,active
MB000664,U001121,普通会员,2025-10-13,2026-10-13,4265,0,active
MB000665,U002445,普通会员,2025-09-01,2026-09-01,4496,0,active
MB000666,U003083,金卡会员,2026-10-27,2027-10-27,1866,8,active
MB000667,U002699,金卡会员,2025-09-21,2026-09-21,9590,11,active
MB000668,U000045,普通会员,2025-07-23,2026-07-23,7775,8,active
MB000669,U003013,普通会员,2026-09-29,2027-09-29,6507,15,active
MB000670,U000377,普通会员,2025-04-13,2026-04-13,9636,3,active
MB000671,U004686,银卡会员,2026-06-13,2027-06-13,2802,9,active
MB000672,U003428,普通会员,2025-05-10,2026-05-10,2721,5,active
MB000673,U004616,黑金会员,2026-01-24,2027-01-24,11344,6,active
MB000674,U004044,银卡会员,2026-08-28,2027-08-28,8846,14,active
MB000675,U003819,金卡会员,2025-07-13,2026-07-13,1385,2,active
MB000676,U004808,普通会员,2026-06-20,2027-06-20,5406,4,active
MB000677,U004166,金卡会员,2025-07-08,2026-07-08,2670,11,active
MB000678,U003944,普通会员,2025-02-16,2026-02-16,9603,13,active
MB000679,U001856,普通会员,2025-07-18,2026-07-18,7070,5,active
MB000680,U004097,普通会员,2026-02-13,2027-02-13,10938,0,active
MB000681,U000735,普通会员,2025-11-10,2026-11-10,1291,1,active
MB000682,U004679,普通会员,2026-01-20,2027-01-20,8223,4,active
MB000683,U003791,普通会员,2026-03-30,2027-03-30,10917,13,active
MB000684,U000723,银卡会员,2026-03-11,2027-03-11,3677,12,active
MB000685,U000508,银卡会员,2026-06-19,2027-06-19,10003,8,active
MB000686,U004298,金卡会员,2026-02-05,2027-02-05,3594,3,active
MB000687,U004112,金卡会员,2025-10-06,2026-10-06,7388,1,active
MB000688,U001771,金卡会员,2026-07-27,2027-07-27,2875,6,active
MB000689,U003708,普通会员,2026-08-11,2027-08-11,6386,10,active
MB000690,U004370,黑金会员,2026-08-03,2027-08-03,5463,14,active
MB000691,U001721,金卡会员,2025-07-17,2026-07-17,11654,8,active
MB000692,U001379,金卡会员,2025-09-21,2026-09-21,1983,0,active
MB000693,U000968,普通会员,2025-12-08,2026-12-08,1332,2,active
MB000694,U003047,银卡会员,2025-10-09,2026-10-09,6227,15,active
MB000695,U002606,金卡会员,2025-04-23,2026-04-23,2002,10,active
MB000696,U002490,普通会员,2026-03-18,2027-03-18,8495,8,active
MB000697,U004852,普通会员,2026-09-08,2027-09-08,7038,3,active
MB000698,U001922,金卡会员,2025-05-28,2026-05-28,3130,0,active
MB000699,U001034,金卡会员,2025-12-03,2026-12-03,1597,12,active
MB000700,U000038,金卡会员,2026-07-09,2027-07-09,9377,12,active
MB000701,U003894,普通会员,2025-09-30,2026-09-30,112,2,active
MB000702,U003528,普通会员,2026-05-02,2027-05-02,8516,4,active
MB000703,U003425,普通会员,2025-08-23,2026-08-23,11506,2,active
MB000704,U000805,银卡会员,2026-07-16,2027-07-16,11189,12,active
MB000705,U003931,普通会员,2026-11-27,2027-11-27,836,12,active
MB000706,U004159,金卡会员,2026-11-08,2027-11-08,2291,12,active
MB000707,U003620,银卡会员,2025-10-02,2026-10-02,5156,7,active
MB000708,U000821,银卡会员,2025-10-15,2026-10-15,1229,14,active
MB000709,U002178,银卡会员,2026-12-08,2027-12-08,1115,15,active
MB000710,U004691,金卡会员,2026-04-27,2027-04-27,5880,14,active
MB000711,U004663,普通会员,2025-11-23,2026-11-23,11867,0,active
MB000712,U001614,普通会员,2026-02-09,2027-02-09,8834,13,active
MB000713,U002628,普通会员,2026-05-14,2027-05-14,4927,6,active
MB000714,U003927,金卡会员,2026-03-04,2027-03-04,6699,11,active
MB000715,U001282,银卡会员,2026-08-21,2027-08-21,4123,3,active
MB000716,U001960,普通会员,2026-04-22,2027-04-22,8665,11,active
MB000717,U002162,金卡会员,2025-09-13,2026-09-13,4563,11,active
MB000718,U002343,金卡会员,2026-09-06,2027-09-06,10529,1,active
MB000719,U004453,黑金会员,2026-11-15,2027-11-15,608,4,active
MB000720,U002581,银卡会员,2025-10-21,2026-10-21,2071,4,active
MB000721,U002450,普通会员,2025-07-29,2026-07-29,6879,15,active
MB000722,U004169,金卡会员,2025-09-02,2026-09-02,10529,0,active
MB000723,U003114,普通会员,2025-08-26,2026-08-26,2160,10,active
MB000724,U001003,银卡会员,2026-01-11,2027-01-11,4120,13,active
MB000725,U003397,普通会员,2025-10-02,2026-10-02,11947,11,active
MB000726,U002780,普通会员,2025-08-22,2026-08-22,8929,2,active
MB000727,U004721,普通会员,2026-02-25,2027-02-25,2379,8,active
MB000728,U001925,普通会员,2026-08-29,2027-08-29,222,7,active
MB000729,U002410,银卡会员,2026-02-22,2027-02-22,11558,13,active
MB000730,U000118,普通会员,2025-08-30,2026-08-30,8951,0,active
MB000731,U000934,普通会员,2025-03-06,2026-03-06,8666,15,active
MB000732,U003227,金卡会员,2026-09-02,2027-09-02,7113,9,active
MB000733,U002174,普通会员,2025-11-25,2026-11-25,1007,8,active
MB000734,U002332,普通会员,2026-06-03,2027-06-03,3585,4,active
MB000735,U001713,普通会员,2026-10-07,2027-10-07,3158,12,active
MB000736,U004233,普通会员,2026-10-19,2027-10-19,6737,4,active
MB000737,U004332,金卡会员,2026-05-22,2027-05-22,2498,9,active
MB000738,U000973,普通会员,2026-06-09,2027-06-09,3487,2,active
MB000739,U004972,普通会员,2025-06-07,2026-06-07,5683,11,active
MB000740,U001069,黑金会员,2025-03-27,2026-03-27,9202,5,active
MB000741,U003729,银卡会员,2026-10-04,2027-10-04,10181,14,active
MB000742,U001485,金卡会员,2025-09-15,2026-09-15,4600,3,active
MB000743,U001920,普通会员,2026-01-03,2027-01-03,3884,10,active
MB000744,U000808,银卡会员,2026-06-29,2027-06-29,4618,2,active
MB000745,U003828,银卡会员,2025-10-20,2026-10-20,773,4,active
MB000746,U003179,普通会员,2025-10-16,2026-10-16,5764,11,active
MB000747,U002869,金卡会员,2025-11-14,2026-11-14,4871,7,active
MB000748,U004414,普通会员,2025-07-21,2026-07-21,11083,1,active
MB000749,U003666,金卡会员,2025-08-21,2026-08-21,2932,9,active
MB000750,U000847,普通会员,2026-09-13,2027-09-13,6149,3,active
MB000751,U003616,普通会员,2026-08-05,2027-08-05,315,10,active
MB000752,U003349,金卡会员,2026-12-09,2027-12-09,9916,11,active
MB000753,U002449,银卡会员,2025-12-20,2026-12-20,8342,14,active
MB000754,U004558,金卡会员,2025-07-08,2026-07-08,5759,12,active
MB000755,U004520,银卡会员,2026-08-21,2027-08-21,335,3,active
MB000756,U004767,普通会员,2025-04-03,2026-04-03,4911,5,active
MB000757,U001240,普通会员,2025-08-21,2026-08-21,5950,7,active
MB000758,U000767,普通会员,2026-02-22,2027-02-22,8550,14,active
MB000759,U002593,普通会员,2026-02-11,2027-02-11,8799,4,active
MB000760,U004564,普通会员,2025-05-09,2026-05-09,537,1,active
MB000761,U000663,普通会员,2026-01-30,2027-01-30,8125,2,active
MB000762,U003884,普通会员,2025-09-26,2026-09-26,7337,10,active
MB000763,U000250,普通会员,2026-03-23,2027-03-23,9906,6,active
MB000764,U004675,银卡会员,2026-06-15,2027-06-15,11127,8,active
MB000765,U002030,金卡会员,2025-05-23,2026-05-23,6258,8,active
MB000766,U002349,普通会员,2025-04-29,2026-04-29,8829,11,active
MB000767,U004697,银卡会员,2026-07-18,2027-07-18,2965,9,active
MB000768,U001918,银卡会员,2026-11-14,2027-11-14,229,5,active
MB000769,U000142,普通会员,2025-07-13,2026-07-13,10804,13,active
MB000770,U003686,银卡会员,2026-02-17,2027-02-17,11996,3,active
MB000771,U002119,普通会员,2026-02-10,2027-02-10,10963,8,active
MB000772,U002965,银卡会员,2025-04-11,2026-04-11,7354,3,active
MB000773,U000774,普通会员,2025-02-08,2026-02-08,6720,1,active
MB000774,U001451,黑金会员,2025-04-29,2026-04-29,4086,0,active
MB000775,U000437,普通会员,2026-04-21,2027-04-21,8950,1,active
MB000776,U001757,银卡会员,2026-05-18,2027-05-18,10043,11,active
MB000777,U001210,普通会员,2025-12-05,2026-12-05,10457,9,active
MB000778,U002655,金卡会员,2025-10-12,2026-10-12,6338,1,active
MB000779,U000797,银卡会员,2025-07-01,2026-07-01,3091,1,active
MB000780,U000745,普通会员,2026-09-14,2027-09-14,24,10,active
MB000781,U001894,普通会员,2025-07-07,2026-07-07,9056,2,active
MB000782,U001398,银卡会员,2026-09-14,2027-09-14,47,15,active
MB000783,U002763,普通会员,2026-07-25,2027-07-25,4407,12,active
MB000784,U001718,银卡会员,2025-12-15,2026-12-15,10801,13,active
MB000785,U001407,普通会员,2025-10-09,2026-10-09,624,2,active
MB000786,U000539,银卡会员,2025-08-05,2026-08-05,7709,1,active
MB000787,U002442,普通会员,2025-05-01,2026-05-01,2557,13,active
MB000788,U002525,银卡会员,2026-04-03,2027-04-03,7925,4,active
MB000789,U000446,金卡会员,2025-12-31,2026-12-31,8924,12,active
MB000790,U000486,普通会员,2026-03-21,2027-03-21,6409,10,active
MB000791,U004450,银卡会员,2026-03-03,2027-03-03,8911,2,active
MB000792,U004670,银卡会员,2026-07-06,2027-07-06,4175,9,active
MB000793,U002650,银卡会员,2025-05-10,2026-05-10,5044,11,active
MB000794,U004348,普通会员,2025-12-10,2026-12-10,2682,4,active
MB000795,U000741,银卡会员,2025-06-26,2026-06-26,124,1,active
MB000796,U001153,银卡会员,2026-02-17,2027-02-17,10947,12,active
MB000797,U002495,普通会员,2025-08-25,2026-08-25,7550,14,active
MB000798,U001128,银卡会员,2026-03-16,2027-03-16,7728,10,active
MB000799,U003785,金卡会员,2025-09-19,2026-09-19,8615,10,active
MB000800,U001584,普通会员,2025-06-07,2026-06-07,9305,6,active
MB000801,U002356,普通会员,2025-05-17,2026-05-17,5733,15,active
MB000802,U001682,普通会员,2025-12-11,2026-12-11,816,10,active
MB000803,U000919,银卡会员,2026-10-05,2027-10-05,1279,10,active
MB000804,U000291,银卡会员,2025-08-06,2026-08-06,6975,8,active
MB000805,U002265,银卡会员,2026-08-16,2027-08-16,11152,8,active
MB000806,U000368,银卡会员,2026-07-26,2027-07-26,10494,13,active
MB000807,U004106,普通会员,2026-03-15,2027-03-15,6443,6,active
MB000808,U002029,普通会员,2026-07-14,2027-07-14,10169,5,active
MB000809,U001827,金卡会员,2025-07-26,2026-07-26,4349,10,active
MB000810,U000713,普通会员,2026-08-22,2027-08-22,9547,11,active
MB000811,U000738,银卡会员,2025-08-03,2026-08-03,3752,11,active
MB000812,U001944,银卡会员,2025-05-25,2026-05-25,11075,9,active
MB000813,U000575,普通会员,2026-06-27,2027-06-27,6431,3,active
MB000814,U004755,金卡会员,2025-04-23,2026-04-23,754,0,active
MB000815,U004696,黑金会员,2026-09-13,2027-09-13,1252,8,active
MB000816,U000845,普通会员,2026-05-01,2027-05-01,1794,7,active
MB000817,U001906,普通会员,2026-07-16,2027-07-16,7917,11,active
MB000818,U002195,银卡会员,2026-08-07,2027-08-07,6635,14,active
MB000819,U004014,银卡会员,2025-07-20,2026-07-20,5021,12,active
MB000820,U003977,普通会员,2026-04-26,2027-04-26,1714,11,active
MB000821,U001124,普通会员,2026-08-02,2027-08-02,7680,6,active
MB000822,U003435,普通会员,2026-09-14,2027-09-14,10846,5,active
MB000823,U003335,普通会员,2025-07-19,2026-07-19,11324,1,active
MB000824,U004099,金卡会员,2026-02-17,2027-02-17,5582,13,active
MB000825,U000294,银卡会员,2025-06-16,2026-06-16,2933,5,active
MB000826,U000901,普通会员,2026-04-22,2027-04-22,9106,3,active
MB000827,U000465,普通会员,2026-01-07,2027-01-07,9223,11,active
MB000828,U004968,银卡会员,2026-08-19,2027-08-19,7920,5,active
MB000829,U002309,普通会员,2026-09-14,2027-09-14,4043,2,active
MB000830,U003811,银卡会员,2025-06-30,2026-06-30,6657,0,active
MB000831,U000906,普通会员,2025-11-20,2026-11-20,5138,4,active
MB000832,U003530,银卡会员,2026-07-29,2027-07-29,11662,10,active
MB000833,U003722,金卡会员,2026-07-17,2027-07-17,23,11,active
MB000834,U004139,金卡会员,2025-06-11,2026-06-11,5332,4,active
MB000835,U000724,银卡会员,2026-10-11,2027-10-11,9336,2,active
MB000836,U000478,金卡会员,2026-05-15,2027-05-15,3506,0,active
MB000837,U003815,普通会员,2025-08-21,2026-08-21,5747,3,active
MB000838,U004030,银卡会员,2025-06-16,2026-06-16,11304,4,active
MB000839,U003286,金卡会员,2025-08-22,2026-08-22,5652,10,active
MB000840,U002208,普通会员,2025-07-03,2026-07-03,3161,6,active
MB000841,U004798,金卡会员,2026-06-21,2027-06-21,11206,6,active
MB000842,U001358,金卡会员,2025-12-25,2026-12-25,10038,5,active
MB000843,U001677,金卡会员,2026-01-22,2027-01-22,4604,4,active
MB000844,U001286,普通会员,2025-09-16,2026-09-16,4190,8,active
MB000845,U002228,普通会员,2026-11-05,2027-11-05,3762,14,active
MB000846,U001658,银卡会员,2025-12-11,2026-12-11,1844,1,active
MB000847,U001255,金卡会员,2025-07-13,2026-07-13,6053,11,active
MB000848,U004468,普通会员,2026-03-21,2027-03-21,5279,14,active
MB000849,U004766,普通会员,2026-09-23,2027-09-23,7841,11,active
MB000850,U001993,银卡会员,2025-07-22,2026-07-22,8020,13,active
MB000851,U003262,普通会员,2026-03-21,2027-03-21,7071,10,active
MB000852,U002866,银卡会员,2026-05-22,2027-05-22,8712,4,active
MB000853,U000010,金卡会员,2026-01-23,2027-01-23,3284,2,active
MB000854,U002230,金卡会员,2026-05-30,2027-05-30,6366,14,active
MB000855,U004943,金卡会员,2026-09-09,2027-09-09,11164,10,active
MB000856,U002316,银卡会员,2025-07-01,2026-07-01,168,7,active
MB000857,U003985,黑金会员,2026-01-09,2027-01-09,9198,1,active
MB000858,U002086,金卡会员,2025-10-22,2026-10-22,8341,15,active
MB000859,U000661,金卡会员,2025-10-27,2026-10-27,8600,14,active
MB000860,U004202,银卡会员,2025-05-05,2026-05-05,3606,12,active
MB000861,U004481,普通会员,2026-08-28,2027-08-28,3832,13,active
MB000862,U003999,普通会员,2025-09-23,2026-09-23,3242,0,active
MB000863,U002972,金卡会员,2025-07-28,2026-07-28,670,7,active
MB000864,U004457,金卡会员,2026-06-02,2027-06-02,4333,9,active
MB000865,U000330,普通会员,2025-08-05,2026-08-05,10260,1,active
MB000866,U000135,普通会员,2026-01-20,2027-01-20,3818,11,active
MB000867,U003739,普通会员,2025-08-20,2026-08-20,10053,7,active
MB000868,U000468,银卡会员,2026-04-15,2027-04-15,10917,11,active
MB000869,U004971,普通会员,2026-05-16,2027-05-16,8560,12,active
MB000870,U002616,黑金会员,2025-01-20,2026-01-20,5625,15,active
MB000871,U000551,银卡会员,2025-01-27,2026-01-27,2601,1,active
MB000872,U003463,普通会员,2025-09-21,2026-09-21,7803,2,active
MB000873,U001769,银卡会员,2026-05-09,2027-05-09,8073,4,active
MB000874,U004079,银卡会员,2026-08-29,2027-08-29,9710,0,active
MB000875,U004340,黑金会员,2025-03-05,2026-03-05,3062,6,active
MB000876,U000710,金卡会员,2025-05-21,2026-05-21,175,4,active
MB000877,U000356,银卡会员,2026-02-01,2027-02-01,5724,8,active
MB000878,U000492,银卡会员,2025-11-05,2026-11-05,4020,5,active
MB000879,U003347,银卡会员,2025-07-27,2026-07-27,4734,7,active
MB000880,U001748,银卡会员,2026-05-18,2027-05-18,11328,6,active
MB000881,U004913,金卡会员,2026-05-10,2027-05-10,10176,14,active
MB000882,U000831,银卡会员,2026-09-03,2027-09-03,10938,10,active
MB000883,U004923,普通会员,2025-10-04,2026-10-04,7745,11,active
MB000884,U000151,银卡会员,2026-01-19,2027-01-19,10442,4,active
MB000885,U001420,银卡会员,2026-09-06,2027-09-06,7906,12,active
MB000886,U000945,金卡会员,2025-12-18,2026-12-18,4245,13,active
MB000887,U000466,普通会员,2025-08-24,2026-08-24,5132,2,active
MB000888,U004929,银卡会员,2025-05-27,2026-05-27,3353,3,active
MB000889,U001479,普通会员,2026-09-15,2027-09-15,9693,9,active
MB000890,U002121,金卡会员,2025-06-07,2026-06-07,3503,1,active
MB000891,U002498,银卡会员,2026-02-21,2027-02-21,8090,14,active
MB000892,U004038,普通会员,2025-08-08,2026-08-08,1463,6,active
MB000893,U003986,普通会员,2026-03-29,2027-03-29,5758,8,active
MB000894,U001938,普通会员,2025-11-16,2026-11-16,6846,6,active
MB000895,U000759,普通会员,2025-08-07,2026-08-07,6274,15,active
MB000896,U001347,普通会员,2025-11-08,2026-11-08,3115,0,active
MB000897,U003448,银卡会员,2025-07-25,2026-07-25,8884,5,active
MB000898,U003184,普通会员,2026-03-02,2027-03-02,3489,6,active
MB000899,U000298,普通会员,2025-11-05,2026-11-05,10710,5,active
MB000900,U000337,普通会员,2025-02-09,2026-02-09,3196,9,active
MB000901,U003005,普通会员,2026-09-20,2027-09-20,7171,15,active
MB000902,U004881,普通会员,2026-05-31,2027-05-31,1416,11,active
MB000903,U002912,普通会员,2026-05-02,2027-05-02,10357,12,active
MB000904,U000988,普通会员,2026-09-18,2027-09-18,4622,2,active
MB000905,U002859,银卡会员,2026-07-09,2027-07-09,11153,2,active
MB000906,U003409,银卡会员,2025-11-27,2026-11-27,5934,7,active
MB000907,U002005,黑金会员,2026-08-10,2027-08-10,5355,0,active
MB000908,U002944,普通会员,2025-04-10,2026-04-10,7888,11,active
MB000909,U001349,金卡会员,2025-12-28,2026-12-28,7476,8,active
MB000910,U004874,金卡会员,2025-08-09,2026-08-09,4205,15,active
MB000911,U004314,金卡会员,2025-10-01,2026-10-01,1159,14,active
MB000912,U004546,银卡会员,2026-06-29,2027-06-29,11177,14,active
MB000913,U003395,金卡会员,2025-03-09,2026-03-09,9389,6,active
MB000914,U001131,银卡会员,2025-08-17,2026-08-17,5758,11,active
MB000915,U000218,金卡会员,2025-01-24,2026-01-24,6003,2,active
MB000916,U004225,普通会员,2026-08-04,2027-08-04,9997,6,active
MB000917,U003446,普通会员,2025-04-30,2026-04-30,7819,11,active
MB000918,U000850,普通会员,2026-07-04,2027-07-04,5269,10,active
MB000919,U004116,银卡会员,2026-03-02,2027-03-02,8493,15,active
MB000920,U002291,普通会员,2026-07-08,2027-07-08,4413,0,active
MB000921,U003687,普通会员,2026-05-22,2027-05-22,11027,8,active
MB000922,U003909,普通会员,2026-07-30,2027-07-30,6561,7,active
MB000923,U003732,普通会员,2026-06-24,2027-06-24,2017,2,active
MB000924,U000124,金卡会员,2026-11-29,2027-11-29,367,15,active
MB000925,U003019,普通会员,2026-03-28,2027-03-28,2750,9,active
MB000926,U004184,金卡会员,2025-09-18,2026-09-18,138,7,active
MB000927,U001859,普通会员,2026-09-07,2027-09-07,5104,4,active
MB000928,U002558,普通会员,2026-10-12,2027-10-12,1312,0,active
MB000929,U004836,普通会员,2025-06-24,2026-06-24,5531,1,active
MB000930,U002091,银卡会员,2025-04-28,2026-04-28,1633,14,active
MB000931,U004217,普通会员,2025-10-22,2026-10-22,6748,9,active
MB000932,U003479,金卡会员,2026-10-17,2027-10-17,4477,7,active
MB000933,U002415,普通会员,2025-04-14,2026-04-14,1341,6,active
MB000934,U002179,金卡会员,2025-04-03,2026-04-03,7685,4,active
MB000935,U000164,金卡会员,2026-11-23,2027-11-23,5811,12,active
MB000936,U002716,金卡会员,2025-02-28,2026-02-28,6739,5,active
MB000937,U001957,普通会员,2026-05-15,2027-05-15,5580,2,active
MB000938,U003344,普通会员,2026-05-31,2027-05-31,1956,8,active
MB000939,U004273,普通会员,2025-05-20,2026-05-20,2340,0,active
MB000940,U000005,普通会员,2025-09-06,2026-09-06,8717,0,active
MB000941,U003721,普通会员,2026-07-31,2027-07-31,1254,1,active
MB000942,U001565,普通会员,2025-12-05,2026-12-05,1741,9,active
MB000943,U003318,金卡会员,2025-10-13,2026-10-13,7658,10,active
MB000944,U003581,普通会员,2026-08-31,2027-08-31,8965,10,active
MB000945,U002906,普通会员,2025-11-06,2026-11-06,10505,6,active
MB000946,U000467,黑金会员,2026-04-14,2027-04-14,9018,7,active
MB000947,U002728,银卡会员,2025-08-17,2026-08-17,7640,10,active
MB000948,U002765,普通会员,2025-12-19,2026-12-19,8731,3,active
MB000949,U002705,银卡会员,2025-11-16,2026-11-16,6013,11,active
MB000950,U003949,银卡会员,2026-03-09,2027-03-09,6286,6,active
MB000951,U002983,银卡会员,2026-09-23,2027-09-23,6974,11,active
MB000952,U003493,银卡会员,2026-07-30,2027-07-30,8462,7,active
MB000953,U001629,普通会员,2025-10-08,2026-10-08,437,8,active
MB000954,U000877,普通会员,2025-05-08,2026-05-08,10792,9,active
MB000955,U002652,普通会员,2025-08-21,2026-08-21,10178,8,active
MB000956,U004183,普通会员,2026-11-02,2027-11-02,11950,9,active
MB000957,U003229,普通会员,2026-03-18,2027-03-18,5670,7,active
MB000958,U001872,银卡会员,2025-03-10,2026-03-10,114,2,active
MB000959,U003910,普通会员,2025-08-11,2026-08-11,3661,9,active
MB000960,U002111,金卡会员,2025-12-11,2026-12-11,8606,1,active
MB000961,U004295,银卡会员,2025-05-31,2026-05-31,748,3,active
MB000962,U004360,普通会员,2026-03-17,2027-03-17,5803,2,active
MB000963,U002099,普通会员,2025-09-19,2026-09-19,11317,1,active
MB000964,U002239,银卡会员,2025-03-24,2026-03-24,3852,15,active
MB000965,U003054,普通会员,2025-05-26,2026-05-26,10804,14,active
MB000966,U001473,金卡会员,2026-02-02,2027-02-02,7510,5,active
MB000967,U002967,普通会员,2025-08-19,2026-08-19,11282,3,active
MB000968,U002813,金卡会员,2026-06-09,2027-06-09,4061,6,active
MB000969,U004561,银卡会员,2026-05-06,2027-05-06,5676,12,active
MB000970,U001841,普通会员,2026-02-26,2027-02-26,7443,14,active
MB000971,U004577,黑金会员,2025-01-27,2026-01-27,11306,5,active
MB000972,U003282,黑金会员,2026-05-21,2027-05-21,4452,0,active
MB000973,U002392,银卡会员,2025-06-25,2026-06-25,5374,10,active
MB000974,U003130,金卡会员,2026-11-18,2027-11-18,5164,11,active
MB000975,U001372,普通会员,2026-10-09,2027-10-09,2686,6,active
MB000976,U003731,金卡会员,2025-12-20,2026-12-20,3448,12,active
MB000977,U004740,普通会员,2026-03-03,2027-03-03,2778,15,active
MB000978,U000180,金卡会员,2026-03-06,2027-03-06,8330,15,active
MB000979,U004388,黑金会员,2025-08-16,2026-08-16,8431,8,active
MB000980,U000627,金卡会员,2025-09-10,2026-09-10,4228,8,active
MB000981,U002698,普通会员,2025-12-13,2026-12-13,5196,13,active
MB000982,U000082,银卡会员,2026-10-15,2027-10-15,2650,8,active
MB000983,U001683,银卡会员,2025-06-13,2026-06-13,1922,0,active
MB000984,U000231,普通会员,2025-09-16,2026-09-16,561,8,active
MB000985,U001992,普通会员,2026-02-06,2027-02-06,10040,9,active
MB000986,U002087,普通会员,2026-01-09,2027-01-09,3362,14,active
MB000987,U000602,银卡会员,2025-11-10,2026-11-10,7775,5,active
MB000988,U002824,普通会员,2025-09-24,2026-09-24,10719,14,active
MB000989,U000271,普通会员,2026-02-22,2027-02-22,970,11,active
MB000990,U003241,普通会员,2025-11-16,2026-11-16,1137,5,active
MB000991,U002846,金卡会员,2025-06-13,2026-06-13,4771,4,active
MB000992,U003713,普通会员,2026-04-04,2027-04-04,386,15,active
MB000993,U004537,普通会员,2025-07-10,2026-07-10,2250,12,active
MB000994,U001159,普通会员,2025-03-10,2026-03-10,6995,9,active
MB000995,U001058,银卡会员,2026-03-12,2027-03-12,1227,3,active
MB000996,U001314,普通会员,2026-06-28,2027-06-28,2109,15,active
MB000997,U004007,普通会员,2025-05-12,2026-05-12,1516,13,active
MB000998,U002412,黑金会员,2025-03-25,2026-03-25,2978,4,active
MB000999,U003505,金卡会员,2025-11-01,2026-11-01,8976,2,active
MB001000,U001899,普通会员,2026-06-20,2027-06-20,5195,5,active
MB001001,U003846,银卡会员,2026-07-25,2027-07-25,7464,6,active
MB001002,U003124,普通会员,2025-05-19,2026-05-19,10951,8,active
MB001003,U004087,银卡会员,2026-02-05,2027-02-05,2712,9,active
MB001004,U000966,金卡会员,2026-06-03,2027-06-03,9890,8,active
MB001005,U000016,黑金会员,2026-05-21,2027-05-21,4739,1,active
MB001006,U000765,普通会员,2025-05-16,2026-05-16,936,15,active
MB001007,U003404,银卡会员,2026-03-04,2027-03-04,3171,5,active
MB001008,U002788,普通会员,2025-03-15,2026-03-15,338,2,active
MB001009,U004133,银卡会员,2026-08-17,2027-08-17,3961,12,active
MB001010,U002427,普通会员,2025-12-27,2026-12-27,6214,4,active
MB001011,U001022,金卡会员,2025-11-25,2026-11-25,6246,11,active
MB001012,U004478,银卡会员,2026-08-01,2027-08-01,374,9,active
MB001013,U002262,普通会员,2025-12-03,2026-12-03,2531,3,active
MB001014,U000751,普通会员,2025-03-28,2026-03-28,5932,9,active
MB001015,U001551,银卡会员,2026-11-19,2027-11-19,10587,4,active
MB001016,U001507,普通会员,2026-01-17,2027-01-17,63,10,active
MB001017,U002550,银卡会员,2025-03-29,2026-03-29,4338,0,active
MB001018,U001399,普通会员,2025-08-30,2026-08-30,7553,9,active
MB001019,U002931,银卡会员,2026-01-03,2027-01-03,6276,8,active
MB001020,U002444,黑金会员,2025-06-06,2026-06-06,1763,15,active
MB001021,U004451,普通会员,2025-03-10,2026-03-10,2563,11,active
MB001022,U004436,普通会员,2025-09-03,2026-09-03,1106,0,active
MB001023,U004854,金卡会员,2026-09-14,2027-09-14,4072,1,active
MB001024,U003265,普通会员,2025-08-12,2026-08-12,1326,13,active
MB001025,U000563,银卡会员,2026-08-26,2027-08-26,6665,3,active
MB001026,U004342,银卡会员,2026-11-04,2027-11-04,1283,7,active
MB001027,U000900,银卡会员,2025-05-09,2026-05-09,2186,14,active
MB001028,U000844,普通会员,2025-08-01,2026-08-01,1334,8,active
MB001029,U003706,银卡会员,2025-07-24,2026-07-24,7233,11,active
MB001030,U002140,银卡会员,2025-09-09,2026-09-09,6493,11,active
MB001031,U001242,金卡会员,2026-02-22,2027-02-22,7846,6,active
MB001032,U000771,普通会员,2026-08-05,2027-08-05,4699,14,active
MB001033,U000363,普通会员,2025-05-30,2026-05-30,11173,4,active
MB001034,U004353,银卡会员,2026-02-11,2027-02-11,4691,11,active
MB001035,U001714,普通会员,2026-09-11,2027-09-11,1941,15,active
MB001036,U004400,银卡会员,2025-07-06,2026-07-06,5726,5,active
MB001037,U001453,银卡会员,2026-05-26,2027-05-26,4137,13,active
MB001038,U004445,普通会员,2026-11-15,2027-11-15,5957,7,active
MB001039,U002411,金卡会员,2025-11-08,2026-11-08,449,15,active
MB001040,U003437,普通会员,2026-02-17,2027-02-17,10901,12,active
MB001041,U004254,普通会员,2025-05-11,2026-05-11,8480,5,active
MB001042,U001717,普通会员,2026-12-15,2027-12-15,541,7,active
MB001043,U002638,普通会员,2026-03-09,2027-03-09,706,8,active
MB001044,U003870,银卡会员,2025-06-17,2026-06-17,8808,2,active
MB001045,U002081,银卡会员,2025-05-18,2026-05-18,2164,0,active
MB001046,U003929,银卡会员,2025-10-12,2026-10-12,6883,9,active
MB001047,U001937,普通会员,2025-01-17,2026-01-17,4786,7,active
MB001048,U002897,普通会员,2025-04-21,2026-04-21,8335,11,active
MB001049,U001971,银卡会员,2025-06-25,2026-06-25,9924,15,active
MB001050,U004063,金卡会员,2025-09-11,2026-09-11,4466,9,active
MB001051,U000299,银卡会员,2026-07-01,2027-07-01,3726,4,active
MB001052,U003096,银卡会员,2026-08-15,2027-08-15,11186,1,active
MB001053,U003153,银卡会员,2025-06-01,2026-06-01,4468,7,active
MB001054,U003534,银卡会员,2026-07-10,2027-07-10,6811,1,active
MB001055,U002886,金卡会员,2026-02-21,2027-02-21,5349,4,active
MB001056,U002069,银卡会员,2026-01-03,2027-01-03,1657,15,active
MB001057,U002653,普通会员,2025-08-28,2026-08-28,1018,4,active
MB001058,U002925,普通会员,2026-09-11,2027-09-11,4428,15,active
MB001059,U004639,黑金会员,2025-07-23,2026-07-23,5036,6,active
MB001060,U003298,普通会员,2026-08-27,2027-08-27,11621,1,active
MB001061,U001403,普通会员,2026-06-09,2027-06-09,6147,4,active
MB001062,U001468,普通会员,2025-02-04,2026-02-04,5173,7,active
MB001063,U001741,普通会员,2026-11-27,2027-11-27,6886,6,active
MB001064,U003740,银卡会员,2025-09-24,2026-09-24,6523,8,active
MB001065,U004519,普通会员,2026-06-22,2027-06-22,7758,14,active
MB001066,U004587,普通会员,2026-03-29,2027-03-29,3501,13,active
MB001067,U001974,金卡会员,2025-05-07,2026-05-07,7200,9,active
MB001068,U001173,金卡会员,2026-08-26,2027-08-26,10144,13,active
MB001069,U001932,普通会员,2025-10-25,2026-10-25,3843,14,active
MB001070,U002326,普通会员,2026-07-13,2027-07-13,3963,6,active
MB001071,U001566,银卡会员,2025-03-27,2026-03-27,6069,2,active
MB001072,U001493,黑金会员,2026-04-19,2027-04-19,3669,11,active
MB001073,U004668,金卡会员,2025-05-19,2026-05-19,1574,12,active
MB001074,U004108,银卡会员,2025-09-13,2026-09-13,1492,0,active
MB001075,U002052,普通会员,2026-07-04,2027-07-04,5349,1,active
MB001076,U002499,普通会员,2026-06-05,2027-06-05,8972,2,active
MB001077,U004801,普通会员,2026-04-21,2027-04-21,3610,0,active
MB001078,U002400,普通会员,2025-11-26,2026-11-26,8091,11,active
MB001079,U003331,普通会员,2025-09-12,2026-09-12,9452,10,active
MB001080,U001796,普通会员,2025-05-19,2026-05-19,1888,14,active
MB001081,U003450,银卡会员,2025-06-27,2026-06-27,8591,3,active
MB001082,U004415,金卡会员,2025-06-01,2026-06-01,8407,7,active
MB001083,U001498,普通会员,2026-04-05,2027-04-05,7543,10,active
MB001084,U001288,银卡会员,2026-07-23,2027-07-23,11805,8,active
MB001085,U003301,普通会员,2025-12-12,2026-12-12,1030,5,active
MB001086,U001425,普通会员,2025-06-13,2026-06-13,8374,7,active
MB001087,U000798,普通会员,2025-06-26,2026-06-26,671,15,active
MB001088,U003307,银卡会员,2026-05-18,2027-05-18,5635,2,active
MB001089,U002194,普通会员,2025-10-21,2026-10-21,3997,6,active
MB001090,U000642,金卡会员,2025-04-01,2026-04-01,7364,5,active
MB001091,U003164,普通会员,2025-09-04,2026-09-04,11921,11,active
MB001092,U000573,金卡会员,2026-08-21,2027-08-21,7397,14,active
MB001093,U002791,金卡会员,2026-07-30,2027-07-30,11698,0,active
MB001094,U004379,普通会员,2026-05-05,2027-05-05,4385,10,active
MB001095,U000489,银卡会员,2026-02-18,2027-02-18,7988,6,active
MB001096,U004984,普通会员,2026-01-06,2027-01-06,7587,11,active
MB001097,U002837,普通会员,2025-07-03,2026-07-03,11609,11,active
MB001098,U001642,银卡会员,2026-04-09,2027-04-09,4228,4,active
MB001099,U004518,普通会员,2025-04-17,2026-04-17,8715,10,active
MB001100,U003342,普通会员,2025-09-18,2026-09-18,7994,15,active
MB001101,U001455,金卡会员,2025-12-27,2026-12-27,7298,6,active
MB001102,U001163,普通会员,2025-04-28,2026-04-28,2151,10,active
MB001103,U001081,普通会员,2026-05-24,2027-05-24,6712,4,active
MB001104,U002942,普通会员,2025-02-15,2026-02-15,4154,15,active
MB001105,U003786,普通会员,2025-07-31,2026-07-31,11465,11,active
MB001106,U002096,普通会员,2026-05-18,2027-05-18,11475,15,active
MB001107,U000814,金卡会员,2026-04-28,2027-04-28,4879,11,active
MB001108,U004301,普通会员,2025-07-12,2026-07-12,10086,8,active
MB001109,U002379,普通会员,2026-03-15,2027-03-15,7599,12,active
MB001110,U000936,银卡会员,2025-08-07,2026-08-07,11643,8,active
MB001111,U003025,银卡会员,2026-06-10,2027-06-10,8608,4,active
MB001112,U000034,普通会员,2025-06-21,2026-06-21,11586,2,active
MB001113,U000812,普通会员,2026-11-09,2027-11-09,1135,1,active
MB001114,U002762,金卡会员,2025-06-02,2026-06-02,9654,10,active
MB001115,U004444,普通会员,2025-09-25,2026-09-25,9985,8,active
MB001116,U002621,普通会员,2025-06-08,2026-06-08,3366,1,active
MB001117,U000959,普通会员,2025-02-08,2026-02-08,4522,3,active
MB001118,U002623,银卡会员,2025-07-06,2026-07-06,4133,10,active
MB001119,U001600,金卡会员,2025-09-23,2026-09-23,2222,15,active
MB001120,U002193,普通会员,2026-05-05,2027-05-05,930,2,active
MB001121,U001076,普通会员,2025-08-30,2026-08-30,7729,0,active
MB001122,U000567,银卡会员,2026-05-02,2027-05-02,10818,2,active
MB001123,U003900,普通会员,2026-01-18,2027-01-18,3623,1,active
MB001124,U001917,银卡会员,2026-08-30,2027-08-30,1192,10,active
MB001125,U003867,银卡会员,2025-06-16,2026-06-16,2121,11,active
MB001126,U000544,普通会员,2025-08-29,2026-08-29,11457,5,active
MB001127,U002970,银卡会员,2025-01-28,2026-01-28,3366,13,active
MB001128,U000357,普通会员,2025-07-26,2026-07-26,5897,2,active
MB001129,U004120,金卡会员,2025-04-12,2026-04-12,723,3,active
MB001130,U003102,银卡会员,2026-09-01,2027-09-01,6934,15,active
MB001131,U002818,普通会员,2025-07-30,2026-07-30,6054,3,active
MB001132,U002474,金卡会员,2025-09-17,2026-09-17,6576,8,active
MB001133,U000702,银卡会员,2025-06-27,2026-06-27,1638,14,active
MB001134,U001806,普通会员,2026-08-07,2027-08-07,1999,11,active
MB001135,U004981,金卡会员,2025-11-14,2026-11-14,3138,10,active
MB001136,U003598,普通会员,2025-05-07,2026-05-07,9067,5,active
MB001137,U004472,普通会员,2026-06-14,2027-06-14,4489,15,active
MB001138,U003886,普通会员,2026-03-04,2027-03-04,6185,6,active
MB001139,U001057,普通会员,2025-07-25,2026-07-25,1709,4,active
MB001140,U000125,金卡会员,2026-09-25,2027-09-25,9712,6,active
MB001141,U003070,银卡会员,2026-04-06,2027-04-06,9146,1,active
MB001142,U004977,普通会员,2025-08-06,2026-08-06,1160,7,active
MB001143,U000032,普通会员,2026-09-23,2027-09-23,2821,15,active
MB001144,U003400,普通会员,2025-12-06,2026-12-06,1757,11,active
MB001145,U004253,普通会员,2025-12-19,2026-12-19,839,3,active
MB001146,U000374,银卡会员,2026-08-15,2027-08-15,11606,0,active
MB001147,U004024,金卡会员,2025-04-17,2026-04-17,5216,14,active
MB001148,U001454,普通会员,2026-08-28,2027-08-28,5933,2,active
MB001149,U002423,普通会员,2025-09-13,2026-09-13,11935,5,active
MB001150,U002661,黑金会员,2025-11-24,2026-11-24,4163,15,active
MB001151,U000671,普通会员,2026-06-11,2027-06-11,4950,13,active
MB001152,U003141,金卡会员,2026-08-23,2027-08-23,10640,15,active
MB001153,U002943,银卡会员,2025-07-29,2026-07-29,4854,14,active
MB001154,U004875,普通会员,2025-11-16,2026-11-16,10321,12,active
MB001155,U000327,普通会员,2026-03-09,2027-03-09,1195,1,active
MB001156,U002747,普通会员,2025-09-21,2026-09-21,5057,0,active
MB001157,U004809,普通会员,2025-12-12,2026-12-12,3019,7,active
MB001158,U000699,银卡会员,2025-02-06,2026-02-06,10724,0,active
MB001159,U000379,普通会员,2026-03-22,2027-03-22,9692,13,active
MB001160,U004644,黑金会员,2025-07-23,2026-07-23,10688,5,active
MB001161,U000279,普通会员,2026-03-20,2027-03-20,753,0,active
MB001162,U000089,银卡会员,2025-12-15,2026-12-15,3851,8,active
MB001163,U002559,普通会员,2026-08-10,2027-08-10,7127,7,active
MB001164,U000514,普通会员,2026-04-17,2027-04-17,7986,7,active
MB001165,U001833,银卡会员,2025-09-01,2026-09-01,5494,0,active
MB001166,U004381,金卡会员,2026-08-12,2027-08-12,8204,0,active
MB001167,U004440,银卡会员,2025-05-18,2026-05-18,6545,3,active
MB001168,U000317,金卡会员,2025-08-23,2026-08-23,6281,12,active
MB001169,U004762,普通会员,2026-07-04,2027-07-04,3564,7,active
MB001170,U000433,银卡会员,2025-05-25,2026-05-25,8996,15,active
MB001171,U001337,银卡会员,2025-12-04,2026-12-04,3288,13,active
MB001172,U000193,普通会员,2025-09-18,2026-09-18,11757,6,active
MB001173,U000764,金卡会员,2025-04-11,2026-04-11,4409,2,active
MB001174,U002746,普通会员,2026-09-27,2027-09-27,1114,14,active
MB001175,U000770,普通会员,2026-08-05,2027-08-05,3377,8,active
MB001176,U002759,银卡会员,2025-04-18,2026-04-18,8903,8,active
MB001177,U004475,普通会员,2026-08-29,2027-08-29,3537,2,active
MB001178,U002207,普通会员,2025-01-28,2026-01-28,10626,2,active
MB001179,U002687,银卡会员,2026-09-19,2027-09-19,1434,5,active
MB001180,U004677,银卡会员,2026-02-20,2027-02-20,2126,12,active
MB001181,U002409,黑金会员,2025-07-19,2026-07-19,7060,0,active
MB001182,U001595,普通会员,2025-06-27,2026-06-27,7188,3,active
MB001183,U000158,普通会员,2025-10-03,2026-10-03,2003,11,active
MB001184,U000976,银卡会员,2026-01-18,2027-01-18,5444,10,active
MB001185,U004222,普通会员,2026-01-29,2027-01-29,9276,7,active
MB001186,U002478,银卡会员,2025-12-05,2026-12-05,1751,13,active
MB001187,U004570,银卡会员,2025-08-08,2026-08-08,5345,8,active
MB001188,U004771,金卡会员,2026-04-08,2027-04-08,4647,5,active
MB001189,U001929,普通会员,2025-05-01,2026-05-01,2113,13,active
MB001190,U002390,普通会员,2026-06-17,2027-06-17,6391,8,active
MB001191,U001438,金卡会员,2026-06-21,2027-06-21,1890,1,active
MB001192,U000748,黑金会员,2026-07-21,2027-07-21,2144,12,active
MB001193,U003567,普通会员,2026-06-03,2027-06-03,6698,12,active
MB001194,U000133,银卡会员,2026-07-08,2027-07-08,909,12,active
MB001195,U003697,普通会员,2026-01-13,2027-01-13,1247,8,active
MB001196,U003577,黑金会员,2026-08-25,2027-08-25,6017,4,active
MB001197,U000570,普通会员,2026-04-22,2027-04-22,9483,10,active
MB001198,U002808,银卡会员,2026-05-30,2027-05-30,4441,6,active
MB001199,U003009,黑金会员,2026-04-03,2027-04-03,1541,13,active
MB001200,U001510,普通会员,2025-05-20,2026-05-20,2939,1,active
MB001201,U003675,银卡会员,2026-04-21,2027-04-21,6257,15,active
MB001202,U000605,普通会员,2026-04-04,2027-04-04,10507,5,active
MB001203,U002743,金卡会员,2025-05-30,2026-05-30,7827,6,active
MB001204,U003396,金卡会员,2025-08-18,2026-08-18,9586,6,active
MB001205,U000667,普通会员,2026-04-03,2027-04-03,8602,2,active
MB001206,U002946,普通会员,2026-05-18,2027-05-18,1571,0,active
MB001207,U003388,普通会员,2026-04-18,2027-04-18,6138,13,active
MB001208,U001689,普通会员,2025-09-12,2026-09-12,5241,12,active
MB001209,U002662,普通会员,2025-11-29,2026-11-29,1173,9,active
MB001210,U001127,银卡会员,2025-07-22,2026-07-22,6660,9,active
MB001211,U000309,银卡会员,2025-03-25,2026-03-25,3747,14,active
MB001212,U003593,黑金会员,2025-08-02,2026-08-02,8039,8,active
MB001213,U004529,普通会员,2026-05-16,2027-05-16,3855,14,active
MB001214,U002958,普通会员,2025-08-31,2026-08-31,6818,3,active
MB001215,U002254,银卡会员,2025-04-10,2026-04-10,4077,5,active
MB001216,U001204,普通会员,2025-10-20,2026-10-20,2629,1,active
MB001217,U004077,普通会员,2025-08-19,2026-08-19,2778,7,active
MB001218,U003038,普通会员,2025-11-24,2026-11-24,5673,5,active
MB001219,U000048,银卡会员,2026-01-17,2027-01-17,2017,0,active
MB001220,U000205,普通会员,2025-05-13,2026-05-13,404,2,active
MB001221,U001366,金卡会员,2025-07-19,2026-07-19,2547,10,active
MB001222,U003140,黑金会员,2025-10-20,2026-10-20,7410,14,active
MB001223,U004302,普通会员,2026-06-13,2027-06-13,11617,12,active
MB001224,U000786,普通会员,2025-04-10,2026-04-10,5210,0,active
MB001225,U002502,银卡会员,2026-06-17,2027-06-17,8376,10,active
MB001226,U001487,普通会员,2025-02-17,2026-02-17,11297,15,active
MB001227,U003394,普通会员,2025-05-30,2026-05-30,10810,6,active
MB001228,U003337,金卡会员,2025-01-30,2026-01-30,2510,8,active
MB001229,U003110,金卡会员,2025-04-30,2026-04-30,10263,5,active
MB001230,U002009,普通会员,2026-03-26,2027-03-26,11632,1,active
MB001231,U004419,普通会员,2026-06-01,2027-06-01,2955,15,active
MB001232,U001292,黑金会员,2025-10-02,2026-10-02,11798,9,active
MB001233,U001896,银卡会员,2026-03-24,2027-03-24,8875,4,active
MB001234,U003475,银卡会员,2025-07-11,2026-07-11,1000,10,active
MB001235,U004799,银卡会员,2025-12-17,2026-12-17,3181,1,active
MB001236,U000794,普通会员,2026-10-20,2027-10-20,4186,2,active
MB001237,U000558,普通会员,2025-11-11,2026-11-11,1347,8,active
MB001238,U004369,银卡会员,2025-12-27,2026-12-27,3879,7,active
MB001239,U001552,普通会员,2025-01-29,2026-01-29,11242,0,active
MB001240,U002801,普通会员,2025-06-25,2026-06-25,11772,4,active
MB001241,U000854,银卡会员,2025-10-14,2026-10-14,10617,4,active
MB001242,U002432,普通会员,2025-05-08,2026-05-08,1793,13,active
MB001243,U000308,金卡会员,2025-11-13,2026-11-13,1650,3,active
MB001244,U002122,普通会员,2025-10-05,2026-10-05,1799,6,active
MB001245,U001752,银卡会员,2026-05-07,2027-05-07,10394,2,active
MB001246,U003173,普通会员,2025-10-04,2026-10-04,2436,10,active
MB001247,U004142,金卡会员,2026-09-16,2027-09-16,2273,14,active
MB001248,U000979,普通会员,2025-10-31,2026-10-31,8340,3,active
MB001249,U002419,普通会员,2025-11-23,2026-11-23,7212,15,active
MB001250,U004830,普通会员,2026-11-08,2027-11-08,5134,0,active
MB001251,U003738,普通会员,2025-07-23,2026-07-23,4080,8,active
MB001252,U002923,普通会员,2026-01-01,2027-01-01,4836,2,active
MB001253,U003113,金卡会员,2026-01-15,2027-01-15,11331,14,active
MB001254,U002135,普通会员,2025-05-29,2026-05-29,6895,6,active
MB001255,U003928,普通会员,2025-03-23,2026-03-23,7555,4,active
MB001256,U001486,普通会员,2025-01-31,2026-01-31,3246,2,active
MB001257,U001155,银卡会员,2026-05-11,2027-05-11,1214,2,active
MB001258,U003006,银卡会员,2025-09-07,2026-09-07,2427,11,active
MB001259,U000813,黑金会员,2025-05-03,2026-05-03,1847,6,active
MB001260,U002201,银卡会员,2025-08-21,2026-08-21,5089,14,active
MB001261,U003568,金卡会员,2026-08-29,2027-08-29,748,3,active
MB001262,U002036,金卡会员,2025-05-18,2026-05-18,6783,7,active
MB001263,U004510,金卡会员,2025-05-05,2026-05-05,8113,9,active
MB001264,U004688,金卡会员,2026-11-14,2027-11-14,10235,8,active
MB001265,U001825,金卡会员,2025-02-19,2026-02-19,7412,7,active
MB001266,U002387,普通会员,2025-03-27,2026-03-27,10733,9,active
MB001267,U001049,普通会员,2026-03-08,2027-03-08,7400,11,active
MB001268,U002764,银卡会员,2025-12-31,2026-12-31,2958,10,active
MB001269,U000472,黑金会员,2025-07-22,2026-07-22,5828,10,active
MB001270,U000272,银卡会员,2026-09-24,2027-09-24,67,9,active
MB001271,U000490,普通会员,2025-05-01,2026-05-01,5119,5,active
MB001272,U002882,普通会员,2025-08-15,2026-08-15,7788,0,active
MB001273,U000739,金卡会员,2026-07-04,2027-07-04,10112,3,active
MB001274,U003056,金卡会员,2026-09-14,2027-09-14,5935,15,active
MB001275,U001066,银卡会员,2026-10-24,2027-10-24,7729,12,active
MB001276,U004606,普通会员,2026-09-30,2027-09-30,3268,4,active
MB001277,U004386,普通会员,2026-06-22,2027-06-22,9748,15,active
MB001278,U002505,银卡会员,2026-06-29,2027-06-29,6504,1,active
MB001279,U000244,金卡会员,2025-06-20,2026-06-20,6641,9,active
MB001280,U003487,银卡会员,2025-06-17,2026-06-17,2006,10,active
MB001281,U000589,普通会员,2026-01-22,2027-01-22,9408,4,active
MB001282,U001939,银卡会员,2025-09-08,2026-09-08,5080,1,active
MB001283,U000052,普通会员,2026-01-12,2027-01-12,9103,14,active
MB001284,U001858,普通会员,2026-08-20,2027-08-20,1630,4,active
MB001285,U004179,普通会员,2026-05-25,2027-05-25,1873,10,active
MB001286,U000807,普通会员,2025-11-13,2026-11-13,4783,2,active
MB001287,U004754,黑金会员,2026-08-11,2027-08-11,5853,14,active
MB001288,U005000,金卡会员,2025-10-21,2026-10-21,10175,9,active
MB001289,U000990,普通会员,2026-03-16,2027-03-16,11569,12,active
MB001290,U004198,银卡会员,2025-10-23,2026-10-23,1513,0,active
MB001291,U002805,普通会员,2025-11-21,2026-11-21,2707,14,active
MB001292,U003485,普通会员,2026-04-03,2027-04-03,7596,2,active
MB001293,U004834,普通会员,2025-04-03,2026-04-03,8194,1,active
MB001294,U004200,普通会员,2025-05-10,2026-05-10,6485,9,active
MB001295,U001814,银卡会员,2026-01-18,2027-01-18,6456,7,active
MB001296,U002630,普通会员,2025-08-03,2026-08-03,9983,9,active
MB001297,U000933,银卡会员,2025-10-10,2026-10-10,5348,1,active
MB001298,U003548,金卡会员,2026-01-01,2027-01-01,8421,9,active
MB001299,U003762,银卡会员,2025-04-18,2026-04-18,1292,15,active
MB001300,U001267,普通会员,2025-09-21,2026-09-21,5601,11,active
MB001301,U001660,银卡会员,2025-06-20,2026-06-20,8911,7,active
MB001302,U001102,普通会员,2026-07-30,2027-07-30,5391,6,active
MB001303,U003081,普通会员,2026-08-04,2027-08-04,8637,2,active
MB001304,U001514,银卡会员,2025-03-22,2026-03-22,11115,3,active
MB001305,U000954,普通会员,2026-04-23,2027-04-23,6348,11,active
MB001306,U003169,黑金会员,2026-07-26,2027-07-26,10997,15,active
MB001307,U002211,普通会员,2026-11-15,2027-11-15,10809,4,active
MB001308,U001736,普通会员,2026-11-02,2027-11-02,3905,10,active
MB001309,U001761,金卡会员,2025-02-19,2026-02-19,6173,0,active
MB001310,U002416,普通会员,2025-12-24,2026-12-24,8637,0,active
MB001311,U002988,银卡会员,2025-10-07,2026-10-07,7436,7,active
MB001312,U002066,银卡会员,2026-02-16,2027-02-16,10542,6,active
MB001313,U003704,黑金会员,2026-09-18,2027-09-18,11590,4,active
MB001314,U003152,银卡会员,2026-05-18,2027-05-18,1170,2,active
MB001315,U002971,普通会员,2025-12-18,2026-12-18,3950,10,active
MB001316,U001228,普通会员,2025-10-07,2026-10-07,1375,8,active
MB001317,U002512,普通会员,2025-09-30,2026-09-30,3230,10,active
MB001318,U003462,普通会员,2025-10-31,2026-10-31,4418,11,active
MB001319,U003850,银卡会员,2025-07-04,2026-07-04,3420,15,active
MB001320,U004674,金卡会员,2026-03-11,2027-03-11,2801,0,active
MB001321,U003291,银卡会员,2026-06-20,2027-06-20,11876,13,active
MB001322,U004805,银卡会员,2025-05-11,2026-05-11,11279,1,active
MB001323,U004718,银卡会员,2025-11-06,2026-11-06,11600,6,active
MB001324,U001386,普通会员,2025-09-07,2026-09-07,315,11,active
MB001325,U000321,普通会员,2026-07-16,2027-07-16,4344,13,active
MB001326,U003480,银卡会员,2025-10-10,2026-10-10,2167,9,active
MB001327,U001098,金卡会员,2026-05-02,2027-05-02,5790,6,active
MB001328,U004777,银卡会员,2026-06-16,2027-06-16,9993,2,active
MB001329,U003092,普通会员,2026-10-07,2027-10-07,5280,11,active
MB001330,U004465,银卡会员,2026-09-27,2027-09-27,7780,7,active
MB001331,U004621,金卡会员,2026-08-17,2027-08-17,5467,1,active
MB001332,U004347,普通会员,2026-01-14,2027-01-14,4305,3,active
MB001333,U000790,银卡会员,2025-03-21,2026-03-21,6762,2,active
MB001334,U002601,金卡会员,2026-08-16,2027-08-16,2349,15,active
MB001335,U000711,普通会员,2026-08-13,2027-08-13,231,12,active
MB001336,U001984,普通会员,2026-07-02,2027-07-02,2894,2,active
MB001337,U004624,银卡会员,2025-10-01,2026-10-01,4219,4,active
MB001338,U000938,普通会员,2025-11-04,2026-11-04,4666,13,active
MB001339,U003604,银卡会员,2026-06-22,2027-06-22,907,14,active
MB001340,U001707,普通会员,2026-07-09,2027-07-09,2206,10,active
MB001341,U000622,普通会员,2025-06-01,2026-06-01,6939,14,active
MB001342,U004687,普通会员,2025-09-13,2026-09-13,1043,10,active
MB001343,U003938,普通会员,2025-02-17,2026-02-17,436,1,active
MB001344,U002491,银卡会员,2026-07-24,2027-07-24,7239,6,active
MB001345,U004101,普通会员,2026-08-28,2027-08-28,6755,6,active
MB001346,U000971,普通会员,2026-11-07,2027-11-07,6432,3,active
MB001347,U004924,普通会员,2026-06-30,2027-06-30,2330,8,active
MB001348,U002966,银卡会员,2025-06-13,2026-06-13,5751,7,active
MB001349,U003637,金卡会员,2026-03-03,2027-03-03,3095,2,active
MB001350,U004511,银卡会员,2025-07-17,2026-07-17,5516,11,active
MB001351,U004544,银卡会员,2026-09-26,2027-09-26,10876,15,active
MB001352,U000815,金卡会员,2026-03-28,2027-03-28,867,8,active
MB001353,U004723,银卡会员,2025-04-03,2026-04-03,11877,11,active
MB001354,U001266,银卡会员,2025-03-03,2026-03-03,7242,4,active
MB001355,U001238,普通会员,2025-03-15,2026-03-15,8493,14,active
MB001356,U000015,银卡会员,2026-07-04,2027-07-04,6945,2,active
MB001357,U003191,银卡会员,2026-05-01,2027-05-01,1529,0,active
MB001358,U000970,普通会员,2026-05-11,2027-05-11,8440,6,active
MB001359,U001589,金卡会员,2025-09-03,2026-09-03,11313,9,active
MB001360,U003964,银卡会员,2025-04-28,2026-04-28,11486,5,active
MB001361,U004876,普通会员,2025-09-27,2026-09-27,7907,13,active
MB001362,U003317,银卡会员,2025-12-29,2026-12-29,4722,13,active
MB001363,U000366,普通会员,2025-11-01,2026-11-01,5114,9,active
MB001364,U001395,银卡会员,2026-02-03,2027-02-03,4190,6,active
MB001365,U001068,普通会员,2025-05-08,2026-05-08,11164,14,active
MB001366,U000929,金卡会员,2026-02-22,2027-02-22,3035,10,active
MB001367,U000897,普通会员,2025-08-10,2026-08-10,4852,2,active
MB001368,U001201,普通会员,2026-02-12,2027-02-12,5919,0,active
MB001369,U000070,普通会员,2026-02-17,2027-02-17,2020,7,active
MB001370,U001023,金卡会员,2025-08-17,2026-08-17,357,14,active
MB001371,U003160,普通会员,2025-09-18,2026-09-18,2679,12,active
MB001372,U004793,普通会员,2026-05-29,2027-05-29,10929,12,active
MB001373,U001692,普通会员,2026-05-29,2027-05-29,9794,1,active
MB001374,U000410,普通会员,2025-09-12,2026-09-12,631,4,active
MB001375,U002232,普通会员,2025-04-20,2026-04-20,6485,14,active
MB001376,U001690,普通会员,2025-11-17,2026-11-17,702,4,active
MB001377,U003324,银卡会员,2026-07-25,2027-07-25,9873,14,active
MB001378,U001694,银卡会员,2025-12-25,2026-12-25,6674,3,active
MB001379,U000603,普通会员,2026-06-02,2027-06-02,3072,3,active
MB001380,U003626,金卡会员,2026-06-23,2027-06-23,8065,9,active
MB001381,U000716,金卡会员,2025-12-05,2026-12-05,11472,10,active
MB001382,U003789,银卡会员,2026-02-21,2027-02-21,8904,5,active
MB001383,U000364,普通会员,2025-08-16,2026-08-16,2948,15,active
MB001384,U000736,金卡会员,2025-07-07,2026-07-07,10704,9,active
MB001385,U001108,银卡会员,2026-10-24,2027-10-24,4536,4,active
MB001386,U001411,银卡会员,2026-07-27,2027-07-27,11905,3,active
MB001387,U002454,金卡会员,2025-10-11,2026-10-11,2073,12,active
MB001388,U000062,普通会员,2025-06-29,2026-06-29,10933,1,active
MB001389,U000300,银卡会员,2026-10-12,2027-10-12,909,5,active
MB001390,U003673,普通会员,2026-09-10,2027-09-10,7837,11,active
MB001391,U004739,普通会员,2025-08-01,2026-08-01,4721,14,active
MB001392,U003189,普通会员,2026-05-27,2027-05-27,9869,4,active
MB001393,U002150,普通会员,2025-06-19,2026-06-19,3168,7,active
MB001394,U002384,黑金会员,2026-04-23,2027-04-23,5053,11,active
MB001395,U003132,普通会员,2026-01-26,2027-01-26,9423,1,active
MB001396,U001225,普通会员,2026-06-10,2027-06-10,757,3,active
MB001397,U002414,银卡会员,2026-07-18,2027-07-18,4473,1,active
MB001398,U004375,普通会员,2026-01-13,2027-01-13,5435,6,active
MB001399,U004363,银卡会员,2026-10-07,2027-10-07,5702,9,active
MB001400,U002489,普通会员,2025-05-14,2026-05-14,5653,11,active
MB001401,U004410,普通会员,2025-07-29,2026-07-29,47,9,active
MB001402,U004418,普通会员,2026-08-08,2027-08-08,6775,6,active
MB001403,U001878,普通会员,2026-01-11,2027-01-11,4380,3,active
MB001404,U002962,黑金会员,2026-04-14,2027-04-14,7115,15,active
MB001405,U003321,普通会员,2025-07-18,2026-07-18,10984,4,active
MB001406,U002408,普通会员,2025-08-11,2026-08-11,5597,5,active
MB001407,U001321,普通会员,2026-01-24,2027-01-24,4146,9,active
MB001408,U003984,金卡会员,2025-09-30,2026-09-30,7345,5,active
MB001409,U003294,黑金会员,2025-10-01,2026-10-01,9409,2,active
MB001410,U003856,银卡会员,2026-04-30,2027-04-30,5333,8,active
MB001411,U004454,普通会员,2025-09-13,2026-09-13,6988,8,active
MB001412,U003890,普通会员,2025-10-09,2026-10-09,1838,3,active
MB001413,U000679,普通会员,2026-08-14,2027-08-14,8274,1,active
MB001414,U001948,金卡会员,2025-12-27,2026-12-27,8005,4,active
MB001415,U003685,金卡会员,2025-06-07,2026-06-07,1034,3,active
MB001416,U001668,金卡会员,2026-10-17,2027-10-17,466,13,active
MB001417,U004070,普通会员,2025-11-03,2026-11-03,3524,5,active
MB001418,U001680,银卡会员,2025-12-17,2026-12-17,5038,5,active
MB001419,U000326,金卡会员,2025-02-27,2026-02-27,6993,14,active
MB001420,U001641,银卡会员,2026-06-18,2027-06-18,5787,13,active
MB001421,U003228,普通会员,2025-11-26,2026-11-26,4993,6,active
MB001422,U002435,银卡会员,2026-03-03,2027-03-03,8186,5,active
MB001423,U002617,金卡会员,2026-05-06,2027-05-06,883,14,active
MB001424,U003962,普通会员,2025-10-25,2026-10-25,329,7,active
MB001425,U004872,普通会员,2026-05-20,2027-05-20,10671,4,active
MB001426,U004925,普通会员,2025-06-01,2026-06-01,9047,10,active
MB001427,U002176,普通会员,2025-06-27,2026-06-27,9063,10,active
MB001428,U004039,普通会员,2025-11-24,2026-11-24,10313,4,active
MB001429,U001308,普通会员,2026-08-14,2027-08-14,6902,9,active
MB001430,U001374,普通会员,2025-08-15,2026-08-15,6829,5,active
MB001431,U001871,金卡会员,2025-11-03,2026-11-03,504,2,active
MB001432,U001509,普通会员,2026-05-26,2027-05-26,1043,15,active
MB001433,U001120,银卡会员,2025-05-25,2026-05-25,11836,9,active
MB001434,U003682,普通会员,2026-03-18,2027-03-18,1456,2,active
MB001435,U001961,银卡会员,2026-06-15,2027-06-15,8239,5,active
MB001436,U001446,银卡会员,2025-03-13,2026-03-13,5663,12,active
MB001437,U004447,普通会员,2025-12-14,2026-12-14,1052,7,active
MB001438,U002209,金卡会员,2026-08-28,2027-08-28,8894,2,active
MB001439,U000717,普通会员,2026-03-05,2027-03-05,1415,9,active
MB001440,U003380,银卡会员,2026-08-13,2027-08-13,1370,5,active
MB001441,U004248,银卡会员,2025-06-17,2026-06-17,9809,2,active
MB001442,U001052,普通会员,2025-04-11,2026-04-11,6000,5,active
MB001443,U003468,普通会员,2025-07-16,2026-07-16,5303,12,active
MB001444,U002672,普通会员,2025-10-13,2026-10-13,7008,12,active
MB001445,U001545,普通会员,2026-02-05,2027-02-05,1210,0,active
MB001446,U000413,普通会员,2025-05-02,2026-05-02,8032,5,active
MB001447,U003857,银卡会员,2025-01-26,2026-01-26,2188,8,active
MB001448,U000152,普通会员,2025-08-12,2026-08-12,4028,11,active
MB001449,U002167,普通会员,2025-12-21,2026-12-21,1184,4,active
MB001450,U002001,普通会员,2026-11-15,2027-11-15,8261,13,active
MB001451,U000615,银卡会员,2025-04-07,2026-04-07,10474,12,active
MB001452,U001376,黑金会员,2026-08-09,2027-08-09,8881,5,active
MB001453,U003377,普通会员,2026-04-17,2027-04-17,11076,10,active
MB001454,U004028,普通会员,2026-04-10,2027-04-10,11452,8,active
MB001455,U002095,普通会员,2025-12-12,2026-12-12,7196,1,active
MB001456,U002280,金卡会员,2026-06-10,2027-06-10,8386,9,active
MB001457,U003181,普通会员,2026-06-03,2027-06-03,5955,4,active
MB001458,U000127,银卡会员,2026-08-25,2027-08-25,7649,5,active
MB001459,U000207,银卡会员,2026-08-01,2027-08-01,7676,6,active
MB001460,U001868,普通会员,2025-09-02,2026-09-02,10332,15,active
MB001461,U001151,普通会员,2026-08-18,2027-08-18,8205,5,active
MB001462,U003790,普通会员,2025-02-13,2026-02-13,33,2,active
MB001463,U004581,银卡会员,2026-04-20,2027-04-20,7390,1,active
MB001464,U004322,金卡会员,2026-07-04,2027-07-04,4924,4,active
MB001465,U004821,黑金会员,2025-09-23,2026-09-23,4329,9,active
MB001466,U003170,银卡会员,2025-11-13,2026-11-13,2733,10,active
MB001467,U003285,银卡会员,2025-06-21,2026-06-21,2079,8,active
MB001468,U002570,银卡会员,2026-10-07,2027-10-07,9219,8,active
MB001469,U001561,普通会员,2026-09-24,2027-09-24,2530,14,active
MB001470,U001548,银卡会员,2026-07-24,2027-07-24,3009,8,active
MB001471,U000535,银卡会员,2026-07-17,2027-07-17,488,14,active
MB001472,U003418,普通会员,2026-08-13,2027-08-13,4478,10,active
MB001473,U001794,银卡会员,2026-06-15,2027-06-15,6672,9,active
MB001474,U002473,银卡会员,2025-08-26,2026-08-26,2759,13,active
MB001475,U003410,普通会员,2026-09-12,2027-09-12,5129,3,active
MB001476,U000179,普通会员,2025-12-02,2026-12-02,2624,11,active
MB001477,U002268,普通会员,2026-05-11,2027-05-11,587,15,active
MB001478,U002968,普通会员,2025-07-25,2026-07-25,4339,6,active
MB001479,U003041,普通会员,2026-09-21,2027-09-21,782,0,active
MB001480,U002770,普通会员,2025-09-29,2026-09-29,4474,1,active
MB001481,U004173,银卡会员,2026-05-30,2027-05-30,10360,0,active
MB001482,U004423,银卡会员,2026-02-04,2027-02-04,1776,9,active
MB001483,U001585,金卡会员,2026-04-11,2027-04-11,8077,14,active
MB001484,U004089,金卡会员,2026-09-08,2027-09-08,2509,2,active
MB001485,U002480,银卡会员,2026-09-23,2027-09-23,11368,14,active
MB001486,U001078,金卡会员,2026-01-16,2027-01-16,10249,1,active
MB001487,U004883,金卡会员,2025-11-06,2026-11-06,8934,1,active
MB001488,U004309,普通会员,2026-05-30,2027-05-30,171,3,active
MB001489,U001517,普通会员,2025-04-29,2026-04-29,8161,2,active
MB001490,U001567,银卡会员,2026-10-24,2027-10-24,6646,4,active
MB001491,U003801,普通会员,2025-10-02,2026-10-02,8907,14,active
MB001492,U000292,银卡会员,2025-03-12,2026-03-12,7897,2,active
MB001493,U001810,普通会员,2026-12-01,2027-12-01,7064,5,active
MB001494,U003863,普通会员,2025-05-14,2026-05-14,525,0,active
MB001495,U004362,普通会员,2025-12-25,2026-12-25,1103,9,active
MB001496,U004922,黑金会员,2025-07-04,2026-07-04,11249,7,active
MB001497,U000617,普通会员,2026-06-12,2027-06-12,9334,9,active
MB001498,U002604,普通会员,2025-12-25,2026-12-25,367,10,active
MB001499,U003972,普通会员,2025-05-12,2026-05-12,9538,2,active
MB001500,U000881,金卡会员,2026-03-21,2027-03-21,10252,7,active
MB001501,U003558,银卡会员,2026-01-21,2027-01-21,3205,10,active
MB001502,U002748,银卡会员,2026-09-13,2027-09-13,2805,8,active
MB001503,U002018,普通会员,2026-07-30,2027-07-30,5544,1,active
MB001504,U001116,金卡会员,2025-08-24,2026-08-24,10085,5,active
MB001505,U002647,普通会员,2025-09-15,2026-09-15,640,6,active
MB001506,U004203,银卡会员,2025-05-09,2026-05-09,4308,5,active
MB001507,U003103,普通会员,2026-01-06,2027-01-06,9085,6,active
MB001508,U001209,银卡会员,2025-11-27,2026-11-27,10765,12,active
MB001509,U002380,普通会员,2026-07-30,2027-07-30,392,9,active
MB001510,U004497,银卡会员,2026-05-31,2027-05-31,5394,3,active
MB001511,U001525,普通会员,2026-05-07,2027-05-07,1039,15,active
MB001512,U002771,银卡会员,2025-10-21,2026-10-21,10520,10,active
MB001513,U004716,普通会员,2025-11-18,2026-11-18,3107,7,active
MB001514,U002509,普通会员,2025-08-31,2026-08-31,8943,7,active
MB001515,U003672,普通会员,2025-03-16,2026-03-16,9276,4,active
MB001516,U001032,普通会员,2025-04-27,2026-04-27,1054,11,active
MB001517,U002543,金卡会员,2025-10-08,2026-10-08,9183,11,active
MB001518,U004354,银卡会员,2025-07-31,2026-07-31,11986,12,active
MB001519,U001519,银卡会员,2025-12-27,2026-12-27,2060,15,active
MB001520,U000937,银卡会员,2026-06-20,2027-06-20,6018,13,active
MB001521,U002007,普通会员,2026-06-14,2027-06-14,2776,10,active
MB001522,U001496,普通会员,2026-10-08,2027-10-08,11486,11,active
MB001523,U001652,普通会员,2026-05-20,2027-05-20,4248,0,active
MB001524,U002197,银卡会员,2025-05-30,2026-05-30,1051,13,active
MB001525,U002462,银卡会员,2026-01-27,2027-01-27,4927,5,active
MB001526,U003771,银卡会员,2025-10-05,2026-10-05,8990,7,active
MB001527,U002330,普通会员,2025-06-11,2026-06-11,1730,0,active
MB001528,U004552,黑金会员,2025-06-10,2026-06-10,285,9,active
MB001529,U002588,银卡会员,2025-10-26,2026-10-26,9917,4,active
MB001530,U004382,银卡会员,2026-01-18,2027-01-18,6824,1,active
MB001531,U004072,普通会员,2026-11-07,2027-11-07,11743,3,active
MB001532,U003624,金卡会员,2026-09-14,2027-09-14,179,1,active
MB001533,U000237,金卡会员,2025-05-21,2026-05-21,11843,2,active
MB001534,U004427,普通会员,2026-03-02,2027-03-02,34,6,active
MB001535,U000459,普通会员,2026-07-19,2027-07-19,4248,5,active
MB001536,U000556,银卡会员,2025-12-20,2026-12-20,4451,2,active
MB001537,U000842,银卡会员,2026-08-17,2027-08-17,10197,4,active
MB001538,U002635,普通会员,2025-12-19,2026-12-19,10411,15,active
MB001539,U002282,黑金会员,2026-06-08,2027-06-08,7271,9,active
MB001540,U004588,普通会员,2025-10-10,2026-10-10,5586,11,active
MB001541,U001484,普通会员,2025-05-14,2026-05-14,3346,5,active
MB001542,U001970,普通会员,2025-06-12,2026-06-12,1779,7,active
MB001543,U000149,金卡会员,2025-04-21,2026-04-21,10948,4,active
MB001544,U004719,普通会员,2025-02-18,2026-02-18,3830,7,active
MB001545,U000920,普通会员,2025-05-13,2026-05-13,9947,15,active
MB001546,U004967,金卡会员,2025-04-03,2026-04-03,11088,0,active
MB001547,U004211,普通会员,2025-12-11,2026-12-11,5774,8,active
MB001548,U003275,普通会员,2025-11-14,2026-11-14,5647,6,active
MB001549,U000003,银卡会员,2025-05-09,2026-05-09,351,6,active
MB001550,U003182,普通会员,2025-09-05,2026-09-05,7869,10,active
MB001551,U004080,金卡会员,2025-05-09,2026-05-09,2413,3,active
MB001552,U002051,银卡会员,2026-07-10,2027-07-10,9701,1,active
MB001553,U001390,金卡会员,2026-02-03,2027-02-03,10447,6,active
MB001554,U002484,普通会员,2026-04-02,2027-04-02,7465,10,active
MB001555,U002297,普通会员,2026-01-09,2027-01-09,7308,1,active
MB001556,U001184,银卡会员,2025-09-15,2026-09-15,6164,6,active
MB001557,U003613,普通会员,2026-08-15,2027-08-15,4867,5,active
MB001558,U001079,银卡会员,2026-02-09,2027-02-09,7096,4,active
MB001559,U000393,普通会员,2025-11-26,2026-11-26,6908,2,active
MB001560,U001073,普通会员,2026-06-13,2027-06-13,5600,15,active
MB001561,U000162,银卡会员,2026-01-28,2027-01-28,1417,8,active
MB001562,U001934,金卡会员,2026-05-26,2027-05-26,9867,9,active
MB001563,U004620,普通会员,2025-08-07,2026-08-07,6590,5,active
MB001564,U004413,普通会员,2025-06-20,2026-06-20,2200,12,active
MB001565,U000075,金卡会员,2025-06-11,2026-06-11,11753,2,active
MB001566,U002334,普通会员,2026-05-15,2027-05-15,1167,5,active
MB001567,U004213,普通会员,2026-07-02,2027-07-02,4452,0,active
MB001568,U001674,银卡会员,2026-03-25,2027-03-25,85,8,active
MB001569,U001550,普通会员,2026-10-01,2027-10-01,8067,0,active
MB001570,U004784,普通会员,2026-06-13,2027-06-13,7492,12,active
MB001571,U001259,普通会员,2025-07-01,2026-07-01,7588,8,active
MB001572,U000069,金卡会员,2025-05-24,2026-05-24,8460,1,active
MB001573,U004646,银卡会员,2025-10-21,2026-10-21,10317,2,active
MB001574,U003171,金卡会员,2025-10-22,2026-10-22,7505,13,active
MB001575,U004194,黑金会员,2026-03-01,2027-03-01,4733,15,active
MB001576,U004502,金卡会员,2025-07-27,2026-07-27,3157,1,active
MB001577,U001542,普通会员,2026-07-28,2027-07-28,10040,7,active
MB001578,U004021,普通会员,2025-06-05,2026-06-05,11918,7,active
MB001579,U000051,银卡会员,2026-10-26,2027-10-26,6211,7,active
MB001580,U001202,银卡会员,2025-01-05,2026-01-05,5201,0,active
MB001581,U002128,黑金会员,2026-03-25,2027-03-25,1454,2,active
MB001582,U002845,金卡会员,2025-07-15,2026-07-15,8111,5,active
MB001583,U002045,金卡会员,2026-01-28,2027-01-28,2170,15,active
MB001584,U004730,普通会员,2026-02-21,2027-02-21,1249,1,active
MB001585,U003163,黑金会员,2025-11-20,2026-11-20,10498,13,active
MB001586,U003208,金卡会员,2026-04-08,2027-04-08,2885,5,active
MB001587,U004778,金卡会员,2025-06-05,2026-06-05,7947,5,active
MB001588,U002413,金卡会员,2026-08-26,2027-08-26,11884,11,active
MB001589,U000404,普通会员,2026-06-01,2027-06-01,433,10,active
MB001590,U003973,银卡会员,2025-05-09,2026-05-09,10012,14,active
MB001591,U000852,普通会员,2026-02-22,2027-02-22,6954,4,active
MB001592,U004075,银卡会员,2026-02-23,2027-02-23,7466,3,active
MB001593,U004773,普通会员,2025-07-06,2026-07-06,3448,13,active
MB001594,U000008,黑金会员,2025-07-15,2026-07-15,9382,1,active
MB001595,U003920,普通会员,2026-10-25,2027-10-25,2269,11,active
MB001596,U000333,普通会员,2025-04-01,2026-04-01,9197,6,active
MB001597,U004149,普通会员,2026-06-07,2027-06-07,8742,1,active
MB001598,U003012,银卡会员,2025-10-04,2026-10-04,665,9,active
MB001599,U002668,金卡会员,2025-05-18,2026-05-18,5182,12,active
MB001600,U001959,普通会员,2026-08-16,2027-08-16,9432,10,active
MB001601,U004081,普通会员,2026-01-31,2027-01-31,3868,12,active
MB001602,U000473,普通会员,2025-04-22,2026-04-22,7760,10,active
MB001603,U002146,普通会员,2026-03-09,2027-03-09,2029,8,active
MB001604,U002496,银卡会员,2025-12-25,2026-12-25,209,10,active
MB001605,U004134,银卡会员,2025-11-21,2026-11-21,10277,5,active
MB001606,U004997,金卡会员,2026-05-12,2027-05-12,3457,15,active
MB001607,U002624,普通会员,2026-10-31,2027-10-31,4058,14,active
MB001608,U004848,普通会员,2026-04-22,2027-04-22,10162,13,active
MB001609,U001972,金卡会员,2025-12-04,2026-12-04,8143,10,active
MB001610,U001546,普通会员,2026-05-26,2027-05-26,7094,8,active
MB001611,U001470,普通会员,2025-08-11,2026-08-11,4741,11,active
MB001612,U000085,银卡会员,2025-09-21,2026-09-21,5168,2,active
MB001613,U003767,银卡会员,2025-08-21,2026-08-21,8027,9,active
MB001614,U003382,银卡会员,2025-07-30,2026-07-30,3109,10,active
MB001615,U003495,普通会员,2026-05-15,2027-05-15,4170,6,active
MB001616,U004424,银卡会员,2026-02-22,2027-02-22,11200,2,active
MB001617,U000044,普通会员,2025-02-26,2026-02-26,5370,10,active
MB001618,U001035,普通会员,2025-02-19,2026-02-19,3548,1,active
MB001619,U004403,金卡会员,2025-09-15,2026-09-15,7679,0,active
MB001620,U000345,银卡会员,2025-07-28,2026-07-28,10675,4,active
MB001621,U000849,普通会员,2025-11-17,2026-11-17,8578,7,active
MB001622,U003057,普通会员,2026-09-06,2027-09-06,7651,10,active
MB001623,U000799,普通会员,2025-06-30,2026-06-30,9154,13,active
MB001624,U001194,普通会员,2026-09-20,2027-09-20,1420,0,active
MB001625,U002085,黑金会员,2026-05-10,2027-05-10,6242,5,active
MB001626,U001789,银卡会员,2026-01-22,2027-01-22,2598,2,active
MB001627,U004270,普通会员,2025-08-06,2026-08-06,3757,0,active
MB001628,U003439,银卡会员,2025-05-18,2026-05-18,8442,9,active
MB001629,U001808,普通会员,2025-10-07,2026-10-07,6142,1,active
MB001630,U003950,普通会员,2025-03-08,2026-03-08,7186,7,active
MB001631,U002494,银卡会员,2025-11-18,2026-11-18,9979,3,active
MB001632,U002026,普通会员,2026-04-19,2027-04-19,1542,7,active
MB001633,U002986,银卡会员,2026-07-23,2027-07-23,3798,10,active
MB001634,U000201,普通会员,2026-08-09,2027-08-09,6754,10,active
MB001635,U002048,银卡会员,2025-11-16,2026-11-16,3264,2,active
MB001636,U000874,普通会员,2025-05-22,2026-05-22,8974,10,active
MB001637,U000392,金卡会员,2026-11-20,2027-11-20,11126,10,active
MB001638,U003086,普通会员,2026-05-14,2027-05-14,856,4,active
MB001639,U000608,银卡会员,2025-04-12,2026-04-12,8486,5,active
MB001640,U002929,普通会员,2026-09-16,2027-09-16,2413,2,active
MB001641,U002321,金卡会员,2025-02-17,2026-02-17,3607,5,active
MB001642,U002148,普通会员,2026-08-31,2027-08-31,8389,7,active
MB001643,U004559,普通会员,2026-06-20,2027-06-20,4940,3,active
MB001644,U000787,普通会员,2026-10-05,2027-10-05,9370,14,active
MB001645,U003374,银卡会员,2025-12-12,2026-12-12,3118,9,active
MB001646,U001072,普通会员,2025-09-11,2026-09-11,1114,12,active
MB001647,U003330,银卡会员,2026-04-13,2027-04-13,10560,0,active
MB001648,U001753,金卡会员,2026-11-26,2027-11-26,7573,13,active
MB001649,U000239,普通会员,2025-06-27,2026-06-27,5451,2,active
MB001650,U004193,金卡会员,2026-03-08,2027-03-08,3412,0,active
MB001651,U001144,金卡会员,2025-09-03,2026-09-03,3989,2,active
MB001652,U004057,普通会员,2026-09-30,2027-09-30,3393,5,active
MB001653,U002037,普通会员,2025-10-15,2026-10-15,10780,1,active
MB001654,U004782,银卡会员,2025-07-11,2026-07-11,9570,10,active
MB001655,U000586,普通会员,2026-09-11,2027-09-11,5067,11,active
MB001656,U003813,普通会员,2026-02-09,2027-02-09,8753,10,active
MB001657,U000381,普通会员,2025-08-31,2026-08-31,519,5,active
MB001658,U004204,金卡会员,2026-02-11,2027-02-11,3954,14,active
MB001659,U001928,银卡会员,2026-06-22,2027-06-22,6883,1,active
MB001660,U002941,普通会员,2025-06-15,2026-06-15,3866,5,active
MB001661,U000685,金卡会员,2025-07-19,2026-07-19,6880,12,active
MB001662,U002833,金卡会员,2026-03-01,2027-03-01,8966,7,active
MB001663,U002666,银卡会员,2025-09-11,2026-09-11,7041,14,active
MB001664,U004471,银卡会员,2025-08-21,2026-08-21,5582,14,active
MB001665,U002697,银卡会员,2026-07-14,2027-07-14,970,1,active
MB001666,U002874,银卡会员,2025-06-06,2026-06-06,10760,7,active
MB001667,U001816,普通会员,2025-08-13,2026-08-13,8068,6,active
MB001668,U002940,金卡会员,2026-04-18,2027-04-18,8637,1,active
MB001669,U001793,普通会员,2026-01-02,2027-01-02,5672,3,active
MB001670,U004506,普通会员,2026-04-24,2027-04-24,1235,6,active
MB001671,U001419,普通会员,2026-04-05,2027-04-05,8622,8,active
MB001672,U001671,银卡会员,2026-08-19,2027-08-19,11315,7,active
MB001673,U003627,普通会员,2026-01-03,2027-01-03,7938,4,active
MB001674,U000370,普通会员,2026-07-26,2027-07-26,7925,1,active
MB001675,U000260,金卡会员,2026-03-07,2027-03-07,840,10,active
MB001676,U003590,普通会员,2026-08-12,2027-08-12,5134,10,active
MB001677,U000984,金卡会员,2026-05-03,2027-05-03,10831,10,active
MB001678,U004713,金卡会员,2025-01-19,2026-01-19,4709,14,active
MB001679,U000430,普通会员,2026-03-08,2027-03-08,1364,11,active
MB001680,U002318,金卡会员,2026-01-09,2027-01-09,2141,1,active
MB001681,U000024,金卡会员,2025-09-16,2026-09-16,6349,13,active
MB001682,U003864,普通会员,2025-02-09,2026-02-09,4839,3,active
MB001683,U002160,金卡会员,2025-12-03,2026-12-03,681,3,active
MB001684,U000344,金卡会员,2026-02-07,2027-02-07,6269,2,active
MB001685,U001590,银卡会员,2026-05-02,2027-05-02,4406,11,active
MB001686,U000281,银卡会员,2026-02-24,2027-02-24,4442,11,active
MB001687,U001575,银卡会员,2026-06-11,2027-06-11,2140,14,active
MB001688,U003150,银卡会员,2025-05-22,2026-05-22,9734,7,active
MB001689,U003515,金卡会员,2026-08-12,2027-08-12,10476,8,active
MB001690,U003011,普通会员,2025-10-08,2026-10-08,2528,11,active
MB001691,U001287,金卡会员,2026-07-13,2027-07-13,6706,13,active
MB001692,U002734,银卡会员,2025-10-15,2026-10-15,7355,6,active
MB001693,U002871,普通会员,2026-09-25,2027-09-25,2191,9,active
MB001694,U001532,普通会员,2025-03-28,2026-03-28,287,8,active
MB001695,U003084,普通会员,2026-02-08,2027-02-08,3735,7,active
MB001696,U004530,金卡会员,2026-03-15,2027-03-15,1569,4,active
MB001697,U000733,普通会员,2026-05-13,2027-05-13,4472,8,active
MB001698,U000810,银卡会员,2025-08-05,2026-08-05,10692,14,active
MB001699,U000638,银卡会员,2026-09-11,2027-09-11,6884,7,active
MB001700,U000721,普通会员,2026-06-03,2027-06-03,8953,15,active
MB001701,U004188,金卡会员,2026-03-30,2027-03-30,2845,10,active
MB001702,U001257,普通会员,2026-09-08,2027-09-08,2188,3,active
MB001703,U000019,普通会员,2026-01-05,2027-01-05,8553,1,active
MB001704,U001387,黑金会员,2025-09-24,2026-09-24,11001,13,active
MB001705,U000827,普通会员,2026-11-27,2027-11-27,8926,0,active
MB001706,U000803,银卡会员,2025-07-07,2026-07-07,3221,11,active
MB001707,U001751,普通会员,2026-01-30,2027-01-30,10685,3,active
MB001708,U000265,普通会员,2025-05-11,2026-05-11,1880,11,active
MB001709,U003623,普通会员,2026-01-12,2027-01-12,2103,9,active
MB001710,U004208,黑金会员,2025-07-24,2026-07-24,4441,10,active
MB001711,U002008,银卡会员,2026-08-25,2027-08-25,8201,0,active
MB001712,U003662,普通会员,2025-11-27,2026-11-27,5798,3,active
MB001713,U000926,银卡会员,2026-07-04,2027-07-04,7046,13,active
MB001714,U001280,银卡会员,2025-06-07,2026-06-07,2302,11,active
MB001715,U004800,普通会员,2025-08-03,2026-08-03,6472,3,active
MB001716,U003544,银卡会员,2025-05-04,2026-05-04,776,11,active
MB001717,U000336,普通会员,2025-12-18,2026-12-18,11356,2,active
MB001718,U004069,金卡会员,2026-06-03,2027-06-03,4228,0,active
MB001719,U000175,银卡会员,2025-05-05,2026-05-05,8298,12,active
MB001720,U002056,银卡会员,2026-07-23,2027-07-23,5628,5,active
MB001721,U004935,普通会员,2026-03-26,2027-03-26,9311,11,active
MB001722,U000077,普通会员,2025-05-19,2026-05-19,5268,8,active
MB001723,U001697,普通会员,2025-03-25,2026-03-25,832,1,active
MB001724,U002168,银卡会员,2026-01-17,2027-01-17,11116,11,active
MB001725,U003117,银卡会员,2026-01-29,2027-01-29,7493,11,active
MB001726,U002816,普通会员,2025-07-07,2026-07-07,10740,0,active
MB001727,U003399,银卡会员,2025-10-09,2026-10-09,5429,6,active
MB001728,U001160,普通会员,2025-10-29,2026-10-29,7377,3,active
MB001729,U003924,普通会员,2026-10-04,2027-10-04,708,15,active
MB001730,U004064,普通会员,2026-10-02,2027-10-02,3726,6,active
MB001731,U001619,银卡会员,2026-09-30,2027-09-30,9225,7,active
MB001732,U001696,普通会员,2026-05-28,2027-05-28,3681,2,active
MB001733,U001180,普通会员,2026-02-28,2027-02-28,7594,11,active
MB001734,U003869,银卡会员,2025-04-14,2026-04-14,8975,1,active
MB001735,U001192,黑金会员,2026-03-13,2027-03-13,7060,4,active
MB001736,U000946,金卡会员,2026-01-25,2027-01-25,3754,6,active
MB001737,U003372,普通会员,2025-05-28,2026-05-28,7663,1,active
MB001738,U001459,普通会员,2026-03-22,2027-03-22,11650,2,active
MB001739,U002758,普通会员,2025-01-26,2026-01-26,7880,2,active
MB001740,U004333,金卡会员,2025-11-14,2026-11-14,3600,3,active
MB001741,U001534,普通会员,2025-11-23,2026-11-23,6992,10,active
MB001742,U003028,银卡会员,2026-08-29,2027-08-29,1594,3,active
MB001743,U002407,普通会员,2026-05-24,2027-05-24,8958,14,active
MB001744,U003221,普通会员,2025-04-28,2026-04-28,280,9,active
MB001745,U002300,银卡会员,2026-05-31,2027-05-31,2593,3,active
MB001746,U000755,普通会员,2026-06-24,2027-06-24,10382,11,active
MB001747,U001860,黑金会员,2026-07-15,2027-07-15,10601,10,active
MB001748,U001977,金卡会员,2025-08-19,2026-08-19,5392,1,active
MB001749,U004304,金卡会员,2025-02-27,2026-02-27,7127,15,active
MB001750,U003547,银卡会员,2025-03-29,2026-03-29,10588,11,active
MB001751,U002429,银卡会员,2025-07-08,2026-07-08,1406,6,active
MB001752,U002642,普通会员,2026-05-10,2027-05-10,3160,6,active
MB001753,U004840,普通会员,2026-06-06,2027-06-06,4322,7,active
MB001754,U002116,金卡会员,2026-09-25,2027-09-25,11394,2,active
MB001755,U004532,普通会员,2025-12-16,2026-12-16,4468,10,active
MB001756,U004406,银卡会员,2025-11-01,2026-11-01,11174,1,active
MB001757,U001784,普通会员,2025-05-03,2026-05-03,10785,10,active
MB001758,U004842,银卡会员,2025-04-06,2026-04-06,268,15,active
MB001759,U000890,黑金会员,2025-09-15,2026-09-15,821,4,active
MB001760,U001606,普通会员,2026-10-08,2027-10-08,7205,0,active
MB001761,U002192,银卡会员,2026-09-18,2027-09-18,6535,5,active
MB001762,U003403,普通会员,2025-04-26,2026-04-26,8547,15,active
MB001763,U000086,银卡会员,2025-10-28,2026-10-28,2191,6,active
MB001764,U001285,普通会员,2026-05-16,2027-05-16,5916,14,active
MB001765,U000360,金卡会员,2025-03-17,2026-03-17,6477,2,active
MB001766,U002656,普通会员,2026-08-09,2027-08-09,3076,10,active
MB001767,U003660,普通会员,2025-08-01,2026-08-01,7447,2,active
MB001768,U002405,普通会员,2026-08-05,2027-08-05,3795,4,active
MB001769,U000802,银卡会员,2025-07-26,2026-07-26,8796,9,active
MB001770,U002205,普通会员,2025-07-24,2026-07-24,7268,1,active
MB001771,U000255,普通会员,2025-10-12,2026-10-12,240,9,active
MB001772,U004035,黑金会员,2026-05-03,2027-05-03,7473,6,active
MB001773,U003071,普通会员,2025-02-26,2026-02-26,4671,3,active
MB001774,U002481,金卡会员,2026-03-12,2027-03-12,6923,1,active
MB001775,U000074,银卡会员,2026-06-13,2027-06-13,533,8,active
MB001776,U003486,银卡会员,2025-08-02,2026-08-02,2308,1,active
MB001777,U002800,银卡会员,2026-02-09,2027-02-09,9856,14,active
MB001778,U004871,黑金会员,2025-06-04,2026-06-04,9658,9,active
MB001779,U001172,银卡会员,2025-07-28,2026-07-28,240,4,active
MB001780,U000057,银卡会员,2026-04-20,2027-04-20,1218,12,active
MB001781,U003466,普通会员,2025-04-25,2026-04-25,10004,14,active
MB001782,U003143,银卡会员,2026-07-26,2027-07-26,3688,2,active
MB001783,U003127,银卡会员,2025-03-30,2026-03-30,6962,0,active
MB001784,U000002,普通会员,2026-07-06,2027-07-06,5106,8,active
MB001785,U002915,银卡会员,2026-11-15,2027-11-15,10890,11,active
MB001786,U001393,金卡会员,2026-07-06,2027-07-06,596,6,active
MB001787,U004896,金卡会员,2025-04-24,2026-04-24,7391,9,active
MB001788,U000987,普通会员,2026-02-20,2027-02-20,10067,9,active
MB001789,U001253,普通会员,2025-02-06,2026-02-06,4258,9,active
MB001790,U004045,普通会员,2025-06-21,2026-06-21,2531,0,active
MB001791,U001335,银卡会员,2025-11-06,2026-11-06,1814,0,active
MB001792,U001772,银卡会员,2026-04-20,2027-04-20,7695,4,active
MB001793,U001328,银卡会员,2026-06-18,2027-06-18,9786,11,active
MB001794,U004531,银卡会员,2025-08-24,2026-08-24,591,0,active
MB001795,U001001,金卡会员,2025-10-11,2026-10-11,8503,6,active
MB001796,U001765,金卡会员,2025-10-16,2026-10-16,9490,14,active
MB001797,U003954,普通会员,2025-02-05,2026-02-05,1166,3,active
MB001798,U002396,普通会员,2025-09-24,2026-09-24,5407,14,active
MB001799,U004218,普通会员,2025-02-15,2026-02-15,9137,0,active
MB001800,U001443,银卡会员,2026-01-21,2027-01-21,9212,14,active
MB001801,U000580,金卡会员,2025-04-14,2026-04-14,9006,2,active
MB001802,U001186,普通会员,2026-03-25,2027-03-25,6694,8,active
MB001803,U000846,普通会员,2026-04-24,2027-04-24,10240,2,active
MB001804,U004643,普通会员,2025-04-18,2026-04-18,5770,4,active
MB001805,U002212,普通会员,2026-07-21,2027-07-21,2433,1,active
MB001806,U002477,黑金会员,2025-08-04,2026-08-04,8746,4,active
MB001807,U000169,普通会员,2026-05-24,2027-05-24,2250,1,active
MB001808,U001274,普通会员,2026-03-18,2027-03-18,11981,3,active
MB001809,U002281,银卡会员,2025-05-19,2026-05-19,8500,13,active
MB001810,U001824,普通会员,2026-06-21,2027-06-21,8710,9,active
MB001811,U001270,银卡会员,2025-04-10,2026-04-10,8221,6,active
MB001812,U004861,普通会员,2026-05-24,2027-05-24,6078,14,active
MB001813,U003473,普通会员,2026-06-16,2027-06-16,11358,15,active
MB001814,U003157,普通会员,2026-03-14,2027-03-14,6580,4,active
MB001815,U004498,金卡会员,2025-06-05,2026-06-05,5685,14,active
MB001816,U003634,普通会员,2026-01-24,2027-01-24,11837,3,active
MB001817,U003334,普通会员,2025-10-12,2026-10-12,2170,8,active
MB001818,U000582,金卡会员,2026-01-22,2027-01-22,3463,2,active
MB001819,U000726,银卡会员,2025-04-19,2026-04-19,8633,6,active
MB001820,U003436,银卡会员,2025-07-08,2026-07-08,544,14,active
MB001821,U001323,普通会员,2026-08-06,2027-08-06,9069,2,active
MB001822,U002142,普通会员,2026-08-18,2027-08-18,9355,12,active
MB001823,U004911,金卡会员,2025-11-20,2026-11-20,8385,11,active
MB001824,U003075,普通会员,2026-02-03,2027-02-03,11507,0,active
MB001825,U002686,银卡会员,2025-05-22,2026-05-22,10176,2,active
MB001826,U002219,普通会员,2026-03-05,2027-03-05,5190,4,active
MB001827,U004210,普通会员,2026-01-19,2027-01-19,9993,13,active
MB001828,U000912,普通会员,2025-11-11,2026-11-11,10517,8,active
MB001829,U000256,金卡会员,2026-04-04,2027-04-04,8153,4,active
MB001830,U004269,普通会员,2025-11-05,2026-11-05,9844,2,active
MB001831,U004068,普通会员,2025-10-22,2026-10-22,2510,5,active
MB001832,U000704,金卡会员,2025-12-02,2026-12-02,8098,1,active
MB001833,U003346,银卡会员,2026-10-01,2027-10-01,2649,4,active
MB001834,U004372,普通会员,2025-06-04,2026-06-04,2608,3,active
MB001835,U004636,普通会员,2026-06-03,2027-06-03,9770,12,active
MB001836,U002542,银卡会员,2025-03-21,2026-03-21,9033,2,active
MB001837,U003398,银卡会员,2026-02-27,2027-02-27,7595,7,active
MB001838,U001319,普通会员,2026-09-07,2027-09-07,1760,0,active
MB001839,U002910,金卡会员,2025-11-14,2026-11-14,5404,0,active
MB001840,U003315,普通会员,2026-09-16,2027-09-16,1966,9,active
MB001841,U002143,银卡会员,2025-05-27,2026-05-27,2514,12,active
MB001842,U004566,普通会员,2025-05-19,2026-05-19,1002,12,active
MB001843,U000389,普通会员,2025-11-01,2026-11-01,3655,7,active
MB001844,U004490,普通会员,2025-11-13,2026-11-13,238,14,active
MB001845,U002000,银卡会员,2025-08-25,2026-08-25,10697,7,active
MB001846,U001322,普通会员,2025-07-16,2026-07-16,1358,12,active
MB001847,U002223,普通会员,2026-08-17,2027-08-17,5001,15,active
MB001848,U004605,金卡会员,2026-09-16,2027-09-16,8499,3,active
MB001849,U001722,普通会员,2025-11-07,2026-11-07,11745,13,active
MB001850,U003186,金卡会员,2025-05-10,2026-05-10,7596,2,active
MB001851,U004803,普通会员,2026-01-01,2027-01-01,8582,8,active
MB001852,U001839,金卡会员,2026-05-04,2027-05-04,6536,0,active
MB001853,U001867,金卡会员,2026-02-08,2027-02-08,3675,0,active
MB001854,U000440,金卡会员,2026-04-12,2027-04-12,9717,1,active
MB001855,U002304,普通会员,2025-09-18,2026-09-18,5764,14,active
MB001856,U002120,银卡会员,2025-08-11,2026-08-11,10962,15,active
MB001857,U002625,银卡会员,2025-11-14,2026-11-14,3132,6,active
MB001858,U004330,金卡会员,2025-08-17,2026-08-17,9191,10,active
MB001859,U000282,黑金会员,2026-11-04,2027-11-04,1028,11,active
MB001860,U001367,银卡会员,2026-01-17,2027-01-17,5144,12,active
MB001861,U000855,普通会员,2025-10-30,2026-10-30,3568,1,active
MB001862,U002486,金卡会员,2025-11-04,2026-11-04,5716,10,active
MB001863,U004609,普通会员,2025-12-12,2026-12-12,5856,11,active
MB001864,U000113,普通会员,2025-08-19,2026-08-19,3751,13,active
MB001865,U000915,普通会员,2026-05-12,2027-05-12,2694,9,active
MB001866,U004018,黑金会员,2025-07-05,2026-07-05,3882,12,active
MB001867,U003968,金卡会员,2025-08-08,2026-08-08,7075,4,active
MB001868,U004593,金卡会员,2025-11-05,2026-11-05,9837,6,active
MB001869,U003145,普通会员,2025-09-12,2026-09-12,4235,14,active
MB001870,U000012,银卡会员,2026-01-02,2027-01-02,8059,5,active
MB001871,U001206,普通会员,2025-04-19,2026-04-19,6611,10,active
MB001872,U001770,普通会员,2026-10-04,2027-10-04,5422,0,active
MB001873,U003596,银卡会员,2026-06-10,2027-06-10,7828,6,active
MB001874,U003612,银卡会员,2025-03-06,2026-03-06,4500,7,active
MB001875,U002256,金卡会员,2025-03-11,2026-03-11,9822,10,active
MB001876,U001681,黑金会员,2025-01-19,2026-01-19,11202,1,active
MB001877,U004191,普通会员,2025-06-28,2026-06-28,3160,8,active
MB001878,U002082,银卡会员,2025-01-31,2026-01-31,8159,10,active
MB001879,U001480,银卡会员,2026-05-18,2027-05-18,8982,6,active
MB001880,U000612,普通会员,2026-02-21,2027-02-21,4174,4,active
MB001881,U003643,银卡会员,2026-07-30,2027-07-30,5005,4,active
MB001882,U004970,普通会员,2025-10-14,2026-10-14,7300,8,active
MB001883,U002796,银卡会员,2026-07-17,2027-07-17,11,2,active
MB001884,U003222,银卡会员,2026-03-02,2027-03-02,5875,10,active
MB001885,U001047,普通会员,2025-06-09,2026-06-09,6981,7,active
MB001886,U004366,金卡会员,2025-07-26,2026-07-26,2473,7,active
MB001887,U000138,银卡会员,2026-11-10,2027-11-10,9466,6,active
MB001888,U002952,黑金会员,2025-05-05,2026-05-05,11957,14,active
MB001889,U000289,银卡会员,2026-07-11,2027-07-11,4537,15,active
MB001890,U002353,银卡会员,2026-05-28,2027-05-28,6672,5,active
MB001891,U003777,金卡会员,2026-07-23,2027-07-23,7356,1,active
MB001892,U004323,金卡会员,2025-07-11,2026-07-11,2642,14,active
MB001893,U001756,银卡会员,2026-07-07,2027-07-07,10709,9,active
MB001894,U001456,银卡会员,2026-08-11,2027-08-11,7881,7,active
MB001895,U000757,普通会员,2026-03-20,2027-03-20,158,2,active
MB001896,U004289,普通会员,2026-04-28,2027-04-28,4905,5,active
MB001897,U002937,银卡会员,2026-11-06,2027-11-06,9249,1,active
MB001898,U004104,普通会员,2025-08-13,2026-08-13,10490,1,active
MB001899,U003603,银卡会员,2026-05-24,2027-05-24,2029,3,active
MB001900,U001363,普通会员,2025-07-24,2026-07-24,7682,8,active
MB001901,U000049,普通会员,2026-04-27,2027-04-27,1650,12,active
MB001902,U002704,普通会员,2026-03-02,2027-03-02,6800,6,active
MB001903,U001787,普通会员,2026-06-23,2027-06-23,2051,10,active
MB001904,U001135,金卡会员,2026-03-19,2027-03-19,739,4,active
MB001905,U000073,银卡会员,2026-05-19,2027-05-19,3048,8,active
MB001906,U001190,银卡会员,2025-01-27,2026-01-27,1941,4,active
MB001907,U000122,普通会员,2025-03-25,2026-03-25,7475,0,active
MB001908,U000994,金卡会员,2025-05-30,2026-05-30,10572,13,active
MB001909,U000087,普通会员,2025-06-17,2026-06-17,3091,13,active
MB001910,U004344,普通会员,2026-08-08,2027-08-08,4900,6,active
MB001911,U003112,普通会员,2026-09-17,2027-09-17,11413,12,active
MB001912,U003018,银卡会员,2026-01-30,2027-01-30,4931,3,active
MB001913,U004067,银卡会员,2025-10-06,2026-10-06,182,12,active
MB001914,U002339,银卡会员,2025-05-16,2026-05-16,9447,3,active
MB001915,U001234,普通会员,2025-04-07,2026-04-07,443,7,active
MB001916,U004224,普通会员,2025-09-30,2026-09-30,6336,15,active
MB001917,U001352,普通会员,2025-07-11,2026-07-11,1510,10,active
MB001918,U004939,银卡会员,2026-08-24,2027-08-24,207,0,active
MB001919,U004229,普通会员,2026-03-17,2027-03-17,2492,8,active
MB001920,U004334,金卡会员,2025-11-18,2026-11-18,2013,0,active
MB001921,U004486,银卡会员,2026-08-28,2027-08-28,993,9,active
MB001922,U002395,银卡会员,2025-12-26,2026-12-26,7672,12,active
MB001923,U002285,银卡会员,2025-10-16,2026-10-16,2988,9,active
MB001924,U002428,银卡会员,2026-08-15,2027-08-15,7449,4,active
MB001925,U000448,银卡会员,2026-07-22,2027-07-22,11134,8,active
MB001926,U001437,银卡会员,2025-08-13,2026-08-13,5464,8,active
MB001927,U002068,普通会员,2026-03-24,2027-03-24,2740,4,active
MB001928,U000414,普通会员,2026-05-20,2027-05-20,7948,11,active
MB001929,U002027,银卡会员,2026-03-22,2027-03-22,7204,1,active
MB001930,U001071,普通会员,2026-03-10,2027-03-10,11713,7,active
MB001931,U002345,银卡会员,2025-07-05,2026-07-05,7303,11,active
MB001932,U003705,黑金会员,2025-12-13,2026-12-13,8888,4,active
MB001933,U000491,银卡会员,2025-11-27,2026-11-27,2344,14,active
MB001934,U002829,普通会员,2025-04-28,2026-04-28,10345,9,active
MB001935,U004711,金卡会员,2026-09-28,2027-09-28,8529,1,active
MB001936,U003925,银卡会员,2025-05-20,2026-05-20,9006,13,active
MB001937,U004574,普通会员,2025-12-05,2026-12-05,8472,9,active
MB001938,U003527,金卡会员,2026-06-17,2027-06-17,7114,4,active
MB001939,U001114,金卡会员,2026-05-27,2027-05-27,7587,2,active
MB001940,U001627,金卡会员,2026-08-18,2027-08-18,8892,9,active
MB001941,U002738,金卡会员,2026-04-05,2027-04-05,5957,1,active
MB001942,U002936,金卡会员,2025-11-21,2026-11-21,7595,11,active
MB001943,U003911,银卡会员,2025-05-21,2026-05-21,2684,12,active
MB001944,U000541,普通会员,2026-06-01,2027-06-01,4199,15,active
MB001945,U002497,银卡会员,2026-05-10,2027-05-10,11767,10,active
MB001946,U001467,银卡会员,2026-07-13,2027-07-13,6307,1,active
MB001947,U002063,普通会员,2026-02-14,2027-02-14,10301,11,active
MB001948,U002839,普通会员,2025-04-14,2026-04-14,11634,6,active
MB001949,U004590,普通会员,2026-08-10,2027-08-10,6822,2,active
MB001950,U002838,普通会员,2025-08-05,2026-08-05,10972,8,active
MB001951,U000156,普通会员,2026-01-29,2027-01-29,2510,14,active
MB001952,U004500,普通会员,2026-06-07,2027-06-07,2602,8,active
MB001953,U002679,黑金会员,2026-01-09,2027-01-09,11044,6,active
MB001954,U003146,普通会员,2026-10-22,2027-10-22,11420,5,active
MB001955,U002928,金卡会员,2025-07-20,2026-07-20,790,13,active
MB001956,U000254,普通会员,2025-05-13,2026-05-13,8640,15,active
MB001957,U001659,金卡会员,2025-04-09,2026-04-09,8957,7,active
MB001958,U000522,黑金会员,2025-05-25,2026-05-25,7398,15,active
MB001959,U001764,普通会员,2026-06-25,2027-06-25,2915,1,active
MB001960,U002243,金卡会员,2026-01-27,2027-01-27,4990,5,active
MB001961,U000691,金卡会员,2025-04-23,2026-04-23,9647,15,active
MB001962,U003915,普通会员,2026-01-21,2027-01-21,7720,3,active
MB001963,U001904,银卡会员,2026-09-02,2027-09-02,1580,2,active
MB001964,U003719,银卡会员,2026-04-22,2027-04-22,8021,5,active
MB001965,U002562,银卡会员,2026-05-02,2027-05-02,9194,6,active
MB001966,U001568,黑金会员,2026-06-23,2027-06-23,8273,4,active
MB001967,U003168,普通会员,2025-03-01,2026-03-01,676,1,active
MB001968,U000843,银卡会员,2026-04-01,2027-04-01,587,13,active
MB001969,U000634,金卡会员,2025-08-13,2026-08-13,2763,11,active
MB001970,U001245,普通会员,2025-05-12,2026-05-12,5385,9,active
MB001971,U004402,金卡会员,2025-01-31,2026-01-31,8433,7,active
MB001972,U004957,银卡会员,2025-05-30,2026-05-30,1217,9,active
MB001973,U002784,普通会员,2026-06-09,2027-06-09,2230,10,active
MB001974,U000312,普通会员,2025-01-23,2026-01-23,11168,11,active
MB001975,U000235,金卡会员,2026-01-11,2027-01-11,9603,0,active
MB001976,U002252,普通会员,2026-11-15,2027-11-15,3543,0,active
MB001977,U003297,银卡会员,2025-09-28,2026-09-28,11687,2,active
MB001978,U000644,普通会员,2025-07-31,2026-07-31,5289,11,active
MB001979,U000579,金卡会员,2026-01-07,2027-01-07,6982,8,active
MB001980,U000420,普通会员,2026-03-20,2027-03-20,4386,15,active
MB001981,U003079,普通会员,2025-05-24,2026-05-24,4842,11,active
MB001982,U001409,普通会员,2025-07-07,2026-07-07,2203,0,active
MB001983,U003185,普通会员,2025-02-25,2026-02-25,6360,14,active
MB001984,U003491,普通会员,2026-03-25,2027-03-25,9603,10,active
MB001985,U001317,银卡会员,2026-07-25,2027-07-25,8828,15,active
MB001986,U003619,普通会员,2026-07-25,2027-07-25,9975,4,active
MB001987,U000035,黑金会员,2025-03-26,2026-03-26,6304,12,active
MB001988,U001818,金卡会员,2025-08-21,2026-08-21,2103,11,active
MB001989,U004811,普通会员,2026-03-21,2027-03-21,6319,8,active
MB001990,U001981,普通会员,2025-09-20,2026-09-20,7175,3,active
MB001991,U001901,金卡会员,2025-09-02,2026-09-02,6651,7,active
MB001992,U000456,普通会员,2026-01-24,2027-01-24,11782,9,active
MB001993,U002346,普通会员,2025-10-28,2026-10-28,6853,12,active
MB001994,U004961,银卡会员,2026-05-29,2027-05-29,5602,15,active
MB001995,U003854,金卡会员,2025-09-07,2026-09-07,10482,0,active
MB001996,U000334,金卡会员,2026-11-03,2027-11-03,9497,4,active
MB001997,U001890,普通会员,2026-01-03,2027-01-03,2342,15,active
MB001998,U003921,银卡会员,2026-06-28,2027-06-28,1334,0,active
MB001999,U004365,普通会员,2026-08-27,2027-08-27,1222,15,active
MB002000,U004463,普通会员,2025-07-13,2026-07-13,136,2,active
MB002001,U003679,黑金会员,2025-12-19,2026-12-19,1027,4,active
MB002002,U002644,普通会员,2026-03-11,2027-03-11,9583,6,active
MB002003,U001536,普通会员,2026-01-29,2027-01-29,8230,14,active
MB002004,U002681,银卡会员,2025-06-10,2026-06-10,6524,14,active
MB002005,U003078,银卡会员,2025-12-05,2026-12-05,963,7,active
MB002006,U003239,金卡会员,2025-04-10,2026-04-10,8532,2,active
MB002007,U003891,金卡会员,2025-08-13,2026-08-13,1350,12,active
MB002008,U002691,普通会员,2025-09-30,2026-09-30,9494,7,active
MB002009,U004625,普通会员,2026-05-13,2027-05-13,2590,12,active
MB002010,U002885,银卡会员,2026-06-15,2027-06-15,5728,13,active
MB002011,U004565,银卡会员,2025-05-24,2026-05-24,5741,13,active
MB002012,U004049,金卡会员,2025-07-15,2026-07-15,7809,15,active
MB002013,U000303,金卡会员,2025-09-12,2026-09-12,7013,12,active
MB002014,U000150,普通会员,2026-05-16,2027-05-16,171,3,active
MB002015,U004157,普通会员,2025-10-12,2026-10-12,10450,6,active
MB002016,U002935,普通会员,2025-08-24,2026-08-24,10390,1,active
MB002017,U003483,普通会员,2025-07-11,2026-07-11,9469,14,active
MB002018,U004952,普通会员,2026-10-06,2027-10-06,3733,7,active
MB002019,U002991,银卡会员,2025-07-19,2026-07-19,9485,10,active
MB002020,U002134,银卡会员,2025-08-16,2026-08-16,3327,7,active
MB002021,U000654,普通会员,2025-06-21,2026-06-21,9500,12,active
MB002022,U002572,普通会员,2025-10-12,2026-10-12,5457,4,active
MB002023,U000196,银卡会员,2025-02-27,2026-02-27,3462,6,active
MB002024,U004512,普通会员,2026-02-20,2027-02-20,1092,9,active
MB002025,U000315,银卡会员,2026-05-25,2027-05-25,639,13,active
MB002026,U003532,普通会员,2025-06-07,2026-06-07,3276,7,active
MB002027,U001558,普通会员,2026-08-17,2027-08-17,8010,4,active
MB002028,U002288,金卡会员,2025-06-22,2026-06-22,7952,5,active
MB002029,U002302,银卡会员,2025-09-15,2026-09-15,11096,13,active
MB002030,U003516,普通会员,2025-04-22,2026-04-22,6072,3,active
MB002031,U000278,普通会员,2026-01-02,2027-01-02,6063,4,active
MB002032,U000445,银卡会员,2026-03-15,2027-03-15,5159,10,active
MB002033,U004829,普通会员,2026-04-11,2027-04-11,8749,0,active
MB002034,U004013,银卡会员,2025-05-01,2026-05-01,3284,10,active
MB002035,U004022,普通会员,2026-07-08,2027-07-08,2199,11,active
MB002036,U003665,普通会员,2026-07-01,2027-07-01,5969,1,active
MB002037,U003758,银卡会员,2026-03-10,2027-03-10,4537,5,active
MB002038,U004980,普通会员,2026-07-19,2027-07-19,6686,13,active
MB002039,U002451,普通会员,2025-08-15,2026-08-15,7732,11,active
MB002040,U004129,普通会员,2025-08-31,2026-08-31,3698,4,active
MB002041,U003255,普通会员,2025-07-07,2026-07-07,4695,6,active
MB002042,U002098,金卡会员,2025-09-06,2026-09-06,5281,14,active
MB002043,U000728,金卡会员,2025-10-11,2026-10-11,10611,11,active
MB002044,U001978,普通会员,2025-07-27,2026-07-27,11998,11,active
MB002045,U004466,普通会员,2025-10-16,2026-10-16,1674,4,active
MB002046,U004868,普通会员,2026-10-15,2027-10-15,1709,11,active
MB002047,U001807,银卡会员,2025-03-20,2026-03-20,8517,15,active
MB002048,U001958,银卡会员,2025-11-17,2026-11-17,6304,14,active
MB002049,U000451,普通会员,2025-08-17,2026-08-17,3019,6,active
MB002050,U002371,普通会员,2026-08-10,2027-08-10,3339,1,active
MB002051,U000886,普通会员,2026-03-19,2027-03-19,3695,8,active
MB002052,U003365,银卡会员,2026-11-16,2027-11-16,7300,11,active
MB002053,U004946,银卡会员,2025-09-05,2026-09-05,10223,1,active
MB002054,U000662,普通会员,2026-06-16,2027-06-16,7972,12,active
MB002055,U003261,金卡会员,2025-09-08,2026-09-08,6957,0,active
MB002056,U001700,普通会员,2026-02-14,2027-02-14,7252,2,active
MB002057,U003050,普通会员,2025-09-28,2026-09-28,11860,8,active
MB002058,U001632,普通会员,2026-05-22,2027-05-22,3582,5,active
MB002059,U000146,普通会员,2026-02-21,2027-02-21,8660,10,active
MB002060,U000259,银卡会员,2026-05-28,2027-05-28,767,5,active
MB002061,U004002,普通会员,2026-07-31,2027-07-31,8454,2,active
MB002062,U003414,银卡会员,2026-03-18,2027-03-18,8309,5,active
MB002063,U002812,普通会员,2026-02-08,2027-02-08,1161,15,active
MB002064,U004742,金卡会员,2026-07-05,2027-07-05,6927,2,active
MB002065,U003724,银卡会员,2026-07-25,2027-07-25,232,3,active
MB002066,U004350,普通会员,2025-09-10,2026-09-10,3160,2,active
MB002067,U004252,银卡会员,2026-05-06,2027-05-06,5258,3,active
MB002068,U004817,普通会员,2025-05-28,2026-05-28,6849,13,active
MB002069,U003292,普通会员,2025-07-31,2026-07-31,11252,9,active
MB002070,U004421,黑金会员,2025-05-01,2026-05-01,4615,3,active
MB002071,U000311,黑金会员,2026-04-29,2027-04-29,6873,13,active
MB002072,U003223,金卡会员,2025-11-13,2026-11-13,5619,6,active
MB002073,U000126,银卡会员,2025-05-13,2026-05-13,6483,11,active
MB002074,U000011,普通会员,2026-09-17,2027-09-17,7594,10,active
MB002075,U000223,普通会员,2026-02-09,2027-02-09,3085,12,active
MB002076,U003763,银卡会员,2026-03-17,2027-03-17,10593,2,active
MB002077,U004230,银卡会员,2025-08-16,2026-08-16,4475,6,active
MB002078,U002754,普通会员,2026-06-29,2027-06-29,9470,3,active
MB002079,U003940,金卡会员,2025-04-20,2026-04-20,11579,6,active
MB002080,U002706,普通会员,2026-01-16,2027-01-16,10584,11,active
MB002081,U003838,普通会员,2026-06-13,2027-06-13,2016,14,active
MB002082,U003391,普通会员,2026-12-04,2027-12-04,10247,10,active
MB002083,U004155,普通会员,2025-09-05,2026-09-05,3565,8,active
MB002084,U004031,普通会员,2026-01-15,2027-01-15,7993,12,active
MB002085,U004951,银卡会员,2026-07-14,2027-07-14,9546,1,active
MB002086,U003362,普通会员,2026-05-18,2027-05-18,7550,8,active
MB002087,U003366,银卡会员,2025-05-15,2026-05-15,9662,0,active
MB002088,U003100,普通会员,2026-09-06,2027-09-06,476,10,active
MB002089,U002447,银卡会员,2025-09-12,2026-09-12,8112,15,active
MB002090,U001423,银卡会员,2025-03-15,2026-03-15,5956,9,active
MB002091,U004238,普通会员,2025-12-19,2026-12-19,11686,11,active
MB002092,U001247,金卡会员,2025-06-06,2026-06-06,10561,6,active
MB002093,U000029,普通会员,2025-07-03,2026-07-03,9703,1,active
MB002094,U002279,银卡会员,2025-10-09,2026-10-09,559,7,active
MB002095,U001571,普通会员,2025-06-20,2026-06-20,9158,8,active
MB002096,U000398,普通会员,2025-12-06,2026-12-06,7947,3,active
MB002097,U002394,金卡会员,2025-10-03,2026-10-03,11185,10,active
MB002098,U002439,普通会员,2025-08-23,2026-08-23,6031,4,active
MB002099,U000119,黑金会员,2026-04-09,2027-04-09,386,0,active
MB002100,U004482,银卡会员,2025-09-28,2026-09-28,6035,6,active
MB002101,U000935,普通会员,2025-04-12,2026-04-12,4357,14,active
MB002102,U004307,银卡会员,2026-06-29,2027-06-29,4226,12,active
MB002103,U001105,普通会员,2026-03-14,2027-03-14,2188,12,active
MB002104,U002599,普通会员,2025-04-14,2026-04-14,3558,13,active
MB002105,U004788,金卡会员,2026-01-05,2027-01-05,3516,0,active
MB002106,U002893,普通会员,2026-01-03,2027-01-03,11964,9,active
MB002107,U002508,普通会员,2026-10-26,2027-10-26,2738,4,active
MB002108,U004391,普通会员,2025-08-05,2026-08-05,2008,7,active
MB002109,U001676,银卡会员,2025-10-16,2026-10-16,9442,14,active
MB002110,U002881,银卡会员,2026-03-09,2027-03-09,2227,3,active
MB002111,U001014,普通会员,2026-01-03,2027-01-03,1387,8,active
MB002112,U004655,普通会员,2025-03-14,2026-03-14,8379,5,active
MB002113,U001737,普通会员,2025-07-22,2026-07-22,2659,5,active
MB002114,U001611,金卡会员,2026-03-12,2027-03-12,3651,1,active
MB002115,U003289,金卡会员,2026-08-18,2027-08-18,1076,10,active
MB002116,U001168,金卡会员,2025-08-02,2026-08-02,1849,15,active
MB002117,U001474,银卡会员,2025-11-03,2026-11-03,8231,3,active
MB002118,U000479,银卡会员,2026-01-15,2027-01-15,10784,11,active
MB002119,U001343,普通会员,2026-06-14,2027-06-14,695,2,active
MB002120,U001482,普通会员,2025-06-10,2026-06-10,1878,12,active
MB002121,U004236,金卡会员,2026-07-05,2027-07-05,8501,2,active
MB002122,U000494,普通会员,2025-12-09,2026-12-09,9754,14,active
MB002123,U004199,金卡会员,2025-11-16,2026-11-16,11802,0,active
MB002124,U003065,黑金会员,2025-07-27,2026-07-27,9362,1,active
MB002125,U000284,普通会员,2026-05-02,2027-05-02,9012,3,active
MB002126,U004170,普通会员,2025-05-12,2026-05-12,4440,3,active
MB002127,U002605,普通会员,2026-11-23,2027-11-23,5659,2,active
MB002128,U001212,普通会员,2026-09-30,2027-09-30,366,8,active
MB002129,U004586,普通会员,2025-11-19,2026-11-19,5908,11,active
MB002130,U002199,普通会员,2026-06-29,2027-06-29,555,2,active
MB002131,U003058,银卡会员,2025-08-12,2026-08-12,7695,11,active
MB002132,U002373,银卡会员,2025-08-03,2026-08-03,1685,15,active
MB002133,U003775,普通会员,2026-07-22,2027-07-22,5971,9,active
MB002134,U003234,金卡会员,2026-07-30,2027-07-30,3049,10,active
MB002135,U002359,普通会员,2025-09-22,2026-09-22,5523,0,active
MB002136,U003340,金卡会员,2026-08-29,2027-08-29,6797,7,active
MB002137,U004555,普通会员,2026-11-14,2027-11-14,6841,10,active
MB002138,U001429,黑金会员,2026-02-09,2027-02-09,6040,5,active
MB002139,U002273,普通会员,2025-05-15,2026-05-15,3715,12,active
MB002140,U000206,银卡会员,2026-07-09,2027-07-09,6837,14,active
MB002141,U001110,普通会员,2025-12-09,2026-12-09,5936,4,active
MB002142,U002015,普通会员,2026-09-10,2027-09-10,5425,3,active
MB002143,U000185,银卡会员,2026-08-10,2027-08-10,6585,0,active
MB002144,U002403,普通会员,2026-03-11,2027-03-11,1221,0,active
MB002145,U004485,普通会员,2026-09-09,2027-09-09,4823,15,active
MB002146,U002483,普通会员,2025-08-20,2026-08-20,8186,5,active
MB002147,U001927,金卡会员,2025-06-19,2026-06-19,5448,15,active
MB002148,U004993,普通会员,2026-09-19,2027-09-19,115,11,active
MB002149,U002255,普通会员,2025-08-26,2026-08-26,3099,9,active
MB002150,U003233,黑金会员,2026-08-31,2027-08-31,1940,4,active
MB002151,U002719,普通会员,2025-12-18,2026-12-18,3118,7,active
MB002152,U003401,银卡会员,2025-11-03,2026-11-03,3882,11,active
MB002153,U002950,普通会员,2026-06-15,2027-06-15,224,3,active
MB002154,U000981,金卡会员,2026-01-31,2027-01-31,2270,5,active
MB002155,U002383,金卡会员,2026-03-29,2027-03-29,11122,5,active
MB002156,U004041,银卡会员,2026-04-09,2027-04-09,9173,14,active
MB002157,U004904,普通会员,2025-11-17,2026-11-17,9745,7,active
MB002158,U004054,普通会员,2025-10-16,2026-10-16,10173,1,active
MB002159,U000554,普通会员,2025-10-25,2026-10-25,1861,14,active
MB002160,U003989,金卡会员,2025-07-14,2026-07-14,3169,6,active
MB002161,U001369,普通会员,2026-01-05,2027-01-05,5597,1,active
MB002162,U003267,普通会员,2025-01-09,2026-01-09,7926,6,active
MB002163,U000030,普通会员,2026-06-04,2027-06-04,9205,3,active
MB002164,U004339,银卡会员,2025-08-29,2026-08-29,4460,8,active
MB002165,U000209,银卡会员,2026-07-29,2027-07-29,10854,11,active
MB002166,U001747,普通会员,2026-04-05,2027-04-05,2750,0,active
MB002167,U004825,黑金会员,2025-09-30,2026-09-30,7952,7,active
MB002168,U003674,银卡会员,2025-10-21,2026-10-21,916,0,active
MB002169,U003820,普通会员,2025-11-12,2026-11-12,10064,6,active
MB002170,U001109,普通会员,2025-12-28,2026-12-28,867,9,active
MB002171,U003048,普通会员,2026-07-11,2027-07-11,10952,14,active
MB002172,U002803,黑金会员,2025-06-21,2026-06-21,2304,1,active
MB002173,U000390,普通会员,2026-06-05,2027-06-05,3145,0,active
MB002174,U003284,金卡会员,2026-06-02,2027-06-02,1537,12,active
MB002175,U003926,金卡会员,2026-05-26,2027-05-26,2875,2,active
MB002176,U004781,银卡会员,2026-05-22,2027-05-22,229,11,active
MB002177,U000526,黑金会员,2026-03-07,2027-03-07,4959,13,active
MB002178,U002469,银卡会员,2025-02-18,2026-02-18,9659,9,active
MB002179,U000940,银卡会员,2026-09-11,2027-09-11,7686,4,active
MB002180,U003031,金卡会员,2025-08-11,2026-08-11,6314,3,active
MB002181,U004004,黑金会员,2025-09-08,2026-09-08,6105,15,active
MB002182,U000375,银卡会员,2025-10-05,2026-10-05,391,4,active
MB002183,U002913,金卡会员,2025-06-04,2026-06-04,8385,6,active
MB002184,U004601,银卡会员,2025-11-17,2026-11-17,3084,5,active
MB002185,U003630,普通会员,2026-11-05,2027-11-05,8437,14,active
MB002186,U001940,金卡会员,2026-01-17,2027-01-17,10683,4,active
MB002187,U002235,普通会员,2026-01-08,2027-01-08,4377,5,active
MB002188,U004702,普通会员,2026-09-02,2027-09-02,1220,3,active
MB002189,U004479,普通会员,2026-03-19,2027-03-19,1924,8,active
MB002190,U000245,普通会员,2026-11-11,2027-11-11,8799,14,active
MB002191,U001178,银卡会员,2025-08-31,2026-08-31,5073,9,active
MB002192,U003067,普通会员,2025-05-11,2026-05-11,536,0,active
MB002193,U000453,银卡会员,2025-03-22,2026-03-22,1646,7,active
MB002194,U002534,普通会员,2026-07-25,2027-07-25,3444,6,active
MB002195,U001783,普通会员,2025-09-26,2026-09-26,94,12,active
MB002196,U000628,金卡会员,2025-05-28,2026-05-28,8449,5,active
MB002197,U001208,银卡会员,2025-12-15,2026-12-15,10849,9,active
MB002198,U002843,银卡会员,2026-09-30,2027-09-30,3062,7,active
MB002199,U003565,银卡会员,2025-10-18,2026-10-18,11450,8,active
MB002200,U000969,银卡会员,2025-06-01,2026-06-01,9911,0,active
MB002201,U000424,银卡会员,2025-08-10,2026-08-10,7770,8,active
MB002202,U004603,金卡会员,2025-06-18,2026-06-18,10567,13,active
MB002203,U000740,普通会员,2026-10-13,2027-10-13,3426,14,active
MB002204,U001463,金卡会员,2026-10-16,2027-10-16,7924,9,active
MB002205,U004401,普通会员,2025-07-11,2026-07-11,11001,11,active
MB002206,U002832,金卡会员,2025-10-12,2026-10-12,9240,1,active
MB002207,U003356,普通会员,2026-10-19,2027-10-19,5511,14,active
MB002208,U000660,黑金会员,2026-03-28,2027-03-28,6033,3,active
MB002209,U001405,银卡会员,2026-06-12,2027-06-12,2579,2,active
MB002210,U000288,普通会员,2026-06-28,2027-06-28,284,0,active
MB002211,U004405,普通会员,2026-09-27,2027-09-27,8097,6,active
MB002212,U000067,金卡会员,2026-04-12,2027-04-12,9174,6,active
MB002213,U001785,普通会员,2026-08-02,2027-08-02,8254,13,active
MB002214,U000932,普通会员,2026-04-21,2027-04-21,351,11,active
MB002215,U000791,普通会员,2026-08-25,2027-08-25,11089,11,active
MB002216,U003014,银卡会员,2025-09-19,2026-09-19,10998,2,active
MB002217,U004889,普通会员,2025-11-24,2026-11-24,10511,3,active
MB002218,U001528,普通会员,2026-08-01,2027-08-01,2483,8,active
MB002219,U001037,普通会员,2025-10-13,2026-10-13,1656,8,active
MB002220,U000025,银卡会员,2025-09-12,2026-09-12,3175,3,active
MB002221,U000092,金卡会员,2026-01-30,2027-01-30,4762,4,active
MB002222,U002204,普通会员,2026-05-28,2027-05-28,6818,11,active
MB002223,U001030,普通会员,2025-06-12,2026-06-12,9230,13,active
MB002224,U001964,银卡会员,2026-08-21,2027-08-21,4525,9,active
MB002225,U004585,银卡会员,2025-09-18,2026-09-18,1744,7,active
MB002226,U003933,银卡会员,2025-12-08,2026-12-08,4120,6,active
MB002227,U004882,普通会员,2025-10-17,2026-10-17,9380,13,active
MB002228,U002858,银卡会员,2025-12-30,2026-12-30,285,11,active
MB002229,U003464,普通会员,2025-11-06,2026-11-06,8940,14,active
MB002230,U004877,普通会员,2025-03-18,2026-03-18,11640,8,active
MB002231,U004869,银卡会员,2026-07-24,2027-07-24,4599,14,active
MB002232,U000197,金卡会员,2025-07-04,2026-07-04,3032,1,active
MB002233,U001531,普通会员,2026-10-04,2027-10-04,8818,9,active
MB002234,U000190,金卡会员,2025-05-03,2026-05-03,5833,10,active
MB002235,U003609,普通会员,2025-07-28,2026-07-28,11398,14,active
MB002236,U002999,金卡会员,2026-05-22,2027-05-22,3580,5,active
MB002237,U002132,金卡会员,2025-09-06,2026-09-06,2171,4,active
MB002238,U001511,银卡会员,2026-05-03,2027-05-03,11912,7,active
MB002239,U003205,银卡会员,2025-10-29,2026-10-29,3097,12,active
MB002240,U004974,普通会员,2026-04-04,2027-04-04,10775,11,active
MB002241,U003812,金卡会员,2025-10-07,2026-10-07,3876,10,active
MB002242,U001572,银卡会员,2026-08-28,2027-08-28,9644,9,active
MB002243,U002152,普通会员,2025-06-12,2026-06-12,4190,11,active
MB002244,U003956,金卡会员,2026-08-06,2027-08-06,9050,9,active
MB002245,U002673,银卡会员,2026-02-07,2027-02-07,8013,2,active
MB002246,U000464,普通会员,2025-12-31,2026-12-31,8501,2,active
MB002247,U004678,普通会员,2026-06-29,2027-06-29,1731,9,active
MB002248,U000036,普通会员,2025-09-02,2026-09-02,1679,11,active
MB002249,U001214,金卡会员,2025-02-22,2026-02-22,1913,12,active
MB002250,U000816,银卡会员,2026-10-08,2027-10-08,9369,5,active
MB002251,U001408,普通会员,2026-07-27,2027-07-27,9836,3,active
MB002252,U003726,金卡会员,2026-02-20,2027-02-20,4723,3,active
MB002253,U002777,普通会员,2025-04-16,2026-04-16,3295,10,active
MB002254,U003545,银卡会员,2025-07-09,2026-07-09,9031,9,active
MB002255,U001414,普通会员,2025-11-10,2026-11-10,1826,9,active
MB002256,U001610,普通会员,2026-09-16,2027-09-16,7969,6,active
MB002257,U004367,金卡会员,2026-11-14,2027-11-14,3047,10,active
MB002258,U001946,普通会员,2025-08-11,2026-08-11,8510,10,active
MB002259,U004003,银卡会员,2025-05-27,2026-05-27,2462,3,active
MB002260,U002422,金卡会员,2026-07-20,2027-07-20,4224,13,active
MB002261,U004220,金卡会员,2025-03-23,2026-03-23,9716,7,active
MB002262,U000293,银卡会员,2025-06-13,2026-06-13,11091,2,active
MB002263,U004378,金卡会员,2025-07-03,2026-07-03,2058,14,active
MB002264,U000720,普通会员,2025-01-27,2026-01-27,1528,9,active
MB002265,U002957,普通会员,2025-05-01,2026-05-01,6605,1,active
MB002266,U003648,普通会员,2026-01-05,2027-01-05,6961,3,active
MB002267,U003698,普通会员,2025-07-26,2026-07-26,10930,3,active
MB002268,U004115,普通会员,2026-07-19,2027-07-19,7328,13,active
MB002269,U002289,普通会员,2025-11-16,2026-11-16,10237,10,active
MB002270,U003416,银卡会员,2025-06-15,2026-06-15,8707,10,active
MB002271,U002727,普通会员,2026-06-18,2027-06-18,2266,12,active
MB002272,U003453,普通会员,2026-01-08,2027-01-08,3732,11,active
MB002273,U003250,普通会员,2026-09-02,2027-09-02,10131,2,active
MB002274,U003651,金卡会员,2026-07-23,2027-07-23,4909,14,active
MB002275,U004422,普通会员,2025-06-16,2026-06-16,10823,14,active
MB002276,U000899,银卡会员,2026-04-25,2027-04-25,6673,2,active
MB002277,U001893,金卡会员,2026-06-23,2027-06-23,6274,12,active
MB002278,U002641,普通会员,2025-06-24,2026-06-24,6715,4,active
MB002279,U001596,银卡会员,2025-12-01,2026-12-01,2222,15,active
MB002280,U004431,银卡会员,2026-10-03,2027-10-03,9236,4,active
MB002281,U002184,普通会员,2025-08-15,2026-08-15,8814,9,active
MB002282,U001653,金卡会员,2025-06-04,2026-06-04,4002,14,active
MB002283,U000351,普通会员,2025-11-15,2026-11-15,78,15,active
MB002284,U000534,金卡会员,2025-06-19,2026-06-19,2567,11,active
MB002285,U001304,金卡会员,2025-04-13,2026-04-13,11597,9,active
MB002286,U003001,银卡会员,2025-04-25,2026-04-25,6286,3,active
MB002287,U004534,银卡会员,2026-06-27,2027-06-27,7769,13,active
MB002288,U004294,普通会员,2025-02-24,2026-02-24,9130,8,active
MB002289,U004598,银卡会员,2025-07-22,2026-07-22,6437,12,active
MB002290,U000243,银卡会员,2025-07-21,2026-07-21,11368,10,active
MB002291,U004857,金卡会员,2025-11-07,2026-11-07,9003,10,active
MB002292,U000369,金卡会员,2026-01-25,2027-01-25,10602,8,active
MB002293,U004488,金卡会员,2026-09-09,2027-09-09,3520,8,active
MB002294,U000928,普通会员,2025-08-05,2026-08-05,9694,8,active
MB002295,U000106,黑金会员,2026-02-28,2027-02-28,6386,15,active
MB002296,U002608,普通会员,2026-07-22,2027-07-22,9686,10,active
MB002297,U004714,普通会员,2025-05-18,2026-05-18,6069,5,active
MB002298,U000830,普通会员,2026-03-28,2027-03-28,4826,11,active
MB002299,U002118,普通会员,2026-02-28,2027-02-28,2703,1,active
MB002300,U004958,金卡会员,2025-07-06,2026-07-06,5830,13,active
MB002301,U000401,黑金会员,2025-04-12,2026-04-12,8777,8,active
MB002302,U001792,普通会员,2026-07-22,2027-07-22,4774,4,active
MB002303,U000688,普通会员,2025-10-01,2026-10-01,3297,10,active
MB002304,U004052,普通会员,2026-03-30,2027-03-30,10934,1,active
MB002305,U000247,普通会员,2025-10-20,2026-10-20,5099,15,active
MB002306,U001781,银卡会员,2026-06-27,2027-06-27,1660,3,active
MB002307,U001293,金卡会员,2026-08-27,2027-08-27,82,7,active
MB002308,U002767,普通会员,2025-04-05,2026-04-05,10689,13,active
MB002309,U001152,银卡会员,2025-11-15,2026-11-15,11856,7,active
MB002310,U004143,金卡会员,2025-09-16,2026-09-16,9655,15,active
MB002311,U000879,金卡会员,2026-05-14,2027-05-14,1373,12,active
MB002312,U003937,普通会员,2025-06-28,2026-06-28,9454,1,active
MB002313,U002476,银卡会员,2026-06-25,2027-06-25,6625,14,active
MB002314,U002035,普通会员,2026-07-20,2027-07-20,5243,4,active
MB002315,U002057,普通会员,2026-06-10,2027-06-10,8781,1,active
MB002316,U000160,银卡会员,2026-10-08,2027-10-08,7291,7,active
MB002317,U001725,普通会员,2025-11-14,2026-11-14,7898,7,active
MB002318,U003967,普通会员,2025-11-11,2026-11-11,9272,13,active
MB002319,U000883,普通会员,2026-08-20,2027-08-20,3023,4,active
MB002320,U004899,黑金会员,2025-12-05,2026-12-05,1852,14,active
MB002321,U003413,金卡会员,2026-10-15,2027-10-15,475,9,active
MB002322,U002530,银卡会员,2025-03-26,2026-03-26,3994,14,active
MB002323,U001524,银卡会员,2026-07-03,2027-07-03,1584,7,active
MB002324,U001330,普通会员,2025-09-10,2026-09-10,2574,3,active
MB002325,U002077,普通会员,2025-05-21,2026-05-21,10732,5,active
MB002326,U001831,普通会员,2025-10-06,2026-10-06,2246,1,active
MB002327,U002814,普通会员,2026-02-05,2027-02-05,11867,10,active
MB002328,U002611,普通会员,2025-10-14,2026-10-14,11986,12,active
MB002329,U001649,普通会员,2026-05-11,2027-05-11,2981,11,active
MB002330,U003830,普通会员,2025-12-15,2026-12-15,5092,0,active
MB002331,U001547,银卡会员,2026-06-25,2027-06-25,9455,7,active
MB002332,U002441,银卡会员,2025-09-21,2026-09-21,6693,13,active
MB002333,U000502,金卡会员,2025-05-29,2026-05-29,11861,11,active
MB002334,U004525,普通会员,2025-06-17,2026-06-17,8715,8,active
MB002335,U003987,金卡会员,2025-06-01,2026-06-01,7205,12,active
MB002336,U000177,普通会员,2026-04-08,2027-04-08,2402,14,active
MB002337,U004563,普通会员,2025-05-31,2026-05-31,8293,10,active
MB002338,U004103,普通会员,2026-03-14,2027-03-14,6796,15,active
MB002339,U002247,银卡会员,2025-09-28,2026-09-28,9650,14,active
MB002340,U003649,普通会员,2025-11-06,2026-11-06,6448,9,active
MB002341,U003109,银卡会员,2025-07-15,2026-07-15,5726,10,active
MB002342,U003053,银卡会员,2025-04-13,2026-04-13,3723,0,active
MB002343,U003144,银卡会员,2025-09-09,2026-09-09,9243,14,active
MB002344,U004395,普通会员,2026-02-14,2027-02-14,8795,1,active
MB002345,U004244,普通会员,2025-11-01,2026-11-01,7713,5,active
MB002346,U001656,银卡会员,2026-06-08,2027-06-08,928,5,active
MB002347,U004394,普通会员,2026-02-19,2027-02-19,1778,1,active
MB002348,U002370,普通会员,2025-03-03,2026-03-03,9288,14,active
MB002349,U001215,银卡会员,2026-03-20,2027-03-20,10599,1,active
MB002350,U001417,银卡会员,2026-04-26,2027-04-26,2443,14,active
MB002351,U003748,普通会员,2026-01-22,2027-01-22,1995,13,active
MB002352,U002242,普通会员,2025-10-05,2026-10-05,5215,2,active
MB002353,U001300,普通会员,2026-01-17,2027-01-17,2023,11,active
MB002354,U003574,普通会员,2025-09-06,2026-09-06,4867,10,active
MB002355,U002639,普通会员,2026-02-07,2027-02-07,5813,1,active
MB002356,U004358,普通会员,2026-05-15,2027-05-15,4524,12,active
MB002357,U003868,普通会员,2025-06-30,2026-06-30,6740,14,active
MB002358,U004884,普通会员,2026-08-16,2027-08-16,3671,14,active
MB002359,U003942,普通会员,2026-03-23,2027-03-23,6093,2,active
MB002360,U002156,普通会员,2026-02-24,2027-02-24,4459,12,active
MB002361,U001348,黑金会员,2025-03-07,2026-03-07,2411,7,active
MB002362,U003116,普通会员,2025-09-19,2026-09-19,3199,13,active
MB002363,U001949,银卡会员,2026-08-21,2027-08-21,11803,15,active
MB002364,U004770,银卡会员,2025-11-23,2026-11-23,9834,3,active
MB002365,U002755,金卡会员,2025-05-05,2026-05-05,3827,4,active
MB002366,U003841,普通会员,2026-01-24,2027-01-24,4747,0,active
MB002367,U000296,普通会员,2026-07-09,2027-07-09,11283,14,active
MB002368,U000948,金卡会员,2025-11-24,2026-11-24,7393,4,active
MB002369,U001876,金卡会员,2025-07-14,2026-07-14,9709,5,active
MB002370,U001657,普通会员,2025-02-12,2026-02-12,10688,3,active
MB002371,U003405,金卡会员,2026-05-23,2027-05-23,4346,7,active
MB002372,U003934,普通会员,2026-02-10,2027-02-10,5841,2,active
MB002373,U004130,普通会员,2025-02-07,2026-02-07,5702,14,active
MB002374,U001661,普通会员,2025-06-10,2026-06-10,7810,1,active
MB002375,U000698,银卡会员,2026-06-05,2027-06-05,9400,15,active
MB002376,U003000,普通会员,2026-08-18,2027-08-18,171,0,active
MB002377,U001651,金卡会员,2025-09-20,2026-09-20,5124,13,active
MB002378,U000153,银卡会员,2026-05-06,2027-05-06,9670,6,active
MB002379,U004137,普通会员,2026-08-11,2027-08-11,10960,13,active
MB002380,U004786,普通会员,2026-10-31,2027-10-31,972,2,active
MB002381,U001950,普通会员,2025-10-28,2026-10-28,6852,7,active
MB002382,U001630,金卡会员,2026-07-21,2027-07-21,11270,4,active
MB002383,U000762,银卡会员,2026-05-28,2027-05-28,351,9,active
MB002384,U004227,银卡会员,2025-06-13,2026-06-13,11415,12,active
MB002385,U002603,普通会员,2026-01-05,2027-01-05,11502,14,active
MB002386,U003348,银卡会员,2025-07-05,2026-07-05,8686,6,active
MB002387,U001095,银卡会员,2026-02-27,2027-02-27,6058,8,active
MB002388,U001730,普通会员,2025-11-17,2026-11-17,1208,1,active
MB002389,U002546,普通会员,2025-12-22,2026-12-22,138,3,active
MB002390,U003955,普通会员,2025-09-13,2026-09-13,11472,14,active
MB002391,U000896,银卡会员,2025-04-15,2026-04-15,11692,6,active
MB002392,U000202,银卡会员,2025-07-24,2026-07-24,4688,6,active
MB002393,U003525,金卡会员,2025-08-15,2026-08-15,5769,3,active
MB002394,U000576,普通会员,2025-06-23,2026-06-23,8924,5,active
MB002395,U001260,金卡会员,2025-06-05,2026-06-05,4897,1,active
MB002396,U004910,普通会员,2025-11-30,2026-11-30,10266,1,active
MB002397,U003978,银卡会员,2025-11-29,2026-11-29,9408,10,active
MB002398,U003798,普通会员,2025-03-07,2026-03-07,8946,8,active
MB002399,U002995,银卡会员,2025-09-25,2026-09-25,9317,14,active
MB002400,U000944,普通会员,2025-04-24,2026-04-24,829,2,active
MB002401,U004897,金卡会员,2025-12-14,2026-12-14,5439,7,active
MB002402,U000386,普通会员,2026-02-09,2027-02-09,1057,0,active
MB002403,U004905,普通会员,2026-07-01,2027-07-01,1725,4,active
MB002404,U000477,普通会员,2026-08-16,2027-08-16,2955,6,active
MB002405,U002817,普通会员,2026-08-01,2027-08-01,1251,1,active
MB002406,U001161,金卡会员,2025-03-07,2026-03-07,9105,3,active
MB002407,U000635,银卡会员,2025-08-18,2026-08-18,1187,15,active
MB002408,U001743,金卡会员,2025-11-29,2026-11-29,9304,3,active
MB002409,U001077,普通会员,2026-06-03,2027-06-03,2805,13,active
MB002410,U000647,金卡会员,2025-10-25,2026-10-25,7242,8,active
MB002411,U002233,银卡会员,2026-08-17,2027-08-17,10701,2,active
MB002412,U002054,黑金会员,2025-05-06,2026-05-06,5943,1,active
MB002413,U003843,银卡会员,2025-03-01,2026-03-01,7658,15,active
MB002414,U004073,普通会员,2025-05-21,2026-05-21,9674,13,active
MB002415,U000194,金卡会员,2026-07-17,2027-07-17,9651,13,active
MB002416,U000722,普通会员,2025-10-10,2026-10-10,7655,2,active
MB002417,U004207,金卡会员,2025-08-20,2026-08-20,7181,1,active
MB002418,U004150,普通会员,2025-06-17,2026-06-17,5704,11,active
MB002419,U004731,普通会员,2026-08-18,2027-08-18,8091,15,active
MB002420,U003481,银卡会员,2026-09-12,2027-09-12,3660,1,active
MB002421,U004263,银卡会员,2025-06-27,2026-06-27,985,8,active
MB002422,U001250,普通会员,2025-06-23,2026-06-23,7580,11,active
MB002423,U001892,金卡会员,2026-05-02,2027-05-02,6641,12,active
MB002424,U001570,金卡会员,2025-07-04,2026-07-04,11925,14,active
MB002425,U003898,金卡会员,2025-07-27,2026-07-27,3895,6,active
MB002426,U000832,普通会员,2025-11-20,2026-11-20,9015,9,active
MB002427,U000956,银卡会员,2025-01-20,2026-01-20,9147,3,active
MB002428,U000338,普通会员,2025-10-02,2026-10-02,11132,2,active
MB002429,U000189,普通会员,2025-05-19,2026-05-19,2477,11,active
MB002430,U004602,银卡会员,2026-03-30,2027-03-30,2879,12,active
MB002431,U002229,银卡会员,2026-09-24,2027-09-24,1415,6,active
MB002432,U004065,金卡会员,2026-04-07,2027-04-07,5765,1,active
MB002433,U003207,黑金会员,2025-04-20,2026-04-20,4731,2,active
MB002434,U003509,普通会员,2026-08-22,2027-08-22,4277,4,active
MB002435,U002472,金卡会员,2025-08-14,2026-08-14,10290,9,active
MB002436,U004650,银卡会员,2025-12-19,2026-12-19,7667,8,active
MB002437,U002513,金卡会员,2026-01-06,2027-01-06,10525,7,active
MB002438,U003236,普通会员,2026-01-11,2027-01-11,7869,1,active
MB002439,U002715,普通会员,2025-06-27,2026-06-27,2108,1,active
MB002440,U004592,普通会员,2026-08-18,2027-08-18,1742,8,active
MB002441,U003866,黑金会员,2025-12-07,2026-12-07,102,3,active
MB002442,U001995,银卡会员,2026-06-25,2027-06-25,7632,6,active
MB002443,U001962,普通会员,2026-09-02,2027-09-02,10142,0,active
MB002444,U001953,金卡会员,2026-07-25,2027-07-25,2323,12,active
MB002445,U000219,普通会员,2026-06-17,2027-06-17,10241,9,active
MB002446,U000455,金卡会员,2025-11-11,2026-11-11,9970,12,active
MB002447,U001673,普通会员,2025-04-25,2026-04-25,5033,11,active
MB002448,U001385,银卡会员,2025-08-22,2026-08-22,104,15,active
MB002449,U000055,黑金会员,2026-01-26,2027-01-26,8341,10,active
MB002450,U004320,银卡会员,2025-09-08,2026-09-08,1348,11,active
MB002451,U003551,银卡会员,2026-01-29,2027-01-29,9236,0,active
MB002452,U000769,普通会员,2026-07-25,2027-07-25,7637,11,active
MB002453,U003625,黑金会员,2025-12-04,2026-12-04,4164,11,active
MB002454,U002101,银卡会员,2025-10-15,2026-10-15,6809,7,active
MB002455,U000139,普通会员,2025-08-18,2026-08-18,9434,11,active
MB002456,U002488,普通会员,2025-04-05,2026-04-05,7213,13,active
MB002457,U004268,普通会员,2025-10-28,2026-10-28,1985,15,active
MB002458,U004504,银卡会员,2025-09-05,2026-09-05,2774,0,active
MB002459,U002878,银卡会员,2026-11-25,2027-11-25,9210,7,active
MB002460,U001499,普通会员,2025-12-31,2026-12-31,9177,8,active
MB002461,U000566,银卡会员,2026-06-14,2027-06-14,9681,1,active
MB002462,U004580,银卡会员,2025-08-29,2026-08-29,482,13,active
MB002463,U002862,普通会员,2025-12-26,2026-12-26,7406,12,active
MB002464,U002040,普通会员,2025-02-28,2026-02-28,6539,2,active
MB002465,U003678,黑金会员,2025-03-07,2026-03-07,4057,0,active
MB002466,U002766,普通会员,2026-04-29,2027-04-29,10826,3,active
MB002467,U003840,银卡会员,2025-10-21,2026-10-21,3614,8,active
MB002468,U002516,普通会员,2026-07-21,2027-07-21,1542,0,active
MB002469,U004285,银卡会员,2025-07-19,2026-07-19,8659,13,active
MB002470,U004088,黑金会员,2026-06-27,2027-06-27,4945,7,active
MB002471,U001727,金卡会员,2026-01-26,2027-01-26,4929,15,active
MB002472,U000157,金卡会员,2026-06-01,2027-06-01,10117,4,active
MB002473,U003121,金卡会员,2025-06-15,2026-06-15,2193,11,active
MB002474,U000742,黑金会员,2026-02-14,2027-02-14,8405,3,active
MB002475,U000120,金卡会员,2026-09-03,2027-09-03,6960,12,active
MB002476,U001758,金卡会员,2025-04-24,2026-04-24,9461,15,active
MB002477,U003676,普通会员,2026-06-02,2027-06-02,7717,3,active
MB002478,U003710,银卡会员,2025-08-12,2026-08-12,2079,15,active
MB002479,U003300,普通会员,2026-03-12,2027-03-12,9267,14,active
MB002480,U004374,黑金会员,2026-07-26,2027-07-26,6150,1,active
MB002481,U004682,银卡会员,2025-11-27,2026-11-27,6280,6,active
MB002482,U003503,银卡会员,2025-06-10,2026-06-10,8991,8,active
MB002483,U001466,金卡会员,2025-06-04,2026-06-04,2460,14,active
MB002484,U002775,银卡会员,2026-05-12,2027-05-12,3258,7,active
MB002485,U002188,普通会员,2025-11-08,2026-11-08,4012,6,active
MB002486,U004926,普通会员,2026-05-15,2027-05-15,10110,10,active
MB002487,U001226,银卡会员,2025-11-30,2026-11-30,10388,9,active
MB002488,U003302,银卡会员,2025-06-22,2026-06-22,4104,11,active
MB002489,U001055,普通会员,2026-11-17,2027-11-17,11782,1,active
MB002490,U004459,普通会员,2026-08-12,2027-08-12,2300,0,active
MB002491,U001798,金卡会员,2025-01-27,2026-01-27,4549,4,active
MB002492,U003329,普通会员,2026-05-16,2027-05-16,9504,15,active
MB002493,U003919,金卡会员,2025-08-08,2026-08-08,8284,13,active
MB002494,U002083,普通会员,2025-04-10,2026-04-10,3885,8,active
MB002495,U002336,普通会员,2026-09-16,2027-09-16,3687,4,active
MB002496,U000361,银卡会员,2025-05-31,2026-05-31,1636,11,active
MB002497,U003248,金卡会员,2025-12-26,2026-12-26,10200,1,active
MB002498,U003115,银卡会员,2026-08-06,2027-08-06,4025,13,active
MB002499,U003490,金卡会员,2025-10-10,2026-10-10,2323,1,active
MB002500,U002164,银卡会员,2026-08-14,2027-08-14,6770,5,active
MB002501,U000837,普通会员,2025-09-26,2026-09-26,7722,11,active
MB002502,U001779,黑金会员,2025-06-04,2026-06-04,5993,1,active
MB002503,U003513,普通会员,2026-02-02,2027-02-02,1673,10,active
MB002504,U002554,普通会员,2026-11-05,2027-11-05,11262,4,active
MB002505,U003703,黑金会员,2026-03-24,2027-03-24,377,4,active
MB002506,U004341,金卡会员,2025-07-31,2026-07-31,8370,10,active
MB002507,U000857,普通会员,2025-10-28,2026-10-28,8219,1,active
MB002508,U000756,银卡会员,2026-03-22,2027-03-22,3022,1,active
MB002509,U004005,金卡会员,2025-07-13,2026-07-13,7008,2,active
MB002510,U002431,普通会员,2026-06-15,2027-06-15,1181,15,active
MB002511,U001006,普通会员,2026-01-21,2027-01-21,6020,0,active
MB002512,U000950,普通会员,2026-06-25,2027-06-25,2517,8,active
MB002513,U002479,银卡会员,2025-07-01,2026-07-01,9371,3,active
MB002514,U004908,普通会员,2025-08-06,2026-08-06,3877,11,active
MB002515,U002165,普通会员,2025-10-09,2026-10-09,6765,1,active
MB002516,U002934,普通会员,2025-11-14,2026-11-14,10066,12,active
MB002517,U004676,普通会员,2026-06-21,2027-06-21,2000,6,active
MB002518,U004560,普通会员,2026-04-02,2027-04-02,3491,10,active
MB002519,U000923,银卡会员,2025-10-29,2026-10-29,332,14,active
MB002520,U000461,银卡会员,2026-07-02,2027-07-02,8463,2,active
MB002521,U000914,普通会员,2025-12-25,2026-12-25,6762,10,active
MB002522,U000873,普通会员,2026-04-09,2027-04-09,7680,8,active
MB002523,U003875,金卡会员,2026-04-24,2027-04-24,3993,0,active
MB002524,U002682,银卡会员,2026-08-23,2027-08-23,2893,13,active
MB002525,U001391,普通会员,2025-12-09,2026-12-09,3994,6,active
MB002526,U004327,普通会员,2025-07-02,2026-07-02,4188,9,active
MB002527,U002295,普通会员,2025-11-07,2026-11-07,8287,12,active
MB002528,U001050,普通会员,2026-08-04,2027-08-04,10241,7,active
MB002529,U002225,普通会员,2025-06-16,2026-06-16,10712,12,active
MB002530,U004863,普通会员,2026-09-23,2027-09-23,6869,4,active
MB002531,U001062,普通会员,2025-04-19,2026-04-19,9174,11,active
MB002532,U001817,普通会员,2025-04-15,2026-04-15,5484,12,active
MB002533,U000144,普通会员,2026-05-05,2027-05-05,9496,8,active
MB002534,U002659,金卡会员,2025-09-04,2026-09-04,9152,3,active
MB002535,U001244,银卡会员,2025-12-18,2026-12-18,543,15,active
MB002536,U000560,银卡会员,2025-12-12,2026-12-12,9724,2,active
MB002537,U002061,金卡会员,2026-03-30,2027-03-30,3232,7,active
MB002538,U003677,普通会员,2025-05-16,2026-05-16,5977,3,active
MB002539,U004351,银卡会员,2025-08-06,2026-08-06,7633,0,active
MB002540,U001421,普通会员,2025-10-03,2026-10-03,7639,10,active
MB002541,U000875,普通会员,2026-02-28,2027-02-28,8801,11,active
MB002542,U002386,普通会员,2025-05-18,2026-05-18,5434,3,active
MB002543,U001164,普通会员,2026-04-09,2027-04-09,4531,10,active
MB002544,U001706,普通会员,2026-08-07,2027-08-07,7815,2,active
MB002545,U004237,银卡会员,2026-03-22,2027-03-22,5993,13,active
MB002546,U000507,普通会员,2026-03-02,2027-03-02,296,15,active
MB002547,U004433,普通会员,2025-05-23,2026-05-23,6852,7,active
MB002548,U001103,普通会员,2026-02-10,2027-02-10,3047,4,active
MB002549,U004153,普通会员,2026-06-27,2027-06-27,3940,13,active
MB002550,U003878,普通会员,2025-12-20,2026-12-20,10190,12,active
MB002551,U004992,银卡会员,2025-06-22,2026-06-22,4054,13,active
MB002552,U000783,普通会员,2025-08-06,2026-08-06,3289,0,active
MB002553,U001994,普通会员,2025-05-02,2026-05-02,3258,2,active
MB002554,U003431,金卡会员,2026-01-12,2027-01-12,7699,7,active
MB002555,U002961,金卡会员,2026-09-12,2027-09-12,5256,9,active
MB002556,U003494,普通会员,2026-01-07,2027-01-07,1912,12,active
MB002557,U003123,普通会员,2025-09-27,2026-09-27,5727,4,active
MB002558,U000483,普通会员,2026-07-30,2027-07-30,11313,15,active
MB002559,U003893,金卡会员,2025-09-28,2026-09-28,9010,8,active
MB002560,U000985,银卡会员,2025-05-14,2026-05-14,8415,5,active
MB002561,U003608,银卡会员,2025-11-06,2026-11-06,7521,6,active
MB002562,U001039,普通会员,2025-06-28,2026-06-28,11698,3,active
MB002563,U004658,黑金会员,2025-04-15,2026-04-15,10402,13,active
MB002564,U002781,金卡会员,2026-05-12,2027-05-12,11582,12,active
MB002565,U003244,普通会员,2025-06-04,2026-06-04,4642,5,active
MB002566,U002017,黑金会员,2025-10-09,2026-10-09,2587,1,active
MB002567,U003120,金卡会员,2025-10-22,2026-10-22,503,10,active
MB002568,U003727,银卡会员,2026-09-15,2027-09-15,2160,12,active
MB002569,U003259,普通会员,2026-03-23,2027-03-23,3218,2,active
MB002570,U001237,金卡会员,2025-10-31,2026-10-31,8649,7,active
MB002571,U001364,普通会员,2026-06-21,2027-06-21,3794,11,active
MB002572,U004965,普通会员,2026-12-06,2027-12-06,10256,13,active
MB002573,U001359,金卡会员,2026-08-15,2027-08-15,1954,3,active
MB002574,U002053,普通会员,2025-09-11,2026-09-11,8250,5,active
MB002575,U000331,金卡会员,2026-03-15,2027-03-15,10810,9,active
MB002576,U004235,普通会员,2026-03-27,2027-03-27,3479,6,active
MB002577,U000458,普通会员,2025-11-02,2026-11-02,5492,9,active
MB002578,U002021,银卡会员,2025-05-13,2026-05-13,1306,6,active
MB002579,U002811,普通会员,2026-06-23,2027-06-23,11797,10,active
MB002580,U000630,普通会员,2026-08-09,2027-08-09,9652,6,active
MB002581,U001601,银卡会员,2025-05-06,2026-05-06,6345,4,active
MB002582,U003935,银卡会员,2025-09-23,2026-09-23,6729,1,active
MB002583,U003508,银卡会员,2025-04-06,2026-04-06,6837,11,active
MB002584,U001045,普通会员,2026-06-18,2027-06-18,11943,2,active
MB002585,U000898,普通会员,2026-04-17,2027-04-17,10129,1,active
MB002586,U000706,银卡会员,2026-03-29,2027-03-29,3029,6,active
MB002587,U004141,普通会员,2026-10-27,2027-10-27,359,0,active
MB002588,U000545,普通会员,2026-01-08,2027-01-08,9271,0,active
MB002589,U001279,金卡会员,2025-07-08,2026-07-08,10474,6,active
MB002590,U000161,普通会员,2026-07-27,2027-07-27,1644,9,active
MB002591,U002482,金卡会员,2026-04-08,2027-04-08,3152,0,active
MB002592,U002471,银卡会员,2025-03-15,2026-03-15,9169,2,active
MB002593,U004426,金卡会员,2025-07-01,2026-07-01,10157,10,active
MB002594,U000611,银卡会员,2026-06-02,2027-06-02,2485,1,active
MB002595,U002675,银卡会员,2025-09-16,2026-09-16,7486,11,active
MB002596,U000676,银卡会员,2025-06-09,2026-06-09,920,5,active
MB002597,U000625,普通会员,2025-09-22,2026-09-22,1490,7,active
MB002598,U001952,银卡会员,2025-05-11,2026-05-11,11429,12,active
MB002599,U004651,普通会员,2025-04-26,2026-04-26,8476,12,active
MB002600,U000252,银卡会员,2026-05-02,2027-05-02,8080,0,active
MB002601,U001716,普通会员,2026-03-15,2027-03-15,7326,11,active
MB002602,U002826,银卡会员,2025-09-09,2026-09-09,1300,11,active
MB002603,U002467,银卡会员,2025-02-03,2026-02-03,2131,1,active
MB002604,U002799,银卡会员,2026-08-15,2027-08-15,11467,5,active
MB002605,U002909,银卡会员,2025-09-06,2026-09-06,11461,14,active
MB002606,U004810,普通会员,2025-08-20,2026-08-20,552,9,active
MB002607,U000540,普通会员,2025-05-12,2026-05-12,10515,13,active
MB002608,U000961,普通会员,2025-09-08,2026-09-08,10837,8,active
MB002609,U000859,普通会员,2025-10-18,2026-10-18,4293,7,active
MB002610,U002463,普通会员,2026-05-02,2027-05-02,6117,15,active
MB002611,U002876,普通会员,2025-10-16,2026-10-16,10540,13,active
MB002612,U002980,普通会员,2025-10-25,2026-10-25,11016,1,active
MB002613,U002263,普通会员,2025-10-25,2026-10-25,8398,10,active
MB002614,U002110,银卡会员,2025-11-29,2026-11-29,8270,7,active
MB002615,U003680,普通会员,2025-06-02,2026-06-02,2037,10,active
MB002616,U004034,普通会员,2025-12-27,2026-12-27,9795,14,active
MB002617,U000268,金卡会员,2025-06-10,2026-06-10,9951,0,active
MB002618,U000752,普通会员,2025-08-27,2026-08-27,6267,0,active
MB002619,U004695,银卡会员,2025-04-29,2026-04-29,1313,2,active
MB002620,U000918,普通会员,2026-08-24,2027-08-24,11276,8,active
MB002621,U002287,普通会员,2026-04-02,2027-04-02,569,7,active
MB002622,U003263,普通会员,2025-07-19,2026-07-19,11045,4,active
MB002623,U000220,普通会员,2025-03-07,2026-03-07,8558,13,active
MB002624,U002619,普通会员,2026-04-27,2027-04-27,8699,11,active
MB002625,U003960,银卡会员,2025-07-05,2026-07-05,5439,12,active
MB002626,U002907,银卡会员,2025-03-14,2026-03-14,8251,12,active
MB002627,U002914,银卡会员,2026-08-01,2027-08-01,1783,7,active
MB002628,U003125,金卡会员,2026-07-01,2027-07-01,11095,1,active
MB002629,U000170,银卡会员,2026-11-27,2027-11-27,4673,9,active
MB002630,U004516,普通会员,2025-07-06,2026-07-06,1803,13,active
MB002631,U004062,普通会员,2025-04-13,2026-04-13,6917,4,active
MB002632,U000913,普通会员,2025-05-27,2026-05-27,11696,1,active
MB002633,U002364,普通会员,2025-09-25,2026-09-25,4115,1,active
MB002634,U001318,银卡会员,2026-08-27,2027-08-27,7601,4,active
MB002635,U004464,普通会员,2025-03-26,2026-03-26,9591,5,active
MB002636,U001276,普通会员,2025-04-28,2026-04-28,6912,13,active
MB002637,U002667,黑金会员,2026-08-26,2027-08-26,6921,5,active
MB002638,U000613,银卡会员,2025-04-07,2026-04-07,4272,12,active
MB002639,U000982,银卡会员,2025-12-19,2026-12-19,8142,3,active
MB002640,U001441,银卡会员,2026-05-30,2027-05-30,10234,4,active
MB002641,U001396,普通会员,2026-01-05,2027-01-05,11306,11,active
MB002642,U004792,银卡会员,2026-05-20,2027-05-20,11849,14,active
MB002643,U000784,普通会员,2025-12-18,2026-12-18,11688,11,active
MB002644,U002794,银卡会员,2025-02-16,2026-02-16,4496,11,active
MB002645,U004090,普通会员,2026-10-02,2027-10-02,11870,2,active
MB002646,U000267,普通会员,2025-02-21,2026-02-21,6108,15,active
MB002647,U001309,银卡会员,2026-01-21,2027-01-21,472,4,active
MB002648,U001773,银卡会员,2025-08-18,2026-08-18,1473,13,active
MB002649,U003990,普通会员,2026-04-17,2027-04-17,4606,10,active
MB002650,U004569,银卡会员,2026-05-17,2027-05-17,8824,13,active
MB002651,U003701,银卡会员,2026-01-06,2027-01-06,7480,6,active
MB002652,U003946,金卡会员,2026-01-23,2027-01-23,1272,14,active
MB002653,U002722,银卡会员,2025-05-09,2026-05-09,5237,3,active
MB002654,U004554,普通会员,2025-11-29,2026-11-29,7233,15,active
MB002655,U000102,金卡会员,2025-12-29,2026-12-29,4904,15,active
MB002656,U004647,普通会员,2025-09-10,2026-09-10,10976,6,active
MB002657,U000023,普通会员,2026-08-16,2027-08-16,4331,11,active
MB002658,U000949,金卡会员,2025-10-24,2026-10-24,620,0,active
MB002659,U004261,普通会员,2025-12-28,2026-12-28,6472,6,active
MB002660,U003183,银卡会员,2026-01-02,2027-01-02,1626,14,active
MB002661,U002831,普通会员,2026-08-22,2027-08-22,11576,6,active
MB002662,U002987,银卡会员,2025-11-10,2026-11-10,3925,12,active
MB002663,U004131,普通会员,2025-10-21,2026-10-21,5928,1,active
MB002664,U001583,普通会员,2025-11-28,2026-11-28,2923,1,active
MB002665,U004040,银卡会员,2026-03-23,2027-03-23,2595,8,active
MB002666,U000555,银卡会员,2026-08-22,2027-08-22,10218,4,active
MB002667,U002374,金卡会员,2025-03-12,2026-03-12,4982,11,active
MB002668,U001191,银卡会员,2025-11-08,2026-11-08,7692,3,active
MB002669,U002507,银卡会员,2026-07-25,2027-07-25,2429,11,active
MB002670,U001248,金卡会员,2025-08-11,2026-08-11,6076,1,active
MB002671,U000532,普通会员,2026-01-15,2027-01-15,3900,6,active
MB002672,U003087,普通会员,2025-10-06,2026-10-06,11438,13,active
MB002673,U002552,普通会员,2025-05-31,2026-05-31,9809,2,active
MB002674,U000322,普通会员,2026-08-06,2027-08-06,2041,4,active
MB002675,U002397,普通会员,2025-01-30,2026-01-30,9630,11,active
MB002676,U004076,银卡会员,2025-04-23,2026-04-23,167,3,active
MB002677,U001926,黑金会员,2025-11-08,2026-11-08,9627,15,active
MB002678,U000753,金卡会员,2025-07-05,2026-07-05,7262,13,active
MB002679,U003256,银卡会员,2025-06-01,2026-06-01,1497,3,active
MB002680,U002028,金卡会员,2025-03-07,2026-03-07,3843,3,active
MB002681,U001020,普通会员,2026-08-13,2027-08-13,6457,3,active
MB002682,U004287,普通会员,2026-02-02,2027-02-02,6014,10,active
MB002683,U000314,普通会员,2026-04-26,2027-04-26,1669,2,active
MB002684,U001122,金卡会员,2025-06-09,2026-06-09,1633,8,active
MB002685,U002622,普通会员,2026-06-03,2027-06-03,2384,14,active
MB002686,U003108,普通会员,2026-01-21,2027-01-21,11376,14,active
MB002687,U004456,金卡会员,2026-11-21,2027-11-21,4380,6,active
MB002688,U001616,普通会员,2026-07-19,2027-07-19,3078,3,active
MB002689,U004393,普通会员,2025-10-29,2026-10-29,11596,0,active
MB002690,U001273,银卡会员,2025-11-19,2026-11-19,11006,14,active
MB002691,U002399,普通会员,2026-06-29,2027-06-29,10181,2,active
MB002692,U000213,普通会员,2025-08-17,2026-08-17,2521,14,active
MB002693,U003965,黑金会员,2026-08-24,2027-08-24,3065,1,active
MB002694,U000503,普通会员,2026-06-23,2027-06-23,1158,3,active
MB002695,U000216,普通会员,2026-06-26,2027-06-26,2394,13,active
MB002696,U002792,银卡会员,2025-09-06,2026-09-06,1771,9,active
MB002697,U003776,普通会员,2025-01-21,2026-01-21,1786,7,active
MB002698,U003320,普通会员,2026-04-06,2027-04-06,4273,0,active
MB002699,U004775,普通会员,2025-07-07,2026-07-07,3634,12,active
MB002700,U003908,银卡会员,2025-05-06,2026-05-06,731,11,active
MB002701,U003003,银卡会员,2026-07-25,2027-07-25,6226,8,active
MB002702,U004744,普通会员,2025-10-15,2026-10-15,11959,4,active
MB002703,U001515,普通会员,2026-03-17,2027-03-17,9539,8,active
MB002704,U000108,普通会员,2026-05-18,2027-05-18,10338,0,active
MB002705,U001412,普通会员,2025-11-30,2026-11-30,2782,8,active
MB002706,U003902,金卡会员,2026-04-12,2027-04-12,1945,10,active
MB002707,U000112,普通会员,2026-01-14,2027-01-14,2906,9,active
MB002708,U002526,金卡会员,2026-02-06,2027-02-06,8139,7,active
MB002709,U001848,普通会员,2026-05-26,2027-05-26,10942,1,active
MB002710,U001554,银卡会员,2025-09-20,2026-09-20,6138,7,active
MB002711,U004715,银卡会员,2026-11-07,2027-11-07,4196,12,active
MB002712,U003094,普通会员,2025-03-22,2026-03-22,6308,7,active
MB002713,U003876,普通会员,2025-07-01,2026-07-01,5830,6,active
MB002714,U002248,金卡会员,2026-05-23,2027-05-23,3632,1,active
MB002715,U002249,金卡会员,2025-03-08,2026-03-08,2547,7,active
MB002716,U000870,银卡会员,2025-08-02,2026-08-02,2383,3,active
MB002717,U004010,银卡会员,2026-06-03,2027-06-03,1185,9,active
MB002718,U004638,普通会员,2026-01-18,2027-01-18,7196,4,active
MB002719,U003478,银卡会员,2025-06-09,2026-06-09,4727,0,active
MB002720,U004284,银卡会员,2026-07-12,2027-07-12,4810,12,active
MB002721,U000911,普通会员,2026-01-01,2027-01-01,10322,0,active
MB002722,U001679,银卡会员,2026-02-15,2027-02-15,11351,4,active
MB002723,U001156,普通会员,2026-11-21,2027-11-21,5426,14,active
MB002724,U001061,金卡会员,2025-07-10,2026-07-10,5611,8,active
MB002725,U003392,金卡会员,2026-02-01,2027-02-01,8839,5,active
MB002726,U002735,银卡会员,2026-05-11,2027-05-11,9418,11,active
MB002727,U002560,银卡会员,2026-05-27,2027-05-27,4881,2,active
MB002728,U004023,银卡会员,2025-10-19,2026-10-19,5319,9,active
MB002729,U004462,银卡会员,2025-11-16,2026-11-16,3961,5,active
MB002730,U002694,金卡会员,2026-06-02,2027-06-02,8734,3,active
MB002731,U000882,银卡会员,2025-11-07,2026-11-07,5530,0,active
MB002732,U003295,金卡会员,2026-09-15,2027-09-15,5768,2,active
MB002733,U003151,银卡会员,2026-11-01,2027-11-01,1788,7,active
MB002734,U003671,银卡会员,2026-05-04,2027-05-04,1575,7,active
MB002735,U001826,普通会员,2025-08-31,2026-08-31,4223,7,active
MB002736,U000098,金卡会员,2025-01-19,2026-01-19,944,11,active
MB002737,U003980,银卡会员,2026-06-28,2027-06-28,4195,4,active
MB002738,U000171,金卡会员,2026-01-21,2027-01-21,1172,9,active
MB002739,U003749,普通会员,2026-01-24,2027-01-24,1924,11,active
MB002740,U001275,普通会员,2025-09-13,2026-09-13,3607,12,active
MB002741,U000285,银卡会员,2025-07-02,2026-07-02,4269,3,active
MB002742,U002109,黑金会员,2026-01-15,2027-01-15,1299,0,active
MB002743,U000629,银卡会员,2026-06-26,2027-06-26,7656,4,active
MB002744,U001307,金卡会员,2025-07-06,2026-07-06,4031,4,active
MB002745,U001126,普通会员,2026-05-04,2027-05-04,2278,14,active
MB002746,U002493,普通会员,2025-12-01,2026-12-01,8752,8,active
MB002747,U000643,银卡会员,2025-10-27,2026-10-27,3875,0,active
MB002748,U001612,银卡会员,2025-12-25,2026-12-25,3948,13,active
MB002749,U001678,金卡会员,2026-04-23,2027-04-23,9566,8,active
MB002750,U000181,银卡会员,2025-08-12,2026-08-12,4665,10,active
MB002751,U002277,普通会员,2026-05-13,2027-05-13,3897,1,active
MB002752,U001181,银卡会员,2026-02-17,2027-02-17,3116,14,active
MB002753,U001060,金卡会员,2026-03-01,2027-03-01,7133,8,active
MB002754,U001708,金卡会员,2026-01-16,2027-01-16,3836,13,active
MB002755,U003994,普通会员,2026-03-05,2027-03-05,11901,11,active
MB002756,U003306,普通会员,2025-08-02,2026-08-02,5761,0,active
MB002757,U000026,普通会员,2025-05-05,2026-05-05,478,10,active
MB002758,U001338,金卡会员,2025-04-15,2026-04-15,7464,1,active
MB002759,U004595,普通会员,2025-10-13,2026-10-13,7279,5,active
MB002760,U001691,普通会员,2026-01-07,2027-01-07,1933,0,active
MB002761,U002852,银卡会员,2026-01-27,2027-01-27,5366,12,active
MB002762,U000621,普通会员,2026-07-31,2027-07-31,4657,3,active
MB002763,U004047,金卡会员,2025-11-05,2026-11-05,6704,6,active
MB002764,U002535,普通会员,2026-02-24,2027-02-24,4952,7,active
MB002765,U001666,普通会员,2025-09-06,2026-09-06,814,10,active
MB002766,U003016,金卡会员,2025-11-30,2026-11-30,1563,4,active
MB002767,U003176,普通会员,2026-08-20,2027-08-20,5517,11,active
MB002768,U004257,金卡会员,2026-03-01,2027-03-01,9907,14,active
MB002769,U004966,普通会员,2026-01-31,2027-01-31,6132,13,active
MB002770,U001530,银卡会员,2025-04-08,2026-04-08,10808,9,active
MB002771,U002864,银卡会员,2025-08-27,2026-08-27,1659,14,active
MB002772,U003090,普通会员,2025-12-03,2026-12-03,7026,1,active
MB002773,U004429,银卡会员,2025-07-14,2026-07-14,4367,9,active
MB002774,U000820,银卡会员,2025-11-10,2026-11-10,8387,10,active
MB002775,U003383,银卡会员,2026-06-01,2027-06-01,5116,10,active
MB002776,U000394,银卡会员,2026-06-04,2027-06-04,2348,0,active
MB002777,U002721,普通会员,2025-08-20,2026-08-20,7748,13,active
MB002778,U003741,普通会员,2026-07-01,2027-07-01,5341,15,active
MB002779,U004732,金卡会员,2025-05-17,2026-05-17,10701,2,active
MB002780,U001400,普通会员,2026-09-04,2027-09-04,1019,5,active
MB002781,U003246,普通会员,2026-01-21,2027-01-21,8466,2,active
MB002782,U001147,银卡会员,2025-09-02,2026-09-02,9716,7,active
MB002783,U001710,银卡会员,2025-05-29,2026-05-29,2595,1,active
MB002784,U004051,普通会员,2025-11-06,2026-11-06,10765,0,active
MB002785,U004114,普通会员,2025-11-10,2026-11-10,2915,11,active
MB002786,U001182,普通会员,2026-01-18,2027-01-18,1753,15,active
MB002787,U002990,银卡会员,2026-11-29,2027-11-29,10379,9,active
MB002788,U001217,普通会员,2025-08-28,2026-08-28,11621,6,active
MB002789,U003434,普通会员,2026-08-04,2027-08-04,2632,6,active
MB002790,U003723,普通会员,2026-06-30,2027-06-30,4823,5,active
MB002791,U001805,黑金会员,2025-03-15,2026-03-15,9617,14,active
MB002792,U001241,银卡会员,2025-04-16,2026-04-16,4125,0,active
MB002793,U004865,金卡会员,2025-05-21,2026-05-21,853,8,active
MB002794,U002151,普通会员,2025-01-14,2026-01-14,1339,10,active
MB002795,U004521,普通会员,2025-05-08,2026-05-08,2410,10,active
MB002796,U004918,普通会员,2026-06-15,2027-06-15,6353,12,active
MB002797,U000872,金卡会员,2026-03-25,2027-03-25,5342,6,active
MB002798,U004545,银卡会员,2026-02-08,2027-02-08,6515,0,active
MB002799,U000031,普通会员,2026-01-07,2027-01-07,6976,6,active
MB002800,U002002,普通会员,2025-06-17,2026-06-17,9186,11,active
MB002801,U003423,普通会员,2026-08-10,2027-08-10,7342,11,active
MB002802,U004627,银卡会员,2026-11-23,2027-11-23,9288,13,active
MB002803,U002834,普通会员,2026-10-05,2027-10-05,10918,0,active
MB002804,U004325,普通会员,2025-03-12,2026-03-12,1304,4,active
MB002805,U004050,金卡会员,2025-07-28,2026-07-28,4030,11,active
MB002806,U000564,普通会员,2026-06-13,2027-06-13,2240,14,active
MB002807,U002500,普通会员,2026-10-22,2027-10-22,3559,13,active
MB002808,U003871,普通会员,2025-06-17,2026-06-17,8353,8,active
MB002809,U001933,普通会员,2025-08-24,2026-08-24,2074,14,active
MB002810,U004769,银卡会员,2025-04-27,2026-04-27,2572,6,active
MB002811,U000115,银卡会员,2025-04-22,2026-04-22,715,10,active
MB002812,U001158,银卡会员,2025-09-26,2026-09-26,7638,11,active
MB002813,U001220,普通会员,2025-10-30,2026-10-30,3458,8,active
MB002814,U004751,普通会员,2026-09-23,2027-09-23,2917,10,active
MB002815,U000277,普通会员,2026-06-09,2027-06-09,5197,3,active
MB002816,U001775,普通会员,2025-11-15,2026-11-15,6951,8,active
MB002817,U002062,普通会员,2025-09-25,2026-09-25,10271,7,active
MB002818,U000749,普通会员,2025-07-01,2026-07-01,5623,2,active
MB002819,U004690,普通会员,2025-09-28,2026-09-28,9503,3,active
MB002820,U003063,普通会员,2026-05-25,2027-05-25,9651,13,active
MB002821,U002850,银卡会员,2025-11-27,2026-11-27,10654,9,active
MB002822,U002303,普通会员,2026-01-27,2027-01-27,3352,9,active
MB002823,U001185,金卡会员,2026-05-28,2027-05-28,8035,10,active
MB002824,U002112,银卡会员,2025-03-22,2026-03-22,1996,15,active
MB002825,U001588,银卡会员,2025-12-20,2026-12-20,10256,11,active
MB002826,U003122,普通会员,2026-08-02,2027-08-02,8146,8,active
MB002827,U003958,金卡会员,2026-09-17,2027-09-17,5720,4,active
MB002828,U004043,银卡会员,2025-09-15,2026-09-15,1268,12,active
MB002829,U000888,银卡会员,2026-04-12,2027-04-12,4985,15,active
MB002830,U002548,银卡会员,2026-03-07,2027-03-07,3567,5,active
MB002831,U002033,普通会员,2026-08-01,2027-08-01,10291,8,active
MB002832,U001776,银卡会员,2026-08-12,2027-08-12,7439,5,active
MB002833,U004844,普通会员,2025-09-24,2026-09-24,11343,11,active
MB002834,U003104,银卡会员,2025-07-11,2026-07-11,5777,4,active
MB002835,U000145,银卡会员,2025-09-05,2026-09-05,11293,13,active
MB002836,U000851,普通会员,2025-11-29,2026-11-29,3313,1,active
MB002837,U000226,普通会员,2026-10-20,2027-10-20,9212,8,active
MB002838,U002237,银卡会员,2026-06-27,2027-06-27,3889,7,active
MB002839,U000682,银卡会员,2026-02-01,2027-02-01,7110,13,active
MB002840,U001483,金卡会员,2026-03-29,2027-03-29,7589,4,active
MB002841,U000781,黑金会员,2026-01-02,2027-01-02,8134,11,active
MB002842,U004059,普通会员,2026-04-22,2027-04-22,350,1,active
MB002843,U004046,银卡会员,2025-11-20,2026-11-20,4710,1,active
MB002844,U002290,银卡会员,2026-12-04,2027-12-04,4066,3,active
MB002845,U003601,普通会员,2026-04-10,2027-04-10,5410,4,active
MB002846,U001129,普通会员,2025-10-23,2026-10-23,4809,2,active
MB002847,U001955,普通会员,2026-03-02,2027-03-02,5961,5,active
MB002848,U004487,金卡会员,2026-08-16,2027-08-16,7250,5,active
MB002849,U003817,普通会员,2026-09-05,2027-09-05,8911,4,active
MB002850,U000204,金卡会员,2025-03-01,2026-03-01,4309,14,active
MB002851,U002820,银卡会员,2025-04-06,2026-04-06,11141,3,active
MB002852,U002809,银卡会员,2025-11-03,2026-11-03,7724,6,active
MB002853,U001665,普通会员,2025-12-06,2026-12-06,5915,3,active
MB002854,U003187,银卡会员,2025-06-16,2026-06-16,8682,3,active
MB002855,U000469,普通会员,2025-07-21,2026-07-21,6386,4,active
MB002856,U002166,金卡会员,2025-10-22,2026-10-22,9651,0,active
MB002857,U003636,银卡会员,2026-08-07,2027-08-07,957,11,active
MB002858,U002253,普通会员,2025-02-12,2026-02-12,10133,12,active
MB002859,U001854,金卡会员,2026-04-11,2027-04-11,1560,0,active
MB002860,U000592,普通会员,2026-03-19,2027-03-19,9639,13,active
MB002861,U004814,普通会员,2026-01-20,2027-01-20,8997,3,active
MB002862,U000006,普通会员,2025-03-12,2026-03-12,11455,13,active
MB002863,U000590,普通会员,2026-02-18,2027-02-18,630,0,active
MB002864,U001609,金卡会员,2026-05-07,2027-05-07,1348,9,active
MB002865,U000340,普通会员,2025-10-15,2026-10-15,6529,14,active
MB002866,U000061,银卡会员,2026-02-28,2027-02-28,11300,5,active
MB002867,U004145,普通会员,2026-10-11,2027-10-11,11140,2,active
MB002868,U000416,普通会员,2025-12-17,2026-12-17,5087,5,active
MB002869,U004055,银卡会员,2025-09-28,2026-09-28,10296,3,active
MB002870,U001983,黑金会员,2025-10-23,2026-10-23,10298,6,active
MB002871,U002627,普通会员,2026-02-09,2027-02-09,7165,10,active
MB002872,U000761,普通会员,2026-03-19,2027-03-19,4805,11,active
MB002873,U001715,普通会员,2026-01-14,2027-01-14,10615,9,active
MB002874,U002992,银卡会员,2026-10-10,2027-10-10,6382,12,active
MB002875,U003327,银卡会员,2026-09-24,2027-09-24,2829,5,active
MB002876,U001815,普通会员,2025-08-15,2026-08-15,1413,14,active
MB002877,U002043,普通会员,2025-06-24,2026-06-24,1112,2,active
MB002878,U002985,银卡会员,2026-01-18,2027-01-18,3562,4,active
MB002879,U001085,普通会员,2025-07-12,2026-07-12,6199,4,active
MB002880,U001996,银卡会员,2026-03-03,2027-03-03,4243,9,active
MB002881,U000624,普通会员,2025-09-08,2026-09-08,974,15,active
MB002882,U000930,银卡会员,2026-03-06,2027-03-06,9907,2,active
MB002883,U001416,普通会员,2026-07-15,2027-07-15,8931,11,active
MB002884,U003148,普通会员,2025-09-26,2026-09-26,4213,1,active
MB002885,U000809,普通会员,2026-03-11,2027-03-11,2263,10,active
MB002886,U003097,银卡会员,2026-08-29,2027-08-29,6337,4,active
MB002887,U002090,银卡会员,2025-06-19,2026-06-19,11950,13,active
MB002888,U003085,金卡会员,2026-04-02,2027-04-02,9593,7,active
MB002889,U001478,银卡会员,2026-07-03,2027-07-03,4920,10,active
MB002890,U004759,普通会员,2025-05-10,2026-05-10,2706,4,active
MB002891,U002136,黑金会员,2026-06-24,2027-06-24,7039,10,active
MB002892,U004859,金卡会员,2025-04-09,2026-04-09,5115,12,active
MB002893,U004845,普通会员,2025-11-03,2026-11-03,6883,6,active
MB002894,U001576,普通会员,2026-05-10,2027-05-10,4118,1,active
MB002895,U001189,黑金会员,2026-02-01,2027-02-01,6500,13,active
MB002896,U002404,金卡会员,2026-03-05,2027-03-05,3162,14,active
MB002897,U004098,普通会员,2025-07-19,2026-07-19,9310,2,active
MB002898,U003422,银卡会员,2026-03-27,2027-03-27,4461,6,active
MB002899,U004949,银卡会员,2026-11-13,2027-11-13,82,4,active
MB002900,U004752,银卡会员,2025-09-27,2026-09-27,9011,2,active
MB002901,U004329,金卡会员,2025-11-06,2026-11-06,6131,8,active
MB002902,U004856,普通会员,2025-10-21,2026-10-21,1566,11,active
MB002903,U001766,银卡会员,2025-07-13,2026-07-13,3175,1,active
MB002904,U003482,银卡会员,2026-06-05,2027-06-05,5840,10,active
MB002905,U004839,普通会员,2026-09-25,2027-09-25,6764,10,active
MB002906,U000114,银卡会员,2025-01-28,2026-01-28,3409,3,active
MB002907,U004628,金卡会员,2025-05-23,2026-05-23,5989,9,active
MB002908,U002714,银卡会员,2025-09-13,2026-09-13,7908,15,active
MB002909,U004890,金卡会员,2026-03-30,2027-03-30,3195,3,active
MB002910,U004124,普通会员,2025-04-05,2026-04-05,11226,4,active
MB002911,U002757,银卡会员,2026-03-13,2027-03-13,11042,1,active
MB002912,U002324,普通会员,2026-04-08,2027-04-08,2224,1,active
MB002913,U004806,普通会员,2026-02-27,2027-02-27,11624,15,active
MB002914,U002039,金卡会员,2025-03-29,2026-03-29,2593,2,active
MB002915,U003443,普通会员,2026-06-18,2027-06-18,6697,1,active
MB002916,U003561,普通会员,2026-05-18,2027-05-18,6667,14,active
MB002917,U004281,银卡会员,2026-02-27,2027-02-27,4094,4,active
MB002918,U004398,金卡会员,2026-02-03,2027-02-03,3375,5,active
MB002919,U001618,普通会员,2025-03-03,2026-03-03,1854,5,active
MB002920,U004656,普通会员,2025-09-20,2026-09-20,6859,4,active
MB002921,U002125,金卡会员,2025-01-12,2026-01-12,8187,9,active
MB002922,U000719,普通会员,2026-11-10,2027-11-10,1857,0,active
MB002923,U004795,银卡会员,2026-02-06,2027-02-06,5298,2,active
MB002924,U002340,普通会员,2026-08-31,2027-08-31,5185,7,active
MB002925,U002124,金卡会员,2026-01-14,2027-01-14,5437,14,active
MB002926,U003093,普通会员,2025-07-23,2026-07-23,10178,11,active
MB002927,U000572,普通会员,2026-03-09,2027-03-09,10155,5,active
MB002928,U001380,普通会员,2026-06-24,2027-06-24,4982,7,active
MB002929,U003226,普通会员,2026-06-18,2027-06-18,2362,3,active
MB002930,U001099,银卡会员,2025-11-15,2026-11-15,8547,8,active
MB002931,U001621,银卡会员,2025-09-02,2026-09-02,6509,11,active
MB002932,U000750,普通会员,2025-12-27,2026-12-27,11684,4,active
MB002933,U000474,金卡会员,2026-09-01,2027-09-01,3024,3,active
MB002934,U003288,金卡会员,2025-06-16,2026-06-16,3713,10,active
MB002935,U001392,银卡会员,2026-06-22,2027-06-22,2129,10,active
MB002936,U000354,银卡会员,2026-06-21,2027-06-21,6155,13,active
MB002937,U000709,银卡会员,2025-08-03,2026-08-03,1816,1,active
MB002938,U004376,普通会员,2025-10-23,2026-10-23,4731,2,active
MB002939,U001895,银卡会员,2025-06-09,2026-06-09,2691,7,active
MB002940,U004955,银卡会员,2026-07-10,2027-07-10,4986,2,active
MB002941,U001378,黑金会员,2025-11-20,2026-11-20,1185,7,active
MB002942,U004228,银卡会员,2025-06-17,2026-06-17,5322,5,active
MB002943,U004262,银卡会员,2025-08-09,2026-08-09,10709,14,active
MB002944,U004377,普通会员,2025-05-14,2026-05-14,3543,0,active
MB002945,U002700,普通会员,2026-08-10,2027-08-10,11657,2,active
MB002946,U004113,普通会员,2025-12-22,2026-12-22,7474,6,active
MB002947,U001188,普通会员,2026-06-22,2027-06-22,11079,13,active
MB002948,U002669,普通会员,2026-06-12,2027-06-12,1333,7,active
MB002949,U000060,普通会员,2026-08-05,2027-08-05,9535,4,active
MB002950,U003338,金卡会员,2026-07-08,2027-07-08,8704,8,active
MB002951,U004960,普通会员,2026-04-21,2027-04-21,2461,6,active
MB002952,U004983,普通会员,2026-07-05,2027-07-05,2290,8,active
MB002953,U003957,银卡会员,2026-10-05,2027-10-05,11746,13,active
MB002954,U001350,普通会员,2025-08-24,2026-08-24,2958,5,active
MB002955,U002786,普通会员,2025-11-10,2026-11-10,2661,2,active
MB002956,U001461,普通会员,2026-08-06,2027-08-06,9534,3,active
MB002957,U001136,银卡会员,2026-06-05,2027-06-05,8122,7,active
MB002958,U003082,普通会员,2025-06-18,2026-06-18,9839,4,active
MB002959,U000955,黑金会员,2026-04-22,2027-04-22,10313,15,active
MB002960,U000182,银卡会员,2026-04-11,2027-04-11,8196,8,active
MB002961,U001701,银卡会员,2025-02-16,2026-02-16,9542,2,active
MB002962,U000399,银卡会员,2025-05-08,2026-05-08,5153,1,active
MB002963,U002200,普通会员,2026-06-04,2027-06-04,10662,2,active
MB002964,U001263,普通会员,2025-08-30,2026-08-30,101,4,active
MB002965,U004264,银卡会员,2025-11-20,2026-11-20,4790,0,active
MB002966,U000516,普通会员,2026-05-24,2027-05-24,2399,14,active
MB002967,U001005,普通会员,2025-11-03,2026-11-03,8636,5,active
MB002968,U001345,银卡会员,2026-08-14,2027-08-14,1188,2,active
MB002969,U001448,普通会员,2025-11-08,2026-11-08,6701,7,active
MB002970,U002350,金卡会员,2026-04-17,2027-04-17,7124,7,active
MB002971,U003531,普通会员,2026-01-12,2027-01-12,2462,1,active
MB002972,U004491,金卡会员,2026-06-24,2027-06-24,4718,5,active
MB002973,U003105,银卡会员,2025-12-19,2026-12-19,4644,1,active
MB002974,U002468,金卡会员,2025-09-25,2026-09-25,11500,12,active
MB002975,U003564,普通会员,2025-05-27,2026-05-27,7282,15,active
MB002976,U003700,普通会员,2025-04-11,2026-04-11,4318,13,active
MB002977,U003829,普通会员,2026-05-29,2027-05-29,1391,12,active
MB002978,U001113,金卡会员,2025-12-10,2026-12-10,3760,6,active
MB002979,U000402,普通会员,2026-02-15,2027-02-15,11740,12,active
MB002980,U000165,金卡会员,2026-08-24,2027-08-24,2590,5,active
MB002981,U004956,银卡会员,2026-09-08,2027-09-08,6866,12,active
MB002982,U000429,银卡会员,2025-05-13,2026-05-13,2837,2,active
MB002983,U002050,金卡会员,2025-05-06,2026-05-06,9190,3,active
MB002984,U002634,普通会员,2025-05-22,2026-05-22,9855,15,active
MB002985,U004699,银卡会员,2026-04-08,2027-04-08,9460,14,active
MB002986,U000046,银卡会员,2026-08-16,2027-08-16,4878,10,active
MB002987,U000824,普通会员,2026-02-16,2027-02-16,9258,7,active
MB002988,U001537,银卡会员,2026-06-24,2027-06-24,105,0,active
MB002989,U001623,普通会员,2025-05-27,2026-05-27,3008,0,active
MB002990,U002259,普通会员,2026-02-20,2027-02-20,10764,13,active
MB002991,U004615,银卡会员,2025-09-18,2026-09-18,2920,7,active
MB002992,U001986,银卡会员,2026-05-04,2027-05-04,2978,12,active
MB002993,U003717,普通会员,2025-03-05,2026-03-05,10948,1,active
MB002994,U002595,普通会员,2025-12-15,2026-12-15,1618,6,active
MB002995,U001000,普通会员,2025-10-21,2026-10-21,10948,0,active
MB002996,U001886,银卡会员,2025-07-18,2026-07-18,964,5,active
MB002997,U003134,银卡会员,2025-08-25,2026-08-25,11259,2,active
MB002998,U004443,金卡会员,2026-03-08,2027-03-08,11268,15,active
MB002999,U002576,银卡会员,2025-09-22,2026-09-22,11382,0,active
MB003000,U000043,银卡会员,2025-05-05,2026-05-05,11844,14,active
MB003001,U000342,黑金会员,2025-11-10,2026-11-10,4055,11,active
MB003002,U002908,银卡会员,2025-05-08,2026-05-08,4807,11,active
MB003003,U004071,普通会员,2026-02-22,2027-02-22,5576,2,active
MB003004,U001334,普通会员,2026-03-09,2027-03-09,721,12,active
MB003005,U000782,银卡会员,2025-02-14,2026-02-14,7261,4,active
MB003006,U000623,普通会员,2026-05-27,2027-05-27,701,1,active
MB003007,U002835,普通会员,2026-10-05,2027-10-05,8583,0,active
MB003008,U001760,银卡会员,2026-10-10,2027-10-10,6471,2,active
MB003009,U004823,普通会员,2025-03-27,2026-03-27,2178,8,active
MB003010,U000665,普通会员,2026-07-28,2027-07-28,9900,0,active
MB003011,U003406,普通会员,2026-04-22,2027-04-22,3620,5,active
MB003012,U001117,金卡会员,2025-11-26,2026-11-26,4607,4,active
MB003013,U002023,普通会员,2026-06-19,2027-06-19,9794,3,active
MB003014,U002919,银卡会员,2026-03-31,2027-03-31,2326,12,active
MB003015,U003947,普通会员,2026-01-24,2027-01-24,10399,0,active
MB003016,U003807,银卡会员,2025-06-03,2026-06-03,6616,1,active
MB003017,U001246,金卡会员,2025-08-01,2026-08-01,4076,1,active
MB003018,U003847,银卡会员,2026-06-07,2027-06-07,4116,10,active
MB003019,U000481,银卡会员,2026-08-29,2027-08-29,11117,3,active
MB003020,U003142,金卡会员,2025-12-11,2026-12-11,8627,9,active
MB003021,U000131,普通会员,2025-05-31,2026-05-31,2896,4,active
MB003022,U001327,金卡会员,2025-07-21,2026-07-21,1145,5,active
MB003023,U000889,银卡会员,2025-12-19,2026-12-19,5618,8,active
MB003024,U002108,银卡会员,2025-10-28,2026-10-28,10449,12,active
MB003025,U001733,普通会员,2026-04-21,2027-04-21,1672,10,active
MB003026,U004515,普通会员,2026-06-13,2027-06-13,3969,11,active
MB003027,U000861,金卡会员,2026-05-13,2027-05-13,8399,13,active
MB003028,U000387,银卡会员,2026-06-10,2027-06-10,4391,0,active
MB003029,U002614,普通会员,2026-05-04,2027-05-04,4568,11,active
MB003030,U002058,普通会员,2026-02-28,2027-02-28,11519,12,active
MB003031,U001351,银卡会员,2026-11-06,2027-11-06,6669,13,active
MB003032,U004722,普通会员,2026-06-05,2027-06-05,2676,9,active
MB003033,U002187,银卡会员,2025-08-07,2026-08-07,8949,11,active
MB003034,U004780,普通会员,2025-10-09,2026-10-09,6904,14,active
MB003035,U003756,银卡会员,2025-06-08,2026-06-08,11362,6,active
MB003036,U003735,金卡会员,2026-09-24,2027-09-24,2941,14,active
MB003037,U001175,普通会员,2025-12-17,2026-12-17,6754,3,active
MB003038,U003761,普通会员,2026-08-04,2027-08-04,11946,10,active
MB003039,U004618,银卡会员,2026-08-05,2027-08-05,7486,1,active
MB003040,U001884,普通会员,2025-09-06,2026-09-06,2238,12,active
MB003041,U003341,普通会员,2025-12-21,2026-12-21,4343,6,active
MB003042,U001174,金卡会员,2025-09-18,2026-09-18,2436,7,active
MB003043,U003883,普通会员,2025-06-10,2026-06-10,895,15,active
MB003044,U001726,普通会员,2026-09-15,2027-09-15,1428,9,active
MB003045,U002459,普通会员,2025-08-22,2026-08-22,3863,12,active
MB003046,U004265,银卡会员,2025-03-03,2026-03-03,1671,4,active
MB003047,U004432,银卡会员,2026-03-17,2027-03-17,10601,3,active
MB003048,U000965,银卡会员,2026-07-10,2027-07-10,5029,9,active
MB003049,U003444,普通会员,2026-11-17,2027-11-17,2572,14,active
MB003050,U000495,银卡会员,2025-03-28,2026-03-28,7166,13,active
MB003051,U004757,金卡会员,2025-03-18,2026-03-18,3969,11,active
MB003052,U002097,金卡会员,2026-07-29,2027-07-29,39,11,active
MB003053,U002875,银卡会员,2025-12-03,2026-12-03,7691,2,active
MB003054,U003218,普通会员,2025-05-03,2026-05-03,1018,7,active
MB003055,U004717,银卡会员,2025-05-30,2026-05-30,522,9,active
MB003056,U004037,银卡会员,2025-02-05,2026-02-05,11012,4,active
MB003057,U000631,银卡会员,2025-02-26,2026-02-26,3031,15,active
MB003058,U000975,金卡会员,2025-01-26,2026-01-26,9662,1,active
MB003059,U002320,黑金会员,2025-10-29,2026-10-29,8268,1,active
MB003060,U002872,银卡会员,2025-07-23,2026-07-23,8121,10,active
MB003061,U004538,普通会员,2025-04-15,2026-04-15,702,14,active
MB003062,U002891,普通会员,2026-03-29,2027-03-29,11295,10,active
MB003063,U003217,银卡会员,2025-09-13,2026-09-13,3389,5,active
MB003064,U000531,银卡会员,2026-07-19,2027-07-19,4218,1,active
MB003065,U001563,金卡会员,2025-10-14,2026-10-14,800,14,active
MB003066,U003026,金卡会员,2026-10-03,2027-10-03,6957,14,active
MB003067,U000230,银卡会员,2025-09-26,2026-09-26,9455,0,active
MB003068,U001477,普通会员,2026-02-15,2027-02-15,2119,3,active
MB003069,U003792,黑金会员,2025-10-17,2026-10-17,2291,6,active
MB003070,U003460,普通会员,2026-07-16,2027-07-16,10734,10,active
MB003071,U003589,银卡会员,2025-07-02,2026-07-02,1175,2,active
MB003072,U003861,金卡会员,2026-04-30,2027-04-30,7841,1,active
MB003073,U000463,普通会员,2025-11-24,2026-11-24,182,9,active
MB003074,U003782,银卡会员,2026-03-14,2027-03-14,2422,15,active
MB003075,U003316,金卡会员,2025-09-03,2026-09-03,1079,15,active
MB003076,U001013,金卡会员,2026-05-25,2027-05-25,8538,3,active
MB003077,U000520,普通会员,2026-08-06,2027-08-06,6865,0,active
MB003078,U001930,金卡会员,2025-10-02,2026-10-02,8004,1,active
MB003079,U003257,普通会员,2025-04-12,2026-04-12,1592,5,active
MB003080,U000530,银卡会员,2026-08-21,2027-08-21,5212,12,active
MB003081,U000515,普通会员,2025-09-14,2026-09-14,2967,0,active
MB003082,U004937,普通会员,2026-08-01,2027-08-01,6105,4,active
MB003083,U002645,普通会员,2026-09-06,2027-09-06,10381,1,active
MB003084,U002712,黑金会员,2025-05-28,2026-05-28,5057,1,active
MB003085,U003750,普通会员,2025-09-15,2026-09-15,5129,10,active
MB003086,U000703,普通会员,2025-09-14,2026-09-14,5639,4,active
MB003087,U000907,普通会员,2026-04-06,2027-04-06,8335,2,active
MB003088,U000574,金卡会员,2025-10-21,2026-10-21,6337,14,active
MB003089,U000838,普通会员,2026-02-18,2027-02-18,4649,7,active
MB003090,U004417,银卡会员,2026-03-22,2027-03-22,9121,7,active
MB003091,U002020,银卡会员,2025-12-16,2026-12-16,3924,3,active
MB003092,U001587,金卡会员,2026-06-12,2027-06-12,11172,1,active
MB003093,U002894,普通会员,2026-03-03,2027-03-03,10709,2,active
MB003094,U003913,金卡会员,2025-05-31,2026-05-31,6181,12,active
MB003095,U004280,普通会员,2025-04-03,2026-04-03,3126,9,active
MB003096,U001909,黑金会员,2026-07-03,2027-07-03,8395,15,active
MB003097,U003237,银卡会员,2026-06-18,2027-06-18,6418,6,active
MB003098,U003283,银卡会员,2026-08-24,2027-08-24,4851,14,active
MB003099,U000553,银卡会员,2026-01-16,2027-01-16,5639,8,active
MB003100,U001840,普通会员,2026-04-02,2027-04-02,6986,13,active
MB003101,U000352,普通会员,2025-11-08,2026-11-08,5752,4,active
MB003102,U002541,普通会员,2025-05-06,2026-05-06,4017,11,active
MB003103,U004275,金卡会员,2026-02-24,2027-02-24,8955,1,active
MB003104,U004652,普通会员,2025-11-26,2026-11-26,10914,9,active
MB003105,U003432,银卡会员,2026-07-25,2027-07-25,5950,13,active
MB003106,U004020,银卡会员,2025-08-17,2026-08-17,1553,11,active
MB003107,U003455,银卡会员,2026-05-08,2027-05-08,2196,4,active
MB003108,U001586,金卡会员,2026-05-12,2027-05-12,5584,2,active
MB003109,U001232,普通会员,2025-02-23,2026-02-23,2294,4,active
MB003110,U003363,普通会员,2025-12-07,2026-12-07,5434,11,active
MB003111,U001685,普通会员,2025-09-19,2026-09-19,5856,3,active
MB003112,U001445,普通会员,2025-05-10,2026-05-10,9516,11,active
MB003113,U004385,普通会员,2026-08-12,2027-08-12,2235,7,active
MB003114,U000632,黑金会员,2026-08-14,2027-08-14,2384,15,active
MB003115,U000633,银卡会员,2025-07-03,2026-07-03,9589,12,active
MB003116,U004476,银卡会员,2025-03-14,2026-03-14,3464,3,active
MB003117,U004906,普通会员,2025-05-07,2026-05-07,5103,14,active
MB003118,U000958,银卡会员,2025-08-10,2026-08-10,250,1,active
MB003119,U000754,银卡会员,2026-05-21,2027-05-21,2603,4,active
MB003120,U004893,普通会员,2025-08-02,2026-08-02,3754,9,active
MB003121,U003975,银卡会员,2025-12-17,2026-12-17,2897,0,active
MB003122,U004147,普通会员,2026-02-14,2027-02-14,2172,4,active
MB003123,U000047,普通会员,2025-06-05,2026-06-05,5227,2,active
MB003124,U002378,银卡会员,2026-09-24,2027-09-24,10237,5,active
MB003125,U000042,普通会员,2025-10-01,2026-10-01,594,5,active
MB003126,U003752,金卡会员,2026-06-21,2027-06-21,711,6,active
MB003127,U001440,普通会员,2026-04-27,2027-04-27,1573,4,active
MB003128,U004950,普通会员,2026-03-27,2027-03-27,31,2,active
MB003129,U002215,普通会员,2026-03-17,2027-03-17,3092,10,active
MB003130,U003602,金卡会员,2025-07-16,2026-07-16,6189,3,active
MB003131,U003595,普通会员,2025-11-01,2026-11-01,9401,9,active
MB003132,U000129,金卡会员,2025-06-16,2026-06-16,3890,11,active
MB003133,U001157,金卡会员,2026-05-26,2027-05-26,6207,10,active
MB003134,U004328,金卡会员,2026-06-01,2027-06-01,5117,9,active
MB003135,U003430,普通会员,2025-07-05,2026-07-05,5402,14,active
MB003136,U004501,普通会员,2025-11-08,2026-11-08,10534,14,active
MB003137,U003511,金卡会员,2026-09-04,2027-09-04,4212,14,active
MB003138,U003633,普通会员,2025-12-17,2026-12-17,8854,15,active
MB003139,U000953,普通会员,2025-03-30,2026-03-30,11597,9,active
MB003140,U003042,普通会员,2025-01-17,2026-01-17,9426,0,active
MB003141,U002190,普通会员,2026-11-24,2027-11-24,11481,15,active
MB003142,U004657,银卡会员,2025-03-28,2026-03-28,10355,1,active
MB003143,U001170,普通会员,2026-01-01,2027-01-01,11467,12,active
MB003144,U001146,银卡会员,2025-06-17,2026-06-17,653,13,active
MB003145,U000450,普通会员,2026-01-26,2027-01-26,1376,14,active
MB003146,U003852,普通会员,2025-10-18,2026-10-18,9385,8,active
MB003147,U004507,普通会员,2025-11-10,2026-11-10,6490,12,active
MB003148,U002175,普通会员,2026-09-23,2027-09-23,10427,0,active
MB003149,U001669,金卡会员,2025-06-20,2026-06-20,11852,0,active
MB003150,U003806,普通会员,2025-05-29,2026-05-29,6647,3,active
MB003151,U002575,普通会员,2026-11-14,2027-11-14,2915,8,active
MB003152,U004709,普通会员,2026-09-09,2027-09-09,10162,2,active
MB003153,U001549,金卡会员,2026-06-20,2027-06-20,5169,9,active
MB003154,U001042,普通会员,2026-05-23,2027-05-23,4416,6,active
MB003155,U000324,金卡会员,2026-01-26,2027-01-26,2028,8,active
MB003156,U001874,金卡会员,2026-03-30,2027-03-30,3551,0,active
MB003157,U003917,普通会员,2026-03-14,2027-03-14,2388,4,active
MB003158,U004596,普通会员,2026-06-17,2027-06-17,9113,7,active
MB003159,U004835,普通会员,2025-09-13,2026-09-13,1890,11,active
MB003160,U003553,普通会员,2026-02-24,2027-02-24,1548,15,active
MB003161,U001667,银卡会员,2026-04-28,2027-04-28,9318,12,active
MB003162,U001891,普通会员,2025-02-18,2026-02-18,10134,6,active
MB003163,U003597,银卡会员,2026-06-25,2027-06-25,3057,9,active
MB003164,U004096,普通会员,2025-05-05,2026-05-05,4182,0,active
MB003165,U001889,银卡会员,2025-08-16,2026-08-16,11125,3,active
MB003166,U002981,金卡会员,2025-12-16,2026-12-16,1237,10,active
MB003167,U003555,普通会员,2026-01-10,2027-01-10,11090,1,active
MB003168,U000427,金卡会员,2026-03-31,2027-03-31,8906,4,active
MB003169,U004743,普通会员,2026-06-16,2027-06-16,8876,5,active
MB003170,U002376,普通会员,2026-04-21,2027-04-21,11171,15,active
MB003171,U001943,普通会员,2026-02-10,2027-02-10,1443,0,active
MB003172,U001603,普通会员,2025-07-02,2026-07-02,4843,4,active
MB003173,U000569,金卡会员,2026-07-13,2027-07-13,7320,13,active
MB003174,U001704,普通会员,2025-10-16,2026-10-16,4710,13,active
MB003175,U001187,普通会员,2026-03-12,2027-03-12,5637,4,active
MB003176,U001529,金卡会员,2026-04-16,2027-04-16,1688,10,active
MB003177,U002847,金卡会员,2025-07-27,2026-07-27,11419,3,active
MB003178,U003849,黑金会员,2025-06-27,2026-06-27,4821,12,active
MB003179,U003845,银卡会员,2026-07-23,2027-07-23,11976,8,active
MB003180,U001086,金卡会员,2026-10-04,2027-10-04,9205,11,active
MB003181,U002663,黑金会员,2025-07-07,2026-07-07,5980,15,active
MB003182,U002038,普通会员,2026-03-19,2027-03-19,1658,11,active
MB003183,U002294,普通会员,2025-03-28,2026-03-28,10342,11,active
MB003184,U004446,金卡会员,2026-10-21,2027-10-21,1241,4,active
MB003185,U003326,普通会员,2026-07-11,2027-07-11,7250,2,active
MB003186,U001458,银卡会员,2025-12-16,2026-12-16,4166,3,active
MB003187,U004144,银卡会员,2026-03-27,2027-03-27,8223,8,active
MB003188,U000343,普通会员,2026-04-14,2027-04-14,2860,0,active
MB003189,U004706,普通会员,2025-03-09,2026-03-09,8838,15,active
MB003190,U003963,普通会员,2026-05-07,2027-05-07,4246,2,active
MB003191,U003892,金卡会员,2026-04-04,2027-04-04,589,14,active
MB003192,U003684,普通会员,2026-02-01,2027-02-01,2324,14,active
MB003193,U002141,普通会员,2026-04-22,2027-04-22,2571,9,active
MB003194,U004543,普通会员,2026-01-26,2027-01-26,2981,5,active
MB003195,U001639,黑金会员,2025-12-14,2026-12-14,3651,6,active
MB003196,U003235,银卡会员,2026-06-05,2027-06-05,1326,12,active
MB003197,U001580,银卡会员,2025-02-27,2026-02-27,10560,5,active
MB003198,U000885,普通会员,2025-10-27,2026-10-27,7071,13,active
MB003199,U001083,普通会员,2026-08-16,2027-08-16,362,8,active
MB003200,U003768,普通会员,2025-08-07,2026-08-07,10226,3,active
MB003201,U000227,金卡会员,2025-08-25,2026-08-25,4863,0,active
MB003202,U001945,普通会员,2025-11-04,2026-11-04,6276,0,active
MB003203,U003245,银卡会员,2025-10-28,2026-10-28,10705,12,active
MB003204,U004738,普通会员,2026-11-17,2027-11-17,4017,9,active
MB003205,U000174,普通会员,2025-10-31,2026-10-31,5372,13,active
MB003206,U003230,普通会员,2025-05-24,2026-05-24,4759,11,active
MB003207,U002836,普通会员,2025-11-25,2026-11-25,11284,1,active
MB003208,U003027,普通会员,2025-03-15,2026-03-15,10142,15,active
MB003209,U004438,普通会员,2026-06-23,2027-06-23,11425,2,active
MB003210,U000547,普通会员,2025-11-15,2026-11-15,6616,7,active
MB003211,U002609,普通会员,2025-05-05,2026-05-05,8525,11,active
MB003212,U000187,普通会员,2025-09-14,2026-09-14,3677,11,active
MB003213,U002657,普通会员,2025-11-27,2026-11-27,456,15,active
MB003214,U003253,金卡会员,2026-06-17,2027-06-17,11460,0,active
MB003215,U002918,普通会员,2026-04-29,2027-04-29,3844,3,active
MB003216,U000536,普通会员,2025-07-26,2026-07-26,4420,12,active
MB003217,U004122,普通会员,2026-05-12,2027-05-12,9329,14,active
MB003218,U000443,金卡会员,2025-09-30,2026-09-30,6118,4,active
MB003219,U003506,银卡会员,2025-05-24,2026-05-24,8049,11,active
MB003220,U002024,金卡会员,2025-11-21,2026-11-21,11556,15,active
MB003221,U001797,金卡会员,2026-06-19,2027-06-19,6406,0,active
MB003222,U003573,普通会员,2025-10-20,2026-10-20,5070,7,active
MB003223,U004728,普通会员,2025-05-10,2026-05-10,5901,13,active
MB003224,U002217,银卡会员,2026-03-11,2027-03-11,5976,3,active
MB003225,U004027,普通会员,2026-02-13,2027-02-13,5249,12,active
MB003226,U004864,普通会员,2026-06-28,2027-06-28,8265,10,active
MB003227,U002436,银卡会员,2025-08-24,2026-08-24,348,7,active
MB003228,U000385,黑金会员,2025-10-12,2026-10-12,7128,2,active
MB003229,U002973,黑金会员,2025-09-25,2026-09-25,2079,4,active
MB003230,U004584,金卡会员,2026-02-01,2027-02-01,3561,5,active
MB003231,U004930,普通会员,2026-02-14,2027-02-14,7779,7,active
MB003232,U000924,普通会员,2026-05-14,2027-05-14,3643,15,active
MB003233,U004267,金卡会员,2025-09-18,2026-09-18,3064,7,active
MB003234,U004685,普通会员,2026-06-28,2027-06-28,10831,11,active
MB003235,U003051,银卡会员,2025-05-29,2026-05-29,7858,12,active
MB003236,U000818,普通会员,2025-07-22,2026-07-22,10044,5,active
MB003237,U003592,金卡会员,2026-04-11,2027-04-11,6314,1,active
MB003238,U002139,银卡会员,2025-06-12,2026-06-12,7777,2,active
MB003239,U002819,金卡会员,2025-01-17,2026-01-17,3161,11,active
MB003240,U004337,银卡会员,2025-05-28,2026-05-28,8067,4,active
MB003241,U001281,普通会员,2025-04-23,2026-04-23,264,14,active
MB003242,U000418,银卡会员,2025-09-30,2026-09-30,2096,13,active
MB003243,U002905,银卡会员,2026-01-03,2027-01-03,3269,14,active
MB003244,U001040,银卡会员,2025-11-16,2026-11-16,5332,9,active
MB003245,U004745,普通会员,2025-01-09,2026-01-09,3895,12,active
MB003246,U004282,普通会员,2026-03-14,2027-03-14,7903,6,active
MB003247,U000318,普通会员,2026-03-16,2027-03-16,1421,6,active
MB003248,U004140,银卡会员,2025-03-03,2026-03-03,10148,2,active
MB003249,U001675,银卡会员,2025-09-16,2026-09-16,4926,7,active
MB003250,U004303,普通会员,2025-05-12,2026-05-12,10519,14,active
MB003251,U003747,银卡会员,2026-08-29,2027-08-29,9591,12,active
MB003252,U000088,普通会员,2026-01-20,2027-01-20,9124,10,active
MB003253,U000316,银卡会员,2025-04-22,2026-04-22,10342,8,active
MB003254,U002877,普通会员,2026-04-19,2027-04-19,8323,13,active
MB003255,U002169,普通会员,2026-03-12,2027-03-12,5288,10,active
MB003256,U003139,普通会员,2026-06-13,2027-06-13,5156,1,active
MB003257,U000384,普通会员,2025-05-18,2026-05-18,4834,9,active
MB003258,U002503,普通会员,2025-06-20,2026-06-20,9351,13,active
MB003259,U004480,黑金会员,2026-06-22,2027-06-22,6673,4,active
MB003260,U003203,普通会员,2025-04-17,2026-04-17,3072,7,active
MB003261,U003860,银卡会员,2025-07-20,2026-07-20,7513,13,active
MB003262,U004820,银卡会员,2026-07-28,2027-07-28,7267,0,active
MB003263,U003874,银卡会员,2025-04-08,2026-04-08,11491,13,active
MB003264,U001211,普通会员,2026-01-29,2027-01-29,11448,14,active
MB003265,U001564,银卡会员,2026-12-01,2027-12-01,1916,7,active
MB003266,U001975,普通会员,2026-03-28,2027-03-28,9734,5,active
MB003267,U000349,银卡会员,2025-06-21,2026-06-21,4592,13,active
MB003268,U000304,银卡会员,2025-11-12,2026-11-12,2963,2,active
MB003269,U003916,银卡会员,2026-08-30,2027-08-30,6558,1,active
MB003270,U002573,普通会员,2025-07-04,2026-07-04,4035,2,active
MB003271,U000695,银卡会员,2026-10-27,2027-10-27,9062,3,active
MB003272,U000916,金卡会员,2025-10-14,2026-10-14,559,2,active
MB003273,U003836,银卡会员,2026-08-30,2027-08-30,3142,13,active
MB003274,U001004,黑金会员,2025-08-08,2026-08-08,11193,14,active
MB003275,U002305,普通会员,2025-12-11,2026-12-11,4739,0,active
MB003276,U002182,普通会员,2025-12-09,2026-12-09,6711,9,active
MB003277,U001698,黑金会员,2025-11-30,2026-11-30,10164,3,active
MB003278,U001197,金卡会员,2025-04-03,2026-04-03,8598,15,active
MB003279,U001233,银卡会员,2026-03-27,2027-03-27,11527,6,active
MB003280,U003959,普通会员,2025-10-29,2026-10-29,2152,11,active
MB003281,U002916,银卡会员,2026-01-08,2027-01-08,6117,1,active
MB003282,U001979,普通会员,2025-03-12,2026-03-12,5342,1,active
MB003283,U002514,银卡会员,2026-04-04,2027-04-04,6295,4,active
MB003284,U004860,普通会员,2026-01-08,2027-01-08,2447,12,active
MB003285,U001888,金卡会员,2025-08-02,2026-08-02,11496,2,active
MB003286,U000039,银卡会员,2025-11-06,2026-11-06,10033,7,active
MB003287,U000639,银卡会员,2026-03-28,2027-03-28,670,10,active
MB003288,U004878,普通会员,2026-04-04,2027-04-04,11727,1,active
MB003289,U002261,金卡会员,2025-07-01,2026-07-01,11180,4,active
MB003290,U001861,金卡会员,2026-11-05,2027-11-05,2635,13,active
MB003291,U004645,普通会员,2025-10-23,2026-10-23,5888,1,active
MB003292,U003126,普通会员,2026-09-19,2027-09-19,3370,9,active
MB003293,U003833,银卡会员,2026-08-09,2027-08-09,2067,7,active
MB003294,U004671,金卡会员,2025-08-03,2026-08-03,74,8,active
MB003295,U004619,金卡会员,2026-05-03,2027-05-03,9404,15,active
MB003296,U000909,金卡会员,2025-08-02,2026-08-02,9075,15,active
MB003297,U004902,普通会员,2026-06-04,2027-06-04,10774,11,active
MB003298,U002041,普通会员,2026-02-01,2027-02-01,10566,8,active
MB003299,U004659,普通会员,2025-12-28,2026-12-28,2487,6,active
MB003300,U001617,普通会员,2025-03-23,2026-03-23,251,6,active
MB003301,U000358,普通会员,2026-04-11,2027-04-11,10527,9,active
MB003302,U003897,金卡会员,2025-10-18,2026-10-18,5605,6,active
MB003303,U000766,银卡会员,2025-10-05,2026-10-05,2219,15,active
MB003304,U004614,普通会员,2025-05-03,2026-05-03,2742,11,active
MB003305,U004119,银卡会员,2026-08-21,2027-08-21,9594,13,active
MB003306,U003586,银卡会员,2025-07-12,2026-07-12,6665,9,active
MB003307,U003655,银卡会员,2025-07-01,2026-07-01,1940,8,active
MB003308,U004251,银卡会员,2026-03-04,2027-03-04,2878,8,active
MB003309,U003656,普通会员,2026-07-05,2027-07-05,1021,12,active
MB003310,U004176,普通会员,2026-01-23,2027-01-23,10615,0,active
MB003311,U004349,金卡会员,2025-04-13,2026-04-13,2653,4,active
MB003312,U000022,金卡会员,2025-07-27,2026-07-27,2976,2,active
MB003313,U001325,金卡会员,2026-06-05,2027-06-05,5769,8,active
MB003314,U003647,银卡会员,2025-07-28,2026-07-28,977,1,active
MB003315,U004078,普通会员,2025-07-05,2026-07-05,8015,1,active
MB003316,U001887,普通会员,2025-07-30,2026-07-30,4490,14,active
MB003317,U001647,普通会员,2026-07-14,2027-07-14,7813,11,active
MB003318,U001018,金卡会员,2026-08-20,2027-08-20,5519,4,active
MB003319,U004160,普通会员,2025-06-17,2026-06-17,5984,4,active
MB003320,U000380,普通会员,2025-11-14,2026-11-14,2627,12,active
MB003321,U002861,黑金会员,2025-12-18,2026-12-18,4295,7,active
MB003322,U002726,普通会员,2025-10-12,2026-10-12,4291,12,active
MB003323,U004610,金卡会员,2026-03-15,2027-03-15,7052,4,active
MB003324,U000972,普通会员,2026-07-16,2027-07-16,10013,9,active
MB003325,U002147,金卡会员,2025-10-23,2026-10-23,9656,6,active
MB003326,U000388,普通会员,2026-02-19,2027-02-19,7553,6,active
MB003327,U001436,普通会员,2026-01-20,2027-01-20,8409,9,active
MB003328,U001837,银卡会员,2026-02-07,2027-02-07,491,5,active
MB003329,U003663,金卡会员,2025-05-28,2026-05-28,8223,14,active
MB003330,U002753,银卡会员,2025-08-18,2026-08-18,2810,6,active
MB003331,U002080,金卡会员,2025-07-15,2026-07-15,6805,7,active
MB003332,U003562,普通会员,2025-04-19,2026-04-19,6009,11,active
MB003333,U003981,银卡会员,2026-06-30,2027-06-30,1422,3,active
MB003334,U001134,普通会员,2025-09-08,2026-09-08,10859,0,active
MB003335,U003664,金卡会员,2026-01-16,2027-01-16,7764,5,active
MB003336,U000922,银卡会员,2025-04-07,2026-04-07,2450,3,active
MB003337,U001424,普通会员,2025-07-04,2026-07-04,396,3,active
MB003338,U004693,普通会员,2025-04-30,2026-04-30,8392,1,active
MB003339,U004816,黑金会员,2026-03-16,2027-03-16,960,3,active
MB003340,U003068,普通会员,2026-05-03,2027-05-03,8952,13,active
MB003341,U000607,金卡会员,2025-03-28,2026-03-28,2528,7,active
MB003342,U000747,普通会员,2025-08-28,2026-08-28,3631,12,active
MB003343,U003390,银卡会员,2026-08-30,2027-08-30,682,7,active
MB003344,U001239,普通会员,2026-01-26,2027-01-26,6638,7,active
MB003345,U003802,普通会员,2025-10-20,2026-10-20,7678,0,active
MB003346,U003088,普通会员,2025-02-09,2026-02-09,1386,2,active
MB003347,U003211,银卡会员,2025-09-07,2026-09-07,1566,12,active
MB003348,U003214,银卡会员,2025-06-29,2026-06-29,4822,1,active
MB003349,U000266,普通会员,2025-09-24,2026-09-24,670,14,active
MB003350,U000690,金卡会员,2026-02-01,2027-02-01,142,6,active
MB003351,U004343,普通会员,2025-12-09,2026-12-09,5891,3,active
MB003352,U003690,银卡会员,2026-03-16,2027-03-16,10038,4,active
MB003353,U000407,普通会员,2026-05-05,2027-05-05,8094,7,active
MB003354,U000487,银卡会员,2025-03-06,2026-03-06,7467,2,active
MB003355,U000208,普通会员,2026-10-30,2027-10-30,5858,5,active
MB003356,U001720,普通会员,2025-07-07,2026-07-07,9031,1,active
MB003357,U004689,银卡会员,2026-07-22,2027-07-22,6503,7,active
MB003358,U004707,普通会员,2026-06-14,2027-06-14,8026,15,active
MB003359,U000488,普通会员,2025-04-14,2026-04-14,7190,9,active
MB003360,U002586,普通会员,2026-05-28,2027-05-28,8607,0,active
MB003361,U000395,银卡会员,2025-10-23,2026-10-23,10814,4,active
MB003362,U003204,普通会员,2026-03-29,2027-03-29,6835,5,active
MB003363,U003039,银卡会员,2025-11-25,2026-11-25,1911,4,active
MB003364,U000109,普通会员,2025-03-13,2026-03-13,11959,1,active
MB003365,U001555,金卡会员,2026-06-07,2027-06-07,2271,14,active
MB003366,U002964,普通会员,2026-03-07,2027-03-07,9328,8,active
MB003367,U004735,普通会员,2026-07-30,2027-07-30,6017,13,active
MB003368,U002293,金卡会员,2025-09-20,2026-09-20,3554,1,active
MB003369,U002713,普通会员,2026-07-07,2027-07-07,5968,11,active
MB003370,U001973,普通会员,2026-03-16,2027-03-16,4836,4,active
MB003371,U000476,普通会员,2025-12-29,2026-12-29,10189,4,active
MB003372,U004061,普通会员,2026-06-16,2027-06-16,2290,2,active
MB003373,U002198,普通会员,2026-01-23,2027-01-23,10850,13,active
MB003374,U001633,普通会员,2026-03-26,2027-03-26,4980,4,active
MB003375,U003538,金卡会员,2026-04-05,2027-04-05,5947,11,active
MB003376,U004206,普通会员,2025-10-07,2026-10-07,9351,5,active
MB003377,U000018,普通会员,2025-05-10,2026-05-10,11852,6,active
MB003378,U000884,银卡会员,2026-12-06,2027-12-06,261,1,active
MB003379,U001176,银卡会员,2025-09-12,2026-09-12,368,12,active
MB003380,U004517,普通会员,2026-05-13,2027-05-13,5340,4,active
MB003381,U004493,普通会员,2026-05-02,2027-05-02,4913,5,active
MB003382,U004397,金卡会员,2025-06-16,2026-06-16,2289,14,active
MB003383,U004942,银卡会员,2026-04-09,2027-04-09,857,13,active
MB003384,U001344,银卡会员,2025-09-26,2026-09-26,7928,6,active
MB003385,U003133,银卡会员,2026-03-09,2027-03-09,4365,11,active
MB003386,U001119,银卡会员,2026-04-05,2027-04-05,11835,12,active
MB003387,U001877,黑金会员,2025-05-15,2026-05-15,10723,9,active
MB003388,U003930,金卡会员,2025-04-18,2026-04-18,7099,4,active
MB003389,U001882,普通会员,2025-10-12,2026-10-12,3058,11,active
MB003390,U002731,普通会员,2026-07-20,2027-07-20,4737,9,active
MB003391,U002556,普通会员,2026-07-16,2027-07-16,5482,6,active
MB003392,U002123,普通会员,2026-06-12,2027-06-12,730,11,active
MB003393,U001767,银卡会员,2025-09-16,2026-09-16,1705,4,active
MB003394,U000367,银卡会员,2026-07-19,2027-07-19,1923,4,active
MB003395,U004201,普通会员,2025-05-02,2026-05-02,11176,12,active
MB003396,U002044,普通会员,2026-01-01,2027-01-01,8424,9,active
MB003397,U002708,普通会员,2025-04-29,2026-04-29,11275,8,active
MB003398,U003707,金卡会员,2026-07-06,2027-07-06,6601,5,active
MB003399,U002464,银卡会员,2025-05-29,2026-05-29,4925,0,active
MB003400,U000054,普通会员,2026-07-12,2027-07-12,7106,11,active
MB003401,U003457,银卡会员,2026-04-06,2027-04-06,10584,4,active
MB003402,U003591,黑金会员,2025-09-20,2026-09-20,3192,3,active
MB003403,U002236,普通会员,2026-11-07,2027-11-07,1479,14,active
MB003404,U003167,普通会员,2025-09-29,2026-09-29,8296,15,active
MB003405,U002751,普通会员,2025-08-26,2026-08-26,8926,10,active
MB003406,U000100,普通会员,2026-06-17,2027-06-17,6926,3,active
MB003407,U000903,银卡会员,2026-02-01,2027-02-01,104,5,active
MB003408,U002333,普通会员,2025-12-19,2026-12-19,6345,12,active
MB003409,U000027,普通会员,2026-05-31,2027-05-31,5635,9,active
MB003410,U003584,银卡会员,2025-03-12,2026-03-12,5032,10,active
MB003411,U000512,普通会员,2025-08-18,2026-08-18,1478,14,active
MB003412,U003064,普通会员,2025-10-22,2026-10-22,1124,14,active
MB003413,U000788,普通会员,2025-06-30,2026-06-30,161,8,active
MB003414,U004175,金卡会员,2025-06-26,2026-06-26,7412,13,active
MB003415,U003540,普通会员,2025-04-06,2026-04-06,8135,10,active
MB003416,U001097,普通会员,2026-05-03,2027-05-03,2896,14,active
MB003417,U002342,普通会员,2026-07-03,2027-07-03,5066,8,active
MB003418,U001759,金卡会员,2026-03-20,2027-03-20,7371,5,active
MB003419,U004001,金卡会员,2026-08-05,2027-08-05,7349,15,active
MB003420,U003021,黑金会员,2025-02-21,2026-02-21,9521,15,active
MB003421,U002600,银卡会员,2026-08-17,2027-08-17,4419,6,active
MB003422,U002978,普通会员,2025-04-10,2026-04-10,3799,5,active
MB003423,U004469,普通会员,2026-06-20,2027-06-20,368,9,active
MB003424,U002602,普通会员,2025-08-06,2026-08-06,6956,8,active
MB003425,U004117,普通会员,2026-02-13,2027-02-13,1970,2,active
MB003426,U004661,普通会员,2025-11-25,2026-11-25,3062,4,active
MB003427,U003456,黑金会员,2026-03-28,2027-03-28,4112,4,active
MB003428,U000422,普通会员,2026-05-26,2027-05-26,865,14,active
MB003429,U004736,银卡会员,2026-11-11,2027-11-11,3055,1,active
MB003430,U001375,普通会员,2026-03-06,2027-03-06,6483,12,active
MB003431,U003442,普通会员,2026-02-25,2027-02-25,3489,9,active
MB003432,U002778,银卡会员,2025-08-15,2026-08-15,8843,4,active
MB003433,U002631,普通会员,2025-12-29,2026-12-29,470,6,active
MB003434,U001654,普通会员,2025-06-15,2026-06-15,2944,6,active
MB003435,U002857,普通会员,2025-09-26,2026-09-26,5896,10,active
MB003436,U001541,银卡会员,2025-11-22,2026-11-22,4435,0,active
MB003437,U003653,金卡会员,2025-07-21,2026-07-21,10534,7,active
MB003438,U001819,普通会员,2026-04-16,2027-04-16,9879,11,active
MB003439,U002104,银卡会员,2026-02-17,2027-02-17,4300,2,active
MB003440,U003966,银卡会员,2026-10-19,2027-10-19,3344,8,active
MB003441,U000172,金卡会员,2025-10-31,2026-10-31,7534,11,active
MB003442,U003635,金卡会员,2026-02-21,2027-02-21,10171,5,active
MB003443,U000188,银卡会员,2026-02-19,2027-02-19,8538,8,active
MB003444,U003034,普通会员,2026-04-17,2027-04-17,9211,9,active
MB003445,U003091,金卡会员,2026-09-05,2027-09-05,8175,8,active
MB003446,U001954,普通会员,2026-08-11,2027-08-11,8286,8,active
MB003447,U000927,金卡会员,2025-07-05,2026-07-05,6593,9,active
MB003448,U002654,普通会员,2025-03-10,2026-03-10,3889,10,active
MB003449,U002296,银卡会员,2026-09-01,2027-09-01,7064,0,active
MB003450,U003796,银卡会员,2026-01-07,2027-01-07,11944,6,active
MB003451,U001875,普通会员,2025-09-17,2026-09-17,1069,9,active
MB003452,U003421,黑金会员,2026-08-31,2027-08-31,1222,14,active
MB003453,U000065,黑金会员,2026-07-06,2027-07-06,7252,15,active
MB003454,U000221,普通会员,2026-02-28,2027-02-28,5139,0,active
MB003455,U001025,普通会员,2025-06-13,2026-06-13,2664,10,active
MB003456,U002890,普通会员,2025-09-25,2026-09-25,4344,3,active
MB003457,U004100,黑金会员,2025-10-13,2026-10-13,10568,0,active
MB003458,U003533,银卡会员,2026-04-05,2027-04-05,11616,13,active
MB003459,U003424,普通会员,2026-08-27,2027-08-27,10332,4,active
MB003460,U001015,普通会员,2025-11-24,2026-11-24,5835,15,active
MB003461,U002636,银卡会员,2025-12-04,2026-12-04,10429,3,active
MB003462,U001578,黑金会员,2025-06-28,2026-06-28,209,1,active
MB003463,U001132,普通会员,2025-02-18,2026-02-18,4889,9,active
MB003464,U003023,银卡会员,2025-02-20,2026-02-20,7392,14,active
MB003465,U003541,普通会员,2026-05-28,2027-05-28,1518,4,active
MB003466,U004824,金卡会员,2026-04-03,2027-04-03,10002,6,active
MB003467,U000604,银卡会员,2026-04-09,2027-04-09,11027,12,active
MB003468,U003587,普通会员,2025-06-22,2026-06-22,4859,14,active
MB003469,U004999,银卡会员,2026-01-30,2027-01-30,8967,8,active
MB003470,U001791,银卡会员,2025-11-03,2026-11-03,2924,2,active
MB003471,U002191,黑金会员,2026-02-05,2027-02-05,7548,9,active
MB003472,U002561,普通会员,2025-11-24,2026-11-24,10706,7,active
MB003473,U002900,普通会员,2025-03-06,2026-03-06,11100,14,active
MB003474,U004612,金卡会员,2025-12-12,2026-12-12,6213,12,active
MB003475,U002073,金卡会员,2026-03-08,2027-03-08,10417,9,active
MB003476,U002815,普通会员,2025-04-19,2026-04-19,6227,4,active
MB003477,U003579,普通会员,2025-10-18,2026-10-18,11317,14,active
MB003478,U000438,普通会员,2025-06-01,2026-06-01,11602,3,active
MB003479,U001316,普通会员,2025-12-10,2026-12-10,2814,4,active
MB003480,U004283,金卡会员,2026-01-17,2027-01-17,8887,15,active
MB003481,U003640,普通会员,2025-11-05,2026-11-05,5956,15,active
MB003482,U004331,银卡会员,2025-07-15,2026-07-15,11820,0,active
MB003483,U003029,银卡会员,2025-07-02,2026-07-02,11529,0,active
MB003484,U004969,普通会员,2025-09-03,2026-09-03,8069,13,active
MB003485,U002851,黑金会员,2026-07-04,2027-07-04,3712,14,active
MB003486,U001873,金卡会员,2026-03-19,2027-03-19,5795,5,active
MB003487,U004597,黑金会员,2025-06-23,2026-06-23,4061,6,active
MB003488,U001397,普通会员,2025-11-12,2026-11-12,5392,11,active
MB003489,U002956,黑金会员,2025-09-25,2026-09-25,8564,7,active
MB003490,U000099,金卡会员,2026-05-16,2027-05-16,2947,10,active
MB003491,U003354,普通会员,2025-12-01,2026-12-01,9064,12,active
MB003492,U002393,银卡会员,2026-02-01,2027-02-01,3205,10,active
MB003493,U001082,普通会员,2026-09-27,2027-09-27,2337,4,active
MB003494,U002884,银卡会员,2026-03-25,2027-03-25,8344,4,active
MB003495,U001101,金卡会员,2025-06-07,2026-06-07,8450,15,active
MB003496,U003667,普通会员,2026-10-23,2027-10-23,4739,14,active
MB003497,U004783,金卡会员,2026-03-25,2027-03-25,632,7,active
MB003498,U003332,普通会员,2025-06-02,2026-06-02,3934,5,active
MB003499,U001516,普通会员,2026-09-28,2027-09-28,5547,13,active
MB003500,U000527,普通会员,2025-07-14,2026-07-14,6852,10,active
MB003501,U002306,银卡会员,2025-08-26,2026-08-26,9303,12,active
MB003502,U004940,银卡会员,2025-11-22,2026-11-22,297,7,active
MB003503,U004734,金卡会员,2025-09-05,2026-09-05,4286,0,active
MB003504,U003689,金卡会员,2026-08-24,2027-08-24,3087,0,active
MB003505,U002388,普通会员,2025-04-11,2026-04-11,7668,1,active
MB003506,U002740,金卡会员,2026-04-12,2027-04-12,7922,5,active
MB003507,U000819,黑金会员,2026-10-11,2027-10-11,861,7,active
MB003508,U001980,金卡会员,2026-06-19,2027-06-19,1485,7,active
MB003509,U002633,银卡会员,2026-08-04,2027-08-04,5074,13,active
MB003510,U003753,普通会员,2025-05-10,2026-05-10,2437,10,active
MB003511,U004180,普通会员,2025-10-17,2026-10-17,3533,4,active
MB003512,U003312,普通会员,2026-03-10,2027-03-10,5184,10,active
MB003513,U000136,银卡会员,2025-10-15,2026-10-15,3415,10,active
MB003514,U004197,普通会员,2025-08-23,2026-08-23,1359,3,active
MB003515,U000977,金卡会员,2025-03-28,2026-03-28,10118,13,active
MB003516,U000076,金卡会员,2026-08-16,2027-08-16,4235,13,active
MB003517,U000347,普通会员,2025-10-29,2026-10-29,3840,14,active
MB003518,U000166,普通会员,2026-03-07,2027-03-07,6169,8,active
MB003519,U004355,普通会员,2025-05-09,2026-05-09,2814,15,active
MB003520,U001142,金卡会员,2025-04-05,2026-04-05,11629,1,active
MB003521,U000518,普通会员,2025-09-09,2026-09-09,8146,2,active
MB003522,U002921,银卡会员,2026-02-25,2027-02-25,6567,3,active
MB003523,U004392,银卡会员,2026-09-02,2027-09-02,104,0,active
MB003524,U003273,普通会员,2025-08-31,2026-08-31,4181,14,active
MB003525,U000236,银卡会员,2025-04-21,2026-04-21,2259,11,active
MB003526,U001802,金卡会员,2026-05-11,2027-05-11,3144,9,active
MB003527,U001663,普通会员,2025-08-10,2026-08-10,7654,0,active
MB003528,U003196,普通会员,2026-08-09,2027-08-09,4418,4,active
MB003529,U000578,金卡会员,2026-03-11,2027-03-11,9136,13,active
MB003530,U001145,金卡会员,2026-06-26,2027-06-26,6984,4,active
MB003531,U004768,银卡会员,2026-07-20,2027-07-20,11847,13,active
MB003532,U000078,银卡会员,2026-12-07,2027-12-07,9934,14,active
MB003533,U004931,金卡会员,2025-11-27,2026-11-27,7271,7,active
MB003534,U002984,普通会员,2025-05-14,2026-05-14,6518,3,active
MB003535,U002870,金卡会员,2026-07-01,2027-07-01,4797,14,active
MB003536,U001605,普通会员,2026-09-10,2027-09-10,2503,0,active
MB003537,U001389,普通会员,2025-03-18,2026-03-18,1138,9,active
MB003538,U003002,普通会员,2026-04-02,2027-04-02,7187,7,active
MB003539,U002658,普通会员,2025-08-28,2026-08-28,4880,11,active
MB003540,U002739,金卡会员,2026-06-08,2027-06-08,8771,13,active
MB003541,U003800,普通会员,2026-07-14,2027-07-14,5651,6,active
MB003542,U002391,银卡会员,2026-10-03,2027-10-03,5989,4,active
MB003543,U000701,普通会员,2026-10-06,2027-10-06,9371,5,active
MB003544,U003582,普通会员,2025-06-29,2026-06-29,3496,11,active
MB003545,U000860,银卡会员,2025-11-13,2026-11-13,1716,11,active
MB003546,U001830,金卡会员,2026-03-21,2027-03-21,11063,0,active
MB003547,U004989,普通会员,2026-03-13,2027-03-13,8590,15,active
MB003548,U001410,金卡会员,2026-09-12,2027-09-12,9883,7,active
MB003549,U003825,金卡会员,2026-02-12,2027-02-12,6434,8,active
MB003550,U001112,普通会员,2026-12-05,2027-12-05,2335,7,active
MB003551,U001059,银卡会员,2025-09-22,2026-09-22,3581,8,active
MB003552,U001096,金卡会员,2025-12-01,2026-12-01,7672,10,active
MB003553,U002579,普通会员,2026-07-22,2027-07-22,8275,3,active
MB003554,U002214,普通会员,2025-04-19,2026-04-19,9625,13,active
MB003555,U000577,银卡会员,2025-07-23,2026-07-23,2473,4,active
MB003556,U001750,银卡会员,2026-07-09,2027-07-09,7890,2,active
MB003557,U003052,普通会员,2025-09-21,2026-09-21,6202,11,active
MB003558,U000432,普通会员,2025-07-26,2026-07-26,8772,14,active
MB003559,U003918,普通会员,2025-02-15,2026-02-15,6309,3,active
MB003560,U003225,普通会员,2025-04-25,2026-04-25,3588,7,active
MB003561,U004567,黑金会员,2025-02-23,2026-02-23,6206,2,active
MB003562,U003254,普通会员,2026-07-31,2027-07-31,1306,2,active
MB003563,U004765,银卡会员,2026-06-03,2027-06-03,4647,7,active
MB003564,U004962,金卡会员,2026-02-28,2027-02-28,7301,4,active
MB003565,U002171,普通会员,2026-01-31,2027-01-31,3892,13,active
MB003566,U001976,普通会员,2025-09-07,2026-09-07,11976,6,active
MB003567,U000865,金卡会员,2025-05-09,2026-05-09,893,1,active
MB003568,U000651,金卡会员,2026-02-13,2027-02-13,10509,14,active
MB003569,U004847,银卡会员,2025-07-07,2026-07-07,7572,9,active
MB003570,U002286,普通会员,2025-10-18,2026-10-18,2519,11,active
MB003571,U003618,普通会员,2026-02-02,2027-02-02,6691,8,active
MB003572,U001749,银卡会员,2025-07-08,2026-07-08,8918,0,active
MB003573,U004371,银卡会员,2026-04-15,2027-04-15,5579,13,active
MB003574,U004174,普通会员,2025-09-05,2026-09-05,3906,7,active
MB003575,U002830,普通会员,2025-08-23,2026-08-23,2280,7,active
MB003576,U002790,黑金会员,2026-07-11,2027-07-11,11206,3,active
MB003577,U002361,金卡会员,2026-06-10,2027-06-10,3627,11,active
MB003578,U000729,普通会员,2025-10-08,2026-10-08,3527,4,active
MB003579,U000346,普通会员,2025-07-13,2026-07-13,801,7,active
MB003580,U000040,普通会员,2025-08-19,2026-08-19,7109,0,active
MB003581,U004631,普通会员,2026-01-01,2027-01-01,10758,8,active
MB003582,U003059,普通会员,2025-03-05,2026-03-05,3718,14,active
MB003583,U001687,普通会员,2025-09-04,2026-09-04,326,9,active
MB003584,U000694,普通会员,2025-10-19,2026-10-19,9676,8,active
MB003585,U001695,银卡会员,2025-03-31,2026-03-31,4712,6,active
MB003586,U002598,金卡会员,2026-07-30,2027-07-30,4629,13,active
MB003587,U001838,普通会员,2026-10-31,2027-10-31,2907,9,active
MB003588,U002070,金卡会员,2026-07-24,2027-07-24,11637,3,active
MB003589,U003177,银卡会员,2026-05-18,2027-05-18,2930,7,active
MB003590,U003780,普通会员,2026-04-03,2027-04-03,11834,1,active
MB003591,U001941,银卡会员,2026-05-15,2027-05-15,9146,5,active
MB003592,U001604,普通会员,2025-09-30,2026-09-30,6511,5,active
MB003593,U001608,普通会员,2025-03-26,2026-03-26,714,3,active
MB003594,U001985,普通会员,2026-01-17,2027-01-17,1559,9,active
MB003595,U001311,普通会员,2026-05-01,2027-05-01,10313,7,active
MB003596,U004938,银卡会员,2025-07-20,2026-07-20,2292,9,active
MB003597,U001368,银卡会员,2025-09-21,2026-09-21,11680,13,active
MB003598,U004212,金卡会员,2026-01-03,2027-01-03,2251,11,active
MB003599,U002776,银卡会员,2026-10-06,2027-10-06,9163,14,active
MB003600,U004729,普通会员,2025-10-17,2026-10-17,11760,14,active
MB003601,U002307,金卡会员,2025-08-27,2026-08-27,7272,0,active
MB003602,U000058,普通会员,2026-01-19,2027-01-19,4385,6,active
MB003603,U001377,金卡会员,2026-09-01,2027-09-01,7742,2,active
MB003604,U003543,普通会员,2025-05-28,2026-05-28,2715,9,active
MB003605,U004288,银卡会员,2026-07-25,2027-07-25,7076,7,active
MB003606,U000895,金卡会员,2025-09-09,2026-09-09,6857,11,active
MB003607,U004907,金卡会员,2026-08-11,2027-08-11,3621,5,active
MB003608,U004536,普通会员,2025-11-23,2026-11-23,3373,4,active
MB003609,U000557,普通会员,2025-04-28,2026-04-28,6056,10,active
MB003610,U000280,普通会员,2026-03-05,2027-03-05,10076,11,active
MB003611,U002896,普通会员,2026-07-04,2027-07-04,9029,15,active
MB003612,U002046,银卡会员,2025-06-27,2026-06-27,1503,14,active
MB003613,U000951,银卡会员,2025-08-16,2026-08-16,3194,3,active
MB003614,U000957,普通会员,2025-05-20,2026-05-20,402,4,active
MB003615,U004642,普通会员,2026-10-05,2027-10-05,10392,5,active
MB003616,U003452,金卡会员,2025-04-06,2026-04-06,493,10,active
MB003617,U004838,金卡会员,2025-01-10,2026-01-10,5631,5,active
MB003618,U002807,金卡会员,2025-03-24,2026-03-24,9918,7,active
MB003619,U003371,普通会员,2025-07-10,2026-07-10,1203,3,active
MB003620,U000825,普通会员,2026-05-18,2027-05-18,4799,12,active
MB003621,U001763,金卡会员,2025-08-11,2026-08-11,7901,0,active
MB003622,U001219,银卡会员,2026-02-12,2027-02-12,1213,4,active
MB003623,U002902,银卡会员,2026-03-29,2027-03-29,4213,11,active
MB003624,U002948,普通会员,2026-01-30,2027-01-30,3733,3,active
MB003625,U002717,普通会员,2025-04-30,2026-04-30,134,6,active
MB003626,U004746,普通会员,2025-04-01,2026-04-01,2032,12,active
MB003627,U000210,普通会员,2025-03-08,2026-03-08,7352,9,active
MB003628,U004489,银卡会员,2025-09-11,2026-09-11,413,10,active
MB003629,U001084,普通会员,2025-12-30,2026-12-30,2923,1,active
MB003630,U003131,普通会员,2026-03-13,2027-03-13,7887,9,active
MB003631,U000287,普通会员,2025-11-05,2026-11-05,7,11,active
MB003632,U001634,银卡会员,2026-07-20,2027-07-20,11378,0,active
MB003633,U002382,普通会员,2026-09-07,2027-09-07,9132,15,active
MB003634,U001291,银卡会员,2026-01-22,2027-01-22,9256,14,active
MB003635,U002157,银卡会员,2025-08-14,2026-08-14,10166,11,active
MB003636,U002945,普通会员,2025-11-09,2026-11-09,2711,2,active
MB003637,U001845,银卡会员,2026-05-23,2027-05-23,7204,6,active
MB003638,U003744,银卡会员,2025-09-18,2026-09-18,8420,15,active
MB003639,U004221,普通会员,2025-08-18,2026-08-18,11646,7,active
MB003640,U000637,普通会员,2025-04-29,2026-04-29,11288,4,active
MB003641,U002105,金卡会员,2026-04-30,2027-04-30,3376,12,active
MB003642,U004352,金卡会员,2025-06-02,2026-06-02,496,4,active
MB003643,U002527,黑金会员,2026-03-02,2027-03-02,1662,12,active
MB003644,U004681,普通会员,2025-05-17,2026-05-17,3995,0,active
MB003645,U004750,普通会员,2025-04-15,2026-04-15,11969,5,active
MB003646,U002055,普通会员,2025-11-28,2026-11-28,162,14,active
MB003647,U000746,黑金会员,2025-04-12,2026-04-12,6588,1,active
MB003648,U002456,金卡会员,2026-05-20,2027-05-20,11599,12,active
MB003649,U004092,银卡会员,2025-09-22,2026-09-22,8711,5,active
MB003650,U004900,普通会员,2026-06-22,2027-06-22,4040,5,active
MB003651,U003641,银卡会员,2025-04-22,2026-04-22,1986,7,active
MB003652,U003784,普通会员,2025-12-11,2026-12-11,4702,5,active
MB003653,U003512,普通会员,2026-08-30,2027-08-30,2293,2,active
MB003654,U001540,普通会员,2025-07-28,2026-07-28,8822,14,active
MB003655,U001732,普通会员,2026-11-03,2027-11-03,5322,0,active
MB003656,U000796,黑金会员,2026-03-16,2027-03-16,5367,3,active
MB003657,U001346,黑金会员,2025-07-16,2026-07-16,11573,8,active
MB003658,U004753,普通会员,2025-03-27,2026-03-27,3844,13,active
MB003659,U002079,金卡会员,2025-04-26,2026-04-26,1136,12,active
MB003660,U002004,普通会员,2025-04-27,2026-04-27,9210,15,active
MB003661,U000836,普通会员,2025-10-05,2026-10-05,6478,1,active
MB003662,U004664,银卡会员,2026-05-22,2027-05-22,9343,11,active
MB003663,U000501,普通会员,2026-08-05,2027-08-05,4884,3,active
MB003664,U004503,普通会员,2025-09-24,2026-09-24,9966,13,active
MB003665,U002750,普通会员,2025-06-01,2026-06-01,5070,9,active
MB003666,U004850,金卡会员,2025-09-16,2026-09-16,10638,15,active
MB003667,U000707,金卡会员,2026-03-14,2027-03-14,362,10,active
MB003668,U002690,金卡会员,2026-08-17,2027-08-17,3978,3,active
MB003669,U004726,银卡会员,2026-09-22,2027-09-22,2866,14,active
MB003670,U000616,普通会员,2026-07-29,2027-07-29,532,2,active
MB003671,U000081,金卡会员,2026-09-02,2027-09-02,4299,11,active
MB003672,U002865,普通会员,2026-06-01,2027-06-01,11275,1,active
MB003673,U002597,普通会员,2026-03-08,2027-03-08,182,5,active
MB003674,U002453,银卡会员,2025-10-30,2026-10-30,6554,4,active
MB003675,U001428,普通会员,2025-04-27,2026-04-27,9967,1,active
MB003676,U003912,银卡会员,2025-10-17,2026-10-17,409,5,active
MB003677,U003594,银卡会员,2026-07-15,2027-07-15,4776,4,active
MB003678,U002976,普通会员,2026-05-15,2027-05-15,10971,12,active
MB003679,U002485,金卡会员,2025-06-26,2026-06-26,5483,2,active
MB003680,U004635,金卡会员,2026-07-22,2027-07-22,1618,15,active
MB003681,U002506,普通会员,2026-11-24,2027-11-24,4984,3,active
MB003682,U002883,普通会员,2025-05-15,2026-05-15,5129,6,active
MB003683,U004623,金卡会员,2025-05-12,2026-05-12,8810,10,active
MB003684,U003035,银卡会员,2025-12-11,2026-12-11,663,7,active
MB003685,U004866,普通会员,2026-09-14,2027-09-14,5310,14,active
MB003686,U000675,金卡会员,2025-12-10,2026-12-10,6301,5,active
MB003687,U000664,普通会员,2025-12-20,2026-12-20,5814,11,active
MB003688,U003303,银卡会员,2026-06-06,2027-06-06,243,10,active
MB003689,U003961,普通会员,2025-10-02,2026-10-02,1189,11,active
MB003690,U002565,普通会员,2026-01-15,2027-01-15,9565,0,active
MB003691,U004015,银卡会员,2026-10-25,2027-10-25,8889,10,active
MB003692,U001333,金卡会员,2025-10-27,2026-10-27,1602,0,active
MB003693,U003760,普通会员,2026-07-23,2027-07-23,5385,13,active
MB003694,U001522,金卡会员,2026-11-01,2027-11-01,458,5,active
MB003695,U004988,银卡会员,2025-07-06,2026-07-06,7347,5,active
MB003696,U003119,普通会员,2025-02-14,2026-02-14,10973,10,active
MB003697,U000096,银卡会员,2025-12-15,2026-12-15,5777,12,active
MB003698,U002271,金卡会员,2026-10-11,2027-10-11,3357,11,active
MB003699,U002684,普通会员,2025-06-24,2026-06-24,4201,11,active
MB003700,U003809,普通会员,2025-06-30,2026-06-30,7110,5,active
MB003701,U003270,银卡会员,2025-06-23,2026-06-23,8781,2,active
MB003702,U004540,普通会员,2026-06-23,2027-06-23,588,7,active
MB003703,U003459,银卡会员,2026-07-06,2027-07-06,2099,4,active
MB003704,U004123,银卡会员,2025-09-30,2026-09-30,6510,5,active
MB003705,U001140,银卡会员,2026-09-23,2027-09-23,973,10,active
MB003706,U002032,普通会员,2025-08-21,2026-08-21,10434,12,active
MB003707,U003129,普通会员,2025-12-07,2026-12-07,2710,1,active
MB003708,U004107,金卡会员,2026-04-22,2027-04-22,2387,1,active
MB003709,U001123,普通会员,2025-09-28,2026-09-28,5320,3,active
MB003710,U000242,普通会员,2026-02-14,2027-02-14,2572,14,active
MB003711,U002210,金卡会员,2026-09-16,2027-09-16,6521,11,active
MB003712,U002202,普通会员,2025-11-28,2026-11-28,1543,6,active
MB003713,U004556,银卡会员,2026-08-29,2027-08-29,10524,7,active
MB003714,U003213,普通会员,2025-09-18,2026-09-18,4425,8,active
MB003715,U003629,普通会员,2025-05-13,2026-05-13,10057,0,active
MB003716,U000905,普通会员,2026-03-08,2027-03-08,4683,8,active
MB003717,U002583,普通会员,2026-07-11,2027-07-11,10986,6,active
MB003718,U003692,银卡会员,2026-01-03,2027-01-03,7917,9,active
MB003719,U003492,普通会员,2025-02-23,2026-02-23,6672,6,active
MB003720,U002567,银卡会员,2026-10-29,2027-10-29,7712,5,active
MB003721,U004109,普通会员,2026-08-04,2027-08-04,10650,0,active
MB003722,U001365,普通会员,2026-03-14,2027-03-14,2880,10,active
MB003723,U003803,普通会员,2025-10-01,2026-10-01,5379,10,active
MB003724,U003174,银卡会员,2026-02-02,2027-02-02,9048,15,active
MB003725,U004259,银卡会员,2026-08-24,2027-08-24,11162,3,active
MB003726,U002133,普通会员,2025-09-05,2026-09-05,3030,11,active
MB003727,U003308,金卡会员,2025-03-29,2026-03-29,7335,0,active
MB003728,U001703,银卡会员,2026-10-27,2027-10-27,1314,0,active
MB003729,U000693,金卡会员,2026-05-03,2027-05-03,7291,8,active
MB003730,U000436,普通会员,2025-10-27,2026-10-27,8261,9,active
MB003731,U000130,普通会员,2026-06-03,2027-06-03,3634,15,active
MB003732,U002955,普通会员,2025-11-18,2026-11-18,7542,14,active
MB003733,U003379,普通会员,2026-08-27,2027-08-27,10775,10,active
MB003734,U003111,普通会员,2025-11-22,2026-11-22,1913,2,active
MB003735,U001027,金卡会员,2025-05-27,2026-05-27,9478,12,active
MB003736,U002283,普通会员,2026-04-03,2027-04-03,2306,4,active
MB003737,U002529,普通会员,2025-10-30,2026-10-30,3305,15,active
MB003738,U002549,普通会员,2026-09-23,2027-09-23,6446,1,active
MB003739,U001271,银卡会员,2026-03-03,2027-03-03,1421,15,active
MB003740,U001199,银卡会员,2026-06-05,2027-06-05,9002,9,active
MB003741,U001625,普通会员,2026-08-10,2027-08-10,5189,3,active
MB003742,U003089,金卡会员,2025-09-20,2026-09-20,4773,6,active
MB003743,U002180,银卡会员,2025-06-07,2026-06-07,1584,6,active
MB003744,U004634,银卡会员,2026-05-13,2027-05-13,9027,12,active
MB003745,U003711,普通会员,2026-03-20,2027-03-20,9632,1,active
MB003746,U004483,普通会员,2025-08-03,2026-08-03,2355,3,active
MB003747,U002723,银卡会员,2025-07-31,2026-07-31,9291,9,active
MB003748,U000596,普通会员,2026-04-07,2027-04-07,3062,6,active
MB003749,U004448,普通会员,2025-05-02,2026-05-02,2074,6,active
MB003750,U000650,银卡会员,2026-07-31,2027-07-31,7810,9,active
MB003751,U002938,银卡会员,2025-11-09,2026-11-09,5515,4,active
MB003752,U001951,普通会员,2025-11-22,2026-11-22,1418,0,active
MB003753,U003296,银卡会员,2025-06-14,2026-06-14,8759,0,active
MB003754,U003953,黑金会员,2025-10-27,2026-10-27,4677,13,active
MB003755,U001362,普通会员,2026-06-03,2027-06-03,8923,7,active
MB003756,U003905,银卡会员,2025-10-13,2026-10-13,3045,1,active
MB003757,U001599,普通会员,2026-06-28,2027-06-28,445,5,active
MB003758,U002275,普通会员,2026-04-04,2027-04-04,10066,15,active
MB003759,U002564,金卡会员,2026-11-24,2027-11-24,4984,1,active
MB003760,U001754,普通会员,2026-05-16,2027-05-16,8393,10,active
MB003761,U002466,普通会员,2025-06-22,2026-06-22,1709,9,active
MB003762,U002761,银卡会员,2026-04-07,2027-04-07,531,4,active
MB003763,U002452,银卡会员,2025-09-23,2026-09-23,11223,15,active
MB003764,U002458,普通会员,2025-05-22,2026-05-22,5444,6,active
MB003765,U004794,金卡会员,2025-04-10,2026-04-10,1300,7,active
MB003766,U004163,普通会员,2025-08-07,2026-08-07,8194,12,active
MB003767,U001535,普通会员,2026-04-16,2027-04-16,5706,3,active
MB003768,U001339,银卡会员,2026-04-20,2027-04-20,6541,7,active
MB003769,U000348,普通会员,2026-10-19,2027-10-19,10346,2,active
MB003770,U001054,银卡会员,2026-02-11,2027-02-11,10033,8,active
MB003771,U001626,普通会员,2026-09-11,2027-09-11,11987,1,active
MB003772,U001406,普通会员,2025-05-15,2026-05-15,3315,3,active
MB003773,U000992,银卡会员,2025-11-14,2026-11-14,6098,3,active
MB003774,U003969,银卡会员,2025-09-03,2026-09-03,4662,12,active
MB003775,U004336,普通会员,2026-02-25,2027-02-25,9527,1,active
MB003776,U004594,黑金会员,2026-09-21,2027-09-21,11545,10,active
MB003777,U003745,普通会员,2025-05-19,2026-05-19,11801,5,active
MB003778,U003906,金卡会员,2025-11-11,2026-11-11,2265,0,active
MB003779,U001354,黑金会员,2026-10-29,2027-10-29,2814,6,active
MB003780,U002841,普通会员,2025-09-29,2026-09-29,3296,10,active
MB003781,U004665,银卡会员,2025-07-30,2026-07-30,9142,0,active
MB003782,U004310,普通会员,2025-12-08,2026-12-08,11610,0,active
MB003783,U001087,银卡会员,2025-12-28,2026-12-28,8765,2,active
MB003784,U003364,普通会员,2025-10-18,2026-10-18,2993,7,active
MB003785,U001252,银卡会员,2025-12-23,2026-12-23,5661,10,active
MB003786,U001581,银卡会员,2025-05-09,2026-05-09,2322,3,active
MB003787,U002997,银卡会员,2025-06-30,2026-06-30,3732,3,active
MB003788,U003197,普通会员,2026-07-20,2027-07-20,3154,5,active
MB003789,U000286,金卡会员,2026-03-08,2027-03-08,1641,11,active
MB003790,U003951,金卡会员,2025-12-21,2026-12-21,4659,1,active
MB003791,U003779,黑金会员,2025-10-19,2026-10-19,5839,11,active
MB003792,U001924,普通会员,2025-10-25,2026-10-25,9469,10,active
MB003793,U001664,普通会员,2025-06-13,2026-06-13,9107,5,active
MB003794,U003712,普通会员,2025-08-08,2026-08-08,3081,9,active
MB003795,U000173,银卡会员,2025-12-29,2026-12-29,6150,11,active
MB003796,U002969,银卡会员,2025-05-30,2026-05-30,9815,15,active
MB003797,U000071,黑金会员,2025-07-02,2026-07-02,11179,4,active
MB003798,U004296,银卡会员,2026-08-24,2027-08-24,10447,11,active
MB003799,U004758,银卡会员,2026-01-27,2027-01-27,8056,0,active
MB003800,U003165,普通会员,2025-10-11,2026-10-11,3336,12,active
MB003801,U003781,银卡会员,2025-06-16,2026-06-16,8114,10,active
MB003802,U002292,普通会员,2026-04-25,2027-04-25,7161,11,active
MB003803,U003269,银卡会员,2025-09-06,2026-09-06,1176,7,active
MB003804,U001475,银卡会员,2026-10-17,2027-10-17,2636,1,active
MB003805,U002825,普通会员,2026-04-15,2027-04-15,8905,14,active
MB003806,U000168,普通会员,2025-03-07,2026-03-07,8906,12,active
MB003807,U000234,银卡会员,2026-08-21,2027-08-21,4078,1,active
MB003808,U004412,银卡会员,2026-02-06,2027-02-06,5995,14,active
MB003809,U002511,银卡会员,2025-10-31,2026-10-31,11427,3,active
MB003810,U000117,普通会员,2026-10-14,2027-10-14,11834,10,active
MB003811,U001852,金卡会员,2026-01-02,2027-01-02,6353,10,active
MB003812,U004617,银卡会员,2025-04-23,2026-04-23,8108,8,active
MB003813,U001579,普通会员,2025-08-07,2026-08-07,293,15,active
MB003814,U004947,普通会员,2025-12-26,2026-12-26,3031,14,active
MB003815,U001662,普通会员,2025-08-26,2026-08-26,2497,0,active
MB003816,U000673,银卡会员,2026-07-22,2027-07-22,1948,7,active
MB003817,U002760,银卡会员,2025-06-18,2026-06-18,4756,15,active
MB003818,U002732,普通会员,2025-07-04,2026-07-04,6099,0,active
MB003819,U000519,普通会员,2025-08-03,2026-08-03,8835,9,active
MB003820,U002433,普通会员,2025-10-30,2026-10-30,4051,0,active
MB003821,U004474,金卡会员,2026-04-04,2027-04-04,7822,15,active
MB003822,U004928,普通会员,2025-07-04,2026-07-04,6392,13,active
MB003823,U001836,普通会员,2025-09-27,2026-09-27,3618,7,active
MB003824,U001803,银卡会员,2025-10-29,2026-10-29,11933,13,active
MB003825,U000093,普通会员,2025-05-14,2026-05-14,3009,4,active
MB003826,U001489,普通会员,2026-07-13,2027-07-13,5488,6,active
MB003827,U000869,普通会员,2026-02-25,2027-02-25,1859,13,active
MB003828,U002159,普通会员,2025-05-04,2026-05-04,453,2,active
MB003829,U002065,普通会员,2026-02-03,2027-02-03,4759,13,active
MB003830,U004637,普通会员,2025-04-13,2026-04-13,1700,4,active
MB003831,U004442,普通会员,2025-06-26,2026-06-26,4689,3,active
MB003832,U002417,普通会员,2026-03-02,2027-03-02,10142,6,active
MB003833,U000423,普通会员,2025-05-12,2026-05-12,7353,4,active
MB003834,U003536,普通会员,2025-04-23,2026-04-23,9641,15,active
MB003835,U002689,普通会员,2025-07-15,2026-07-15,3085,7,active
MB003836,U001361,黑金会员,2025-09-07,2026-09-07,10664,15,active
MB003837,U002089,普通会员,2026-02-15,2027-02-15,11911,3,active
MB003838,U004524,银卡会员,2026-05-27,2027-05-27,6703,8,active
MB003839,U003520,普通会员,2026-06-22,2027-06-22,9579,6,active
MB003840,U001449,普通会员,2026-10-20,2027-10-20,11422,0,active
MB003841,U000601,普通会员,2026-02-11,2027-02-11,9718,2,active
MB003842,U001799,普通会员,2025-04-30,2026-04-30,367,9,active
MB003843,U001523,金卡会员,2025-09-20,2026-09-20,4648,4,active
MB003844,U003848,银卡会员,2025-06-29,2026-06-29,6026,11,active
MB003845,U000562,普通会员,2025-11-05,2026-11-05,3928,13,active
MB003846,U001942,普通会员,2025-11-05,2026-11-05,11649,6,active
MB003847,U000867,银卡会员,2025-09-26,2026-09-26,5333,9,active
MB003848,U004017,普通会员,2026-01-08,2027-01-08,8345,0,active
MB003849,U002461,普通会员,2026-05-31,2027-05-31,1041,7,active
MB003850,U002064,金卡会员,2026-09-26,2027-09-26,7107,2,active
MB003851,U002899,普通会员,2026-02-07,2027-02-07,8124,6,active
MB003852,U004572,银卡会员,2025-03-02,2026-03-02,11365,2,active
MB003853,U002736,普通会员,2025-11-26,2026-11-26,307,6,active
MB003854,U003778,普通会员,2025-04-13,2026-04-13,6000,1,active
MB003855,U004660,普通会员,2025-09-08,2026-09-08,10960,14,active
MB003856,U003469,普通会员,2025-04-14,2026-04-14,9573,13,active
MB003857,U000313,金卡会员,2025-08-16,2026-08-16,3360,3,active
MB003858,U000871,普通会员,2026-09-20,2027-09-20,5073,7,active
MB003859,U003804,普通会员,2026-09-07,2027-09-07,11964,5,active
MB003860,U002620,金卡会员,2025-07-21,2026-07-21,10339,8,active
MB003861,U001620,银卡会员,2026-07-16,2027-07-16,4362,15,active
MB003862,U001597,金卡会员,2026-05-08,2027-05-08,7115,3,active
MB003863,U002298,普通会员,2026-09-07,2027-09-07,2241,11,active
MB003864,U003974,普通会员,2026-04-21,2027-04-21,1433,2,active
MB003865,U003546,银卡会员,2026-03-03,2027-03-03,11868,11,active
MB003866,U001731,普通会员,2025-10-18,2026-10-18,5702,0,active
MB003867,U002693,普通会员,2026-07-08,2027-07-08,958,0,active
MB003868,U002084,普通会员,2026-04-14,2027-04-14,1350,3,active
MB003869,U004091,普通会员,2025-08-19,2026-08-19,934,11,active
MB003870,U001746,普通会员,2026-01-12,2027-01-12,1536,4,active
MB003871,U002804,普通会员,2025-07-09,2026-07-09,1930,8,active
MB003872,U003851,普通会员,2025-08-28,2026-08-28,7681,3,active
MB003873,U004127,银卡会员,2025-09-03,2026-09-03,7274,6,active
MB003874,U004703,银卡会员,2026-01-29,2027-01-29,8866,11,active
MB003875,U001648,黑金会员,2025-08-31,2026-08-31,8190,5,active
MB003876,U000731,银卡会员,2026-06-01,2027-06-01,1470,10,active
MB003877,U000251,银卡会员,2025-06-10,2026-06-10,10650,5,active
MB003878,U002352,银卡会员,2025-02-05,2026-02-05,8746,5,active
MB003879,U001903,普通会员,2025-12-04,2026-12-04,4229,5,active
MB003880,U002114,黑金会员,2025-07-30,2026-07-30,8998,2,active
MB003881,U002589,普通会员,2026-08-28,2027-08-28,6014,1,active
MB003882,U001360,普通会员,2026-01-27,2027-01-27,2695,12,active
MB003883,U001735,普通会员,2025-11-17,2026-11-17,262,1,active
MB003884,U003599,金卡会员,2026-01-03,2027-01-03,778,2,active
MB003885,U002518,银卡会员,2025-12-19,2026-12-19,8585,11,active
MB003886,U002615,普通会员,2026-07-19,2027-07-19,10036,7,active
MB003887,U000290,普通会员,2026-11-30,2027-11-30,3436,7,active
MB003888,U002674,金卡会员,2026-07-04,2027-07-04,9304,5,active
MB003889,U002927,黑金会员,2025-11-12,2026-11-12,3577,10,active
MB003890,U004234,金卡会员,2026-04-29,2027-04-29,2119,14,active
MB003891,U003580,普通会员,2025-10-12,2026-10-12,11353,6,active
MB003892,U003162,银卡会员,2025-02-02,2026-02-02,6036,0,active
MB003893,U004165,银卡会员,2025-09-21,2026-09-21,1687,5,active
MB003894,U001026,银卡会员,2025-10-07,2026-10-07,11146,6,active
MB003895,U002519,普通会员,2026-09-23,2027-09-23,5019,1,active
MB003896,U000307,银卡会员,2025-05-14,2026-05-14,6434,13,active
MB003897,U004853,普通会员,2025-08-28,2026-08-28,3924,5,active
MB003898,U001897,银卡会员,2025-08-05,2026-08-05,866,10,active
MB003899,U001905,普通会员,2026-04-20,2027-04-20,4571,7,active
MB003900,U004299,普通会员,2025-07-25,2026-07-25,10499,14,active
MB003901,U003614,普通会员,2025-08-14,2026-08-14,11592,15,active
MB003902,U002612,普通会员,2025-10-02,2026-10-02,3154,2,active
MB003903,U001650,普通会员,2026-05-03,2027-05-03,1881,8,active
MB003904,U000339,银卡会员,2026-04-11,2027-04-11,8901,3,active
MB003905,U003904,普通会员,2026-06-10,2027-06-10,8550,5,active
MB003906,U004242,普通会员,2025-07-02,2026-07-02,5641,8,active
MB003907,U003542,普通会员,2025-07-18,2026-07-18,1294,12,active
MB003908,U003638,金卡会员,2025-12-08,2026-12-08,3552,14,active
MB003909,U004542,普通会员,2026-06-15,2027-06-15,7291,9,active
MB003910,U001592,普通会员,2025-09-12,2026-09-12,2025,2,active
MB003911,U001801,金卡会员,2025-05-03,2026-05-03,1680,2,active
MB003912,U001056,普通会员,2025-10-19,2026-10-19,4855,1,active
MB003913,U003765,黑金会员,2026-01-11,2027-01-11,4783,11,active
MB003914,U000943,银卡会员,2026-08-26,2027-08-26,9456,6,active
MB003915,U000140,银卡会员,2026-04-17,2027-04-17,2120,7,active
MB003916,U003158,普通会员,2026-06-06,2027-06-06,5709,11,active
MB003917,U004975,银卡会员,2026-09-07,2027-09-07,9828,6,active
MB003918,U003943,普通会员,2025-09-30,2026-09-30,3081,7,active
MB003919,U002989,普通会员,2025-01-31,2026-01-31,600,10,active
MB003920,U001196,普通会员,2025-09-09,2026-09-09,9145,8,active
MB003921,U002729,普通会员,2026-06-01,2027-06-01,4678,11,active
MB003922,U002744,金卡会员,2025-12-23,2026-12-23,9826,8,active
MB003923,U004356,普通会员,2026-06-10,2027-06-10,4020,2,active
MB003924,U003484,普通会员,2025-08-29,2026-08-29,11091,7,active
MB003925,U003611,普通会员,2026-07-26,2027-07-26,9580,1,active
MB003926,U004776,普通会员,2026-07-23,2027-07-23,3896,13,active
MB003927,U003888,银卡会员,2026-06-02,2027-06-02,11486,12,active
MB003928,U000053,金卡会员,2026-06-02,2027-06-02,3004,0,active
MB003929,U002994,普通会员,2026-03-24,2027-03-24,9204,9,active
MB003930,U004632,普通会员,2026-04-23,2027-04-23,10486,7,active
MB003931,U000687,普通会员,2026-10-16,2027-10-16,3372,11,active
MB003932,U004973,普通会员,2025-07-14,2026-07-14,2206,0,active
MB003933,U003232,普通会员,2026-01-03,2027-01-03,9234,13,active
MB003934,U002749,普通会员,2025-10-24,2026-10-24,7450,4,active
MB003935,U002196,黑金会员,2025-06-17,2026-06-17,3115,1,active
MB003936,U004452,普通会员,2025-07-18,2026-07-18,10614,8,active
MB003937,U004720,普通会员,2025-09-04,2026-09-04,8373,3,active
MB003938,U001881,银卡会员,2025-07-27,2026-07-27,3762,2,active
MB003939,U003209,银卡会员,2026-05-12,2027-05-12,2592,14,active
MB003940,U004132,普通会员,2026-06-21,2027-06-21,909,2,active
MB003941,U000978,黑金会员,2025-04-27,2026-04-27,11145,13,active
MB003942,U000653,普通会员,2025-08-25,2026-08-25,8175,7,active
MB003943,U001012,银卡会员,2025-10-23,2026-10-23,2510,2,active
MB003944,U000028,普通会员,2026-10-07,2027-10-07,6908,12,active
MB003945,U000610,普通会员,2026-01-24,2027-01-24,9351,0,active
MB003946,U000817,银卡会员,2025-07-18,2026-07-18,8929,0,active
MB003947,U003873,银卡会员,2025-07-20,2026-07-20,6381,13,active
MB003948,U002022,黑金会员,2026-09-24,2027-09-24,6404,10,active
MB003949,U000211,银卡会员,2026-05-05,2027-05-05,3079,6,active
MB003950,U001433,银卡会员,2025-05-03,2026-05-03,8874,11,active
MB003951,U002823,普通会员,2025-12-04,2026-12-04,1873,10,active
MB003952,U000134,银卡会员,2026-03-20,2027-03-20,4087,15,active
MB003953,U004995,普通会员,2025-08-17,2026-08-17,9299,15,active
MB003954,U002437,银卡会员,2025-12-22,2026-12-22,5615,4,active
MB003955,U002025,普通会员,2026-01-27,2027-01-27,3475,0,active
MB003956,U001822,普通会员,2025-05-27,2026-05-27,6745,7,active
MB003957,U003212,普通会员,2026-02-25,2027-02-25,11112,10,active
MB003958,U000050,银卡会员,2026-02-07,2027-02-07,11579,13,active
MB003959,U004189,普通会员,2025-07-03,2026-07-03,2208,2,active
MB003960,U004828,金卡会员,2025-10-04,2026-10-04,4276,0,active
MB003961,U004033,银卡会员,2025-08-28,2026-08-28,987,4,active
MB003962,U000004,普通会员,2026-04-03,2027-04-03,6027,13,active
MB003963,U001800,普通会员,2026-01-01,2027-01-01,11912,2,active
MB003964,U003106,银卡会员,2026-08-04,2027-08-04,4102,4,active
MB003965,U004613,银卡会员,2026-08-11,2027-08-11,7002,0,active
MB003966,U000273,普通会员,2025-05-20,2026-05-20,530,6,active
MB003967,U000132,普通会员,2025-06-02,2026-06-02,3121,4,active
MB003968,U001261,普通会员,2025-07-13,2026-07-13,4627,1,active
MB003969,U002267,银卡会员,2025-10-22,2026-10-22,3828,11,active
MB003970,U002492,银卡会员,2025-09-15,2026-09-15,2224,12,active
MB003971,U003036,银卡会员,2026-10-06,2027-10-06,4702,0,active
MB003972,U004797,银卡会员,2025-10-19,2026-10-19,9101,5,active
MB003973,U000525,普通会员,2026-02-05,2027-02-05,5691,4,active
MB003974,U000496,普通会员,2026-03-08,2027-03-08,6675,1,active
MB003975,U004785,普通会员,2025-04-24,2026-04-24,9262,6,active
MB003976,U001439,黑金会员,2025-04-05,2026-04-05,5106,1,active
MB003977,U000588,普通会员,2025-12-03,2026-12-03,8529,2,active
MB003978,U002103,普通会员,2025-09-23,2026-09-23,8546,15,active
MB003979,U002250,普通会员,2026-06-10,2027-06-10,5051,7,active
MB003980,U001200,银卡会员,2026-11-11,2027-11-11,3568,15,active
MB003981,U004399,普通会员,2026-10-08,2027-10-08,4964,7,active
MB003982,U003872,普通会员,2025-12-27,2026-12-27,9286,2,active
MB003983,U004807,金卡会员,2025-12-23,2026-12-23,368,11,active
MB003984,U004654,银卡会员,2026-07-30,2027-07-30,3606,6,active
MB003985,U001573,普通会员,2025-08-02,2026-08-02,2176,10,active
MB003986,U000891,银卡会员,2025-04-22,2026-04-22,540,5,active
MB003987,U000376,普通会员,2025-06-04,2026-06-04,7836,10,active
MB003988,U000104,普通会员,2025-03-14,2026-03-14,8330,1,active
MB003989,U003172,普通会员,2026-08-15,2027-08-15,11984,8,active
MB003990,U000215,普通会员,2025-12-26,2026-12-26,7067,11,active
MB003991,U000523,金卡会员,2025-09-16,2026-09-16,1813,2,active
MB003992,U000335,银卡会员,2025-06-13,2026-06-13,10912,3,active
MB003993,U003304,金卡会员,2025-08-05,2026-08-05,263,0,active
MB003994,U002580,银卡会员,2025-10-10,2026-10-10,10542,3,active
MB003995,U000094,普通会员,2026-03-06,2027-03-06,8317,2,active
MB003996,U000666,普通会员,2026-10-13,2027-10-13,2479,15,active
MB003997,U002810,银卡会员,2025-05-27,2026-05-27,5717,2,active
MB003998,U001705,普通会员,2025-07-08,2026-07-08,7142,3,active
MB003999,U001712,银卡会员,2025-07-11,2026-07-11,2807,4,active
MB004000,U001231,银卡会员,2026-07-17,2027-07-17,6621,14,active
