relation_id,user_id,tag_id,score,assigned_at,source
UTR00000001,U003010,TAG02,0.6176,2025-01-25 03:42:00,model
UTR00000002,U000883,TAG08,0.745,2026-01-20 06:55:21,rule
UTR00000003,U001581,TAG13,0.5508,2025-06-16 22:50:56,model
UTR00000004,U003251,TAG07,0.6701,2026-06-02 11:07:43,rule
UTR00000005,U002248,TAG03,0.9608,2025-12-28 17:06:15,manual
UTR00000006,U002120,TAG09,0.998,2026-01-28 19:17:02,rule
UTR00000007,U003284,TAG12,0.7641,2026-08-11 04:12:28,rule
UTR00000008,U000253,TAG04,0.8476,2025-11-06 22:18:06,rule
UTR00000009,U002176,TAG16,0.561,2026-06-15 07:10:23,model
UTR00000010,U000989,TAG01,0.603,2026-04-01 09:40:25,rule
UTR00000011,U004484,TAG03,0.7086,2026-05-20 17:23:21,rule
UTR00000012,U000793,TAG07,0.8359,2025-07-29 07:31:37,rule
UTR00000013,U000337,TAG09,0.6505,2026-05-22 17:05:18,model
UTR00000014,U002978,TAG08,0.9464,2025-12-14 11:21:33,rule
UTR00000015,U004763,TAG04,0.5637,2025-11-12 17:24:46,model
UTR00000016,U003081,TAG14,0.682,2025-07-31 10:22:04,model
UTR00000017,U001128,TAG15,0.999,2025-07-26 01:22:05,rule
UTR00000018,U002437,TAG02,0.6488,2025-09-20 03:48:40,model
UTR00000019,U003991,TAG11,0.8277,2025-12-20 17:01:19,manual
UTR00000020,U004925,TAG06,0.6909,2025-01-19 19:53:00,rule
UTR00000021,U000822,TAG02,0.6519,2025-03-21 10:04:59,rule
UTR00000022,U002996,TAG05,0.9048,2025-08-10 16:15:50,rule
UTR00000023,U002803,TAG02,0.9916,2025-12-25 11:21:36,rule
UTR00000024,U000769,TAG15,0.9772,2025-04-16 13:26:18,rule
UTR00000025,U002668,TAG03,0.661,2025-05-02 21:03:30,rule
UTR00000026,U003225,TAG11,0.5752,2025-11-26 22:45:23,rule
UTR00000027,U004604,TAG08,0.6885,2025-06-13 10:53:21,rule
UTR00000028,U003226,TAG16,0.6515,2025-02-04 18:47:30,rule
UTR00000029,U004965,TAG16,0.8694,2026-06-23 17:05:57,rule
UTR00000030,U003581,TAG12,0.6474,2025-01-07 05:44:39,rule
UTR00000031,U003710,TAG13,0.8169,2025-02-24 12:40:46,model
UTR00000032,U000274,TAG09,0.5976,2026-07-21 22:27:38,rule
UTR00000033,U000966,TAG08,0.8836,2025-01-12 15:23:52,rule
UTR00000034,U001006,TAG14,0.5835,2025-07-08 20:28:42,model
UTR00000035,U002181,TAG08,0.5653,2025-04-30 11:24:50,model
UTR00000036,U003064,TAG07,0.9126,2026-03-24 02:53:03,rule
UTR00000037,U003123,TAG11,0.7966,2025-05-05 03:10:00,model
UTR00000038,U002126,TAG12,0.5922,2026-08-10 02:01:43,model
UTR00000039,U001023,TAG15,0.5899,2026-03-29 15:07:48,model
UTR00000040,U002773,TAG06,0.5663,2025-11-18 21:28:29,rule
UTR00000041,U003275,TAG05,0.8127,2025-08-08 16:04:34,manual
UTR00000042,U001535,TAG05,0.8207,2025-01-13 08:08:25,rule
UTR00000043,U000589,TAG16,0.5916,2025-07-12 20:46:14,rule
UTR00000044,U004904,TAG11,0.6038,2026-01-11 07:05:14,rule
UTR00000045,U002361,TAG08,0.9893,2025-07-02 22:48:01,model
UTR00000046,U000791,TAG14,0.6129,2025-07-03 02:17:49,rule
UTR00000047,U003655,TAG11,0.5736,2026-07-12 12:02:06,rule
UTR00000048,U001095,TAG04,0.9467,2026-04-20 18:52:05,rule
UTR00000049,U000447,TAG03,0.7092,2025-01-04 22:23:08,rule
UTR00000050,U000212,TAG12,0.934,2025-04-13 13:22:31,rule
UTR00000051,U004143,TAG15,0.7835,2025-10-07 23:01:20,model
UTR00000052,U002376,TAG09,0.9238,2025-09-17 06:23:38,model
UTR00000053,U000270,TAG15,0.5793,2025-08-18 20:50:25,rule
UTR00000054,U000279,TAG13,0.5659,2026-02-17 05:02:45,model
UTR00000055,U003887,TAG12,0.5726,2025-02-24 04:40:26,model
UTR00000056,U004720,TAG13,0.5945,2025-01-06 03:06:08,model
UTR00000057,U002582,TAG10,0.75,2025-03-18 13:29:41,model
UTR00000058,U004363,TAG10,0.9771,2025-07-11 11:28:16,rule
UTR00000059,U004208,TAG10,0.5869,2026-06-29 00:03:18,rule
UTR00000060,U001703,TAG08,0.9759,2025-11-10 05:13:04,rule
UTR00000061,U004812,TAG05,0.797,2025-10-27 10:16:03,rule
UTR00000062,U002397,TAG13,0.8629,2025-10-07 19:43:02,model
UTR00000063,U002579,TAG08,0.8961,2026-01-07 10:05:33,rule
UTR00000064,U004822,TAG09,0.7451,2026-02-01 01:58:50,rule
UTR00000065,U004286,TAG16,0.6193,2025-01-11 01:25:22,model
UTR00000066,U004052,TAG10,0.6998,2025-09-29 12:17:52,rule
UTR00000067,U004014,TAG15,0.9474,2026-05-23 11:48:16,rule
UTR00000068,U003206,TAG16,0.9145,2025-03-20 05:27:22,rule
UTR00000069,U003526,TAG04,0.5569,2025-04-12 04:12:08,rule
UTR00000070,U000578,TAG11,0.737,2025-05-12 23:00:31,model
UTR00000071,U003093,TAG12,0.6379,2025-01-30 05:15:53,rule
UTR00000072,U002877,TAG13,0.849,2025-09-04 18:57:31,rule
UTR00000073,U003731,TAG15,0.749,2026-02-21 23:28:34,rule
UTR00000074,U002497,TAG15,0.8199,2025-09-17 17:51:33,model
UTR00000075,U000969,TAG11,0.9338,2025-05-16 00:45:49,model
UTR00000076,U002275,TAG06,0.9574,2026-01-19 04:28:17,rule
UTR00000077,U004626,TAG12,0.7254,2025-11-16 02:52:21,model
UTR00000078,U004408,TAG13,0.6078,2026-06-24 04:39:52,rule
UTR00000079,U000564,TAG07,0.9957,2025-08-19 07:22:21,rule
UTR00000080,U000505,TAG13,0.6482,2025-08-14 20:39:00,rule
UTR00000081,U002992,TAG03,0.7077,2026-08-12 20:09:16,model
UTR00000082,U004492,TAG05,0.6842,2026-06-08 18:06:33,rule
UTR00000083,U000110,TAG06,0.9273,2026-04-28 18:31:07,model
UTR00000084,U001374,TAG01,0.6305,2026-05-06 07:50:53,rule
UTR00000085,U003106,TAG04,0.5628,2025-03-06 07:20:49,rule
UTR00000086,U001990,TAG02,0.8227,2025-06-08 00:15:44,rule
UTR00000087,U002674,TAG07,0.8488,2025-10-26 20:21:42,model
UTR00000088,U004539,TAG09,0.5596,2025-05-16 06:37:20,rule
UTR00000089,U004202,TAG16,0.6464,2025-07-08 14:56:52,rule
UTR00000090,U002592,TAG06,0.6083,2025-12-24 21:53:23,rule
UTR00000091,U002440,TAG04,0.6284,2026-02-21 17:51:03,model
UTR00000092,U003477,TAG15,0.9617,2026-03-18 09:27:50,model
UTR00000093,U001055,TAG16,0.7327,2025-09-15 02:50:04,rule
UTR00000094,U004431,TAG02,0.6717,2026-01-16 07:25:47,model
UTR00000095,U002590,TAG08,0.7492,2025-12-23 07:29:27,rule
UTR00000096,U004418,TAG09,0.5694,2025-10-20 16:55:09,model
UTR00000097,U001812,TAG06,0.5663,2026-02-03 16:31:05,model
UTR00000098,U001081,TAG13,0.8433,2026-05-08 16:41:11,rule
UTR00000099,U002207,TAG11,0.7529,2025-03-23 07:30:29,rule
UTR00000100,U004376,TAG07,0.6017,2025-08-07 12:36:38,rule
UTR00000101,U004114,TAG10,0.589,2025-10-15 07:12:41,rule
UTR00000102,U004152,TAG10,0.5583,2026-04-04 18:03:23,manual
UTR00000103,U001290,TAG04,0.762,2026-03-23 22:10:49,rule
UTR00000104,U004928,TAG14,0.9308,2025-08-20 16:17:43,model
UTR00000105,U002969,TAG06,0.5531,2025-05-20 04:30:20,model
UTR00000106,U004477,TAG10,0.7213,2025-07-06 03:27:59,model
UTR00000107,U000024,TAG01,0.5953,2026-08-18 08:11:12,model
UTR00000108,U004535,TAG10,0.7607,2025-05-27 13:16:33,model
UTR00000109,U001345,TAG01,0.6803,2025-08-24 23:28:19,model
UTR00000110,U000429,TAG12,0.6052,2026-03-28 03:59:53,rule
UTR00000111,U003488,TAG09,0.9151,2025-07-21 13:22:41,rule
UTR00000112,U002139,TAG14,0.6524,2025-02-24 09:20:58,rule
UTR00000113,U001304,TAG12,0.9878,2025-05-28 03:51:44,model
UTR00000114,U003411,TAG02,0.6291,2025-02-18 11:28:30,model
UTR00000115,U003051,TAG02,0.6405,2025-06-11 13:02:26,rule
UTR00000116,U001701,TAG14,0.5779,2025-03-16 21:43:55,rule
UTR00000117,U004071,TAG03,0.8875,2025-07-27 05:28:59,model
UTR00000118,U000753,TAG09,0.6397,2025-11-06 22:12:07,rule
UTR00000119,U001981,TAG15,0.595,2025-05-31 23:31:25,rule
UTR00000120,U000760,TAG14,0.7776,2026-06-27 07:11:27,rule
UTR00000121,U000968,TAG16,0.7581,2026-01-06 23:44:39,rule
UTR00000122,U001114,TAG09,0.7323,2025-01-06 10:45:28,rule
UTR00000123,U003899,TAG13,0.7485,2025-10-30 17:25:18,model
UTR00000124,U002949,TAG06,0.9676,2025-01-11 19:25:43,model
UTR00000125,U000615,TAG01,0.8822,2026-03-26 17:47:35,rule
UTR00000126,U000134,TAG08,0.7295,2025-02-19 00:56:54,model
UTR00000127,U001702,TAG08,0.7949,2026-03-05 05:30:42,model
UTR00000128,U002649,TAG13,0.676,2025-08-30 21:04:57,model
UTR00000129,U001726,TAG04,0.6706,2026-05-22 10:08:20,model
UTR00000130,U000347,TAG12,0.9631,2026-01-05 11:27:49,model
UTR00000131,U000447,TAG08,0.7806,2025-07-20 21:29:06,model
UTR00000132,U004092,TAG08,0.8304,2025-01-02 19:36:04,manual
UTR00000133,U000069,TAG07,0.8179,2025-04-03 07:29:00,model
UTR00000134,U004017,TAG06,0.631,2025-06-16 01:22:51,rule
UTR00000135,U004429,TAG05,0.9728,2026-01-20 03:24:36,model
UTR00000136,U004938,TAG07,0.9446,2026-07-01 05:52:31,model
UTR00000137,U002207,TAG04,0.6407,2026-08-16 22:06:36,model
UTR00000138,U002778,TAG13,0.7523,2025-01-02 19:34:12,rule
UTR00000139,U000504,TAG02,0.6719,2025-12-03 09:56:11,model
UTR00000140,U000815,TAG09,0.6346,2025-07-14 11:17:33,manual
UTR00000141,U002501,TAG07,0.6474,2025-11-22 07:40:45,model
UTR00000142,U002857,TAG06,0.8949,2025-04-05 00:54:21,model
UTR00000143,U002176,TAG01,0.8206,2025-05-20 02:02:14,model
UTR00000144,U002809,TAG09,0.8481,2025-06-14 20:02:18,model
UTR00000145,U001747,TAG09,0.5536,2025-05-20 06:33:42,rule
UTR00000146,U001299,TAG14,0.9447,2025-08-12 18:56:28,model
UTR00000147,U002397,TAG06,0.5749,2025-02-09 03:44:17,rule
UTR00000148,U003007,TAG15,0.5632,2026-07-21 05:55:18,rule
UTR00000149,U000282,TAG05,0.6911,2025-08-19 22:58:37,rule
UTR00000150,U001842,TAG13,0.9245,2026-02-13 15:57:40,model
UTR00000151,U002220,TAG09,0.6277,2025-12-24 16:34:51,model
UTR00000152,U004693,TAG05,0.8623,2026-02-21 11:02:55,model
UTR00000153,U004649,TAG06,0.7274,2025-07-13 09:27:33,rule
UTR00000154,U004665,TAG07,0.8328,2025-10-17 01:04:42,rule
UTR00000155,U001947,TAG01,0.6603,2025-07-05 20:09:43,rule
UTR00000156,U002743,TAG13,0.7931,2025-01-29 23:36:57,model
UTR00000157,U001177,TAG10,0.7731,2025-05-24 01:57:13,model
UTR00000158,U001352,TAG12,0.6487,2025-07-25 06:40:35,rule
UTR00000159,U001672,TAG01,0.6948,2026-02-09 06:34:04,rule
UTR00000160,U001624,TAG16,0.6282,2025-11-05 12:35:39,model
UTR00000161,U001261,TAG14,0.9758,2025-07-24 22:45:58,rule
UTR00000162,U001793,TAG14,0.993,2025-03-29 21:30:57,rule
UTR00000163,U002048,TAG05,0.8456,2025-03-22 02:39:27,rule
UTR00000164,U003412,TAG05,0.6996,2026-03-01 00:50:37,model
UTR00000165,U000063,TAG02,0.9452,2025-06-03 13:02:05,manual
UTR00000166,U003350,TAG06,0.9963,2025-08-12 21:44:00,model
UTR00000167,U001117,TAG15,0.9351,2025-02-25 18:55:04,model
UTR00000168,U003399,TAG16,0.7031,2025-03-11 15:02:17,rule
UTR00000169,U001286,TAG05,0.8659,2026-04-24 20:19:10,model
UTR00000170,U003834,TAG09,0.681,2026-07-02 08:26:55,rule
UTR00000171,U003730,TAG10,0.954,2025-06-21 02:37:06,model
UTR00000172,U002756,TAG13,0.7926,2025-04-13 16:05:19,rule
UTR00000173,U000478,TAG13,0.7783,2026-02-18 23:37:17,rule
UTR00000174,U000567,TAG07,0.8863,2025-01-24 19:26:34,rule
UTR00000175,U003032,TAG10,0.965,2025-04-09 13:57:29,rule
UTR00000176,U001722,TAG14,0.6617,2025-12-26 08:06:50,rule
UTR00000177,U003133,TAG12,0.6241,2025-07-28 15:11:03,rule
UTR00000178,U000003,TAG02,0.9699,2025-01-04 06:43:07,rule
UTR00000179,U001086,TAG03,0.7321,2025-10-19 15:05:43,rule
UTR00000180,U000231,TAG12,0.6606,2025-01-10 02:36:13,rule
UTR00000181,U002159,TAG10,0.8858,2026-03-22 13:12:30,model
UTR00000182,U003271,TAG16,0.8159,2025-11-01 20:55:38,rule
UTR00000183,U003788,TAG07,0.6918,2025-07-27 13:36:51,manual
UTR00000184,U002643,TAG14,0.9961,2025-02-03 15:02:17,rule
UTR00000185,U003876,TAG12,0.9364,2026-01-30 23:20:20,rule
UTR00000186,U003321,TAG04,0.5706,2026-06-23 09:33:39,manual
UTR00000187,U001224,TAG14,0.5699,2025-10-28 08:58:18,model
UTR00000188,U002861,TAG10,0.9477,2025-03-09 01:02:52,rule
UTR00000189,U004338,TAG07,0.7366,2025-09-05 22:41:56,rule
UTR00000190,U001976,TAG03,0.6853,2025-11-29 11:59:56,rule
UTR00000191,U004124,TAG14,0.8943,2025-11-02 19:02:58,rule
UTR00000192,U003556,TAG04,0.6173,2025-04-06 11:40:22,model
UTR00000193,U002757,TAG13,0.7817,2026-06-01 08:50:46,rule
UTR00000194,U003703,TAG10,0.9355,2025-02-13 12:12:30,model
UTR00000195,U003819,TAG05,0.601,2026-03-06 23:29:03,model
UTR00000196,U001457,TAG07,0.5875,2025-12-26 08:14:38,model
UTR00000197,U004041,TAG06,0.9892,2026-05-11 08:43:53,model
UTR00000198,U003455,TAG05,0.7053,2026-05-22 16:58:41,rule
UTR00000199,U003803,TAG01,0.9892,2025-01-31 16:49:12,model
UTR00000200,U002468,TAG01,0.8655,2025-08-06 19:41:31,model
UTR00000201,U003415,TAG06,0.714,2025-03-31 00:27:35,model
UTR00000202,U004156,TAG02,0.7388,2026-05-25 20:05:23,model
UTR00000203,U001174,TAG11,0.898,2026-07-18 14:12:05,rule
UTR00000204,U002250,TAG11,0.6099,2025-05-30 15:15:22,model
UTR00000205,U002737,TAG10,0.6848,2026-03-14 02:25:28,rule
UTR00000206,U002960,TAG14,0.9665,2025-08-24 08:14:20,model
UTR00000207,U002565,TAG01,0.964,2025-10-03 23:08:41,rule
UTR00000208,U001163,TAG06,0.6113,2026-02-15 00:40:06,rule
UTR00000209,U004952,TAG09,0.7115,2025-11-13 06:09:28,model
UTR00000210,U002094,TAG05,0.717,2025-10-24 07:01:27,rule
UTR00000211,U002917,TAG11,0.8062,2025-10-07 20:45:55,rule
UTR00000212,U000381,TAG06,0.779,2025-09-16 13:01:07,rule
UTR00000213,U004093,TAG09,0.624,2025-04-26 16:22:49,rule
UTR00000214,U004117,TAG03,0.9835,2026-04-27 07:43:48,model
UTR00000215,U002975,TAG13,0.7821,2026-04-06 06:04:05,model
UTR00000216,U001515,TAG07,0.8005,2025-01-13 09:55:40,model
UTR00000217,U001972,TAG07,0.5533,2025-06-11 00:37:02,model
UTR00000218,U002804,TAG04,0.5929,2026-03-19 00:33:41,rule
UTR00000219,U003424,TAG11,0.8585,2026-08-21 15:18:10,rule
UTR00000220,U003546,TAG11,0.7508,2025-06-05 03:33:59,rule
UTR00000221,U000221,TAG04,0.7951,2026-05-24 04:28:22,model
UTR00000222,U002534,TAG13,0.8105,2026-06-08 06:36:27,rule
UTR00000223,U002192,TAG06,0.6701,2025-11-02 21:50:04,rule
UTR00000224,U002351,TAG01,0.7527,2025-10-02 00:02:22,model
UTR00000225,U001565,TAG05,0.6973,2025-08-18 20:24:01,model
UTR00000226,U000988,TAG02,0.7337,2026-08-19 10:16:26,model
UTR00000227,U003692,TAG10,0.5739,2025-12-06 08:46:57,rule
UTR00000228,U000785,TAG12,0.8025,2025-05-29 09:52:11,rule
UTR00000229,U002620,TAG07,0.8684,2026-06-05 19:23:50,manual
UTR00000230,U002603,TAG01,0.5938,2025-08-10 09:02:46,model
UTR00000231,U002391,TAG01,0.8363,2026-02-24 01:18:30,model
UTR00000232,U004168,TAG06,0.8007,2025-03-28 20:00:29,model
UTR00000233,U003680,TAG14,0.7647,2026-08-07 02:07:22,model
UTR00000234,U001687,TAG16,0.5504,2026-01-18 04:43:21,model
UTR00000235,U000137,TAG15,0.729,2026-08-20 13:20:04,model
UTR00000236,U000498,TAG01,0.5518,2026-01-17 23:19:14,rule
UTR00000237,U003885,TAG15,0.7427,2026-02-20 06:31:02,rule
UTR00000238,U004269,TAG12,0.9639,2025-11-15 06:30:12,model
UTR00000239,U004571,TAG15,0.6584,2025-01-31 22:01:28,rule
UTR00000240,U002940,TAG13,0.7302,2025-04-24 07:39:53,rule
UTR00000241,U002185,TAG13,0.6048,2025-02-05 05:46:20,rule
UTR00000242,U001336,TAG01,0.7503,2026-02-18 12:32:59,model
UTR00000243,U002276,TAG14,0.6616,2025-05-25 04:57:30,rule
UTR00000244,U000349,TAG09,0.7681,2025-11-25 10:56:24,model
UTR00000245,U003141,TAG15,0.9968,2025-10-07 21:31:11,rule
UTR00000246,U001903,TAG09,0.6165,2025-10-12 17:16:16,model
UTR00000247,U002358,TAG06,0.7755,2025-05-19 17:13:05,rule
UTR00000248,U002390,TAG10,0.6453,2025-05-24 21:30:23,rule
UTR00000249,U001887,TAG07,0.8139,2025-05-16 02:09:46,model
UTR00000250,U002473,TAG14,0.6447,2025-01-23 14:42:40,model
UTR00000251,U000229,TAG14,0.8398,2026-06-06 20:28:45,rule
UTR00000252,U004352,TAG01,0.928,2025-11-09 08:41:57,rule
UTR00000253,U004152,TAG13,0.8349,2025-04-16 12:40:47,model
UTR00000254,U003755,TAG09,0.8824,2025-11-17 03:13:07,rule
UTR00000255,U002720,TAG16,0.6706,2025-09-10 09:51:18,model
UTR00000256,U004789,TAG11,0.8247,2025-11-23 21:42:48,rule
UTR00000257,U004689,TAG13,0.6286,2025-09-18 07:23:07,rule
UTR00000258,U004525,TAG14,0.9345,2025-03-14 09:33:48,rule
UTR00000259,U003551,TAG08,0.8843,2025-06-15 07:33:04,rule
UTR00000260,U003801,TAG09,0.6776,2025-02-19 13:10:00,rule
UTR00000261,U004877,TAG09,0.9811,2025-11-06 17:23:47,model
UTR00000262,U001795,TAG13,0.9535,2025-07-08 12:53:29,rule
UTR00000263,U000056,TAG16,0.6539,2025-09-20 21:00:12,model
UTR00000264,U002619,TAG07,0.7337,2026-08-11 22:18:43,rule
UTR00000265,U004118,TAG16,0.9178,2026-05-05 10:49:12,model
UTR00000266,U001109,TAG16,0.9766,2025-07-14 20:55:47,model
UTR00000267,U003297,TAG16,0.5843,2025-05-25 11:26:30,rule
UTR00000268,U002268,TAG11,0.7986,2025-04-12 23:59:07,model
UTR00000269,U003085,TAG10,0.9048,2025-06-17 21:49:56,rule
UTR00000270,U002316,TAG10,0.8958,2025-08-13 02:01:14,model
UTR00000271,U004965,TAG11,0.8692,2026-04-02 08:14:59,rule
UTR00000272,U003463,TAG04,0.6335,2026-06-05 17:47:51,rule
UTR00000273,U003789,TAG06,0.8192,2025-06-04 17:45:39,model
UTR00000274,U004763,TAG12,0.7412,2026-03-05 03:27:53,rule
UTR00000275,U002516,TAG08,0.582,2025-11-10 16:48:08,rule
UTR00000276,U000751,TAG13,0.9855,2025-04-08 08:07:39,rule
UTR00000277,U001455,TAG02,0.5683,2025-05-20 13:47:30,rule
UTR00000278,U001645,TAG07,0.9946,2025-05-25 01:10:16,rule
UTR00000279,U003652,TAG03,0.63,2026-04-18 07:31:34,rule
UTR00000280,U002734,TAG05,0.7114,2025-12-03 03:51:14,rule
UTR00000281,U002342,TAG05,0.7452,2025-09-10 10:09:42,rule
UTR00000282,U003478,TAG13,0.7579,2025-03-16 17:05:11,model
UTR00000283,U000483,TAG02,0.8474,2025-04-21 08:34:37,model
UTR00000284,U004567,TAG12,0.9114,2025-08-22 13:58:10,rule
UTR00000285,U004379,TAG15,0.715,2026-06-08 23:49:29,rule
UTR00000286,U000068,TAG08,0.6642,2025-08-31 04:07:13,rule
UTR00000287,U000228,TAG15,0.9681,2026-07-02 05:38:14,rule
UTR00000288,U001267,TAG07,0.5755,2025-08-10 04:06:01,rule
UTR00000289,U001925,TAG16,0.7303,2025-09-16 07:00:48,model
UTR00000290,U001600,TAG03,0.6032,2025-06-12 02:32:49,rule
UTR00000291,U001169,TAG02,0.6279,2025-10-20 02:27:03,rule
UTR00000292,U003679,TAG13,0.8591,2026-06-27 04:42:01,rule
UTR00000293,U001769,TAG08,0.7884,2026-06-29 09:06:59,rule
UTR00000294,U004513,TAG11,0.6953,2026-02-10 15:53:06,model
UTR00000295,U004754,TAG05,0.9427,2025-01-11 16:16:26,rule
UTR00000296,U000962,TAG05,0.9356,2025-06-23 05:21:38,model
UTR00000297,U004732,TAG10,0.6033,2026-02-06 02:38:34,rule
UTR00000298,U001022,TAG13,0.9004,2025-05-25 16:29:00,model
UTR00000299,U000578,TAG01,0.6908,2025-06-14 07:19:43,rule
UTR00000300,U003448,TAG03,0.9688,2025-10-27 22:33:44,model
UTR00000301,U004932,TAG16,0.9701,2026-01-30 08:26:57,model
UTR00000302,U004428,TAG05,0.5837,2026-04-09 09:59:27,model
UTR00000303,U000899,TAG02,0.794,2026-05-23 16:33:55,model
UTR00000304,U004936,TAG15,0.8593,2026-06-17 03:48:36,model
UTR00000305,U000964,TAG15,0.8926,2025-07-13 14:43:08,rule
UTR00000306,U000902,TAG02,0.9096,2026-06-24 23:21:20,model
UTR00000307,U004329,TAG14,0.5938,2025-11-09 14:50:52,rule
UTR00000308,U000300,TAG13,0.7832,2025-11-05 02:42:06,rule
UTR00000309,U004756,TAG02,0.6227,2026-06-19 08:24:10,rule
UTR00000310,U002100,TAG04,0.7317,2026-05-07 11:38:53,rule
UTR00000311,U003847,TAG06,0.6604,2025-01-18 00:17:34,rule
UTR00000312,U000742,TAG02,0.9581,2026-06-27 21:39:45,model
UTR00000313,U001003,TAG06,0.9704,2026-06-30 08:04:24,model
UTR00000314,U001318,TAG01,0.9357,2025-07-12 05:17:27,rule
UTR00000315,U000019,TAG02,0.7982,2026-06-19 05:54:25,model
UTR00000316,U002987,TAG01,0.8084,2025-11-07 07:00:10,rule
UTR00000317,U002624,TAG12,0.6636,2025-12-14 01:25:35,model
UTR00000318,U003811,TAG13,0.7969,2025-09-10 21:44:31,rule
UTR00000319,U000579,TAG07,0.8494,2025-10-01 00:15:35,rule
UTR00000320,U000037,TAG12,0.6399,2025-01-06 12:51:19,rule
UTR00000321,U002605,TAG01,0.9687,2026-04-04 21:05:09,rule
UTR00000322,U002215,TAG05,0.9989,2026-07-22 18:06:55,model
UTR00000323,U000775,TAG03,0.6117,2026-05-12 18:57:47,rule
UTR00000324,U001143,TAG10,0.9567,2026-08-02 09:10:44,rule
UTR00000325,U002740,TAG03,0.7381,2025-10-31 13:45:01,model
UTR00000326,U004031,TAG01,0.8282,2025-10-11 22:22:39,manual
UTR00000327,U004716,TAG06,0.5793,2026-05-24 22:45:11,rule
UTR00000328,U000412,TAG07,0.8237,2026-05-30 07:43:52,rule
UTR00000329,U004515,TAG13,0.6859,2025-06-03 07:49:54,model
UTR00000330,U003943,TAG11,0.8309,2025-06-07 23:11:43,rule
UTR00000331,U001859,TAG05,0.566,2026-03-06 21:34:29,rule
UTR00000332,U000422,TAG10,0.8797,2025-02-07 20:39:04,rule
UTR00000333,U002064,TAG04,0.9252,2026-01-12 08:30:09,model
UTR00000334,U001386,TAG15,0.9563,2025-05-27 03:39:18,model
UTR00000335,U000055,TAG03,0.9598,2025-02-21 11:17:49,model
UTR00000336,U003960,TAG10,0.6264,2025-04-01 05:12:56,rule
UTR00000337,U000750,TAG16,0.6866,2025-02-15 12:04:00,model
UTR00000338,U001182,TAG15,0.9139,2025-10-14 22:40:51,model
UTR00000339,U004901,TAG16,0.7887,2026-01-26 10:39:09,rule
UTR00000340,U004438,TAG09,0.6385,2026-03-30 14:37:46,manual
UTR00000341,U003042,TAG08,0.593,2025-02-02 15:15:15,rule
UTR00000342,U000783,TAG01,0.8393,2025-11-11 16:41:04,rule
UTR00000343,U003788,TAG16,0.6537,2025-12-18 19:21:43,rule
UTR00000344,U003461,TAG02,0.8052,2025-08-15 05:41:20,rule
UTR00000345,U000712,TAG04,0.5995,2025-05-10 23:52:32,rule
UTR00000346,U000346,TAG16,0.994,2025-03-23 07:32:52,model
UTR00000347,U000120,TAG06,0.9259,2025-09-01 07:25:03,rule
UTR00000348,U001221,TAG12,0.8977,2025-10-02 09:16:34,model
UTR00000349,U002520,TAG05,0.9224,2025-07-23 15:02:53,rule
UTR00000350,U002425,TAG07,0.9415,2026-08-04 01:47:10,rule
UTR00000351,U003095,TAG07,0.9131,2026-07-09 23:43:04,model
UTR00000352,U001072,TAG03,0.5634,2026-04-04 06:41:03,model
UTR00000353,U003598,TAG11,0.9477,2026-02-01 14:45:01,model
UTR00000354,U001980,TAG01,0.809,2026-04-18 21:05:13,manual
UTR00000355,U003296,TAG12,0.8788,2026-03-19 05:02:29,rule
UTR00000356,U004206,TAG13,0.7206,2025-01-04 18:54:09,model
UTR00000357,U001370,TAG05,0.5835,2026-05-23 12:59:25,rule
UTR00000358,U002786,TAG01,0.9271,2026-02-26 06:23:32,model
UTR00000359,U003403,TAG10,0.8249,2026-07-13 20:07:42,model
UTR00000360,U003494,TAG14,0.5776,2025-09-18 08:11:17,model
UTR00000361,U004592,TAG12,0.8171,2026-02-21 10:37:00,rule
UTR00000362,U002565,TAG08,0.6417,2025-09-02 02:05:42,model
UTR00000363,U000717,TAG07,0.7776,2025-02-18 16:09:43,model
UTR00000364,U002372,TAG07,0.9071,2025-07-21 12:50:12,rule
UTR00000365,U004314,TAG05,0.7745,2026-02-11 19:39:11,rule
UTR00000366,U003583,TAG05,0.9831,2026-04-22 03:44:38,rule
UTR00000367,U001475,TAG09,0.6108,2025-11-05 13:03:02,model
UTR00000368,U000614,TAG10,0.6293,2026-07-15 04:30:01,model
UTR00000369,U000884,TAG07,0.7945,2026-01-06 16:52:24,rule
UTR00000370,U003865,TAG03,0.807,2026-01-20 19:38:47,model
UTR00000371,U003354,TAG13,0.6284,2025-01-20 08:37:20,model
UTR00000372,U002426,TAG02,0.7355,2026-06-22 23:10:30,manual
UTR00000373,U002451,TAG13,0.5992,2025-07-12 14:07:22,rule
UTR00000374,U001290,TAG07,0.6192,2026-08-21 22:42:20,rule
UTR00000375,U000918,TAG10,0.8606,2025-06-01 04:28:11,rule
UTR00000376,U004487,TAG05,0.6327,2025-10-06 19:27:38,rule
UTR00000377,U002126,TAG04,0.962,2025-05-10 06:19:03,rule
UTR00000378,U002913,TAG04,0.5874,2025-06-03 19:01:02,rule
UTR00000379,U001959,TAG12,0.7928,2025-07-29 13:55:56,model
UTR00000380,U001554,TAG04,0.7717,2025-02-23 12:41:22,model
UTR00000381,U001330,TAG15,0.6024,2026-08-22 18:09:21,rule
UTR00000382,U003285,TAG12,0.7391,2025-02-21 20:06:54,manual
UTR00000383,U004604,TAG02,0.5595,2025-04-05 13:15:32,rule
UTR00000384,U004496,TAG02,0.9949,2026-07-30 04:07:37,rule
UTR00000385,U000624,TAG12,0.8788,2026-05-24 03:32:22,rule
UTR00000386,U002293,TAG14,0.8959,2025-09-08 09:39:58,model
UTR00000387,U002019,TAG03,0.7911,2025-11-28 15:54:24,model
UTR00000388,U000132,TAG03,0.6426,2025-01-17 04:08:07,model
UTR00000389,U002922,TAG11,0.9434,2025-03-19 13:01:40,manual
UTR00000390,U001257,TAG02,0.6455,2025-04-07 18:02:57,rule
UTR00000391,U001270,TAG01,0.9939,2026-01-05 18:41:38,rule
UTR00000392,U000594,TAG03,0.664,2026-02-19 21:14:22,rule
UTR00000393,U000968,TAG04,0.796,2025-03-16 04:53:08,rule
UTR00000394,U001748,TAG10,0.8474,2025-05-08 13:15:49,rule
UTR00000395,U004722,TAG14,0.5876,2026-03-24 06:13:42,rule
UTR00000396,U000175,TAG01,0.656,2025-03-15 12:10:02,rule
UTR00000397,U004874,TAG11,0.7398,2025-07-21 04:12:42,rule
UTR00000398,U000807,TAG02,0.5814,2025-10-24 23:37:23,rule
UTR00000399,U001605,TAG01,0.6504,2026-08-01 10:34:15,model
UTR00000400,U003296,TAG11,0.7418,2025-04-28 07:24:34,model
UTR00000401,U001725,TAG07,0.9581,2025-02-10 21:52:21,model
UTR00000402,U000092,TAG03,0.8145,2026-01-28 08:10:55,rule
UTR00000403,U000268,TAG07,0.6378,2026-03-03 12:16:48,model
UTR00000404,U001937,TAG13,0.6991,2026-06-02 07:52:05,model
UTR00000405,U002473,TAG09,0.6816,2025-07-06 12:05:33,model
UTR00000406,U000742,TAG10,0.947,2025-03-27 13:02:45,rule
UTR00000407,U002798,TAG11,0.8574,2026-08-19 12:29:20,rule
UTR00000408,U004262,TAG04,0.8588,2025-07-23 04:19:39,rule
UTR00000409,U004932,TAG03,0.7113,2026-03-25 22:58:45,model
UTR00000410,U000741,TAG14,0.8417,2025-12-11 03:19:44,model
UTR00000411,U002557,TAG10,0.7222,2026-05-25 05:39:45,rule
UTR00000412,U000453,TAG03,0.9041,2026-07-10 18:58:13,rule
UTR00000413,U003970,TAG10,0.7176,2025-09-26 08:42:42,rule
UTR00000414,U004122,TAG05,0.763,2026-05-01 12:50:18,model
UTR00000415,U002986,TAG15,0.8281,2025-12-25 22:16:59,rule
UTR00000416,U002210,TAG02,0.5751,2026-08-19 22:14:03,rule
UTR00000417,U004987,TAG14,0.9966,2025-10-26 03:15:58,model
UTR00000418,U002686,TAG05,0.9792,2026-04-17 02:40:27,model
UTR00000419,U004777,TAG03,0.7228,2025-07-25 18:54:21,model
UTR00000420,U004101,TAG15,0.7993,2026-04-16 04:49:11,model
UTR00000421,U002221,TAG04,0.612,2026-02-04 11:02:29,rule
UTR00000422,U002150,TAG01,0.9812,2025-07-02 01:15:33,rule
UTR00000423,U001761,TAG09,0.9979,2025-02-26 09:19:20,model
UTR00000424,U002928,TAG06,0.6948,2026-08-18 20:24:34,model
UTR00000425,U002070,TAG10,0.7179,2025-06-08 08:55:03,model
UTR00000426,U001804,TAG09,0.5518,2025-08-29 03:34:29,rule
UTR00000427,U004164,TAG11,0.5971,2025-10-05 04:32:38,model
UTR00000428,U003328,TAG09,0.8477,2025-10-22 20:25:22,rule
UTR00000429,U000450,TAG13,0.5647,2025-07-21 22:24:01,rule
UTR00000430,U000794,TAG10,0.6409,2025-09-10 07:36:09,model
UTR00000431,U000937,TAG12,0.7318,2025-06-10 19:46:03,rule
UTR00000432,U000063,TAG06,0.9789,2026-03-29 10:19:39,model
UTR00000433,U004366,TAG02,0.9423,2026-02-25 00:42:32,model
UTR00000434,U002753,TAG04,0.6452,2026-07-31 20:30:52,rule
UTR00000435,U001891,TAG05,0.7045,2026-06-18 12:02:02,model
UTR00000436,U004445,TAG03,0.8532,2026-06-09 02:55:08,manual
UTR00000437,U004206,TAG08,0.8181,2025-01-30 10:10:32,rule
UTR00000438,U001180,TAG08,0.5943,2025-06-19 14:38:53,model
UTR00000439,U004179,TAG07,0.9487,2025-10-13 17:50:01,model
UTR00000440,U002983,TAG11,0.8891,2025-07-23 03:22:10,rule
UTR00000441,U003007,TAG02,0.6184,2026-05-06 16:18:53,rule
UTR00000442,U000864,TAG10,0.9133,2025-12-15 18:30:18,rule
UTR00000443,U001578,TAG07,0.7846,2026-03-13 08:46:09,model
UTR00000444,U004619,TAG08,0.7217,2025-09-25 00:51:48,rule
UTR00000445,U002549,TAG01,0.9242,2025-12-20 18:39:47,model
UTR00000446,U004174,TAG08,0.8763,2026-02-19 09:48:07,rule
UTR00000447,U003783,TAG09,0.603,2026-05-16 17:07:22,rule
UTR00000448,U003445,TAG14,0.6622,2026-04-17 18:56:17,rule
UTR00000449,U002232,TAG01,0.9992,2025-01-16 02:06:17,model
UTR00000450,U002469,TAG05,0.7745,2025-03-10 03:56:47,model
UTR00000451,U004927,TAG09,0.9686,2025-06-09 23:35:58,rule
UTR00000452,U000364,TAG03,0.7732,2026-07-19 00:52:09,rule
UTR00000453,U002571,TAG12,0.7857,2026-01-19 05:54:40,rule
UTR00000454,U002078,TAG09,0.8032,2025-05-06 12:27:29,model
UTR00000455,U004597,TAG12,0.5945,2025-05-20 02:58:44,rule
UTR00000456,U003447,TAG14,0.7376,2026-08-19 12:49:15,rule
UTR00000457,U004586,TAG09,0.6944,2025-01-02 00:56:52,rule
UTR00000458,U000976,TAG14,0.8231,2026-04-06 20:00:00,rule
UTR00000459,U002253,TAG12,0.5669,2026-06-17 18:28:54,rule
UTR00000460,U004566,TAG03,0.719,2025-04-28 02:37:22,rule
UTR00000461,U002083,TAG16,0.9104,2025-02-28 04:51:38,rule
UTR00000462,U004661,TAG12,0.7504,2025-05-06 21:59:24,rule
UTR00000463,U004048,TAG10,0.7875,2025-06-21 04:18:06,model
UTR00000464,U003481,TAG15,0.983,2025-10-11 18:29:39,model
UTR00000465,U002126,TAG01,0.5929,2025-04-16 12:12:18,model
UTR00000466,U000584,TAG04,0.999,2025-01-09 04:41:17,model
UTR00000467,U000752,TAG12,0.684,2025-04-21 19:36:32,model
UTR00000468,U004493,TAG10,0.6556,2026-02-14 05:46:32,rule
UTR00000469,U002762,TAG02,0.9524,2026-08-17 23:51:31,rule
UTR00000470,U004553,TAG05,0.7246,2025-07-17 17:54:27,rule
UTR00000471,U000269,TAG10,0.985,2026-04-23 21:23:27,model
UTR00000472,U000422,TAG02,0.6088,2025-10-31 22:12:26,rule
UTR00000473,U000916,TAG11,0.5927,2025-04-03 01:02:55,rule
UTR00000474,U000722,TAG05,0.782,2025-06-15 17:30:21,model
UTR00000475,U000450,TAG03,0.6156,2025-10-24 09:42:20,rule
UTR00000476,U004980,TAG01,0.7014,2026-07-16 23:24:06,rule
UTR00000477,U001032,TAG10,0.9097,2026-07-14 10:58:40,rule
UTR00000478,U003465,TAG12,0.7088,2025-11-29 13:58:23,model
UTR00000479,U002300,TAG07,0.754,2025-03-29 17:13:28,model
UTR00000480,U002178,TAG01,0.6144,2025-03-27 21:10:02,rule
UTR00000481,U002238,TAG06,0.7856,2026-05-18 02:19:59,manual
UTR00000482,U003367,TAG08,0.5594,2025-02-28 06:18:28,model
UTR00000483,U000810,TAG07,0.9517,2026-02-23 20:12:23,rule
UTR00000484,U002517,TAG01,0.9304,2026-06-29 08:28:35,model
UTR00000485,U003713,TAG15,0.7421,2026-06-19 10:22:29,rule
UTR00000486,U001144,TAG09,0.9152,2026-06-06 21:56:54,rule
UTR00000487,U001526,TAG11,0.694,2025-07-29 15:27:30,rule
UTR00000488,U000685,TAG07,0.5544,2025-08-18 13:22:18,rule
UTR00000489,U001142,TAG16,0.9937,2025-03-19 02:12:28,rule
UTR00000490,U002117,TAG08,0.6789,2025-04-19 11:12:00,manual
UTR00000491,U000701,TAG07,0.9425,2025-11-29 12:26:33,rule
UTR00000492,U003073,TAG01,0.9919,2026-06-06 07:15:54,model
UTR00000493,U000976,TAG16,0.5851,2026-01-29 11:44:35,rule
UTR00000494,U003260,TAG06,0.7713,2025-07-15 17:18:41,model
UTR00000495,U004097,TAG08,0.6821,2025-03-25 05:14:42,manual
UTR00000496,U002247,TAG15,0.8701,2026-06-13 16:14:18,model
UTR00000497,U004677,TAG13,0.6511,2025-12-25 00:48:48,model
UTR00000498,U004343,TAG04,0.6307,2025-10-29 06:06:03,rule
UTR00000499,U002617,TAG06,0.8902,2025-09-06 19:12:51,rule
UTR00000500,U000934,TAG15,0.9825,2026-04-08 13:26:44,rule
UTR00000501,U003424,TAG08,0.7303,2025-06-04 14:33:38,rule
UTR00000502,U001714,TAG06,0.752,2026-03-27 16:11:00,model
UTR00000503,U000804,TAG04,0.5872,2025-09-11 16:47:28,model
UTR00000504,U001516,TAG03,0.6187,2025-08-21 16:58:42,model
UTR00000505,U004299,TAG15,0.7868,2025-02-02 08:55:26,rule
UTR00000506,U003328,TAG14,0.73,2025-11-22 21:52:02,rule
UTR00000507,U000233,TAG09,0.8967,2026-07-12 18:47:03,model
UTR00000508,U003186,TAG09,0.7411,2026-04-01 16:28:00,rule
UTR00000509,U002885,TAG03,0.6905,2025-06-23 00:39:10,model
UTR00000510,U004803,TAG13,0.9028,2025-04-19 02:44:59,rule
UTR00000511,U002981,TAG13,0.9496,2025-08-26 15:03:40,model
UTR00000512,U002993,TAG13,0.6447,2025-07-11 20:25:18,rule
UTR00000513,U004776,TAG09,0.9462,2025-06-18 15:00:08,rule
UTR00000514,U000500,TAG11,0.6875,2026-03-17 09:25:10,rule
UTR00000515,U002499,TAG04,0.9947,2026-07-19 04:22:13,model
UTR00000516,U001148,TAG05,0.9257,2025-07-17 21:02:59,rule
UTR00000517,U004706,TAG10,0.8241,2025-01-30 10:26:59,rule
UTR00000518,U003646,TAG01,0.7232,2025-04-19 20:52:27,model
UTR00000519,U000483,TAG07,0.9907,2025-02-15 08:03:31,rule
UTR00000520,U000369,TAG02,0.7745,2026-05-14 23:58:53,manual
UTR00000521,U000904,TAG09,0.9201,2025-11-28 11:02:03,rule
UTR00000522,U002465,TAG05,0.9994,2026-02-03 23:09:29,rule
UTR00000523,U004307,TAG10,0.7989,2025-08-23 23:39:47,model
UTR00000524,U004196,TAG02,0.8521,2025-10-12 14:39:03,model
UTR00000525,U002985,TAG04,0.6145,2026-07-24 23:53:17,manual
UTR00000526,U001810,TAG02,0.7148,2025-05-25 17:16:28,rule
UTR00000527,U001557,TAG07,0.7543,2025-08-24 01:47:43,rule
UTR00000528,U001647,TAG11,0.7294,2025-02-23 06:25:18,model
UTR00000529,U004917,TAG12,0.8219,2025-07-30 00:03:45,manual
UTR00000530,U000755,TAG07,0.5569,2026-08-16 15:57:37,rule
UTR00000531,U002795,TAG14,0.5694,2025-05-07 14:11:49,rule
UTR00000532,U001623,TAG15,0.5675,2026-06-03 10:06:42,rule
UTR00000533,U004573,TAG01,0.7642,2025-08-14 10:36:12,rule
UTR00000534,U004479,TAG05,0.8625,2026-07-04 07:04:08,rule
UTR00000535,U003252,TAG16,0.967,2025-07-11 02:48:44,rule
UTR00000536,U001354,TAG09,0.9597,2026-05-18 02:00:12,model
UTR00000537,U000055,TAG16,0.5528,2026-05-19 23:41:03,model
UTR00000538,U002784,TAG05,0.8142,2025-02-21 04:03:48,rule
UTR00000539,U000449,TAG04,0.8592,2026-06-09 08:11:20,rule
UTR00000540,U000229,TAG02,0.8831,2026-07-10 16:01:24,model
UTR00000541,U003353,TAG02,0.6971,2025-11-18 18:39:05,model
UTR00000542,U004061,TAG10,0.6231,2025-01-17 03:47:51,model
UTR00000543,U002890,TAG05,0.8769,2026-06-17 15:30:31,rule
UTR00000544,U003900,TAG01,0.6433,2026-07-07 04:04:00,rule
UTR00000545,U002009,TAG11,0.7663,2026-05-27 02:04:12,rule
UTR00000546,U000830,TAG14,0.7242,2025-03-28 14:09:07,rule
UTR00000547,U004280,TAG12,0.7658,2026-07-17 20:47:17,rule
UTR00000548,U004023,TAG11,0.839,2026-07-08 22:52:26,rule
UTR00000549,U002301,TAG05,0.8918,2025-08-20 06:47:52,rule
UTR00000550,U000901,TAG08,0.5738,2025-01-06 15:27:41,rule
UTR00000551,U001717,TAG15,0.6891,2025-10-06 17:53:29,model
UTR00000552,U000869,TAG04,0.7217,2026-03-07 13:00:52,rule
UTR00000553,U000711,TAG14,0.8919,2025-08-08 17:16:28,model
UTR00000554,U004344,TAG02,0.6723,2026-07-05 00:18:32,rule
UTR00000555,U001865,TAG16,0.716,2025-03-06 06:17:23,rule
UTR00000556,U001487,TAG01,0.9668,2025-04-09 23:27:13,model
UTR00000557,U000536,TAG14,0.8766,2026-07-11 12:48:05,rule
UTR00000558,U000570,TAG03,0.9325,2025-05-18 15:23:09,model
UTR00000559,U001104,TAG12,0.9117,2025-01-20 13:45:51,rule
UTR00000560,U003984,TAG04,0.8342,2026-01-16 12:42:36,model
UTR00000561,U003805,TAG10,0.8161,2025-05-13 15:00:06,model
UTR00000562,U002803,TAG02,0.6035,2026-02-07 21:49:57,rule
UTR00000563,U001742,TAG07,0.5948,2026-08-15 18:28:31,model
UTR00000564,U001443,TAG16,0.6164,2025-07-10 19:54:28,model
UTR00000565,U002486,TAG06,0.5869,2025-07-12 06:52:42,rule
UTR00000566,U004783,TAG13,0.8937,2025-12-21 18:23:48,rule
UTR00000567,U001256,TAG14,0.5527,2026-05-28 20:54:02,manual
UTR00000568,U001226,TAG02,0.811,2025-09-10 08:12:13,manual
UTR00000569,U001570,TAG10,0.9568,2025-09-26 17:54:01,rule
UTR00000570,U003916,TAG08,0.5889,2025-05-25 06:28:50,rule
UTR00000571,U000885,TAG02,0.7306,2025-02-04 16:26:28,rule
UTR00000572,U000601,TAG01,0.7653,2025-08-11 00:07:52,rule
UTR00000573,U000806,TAG08,0.5858,2026-02-10 08:17:07,rule
UTR00000574,U000388,TAG05,0.8997,2025-09-18 12:37:48,rule
UTR00000575,U003762,TAG04,0.6687,2025-04-21 13:46:55,manual
UTR00000576,U002683,TAG02,0.6462,2025-10-03 23:42:07,rule
UTR00000577,U003920,TAG13,0.8815,2025-08-08 20:21:15,model
UTR00000578,U004844,TAG09,0.9595,2025-06-25 07:06:44,rule
UTR00000579,U004086,TAG14,0.959,2025-02-05 18:51:09,rule
UTR00000580,U004175,TAG06,0.8226,2025-10-20 09:41:14,model
UTR00000581,U004311,TAG16,0.8716,2025-06-27 16:13:17,model
UTR00000582,U003173,TAG16,0.7796,2025-02-06 12:45:10,rule
UTR00000583,U000446,TAG01,0.8855,2026-03-21 08:21:55,rule
UTR00000584,U001034,TAG12,0.739,2026-07-18 03:03:07,rule
UTR00000585,U001132,TAG15,0.6775,2025-11-09 06:24:20,rule
UTR00000586,U002002,TAG05,0.9619,2025-06-14 07:42:37,model
UTR00000587,U001947,TAG01,0.9793,2025-10-14 15:22:20,model
UTR00000588,U000430,TAG10,0.9784,2026-06-29 04:19:32,model
UTR00000589,U003051,TAG09,0.5973,2026-07-11 13:44:25,model
UTR00000590,U003523,TAG03,0.5912,2025-08-16 22:17:11,model
UTR00000591,U004348,TAG08,0.9591,2025-05-31 00:02:16,rule
UTR00000592,U000318,TAG03,0.6921,2025-05-29 02:22:54,rule
UTR00000593,U001056,TAG11,0.7258,2026-03-24 12:45:52,rule
UTR00000594,U003975,TAG06,0.679,2025-10-18 08:11:37,model
UTR00000595,U002319,TAG12,0.7273,2025-12-07 05:10:45,model
UTR00000596,U004025,TAG06,0.9646,2025-01-29 21:39:12,model
UTR00000597,U002989,TAG13,0.9024,2025-06-19 00:28:58,rule
UTR00000598,U001868,TAG04,0.5565,2025-04-28 21:16:43,model
UTR00000599,U004799,TAG11,0.562,2025-09-29 00:56:49,rule
UTR00000600,U004094,TAG05,0.5772,2026-06-03 13:44:46,model
UTR00000601,U003721,TAG04,0.9885,2025-07-24 20:57:21,rule
UTR00000602,U001652,TAG01,0.688,2025-11-18 08:36:19,rule
UTR00000603,U001153,TAG03,0.989,2026-02-06 00:37:12,model
UTR00000604,U002577,TAG08,0.7586,2025-10-25 02:25:49,model
UTR00000605,U000976,TAG07,0.9728,2025-03-12 19:22:29,model
UTR00000606,U002273,TAG14,0.8672,2025-04-22 13:10:46,rule
UTR00000607,U004984,TAG05,0.944,2025-10-25 00:09:11,rule
UTR00000608,U003858,TAG06,0.8364,2025-09-11 05:28:56,manual
UTR00000609,U000047,TAG09,0.5878,2025-03-14 19:28:03,model
UTR00000610,U002794,TAG01,0.5606,2026-05-12 18:48:06,rule
UTR00000611,U000408,TAG13,0.6896,2025-09-27 11:22:04,rule
UTR00000612,U000602,TAG13,0.7571,2025-06-16 02:46:44,rule
UTR00000613,U001505,TAG05,0.6684,2025-02-28 05:24:15,model
UTR00000614,U004055,TAG15,0.563,2026-06-29 05:51:07,model
UTR00000615,U000782,TAG05,0.9484,2025-03-06 15:18:55,model
UTR00000616,U003242,TAG05,0.7148,2025-03-27 11:56:09,manual
UTR00000617,U004014,TAG16,0.7977,2025-09-23 02:41:21,rule
UTR00000618,U001671,TAG12,0.6397,2026-05-23 12:00:06,model
UTR00000619,U004324,TAG10,0.7244,2025-04-19 06:04:04,model
UTR00000620,U002699,TAG10,0.7803,2025-02-26 09:07:46,rule
UTR00000621,U003225,TAG16,0.9033,2025-07-19 14:30:22,rule
UTR00000622,U001556,TAG11,0.984,2025-11-09 22:10:03,rule
UTR00000623,U004439,TAG03,0.5947,2026-05-22 11:17:39,rule
UTR00000624,U003824,TAG11,0.7825,2026-07-17 15:23:36,rule
UTR00000625,U004884,TAG11,0.7072,2026-01-06 23:58:19,rule
UTR00000626,U002686,TAG02,0.6265,2025-02-24 07:30:50,rule
UTR00000627,U001670,TAG01,0.617,2026-07-30 01:06:18,rule
UTR00000628,U000014,TAG13,0.9398,2025-09-09 18:56:56,rule
UTR00000629,U003790,TAG03,0.7937,2026-01-07 01:45:02,model
UTR00000630,U001162,TAG06,0.8653,2025-08-31 01:24:44,model
UTR00000631,U002855,TAG10,0.8829,2025-01-29 17:23:35,model
UTR00000632,U002968,TAG13,0.7789,2025-10-10 08:32:06,manual
UTR00000633,U002298,TAG07,0.9894,2025-06-10 14:42:14,model
UTR00000634,U001918,TAG04,0.7068,2025-04-27 00:04:56,rule
UTR00000635,U001757,TAG09,0.8279,2026-01-01 13:47:11,rule
UTR00000636,U003329,TAG05,0.9498,2026-04-08 23:37:05,model
UTR00000637,U004348,TAG07,0.7199,2026-03-18 09:41:31,model
UTR00000638,U001813,TAG04,0.953,2025-09-08 07:23:03,rule
UTR00000639,U004948,TAG05,0.9754,2025-03-14 05:22:45,model
UTR00000640,U002072,TAG14,0.579,2025-09-17 18:34:51,rule
UTR00000641,U004642,TAG04,0.6737,2025-09-30 01:36:07,rule
UTR00000642,U004339,TAG15,0.6736,2025-01-15 11:01:04,model
UTR00000643,U000915,TAG08,0.5693,2025-12-20 03:11:39,model
UTR00000644,U001162,TAG10,0.8073,2026-06-17 01:26:41,rule
UTR00000645,U003128,TAG08,0.8293,2025-10-29 16:52:16,rule
UTR00000646,U001123,TAG04,0.8649,2026-07-02 05:55:46,rule
UTR00000647,U000549,TAG07,0.6836,2025-02-17 22:47:18,manual
UTR00000648,U004336,TAG10,0.8829,2025-09-21 02:28:41,model
UTR00000649,U002102,TAG09,0.8916,2025-07-15 06:21:51,manual
UTR00000650,U000529,TAG04,0.6199,2026-05-09 10:44:56,rule
UTR00000651,U004567,TAG03,0.6634,2025-07-26 08:07:43,rule
UTR00000652,U000992,TAG08,0.9172,2026-02-04 07:50:39,rule
UTR00000653,U004302,TAG07,0.802,2025-05-02 19:53:57,rule
UTR00000654,U002260,TAG05,0.888,2025-08-01 08:04:36,rule
UTR00000655,U002067,TAG10,0.8174,2025-07-16 02:15:58,rule
UTR00000656,U000172,TAG12,0.9663,2026-03-02 10:02:19,rule
UTR00000657,U003455,TAG06,0.5853,2025-01-11 01:55:42,rule
UTR00000658,U000193,TAG01,0.6937,2025-12-19 21:49:30,model
UTR00000659,U003553,TAG08,0.6733,2025-07-09 22:43:46,rule
UTR00000660,U002625,TAG13,0.7639,2025-02-27 01:49:14,model
UTR00000661,U001607,TAG01,0.5771,2025-05-27 12:11:56,model
UTR00000662,U004457,TAG09,0.856,2026-03-25 03:31:23,rule
UTR00000663,U004863,TAG16,0.8659,2025-09-13 18:26:09,model
UTR00000664,U002730,TAG14,0.8083,2026-07-12 19:41:13,manual
UTR00000665,U001503,TAG09,0.6902,2026-04-24 22:05:22,model
UTR00000666,U004418,TAG09,0.589,2026-04-14 13:36:30,model
UTR00000667,U003697,TAG08,0.5713,2026-03-25 11:27:21,rule
UTR00000668,U004148,TAG06,0.5552,2025-07-23 15:14:36,rule
UTR00000669,U003209,TAG14,0.8516,2025-01-01 00:18:53,model
UTR00000670,U004404,TAG10,0.9716,2026-01-10 07:11:52,model
UTR00000671,U000863,TAG16,0.6914,2025-07-11 15:30:56,rule
UTR00000672,U004336,TAG01,0.5615,2025-08-25 16:42:29,rule
UTR00000673,U004472,TAG12,0.6648,2026-06-18 15:27:49,rule
UTR00000674,U003955,TAG13,0.9968,2026-03-27 11:31:58,rule
UTR00000675,U001881,TAG09,0.5929,2025-01-07 07:20:22,rule
UTR00000676,U003910,TAG07,0.8044,2025-08-29 05:04:30,model
UTR00000677,U001056,TAG11,0.6486,2025-10-22 04:02:38,model
UTR00000678,U000409,TAG13,0.9252,2025-11-08 04:41:44,rule
UTR00000679,U001404,TAG04,0.8559,2026-05-03 13:22:19,rule
UTR00000680,U003930,TAG16,0.5774,2026-01-16 06:47:36,model
UTR00000681,U004982,TAG07,0.8141,2025-07-13 19:11:37,model
UTR00000682,U002553,TAG11,0.7156,2026-06-27 23:19:47,rule
UTR00000683,U002181,TAG15,0.9962,2025-01-05 08:10:44,model
UTR00000684,U003024,TAG16,0.8535,2026-08-14 20:54:03,model
UTR00000685,U001335,TAG06,0.5879,2025-12-15 00:37:34,model
UTR00000686,U003988,TAG09,0.6744,2025-05-23 17:21:55,model
UTR00000687,U003776,TAG10,0.614,2026-01-03 22:41:39,rule
UTR00000688,U001430,TAG09,0.5965,2026-03-09 14:11:42,rule
UTR00000689,U001167,TAG02,0.905,2025-12-25 05:46:09,manual
UTR00000690,U000564,TAG15,0.6715,2025-03-30 00:02:41,rule
UTR00000691,U002473,TAG14,0.7248,2025-08-26 14:04:47,rule
UTR00000692,U000630,TAG15,0.7423,2026-05-15 18:33:44,model
UTR00000693,U004822,TAG03,0.955,2026-06-22 10:58:19,model
UTR00000694,U002293,TAG15,0.819,2025-03-21 08:00:10,rule
UTR00000695,U002740,TAG06,0.9327,2025-05-03 12:58:45,rule
UTR00000696,U002184,TAG06,0.9429,2026-04-27 05:19:51,model
UTR00000697,U002866,TAG16,0.7473,2026-02-21 17:19:30,model
UTR00000698,U002435,TAG12,0.9094,2025-12-12 19:55:31,model
UTR00000699,U000549,TAG14,0.9298,2025-08-14 02:39:34,rule
UTR00000700,U004426,TAG05,0.9208,2025-01-13 12:19:01,manual
UTR00000701,U000156,TAG14,0.7519,2025-06-07 23:54:36,model
UTR00000702,U004698,TAG06,0.634,2025-12-07 04:38:09,rule
UTR00000703,U004527,TAG02,0.936,2026-06-12 10:45:58,model
UTR00000704,U003553,TAG07,0.753,2025-03-14 11:49:35,rule
UTR00000705,U002861,TAG03,0.5898,2025-04-12 05:37:11,rule
UTR00000706,U003931,TAG12,0.5732,2025-01-03 23:34:53,manual
UTR00000707,U002645,TAG13,0.7472,2026-05-20 11:40:03,rule
UTR00000708,U002464,TAG08,0.6672,2026-07-29 08:26:47,model
UTR00000709,U004995,TAG03,0.7697,2026-02-02 13:55:18,model
UTR00000710,U004039,TAG11,0.9034,2025-02-22 11:28:52,rule
UTR00000711,U001878,TAG15,0.5633,2025-05-28 10:31:45,model
UTR00000712,U000113,TAG16,0.8803,2025-02-17 19:06:02,rule
UTR00000713,U000505,TAG12,0.7135,2026-05-05 13:55:14,model
UTR00000714,U002477,TAG16,0.7304,2025-10-22 23:49:12,rule
UTR00000715,U000485,TAG12,0.7227,2026-03-29 01:04:39,model
UTR00000716,U001780,TAG02,0.84,2025-04-23 16:08:37,rule
UTR00000717,U002842,TAG11,0.6194,2026-05-11 21:34:33,model
UTR00000718,U000472,TAG03,0.5819,2025-06-12 02:12:12,rule
UTR00000719,U004134,TAG14,0.9023,2025-03-20 01:17:15,rule
UTR00000720,U002748,TAG13,0.6913,2025-04-20 23:03:41,model
UTR00000721,U001054,TAG15,0.7069,2026-07-05 19:57:28,rule
UTR00000722,U001314,TAG15,0.8746,2025-12-31 09:40:04,rule
UTR00000723,U000045,TAG08,0.6383,2025-10-27 21:30:05,rule
UTR00000724,U004077,TAG05,0.7897,2026-05-29 00:14:51,model
UTR00000725,U003855,TAG12,0.7774,2026-03-15 04:45:44,rule
UTR00000726,U002353,TAG11,0.982,2025-06-16 20:47:27,model
UTR00000727,U000964,TAG09,0.7977,2026-02-08 21:03:00,rule
UTR00000728,U002342,TAG08,0.5822,2025-09-12 08:42:17,rule
UTR00000729,U003411,TAG14,0.9334,2026-03-06 16:31:59,rule
UTR00000730,U003844,TAG04,0.5651,2026-03-28 22:10:36,rule
UTR00000731,U001399,TAG16,0.8087,2025-05-02 03:18:19,rule
UTR00000732,U004377,TAG12,0.9602,2026-05-16 06:20:50,manual
UTR00000733,U003517,TAG08,0.6441,2025-11-22 02:15:19,model
UTR00000734,U002005,TAG06,0.826,2025-11-24 23:34:06,rule
UTR00000735,U000256,TAG16,0.8488,2025-02-22 10:18:45,model
UTR00000736,U002749,TAG03,0.9289,2025-11-24 04:03:29,rule
UTR00000737,U003917,TAG13,0.957,2026-08-20 12:33:26,rule
UTR00000738,U004319,TAG02,0.5585,2026-01-16 11:44:16,model
UTR00000739,U004093,TAG05,0.6512,2025-06-28 23:39:06,rule
UTR00000740,U000820,TAG01,0.5823,2025-12-13 22:58:23,rule
UTR00000741,U001804,TAG11,0.9499,2025-11-18 16:16:38,rule
UTR00000742,U004790,TAG15,0.8868,2025-01-13 18:20:25,rule
UTR00000743,U002683,TAG12,0.9229,2026-06-04 13:25:47,model
UTR00000744,U000279,TAG07,0.6859,2025-06-04 07:16:13,rule
UTR00000745,U004646,TAG09,0.7709,2025-07-16 07:20:53,model
UTR00000746,U002247,TAG03,0.6787,2025-09-23 00:33:08,rule
UTR00000747,U004769,TAG13,0.606,2026-01-10 20:27:06,rule
UTR00000748,U002996,TAG13,0.5653,2025-03-06 06:08:56,rule
UTR00000749,U001740,TAG05,0.8247,2026-06-27 09:46:07,rule
UTR00000750,U004294,TAG09,0.7886,2026-02-17 13:32:02,rule
UTR00000751,U003034,TAG11,0.6049,2025-01-29 23:38:19,rule
UTR00000752,U001333,TAG01,0.5834,2026-08-10 00:46:05,rule
UTR00000753,U000646,TAG08,0.8489,2026-01-17 03:29:02,rule
UTR00000754,U000514,TAG03,0.6824,2026-03-20 16:43:34,rule
UTR00000755,U003715,TAG02,0.7386,2025-07-16 06:35:30,model
UTR00000756,U001550,TAG01,0.7659,2025-10-17 11:29:34,rule
UTR00000757,U003298,TAG07,0.963,2026-07-26 22:54:16,rule
UTR00000758,U003347,TAG16,0.9824,2026-05-31 11:28:11,model
UTR00000759,U002353,TAG10,0.7695,2026-05-21 04:43:40,model
UTR00000760,U004678,TAG11,0.6365,2026-05-20 02:09:31,model
UTR00000761,U001343,TAG01,0.6227,2025-12-31 02:59:03,model
UTR00000762,U002936,TAG14,0.8447,2026-02-02 00:46:40,rule
UTR00000763,U004876,TAG05,0.6226,2025-07-04 06:28:49,rule
UTR00000764,U004308,TAG13,0.595,2025-07-09 21:12:14,rule
UTR00000765,U004968,TAG16,0.8941,2025-09-25 14:32:58,model
UTR00000766,U002865,TAG02,0.8335,2026-04-30 04:56:11,rule
UTR00000767,U001371,TAG14,0.7841,2026-07-25 09:46:08,model
UTR00000768,U002146,TAG08,0.5937,2025-10-27 12:32:32,rule
UTR00000769,U004903,TAG07,0.741,2025-06-28 16:52:06,model
UTR00000770,U002092,TAG16,0.9608,2025-10-19 22:36:34,rule
UTR00000771,U003055,TAG05,0.6708,2025-12-17 13:48:53,rule
UTR00000772,U001997,TAG10,0.6848,2025-04-05 05:19:28,rule
UTR00000773,U003069,TAG08,0.9314,2025-09-10 14:04:17,rule
UTR00000774,U001260,TAG12,0.7724,2025-04-07 08:06:22,model
UTR00000775,U002139,TAG05,0.5834,2025-02-20 00:36:46,rule
UTR00000776,U000906,TAG10,0.6292,2026-06-29 11:10:16,rule
UTR00000777,U002474,TAG12,0.7754,2025-05-29 18:59:49,rule
UTR00000778,U000771,TAG16,0.6921,2025-05-07 09:29:35,rule
UTR00000779,U001508,TAG01,0.9482,2026-07-05 19:44:17,rule
UTR00000780,U001685,TAG11,0.6424,2025-09-14 23:14:33,model
UTR00000781,U001341,TAG02,0.6386,2026-05-15 18:05:10,rule
UTR00000782,U003340,TAG04,0.6392,2026-05-31 22:02:12,model
UTR00000783,U003957,TAG13,0.6091,2025-07-07 14:24:57,model
UTR00000784,U001381,TAG01,0.6569,2025-12-16 02:34:39,rule
UTR00000785,U001393,TAG11,0.9745,2025-04-24 17:00:18,model
UTR00000786,U004838,TAG16,0.8837,2026-01-29 06:15:30,rule
UTR00000787,U000578,TAG03,0.8268,2026-05-29 13:36:14,rule
UTR00000788,U001154,TAG15,0.9036,2026-02-01 22:41:42,rule
UTR00000789,U001447,TAG16,0.981,2026-06-18 08:36:51,rule
UTR00000790,U001059,TAG11,0.8142,2025-09-16 11:32:34,rule
UTR00000791,U002180,TAG07,0.859,2025-06-08 02:18:45,rule
UTR00000792,U003209,TAG14,0.7377,2026-02-03 06:58:46,rule
UTR00000793,U004592,TAG12,0.7871,2025-09-19 16:04:58,rule
UTR00000794,U002585,TAG09,0.6286,2026-07-28 20:03:00,rule
UTR00000795,U004424,TAG03,0.5978,2025-12-22 07:40:48,model
UTR00000796,U003959,TAG05,0.6145,2025-09-25 12:00:04,rule
UTR00000797,U004640,TAG08,0.752,2025-12-03 02:27:06,model
UTR00000798,U004132,TAG15,0.8316,2026-01-25 05:24:00,rule
UTR00000799,U004501,TAG11,0.9402,2025-05-14 20:45:28,rule
UTR00000800,U004496,TAG07,0.6616,2025-02-01 05:51:21,rule
UTR00000801,U000806,TAG10,0.814,2025-10-17 21:35:48,rule
UTR00000802,U000730,TAG03,0.7285,2025-01-31 17:28:52,rule
UTR00000803,U003375,TAG13,0.7985,2025-12-18 07:53:49,rule
UTR00000804,U002627,TAG04,0.6878,2025-04-11 22:52:26,rule
UTR00000805,U004178,TAG14,0.5724,2025-06-10 10:55:19,manual
UTR00000806,U000904,TAG07,0.6224,2025-06-12 06:29:51,model
UTR00000807,U001632,TAG10,0.8117,2025-01-01 08:35:48,rule
UTR00000808,U000220,TAG02,0.7749,2026-06-01 11:25:09,model
UTR00000809,U000555,TAG14,0.938,2025-02-06 19:08:24,rule
UTR00000810,U003547,TAG04,0.5556,2025-02-05 21:43:36,rule
UTR00000811,U004453,TAG13,0.9318,2025-07-07 04:40:01,rule
UTR00000812,U003473,TAG06,0.6623,2025-10-17 06:01:14,rule
UTR00000813,U003584,TAG14,0.9654,2026-08-05 17:16:36,rule
UTR00000814,U004862,TAG02,0.8344,2025-11-27 07:47:24,rule
UTR00000815,U003795,TAG16,0.7035,2025-10-20 02:56:14,rule
UTR00000816,U000711,TAG05,0.9195,2026-08-15 13:25:49,rule
UTR00000817,U002357,TAG15,0.6222,2025-07-28 13:13:58,rule
UTR00000818,U002649,TAG13,0.905,2026-04-27 01:37:38,model
UTR00000819,U004737,TAG11,0.902,2026-08-22 03:12:56,rule
UTR00000820,U000354,TAG08,0.9072,2026-05-21 19:53:20,rule
UTR00000821,U003535,TAG08,0.9943,2025-07-17 15:22:00,rule
UTR00000822,U000303,TAG09,0.6512,2025-04-09 06:31:47,model
UTR00000823,U003653,TAG06,0.8148,2025-06-24 19:12:34,rule
UTR00000824,U003904,TAG15,0.9348,2025-09-08 21:24:04,model
UTR00000825,U004462,TAG11,0.8974,2025-09-25 02:30:21,model
UTR00000826,U004953,TAG13,0.5539,2025-07-04 01:49:01,rule
UTR00000827,U001377,TAG01,0.8265,2025-06-06 10:04:13,model
UTR00000828,U002256,TAG07,0.7084,2025-01-09 11:01:23,rule
UTR00000829,U000594,TAG15,0.8082,2026-03-22 19:52:37,model
UTR00000830,U000404,TAG10,0.8185,2026-01-19 20:12:46,rule
UTR00000831,U002920,TAG08,0.9811,2025-12-20 05:43:44,rule
UTR00000832,U000639,TAG13,0.944,2025-12-23 07:18:49,model
UTR00000833,U000711,TAG11,0.976,2025-12-27 10:15:33,model
UTR00000834,U001119,TAG03,0.7325,2026-08-20 23:17:57,rule
UTR00000835,U002797,TAG09,0.7974,2025-01-15 14:33:30,model
UTR00000836,U000488,TAG15,0.9087,2025-06-08 23:15:17,rule
UTR00000837,U004114,TAG08,0.7928,2025-09-29 14:57:30,rule
UTR00000838,U004305,TAG12,0.6477,2026-05-25 12:49:05,rule
UTR00000839,U003582,TAG12,0.6566,2025-07-31 08:51:15,rule
UTR00000840,U000057,TAG12,0.6253,2026-07-21 20:49:31,rule
UTR00000841,U001404,TAG05,0.6855,2026-07-15 01:51:51,model
UTR00000842,U003030,TAG14,0.7056,2026-06-04 02:33:31,rule
UTR00000843,U003311,TAG15,0.6453,2025-09-27 13:25:33,model
UTR00000844,U001380,TAG05,0.6496,2026-04-30 13:19:09,rule
UTR00000845,U003478,TAG03,0.6492,2025-12-07 10:59:56,rule
UTR00000846,U002283,TAG03,0.8749,2026-04-08 08:15:22,model
UTR00000847,U000452,TAG05,0.6685,2026-06-27 13:38:02,rule
UTR00000848,U004854,TAG08,0.8802,2026-02-03 13:36:15,rule
UTR00000849,U003301,TAG02,0.9949,2025-04-26 18:22:00,model
UTR00000850,U000455,TAG05,0.5784,2025-04-13 17:25:16,rule
UTR00000851,U004286,TAG16,0.729,2025-10-23 16:13:43,rule
UTR00000852,U000876,TAG02,0.8812,2025-08-21 08:15:01,rule
UTR00000853,U003637,TAG05,0.5933,2026-04-19 00:08:19,rule
UTR00000854,U000699,TAG04,0.6353,2025-01-16 18:22:35,rule
UTR00000855,U001243,TAG01,0.6314,2026-03-02 21:39:19,rule
UTR00000856,U002679,TAG13,0.8326,2025-07-12 18:25:45,rule
UTR00000857,U003998,TAG06,0.6583,2026-08-10 01:40:48,rule
UTR00000858,U000329,TAG14,0.6249,2025-06-24 09:08:30,rule
UTR00000859,U004391,TAG05,0.604,2026-05-14 10:44:29,rule
UTR00000860,U003927,TAG08,0.5853,2025-03-20 16:55:00,rule
UTR00000861,U002759,TAG02,0.8287,2026-05-10 13:25:49,manual
UTR00000862,U001685,TAG02,0.6037,2026-07-22 21:19:01,rule
UTR00000863,U000305,TAG04,0.9234,2025-03-15 19:03:45,rule
UTR00000864,U000327,TAG01,0.847,2025-06-01 20:41:07,model
UTR00000865,U003156,TAG04,0.7764,2026-05-30 21:18:03,rule
UTR00000866,U002080,TAG16,0.9335,2026-05-03 16:11:44,model
UTR00000867,U001090,TAG11,0.9758,2025-11-06 03:22:09,model
UTR00000868,U001202,TAG15,0.7062,2026-06-06 23:12:11,model
UTR00000869,U001278,TAG15,0.895,2025-02-22 12:34:51,rule
UTR00000870,U000995,TAG06,0.6337,2026-05-03 03:13:21,model
UTR00000871,U004472,TAG16,0.666,2025-01-26 08:46:55,rule
UTR00000872,U004999,TAG09,0.832,2025-09-07 18:33:05,rule
UTR00000873,U001342,TAG05,0.5691,2025-11-26 17:37:09,model
UTR00000874,U002186,TAG06,0.6966,2025-11-07 07:56:19,rule
UTR00000875,U003039,TAG16,0.8965,2026-01-03 21:24:03,rule
UTR00000876,U003280,TAG11,0.8911,2026-07-26 20:41:37,model
UTR00000877,U003422,TAG09,0.7527,2026-07-28 11:02:16,rule
UTR00000878,U004893,TAG02,0.7949,2025-10-01 15:25:31,model
UTR00000879,U000952,TAG08,0.7237,2025-08-29 13:48:05,rule
UTR00000880,U003481,TAG08,0.9075,2026-08-21 23:21:28,rule
UTR00000881,U003133,TAG03,0.767,2025-08-15 10:15:46,rule
UTR00000882,U000024,TAG08,0.7896,2026-01-03 11:17:31,rule
UTR00000883,U003682,TAG07,0.6392,2026-06-15 04:16:24,model
UTR00000884,U002307,TAG05,0.5918,2026-07-24 03:09:28,model
UTR00000885,U002546,TAG16,0.5777,2026-03-07 18:05:06,model
UTR00000886,U000745,TAG03,0.6402,2025-04-26 07:25:54,rule
UTR00000887,U003944,TAG05,0.916,2025-07-19 10:53:08,rule
UTR00000888,U000549,TAG15,0.6787,2026-05-13 03:02:32,model
UTR00000889,U002448,TAG12,0.6653,2025-06-24 11:50:09,rule
UTR00000890,U001672,TAG07,0.7562,2026-03-03 01:41:52,rule
UTR00000891,U000909,TAG09,0.6739,2026-03-03 19:37:44,model
UTR00000892,U000523,TAG06,0.6874,2025-09-13 16:48:43,model
UTR00000893,U000938,TAG03,0.5866,2025-11-12 18:19:35,model
UTR00000894,U003567,TAG16,0.691,2026-04-25 20:54:24,model
UTR00000895,U003456,TAG11,0.8983,2026-07-16 21:31:38,rule
UTR00000896,U000201,TAG10,0.9577,2026-08-15 22:50:11,model
UTR00000897,U000273,TAG07,0.7413,2026-01-19 20:36:41,rule
UTR00000898,U004765,TAG03,0.5714,2025-10-27 22:15:10,rule
UTR00000899,U003234,TAG16,0.7161,2025-10-22 13:22:20,rule
UTR00000900,U003726,TAG03,0.908,2026-05-24 19:07:18,rule
UTR00000901,U000152,TAG11,0.7754,2026-06-10 13:49:09,model
UTR00000902,U004313,TAG11,0.7474,2025-10-22 02:07:33,model
UTR00000903,U001923,TAG15,0.6897,2025-11-25 15:14:18,rule
UTR00000904,U001066,TAG04,0.9731,2025-02-24 00:17:16,rule
UTR00000905,U003448,TAG06,0.9246,2026-01-28 06:51:00,model
UTR00000906,U002887,TAG04,0.702,2026-04-08 18:15:01,model
UTR00000907,U002231,TAG11,0.7514,2025-10-31 09:06:38,rule
UTR00000908,U002097,TAG11,0.8083,2026-02-01 04:10:04,rule
UTR00000909,U001725,TAG05,0.7642,2025-03-02 18:20:48,rule
UTR00000910,U002000,TAG06,0.6769,2026-05-23 05:06:39,rule
UTR00000911,U002846,TAG14,0.6709,2025-01-04 22:56:42,rule
UTR00000912,U003453,TAG16,0.7097,2025-04-07 11:37:38,rule
UTR00000913,U000965,TAG14,0.8876,2025-04-05 20:35:37,rule
UTR00000914,U004324,TAG15,0.9908,2025-05-20 11:54:11,rule
UTR00000915,U004855,TAG09,0.6766,2026-05-23 23:59:25,rule
UTR00000916,U003355,TAG11,0.7366,2026-06-28 23:29:50,model
UTR00000917,U002306,TAG07,0.5575,2025-02-02 23:39:26,rule
UTR00000918,U002504,TAG05,0.6229,2025-06-08 15:00:26,model
UTR00000919,U000593,TAG02,0.5531,2025-11-14 17:34:01,rule
UTR00000920,U002359,TAG15,0.7532,2026-04-08 14:16:28,rule
UTR00000921,U003619,TAG11,0.6255,2025-02-17 03:48:37,model
UTR00000922,U001917,TAG09,0.9068,2025-01-06 07:22:45,model
UTR00000923,U001412,TAG14,0.7174,2026-05-09 04:33:12,model
UTR00000924,U000849,TAG14,0.8917,2025-10-21 11:41:56,rule
UTR00000925,U000433,TAG03,0.5583,2026-04-19 14:53:31,model
UTR00000926,U001209,TAG05,0.6134,2026-04-10 15:59:35,model
UTR00000927,U000907,TAG07,0.9976,2025-03-04 09:32:21,rule
UTR00000928,U000540,TAG05,0.5556,2025-10-12 06:24:38,model
UTR00000929,U003290,TAG15,0.8424,2026-08-17 14:07:24,rule
UTR00000930,U000146,TAG07,0.7943,2025-03-11 04:14:00,rule
UTR00000931,U002591,TAG14,0.8245,2025-12-08 01:12:31,rule
UTR00000932,U001547,TAG14,0.8597,2026-03-26 07:31:28,model
UTR00000933,U001958,TAG08,0.676,2025-04-13 16:33:02,rule
UTR00000934,U000341,TAG02,0.7979,2025-06-13 09:24:00,model
UTR00000935,U004483,TAG04,0.8341,2025-08-21 16:42:00,model
UTR00000936,U003009,TAG16,0.9951,2026-08-12 21:21:05,model
UTR00000937,U002127,TAG04,0.9076,2026-05-19 05:43:21,rule
UTR00000938,U004614,TAG15,0.7358,2025-04-05 23:55:45,rule
UTR00000939,U002762,TAG01,0.9034,2026-05-06 06:58:00,rule
UTR00000940,U002836,TAG14,0.6603,2026-02-13 03:15:02,rule
UTR00000941,U003951,TAG04,0.6712,2025-01-30 11:05:52,model
UTR00000942,U001456,TAG14,0.5997,2025-01-12 17:40:29,rule
UTR00000943,U003196,TAG12,0.9752,2025-01-02 20:43:59,rule
UTR00000944,U000210,TAG05,0.9304,2025-06-24 18:35:17,model
UTR00000945,U002818,TAG13,0.7266,2025-08-04 01:59:32,rule
UTR00000946,U001251,TAG11,0.9645,2025-10-28 15:56:55,manual
UTR00000947,U000056,TAG13,0.5567,2025-06-22 05:51:03,model
UTR00000948,U003305,TAG16,0.8828,2025-03-18 12:31:59,model
UTR00000949,U000136,TAG08,0.5642,2026-01-31 12:37:56,rule
UTR00000950,U004070,TAG03,0.6487,2025-02-16 03:57:40,rule
UTR00000951,U000010,TAG09,0.8594,2025-03-22 03:18:08,model
UTR00000952,U001945,TAG16,0.8357,2025-07-23 06:48:15,rule
UTR00000953,U004639,TAG01,0.6402,2026-08-05 00:41:35,rule
UTR00000954,U000862,TAG09,0.64,2026-02-07 22:21:12,rule
UTR00000955,U003591,TAG10,0.6194,2025-10-22 19:01:37,rule
UTR00000956,U004202,TAG12,0.817,2026-03-26 17:49:59,model
UTR00000957,U000813,TAG11,0.7732,2025-08-11 07:32:07,model
UTR00000958,U002186,TAG07,0.7595,2026-02-04 09:20:33,model
UTR00000959,U004277,TAG05,0.7099,2025-01-05 18:38:19,model
UTR00000960,U001241,TAG12,0.8163,2025-10-28 08:06:15,rule
UTR00000961,U001490,TAG04,0.7823,2025-01-24 13:07:59,rule
UTR00000962,U002362,TAG09,0.8008,2025-11-23 11:12:17,rule
UTR00000963,U003355,TAG09,0.656,2025-02-09 12:46:19,model
UTR00000964,U002335,TAG02,0.8459,2026-01-04 13:48:15,rule
UTR00000965,U004136,TAG01,0.6516,2026-04-23 02:32:40,model
UTR00000966,U002729,TAG16,0.6186,2025-08-24 12:00:03,model
UTR00000967,U001291,TAG02,0.7657,2025-07-03 20:15:05,rule
UTR00000968,U003154,TAG16,0.6224,2026-08-17 17:17:01,rule
UTR00000969,U000241,TAG10,0.9492,2026-06-06 00:13:40,rule
UTR00000970,U003983,TAG02,0.5982,2025-09-10 08:03:01,model
UTR00000971,U000247,TAG16,0.7687,2025-11-13 00:37:34,rule
UTR00000972,U004406,TAG02,0.5828,2025-06-15 00:28:00,rule
UTR00000973,U002688,TAG12,0.873,2026-07-15 05:55:30,rule
UTR00000974,U001334,TAG02,0.8589,2026-02-18 01:24:01,model
UTR00000975,U001884,TAG05,0.597,2026-01-21 15:37:54,rule
UTR00000976,U000210,TAG01,0.7994,2025-04-11 11:46:06,model
UTR00000977,U000169,TAG06,0.8017,2025-12-23 23:41:37,model
UTR00000978,U000517,TAG05,0.6122,2026-07-23 05:53:28,rule
UTR00000979,U000284,TAG06,0.6321,2025-10-28 17:03:53,model
UTR00000980,U001515,TAG12,0.7502,2025-02-22 10:02:31,rule
UTR00000981,U004273,TAG15,0.7303,2025-01-07 19:23:24,rule
UTR00000982,U000429,TAG04,0.861,2026-04-04 19:25:06,rule
UTR00000983,U003702,TAG05,0.75,2025-11-02 19:43:39,rule
UTR00000984,U001712,TAG04,0.886,2025-06-06 17:58:10,rule
UTR00000985,U001282,TAG06,0.5775,2025-05-12 18:54:27,rule
UTR00000986,U003270,TAG14,0.6824,2025-11-03 21:46:53,model
UTR00000987,U003971,TAG02,0.6227,2025-01-28 03:26:45,rule
UTR00000988,U003346,TAG10,0.9815,2025-09-14 03:14:07,rule
UTR00000989,U002024,TAG10,0.7083,2025-09-08 14:35:11,rule
UTR00000990,U003843,TAG07,0.8261,2026-08-17 13:35:30,rule
UTR00000991,U001979,TAG12,0.7391,2026-06-28 14:08:39,rule
UTR00000992,U001423,TAG10,0.7399,2025-10-29 03:48:26,rule
UTR00000993,U004823,TAG13,0.7762,2026-08-22 12:49:14,rule
UTR00000994,U003466,TAG07,0.6537,2026-05-20 02:01:43,manual
UTR00000995,U000456,TAG15,0.8238,2025-09-24 02:23:50,rule
UTR00000996,U001412,TAG03,0.6261,2025-11-17 17:55:58,rule
UTR00000997,U000529,TAG07,0.7192,2025-03-30 04:26:03,model
UTR00000998,U004600,TAG05,0.9687,2025-10-28 21:52:16,rule
UTR00000999,U004665,TAG09,0.8023,2026-01-11 20:17:51,model
UTR00001000,U000193,TAG05,0.99,2025-02-08 07:18:21,rule
UTR00001001,U003980,TAG05,0.774,2026-01-05 14:52:40,model
UTR00001002,U003270,TAG10,0.9576,2026-03-26 16:17:05,model
UTR00001003,U004889,TAG05,0.7059,2025-09-05 09:20:13,rule
UTR00001004,U002505,TAG07,0.6508,2025-04-11 08:17:34,model
UTR00001005,U001105,TAG05,0.6042,2026-08-08 01:46:16,rule
UTR00001006,U003055,TAG13,0.8434,2025-10-23 21:52:05,rule
UTR00001007,U001355,TAG11,0.5813,2026-05-27 22:40:19,rule
UTR00001008,U000526,TAG11,0.9662,2026-05-01 00:36:22,model
UTR00001009,U003120,TAG06,0.7513,2025-12-10 02:17:00,model
UTR00001010,U000078,TAG15,0.5571,2026-07-18 01:30:59,rule
UTR00001011,U001138,TAG15,0.9978,2025-01-05 20:08:53,manual
UTR00001012,U004813,TAG04,0.9446,2026-06-28 17:18:51,rule
UTR00001013,U001057,TAG08,0.9029,2025-04-27 11:55:44,rule
UTR00001014,U004997,TAG06,0.6451,2026-06-30 22:57:35,model
UTR00001015,U004714,TAG14,0.7086,2026-02-10 12:35:09,rule
UTR00001016,U004759,TAG05,0.8035,2025-04-03 05:38:16,rule
UTR00001017,U001671,TAG04,0.8453,2026-06-12 17:21:53,model
UTR00001018,U000555,TAG15,0.8788,2026-06-15 01:29:35,model
UTR00001019,U000314,TAG13,0.7341,2025-11-08 08:36:52,rule
UTR00001020,U000404,TAG03,0.6069,2026-04-11 18:36:10,rule
UTR00001021,U001987,TAG09,0.835,2025-11-06 21:11:28,rule
UTR00001022,U004463,TAG03,0.8288,2025-06-03 11:43:51,rule
UTR00001023,U004337,TAG02,0.6248,2026-05-15 18:25:29,rule
UTR00001024,U004898,TAG05,0.6622,2026-07-12 17:02:17,model
UTR00001025,U000458,TAG04,0.5767,2025-03-20 04:48:54,model
UTR00001026,U003742,TAG08,0.6979,2025-04-09 05:22:34,rule
UTR00001027,U001484,TAG03,0.8802,2026-06-04 16:35:03,rule
UTR00001028,U000048,TAG15,0.9932,2025-02-26 05:57:03,model
UTR00001029,U003551,TAG02,0.9696,2026-03-29 17:14:43,model
UTR00001030,U001389,TAG03,0.5602,2026-01-13 08:00:57,rule
UTR00001031,U004971,TAG15,0.8366,2026-08-05 06:50:09,model
UTR00001032,U000387,TAG11,0.8899,2025-05-21 05:09:05,rule
UTR00001033,U002359,TAG09,0.6004,2025-03-18 13:57:49,rule
UTR00001034,U003847,TAG13,0.6652,2026-05-10 15:13:32,rule
UTR00001035,U004349,TAG15,0.9456,2025-04-14 01:41:01,rule
UTR00001036,U000769,TAG15,0.7499,2026-07-18 23:20:54,rule
UTR00001037,U004438,TAG11,0.8596,2025-04-15 14:32:44,rule
UTR00001038,U003938,TAG01,0.9245,2026-05-17 08:26:12,model
UTR00001039,U000748,TAG06,0.7691,2025-11-15 00:17:50,model
UTR00001040,U004120,TAG09,0.7703,2025-11-08 09:11:17,rule
UTR00001041,U003790,TAG08,0.6897,2026-07-20 03:00:05,model
UTR00001042,U001699,TAG06,0.6003,2025-09-05 17:25:10,rule
UTR00001043,U003549,TAG08,0.8862,2026-01-24 09:12:02,rule
UTR00001044,U002143,TAG13,0.576,2025-06-09 05:17:43,model
UTR00001045,U000043,TAG15,0.6533,2025-03-03 15:13:12,model
UTR00001046,U002520,TAG16,0.8021,2025-09-19 14:07:49,rule
UTR00001047,U004120,TAG04,0.6623,2025-11-06 10:50:51,rule
UTR00001048,U002458,TAG04,0.6409,2025-12-04 10:02:01,rule
UTR00001049,U000817,TAG07,0.7997,2025-09-30 01:32:49,model
UTR00001050,U003660,TAG12,0.5632,2025-08-28 06:59:09,rule
UTR00001051,U001034,TAG13,0.9537,2026-07-20 00:30:49,rule
UTR00001052,U004806,TAG03,0.85,2026-06-09 09:15:29,rule
UTR00001053,U001465,TAG12,0.6705,2025-05-09 19:49:51,rule
UTR00001054,U001638,TAG04,0.8744,2025-07-17 16:30:52,rule
UTR00001055,U004596,TAG09,0.7378,2025-05-06 19:04:03,model
UTR00001056,U004252,TAG04,0.9952,2026-07-22 07:02:54,rule
UTR00001057,U001364,TAG08,0.5794,2025-08-11 23:39:29,rule
UTR00001058,U000076,TAG06,0.7528,2025-03-26 12:25:31,rule
UTR00001059,U001972,TAG03,0.6076,2026-05-25 16:33:28,model
UTR00001060,U003938,TAG11,0.5901,2025-04-16 07:38:53,model
UTR00001061,U003544,TAG05,0.6955,2025-12-12 19:36:32,rule
UTR00001062,U000949,TAG01,0.7422,2025-01-30 00:02:57,rule
UTR00001063,U000724,TAG07,0.6755,2026-06-03 20:04:19,rule
UTR00001064,U003898,TAG14,0.5704,2026-02-12 20:24:01,model
UTR00001065,U004073,TAG16,0.8676,2026-04-28 00:44:12,rule
UTR00001066,U003338,TAG06,0.7966,2026-03-12 20:10:17,model
UTR00001067,U000823,TAG15,0.768,2026-06-09 14:27:28,model
UTR00001068,U000750,TAG08,0.9654,2025-06-19 23:53:43,model
UTR00001069,U002462,TAG02,0.9306,2025-11-03 22:51:20,rule
UTR00001070,U003224,TAG11,0.7684,2025-04-13 12:51:38,rule
UTR00001071,U002847,TAG10,0.6661,2026-08-19 23:59:48,manual
UTR00001072,U001579,TAG10,0.667,2026-08-14 14:41:12,model
UTR00001073,U001424,TAG01,0.9747,2026-08-21 12:14:18,rule
UTR00001074,U002569,TAG07,0.7086,2025-08-12 22:40:38,model
UTR00001075,U001676,TAG01,0.9167,2025-09-23 08:11:11,model
UTR00001076,U000491,TAG12,0.6712,2025-03-19 21:17:23,model
UTR00001077,U000621,TAG12,0.6431,2025-03-01 04:50:34,rule
UTR00001078,U001808,TAG08,0.8544,2025-09-30 16:45:53,model
UTR00001079,U004298,TAG08,0.8321,2026-03-31 05:49:43,model
UTR00001080,U004112,TAG07,0.5798,2026-02-24 08:19:15,rule
UTR00001081,U003710,TAG10,0.7201,2026-03-31 01:23:01,rule
UTR00001082,U002964,TAG10,0.7379,2026-03-11 04:24:59,model
UTR00001083,U000852,TAG15,0.8326,2025-05-17 01:45:26,rule
UTR00001084,U003026,TAG04,0.6265,2025-01-04 12:39:52,model
UTR00001085,U002003,TAG08,0.6858,2025-10-07 15:47:08,rule
UTR00001086,U001608,TAG10,0.7346,2026-04-02 14:33:22,rule
UTR00001087,U001814,TAG14,0.7727,2025-12-28 03:54:27,manual
UTR00001088,U003985,TAG11,0.735,2026-06-03 16:24:01,model
UTR00001089,U002943,TAG09,0.7043,2026-03-22 09:56:06,model
UTR00001090,U002653,TAG14,0.6458,2025-02-24 05:09:24,rule
UTR00001091,U004450,TAG14,0.948,2025-10-30 16:32:45,model
UTR00001092,U000495,TAG08,0.9379,2025-04-23 21:01:52,rule
UTR00001093,U004347,TAG11,0.7095,2026-01-02 21:32:23,rule
UTR00001094,U003509,TAG14,0.7867,2026-05-02 03:35:54,model
UTR00001095,U002816,TAG15,0.8984,2025-03-12 05:39:41,rule
UTR00001096,U004537,TAG01,0.5595,2025-03-11 20:41:06,model
UTR00001097,U000703,TAG06,0.809,2025-03-05 17:46:17,rule
UTR00001098,U000593,TAG04,0.9246,2026-07-04 19:50:08,model
UTR00001099,U004524,TAG16,0.8075,2025-02-05 10:46:43,rule
UTR00001100,U004904,TAG14,0.5526,2025-12-03 08:40:14,rule
UTR00001101,U002175,TAG13,0.8627,2025-02-18 15:17:25,model
UTR00001102,U001088,TAG04,0.9416,2026-05-30 19:46:42,rule
UTR00001103,U003504,TAG01,0.9785,2026-08-14 16:32:23,model
UTR00001104,U001113,TAG06,0.5959,2025-05-06 10:11:23,rule
UTR00001105,U000909,TAG12,0.6047,2026-01-20 01:44:59,rule
UTR00001106,U001337,TAG13,0.6797,2026-08-21 14:05:28,model
UTR00001107,U002286,TAG07,0.9043,2025-03-14 16:27:02,rule
UTR00001108,U002407,TAG13,0.8562,2025-04-18 17:32:13,rule
UTR00001109,U002866,TAG13,0.6496,2026-03-08 21:02:02,rule
UTR00001110,U000619,TAG06,0.8918,2025-03-15 05:11:43,rule
UTR00001111,U004008,TAG07,0.8947,2026-06-16 00:12:49,rule
UTR00001112,U000219,TAG10,0.903,2026-05-09 17:31:26,model
UTR00001113,U003191,TAG07,0.8698,2025-10-09 23:21:13,model
UTR00001114,U002908,TAG02,0.896,2025-12-03 09:27:37,model
UTR00001115,U000672,TAG07,0.8209,2025-10-07 17:14:26,model
UTR00001116,U001016,TAG03,0.7206,2026-06-15 03:40:02,model
UTR00001117,U003266,TAG08,0.6642,2025-02-24 20:10:04,model
UTR00001118,U000926,TAG02,0.986,2025-11-02 14:36:54,rule
UTR00001119,U000055,TAG02,0.7154,2025-02-27 01:14:06,model
UTR00001120,U000488,TAG06,0.7186,2025-10-09 04:00:51,rule
UTR00001121,U003405,TAG08,0.8425,2025-12-18 04:20:13,rule
UTR00001122,U003782,TAG11,0.6686,2025-12-16 19:49:48,model
UTR00001123,U001904,TAG07,0.6947,2025-10-18 13:42:09,rule
UTR00001124,U002922,TAG05,0.5795,2025-11-02 10:39:23,model
UTR00001125,U000872,TAG07,0.6602,2026-04-01 09:40:34,rule
UTR00001126,U004192,TAG08,0.6887,2025-07-06 03:24:59,rule
UTR00001127,U001723,TAG05,0.7779,2025-06-16 04:51:45,model
UTR00001128,U003679,TAG12,0.6331,2026-01-11 07:59:10,model
UTR00001129,U001124,TAG12,0.8426,2025-07-08 22:50:36,rule
UTR00001130,U003563,TAG09,0.7855,2025-09-04 06:15:52,model
UTR00001131,U003022,TAG03,0.875,2025-10-20 20:07:17,rule
UTR00001132,U000292,TAG04,0.6234,2025-11-23 21:17:49,rule
UTR00001133,U000810,TAG15,0.7914,2026-03-17 06:29:14,rule
UTR00001134,U000767,TAG09,0.756,2025-06-30 10:17:57,rule
UTR00001135,U003688,TAG11,0.9305,2025-03-31 17:53:32,model
UTR00001136,U000681,TAG05,0.8196,2026-01-29 04:44:33,rule
UTR00001137,U003273,TAG02,0.5969,2025-10-11 07:31:03,model
UTR00001138,U000540,TAG08,0.7878,2025-09-08 12:32:53,rule
UTR00001139,U003555,TAG12,0.6098,2025-11-04 13:23:24,model
UTR00001140,U003912,TAG13,0.5626,2026-06-18 07:52:00,rule
UTR00001141,U002711,TAG16,0.7881,2026-07-25 08:58:37,model
UTR00001142,U002848,TAG04,0.9017,2026-03-29 01:30:27,model
UTR00001143,U004346,TAG10,0.6934,2025-12-17 18:56:11,model
UTR00001144,U004521,TAG15,0.8195,2026-05-08 12:54:18,rule
UTR00001145,U004947,TAG11,0.5667,2026-06-26 07:34:19,rule
UTR00001146,U004606,TAG13,0.7585,2026-01-26 17:21:30,rule
UTR00001147,U000644,TAG13,0.9299,2025-11-26 22:41:51,model
UTR00001148,U001284,TAG01,0.8982,2025-02-19 19:48:31,rule
UTR00001149,U003625,TAG08,0.8142,2026-07-29 08:15:00,rule
UTR00001150,U002190,TAG15,0.6246,2025-03-23 01:54:04,manual
UTR00001151,U001229,TAG01,0.6446,2025-05-07 03:09:25,rule
UTR00001152,U002488,TAG11,0.5527,2026-04-06 12:04:43,rule
UTR00001153,U001815,TAG14,0.9033,2026-07-21 00:24:29,model
UTR00001154,U000690,TAG05,0.6499,2025-05-22 06:20:51,rule
UTR00001155,U003699,TAG11,0.7022,2026-03-06 07:09:52,rule
UTR00001156,U003960,TAG12,0.8992,2026-07-26 20:02:18,rule
UTR00001157,U002172,TAG02,0.7606,2026-02-02 20:11:28,model
UTR00001158,U002905,TAG10,0.8964,2026-07-06 05:30:33,model
UTR00001159,U004689,TAG09,0.8818,2025-10-11 00:55:07,rule
UTR00001160,U002728,TAG01,0.6054,2026-05-19 02:24:29,rule
UTR00001161,U004820,TAG12,0.7239,2025-08-29 14:23:51,model
UTR00001162,U000560,TAG05,0.9246,2026-01-06 00:20:48,model
UTR00001163,U002883,TAG13,0.6789,2025-12-19 07:36:35,model
UTR00001164,U000381,TAG15,0.6625,2025-07-21 11:41:23,model
UTR00001165,U001862,TAG01,0.9052,2025-10-05 16:48:51,manual
UTR00001166,U002565,TAG05,0.7749,2026-06-22 23:08:54,rule
UTR00001167,U004491,TAG05,0.561,2026-05-16 01:14:09,model
UTR00001168,U002757,TAG08,0.9873,2025-06-17 02:50:37,rule
UTR00001169,U004513,TAG10,0.8859,2026-06-24 10:25:04,rule
UTR00001170,U004920,TAG03,0.6189,2025-01-13 03:43:41,model
UTR00001171,U004438,TAG11,0.751,2026-04-02 15:48:22,rule
UTR00001172,U004278,TAG11,0.9804,2025-05-17 15:00:50,rule
UTR00001173,U000354,TAG03,0.8354,2025-12-12 23:49:14,rule
UTR00001174,U002670,TAG10,0.7155,2025-12-24 03:32:44,rule
UTR00001175,U000110,TAG08,0.808,2025-12-17 02:39:04,rule
UTR00001176,U000320,TAG02,0.6742,2025-02-26 06:16:48,model
UTR00001177,U000842,TAG09,0.7119,2026-05-13 21:19:05,model
UTR00001178,U001142,TAG14,0.6622,2025-12-16 18:32:52,model
UTR00001179,U003304,TAG08,0.6476,2025-10-19 10:47:03,rule
UTR00001180,U003605,TAG15,0.6509,2025-12-10 21:42:57,rule
UTR00001181,U003641,TAG08,0.7271,2025-09-30 08:06:42,rule
UTR00001182,U002301,TAG12,0.5659,2026-04-23 09:26:56,rule
UTR00001183,U001796,TAG04,0.7395,2025-08-25 18:18:16,rule
UTR00001184,U002919,TAG12,0.6346,2025-04-16 17:57:15,rule
UTR00001185,U003099,TAG10,0.7766,2025-03-30 05:12:55,model
UTR00001186,U001143,TAG16,0.5604,2026-04-08 04:11:18,model
UTR00001187,U002334,TAG14,0.7966,2025-03-29 12:37:43,model
UTR00001188,U002248,TAG10,0.6438,2025-06-03 11:13:33,rule
UTR00001189,U001135,TAG05,0.829,2026-08-11 08:55:57,model
UTR00001190,U002399,TAG01,0.8777,2025-01-24 21:00:34,rule
UTR00001191,U004170,TAG05,0.877,2025-06-16 17:18:59,model
UTR00001192,U001242,TAG13,0.6535,2026-06-29 04:11:59,rule
UTR00001193,U001706,TAG12,0.5753,2025-09-18 05:14:08,model
UTR00001194,U004141,TAG11,0.8912,2026-01-23 15:43:45,model
UTR00001195,U002352,TAG11,0.8014,2026-03-15 09:46:28,rule
UTR00001196,U004468,TAG15,0.746,2025-02-22 05:33:34,rule
UTR00001197,U003315,TAG05,0.8072,2026-05-08 07:57:42,model
UTR00001198,U004726,TAG10,0.8217,2026-03-19 12:22:25,manual
UTR00001199,U001235,TAG05,0.613,2025-06-13 17:24:26,model
UTR00001200,U003445,TAG07,0.8452,2026-06-11 12:22:19,rule
UTR00001201,U001474,TAG02,0.7601,2026-05-06 07:11:37,model
UTR00001202,U001472,TAG02,0.643,2025-02-27 09:10:21,model
UTR00001203,U002917,TAG08,0.5943,2025-07-17 19:14:26,rule
UTR00001204,U001518,TAG04,0.7033,2026-05-28 13:40:16,rule
UTR00001205,U004422,TAG07,0.7868,2026-08-08 02:06:23,rule
UTR00001206,U001117,TAG05,0.6635,2025-10-07 04:41:55,rule
UTR00001207,U000348,TAG13,0.8856,2025-12-31 09:01:27,model
UTR00001208,U000819,TAG11,0.8902,2025-09-08 21:20:36,rule
UTR00001209,U001170,TAG15,0.7311,2025-01-14 05:10:43,rule
UTR00001210,U001918,TAG08,0.5807,2025-01-13 14:15:39,rule
UTR00001211,U000293,TAG06,0.8403,2025-06-16 12:00:44,model
UTR00001212,U004195,TAG09,0.8729,2025-09-12 00:03:36,model
UTR00001213,U003601,TAG05,0.924,2025-07-03 02:29:56,rule
UTR00001214,U004772,TAG12,0.9558,2025-11-18 01:01:10,model
UTR00001215,U004244,TAG16,0.6002,2025-08-26 01:16:05,rule
UTR00001216,U001925,TAG08,0.7896,2025-08-07 12:02:51,rule
UTR00001217,U001053,TAG16,0.9021,2025-07-10 12:10:45,model
UTR00001218,U003844,TAG06,0.7285,2025-05-31 16:59:56,model
UTR00001219,U004598,TAG13,0.6336,2025-11-27 17:27:55,rule
UTR00001220,U003101,TAG02,0.9174,2026-02-20 22:48:43,rule
UTR00001221,U002624,TAG01,0.6163,2025-07-02 19:51:04,model
UTR00001222,U003311,TAG03,0.849,2025-04-24 12:09:40,rule
UTR00001223,U003505,TAG14,0.7466,2025-12-02 15:32:53,rule
UTR00001224,U000922,TAG08,0.6877,2026-08-05 18:45:22,rule
UTR00001225,U001693,TAG02,0.8748,2026-03-06 18:54:08,rule
UTR00001226,U001209,TAG05,0.8683,2025-05-04 01:34:14,rule
UTR00001227,U004799,TAG09,0.614,2025-10-19 17:09:21,manual
UTR00001228,U000781,TAG13,0.8335,2025-05-11 21:36:08,rule
UTR00001229,U004030,TAG07,0.8254,2026-07-11 11:29:33,model
UTR00001230,U003963,TAG05,0.8977,2026-02-28 07:22:31,model
UTR00001231,U001611,TAG08,0.7145,2025-09-01 21:15:30,rule
UTR00001232,U000494,TAG16,0.5835,2026-05-07 18:54:25,model
UTR00001233,U001596,TAG03,0.7575,2026-01-22 07:01:56,rule
UTR00001234,U003353,TAG09,0.7594,2025-05-23 09:02:42,manual
UTR00001235,U000141,TAG02,0.5556,2026-01-08 06:43:51,rule
UTR00001236,U000672,TAG12,0.5902,2026-04-05 09:45:02,rule
UTR00001237,U000551,TAG06,0.733,2025-05-25 13:29:42,rule
UTR00001238,U002095,TAG05,0.9184,2026-07-31 20:22:24,rule
UTR00001239,U000656,TAG16,0.7754,2026-01-02 03:58:30,rule
UTR00001240,U000712,TAG09,0.7807,2025-03-09 11:43:40,model
UTR00001241,U003287,TAG16,0.7222,2025-02-07 02:38:22,model
UTR00001242,U003231,TAG04,0.988,2026-01-18 23:53:59,rule
UTR00001243,U002976,TAG13,0.5947,2025-03-27 20:56:08,model
UTR00001244,U002444,TAG07,0.6875,2026-06-10 23:15:35,rule
UTR00001245,U002937,TAG05,0.7233,2025-03-25 06:34:53,rule
UTR00001246,U004956,TAG09,0.6878,2025-09-15 22:43:27,rule
UTR00001247,U003418,TAG03,0.669,2026-03-14 17:36:02,rule
UTR00001248,U004817,TAG10,0.6265,2025-10-02 14:50:50,model
UTR00001249,U004225,TAG14,0.6318,2025-07-09 20:19:26,rule
UTR00001250,U003012,TAG13,0.9865,2026-07-05 05:59:44,rule
UTR00001251,U001216,TAG06,0.7798,2025-12-13 11:47:26,rule
UTR00001252,U000958,TAG12,0.6287,2025-12-17 11:46:04,model
UTR00001253,U001855,TAG02,0.7336,2025-04-17 02:43:50,rule
UTR00001254,U003774,TAG02,0.7786,2026-04-13 08:40:59,rule
UTR00001255,U001211,TAG03,0.9418,2025-10-08 03:01:51,rule
UTR00001256,U004121,TAG07,0.6109,2025-02-04 10:40:32,manual
UTR00001257,U002997,TAG02,0.7548,2025-05-08 17:43:30,model
UTR00001258,U004116,TAG05,0.7326,2026-05-12 00:43:00,rule
UTR00001259,U004560,TAG09,0.8999,2025-12-28 13:36:38,rule
UTR00001260,U003046,TAG02,0.7274,2025-04-17 19:50:00,rule
UTR00001261,U003287,TAG05,0.7723,2025-04-23 12:06:59,model
UTR00001262,U000418,TAG08,0.901,2025-04-25 16:33:36,rule
UTR00001263,U001606,TAG08,0.748,2026-05-09 00:00:17,rule
UTR00001264,U000254,TAG08,0.552,2026-02-06 06:48:22,rule
UTR00001265,U002743,TAG13,0.6739,2026-06-29 21:11:13,rule
UTR00001266,U001471,TAG14,0.6754,2026-06-07 15:46:46,rule
UTR00001267,U000833,TAG01,0.906,2026-01-24 01:34:39,model
UTR00001268,U000486,TAG11,0.5587,2026-05-24 00:25:00,rule
UTR00001269,U001755,TAG01,0.8479,2025-08-07 05:04:21,rule
UTR00001270,U001233,TAG05,0.8683,2025-10-01 13:02:04,model
UTR00001271,U000973,TAG03,0.816,2025-08-29 08:07:10,model
UTR00001272,U004581,TAG04,0.9573,2025-05-12 11:33:20,model
UTR00001273,U000169,TAG08,0.8247,2026-04-25 06:34:31,rule
UTR00001274,U004885,TAG01,0.6696,2026-08-05 12:39:46,model
UTR00001275,U003550,TAG15,0.8848,2026-06-15 23:50:12,model
UTR00001276,U004377,TAG16,0.9604,2025-01-21 01:23:25,model
UTR00001277,U004210,TAG08,0.9774,2026-07-07 18:06:18,model
UTR00001278,U002743,TAG01,0.8249,2025-09-14 21:11:50,model
UTR00001279,U003791,TAG01,0.6181,2026-02-05 16:03:14,rule
UTR00001280,U003282,TAG13,0.8919,2025-08-06 21:53:01,model
UTR00001281,U004569,TAG06,0.9787,2026-05-12 01:11:55,model
UTR00001282,U003700,TAG11,0.8944,2026-02-22 10:19:46,model
UTR00001283,U001800,TAG02,0.8804,2026-04-13 10:21:21,rule
UTR00001284,U002814,TAG16,0.8047,2025-01-12 20:43:12,model
UTR00001285,U002719,TAG05,0.93,2025-10-22 13:08:18,rule
UTR00001286,U000083,TAG01,0.6673,2025-07-19 21:01:40,rule
UTR00001287,U004732,TAG07,0.5539,2026-04-27 08:30:10,rule
UTR00001288,U001256,TAG09,0.7658,2025-10-13 16:06:53,rule
UTR00001289,U004803,TAG13,0.611,2025-06-29 05:25:17,model
UTR00001290,U004383,TAG01,0.7647,2026-07-06 03:44:19,rule
UTR00001291,U002352,TAG09,0.5505,2025-03-09 13:52:57,rule
UTR00001292,U004902,TAG03,0.7785,2026-07-09 18:22:54,model
UTR00001293,U004012,TAG15,0.8303,2026-05-08 00:47:31,model
UTR00001294,U004445,TAG04,0.6909,2025-08-09 04:09:07,rule
UTR00001295,U001529,TAG05,0.7679,2025-09-16 22:25:49,model
UTR00001296,U002303,TAG01,0.6576,2025-09-04 22:20:48,model
UTR00001297,U000852,TAG03,0.5858,2026-06-15 21:36:35,model
UTR00001298,U002206,TAG07,0.9157,2026-07-30 16:55:18,rule
UTR00001299,U003700,TAG12,0.8091,2025-01-27 14:22:32,rule
UTR00001300,U002003,TAG03,0.8265,2025-05-10 20:50:14,model
UTR00001301,U001631,TAG15,0.8546,2026-02-01 21:23:38,model
UTR00001302,U002229,TAG06,0.625,2026-07-05 14:27:40,rule
UTR00001303,U003106,TAG07,0.7224,2025-07-01 08:48:30,rule
UTR00001304,U002246,TAG04,0.833,2025-04-27 12:20:39,model
UTR00001305,U004027,TAG04,0.5678,2026-04-26 12:41:23,rule
UTR00001306,U001312,TAG10,0.9357,2025-11-13 06:52:07,rule
UTR00001307,U000048,TAG07,0.6926,2025-08-25 13:12:10,model
UTR00001308,U002526,TAG08,0.599,2026-03-24 06:28:11,rule
UTR00001309,U001694,TAG03,0.8278,2025-07-18 11:44:17,model
UTR00001310,U004913,TAG07,0.6654,2025-09-14 04:08:20,model
UTR00001311,U004985,TAG14,0.5896,2025-11-07 18:32:41,rule
UTR00001312,U001175,TAG13,0.5642,2025-03-23 14:43:59,model
UTR00001313,U003076,TAG01,0.9871,2026-02-15 05:35:11,model
UTR00001314,U001649,TAG14,0.7212,2026-03-26 02:05:36,rule
UTR00001315,U002590,TAG02,0.6252,2025-11-21 12:47:56,model
UTR00001316,U003865,TAG07,0.7522,2025-03-21 22:37:03,model
UTR00001317,U000442,TAG09,0.7685,2025-02-15 10:08:51,rule
UTR00001318,U000920,TAG01,0.6836,2026-06-25 18:19:09,model
UTR00001319,U004862,TAG02,0.8471,2025-01-29 18:31:54,model
UTR00001320,U004122,TAG15,0.8917,2026-04-07 04:04:52,model
UTR00001321,U003473,TAG15,0.8785,2025-07-20 02:16:30,model
UTR00001322,U000271,TAG01,0.7069,2026-08-17 18:37:26,rule
UTR00001323,U001846,TAG15,0.8058,2025-08-09 10:56:31,rule
UTR00001324,U004776,TAG16,0.5915,2026-05-23 22:12:55,model
UTR00001325,U003512,TAG01,0.9773,2025-10-15 18:41:51,rule
UTR00001326,U002068,TAG15,0.5542,2026-06-01 03:54:01,model
UTR00001327,U001900,TAG09,0.6011,2026-02-28 02:43:48,rule
UTR00001328,U002334,TAG11,0.7848,2026-03-22 01:20:30,model
UTR00001329,U001311,TAG08,0.7309,2026-07-25 09:26:30,rule
UTR00001330,U003227,TAG02,0.6128,2025-04-11 06:33:54,rule
UTR00001331,U003370,TAG08,0.8356,2026-07-23 00:44:51,model
UTR00001332,U004153,TAG04,0.7624,2025-10-14 21:26:16,model
UTR00001333,U002554,TAG16,0.6845,2026-04-09 13:00:43,rule
UTR00001334,U004502,TAG14,0.7955,2026-02-09 23:30:17,model
UTR00001335,U002440,TAG02,0.7969,2025-11-02 05:41:08,rule
UTR00001336,U000671,TAG05,0.6483,2026-05-08 09:55:42,rule
UTR00001337,U001584,TAG13,0.8678,2026-05-03 14:26:43,model
UTR00001338,U003537,TAG12,0.7923,2026-03-18 23:39:48,rule
UTR00001339,U001429,TAG11,0.5934,2025-12-22 01:41:45,model
UTR00001340,U004919,TAG01,0.9934,2025-07-07 03:25:30,rule
UTR00001341,U001102,TAG05,0.856,2026-07-08 10:46:48,rule
UTR00001342,U004561,TAG09,0.9948,2025-03-04 04:39:54,rule
UTR00001343,U003044,TAG06,0.8189,2025-07-05 22:25:33,rule
UTR00001344,U004662,TAG14,0.6998,2026-06-25 16:09:25,model
UTR00001345,U001705,TAG05,0.9405,2026-04-01 05:28:27,model
UTR00001346,U002555,TAG13,0.7215,2026-02-24 13:59:27,rule
UTR00001347,U001925,TAG11,0.5665,2026-02-04 14:43:31,model
UTR00001348,U004031,TAG08,0.5617,2025-02-19 08:23:09,rule
UTR00001349,U000206,TAG12,0.6698,2026-01-23 08:33:38,rule
UTR00001350,U003027,TAG11,0.7981,2026-04-03 01:44:22,rule
UTR00001351,U001899,TAG15,0.6696,2026-01-19 09:48:33,rule
UTR00001352,U002219,TAG12,0.8093,2025-04-21 01:12:18,rule
UTR00001353,U004010,TAG10,0.7762,2025-10-31 04:16:15,model
UTR00001354,U002283,TAG14,0.8944,2025-12-08 14:31:33,rule
UTR00001355,U004241,TAG14,0.7539,2025-08-03 21:20:48,model
UTR00001356,U002836,TAG16,0.7693,2025-08-12 08:13:46,model
UTR00001357,U003244,TAG05,0.9829,2026-06-26 22:40:35,model
UTR00001358,U003740,TAG10,0.9047,2025-06-02 18:51:21,rule
UTR00001359,U000438,TAG06,0.7061,2025-11-18 01:50:55,rule
UTR00001360,U000385,TAG04,0.9107,2026-02-09 07:46:05,rule
UTR00001361,U002401,TAG07,0.5585,2025-10-23 15:12:48,model
UTR00001362,U000259,TAG06,0.7868,2025-01-23 05:19:59,rule
UTR00001363,U004014,TAG01,0.8625,2025-07-17 22:55:20,manual
UTR00001364,U002167,TAG03,0.5895,2026-06-09 20:01:47,manual
UTR00001365,U001488,TAG11,0.6696,2026-05-18 15:32:21,rule
UTR00001366,U002168,TAG01,0.6568,2025-02-20 12:21:46,rule
UTR00001367,U001019,TAG16,0.9993,2025-05-30 12:20:48,rule
UTR00001368,U004645,TAG15,0.9844,2025-03-21 14:09:58,model
UTR00001369,U000498,TAG13,0.8893,2026-05-05 02:02:13,rule
UTR00001370,U001184,TAG13,0.8226,2026-05-14 01:06:34,rule
UTR00001371,U000846,TAG12,0.664,2026-05-03 10:04:33,model
UTR00001372,U001601,TAG16,0.9084,2026-05-24 11:51:55,rule
UTR00001373,U003398,TAG14,0.5642,2025-02-24 20:38:05,model
UTR00001374,U002498,TAG03,0.8948,2025-09-22 04:06:33,rule
UTR00001375,U000713,TAG07,0.5531,2026-02-03 22:15:50,rule
UTR00001376,U003437,TAG08,0.8284,2026-07-16 12:23:36,rule
UTR00001377,U000405,TAG12,0.9247,2025-05-07 23:31:17,model
UTR00001378,U002873,TAG12,0.6996,2025-02-22 21:02:10,rule
UTR00001379,U004988,TAG09,0.8711,2026-05-30 17:13:16,rule
UTR00001380,U003311,TAG09,0.7805,2026-07-05 21:03:10,rule
UTR00001381,U002372,TAG11,0.9562,2026-01-05 19:48:09,model
UTR00001382,U003922,TAG09,0.8142,2026-04-28 07:44:47,rule
UTR00001383,U000736,TAG13,0.8183,2025-04-12 22:29:51,model
UTR00001384,U003144,TAG08,0.59,2026-03-21 22:27:46,model
UTR00001385,U001070,TAG04,0.7044,2025-07-13 18:37:10,rule
UTR00001386,U001622,TAG16,0.9058,2026-04-16 10:36:48,rule
UTR00001387,U002306,TAG03,0.9028,2025-12-31 17:18:34,model
UTR00001388,U001685,TAG12,0.9645,2025-06-27 14:30:49,rule
UTR00001389,U001740,TAG15,0.91,2025-10-16 03:07:05,rule
UTR00001390,U004754,TAG16,0.9477,2025-11-28 03:39:25,model
UTR00001391,U002577,TAG14,0.8512,2026-06-17 23:14:29,rule
UTR00001392,U001111,TAG08,0.7992,2026-01-29 00:06:26,rule
UTR00001393,U001558,TAG03,0.8151,2025-06-06 12:39:15,rule
UTR00001394,U003288,TAG06,0.9784,2025-03-09 02:45:48,rule
UTR00001395,U004199,TAG16,0.8123,2025-11-11 16:56:48,rule
UTR00001396,U004337,TAG13,0.991,2025-03-20 02:43:58,model
UTR00001397,U004900,TAG03,0.9989,2026-07-26 19:18:16,rule
UTR00001398,U003295,TAG09,0.5688,2025-11-03 23:06:37,model
UTR00001399,U000702,TAG09,0.9745,2026-03-05 21:05:49,model
UTR00001400,U003381,TAG10,0.7207,2025-03-08 15:28:04,model
UTR00001401,U001679,TAG14,0.7932,2025-06-28 15:27:48,rule
UTR00001402,U003062,TAG16,0.8387,2025-08-06 07:08:37,model
UTR00001403,U003434,TAG14,0.9016,2026-03-16 18:26:43,rule
UTR00001404,U003951,TAG05,0.6933,2025-01-08 16:16:10,rule
UTR00001405,U003627,TAG03,0.5618,2026-05-14 06:02:20,manual
UTR00001406,U001532,TAG11,0.9775,2025-09-19 20:50:00,rule
UTR00001407,U003921,TAG02,0.6397,2025-08-13 16:54:29,rule
UTR00001408,U001685,TAG15,0.6702,2026-02-02 18:20:49,model
UTR00001409,U002555,TAG10,0.9866,2025-09-11 21:36:06,rule
UTR00001410,U002750,TAG03,0.9693,2025-11-18 22:31:57,model
UTR00001411,U004981,TAG02,0.9683,2026-04-07 03:47:26,rule
UTR00001412,U001158,TAG05,0.7071,2026-01-28 15:51:05,rule
UTR00001413,U004434,TAG15,0.9147,2025-09-03 09:21:50,model
UTR00001414,U001874,TAG04,0.874,2026-02-18 08:18:51,rule
UTR00001415,U004389,TAG15,0.7811,2025-06-22 10:22:51,rule
UTR00001416,U003190,TAG11,0.6005,2026-03-10 21:15:16,rule
UTR00001417,U003088,TAG13,0.8843,2026-03-25 03:41:54,rule
UTR00001418,U001164,TAG13,0.9388,2026-01-05 03:57:53,rule
UTR00001419,U001913,TAG11,0.8171,2026-05-12 05:39:20,rule
UTR00001420,U000047,TAG01,0.8921,2025-08-21 16:26:57,model
UTR00001421,U001972,TAG10,0.8278,2026-06-28 15:25:23,rule
UTR00001422,U001315,TAG08,0.8442,2026-04-01 06:13:33,rule
UTR00001423,U001545,TAG14,0.8337,2025-06-13 19:05:58,model
UTR00001424,U000333,TAG16,0.7872,2026-08-07 10:09:45,rule
UTR00001425,U002297,TAG06,0.673,2026-08-17 05:11:22,rule
UTR00001426,U000042,TAG03,0.5752,2025-09-11 04:15:03,manual
UTR00001427,U001303,TAG13,0.9711,2026-01-20 11:10:48,rule
UTR00001428,U000906,TAG06,0.596,2025-02-05 12:02:45,rule
UTR00001429,U003075,TAG05,0.5649,2026-01-13 19:16:33,rule
UTR00001430,U001173,TAG02,0.8998,2026-07-11 12:06:49,rule
UTR00001431,U000778,TAG10,0.7877,2026-04-07 17:04:44,rule
UTR00001432,U004224,TAG03,0.8023,2026-06-27 06:41:25,model
UTR00001433,U003971,TAG03,0.5817,2025-08-31 01:30:38,model
UTR00001434,U001675,TAG13,0.6066,2025-08-09 12:00:58,model
UTR00001435,U002429,TAG02,0.7804,2025-07-18 05:47:02,rule
UTR00001436,U001398,TAG07,0.7124,2026-04-28 12:53:16,model
UTR00001437,U002213,TAG03,0.7358,2025-10-21 18:18:22,model
UTR00001438,U002804,TAG16,0.5994,2025-03-31 15:06:26,rule
UTR00001439,U003116,TAG03,0.9099,2026-01-03 19:31:31,model
UTR00001440,U003624,TAG03,0.9191,2025-03-21 20:19:13,rule
UTR00001441,U004498,TAG16,0.8743,2025-08-13 19:02:58,rule
UTR00001442,U000755,TAG01,0.743,2025-10-26 15:36:01,rule
UTR00001443,U004080,TAG06,0.7654,2025-01-24 18:13:46,model
UTR00001444,U004709,TAG05,0.5957,2025-01-11 14:18:19,rule
UTR00001445,U001755,TAG08,0.8542,2025-04-18 04:09:48,model
UTR00001446,U003732,TAG14,0.9912,2025-12-14 21:47:05,model
UTR00001447,U000573,TAG07,0.6904,2025-07-24 16:03:09,model
UTR00001448,U002518,TAG10,0.7567,2025-02-16 01:06:04,rule
UTR00001449,U002015,TAG02,0.8493,2026-07-13 11:19:38,rule
UTR00001450,U004280,TAG08,0.9755,2025-12-09 01:24:44,rule
UTR00001451,U000183,TAG08,0.7494,2025-04-23 18:27:15,manual
UTR00001452,U002675,TAG10,0.5859,2026-05-02 05:56:22,model
UTR00001453,U001195,TAG05,0.6954,2025-05-09 19:55:28,rule
UTR00001454,U000040,TAG05,0.8399,2025-11-02 21:49:29,model
UTR00001455,U004617,TAG08,0.7719,2026-01-08 01:57:48,rule
UTR00001456,U000311,TAG16,0.7819,2025-01-29 04:00:22,rule
UTR00001457,U001904,TAG10,0.8878,2026-04-14 03:46:01,rule
UTR00001458,U002531,TAG14,0.7506,2025-02-24 20:53:01,rule
UTR00001459,U003665,TAG12,0.8779,2025-11-09 03:16:13,rule
UTR00001460,U002222,TAG01,0.5545,2025-06-08 16:00:02,model
UTR00001461,U000576,TAG05,0.6788,2026-03-27 18:59:48,rule
UTR00001462,U004254,TAG05,0.6501,2025-09-16 08:28:45,model
UTR00001463,U001471,TAG16,0.5888,2026-03-25 07:11:14,rule
UTR00001464,U002110,TAG15,0.9113,2025-02-01 01:33:41,rule
UTR00001465,U000679,TAG03,0.8782,2026-01-30 04:56:47,rule
UTR00001466,U000517,TAG13,0.6446,2026-07-20 06:18:09,rule
UTR00001467,U002360,TAG09,0.7641,2026-08-13 23:35:54,model
UTR00001468,U003718,TAG01,0.6666,2025-11-05 21:20:09,rule
UTR00001469,U004144,TAG07,0.7391,2026-04-06 05:33:09,model
UTR00001470,U003899,TAG07,0.6202,2026-06-12 10:19:16,rule
UTR00001471,U000776,TAG11,0.8037,2025-04-12 05:01:06,model
UTR00001472,U000306,TAG14,0.964,2025-04-28 18:28:49,model
UTR00001473,U002568,TAG14,0.6285,2025-07-22 08:06:57,rule
UTR00001474,U000913,TAG03,0.9504,2025-09-13 21:31:07,model
UTR00001475,U003606,TAG01,0.7454,2026-03-30 23:41:33,rule
UTR00001476,U000707,TAG12,0.6546,2026-08-16 11:41:11,model
UTR00001477,U002774,TAG11,0.6549,2026-03-24 06:35:15,model
UTR00001478,U003518,TAG05,0.815,2025-07-01 00:35:28,rule
UTR00001479,U000626,TAG11,0.684,2026-03-11 01:03:55,rule
UTR00001480,U002487,TAG14,0.9668,2025-03-12 07:00:18,rule
UTR00001481,U000805,TAG11,0.5508,2025-03-05 14:08:41,rule
UTR00001482,U002485,TAG02,0.7125,2025-04-14 02:13:46,rule
UTR00001483,U004134,TAG04,0.5539,2025-08-26 21:10:43,model
UTR00001484,U003746,TAG02,0.8367,2025-07-13 09:58:49,model
UTR00001485,U004167,TAG07,0.6141,2025-11-01 03:37:49,rule
UTR00001486,U004536,TAG10,0.9717,2025-04-01 16:53:44,model
UTR00001487,U000510,TAG04,0.6048,2026-01-18 09:56:01,rule
UTR00001488,U000052,TAG15,0.7132,2026-02-23 09:09:35,rule
UTR00001489,U003498,TAG11,0.5717,2025-05-20 17:15:20,rule
UTR00001490,U004497,TAG05,0.82,2026-01-14 12:53:42,model
UTR00001491,U001229,TAG12,0.8229,2025-06-19 03:31:07,rule
UTR00001492,U003593,TAG07,0.9505,2025-12-03 05:11:09,model
UTR00001493,U002063,TAG08,0.6434,2026-08-13 15:39:23,rule
UTR00001494,U001678,TAG10,0.6711,2025-09-23 03:17:56,model
UTR00001495,U001138,TAG03,0.717,2025-03-18 16:00:11,rule
UTR00001496,U004438,TAG01,0.8571,2026-04-03 13:16:45,rule
UTR00001497,U001825,TAG06,0.6254,2025-08-23 07:35:06,model
UTR00001498,U002256,TAG12,0.8172,2026-02-09 08:41:40,rule
UTR00001499,U002250,TAG08,0.8463,2025-01-07 20:13:52,manual
UTR00001500,U003762,TAG12,0.7975,2025-03-04 10:04:58,model
UTR00001501,U003986,TAG09,0.5568,2025-06-27 21:52:11,model
UTR00001502,U003031,TAG03,0.7372,2025-04-02 03:23:01,rule
UTR00001503,U004385,TAG08,0.7598,2026-05-23 09:23:52,model
UTR00001504,U004673,TAG13,0.6351,2026-06-29 11:30:48,manual
UTR00001505,U000304,TAG06,0.7871,2025-07-17 06:31:02,model
UTR00001506,U002614,TAG09,0.6323,2025-01-03 15:59:54,rule
UTR00001507,U001978,TAG09,0.6568,2026-02-07 00:22:54,rule
UTR00001508,U001987,TAG05,0.9104,2026-08-01 15:47:46,rule
UTR00001509,U001256,TAG11,0.881,2025-04-17 22:44:55,rule
UTR00001510,U000218,TAG12,0.7086,2025-12-15 01:37:44,rule
UTR00001511,U001631,TAG03,0.9751,2025-10-04 13:26:00,model
UTR00001512,U002361,TAG01,0.9221,2025-05-14 07:18:30,model
UTR00001513,U004010,TAG14,0.6399,2025-02-08 10:05:14,rule
UTR00001514,U003739,TAG07,0.7955,2025-05-03 10:24:30,rule
UTR00001515,U003373,TAG14,0.6404,2025-09-11 15:29:04,rule
UTR00001516,U003106,TAG07,0.9551,2025-01-01 06:32:51,rule
UTR00001517,U001357,TAG15,0.8169,2026-05-24 14:48:00,rule
UTR00001518,U004591,TAG14,0.987,2026-05-09 13:22:10,rule
UTR00001519,U001018,TAG13,0.9447,2025-09-30 12:44:43,rule
UTR00001520,U003728,TAG03,0.7276,2026-03-05 06:21:49,rule
UTR00001521,U002887,TAG12,0.6725,2025-03-05 02:18:52,rule
UTR00001522,U004551,TAG06,0.7128,2026-08-06 07:05:28,model
UTR00001523,U004932,TAG15,0.8432,2025-02-22 03:12:49,model
UTR00001524,U000814,TAG15,0.7604,2025-10-21 01:17:36,model
UTR00001525,U000850,TAG13,0.8257,2026-02-19 18:36:56,rule
UTR00001526,U000331,TAG13,0.6019,2025-09-01 23:38:58,model
UTR00001527,U000220,TAG10,0.8622,2025-04-02 18:42:14,rule
UTR00001528,U004779,TAG16,0.5652,2026-04-28 01:29:55,rule
UTR00001529,U001845,TAG12,0.9445,2025-01-09 14:46:02,rule
UTR00001530,U004301,TAG09,0.9493,2025-05-24 12:22:15,model
UTR00001531,U004441,TAG08,0.9544,2025-06-12 17:39:23,model
UTR00001532,U004809,TAG08,0.6886,2025-03-20 10:53:37,rule
UTR00001533,U001797,TAG13,0.9633,2025-12-29 14:50:22,model
UTR00001534,U004186,TAG16,0.6599,2026-03-21 01:17:38,model
UTR00001535,U000384,TAG16,0.8746,2026-04-04 04:14:56,model
UTR00001536,U003476,TAG15,0.9706,2025-05-05 10:48:19,model
UTR00001537,U001801,TAG13,0.9181,2025-11-04 17:38:42,rule
UTR00001538,U002986,TAG09,0.6093,2026-08-06 05:26:54,rule
UTR00001539,U000249,TAG03,0.7485,2025-10-25 08:10:39,rule
UTR00001540,U003903,TAG09,0.5801,2025-11-19 03:40:02,model
UTR00001541,U004900,TAG12,0.788,2026-07-05 01:48:37,rule
UTR00001542,U004304,TAG11,0.8206,2025-02-26 04:28:44,rule
UTR00001543,U001626,TAG03,0.8454,2025-01-24 05:26:48,rule
UTR00001544,U003439,TAG09,0.6025,2026-01-26 19:57:34,rule
UTR00001545,U000838,TAG13,0.9958,2025-02-04 11:41:07,model
UTR00001546,U003563,TAG04,0.8649,2026-02-01 07:10:55,rule
UTR00001547,U000107,TAG05,0.5938,2025-11-01 07:56:20,model
UTR00001548,U002454,TAG15,0.9551,2026-03-12 09:47:41,model
UTR00001549,U001156,TAG14,0.6423,2025-03-16 18:54:34,rule
UTR00001550,U002401,TAG06,0.904,2026-06-08 09:26:13,model
UTR00001551,U002235,TAG05,0.6727,2026-06-27 09:58:47,rule
UTR00001552,U004273,TAG13,0.7377,2026-03-05 11:20:18,model
UTR00001553,U000506,TAG06,0.6829,2025-11-26 15:37:36,model
UTR00001554,U000260,TAG16,0.9615,2025-05-30 04:24:23,model
UTR00001555,U000930,TAG10,0.7697,2025-06-07 04:33:42,rule
UTR00001556,U004241,TAG06,0.9066,2026-04-28 17:47:03,rule
UTR00001557,U004626,TAG02,0.6241,2025-12-03 16:30:29,rule
UTR00001558,U002927,TAG01,0.8241,2025-06-06 22:51:44,rule
UTR00001559,U004345,TAG14,0.9587,2025-08-06 05:31:24,rule
UTR00001560,U000482,TAG02,0.9514,2025-01-07 22:49:47,rule
UTR00001561,U001380,TAG10,0.5507,2026-05-10 20:19:51,rule
UTR00001562,U003460,TAG07,0.8838,2025-11-29 11:46:28,rule
UTR00001563,U003846,TAG14,0.5816,2026-03-07 10:19:07,model
UTR00001564,U002930,TAG13,0.6237,2025-08-26 09:24:34,model
UTR00001565,U003662,TAG16,0.8958,2026-03-06 17:18:25,model
UTR00001566,U004309,TAG03,0.7455,2026-03-19 20:51:59,model
UTR00001567,U000072,TAG10,0.7301,2025-06-13 23:50:02,rule
UTR00001568,U001896,TAG08,0.8442,2025-03-28 05:03:25,rule
UTR00001569,U004094,TAG12,0.7955,2026-07-06 02:41:05,model
UTR00001570,U003324,TAG10,0.9276,2026-06-15 20:22:22,rule
UTR00001571,U000673,TAG09,0.9666,2025-04-04 07:51:10,rule
UTR00001572,U000295,TAG08,0.9294,2025-06-22 01:56:21,rule
UTR00001573,U001022,TAG12,0.5814,2026-04-23 09:05:29,rule
UTR00001574,U003862,TAG12,0.736,2026-01-05 11:09:29,rule
UTR00001575,U004986,TAG15,0.5515,2025-11-27 04:00:49,rule
UTR00001576,U000130,TAG11,0.8018,2025-03-24 20:09:55,rule
UTR00001577,U001322,TAG13,0.6081,2025-08-10 17:34:29,rule
UTR00001578,U002485,TAG07,0.6123,2025-05-06 05:45:41,rule
UTR00001579,U001484,TAG09,0.7535,2025-10-24 04:10:05,rule
UTR00001580,U003371,TAG04,0.8507,2025-06-07 23:05:29,rule
UTR00001581,U004444,TAG14,0.8211,2025-07-23 03:22:50,rule
UTR00001582,U004442,TAG12,0.8156,2025-09-16 14:05:05,rule
UTR00001583,U001625,TAG01,0.9001,2026-07-09 22:03:54,model
UTR00001584,U003302,TAG10,0.6361,2026-04-14 13:35:15,model
UTR00001585,U001485,TAG08,0.7854,2025-12-04 09:38:10,manual
UTR00001586,U004646,TAG03,0.8692,2026-06-24 08:54:40,model
UTR00001587,U000726,TAG01,0.7172,2025-08-25 20:20:06,model
UTR00001588,U004352,TAG11,0.5955,2025-05-21 23:02:57,model
UTR00001589,U003385,TAG13,0.569,2025-12-21 14:47:38,rule
UTR00001590,U002886,TAG09,0.7466,2025-05-23 22:55:17,rule
UTR00001591,U000604,TAG03,0.9318,2025-07-02 11:01:09,rule
UTR00001592,U001187,TAG01,0.8246,2025-03-20 05:34:13,rule
UTR00001593,U002527,TAG05,0.7157,2025-01-23 17:34:01,rule
UTR00001594,U003414,TAG15,0.5555,2026-01-23 11:59:21,model
UTR00001595,U001923,TAG07,0.6737,2026-02-24 17:47:29,rule
UTR00001596,U000695,TAG16,0.8026,2025-11-30 00:03:58,rule
UTR00001597,U001319,TAG04,0.6318,2025-11-07 20:59:13,model
UTR00001598,U004932,TAG14,0.5671,2025-06-24 05:51:54,rule
UTR00001599,U000571,TAG10,0.9711,2025-10-20 04:15:19,rule
UTR00001600,U000153,TAG10,0.8426,2026-06-13 10:13:18,model
UTR00001601,U004985,TAG12,0.6133,2026-03-03 01:53:09,manual
UTR00001602,U002889,TAG03,0.8459,2025-05-16 17:53:48,model
UTR00001603,U001419,TAG02,0.9746,2025-08-13 02:42:01,model
UTR00001604,U004699,TAG11,0.9695,2025-02-07 20:47:57,model
UTR00001605,U000392,TAG13,0.6763,2025-05-02 02:33:56,rule
UTR00001606,U000979,TAG01,0.9943,2025-07-07 20:32:19,manual
UTR00001607,U004873,TAG13,0.6353,2025-02-03 05:00:13,rule
UTR00001608,U001998,TAG02,0.7705,2026-05-06 06:43:23,model
UTR00001609,U000265,TAG03,0.7969,2025-03-19 21:54:49,rule
UTR00001610,U002258,TAG09,0.9223,2026-05-26 03:43:39,rule
UTR00001611,U000342,TAG05,0.7239,2025-03-09 18:25:53,rule
UTR00001612,U000107,TAG14,0.9384,2025-07-11 15:02:48,rule
UTR00001613,U000124,TAG03,0.83,2025-09-13 11:20:17,model
UTR00001614,U000675,TAG04,0.9596,2025-04-22 06:59:42,model
UTR00001615,U000868,TAG02,0.848,2025-05-10 05:01:44,rule
UTR00001616,U003921,TAG16,0.8603,2026-06-10 02:09:43,rule
UTR00001617,U002586,TAG05,0.6834,2026-07-11 03:38:23,model
UTR00001618,U003630,TAG04,0.7045,2025-08-19 18:32:24,rule
UTR00001619,U004982,TAG16,0.7223,2025-10-25 14:11:54,model
UTR00001620,U004331,TAG01,0.6041,2025-05-02 19:59:26,rule
UTR00001621,U002290,TAG12,0.6057,2025-03-01 09:15:52,rule
UTR00001622,U000170,TAG16,0.8137,2026-06-23 20:59:22,rule
UTR00001623,U001894,TAG07,0.57,2025-07-26 15:19:23,model
UTR00001624,U004803,TAG03,0.7588,2025-11-08 21:22:49,model
UTR00001625,U001770,TAG02,0.8246,2026-05-17 05:08:57,rule
UTR00001626,U004511,TAG02,0.9013,2025-02-07 12:50:41,rule
UTR00001627,U000774,TAG01,0.6967,2026-03-14 02:38:35,model
UTR00001628,U001141,TAG07,0.5509,2025-07-12 15:46:39,model
UTR00001629,U004259,TAG11,0.6647,2025-09-08 03:29:16,model
UTR00001630,U000677,TAG11,0.9253,2026-08-13 09:10:26,rule
UTR00001631,U000070,TAG09,0.8067,2026-01-21 16:25:20,rule
UTR00001632,U003450,TAG01,0.7645,2025-10-26 11:40:05,rule
UTR00001633,U000331,TAG14,0.6683,2025-05-04 02:11:00,rule
UTR00001634,U002765,TAG10,0.7708,2025-02-10 08:14:57,rule
UTR00001635,U000933,TAG01,0.6219,2025-10-07 16:50:36,rule
UTR00001636,U001078,TAG06,0.9053,2025-10-11 06:55:35,rule
UTR00001637,U003188,TAG06,0.9258,2025-12-16 05:49:39,rule
UTR00001638,U004817,TAG04,0.8576,2026-01-03 18:12:04,model
UTR00001639,U001344,TAG13,0.7855,2026-01-19 02:09:30,model
UTR00001640,U004684,TAG15,0.861,2025-04-07 12:02:03,rule
UTR00001641,U001908,TAG10,0.7931,2025-06-12 15:14:19,rule
UTR00001642,U000308,TAG06,0.8696,2025-06-03 02:02:21,rule
UTR00001643,U002932,TAG16,0.8721,2025-10-05 06:57:48,manual
UTR00001644,U001970,TAG07,0.9215,2026-03-06 09:35:53,rule
UTR00001645,U003191,TAG07,0.8534,2025-08-07 09:14:41,rule
UTR00001646,U001918,TAG09,0.5527,2025-02-04 09:59:07,rule
UTR00001647,U004375,TAG09,0.7101,2026-07-04 18:51:16,model
UTR00001648,U002995,TAG02,0.9484,2026-03-10 09:53:41,manual
UTR00001649,U003902,TAG12,0.7235,2025-04-28 22:26:21,rule
UTR00001650,U002677,TAG14,0.6974,2026-07-29 08:54:04,rule
UTR00001651,U000933,TAG11,0.6551,2025-01-09 15:40:13,model
UTR00001652,U003199,TAG05,0.9063,2025-12-31 07:17:28,model
UTR00001653,U002859,TAG07,0.5897,2026-04-21 06:41:43,model
UTR00001654,U003514,TAG09,0.7061,2025-12-23 23:51:27,rule
UTR00001655,U000654,TAG13,0.6148,2026-01-09 03:24:44,rule
UTR00001656,U002379,TAG15,0.9841,2025-05-25 04:24:55,rule
UTR00001657,U003001,TAG04,0.6454,2026-06-02 11:07:31,model
UTR00001658,U003313,TAG04,0.6585,2025-07-24 08:03:42,rule
UTR00001659,U002182,TAG01,0.7345,2025-11-14 11:53:35,rule
UTR00001660,U002897,TAG08,0.9827,2025-09-18 05:05:14,rule
UTR00001661,U001305,TAG14,0.6894,2025-02-25 04:58:13,rule
UTR00001662,U002148,TAG08,0.9778,2025-02-14 09:19:17,rule
UTR00001663,U001723,TAG06,0.9629,2025-03-02 05:13:02,manual
UTR00001664,U003758,TAG13,0.606,2026-01-30 19:52:10,model
UTR00001665,U001822,TAG09,0.7816,2025-08-05 16:29:34,rule
UTR00001666,U000065,TAG15,0.7382,2025-07-23 03:25:33,rule
UTR00001667,U001767,TAG02,0.741,2025-03-11 14:40:53,rule
UTR00001668,U000811,TAG08,0.9851,2026-05-22 08:34:34,model
UTR00001669,U000411,TAG13,0.5659,2025-10-08 06:20:35,rule
UTR00001670,U001209,TAG08,0.7682,2025-10-29 04:24:00,rule
UTR00001671,U001361,TAG02,0.5928,2025-04-03 00:08:50,model
UTR00001672,U003792,TAG15,0.6125,2025-03-10 05:52:25,rule
UTR00001673,U004615,TAG13,0.9002,2026-04-30 14:52:28,model
UTR00001674,U004337,TAG10,0.6636,2025-08-30 19:45:58,rule
UTR00001675,U001844,TAG16,0.5981,2025-12-30 03:42:01,manual
UTR00001676,U003709,TAG09,0.7484,2025-05-17 21:32:58,model
UTR00001677,U004731,TAG08,0.7944,2025-10-14 11:15:07,rule
UTR00001678,U002333,TAG13,0.9349,2025-12-24 15:18:31,model
UTR00001679,U000392,TAG14,0.9045,2025-06-16 12:44:37,rule
UTR00001680,U000729,TAG08,0.8371,2025-02-02 05:12:41,model
UTR00001681,U003155,TAG09,0.7945,2026-01-06 02:28:28,rule
UTR00001682,U003269,TAG16,0.7076,2025-09-18 14:17:30,rule
UTR00001683,U004773,TAG02,0.9671,2026-04-09 11:37:45,model
UTR00001684,U000977,TAG04,0.7669,2026-01-07 20:04:23,model
UTR00001685,U004178,TAG06,0.8568,2025-08-18 07:05:37,rule
UTR00001686,U002628,TAG04,0.593,2026-01-11 13:39:08,rule
UTR00001687,U001437,TAG07,0.6841,2026-04-10 23:38:06,rule
UTR00001688,U000492,TAG04,0.6373,2026-04-17 04:37:29,model
UTR00001689,U000323,TAG16,0.8027,2025-05-30 11:52:11,rule
UTR00001690,U004970,TAG13,0.9349,2025-09-18 06:55:52,rule
UTR00001691,U000654,TAG04,0.7552,2026-01-25 15:18:40,model
UTR00001692,U000345,TAG05,0.6932,2026-04-04 23:36:13,model
UTR00001693,U000454,TAG06,0.8031,2025-08-25 08:08:31,model
UTR00001694,U002387,TAG11,0.9937,2025-05-16 12:08:28,rule
UTR00001695,U000217,TAG03,0.5814,2026-07-11 11:27:04,rule
UTR00001696,U003392,TAG10,0.9144,2025-10-13 15:35:24,rule
UTR00001697,U000017,TAG03,0.9612,2026-03-31 12:52:01,model
UTR00001698,U002111,TAG12,0.7084,2026-07-12 04:44:31,rule
UTR00001699,U000023,TAG14,0.9802,2026-02-09 21:11:38,rule
UTR00001700,U003535,TAG16,0.5547,2025-12-19 23:59:45,model
UTR00001701,U002893,TAG16,0.9052,2026-07-19 09:26:03,rule
UTR00001702,U001697,TAG10,0.7389,2025-06-13 12:25:35,rule
UTR00001703,U004635,TAG10,0.8079,2025-05-28 04:49:49,rule
UTR00001704,U003416,TAG13,0.8774,2026-04-25 06:51:55,model
UTR00001705,U001792,TAG08,0.8272,2025-06-15 17:48:31,rule
UTR00001706,U002466,TAG13,0.9096,2026-06-29 01:38:36,model
UTR00001707,U003640,TAG04,0.9574,2026-06-09 11:49:39,model
UTR00001708,U002425,TAG02,0.792,2026-02-04 05:00:39,model
UTR00001709,U002608,TAG10,0.6774,2026-01-12 16:02:50,rule
UTR00001710,U002285,TAG02,0.8093,2026-02-07 11:09:25,rule
UTR00001711,U003687,TAG11,0.7431,2026-05-26 12:32:47,rule
UTR00001712,U003129,TAG04,0.8817,2025-01-25 23:27:11,rule
UTR00001713,U002137,TAG13,0.8131,2026-07-27 20:10:23,rule
UTR00001714,U001033,TAG07,0.6895,2025-01-04 15:07:45,rule
UTR00001715,U000351,TAG04,0.6388,2026-08-22 19:35:17,manual
UTR00001716,U001059,TAG01,0.9919,2026-07-13 06:44:36,model
UTR00001717,U002474,TAG10,0.7355,2025-10-11 15:21:39,rule
UTR00001718,U002504,TAG03,0.879,2025-07-18 05:56:17,model
UTR00001719,U000356,TAG03,0.731,2026-07-09 11:23:37,model
UTR00001720,U004079,TAG06,0.6023,2026-07-10 17:39:53,rule
UTR00001721,U003793,TAG10,0.6651,2025-02-13 16:58:30,model
UTR00001722,U001868,TAG05,0.746,2025-11-28 23:02:56,rule
UTR00001723,U003981,TAG13,0.9623,2026-01-13 08:15:02,model
UTR00001724,U002413,TAG09,0.8511,2025-05-09 09:36:05,model
UTR00001725,U004796,TAG11,0.6546,2025-04-02 15:53:11,model
UTR00001726,U000307,TAG09,0.7368,2025-10-06 01:49:26,model
UTR00001727,U000143,TAG04,0.9473,2025-04-21 18:42:44,rule
UTR00001728,U002874,TAG04,0.7314,2025-02-25 00:25:22,rule
UTR00001729,U001088,TAG14,0.7057,2026-01-11 06:25:37,manual
UTR00001730,U004110,TAG14,0.7309,2025-01-30 12:05:04,model
UTR00001731,U003853,TAG13,0.8689,2025-11-08 10:16:41,rule
UTR00001732,U001894,TAG02,0.9028,2026-04-14 01:43:07,model
UTR00001733,U002173,TAG07,0.7812,2026-01-23 04:16:28,rule
UTR00001734,U004289,TAG01,0.6995,2026-06-17 19:01:01,rule
UTR00001735,U004980,TAG08,0.8578,2025-09-10 15:57:13,rule
UTR00001736,U000605,TAG02,0.7203,2025-09-06 21:16:14,model
UTR00001737,U002667,TAG16,0.9757,2025-11-11 09:19:36,model
UTR00001738,U000139,TAG07,0.9949,2026-03-01 11:20:05,rule
UTR00001739,U001709,TAG12,0.7778,2026-08-20 16:43:58,model
UTR00001740,U004720,TAG08,0.9037,2026-01-02 15:30:27,model
UTR00001741,U002145,TAG13,0.7272,2025-04-14 06:55:27,rule
UTR00001742,U001560,TAG12,0.7246,2025-05-28 17:11:45,rule
UTR00001743,U004290,TAG04,0.8471,2025-07-02 11:37:15,rule
UTR00001744,U001110,TAG15,0.565,2025-07-22 10:05:23,rule
UTR00001745,U002930,TAG01,0.896,2025-04-30 20:04:10,rule
UTR00001746,U001706,TAG10,0.774,2025-09-30 03:06:59,model
UTR00001747,U000835,TAG16,0.9238,2026-05-04 02:39:50,rule
UTR00001748,U004168,TAG16,0.6163,2025-06-18 15:49:34,rule
UTR00001749,U000125,TAG08,0.8821,2026-05-14 22:31:15,rule
UTR00001750,U004170,TAG10,0.7471,2025-12-03 10:53:09,model
UTR00001751,U002302,TAG02,0.6727,2025-08-13 21:31:32,model
UTR00001752,U001474,TAG14,0.9365,2025-10-27 23:38:47,rule
UTR00001753,U003569,TAG15,0.7037,2026-03-27 06:57:54,rule
UTR00001754,U003533,TAG15,0.9112,2025-01-12 12:05:52,model
UTR00001755,U000966,TAG15,0.9888,2025-03-30 06:28:58,rule
UTR00001756,U001733,TAG15,0.9388,2025-05-15 08:55:44,model
UTR00001757,U004323,TAG15,0.6819,2025-11-01 16:23:56,model
UTR00001758,U003992,TAG07,0.7435,2025-09-17 06:13:23,rule
UTR00001759,U002362,TAG11,0.968,2026-01-27 00:38:16,rule
UTR00001760,U002726,TAG16,0.7593,2025-08-02 15:04:11,model
UTR00001761,U000205,TAG08,0.7801,2026-04-08 10:18:33,rule
UTR00001762,U001199,TAG09,0.9909,2025-11-16 20:10:12,rule
UTR00001763,U002175,TAG07,0.6688,2025-11-13 05:46:43,model
UTR00001764,U003961,TAG13,0.8487,2025-02-11 05:35:13,model
UTR00001765,U004945,TAG10,0.6536,2025-05-31 12:21:22,model
UTR00001766,U004716,TAG12,0.8672,2026-06-01 12:02:41,rule
UTR00001767,U002750,TAG14,0.6891,2026-07-02 15:17:00,rule
UTR00001768,U002047,TAG06,0.8274,2026-01-12 17:47:50,rule
UTR00001769,U003981,TAG13,0.9046,2026-03-29 00:48:41,rule
UTR00001770,U004011,TAG08,0.9458,2025-02-14 19:24:01,rule
UTR00001771,U001859,TAG04,0.8896,2025-05-31 02:51:24,rule
UTR00001772,U004013,TAG06,0.818,2026-03-22 22:45:50,rule
UTR00001773,U004629,TAG16,0.7346,2025-11-26 12:56:27,rule
UTR00001774,U003919,TAG01,0.9627,2026-04-29 00:19:50,rule
UTR00001775,U002627,TAG08,0.8137,2025-03-13 11:30:45,rule
UTR00001776,U002783,TAG02,0.6104,2025-06-07 18:19:33,rule
UTR00001777,U000969,TAG08,0.9611,2026-06-02 21:46:14,rule
UTR00001778,U004598,TAG16,0.9699,2026-06-22 09:18:17,rule
UTR00001779,U003222,TAG04,0.9054,2025-09-13 00:12:26,rule
UTR00001780,U000649,TAG08,0.7515,2025-07-02 10:26:44,rule
UTR00001781,U000191,TAG04,0.9931,2025-12-10 07:41:29,rule
UTR00001782,U004893,TAG15,0.9989,2026-03-13 19:14:28,rule
UTR00001783,U002767,TAG03,0.7721,2026-02-06 19:55:09,rule
UTR00001784,U004333,TAG12,0.794,2025-06-27 09:37:31,model
UTR00001785,U000379,TAG07,0.7797,2026-07-24 08:26:44,rule
UTR00001786,U002647,TAG10,0.9706,2026-07-29 18:52:42,model
UTR00001787,U004081,TAG12,0.6274,2025-12-26 16:59:58,manual
UTR00001788,U003242,TAG10,0.9575,2026-08-12 17:59:18,rule
UTR00001789,U001015,TAG11,0.823,2026-03-28 08:19:10,rule
UTR00001790,U001268,TAG01,0.7346,2026-08-08 07:14:09,rule
UTR00001791,U003466,TAG07,0.9406,2026-01-21 01:18:41,rule
UTR00001792,U004654,TAG05,0.6902,2025-08-12 19:19:53,rule
UTR00001793,U000480,TAG16,0.6246,2025-06-23 15:30:33,rule
UTR00001794,U001272,TAG15,0.8352,2025-02-21 13:55:19,rule
UTR00001795,U001202,TAG02,0.7601,2025-12-28 04:07:08,model
UTR00001796,U002691,TAG07,0.8535,2025-12-03 06:38:01,model
UTR00001797,U003181,TAG10,0.8863,2026-05-15 20:11:59,model
UTR00001798,U002160,TAG07,0.9856,2026-02-02 08:21:55,rule
UTR00001799,U002655,TAG10,0.9211,2026-04-20 18:09:27,rule
UTR00001800,U001668,TAG16,0.6173,2025-12-24 19:50:16,manual
UTR00001801,U001959,TAG13,0.7645,2025-02-07 11:42:42,manual
UTR00001802,U000761,TAG08,0.5829,2025-03-14 17:33:52,model
UTR00001803,U004059,TAG08,0.8891,2025-06-28 05:00:55,rule
UTR00001804,U000695,TAG05,0.5805,2026-07-01 13:45:16,model
UTR00001805,U000491,TAG15,0.6272,2025-01-01 19:21:44,rule
UTR00001806,U001420,TAG08,0.7313,2025-06-07 14:46:07,model
UTR00001807,U004963,TAG03,0.7723,2026-05-29 10:17:50,model
UTR00001808,U004561,TAG08,0.7275,2025-08-22 11:14:11,model
UTR00001809,U004856,TAG14,0.6236,2025-11-10 20:33:11,rule
UTR00001810,U003550,TAG16,0.8252,2025-06-18 23:30:37,model
UTR00001811,U003575,TAG13,0.7422,2025-03-20 15:49:42,rule
UTR00001812,U001258,TAG10,0.9999,2026-03-24 15:14:45,rule
UTR00001813,U004368,TAG04,0.94,2025-09-12 00:42:38,model
UTR00001814,U000052,TAG04,0.9306,2025-08-23 21:45:16,rule
UTR00001815,U004379,TAG09,0.8047,2026-04-28 09:53:53,manual
UTR00001816,U002263,TAG13,0.631,2025-05-04 06:37:04,model
UTR00001817,U000950,TAG08,0.9092,2026-04-17 04:54:59,rule
UTR00001818,U004469,TAG02,0.6329,2026-05-29 03:00:15,model
UTR00001819,U000640,TAG09,0.8664,2025-12-20 02:35:36,model
UTR00001820,U002566,TAG09,0.7868,2026-03-03 21:25:28,model
UTR00001821,U003428,TAG11,0.8015,2025-08-16 05:49:33,model
UTR00001822,U003849,TAG14,0.5805,2025-04-09 02:04:11,model
UTR00001823,U004581,TAG07,0.9433,2025-12-18 21:59:31,model
UTR00001824,U000438,TAG12,0.8449,2025-05-21 11:08:14,rule
UTR00001825,U002378,TAG12,0.6707,2025-05-28 06:41:44,rule
UTR00001826,U002877,TAG13,0.988,2026-08-03 08:03:25,rule
UTR00001827,U004261,TAG01,0.5659,2026-04-02 05:12:12,rule
UTR00001828,U003961,TAG05,0.9628,2026-03-08 17:38:09,rule
UTR00001829,U001550,TAG08,0.6635,2025-12-07 18:15:38,model
UTR00001830,U000521,TAG15,0.9598,2025-05-11 06:15:30,model
UTR00001831,U002714,TAG02,0.7859,2026-07-07 00:04:32,model
UTR00001832,U000460,TAG01,0.758,2026-07-25 01:31:28,manual
UTR00001833,U001136,TAG05,0.742,2026-04-21 20:47:39,model
UTR00001834,U004886,TAG05,0.7967,2025-03-03 04:42:45,model
UTR00001835,U001468,TAG07,0.7968,2026-06-12 20:56:22,model
UTR00001836,U004814,TAG01,0.8798,2026-01-07 23:21:57,rule
UTR00001837,U003419,TAG09,0.5517,2026-05-19 06:30:12,rule
UTR00001838,U000231,TAG08,0.7295,2025-01-07 12:58:46,rule
UTR00001839,U002969,TAG13,0.9392,2025-04-15 07:55:45,model
UTR00001840,U003255,TAG10,0.9871,2026-06-04 16:36:41,model
UTR00001841,U002889,TAG14,0.709,2026-05-18 22:22:06,model
UTR00001842,U001966,TAG16,0.8285,2025-07-26 15:50:09,rule
UTR00001843,U000301,TAG10,0.7924,2025-10-14 05:22:37,model
UTR00001844,U003957,TAG03,0.8358,2025-05-31 05:39:24,model
UTR00001845,U002382,TAG13,0.5543,2026-05-17 14:44:32,rule
UTR00001846,U004961,TAG05,0.7059,2025-03-17 22:05:21,rule
UTR00001847,U003484,TAG02,0.7408,2025-09-16 02:04:31,model
UTR00001848,U001237,TAG16,0.9311,2026-03-12 15:26:14,rule
UTR00001849,U002362,TAG14,0.9615,2025-04-08 23:09:48,model
UTR00001850,U004986,TAG15,0.7062,2026-07-06 14:01:27,model
UTR00001851,U004115,TAG06,0.623,2025-05-25 09:28:02,rule
UTR00001852,U003373,TAG15,0.9581,2026-04-26 15:25:20,rule
UTR00001853,U001315,TAG06,0.7733,2025-05-24 15:55:30,model
UTR00001854,U000755,TAG03,0.661,2026-04-17 23:31:20,rule
UTR00001855,U002153,TAG13,0.8612,2026-03-30 03:01:41,rule
UTR00001856,U002661,TAG05,0.7731,2026-02-10 21:36:20,rule
UTR00001857,U001180,TAG16,0.9934,2025-08-01 14:58:47,manual
UTR00001858,U002723,TAG08,0.6575,2025-09-18 15:44:23,rule
UTR00001859,U004929,TAG07,0.6511,2025-02-22 11:51:47,model
UTR00001860,U004277,TAG06,0.5826,2026-07-21 10:55:04,rule
UTR00001861,U004708,TAG03,0.6423,2025-11-22 17:28:13,rule
UTR00001862,U000363,TAG08,0.7042,2025-10-22 10:14:15,rule
UTR00001863,U001168,TAG11,0.5744,2026-05-16 21:37:27,model
UTR00001864,U004005,TAG04,0.8479,2026-03-04 09:51:09,model
UTR00001865,U004157,TAG06,0.7293,2025-11-26 11:28:48,model
UTR00001866,U000477,TAG13,0.7653,2025-05-13 00:55:27,model
UTR00001867,U001416,TAG04,0.5715,2026-05-08 14:23:22,rule
UTR00001868,U000207,TAG12,0.8394,2026-07-19 08:12:12,model
UTR00001869,U000542,TAG05,0.809,2026-05-12 09:35:12,model
UTR00001870,U003948,TAG14,0.9625,2026-07-10 00:09:25,rule
UTR00001871,U004269,TAG08,0.6115,2025-11-11 09:22:49,model
UTR00001872,U003015,TAG03,0.8012,2026-08-22 05:45:55,rule
UTR00001873,U001355,TAG03,0.777,2025-05-16 01:06:57,model
UTR00001874,U003134,TAG14,0.8646,2026-06-16 20:22:13,rule
UTR00001875,U003677,TAG12,0.7708,2025-01-21 20:03:57,model
UTR00001876,U002865,TAG08,0.9293,2026-02-07 15:42:35,rule
UTR00001877,U003261,TAG04,0.6937,2026-04-08 06:42:53,rule
UTR00001878,U004656,TAG08,0.968,2025-01-24 21:02:29,model
UTR00001879,U003352,TAG11,0.7729,2025-10-28 20:04:28,rule
UTR00001880,U000928,TAG14,0.5866,2025-09-14 10:13:05,rule
UTR00001881,U000435,TAG05,0.8879,2026-08-07 06:35:18,rule
UTR00001882,U000385,TAG16,0.7665,2026-03-31 04:05:53,rule
UTR00001883,U001592,TAG04,0.7835,2025-09-28 20:35:11,rule
UTR00001884,U001029,TAG05,0.5823,2025-05-29 03:22:48,rule
UTR00001885,U002570,TAG11,0.7725,2025-09-30 22:02:24,model
UTR00001886,U003484,TAG02,0.9858,2025-05-20 00:59:32,rule
UTR00001887,U003474,TAG08,0.8932,2025-08-22 19:43:46,rule
UTR00001888,U000061,TAG03,0.7027,2026-01-06 02:41:42,rule
UTR00001889,U003901,TAG16,0.6997,2026-07-10 11:44:19,model
UTR00001890,U003245,TAG15,0.6374,2025-04-03 09:36:36,rule
UTR00001891,U000747,TAG02,0.8784,2026-05-10 04:15:05,model
UTR00001892,U000177,TAG02,0.6536,2026-05-07 00:05:01,model
UTR00001893,U000883,TAG15,0.8841,2026-05-06 02:55:27,rule
UTR00001894,U000935,TAG02,0.6254,2025-04-08 15:45:42,rule
UTR00001895,U002057,TAG16,0.7856,2026-08-14 07:23:38,rule
UTR00001896,U001987,TAG12,0.6831,2025-02-01 16:41:10,rule
UTR00001897,U002342,TAG05,0.602,2025-06-03 07:06:10,rule
UTR00001898,U001091,TAG08,0.843,2025-09-30 03:13:12,model
UTR00001899,U000032,TAG02,0.9707,2025-02-14 02:26:45,rule
UTR00001900,U001508,TAG02,0.7332,2026-04-15 10:49:07,rule
UTR00001901,U001932,TAG02,0.6314,2025-04-19 22:56:14,rule
UTR00001902,U003574,TAG14,0.9685,2025-08-23 00:26:59,model
UTR00001903,U002000,TAG01,0.973,2026-03-11 19:47:27,manual
UTR00001904,U003654,TAG09,0.6981,2025-09-26 02:18:30,rule
UTR00001905,U002299,TAG16,0.825,2025-11-02 12:22:08,rule
UTR00001906,U003282,TAG13,0.5545,2026-04-30 16:03:14,rule
UTR00001907,U001189,TAG06,0.7727,2025-10-13 20:03:00,rule
UTR00001908,U002340,TAG06,0.9559,2025-06-20 09:51:55,rule
UTR00001909,U002237,TAG06,0.9341,2026-07-04 13:07:52,rule
UTR00001910,U003869,TAG01,0.6523,2025-01-23 22:57:46,rule
UTR00001911,U004423,TAG06,0.8967,2025-06-14 02:04:34,model
UTR00001912,U003386,TAG12,0.8539,2026-08-15 02:29:08,model
UTR00001913,U001016,TAG02,0.6091,2026-06-18 01:27:58,rule
UTR00001914,U004019,TAG07,0.7772,2025-01-08 03:07:25,rule
UTR00001915,U001498,TAG12,0.7257,2025-05-01 00:38:01,rule
UTR00001916,U003188,TAG16,0.8034,2025-09-11 09:52:03,rule
UTR00001917,U002319,TAG07,0.8816,2025-10-16 02:07:37,model
UTR00001918,U003472,TAG15,0.8363,2025-10-27 16:33:39,manual
UTR00001919,U004962,TAG03,0.6644,2025-01-04 19:20:24,rule
UTR00001920,U002134,TAG03,0.6079,2025-03-28 05:38:36,rule
UTR00001921,U002445,TAG15,0.8123,2026-07-24 12:02:34,model
UTR00001922,U001439,TAG06,0.5744,2026-05-01 22:16:25,rule
UTR00001923,U003503,TAG01,0.7247,2026-07-15 12:00:59,model
UTR00001924,U004582,TAG11,0.7426,2025-03-02 20:13:07,rule
UTR00001925,U000424,TAG01,0.6761,2026-02-13 03:37:25,model
UTR00001926,U003114,TAG11,0.6777,2025-09-15 05:08:54,rule
UTR00001927,U004575,TAG06,0.6888,2025-05-21 19:40:53,rule
UTR00001928,U004485,TAG01,0.9424,2025-03-13 05:22:42,rule
UTR00001929,U003212,TAG08,0.8465,2026-01-21 16:31:23,rule
UTR00001930,U004228,TAG12,0.9959,2025-11-09 07:52:31,model
UTR00001931,U000401,TAG14,0.6795,2026-04-23 20:13:55,rule
UTR00001932,U003687,TAG12,0.8139,2025-08-30 19:43:01,rule
UTR00001933,U001511,TAG15,0.9978,2025-01-04 02:59:54,rule
UTR00001934,U001148,TAG12,0.9405,2025-05-27 16:57:58,rule
UTR00001935,U000070,TAG08,0.819,2025-10-26 08:27:11,manual
UTR00001936,U004623,TAG11,0.9073,2026-05-14 18:42:28,model
UTR00001937,U004364,TAG02,0.5684,2025-06-28 03:28:25,model
UTR00001938,U004644,TAG12,0.7688,2026-02-09 12:07:00,model
UTR00001939,U000078,TAG15,0.781,2025-11-26 06:43:16,model
UTR00001940,U002656,TAG07,0.7491,2025-04-29 10:56:56,rule
UTR00001941,U000887,TAG07,0.6156,2025-07-07 16:45:01,model
UTR00001942,U001003,TAG10,0.5743,2025-07-15 05:15:09,model
UTR00001943,U002914,TAG01,0.8161,2026-07-19 18:27:55,manual
UTR00001944,U003133,TAG04,0.5752,2025-05-21 00:11:23,rule
UTR00001945,U003853,TAG14,0.5566,2025-05-22 05:00:33,rule
UTR00001946,U003541,TAG03,0.913,2026-01-26 05:04:35,rule
UTR00001947,U003661,TAG05,0.5972,2025-02-16 14:02:39,rule
UTR00001948,U003396,TAG08,0.6973,2026-06-07 15:31:55,rule
UTR00001949,U004686,TAG16,0.9934,2025-07-03 10:33:49,model
UTR00001950,U003305,TAG10,0.9138,2025-12-02 18:39:55,rule
UTR00001951,U002423,TAG15,0.7833,2026-01-04 11:23:25,rule
UTR00001952,U000443,TAG05,0.6633,2026-07-06 17:23:24,rule
UTR00001953,U004636,TAG13,0.5688,2026-01-19 12:44:21,rule
UTR00001954,U001570,TAG09,0.6097,2025-02-13 08:46:52,rule
UTR00001955,U004327,TAG06,0.6037,2025-01-22 20:10:07,rule
UTR00001956,U004711,TAG15,0.6306,2025-06-13 05:50:33,model
UTR00001957,U000425,TAG08,0.9133,2025-05-04 23:43:08,rule
UTR00001958,U004332,TAG14,0.6925,2025-10-28 09:33:11,model
UTR00001959,U001233,TAG08,0.6536,2025-11-08 04:05:59,model
UTR00001960,U002558,TAG03,0.9074,2026-03-08 05:06:11,rule
UTR00001961,U002116,TAG14,0.9448,2026-02-04 22:39:19,model
UTR00001962,U003531,TAG09,0.9261,2025-11-30 02:47:58,rule
UTR00001963,U003692,TAG08,0.7539,2025-05-05 01:02:04,rule
UTR00001964,U001906,TAG06,0.9401,2026-07-19 06:02:12,rule
UTR00001965,U000798,TAG04,0.9946,2025-11-28 22:01:24,model
UTR00001966,U003874,TAG16,0.7477,2025-04-17 21:46:13,model
UTR00001967,U002890,TAG04,0.7534,2025-12-23 03:09:58,rule
UTR00001968,U004719,TAG07,0.8717,2025-09-08 02:08:48,model
UTR00001969,U003113,TAG03,0.7518,2025-11-12 06:40:42,rule
UTR00001970,U002307,TAG05,0.5851,2026-06-02 02:08:30,rule
UTR00001971,U002068,TAG06,0.8765,2026-05-13 04:25:59,model
UTR00001972,U000490,TAG01,0.6141,2026-07-03 19:48:49,rule
UTR00001973,U003941,TAG09,0.8248,2026-02-26 00:38:27,rule
UTR00001974,U003747,TAG01,0.8193,2026-05-29 10:41:44,manual
UTR00001975,U001946,TAG09,0.9644,2025-11-21 15:01:13,rule
UTR00001976,U001042,TAG05,0.642,2025-06-08 09:32:11,rule
UTR00001977,U000680,TAG09,0.7528,2025-08-11 13:54:14,model
UTR00001978,U000273,TAG12,0.5574,2025-11-02 11:10:20,model
UTR00001979,U002955,TAG16,0.5834,2025-09-16 00:28:08,rule
UTR00001980,U002566,TAG16,0.8849,2026-06-03 00:52:37,rule
UTR00001981,U004324,TAG16,0.8004,2026-02-19 23:49:22,rule
UTR00001982,U000313,TAG06,0.8555,2025-10-22 15:58:09,model
UTR00001983,U001333,TAG16,0.922,2026-01-10 16:27:16,rule
UTR00001984,U003032,TAG03,0.9713,2026-01-09 01:43:30,model
UTR00001985,U003421,TAG10,0.6918,2025-12-28 17:35:38,rule
UTR00001986,U002738,TAG02,0.8493,2025-12-19 18:53:26,rule
UTR00001987,U003278,TAG06,0.9917,2025-07-03 08:35:29,model
UTR00001988,U002383,TAG04,0.7767,2025-02-13 07:53:40,rule
UTR00001989,U001618,TAG12,0.8221,2025-05-25 19:54:59,rule
UTR00001990,U002838,TAG06,0.8157,2026-06-06 09:28:56,model
UTR00001991,U004579,TAG16,0.7059,2026-06-02 01:12:38,rule
UTR00001992,U002817,TAG02,0.6029,2025-06-06 08:01:20,model
UTR00001993,U002362,TAG10,0.9375,2026-05-20 06:40:15,rule
UTR00001994,U004609,TAG12,0.7557,2026-08-07 15:02:30,rule
UTR00001995,U001360,TAG05,0.927,2025-01-13 00:09:57,model
UTR00001996,U003695,TAG05,0.7973,2026-04-13 23:40:35,rule
UTR00001997,U003105,TAG14,0.9014,2025-10-19 18:57:43,rule
UTR00001998,U004152,TAG10,0.8424,2025-08-14 08:28:32,model
UTR00001999,U002266,TAG01,0.5939,2025-08-14 10:27:57,model
UTR00002000,U001813,TAG04,0.7626,2025-12-20 19:17:56,model
UTR00002001,U000781,TAG07,0.966,2025-06-03 11:27:15,model
UTR00002002,U004024,TAG10,0.9206,2025-09-17 15:57:08,rule
UTR00002003,U001534,TAG12,0.9382,2026-05-23 19:55:34,manual
UTR00002004,U003188,TAG12,0.8641,2026-05-27 05:26:34,rule
UTR00002005,U002090,TAG08,0.8015,2026-08-03 11:21:21,rule
UTR00002006,U003184,TAG11,0.8317,2026-03-24 23:28:50,model
UTR00002007,U003929,TAG01,0.9277,2025-12-14 06:46:01,rule
UTR00002008,U001191,TAG11,0.7113,2025-08-27 16:27:51,model
UTR00002009,U002885,TAG14,0.7646,2026-04-20 18:37:27,model
UTR00002010,U004883,TAG16,0.7705,2026-05-23 09:27:34,model
UTR00002011,U002400,TAG09,0.9898,2026-02-15 04:26:08,model
UTR00002012,U004395,TAG14,0.6913,2025-10-31 14:00:58,rule
UTR00002013,U003397,TAG16,0.6297,2026-05-24 18:18:40,model
UTR00002014,U004614,TAG12,0.7447,2025-01-16 22:58:04,model
UTR00002015,U000205,TAG15,0.9739,2026-05-10 13:34:10,rule
UTR00002016,U002327,TAG11,0.6832,2025-09-19 17:40:20,rule
UTR00002017,U002688,TAG13,0.6757,2026-08-15 20:46:07,rule
UTR00002018,U004405,TAG01,0.8576,2025-07-01 10:15:25,model
UTR00002019,U001659,TAG11,0.6448,2025-08-16 17:24:47,rule
UTR00002020,U000492,TAG01,0.6935,2026-08-05 14:38:16,rule
UTR00002021,U000265,TAG04,0.5851,2025-05-13 03:15:16,rule
UTR00002022,U002710,TAG11,0.7205,2026-04-23 14:08:37,rule
UTR00002023,U002957,TAG10,0.6882,2025-06-18 20:32:25,model
UTR00002024,U001214,TAG11,0.9482,2026-04-17 02:49:11,model
UTR00002025,U001924,TAG01,0.7149,2025-07-23 19:16:12,model
UTR00002026,U000495,TAG14,0.8123,2025-09-07 07:01:09,rule
UTR00002027,U002707,TAG04,0.7564,2025-01-30 19:13:55,model
UTR00002028,U003315,TAG04,0.7437,2026-03-03 05:44:28,model
UTR00002029,U003800,TAG10,0.679,2025-08-15 16:34:53,model
UTR00002030,U003057,TAG07,0.8231,2025-11-27 15:34:18,model
UTR00002031,U003409,TAG16,0.7027,2025-10-20 12:21:57,model
UTR00002032,U000277,TAG03,0.9029,2025-02-17 14:05:20,manual
UTR00002033,U001232,TAG04,0.815,2026-01-16 07:55:39,rule
UTR00002034,U000949,TAG10,0.9671,2025-04-16 00:01:55,rule
UTR00002035,U004602,TAG04,0.5799,2025-08-16 12:58:55,rule
UTR00002036,U004475,TAG09,0.8073,2025-05-07 23:12:01,model
UTR00002037,U001128,TAG13,0.9479,2025-02-13 10:28:08,model
UTR00002038,U000681,TAG04,0.7803,2025-07-30 03:50:04,rule
UTR00002039,U002722,TAG14,0.6509,2025-02-21 03:26:19,rule
UTR00002040,U001808,TAG16,0.5552,2025-04-25 00:38:28,rule
UTR00002041,U000732,TAG14,0.8875,2025-01-04 13:08:49,model
UTR00002042,U004334,TAG03,0.7047,2026-08-01 21:04:02,model
UTR00002043,U002468,TAG14,0.6804,2026-01-03 17:56:29,rule
UTR00002044,U000726,TAG11,0.599,2025-01-30 23:47:03,rule
UTR00002045,U002560,TAG10,0.6064,2025-02-01 09:55:08,model
UTR00002046,U003046,TAG13,0.5791,2025-04-26 05:49:53,model
UTR00002047,U000299,TAG01,0.6704,2026-07-20 15:49:58,model
UTR00002048,U003063,TAG10,0.6115,2026-08-03 11:32:03,manual
UTR00002049,U004486,TAG14,0.8518,2025-06-30 01:32:56,rule
UTR00002050,U002016,TAG09,0.672,2025-02-24 19:31:49,rule
UTR00002051,U001187,TAG10,0.9668,2025-02-09 02:19:17,model
UTR00002052,U004447,TAG14,0.8343,2025-12-25 23:17:41,manual
UTR00002053,U004020,TAG05,0.8872,2026-03-23 08:17:03,model
UTR00002054,U004526,TAG11,0.9629,2025-02-26 13:42:41,model
UTR00002055,U000353,TAG16,0.985,2026-01-09 13:25:46,model
UTR00002056,U000169,TAG07,0.8228,2026-03-24 04:03:31,rule
UTR00002057,U004397,TAG11,0.9021,2025-09-04 16:46:24,rule
UTR00002058,U001976,TAG15,0.8564,2025-09-02 16:56:17,manual
UTR00002059,U001576,TAG07,0.6817,2025-07-02 03:16:32,rule
UTR00002060,U001695,TAG08,0.8038,2026-07-10 08:14:50,rule
UTR00002061,U004196,TAG09,0.6725,2026-02-16 14:05:37,rule
UTR00002062,U002627,TAG03,0.7808,2025-03-26 21:48:47,rule
UTR00002063,U001782,TAG07,0.6452,2026-05-02 12:48:19,rule
UTR00002064,U003732,TAG04,0.5622,2025-02-02 19:16:56,model
UTR00002065,U001168,TAG08,0.8272,2026-07-24 23:29:13,model
UTR00002066,U004421,TAG12,0.7774,2026-06-02 20:20:25,rule
UTR00002067,U001731,TAG16,0.9567,2025-09-27 04:22:23,rule
UTR00002068,U001778,TAG01,0.5788,2025-09-08 15:59:46,rule
UTR00002069,U001501,TAG15,0.8079,2026-05-04 17:11:41,rule
UTR00002070,U000642,TAG06,0.6551,2025-12-14 19:30:45,model
UTR00002071,U004761,TAG10,0.7646,2026-06-11 03:12:25,rule
UTR00002072,U004376,TAG04,0.6537,2025-10-17 06:02:49,model
UTR00002073,U003688,TAG10,0.6654,2025-05-20 08:02:03,model
UTR00002074,U003425,TAG09,0.942,2026-02-02 01:07:47,rule
UTR00002075,U003829,TAG14,0.677,2026-04-25 19:59:43,rule
UTR00002076,U004744,TAG10,0.6347,2025-04-08 17:11:29,model
UTR00002077,U000207,TAG15,0.67,2025-08-14 17:52:23,model
UTR00002078,U004304,TAG14,0.5624,2026-04-29 02:40:45,rule
UTR00002079,U002934,TAG04,0.7262,2026-01-08 04:04:52,rule
UTR00002080,U002721,TAG01,0.5576,2026-01-21 10:01:56,model
UTR00002081,U003385,TAG14,0.6702,2026-02-19 12:07:06,model
UTR00002082,U003086,TAG04,0.6861,2026-04-25 10:30:08,rule
UTR00002083,U002935,TAG03,0.6012,2025-08-02 01:47:12,rule
UTR00002084,U000733,TAG06,0.9637,2025-08-08 11:51:11,model
UTR00002085,U001170,TAG13,0.6458,2025-03-08 13:15:49,rule
UTR00002086,U003820,TAG16,0.7107,2026-06-30 20:35:39,model
UTR00002087,U000876,TAG14,0.8748,2026-07-30 01:37:37,rule
UTR00002088,U003852,TAG07,0.9355,2026-07-26 11:43:25,model
UTR00002089,U001479,TAG09,0.9598,2025-05-04 10:25:56,model
UTR00002090,U003685,TAG15,0.5755,2026-08-14 20:42:12,rule
UTR00002091,U003024,TAG11,0.5873,2025-05-21 18:05:48,rule
UTR00002092,U001157,TAG04,0.5914,2026-07-27 21:11:05,rule
UTR00002093,U003511,TAG10,0.9885,2025-02-12 16:20:13,rule
UTR00002094,U004782,TAG05,0.7518,2025-12-08 17:01:16,model
UTR00002095,U001907,TAG07,0.8466,2025-10-28 17:30:07,model
UTR00002096,U002277,TAG16,0.7941,2026-03-19 20:37:28,model
UTR00002097,U002217,TAG05,0.614,2025-01-07 17:03:47,model
UTR00002098,U003585,TAG12,0.885,2025-06-04 07:21:35,manual
UTR00002099,U002670,TAG12,0.8456,2026-05-11 01:24:02,rule
UTR00002100,U004634,TAG06,0.8901,2026-07-12 15:14:06,model
UTR00002101,U003257,TAG03,0.8441,2025-02-18 22:31:53,model
UTR00002102,U003662,TAG14,0.8772,2026-08-15 21:12:51,model
UTR00002103,U003419,TAG02,0.9275,2025-02-21 19:29:07,rule
UTR00002104,U000455,TAG03,0.7158,2025-01-18 22:30:50,model
UTR00002105,U003829,TAG06,0.9533,2025-03-24 16:00:38,model
UTR00002106,U000243,TAG16,0.6725,2025-08-16 03:32:32,rule
UTR00002107,U002475,TAG03,0.5691,2026-05-10 10:01:29,model
UTR00002108,U001727,TAG01,0.7503,2025-12-15 10:44:55,manual
UTR00002109,U003649,TAG02,0.6387,2026-02-25 06:49:26,rule
UTR00002110,U002038,TAG09,0.8872,2026-06-16 03:43:41,rule
UTR00002111,U003288,TAG09,0.9849,2025-02-11 13:31:19,rule
UTR00002112,U003660,TAG12,0.7533,2025-12-28 22:45:14,rule
UTR00002113,U000451,TAG09,0.8863,2025-07-28 08:04:10,model
UTR00002114,U004177,TAG01,0.8401,2025-05-02 07:17:05,rule
UTR00002115,U000874,TAG16,0.7196,2025-08-10 18:48:19,rule
UTR00002116,U004650,TAG14,0.663,2025-05-21 10:22:37,manual
UTR00002117,U002430,TAG05,0.9029,2025-06-23 10:37:13,rule
UTR00002118,U000837,TAG15,0.6091,2025-01-02 01:52:19,rule
UTR00002119,U001090,TAG07,0.8042,2026-03-30 04:02:34,rule
UTR00002120,U001186,TAG08,0.5769,2025-05-21 21:36:23,rule
UTR00002121,U002897,TAG08,0.6008,2026-05-30 13:20:01,model
UTR00002122,U003948,TAG07,0.6948,2026-07-24 11:53:06,model
UTR00002123,U002322,TAG10,0.7552,2026-01-04 01:33:49,rule
UTR00002124,U001406,TAG05,0.6845,2025-08-27 13:41:08,rule
UTR00002125,U001981,TAG14,0.731,2025-07-09 17:25:52,model
UTR00002126,U001465,TAG16,0.7092,2025-07-09 19:57:43,rule
UTR00002127,U004733,TAG07,0.9572,2025-03-20 02:31:59,rule
UTR00002128,U002193,TAG12,0.9983,2025-11-19 23:36:33,model
UTR00002129,U000978,TAG06,0.9586,2025-08-14 07:49:46,rule
UTR00002130,U003115,TAG07,0.6073,2026-02-20 08:27:51,model
UTR00002131,U000231,TAG11,0.5976,2026-07-08 10:47:57,rule
UTR00002132,U003519,TAG12,0.9369,2025-07-13 19:44:51,model
UTR00002133,U000413,TAG10,0.969,2026-01-24 12:00:55,model
UTR00002134,U000392,TAG16,0.9238,2025-08-02 01:14:18,rule
UTR00002135,U004448,TAG10,0.8925,2025-02-05 01:26:12,rule
UTR00002136,U001287,TAG15,0.8081,2025-04-04 19:45:30,rule
UTR00002137,U004322,TAG04,0.9887,2026-01-09 20:40:41,model
UTR00002138,U003696,TAG08,0.5859,2026-03-08 15:31:41,rule
UTR00002139,U000752,TAG09,0.7679,2025-10-13 20:41:01,rule
UTR00002140,U004199,TAG06,0.6755,2026-04-27 22:51:03,model
UTR00002141,U002236,TAG01,0.6261,2025-10-19 10:47:05,manual
UTR00002142,U003367,TAG15,0.5647,2026-01-13 09:22:41,rule
UTR00002143,U004304,TAG12,0.5815,2025-01-09 17:42:26,rule
UTR00002144,U001219,TAG03,0.8541,2025-12-15 03:56:34,rule
UTR00002145,U001500,TAG02,0.6537,2025-12-12 06:09:23,rule
UTR00002146,U002031,TAG06,0.6525,2025-12-19 16:26:49,rule
UTR00002147,U003886,TAG04,0.7922,2025-05-19 00:52:10,rule
UTR00002148,U003893,TAG13,0.7312,2025-11-22 23:42:51,model
UTR00002149,U003286,TAG10,0.5645,2025-02-08 08:12:21,model
UTR00002150,U000787,TAG04,0.5579,2025-04-28 15:25:41,rule
UTR00002151,U004012,TAG03,0.6503,2025-04-04 08:25:50,model
UTR00002152,U003241,TAG08,0.9164,2025-04-10 02:39:43,rule
UTR00002153,U003529,TAG12,0.6818,2025-03-12 10:27:56,rule
UTR00002154,U001289,TAG16,0.7585,2026-08-13 19:05:12,rule
UTR00002155,U000415,TAG07,0.959,2026-05-18 13:52:23,model
UTR00002156,U001415,TAG03,0.7512,2025-12-08 17:58:02,rule
UTR00002157,U004398,TAG16,0.7066,2025-08-10 21:28:54,rule
UTR00002158,U001510,TAG15,0.7602,2026-03-05 18:22:50,rule
UTR00002159,U001752,TAG08,0.7035,2026-08-13 11:43:22,model
UTR00002160,U001078,TAG10,0.5923,2025-08-25 08:58:04,model
UTR00002161,U002656,TAG02,0.9829,2026-06-20 00:15:51,model
UTR00002162,U000738,TAG11,0.9126,2026-04-15 10:46:26,model
UTR00002163,U004202,TAG01,0.7945,2025-12-27 03:25:52,rule
UTR00002164,U001966,TAG03,0.8165,2025-12-31 01:40:42,rule
UTR00002165,U000641,TAG15,0.7515,2026-05-28 05:45:49,model
UTR00002166,U001674,TAG12,0.9602,2025-08-03 10:37:19,rule
UTR00002167,U000182,TAG13,0.6337,2025-01-13 20:31:40,model
UTR00002168,U000708,TAG08,0.5983,2025-03-25 03:31:42,rule
UTR00002169,U003800,TAG03,0.9901,2025-03-21 03:54:24,rule
UTR00002170,U002690,TAG07,0.8797,2025-09-16 06:06:58,rule
UTR00002171,U002458,TAG11,0.6734,2025-11-04 06:19:41,rule
UTR00002172,U002876,TAG14,0.7376,2026-01-02 10:03:36,rule
UTR00002173,U000760,TAG04,0.8414,2025-10-02 12:28:22,model
UTR00002174,U001200,TAG07,0.6438,2025-11-11 12:23:46,rule
UTR00002175,U004102,TAG07,0.7906,2026-03-29 04:42:02,model
UTR00002176,U002428,TAG04,0.7246,2026-02-18 13:10:26,rule
UTR00002177,U002026,TAG14,0.7848,2026-02-28 13:23:54,rule
UTR00002178,U004234,TAG14,0.8817,2025-12-19 11:52:58,model
UTR00002179,U001824,TAG14,0.6463,2026-05-16 23:22:44,model
UTR00002180,U002349,TAG13,0.9776,2026-01-14 09:01:20,model
UTR00002181,U004980,TAG10,0.6128,2026-06-04 15:54:28,rule
UTR00002182,U000587,TAG01,0.7574,2026-06-08 14:25:48,model
UTR00002183,U003117,TAG03,0.6788,2026-08-14 13:34:08,model
UTR00002184,U004359,TAG12,0.5895,2026-04-13 10:51:02,rule
UTR00002185,U002263,TAG13,0.6743,2026-05-29 13:17:29,rule
UTR00002186,U000510,TAG12,0.6685,2025-03-25 17:24:07,model
UTR00002187,U004699,TAG11,0.8832,2025-03-04 08:53:35,model
UTR00002188,U001281,TAG16,0.9518,2025-11-26 13:35:28,rule
UTR00002189,U002843,TAG11,0.6244,2026-04-21 14:49:48,rule
UTR00002190,U004325,TAG08,0.8035,2025-05-14 09:59:39,rule
UTR00002191,U001253,TAG16,0.6645,2025-09-05 18:44:39,model
UTR00002192,U004658,TAG10,0.6238,2026-08-01 18:38:13,rule
UTR00002193,U003740,TAG01,0.994,2025-12-26 02:10:36,model
UTR00002194,U002537,TAG10,0.6142,2026-06-17 14:44:39,rule
UTR00002195,U003301,TAG01,0.8502,2025-05-02 01:49:51,model
UTR00002196,U002055,TAG08,0.8355,2025-04-04 00:25:29,rule
UTR00002197,U001739,TAG07,0.8965,2025-09-16 09:31:08,rule
UTR00002198,U002420,TAG01,0.8915,2026-08-12 19:29:48,model
UTR00002199,U002167,TAG02,0.8223,2025-10-25 23:07:28,rule
UTR00002200,U004356,TAG07,0.6149,2026-04-28 15:03:36,model
UTR00002201,U000830,TAG12,0.9299,2025-05-29 15:36:15,rule
UTR00002202,U003296,TAG06,0.966,2025-12-30 22:08:28,rule
UTR00002203,U002850,TAG09,0.6525,2025-06-12 22:14:04,model
UTR00002204,U001007,TAG05,0.5624,2025-03-08 18:43:26,rule
UTR00002205,U000369,TAG08,0.5988,2025-10-10 03:37:25,model
UTR00002206,U002295,TAG05,0.8659,2026-08-02 00:41:04,model
UTR00002207,U004236,TAG06,0.8773,2026-02-02 16:09:00,model
UTR00002208,U000858,TAG13,0.8884,2025-03-16 13:52:20,model
UTR00002209,U001164,TAG02,0.5578,2026-01-27 02:19:52,model
UTR00002210,U002040,TAG03,0.7278,2025-02-19 11:02:07,rule
UTR00002211,U001357,TAG09,0.7943,2025-09-13 18:18:56,rule
UTR00002212,U000705,TAG14,0.8625,2025-12-03 22:00:21,rule
UTR00002213,U004338,TAG16,0.8914,2026-01-25 11:52:50,rule
UTR00002214,U001824,TAG16,0.5743,2025-11-03 23:28:10,rule
UTR00002215,U004501,TAG10,0.655,2025-06-27 21:08:35,model
UTR00002216,U004635,TAG07,0.7501,2025-01-08 00:58:19,model
UTR00002217,U004191,TAG15,0.7866,2026-07-13 21:54:17,model
UTR00002218,U001650,TAG15,0.6613,2026-03-04 19:32:21,rule
UTR00002219,U003517,TAG09,0.8285,2025-09-03 20:14:32,model
UTR00002220,U004770,TAG11,0.6842,2026-05-24 19:07:00,model
UTR00002221,U000758,TAG01,0.7461,2026-02-06 03:41:36,rule
UTR00002222,U001418,TAG04,0.9375,2025-05-04 13:28:06,model
UTR00002223,U004993,TAG01,0.7447,2026-01-11 12:02:31,rule
UTR00002224,U003941,TAG04,0.8113,2025-07-10 06:27:49,model
UTR00002225,U000524,TAG01,0.9651,2025-11-15 22:06:58,model
UTR00002226,U002524,TAG02,0.9839,2025-01-10 14:03:46,rule
UTR00002227,U003345,TAG15,0.6968,2025-12-03 21:27:50,model
UTR00002228,U001030,TAG13,0.7185,2025-10-13 07:00:57,rule
UTR00002229,U000703,TAG04,0.6936,2026-04-08 07:19:44,model
UTR00002230,U002823,TAG06,0.552,2026-08-10 19:53:00,rule
UTR00002231,U002057,TAG14,0.6084,2025-06-16 17:34:50,model
UTR00002232,U002681,TAG01,0.7364,2026-05-29 14:44:29,model
UTR00002233,U001309,TAG01,0.7145,2026-06-10 20:05:41,rule
UTR00002234,U001482,TAG09,0.6919,2025-11-29 04:57:38,rule
UTR00002235,U002790,TAG01,0.7206,2025-09-10 21:03:44,rule
UTR00002236,U004248,TAG06,0.5572,2025-04-25 21:35:38,model
UTR00002237,U001312,TAG01,0.9906,2025-09-29 05:44:31,rule
UTR00002238,U002005,TAG04,0.6365,2026-05-24 00:30:24,rule
UTR00002239,U003598,TAG11,0.9538,2026-04-01 03:32:04,manual
UTR00002240,U002226,TAG15,0.6491,2025-05-07 20:52:44,model
UTR00002241,U000099,TAG12,0.9707,2026-04-15 19:47:28,rule
UTR00002242,U003406,TAG11,0.9664,2026-03-16 14:04:26,rule
UTR00002243,U002183,TAG01,0.817,2026-04-15 11:22:51,rule
UTR00002244,U004963,TAG16,0.7256,2026-04-16 09:16:15,model
UTR00002245,U004076,TAG07,0.7852,2025-11-06 23:12:14,model
UTR00002246,U000856,TAG07,0.9997,2026-05-08 15:21:00,rule
UTR00002247,U002475,TAG05,0.9825,2026-08-20 20:04:41,rule
UTR00002248,U001258,TAG09,0.7214,2025-08-31 20:04:17,rule
UTR00002249,U000194,TAG02,0.9539,2025-07-20 18:31:51,manual
UTR00002250,U003624,TAG16,0.9781,2026-04-05 17:25:24,rule
UTR00002251,U003692,TAG14,0.8802,2025-08-12 14:30:13,model
UTR00002252,U004294,TAG05,0.6766,2025-09-17 16:42:06,rule
UTR00002253,U000610,TAG03,0.7091,2025-03-18 12:20:56,rule
UTR00002254,U001313,TAG10,0.7381,2025-02-19 02:23:10,rule
UTR00002255,U002542,TAG13,0.6425,2026-07-05 08:50:11,rule
UTR00002256,U002070,TAG16,0.7205,2025-09-25 23:48:57,model
UTR00002257,U002514,TAG16,0.8466,2026-04-17 09:32:29,rule
UTR00002258,U003432,TAG01,0.739,2026-07-17 10:57:04,rule
UTR00002259,U003124,TAG03,0.9559,2026-01-14 13:21:21,model
UTR00002260,U000668,TAG03,0.7634,2025-08-30 09:16:38,rule
UTR00002261,U004574,TAG12,0.7597,2026-05-16 00:22:06,rule
UTR00002262,U004110,TAG03,0.8341,2025-03-05 21:03:34,model
UTR00002263,U003015,TAG15,0.9474,2025-01-06 09:49:54,rule
UTR00002264,U002056,TAG04,0.6379,2025-05-24 16:11:44,rule
UTR00002265,U001746,TAG16,0.8608,2025-07-01 12:47:49,rule
UTR00002266,U004436,TAG15,0.5527,2025-09-15 14:59:35,model
UTR00002267,U002029,TAG12,0.8913,2025-11-18 07:47:28,model
UTR00002268,U001880,TAG14,0.8013,2026-05-03 20:32:18,rule
UTR00002269,U001011,TAG05,0.598,2025-12-05 20:29:04,rule
UTR00002270,U001147,TAG13,0.6965,2025-08-19 13:12:31,rule
UTR00002271,U002497,TAG13,0.8012,2026-05-23 15:28:16,rule
UTR00002272,U000434,TAG01,0.8129,2025-01-09 16:15:41,rule
UTR00002273,U001495,TAG03,0.8886,2025-04-17 16:08:23,rule
UTR00002274,U004492,TAG16,0.9386,2025-01-04 09:47:50,rule
UTR00002275,U003966,TAG01,0.6538,2026-07-28 06:08:40,rule
UTR00002276,U002385,TAG12,0.7821,2025-11-15 12:00:26,rule
UTR00002277,U001663,TAG11,0.7128,2025-09-06 14:21:52,rule
UTR00002278,U001483,TAG06,0.9719,2025-10-26 07:32:46,rule
UTR00002279,U004516,TAG02,0.9479,2026-08-18 01:40:15,model
UTR00002280,U002076,TAG06,0.7512,2025-07-30 19:55:32,rule
UTR00002281,U000087,TAG03,0.854,2026-02-03 13:33:16,rule
UTR00002282,U001437,TAG11,0.6663,2025-10-28 01:57:04,rule
UTR00002283,U001506,TAG13,0.5651,2026-05-30 15:19:11,rule
UTR00002284,U002817,TAG01,0.902,2025-08-26 21:58:58,model
UTR00002285,U001614,TAG16,0.5744,2025-03-27 08:08:16,rule
UTR00002286,U001345,TAG04,0.6927,2026-03-28 01:07:17,rule
UTR00002287,U004820,TAG02,0.5771,2026-05-02 11:43:08,rule
UTR00002288,U002471,TAG07,0.8402,2025-05-10 13:53:08,manual
UTR00002289,U000322,TAG05,0.7496,2025-08-13 16:17:37,rule
UTR00002290,U001608,TAG04,0.6826,2026-06-07 01:42:35,rule
UTR00002291,U000377,TAG06,0.8644,2026-01-13 17:43:29,rule
UTR00002292,U002879,TAG03,0.6492,2025-01-29 01:20:29,model
UTR00002293,U002389,TAG10,0.7921,2026-06-29 10:32:45,rule
UTR00002294,U000671,TAG14,0.7751,2025-07-27 12:22:35,rule
UTR00002295,U003543,TAG13,0.8668,2025-01-04 08:03:24,rule
UTR00002296,U000738,TAG05,0.7088,2026-03-23 01:59:40,rule
UTR00002297,U004562,TAG01,0.9893,2025-11-23 12:51:35,model
UTR00002298,U000566,TAG09,0.7987,2025-09-21 15:51:06,rule
UTR00002299,U002847,TAG16,0.5923,2026-01-05 10:04:33,rule
UTR00002300,U003967,TAG04,0.914,2026-07-26 05:00:56,rule
UTR00002301,U004658,TAG11,0.7385,2025-02-06 06:48:29,model
UTR00002302,U004289,TAG04,0.6678,2025-04-25 03:42:26,model
UTR00002303,U003391,TAG11,0.578,2025-09-08 20:52:09,model
UTR00002304,U001787,TAG02,0.9178,2026-08-18 04:13:26,model
UTR00002305,U001346,TAG09,0.9496,2026-06-10 23:26:08,rule
UTR00002306,U004577,TAG10,0.9061,2026-05-27 12:47:20,rule
UTR00002307,U002957,TAG04,0.8184,2025-01-21 00:47:31,model
UTR00002308,U003096,TAG06,0.8118,2026-08-03 11:29:11,rule
UTR00002309,U001640,TAG11,0.6289,2025-02-17 19:31:46,rule
UTR00002310,U004672,TAG16,0.8833,2025-01-19 04:30:22,model
UTR00002311,U001844,TAG09,0.904,2025-05-20 23:06:46,rule
UTR00002312,U000659,TAG05,0.8462,2026-01-04 19:05:22,rule
UTR00002313,U001288,TAG09,0.8282,2026-03-21 06:55:40,rule
UTR00002314,U004997,TAG09,0.952,2025-09-26 16:57:38,rule
UTR00002315,U002892,TAG03,0.6417,2026-01-21 03:58:05,model
UTR00002316,U002009,TAG07,0.5899,2026-03-29 06:06:51,rule
UTR00002317,U002999,TAG03,0.7821,2026-05-22 12:59:35,rule
UTR00002318,U004658,TAG07,0.8745,2025-04-01 05:14:10,model
UTR00002319,U003072,TAG11,0.8081,2026-06-28 17:27:32,rule
UTR00002320,U003810,TAG08,0.6798,2026-05-18 13:37:35,rule
UTR00002321,U001568,TAG03,0.639,2025-12-30 00:49:30,model
UTR00002322,U000106,TAG03,0.6968,2025-11-04 14:15:45,manual
UTR00002323,U003751,TAG03,0.5627,2025-12-21 18:47:23,model
UTR00002324,U003411,TAG08,0.7325,2025-06-14 08:11:37,model
UTR00002325,U002236,TAG12,0.7964,2025-09-10 05:50:12,model
UTR00002326,U004657,TAG15,0.6647,2025-11-28 05:33:42,model
UTR00002327,U002817,TAG14,0.6918,2026-06-26 13:45:18,rule
UTR00002328,U002052,TAG14,0.5858,2026-01-03 21:45:37,model
UTR00002329,U000805,TAG05,0.9757,2026-03-29 19:50:40,model
UTR00002330,U004503,TAG16,0.9276,2026-01-22 09:49:51,rule
UTR00002331,U003874,TAG13,0.8379,2025-12-26 19:50:56,rule
UTR00002332,U004975,TAG16,0.8539,2025-02-26 12:02:47,rule
UTR00002333,U001500,TAG09,0.6042,2025-09-25 18:17:21,rule
UTR00002334,U002574,TAG11,0.574,2025-07-12 05:34:11,model
UTR00002335,U002486,TAG15,0.8027,2026-01-07 15:54:34,model
UTR00002336,U001336,TAG08,0.5739,2025-08-06 03:45:20,model
UTR00002337,U002066,TAG11,0.9139,2026-08-13 13:34:58,model
UTR00002338,U000491,TAG02,0.9584,2026-06-06 02:54:50,rule
UTR00002339,U000408,TAG13,0.6506,2026-06-04 08:25:17,model
UTR00002340,U000781,TAG14,0.6682,2026-03-22 20:18:41,model
UTR00002341,U003954,TAG07,0.7228,2025-09-02 12:16:18,model
UTR00002342,U000559,TAG13,0.8431,2025-09-25 22:58:04,rule
UTR00002343,U003939,TAG02,0.728,2025-10-31 09:01:03,rule
UTR00002344,U002036,TAG04,0.9005,2026-07-01 02:27:38,model
UTR00002345,U002098,TAG16,0.9555,2025-01-17 07:53:54,rule
UTR00002346,U000953,TAG13,0.9468,2026-06-29 15:24:56,model
UTR00002347,U004038,TAG12,0.9374,2025-05-28 09:17:28,rule
UTR00002348,U002836,TAG06,0.7532,2025-12-05 18:13:06,rule
UTR00002349,U004833,TAG16,0.6883,2026-07-09 16:18:47,rule
UTR00002350,U004742,TAG13,0.9719,2026-05-27 16:10:25,rule
UTR00002351,U001030,TAG03,0.7522,2026-06-06 23:37:03,model
UTR00002352,U002551,TAG14,0.9145,2025-02-28 02:32:16,rule
UTR00002353,U004769,TAG08,0.9618,2026-01-23 16:27:41,rule
UTR00002354,U004350,TAG02,0.864,2025-08-27 09:42:10,model
UTR00002355,U003699,TAG09,0.6498,2025-03-22 12:31:41,rule
UTR00002356,U002638,TAG09,0.8362,2025-09-17 22:43:55,model
UTR00002357,U001068,TAG14,0.793,2025-06-25 09:47:59,model
UTR00002358,U002070,TAG07,0.9006,2026-06-08 06:40:46,rule
UTR00002359,U002782,TAG14,0.7442,2025-02-22 09:34:58,model
UTR00002360,U004549,TAG01,0.5734,2025-10-27 04:48:19,rule
UTR00002361,U000406,TAG13,0.6388,2026-03-26 20:04:39,rule
UTR00002362,U004833,TAG09,0.7273,2026-07-16 04:09:35,model
UTR00002363,U000997,TAG07,0.685,2025-01-15 15:30:13,rule
UTR00002364,U004824,TAG16,0.5889,2025-09-27 05:24:22,rule
UTR00002365,U004766,TAG11,0.9687,2026-08-08 01:37:33,model
UTR00002366,U004944,TAG12,0.9204,2025-07-13 02:50:15,rule
UTR00002367,U000587,TAG01,0.9035,2026-01-01 19:56:45,rule
UTR00002368,U003069,TAG08,0.9683,2025-09-17 08:11:03,model
UTR00002369,U004651,TAG09,0.779,2025-03-09 09:39:49,rule
UTR00002370,U003536,TAG16,0.9288,2025-08-22 03:30:00,rule
UTR00002371,U004062,TAG03,0.594,2025-01-08 08:36:43,rule
UTR00002372,U002639,TAG16,0.9242,2026-01-30 15:25:30,rule
UTR00002373,U004986,TAG02,0.7841,2025-09-27 13:29:59,rule
UTR00002374,U001990,TAG01,0.5534,2025-06-01 05:10:46,model
UTR00002375,U004281,TAG01,0.8554,2025-04-24 21:40:09,rule
UTR00002376,U003444,TAG10,0.833,2026-08-19 05:07:18,rule
UTR00002377,U002333,TAG10,0.7716,2026-05-18 05:43:39,rule
UTR00002378,U002467,TAG09,0.7099,2026-07-06 06:09:20,model
UTR00002379,U002130,TAG04,0.6902,2026-01-28 20:05:53,rule
UTR00002380,U002201,TAG16,0.7034,2025-07-16 22:40:06,model
UTR00002381,U002092,TAG06,0.8166,2026-06-07 00:48:27,rule
UTR00002382,U002811,TAG07,0.5534,2025-03-06 10:01:16,rule
UTR00002383,U002580,TAG03,0.6288,2025-07-30 04:16:56,rule
UTR00002384,U002862,TAG10,0.7003,2025-01-16 18:09:04,rule
UTR00002385,U003896,TAG01,0.8224,2025-11-27 00:21:22,model
UTR00002386,U004130,TAG02,0.7883,2025-12-03 03:17:02,rule
UTR00002387,U001203,TAG15,0.5831,2025-12-10 12:52:48,rule
UTR00002388,U003916,TAG06,0.8488,2026-05-18 23:36:27,rule
UTR00002389,U002307,TAG05,0.8479,2025-07-19 11:12:23,model
UTR00002390,U000096,TAG02,0.9364,2026-08-17 13:58:33,rule
UTR00002391,U003959,TAG13,0.7925,2025-01-14 08:04:45,rule
UTR00002392,U004322,TAG16,0.9909,2025-04-23 16:05:36,rule
UTR00002393,U001569,TAG16,0.7362,2025-12-09 23:26:01,model
UTR00002394,U001862,TAG04,0.624,2026-08-08 07:10:35,model
UTR00002395,U004963,TAG11,0.5732,2026-06-08 13:37:11,rule
UTR00002396,U001469,TAG12,0.7514,2025-07-29 21:34:56,rule
UTR00002397,U000854,TAG13,0.9002,2026-01-28 13:55:18,rule
UTR00002398,U003189,TAG03,0.7142,2025-11-14 01:56:34,rule
UTR00002399,U000400,TAG01,0.9683,2025-02-14 00:48:09,rule
UTR00002400,U004035,TAG07,0.8376,2025-04-19 04:46:48,model
UTR00002401,U003635,TAG06,0.8392,2025-07-10 12:14:28,model
UTR00002402,U004938,TAG04,0.9731,2026-03-04 02:01:26,rule
UTR00002403,U001888,TAG05,0.7464,2026-01-09 20:21:33,model
UTR00002404,U002101,TAG06,0.5604,2025-01-12 01:22:47,model
UTR00002405,U004682,TAG02,0.6998,2025-12-01 22:03:23,model
UTR00002406,U001425,TAG07,0.9032,2025-03-31 18:59:27,rule
UTR00002407,U001809,TAG09,0.9197,2025-01-01 18:36:04,model
UTR00002408,U004946,TAG03,0.8827,2026-02-09 11:54:02,rule
UTR00002409,U002266,TAG15,0.6454,2026-05-08 14:19:30,model
UTR00002410,U004282,TAG13,0.8009,2026-01-19 09:18:04,rule
UTR00002411,U004710,TAG06,0.8237,2026-08-13 20:24:45,model
UTR00002412,U000185,TAG05,0.6025,2026-03-19 01:53:24,rule
UTR00002413,U001975,TAG10,0.9539,2025-05-04 02:05:27,model
UTR00002414,U003055,TAG01,0.6977,2026-04-19 00:09:59,model
UTR00002415,U001551,TAG14,0.8573,2026-05-02 19:17:31,rule
UTR00002416,U000249,TAG16,0.9729,2025-09-06 16:28:33,model
UTR00002417,U002535,TAG01,0.707,2025-01-28 05:57:08,rule
UTR00002418,U002546,TAG11,0.9767,2025-10-11 21:54:33,model
UTR00002419,U002985,TAG15,0.6954,2025-08-31 05:30:15,model
UTR00002420,U003055,TAG01,0.7813,2026-03-05 05:43:50,model
UTR00002421,U002866,TAG11,0.8444,2025-03-18 04:59:27,rule
UTR00002422,U002407,TAG06,0.8031,2026-03-23 16:15:18,model
UTR00002423,U000692,TAG15,0.8432,2026-04-04 10:35:31,rule
UTR00002424,U000530,TAG02,0.8429,2026-07-25 19:07:00,rule
UTR00002425,U003792,TAG16,0.6385,2025-01-27 11:29:06,model
UTR00002426,U000585,TAG09,0.8278,2025-09-24 17:33:45,model
UTR00002427,U004223,TAG12,0.8072,2025-01-20 11:11:46,manual
UTR00002428,U002225,TAG03,0.8066,2025-11-14 20:55:14,model
UTR00002429,U000909,TAG01,0.5558,2025-02-13 16:31:51,model
UTR00002430,U004134,TAG11,0.996,2025-03-02 09:17:17,model
UTR00002431,U003458,TAG16,0.5919,2025-09-19 22:44:24,rule
UTR00002432,U000281,TAG11,0.6735,2025-11-30 04:14:47,model
UTR00002433,U002012,TAG09,0.896,2026-02-02 21:58:27,rule
UTR00002434,U004732,TAG12,0.932,2025-08-14 02:10:29,rule
UTR00002435,U002421,TAG16,0.8976,2025-07-03 09:33:14,rule
UTR00002436,U003269,TAG12,0.9749,2026-07-14 01:26:31,rule
UTR00002437,U002498,TAG01,0.7926,2025-06-01 05:23:16,manual
UTR00002438,U000564,TAG07,0.6926,2025-01-07 23:43:22,rule
UTR00002439,U000453,TAG09,0.6813,2025-12-07 23:46:24,model
UTR00002440,U001601,TAG02,0.5707,2026-06-20 17:54:07,rule
UTR00002441,U002849,TAG16,0.8005,2026-06-02 17:06:02,rule
UTR00002442,U000082,TAG04,0.5944,2026-07-04 23:57:12,model
UTR00002443,U001558,TAG08,0.8464,2025-02-14 01:02:38,model
UTR00002444,U000271,TAG05,0.9761,2026-02-20 17:58:35,rule
UTR00002445,U003468,TAG01,0.877,2025-09-15 10:10:45,rule
UTR00002446,U004348,TAG04,0.8933,2026-08-02 21:03:43,model
UTR00002447,U000811,TAG09,0.6048,2026-08-16 01:01:03,rule
UTR00002448,U004528,TAG08,0.9655,2025-09-14 08:42:28,rule
UTR00002449,U004072,TAG04,0.7139,2026-04-16 00:51:58,rule
UTR00002450,U003791,TAG11,0.7605,2025-03-29 16:11:05,rule
UTR00002451,U003228,TAG06,0.6937,2025-07-11 13:15:01,model
UTR00002452,U002508,TAG08,0.6657,2026-06-08 16:45:45,rule
UTR00002453,U004871,TAG11,0.7924,2025-12-21 00:51:22,model
UTR00002454,U004540,TAG08,0.7693,2025-03-20 05:00:44,model
UTR00002455,U002644,TAG12,0.6975,2026-06-06 13:30:40,rule
UTR00002456,U004094,TAG11,0.6272,2026-04-30 14:28:17,model
UTR00002457,U000003,TAG11,0.9689,2026-07-21 20:33:33,rule
UTR00002458,U000338,TAG07,0.9517,2026-04-22 09:13:21,rule
UTR00002459,U003044,TAG10,0.7927,2026-08-12 17:01:14,rule
UTR00002460,U003909,TAG12,0.7771,2026-05-22 08:04:18,rule
UTR00002461,U001348,TAG15,0.6226,2026-01-05 18:51:07,rule
UTR00002462,U001516,TAG16,0.6825,2025-09-30 05:52:36,model
UTR00002463,U002773,TAG06,0.842,2026-08-11 15:38:14,rule
UTR00002464,U000662,TAG04,0.7369,2025-05-10 12:19:44,model
UTR00002465,U004093,TAG15,0.7241,2026-02-12 15:46:42,model
UTR00002466,U003315,TAG15,0.8355,2026-03-10 19:33:14,rule
UTR00002467,U001861,TAG16,0.5668,2026-03-27 04:49:25,model
UTR00002468,U000952,TAG01,0.6502,2025-05-15 20:54:12,model
UTR00002469,U004904,TAG07,0.6481,2026-04-26 03:43:49,rule
UTR00002470,U000781,TAG06,0.728,2026-06-19 03:48:29,model
UTR00002471,U001096,TAG08,0.7141,2025-04-14 22:03:32,rule
UTR00002472,U001548,TAG14,0.8708,2026-03-13 16:37:59,rule
UTR00002473,U004126,TAG05,0.8643,2025-01-05 19:55:59,model
UTR00002474,U004530,TAG08,0.7912,2025-02-27 07:29:31,rule
UTR00002475,U002409,TAG12,0.8566,2025-01-04 16:26:52,rule
UTR00002476,U001613,TAG04,0.5507,2026-05-18 04:10:16,rule
UTR00002477,U002341,TAG01,0.9988,2025-11-30 04:09:19,rule
UTR00002478,U001218,TAG16,0.9184,2026-05-18 01:36:46,model
UTR00002479,U002099,TAG12,0.5886,2025-09-06 06:25:39,rule
UTR00002480,U002849,TAG06,0.666,2026-06-22 12:47:02,rule
UTR00002481,U001069,TAG03,0.5506,2026-04-17 07:03:03,rule
UTR00002482,U002317,TAG09,0.8809,2025-09-21 02:44:22,model
UTR00002483,U003117,TAG05,0.6912,2025-02-25 05:56:22,rule
UTR00002484,U003398,TAG08,0.7575,2026-02-21 21:10:57,rule
UTR00002485,U002583,TAG07,0.8798,2025-02-15 20:41:05,model
UTR00002486,U003438,TAG09,0.8663,2025-02-10 16:59:24,model
UTR00002487,U001438,TAG11,0.9001,2026-05-24 09:24:59,model
UTR00002488,U001929,TAG09,0.9286,2026-06-07 03:02:21,rule
UTR00002489,U004728,TAG12,0.8471,2026-03-15 03:39:54,rule
UTR00002490,U002457,TAG16,0.8535,2026-06-11 22:59:51,rule
UTR00002491,U001492,TAG15,0.6239,2026-07-31 10:32:33,rule
UTR00002492,U001388,TAG11,0.574,2026-03-02 21:15:27,rule
UTR00002493,U003043,TAG11,0.8183,2025-11-15 07:22:13,rule
UTR00002494,U001950,TAG13,0.8033,2025-07-10 04:45:27,rule
UTR00002495,U003551,TAG07,0.7125,2026-03-07 01:52:05,model
UTR00002496,U000354,TAG08,0.9981,2025-07-15 01:12:03,rule
UTR00002497,U001125,TAG04,0.7059,2026-02-06 01:08:48,model
UTR00002498,U000389,TAG09,0.7194,2026-06-22 15:52:43,model
UTR00002499,U003316,TAG04,0.6791,2025-09-26 19:32:49,rule
UTR00002500,U002441,TAG06,0.7382,2025-07-24 01:31:42,rule
UTR00002501,U002316,TAG07,0.9858,2025-11-27 16:54:56,model
UTR00002502,U003414,TAG06,0.9361,2025-01-05 08:26:43,rule
UTR00002503,U001122,TAG15,0.718,2026-05-23 22:31:58,model
UTR00002504,U004817,TAG14,0.6851,2025-03-13 15:50:25,rule
UTR00002505,U004421,TAG14,0.6108,2025-05-30 07:10:10,rule
UTR00002506,U002177,TAG07,0.915,2025-09-10 06:33:00,rule
UTR00002507,U000032,TAG03,0.8748,2025-04-25 08:56:13,model
UTR00002508,U000491,TAG11,0.8803,2025-04-25 09:52:56,rule
UTR00002509,U000887,TAG06,0.8877,2025-10-09 02:32:59,model
UTR00002510,U000429,TAG15,0.7198,2026-04-15 03:40:35,manual
UTR00002511,U002219,TAG12,0.633,2026-07-31 20:58:39,model
UTR00002512,U001107,TAG08,0.9911,2025-09-02 21:56:48,model
UTR00002513,U003264,TAG16,0.6394,2026-02-24 18:06:01,model
UTR00002514,U001385,TAG05,0.7272,2025-01-23 21:41:25,rule
UTR00002515,U002975,TAG12,0.8625,2025-12-23 17:54:44,rule
UTR00002516,U001733,TAG08,0.7264,2025-10-29 23:20:55,model
UTR00002517,U000073,TAG13,0.7184,2026-02-26 13:26:06,rule
UTR00002518,U004937,TAG12,0.5646,2026-08-10 10:34:18,rule
UTR00002519,U004078,TAG01,0.8117,2025-03-06 04:29:59,model
UTR00002520,U005000,TAG12,0.8328,2025-10-18 00:24:25,model
UTR00002521,U004032,TAG07,0.5655,2025-07-15 23:55:33,rule
UTR00002522,U002943,TAG09,0.9477,2026-02-05 22:41:55,manual
UTR00002523,U001529,TAG16,0.9928,2025-11-17 12:35:42,rule
UTR00002524,U003471,TAG16,0.6294,2025-02-07 13:11:40,rule
UTR00002525,U004113,TAG05,0.7036,2025-12-29 22:24:31,rule
UTR00002526,U003402,TAG02,0.6405,2025-09-12 18:54:45,model
UTR00002527,U002059,TAG14,0.7014,2025-11-22 00:58:36,rule
UTR00002528,U002525,TAG15,0.6571,2025-11-15 22:16:36,rule
UTR00002529,U001043,TAG03,0.7925,2026-02-18 03:00:07,model
UTR00002530,U000340,TAG06,0.9526,2026-02-17 03:00:13,rule
UTR00002531,U000315,TAG11,0.9838,2025-03-23 11:12:46,model
UTR00002532,U000162,TAG08,0.9058,2026-04-06 14:29:54,rule
UTR00002533,U003552,TAG06,0.7489,2025-07-20 16:01:09,rule
UTR00002534,U004601,TAG03,0.887,2026-01-09 11:26:08,model
UTR00002535,U004769,TAG07,0.9696,2026-06-17 20:57:07,rule
UTR00002536,U002470,TAG11,0.7002,2025-09-29 13:52:42,rule
UTR00002537,U003075,TAG01,0.9901,2025-05-18 08:55:02,model
UTR00002538,U004644,TAG15,0.5966,2025-11-24 21:49:42,rule
UTR00002539,U003063,TAG16,0.9462,2025-03-21 04:04:28,rule
UTR00002540,U003321,TAG08,0.933,2025-08-08 09:06:01,rule
UTR00002541,U004257,TAG02,0.7351,2026-02-24 21:48:04,rule
UTR00002542,U002352,TAG15,0.8899,2025-02-13 02:50:28,rule
UTR00002543,U001012,TAG07,0.6925,2025-08-01 11:28:09,manual
UTR00002544,U004279,TAG10,0.7802,2026-02-26 21:11:55,rule
UTR00002545,U001798,TAG05,0.9946,2025-06-28 23:12:42,model
UTR00002546,U004566,TAG06,0.7019,2025-01-01 05:33:48,model
UTR00002547,U004778,TAG07,0.7492,2025-02-28 19:29:58,model
UTR00002548,U001046,TAG13,0.5794,2026-04-23 00:54:43,rule
UTR00002549,U002233,TAG03,0.6521,2025-05-17 07:00:25,rule
UTR00002550,U004255,TAG01,0.6825,2026-07-27 16:53:54,model
UTR00002551,U003699,TAG12,0.7247,2025-11-22 08:30:07,model
UTR00002552,U002335,TAG13,0.9237,2025-04-10 16:55:45,model
UTR00002553,U001949,TAG13,0.9109,2026-03-25 21:25:50,rule
UTR00002554,U003280,TAG02,0.7106,2026-06-27 14:43:59,rule
UTR00002555,U003958,TAG13,0.8649,2026-02-20 17:32:06,rule
UTR00002556,U003839,TAG03,0.858,2025-03-17 10:03:39,model
UTR00002557,U002140,TAG16,0.7276,2025-03-02 19:11:23,rule
UTR00002558,U001470,TAG12,0.695,2026-01-26 02:52:40,model
UTR00002559,U001293,TAG03,0.7888,2026-08-12 08:47:15,model
UTR00002560,U001103,TAG02,0.579,2025-03-08 16:37:45,model
UTR00002561,U003846,TAG04,0.8737,2026-05-19 18:58:13,rule
UTR00002562,U000225,TAG07,0.5845,2025-02-02 14:41:49,model
UTR00002563,U001216,TAG09,0.6343,2026-05-18 01:24:21,rule
UTR00002564,U002578,TAG01,0.7901,2026-05-23 17:02:49,rule
UTR00002565,U004550,TAG08,0.7201,2026-05-29 08:01:14,manual
UTR00002566,U004389,TAG02,0.9684,2025-06-15 09:10:25,rule
UTR00002567,U000865,TAG16,0.8029,2025-04-26 07:38:06,rule
UTR00002568,U003338,TAG04,0.79,2025-08-22 15:04:54,rule
UTR00002569,U000515,TAG11,0.9648,2025-09-14 06:58:44,model
UTR00002570,U003127,TAG08,0.9653,2025-06-13 22:12:21,model
UTR00002571,U000906,TAG12,0.8738,2026-03-31 12:20:21,rule
UTR00002572,U001862,TAG09,0.6435,2025-06-28 09:08:09,rule
UTR00002573,U000713,TAG07,0.6222,2026-03-18 22:38:32,rule
UTR00002574,U004938,TAG14,0.9833,2026-04-12 10:55:56,rule
UTR00002575,U004163,TAG13,0.674,2025-08-07 02:11:55,rule
UTR00002576,U003461,TAG01,0.9551,2026-01-15 11:58:56,rule
UTR00002577,U000806,TAG04,0.6945,2026-04-14 15:20:45,model
UTR00002578,U001134,TAG14,0.8433,2025-03-12 18:03:54,model
UTR00002579,U003362,TAG11,0.7725,2025-04-15 06:45:47,rule
UTR00002580,U002660,TAG01,0.668,2025-04-16 11:54:38,rule
UTR00002581,U001010,TAG12,0.6328,2025-12-15 01:06:54,rule
UTR00002582,U001827,TAG15,0.9228,2026-06-08 15:33:50,rule
UTR00002583,U003245,TAG09,0.6237,2025-01-27 06:11:44,rule
UTR00002584,U002066,TAG04,0.85,2026-02-19 16:52:46,model
UTR00002585,U004909,TAG07,0.6085,2026-01-03 05:19:30,rule
UTR00002586,U004807,TAG16,0.6053,2025-10-31 02:28:29,rule
UTR00002587,U002414,TAG11,0.8411,2026-06-26 17:51:39,rule
UTR00002588,U004129,TAG01,0.9442,2025-04-25 13:09:35,model
UTR00002589,U003881,TAG15,0.9154,2025-12-27 10:38:38,model
UTR00002590,U001150,TAG12,0.6038,2026-06-29 15:01:49,model
UTR00002591,U002559,TAG13,0.7484,2025-11-04 22:44:59,rule
UTR00002592,U000221,TAG09,0.7898,2025-05-20 15:48:15,model
UTR00002593,U002635,TAG10,0.9723,2026-02-15 01:02:51,rule
UTR00002594,U000423,TAG01,0.9847,2025-12-09 01:33:37,model
UTR00002595,U002790,TAG12,0.7263,2025-12-09 22:08:59,rule
UTR00002596,U000302,TAG03,0.6159,2025-11-26 16:06:20,rule
UTR00002597,U000968,TAG09,0.9364,2025-05-05 10:07:33,rule
UTR00002598,U004381,TAG16,0.5909,2026-01-21 08:20:34,model
UTR00002599,U003702,TAG12,0.9207,2026-02-22 18:35:01,rule
UTR00002600,U000851,TAG01,0.9319,2026-07-30 15:39:10,model
UTR00002601,U000586,TAG10,0.9283,2026-05-26 08:10:14,rule
UTR00002602,U001122,TAG01,0.7143,2025-04-20 00:40:50,rule
UTR00002603,U000599,TAG09,0.8185,2025-09-08 02:23:57,model
UTR00002604,U004614,TAG12,0.5627,2026-01-18 04:13:33,rule
UTR00002605,U001199,TAG01,0.8557,2026-04-12 01:39:52,rule
UTR00002606,U003586,TAG01,0.9238,2025-11-01 14:23:40,model
UTR00002607,U004467,TAG02,0.8542,2025-03-23 08:04:57,rule
UTR00002608,U000671,TAG09,0.6005,2025-12-31 13:37:56,model
UTR00002609,U004828,TAG08,0.7109,2026-06-16 12:11:13,rule
UTR00002610,U004779,TAG02,0.6754,2026-03-10 01:05:49,rule
UTR00002611,U000755,TAG12,0.7026,2025-01-08 14:34:01,rule
UTR00002612,U002778,TAG05,0.8417,2026-05-31 11:21:05,model
UTR00002613,U002570,TAG02,0.7975,2025-12-29 12:42:17,rule
UTR00002614,U003453,TAG07,0.6588,2025-08-14 10:51:31,rule
UTR00002615,U004077,TAG04,0.5895,2025-05-03 17:39:52,rule
UTR00002616,U002419,TAG07,0.8153,2025-10-23 10:26:38,rule
UTR00002617,U001757,TAG08,0.5887,2025-12-24 03:36:26,rule
UTR00002618,U004446,TAG03,0.8437,2025-06-10 15:06:54,rule
UTR00002619,U003402,TAG01,0.6285,2025-05-05 14:16:50,rule
UTR00002620,U001376,TAG02,0.9121,2026-07-23 04:00:46,rule
UTR00002621,U002648,TAG09,0.9556,2026-02-11 01:12:46,model
UTR00002622,U001228,TAG06,0.8205,2025-01-04 04:31:31,rule
UTR00002623,U001003,TAG15,0.5797,2025-06-11 21:18:23,rule
UTR00002624,U003339,TAG03,0.7572,2025-04-08 22:04:48,manual
UTR00002625,U001750,TAG08,0.7009,2026-01-14 00:37:19,model
UTR00002626,U003833,TAG05,0.7061,2025-07-04 23:50:38,model
UTR00002627,U003643,TAG16,0.6412,2025-01-26 00:04:28,rule
UTR00002628,U001493,TAG10,0.566,2026-01-11 20:09:36,manual
UTR00002629,U004388,TAG14,0.8141,2026-08-22 05:48:28,rule
UTR00002630,U001842,TAG16,0.8281,2026-05-04 14:22:12,rule
UTR00002631,U002010,TAG04,0.7483,2025-08-12 22:43:42,rule
UTR00002632,U000301,TAG09,0.7026,2025-11-16 03:37:25,rule
UTR00002633,U004866,TAG16,0.9766,2025-02-01 23:11:13,rule
UTR00002634,U000460,TAG02,0.944,2025-09-22 12:34:11,model
UTR00002635,U000222,TAG04,0.7629,2025-08-23 14:06:22,model
UTR00002636,U002009,TAG04,0.9134,2025-08-29 06:37:08,rule
UTR00002637,U002047,TAG13,0.8284,2025-09-18 22:22:47,model
UTR00002638,U004060,TAG13,0.8288,2025-02-20 18:10:56,rule
UTR00002639,U000778,TAG02,0.7062,2025-08-22 00:51:02,model
UTR00002640,U003676,TAG14,0.8475,2025-11-07 21:28:32,rule
UTR00002641,U000800,TAG07,0.7033,2025-12-02 22:09:18,rule
UTR00002642,U003460,TAG12,0.8412,2025-12-31 12:40:49,model
UTR00002643,U000167,TAG02,0.6548,2025-12-10 08:20:36,model
UTR00002644,U001036,TAG15,0.588,2025-01-02 10:43:58,rule
UTR00002645,U000117,TAG15,0.7406,2025-09-24 15:49:14,rule
UTR00002646,U000910,TAG16,0.6558,2026-04-14 11:35:39,rule
UTR00002647,U000876,TAG13,0.9714,2025-07-12 14:31:03,model
UTR00002648,U000490,TAG12,0.838,2026-02-08 16:31:24,rule
UTR00002649,U003917,TAG05,0.6043,2025-05-13 11:33:45,rule
UTR00002650,U002208,TAG10,0.9018,2026-08-13 15:49:35,rule
UTR00002651,U001254,TAG13,0.5912,2026-02-07 22:43:55,model
UTR00002652,U001937,TAG09,0.8407,2026-01-22 22:46:44,rule
UTR00002653,U000036,TAG03,0.7052,2025-03-25 15:12:14,rule
UTR00002654,U000329,TAG07,0.8735,2025-03-07 01:17:50,rule
UTR00002655,U002540,TAG07,0.5723,2025-02-27 18:54:38,model
UTR00002656,U001229,TAG05,0.6511,2026-02-03 08:58:17,model
UTR00002657,U001911,TAG06,0.7197,2026-05-21 04:06:46,rule
UTR00002658,U004057,TAG02,0.8114,2025-07-08 21:28:21,model
UTR00002659,U003644,TAG12,0.8729,2025-08-23 04:44:53,manual
UTR00002660,U004546,TAG11,0.87,2026-01-26 22:37:29,rule
UTR00002661,U003892,TAG14,0.6573,2025-04-21 10:16:33,rule
UTR00002662,U002530,TAG04,0.6269,2026-06-09 03:55:01,rule
UTR00002663,U004549,TAG01,0.9725,2026-04-09 12:41:55,rule
UTR00002664,U004833,TAG02,0.7139,2026-06-19 03:32:22,manual
UTR00002665,U000242,TAG13,0.885,2026-05-15 10:57:12,model
UTR00002666,U003164,TAG14,0.7574,2026-03-13 06:38:55,model
UTR00002667,U004991,TAG12,0.8627,2025-02-22 04:52:47,rule
UTR00002668,U001052,TAG11,0.886,2025-09-26 13:13:24,rule
UTR00002669,U002950,TAG06,0.9631,2026-07-15 23:00:42,rule
UTR00002670,U002763,TAG08,0.6677,2026-02-07 06:56:18,manual
UTR00002671,U002813,TAG04,0.8031,2026-01-20 10:45:03,rule
UTR00002672,U000434,TAG08,0.9614,2026-08-21 03:38:08,model
UTR00002673,U001728,TAG16,0.874,2025-12-08 09:50:23,model
UTR00002674,U002043,TAG02,0.5811,2026-05-07 12:28:48,manual
UTR00002675,U004413,TAG12,0.7214,2025-11-11 22:38:47,model
UTR00002676,U004127,TAG16,0.9836,2025-03-22 15:23:59,rule
UTR00002677,U000339,TAG03,0.9611,2025-10-11 02:16:50,rule
UTR00002678,U001543,TAG02,0.9056,2025-10-19 21:53:27,model
UTR00002679,U000272,TAG04,0.5869,2026-02-13 03:25:33,rule
UTR00002680,U000672,TAG03,0.7905,2025-03-19 03:11:08,model
UTR00002681,U003119,TAG01,0.9997,2025-11-08 08:14:05,rule
UTR00002682,U000124,TAG16,0.8199,2025-06-30 04:04:57,rule
UTR00002683,U001068,TAG03,0.7858,2025-02-15 14:31:42,model
UTR00002684,U003539,TAG05,0.9913,2026-02-25 22:40:44,rule
UTR00002685,U001097,TAG06,0.8468,2026-06-20 22:28:31,model
UTR00002686,U004886,TAG02,0.7879,2025-11-11 06:20:53,model
UTR00002687,U001106,TAG15,0.9766,2025-09-27 10:57:45,rule
UTR00002688,U002059,TAG08,0.822,2025-05-10 21:36:34,rule
UTR00002689,U003622,TAG13,0.7784,2025-12-29 09:34:31,rule
UTR00002690,U001042,TAG16,0.8753,2026-01-03 09:29:10,rule
UTR00002691,U000514,TAG15,0.603,2026-07-22 10:05:41,model
UTR00002692,U004068,TAG06,0.9689,2026-08-18 10:17:51,rule
UTR00002693,U004859,TAG05,0.6214,2026-04-26 04:54:17,rule
UTR00002694,U000386,TAG04,0.9618,2025-01-22 09:30:32,rule
UTR00002695,U001732,TAG11,0.5822,2026-01-10 03:02:46,model
UTR00002696,U000882,TAG01,0.5891,2025-07-06 15:20:59,model
UTR00002697,U004588,TAG04,0.9515,2025-09-05 10:59:30,rule
UTR00002698,U003477,TAG03,0.8962,2025-11-03 19:09:26,model
UTR00002699,U004544,TAG07,0.8724,2026-04-27 10:14:45,rule
UTR00002700,U003960,TAG13,0.7926,2026-02-01 00:47:32,model
UTR00002701,U003754,TAG14,0.6547,2026-05-27 04:47:43,rule
UTR00002702,U001944,TAG01,0.7348,2025-01-07 23:30:56,model
UTR00002703,U004536,TAG01,0.7655,2025-12-28 01:01:22,rule
UTR00002704,U001386,TAG06,0.6015,2025-05-20 03:51:44,rule
UTR00002705,U001386,TAG01,0.9255,2025-07-06 06:20:10,rule
UTR00002706,U003315,TAG08,0.7216,2026-01-15 15:06:20,model
UTR00002707,U002360,TAG04,0.7299,2025-02-12 17:07:05,model
UTR00002708,U004725,TAG14,0.5822,2026-05-31 17:17:10,rule
UTR00002709,U000963,TAG03,0.5838,2026-05-21 12:49:22,rule
UTR00002710,U003822,TAG06,0.7652,2025-12-12 13:24:11,rule
UTR00002711,U003507,TAG13,0.6047,2026-06-22 01:50:06,rule
UTR00002712,U000651,TAG13,0.5791,2025-02-18 06:02:57,rule
UTR00002713,U004441,TAG04,0.7561,2025-05-31 21:16:50,rule
UTR00002714,U001836,TAG10,0.9897,2025-01-15 14:24:08,rule
UTR00002715,U001285,TAG03,0.6961,2025-04-14 22:56:35,model
UTR00002716,U002492,TAG11,0.7983,2025-10-07 06:36:27,rule
UTR00002717,U003319,TAG15,0.831,2025-11-06 20:57:12,rule
UTR00002718,U000694,TAG11,0.7859,2025-02-10 17:50:25,rule
UTR00002719,U001765,TAG08,0.9593,2025-10-13 06:05:25,rule
UTR00002720,U003101,TAG08,0.8914,2025-08-14 08:33:09,model
UTR00002721,U002368,TAG10,0.9373,2026-06-23 09:26:19,model
UTR00002722,U004347,TAG08,0.9751,2025-10-29 21:27:08,rule
UTR00002723,U002964,TAG16,0.5925,2026-08-17 16:46:00,model
UTR00002724,U002097,TAG15,0.6011,2025-10-14 07:30:51,model
UTR00002725,U000370,TAG03,0.7039,2025-01-26 00:14:46,rule
UTR00002726,U002436,TAG05,0.7253,2026-05-06 17:29:45,rule
UTR00002727,U000579,TAG12,0.6799,2025-08-01 10:56:16,model
UTR00002728,U003855,TAG06,0.6524,2026-06-18 21:41:41,model
UTR00002729,U000202,TAG15,0.9881,2025-09-24 13:15:34,rule
UTR00002730,U000833,TAG12,0.9291,2025-06-10 04:03:48,rule
UTR00002731,U000345,TAG04,0.9815,2025-07-23 20:54:08,rule
UTR00002732,U000712,TAG12,0.9119,2025-01-04 18:46:03,model
UTR00002733,U000466,TAG03,0.8634,2025-08-17 21:15:39,model
UTR00002734,U002988,TAG01,0.7144,2026-04-25 16:28:37,rule
UTR00002735,U004259,TAG14,0.803,2025-03-02 04:26:41,rule
UTR00002736,U002500,TAG06,0.7285,2025-04-23 11:15:57,model
UTR00002737,U003179,TAG02,0.6461,2025-03-23 02:18:57,rule
UTR00002738,U004600,TAG12,0.9317,2026-04-17 22:31:14,rule
UTR00002739,U000074,TAG05,0.576,2025-06-06 01:01:43,model
UTR00002740,U000511,TAG02,0.9158,2025-04-19 09:39:56,model
UTR00002741,U001126,TAG09,0.807,2025-11-29 09:38:55,model
UTR00002742,U003357,TAG15,0.714,2026-06-20 17:00:48,rule
UTR00002743,U000664,TAG13,0.5893,2026-06-11 05:28:42,manual
UTR00002744,U003931,TAG01,0.5992,2025-01-28 14:34:22,rule
UTR00002745,U002232,TAG08,0.916,2025-01-20 14:55:18,model
UTR00002746,U002422,TAG10,0.6871,2026-04-30 23:29:44,model
UTR00002747,U002128,TAG15,0.8364,2025-09-07 07:52:20,model
UTR00002748,U003934,TAG10,0.9064,2026-05-22 12:35:53,rule
UTR00002749,U000890,TAG08,0.9578,2025-06-03 02:21:34,model
UTR00002750,U000335,TAG12,0.659,2026-04-10 10:18:40,model
UTR00002751,U000768,TAG06,0.6074,2025-02-02 04:59:38,model
UTR00002752,U001741,TAG11,0.67,2026-07-24 16:12:06,model
UTR00002753,U002614,TAG03,0.6098,2025-11-09 07:44:18,model
UTR00002754,U000837,TAG13,0.9763,2025-11-03 11:35:16,rule
UTR00002755,U003649,TAG11,0.8696,2025-01-14 20:47:10,rule
UTR00002756,U002458,TAG06,0.6671,2025-05-20 04:49:37,manual
UTR00002757,U000986,TAG04,0.7093,2025-03-15 07:08:41,rule
UTR00002758,U001031,TAG09,0.6514,2025-08-20 09:18:59,model
UTR00002759,U002960,TAG14,0.8319,2025-07-10 17:18:22,rule
UTR00002760,U004610,TAG11,0.5841,2025-11-11 03:10:33,manual
UTR00002761,U000561,TAG14,0.9171,2025-09-10 00:51:48,model
UTR00002762,U004642,TAG11,0.9502,2026-07-07 06:22:46,model
UTR00002763,U003773,TAG10,0.6291,2026-06-23 18:48:48,rule
UTR00002764,U001153,TAG16,0.8762,2025-07-17 10:21:30,rule
UTR00002765,U002047,TAG05,0.6496,2026-01-21 21:24:18,rule
UTR00002766,U002949,TAG15,0.7401,2025-09-01 05:52:57,model
UTR00002767,U002194,TAG11,0.8109,2025-10-07 16:30:05,manual
UTR00002768,U001826,TAG08,0.8016,2026-04-02 05:22:25,rule
UTR00002769,U002740,TAG08,0.5679,2025-06-13 02:13:25,model
UTR00002770,U003266,TAG02,0.866,2025-06-03 20:32:12,model
UTR00002771,U002275,TAG14,0.6942,2025-07-07 21:51:09,model
UTR00002772,U001280,TAG13,0.757,2026-02-17 13:56:54,rule
UTR00002773,U004890,TAG16,0.9372,2025-08-17 12:27:31,rule
UTR00002774,U000725,TAG06,0.7326,2025-03-27 20:06:59,rule
UTR00002775,U003666,TAG11,0.8154,2025-03-27 07:09:57,model
UTR00002776,U002538,TAG08,0.8735,2026-05-04 17:27:33,model
UTR00002777,U001474,TAG04,0.8324,2025-04-25 19:06:22,model
UTR00002778,U002562,TAG16,0.6337,2025-04-14 22:42:22,rule
UTR00002779,U001557,TAG03,0.8608,2025-10-31 22:45:58,rule
UTR00002780,U001479,TAG12,0.9266,2025-12-27 00:41:40,rule
UTR00002781,U002249,TAG03,0.6177,2026-01-27 06:05:08,rule
UTR00002782,U001036,TAG08,0.7634,2026-07-20 14:42:51,rule
UTR00002783,U004829,TAG06,0.8679,2025-02-08 01:40:42,rule
UTR00002784,U003998,TAG04,0.8655,2025-04-06 02:48:18,rule
UTR00002785,U003077,TAG04,0.6867,2025-08-22 04:06:24,rule
UTR00002786,U002196,TAG13,1.0,2025-07-18 13:04:47,rule
UTR00002787,U004322,TAG03,0.7833,2025-07-25 00:40:24,model
UTR00002788,U001293,TAG14,0.7276,2026-01-31 00:51:56,manual
UTR00002789,U003382,TAG10,0.6186,2025-01-30 13:18:43,rule
UTR00002790,U002434,TAG11,0.9116,2025-05-10 07:28:56,rule
UTR00002791,U004204,TAG05,0.6996,2026-05-16 09:59:04,rule
UTR00002792,U001740,TAG09,0.8433,2026-08-01 00:33:51,model
UTR00002793,U002141,TAG10,0.8211,2025-06-02 18:17:56,model
UTR00002794,U003416,TAG06,0.8608,2026-06-29 09:33:27,rule
UTR00002795,U001881,TAG16,0.595,2025-06-17 16:25:57,rule
UTR00002796,U001489,TAG04,0.8891,2025-10-09 22:08:34,rule
UTR00002797,U002003,TAG03,0.9595,2025-10-05 03:49:22,rule
UTR00002798,U004552,TAG05,0.6232,2026-04-18 23:55:13,rule
UTR00002799,U004633,TAG02,0.8588,2025-07-23 21:12:20,rule
UTR00002800,U002136,TAG15,0.7778,2025-09-21 20:24:32,rule
UTR00002801,U001308,TAG04,0.8056,2025-06-11 21:01:34,model
UTR00002802,U003210,TAG11,0.8063,2025-11-14 16:49:24,rule
UTR00002803,U004733,TAG09,0.7837,2026-04-20 21:05:39,rule
UTR00002804,U000355,TAG11,0.7969,2025-05-27 04:41:43,rule
UTR00002805,U001143,TAG08,0.9295,2025-12-20 09:40:16,rule
UTR00002806,U000679,TAG11,0.6472,2026-04-16 05:06:11,rule
UTR00002807,U002777,TAG12,0.6381,2025-06-29 14:24:00,manual
UTR00002808,U001838,TAG07,0.847,2026-04-28 01:19:41,model
UTR00002809,U002275,TAG14,0.7397,2025-08-30 20:26:15,rule
UTR00002810,U001694,TAG04,0.6689,2025-11-07 10:12:13,rule
UTR00002811,U003302,TAG13,0.7343,2026-06-09 18:43:32,model
UTR00002812,U000726,TAG13,0.8229,2025-10-05 06:58:43,model
UTR00002813,U002233,TAG11,0.8981,2025-12-20 06:01:20,rule
UTR00002814,U001286,TAG01,0.6354,2026-04-06 09:37:12,rule
UTR00002815,U002386,TAG02,0.9045,2025-10-26 01:41:22,model
UTR00002816,U004189,TAG09,0.7308,2026-03-09 02:33:07,rule
UTR00002817,U003908,TAG10,0.7624,2026-04-13 09:03:46,rule
UTR00002818,U004817,TAG08,0.825,2025-01-07 00:24:21,model
UTR00002819,U002758,TAG06,0.812,2025-03-21 01:34:42,rule
UTR00002820,U002007,TAG09,0.952,2026-05-17 23:14:59,model
UTR00002821,U003912,TAG04,0.8828,2026-01-19 21:18:21,model
UTR00002822,U003148,TAG09,0.6095,2025-07-19 10:29:11,rule
UTR00002823,U001769,TAG10,0.7651,2025-10-29 09:15:59,model
UTR00002824,U003860,TAG15,0.9667,2026-03-17 20:39:49,rule
UTR00002825,U004010,TAG02,0.8324,2025-12-20 00:42:50,rule
UTR00002826,U003337,TAG15,0.8186,2025-10-24 08:20:23,rule
UTR00002827,U003398,TAG10,0.8849,2025-12-26 23:41:35,rule
UTR00002828,U003495,TAG01,0.73,2025-01-24 07:02:06,model
UTR00002829,U003850,TAG15,0.6627,2025-08-21 00:43:57,model
UTR00002830,U000411,TAG01,0.7894,2025-08-13 20:21:08,model
UTR00002831,U003555,TAG08,0.9746,2025-02-06 19:58:07,rule
UTR00002832,U002826,TAG16,0.9994,2026-02-12 05:49:58,rule
UTR00002833,U000413,TAG04,0.7527,2025-11-27 10:29:22,model
UTR00002834,U003078,TAG16,0.7072,2026-02-06 11:24:08,rule
UTR00002835,U000049,TAG04,0.7282,2026-06-09 17:37:23,rule
UTR00002836,U001733,TAG05,0.8469,2025-07-14 10:49:44,rule
UTR00002837,U000246,TAG14,0.6027,2025-05-03 05:43:53,rule
UTR00002838,U001503,TAG14,0.6423,2026-05-14 19:07:08,rule
UTR00002839,U001730,TAG16,0.6248,2025-11-16 15:27:41,rule
UTR00002840,U000804,TAG05,0.8456,2025-08-03 09:48:05,rule
UTR00002841,U002863,TAG15,0.8901,2026-05-25 17:48:28,rule
UTR00002842,U002049,TAG08,0.7542,2025-04-30 23:30:10,model
UTR00002843,U000484,TAG11,0.8162,2026-07-02 19:42:38,rule
UTR00002844,U001199,TAG09,0.9661,2026-08-02 05:17:37,rule
UTR00002845,U000606,TAG14,0.9493,2026-05-31 21:51:26,model
UTR00002846,U000650,TAG11,0.8868,2025-01-26 08:38:32,rule
UTR00002847,U001889,TAG11,0.6501,2025-01-15 16:47:33,rule
UTR00002848,U000211,TAG14,0.8579,2026-07-17 14:48:49,rule
UTR00002849,U004059,TAG12,0.8717,2025-04-09 08:40:42,rule
UTR00002850,U000276,TAG02,0.7386,2026-06-29 04:34:17,model
UTR00002851,U002615,TAG07,0.889,2025-03-10 14:17:13,model
UTR00002852,U002522,TAG05,0.7684,2025-04-20 00:04:24,rule
UTR00002853,U003080,TAG15,0.5753,2025-12-18 11:11:04,model
UTR00002854,U001750,TAG11,0.9928,2025-08-23 04:52:57,rule
UTR00002855,U003210,TAG11,0.7891,2025-08-14 13:08:47,rule
UTR00002856,U000451,TAG11,0.6785,2025-08-02 18:48:10,rule
UTR00002857,U001895,TAG10,0.6192,2025-04-21 14:28:07,rule
UTR00002858,U000378,TAG13,0.6746,2026-03-20 06:29:50,model
UTR00002859,U003933,TAG07,0.8932,2026-01-04 00:50:10,rule
UTR00002860,U000486,TAG12,0.623,2025-04-11 14:29:50,model
UTR00002861,U004953,TAG01,0.6613,2025-07-30 18:42:20,rule
UTR00002862,U002583,TAG09,0.6065,2026-05-16 15:37:35,model
UTR00002863,U001233,TAG07,0.9818,2025-06-14 02:38:24,manual
UTR00002864,U003256,TAG01,0.5964,2025-09-27 07:06:27,rule
UTR00002865,U002577,TAG11,0.875,2025-10-03 18:22:03,rule
UTR00002866,U002768,TAG14,0.61,2025-04-02 18:12:43,rule
UTR00002867,U002097,TAG15,0.7587,2025-10-16 00:15:37,rule
UTR00002868,U002130,TAG04,0.9358,2026-02-19 20:42:42,rule
UTR00002869,U004225,TAG11,0.6936,2026-03-26 20:37:22,model
UTR00002870,U002768,TAG03,0.858,2025-05-17 18:23:03,model
UTR00002871,U004612,TAG14,0.8681,2026-05-18 20:17:57,rule
UTR00002872,U002530,TAG03,0.9114,2025-01-25 00:09:15,rule
UTR00002873,U004355,TAG02,0.71,2026-03-13 08:23:20,rule
UTR00002874,U001707,TAG13,0.7035,2025-05-11 10:12:24,model
UTR00002875,U004864,TAG02,0.5684,2025-03-25 15:36:25,rule
UTR00002876,U004071,TAG14,0.9896,2025-10-18 19:32:05,rule
UTR00002877,U000856,TAG04,0.7908,2026-05-01 05:15:04,rule
UTR00002878,U004908,TAG14,0.9343,2025-09-01 07:38:53,model
UTR00002879,U001023,TAG09,0.9458,2025-04-06 10:49:39,model
UTR00002880,U004552,TAG06,0.5824,2025-09-01 20:46:20,rule
UTR00002881,U000772,TAG13,0.9031,2025-02-09 08:43:39,rule
UTR00002882,U000921,TAG14,0.8857,2025-05-08 10:53:47,rule
UTR00002883,U000609,TAG07,0.8988,2025-05-04 02:08:43,rule
UTR00002884,U000124,TAG02,0.9799,2026-05-02 13:50:23,rule
UTR00002885,U004876,TAG15,0.8187,2025-06-24 19:39:01,model
UTR00002886,U003051,TAG06,0.8239,2026-07-28 23:12:22,rule
UTR00002887,U004575,TAG08,0.8633,2026-04-08 01:03:08,manual
UTR00002888,U004752,TAG12,0.8202,2026-02-23 12:15:29,model
UTR00002889,U003713,TAG06,0.9681,2025-01-19 13:38:48,rule
UTR00002890,U003639,TAG14,0.905,2026-07-05 08:30:10,rule
UTR00002891,U004906,TAG02,0.9014,2025-09-23 17:22:05,rule
UTR00002892,U002849,TAG14,0.8343,2026-07-04 02:43:04,rule
UTR00002893,U002456,TAG14,0.6792,2025-05-04 08:31:55,rule
UTR00002894,U003264,TAG11,0.7446,2026-08-20 10:05:16,rule
UTR00002895,U001528,TAG15,0.8233,2025-06-15 20:23:14,rule
UTR00002896,U002821,TAG09,0.7821,2025-04-24 08:02:25,rule
UTR00002897,U001184,TAG01,0.7181,2026-08-08 15:08:29,model
UTR00002898,U002377,TAG01,0.7257,2026-02-14 18:48:13,rule
UTR00002899,U001204,TAG07,0.9189,2025-02-15 15:56:17,rule
UTR00002900,U002099,TAG03,0.9296,2025-09-15 13:13:46,rule
UTR00002901,U002002,TAG10,0.7259,2025-03-20 09:46:53,model
UTR00002902,U002076,TAG05,0.6004,2025-11-30 17:08:04,rule
UTR00002903,U000990,TAG15,0.8314,2025-08-14 15:27:48,rule
UTR00002904,U001746,TAG10,0.9577,2026-07-17 05:02:14,rule
UTR00002905,U000705,TAG08,0.9622,2025-10-12 12:12:09,rule
UTR00002906,U001018,TAG12,0.9479,2025-02-13 08:42:07,model
UTR00002907,U002338,TAG04,0.8748,2026-03-20 17:01:20,rule
UTR00002908,U000774,TAG08,0.6819,2025-12-11 10:16:54,rule
UTR00002909,U001650,TAG05,0.6242,2025-01-23 23:47:40,model
UTR00002910,U002532,TAG09,0.5715,2026-02-26 15:44:58,rule
UTR00002911,U004317,TAG13,0.9761,2025-02-19 18:05:35,model
UTR00002912,U002737,TAG14,0.7568,2026-04-08 19:54:51,rule
UTR00002913,U004116,TAG11,0.9692,2026-08-22 11:52:47,rule
UTR00002914,U004677,TAG01,0.9871,2026-01-02 04:56:22,model
UTR00002915,U004377,TAG09,0.8065,2025-09-27 02:25:28,rule
UTR00002916,U002978,TAG02,0.7196,2026-06-07 12:43:18,manual
UTR00002917,U004650,TAG09,0.93,2025-05-12 21:47:42,rule
UTR00002918,U002450,TAG14,0.7896,2025-06-13 00:18:24,manual
UTR00002919,U003245,TAG07,0.7534,2025-03-06 04:07:34,model
UTR00002920,U002496,TAG14,0.6596,2026-05-19 01:06:29,rule
UTR00002921,U000141,TAG03,0.7521,2025-12-28 06:09:31,rule
UTR00002922,U003536,TAG02,0.8551,2025-08-06 00:43:57,rule
UTR00002923,U004216,TAG04,0.8695,2026-05-15 11:11:45,rule
UTR00002924,U003002,TAG14,0.8768,2025-10-13 16:17:43,rule
UTR00002925,U000482,TAG12,0.8244,2025-10-07 14:13:59,model
UTR00002926,U003334,TAG06,0.5908,2026-03-09 18:16:28,rule
UTR00002927,U003093,TAG12,0.5763,2026-06-20 18:47:54,model
UTR00002928,U003385,TAG16,0.763,2025-01-11 16:49:25,rule
UTR00002929,U000281,TAG01,0.9376,2025-01-15 16:33:22,rule
UTR00002930,U002766,TAG06,0.9281,2025-05-19 10:48:04,model
UTR00002931,U003680,TAG06,0.9541,2026-08-15 23:24:40,rule
UTR00002932,U000059,TAG09,0.9934,2025-11-26 20:20:53,rule
UTR00002933,U002187,TAG16,0.7839,2025-12-02 02:00:39,rule
UTR00002934,U004296,TAG02,0.6642,2026-06-25 03:19:49,rule
UTR00002935,U001889,TAG06,0.9502,2025-10-26 13:31:00,model
UTR00002936,U002680,TAG09,0.944,2025-11-20 08:54:19,rule
UTR00002937,U000131,TAG08,0.5769,2025-12-11 14:20:43,rule
UTR00002938,U001763,TAG04,0.9719,2025-08-17 16:36:22,manual
UTR00002939,U004514,TAG08,0.7464,2025-10-20 17:29:43,rule
UTR00002940,U000377,TAG01,0.7259,2025-02-19 06:55:12,model
UTR00002941,U003895,TAG07,0.6466,2025-04-18 18:20:48,rule
UTR00002942,U001605,TAG03,0.5601,2025-03-18 10:37:40,rule
UTR00002943,U002352,TAG16,0.5826,2025-12-09 05:07:42,manual
UTR00002944,U004557,TAG16,0.9443,2025-09-25 15:07:51,rule
UTR00002945,U003787,TAG06,0.7766,2026-03-02 05:38:29,rule
UTR00002946,U002793,TAG05,0.8776,2026-04-25 11:26:49,model
UTR00002947,U001379,TAG07,0.6143,2025-02-10 11:06:34,rule
UTR00002948,U002067,TAG08,0.9052,2025-07-10 19:48:33,model
UTR00002949,U001931,TAG03,0.765,2025-08-28 21:14:06,model
UTR00002950,U002299,TAG04,0.9522,2025-05-11 11:43:48,rule
UTR00002951,U003521,TAG12,0.5809,2025-02-12 06:20:34,rule
UTR00002952,U002434,TAG12,0.8659,2025-09-19 11:47:54,rule
UTR00002953,U000451,TAG09,0.6714,2025-04-14 02:56:19,model
UTR00002954,U003264,TAG03,0.9307,2025-10-17 23:43:08,rule
UTR00002955,U002625,TAG11,0.7937,2026-06-19 00:44:35,rule
UTR00002956,U002856,TAG16,0.9458,2026-04-01 08:13:14,model
UTR00002957,U001557,TAG01,0.7868,2025-04-01 02:41:39,model
UTR00002958,U003222,TAG03,0.8268,2026-07-01 12:14:44,rule
UTR00002959,U003342,TAG01,0.5516,2026-01-25 19:26:50,rule
UTR00002960,U004204,TAG02,0.8978,2025-01-06 18:09:07,rule
UTR00002961,U003712,TAG03,0.6306,2025-01-17 12:37:55,model
UTR00002962,U004760,TAG10,0.7214,2026-01-16 15:03:07,model
UTR00002963,U003392,TAG01,0.9279,2025-10-10 14:39:58,rule
UTR00002964,U000640,TAG05,0.651,2025-12-09 00:04:52,rule
UTR00002965,U002145,TAG11,0.6656,2026-07-15 01:14:03,model
UTR00002966,U003546,TAG16,0.6191,2026-04-30 02:12:09,rule
UTR00002967,U003737,TAG06,0.6136,2025-05-07 02:37:30,model
UTR00002968,U002051,TAG13,0.8969,2025-12-08 19:54:28,model
UTR00002969,U001671,TAG07,0.5621,2025-07-04 14:18:03,rule
UTR00002970,U002926,TAG11,0.9843,2025-01-26 00:56:05,model
UTR00002971,U004359,TAG12,0.6667,2025-12-28 07:03:50,rule
UTR00002972,U002251,TAG01,0.5937,2026-06-07 05:21:13,model
UTR00002973,U003459,TAG03,0.7096,2026-06-19 04:03:16,model
UTR00002974,U001471,TAG03,0.8333,2025-12-28 00:54:42,rule
UTR00002975,U002954,TAG15,0.8418,2026-06-05 09:58:43,model
UTR00002976,U002024,TAG12,0.9971,2025-06-16 08:05:22,model
UTR00002977,U004027,TAG14,0.9681,2025-11-27 01:38:32,rule
UTR00002978,U001524,TAG13,0.7422,2025-12-16 11:10:36,model
UTR00002979,U003585,TAG12,0.6976,2026-05-01 16:18:40,model
UTR00002980,U002877,TAG02,0.8598,2025-03-08 00:19:33,rule
UTR00002981,U001853,TAG15,0.6121,2026-05-04 08:50:54,rule
UTR00002982,U004854,TAG08,0.9136,2025-06-23 04:20:43,model
UTR00002983,U001412,TAG10,0.977,2026-01-12 08:36:23,manual
UTR00002984,U000914,TAG04,0.7205,2025-06-25 18:59:53,model
UTR00002985,U001249,TAG10,0.5671,2025-09-08 11:04:16,rule
UTR00002986,U003993,TAG16,0.83,2026-07-12 00:43:58,model
UTR00002987,U004159,TAG08,0.8527,2025-03-01 14:05:20,rule
UTR00002988,U001796,TAG08,0.8482,2025-08-14 01:11:53,model
UTR00002989,U001939,TAG10,0.6499,2026-01-23 23:34:24,rule
UTR00002990,U000351,TAG07,0.8955,2026-06-30 03:28:18,model
UTR00002991,U003096,TAG04,0.7378,2025-10-20 13:13:02,rule
UTR00002992,U000006,TAG05,0.6732,2025-04-08 13:27:20,model
UTR00002993,U004668,TAG14,0.9939,2026-07-18 22:37:11,rule
UTR00002994,U004592,TAG10,0.5614,2026-03-29 14:06:20,model
UTR00002995,U004716,TAG11,0.6419,2026-04-11 20:04:26,model
UTR00002996,U004305,TAG04,0.91,2025-01-07 01:23:17,model
UTR00002997,U002855,TAG06,0.8715,2025-02-07 12:30:03,rule
UTR00002998,U003623,TAG13,0.6525,2025-11-03 03:16:08,rule
UTR00002999,U002490,TAG11,0.9052,2026-03-23 19:40:46,rule
UTR00003000,U001502,TAG02,0.9057,2026-04-02 21:51:24,rule
UTR00003001,U001460,TAG15,0.8596,2026-04-06 23:22:46,rule
UTR00003002,U001749,TAG04,0.5732,2025-02-23 12:57:10,model
UTR00003003,U002663,TAG16,0.9953,2025-11-30 10:11:46,model
UTR00003004,U000160,TAG03,0.591,2025-11-26 00:30:15,rule
UTR00003005,U001313,TAG16,0.8529,2025-02-18 02:57:42,model
UTR00003006,U001140,TAG06,0.8001,2026-04-14 00:26:35,model
UTR00003007,U002560,TAG02,0.7246,2026-06-11 16:51:48,rule
UTR00003008,U002574,TAG06,0.8656,2025-04-14 01:37:54,model
UTR00003009,U001757,TAG07,0.5903,2026-07-03 02:30:49,model
UTR00003010,U002272,TAG03,0.7851,2025-06-12 23:12:34,rule
UTR00003011,U004297,TAG12,0.713,2026-05-04 06:04:10,model
UTR00003012,U002273,TAG13,0.6879,2025-11-01 13:58:14,rule
UTR00003013,U001408,TAG09,0.9895,2025-08-08 17:03:10,rule
UTR00003014,U000439,TAG08,0.6835,2026-03-25 06:51:37,model
UTR00003015,U004881,TAG06,0.8954,2025-11-06 13:40:02,rule
UTR00003016,U004813,TAG03,0.5621,2025-09-17 14:35:00,model
UTR00003017,U000591,TAG02,0.6257,2026-07-19 14:34:53,model
UTR00003018,U003716,TAG08,0.686,2026-05-25 22:25:46,model
UTR00003019,U000181,TAG13,0.6529,2026-07-13 08:14:41,rule
UTR00003020,U003468,TAG11,0.8476,2025-04-06 12:04:57,model
UTR00003021,U004850,TAG02,0.9794,2025-12-11 22:35:20,model
UTR00003022,U004995,TAG04,0.6226,2025-05-21 12:00:01,rule
UTR00003023,U002549,TAG06,0.6236,2025-09-07 17:12:01,model
UTR00003024,U003529,TAG07,0.7369,2025-01-28 17:20:27,model
UTR00003025,U002866,TAG01,0.6103,2025-05-24 22:44:15,model
UTR00003026,U000653,TAG05,0.6406,2025-01-10 20:02:39,rule
UTR00003027,U000353,TAG13,0.6903,2026-07-21 10:31:22,rule
UTR00003028,U004296,TAG01,0.6189,2026-06-25 17:21:32,rule
UTR00003029,U000225,TAG08,0.9218,2025-05-27 12:12:44,rule
UTR00003030,U000475,TAG11,0.6158,2025-04-27 06:16:48,model
UTR00003031,U002307,TAG08,0.6971,2025-03-18 20:19:02,rule
UTR00003032,U002085,TAG02,0.5557,2025-11-13 02:52:40,model
UTR00003033,U000386,TAG11,0.7567,2026-07-07 20:38:04,model
UTR00003034,U002585,TAG05,0.6315,2025-02-25 07:42:34,rule
UTR00003035,U004099,TAG08,0.8873,2026-04-24 20:57:37,rule
UTR00003036,U000728,TAG05,0.6032,2025-09-26 21:41:48,model
UTR00003037,U004780,TAG03,0.5812,2026-03-08 17:46:09,rule
UTR00003038,U003955,TAG02,0.9746,2026-04-09 09:18:30,model
UTR00003039,U004317,TAG05,0.9864,2025-08-19 11:31:20,rule
UTR00003040,U002240,TAG14,0.7801,2026-02-16 03:42:15,model
UTR00003041,U002021,TAG05,0.927,2025-12-21 22:13:36,rule
UTR00003042,U004740,TAG15,0.6026,2025-07-29 17:59:10,rule
UTR00003043,U004136,TAG04,0.8809,2026-07-13 11:11:49,model
UTR00003044,U004375,TAG14,0.6017,2026-01-13 04:07:37,rule
UTR00003045,U003609,TAG04,0.973,2026-07-18 07:32:05,rule
UTR00003046,U001501,TAG02,0.7587,2026-05-29 08:56:51,rule
UTR00003047,U001944,TAG10,0.6649,2025-08-19 15:06:12,rule
UTR00003048,U004964,TAG09,0.8182,2025-10-06 14:36:26,rule
UTR00003049,U002127,TAG01,0.9684,2025-06-19 03:23:24,rule
UTR00003050,U004702,TAG04,0.6093,2025-11-18 04:02:54,model
UTR00003051,U004008,TAG16,0.8939,2025-08-21 17:25:33,rule
UTR00003052,U004057,TAG03,0.6218,2026-05-15 06:17:39,manual
UTR00003053,U002670,TAG09,0.7674,2025-03-28 23:52:59,model
UTR00003054,U000909,TAG12,0.8144,2026-02-09 18:02:54,rule
UTR00003055,U000113,TAG15,0.9797,2026-01-18 15:00:51,model
UTR00003056,U000218,TAG14,0.8331,2026-06-28 18:45:54,rule
UTR00003057,U000024,TAG15,0.5623,2026-07-31 07:13:15,rule
UTR00003058,U002662,TAG07,0.9851,2026-05-29 04:54:40,rule
UTR00003059,U003819,TAG16,0.888,2026-07-17 22:01:30,rule
UTR00003060,U002842,TAG05,0.6124,2025-11-10 07:44:05,rule
UTR00003061,U004130,TAG04,0.7505,2025-02-05 16:13:13,rule
UTR00003062,U004562,TAG14,0.7677,2025-11-10 18:16:42,rule
UTR00003063,U000153,TAG06,0.5806,2026-05-05 15:14:36,model
UTR00003064,U004270,TAG09,0.8254,2025-12-02 20:51:47,model
UTR00003065,U002400,TAG14,0.8824,2026-03-02 03:28:26,rule
UTR00003066,U004164,TAG03,0.6765,2026-02-14 05:05:45,rule
UTR00003067,U000315,TAG06,0.7463,2025-09-16 04:06:37,model
UTR00003068,U000493,TAG10,0.8417,2025-06-14 15:06:15,rule
UTR00003069,U001227,TAG01,0.6609,2026-06-02 23:51:01,model
UTR00003070,U000225,TAG08,0.9499,2025-01-31 09:04:39,rule
UTR00003071,U003371,TAG03,0.923,2026-05-24 11:30:26,rule
UTR00003072,U000877,TAG04,0.9655,2026-04-08 23:40:57,rule
UTR00003073,U004924,TAG12,0.6963,2026-05-06 05:28:22,rule
UTR00003074,U002275,TAG12,0.983,2026-06-03 17:06:51,rule
UTR00003075,U003953,TAG04,0.7782,2025-02-06 14:31:15,rule
UTR00003076,U002339,TAG06,0.7425,2025-05-17 23:40:58,rule
UTR00003077,U001041,TAG16,0.7722,2026-02-06 17:38:52,model
UTR00003078,U000529,TAG13,0.6621,2025-05-18 21:13:49,rule
UTR00003079,U003828,TAG05,0.6946,2025-06-20 15:35:13,rule
UTR00003080,U000727,TAG01,0.6543,2026-08-07 13:59:32,model
UTR00003081,U001584,TAG14,0.9043,2026-02-04 07:23:50,model
UTR00003082,U004987,TAG06,0.8826,2026-04-04 05:51:03,model
UTR00003083,U004635,TAG07,0.8213,2025-12-15 13:12:52,model
UTR00003084,U003633,TAG05,0.9449,2025-12-22 23:57:22,rule
UTR00003085,U003225,TAG06,0.7091,2026-03-31 05:09:41,rule
UTR00003086,U002601,TAG07,0.7226,2025-01-23 09:22:03,rule
UTR00003087,U004507,TAG07,0.8781,2025-11-19 08:12:31,rule
UTR00003088,U001744,TAG07,0.5847,2026-07-20 23:17:45,rule
UTR00003089,U001805,TAG12,0.7377,2026-02-03 04:51:35,model
UTR00003090,U000535,TAG02,0.6551,2025-07-11 10:46:58,rule
UTR00003091,U004342,TAG15,0.6313,2026-01-10 02:10:54,model
UTR00003092,U002714,TAG16,0.7552,2026-03-29 11:06:47,rule
UTR00003093,U002102,TAG15,0.7446,2025-01-03 11:41:35,rule
UTR00003094,U003223,TAG14,0.5655,2025-05-08 13:59:39,rule
UTR00003095,U003763,TAG04,0.7863,2025-09-01 19:42:16,model
UTR00003096,U001911,TAG16,0.922,2026-02-28 01:54:49,rule
UTR00003097,U003392,TAG15,0.6002,2025-12-28 19:49:34,model
UTR00003098,U001323,TAG06,0.5955,2026-06-20 05:42:59,rule
UTR00003099,U000508,TAG12,0.774,2026-01-29 00:15:41,rule
UTR00003100,U004533,TAG12,0.7272,2025-04-17 15:56:46,model
UTR00003101,U002059,TAG08,0.8452,2026-01-16 00:05:07,manual
UTR00003102,U004117,TAG16,0.6265,2026-06-18 21:40:00,rule
UTR00003103,U000639,TAG12,0.995,2025-11-22 23:34:43,rule
UTR00003104,U003900,TAG06,0.6929,2025-05-28 08:56:53,rule
UTR00003105,U001708,TAG03,0.7335,2025-03-23 05:33:34,model
UTR00003106,U002276,TAG16,0.6085,2026-03-19 07:23:05,rule
UTR00003107,U001263,TAG12,0.9047,2025-11-07 13:44:06,model
UTR00003108,U000329,TAG05,0.8482,2026-01-30 18:12:19,rule
UTR00003109,U003843,TAG07,0.826,2025-09-02 07:27:03,rule
UTR00003110,U001026,TAG13,0.9324,2025-01-06 13:53:21,model
UTR00003111,U002472,TAG03,0.5591,2025-12-14 13:40:06,model
UTR00003112,U002267,TAG06,0.9496,2025-02-11 16:33:35,model
UTR00003113,U000412,TAG10,0.6224,2025-02-05 09:55:28,model
UTR00003114,U000445,TAG08,0.8443,2025-11-17 09:21:15,rule
UTR00003115,U002951,TAG10,0.8103,2025-11-02 23:50:40,rule
UTR00003116,U002329,TAG09,0.5934,2026-05-05 11:49:26,rule
UTR00003117,U001502,TAG13,0.6062,2025-02-01 20:45:52,rule
UTR00003118,U004445,TAG11,0.5645,2026-03-19 01:21:40,rule
UTR00003119,U002691,TAG03,0.8412,2026-05-03 20:33:11,rule
UTR00003120,U002038,TAG16,0.9974,2025-08-28 09:32:45,model
UTR00003121,U003657,TAG10,0.9859,2025-10-11 14:09:55,rule
UTR00003122,U003551,TAG14,0.9187,2026-07-25 04:17:24,rule
UTR00003123,U000207,TAG10,0.6157,2026-03-06 02:00:20,rule
UTR00003124,U000990,TAG15,0.5569,2026-04-21 08:04:03,rule
UTR00003125,U002895,TAG04,0.9854,2025-10-14 22:26:58,rule
UTR00003126,U001732,TAG11,0.5945,2025-09-29 17:57:37,model
UTR00003127,U004941,TAG09,0.8951,2026-06-04 22:44:46,rule
UTR00003128,U003481,TAG16,0.6384,2025-09-15 03:23:21,model
UTR00003129,U003870,TAG01,0.5554,2025-05-08 00:15:56,model
UTR00003130,U002196,TAG09,0.745,2025-07-07 02:04:10,model
UTR00003131,U003633,TAG16,0.9809,2025-01-28 12:29:41,model
UTR00003132,U000839,TAG02,0.9442,2026-05-06 21:47:12,model
UTR00003133,U002022,TAG11,0.7917,2025-09-21 13:08:05,model
UTR00003134,U004437,TAG10,0.563,2026-05-12 16:44:29,model
UTR00003135,U003370,TAG05,0.837,2025-10-12 00:55:43,manual
UTR00003136,U002262,TAG13,0.8595,2025-12-15 18:15:13,rule
UTR00003137,U000443,TAG07,0.8048,2025-11-21 02:09:42,rule
UTR00003138,U003802,TAG08,0.5911,2025-10-14 11:51:06,model
UTR00003139,U000104,TAG15,0.6747,2025-10-23 21:35:18,model
UTR00003140,U003982,TAG14,0.7237,2026-04-25 23:26:53,model
UTR00003141,U000727,TAG14,0.9731,2025-03-21 02:41:44,rule
UTR00003142,U002198,TAG07,0.6927,2026-03-25 19:22:43,rule
UTR00003143,U002660,TAG13,0.9526,2026-05-16 11:48:22,rule
UTR00003144,U004020,TAG05,0.7264,2026-03-24 20:36:43,rule
UTR00003145,U001966,TAG14,0.5812,2026-01-29 09:47:06,rule
UTR00003146,U000671,TAG16,0.7664,2025-01-04 21:13:56,rule
UTR00003147,U001375,TAG10,0.8578,2025-10-07 04:25:07,rule
UTR00003148,U001060,TAG01,0.9623,2025-03-14 01:00:34,rule
UTR00003149,U004884,TAG04,0.6892,2026-04-20 16:19:26,model
UTR00003150,U003898,TAG09,0.6288,2026-05-27 21:26:26,rule
UTR00003151,U004189,TAG11,0.9406,2026-08-03 05:12:21,model
UTR00003152,U002346,TAG04,0.6949,2025-03-30 07:21:54,rule
UTR00003153,U003018,TAG01,0.5517,2025-09-10 20:09:13,model
UTR00003154,U002934,TAG12,0.8698,2026-06-14 11:25:37,model
UTR00003155,U000045,TAG12,0.8107,2026-05-01 14:43:10,rule
UTR00003156,U002270,TAG13,0.8915,2026-07-24 12:50:05,rule
UTR00003157,U002677,TAG13,0.8589,2025-05-11 19:59:00,rule
UTR00003158,U000882,TAG06,0.8977,2025-10-30 01:12:18,model
UTR00003159,U004460,TAG05,0.9734,2025-09-25 09:25:13,rule
UTR00003160,U002628,TAG14,0.8234,2026-03-21 20:30:03,model
UTR00003161,U003837,TAG07,0.7338,2026-07-02 02:33:29,rule
UTR00003162,U001779,TAG10,0.8461,2025-01-26 13:09:35,rule
UTR00003163,U001993,TAG15,0.9809,2025-10-13 22:15:18,rule
UTR00003164,U003877,TAG06,0.9377,2026-08-05 11:52:44,model
UTR00003165,U001260,TAG05,0.6714,2025-06-04 15:05:58,model
UTR00003166,U002614,TAG12,0.955,2025-07-25 03:12:08,rule
UTR00003167,U001845,TAG13,0.8121,2026-03-04 07:33:52,rule
UTR00003168,U004229,TAG11,0.7928,2025-03-27 10:25:27,rule
UTR00003169,U003030,TAG13,0.7484,2025-07-29 13:55:10,model
UTR00003170,U000266,TAG13,0.7761,2025-07-03 15:41:56,rule
UTR00003171,U003799,TAG02,0.6358,2026-07-28 04:22:19,rule
UTR00003172,U001385,TAG04,0.9814,2025-09-14 23:20:41,model
UTR00003173,U004851,TAG12,0.7866,2025-08-02 00:54:40,rule
UTR00003174,U003333,TAG10,0.6489,2025-08-10 09:39:55,rule
UTR00003175,U004873,TAG13,0.7473,2026-02-23 23:15:51,model
UTR00003176,U002732,TAG16,0.8179,2026-04-03 18:54:22,rule
UTR00003177,U003446,TAG12,0.6178,2026-08-05 05:55:36,rule
UTR00003178,U001493,TAG14,0.917,2026-01-01 00:07:53,rule
UTR00003179,U000333,TAG14,0.6043,2026-08-12 11:42:39,model
UTR00003180,U004395,TAG04,0.6981,2026-05-02 04:42:50,rule
UTR00003181,U000664,TAG02,0.6092,2025-04-14 05:55:17,model
UTR00003182,U001450,TAG14,0.6478,2025-06-16 22:24:14,model
UTR00003183,U000039,TAG04,0.6302,2025-07-20 00:19:35,model
UTR00003184,U000930,TAG06,0.7764,2026-04-05 09:34:18,rule
UTR00003185,U004845,TAG12,0.7932,2025-10-24 01:10:19,model
UTR00003186,U004457,TAG11,0.6,2025-12-29 22:41:32,rule
UTR00003187,U000935,TAG01,0.8191,2025-06-06 11:00:55,model
UTR00003188,U004159,TAG04,0.8556,2025-01-03 06:47:48,rule
UTR00003189,U001010,TAG12,0.8346,2025-12-03 17:14:18,rule
UTR00003190,U001155,TAG13,0.9878,2026-03-16 19:19:26,model
UTR00003191,U000936,TAG02,0.884,2025-11-04 13:10:34,model
UTR00003192,U000352,TAG15,0.6219,2026-05-16 10:33:37,model
UTR00003193,U000414,TAG09,0.86,2025-03-03 21:26:07,model
UTR00003194,U002648,TAG13,0.5764,2025-07-07 18:40:20,model
UTR00003195,U001681,TAG04,0.7888,2025-08-29 09:45:10,rule
UTR00003196,U002365,TAG07,0.7919,2026-02-27 05:47:40,model
UTR00003197,U002952,TAG14,0.9716,2025-12-17 11:57:46,rule
UTR00003198,U002442,TAG04,0.9583,2025-12-30 05:45:01,rule
UTR00003199,U001817,TAG11,0.9532,2025-07-26 14:22:33,model
UTR00003200,U001708,TAG07,0.6078,2025-01-29 02:16:29,model
UTR00003201,U001300,TAG04,0.9064,2025-02-26 01:31:44,rule
UTR00003202,U003338,TAG12,0.5941,2025-04-07 06:47:36,rule
UTR00003203,U001799,TAG05,0.6897,2025-03-11 10:45:31,rule
UTR00003204,U001530,TAG09,0.6132,2026-04-03 21:57:44,model
UTR00003205,U003909,TAG09,0.7361,2026-04-10 23:55:13,manual
UTR00003206,U001985,TAG01,0.6355,2025-12-13 13:00:25,rule
UTR00003207,U004915,TAG04,0.9206,2026-02-06 10:28:07,rule
UTR00003208,U004114,TAG08,0.985,2025-06-21 10:22:18,model
UTR00003209,U001570,TAG02,0.9261,2025-06-20 05:49:21,model
UTR00003210,U002530,TAG04,0.9067,2025-06-18 03:18:48,model
UTR00003211,U001535,TAG06,0.6378,2026-03-09 08:58:34,rule
UTR00003212,U004247,TAG12,0.7352,2025-02-20 12:57:21,rule
UTR00003213,U001595,TAG08,0.7656,2026-03-01 08:28:58,rule
UTR00003214,U001175,TAG09,0.7852,2025-02-19 12:42:48,rule
UTR00003215,U003654,TAG10,0.7295,2025-07-22 22:35:42,model
UTR00003216,U000698,TAG04,0.7661,2025-09-21 19:25:45,rule
UTR00003217,U003181,TAG01,0.962,2025-11-21 08:39:55,rule
UTR00003218,U000739,TAG04,0.6772,2026-03-09 06:31:32,model
UTR00003219,U000555,TAG03,0.7572,2026-07-05 16:58:56,model
UTR00003220,U000137,TAG10,0.9188,2026-04-25 02:45:58,rule
UTR00003221,U002670,TAG16,0.924,2025-05-01 20:46:37,model
UTR00003222,U000335,TAG05,0.8889,2025-12-16 19:01:28,rule
UTR00003223,U001984,TAG14,0.8417,2025-02-15 05:10:08,model
UTR00003224,U000125,TAG11,0.9334,2025-01-22 15:59:33,model
UTR00003225,U002404,TAG09,0.6166,2025-03-04 16:23:52,rule
UTR00003226,U002949,TAG01,0.8983,2025-08-24 01:15:03,model
UTR00003227,U003316,TAG10,0.7979,2026-08-19 19:09:21,model
UTR00003228,U001854,TAG13,0.8076,2026-05-14 01:58:29,rule
UTR00003229,U000897,TAG13,0.57,2026-07-16 23:36:56,rule
UTR00003230,U000456,TAG04,0.8262,2026-04-23 08:39:10,rule
UTR00003231,U002384,TAG08,0.9972,2026-03-29 14:16:05,rule
UTR00003232,U003788,TAG10,0.7628,2025-04-15 06:37:54,rule
UTR00003233,U001794,TAG02,0.8867,2026-06-04 02:56:37,model
UTR00003234,U003565,TAG09,0.7037,2026-06-25 18:49:42,rule
UTR00003235,U003830,TAG14,0.5563,2025-09-12 02:44:18,rule
UTR00003236,U000397,TAG01,0.8919,2026-04-15 20:41:18,model
UTR00003237,U001797,TAG12,0.7337,2025-09-12 10:07:15,rule
UTR00003238,U003816,TAG16,0.885,2025-12-31 14:10:04,model
UTR00003239,U003664,TAG07,0.7403,2025-09-24 03:11:05,model
UTR00003240,U003714,TAG14,0.8809,2025-12-03 08:38:01,model
UTR00003241,U002611,TAG03,0.7264,2026-04-01 06:43:02,rule
UTR00003242,U004521,TAG03,0.6981,2026-02-22 00:36:39,model
UTR00003243,U003082,TAG01,0.974,2025-05-25 08:55:04,model
UTR00003244,U000312,TAG14,0.9069,2026-03-11 01:58:49,rule
UTR00003245,U001137,TAG13,0.594,2026-04-13 19:01:52,rule
UTR00003246,U003939,TAG08,0.6622,2025-11-24 03:05:20,model
UTR00003247,U003642,TAG03,0.5889,2026-05-24 06:55:29,rule
UTR00003248,U002013,TAG09,0.797,2026-04-25 13:38:09,rule
UTR00003249,U004324,TAG08,0.6258,2025-03-03 15:35:02,model
UTR00003250,U001641,TAG06,0.8632,2026-07-19 03:31:31,model
UTR00003251,U002691,TAG01,0.5897,2026-02-26 04:55:06,model
UTR00003252,U004967,TAG04,0.8677,2026-05-30 12:03:45,rule
UTR00003253,U003826,TAG12,0.8357,2025-09-02 01:00:02,rule
UTR00003254,U003646,TAG12,0.6242,2026-08-06 08:37:07,rule
UTR00003255,U000475,TAG02,0.8553,2025-02-17 21:49:29,model
UTR00003256,U003731,TAG14,0.983,2025-07-08 14:45:54,rule
UTR00003257,U004955,TAG10,0.8887,2025-06-01 08:58:59,rule
UTR00003258,U000550,TAG02,0.7634,2025-12-14 04:03:07,rule
UTR00003259,U002218,TAG14,0.6179,2025-06-28 09:50:32,rule
UTR00003260,U003589,TAG09,0.8898,2025-09-26 10:10:14,model
UTR00003261,U004391,TAG02,0.6469,2025-12-26 18:42:41,model
UTR00003262,U004956,TAG10,0.5906,2025-11-02 03:33:45,model
UTR00003263,U003478,TAG03,0.7418,2026-03-18 08:34:57,manual
UTR00003264,U002162,TAG10,0.7146,2025-07-20 18:35:06,rule
UTR00003265,U000858,TAG15,0.9858,2025-01-18 20:10:46,rule
UTR00003266,U000275,TAG03,0.7561,2026-03-06 21:05:37,rule
UTR00003267,U004284,TAG01,0.6743,2026-02-15 02:53:46,model
UTR00003268,U002411,TAG07,0.8762,2025-05-14 19:18:31,rule
UTR00003269,U001288,TAG10,0.7997,2026-04-01 07:40:39,rule
UTR00003270,U004150,TAG12,0.6878,2025-01-22 12:54:00,model
UTR00003271,U003183,TAG14,0.6528,2025-05-16 01:06:35,rule
UTR00003272,U004803,TAG04,0.6644,2026-02-22 19:18:12,model
UTR00003273,U003828,TAG10,0.8418,2025-11-06 09:45:25,rule
UTR00003274,U000422,TAG01,0.8877,2025-07-28 08:05:24,rule
UTR00003275,U001742,TAG05,0.9528,2025-06-13 10:13:55,rule
UTR00003276,U004519,TAG04,0.7589,2026-08-12 14:18:35,rule
UTR00003277,U001551,TAG03,0.8985,2025-07-04 01:14:19,rule
UTR00003278,U000737,TAG02,0.8082,2025-06-08 03:59:29,model
UTR00003279,U004341,TAG16,0.9898,2025-09-21 02:36:30,model
UTR00003280,U003449,TAG05,0.9953,2025-04-28 10:25:35,model
UTR00003281,U004520,TAG15,0.9432,2025-04-17 22:54:27,manual
UTR00003282,U000988,TAG07,0.9136,2026-08-12 06:37:48,rule
UTR00003283,U003772,TAG08,0.8073,2025-04-30 13:44:43,rule
UTR00003284,U002672,TAG02,0.6868,2025-01-30 03:19:15,model
UTR00003285,U000202,TAG11,0.6607,2025-05-28 23:54:46,rule
UTR00003286,U002686,TAG07,0.5545,2026-07-31 10:58:08,rule
UTR00003287,U004314,TAG02,0.6405,2025-01-17 07:31:49,model
UTR00003288,U004543,TAG16,0.9796,2026-05-17 05:22:46,rule
UTR00003289,U002726,TAG11,0.9744,2025-11-16 00:11:17,rule
UTR00003290,U004268,TAG06,0.8278,2026-03-02 19:15:37,manual
UTR00003291,U004691,TAG10,0.9145,2026-07-17 17:46:28,rule
UTR00003292,U000422,TAG05,0.5844,2026-01-07 19:21:10,rule
UTR00003293,U003177,TAG10,0.9431,2025-09-03 17:50:02,model
UTR00003294,U003480,TAG02,0.6109,2026-05-01 18:16:09,rule
UTR00003295,U001524,TAG14,0.6271,2026-07-03 21:01:40,model
UTR00003296,U001475,TAG05,0.8382,2026-08-15 11:26:58,rule
UTR00003297,U002051,TAG14,0.9453,2025-12-07 08:22:25,rule
UTR00003298,U000886,TAG07,0.6514,2025-09-15 15:30:03,model
UTR00003299,U003523,TAG15,0.7566,2026-02-25 08:13:50,rule
UTR00003300,U003371,TAG10,0.7385,2025-08-21 19:42:34,rule
UTR00003301,U004673,TAG15,0.5923,2025-06-13 12:00:46,rule
UTR00003302,U000908,TAG12,0.7339,2026-02-24 16:47:43,rule
UTR00003303,U003265,TAG15,0.88,2025-06-10 17:50:02,rule
UTR00003304,U004070,TAG15,0.7142,2025-12-31 04:45:08,rule
UTR00003305,U003399,TAG09,0.71,2025-03-19 02:47:54,rule
UTR00003306,U003854,TAG10,0.6736,2025-09-03 23:48:23,model
UTR00003307,U004939,TAG14,0.9167,2026-06-29 02:34:50,manual
UTR00003308,U003814,TAG01,0.6249,2026-06-21 16:56:13,rule
UTR00003309,U004810,TAG09,0.6969,2025-12-08 03:51:00,model
UTR00003310,U003439,TAG16,0.9905,2026-08-06 22:15:05,rule
UTR00003311,U003810,TAG01,0.7268,2025-11-17 20:28:11,model
UTR00003312,U003896,TAG13,0.7556,2025-09-03 14:01:20,rule
UTR00003313,U000193,TAG10,0.919,2026-08-01 01:49:08,rule
UTR00003314,U004302,TAG10,0.7026,2025-01-09 04:22:58,rule
UTR00003315,U000218,TAG02,0.6014,2026-04-02 04:48:34,rule
UTR00003316,U004024,TAG16,0.7195,2025-04-18 09:02:57,rule
UTR00003317,U004847,TAG11,0.744,2026-02-21 21:41:07,rule
UTR00003318,U004067,TAG05,0.6922,2025-11-07 01:02:03,rule
UTR00003319,U002970,TAG14,0.8021,2025-11-23 08:11:43,model
UTR00003320,U002928,TAG11,0.7974,2026-02-19 03:49:37,rule
UTR00003321,U002130,TAG14,0.7626,2026-06-14 16:20:25,model
UTR00003322,U002981,TAG11,0.9293,2026-06-13 04:51:48,rule
UTR00003323,U000833,TAG09,0.7132,2026-03-02 06:37:32,model
UTR00003324,U002181,TAG05,0.7442,2025-03-18 04:24:33,model
UTR00003325,U001254,TAG10,0.9077,2025-10-15 06:34:41,rule
UTR00003326,U000498,TAG02,0.9469,2026-04-12 13:49:00,rule
UTR00003327,U001459,TAG13,0.6658,2025-06-22 11:34:46,model
UTR00003328,U003048,TAG06,0.9257,2025-07-18 06:27:24,model
UTR00003329,U000289,TAG15,0.6447,2026-03-25 11:30:30,model
UTR00003330,U000698,TAG08,0.8895,2026-06-28 14:43:18,rule
UTR00003331,U004126,TAG06,0.8563,2026-05-01 22:47:39,model
UTR00003332,U000048,TAG03,0.8907,2025-04-16 15:32:31,rule
UTR00003333,U002674,TAG15,0.5774,2025-05-13 13:11:43,model
UTR00003334,U003730,TAG14,0.8907,2026-08-15 20:02:53,model
UTR00003335,U003964,TAG08,0.6816,2026-03-18 21:54:10,rule
UTR00003336,U001730,TAG09,0.9442,2025-04-04 02:36:24,rule
UTR00003337,U002862,TAG09,0.9835,2025-05-13 18:24:33,rule
UTR00003338,U000600,TAG13,0.8744,2025-03-26 18:03:34,rule
UTR00003339,U004180,TAG02,0.7653,2025-09-09 16:50:44,rule
UTR00003340,U004940,TAG16,0.863,2025-03-17 21:29:20,rule
UTR00003341,U002301,TAG12,0.779,2025-11-25 13:34:32,rule
UTR00003342,U000147,TAG15,0.9349,2025-08-13 22:42:46,rule
UTR00003343,U004375,TAG08,0.6262,2026-05-18 23:51:34,model
UTR00003344,U003352,TAG04,0.9363,2026-08-21 18:04:01,rule
UTR00003345,U002555,TAG08,0.6075,2026-05-21 13:26:40,rule
UTR00003346,U004004,TAG08,0.6836,2025-03-04 08:45:22,model
UTR00003347,U002830,TAG10,0.558,2026-01-14 06:02:07,rule
UTR00003348,U000585,TAG16,0.7474,2025-10-01 12:03:57,rule
UTR00003349,U004731,TAG14,0.8183,2025-07-06 10:30:16,rule
UTR00003350,U000755,TAG10,0.756,2026-08-20 16:52:54,rule
UTR00003351,U003541,TAG15,0.8983,2026-02-27 16:05:32,manual
UTR00003352,U004902,TAG01,0.7561,2025-09-21 17:56:45,rule
UTR00003353,U004565,TAG02,0.5947,2025-03-24 11:02:08,model
UTR00003354,U001254,TAG14,0.7425,2025-11-07 16:41:27,rule
UTR00003355,U004052,TAG08,0.6422,2026-02-01 18:55:29,manual
UTR00003356,U002422,TAG13,0.908,2025-03-12 00:08:50,rule
UTR00003357,U002758,TAG12,0.8621,2025-04-25 16:52:27,rule
UTR00003358,U004559,TAG12,0.92,2025-03-05 07:30:28,rule
UTR00003359,U000775,TAG14,0.9543,2026-05-10 05:08:53,rule
UTR00003360,U004808,TAG11,0.5821,2026-07-01 06:07:41,rule
UTR00003361,U002523,TAG16,0.9571,2026-07-22 09:17:44,manual
UTR00003362,U002824,TAG07,0.6186,2025-04-13 14:24:30,manual
UTR00003363,U004352,TAG13,0.7399,2026-03-14 17:54:48,model
UTR00003364,U003558,TAG03,0.6273,2025-01-09 07:36:47,rule
UTR00003365,U001007,TAG03,0.7103,2025-04-09 01:42:49,model
UTR00003366,U001562,TAG10,0.8589,2026-07-03 22:37:55,model
UTR00003367,U000368,TAG09,0.6312,2025-02-04 09:26:30,rule
UTR00003368,U003355,TAG08,0.8131,2025-01-12 04:48:27,model
UTR00003369,U001381,TAG12,0.8653,2025-09-23 20:05:54,model
UTR00003370,U004940,TAG15,0.8134,2025-08-30 01:56:26,model
UTR00003371,U003910,TAG03,0.869,2025-08-18 07:38:10,rule
UTR00003372,U000936,TAG11,0.5957,2025-02-04 08:06:59,model
UTR00003373,U001400,TAG08,0.831,2025-08-10 07:18:07,rule
UTR00003374,U004334,TAG13,0.7022,2026-05-16 00:35:46,rule
UTR00003375,U001297,TAG03,0.8414,2025-04-01 04:41:50,model
UTR00003376,U004877,TAG03,0.7502,2025-10-20 00:51:31,model
UTR00003377,U001676,TAG10,0.6262,2025-05-05 10:00:26,rule
UTR00003378,U002974,TAG10,0.6296,2025-04-17 02:38:07,model
UTR00003379,U004042,TAG08,0.8708,2026-01-26 03:16:04,rule
UTR00003380,U003318,TAG06,0.9246,2026-05-03 15:52:20,rule
UTR00003381,U004444,TAG15,0.8099,2025-01-29 08:13:45,rule
UTR00003382,U000721,TAG11,0.6828,2025-03-08 23:04:31,rule
UTR00003383,U000413,TAG11,0.5856,2026-05-17 06:47:14,rule
UTR00003384,U003855,TAG01,0.6102,2026-02-11 11:34:36,model
UTR00003385,U002489,TAG03,0.963,2025-06-30 20:49:57,model
UTR00003386,U000539,TAG08,0.6055,2025-05-23 05:06:56,rule
UTR00003387,U000666,TAG05,0.6223,2025-02-03 15:43:40,rule
UTR00003388,U004523,TAG11,0.7315,2025-08-05 21:41:26,rule
UTR00003389,U004601,TAG16,0.9681,2026-02-13 13:33:38,rule
UTR00003390,U001289,TAG05,0.9498,2025-01-24 03:19:08,rule
UTR00003391,U000129,TAG16,0.7682,2026-05-25 02:17:15,model
UTR00003392,U001490,TAG02,0.5771,2025-01-16 17:55:00,rule
UTR00003393,U003523,TAG04,0.8131,2026-03-23 19:57:29,rule
UTR00003394,U002440,TAG16,0.9671,2025-06-16 10:59:30,rule
UTR00003395,U002472,TAG14,0.8033,2025-09-30 23:47:20,rule
UTR00003396,U000015,TAG04,0.9959,2025-09-19 17:12:39,model
UTR00003397,U001395,TAG14,0.8849,2025-08-29 05:58:41,rule
UTR00003398,U000098,TAG12,0.6398,2025-11-10 22:56:03,model
UTR00003399,U004078,TAG16,0.9244,2025-02-10 08:14:05,rule
UTR00003400,U003167,TAG07,0.9206,2026-04-11 11:49:05,rule
UTR00003401,U000279,TAG09,0.5768,2025-02-23 11:04:59,rule
UTR00003402,U000771,TAG10,0.7701,2026-07-23 09:17:43,rule
UTR00003403,U000252,TAG13,0.7186,2026-07-03 18:40:32,model
UTR00003404,U000937,TAG08,0.6548,2025-10-17 19:56:45,rule
UTR00003405,U000411,TAG13,0.7136,2026-05-30 12:10:39,rule
UTR00003406,U004262,TAG12,0.7844,2025-10-01 03:33:22,rule
UTR00003407,U003164,TAG16,0.723,2025-07-31 13:16:08,model
UTR00003408,U004379,TAG06,0.5846,2025-04-11 02:45:46,rule
UTR00003409,U004099,TAG02,0.9563,2026-05-02 12:34:30,model
UTR00003410,U003081,TAG02,0.5551,2025-01-18 16:52:59,rule
UTR00003411,U004062,TAG09,0.8001,2025-08-08 23:50:08,rule
UTR00003412,U000265,TAG06,0.581,2025-06-27 14:04:05,model
UTR00003413,U003045,TAG11,0.6931,2025-06-06 05:42:36,model
UTR00003414,U001419,TAG01,0.7017,2026-01-04 07:30:15,model
UTR00003415,U000823,TAG12,0.6369,2026-02-03 04:49:38,manual
UTR00003416,U004547,TAG10,0.7713,2026-03-22 23:40:34,rule
UTR00003417,U002608,TAG05,0.7557,2026-03-23 16:29:19,rule
UTR00003418,U000132,TAG03,0.6431,2025-03-04 00:01:00,model
UTR00003419,U001145,TAG05,0.8757,2025-03-28 22:50:30,rule
UTR00003420,U000878,TAG03,0.8893,2025-02-12 19:07:28,model
UTR00003421,U004356,TAG10,0.5905,2025-02-22 21:28:16,rule
UTR00003422,U002494,TAG04,0.593,2025-04-14 13:21:24,model
UTR00003423,U002620,TAG08,0.8423,2025-12-09 19:54:03,rule
UTR00003424,U004693,TAG04,0.8231,2025-01-26 13:05:37,model
UTR00003425,U000666,TAG12,0.9625,2025-05-07 03:56:42,model
UTR00003426,U004291,TAG12,0.6084,2026-03-09 01:11:11,model
UTR00003427,U001035,TAG05,0.9964,2025-02-06 16:52:06,model
UTR00003428,U000305,TAG07,0.6533,2025-07-16 13:15:24,model
UTR00003429,U003693,TAG02,0.8815,2026-04-14 20:41:46,rule
UTR00003430,U004867,TAG06,0.5616,2025-05-23 03:27:10,model
UTR00003431,U000958,TAG07,0.9524,2025-04-26 01:55:57,model
UTR00003432,U004340,TAG16,0.9226,2025-07-18 06:27:57,model
UTR00003433,U003536,TAG15,0.859,2025-12-18 15:12:33,rule
UTR00003434,U004170,TAG10,0.6551,2025-03-31 02:00:14,rule
UTR00003435,U004602,TAG15,0.9502,2025-04-12 17:12:29,model
UTR00003436,U003407,TAG16,0.9422,2026-05-30 12:34:39,model
UTR00003437,U001579,TAG06,0.9838,2026-02-08 15:57:36,model
UTR00003438,U001989,TAG08,0.7351,2026-01-17 13:01:12,rule
UTR00003439,U003705,TAG01,0.8633,2025-01-21 04:38:51,rule
UTR00003440,U002720,TAG12,0.6538,2025-12-30 06:26:00,model
UTR00003441,U004443,TAG07,0.7051,2025-09-11 13:42:15,model
UTR00003442,U003378,TAG09,0.8065,2025-07-17 01:39:29,model
UTR00003443,U003046,TAG13,0.9796,2025-08-23 05:09:08,rule
UTR00003444,U002032,TAG01,0.5702,2026-04-17 13:57:50,model
UTR00003445,U003037,TAG07,0.6288,2025-12-11 23:10:04,rule
UTR00003446,U002679,TAG16,0.7278,2026-03-28 01:05:43,rule
UTR00003447,U000822,TAG02,0.9947,2026-08-21 19:05:23,rule
UTR00003448,U000594,TAG16,0.6262,2025-12-07 11:36:44,rule
UTR00003449,U000816,TAG01,0.756,2025-02-26 23:42:52,model
UTR00003450,U004836,TAG15,0.7834,2025-08-24 12:54:17,model
UTR00003451,U004085,TAG08,0.7086,2025-03-03 12:55:19,rule
UTR00003452,U002158,TAG04,0.7143,2026-07-29 22:52:15,model
UTR00003453,U000415,TAG09,0.7262,2026-01-29 10:21:07,rule
UTR00003454,U002201,TAG06,0.5858,2025-03-01 06:22:58,rule
UTR00003455,U004022,TAG16,0.7765,2026-05-02 19:04:37,model
UTR00003456,U003654,TAG15,0.9995,2025-10-11 00:02:58,rule
UTR00003457,U002637,TAG10,0.6174,2026-08-09 08:07:59,model
UTR00003458,U003865,TAG11,0.6786,2026-06-23 20:20:18,rule
UTR00003459,U001968,TAG11,0.7471,2025-02-24 19:12:16,rule
UTR00003460,U001278,TAG03,0.8313,2026-02-04 10:59:05,rule
UTR00003461,U000588,TAG01,0.626,2025-04-18 21:41:56,rule
UTR00003462,U004681,TAG16,0.6573,2026-04-30 15:14:43,rule
UTR00003463,U001422,TAG12,0.6565,2025-06-05 08:14:16,rule
UTR00003464,U003029,TAG01,0.683,2026-03-22 07:27:30,rule
UTR00003465,U000974,TAG10,0.74,2025-01-14 15:01:08,rule
UTR00003466,U004382,TAG03,0.8982,2025-05-31 17:37:06,rule
UTR00003467,U004008,TAG05,0.7529,2025-03-24 02:07:53,rule
UTR00003468,U004932,TAG04,0.8553,2025-08-21 12:09:06,rule
UTR00003469,U002721,TAG02,0.8367,2025-01-22 21:58:03,rule
UTR00003470,U002215,TAG06,0.8148,2025-07-14 00:14:06,model
UTR00003471,U004477,TAG04,0.6954,2026-07-17 05:41:29,rule
UTR00003472,U000439,TAG16,0.6077,2026-08-11 15:33:50,rule
UTR00003473,U001632,TAG14,0.849,2025-02-03 19:45:25,rule
UTR00003474,U000691,TAG13,0.7822,2025-07-17 08:32:10,rule
UTR00003475,U001033,TAG15,0.8076,2025-11-13 04:48:44,rule
UTR00003476,U001534,TAG07,0.8145,2025-08-19 05:29:50,model
UTR00003477,U004950,TAG13,0.8803,2025-11-22 23:35:40,manual
UTR00003478,U004060,TAG16,0.9162,2025-08-26 13:39:20,rule
UTR00003479,U000362,TAG10,0.87,2025-08-09 16:07:59,model
UTR00003480,U002252,TAG09,0.5679,2025-06-28 18:07:21,rule
UTR00003481,U001074,TAG16,0.6389,2025-10-06 11:51:41,rule
UTR00003482,U000089,TAG06,0.5672,2025-03-20 01:14:05,rule
UTR00003483,U004517,TAG14,0.6902,2025-09-23 18:19:11,rule
UTR00003484,U000544,TAG04,0.6467,2025-11-14 15:16:59,rule
UTR00003485,U003985,TAG14,0.7228,2026-03-29 09:17:36,manual
UTR00003486,U003536,TAG13,0.862,2025-05-06 14:34:42,model
UTR00003487,U001825,TAG09,0.9421,2026-03-06 23:11:47,rule
UTR00003488,U003491,TAG01,0.7481,2025-11-18 19:52:06,model
UTR00003489,U003943,TAG04,0.8789,2025-07-19 15:35:59,rule
UTR00003490,U003601,TAG07,0.7187,2025-04-07 18:18:20,rule
UTR00003491,U002219,TAG10,0.7056,2026-03-18 08:22:26,rule
UTR00003492,U003481,TAG04,0.7853,2025-08-05 12:51:36,model
UTR00003493,U000677,TAG13,0.7823,2025-10-01 17:41:38,model
UTR00003494,U002007,TAG16,0.9906,2025-01-30 18:34:18,rule
UTR00003495,U003622,TAG14,0.604,2025-05-10 17:25:29,rule
UTR00003496,U001440,TAG07,0.8319,2026-02-07 06:24:43,model
UTR00003497,U004035,TAG12,0.9164,2025-08-07 17:43:57,rule
UTR00003498,U003193,TAG03,0.6621,2026-05-29 21:55:28,rule
UTR00003499,U000859,TAG12,0.6043,2025-12-15 02:20:48,model
UTR00003500,U003033,TAG08,0.5884,2026-03-02 12:31:30,rule
UTR00003501,U002001,TAG06,0.9247,2026-06-26 11:27:59,model
UTR00003502,U001777,TAG03,0.8046,2025-01-25 03:14:05,model
UTR00003503,U002125,TAG09,0.562,2026-04-12 15:21:29,model
UTR00003504,U003728,TAG09,0.6237,2026-04-28 12:56:52,rule
UTR00003505,U004377,TAG04,0.9852,2025-12-05 16:59:51,rule
UTR00003506,U004419,TAG13,0.6478,2025-12-27 13:45:46,model
UTR00003507,U004595,TAG03,0.8149,2026-03-09 15:03:38,rule
UTR00003508,U003431,TAG01,0.7349,2026-05-14 22:58:54,rule
UTR00003509,U001978,TAG09,0.6682,2025-12-29 10:48:39,rule
UTR00003510,U002810,TAG13,0.9321,2025-01-26 07:23:40,model
UTR00003511,U004698,TAG16,0.6591,2025-06-30 14:05:38,model
UTR00003512,U001161,TAG11,0.8068,2026-06-17 01:17:37,rule
UTR00003513,U003657,TAG12,0.9668,2025-06-10 00:57:47,rule
UTR00003514,U002075,TAG16,0.6093,2025-01-08 16:32:38,rule
UTR00003515,U001423,TAG16,0.6718,2025-10-15 11:07:46,rule
UTR00003516,U003610,TAG13,0.9598,2025-08-30 11:11:58,rule
UTR00003517,U002849,TAG10,0.9749,2025-03-21 00:05:04,rule
UTR00003518,U003702,TAG15,0.8288,2025-10-19 00:59:52,rule
UTR00003519,U001155,TAG06,0.6082,2026-07-19 08:38:18,model
UTR00003520,U004792,TAG11,0.6287,2025-11-05 10:13:27,manual
UTR00003521,U004421,TAG03,0.6214,2026-08-19 11:01:08,rule
UTR00003522,U003520,TAG04,0.9188,2025-05-20 23:28:42,model
UTR00003523,U000016,TAG07,0.5565,2025-05-11 00:06:50,model
UTR00003524,U001185,TAG03,0.7727,2025-04-09 19:50:49,rule
UTR00003525,U001545,TAG01,0.7646,2025-08-01 04:50:04,rule
UTR00003526,U004796,TAG02,0.6829,2026-08-08 01:44:00,model
UTR00003527,U000275,TAG08,0.7609,2026-04-03 18:28:37,model
UTR00003528,U004472,TAG09,0.9755,2025-05-07 11:50:55,rule
UTR00003529,U000213,TAG11,0.6036,2025-01-03 14:56:40,rule
UTR00003530,U003020,TAG14,0.8712,2026-04-15 06:33:55,rule
UTR00003531,U004937,TAG04,0.8947,2025-08-21 09:32:21,rule
UTR00003532,U004280,TAG07,0.8028,2026-02-07 00:59:20,rule
UTR00003533,U000849,TAG12,0.6,2026-03-23 22:26:11,rule
UTR00003534,U001269,TAG09,0.949,2025-01-01 04:40:22,rule
UTR00003535,U000990,TAG01,0.8541,2025-04-17 18:15:37,rule
UTR00003536,U001434,TAG14,0.7552,2026-05-15 15:45:39,rule
UTR00003537,U002788,TAG05,0.551,2026-01-11 16:55:20,rule
UTR00003538,U001402,TAG15,0.7896,2026-07-24 13:18:41,model
UTR00003539,U004969,TAG12,0.9072,2026-07-02 00:30:04,rule
UTR00003540,U000575,TAG13,0.6269,2025-04-12 00:21:24,model
UTR00003541,U001846,TAG06,0.6236,2026-01-12 13:07:34,rule
UTR00003542,U003900,TAG04,0.79,2026-07-07 04:06:07,rule
UTR00003543,U001962,TAG03,0.6771,2025-08-20 08:05:22,rule
UTR00003544,U000302,TAG06,0.8492,2026-02-21 21:03:53,model
UTR00003545,U002694,TAG14,0.7832,2025-02-13 20:07:03,rule
UTR00003546,U001514,TAG02,0.5621,2026-06-26 08:31:37,model
UTR00003547,U004811,TAG15,0.9393,2026-06-25 07:56:23,rule
UTR00003548,U003810,TAG08,0.5729,2025-04-12 19:15:47,rule
UTR00003549,U002636,TAG12,0.7335,2025-03-04 19:51:26,rule
UTR00003550,U002477,TAG11,0.8252,2025-08-10 02:11:01,rule
UTR00003551,U001521,TAG14,0.6729,2026-07-05 15:36:08,model
UTR00003552,U000778,TAG16,0.8701,2025-01-22 10:16:35,rule
UTR00003553,U003937,TAG07,0.9636,2025-02-12 18:00:04,model
UTR00003554,U004452,TAG02,0.7556,2025-05-01 01:08:42,rule
UTR00003555,U002828,TAG16,0.5583,2026-06-17 18:22:52,rule
UTR00003556,U003868,TAG11,0.9431,2026-07-17 07:55:04,model
UTR00003557,U001378,TAG03,0.8664,2025-03-04 13:50:10,rule
UTR00003558,U003975,TAG03,0.8301,2025-07-01 09:08:21,rule
UTR00003559,U002720,TAG06,0.7494,2025-11-26 23:35:43,model
UTR00003560,U002006,TAG05,0.5678,2025-05-09 01:14:37,rule
UTR00003561,U000401,TAG11,0.8703,2026-02-14 00:06:51,rule
UTR00003562,U000413,TAG05,0.8367,2025-05-06 21:33:42,model
UTR00003563,U001582,TAG11,0.5803,2026-06-27 05:24:08,manual
UTR00003564,U000505,TAG14,0.6026,2026-01-03 11:53:13,model
UTR00003565,U000890,TAG02,0.6739,2025-11-29 14:35:45,rule
UTR00003566,U004981,TAG07,0.7427,2026-07-13 23:31:47,rule
UTR00003567,U000832,TAG09,0.967,2025-07-08 23:20:19,rule
UTR00003568,U003510,TAG11,0.5843,2025-12-14 21:07:29,rule
UTR00003569,U003035,TAG09,0.6498,2025-01-27 09:23:29,rule
UTR00003570,U000579,TAG07,0.798,2026-05-22 15:28:46,model
UTR00003571,U004617,TAG09,0.9186,2026-06-24 12:47:14,model
UTR00003572,U001375,TAG06,0.5731,2026-06-28 04:00:59,manual
UTR00003573,U001810,TAG03,0.5749,2026-03-30 22:25:06,model
UTR00003574,U003600,TAG11,0.9974,2026-07-22 03:27:52,model
UTR00003575,U003796,TAG03,0.7077,2025-08-17 21:17:40,rule
UTR00003576,U004906,TAG09,0.6237,2025-05-23 08:12:54,rule
UTR00003577,U001233,TAG12,0.8108,2025-06-14 00:33:55,rule
UTR00003578,U002434,TAG09,0.8402,2025-05-28 22:45:04,model
UTR00003579,U001303,TAG08,0.9892,2025-08-13 15:27:31,manual
UTR00003580,U003378,TAG07,0.8671,2026-05-14 05:27:35,model
UTR00003581,U000304,TAG10,0.5788,2025-06-06 12:02:56,rule
UTR00003582,U001840,TAG01,0.7427,2025-10-12 00:20:21,rule
UTR00003583,U003366,TAG05,0.9867,2026-04-21 09:58:30,model
UTR00003584,U000139,TAG03,0.7806,2026-04-10 21:18:25,model
UTR00003585,U000249,TAG12,0.6306,2025-03-31 03:40:13,rule
UTR00003586,U000391,TAG08,0.6498,2025-08-04 23:39:34,model
UTR00003587,U002392,TAG08,0.7331,2025-04-23 02:21:41,rule
UTR00003588,U002582,TAG14,0.812,2025-01-31 22:35:17,rule
UTR00003589,U002994,TAG10,0.9625,2026-02-12 11:27:06,model
UTR00003590,U002601,TAG16,0.8715,2026-07-10 10:20:41,model
UTR00003591,U000496,TAG14,0.8127,2025-02-22 01:03:23,rule
UTR00003592,U003775,TAG02,0.6476,2026-07-23 17:52:08,manual
UTR00003593,U000435,TAG16,0.6391,2026-06-15 00:14:07,model
UTR00003594,U000589,TAG14,0.5899,2025-10-02 17:06:18,rule
UTR00003595,U001757,TAG01,0.7708,2026-05-06 17:56:39,model
UTR00003596,U001924,TAG02,0.6298,2025-04-06 15:22:40,rule
UTR00003597,U000359,TAG05,0.8309,2025-11-08 09:10:01,model
UTR00003598,U001610,TAG11,0.869,2025-06-11 07:51:31,model
UTR00003599,U000472,TAG01,0.7087,2026-01-02 11:54:20,rule
UTR00003600,U000059,TAG11,0.7784,2025-09-09 19:42:02,model
UTR00003601,U002019,TAG03,0.7792,2026-02-12 06:44:32,model
UTR00003602,U000416,TAG14,0.7306,2025-10-12 01:18:49,model
UTR00003603,U004047,TAG11,0.7133,2026-08-04 08:33:13,model
UTR00003604,U004245,TAG12,0.7025,2025-12-16 01:07:03,rule
UTR00003605,U003409,TAG10,0.9217,2025-05-07 03:55:50,model
UTR00003606,U001935,TAG12,0.5828,2026-06-15 17:12:10,rule
UTR00003607,U003621,TAG03,0.8144,2025-09-12 16:45:44,model
UTR00003608,U004291,TAG09,0.6278,2026-07-12 17:03:09,model
UTR00003609,U001975,TAG15,0.6043,2025-01-22 04:40:21,rule
UTR00003610,U000987,TAG05,0.88,2025-10-22 07:58:21,rule
UTR00003611,U004259,TAG08,0.6327,2025-12-23 08:40:41,rule
UTR00003612,U004098,TAG15,0.6294,2025-11-10 09:56:08,model
UTR00003613,U002289,TAG05,0.6952,2026-05-06 10:14:24,rule
UTR00003614,U004606,TAG14,0.9239,2025-01-08 00:00:17,rule
UTR00003615,U004265,TAG07,0.69,2026-01-06 00:58:07,model
UTR00003616,U004361,TAG11,0.6284,2026-06-28 18:53:57,rule
UTR00003617,U003845,TAG04,0.8817,2026-04-06 16:08:57,model
UTR00003618,U003201,TAG03,0.6676,2026-08-21 02:31:10,model
UTR00003619,U004945,TAG06,0.6767,2026-06-02 04:26:37,rule
UTR00003620,U002039,TAG16,0.7533,2025-02-08 08:25:43,model
UTR00003621,U003383,TAG16,0.9832,2025-07-20 21:31:34,model
UTR00003622,U001939,TAG15,0.9184,2025-11-10 22:27:08,rule
UTR00003623,U002946,TAG09,0.6996,2025-11-03 15:37:21,model
UTR00003624,U001416,TAG12,0.8983,2026-04-22 05:42:16,rule
UTR00003625,U001719,TAG06,0.5896,2025-11-03 04:54:10,model
UTR00003626,U004818,TAG13,0.8921,2025-03-28 07:24:28,rule
UTR00003627,U002099,TAG05,0.7573,2026-04-28 12:53:51,rule
UTR00003628,U003941,TAG06,0.8766,2025-09-17 19:21:22,rule
UTR00003629,U002811,TAG01,0.6203,2026-05-14 13:52:42,rule
UTR00003630,U003819,TAG10,0.704,2026-01-10 23:28:31,rule
UTR00003631,U003751,TAG01,0.6534,2026-07-10 14:15:46,rule
UTR00003632,U000320,TAG01,0.9712,2026-08-06 23:19:44,rule
UTR00003633,U000471,TAG15,0.6009,2025-12-22 20:34:05,model
UTR00003634,U004336,TAG11,0.8238,2026-06-18 00:01:12,rule
UTR00003635,U003644,TAG13,0.9668,2026-04-13 19:10:52,rule
UTR00003636,U004648,TAG09,0.6389,2026-04-28 10:49:24,model
UTR00003637,U003168,TAG03,0.6341,2026-02-15 18:11:01,model
UTR00003638,U002761,TAG09,0.6247,2026-07-29 18:25:49,model
UTR00003639,U000061,TAG06,0.7208,2025-01-15 04:20:16,rule
UTR00003640,U000873,TAG10,0.8334,2026-08-07 17:30:33,rule
UTR00003641,U001076,TAG07,0.9809,2025-10-19 21:46:12,manual
UTR00003642,U004585,TAG10,0.5773,2025-11-28 22:01:26,manual
UTR00003643,U002222,TAG15,0.9854,2025-05-08 02:00:52,model
UTR00003644,U001904,TAG02,0.7072,2026-06-07 00:27:57,model
UTR00003645,U001006,TAG09,0.9101,2025-10-09 08:31:20,rule
UTR00003646,U003054,TAG01,0.6327,2026-08-07 09:54:05,manual
UTR00003647,U000974,TAG07,0.6694,2026-05-28 21:43:16,rule
UTR00003648,U001341,TAG09,0.8651,2025-02-02 07:52:49,model
UTR00003649,U000303,TAG06,0.6844,2025-10-16 13:31:56,model
UTR00003650,U001412,TAG11,0.8875,2026-01-17 17:38:01,rule
UTR00003651,U001833,TAG05,0.585,2026-04-23 20:43:01,rule
UTR00003652,U003649,TAG16,0.6888,2026-03-16 09:01:08,model
UTR00003653,U003600,TAG02,0.9924,2025-02-18 00:49:43,model
UTR00003654,U004530,TAG09,0.707,2026-02-22 01:11:17,model
UTR00003655,U003495,TAG12,0.7807,2025-07-26 09:11:55,manual
UTR00003656,U003336,TAG04,0.5791,2025-07-17 02:32:37,model
UTR00003657,U001062,TAG11,0.8804,2026-05-11 14:05:01,rule
UTR00003658,U001976,TAG06,0.7386,2026-03-09 11:22:10,rule
UTR00003659,U000785,TAG02,0.8402,2025-11-20 09:01:03,rule
UTR00003660,U000707,TAG12,0.8803,2025-03-28 07:41:42,model
UTR00003661,U001604,TAG07,0.8954,2026-01-16 04:11:06,rule
UTR00003662,U002648,TAG02,0.6551,2025-07-22 21:06:03,rule
UTR00003663,U000832,TAG02,0.7862,2025-08-10 16:57:27,model
UTR00003664,U004559,TAG10,0.5704,2026-04-15 22:03:42,rule
UTR00003665,U002209,TAG13,0.6129,2025-03-25 01:08:46,model
UTR00003666,U003306,TAG07,0.9083,2025-11-10 07:29:18,model
UTR00003667,U002848,TAG11,0.8162,2025-04-16 13:15:07,model
UTR00003668,U004039,TAG04,0.5528,2025-01-07 15:39:11,rule
UTR00003669,U001437,TAG13,0.7652,2026-05-01 19:49:12,rule
UTR00003670,U004547,TAG02,0.8182,2025-04-09 04:21:08,rule
UTR00003671,U000034,TAG10,0.6176,2025-06-13 20:18:33,rule
UTR00003672,U003404,TAG09,0.8001,2025-02-06 02:57:02,model
UTR00003673,U003398,TAG03,0.7781,2025-10-06 06:02:08,model
UTR00003674,U000034,TAG10,0.9516,2025-06-15 11:03:38,rule
UTR00003675,U001532,TAG03,0.8071,2025-01-04 22:39:17,rule
UTR00003676,U002539,TAG02,0.763,2025-11-28 13:04:36,model
UTR00003677,U004893,TAG14,0.8801,2025-12-05 02:03:11,model
UTR00003678,U001215,TAG16,0.7443,2026-04-02 12:58:48,rule
UTR00003679,U002627,TAG05,0.977,2026-02-19 00:25:01,rule
UTR00003680,U003438,TAG15,0.8861,2026-06-15 19:53:18,rule
UTR00003681,U002733,TAG01,0.9504,2025-09-28 14:21:49,model
UTR00003682,U000697,TAG09,0.9009,2026-05-31 01:32:22,rule
UTR00003683,U001939,TAG08,0.7838,2026-08-08 05:22:32,model
UTR00003684,U004503,TAG08,0.8574,2025-10-10 07:17:55,rule
UTR00003685,U000631,TAG10,0.8611,2025-07-05 11:00:51,rule
UTR00003686,U004122,TAG02,0.8841,2025-01-12 09:46:54,model
UTR00003687,U004431,TAG06,0.6447,2025-11-07 22:34:06,model
UTR00003688,U002049,TAG03,0.6385,2026-01-27 05:24:07,model
UTR00003689,U001862,TAG10,0.972,2025-02-16 17:42:20,rule
UTR00003690,U004930,TAG11,0.8352,2026-03-08 00:28:43,rule
UTR00003691,U004546,TAG01,0.8271,2026-06-02 16:13:19,rule
UTR00003692,U002714,TAG12,0.6808,2025-12-28 13:53:06,rule
UTR00003693,U002609,TAG16,0.5636,2025-08-01 19:27:00,model
UTR00003694,U004439,TAG05,0.9035,2026-07-19 12:44:40,rule
UTR00003695,U004690,TAG07,0.7969,2025-01-31 01:44:42,manual
UTR00003696,U001510,TAG13,0.7239,2025-01-24 20:27:55,rule
UTR00003697,U000265,TAG15,0.8229,2026-04-05 17:54:39,rule
UTR00003698,U003882,TAG05,0.7485,2025-11-25 23:04:01,rule
UTR00003699,U002717,TAG05,0.992,2025-12-31 17:00:00,model
UTR00003700,U003062,TAG13,0.6115,2026-05-18 19:11:22,model
UTR00003701,U000193,TAG09,0.702,2026-03-09 01:00:45,rule
UTR00003702,U002139,TAG10,0.8028,2025-11-28 16:54:21,rule
UTR00003703,U002182,TAG05,0.6797,2025-01-24 08:22:41,model
UTR00003704,U001117,TAG01,0.8438,2025-08-02 05:50:03,model
UTR00003705,U003316,TAG05,0.8153,2025-05-02 15:28:39,rule
UTR00003706,U003728,TAG13,0.6989,2025-05-10 03:14:32,rule
UTR00003707,U002753,TAG06,0.8375,2026-08-06 03:36:40,rule
UTR00003708,U003040,TAG02,0.9196,2025-12-31 09:22:30,rule
UTR00003709,U002545,TAG06,0.8351,2025-02-15 13:48:00,rule
UTR00003710,U001271,TAG06,0.953,2026-07-15 11:49:13,rule
UTR00003711,U003801,TAG06,0.7843,2026-07-03 12:40:19,rule
UTR00003712,U000518,TAG16,0.6823,2025-01-10 00:39:54,model
UTR00003713,U004568,TAG14,0.7471,2025-08-24 17:17:07,rule
UTR00003714,U001658,TAG15,0.8775,2025-02-28 16:31:20,rule
UTR00003715,U003397,TAG06,0.7814,2025-10-25 03:44:01,rule
UTR00003716,U000999,TAG01,0.9644,2026-07-20 07:30:00,rule
UTR00003717,U000656,TAG14,0.6638,2026-05-16 23:10:43,model
UTR00003718,U003863,TAG05,0.916,2026-06-02 14:29:01,rule
UTR00003719,U003041,TAG16,0.7364,2026-03-27 18:59:59,rule
UTR00003720,U003825,TAG02,0.7297,2026-08-06 10:09:55,rule
UTR00003721,U004536,TAG02,0.9777,2025-03-08 22:32:23,model
UTR00003722,U000732,TAG08,0.6391,2025-05-18 21:26:32,rule
UTR00003723,U003359,TAG15,0.7879,2025-12-30 05:22:44,model
UTR00003724,U002793,TAG08,0.628,2025-04-21 20:48:52,model
UTR00003725,U003740,TAG04,0.652,2026-08-10 01:28:24,rule
UTR00003726,U000362,TAG04,0.7052,2026-03-05 16:39:17,model
UTR00003727,U000184,TAG03,0.7414,2025-10-14 05:41:58,rule
UTR00003728,U000241,TAG07,0.6641,2025-12-03 10:51:03,rule
UTR00003729,U001793,TAG09,0.7627,2026-03-04 00:06:30,rule
UTR00003730,U003161,TAG05,0.698,2025-07-15 12:27:07,model
UTR00003731,U004913,TAG13,0.6207,2025-06-02 18:50:30,model
UTR00003732,U001011,TAG10,0.8767,2025-07-25 11:41:55,model
UTR00003733,U000178,TAG09,0.5921,2026-06-27 16:58:09,model
UTR00003734,U000400,TAG15,0.8108,2025-11-01 07:04:37,manual
UTR00003735,U002157,TAG16,0.6788,2026-05-17 09:06:12,rule
UTR00003736,U003448,TAG07,0.8252,2025-03-10 10:40:01,model
UTR00003737,U004599,TAG03,0.5687,2026-04-01 16:14:21,model
UTR00003738,U003155,TAG07,0.9423,2026-01-09 06:01:15,rule
UTR00003739,U002468,TAG15,0.9091,2025-11-03 02:23:49,model
UTR00003740,U004824,TAG13,0.6375,2025-04-18 04:26:51,model
UTR00003741,U002459,TAG11,0.5927,2025-01-07 17:24:15,rule
UTR00003742,U001013,TAG11,0.8879,2025-06-27 13:15:41,model
UTR00003743,U001686,TAG13,0.6814,2025-05-12 19:41:13,rule
UTR00003744,U004831,TAG10,0.7995,2025-07-23 09:47:20,rule
UTR00003745,U000330,TAG02,0.7146,2025-09-09 00:07:39,model
UTR00003746,U002636,TAG14,0.7619,2026-08-22 19:45:26,rule
UTR00003747,U002281,TAG08,0.7612,2025-10-09 03:51:06,rule
UTR00003748,U002176,TAG06,0.6241,2025-11-24 17:02:41,model
UTR00003749,U000027,TAG11,0.7642,2025-04-23 01:27:55,model
UTR00003750,U001712,TAG13,0.6202,2026-02-13 19:54:25,rule
UTR00003751,U002999,TAG04,0.9049,2026-02-17 01:46:11,rule
UTR00003752,U000840,TAG07,0.8523,2026-04-22 16:12:15,model
UTR00003753,U004144,TAG03,0.7228,2026-03-14 18:30:51,rule
UTR00003754,U002604,TAG02,0.844,2025-05-09 15:18:51,rule
UTR00003755,U004379,TAG10,0.7911,2026-05-12 12:48:21,rule
UTR00003756,U004690,TAG09,0.9993,2026-02-16 15:16:55,model
UTR00003757,U002000,TAG01,0.5651,2025-10-28 09:44:33,manual
UTR00003758,U000502,TAG01,0.6199,2025-06-03 02:03:18,rule
UTR00003759,U003918,TAG02,0.7766,2026-05-26 08:22:38,model
UTR00003760,U002823,TAG08,0.9963,2025-10-01 17:35:21,rule
UTR00003761,U001887,TAG01,0.7967,2026-03-19 10:36:58,model
UTR00003762,U004775,TAG06,0.6823,2025-05-20 06:57:10,rule
UTR00003763,U000507,TAG12,0.5593,2025-03-01 01:53:21,model
UTR00003764,U000385,TAG01,0.6262,2025-12-27 06:15:57,model
UTR00003765,U000335,TAG15,0.969,2026-06-19 16:25:46,model
UTR00003766,U001688,TAG08,0.5909,2026-03-16 18:27:38,rule
UTR00003767,U004286,TAG07,0.9442,2026-04-20 15:02:48,model
UTR00003768,U000184,TAG08,0.9734,2026-07-30 22:36:18,rule
UTR00003769,U003580,TAG06,0.9067,2025-09-24 19:23:06,model
UTR00003770,U001438,TAG11,0.8776,2026-02-22 17:41:06,model
UTR00003771,U002057,TAG13,0.7536,2026-03-16 18:29:57,model
UTR00003772,U000077,TAG05,0.7646,2025-07-11 13:54:22,model
UTR00003773,U002618,TAG07,0.5645,2025-09-23 00:12:36,rule
UTR00003774,U003605,TAG04,0.551,2026-08-04 01:05:24,manual
UTR00003775,U000310,TAG05,0.8917,2026-08-02 11:21:08,model
UTR00003776,U003514,TAG14,0.7498,2025-05-30 00:24:57,rule
UTR00003777,U000687,TAG01,0.6917,2026-04-23 01:00:05,model
UTR00003778,U001084,TAG02,0.9705,2026-03-31 00:32:25,model
UTR00003779,U000083,TAG04,0.7141,2025-10-08 06:16:23,rule
UTR00003780,U003763,TAG02,0.6093,2025-09-01 10:50:18,model
UTR00003781,U004931,TAG16,0.9663,2026-07-08 08:53:01,rule
UTR00003782,U001103,TAG05,0.735,2025-11-24 01:09:21,model
UTR00003783,U003806,TAG10,0.7483,2026-04-24 20:52:35,rule
UTR00003784,U000674,TAG12,0.6446,2025-08-27 02:24:25,manual
UTR00003785,U000935,TAG05,0.9689,2026-02-26 04:09:08,model
UTR00003786,U001888,TAG14,0.5769,2025-01-08 14:34:27,rule
UTR00003787,U000362,TAG10,0.8846,2026-08-18 06:39:24,rule
UTR00003788,U002261,TAG02,0.9701,2025-02-22 12:34:15,manual
UTR00003789,U001286,TAG12,0.6172,2025-10-08 14:12:38,rule
UTR00003790,U003849,TAG11,0.576,2026-01-07 16:59:28,model
UTR00003791,U003924,TAG02,0.8982,2025-12-09 06:28:39,rule
UTR00003792,U001029,TAG04,0.7281,2025-09-23 22:45:03,rule
UTR00003793,U000551,TAG01,0.5861,2025-01-20 16:36:05,model
UTR00003794,U002918,TAG13,0.6936,2026-05-17 04:52:07,model
UTR00003795,U003542,TAG16,0.9402,2025-09-29 07:19:00,model
UTR00003796,U000601,TAG05,0.6834,2025-06-15 04:03:32,rule
UTR00003797,U003624,TAG06,0.6872,2025-11-21 17:34:15,rule
UTR00003798,U003422,TAG15,0.9595,2025-05-25 22:51:53,model
UTR00003799,U003848,TAG04,0.7369,2025-02-06 08:51:07,rule
UTR00003800,U002589,TAG08,0.9588,2025-05-18 12:09:09,rule
UTR00003801,U001982,TAG02,0.8453,2026-07-01 17:56:32,rule
UTR00003802,U001394,TAG15,0.6802,2026-07-06 13:01:09,model
UTR00003803,U004258,TAG11,0.5657,2026-07-13 13:05:51,rule
UTR00003804,U002753,TAG15,0.9705,2026-04-09 11:53:16,rule
UTR00003805,U000518,TAG04,0.8266,2026-06-14 23:16:01,model
UTR00003806,U001062,TAG01,0.9339,2026-07-04 13:34:34,model
UTR00003807,U003330,TAG13,0.9042,2025-10-08 01:51:40,rule
UTR00003808,U000597,TAG15,0.6606,2025-05-29 06:11:25,rule
UTR00003809,U002029,TAG11,0.6821,2026-05-27 05:43:07,model
UTR00003810,U001111,TAG03,0.754,2025-07-23 23:18:27,model
UTR00003811,U002445,TAG04,0.9236,2025-02-16 19:30:25,manual
UTR00003812,U004561,TAG11,0.6941,2025-01-26 22:49:56,rule
UTR00003813,U004791,TAG13,0.9895,2026-05-14 21:23:29,rule
UTR00003814,U004408,TAG09,0.6451,2025-05-23 23:26:34,rule
UTR00003815,U004450,TAG16,0.8841,2025-10-27 21:26:10,model
UTR00003816,U000312,TAG11,0.8684,2025-09-10 11:42:58,model
UTR00003817,U002225,TAG05,0.7595,2025-02-13 14:42:44,rule
UTR00003818,U004088,TAG09,0.8259,2025-12-23 09:55:13,model
UTR00003819,U002885,TAG14,0.6216,2025-12-21 23:56:54,rule
UTR00003820,U004916,TAG01,0.875,2025-09-28 22:29:44,model
UTR00003821,U000094,TAG06,0.9886,2025-10-09 13:17:55,rule
UTR00003822,U003080,TAG02,0.8417,2025-01-23 12:39:21,rule
UTR00003823,U000647,TAG05,0.6432,2025-06-12 02:05:57,rule
UTR00003824,U003098,TAG04,0.5669,2026-07-27 23:53:05,model
UTR00003825,U002234,TAG15,0.5949,2026-02-13 06:12:30,rule
UTR00003826,U004715,TAG09,0.7292,2025-10-21 05:26:09,rule
UTR00003827,U002161,TAG04,0.5962,2025-04-04 23:24:14,model
UTR00003828,U003547,TAG01,0.5567,2026-07-08 04:00:24,rule
UTR00003829,U001047,TAG16,0.6289,2025-02-22 22:27:04,model
UTR00003830,U001699,TAG15,0.9725,2026-05-16 23:54:21,rule
UTR00003831,U003936,TAG04,0.7726,2026-03-03 07:43:54,rule
UTR00003832,U002476,TAG11,0.7999,2025-11-27 15:13:39,rule
UTR00003833,U004764,TAG13,0.8951,2026-06-23 00:31:44,rule
UTR00003834,U000009,TAG06,0.7181,2025-02-27 03:25:17,model
UTR00003835,U002213,TAG16,0.568,2025-11-22 18:16:50,rule
UTR00003836,U001901,TAG04,0.8474,2026-03-26 00:42:07,rule
UTR00003837,U002162,TAG16,0.7996,2025-12-03 22:28:10,model
UTR00003838,U004282,TAG09,0.841,2026-03-31 19:27:14,rule
UTR00003839,U003285,TAG01,0.7635,2026-01-21 21:35:25,rule
UTR00003840,U002073,TAG04,0.6558,2025-01-28 00:29:55,rule
UTR00003841,U001054,TAG03,0.6006,2025-06-10 22:52:55,rule
UTR00003842,U004996,TAG01,0.6909,2026-03-01 15:12:40,model
UTR00003843,U002356,TAG09,0.7399,2025-01-23 18:15:30,model
UTR00003844,U004787,TAG12,0.8762,2025-04-21 13:24:40,model
UTR00003845,U003566,TAG06,0.802,2025-11-01 09:14:06,rule
UTR00003846,U000959,TAG09,0.6448,2025-03-10 11:51:56,rule
UTR00003847,U001637,TAG14,0.9724,2025-10-03 12:09:07,rule
UTR00003848,U003257,TAG14,0.6093,2025-10-31 15:59:32,model
UTR00003849,U001158,TAG04,0.8381,2026-02-18 02:12:28,rule
UTR00003850,U003647,TAG01,0.5525,2025-05-03 17:59:24,rule
UTR00003851,U003439,TAG13,0.9563,2026-04-04 23:03:12,rule
UTR00003852,U004053,TAG09,0.6265,2025-08-23 17:34:26,rule
UTR00003853,U003860,TAG15,0.9921,2026-07-10 20:03:42,rule
UTR00003854,U001427,TAG06,0.8396,2025-06-03 22:27:00,model
UTR00003855,U002739,TAG13,0.7321,2025-02-10 08:20:55,model
UTR00003856,U004564,TAG10,0.754,2026-08-18 03:26:39,model
UTR00003857,U001812,TAG09,0.7553,2025-12-27 03:14:26,model
UTR00003858,U004177,TAG13,0.8364,2026-08-06 14:59:39,model
UTR00003859,U000985,TAG16,0.9431,2026-05-09 23:19:33,rule
UTR00003860,U003227,TAG12,0.8897,2026-04-09 15:38:16,rule
UTR00003861,U002814,TAG09,0.6024,2025-10-28 21:58:16,rule
UTR00003862,U000410,TAG11,0.6693,2026-08-14 18:44:48,model
UTR00003863,U003146,TAG13,0.8353,2025-04-30 03:57:52,rule
UTR00003864,U001867,TAG02,0.887,2026-07-05 17:45:53,rule
UTR00003865,U000572,TAG15,0.9468,2026-05-30 15:48:23,rule
UTR00003866,U000428,TAG02,0.9049,2026-04-28 15:42:40,model
UTR00003867,U001788,TAG02,0.7182,2025-10-27 23:12:53,rule
UTR00003868,U000201,TAG15,0.8719,2026-01-08 07:29:47,rule
UTR00003869,U000841,TAG03,0.5849,2025-12-26 13:53:33,rule
UTR00003870,U001548,TAG13,0.6492,2025-07-27 00:57:27,rule
UTR00003871,U002048,TAG13,0.7995,2026-02-13 10:13:55,rule
UTR00003872,U002090,TAG09,0.7427,2026-08-17 12:29:24,rule
UTR00003873,U002762,TAG03,0.8357,2025-10-06 15:17:38,model
UTR00003874,U000702,TAG05,0.7287,2025-01-08 07:06:41,model
UTR00003875,U004872,TAG03,0.5633,2026-04-10 03:16:41,rule
UTR00003876,U002722,TAG07,0.5997,2025-01-26 22:30:59,model
UTR00003877,U003787,TAG08,0.8659,2025-11-17 14:35:31,rule
UTR00003878,U004226,TAG05,0.8897,2026-05-27 23:40:24,model
UTR00003879,U001545,TAG02,0.9203,2025-12-25 15:19:43,model
UTR00003880,U002065,TAG11,0.9479,2026-03-15 05:34:55,rule
UTR00003881,U001921,TAG13,0.8091,2025-08-19 08:48:31,rule
UTR00003882,U003009,TAG14,0.895,2025-12-27 01:55:35,model
UTR00003883,U002877,TAG04,0.8551,2026-06-10 15:52:36,rule
UTR00003884,U001258,TAG09,0.7446,2026-08-11 06:53:33,model
UTR00003885,U000650,TAG07,0.6399,2025-01-31 18:56:20,rule
UTR00003886,U003436,TAG07,0.9413,2025-03-26 05:49:40,model
UTR00003887,U003361,TAG14,0.5717,2026-01-11 02:44:01,rule
UTR00003888,U004625,TAG09,0.842,2025-12-15 19:37:31,rule
UTR00003889,U001042,TAG05,0.6208,2025-10-12 11:39:23,model
UTR00003890,U001165,TAG05,0.9632,2025-04-11 13:04:29,model
UTR00003891,U000095,TAG08,0.858,2025-07-06 17:31:52,rule
UTR00003892,U001889,TAG06,0.6768,2025-08-07 21:24:09,rule
UTR00003893,U002127,TAG04,0.7628,2025-10-19 12:03:24,rule
UTR00003894,U003171,TAG07,0.6815,2025-05-24 10:30:11,rule
UTR00003895,U003251,TAG10,0.8214,2025-11-27 13:51:33,model
UTR00003896,U000452,TAG07,0.9134,2025-02-28 11:57:21,model
UTR00003897,U003371,TAG15,0.6569,2025-01-13 13:21:42,rule
UTR00003898,U002804,TAG08,0.6428,2025-12-31 21:33:41,rule
UTR00003899,U000876,TAG14,0.6373,2026-04-24 11:33:04,rule
UTR00003900,U004450,TAG03,0.9896,2026-07-31 00:56:02,rule
UTR00003901,U003431,TAG01,0.9439,2025-09-02 12:14:21,rule
UTR00003902,U001401,TAG01,0.5764,2025-08-09 18:05:16,rule
UTR00003903,U003479,TAG15,0.959,2025-11-08 07:08:59,model
UTR00003904,U001427,TAG10,0.5642,2025-06-06 10:48:54,model
UTR00003905,U004924,TAG08,0.6215,2025-10-25 02:41:54,rule
UTR00003906,U003157,TAG10,0.9424,2026-03-16 11:32:42,model
UTR00003907,U004330,TAG13,0.6537,2025-02-11 19:06:14,rule
UTR00003908,U000239,TAG12,0.8743,2026-01-03 23:53:56,model
UTR00003909,U002219,TAG01,0.9354,2025-06-13 23:33:32,model
UTR00003910,U002601,TAG08,0.6842,2025-02-27 09:15:58,model
UTR00003911,U002954,TAG01,0.5901,2025-09-25 07:26:04,rule
UTR00003912,U002386,TAG14,0.7496,2025-10-24 20:37:58,model
UTR00003913,U000175,TAG15,0.9004,2025-07-05 04:08:40,model
UTR00003914,U002954,TAG05,0.678,2025-10-22 14:34:08,rule
UTR00003915,U002765,TAG10,0.8519,2025-07-19 07:51:51,model
UTR00003916,U004074,TAG04,0.8512,2025-09-16 22:57:02,rule
UTR00003917,U000521,TAG16,0.6628,2025-01-06 12:47:01,rule
UTR00003918,U002040,TAG08,0.7244,2026-02-01 01:09:03,model
UTR00003919,U004884,TAG14,0.5888,2026-06-03 15:05:05,rule
UTR00003920,U001399,TAG14,0.9421,2025-05-12 00:47:31,rule
UTR00003921,U000096,TAG06,0.9041,2025-04-09 01:47:33,rule
UTR00003922,U002211,TAG01,0.8885,2025-01-01 21:16:23,model
UTR00003923,U002371,TAG06,0.694,2025-01-09 02:30:34,model
UTR00003924,U001117,TAG14,0.8939,2026-03-02 07:48:56,rule
UTR00003925,U004888,TAG15,0.6251,2025-10-27 04:42:57,rule
UTR00003926,U004218,TAG05,0.6711,2025-05-30 07:34:54,rule
UTR00003927,U000432,TAG13,0.8175,2026-04-02 14:54:02,rule
UTR00003928,U003998,TAG03,0.695,2025-03-30 10:48:21,model
UTR00003929,U001763,TAG05,0.7407,2025-11-27 02:34:24,rule
UTR00003930,U002223,TAG01,0.8443,2025-11-04 14:37:39,model
UTR00003931,U003940,TAG16,0.6899,2026-03-24 04:05:50,rule
UTR00003932,U004393,TAG10,0.6061,2025-10-23 04:42:55,model
UTR00003933,U004813,TAG10,0.7505,2026-05-27 15:25:09,rule
UTR00003934,U000151,TAG03,0.9727,2025-02-09 13:02:41,rule
UTR00003935,U002775,TAG05,0.9697,2025-05-06 17:37:31,rule
UTR00003936,U004534,TAG04,0.8073,2025-01-17 16:55:35,model
UTR00003937,U000471,TAG13,0.72,2026-01-20 19:36:02,model
UTR00003938,U004689,TAG04,0.7858,2026-04-15 08:01:18,model
UTR00003939,U004658,TAG07,0.6043,2025-10-20 14:02:19,rule
UTR00003940,U002900,TAG03,0.7662,2026-04-26 17:45:06,model
UTR00003941,U000171,TAG09,0.7258,2026-02-25 11:18:12,rule
UTR00003942,U001894,TAG15,0.5506,2025-05-13 09:34:28,model
UTR00003943,U001555,TAG16,0.7129,2025-05-21 18:23:21,rule
UTR00003944,U004206,TAG04,0.8175,2025-01-13 23:13:17,model
UTR00003945,U001247,TAG07,0.835,2026-06-23 13:52:12,model
UTR00003946,U003147,TAG04,0.9491,2026-05-21 20:42:14,rule
UTR00003947,U001743,TAG16,0.603,2025-03-27 00:25:33,rule
UTR00003948,U000312,TAG05,0.8924,2025-06-29 22:40:35,model
UTR00003949,U003322,TAG11,0.6016,2025-10-20 05:55:19,rule
UTR00003950,U001595,TAG11,0.6839,2026-03-27 11:08:51,rule
UTR00003951,U001118,TAG09,0.5744,2025-08-28 13:29:41,rule
UTR00003952,U001285,TAG09,0.9108,2025-12-26 18:44:41,rule
UTR00003953,U003599,TAG15,0.9021,2025-02-20 14:26:26,rule
UTR00003954,U002396,TAG15,0.7599,2025-04-21 03:29:19,rule
UTR00003955,U000895,TAG10,0.9472,2025-02-17 19:28:02,model
UTR00003956,U004192,TAG10,0.8791,2026-03-01 22:22:48,model
UTR00003957,U000900,TAG07,0.847,2025-08-27 18:44:35,model
UTR00003958,U001923,TAG04,0.5817,2025-05-12 16:23:38,model
UTR00003959,U002966,TAG12,0.9119,2025-09-16 16:57:31,rule
UTR00003960,U004682,TAG03,0.9168,2025-03-13 07:40:25,rule
UTR00003961,U003821,TAG16,0.9218,2025-02-18 06:45:18,model
UTR00003962,U003050,TAG15,0.7651,2025-03-24 20:12:25,model
UTR00003963,U000741,TAG01,0.5959,2025-12-06 15:25:38,rule
UTR00003964,U000454,TAG13,0.8459,2025-04-23 06:21:20,rule
UTR00003965,U004776,TAG09,0.9654,2025-05-07 02:05:28,model
UTR00003966,U003998,TAG06,0.618,2025-08-02 22:34:17,rule
UTR00003967,U002786,TAG10,0.7404,2025-05-26 10:02:58,rule
UTR00003968,U002969,TAG08,0.7817,2025-01-14 02:29:10,rule
UTR00003969,U002810,TAG05,0.9502,2026-02-06 05:36:45,rule
UTR00003970,U000256,TAG01,0.8453,2026-01-03 12:23:42,model
UTR00003971,U002995,TAG07,0.6071,2025-10-21 13:37:34,model
UTR00003972,U003847,TAG04,0.7703,2026-04-21 19:19:08,model
UTR00003973,U000193,TAG02,0.7578,2026-01-23 00:12:22,rule
UTR00003974,U002239,TAG01,0.7163,2025-11-08 05:31:27,rule
UTR00003975,U000945,TAG06,0.7572,2025-02-07 12:08:29,rule
UTR00003976,U003900,TAG08,0.958,2025-01-26 08:06:04,model
UTR00003977,U001734,TAG12,0.9466,2025-02-23 11:15:45,model
UTR00003978,U003183,TAG02,0.6282,2025-04-09 07:53:03,rule
UTR00003979,U001430,TAG16,0.5966,2026-04-25 06:19:43,model
UTR00003980,U004851,TAG06,0.8515,2026-04-13 10:23:34,rule
UTR00003981,U000138,TAG02,0.9522,2026-06-18 14:38:26,model
UTR00003982,U001687,TAG14,0.6493,2025-04-05 15:26:25,rule
UTR00003983,U002366,TAG05,0.593,2026-04-26 09:05:42,model
UTR00003984,U000722,TAG05,0.736,2025-01-24 05:17:45,rule
UTR00003985,U001041,TAG03,0.6473,2026-01-01 23:00:40,rule
UTR00003986,U001334,TAG03,0.6292,2025-09-12 18:00:23,model
UTR00003987,U003492,TAG13,0.8905,2025-09-24 06:49:53,model
UTR00003988,U003932,TAG10,0.9815,2026-04-15 11:33:54,manual
UTR00003989,U003854,TAG07,0.5856,2026-01-08 13:32:55,model
UTR00003990,U003372,TAG16,0.6373,2026-05-18 01:58:13,rule
UTR00003991,U000353,TAG14,0.6761,2025-10-05 13:30:41,model
UTR00003992,U003110,TAG08,0.5591,2026-07-27 09:50:04,model
UTR00003993,U001107,TAG11,0.5849,2026-01-10 13:50:57,manual
UTR00003994,U000601,TAG09,0.9516,2026-01-14 02:56:27,rule
UTR00003995,U000068,TAG13,0.7547,2025-01-08 16:19:01,model
UTR00003996,U002027,TAG09,0.9015,2025-02-15 01:35:47,rule
UTR00003997,U000184,TAG08,0.8071,2025-05-09 02:10:49,rule
UTR00003998,U002583,TAG03,0.831,2025-01-17 03:36:03,manual
UTR00003999,U001397,TAG11,0.6665,2025-11-28 23:49:14,rule
UTR00004000,U000404,TAG12,0.6219,2026-06-25 04:28:20,rule
UTR00004001,U004715,TAG06,0.6675,2026-02-18 21:11:08,model
UTR00004002,U004450,TAG01,0.6134,2025-03-13 05:16:21,model
UTR00004003,U003821,TAG16,0.8724,2025-03-08 20:36:22,model
UTR00004004,U000846,TAG01,0.9394,2025-01-29 14:21:45,rule
UTR00004005,U003664,TAG12,0.6364,2025-02-01 05:35:46,rule
UTR00004006,U004778,TAG03,0.7536,2025-02-22 13:20:23,model
UTR00004007,U003983,TAG15,0.739,2026-05-29 05:52:50,rule
UTR00004008,U001638,TAG02,0.8319,2026-03-11 10:10:35,rule
UTR00004009,U002452,TAG12,0.8063,2025-06-27 22:48:02,model
UTR00004010,U004183,TAG14,0.7616,2026-01-28 14:48:07,rule
UTR00004011,U004713,TAG06,0.8502,2025-01-24 14:07:05,rule
UTR00004012,U004189,TAG10,0.9212,2026-05-26 19:45:50,rule
UTR00004013,U004642,TAG08,0.7196,2025-09-04 23:32:05,rule
UTR00004014,U001085,TAG08,0.7362,2025-04-05 15:29:48,rule
UTR00004015,U004555,TAG15,0.8504,2026-06-01 10:51:53,rule
UTR00004016,U003306,TAG07,0.7905,2026-02-24 07:10:36,model
UTR00004017,U004325,TAG02,0.7155,2025-05-28 09:04:32,rule
UTR00004018,U004542,TAG04,0.7851,2025-05-14 11:54:06,rule
UTR00004019,U002353,TAG07,0.7766,2026-03-05 02:53:57,rule
UTR00004020,U002969,TAG14,0.874,2025-01-27 00:02:11,rule
UTR00004021,U004679,TAG06,0.6675,2025-09-25 23:26:24,model
UTR00004022,U002689,TAG04,0.768,2025-09-20 09:09:32,rule
UTR00004023,U002540,TAG08,0.9924,2026-01-01 15:08:17,rule
UTR00004024,U002355,TAG14,0.7842,2025-12-31 17:20:20,model
UTR00004025,U002851,TAG03,0.8051,2025-05-05 13:28:32,model
UTR00004026,U003887,TAG13,0.9052,2026-03-06 08:32:40,rule
UTR00004027,U001233,TAG02,0.9756,2026-01-28 07:19:28,rule
UTR00004028,U001163,TAG02,0.6453,2025-07-12 18:39:53,model
UTR00004029,U004145,TAG02,0.7466,2025-08-27 09:06:48,model
UTR00004030,U001495,TAG10,0.5641,2025-09-06 03:27:28,rule
UTR00004031,U001839,TAG15,0.751,2025-09-24 06:06:47,rule
UTR00004032,U001050,TAG13,0.7063,2025-04-27 06:17:46,rule
UTR00004033,U002490,TAG07,0.8048,2026-01-11 12:22:46,model
UTR00004034,U001205,TAG14,0.9518,2025-05-28 14:14:17,model
UTR00004035,U001319,TAG13,0.8001,2026-01-31 15:55:00,rule
UTR00004036,U002309,TAG01,0.916,2026-01-02 01:47:32,rule
UTR00004037,U000926,TAG08,0.5988,2025-06-02 02:44:42,rule
UTR00004038,U002752,TAG06,0.7003,2025-03-26 08:23:29,rule
UTR00004039,U003040,TAG05,0.7891,2025-01-06 16:58:11,rule
UTR00004040,U000711,TAG05,0.6463,2025-01-28 20:18:12,rule
UTR00004041,U004402,TAG04,0.747,2025-09-04 01:50:48,rule
UTR00004042,U002782,TAG09,0.9288,2025-01-20 23:05:25,rule
UTR00004043,U004763,TAG09,0.6547,2025-12-26 17:43:53,model
UTR00004044,U001297,TAG07,0.5515,2026-08-20 08:24:50,model
UTR00004045,U004227,TAG05,0.9086,2025-03-17 09:45:30,model
UTR00004046,U004015,TAG04,0.6754,2025-04-06 02:00:11,rule
UTR00004047,U000192,TAG02,0.6038,2025-03-13 22:59:38,rule
UTR00004048,U002465,TAG11,0.7848,2026-06-25 15:34:54,rule
UTR00004049,U002893,TAG05,0.5506,2025-07-05 01:45:30,rule
UTR00004050,U003810,TAG07,0.934,2025-11-20 11:30:30,rule
UTR00004051,U000423,TAG04,0.9065,2026-06-11 03:53:51,rule
UTR00004052,U000440,TAG09,0.835,2025-12-12 14:43:39,model
UTR00004053,U003252,TAG12,0.7928,2025-07-25 05:06:58,rule
UTR00004054,U003066,TAG05,0.8979,2025-05-12 18:08:21,model
UTR00004055,U002907,TAG10,0.591,2026-05-19 10:55:07,rule
UTR00004056,U001165,TAG03,0.5557,2025-03-28 16:35:44,rule
UTR00004057,U000790,TAG05,0.7852,2026-03-19 23:24:41,manual
UTR00004058,U000103,TAG03,0.6745,2026-03-04 09:09:42,rule
UTR00004059,U004224,TAG10,0.5552,2025-10-18 02:36:47,rule
UTR00004060,U002319,TAG06,0.934,2026-03-02 08:39:02,model
UTR00004061,U001499,TAG02,0.9656,2025-07-31 06:27:55,model
UTR00004062,U003776,TAG08,0.7078,2026-04-12 03:16:19,rule
UTR00004063,U003454,TAG14,0.6763,2025-08-17 17:02:16,model
UTR00004064,U003755,TAG01,0.7582,2026-08-02 12:51:20,model
UTR00004065,U002919,TAG11,0.9582,2026-08-08 10:29:46,manual
UTR00004066,U004283,TAG03,0.8582,2026-07-25 23:40:47,model
UTR00004067,U003463,TAG14,0.8701,2026-07-11 01:27:33,rule
UTR00004068,U004718,TAG07,0.555,2025-03-29 09:56:05,model
UTR00004069,U003506,TAG14,0.9035,2025-09-14 11:15:38,rule
UTR00004070,U004761,TAG11,0.9503,2025-07-21 20:39:56,model
UTR00004071,U003233,TAG09,0.8679,2025-11-05 13:00:49,model
UTR00004072,U000453,TAG07,0.8159,2026-03-10 23:14:48,rule
UTR00004073,U002470,TAG11,0.8041,2026-01-26 14:00:13,rule
UTR00004074,U004018,TAG09,0.5861,2026-04-22 23:12:11,rule
UTR00004075,U002361,TAG10,0.995,2026-06-08 02:29:02,model
UTR00004076,U004128,TAG14,0.8754,2025-08-08 04:17:25,rule
UTR00004077,U003136,TAG02,0.7367,2025-08-27 14:11:40,model
UTR00004078,U002193,TAG10,0.7523,2026-03-14 12:13:38,manual
UTR00004079,U000074,TAG05,0.8353,2026-05-02 13:58:47,rule
UTR00004080,U004616,TAG13,0.5972,2026-06-13 06:09:10,model
UTR00004081,U004588,TAG07,0.689,2025-10-27 21:26:10,rule
UTR00004082,U002418,TAG04,0.7637,2025-09-08 18:30:36,model
UTR00004083,U000844,TAG09,0.6762,2026-07-01 13:07:19,rule
UTR00004084,U001558,TAG10,0.7471,2025-07-09 23:02:58,manual
UTR00004085,U000203,TAG08,0.7299,2025-12-01 05:45:50,rule
UTR00004086,U002126,TAG09,0.8916,2025-05-16 15:10:33,rule
UTR00004087,U001915,TAG14,0.8246,2025-11-08 00:00:20,model
UTR00004088,U003736,TAG09,0.8569,2025-10-24 00:08:19,model
UTR00004089,U003635,TAG11,0.9678,2026-01-13 23:40:19,rule
UTR00004090,U003886,TAG04,0.7829,2026-06-07 18:53:43,rule
UTR00004091,U001908,TAG14,0.7571,2025-12-08 06:33:08,model
UTR00004092,U000574,TAG07,0.8833,2025-08-26 01:41:39,model
UTR00004093,U003958,TAG13,0.7971,2025-06-27 05:01:29,model
UTR00004094,U002158,TAG11,0.9589,2026-06-30 19:01:22,rule
UTR00004095,U001515,TAG11,0.6822,2026-06-09 01:36:56,model
UTR00004096,U002794,TAG15,0.5992,2025-02-20 03:58:43,rule
UTR00004097,U001559,TAG06,0.5671,2025-01-21 16:24:36,rule
UTR00004098,U000830,TAG16,0.5535,2025-08-24 06:32:55,model
UTR00004099,U003953,TAG05,0.5792,2025-12-08 06:03:30,rule
UTR00004100,U003893,TAG07,0.9929,2025-06-27 12:52:56,rule
UTR00004101,U000437,TAG04,0.944,2026-05-08 20:07:11,rule
UTR00004102,U000985,TAG07,0.9905,2026-07-19 05:38:14,model
UTR00004103,U003848,TAG01,0.8361,2026-06-21 17:19:46,model
UTR00004104,U001953,TAG12,0.838,2026-04-13 01:44:01,rule
UTR00004105,U000186,TAG06,0.6102,2025-10-30 06:45:13,rule
UTR00004106,U003403,TAG11,0.9537,2026-08-03 06:29:33,model
UTR00004107,U000901,TAG09,0.8613,2026-06-15 10:16:58,model
UTR00004108,U001802,TAG11,0.6978,2026-04-23 00:14:18,rule
UTR00004109,U004499,TAG06,0.8518,2026-05-27 01:27:58,model
UTR00004110,U001679,TAG16,0.954,2025-08-24 21:13:41,rule
UTR00004111,U000511,TAG08,0.922,2025-11-01 07:35:17,rule
UTR00004112,U001296,TAG04,0.745,2026-02-23 13:09:07,model
UTR00004113,U004500,TAG07,0.5638,2026-06-15 16:52:04,model
UTR00004114,U000768,TAG12,0.8389,2025-09-13 01:48:56,model
UTR00004115,U002346,TAG03,0.8615,2025-10-20 02:05:37,rule
UTR00004116,U002585,TAG07,0.5626,2025-04-21 21:48:07,model
UTR00004117,U004305,TAG09,0.9752,2025-10-06 11:38:56,rule
UTR00004118,U004729,TAG12,0.9036,2025-01-02 05:59:34,model
UTR00004119,U003927,TAG01,0.9357,2025-08-31 07:57:16,rule
UTR00004120,U004025,TAG04,0.7361,2026-05-11 02:30:03,manual
UTR00004121,U000112,TAG05,0.7656,2025-11-18 10:50:20,model
UTR00004122,U002841,TAG06,0.8582,2025-11-15 08:06:36,model
UTR00004123,U001952,TAG11,0.7137,2026-05-06 02:00:43,rule
UTR00004124,U001908,TAG03,0.6522,2025-09-15 23:39:07,model
UTR00004125,U003588,TAG03,0.7496,2025-07-30 13:48:19,rule
UTR00004126,U002133,TAG12,0.5577,2025-06-07 07:03:33,model
UTR00004127,U002735,TAG04,0.8471,2025-04-24 07:41:14,model
UTR00004128,U000879,TAG15,0.6186,2025-02-16 06:33:55,model
UTR00004129,U003937,TAG09,0.9409,2025-03-03 21:20:32,rule
UTR00004130,U003259,TAG02,0.7397,2025-01-10 15:16:24,model
UTR00004131,U001805,TAG02,0.7948,2026-04-07 15:35:32,rule
UTR00004132,U002013,TAG05,0.9599,2025-01-08 17:33:15,model
UTR00004133,U003515,TAG15,0.9879,2025-12-23 21:35:52,rule
UTR00004134,U000633,TAG11,0.5784,2025-01-10 15:15:18,rule
UTR00004135,U000649,TAG03,0.702,2025-02-06 06:47:07,rule
UTR00004136,U000139,TAG12,0.979,2025-01-16 01:25:26,rule
UTR00004137,U002476,TAG01,0.6247,2025-06-30 03:32:46,rule
UTR00004138,U001808,TAG13,0.5558,2025-12-04 19:47:16,rule
UTR00004139,U003889,TAG09,0.6087,2026-05-23 19:37:53,model
UTR00004140,U001498,TAG14,0.9116,2025-09-09 17:20:13,model
UTR00004141,U000671,TAG13,0.9131,2025-01-03 13:19:26,rule
UTR00004142,U001544,TAG15,0.8509,2026-04-11 15:25:14,model
UTR00004143,U002475,TAG03,0.9923,2026-02-27 02:55:53,rule
UTR00004144,U003254,TAG16,0.6575,2026-04-08 00:52:09,model
UTR00004145,U000436,TAG01,0.8467,2026-05-11 03:18:03,model
UTR00004146,U002097,TAG14,0.7865,2025-03-14 08:01:11,rule
UTR00004147,U001787,TAG09,0.7067,2026-04-30 20:27:21,model
UTR00004148,U002614,TAG05,0.8835,2026-01-02 03:07:42,model
UTR00004149,U004973,TAG05,0.8243,2025-08-29 07:06:47,model
UTR00004150,U002850,TAG05,0.6397,2025-04-19 13:05:08,rule
UTR00004151,U004086,TAG04,0.9947,2026-07-01 23:08:32,model
UTR00004152,U004050,TAG03,0.8652,2025-03-17 02:25:43,rule
UTR00004153,U002955,TAG11,0.6842,2026-03-15 12:11:32,rule
UTR00004154,U004191,TAG03,0.9522,2026-01-13 11:40:34,model
UTR00004155,U004658,TAG06,0.9246,2026-04-23 13:32:54,rule
UTR00004156,U004900,TAG04,0.9601,2025-10-18 11:48:41,model
UTR00004157,U003081,TAG16,0.7849,2025-02-04 20:41:57,model
UTR00004158,U000583,TAG02,0.6898,2025-04-30 19:16:55,model
UTR00004159,U002477,TAG16,0.9251,2025-04-15 14:51:51,rule
UTR00004160,U003112,TAG14,0.6535,2025-01-24 21:13:20,rule
UTR00004161,U000787,TAG06,0.8842,2025-07-07 21:27:17,rule
UTR00004162,U004981,TAG12,0.866,2025-11-26 22:40:34,model
UTR00004163,U001198,TAG08,0.7466,2025-03-04 17:09:42,rule
UTR00004164,U004603,TAG14,0.9264,2026-02-10 21:40:03,model
UTR00004165,U003169,TAG12,0.5897,2025-01-31 13:30:44,rule
UTR00004166,U000325,TAG09,0.8821,2025-12-19 23:57:24,rule
UTR00004167,U003974,TAG11,0.8955,2025-07-31 10:17:57,manual
UTR00004168,U004523,TAG08,0.5963,2025-04-09 10:28:34,model
UTR00004169,U000524,TAG14,0.8839,2025-02-02 02:15:13,model
UTR00004170,U000750,TAG06,0.6864,2025-06-24 16:13:00,model
UTR00004171,U003765,TAG12,0.6765,2025-09-22 10:05:23,model
UTR00004172,U003839,TAG09,0.8509,2025-02-28 12:41:22,rule
UTR00004173,U002902,TAG02,0.6917,2026-07-11 18:29:21,rule
UTR00004174,U004408,TAG11,0.8164,2025-03-15 14:05:55,model
UTR00004175,U000985,TAG15,0.5981,2025-05-19 00:15:41,rule
UTR00004176,U002956,TAG07,0.9457,2025-10-21 02:07:00,rule
UTR00004177,U001946,TAG10,0.65,2025-11-06 14:31:39,rule
UTR00004178,U001813,TAG13,0.5536,2025-11-17 19:40:41,model
UTR00004179,U001800,TAG06,0.7322,2025-06-18 16:55:05,model
UTR00004180,U004567,TAG16,0.6839,2025-11-20 16:33:53,model
UTR00004181,U001913,TAG01,0.8332,2025-05-13 15:19:59,model
UTR00004182,U004266,TAG07,0.6114,2025-07-18 14:58:17,rule
UTR00004183,U000023,TAG06,0.6238,2025-11-30 08:43:08,model
UTR00004184,U002734,TAG12,0.8684,2025-06-28 14:54:10,rule
UTR00004185,U002568,TAG05,0.9849,2025-06-15 03:26:26,rule
UTR00004186,U001962,TAG01,0.6399,2025-06-02 00:21:25,model
UTR00004187,U001293,TAG10,0.9824,2025-06-14 22:00:18,model
UTR00004188,U004396,TAG14,0.8054,2026-07-19 23:04:44,rule
UTR00004189,U004770,TAG09,0.709,2026-03-14 21:18:26,rule
UTR00004190,U001566,TAG12,0.6226,2025-01-25 09:46:11,rule
UTR00004191,U000080,TAG14,0.7775,2025-03-29 18:37:29,rule
UTR00004192,U004871,TAG01,0.8092,2025-03-20 17:36:35,rule
UTR00004193,U001963,TAG12,0.6599,2025-05-09 23:53:29,model
UTR00004194,U003758,TAG15,0.8543,2025-01-10 17:27:57,model
UTR00004195,U000788,TAG03,0.8243,2025-09-29 23:15:22,model
UTR00004196,U003650,TAG13,0.5965,2026-08-13 17:31:15,model
UTR00004197,U002793,TAG10,0.7486,2025-01-28 07:29:24,model
UTR00004198,U002368,TAG04,0.9898,2026-02-05 22:37:27,rule
UTR00004199,U000966,TAG02,0.584,2026-07-07 20:27:51,model
UTR00004200,U000033,TAG02,0.737,2026-05-21 11:16:37,rule
UTR00004201,U003990,TAG16,0.7315,2025-01-08 09:07:00,rule
UTR00004202,U004898,TAG08,0.9111,2026-02-16 04:03:41,rule
UTR00004203,U004146,TAG02,0.85,2025-07-18 02:24:09,rule
UTR00004204,U000093,TAG13,0.8185,2025-11-28 10:20:04,model
UTR00004205,U001354,TAG13,0.7694,2026-03-13 15:00:26,model
UTR00004206,U003638,TAG01,0.7259,2025-12-10 03:23:43,rule
UTR00004207,U002135,TAG07,0.6028,2025-05-21 00:09:32,rule
UTR00004208,U004623,TAG06,0.7869,2026-06-17 05:44:30,model
UTR00004209,U002075,TAG09,0.9175,2025-04-02 10:25:50,rule
UTR00004210,U004945,TAG16,0.9551,2026-08-10 00:25:25,rule
UTR00004211,U001062,TAG07,0.8272,2026-01-04 15:47:58,model
UTR00004212,U002919,TAG11,0.9576,2025-04-24 08:40:49,rule
UTR00004213,U002434,TAG02,0.7655,2025-11-26 15:25:24,rule
UTR00004214,U002762,TAG15,0.7787,2026-06-14 23:17:06,manual
UTR00004215,U000520,TAG02,0.8837,2025-12-08 09:52:47,model
UTR00004216,U001192,TAG08,0.8999,2026-06-07 00:00:01,manual
UTR00004217,U002704,TAG11,0.6298,2025-03-02 04:23:58,rule
UTR00004218,U004496,TAG02,0.711,2025-11-07 11:41:32,model
UTR00004219,U002124,TAG04,0.6285,2025-08-18 16:32:44,model
UTR00004220,U002483,TAG03,0.9483,2026-07-23 04:55:05,manual
UTR00004221,U004446,TAG02,0.8126,2025-12-02 12:32:44,rule
UTR00004222,U000159,TAG15,0.7351,2025-08-06 04:52:23,rule
UTR00004223,U002900,TAG10,0.8261,2025-02-13 09:06:21,model
UTR00004224,U003241,TAG06,0.9334,2025-10-19 21:48:38,rule
UTR00004225,U004587,TAG07,0.5989,2025-12-03 04:09:43,model
UTR00004226,U001096,TAG11,0.8676,2026-06-24 07:02:21,model
UTR00004227,U003037,TAG09,0.7379,2026-05-16 01:04:13,rule
UTR00004228,U001672,TAG16,0.8389,2026-05-23 01:53:06,model
UTR00004229,U003741,TAG05,0.9694,2025-01-31 01:17:06,rule
UTR00004230,U001362,TAG02,0.8095,2026-01-19 17:55:05,rule
UTR00004231,U003260,TAG02,0.7711,2025-12-08 00:59:26,model
UTR00004232,U001036,TAG06,0.615,2025-03-27 02:25:47,rule
UTR00004233,U003602,TAG11,0.6071,2025-02-05 11:22:26,model
UTR00004234,U004291,TAG12,0.8331,2026-07-01 18:19:08,model
UTR00004235,U002137,TAG02,0.7661,2025-04-29 19:32:47,model
UTR00004236,U004457,TAG05,0.8009,2025-07-11 17:01:33,rule
UTR00004237,U003453,TAG08,0.6405,2025-06-08 05:18:24,rule
UTR00004238,U004661,TAG03,0.8678,2025-07-22 10:41:53,model
UTR00004239,U002206,TAG10,0.776,2026-02-04 07:13:12,rule
UTR00004240,U000524,TAG05,0.7339,2025-04-12 04:47:32,rule
UTR00004241,U000868,TAG13,0.7233,2025-02-10 17:28:36,rule
UTR00004242,U003646,TAG14,0.8327,2026-02-15 19:27:03,rule
UTR00004243,U001184,TAG15,0.6559,2025-11-24 21:14:30,model
UTR00004244,U002261,TAG04,0.676,2026-06-24 02:39:31,rule
UTR00004245,U004065,TAG09,0.7086,2026-02-14 13:26:05,rule
UTR00004246,U002391,TAG12,0.6623,2025-12-23 04:22:08,rule
UTR00004247,U001663,TAG09,0.6548,2026-03-27 10:19:54,model
UTR00004248,U002343,TAG13,0.6795,2025-02-22 05:22:21,rule
UTR00004249,U004498,TAG08,0.8401,2025-08-04 06:24:03,rule
UTR00004250,U000725,TAG06,0.7053,2025-10-16 22:52:05,rule
UTR00004251,U002068,TAG12,0.9612,2025-12-16 00:56:26,model
UTR00004252,U002064,TAG06,0.9312,2026-01-29 01:27:42,rule
UTR00004253,U003771,TAG13,0.8997,2025-01-21 03:31:57,rule
UTR00004254,U003904,TAG03,0.9649,2026-01-09 21:29:16,rule
UTR00004255,U001560,TAG01,0.8551,2026-07-23 05:22:41,manual
UTR00004256,U001721,TAG02,0.6128,2025-12-29 02:51:10,manual
UTR00004257,U002087,TAG04,0.5907,2026-06-26 07:35:18,model
UTR00004258,U003339,TAG06,0.7794,2025-10-30 13:47:34,rule
UTR00004259,U001423,TAG03,0.6539,2025-01-08 23:05:50,manual
UTR00004260,U004896,TAG10,0.9108,2025-04-01 07:50:40,rule
UTR00004261,U001343,TAG04,0.5601,2026-06-18 13:53:04,rule
UTR00004262,U004153,TAG08,0.6691,2025-03-15 05:19:14,rule
UTR00004263,U002421,TAG10,0.9228,2026-03-21 20:11:33,model
UTR00004264,U004419,TAG02,0.553,2026-08-09 19:04:40,rule
UTR00004265,U001030,TAG05,0.7868,2026-08-18 04:14:20,model
UTR00004266,U001445,TAG12,0.9098,2025-10-16 09:29:09,model
UTR00004267,U004963,TAG05,0.5588,2025-03-19 17:06:36,model
UTR00004268,U003733,TAG15,0.589,2025-12-11 06:21:06,rule
UTR00004269,U000667,TAG16,0.7004,2026-03-29 11:17:57,rule
UTR00004270,U003979,TAG10,0.7066,2026-05-21 22:13:54,rule
UTR00004271,U004174,TAG05,0.8052,2026-03-09 14:53:58,rule
UTR00004272,U004883,TAG08,0.8563,2026-06-17 05:38:35,rule
UTR00004273,U004615,TAG15,0.8817,2026-06-23 13:09:42,rule
UTR00004274,U001123,TAG09,0.7032,2025-06-28 11:16:35,model
UTR00004275,U002848,TAG13,0.7155,2026-01-02 22:22:44,rule
UTR00004276,U003140,TAG11,0.798,2025-06-07 18:27:06,rule
UTR00004277,U001960,TAG11,0.5751,2025-03-02 10:40:40,rule
UTR00004278,U001347,TAG05,0.9701,2025-08-05 19:39:20,model
UTR00004279,U003159,TAG08,0.7696,2025-06-20 02:18:50,model
UTR00004280,U000530,TAG12,0.6796,2025-01-22 18:49:39,rule
UTR00004281,U003315,TAG08,0.9211,2026-02-05 03:02:58,model
UTR00004282,U003048,TAG03,0.7718,2026-01-19 11:06:29,rule
UTR00004283,U004542,TAG12,0.6422,2026-02-06 19:49:05,model
UTR00004284,U000845,TAG09,0.593,2025-02-06 12:41:14,rule
UTR00004285,U002520,TAG04,0.5551,2025-11-18 18:17:50,rule
UTR00004286,U000205,TAG09,0.7072,2026-01-13 07:15:03,rule
UTR00004287,U001288,TAG14,0.9961,2026-06-16 22:56:06,model
UTR00004288,U001289,TAG11,0.8287,2026-07-09 07:58:37,model
UTR00004289,U002857,TAG16,0.6026,2026-05-21 15:28:36,rule
UTR00004290,U003850,TAG04,0.9986,2025-08-08 11:23:41,model
UTR00004291,U001638,TAG09,0.9998,2026-06-03 22:37:29,rule
UTR00004292,U003041,TAG03,0.8233,2025-01-06 04:57:25,rule
UTR00004293,U001448,TAG10,0.9227,2025-08-19 12:40:53,model
UTR00004294,U003550,TAG08,0.6724,2025-03-26 04:57:44,rule
UTR00004295,U003170,TAG15,0.9289,2025-03-15 08:22:33,rule
UTR00004296,U004183,TAG10,0.853,2026-02-11 00:43:52,rule
UTR00004297,U000405,TAG05,0.8541,2025-04-30 08:01:55,model
UTR00004298,U003849,TAG08,0.6405,2025-04-29 07:23:37,rule
UTR00004299,U002293,TAG14,0.8864,2025-12-01 21:10:11,rule
UTR00004300,U003448,TAG11,0.6782,2026-05-27 12:01:57,rule
UTR00004301,U001384,TAG16,0.6867,2026-04-16 13:40:23,model
UTR00004302,U004631,TAG06,0.8855,2026-04-17 17:51:47,model
UTR00004303,U001417,TAG10,0.9426,2025-12-05 17:31:38,rule
UTR00004304,U003760,TAG03,0.7734,2026-06-30 15:28:07,rule
UTR00004305,U003646,TAG08,0.7756,2026-04-19 10:22:33,rule
UTR00004306,U000846,TAG02,0.612,2026-02-06 09:04:53,model
UTR00004307,U002401,TAG09,0.7972,2025-07-17 09:58:13,model
UTR00004308,U000266,TAG10,0.9394,2026-04-01 20:32:09,rule
UTR00004309,U001649,TAG11,0.9662,2026-02-01 09:56:06,rule
UTR00004310,U003592,TAG15,0.7,2026-01-17 20:18:38,rule
UTR00004311,U002913,TAG02,0.6991,2025-09-23 08:39:38,rule
UTR00004312,U001312,TAG14,0.6883,2025-02-13 20:34:40,rule
UTR00004313,U002601,TAG04,0.7895,2026-03-15 00:51:46,rule
UTR00004314,U002587,TAG04,0.9252,2026-07-15 11:43:32,rule
UTR00004315,U002622,TAG13,0.9916,2025-03-24 21:25:02,rule
UTR00004316,U003449,TAG09,0.7354,2025-07-16 22:22:54,rule
UTR00004317,U003090,TAG15,0.7536,2026-01-26 23:17:24,rule
UTR00004318,U003680,TAG12,0.5908,2026-01-07 05:28:10,model
UTR00004319,U004730,TAG16,0.6907,2025-03-06 05:59:07,model
UTR00004320,U004797,TAG04,0.6985,2025-05-12 16:00:11,rule
UTR00004321,U004927,TAG12,0.6904,2025-07-16 03:07:54,rule
UTR00004322,U000472,TAG13,0.7829,2026-02-22 06:23:09,rule
UTR00004323,U004581,TAG08,0.864,2026-08-10 20:10:58,rule
UTR00004324,U002164,TAG08,0.5508,2026-02-22 20:26:45,rule
UTR00004325,U001729,TAG15,0.9783,2026-08-11 08:43:47,rule
UTR00004326,U001959,TAG03,0.9779,2026-04-15 15:07:34,rule
UTR00004327,U002074,TAG02,0.607,2026-02-07 07:52:35,rule
UTR00004328,U001971,TAG03,0.6474,2025-10-16 06:12:56,model
UTR00004329,U001505,TAG13,0.8218,2025-09-09 05:23:05,rule
UTR00004330,U004247,TAG12,0.9298,2025-10-17 05:00:01,model
UTR00004331,U000806,TAG09,0.7444,2026-05-30 03:07:19,rule
UTR00004332,U004368,TAG04,0.5769,2026-02-27 16:16:05,rule
UTR00004333,U003124,TAG03,0.9031,2025-04-07 12:43:11,rule
UTR00004334,U002618,TAG06,0.6206,2025-08-05 07:45:54,model
UTR00004335,U003548,TAG14,0.6827,2025-04-23 14:25:34,model
UTR00004336,U001240,TAG01,0.609,2026-03-19 16:34:33,rule
UTR00004337,U001384,TAG01,0.9271,2026-03-08 18:59:34,rule
UTR00004338,U002915,TAG08,0.5942,2025-11-29 05:54:38,rule
UTR00004339,U000861,TAG02,0.9456,2026-07-15 08:30:16,model
UTR00004340,U000058,TAG03,0.809,2025-08-10 08:05:09,model
UTR00004341,U001730,TAG12,0.8184,2026-03-19 05:08:07,rule
UTR00004342,U000854,TAG13,0.8258,2026-01-07 04:26:55,rule
UTR00004343,U000084,TAG10,0.5598,2025-02-10 01:48:43,model
UTR00004344,U004353,TAG08,0.9149,2025-12-02 18:41:49,model
UTR00004345,U000351,TAG04,0.6631,2025-06-12 20:24:23,model
UTR00004346,U001237,TAG08,0.8191,2025-05-02 21:13:04,rule
UTR00004347,U000610,TAG09,0.6837,2026-03-04 00:32:55,rule
UTR00004348,U003813,TAG07,0.615,2026-05-30 04:22:34,rule
UTR00004349,U001479,TAG13,0.9784,2025-03-10 16:12:09,rule
UTR00004350,U002824,TAG01,0.7336,2026-02-10 20:31:14,model
UTR00004351,U001317,TAG11,0.8807,2025-12-08 02:42:34,rule
UTR00004352,U003841,TAG12,0.649,2026-03-29 07:45:55,model
UTR00004353,U004469,TAG07,0.933,2026-07-05 17:35:08,rule
UTR00004354,U001313,TAG05,0.9358,2025-05-31 22:57:13,rule
UTR00004355,U004991,TAG11,0.5825,2025-08-26 06:45:32,model
UTR00004356,U000074,TAG14,0.5575,2025-10-12 06:29:30,rule
UTR00004357,U000552,TAG16,0.7547,2025-03-19 20:27:16,manual
UTR00004358,U000247,TAG05,0.5589,2026-04-27 07:16:07,rule
UTR00004359,U003848,TAG02,0.5999,2025-07-22 17:07:37,rule
UTR00004360,U003597,TAG13,0.9582,2025-11-20 09:00:52,model
UTR00004361,U000292,TAG13,0.9436,2026-06-05 20:45:13,rule
UTR00004362,U004092,TAG08,0.8618,2025-10-23 10:28:02,rule
UTR00004363,U001387,TAG10,0.6613,2025-07-05 00:11:12,model
UTR00004364,U004627,TAG11,0.5974,2025-02-11 13:13:48,rule
UTR00004365,U002731,TAG04,0.5998,2025-11-13 15:57:00,rule
UTR00004366,U002167,TAG04,0.8766,2026-08-03 14:25:32,model
UTR00004367,U001567,TAG09,0.7147,2025-09-24 10:53:59,model
UTR00004368,U001955,TAG05,0.6465,2025-11-02 22:05:41,rule
UTR00004369,U003704,TAG15,0.9848,2025-11-02 03:15:18,model
UTR00004370,U002851,TAG03,0.8897,2025-10-03 23:37:02,rule
UTR00004371,U004171,TAG07,0.9199,2025-10-31 23:33:12,manual
UTR00004372,U004574,TAG04,0.9164,2025-01-18 19:11:10,rule
UTR00004373,U000563,TAG12,0.9007,2025-04-12 09:42:26,model
UTR00004374,U002620,TAG12,0.8099,2025-01-06 12:51:20,model
UTR00004375,U000971,TAG03,0.8961,2026-07-26 10:12:26,rule
UTR00004376,U004701,TAG13,0.7295,2026-06-16 06:35:12,rule
UTR00004377,U000440,TAG08,0.9255,2025-08-13 03:40:51,rule
UTR00004378,U003018,TAG10,0.9833,2025-10-29 03:47:35,rule
UTR00004379,U001929,TAG08,0.9804,2025-08-16 09:14:01,rule
UTR00004380,U002470,TAG02,0.8132,2025-06-02 22:40:16,rule
UTR00004381,U002535,TAG01,0.5999,2026-04-05 10:52:27,rule
UTR00004382,U002429,TAG11,0.9414,2025-08-30 21:25:27,rule
UTR00004383,U004610,TAG15,0.7608,2025-04-20 13:37:37,rule
UTR00004384,U002734,TAG06,0.94,2025-11-30 03:08:02,rule
UTR00004385,U004733,TAG07,0.6981,2026-05-25 20:55:33,rule
UTR00004386,U004050,TAG04,0.5837,2025-04-11 18:03:10,rule
UTR00004387,U003203,TAG15,0.5868,2025-07-14 08:39:06,rule
UTR00004388,U002608,TAG09,0.9305,2026-05-24 16:00:34,model
UTR00004389,U000291,TAG16,0.6052,2025-11-28 02:22:29,model
UTR00004390,U001335,TAG05,0.9701,2026-01-13 05:35:39,model
UTR00004391,U002256,TAG15,0.6426,2025-06-05 15:12:54,model
UTR00004392,U002407,TAG14,0.5995,2026-06-23 16:33:23,rule
UTR00004393,U003983,TAG08,0.6943,2025-07-04 21:17:28,rule
UTR00004394,U000934,TAG01,0.7125,2025-11-29 23:15:08,rule
UTR00004395,U002894,TAG02,0.9749,2025-03-13 13:44:57,rule
UTR00004396,U003760,TAG09,0.6001,2026-07-03 15:23:27,model
UTR00004397,U000231,TAG07,0.9679,2025-12-22 13:34:03,rule
UTR00004398,U004196,TAG09,0.6866,2026-05-26 04:40:46,rule
UTR00004399,U000402,TAG08,0.9074,2025-07-17 08:25:41,rule
UTR00004400,U001401,TAG11,0.8156,2025-09-14 15:39:23,rule
UTR00004401,U003612,TAG13,0.8759,2025-08-14 18:05:38,rule
UTR00004402,U004686,TAG07,0.6593,2026-06-23 20:39:18,model
UTR00004403,U001990,TAG08,0.9164,2025-09-18 21:32:57,rule
UTR00004404,U000006,TAG10,0.7883,2025-02-06 11:06:35,rule
UTR00004405,U002688,TAG13,0.5711,2026-02-13 13:35:18,manual
UTR00004406,U004437,TAG05,0.6662,2025-03-02 02:31:13,rule
UTR00004407,U002596,TAG13,0.6273,2025-04-14 11:37:20,model
UTR00004408,U000769,TAG08,0.9764,2026-04-06 10:54:58,rule
UTR00004409,U002190,TAG03,0.7604,2025-07-20 18:06:54,rule
UTR00004410,U000289,TAG12,0.9713,2025-07-11 19:52:24,rule
UTR00004411,U003956,TAG03,0.8005,2025-11-18 19:41:43,model
UTR00004412,U001762,TAG13,0.9157,2025-07-11 01:11:29,rule
UTR00004413,U001646,TAG04,0.7253,2025-05-10 10:59:03,rule
UTR00004414,U000567,TAG08,0.7917,2025-05-24 21:59:22,model
UTR00004415,U003237,TAG08,0.9403,2025-12-03 11:00:21,rule
UTR00004416,U001414,TAG08,0.7864,2025-09-01 17:52:01,rule
UTR00004417,U004748,TAG05,0.8233,2025-12-26 11:41:03,rule
UTR00004418,U003969,TAG05,0.9841,2026-05-16 20:20:34,model
UTR00004419,U001113,TAG01,0.9679,2026-08-22 07:45:08,rule
UTR00004420,U003573,TAG04,0.8259,2026-06-16 04:42:47,model
UTR00004421,U002762,TAG16,0.5582,2025-04-02 01:13:45,rule
UTR00004422,U000753,TAG11,0.6752,2025-04-08 10:12:34,model
UTR00004423,U002970,TAG04,0.8025,2025-02-17 23:59:53,rule
UTR00004424,U004336,TAG13,0.6536,2026-01-26 10:52:35,rule
UTR00004425,U003122,TAG01,0.5878,2025-03-23 13:28:37,model
UTR00004426,U002364,TAG02,0.7621,2025-07-31 18:33:34,rule
UTR00004427,U000695,TAG05,0.83,2025-09-06 15:51:01,rule
UTR00004428,U002955,TAG16,0.7012,2026-03-19 23:14:22,rule
UTR00004429,U001883,TAG05,0.9047,2026-07-09 21:22:48,model
UTR00004430,U003925,TAG10,0.602,2026-05-05 07:52:08,rule
UTR00004431,U001636,TAG12,0.5895,2025-07-01 23:35:37,rule
UTR00004432,U001853,TAG16,0.6604,2025-10-05 22:06:15,model
UTR00004433,U003472,TAG13,0.9435,2025-09-10 16:39:36,model
UTR00004434,U002860,TAG02,0.5913,2025-11-22 14:56:03,rule
UTR00004435,U001581,TAG12,0.6389,2026-02-09 16:12:32,rule
UTR00004436,U004158,TAG06,0.5774,2025-08-17 18:41:50,rule
UTR00004437,U000711,TAG03,0.9925,2025-09-25 09:11:52,rule
UTR00004438,U001785,TAG05,0.8277,2025-01-26 12:37:26,rule
UTR00004439,U001109,TAG13,0.8695,2026-01-27 20:27:29,rule
UTR00004440,U000259,TAG05,0.7578,2026-02-23 14:32:31,manual
UTR00004441,U004388,TAG06,0.8121,2025-08-21 06:59:32,rule
UTR00004442,U002640,TAG12,0.9641,2026-06-21 02:31:28,model
UTR00004443,U000693,TAG07,0.6314,2025-07-30 01:05:11,rule
UTR00004444,U003995,TAG09,0.6529,2026-06-13 03:50:35,rule
UTR00004445,U004624,TAG01,0.9379,2025-10-26 10:10:46,model
UTR00004446,U001991,TAG14,0.713,2025-05-19 23:29:34,model
UTR00004447,U001836,TAG12,0.8247,2025-07-07 20:42:04,model
UTR00004448,U000958,TAG07,0.7182,2026-03-28 18:56:58,rule
UTR00004449,U001971,TAG09,0.7476,2025-11-27 21:26:40,rule
UTR00004450,U000651,TAG16,0.9317,2026-04-05 09:46:28,model
UTR00004451,U000640,TAG15,0.9718,2025-12-12 13:10:34,model
UTR00004452,U004093,TAG09,0.7804,2026-05-01 18:34:14,manual
UTR00004453,U001736,TAG15,0.5941,2026-05-29 14:15:18,rule
UTR00004454,U002625,TAG16,0.8941,2025-12-15 16:15:17,rule
UTR00004455,U002801,TAG10,0.7552,2026-01-01 16:35:30,rule
UTR00004456,U002826,TAG15,0.6527,2025-07-24 07:07:41,model
UTR00004457,U001541,TAG07,0.5791,2025-05-30 08:41:53,rule
UTR00004458,U002825,TAG12,0.566,2026-06-05 04:30:26,model
UTR00004459,U004409,TAG03,0.7856,2025-11-13 19:03:00,rule
UTR00004460,U001143,TAG01,0.6453,2026-04-12 20:07:15,rule
UTR00004461,U000675,TAG05,0.623,2026-02-08 18:54:48,rule
UTR00004462,U002376,TAG02,0.8737,2026-08-12 03:18:58,rule
UTR00004463,U002171,TAG04,0.8846,2026-05-11 19:12:10,model
UTR00004464,U002439,TAG04,0.5537,2025-08-10 18:40:35,rule
UTR00004465,U003695,TAG06,0.9138,2026-02-15 17:07:33,model
UTR00004466,U000197,TAG01,0.7979,2025-10-04 05:46:41,manual
UTR00004467,U001719,TAG07,0.7677,2025-11-11 11:37:57,rule
UTR00004468,U003991,TAG01,0.5688,2026-01-05 05:41:14,rule
UTR00004469,U001314,TAG14,0.8652,2025-08-21 23:18:45,rule
UTR00004470,U001651,TAG14,0.937,2026-01-02 19:18:28,rule
UTR00004471,U004403,TAG15,0.8703,2025-07-12 07:40:05,model
UTR00004472,U004773,TAG10,0.5764,2025-10-19 06:11:57,rule
UTR00004473,U000696,TAG04,0.8263,2026-07-14 20:20:29,rule
UTR00004474,U002518,TAG12,0.8673,2025-08-21 14:47:51,rule
UTR00004475,U001391,TAG01,0.6832,2025-12-18 17:35:50,rule
UTR00004476,U002288,TAG02,0.8444,2025-05-23 23:01:57,rule
UTR00004477,U001023,TAG13,0.8692,2025-06-04 04:54:22,rule
UTR00004478,U001244,TAG09,0.5711,2026-08-13 13:23:59,model
UTR00004479,U002915,TAG16,0.7286,2026-08-16 17:42:39,model
UTR00004480,U000061,TAG03,0.8965,2025-09-01 15:23:56,rule
UTR00004481,U003434,TAG13,0.9734,2025-05-06 03:32:31,model
UTR00004482,U001234,TAG03,0.6783,2025-07-08 10:31:49,rule
UTR00004483,U001756,TAG01,0.7185,2026-07-08 16:26:09,rule
UTR00004484,U003779,TAG02,0.6913,2025-08-02 16:40:58,model
UTR00004485,U003594,TAG15,0.72,2025-02-23 07:50:37,model
UTR00004486,U003961,TAG16,0.5627,2026-04-26 09:54:20,rule
UTR00004487,U003302,TAG16,0.782,2025-01-04 02:15:49,model
UTR00004488,U000659,TAG05,0.861,2026-01-28 19:35:21,model
UTR00004489,U004595,TAG04,0.7151,2026-04-15 19:45:06,rule
UTR00004490,U000271,TAG12,0.6847,2026-02-20 12:22:34,rule
UTR00004491,U004300,TAG08,0.5609,2025-01-19 19:02:04,rule
UTR00004492,U000968,TAG05,0.6123,2025-05-25 01:22:08,rule
UTR00004493,U001431,TAG09,0.9101,2025-12-19 16:45:06,rule
UTR00004494,U003064,TAG14,0.5939,2026-07-01 22:31:18,rule
UTR00004495,U004901,TAG02,0.6783,2025-07-12 10:40:24,rule
UTR00004496,U003466,TAG13,0.8318,2025-03-31 22:25:13,rule
UTR00004497,U002199,TAG09,0.8884,2025-07-24 21:18:16,rule
UTR00004498,U003301,TAG11,0.5648,2026-07-10 18:42:59,rule
UTR00004499,U004728,TAG06,0.749,2025-06-05 20:06:57,model
UTR00004500,U001008,TAG07,0.6322,2026-01-08 18:13:11,rule
UTR00004501,U001122,TAG08,0.6912,2025-10-11 23:30:59,rule
UTR00004502,U000189,TAG11,0.5769,2025-08-28 14:22:27,rule
UTR00004503,U001597,TAG16,0.981,2026-05-26 05:35:35,rule
UTR00004504,U004607,TAG03,0.7768,2025-03-24 22:40:49,model
UTR00004505,U001168,TAG07,0.6766,2026-06-30 13:59:50,rule
UTR00004506,U003270,TAG11,0.5615,2026-02-17 02:28:24,rule
UTR00004507,U003751,TAG11,0.9996,2025-02-17 16:29:53,rule
UTR00004508,U001615,TAG16,0.8032,2025-12-24 06:16:46,model
UTR00004509,U004239,TAG08,0.9961,2025-09-15 03:50:34,model
UTR00004510,U003310,TAG09,0.5978,2025-07-25 20:59:01,model
UTR00004511,U000656,TAG13,0.7541,2025-10-19 11:06:37,rule
UTR00004512,U001738,TAG03,0.7804,2025-01-06 07:15:16,model
UTR00004513,U000752,TAG09,0.6173,2025-07-14 18:47:45,rule
UTR00004514,U000699,TAG03,0.6146,2026-08-16 01:30:04,rule
UTR00004515,U002778,TAG02,0.5581,2026-02-17 15:25:00,model
UTR00004516,U004460,TAG14,0.7923,2025-06-16 20:01:13,model
UTR00004517,U001646,TAG14,0.9677,2026-04-19 12:34:15,rule
UTR00004518,U000411,TAG13,0.8457,2025-09-19 14:13:21,model
UTR00004519,U002990,TAG07,0.8189,2026-08-05 01:37:52,rule
UTR00004520,U000386,TAG05,0.5597,2026-06-08 22:51:39,rule
UTR00004521,U001507,TAG02,0.7715,2025-02-23 13:04:03,rule
UTR00004522,U003557,TAG11,0.9538,2025-07-18 20:11:00,rule
UTR00004523,U001622,TAG06,0.8338,2025-05-11 20:37:42,model
UTR00004524,U001425,TAG10,0.6199,2025-03-07 12:30:06,rule
UTR00004525,U004731,TAG04,0.7304,2026-07-01 10:04:38,model
UTR00004526,U003293,TAG12,0.9827,2025-10-31 04:50:45,model
UTR00004527,U004668,TAG07,0.614,2026-07-14 09:38:28,rule
UTR00004528,U003619,TAG10,0.5612,2025-10-07 08:45:16,model
UTR00004529,U004018,TAG03,0.6557,2025-11-11 23:16:44,model
UTR00004530,U000833,TAG09,0.6524,2025-01-29 08:54:34,rule
UTR00004531,U003995,TAG15,0.9566,2025-11-07 20:03:12,rule
UTR00004532,U000056,TAG04,0.8708,2025-03-25 06:03:46,rule
UTR00004533,U002878,TAG05,0.8172,2026-06-01 06:48:32,rule
UTR00004534,U003638,TAG05,0.9495,2025-07-30 18:34:01,model
UTR00004535,U003774,TAG15,0.6533,2026-05-05 11:48:11,rule
UTR00004536,U003237,TAG07,0.7793,2025-02-17 23:33:27,rule
UTR00004537,U004203,TAG09,0.9405,2025-04-28 15:34:58,model
UTR00004538,U000306,TAG07,0.9961,2026-07-27 05:08:16,rule
UTR00004539,U003593,TAG08,0.6104,2025-11-28 00:54:16,manual
UTR00004540,U000801,TAG14,0.6276,2026-02-05 03:19:34,rule
UTR00004541,U001753,TAG11,0.8028,2025-02-07 14:29:28,model
UTR00004542,U002346,TAG05,0.5995,2026-06-19 23:28:36,model
UTR00004543,U001681,TAG14,0.7421,2026-05-06 23:59:38,model
UTR00004544,U003278,TAG01,0.6649,2026-02-13 04:16:04,rule
UTR00004545,U002747,TAG14,0.7306,2025-01-03 05:55:44,model
UTR00004546,U001191,TAG03,0.5891,2026-02-06 21:15:32,rule
UTR00004547,U000573,TAG05,0.7113,2025-05-30 09:00:30,model
UTR00004548,U003205,TAG16,0.8876,2025-10-10 12:16:38,rule
UTR00004549,U001604,TAG04,0.859,2025-03-18 13:20:16,model
UTR00004550,U002640,TAG08,0.7215,2025-10-27 05:48:14,model
UTR00004551,U004345,TAG10,0.8641,2026-02-12 23:27:57,model
UTR00004552,U004781,TAG09,0.7901,2025-08-11 20:39:20,rule
UTR00004553,U002268,TAG14,0.7522,2025-11-13 13:13:41,model
UTR00004554,U004481,TAG13,0.6615,2025-03-13 11:47:28,model
UTR00004555,U004263,TAG03,0.7514,2025-02-09 04:18:46,rule
UTR00004556,U004934,TAG14,0.9906,2025-02-02 05:11:34,model
UTR00004557,U004288,TAG03,0.8683,2025-03-11 05:52:52,rule
UTR00004558,U003998,TAG02,0.9448,2026-05-08 10:05:10,rule
UTR00004559,U004979,TAG09,0.5928,2025-10-19 02:03:39,model
UTR00004560,U000859,TAG13,0.975,2026-06-12 08:10:35,rule
UTR00004561,U003068,TAG12,0.7329,2026-08-02 02:31:42,model
UTR00004562,U003654,TAG13,0.8509,2025-09-23 09:14:52,model
UTR00004563,U003991,TAG16,0.8643,2025-02-14 07:45:13,rule
UTR00004564,U000472,TAG07,0.9154,2025-11-12 01:19:20,model
UTR00004565,U001496,TAG02,0.7346,2025-10-27 21:51:00,rule
UTR00004566,U004228,TAG05,0.8649,2026-01-29 01:09:42,rule
UTR00004567,U003222,TAG01,0.778,2026-05-26 12:40:58,model
UTR00004568,U000253,TAG01,0.5638,2026-05-22 02:07:56,rule
UTR00004569,U002310,TAG06,0.6071,2025-10-01 18:04:47,model
UTR00004570,U001763,TAG10,0.8654,2025-03-09 02:12:37,rule
UTR00004571,U003879,TAG07,0.9004,2025-04-05 05:11:47,rule
UTR00004572,U001832,TAG13,0.8975,2025-03-18 09:46:40,model
UTR00004573,U003096,TAG05,0.7404,2025-06-19 22:30:40,rule
UTR00004574,U000482,TAG01,0.7017,2025-02-18 05:51:39,model
UTR00004575,U002719,TAG16,0.6734,2026-05-01 16:11:26,rule
UTR00004576,U003729,TAG16,0.9891,2025-08-28 14:04:28,rule
UTR00004577,U001152,TAG16,0.6492,2025-04-29 00:42:43,rule
UTR00004578,U002201,TAG15,0.9255,2025-08-08 21:20:37,model
UTR00004579,U000123,TAG01,0.92,2025-08-07 21:07:18,model
UTR00004580,U004816,TAG09,0.9706,2026-01-25 16:19:26,rule
UTR00004581,U000533,TAG10,0.9366,2025-12-18 09:47:00,model
UTR00004582,U001765,TAG09,0.8681,2025-02-22 03:08:09,model
UTR00004583,U002049,TAG06,0.5529,2026-02-27 00:26:28,rule
UTR00004584,U003039,TAG10,0.6843,2026-02-27 22:24:12,model
UTR00004585,U002918,TAG13,0.8847,2025-07-18 13:07:47,model
UTR00004586,U002722,TAG14,0.612,2026-08-16 12:08:55,model
UTR00004587,U003756,TAG11,0.7689,2025-12-06 21:01:26,rule
UTR00004588,U002065,TAG01,0.7218,2025-07-09 06:03:43,model
UTR00004589,U003439,TAG11,0.5827,2026-08-16 13:29:06,rule
UTR00004590,U000979,TAG13,0.6776,2026-03-10 07:41:16,model
UTR00004591,U002625,TAG02,0.9805,2025-09-15 11:48:15,rule
UTR00004592,U004676,TAG12,0.925,2025-08-23 18:05:24,model
UTR00004593,U001546,TAG06,0.9285,2025-07-11 12:47:37,rule
UTR00004594,U002470,TAG09,0.5839,2026-02-15 03:56:04,rule
UTR00004595,U003473,TAG15,0.8883,2026-04-11 10:21:09,rule
UTR00004596,U001679,TAG16,0.5896,2025-08-02 23:11:28,rule
UTR00004597,U001208,TAG16,0.7369,2025-05-12 12:43:25,manual
UTR00004598,U003082,TAG16,0.8417,2025-08-14 08:57:49,model
UTR00004599,U001750,TAG05,0.5952,2026-08-04 09:27:46,model
UTR00004600,U002185,TAG05,0.8672,2025-03-13 16:44:34,rule
UTR00004601,U004012,TAG11,0.7238,2025-05-09 05:40:51,rule
UTR00004602,U004998,TAG13,0.6577,2025-03-21 14:52:57,rule
UTR00004603,U002371,TAG10,0.7171,2025-10-05 21:35:24,model
UTR00004604,U001471,TAG10,0.9952,2025-09-16 06:57:20,model
UTR00004605,U002394,TAG02,0.5606,2025-06-05 09:58:22,rule
UTR00004606,U003429,TAG14,0.7776,2025-09-07 07:51:13,manual
UTR00004607,U004797,TAG11,0.8157,2025-07-02 11:44:50,rule
UTR00004608,U003615,TAG03,0.7331,2026-07-05 22:49:20,rule
UTR00004609,U004992,TAG04,0.798,2025-08-19 19:10:46,rule
UTR00004610,U004545,TAG08,0.7049,2025-08-28 08:03:18,model
UTR00004611,U002440,TAG13,0.6444,2026-04-12 17:18:38,rule
UTR00004612,U002161,TAG04,0.9752,2025-03-19 08:53:46,rule
UTR00004613,U003900,TAG16,0.8393,2026-01-12 20:09:12,rule
UTR00004614,U001403,TAG05,0.9393,2025-06-17 20:30:52,rule
UTR00004615,U004780,TAG03,0.6494,2025-06-26 23:11:44,model
UTR00004616,U004088,TAG01,0.6636,2026-06-02 00:35:08,model
UTR00004617,U000429,TAG12,0.7408,2025-01-10 16:58:53,model
UTR00004618,U002125,TAG09,0.639,2025-04-01 08:12:04,rule
UTR00004619,U000297,TAG16,0.7061,2025-08-07 12:20:26,model
UTR00004620,U003277,TAG04,0.5628,2025-04-27 03:56:24,rule
UTR00004621,U001965,TAG15,0.9045,2025-07-10 12:48:40,model
UTR00004622,U004969,TAG15,0.7032,2025-07-21 14:12:39,model
UTR00004623,U002171,TAG07,0.6351,2025-02-21 02:45:46,rule
UTR00004624,U004045,TAG01,0.7229,2025-10-30 19:02:40,rule
UTR00004625,U002570,TAG11,0.983,2025-07-11 11:50:51,rule
UTR00004626,U000758,TAG11,0.7687,2026-06-20 11:03:32,model
UTR00004627,U002048,TAG01,0.5534,2025-11-12 23:43:02,model
UTR00004628,U000855,TAG10,0.7471,2026-06-09 07:34:52,model
UTR00004629,U002109,TAG01,0.9416,2026-03-20 14:01:42,rule
UTR00004630,U000776,TAG02,0.9363,2025-04-23 07:55:59,rule
UTR00004631,U002879,TAG14,0.8465,2025-01-17 17:22:11,rule
UTR00004632,U002774,TAG05,0.7876,2026-01-29 18:38:48,model
UTR00004633,U003662,TAG06,0.6711,2026-03-27 14:25:21,rule
UTR00004634,U000430,TAG16,0.9315,2025-11-06 12:21:27,rule
UTR00004635,U000722,TAG08,0.8739,2025-04-11 03:19:59,rule
UTR00004636,U002538,TAG07,0.7492,2026-04-22 03:24:12,rule
UTR00004637,U003348,TAG04,0.9549,2026-05-24 01:53:19,rule
UTR00004638,U003957,TAG05,0.7925,2025-10-17 12:57:00,rule
UTR00004639,U003339,TAG15,0.7613,2026-07-30 01:08:43,rule
UTR00004640,U000257,TAG12,0.9408,2025-02-10 05:14:01,rule
UTR00004641,U000537,TAG15,0.7462,2026-03-10 07:26:46,rule
UTR00004642,U004658,TAG16,0.8526,2025-12-08 22:01:37,rule
UTR00004643,U000422,TAG11,0.7277,2025-08-19 18:19:32,rule
UTR00004644,U002398,TAG02,0.9357,2026-06-24 07:35:15,rule
UTR00004645,U002580,TAG10,0.5718,2025-02-07 06:17:00,rule
UTR00004646,U003684,TAG16,0.6698,2025-07-23 03:58:41,rule
UTR00004647,U004052,TAG08,0.9726,2025-10-12 22:09:56,rule
UTR00004648,U001401,TAG12,0.6219,2025-05-30 21:29:49,rule
UTR00004649,U003199,TAG13,0.7615,2025-02-17 04:30:21,rule
UTR00004650,U002184,TAG11,0.8621,2026-03-28 16:57:38,rule
UTR00004651,U003098,TAG13,0.9812,2025-10-12 06:05:18,rule
UTR00004652,U000721,TAG03,0.595,2025-02-11 21:06:25,rule
UTR00004653,U000614,TAG13,0.9914,2025-01-07 08:32:14,model
UTR00004654,U002650,TAG14,0.6294,2025-08-29 07:48:40,model
UTR00004655,U000819,TAG11,0.8552,2026-03-30 11:24:45,rule
UTR00004656,U003058,TAG15,0.7773,2025-05-09 00:09:19,rule
UTR00004657,U002617,TAG12,0.7318,2026-07-29 17:41:07,model
UTR00004658,U001566,TAG14,0.8469,2025-11-04 07:19:54,model
UTR00004659,U002093,TAG07,0.9571,2025-07-29 21:38:55,rule
UTR00004660,U000381,TAG07,0.8652,2025-02-03 10:48:51,model
UTR00004661,U002985,TAG15,0.9692,2025-05-12 15:46:13,manual
UTR00004662,U004837,TAG03,0.849,2026-05-23 12:00:00,rule
UTR00004663,U003479,TAG02,0.9103,2025-01-17 14:35:24,model
UTR00004664,U001523,TAG11,0.8566,2025-05-04 04:08:18,model
UTR00004665,U000513,TAG05,0.7545,2025-03-22 00:59:44,rule
UTR00004666,U003651,TAG02,0.7627,2025-07-20 13:54:41,model
UTR00004667,U001104,TAG14,0.9981,2026-04-01 04:28:02,rule
UTR00004668,U000094,TAG15,0.7179,2025-11-22 16:01:51,model
UTR00004669,U004645,TAG06,0.5627,2026-02-25 13:05:26,rule
UTR00004670,U003133,TAG03,0.9395,2025-08-24 23:09:29,model
UTR00004671,U000596,TAG14,0.6001,2025-09-21 16:56:34,model
UTR00004672,U003418,TAG12,0.8905,2026-01-15 23:17:50,rule
UTR00004673,U001901,TAG04,0.9814,2025-09-22 07:18:28,rule
UTR00004674,U000424,TAG13,0.6168,2025-01-03 16:38:10,rule
UTR00004675,U002766,TAG15,0.6029,2025-10-09 10:10:56,rule
UTR00004676,U000890,TAG02,0.8354,2026-04-02 02:46:44,model
UTR00004677,U002315,TAG03,0.8944,2026-05-03 09:29:14,manual
UTR00004678,U001732,TAG03,0.984,2026-03-29 12:14:14,model
UTR00004679,U004899,TAG13,0.7161,2025-09-26 02:24:49,rule
UTR00004680,U002482,TAG07,0.6034,2026-06-18 16:08:50,rule
UTR00004681,U004750,TAG03,0.6092,2026-03-08 11:50:51,model
UTR00004682,U002990,TAG09,0.6375,2026-05-29 13:03:56,rule
UTR00004683,U004600,TAG08,0.7312,2025-08-14 23:30:42,rule
UTR00004684,U001962,TAG16,0.7841,2025-10-05 06:09:18,rule
UTR00004685,U000078,TAG03,0.966,2026-01-02 20:21:08,model
UTR00004686,U004452,TAG08,0.5502,2026-05-17 11:35:05,rule
UTR00004687,U002891,TAG11,0.7784,2026-04-05 02:43:07,rule
UTR00004688,U001839,TAG02,0.6841,2025-07-20 09:55:55,rule
UTR00004689,U003585,TAG12,0.7739,2026-06-30 23:14:43,rule
UTR00004690,U001931,TAG09,0.9887,2026-06-10 22:36:36,model
UTR00004691,U004797,TAG08,0.9303,2025-09-17 07:16:34,manual
UTR00004692,U004158,TAG11,0.902,2025-04-25 19:38:26,rule
UTR00004693,U003159,TAG04,0.9804,2025-03-27 00:39:23,model
UTR00004694,U004957,TAG09,0.9483,2026-05-31 18:40:53,rule
UTR00004695,U002264,TAG12,0.7304,2026-06-15 22:07:59,model
UTR00004696,U001714,TAG02,0.7218,2025-12-23 19:09:24,rule
UTR00004697,U004899,TAG12,0.5923,2025-06-20 14:06:56,rule
UTR00004698,U002108,TAG13,0.8664,2025-10-07 11:19:52,rule
UTR00004699,U004258,TAG13,0.8536,2025-07-24 17:32:04,rule
UTR00004700,U003608,TAG09,0.607,2025-10-26 12:56:41,rule
UTR00004701,U002743,TAG08,0.7299,2025-03-07 23:01:52,rule
UTR00004702,U002920,TAG09,0.9305,2025-01-16 10:54:04,rule
UTR00004703,U004314,TAG10,0.7698,2025-04-02 08:32:22,rule
UTR00004704,U001107,TAG09,0.6726,2026-03-19 05:43:19,rule
UTR00004705,U004405,TAG09,0.8795,2025-02-21 01:53:52,rule
UTR00004706,U001712,TAG14,0.6233,2025-01-25 15:15:20,rule
UTR00004707,U000355,TAG08,0.838,2025-07-11 14:51:07,model
UTR00004708,U000158,TAG15,0.7058,2025-12-16 11:13:06,rule
UTR00004709,U004134,TAG01,0.6595,2026-01-29 10:58:54,manual
UTR00004710,U001913,TAG09,0.7334,2025-12-15 11:26:53,rule
UTR00004711,U004313,TAG13,0.5638,2025-03-16 05:00:47,model
UTR00004712,U003760,TAG16,0.756,2026-06-07 20:12:53,model
UTR00004713,U004655,TAG03,0.5655,2025-10-01 06:41:27,rule
UTR00004714,U003283,TAG12,0.6657,2026-08-13 09:04:02,rule
UTR00004715,U002817,TAG09,0.6431,2026-04-06 21:44:16,model
UTR00004716,U001271,TAG06,0.6419,2026-01-15 21:17:48,rule
UTR00004717,U003855,TAG16,0.9844,2025-10-13 15:05:13,rule
UTR00004718,U004912,TAG16,0.6993,2026-06-23 10:11:26,model
UTR00004719,U003489,TAG09,0.7793,2026-04-13 06:09:17,rule
UTR00004720,U001668,TAG05,0.6771,2025-04-20 19:22:30,model
UTR00004721,U001052,TAG08,0.8271,2025-10-07 15:10:31,model
UTR00004722,U000458,TAG14,0.9051,2025-08-11 05:43:30,rule
UTR00004723,U003535,TAG11,0.7652,2026-03-15 12:35:47,rule
UTR00004724,U001392,TAG01,0.82,2025-01-19 04:28:30,model
UTR00004725,U004508,TAG11,0.7041,2026-04-12 07:10:55,model
UTR00004726,U004746,TAG11,0.6724,2025-06-22 23:40:02,rule
UTR00004727,U001216,TAG01,0.9503,2025-12-08 08:29:12,rule
UTR00004728,U003376,TAG09,0.6136,2025-01-04 02:46:05,rule
UTR00004729,U000367,TAG04,0.7932,2025-10-24 10:15:05,model
UTR00004730,U003848,TAG05,0.7505,2025-03-11 08:47:12,rule
UTR00004731,U000860,TAG02,0.7414,2025-01-13 20:43:38,rule
UTR00004732,U000299,TAG14,0.7848,2025-04-30 18:45:18,model
UTR00004733,U004019,TAG13,0.612,2025-01-18 15:37:54,rule
UTR00004734,U002635,TAG11,0.7334,2026-06-19 13:32:45,model
UTR00004735,U001084,TAG15,0.8893,2026-03-21 20:04:58,model
UTR00004736,U004171,TAG16,0.5633,2025-04-02 08:22:33,model
UTR00004737,U001731,TAG15,0.6992,2026-03-21 19:18:05,rule
UTR00004738,U000565,TAG03,0.6857,2025-11-30 12:41:54,model
UTR00004739,U001130,TAG04,0.8976,2025-11-28 03:08:29,rule
UTR00004740,U000992,TAG16,0.7017,2025-05-01 23:29:53,rule
UTR00004741,U003612,TAG08,0.8629,2026-05-06 12:14:09,rule
UTR00004742,U001401,TAG10,0.8047,2026-05-27 16:51:44,model
UTR00004743,U004630,TAG03,0.6022,2025-03-24 02:04:36,rule
UTR00004744,U001949,TAG01,0.9956,2025-09-21 00:22:40,rule
UTR00004745,U004841,TAG15,0.7339,2025-03-21 07:13:10,rule
UTR00004746,U001950,TAG13,0.6415,2026-01-12 21:12:47,rule
UTR00004747,U000540,TAG07,0.9007,2025-03-13 10:48:56,rule
UTR00004748,U004784,TAG10,0.5776,2026-04-09 19:55:27,model
UTR00004749,U004143,TAG03,0.7065,2026-02-09 11:06:11,rule
UTR00004750,U003579,TAG12,0.7348,2025-05-28 18:57:08,rule
UTR00004751,U003785,TAG10,0.9343,2025-07-04 00:53:46,rule
UTR00004752,U001550,TAG07,0.764,2025-01-09 23:03:40,rule
UTR00004753,U003473,TAG03,0.6752,2025-06-15 09:25:16,model
UTR00004754,U004711,TAG12,0.5598,2025-08-10 23:04:02,rule
UTR00004755,U000833,TAG07,0.5943,2026-06-12 09:48:08,model
UTR00004756,U004457,TAG07,0.7261,2025-06-19 07:12:15,model
UTR00004757,U003114,TAG01,0.8768,2026-03-20 19:17:19,model
UTR00004758,U000880,TAG08,0.8199,2026-05-21 18:22:42,rule
UTR00004759,U001326,TAG04,0.8221,2025-02-03 22:08:16,model
UTR00004760,U000843,TAG07,0.7104,2025-05-23 08:20:12,manual
UTR00004761,U001694,TAG16,0.8597,2026-03-30 22:01:21,rule
UTR00004762,U001666,TAG06,0.798,2025-08-30 01:22:06,model
UTR00004763,U004185,TAG03,0.5513,2026-01-24 12:36:20,rule
UTR00004764,U004462,TAG14,0.8498,2025-06-12 19:55:39,model
UTR00004765,U000018,TAG03,0.7284,2025-01-27 09:39:16,model
UTR00004766,U000016,TAG10,0.9822,2025-09-22 11:51:52,model
UTR00004767,U004025,TAG05,0.6183,2025-10-31 11:33:03,rule
UTR00004768,U003997,TAG15,0.5851,2025-10-27 09:44:52,rule
UTR00004769,U000108,TAG09,0.6617,2025-12-09 05:46:44,model
UTR00004770,U001813,TAG09,0.8299,2025-05-28 16:25:13,model
UTR00004771,U001647,TAG04,0.8999,2025-11-06 22:56:47,rule
UTR00004772,U003192,TAG13,0.5828,2025-06-22 16:46:16,model
UTR00004773,U004848,TAG16,0.825,2026-01-05 12:39:35,rule
UTR00004774,U004611,TAG11,0.9277,2026-04-12 03:05:41,rule
UTR00004775,U004444,TAG11,0.6935,2025-05-24 15:37:10,model
UTR00004776,U003840,TAG06,0.8362,2026-06-12 07:34:43,model
UTR00004777,U002662,TAG14,0.8831,2026-02-18 09:56:08,rule
UTR00004778,U000380,TAG15,0.9911,2025-09-16 01:42:54,rule
UTR00004779,U000538,TAG15,0.9498,2026-07-03 09:51:10,rule
UTR00004780,U001746,TAG03,0.7247,2025-10-23 10:11:58,rule
UTR00004781,U003665,TAG10,0.8789,2026-08-19 02:08:11,model
UTR00004782,U001185,TAG13,0.7368,2025-01-10 14:48:04,rule
UTR00004783,U001079,TAG06,0.8018,2026-06-19 17:03:02,rule
UTR00004784,U002076,TAG10,0.627,2026-04-21 12:51:08,rule
UTR00004785,U003303,TAG06,0.7282,2025-01-02 07:57:35,rule
UTR00004786,U003706,TAG03,0.6168,2025-11-27 08:05:54,model
UTR00004787,U000497,TAG06,0.7927,2026-03-23 10:51:45,model
UTR00004788,U004986,TAG10,0.7078,2025-07-22 00:42:50,rule
UTR00004789,U003448,TAG06,0.6691,2026-04-06 14:56:45,rule
UTR00004790,U001761,TAG03,0.7252,2025-09-12 00:08:33,model
UTR00004791,U000900,TAG12,0.9092,2025-07-13 19:40:09,rule
UTR00004792,U003187,TAG08,0.9581,2026-04-16 03:42:35,model
UTR00004793,U003364,TAG02,0.82,2026-04-03 11:58:48,model
UTR00004794,U003339,TAG16,0.746,2026-05-03 10:59:26,model
UTR00004795,U003538,TAG01,0.7126,2025-07-21 09:52:52,rule
UTR00004796,U002111,TAG03,0.885,2025-01-13 16:41:24,rule
UTR00004797,U003301,TAG07,0.8697,2025-10-19 21:30:19,rule
UTR00004798,U002893,TAG03,0.6117,2025-01-23 04:08:32,model
UTR00004799,U003614,TAG04,0.7365,2026-07-09 19:59:41,rule
UTR00004800,U002847,TAG16,0.6029,2025-08-25 06:38:03,rule
UTR00004801,U002466,TAG06,0.8289,2025-09-14 10:13:11,rule
UTR00004802,U001042,TAG08,0.7233,2025-02-12 07:06:20,model
UTR00004803,U000011,TAG16,0.6392,2025-10-15 07:34:06,model
UTR00004804,U002387,TAG02,0.6461,2025-04-10 08:08:44,rule
UTR00004805,U004076,TAG07,0.6618,2026-05-02 14:11:55,model
UTR00004806,U002282,TAG06,0.7136,2025-11-14 17:26:20,rule
UTR00004807,U000532,TAG14,0.6855,2025-10-02 14:48:19,model
UTR00004808,U002964,TAG13,0.7202,2026-07-15 08:45:39,rule
UTR00004809,U002361,TAG09,0.6911,2026-01-23 17:20:45,rule
UTR00004810,U001160,TAG05,0.9537,2026-01-02 23:17:59,model
UTR00004811,U001061,TAG10,0.6536,2025-11-22 00:12:51,model
UTR00004812,U004429,TAG09,0.617,2025-06-29 19:50:02,model
UTR00004813,U001801,TAG12,0.7545,2026-05-01 17:40:53,rule
UTR00004814,U000384,TAG15,0.9417,2025-06-29 17:43:30,rule
UTR00004815,U004632,TAG13,0.5675,2026-01-16 13:06:30,rule
UTR00004816,U001798,TAG13,0.9801,2025-12-22 07:58:03,rule
UTR00004817,U002115,TAG05,0.648,2025-02-19 23:34:57,rule
UTR00004818,U004372,TAG14,0.9637,2025-12-19 14:51:57,rule
UTR00004819,U001955,TAG02,0.6396,2025-05-29 11:51:31,rule
UTR00004820,U003197,TAG09,0.7095,2026-06-18 10:42:44,rule
UTR00004821,U000841,TAG15,0.7527,2026-06-22 12:31:11,rule
UTR00004822,U003709,TAG02,0.6813,2025-09-07 16:37:31,rule
UTR00004823,U002154,TAG03,0.805,2025-01-16 03:30:09,rule
UTR00004824,U002496,TAG11,0.7719,2025-05-06 00:40:23,manual
UTR00004825,U000830,TAG06,0.5929,2026-07-13 01:30:02,model
UTR00004826,U001822,TAG05,0.8084,2025-07-09 03:17:28,rule
UTR00004827,U002376,TAG15,0.7433,2025-08-31 18:04:29,rule
UTR00004828,U002057,TAG13,0.9343,2026-02-27 14:03:04,rule
UTR00004829,U001432,TAG05,0.6681,2025-05-27 19:20:06,rule
UTR00004830,U002643,TAG11,0.848,2025-11-03 21:56:48,model
UTR00004831,U002585,TAG08,0.9158,2025-07-03 07:58:00,rule
UTR00004832,U003957,TAG07,0.7872,2025-06-25 15:50:46,model
UTR00004833,U001879,TAG05,0.9226,2025-08-09 03:10:55,rule
UTR00004834,U002844,TAG09,0.8579,2026-07-02 00:37:13,model
UTR00004835,U000580,TAG07,0.8793,2025-01-14 20:27:39,rule
UTR00004836,U004662,TAG05,0.8062,2025-04-08 09:20:37,model
UTR00004837,U002233,TAG03,0.7165,2025-01-22 19:55:09,model
UTR00004838,U000846,TAG04,0.8993,2026-02-13 09:39:29,rule
UTR00004839,U004725,TAG02,0.8237,2026-04-17 10:59:38,rule
UTR00004840,U001810,TAG04,0.8794,2025-12-04 17:01:54,model
UTR00004841,U001592,TAG14,0.6944,2025-06-16 22:26:07,model
UTR00004842,U004347,TAG14,0.727,2025-01-07 20:57:25,manual
UTR00004843,U004731,TAG08,0.6643,2026-04-10 20:03:54,rule
UTR00004844,U002569,TAG15,0.7885,2025-10-04 10:51:32,rule
UTR00004845,U000792,TAG03,0.9419,2025-12-13 14:20:27,rule
UTR00004846,U003284,TAG08,0.5886,2025-08-16 06:11:29,manual
UTR00004847,U001945,TAG14,0.6091,2026-05-30 02:36:43,rule
UTR00004848,U000181,TAG02,0.8595,2025-12-03 18:26:29,rule
UTR00004849,U000837,TAG15,0.9362,2026-05-04 22:28:03,rule
UTR00004850,U002392,TAG01,0.7914,2025-04-04 08:51:06,rule
UTR00004851,U003911,TAG13,0.6955,2025-09-28 20:33:03,rule
UTR00004852,U000440,TAG15,0.8775,2026-05-26 18:47:01,model
UTR00004853,U003034,TAG07,0.8136,2026-03-25 20:28:25,rule
UTR00004854,U000833,TAG05,0.6515,2025-05-26 20:26:05,model
UTR00004855,U001014,TAG04,0.8091,2026-06-26 02:35:57,rule
UTR00004856,U002222,TAG10,0.6658,2025-05-24 00:02:52,model
UTR00004857,U004273,TAG10,0.7924,2025-01-19 15:14:24,manual
UTR00004858,U002040,TAG11,0.5557,2025-08-30 16:07:55,rule
UTR00004859,U002817,TAG11,0.9992,2025-03-13 07:57:57,rule
UTR00004860,U003154,TAG04,0.6605,2025-02-28 16:37:26,model
UTR00004861,U004420,TAG01,0.8753,2025-04-11 15:21:28,rule
UTR00004862,U003009,TAG06,0.866,2025-03-17 05:00:57,rule
UTR00004863,U000894,TAG15,0.8765,2026-04-16 22:47:28,rule
UTR00004864,U002325,TAG07,0.8164,2025-07-02 19:18:14,model
UTR00004865,U000380,TAG12,0.8124,2025-03-20 01:06:46,rule
UTR00004866,U003951,TAG13,0.558,2025-03-10 01:13:44,model
UTR00004867,U002192,TAG14,0.6424,2026-02-28 19:29:54,rule
UTR00004868,U001718,TAG02,0.7943,2026-01-08 02:17:15,rule
UTR00004869,U003590,TAG11,0.5904,2025-11-27 11:05:43,rule
UTR00004870,U001726,TAG07,0.6759,2025-08-08 04:43:41,model
UTR00004871,U004234,TAG08,0.9834,2026-01-15 19:25:39,model
UTR00004872,U002139,TAG05,0.871,2026-02-26 19:38:45,model
UTR00004873,U003687,TAG10,0.6281,2025-05-26 13:22:30,rule
UTR00004874,U001432,TAG05,0.857,2026-03-28 17:58:51,rule
UTR00004875,U000718,TAG07,0.5832,2025-12-23 04:50:05,rule
UTR00004876,U000249,TAG09,0.6532,2025-02-03 14:57:16,rule
UTR00004877,U002587,TAG03,0.593,2025-08-15 19:26:18,rule
UTR00004878,U002568,TAG13,0.8178,2025-01-26 13:01:29,rule
UTR00004879,U004918,TAG07,0.71,2025-08-26 03:36:32,rule
UTR00004880,U002898,TAG10,0.8988,2025-08-23 06:56:30,rule
UTR00004881,U004108,TAG09,0.9439,2025-03-20 19:08:18,model
UTR00004882,U004071,TAG02,0.6222,2025-11-10 10:36:02,rule
UTR00004883,U003434,TAG09,0.5622,2025-11-03 10:40:24,model
UTR00004884,U001187,TAG06,0.6346,2025-07-20 04:40:33,model
UTR00004885,U004017,TAG04,0.8324,2026-06-21 07:21:26,model
UTR00004886,U002364,TAG09,0.9673,2025-04-12 09:15:52,model
UTR00004887,U002110,TAG13,0.743,2025-02-22 12:28:03,model
UTR00004888,U003142,TAG13,0.6194,2025-10-25 00:28:43,model
UTR00004889,U001550,TAG05,0.7126,2025-10-11 18:20:37,rule
UTR00004890,U001253,TAG07,0.8596,2025-04-28 17:56:22,rule
UTR00004891,U001333,TAG12,0.759,2026-07-08 06:22:42,model
UTR00004892,U002642,TAG13,0.6887,2026-05-02 10:59:15,rule
UTR00004893,U000353,TAG16,0.7467,2026-03-20 03:20:59,model
UTR00004894,U002865,TAG15,0.6135,2026-08-17 22:51:17,model
UTR00004895,U001912,TAG15,0.6559,2026-07-04 22:48:10,rule
UTR00004896,U002368,TAG06,0.5973,2026-03-31 02:15:26,rule
UTR00004897,U004998,TAG07,0.689,2025-07-27 21:05:11,model
UTR00004898,U000988,TAG02,0.77,2026-07-13 15:54:41,rule
UTR00004899,U000847,TAG03,0.7273,2026-04-17 10:29:01,rule
UTR00004900,U002095,TAG11,0.8085,2025-08-10 00:36:36,model
UTR00004901,U004353,TAG03,0.7912,2025-09-19 10:23:01,rule
UTR00004902,U001486,TAG08,0.5743,2025-11-08 09:40:21,rule
UTR00004903,U002771,TAG05,0.7324,2025-06-14 23:02:54,model
UTR00004904,U000125,TAG09,0.6044,2025-07-16 07:28:59,rule
UTR00004905,U002165,TAG14,0.788,2025-06-16 19:41:43,rule
UTR00004906,U004080,TAG13,0.9108,2025-08-15 15:13:09,rule
UTR00004907,U004849,TAG09,0.9693,2026-03-28 06:09:25,rule
UTR00004908,U003211,TAG05,0.7297,2026-05-11 08:40:18,rule
UTR00004909,U003774,TAG05,0.7153,2025-11-11 23:17:46,rule
UTR00004910,U000318,TAG04,0.9207,2025-04-04 12:32:03,model
UTR00004911,U000164,TAG12,0.7986,2025-08-07 00:13:05,model
UTR00004912,U000666,TAG15,0.7327,2025-02-06 00:13:07,model
UTR00004913,U001548,TAG02,0.9202,2026-03-29 17:23:43,rule
UTR00004914,U003719,TAG05,0.5617,2026-03-06 07:21:48,model
UTR00004915,U002976,TAG04,0.6657,2026-02-12 02:44:09,model
UTR00004916,U004608,TAG16,0.9712,2025-12-14 12:45:39,rule
UTR00004917,U001340,TAG04,0.9043,2026-04-26 16:27:05,model
UTR00004918,U003174,TAG10,0.7521,2025-06-22 16:58:58,rule
UTR00004919,U004550,TAG05,0.648,2026-01-19 02:44:25,model
UTR00004920,U000717,TAG01,0.7232,2025-02-02 17:52:48,model
UTR00004921,U001218,TAG13,0.9464,2025-08-25 12:46:25,model
UTR00004922,U001426,TAG04,0.7359,2026-06-11 10:22:12,manual
UTR00004923,U002900,TAG06,0.6285,2025-06-02 23:29:56,rule
UTR00004924,U003223,TAG14,0.8941,2025-03-23 06:30:49,rule
UTR00004925,U003802,TAG09,0.6157,2026-06-10 10:58:55,rule
UTR00004926,U004165,TAG02,0.5647,2025-12-02 00:07:07,rule
UTR00004927,U000681,TAG11,0.9838,2025-08-19 20:12:23,rule
UTR00004928,U002539,TAG04,0.9801,2026-07-20 21:14:47,model
UTR00004929,U000284,TAG04,0.5526,2026-03-27 08:28:33,model
UTR00004930,U002105,TAG03,0.7852,2025-03-27 14:38:01,rule
UTR00004931,U004751,TAG09,0.7008,2025-10-13 09:31:01,rule
UTR00004932,U000364,TAG13,0.7081,2026-04-17 06:13:50,model
UTR00004933,U000666,TAG13,0.5653,2026-07-04 22:30:05,rule
UTR00004934,U003120,TAG04,0.7061,2025-11-24 08:35:55,model
UTR00004935,U000542,TAG12,0.7845,2025-05-06 19:46:42,rule
UTR00004936,U003923,TAG15,0.9014,2026-01-21 04:48:33,model
UTR00004937,U001458,TAG12,0.9533,2025-07-16 05:40:01,rule
UTR00004938,U004710,TAG02,0.7451,2025-09-18 13:25:45,model
UTR00004939,U001694,TAG01,0.7681,2025-09-08 16:29:42,rule
UTR00004940,U003129,TAG04,0.6471,2026-05-09 04:14:58,rule
UTR00004941,U000807,TAG06,0.7136,2025-09-15 21:35:51,manual
UTR00004942,U004017,TAG15,0.7066,2025-11-12 18:26:28,rule
UTR00004943,U002380,TAG15,0.9619,2026-01-30 21:27:46,rule
UTR00004944,U004882,TAG16,0.9942,2025-02-27 01:10:57,rule
UTR00004945,U004243,TAG10,0.9177,2025-12-11 11:39:08,rule
UTR00004946,U003249,TAG09,0.8317,2025-09-27 06:00:04,rule
UTR00004947,U000264,TAG16,0.7103,2026-05-17 10:51:49,rule
UTR00004948,U004493,TAG06,0.6832,2025-11-05 20:40:07,rule
UTR00004949,U003717,TAG12,0.9722,2026-05-17 08:38:00,rule
UTR00004950,U002196,TAG03,0.8563,2026-05-06 19:08:27,model
UTR00004951,U002253,TAG05,0.6224,2025-09-14 14:15:42,rule
UTR00004952,U003894,TAG10,0.6114,2026-01-26 21:15:50,rule
UTR00004953,U001919,TAG07,0.6433,2026-03-05 01:35:27,rule
UTR00004954,U003864,TAG06,0.7892,2026-06-25 12:08:32,rule
UTR00004955,U004383,TAG02,0.5602,2025-02-07 00:35:15,model
UTR00004956,U001787,TAG07,0.6578,2026-07-24 08:44:35,rule
UTR00004957,U003004,TAG02,0.7203,2025-12-16 14:06:34,rule
UTR00004958,U001914,TAG05,0.8997,2026-04-12 09:15:07,model
UTR00004959,U003338,TAG02,0.7296,2026-07-09 20:38:12,model
UTR00004960,U002831,TAG02,0.6724,2025-09-21 13:16:33,rule
UTR00004961,U000512,TAG03,0.7383,2025-09-16 12:53:03,rule
UTR00004962,U003361,TAG08,0.7909,2025-02-12 04:20:55,model
UTR00004963,U002934,TAG16,0.6342,2025-09-23 18:41:49,rule
UTR00004964,U000407,TAG07,0.8181,2025-12-05 08:32:42,rule
UTR00004965,U004753,TAG08,0.6596,2025-06-06 01:32:40,rule
UTR00004966,U001592,TAG04,0.6927,2026-08-13 12:09:38,rule
UTR00004967,U004843,TAG10,0.8848,2025-04-29 12:03:38,rule
UTR00004968,U004004,TAG02,0.5646,2025-01-15 11:46:17,manual
UTR00004969,U000696,TAG16,0.6941,2026-05-28 02:31:30,rule
UTR00004970,U001543,TAG14,0.5761,2025-12-29 15:18:00,model
UTR00004971,U001052,TAG14,0.755,2026-04-18 08:14:04,model
UTR00004972,U004139,TAG02,0.5928,2025-01-31 04:09:00,rule
UTR00004973,U003936,TAG01,0.7922,2025-03-20 04:05:54,model
UTR00004974,U004522,TAG01,0.6827,2025-07-07 22:02:31,rule
UTR00004975,U002558,TAG04,0.9069,2025-11-12 02:13:44,model
UTR00004976,U003754,TAG13,0.8975,2025-05-07 04:16:52,rule
UTR00004977,U002741,TAG13,0.8188,2025-05-20 02:09:06,rule
UTR00004978,U004765,TAG06,0.7453,2025-03-09 15:47:27,model
UTR00004979,U002947,TAG02,0.9649,2026-02-24 01:59:55,model
UTR00004980,U003463,TAG16,0.6222,2026-01-24 15:03:47,manual
UTR00004981,U000138,TAG07,0.6497,2026-05-04 11:10:44,rule
UTR00004982,U003865,TAG11,0.9269,2025-11-10 05:44:55,model
UTR00004983,U002144,TAG03,0.7416,2025-04-28 17:02:40,model
UTR00004984,U003473,TAG02,0.8721,2026-04-20 20:02:58,model
UTR00004985,U004210,TAG13,0.6852,2026-02-10 05:28:12,rule
UTR00004986,U001990,TAG16,0.9428,2026-02-18 10:48:15,model
UTR00004987,U002394,TAG08,0.6066,2025-02-07 02:18:30,model
UTR00004988,U000044,TAG09,0.8052,2026-03-28 11:41:39,rule
UTR00004989,U001304,TAG12,0.8411,2025-07-11 12:48:02,rule
UTR00004990,U003153,TAG06,0.6767,2025-02-05 09:42:45,rule
UTR00004991,U000980,TAG11,0.783,2025-06-19 11:35:14,rule
UTR00004992,U001357,TAG06,0.9332,2026-05-23 15:02:27,rule
UTR00004993,U000194,TAG16,0.7584,2025-07-01 00:52:57,rule
UTR00004994,U002626,TAG11,0.9693,2025-02-14 12:41:58,rule
UTR00004995,U003283,TAG07,0.6237,2025-02-15 13:19:54,model
UTR00004996,U003842,TAG09,0.6024,2025-02-02 23:50:31,rule
UTR00004997,U000846,TAG03,0.8794,2026-04-03 16:47:37,model
UTR00004998,U000946,TAG02,0.7689,2025-03-26 10:59:57,rule
UTR00004999,U000052,TAG05,0.6188,2026-02-04 01:44:50,rule
UTR00005000,U002734,TAG09,0.7447,2026-07-28 21:26:19,model
UTR00005001,U001287,TAG01,0.8416,2025-10-15 17:14:14,rule
UTR00005002,U001826,TAG12,0.7194,2025-03-27 06:27:41,model
UTR00005003,U003967,TAG01,0.9746,2026-06-22 19:41:33,rule
UTR00005004,U003989,TAG10,0.7269,2026-08-08 21:14:07,rule
UTR00005005,U002382,TAG09,0.6109,2026-05-23 06:42:15,rule
UTR00005006,U000220,TAG08,0.9689,2026-07-10 14:43:24,rule
UTR00005007,U000900,TAG01,0.8171,2026-02-09 12:40:18,model
UTR00005008,U002228,TAG06,0.7904,2025-12-11 17:32:41,model
UTR00005009,U002261,TAG05,0.7958,2026-01-23 18:25:46,rule
UTR00005010,U002700,TAG15,0.5812,2025-02-06 11:50:04,model
UTR00005011,U001690,TAG12,0.6561,2025-09-17 14:27:03,rule
UTR00005012,U003303,TAG08,0.6092,2026-07-31 05:21:26,rule
UTR00005013,U002543,TAG10,0.6159,2026-03-15 06:05:45,model
UTR00005014,U001043,TAG15,0.5512,2025-06-29 23:50:46,rule
UTR00005015,U000145,TAG06,0.8548,2025-10-28 06:54:39,manual
UTR00005016,U004465,TAG07,0.8905,2025-01-25 05:19:10,model
UTR00005017,U000183,TAG15,0.8169,2025-06-29 09:52:11,rule
UTR00005018,U000324,TAG03,0.5523,2026-01-20 18:05:40,model
UTR00005019,U000113,TAG11,0.9333,2026-08-20 12:48:58,rule
UTR00005020,U001142,TAG05,0.949,2025-01-21 05:20:04,rule
UTR00005021,U003837,TAG03,0.6847,2025-09-07 23:06:58,model
UTR00005022,U003002,TAG05,0.7899,2025-04-30 08:51:44,model
UTR00005023,U002055,TAG11,0.6316,2025-06-26 10:00:36,rule
UTR00005024,U000839,TAG05,0.9855,2026-07-20 10:13:02,rule
UTR00005025,U000826,TAG12,0.9044,2025-03-09 20:19:57,rule
UTR00005026,U003439,TAG15,0.7846,2026-03-19 18:46:25,rule
UTR00005027,U004575,TAG14,0.9286,2025-12-14 05:50:12,rule
UTR00005028,U004847,TAG11,0.564,2025-09-26 06:45:10,model
UTR00005029,U003914,TAG07,0.6691,2025-09-16 14:22:51,rule
UTR00005030,U002352,TAG02,0.7878,2025-05-16 23:20:17,model
UTR00005031,U002725,TAG12,0.5516,2026-04-05 20:02:36,rule
UTR00005032,U000437,TAG05,0.8633,2025-10-30 22:54:05,rule
UTR00005033,U001263,TAG13,0.818,2025-10-04 23:59:20,rule
UTR00005034,U001971,TAG11,0.8721,2025-06-02 10:51:21,rule
UTR00005035,U003499,TAG02,0.5595,2026-04-17 13:49:52,model
UTR00005036,U003009,TAG12,0.696,2025-11-02 09:45:33,model
UTR00005037,U003893,TAG01,0.9057,2025-03-13 08:58:56,rule
UTR00005038,U002851,TAG09,0.6624,2025-03-16 17:43:34,rule
UTR00005039,U001436,TAG15,0.7659,2025-11-26 15:00:13,rule
UTR00005040,U001049,TAG03,0.8192,2025-01-17 21:25:22,rule
UTR00005041,U000158,TAG06,0.8996,2025-06-18 17:11:57,rule
UTR00005042,U001634,TAG02,0.8959,2025-03-07 09:29:52,rule
UTR00005043,U001732,TAG02,0.5999,2025-03-18 20:21:22,model
UTR00005044,U002826,TAG05,0.8548,2025-02-25 20:58:23,rule
UTR00005045,U003115,TAG15,0.6948,2025-08-04 10:18:22,rule
UTR00005046,U003637,TAG01,0.6169,2025-02-03 20:13:36,rule
UTR00005047,U002046,TAG03,0.5917,2025-10-13 09:12:17,model
UTR00005048,U001870,TAG04,0.5586,2025-01-29 18:25:45,model
UTR00005049,U003824,TAG03,0.8667,2025-10-07 13:42:51,model
UTR00005050,U000031,TAG16,0.5707,2025-01-20 16:09:35,rule
UTR00005051,U001951,TAG11,0.8211,2025-02-19 22:23:27,model
UTR00005052,U003113,TAG01,0.793,2025-04-16 19:16:46,model
UTR00005053,U000842,TAG09,0.681,2026-06-04 18:33:54,rule
UTR00005054,U000983,TAG01,0.7915,2026-03-24 14:10:40,model
UTR00005055,U001892,TAG07,0.9226,2025-08-02 06:20:58,rule
UTR00005056,U003899,TAG05,0.8087,2026-01-26 09:44:38,rule
UTR00005057,U000127,TAG01,0.7591,2026-04-11 12:36:49,model
UTR00005058,U003399,TAG06,0.7339,2025-12-05 07:14:53,rule
UTR00005059,U003335,TAG02,0.6686,2025-09-19 00:50:33,rule
UTR00005060,U000478,TAG16,0.6801,2025-11-28 23:03:48,rule
UTR00005061,U000070,TAG16,0.5943,2025-05-21 23:21:06,rule
UTR00005062,U000797,TAG09,0.8489,2026-03-11 08:36:20,rule
UTR00005063,U004849,TAG15,0.5683,2025-12-10 16:13:37,rule
UTR00005064,U003869,TAG01,0.6176,2025-05-29 13:50:13,model
UTR00005065,U002889,TAG07,0.8975,2025-04-27 09:22:13,model
UTR00005066,U001952,TAG07,0.8333,2026-03-08 16:31:37,model
UTR00005067,U004595,TAG08,0.8361,2025-12-31 07:34:41,rule
UTR00005068,U004868,TAG02,0.9516,2026-06-18 23:56:04,manual
UTR00005069,U004149,TAG11,0.8837,2025-06-01 00:07:48,model
UTR00005070,U004405,TAG14,0.8208,2025-09-25 15:09:01,rule
UTR00005071,U000995,TAG06,0.7149,2026-01-14 01:34:10,rule
UTR00005072,U002734,TAG07,0.5838,2026-04-03 11:00:12,model
UTR00005073,U004898,TAG06,0.99,2025-02-19 17:54:17,model
UTR00005074,U004671,TAG04,0.9964,2026-01-14 13:36:45,model
UTR00005075,U000078,TAG09,0.9083,2025-03-27 07:11:29,rule
UTR00005076,U000315,TAG05,0.9552,2025-08-26 14:08:31,rule
UTR00005077,U002861,TAG08,0.7478,2026-04-29 08:54:36,rule
UTR00005078,U002117,TAG06,0.9381,2025-05-14 06:45:52,model
UTR00005079,U000339,TAG04,0.8127,2025-11-01 02:16:06,rule
UTR00005080,U002825,TAG08,0.8012,2026-08-07 16:00:18,rule
UTR00005081,U002519,TAG06,0.6805,2026-07-27 07:01:39,manual
UTR00005082,U004307,TAG15,0.9361,2025-07-17 04:19:49,model
UTR00005083,U001535,TAG08,0.7079,2026-07-18 01:53:58,rule
UTR00005084,U000379,TAG09,0.7576,2025-12-01 21:59:22,rule
UTR00005085,U002080,TAG16,0.9538,2026-04-15 04:53:33,rule
UTR00005086,U004316,TAG15,0.9473,2026-06-29 23:19:12,model
UTR00005087,U003518,TAG09,0.6573,2026-06-29 20:27:27,rule
UTR00005088,U001017,TAG15,0.6229,2025-12-22 19:39:32,rule
UTR00005089,U000181,TAG09,0.6588,2026-05-16 17:59:48,model
UTR00005090,U000823,TAG07,0.7228,2025-04-05 12:01:44,manual
UTR00005091,U004760,TAG15,0.672,2025-10-25 03:14:31,rule
UTR00005092,U004156,TAG10,0.7456,2025-01-20 12:15:06,rule
UTR00005093,U001053,TAG07,0.6782,2026-05-31 13:33:12,model
UTR00005094,U004813,TAG04,0.5937,2025-09-21 15:17:23,rule
UTR00005095,U003687,TAG03,0.8068,2026-08-15 00:28:18,model
UTR00005096,U003212,TAG01,0.8038,2026-01-25 02:59:08,model
UTR00005097,U004608,TAG01,0.9993,2026-07-14 21:54:11,rule
UTR00005098,U001655,TAG04,0.6196,2025-06-16 03:03:31,rule
UTR00005099,U000827,TAG10,0.959,2025-08-19 22:09:43,model
UTR00005100,U000183,TAG12,0.8255,2025-04-06 09:23:19,model
UTR00005101,U002936,TAG11,0.5653,2025-01-14 11:46:42,rule
UTR00005102,U003902,TAG05,0.9195,2026-07-05 19:15:06,rule
UTR00005103,U002668,TAG11,0.992,2025-10-06 19:22:31,model
UTR00005104,U001162,TAG06,0.7279,2026-01-06 14:52:34,rule
UTR00005105,U001408,TAG01,0.9833,2025-01-20 04:17:34,model
UTR00005106,U004292,TAG01,0.8967,2025-06-05 03:09:42,rule
UTR00005107,U004344,TAG09,0.5643,2026-04-22 03:28:17,rule
UTR00005108,U000672,TAG10,0.8714,2026-06-17 20:14:01,rule
UTR00005109,U000524,TAG09,0.8092,2026-05-29 18:37:55,model
UTR00005110,U004067,TAG09,0.9162,2025-08-21 11:57:18,rule
UTR00005111,U004720,TAG02,0.6731,2026-07-25 11:17:18,rule
UTR00005112,U002920,TAG09,0.5537,2026-03-24 17:22:47,rule
UTR00005113,U004063,TAG01,0.9762,2026-01-21 14:36:18,rule
UTR00005114,U002840,TAG07,0.9472,2025-04-12 00:13:29,rule
UTR00005115,U003450,TAG01,0.9109,2025-03-16 01:48:38,rule
UTR00005116,U000118,TAG14,0.5576,2026-04-25 21:27:28,model
UTR00005117,U004809,TAG05,0.743,2025-06-27 16:51:51,model
UTR00005118,U003125,TAG04,0.5842,2026-01-19 14:39:04,rule
UTR00005119,U000710,TAG12,0.8587,2025-10-18 17:08:13,rule
UTR00005120,U003159,TAG09,0.7413,2025-03-08 02:41:57,rule
UTR00005121,U004185,TAG15,0.61,2025-04-07 11:22:43,rule
UTR00005122,U004304,TAG03,0.6175,2025-06-11 02:11:30,rule
UTR00005123,U002056,TAG01,0.9178,2026-07-07 13:31:45,model
UTR00005124,U000713,TAG05,0.7578,2026-04-21 09:18:15,rule
UTR00005125,U002002,TAG07,0.8914,2026-01-07 17:24:01,rule
UTR00005126,U004525,TAG04,0.9891,2025-11-26 08:58:17,rule
UTR00005127,U002060,TAG14,0.8077,2025-05-09 22:51:15,rule
UTR00005128,U001298,TAG09,0.8793,2026-07-17 04:58:03,model
UTR00005129,U003133,TAG05,0.7398,2026-02-15 07:33:33,model
UTR00005130,U003075,TAG08,0.6327,2026-04-29 16:20:09,rule
UTR00005131,U004222,TAG11,0.6227,2025-03-16 12:52:54,rule
UTR00005132,U004376,TAG04,0.7409,2026-03-16 13:21:50,rule
UTR00005133,U004723,TAG15,0.8501,2025-05-19 02:40:21,model
UTR00005134,U002812,TAG15,0.7155,2025-09-10 09:03:57,model
UTR00005135,U000114,TAG09,0.6012,2026-04-08 19:43:11,rule
UTR00005136,U001349,TAG10,0.7753,2025-10-09 23:06:37,rule
UTR00005137,U004714,TAG14,0.6056,2025-07-10 15:50:15,model
UTR00005138,U002638,TAG13,0.9348,2026-06-13 13:03:45,rule
UTR00005139,U004223,TAG03,0.9973,2025-10-13 14:24:48,rule
UTR00005140,U001435,TAG09,0.6137,2025-12-29 16:47:35,rule
UTR00005141,U003297,TAG13,0.8928,2026-02-26 08:20:40,model
UTR00005142,U002294,TAG01,0.6868,2026-06-23 12:14:44,rule
UTR00005143,U003523,TAG14,0.5989,2025-04-09 12:45:10,rule
UTR00005144,U003523,TAG01,0.7332,2025-10-13 16:55:11,rule
UTR00005145,U000269,TAG10,0.8861,2025-06-11 22:22:07,model
UTR00005146,U003768,TAG02,0.5768,2025-10-02 22:16:42,model
UTR00005147,U000483,TAG06,0.5501,2025-08-17 17:11:25,model
UTR00005148,U002228,TAG04,0.5609,2025-06-22 21:40:09,rule
UTR00005149,U000495,TAG15,0.9281,2026-01-20 02:19:53,rule
UTR00005150,U000653,TAG05,0.7875,2026-07-25 16:35:49,rule
UTR00005151,U000279,TAG09,0.9216,2026-04-18 23:06:12,model
UTR00005152,U004627,TAG01,0.8405,2025-03-15 07:39:40,model
UTR00005153,U003159,TAG15,0.9091,2025-02-17 17:26:57,rule
UTR00005154,U004871,TAG02,0.8662,2025-03-28 04:41:04,model
UTR00005155,U001765,TAG06,0.8111,2025-04-09 16:41:14,model
UTR00005156,U004689,TAG07,0.7661,2025-03-22 18:17:29,rule
UTR00005157,U000990,TAG04,0.5674,2025-10-09 09:11:42,model
UTR00005158,U004512,TAG14,0.9028,2026-01-31 05:50:05,rule
UTR00005159,U002114,TAG11,0.6603,2026-04-13 23:54:17,model
UTR00005160,U004714,TAG02,0.7485,2025-07-24 14:32:44,rule
UTR00005161,U000872,TAG12,0.9196,2025-02-27 09:20:29,model
UTR00005162,U002515,TAG03,0.8908,2026-07-09 02:57:16,rule
UTR00005163,U003003,TAG07,0.6614,2026-01-31 05:08:26,model
UTR00005164,U002699,TAG07,0.6192,2026-04-11 19:30:40,model
UTR00005165,U004663,TAG05,0.656,2025-04-27 12:21:07,model
UTR00005166,U002271,TAG07,0.755,2026-05-19 12:29:01,manual
UTR00005167,U004186,TAG02,0.7483,2025-07-30 05:18:26,model
UTR00005168,U001155,TAG02,0.8777,2026-07-19 00:03:58,rule
UTR00005169,U004763,TAG06,0.8006,2025-06-24 17:50:29,rule
UTR00005170,U001328,TAG16,0.9547,2026-08-16 16:06:06,model
UTR00005171,U000863,TAG10,0.8205,2026-06-23 09:21:46,model
UTR00005172,U002163,TAG08,0.8006,2025-06-02 23:04:23,rule
UTR00005173,U000154,TAG14,0.6387,2025-04-28 22:21:02,rule
UTR00005174,U001336,TAG04,0.9919,2025-04-30 20:04:03,rule
UTR00005175,U000860,TAG03,0.8475,2025-09-24 20:06:13,model
UTR00005176,U000473,TAG02,0.8753,2025-12-08 03:44:40,model
UTR00005177,U000738,TAG08,0.8035,2025-02-11 10:18:08,rule
UTR00005178,U000043,TAG11,0.849,2025-09-10 01:12:55,rule
UTR00005179,U003775,TAG02,0.9613,2025-06-23 00:29:48,model
UTR00005180,U004324,TAG14,0.5758,2025-09-22 05:05:05,model
UTR00005181,U001612,TAG07,0.7115,2025-04-18 06:22:25,model
UTR00005182,U001133,TAG04,0.7943,2025-01-21 00:01:23,rule
UTR00005183,U004915,TAG02,0.8822,2026-08-11 12:39:24,rule
UTR00005184,U004122,TAG10,0.6942,2026-07-29 08:02:09,rule
UTR00005185,U004360,TAG11,0.5594,2025-10-14 12:33:45,model
UTR00005186,U002131,TAG09,0.6927,2025-08-10 19:03:12,rule
UTR00005187,U000779,TAG04,0.6702,2025-11-16 06:09:43,rule
UTR00005188,U000583,TAG06,0.9816,2025-06-06 05:58:36,model
UTR00005189,U004997,TAG01,0.82,2025-07-16 01:47:00,model
UTR00005190,U001977,TAG11,0.6671,2025-01-25 17:16:23,model
UTR00005191,U001027,TAG16,0.7209,2025-11-04 01:07:20,rule
UTR00005192,U003399,TAG15,0.7374,2026-01-16 09:27:15,rule
UTR00005193,U003389,TAG01,0.8676,2025-10-22 06:31:06,rule
UTR00005194,U003149,TAG08,0.8738,2025-07-05 01:25:07,model
UTR00005195,U001932,TAG01,0.8423,2025-02-20 11:28:37,rule
UTR00005196,U003511,TAG02,0.8721,2025-07-05 18:40:26,rule
UTR00005197,U002324,TAG13,0.6403,2026-02-14 12:01:05,rule
UTR00005198,U000167,TAG10,0.9616,2025-02-02 05:01:10,rule
UTR00005199,U000364,TAG13,0.6408,2025-07-17 10:09:38,model
UTR00005200,U004856,TAG15,0.9674,2026-08-16 22:48:36,rule
UTR00005201,U000297,TAG15,0.6374,2026-06-28 01:42:28,rule
UTR00005202,U003477,TAG05,0.6236,2026-01-11 18:38:35,rule
UTR00005203,U001013,TAG10,0.5542,2025-08-10 18:42:46,rule
UTR00005204,U002622,TAG01,0.8605,2025-07-23 18:05:37,model
UTR00005205,U004487,TAG03,0.8492,2025-07-27 20:33:30,rule
UTR00005206,U004059,TAG12,0.7597,2025-09-12 18:35:42,model
UTR00005207,U004508,TAG15,0.9584,2025-03-13 13:14:31,model
UTR00005208,U001518,TAG08,0.5775,2025-08-31 04:28:40,model
UTR00005209,U003467,TAG05,0.6544,2025-09-02 04:43:27,rule
UTR00005210,U003287,TAG01,0.8454,2025-12-05 20:37:06,model
UTR00005211,U001559,TAG07,0.7865,2026-03-22 03:32:35,model
UTR00005212,U002261,TAG12,0.617,2025-12-06 13:48:21,rule
UTR00005213,U001425,TAG07,0.8409,2026-04-10 19:01:14,rule
UTR00005214,U001693,TAG06,0.8484,2025-03-15 23:36:37,model
UTR00005215,U001263,TAG13,0.6591,2025-07-29 10:59:14,model
UTR00005216,U001305,TAG11,0.763,2025-04-07 07:27:52,rule
UTR00005217,U003151,TAG11,0.5786,2025-12-19 23:30:15,rule
UTR00005218,U001869,TAG04,0.7307,2025-08-26 19:39:37,rule
UTR00005219,U004518,TAG01,0.8611,2026-08-18 03:36:41,model
UTR00005220,U001348,TAG07,0.6549,2025-01-05 19:49:27,rule
UTR00005221,U002587,TAG02,0.8261,2025-07-25 01:02:26,manual
UTR00005222,U002565,TAG15,0.8015,2025-02-12 19:10:37,rule
UTR00005223,U000269,TAG03,0.9577,2025-03-07 21:37:57,rule
UTR00005224,U003166,TAG14,0.7414,2025-03-14 03:29:43,rule
UTR00005225,U003239,TAG06,0.5531,2025-10-19 06:09:06,rule
UTR00005226,U001711,TAG14,0.6139,2026-01-20 07:52:55,rule
UTR00005227,U001565,TAG08,0.8968,2025-12-19 11:01:45,model
UTR00005228,U003290,TAG10,0.7908,2025-04-17 12:06:36,model
UTR00005229,U001393,TAG13,0.5743,2025-01-30 00:39:53,rule
UTR00005230,U002186,TAG10,0.9475,2026-02-26 06:37:07,rule
UTR00005231,U003507,TAG07,0.7481,2025-01-07 02:43:10,rule
UTR00005232,U003143,TAG01,0.735,2025-04-05 11:07:24,model
UTR00005233,U001379,TAG13,0.8986,2026-01-09 11:15:07,rule
UTR00005234,U001939,TAG02,0.5626,2026-07-05 10:24:56,rule
UTR00005235,U004466,TAG06,0.5977,2026-06-23 18:03:14,model
UTR00005236,U001347,TAG02,0.6574,2026-05-30 00:57:31,model
UTR00005237,U003395,TAG05,0.6126,2026-01-06 17:01:47,model
UTR00005238,U003441,TAG02,0.5933,2025-02-20 14:47:09,model
UTR00005239,U004930,TAG15,0.991,2026-05-01 03:47:43,model
UTR00005240,U001853,TAG14,0.7228,2026-03-09 03:25:59,rule
UTR00005241,U004820,TAG15,0.5537,2025-11-09 20:46:59,model
UTR00005242,U002214,TAG07,0.6242,2025-06-30 21:11:29,rule
UTR00005243,U002642,TAG08,0.6299,2025-04-24 02:09:47,manual
UTR00005244,U004630,TAG16,0.8637,2025-07-17 16:11:53,rule
UTR00005245,U003213,TAG12,0.8299,2025-10-30 05:14:13,rule
UTR00005246,U003810,TAG16,0.8127,2025-10-13 02:11:14,model
UTR00005247,U001988,TAG12,0.6412,2025-02-11 21:47:51,model
UTR00005248,U003454,TAG06,0.6146,2026-03-06 01:10:32,rule
UTR00005249,U002620,TAG03,0.5944,2025-12-24 19:50:16,rule
UTR00005250,U004265,TAG03,0.931,2026-04-07 13:08:44,model
UTR00005251,U003926,TAG09,0.9274,2025-11-08 16:09:44,rule
UTR00005252,U001418,TAG01,0.7501,2025-08-15 04:55:18,model
UTR00005253,U004974,TAG12,0.6719,2025-04-28 08:00:24,rule
UTR00005254,U001375,TAG06,0.8628,2025-05-24 07:50:51,model
UTR00005255,U001668,TAG16,0.6614,2026-01-13 22:38:16,rule
UTR00005256,U002426,TAG06,0.6987,2026-07-16 23:01:39,rule
UTR00005257,U004160,TAG15,0.9157,2026-06-03 15:03:43,rule
UTR00005258,U002285,TAG08,0.8636,2026-01-13 22:00:51,rule
UTR00005259,U002722,TAG08,0.8938,2026-07-04 10:17:49,rule
UTR00005260,U001877,TAG07,0.8158,2025-06-24 20:10:11,model
UTR00005261,U003748,TAG16,0.7748,2026-04-12 02:46:41,rule
UTR00005262,U003501,TAG16,0.7999,2026-02-12 14:07:13,rule
UTR00005263,U002172,TAG06,0.9337,2025-11-03 02:48:22,rule
UTR00005264,U004512,TAG04,0.6829,2026-06-05 23:46:20,rule
UTR00005265,U004642,TAG14,0.8631,2025-09-19 16:12:03,rule
UTR00005266,U004719,TAG12,0.6223,2026-03-27 01:33:32,rule
UTR00005267,U002377,TAG10,0.5511,2025-09-06 13:47:56,rule
UTR00005268,U002164,TAG04,0.6471,2026-07-20 22:20:37,rule
UTR00005269,U004666,TAG03,0.6245,2026-06-23 16:24:28,model
UTR00005270,U003458,TAG14,0.6181,2026-01-23 08:13:18,model
UTR00005271,U001519,TAG02,0.827,2025-07-14 21:18:17,rule
UTR00005272,U003679,TAG14,0.9556,2025-04-19 22:05:07,model
UTR00005273,U003344,TAG10,0.8829,2025-01-18 11:09:58,rule
UTR00005274,U002537,TAG07,0.734,2025-07-20 02:00:27,rule
UTR00005275,U004850,TAG07,0.8737,2026-05-02 01:25:28,rule
UTR00005276,U003913,TAG10,0.876,2025-03-22 02:50:09,rule
UTR00005277,U004300,TAG04,0.7294,2026-08-21 15:18:13,model
UTR00005278,U004226,TAG03,0.6954,2025-04-09 22:07:19,rule
UTR00005279,U001516,TAG14,0.7625,2025-11-22 09:39:03,manual
UTR00005280,U003300,TAG08,0.7187,2025-05-17 05:54:55,rule
UTR00005281,U003245,TAG04,0.7044,2026-06-07 16:08:29,rule
UTR00005282,U000022,TAG05,0.9962,2025-05-01 03:58:57,model
UTR00005283,U003869,TAG03,0.7192,2025-07-18 19:35:06,model
UTR00005284,U004860,TAG06,0.7505,2025-11-24 02:04:49,rule
UTR00005285,U004492,TAG05,0.7806,2025-08-20 01:03:07,rule
UTR00005286,U001004,TAG16,0.8002,2025-12-27 20:04:21,model
UTR00005287,U003439,TAG04,0.8558,2025-09-04 06:58:36,model
UTR00005288,U004227,TAG02,0.8482,2025-05-31 09:44:16,rule
UTR00005289,U001479,TAG10,0.695,2025-11-24 03:49:02,rule
UTR00005290,U001734,TAG12,0.8851,2026-05-25 04:42:19,model
UTR00005291,U004671,TAG11,0.7247,2026-06-24 22:44:34,rule
UTR00005292,U002782,TAG15,0.8172,2025-08-10 02:15:44,rule
UTR00005293,U002748,TAG11,0.9565,2025-09-02 23:56:39,model
UTR00005294,U000778,TAG13,0.9306,2025-05-31 07:10:26,rule
UTR00005295,U002269,TAG09,0.7649,2025-06-29 22:29:03,rule
UTR00005296,U000858,TAG03,0.9469,2025-08-10 00:03:19,rule
UTR00005297,U002830,TAG14,0.7872,2025-07-14 17:13:06,model
UTR00005298,U003216,TAG04,0.7359,2025-12-15 19:00:04,model
UTR00005299,U002650,TAG11,0.5786,2026-08-18 09:02:45,rule
UTR00005300,U002279,TAG08,0.8597,2025-10-14 23:00:01,rule
UTR00005301,U000549,TAG06,0.8066,2026-03-19 12:56:52,rule
UTR00005302,U003959,TAG06,0.9864,2025-09-24 12:49:49,rule
UTR00005303,U004901,TAG14,0.9747,2026-07-19 19:44:04,model
UTR00005304,U000144,TAG05,0.9304,2025-08-11 19:12:13,rule
UTR00005305,U003685,TAG13,0.7621,2026-01-16 16:33:12,rule
UTR00005306,U001740,TAG12,0.861,2026-05-02 09:26:43,rule
UTR00005307,U000622,TAG05,0.8985,2026-03-15 23:40:28,model
UTR00005308,U000617,TAG10,0.9296,2025-07-26 02:56:26,model
UTR00005309,U004042,TAG01,0.7506,2026-07-09 06:44:13,model
UTR00005310,U001543,TAG01,0.9474,2026-08-07 19:17:39,model
UTR00005311,U003558,TAG02,0.8289,2025-05-18 20:23:55,model
UTR00005312,U003346,TAG05,0.6333,2025-08-30 22:20:14,rule
UTR00005313,U004647,TAG06,0.5601,2026-08-06 20:51:03,model
UTR00005314,U002182,TAG01,0.8795,2026-04-08 16:31:11,rule
UTR00005315,U004277,TAG01,0.9019,2025-11-05 20:41:15,rule
UTR00005316,U002399,TAG16,0.6224,2025-05-11 22:53:01,model
UTR00005317,U004559,TAG03,0.8,2025-04-17 11:24:54,rule
UTR00005318,U002409,TAG08,0.5713,2026-01-12 11:06:21,rule
UTR00005319,U004033,TAG03,0.9979,2026-04-06 08:56:41,rule
UTR00005320,U004338,TAG15,0.8191,2026-07-30 06:11:41,rule
UTR00005321,U000391,TAG01,0.6575,2026-05-11 12:35:06,rule
UTR00005322,U004873,TAG06,0.7959,2026-05-17 21:54:11,manual
UTR00005323,U004653,TAG16,0.8454,2026-08-19 03:35:10,model
UTR00005324,U000017,TAG04,0.9842,2026-03-02 12:35:01,rule
UTR00005325,U004777,TAG08,0.7582,2026-08-03 11:05:39,rule
UTR00005326,U001417,TAG07,0.8936,2026-06-21 17:58:57,rule
UTR00005327,U002305,TAG16,0.9427,2026-06-08 21:50:42,rule
UTR00005328,U002783,TAG14,0.9861,2026-04-29 10:42:32,rule
UTR00005329,U001681,TAG04,0.8804,2025-10-29 01:39:23,model
UTR00005330,U001969,TAG05,0.8138,2026-02-07 13:07:11,rule
UTR00005331,U003108,TAG10,0.8583,2025-08-07 07:59:42,model
UTR00005332,U002676,TAG13,0.7748,2025-09-08 04:16:50,rule
UTR00005333,U002537,TAG03,0.828,2025-06-16 10:59:32,rule
UTR00005334,U004701,TAG16,0.5887,2025-08-07 16:43:53,model
UTR00005335,U002007,TAG08,0.9008,2025-01-07 00:39:29,rule
UTR00005336,U004756,TAG15,0.9878,2025-03-15 16:49:54,rule
UTR00005337,U001104,TAG04,0.7176,2026-05-01 04:29:59,model
UTR00005338,U004987,TAG14,0.6057,2025-04-20 13:09:29,rule
UTR00005339,U000424,TAG10,0.8397,2025-07-27 08:58:30,model
UTR00005340,U001224,TAG03,0.7186,2026-04-01 02:01:08,rule
UTR00005341,U002583,TAG14,0.7063,2026-03-13 06:00:02,model
UTR00005342,U004599,TAG15,0.7859,2026-01-13 20:23:22,model
UTR00005343,U002997,TAG11,0.9012,2026-07-19 02:05:57,rule
UTR00005344,U000932,TAG16,0.6363,2026-02-03 20:02:38,rule
UTR00005345,U004445,TAG02,0.7773,2025-07-22 18:08:22,rule
UTR00005346,U000516,TAG05,0.5958,2025-12-07 14:12:33,rule
UTR00005347,U004337,TAG04,0.668,2025-10-07 04:46:09,manual
UTR00005348,U004806,TAG06,0.5588,2026-07-29 13:59:19,rule
UTR00005349,U002961,TAG13,0.816,2026-07-05 21:19:16,rule
UTR00005350,U004227,TAG11,0.9885,2025-06-22 00:19:46,model
UTR00005351,U003136,TAG01,0.7809,2026-08-12 18:10:04,rule
UTR00005352,U001138,TAG03,0.6644,2025-07-17 14:46:05,rule
UTR00005353,U004361,TAG02,0.7158,2025-09-25 17:44:18,rule
UTR00005354,U001689,TAG11,0.9436,2026-02-26 17:07:06,rule
UTR00005355,U004872,TAG10,0.6343,2026-04-07 07:08:46,rule
UTR00005356,U003413,TAG01,0.89,2025-07-25 20:48:12,rule
UTR00005357,U000317,TAG03,0.5881,2026-03-08 22:08:41,rule
UTR00005358,U002638,TAG16,0.7469,2026-08-10 12:59:59,rule
UTR00005359,U000082,TAG15,0.9325,2025-11-18 14:07:34,model
UTR00005360,U003296,TAG09,0.5906,2025-11-17 06:05:41,rule
UTR00005361,U002100,TAG12,0.9732,2026-07-11 19:22:44,model
UTR00005362,U001517,TAG01,0.8862,2025-05-24 11:57:10,rule
UTR00005363,U004000,TAG06,0.5695,2025-07-02 19:01:53,model
UTR00005364,U001200,TAG15,0.9684,2026-04-18 22:31:25,model
UTR00005365,U003187,TAG03,0.6177,2026-02-09 04:46:12,model
UTR00005366,U000214,TAG05,0.85,2025-07-05 12:38:17,rule
UTR00005367,U004032,TAG04,0.6681,2025-09-22 18:40:47,rule
UTR00005368,U004996,TAG05,0.9604,2025-06-28 15:56:13,rule
UTR00005369,U001463,TAG09,0.8341,2025-03-16 01:53:57,model
UTR00005370,U000359,TAG14,0.7814,2026-06-17 17:07:44,model
UTR00005371,U004027,TAG15,0.6432,2025-07-12 23:17:26,manual
UTR00005372,U003721,TAG15,0.9663,2025-09-23 05:40:27,rule
UTR00005373,U000593,TAG16,0.7167,2026-05-27 10:05:37,model
UTR00005374,U000894,TAG07,0.8215,2026-03-15 13:34:11,manual
UTR00005375,U004873,TAG02,0.8746,2026-03-21 05:56:43,rule
UTR00005376,U004764,TAG04,0.749,2026-01-28 15:40:40,rule
UTR00005377,U002344,TAG07,0.9221,2025-02-28 21:16:09,rule
UTR00005378,U001869,TAG12,0.6668,2026-05-02 14:26:16,rule
UTR00005379,U002399,TAG11,0.5611,2025-05-19 05:46:56,model
UTR00005380,U004159,TAG11,0.6283,2025-06-29 14:59:17,rule
UTR00005381,U001158,TAG12,0.971,2025-07-01 18:02:16,model
UTR00005382,U001445,TAG08,0.6098,2025-12-14 13:30:43,rule
UTR00005383,U000760,TAG10,0.7012,2025-01-16 01:14:25,rule
UTR00005384,U001323,TAG13,0.8736,2025-02-11 18:49:45,rule
UTR00005385,U003981,TAG12,0.7433,2026-04-25 17:04:24,rule
UTR00005386,U003509,TAG02,0.7631,2026-08-21 19:00:56,rule
UTR00005387,U004977,TAG11,0.5824,2026-05-12 10:33:38,rule
UTR00005388,U000366,TAG11,0.5804,2025-07-27 15:10:47,rule
UTR00005389,U001978,TAG15,0.859,2026-05-16 09:46:37,rule
UTR00005390,U003059,TAG05,0.7534,2025-11-22 20:50:34,model
UTR00005391,U002525,TAG04,0.9942,2025-04-12 05:36:04,model
UTR00005392,U003511,TAG02,0.6285,2026-03-02 06:09:39,rule
UTR00005393,U001187,TAG12,0.616,2025-10-22 15:48:14,model
UTR00005394,U003759,TAG11,0.954,2025-09-14 04:56:37,model
UTR00005395,U003612,TAG06,0.9098,2025-09-21 22:38:29,model
UTR00005396,U000121,TAG13,0.6526,2025-12-16 13:45:21,model
UTR00005397,U001347,TAG14,0.7038,2026-06-20 16:18:56,rule
UTR00005398,U003398,TAG15,0.9605,2025-09-30 03:22:30,model
UTR00005399,U004621,TAG10,0.7409,2025-02-17 15:33:42,rule
UTR00005400,U001925,TAG15,0.6327,2025-06-12 19:03:07,rule
UTR00005401,U003300,TAG14,0.6042,2025-08-03 21:38:51,model
UTR00005402,U001705,TAG09,0.7669,2025-08-25 14:27:24,model
UTR00005403,U003160,TAG09,0.8702,2026-06-11 17:33:40,model
UTR00005404,U001630,TAG11,0.7369,2025-07-01 10:53:07,model
UTR00005405,U001212,TAG03,0.7704,2025-04-21 07:52:32,model
UTR00005406,U001783,TAG02,0.5937,2025-10-30 15:26:53,rule
UTR00005407,U002479,TAG12,0.6689,2025-11-14 07:49:50,manual
UTR00005408,U001524,TAG03,0.9366,2025-09-25 20:01:07,rule
UTR00005409,U003821,TAG04,0.8757,2025-05-13 12:06:34,rule
UTR00005410,U000368,TAG14,0.7232,2026-07-09 01:12:58,rule
UTR00005411,U003008,TAG03,0.6028,2025-08-17 01:33:17,rule
UTR00005412,U002107,TAG02,0.7408,2025-01-16 06:59:44,rule
UTR00005413,U000918,TAG12,0.927,2026-03-20 19:16:53,rule
UTR00005414,U001832,TAG15,0.5654,2025-04-12 08:39:43,rule
UTR00005415,U002787,TAG08,0.5648,2025-11-21 15:09:18,model
UTR00005416,U002468,TAG04,0.6177,2025-05-05 03:06:42,rule
UTR00005417,U000811,TAG11,0.6748,2025-05-20 00:36:10,rule
UTR00005418,U002385,TAG11,0.7883,2025-12-16 20:16:04,model
UTR00005419,U003045,TAG08,0.88,2026-02-05 14:01:11,rule
UTR00005420,U003942,TAG16,0.794,2025-09-02 06:42:10,model
UTR00005421,U003847,TAG10,0.9825,2025-09-21 00:39:11,model
UTR00005422,U000074,TAG14,0.7617,2026-01-31 09:37:25,rule
UTR00005423,U002993,TAG14,0.7627,2025-10-17 11:57:17,model
UTR00005424,U001599,TAG03,0.8367,2025-06-01 01:47:22,rule
UTR00005425,U000348,TAG08,0.9464,2025-10-07 00:09:58,model
UTR00005426,U003996,TAG13,0.5525,2025-03-06 16:10:41,rule
UTR00005427,U001393,TAG16,0.7296,2025-01-28 03:26:09,rule
UTR00005428,U000753,TAG10,0.8612,2025-12-31 18:19:20,rule
UTR00005429,U002478,TAG09,0.9823,2026-03-20 08:52:15,rule
UTR00005430,U004978,TAG15,0.7444,2025-02-18 11:13:21,rule
UTR00005431,U000397,TAG01,0.7178,2025-05-29 21:52:01,rule
UTR00005432,U002043,TAG09,0.9364,2025-05-11 17:19:54,model
UTR00005433,U001245,TAG08,0.9114,2026-05-20 22:50:59,rule
UTR00005434,U003559,TAG10,0.9356,2025-09-11 03:42:48,rule
UTR00005435,U002753,TAG03,0.6503,2026-03-13 16:12:45,rule
UTR00005436,U002299,TAG05,0.6437,2025-05-29 17:39:10,rule
UTR00005437,U003482,TAG15,0.8478,2025-06-03 10:07:05,model
UTR00005438,U002340,TAG06,0.6901,2025-07-26 07:56:46,rule
UTR00005439,U004646,TAG10,0.7604,2025-01-26 13:53:31,rule
UTR00005440,U003913,TAG08,0.7529,2025-03-18 06:30:42,rule
UTR00005441,U002118,TAG08,0.8456,2025-10-13 08:35:22,rule
UTR00005442,U001057,TAG13,0.8021,2025-06-06 02:22:04,model
UTR00005443,U003015,TAG10,0.9185,2025-11-12 14:53:52,model
UTR00005444,U002279,TAG15,0.6575,2025-01-04 00:56:27,model
UTR00005445,U002591,TAG13,0.8774,2026-08-11 05:13:15,rule
UTR00005446,U004496,TAG01,0.6898,2026-02-12 07:32:20,manual
UTR00005447,U001358,TAG09,0.5636,2025-04-07 00:59:08,rule
UTR00005448,U002162,TAG03,0.7167,2025-12-31 18:49:07,model
UTR00005449,U000985,TAG04,0.6867,2025-05-15 15:08:42,rule
UTR00005450,U002823,TAG08,0.6657,2026-05-28 09:28:33,rule
UTR00005451,U001518,TAG04,0.922,2026-01-28 10:47:06,manual
UTR00005452,U003375,TAG15,0.8448,2025-08-10 23:50:27,rule
UTR00005453,U002577,TAG16,0.9934,2026-07-15 03:50:23,rule
UTR00005454,U000341,TAG14,0.8755,2025-10-29 06:53:59,model
UTR00005455,U003820,TAG06,0.8233,2025-03-13 21:07:32,model
UTR00005456,U001775,TAG09,0.8513,2026-03-30 19:56:06,model
UTR00005457,U003842,TAG16,0.845,2025-11-14 02:57:31,rule
UTR00005458,U000575,TAG09,0.6468,2025-04-06 22:01:08,rule
UTR00005459,U002356,TAG08,0.9485,2025-08-10 14:16:48,model
UTR00005460,U002277,TAG12,0.6075,2025-05-26 01:49:47,rule
UTR00005461,U002932,TAG02,0.9441,2025-12-29 11:36:36,model
UTR00005462,U003256,TAG14,0.7473,2025-10-08 13:37:23,rule
UTR00005463,U001875,TAG05,0.7885,2025-08-15 11:48:12,model
UTR00005464,U001788,TAG13,0.9742,2026-02-10 18:06:59,rule
UTR00005465,U001747,TAG11,0.6522,2025-07-24 14:36:01,model
UTR00005466,U004528,TAG15,0.8011,2025-07-10 16:55:09,rule
UTR00005467,U003613,TAG09,0.6791,2026-07-30 15:43:18,model
UTR00005468,U000088,TAG02,0.8471,2025-10-17 21:28:26,manual
UTR00005469,U002469,TAG06,0.6628,2026-03-14 08:56:38,model
UTR00005470,U002624,TAG07,0.9966,2026-04-06 19:10:43,rule
UTR00005471,U000996,TAG04,0.7611,2026-06-17 14:38:33,model
UTR00005472,U000376,TAG12,0.782,2025-11-07 02:44:53,model
UTR00005473,U001645,TAG05,0.8904,2025-01-20 23:12:43,rule
UTR00005474,U003832,TAG14,0.9325,2025-01-11 05:39:56,rule
UTR00005475,U001193,TAG10,0.6421,2026-07-01 21:02:32,manual
UTR00005476,U003358,TAG06,0.7839,2025-12-29 11:37:16,model
UTR00005477,U001907,TAG14,0.873,2025-05-28 03:27:45,rule
UTR00005478,U001697,TAG16,0.9287,2025-10-30 01:25:19,model
UTR00005479,U002264,TAG12,0.6599,2025-10-09 14:20:31,rule
UTR00005480,U004936,TAG09,0.7475,2026-08-19 13:55:07,model
UTR00005481,U004181,TAG15,0.816,2025-01-27 01:13:06,rule
UTR00005482,U000541,TAG11,0.5653,2025-11-26 17:10:58,model
UTR00005483,U003697,TAG12,0.6446,2025-06-16 13:27:07,rule
UTR00005484,U002367,TAG06,0.9659,2025-08-27 09:09:06,rule
UTR00005485,U001869,TAG04,0.6163,2025-02-27 21:24:34,rule
UTR00005486,U000032,TAG11,0.8933,2026-03-01 17:00:23,model
UTR00005487,U004247,TAG06,0.9478,2026-04-25 21:12:16,model
UTR00005488,U000601,TAG13,0.9975,2025-03-09 05:44:26,rule
UTR00005489,U001853,TAG01,0.7875,2026-02-25 11:44:44,rule
UTR00005490,U001943,TAG09,0.7766,2025-03-08 07:00:45,rule
UTR00005491,U003337,TAG10,0.5907,2025-02-05 08:29:18,rule
UTR00005492,U001922,TAG02,0.8633,2025-11-25 00:34:19,model
UTR00005493,U003648,TAG13,0.7141,2025-01-23 12:39:03,model
UTR00005494,U000686,TAG02,0.9558,2026-02-02 09:54:05,rule
UTR00005495,U004160,TAG09,0.671,2026-06-09 07:29:54,rule
UTR00005496,U000845,TAG01,0.7448,2025-09-08 01:00:05,model
UTR00005497,U000228,TAG12,0.6867,2025-08-21 04:40:13,model
UTR00005498,U000375,TAG06,0.8656,2026-03-30 07:09:56,rule
UTR00005499,U002215,TAG10,0.8614,2025-02-12 04:14:49,rule
UTR00005500,U002108,TAG05,0.5811,2025-12-09 23:23:23,model
UTR00005501,U003367,TAG03,0.9973,2026-03-19 00:05:44,rule
UTR00005502,U000141,TAG09,0.9768,2025-03-05 08:24:41,rule
UTR00005503,U002122,TAG10,0.945,2025-07-22 17:24:08,rule
UTR00005504,U000546,TAG08,0.9865,2025-05-10 05:24:50,rule
UTR00005505,U000169,TAG04,0.6607,2025-09-29 00:51:50,rule
UTR00005506,U003645,TAG03,0.8873,2025-09-01 23:47:04,rule
UTR00005507,U002045,TAG03,0.5872,2025-07-26 12:59:06,rule
UTR00005508,U002309,TAG16,0.6143,2025-02-11 16:20:45,rule
UTR00005509,U004258,TAG11,0.8937,2025-08-11 09:43:04,rule
UTR00005510,U001217,TAG03,0.7817,2025-01-18 13:50:11,model
UTR00005511,U004853,TAG05,0.9317,2026-06-23 16:54:40,manual
UTR00005512,U003222,TAG15,0.7882,2025-11-04 00:34:05,rule
UTR00005513,U004897,TAG12,0.8634,2026-06-14 13:47:36,rule
UTR00005514,U000989,TAG05,0.5623,2025-04-02 16:33:17,rule
UTR00005515,U004475,TAG14,0.5939,2026-06-10 15:08:50,rule
UTR00005516,U000617,TAG07,0.94,2025-10-02 02:28:40,rule
UTR00005517,U004805,TAG08,0.9019,2026-07-02 05:35:41,rule
UTR00005518,U002978,TAG03,0.6953,2025-10-24 04:28:08,rule
UTR00005519,U003538,TAG08,0.6075,2025-07-15 01:02:45,model
UTR00005520,U003823,TAG12,0.6986,2026-01-22 21:10:10,rule
UTR00005521,U000945,TAG10,0.9931,2025-02-01 03:37:41,rule
UTR00005522,U001671,TAG04,0.7394,2025-08-22 14:47:01,rule
UTR00005523,U004488,TAG10,0.7273,2026-02-02 22:52:42,model
UTR00005524,U002907,TAG07,0.6759,2026-02-15 04:28:19,model
UTR00005525,U002787,TAG01,0.6278,2026-07-11 11:34:52,model
UTR00005526,U003384,TAG05,0.891,2025-05-24 12:27:32,model
UTR00005527,U001714,TAG07,0.8979,2025-09-06 05:05:14,rule
UTR00005528,U004766,TAG11,0.7728,2025-02-27 21:03:48,rule
UTR00005529,U000875,TAG04,0.5998,2026-04-27 11:09:20,rule
UTR00005530,U001779,TAG15,0.6158,2025-05-05 18:35:48,rule
UTR00005531,U004806,TAG06,0.5813,2025-05-31 11:22:51,rule
UTR00005532,U004196,TAG05,0.6994,2025-01-16 12:12:35,model
UTR00005533,U005000,TAG03,0.8003,2025-06-28 05:44:17,rule
UTR00005534,U001937,TAG16,0.9916,2025-01-31 07:15:30,model
UTR00005535,U004350,TAG01,0.6242,2025-09-16 11:51:14,model
UTR00005536,U000832,TAG07,0.6575,2025-09-27 05:03:57,model
UTR00005537,U001776,TAG12,0.5821,2026-01-23 20:15:40,rule
UTR00005538,U004089,TAG16,0.6264,2025-04-14 19:38:59,model
UTR00005539,U003829,TAG10,0.7176,2025-01-28 16:23:59,model
UTR00005540,U000584,TAG01,0.7198,2025-06-23 10:56:18,rule
UTR00005541,U002600,TAG09,0.6339,2026-04-17 04:09:55,model
UTR00005542,U001083,TAG05,0.6343,2025-07-01 13:02:55,model
UTR00005543,U000858,TAG08,0.5537,2025-06-01 02:11:37,model
UTR00005544,U002448,TAG15,0.9618,2026-06-16 19:40:27,model
UTR00005545,U000425,TAG04,0.775,2025-11-16 18:33:03,model
UTR00005546,U000709,TAG04,0.6524,2026-05-26 22:06:16,model
UTR00005547,U000550,TAG13,0.8338,2026-07-14 10:58:38,rule
UTR00005548,U004266,TAG04,0.8561,2025-06-06 04:08:00,model
UTR00005549,U000942,TAG03,0.869,2026-04-19 18:56:23,model
UTR00005550,U004425,TAG10,0.5546,2025-04-01 21:55:09,model
UTR00005551,U003316,TAG14,0.9372,2025-06-17 23:16:34,rule
UTR00005552,U002549,TAG10,0.9843,2025-12-08 15:34:54,rule
UTR00005553,U004643,TAG16,0.9187,2025-01-11 14:30:02,model
UTR00005554,U002810,TAG14,0.568,2026-04-20 07:14:30,rule
UTR00005555,U003119,TAG04,0.5596,2026-01-06 15:51:11,rule
UTR00005556,U004184,TAG11,0.7735,2025-04-08 08:25:06,model
UTR00005557,U000832,TAG16,0.9615,2025-03-25 23:42:51,rule
UTR00005558,U002484,TAG14,0.5722,2025-07-15 18:46:06,model
UTR00005559,U004513,TAG05,0.9063,2025-02-05 01:45:43,model
UTR00005560,U004450,TAG09,0.9583,2026-01-23 13:04:21,model
UTR00005561,U001637,TAG10,0.8849,2026-03-16 02:16:53,rule
UTR00005562,U003323,TAG03,0.9872,2025-12-04 10:42:39,model
UTR00005563,U003558,TAG02,0.7057,2026-05-28 22:18:19,rule
UTR00005564,U003105,TAG08,0.6504,2025-09-05 02:29:37,model
UTR00005565,U001659,TAG11,0.8231,2026-03-14 22:13:16,rule
UTR00005566,U001050,TAG13,0.5942,2025-12-20 19:34:21,rule
UTR00005567,U003622,TAG02,0.7899,2026-06-09 01:51:08,model
UTR00005568,U001956,TAG15,0.9173,2025-03-14 04:28:40,rule
UTR00005569,U000064,TAG11,0.7797,2026-05-10 16:24:59,model
UTR00005570,U001672,TAG07,0.9948,2026-08-06 13:48:37,rule
UTR00005571,U002859,TAG12,0.704,2026-03-15 02:16:29,rule
UTR00005572,U001529,TAG16,0.7219,2025-07-27 18:32:49,model
UTR00005573,U001755,TAG12,0.8796,2026-08-20 08:53:00,rule
UTR00005574,U004679,TAG10,0.7916,2025-05-19 20:21:20,model
UTR00005575,U004160,TAG15,0.8809,2025-02-26 01:14:46,rule
UTR00005576,U003368,TAG14,0.9108,2025-05-31 13:16:55,rule
UTR00005577,U001697,TAG03,0.7977,2025-02-17 17:45:23,rule
UTR00005578,U000836,TAG03,0.6369,2025-01-20 22:10:19,rule
UTR00005579,U002357,TAG12,0.9219,2025-10-09 17:12:33,model
UTR00005580,U002768,TAG11,0.6198,2025-03-05 05:10:14,model
UTR00005581,U001740,TAG14,0.8298,2025-12-11 14:59:10,model
UTR00005582,U003811,TAG04,0.6795,2026-01-05 04:55:43,rule
UTR00005583,U000594,TAG05,0.677,2025-10-05 23:33:15,model
UTR00005584,U000845,TAG06,0.5542,2025-09-07 22:48:45,model
UTR00005585,U003750,TAG09,0.8215,2026-01-08 02:31:47,rule
UTR00005586,U004922,TAG07,0.6171,2025-05-15 15:50:11,model
UTR00005587,U001339,TAG10,0.8437,2025-06-25 21:54:43,rule
UTR00005588,U004877,TAG08,0.8316,2026-05-02 16:56:36,rule
UTR00005589,U004848,TAG11,0.6074,2026-02-23 18:04:34,rule
UTR00005590,U002271,TAG13,0.6954,2025-10-16 19:53:55,model
UTR00005591,U004760,TAG03,0.5929,2026-04-26 03:27:07,model
UTR00005592,U001292,TAG02,0.8544,2025-03-16 08:35:11,rule
UTR00005593,U003360,TAG09,0.8399,2025-09-17 01:40:48,rule
UTR00005594,U002570,TAG02,0.9419,2026-04-30 05:58:41,rule
UTR00005595,U000190,TAG12,0.9461,2025-11-08 09:17:29,rule
UTR00005596,U001798,TAG13,0.8585,2025-05-04 11:43:23,model
UTR00005597,U002995,TAG07,0.9811,2026-02-10 05:53:48,model
UTR00005598,U001017,TAG08,0.6484,2025-11-11 05:27:00,model
UTR00005599,U000537,TAG03,0.6036,2025-01-02 22:41:33,rule
UTR00005600,U003990,TAG03,0.886,2025-09-12 07:33:47,model
UTR00005601,U003260,TAG05,0.6203,2025-08-24 18:59:46,rule
UTR00005602,U004758,TAG13,0.8936,2025-07-20 23:24:48,manual
UTR00005603,U003076,TAG04,0.7591,2026-01-15 09:16:35,model
UTR00005604,U001621,TAG08,0.5949,2026-08-03 17:23:52,rule
UTR00005605,U001352,TAG01,0.8509,2026-04-21 17:01:35,model
UTR00005606,U003118,TAG06,0.7201,2025-11-28 00:20:28,model
UTR00005607,U000797,TAG15,0.8201,2026-05-07 18:29:49,rule
UTR00005608,U001163,TAG02,0.7918,2025-07-07 01:42:43,model
UTR00005609,U003132,TAG03,0.9981,2025-06-01 14:16:34,rule
UTR00005610,U002586,TAG12,0.577,2026-05-18 11:12:35,model
UTR00005611,U002668,TAG04,0.8215,2026-06-04 09:43:51,rule
UTR00005612,U001929,TAG07,0.832,2026-06-28 15:03:22,rule
UTR00005613,U000987,TAG05,0.5976,2026-03-29 08:37:39,rule
UTR00005614,U001835,TAG13,0.8013,2025-12-14 19:50:49,model
UTR00005615,U001685,TAG06,0.7649,2025-10-04 06:25:02,model
UTR00005616,U002966,TAG05,0.7972,2025-03-12 01:24:33,model
UTR00005617,U002989,TAG05,0.9911,2025-12-12 15:40:01,rule
UTR00005618,U002613,TAG13,0.8437,2025-11-04 10:07:27,model
UTR00005619,U000149,TAG12,0.748,2025-11-06 16:22:09,rule
UTR00005620,U000519,TAG15,0.6825,2025-10-01 11:07:25,model
UTR00005621,U001938,TAG03,0.5988,2025-10-26 18:50:39,manual
UTR00005622,U002236,TAG15,0.6477,2026-04-28 05:12:44,rule
UTR00005623,U003644,TAG13,0.8511,2026-07-23 13:32:54,model
UTR00005624,U002388,TAG16,0.9692,2025-08-08 23:29:06,rule
UTR00005625,U001291,TAG03,0.8885,2026-08-05 07:17:45,rule
UTR00005626,U004938,TAG10,0.8912,2025-07-26 20:56:22,rule
UTR00005627,U002596,TAG10,0.7237,2025-01-06 17:04:13,rule
UTR00005628,U002548,TAG04,0.8931,2025-03-25 06:34:48,model
UTR00005629,U000341,TAG04,0.5567,2026-08-06 13:13:48,rule
UTR00005630,U000069,TAG16,0.6827,2025-04-19 20:32:17,rule
UTR00005631,U003637,TAG06,0.9685,2025-05-26 20:10:23,model
UTR00005632,U003915,TAG15,0.973,2025-04-29 10:57:49,model
UTR00005633,U004403,TAG15,0.8062,2025-11-25 15:14:13,model
UTR00005634,U003501,TAG06,0.8545,2026-07-01 03:44:54,rule
UTR00005635,U002899,TAG13,0.5563,2025-07-23 04:45:54,model
UTR00005636,U000530,TAG13,0.8572,2025-01-09 01:10:33,model
UTR00005637,U002121,TAG11,0.8441,2025-08-01 21:01:28,rule
UTR00005638,U002073,TAG03,0.5974,2025-02-11 12:16:39,rule
UTR00005639,U004522,TAG10,0.5948,2025-06-07 12:48:07,model
UTR00005640,U000418,TAG05,0.9509,2025-06-06 03:38:19,rule
UTR00005641,U002839,TAG16,0.7346,2025-10-27 14:16:15,model
UTR00005642,U004867,TAG16,0.7035,2025-01-29 17:08:28,manual
UTR00005643,U002195,TAG04,0.8718,2025-12-06 15:32:32,rule
UTR00005644,U002156,TAG02,0.8403,2026-04-18 10:21:34,manual
UTR00005645,U002514,TAG04,0.5895,2025-08-09 08:09:19,rule
UTR00005646,U004803,TAG07,0.7779,2026-06-26 09:51:13,rule
UTR00005647,U004987,TAG07,0.7565,2025-09-17 02:30:59,rule
UTR00005648,U000845,TAG08,0.6877,2025-02-24 22:01:29,model
UTR00005649,U004332,TAG04,0.8315,2026-04-12 16:38:11,rule
UTR00005650,U000517,TAG12,0.7878,2026-02-03 11:18:42,rule
UTR00005651,U003517,TAG04,0.9039,2026-07-10 06:54:55,model
UTR00005652,U000939,TAG14,0.8656,2025-06-07 05:50:53,rule
UTR00005653,U000493,TAG13,0.5622,2025-08-17 08:00:32,model
UTR00005654,U002753,TAG08,0.6396,2026-04-19 23:00:47,model
UTR00005655,U002600,TAG14,0.6489,2025-10-15 13:16:21,model
UTR00005656,U002185,TAG06,0.9103,2026-02-17 01:32:32,model
UTR00005657,U004778,TAG03,0.9597,2025-09-16 10:53:46,rule
UTR00005658,U004793,TAG04,0.6272,2025-12-19 08:31:00,rule
UTR00005659,U004034,TAG07,0.5748,2025-04-22 17:07:02,model
UTR00005660,U003898,TAG03,0.873,2025-03-05 15:12:20,rule
UTR00005661,U004428,TAG11,0.8635,2025-09-23 13:16:21,model
UTR00005662,U003471,TAG13,0.7832,2025-11-23 23:16:14,rule
UTR00005663,U000622,TAG12,0.7222,2025-05-20 21:23:12,model
UTR00005664,U002360,TAG10,0.7432,2026-03-12 08:40:17,rule
UTR00005665,U003674,TAG13,0.8693,2025-07-28 05:19:35,rule
UTR00005666,U002186,TAG12,0.8052,2026-04-17 10:17:39,manual
UTR00005667,U002345,TAG03,0.6562,2026-02-07 15:56:41,rule
UTR00005668,U003759,TAG13,0.5823,2026-06-08 02:41:26,rule
UTR00005669,U002554,TAG16,0.763,2026-05-06 12:45:16,rule
UTR00005670,U001387,TAG15,0.6959,2025-08-31 06:20:38,rule
UTR00005671,U002859,TAG06,0.9913,2026-06-27 20:17:11,rule
UTR00005672,U004650,TAG05,0.9237,2025-03-11 14:27:06,model
UTR00005673,U003785,TAG11,0.8607,2025-06-28 13:25:15,rule
UTR00005674,U002548,TAG08,0.929,2025-09-29 23:41:28,model
UTR00005675,U001313,TAG02,0.8254,2025-12-27 08:19:11,rule
UTR00005676,U001107,TAG08,0.7406,2025-03-04 15:50:59,rule
UTR00005677,U000580,TAG06,0.8821,2025-02-12 13:23:57,rule
UTR00005678,U000909,TAG14,0.637,2026-08-01 23:37:32,rule
UTR00005679,U000217,TAG04,0.8574,2025-05-02 17:21:53,model
UTR00005680,U004736,TAG08,0.6845,2026-04-18 05:18:28,rule
UTR00005681,U004525,TAG03,0.9832,2026-08-02 12:12:09,model
UTR00005682,U000918,TAG15,0.7042,2025-04-25 07:49:44,model
UTR00005683,U002366,TAG08,0.812,2025-12-20 03:50:18,rule
UTR00005684,U001025,TAG16,0.8882,2026-01-23 15:29:16,model
UTR00005685,U001607,TAG13,0.6619,2025-08-04 12:34:32,rule
UTR00005686,U003637,TAG02,0.5567,2026-02-10 13:37:38,model
UTR00005687,U004797,TAG11,0.6414,2025-07-03 07:40:53,model
UTR00005688,U002794,TAG03,0.9716,2025-07-02 06:49:44,rule
UTR00005689,U003555,TAG05,0.7968,2026-06-20 10:36:24,rule
UTR00005690,U004987,TAG01,0.995,2025-03-19 06:38:12,model
UTR00005691,U002136,TAG07,0.7048,2025-05-27 08:25:01,model
UTR00005692,U000699,TAG08,0.6314,2026-05-22 23:32:59,rule
UTR00005693,U000435,TAG13,0.9445,2025-02-23 14:44:54,rule
UTR00005694,U000698,TAG06,0.8476,2025-10-09 04:34:25,rule
UTR00005695,U000726,TAG16,0.7898,2025-02-28 08:26:54,rule
UTR00005696,U000582,TAG16,0.7582,2025-02-08 15:38:42,rule
UTR00005697,U000695,TAG05,0.9593,2026-04-28 09:24:33,model
UTR00005698,U004123,TAG14,0.6474,2026-05-05 16:06:49,rule
UTR00005699,U000357,TAG10,0.9549,2026-02-12 13:12:40,rule
UTR00005700,U001573,TAG14,0.6472,2025-02-06 02:59:37,rule
UTR00005701,U001878,TAG04,0.7215,2025-06-09 14:58:08,rule
UTR00005702,U004491,TAG09,0.567,2025-11-21 09:14:59,rule
UTR00005703,U004362,TAG01,0.9415,2025-05-15 21:33:51,rule
UTR00005704,U000129,TAG06,0.8285,2026-01-19 22:44:30,model
UTR00005705,U003501,TAG08,0.6608,2025-02-21 05:36:45,model
UTR00005706,U000869,TAG08,0.887,2025-04-18 04:23:19,model
UTR00005707,U003799,TAG08,0.8992,2025-01-12 20:41:36,model
UTR00005708,U003875,TAG10,0.6807,2025-06-07 10:04:45,model
UTR00005709,U003997,TAG01,0.6517,2025-12-23 12:57:37,rule
UTR00005710,U004584,TAG11,0.9603,2026-05-07 00:38:37,rule
UTR00005711,U001734,TAG02,0.9412,2025-10-27 12:24:29,manual
UTR00005712,U000524,TAG04,0.9723,2025-04-16 20:37:49,model
UTR00005713,U001731,TAG04,0.7135,2025-05-21 05:14:44,model
UTR00005714,U004060,TAG14,0.9459,2025-10-29 13:48:29,rule
UTR00005715,U003076,TAG15,0.7176,2026-03-16 12:22:53,rule
UTR00005716,U000595,TAG04,0.6615,2025-04-21 18:51:17,model
UTR00005717,U004256,TAG15,0.7683,2025-01-20 02:12:54,model
UTR00005718,U003542,TAG08,0.6156,2026-03-04 10:41:23,model
UTR00005719,U002034,TAG15,0.75,2026-02-22 15:09:45,rule
UTR00005720,U001185,TAG05,0.7789,2025-02-04 00:40:15,rule
UTR00005721,U002350,TAG06,0.9022,2025-01-23 11:26:53,rule
UTR00005722,U002606,TAG01,0.5977,2025-04-03 05:22:10,rule
UTR00005723,U000200,TAG16,0.8658,2026-01-11 11:34:50,model
UTR00005724,U003897,TAG04,0.6095,2025-08-26 16:55:33,rule
UTR00005725,U003549,TAG13,0.8423,2025-07-04 11:35:43,rule
UTR00005726,U000568,TAG05,0.5561,2026-01-03 18:59:48,model
UTR00005727,U001655,TAG07,0.8813,2025-09-24 05:37:37,model
UTR00005728,U002099,TAG08,0.7315,2026-07-14 17:19:57,manual
UTR00005729,U003035,TAG13,0.9517,2025-07-12 20:57:15,rule
UTR00005730,U004205,TAG09,0.8173,2025-08-29 08:44:36,rule
UTR00005731,U000999,TAG06,0.6111,2025-03-13 00:38:19,rule
UTR00005732,U002699,TAG03,0.5647,2025-02-26 09:04:43,rule
UTR00005733,U000611,TAG16,0.6117,2025-08-28 17:30:04,model
UTR00005734,U001831,TAG08,0.6865,2026-04-25 21:28:27,rule
UTR00005735,U000649,TAG11,0.9214,2026-05-24 21:21:48,rule
UTR00005736,U002090,TAG07,0.5707,2025-03-07 13:43:34,model
UTR00005737,U000408,TAG05,0.6818,2025-06-18 01:40:46,model
UTR00005738,U004533,TAG08,0.7379,2025-04-26 08:57:21,rule
UTR00005739,U001485,TAG06,0.916,2026-02-10 13:29:19,model
UTR00005740,U002997,TAG08,0.5548,2025-03-30 14:23:12,rule
UTR00005741,U001465,TAG12,0.6185,2025-06-02 00:00:26,rule
UTR00005742,U001213,TAG11,0.9868,2026-07-19 16:37:32,rule
UTR00005743,U000133,TAG08,0.5553,2025-06-18 14:59:00,rule
UTR00005744,U001578,TAG13,0.5619,2026-01-28 22:47:30,model
UTR00005745,U004273,TAG15,0.6161,2026-02-26 21:50:31,rule
UTR00005746,U004807,TAG11,0.5611,2026-06-13 10:05:47,rule
UTR00005747,U000489,TAG02,0.9222,2025-06-02 01:29:51,rule
UTR00005748,U001941,TAG16,0.9899,2026-04-26 03:57:30,rule
UTR00005749,U003048,TAG15,0.5721,2026-02-15 00:43:12,rule
UTR00005750,U003655,TAG07,0.6399,2026-07-01 10:36:07,model
UTR00005751,U003286,TAG08,0.7677,2026-05-07 05:49:17,manual
UTR00005752,U004737,TAG02,0.7563,2025-04-26 05:02:30,rule
UTR00005753,U000421,TAG03,0.5537,2025-12-05 15:42:02,rule
UTR00005754,U004090,TAG12,0.9067,2025-02-24 01:45:13,rule
UTR00005755,U001237,TAG02,0.8816,2026-04-14 00:51:22,rule
UTR00005756,U000905,TAG02,0.5589,2025-06-21 23:49:41,rule
UTR00005757,U000868,TAG13,0.7206,2025-06-27 11:38:34,model
UTR00005758,U002128,TAG13,0.7198,2025-08-28 19:51:34,model
UTR00005759,U004822,TAG04,0.8195,2025-08-28 12:41:35,rule
UTR00005760,U001283,TAG01,0.9408,2025-01-14 08:07:47,rule
UTR00005761,U000040,TAG06,0.855,2026-04-19 15:21:15,model
UTR00005762,U004189,TAG16,0.6339,2026-04-30 10:59:05,rule
UTR00005763,U002567,TAG06,0.6577,2025-07-22 19:09:07,rule
UTR00005764,U001289,TAG12,0.8809,2026-04-13 14:39:52,rule
UTR00005765,U003857,TAG09,0.5513,2026-06-04 20:08:09,rule
UTR00005766,U002308,TAG04,0.6053,2025-09-29 06:12:56,model
UTR00005767,U004570,TAG01,0.7002,2025-11-04 02:08:47,model
UTR00005768,U001833,TAG12,0.908,2025-08-27 10:59:37,rule
UTR00005769,U002035,TAG13,0.9019,2025-02-13 05:48:14,manual
UTR00005770,U000892,TAG02,0.8367,2025-01-09 01:33:31,rule
UTR00005771,U000784,TAG02,0.8326,2026-02-02 20:56:46,model
UTR00005772,U000952,TAG16,0.7829,2025-01-17 04:19:27,rule
UTR00005773,U002964,TAG10,0.8428,2025-06-19 05:26:55,rule
UTR00005774,U003893,TAG04,0.9238,2026-03-08 08:43:21,rule
UTR00005775,U003218,TAG08,0.7923,2026-02-25 10:39:38,rule
UTR00005776,U001635,TAG06,0.8703,2025-07-27 22:38:06,rule
UTR00005777,U004159,TAG14,0.6612,2026-06-06 04:28:27,rule
UTR00005778,U002247,TAG14,0.6656,2025-02-12 09:13:36,model
UTR00005779,U000307,TAG12,0.9289,2025-04-12 07:06:35,rule
UTR00005780,U002090,TAG11,0.6266,2025-05-12 20:14:15,rule
UTR00005781,U002277,TAG10,0.8767,2026-04-09 14:47:35,rule
UTR00005782,U002946,TAG10,0.9475,2026-06-14 17:45:33,model
UTR00005783,U000059,TAG10,0.6151,2025-08-20 19:20:55,model
UTR00005784,U001600,TAG13,0.7093,2026-08-19 14:28:24,rule
UTR00005785,U002445,TAG09,0.805,2025-07-15 21:07:50,model
UTR00005786,U001782,TAG03,0.7463,2025-07-01 11:28:41,rule
UTR00005787,U004727,TAG06,0.9407,2026-03-15 16:59:13,manual
UTR00005788,U001481,TAG05,0.9999,2025-02-11 09:36:21,rule
UTR00005789,U001903,TAG05,0.9237,2025-01-02 11:00:48,model
UTR00005790,U001040,TAG14,0.5769,2025-04-26 10:37:14,rule
UTR00005791,U001957,TAG03,0.9932,2026-04-27 21:31:29,rule
UTR00005792,U001219,TAG16,0.9912,2026-02-13 16:52:51,rule
UTR00005793,U000880,TAG16,0.7402,2025-10-01 02:18:50,rule
UTR00005794,U003060,TAG05,0.5684,2026-06-18 21:11:11,rule
UTR00005795,U003968,TAG07,0.5787,2026-08-09 18:14:05,rule
UTR00005796,U002577,TAG09,0.8615,2025-02-03 10:06:17,rule
UTR00005797,U002215,TAG09,0.55,2025-05-06 10:09:57,rule
UTR00005798,U003502,TAG15,0.8922,2026-06-14 02:38:05,rule
UTR00005799,U001848,TAG08,0.9037,2026-08-19 00:02:30,rule
UTR00005800,U003885,TAG10,0.8993,2025-08-25 04:32:16,rule
UTR00005801,U004162,TAG01,0.9339,2025-05-17 16:26:07,model
UTR00005802,U000899,TAG10,0.6088,2025-01-11 15:18:04,model
UTR00005803,U004933,TAG05,0.7232,2026-06-15 19:29:07,model
UTR00005804,U002818,TAG05,0.5601,2025-12-25 14:02:57,rule
UTR00005805,U000888,TAG10,0.5689,2026-02-10 15:13:58,rule
UTR00005806,U001125,TAG08,0.6161,2026-08-12 23:26:56,model
UTR00005807,U002284,TAG07,0.6141,2026-04-20 19:41:45,rule
UTR00005808,U001614,TAG07,0.6544,2026-07-29 13:46:43,model
UTR00005809,U003999,TAG14,0.8789,2025-04-17 00:09:54,rule
UTR00005810,U000396,TAG07,0.9976,2025-06-26 01:39:26,model
UTR00005811,U002701,TAG01,0.5713,2025-07-20 06:05:28,model
UTR00005812,U002031,TAG07,0.9659,2025-07-02 13:14:54,rule
UTR00005813,U002780,TAG04,0.5618,2025-05-04 15:09:03,model
UTR00005814,U004551,TAG05,0.7147,2025-02-22 22:56:53,rule
UTR00005815,U002432,TAG02,0.8118,2026-01-13 01:58:29,rule
UTR00005816,U000311,TAG12,0.8777,2025-04-03 09:57:47,model
UTR00005817,U001452,TAG16,0.6972,2026-07-18 00:44:07,rule
UTR00005818,U004638,TAG07,0.5775,2026-02-23 03:05:19,rule
UTR00005819,U001982,TAG14,0.7344,2025-12-28 13:14:30,rule
UTR00005820,U002873,TAG02,0.9571,2025-08-18 02:16:16,rule
UTR00005821,U001547,TAG07,0.6914,2026-06-18 07:34:24,model
UTR00005822,U002143,TAG16,0.8762,2025-03-22 20:44:01,model
UTR00005823,U001824,TAG13,0.6268,2026-03-20 13:18:07,model
UTR00005824,U001654,TAG01,0.7513,2026-03-14 01:58:09,rule
UTR00005825,U004073,TAG15,0.6476,2025-02-04 01:47:28,model
UTR00005826,U004185,TAG10,0.5752,2025-09-18 07:58:40,rule
UTR00005827,U000559,TAG06,0.7088,2025-11-30 15:03:10,model
UTR00005828,U001730,TAG14,0.835,2025-02-01 16:17:22,rule
UTR00005829,U003335,TAG12,0.9409,2025-11-08 11:30:51,model
UTR00005830,U004229,TAG02,0.9081,2025-08-05 23:57:29,model
UTR00005831,U003480,TAG16,0.8946,2026-02-18 10:06:21,model
UTR00005832,U003104,TAG02,0.602,2025-11-24 21:24:27,rule
UTR00005833,U002150,TAG16,0.6269,2026-06-28 10:32:42,rule
UTR00005834,U000942,TAG07,0.9735,2026-06-05 05:18:32,rule
UTR00005835,U001851,TAG14,0.8773,2025-08-31 23:22:47,model
UTR00005836,U004676,TAG04,0.8317,2026-01-26 05:08:34,model
UTR00005837,U000899,TAG14,0.6992,2026-02-23 07:56:33,model
UTR00005838,U004659,TAG15,0.9875,2025-03-27 02:40:44,model
UTR00005839,U004556,TAG14,0.7862,2026-05-01 17:15:03,rule
UTR00005840,U000374,TAG01,0.5651,2026-08-09 04:44:41,rule
UTR00005841,U003577,TAG03,0.8091,2025-12-26 23:57:21,model
UTR00005842,U000966,TAG15,0.6507,2025-08-26 09:58:39,rule
UTR00005843,U002471,TAG16,0.5759,2026-03-31 02:12:28,rule
UTR00005844,U004118,TAG09,0.5766,2026-07-25 03:50:17,model
UTR00005845,U000326,TAG01,0.9364,2025-11-29 23:54:48,rule
UTR00005846,U003949,TAG04,0.92,2026-01-30 22:10:35,model
UTR00005847,U003278,TAG07,0.7012,2025-06-03 08:46:24,rule
UTR00005848,U001843,TAG11,0.6876,2025-05-16 05:52:29,manual
UTR00005849,U002803,TAG13,0.9446,2026-05-07 06:02:51,rule
UTR00005850,U000983,TAG07,0.6936,2025-02-11 15:57:23,rule
UTR00005851,U001475,TAG02,0.655,2026-07-15 16:43:59,model
UTR00005852,U003391,TAG03,0.7758,2025-06-30 15:06:18,model
UTR00005853,U000668,TAG12,0.7447,2026-01-11 00:18:15,rule
UTR00005854,U004071,TAG16,0.8303,2025-03-08 14:20:34,rule
UTR00005855,U003557,TAG08,0.7377,2025-06-17 13:38:48,model
UTR00005856,U001625,TAG16,0.7041,2026-01-09 03:09:14,rule
UTR00005857,U002667,TAG13,0.8859,2025-02-23 17:26:25,model
UTR00005858,U004856,TAG04,0.9425,2026-04-06 06:33:16,rule
UTR00005859,U001307,TAG03,0.5866,2026-06-14 12:50:16,model
UTR00005860,U000680,TAG06,0.9981,2025-10-25 02:35:15,rule
UTR00005861,U002217,TAG03,0.8845,2025-07-17 09:49:57,rule
UTR00005862,U000468,TAG07,0.9794,2025-05-31 09:13:10,model
UTR00005863,U003693,TAG16,0.8046,2025-04-06 14:24:30,rule
UTR00005864,U004210,TAG09,0.9517,2025-05-16 13:15:43,model
UTR00005865,U000581,TAG16,0.6587,2025-08-19 22:29:24,rule
UTR00005866,U000457,TAG08,0.6866,2025-10-24 23:19:34,rule
UTR00005867,U003835,TAG04,0.6056,2025-09-14 04:16:05,manual
UTR00005868,U000417,TAG09,0.7417,2026-02-18 03:04:08,model
UTR00005869,U003010,TAG08,0.5861,2026-02-14 10:22:11,rule
UTR00005870,U002277,TAG05,0.8851,2026-06-10 06:27:19,rule
UTR00005871,U004738,TAG01,0.8504,2026-06-04 21:29:33,rule
UTR00005872,U004998,TAG05,0.5961,2026-06-15 13:03:11,rule
UTR00005873,U001300,TAG16,0.7199,2026-01-11 21:30:40,rule
UTR00005874,U003212,TAG04,0.8466,2025-02-27 02:30:47,model
UTR00005875,U001139,TAG13,0.8675,2025-04-19 12:57:30,rule
UTR00005876,U004018,TAG04,0.802,2026-01-11 09:51:07,rule
UTR00005877,U001935,TAG13,0.8648,2025-11-11 19:15:44,rule
UTR00005878,U003530,TAG12,0.7659,2026-03-25 15:27:03,model
UTR00005879,U002984,TAG04,0.6029,2025-05-30 11:10:44,rule
UTR00005880,U002884,TAG02,0.6872,2025-01-15 17:36:13,rule
UTR00005881,U001401,TAG06,0.6377,2025-10-09 21:47:43,model
UTR00005882,U004702,TAG10,0.8258,2025-09-27 03:14:42,rule
UTR00005883,U002366,TAG09,0.7048,2025-01-24 16:34:11,rule
UTR00005884,U001902,TAG09,0.9074,2026-02-23 12:42:02,model
UTR00005885,U004649,TAG05,0.7855,2025-10-01 00:42:50,rule
UTR00005886,U002869,TAG02,0.8933,2025-12-08 18:23:40,model
UTR00005887,U001130,TAG15,0.5958,2026-08-10 16:50:12,model
UTR00005888,U004395,TAG07,0.7436,2026-05-08 14:22:38,rule
UTR00005889,U004210,TAG02,0.6412,2025-12-07 20:31:30,model
UTR00005890,U004527,TAG08,0.9241,2025-03-19 10:41:24,rule
UTR00005891,U003618,TAG03,0.9227,2025-08-23 01:10:15,rule
UTR00005892,U004294,TAG01,0.8784,2026-05-07 17:47:26,rule
UTR00005893,U002982,TAG15,0.5818,2025-12-16 09:48:01,rule
UTR00005894,U003640,TAG02,0.9754,2026-07-16 19:32:47,rule
UTR00005895,U003112,TAG01,0.9919,2025-06-04 17:28:30,model
UTR00005896,U000982,TAG02,0.6896,2025-09-21 00:04:04,model
UTR00005897,U000468,TAG07,0.6426,2025-09-14 09:57:11,rule
UTR00005898,U000613,TAG08,0.9811,2025-04-01 15:15:01,rule
UTR00005899,U003640,TAG05,0.7243,2025-10-19 02:36:51,rule
UTR00005900,U000140,TAG01,0.847,2025-09-08 20:20:53,model
UTR00005901,U003499,TAG10,0.8004,2025-06-14 13:47:01,model
UTR00005902,U003587,TAG01,0.6348,2025-03-30 17:53:04,rule
UTR00005903,U003992,TAG01,0.8876,2025-10-12 08:52:09,rule
UTR00005904,U003922,TAG11,0.5832,2026-05-25 11:16:52,model
UTR00005905,U001141,TAG03,0.9503,2026-03-08 23:57:19,model
UTR00005906,U000391,TAG11,0.974,2025-04-23 06:45:47,rule
UTR00005907,U003746,TAG11,0.5939,2026-07-25 13:10:33,model
UTR00005908,U004022,TAG13,0.9733,2026-05-19 18:46:40,model
UTR00005909,U003422,TAG11,0.8831,2026-03-12 09:19:18,rule
UTR00005910,U004020,TAG05,0.9355,2026-04-30 13:03:20,model
UTR00005911,U000860,TAG04,0.927,2026-05-15 11:42:24,rule
UTR00005912,U000503,TAG10,0.5616,2026-02-07 07:01:50,rule
UTR00005913,U004061,TAG01,0.8431,2025-11-21 17:58:59,rule
UTR00005914,U000973,TAG11,0.5949,2025-12-05 10:27:07,rule
UTR00005915,U003760,TAG03,0.6999,2026-02-21 05:49:10,model
UTR00005916,U002721,TAG11,0.5955,2026-04-08 01:10:20,model
UTR00005917,U000517,TAG04,0.6515,2026-04-10 00:21:34,rule
UTR00005918,U004389,TAG06,0.7048,2025-05-08 18:09:32,model
UTR00005919,U001190,TAG08,0.8996,2025-06-11 15:30:39,rule
UTR00005920,U004887,TAG14,0.8133,2025-12-27 05:08:06,model
UTR00005921,U001898,TAG08,0.9476,2026-03-26 10:07:38,rule
UTR00005922,U003205,TAG01,0.7474,2026-02-07 20:29:05,rule
UTR00005923,U000717,TAG06,0.8958,2026-05-24 14:06:17,model
UTR00005924,U003636,TAG06,0.6926,2025-07-29 11:10:22,model
UTR00005925,U001639,TAG12,0.9157,2025-07-30 03:49:31,model
UTR00005926,U003840,TAG14,0.984,2026-04-04 12:06:20,model
UTR00005927,U001499,TAG04,0.9021,2025-01-19 22:44:31,model
UTR00005928,U004371,TAG11,0.7829,2026-02-20 23:13:59,manual
UTR00005929,U002173,TAG10,0.629,2025-03-21 07:56:38,rule
UTR00005930,U003394,TAG08,0.8884,2025-10-19 05:52:20,rule
UTR00005931,U004958,TAG04,0.8016,2025-10-17 17:39:08,model
UTR00005932,U002436,TAG03,0.9425,2026-02-05 01:18:47,model
UTR00005933,U002625,TAG14,0.704,2026-02-11 19:38:17,rule
UTR00005934,U004903,TAG11,0.6677,2025-12-28 23:08:46,rule
UTR00005935,U001439,TAG07,0.6358,2026-01-18 05:06:44,manual
UTR00005936,U003720,TAG15,0.9537,2026-05-31 01:48:02,rule
UTR00005937,U002337,TAG07,0.7894,2026-07-13 04:06:32,rule
UTR00005938,U003895,TAG15,0.8489,2025-06-12 16:30:42,rule
UTR00005939,U004247,TAG05,0.878,2025-03-11 11:28:45,rule
UTR00005940,U000331,TAG11,0.9455,2026-01-22 07:05:02,model
UTR00005941,U001904,TAG02,0.7606,2025-12-20 16:47:46,rule
UTR00005942,U004097,TAG09,0.7999,2026-06-14 23:24:15,rule
UTR00005943,U002218,TAG08,0.6783,2025-04-04 11:38:26,model
UTR00005944,U003174,TAG15,0.6158,2025-12-01 04:01:02,rule
UTR00005945,U000825,TAG04,0.5737,2025-02-06 02:47:24,model
UTR00005946,U001670,TAG01,0.6896,2025-01-04 17:40:38,rule
UTR00005947,U004330,TAG02,0.8793,2026-02-27 18:04:49,model
UTR00005948,U001167,TAG06,0.8375,2026-06-30 12:19:15,rule
UTR00005949,U002121,TAG15,0.818,2026-08-09 12:18:27,rule
UTR00005950,U000882,TAG02,0.8179,2026-08-05 22:24:08,rule
UTR00005951,U001313,TAG05,0.5999,2026-02-06 18:36:32,model
UTR00005952,U002273,TAG05,0.6544,2026-04-23 06:58:21,model
UTR00005953,U003356,TAG14,0.7818,2025-05-24 23:26:39,rule
UTR00005954,U001545,TAG12,0.5669,2026-06-06 10:56:25,rule
UTR00005955,U001145,TAG08,0.7682,2025-11-25 16:16:51,rule
UTR00005956,U001635,TAG03,0.9857,2026-06-05 07:41:32,rule
UTR00005957,U002300,TAG08,0.616,2026-02-04 04:17:44,rule
UTR00005958,U003248,TAG02,0.8811,2025-12-19 20:27:33,rule
UTR00005959,U004429,TAG12,0.5765,2025-12-23 21:36:34,rule
UTR00005960,U004265,TAG12,0.9063,2025-08-11 10:06:14,model
UTR00005961,U002212,TAG03,0.9282,2026-01-26 15:00:27,rule
UTR00005962,U003447,TAG08,0.7616,2026-02-12 16:31:29,model
UTR00005963,U002877,TAG03,0.7168,2026-05-07 21:10:25,rule
UTR00005964,U003003,TAG13,0.8838,2025-08-05 14:48:59,model
UTR00005965,U003785,TAG06,0.7428,2026-05-22 07:56:42,model
UTR00005966,U002759,TAG07,0.9007,2025-08-03 02:51:34,model
UTR00005967,U003666,TAG05,0.6425,2026-07-14 14:13:57,model
UTR00005968,U001091,TAG02,0.9959,2026-04-16 21:09:08,model
UTR00005969,U000550,TAG12,0.6387,2025-10-24 00:50:31,model
UTR00005970,U003334,TAG04,0.8303,2025-01-27 10:32:15,model
UTR00005971,U003578,TAG04,0.993,2025-05-18 14:31:01,model
UTR00005972,U004083,TAG09,0.9477,2025-02-10 11:15:13,rule
UTR00005973,U002445,TAG08,0.5735,2025-11-03 14:35:36,model
UTR00005974,U001826,TAG03,0.9558,2025-08-05 14:54:26,rule
UTR00005975,U002474,TAG02,0.7189,2026-02-05 14:55:14,rule
UTR00005976,U001693,TAG09,0.6332,2025-04-13 15:03:45,model
UTR00005977,U002885,TAG14,0.9853,2025-02-06 18:45:44,model
UTR00005978,U002128,TAG04,0.5707,2026-01-03 08:14:15,rule
UTR00005979,U004717,TAG06,0.9986,2026-04-07 22:34:18,rule
UTR00005980,U003144,TAG13,0.5565,2026-03-23 17:54:36,model
UTR00005981,U004084,TAG02,0.8536,2026-06-30 06:51:08,rule
UTR00005982,U004916,TAG11,0.6263,2025-11-14 22:43:33,model
UTR00005983,U004457,TAG13,0.5514,2026-06-06 23:58:48,rule
UTR00005984,U000743,TAG01,0.8915,2025-12-28 22:19:35,model
UTR00005985,U000891,TAG13,0.9676,2026-06-04 13:05:49,rule
UTR00005986,U003741,TAG13,0.7338,2025-03-20 11:59:42,model
UTR00005987,U001305,TAG15,0.8581,2026-01-17 09:30:13,rule
UTR00005988,U002924,TAG10,0.6802,2026-01-15 15:13:55,rule
UTR00005989,U004082,TAG06,0.7752,2025-06-06 15:36:52,model
UTR00005990,U001813,TAG04,0.6425,2025-03-25 02:46:25,rule
UTR00005991,U000752,TAG16,0.8375,2025-10-16 21:39:44,rule
UTR00005992,U004456,TAG09,0.7511,2026-02-25 17:21:57,model
UTR00005993,U003498,TAG12,0.7007,2026-04-04 10:31:27,manual
UTR00005994,U003106,TAG12,0.6135,2026-03-25 08:32:47,rule
UTR00005995,U002111,TAG02,0.5868,2025-12-31 23:58:54,model
UTR00005996,U001927,TAG07,0.6838,2026-01-05 22:44:00,rule
UTR00005997,U003510,TAG02,0.7721,2025-03-19 23:13:58,rule
UTR00005998,U001626,TAG06,0.6218,2025-10-26 21:42:40,model
UTR00005999,U001288,TAG04,0.6739,2025-07-10 06:29:14,rule
UTR00006000,U003075,TAG02,0.9945,2025-01-07 07:44:52,rule
UTR00006001,U000823,TAG16,0.9423,2025-10-11 00:00:00,rule
UTR00006002,U004506,TAG02,0.7281,2026-03-19 08:43:18,model
UTR00006003,U001649,TAG10,0.564,2026-03-29 07:51:26,rule
UTR00006004,U003144,TAG07,0.6631,2026-04-08 02:01:46,model
UTR00006005,U004510,TAG06,0.8003,2025-11-03 11:38:24,rule
UTR00006006,U001009,TAG01,0.8675,2026-06-05 21:39:50,rule
UTR00006007,U004164,TAG03,0.8258,2026-05-31 20:45:16,model
UTR00006008,U004959,TAG10,0.8114,2026-03-02 10:15:55,rule
UTR00006009,U001673,TAG03,0.9036,2026-03-29 00:45:27,rule
UTR00006010,U004824,TAG11,0.8479,2025-03-15 22:07:13,model
UTR00006011,U004367,TAG11,0.7568,2025-05-10 01:14:11,rule
UTR00006012,U004163,TAG06,0.7921,2025-04-05 22:37:10,rule
UTR00006013,U001376,TAG04,0.8554,2025-04-09 19:42:46,rule
UTR00006014,U000297,TAG09,0.6299,2025-02-26 08:31:03,model
UTR00006015,U001703,TAG04,0.7352,2025-09-25 03:28:49,rule
UTR00006016,U002203,TAG16,0.5826,2025-04-10 05:58:30,rule
UTR00006017,U004161,TAG03,0.8604,2025-07-28 11:20:21,model
UTR00006018,U001968,TAG06,0.6852,2026-07-02 05:55:59,rule
UTR00006019,U000145,TAG10,0.6427,2026-01-22 03:36:18,rule
UTR00006020,U003230,TAG16,0.8984,2026-07-04 07:20:42,rule
UTR00006021,U001158,TAG13,0.8105,2025-04-26 14:10:49,rule
UTR00006022,U004437,TAG06,0.953,2025-05-15 13:32:30,model
UTR00006023,U004426,TAG05,0.8702,2026-05-10 03:10:43,rule
UTR00006024,U001474,TAG06,0.7581,2025-04-03 10:44:22,rule
UTR00006025,U000639,TAG05,0.8631,2025-07-19 22:38:19,model
UTR00006026,U003218,TAG15,0.6348,2026-06-24 23:30:45,model
UTR00006027,U003305,TAG16,0.5545,2025-05-14 01:50:38,rule
UTR00006028,U001854,TAG12,0.7321,2025-02-16 02:40:03,rule
UTR00006029,U002687,TAG06,0.9234,2026-07-01 06:46:36,rule
UTR00006030,U001816,TAG08,0.9005,2026-04-17 10:44:10,model
UTR00006031,U002052,TAG02,0.7765,2026-02-03 01:36:35,rule
UTR00006032,U004434,TAG05,0.7994,2026-07-07 02:56:01,rule
UTR00006033,U002061,TAG08,0.5689,2026-01-21 19:43:35,rule
UTR00006034,U004832,TAG11,0.5892,2025-11-02 07:05:57,model
UTR00006035,U002635,TAG07,0.8058,2025-06-08 23:04:00,rule
UTR00006036,U004435,TAG09,0.7408,2025-09-30 05:42:54,model
UTR00006037,U004359,TAG08,0.7652,2025-07-15 11:58:03,rule
UTR00006038,U000430,TAG05,0.928,2025-09-11 23:09:13,rule
UTR00006039,U002583,TAG16,0.9832,2025-12-23 11:52:39,rule
UTR00006040,U003808,TAG01,0.6243,2026-02-14 22:04:37,model
UTR00006041,U000344,TAG09,0.8399,2025-09-21 14:21:42,rule
UTR00006042,U001375,TAG03,0.8222,2026-02-27 16:44:31,rule
UTR00006043,U002449,TAG03,0.8215,2025-07-26 21:30:52,rule
UTR00006044,U000422,TAG12,0.6588,2026-08-14 07:18:31,rule
UTR00006045,U000549,TAG08,0.9076,2025-01-07 15:40:43,model
UTR00006046,U001453,TAG05,0.6304,2025-03-31 15:04:06,model
UTR00006047,U002344,TAG02,0.9963,2025-09-02 22:01:53,rule
UTR00006048,U000108,TAG08,0.7847,2026-06-12 13:53:15,rule
UTR00006049,U000134,TAG03,0.7998,2026-06-08 03:34:06,rule
UTR00006050,U002807,TAG06,0.6771,2026-04-19 17:48:19,model
UTR00006051,U000048,TAG14,0.7241,2025-10-19 23:10:20,rule
UTR00006052,U000630,TAG16,0.5756,2026-07-15 19:13:49,model
UTR00006053,U001405,TAG01,0.9504,2025-11-04 20:34:57,rule
UTR00006054,U002124,TAG01,0.9898,2025-10-27 13:13:15,rule
UTR00006055,U001471,TAG01,0.8272,2025-03-04 08:30:35,rule
UTR00006056,U001342,TAG15,0.5841,2025-07-23 02:27:57,rule
UTR00006057,U001454,TAG10,0.9613,2025-12-03 21:26:35,model
UTR00006058,U003329,TAG05,0.6852,2026-04-11 10:40:00,rule
UTR00006059,U004476,TAG04,0.9717,2025-04-03 09:13:21,model
UTR00006060,U001476,TAG07,0.8989,2025-03-14 14:51:23,rule
UTR00006061,U003320,TAG06,0.8216,2025-07-01 09:19:05,model
UTR00006062,U003463,TAG02,0.8256,2026-03-28 23:06:01,rule
UTR00006063,U000301,TAG14,0.9596,2026-01-22 01:06:36,manual
UTR00006064,U002339,TAG03,0.8604,2025-06-15 22:02:43,rule
UTR00006065,U004577,TAG01,0.7448,2025-05-19 16:59:07,rule
UTR00006066,U001812,TAG15,0.8233,2026-03-30 13:42:35,model
UTR00006067,U000617,TAG07,0.9989,2026-01-04 21:06:58,rule
UTR00006068,U002821,TAG10,0.9255,2026-04-05 19:46:21,model
UTR00006069,U004194,TAG14,0.6821,2025-06-26 18:17:06,model
UTR00006070,U003614,TAG05,0.6865,2026-04-10 11:32:11,rule
UTR00006071,U002283,TAG03,0.837,2025-04-02 14:19:11,model
UTR00006072,U003390,TAG14,0.9535,2025-12-13 05:17:20,rule
UTR00006073,U004007,TAG03,0.7986,2026-03-20 03:58:32,rule
UTR00006074,U001479,TAG14,0.9528,2025-08-02 14:33:12,rule
UTR00006075,U002933,TAG10,0.9962,2025-02-20 07:47:13,model
UTR00006076,U003658,TAG14,0.7187,2025-02-16 04:22:56,rule
UTR00006077,U000259,TAG13,0.6382,2025-11-18 12:38:11,rule
UTR00006078,U000746,TAG11,0.788,2026-05-04 04:40:09,rule
UTR00006079,U002657,TAG08,0.7184,2025-05-18 20:44:21,model
UTR00006080,U004033,TAG01,0.7184,2025-01-24 14:09:55,rule
UTR00006081,U001514,TAG08,0.6352,2026-03-05 04:35:09,rule
UTR00006082,U000253,TAG10,0.9681,2026-06-16 03:24:38,model
UTR00006083,U000285,TAG01,0.9182,2026-04-16 18:20:31,rule
UTR00006084,U002956,TAG16,0.6956,2025-06-24 20:30:32,model
UTR00006085,U000929,TAG05,0.9657,2025-08-03 04:39:18,model
UTR00006086,U000398,TAG10,0.7983,2025-01-10 04:44:58,rule
UTR00006087,U004018,TAG13,0.7419,2025-11-26 20:44:01,rule
UTR00006088,U002946,TAG05,0.6546,2025-09-29 02:57:18,rule
UTR00006089,U003446,TAG07,0.656,2025-12-16 10:16:59,rule
UTR00006090,U000570,TAG06,0.8305,2026-05-13 22:38:05,rule
UTR00006091,U001368,TAG02,0.65,2025-03-08 02:55:06,model
UTR00006092,U001712,TAG14,0.9245,2025-08-08 18:48:12,rule
UTR00006093,U004213,TAG01,0.7423,2025-08-20 19:25:21,model
UTR00006094,U000097,TAG03,0.5661,2025-07-20 13:35:27,rule
UTR00006095,U001488,TAG10,0.9693,2026-02-08 10:30:30,model
UTR00006096,U002949,TAG15,0.8687,2026-04-13 08:33:58,model
UTR00006097,U003284,TAG15,0.7371,2026-06-15 00:12:40,model
UTR00006098,U000313,TAG03,0.9123,2025-04-10 22:18:34,rule
UTR00006099,U000010,TAG05,0.9942,2025-07-17 07:12:30,rule
UTR00006100,U004166,TAG05,0.6314,2025-01-11 03:12:04,model
UTR00006101,U001724,TAG06,0.725,2026-02-07 11:52:01,model
UTR00006102,U000738,TAG08,0.9602,2025-12-08 03:32:00,rule
UTR00006103,U003993,TAG16,0.8995,2025-01-01 04:49:43,rule
UTR00006104,U002429,TAG04,0.5957,2025-08-11 23:28:53,model
UTR00006105,U003036,TAG08,0.556,2025-07-25 03:30:00,rule
UTR00006106,U001175,TAG07,0.9943,2025-11-06 04:47:18,manual
UTR00006107,U004562,TAG11,0.7272,2025-12-21 07:02:15,model
UTR00006108,U003068,TAG05,0.9546,2025-01-18 23:33:01,rule
UTR00006109,U003496,TAG02,0.623,2025-04-06 07:22:40,model
UTR00006110,U000464,TAG16,0.9035,2026-03-26 01:44:32,model
UTR00006111,U004327,TAG16,0.6299,2025-04-11 01:16:44,model
UTR00006112,U004699,TAG01,0.6342,2025-07-31 00:04:06,manual
UTR00006113,U001245,TAG11,0.7896,2025-12-22 12:09:21,model
UTR00006114,U004306,TAG16,0.6592,2025-02-16 06:59:37,rule
UTR00006115,U003158,TAG12,0.9413,2025-11-14 14:27:44,rule
UTR00006116,U002211,TAG15,0.6087,2025-01-09 21:28:06,manual
UTR00006117,U004868,TAG11,0.7942,2025-04-10 04:36:07,rule
UTR00006118,U002262,TAG13,0.6541,2025-12-22 16:03:48,model
UTR00006119,U003695,TAG03,0.5527,2026-06-30 17:42:30,model
UTR00006120,U003759,TAG16,0.9562,2025-03-27 20:26:04,rule
UTR00006121,U004298,TAG04,0.7607,2025-08-09 05:59:27,model
UTR00006122,U002667,TAG06,0.6473,2025-07-25 11:53:28,rule
UTR00006123,U000160,TAG10,0.8727,2025-06-08 09:48:31,rule
UTR00006124,U003829,TAG15,0.7582,2025-07-16 01:44:02,rule
UTR00006125,U001399,TAG09,0.6538,2025-05-21 21:58:49,model
UTR00006126,U002315,TAG08,0.6227,2025-08-05 16:51:45,model
UTR00006127,U003879,TAG16,0.5569,2025-05-06 23:50:21,rule
UTR00006128,U002013,TAG14,0.8063,2026-06-28 09:23:33,rule
UTR00006129,U004729,TAG09,0.9017,2026-01-21 11:17:36,rule
UTR00006130,U000349,TAG13,0.9776,2025-05-28 17:37:20,model
UTR00006131,U000664,TAG15,0.6053,2025-05-02 01:26:22,model
UTR00006132,U003918,TAG15,0.9115,2026-08-10 06:21:38,rule
UTR00006133,U003814,TAG05,0.7438,2026-08-03 06:49:14,model
UTR00006134,U001244,TAG14,0.7106,2025-05-08 15:09:29,rule
UTR00006135,U002678,TAG08,0.5826,2025-05-08 05:41:36,model
UTR00006136,U004646,TAG06,0.946,2025-08-12 04:31:28,model
UTR00006137,U003560,TAG07,0.9682,2026-05-22 08:37:46,rule
UTR00006138,U000375,TAG08,0.9136,2025-12-21 16:11:28,rule
UTR00006139,U002320,TAG02,0.679,2026-02-20 17:44:16,rule
UTR00006140,U003009,TAG10,0.7967,2026-06-12 02:28:36,model
UTR00006141,U003052,TAG07,0.6166,2026-06-08 06:41:39,rule
UTR00006142,U000633,TAG09,0.7963,2026-04-25 02:45:45,model
UTR00006143,U001183,TAG03,0.9493,2025-08-04 01:43:36,rule
UTR00006144,U001908,TAG08,0.5825,2025-08-01 11:34:59,model
UTR00006145,U001091,TAG03,0.7699,2026-07-16 14:27:15,rule
UTR00006146,U001294,TAG15,0.8969,2025-08-15 17:56:37,rule
UTR00006147,U001756,TAG13,0.5512,2026-05-23 07:06:58,model
UTR00006148,U002722,TAG02,0.8458,2026-02-02 14:02:41,rule
UTR00006149,U001010,TAG11,0.8143,2026-07-12 03:17:30,rule
UTR00006150,U002838,TAG04,0.7713,2026-03-24 20:16:27,model
UTR00006151,U004165,TAG12,0.8804,2025-06-18 05:39:23,rule
UTR00006152,U001842,TAG04,0.8931,2025-12-02 00:47:05,model
UTR00006153,U000801,TAG02,0.9698,2026-06-10 21:59:24,rule
UTR00006154,U000066,TAG03,0.7756,2026-07-08 01:51:47,rule
UTR00006155,U000856,TAG16,0.9361,2026-05-19 23:10:58,rule
UTR00006156,U000256,TAG06,0.5925,2025-09-11 07:06:00,model
UTR00006157,U002544,TAG16,0.746,2025-10-21 12:51:15,rule
UTR00006158,U000746,TAG07,0.9543,2026-04-17 17:52:31,rule
UTR00006159,U002849,TAG16,0.7494,2025-01-10 07:07:21,manual
UTR00006160,U002869,TAG12,0.7712,2025-07-20 08:17:57,model
UTR00006161,U004668,TAG13,0.8898,2026-05-05 13:26:21,rule
UTR00006162,U000847,TAG07,0.9515,2025-06-03 12:36:31,model
UTR00006163,U002456,TAG07,0.5957,2025-11-20 16:56:40,rule
UTR00006164,U004820,TAG07,0.8886,2025-09-26 02:02:13,rule
UTR00006165,U002894,TAG10,0.7857,2026-06-14 02:50:11,rule
UTR00006166,U003413,TAG05,0.8979,2025-09-19 20:31:23,rule
UTR00006167,U000372,TAG14,0.8014,2026-01-28 00:29:41,rule
UTR00006168,U001415,TAG04,0.5966,2026-04-16 18:59:53,rule
UTR00006169,U004498,TAG15,0.6765,2025-06-07 05:34:53,rule
UTR00006170,U001413,TAG11,0.894,2025-01-21 08:05:13,rule
UTR00006171,U003564,TAG04,0.6481,2025-04-18 01:37:33,rule
UTR00006172,U002860,TAG07,0.8156,2025-08-01 10:58:29,model
UTR00006173,U001909,TAG13,0.9388,2025-11-18 22:42:51,manual
UTR00006174,U003564,TAG07,0.7632,2025-01-20 05:13:54,rule
UTR00006175,U004087,TAG06,0.6575,2026-06-25 13:04:24,rule
UTR00006176,U004120,TAG10,0.5577,2026-04-06 22:16:38,model
UTR00006177,U004269,TAG01,0.79,2025-04-07 23:31:16,model
UTR00006178,U001237,TAG06,0.7844,2025-09-21 18:55:34,model
UTR00006179,U002922,TAG10,0.6312,2025-08-26 05:06:02,rule
UTR00006180,U001108,TAG10,0.5512,2026-07-07 22:10:30,rule
UTR00006181,U003035,TAG10,0.9125,2026-07-12 21:41:01,model
UTR00006182,U002968,TAG03,0.8811,2025-11-15 04:49:14,rule
UTR00006183,U001264,TAG07,0.9567,2025-03-28 12:32:15,rule
UTR00006184,U004073,TAG15,0.8611,2025-05-29 12:10:04,rule
UTR00006185,U004973,TAG01,0.8533,2025-12-25 03:01:11,model
UTR00006186,U000383,TAG07,0.9267,2026-07-01 13:59:52,rule
UTR00006187,U003447,TAG02,0.888,2026-07-04 10:33:07,manual
UTR00006188,U003140,TAG12,0.5599,2026-06-28 15:28:08,rule
UTR00006189,U003169,TAG02,0.6663,2025-07-13 08:25:39,model
UTR00006190,U000170,TAG05,0.6884,2026-06-15 08:37:10,rule
UTR00006191,U001797,TAG07,0.6435,2026-04-21 16:07:33,manual
UTR00006192,U004386,TAG08,0.7984,2025-10-07 08:18:02,manual
UTR00006193,U003594,TAG06,0.575,2025-03-12 17:17:35,rule
UTR00006194,U001786,TAG03,0.8332,2025-03-23 09:57:37,rule
UTR00006195,U003101,TAG08,0.9637,2025-04-18 12:52:15,rule
UTR00006196,U003682,TAG07,0.6931,2025-12-21 00:49:10,model
UTR00006197,U000935,TAG03,0.7348,2025-05-15 04:44:09,rule
UTR00006198,U003998,TAG04,0.7344,2025-03-28 04:03:09,model
UTR00006199,U004490,TAG04,0.8348,2026-06-15 09:23:53,rule
UTR00006200,U001157,TAG05,0.6343,2026-02-14 01:36:23,model
UTR00006201,U000042,TAG03,0.5944,2025-02-27 00:32:35,rule
UTR00006202,U004766,TAG04,0.5674,2025-08-30 00:18:24,model
UTR00006203,U004439,TAG14,0.7942,2025-07-05 05:39:51,model
UTR00006204,U000666,TAG11,0.9131,2025-10-06 04:32:04,model
UTR00006205,U003973,TAG04,0.9837,2025-07-26 05:54:57,rule
UTR00006206,U003170,TAG06,0.8348,2025-02-06 17:43:46,model
UTR00006207,U001621,TAG15,0.961,2025-10-18 16:10:04,rule
UTR00006208,U002881,TAG02,0.9318,2026-07-02 03:31:06,manual
UTR00006209,U000869,TAG16,0.8696,2025-01-10 19:18:24,rule
UTR00006210,U003836,TAG04,0.8625,2026-07-02 20:48:22,rule
UTR00006211,U003524,TAG10,0.6952,2026-05-27 23:21:50,rule
UTR00006212,U004438,TAG14,0.7099,2026-06-02 03:07:01,manual
UTR00006213,U002427,TAG07,0.5976,2025-07-22 03:46:25,model
UTR00006214,U002309,TAG11,0.8255,2025-06-10 03:49:51,rule
UTR00006215,U000307,TAG09,0.8552,2026-03-14 02:42:43,model
UTR00006216,U002206,TAG02,0.6966,2026-01-01 23:05:13,model
UTR00006217,U002125,TAG01,0.7553,2026-02-04 03:10:07,manual
UTR00006218,U002307,TAG09,0.6067,2025-03-13 07:24:49,model
UTR00006219,U003381,TAG14,0.8449,2025-02-08 23:43:44,model
UTR00006220,U003455,TAG16,0.7647,2025-10-18 07:08:02,rule
UTR00006221,U001988,TAG14,0.8429,2026-02-11 03:49:28,rule
UTR00006222,U002038,TAG15,0.6257,2026-01-02 03:58:19,manual
UTR00006223,U000110,TAG12,0.6461,2025-02-08 20:01:06,model
UTR00006224,U004029,TAG05,0.7265,2025-02-08 05:14:09,model
UTR00006225,U000956,TAG09,0.6604,2026-04-07 20:15:20,model
UTR00006226,U003253,TAG04,0.8282,2025-05-29 15:15:41,rule
UTR00006227,U004412,TAG14,0.8585,2025-03-09 22:52:41,rule
UTR00006228,U001917,TAG14,0.7791,2025-12-21 01:57:39,model
UTR00006229,U004433,TAG13,0.8906,2025-12-24 20:25:11,model
UTR00006230,U002915,TAG10,0.6113,2026-06-04 10:49:29,manual
UTR00006231,U004893,TAG04,0.8458,2025-10-04 05:05:46,model
UTR00006232,U004875,TAG08,0.7679,2026-01-26 20:31:00,rule
UTR00006233,U003389,TAG02,0.86,2026-01-10 01:14:31,model
UTR00006234,U004342,TAG01,0.7509,2026-02-15 16:56:20,rule
UTR00006235,U001971,TAG14,0.831,2025-04-10 06:22:16,rule
UTR00006236,U000324,TAG13,0.6281,2025-06-17 20:51:19,rule
UTR00006237,U004211,TAG02,0.5624,2025-01-03 01:40:02,rule
UTR00006238,U003273,TAG06,0.8585,2026-06-13 05:26:41,model
UTR00006239,U000955,TAG14,0.9024,2025-05-02 02:47:25,manual
UTR00006240,U000516,TAG04,0.9605,2025-10-11 16:35:32,rule
UTR00006241,U002231,TAG14,0.984,2026-02-02 23:44:21,model
UTR00006242,U002686,TAG08,0.6127,2026-06-15 14:21:10,rule
UTR00006243,U001975,TAG01,0.7292,2026-04-28 01:11:08,rule
UTR00006244,U001275,TAG02,0.5955,2025-06-12 00:35:29,rule
UTR00006245,U004656,TAG02,0.6751,2025-03-16 17:53:52,rule
UTR00006246,U002435,TAG09,0.5668,2025-07-29 22:05:48,model
UTR00006247,U003881,TAG03,0.7514,2025-11-22 11:31:58,rule
UTR00006248,U001727,TAG03,0.9697,2026-02-08 08:47:19,manual
UTR00006249,U000082,TAG07,0.8002,2026-01-04 22:36:03,manual
UTR00006250,U000132,TAG02,0.9394,2025-04-19 04:40:17,rule
UTR00006251,U002503,TAG14,0.9356,2025-11-16 14:41:58,rule
UTR00006252,U004714,TAG11,0.9638,2025-10-17 08:01:24,model
UTR00006253,U000172,TAG09,0.945,2026-02-19 13:09:31,rule
UTR00006254,U003426,TAG08,0.5936,2026-01-20 19:36:24,model
UTR00006255,U001963,TAG08,0.7729,2026-07-13 01:29:44,rule
UTR00006256,U000401,TAG02,0.7187,2025-05-23 02:52:58,rule
UTR00006257,U002415,TAG12,0.7963,2026-01-26 08:56:53,model
UTR00006258,U004245,TAG01,0.5886,2025-10-03 20:20:09,rule
UTR00006259,U003802,TAG10,0.8119,2026-05-26 05:05:15,model
UTR00006260,U001612,TAG13,0.6657,2025-06-11 10:57:24,rule
UTR00006261,U001486,TAG11,0.9186,2025-07-21 13:04:38,model
UTR00006262,U004651,TAG15,0.9925,2026-01-18 19:01:38,model
UTR00006263,U004136,TAG01,0.9701,2025-10-13 15:10:27,model
UTR00006264,U004491,TAG06,0.8025,2025-08-05 00:25:02,rule
UTR00006265,U004797,TAG06,0.8461,2026-03-15 01:07:28,model
UTR00006266,U001845,TAG06,0.7844,2025-06-16 10:01:06,rule
UTR00006267,U002434,TAG01,0.583,2025-09-18 04:47:42,model
UTR00006268,U003687,TAG14,0.7705,2026-05-04 04:34:50,rule
UTR00006269,U004610,TAG03,0.8247,2025-09-30 17:27:35,rule
UTR00006270,U000525,TAG05,0.6672,2026-02-28 07:25:05,rule
UTR00006271,U001390,TAG12,0.9698,2025-12-03 09:15:20,rule
UTR00006272,U004689,TAG10,0.7863,2025-08-04 15:33:34,rule
UTR00006273,U000738,TAG14,0.8519,2026-04-21 18:02:54,rule
UTR00006274,U000658,TAG08,0.901,2025-10-23 13:35:18,rule
UTR00006275,U001692,TAG14,0.9398,2025-07-07 13:29:52,model
UTR00006276,U000683,TAG14,0.9123,2025-08-13 08:15:50,rule
UTR00006277,U003757,TAG03,0.8631,2026-02-06 05:00:53,model
UTR00006278,U000352,TAG09,0.5803,2025-03-06 10:46:54,rule
UTR00006279,U002987,TAG09,0.7786,2025-12-10 07:25:30,rule
UTR00006280,U003967,TAG14,0.778,2026-03-08 09:00:34,model
UTR00006281,U001671,TAG16,0.5551,2026-06-01 14:17:10,rule
UTR00006282,U003200,TAG03,0.6439,2025-08-12 20:25:05,model
UTR00006283,U004160,TAG09,0.6614,2025-08-04 20:48:28,model
UTR00006284,U003236,TAG09,0.6756,2026-07-03 20:11:51,rule
UTR00006285,U002935,TAG12,0.7663,2025-12-04 10:17:51,model
UTR00006286,U003124,TAG04,0.6691,2025-03-30 21:51:13,model
UTR00006287,U001097,TAG16,0.5601,2026-06-10 02:54:41,rule
UTR00006288,U004495,TAG10,0.7178,2025-08-06 01:18:42,model
UTR00006289,U001736,TAG07,0.7317,2026-07-07 21:17:49,rule
UTR00006290,U003606,TAG06,0.9847,2025-04-01 15:57:51,rule
UTR00006291,U002276,TAG06,0.9465,2025-03-28 07:17:03,model
UTR00006292,U002138,TAG16,0.8142,2026-05-21 23:54:27,rule
UTR00006293,U004393,TAG03,0.9217,2025-06-06 02:11:42,manual
UTR00006294,U000410,TAG11,0.8452,2025-08-26 06:16:45,rule
UTR00006295,U003660,TAG16,0.6872,2025-03-26 18:13:55,model
UTR00006296,U002237,TAG15,0.8388,2025-09-06 03:17:05,model
UTR00006297,U000566,TAG05,0.7503,2025-07-31 06:08:39,rule
UTR00006298,U003914,TAG10,0.9125,2025-06-05 11:32:38,rule
UTR00006299,U004514,TAG02,0.8718,2025-05-23 23:54:54,model
UTR00006300,U000599,TAG06,0.8762,2025-03-09 02:57:06,rule
UTR00006301,U003341,TAG05,0.6027,2025-11-18 11:17:55,rule
UTR00006302,U000755,TAG10,0.6397,2025-05-18 20:24:51,rule
UTR00006303,U003613,TAG04,0.7404,2025-11-15 00:11:29,rule
UTR00006304,U002044,TAG04,0.6855,2025-09-14 17:20:14,model
UTR00006305,U001631,TAG01,0.635,2026-03-26 14:28:20,model
UTR00006306,U003699,TAG12,0.932,2025-09-03 03:23:42,model
UTR00006307,U002619,TAG09,0.9827,2026-07-08 08:58:41,rule
UTR00006308,U004599,TAG04,0.9952,2025-09-03 18:34:49,rule
UTR00006309,U000991,TAG01,0.7589,2025-11-21 14:38:20,rule
UTR00006310,U001248,TAG06,0.9902,2025-09-11 03:51:35,model
UTR00006311,U000134,TAG08,0.7064,2025-03-11 07:53:34,rule
UTR00006312,U000315,TAG10,0.5928,2025-04-23 08:21:52,model
UTR00006313,U001237,TAG11,0.6503,2026-02-08 14:02:35,rule
UTR00006314,U001095,TAG05,0.9105,2025-08-31 03:08:06,model
UTR00006315,U000970,TAG08,0.731,2025-05-13 06:17:53,model
UTR00006316,U000719,TAG13,0.8837,2025-06-11 05:00:49,rule
UTR00006317,U002748,TAG14,0.8336,2025-05-29 21:07:17,rule
UTR00006318,U002075,TAG04,0.8608,2026-01-27 16:50:01,rule
UTR00006319,U001898,TAG11,0.8957,2025-01-20 14:00:29,model
UTR00006320,U000122,TAG06,0.5927,2026-06-09 19:12:31,rule
UTR00006321,U003999,TAG10,0.8228,2026-01-20 04:36:53,model
UTR00006322,U002210,TAG05,0.5898,2025-07-28 23:20:44,model
UTR00006323,U000505,TAG02,0.7361,2026-01-24 05:31:01,rule
UTR00006324,U002461,TAG07,0.6797,2026-07-24 19:30:11,model
UTR00006325,U000243,TAG02,0.5551,2025-02-26 13:11:46,rule
UTR00006326,U003986,TAG10,0.7983,2026-05-09 21:09:15,model
UTR00006327,U000245,TAG07,0.8551,2026-08-21 16:00:58,rule
UTR00006328,U000057,TAG01,0.8684,2025-05-16 12:57:54,rule
UTR00006329,U004281,TAG01,0.8502,2025-07-20 19:14:59,rule
UTR00006330,U000059,TAG15,0.8013,2025-04-26 08:35:03,rule
UTR00006331,U002075,TAG09,0.7202,2025-12-05 01:16:46,manual
UTR00006332,U001233,TAG05,0.5831,2025-01-04 23:26:16,rule
UTR00006333,U000086,TAG05,0.6763,2025-11-03 10:54:13,rule
UTR00006334,U003572,TAG10,0.6738,2025-05-05 06:47:28,manual
UTR00006335,U003900,TAG01,0.8537,2025-05-27 04:49:25,rule
UTR00006336,U000479,TAG12,0.9001,2026-02-19 08:53:18,model
UTR00006337,U003632,TAG05,0.7419,2026-01-20 03:06:16,rule
UTR00006338,U003260,TAG03,0.597,2026-01-26 08:40:03,rule
UTR00006339,U000605,TAG15,0.6849,2025-10-06 21:35:05,model
UTR00006340,U004985,TAG10,0.9395,2025-12-25 05:28:40,model
UTR00006341,U002399,TAG10,0.9804,2026-05-06 05:17:17,model
UTR00006342,U002738,TAG07,0.6127,2026-03-17 02:42:12,rule
UTR00006343,U001475,TAG09,0.6415,2026-03-01 14:29:35,model
UTR00006344,U001651,TAG15,0.8028,2025-09-04 18:39:42,model
UTR00006345,U003689,TAG15,0.6168,2026-07-05 17:49:18,rule
UTR00006346,U003489,TAG12,0.5951,2026-02-21 00:45:35,model
UTR00006347,U003259,TAG13,0.9554,2025-09-12 22:17:02,rule
UTR00006348,U002045,TAG08,0.6669,2025-11-27 21:14:12,model
UTR00006349,U004027,TAG10,0.7941,2026-01-15 05:32:47,rule
UTR00006350,U004065,TAG13,0.7571,2025-04-22 08:16:38,model
UTR00006351,U002252,TAG11,0.6393,2025-09-14 02:32:46,rule
UTR00006352,U001867,TAG03,0.9966,2026-08-17 10:14:35,rule
UTR00006353,U002008,TAG10,0.7009,2025-07-21 04:35:11,model
UTR00006354,U000213,TAG11,0.8757,2025-12-16 00:15:47,model
UTR00006355,U002559,TAG12,0.6094,2025-12-14 14:03:03,model
UTR00006356,U004285,TAG14,0.6958,2025-10-29 11:39:20,rule
UTR00006357,U003328,TAG11,0.8051,2026-04-20 15:11:19,manual
UTR00006358,U000502,TAG09,0.7706,2026-07-19 12:01:50,rule
UTR00006359,U002135,TAG12,0.8177,2025-01-01 06:31:58,model
UTR00006360,U004749,TAG14,0.5825,2025-12-09 18:11:31,rule
UTR00006361,U003316,TAG16,0.5566,2025-10-06 21:26:04,model
UTR00006362,U000830,TAG06,0.8202,2026-01-29 15:53:42,model
UTR00006363,U003629,TAG02,0.8937,2025-06-02 08:32:30,model
UTR00006364,U000256,TAG15,0.5599,2026-04-03 20:55:36,rule
UTR00006365,U001895,TAG01,0.9031,2025-09-01 14:54:37,rule
UTR00006366,U000273,TAG07,0.647,2025-06-16 08:02:10,model
UTR00006367,U000367,TAG04,0.5925,2025-08-14 19:46:42,rule
UTR00006368,U001040,TAG08,0.7874,2025-06-01 07:49:31,rule
UTR00006369,U003410,TAG10,0.9854,2025-01-08 02:50:06,rule
UTR00006370,U000143,TAG02,0.6994,2026-01-22 12:04:13,model
UTR00006371,U004532,TAG11,0.6116,2025-08-14 23:50:59,model
UTR00006372,U002659,TAG02,0.5844,2026-04-14 08:51:37,model
UTR00006373,U004657,TAG12,0.8979,2025-08-17 15:54:54,rule
UTR00006374,U002545,TAG14,0.8749,2025-03-04 04:58:58,rule
UTR00006375,U000481,TAG12,0.9278,2025-11-08 23:10:28,rule
UTR00006376,U000639,TAG09,0.8941,2025-05-22 07:13:47,model
UTR00006377,U001512,TAG11,0.6496,2025-07-04 08:33:50,rule
UTR00006378,U000203,TAG05,0.7325,2025-05-16 22:20:12,rule
UTR00006379,U003867,TAG14,0.7879,2026-06-07 20:27:07,rule
UTR00006380,U004838,TAG11,0.9486,2026-05-05 03:09:24,rule
UTR00006381,U002278,TAG05,0.9327,2026-07-10 09:38:30,rule
UTR00006382,U004559,TAG05,0.7114,2026-07-03 16:42:25,rule
UTR00006383,U004889,TAG01,0.746,2026-06-21 19:36:36,model
UTR00006384,U003152,TAG02,0.6417,2025-05-10 23:26:07,rule
UTR00006385,U004508,TAG14,0.8093,2025-03-09 17:28:28,rule
UTR00006386,U004020,TAG06,0.7705,2026-04-08 07:23:37,rule
UTR00006387,U000497,TAG06,0.796,2025-10-28 11:33:13,rule
UTR00006388,U000509,TAG02,0.6989,2025-08-17 17:33:17,model
UTR00006389,U003203,TAG03,0.5795,2025-08-31 08:59:22,model
UTR00006390,U001226,TAG02,0.9445,2026-07-17 02:41:40,rule
UTR00006391,U002511,TAG06,0.8267,2025-11-23 06:28:56,rule
UTR00006392,U002323,TAG08,0.581,2025-05-22 06:54:38,model
UTR00006393,U003648,TAG01,0.8728,2025-04-12 01:56:18,rule
UTR00006394,U004801,TAG08,0.8061,2026-04-16 10:00:15,model
UTR00006395,U004241,TAG08,0.9343,2025-08-26 22:55:11,manual
UTR00006396,U002928,TAG03,0.58,2025-03-31 00:16:46,model
UTR00006397,U003650,TAG09,0.6081,2026-03-04 00:42:24,model
UTR00006398,U002349,TAG05,0.663,2025-12-08 23:27:18,manual
UTR00006399,U001680,TAG05,0.9857,2026-08-05 09:53:37,rule
UTR00006400,U002194,TAG11,0.8648,2025-12-19 14:48:12,model
UTR00006401,U002216,TAG02,0.9455,2025-05-19 15:14:26,rule
UTR00006402,U001757,TAG02,0.6174,2025-10-23 19:14:33,rule
UTR00006403,U003106,TAG11,0.8316,2025-10-09 17:42:33,rule
UTR00006404,U001600,TAG07,0.6342,2025-08-26 04:36:32,rule
UTR00006405,U003629,TAG02,0.868,2025-05-11 04:06:22,rule
UTR00006406,U001833,TAG09,0.9855,2026-02-24 12:11:15,rule
UTR00006407,U003303,TAG15,0.9337,2025-08-08 15:24:00,model
UTR00006408,U000401,TAG03,0.7127,2026-02-01 16:24:29,rule
UTR00006409,U002526,TAG13,0.893,2026-05-06 04:07:57,rule
UTR00006410,U000373,TAG03,0.6519,2026-04-26 00:26:58,rule
UTR00006411,U003790,TAG08,0.5553,2026-03-31 07:39:00,model
UTR00006412,U003820,TAG16,0.9996,2026-07-26 04:30:26,model
UTR00006413,U003563,TAG06,0.9729,2025-06-18 19:51:41,rule
UTR00006414,U000429,TAG06,0.5684,2025-10-31 16:31:26,rule
UTR00006415,U000462,TAG12,0.9454,2025-11-10 20:00:14,rule
UTR00006416,U004401,TAG07,0.8542,2025-08-25 08:07:17,rule
UTR00006417,U003524,TAG13,0.5566,2025-10-12 20:16:26,rule
UTR00006418,U004218,TAG10,0.9679,2025-07-28 21:16:16,rule
UTR00006419,U001975,TAG13,0.7639,2026-05-13 21:41:45,model
UTR00006420,U002060,TAG03,0.6016,2026-01-30 01:43:15,rule
UTR00006421,U000826,TAG01,0.7938,2026-07-30 00:53:24,model
UTR00006422,U003413,TAG08,0.7597,2025-08-16 09:16:02,rule
UTR00006423,U002014,TAG15,0.8721,2025-08-04 04:14:12,model
UTR00006424,U004710,TAG13,0.8882,2025-10-27 08:12:51,model
UTR00006425,U004975,TAG08,0.6915,2025-02-23 16:31:01,manual
UTR00006426,U004263,TAG13,0.6737,2026-02-21 04:27:17,rule
UTR00006427,U001862,TAG16,0.9708,2025-12-08 03:51:40,model
UTR00006428,U004543,TAG12,0.9144,2026-05-06 07:20:45,rule
UTR00006429,U004580,TAG04,0.585,2025-08-02 12:04:16,rule
UTR00006430,U003905,TAG16,0.7088,2025-11-03 16:53:17,model
UTR00006431,U001637,TAG13,0.87,2025-08-10 01:11:40,model
UTR00006432,U002492,TAG12,0.9917,2025-10-24 07:12:49,model
UTR00006433,U002791,TAG12,0.9372,2025-12-20 21:34:13,rule
UTR00006434,U002608,TAG06,0.9996,2026-08-16 04:42:50,rule
UTR00006435,U004174,TAG08,0.7416,2025-09-29 11:06:54,model
UTR00006436,U001999,TAG10,0.9636,2026-02-20 16:07:21,model
UTR00006437,U000674,TAG07,0.8107,2025-12-04 09:17:17,rule
UTR00006438,U004869,TAG16,0.7545,2025-01-05 14:37:02,model
UTR00006439,U001034,TAG02,0.7772,2025-05-30 09:07:03,rule
UTR00006440,U004060,TAG08,0.6778,2025-06-19 19:08:23,model
UTR00006441,U003804,TAG12,0.7084,2025-01-09 08:50:49,rule
UTR00006442,U002875,TAG02,0.9701,2025-03-04 12:40:27,rule
UTR00006443,U000455,TAG02,0.5607,2026-01-20 21:05:50,model
UTR00006444,U002324,TAG15,0.8103,2025-05-24 01:25:59,model
UTR00006445,U004474,TAG08,0.5721,2026-03-21 15:05:16,rule
UTR00006446,U000944,TAG01,0.8797,2026-07-30 08:02:27,rule
UTR00006447,U003869,TAG10,0.6395,2025-09-09 02:48:10,rule
UTR00006448,U002788,TAG05,0.8236,2026-08-07 20:39:39,model
UTR00006449,U004204,TAG03,0.6775,2025-06-22 18:09:38,rule
UTR00006450,U002879,TAG02,0.756,2025-07-15 05:33:14,rule
UTR00006451,U003738,TAG13,0.75,2025-06-29 02:09:03,rule
UTR00006452,U002938,TAG03,0.8056,2026-07-22 22:21:47,rule
UTR00006453,U003124,TAG06,0.8536,2026-05-03 21:34:04,model
UTR00006454,U000635,TAG10,0.8787,2025-09-13 09:39:25,manual
UTR00006455,U000852,TAG08,0.5551,2025-08-30 21:01:30,rule
UTR00006456,U001880,TAG07,0.6374,2025-05-28 08:31:48,model
UTR00006457,U003567,TAG12,0.7735,2025-10-08 02:03:11,manual
UTR00006458,U004892,TAG14,0.7912,2025-10-23 07:25:53,model
UTR00006459,U001182,TAG16,0.9732,2025-11-24 16:02:29,rule
UTR00006460,U001043,TAG13,0.635,2026-01-25 01:03:10,rule
UTR00006461,U001778,TAG07,0.6874,2025-07-18 08:12:34,rule
UTR00006462,U003505,TAG08,0.9022,2025-09-22 07:06:17,rule
UTR00006463,U002049,TAG08,0.8635,2026-05-06 20:56:17,rule
UTR00006464,U001615,TAG15,0.7647,2025-07-30 10:28:27,rule
UTR00006465,U002691,TAG07,0.6997,2026-07-13 00:45:52,manual
UTR00006466,U004901,TAG05,0.8286,2025-02-08 04:26:17,model
UTR00006467,U003465,TAG03,0.6025,2025-06-23 10:50:38,model
UTR00006468,U004113,TAG14,0.7062,2025-07-20 08:36:55,model
UTR00006469,U002092,TAG16,0.6386,2025-12-02 22:44:48,model
UTR00006470,U001852,TAG04,0.876,2026-03-16 14:58:41,model
UTR00006471,U001360,TAG13,0.9025,2025-09-22 10:34:53,model
UTR00006472,U002568,TAG09,0.9304,2025-12-08 08:32:00,rule
UTR00006473,U001242,TAG05,0.6069,2026-07-01 02:05:52,rule
UTR00006474,U000366,TAG13,0.7954,2025-05-09 21:27:21,model
UTR00006475,U000565,TAG15,0.9074,2025-07-04 03:28:07,model
UTR00006476,U003363,TAG05,0.7826,2025-01-09 20:11:49,rule
UTR00006477,U004361,TAG13,0.8495,2026-08-17 23:52:22,model
UTR00006478,U002284,TAG16,0.8839,2026-03-06 09:00:12,model
UTR00006479,U004483,TAG07,0.7301,2026-06-24 19:55:57,rule
UTR00006480,U004081,TAG01,0.7229,2025-06-06 22:17:47,rule
UTR00006481,U000840,TAG07,0.6867,2025-12-10 07:26:10,model
UTR00006482,U003108,TAG11,0.6684,2026-01-08 23:26:29,model
UTR00006483,U000183,TAG06,0.7441,2025-10-17 02:29:31,rule
UTR00006484,U002016,TAG05,0.8555,2025-07-07 08:02:23,rule
UTR00006485,U003997,TAG06,0.5775,2025-05-04 20:51:16,model
UTR00006486,U000501,TAG04,0.9484,2025-02-24 00:57:11,model
UTR00006487,U004790,TAG14,0.6761,2025-06-05 10:13:38,model
UTR00006488,U001749,TAG14,0.6007,2025-08-03 13:12:09,rule
UTR00006489,U000003,TAG01,0.8355,2026-01-16 03:35:40,manual
UTR00006490,U001272,TAG06,0.5746,2026-05-08 19:06:19,model
UTR00006491,U004936,TAG04,0.6529,2025-04-07 06:41:23,model
UTR00006492,U004225,TAG08,0.8015,2025-09-24 07:47:04,rule
UTR00006493,U002336,TAG08,0.8388,2025-11-21 06:39:29,rule
UTR00006494,U004657,TAG05,0.9541,2025-04-17 00:45:26,model
UTR00006495,U004136,TAG10,0.9502,2025-09-22 09:26:36,model
UTR00006496,U001014,TAG10,0.558,2025-10-05 10:51:38,rule
UTR00006497,U000351,TAG14,0.8971,2026-04-26 09:32:50,rule
UTR00006498,U003205,TAG16,0.8368,2026-07-17 01:51:35,rule
UTR00006499,U003741,TAG04,0.5697,2025-05-20 06:32:52,rule
UTR00006500,U004429,TAG08,0.8842,2026-07-18 06:50:53,model
UTR00006501,U001163,TAG16,0.5782,2026-03-21 17:14:31,manual
UTR00006502,U002884,TAG16,0.8579,2025-09-06 10:20:56,model
UTR00006503,U002731,TAG07,0.7826,2025-04-18 19:13:15,rule
UTR00006504,U001607,TAG14,0.8624,2026-01-15 05:41:35,model
UTR00006505,U003154,TAG04,0.701,2025-11-10 15:20:42,rule
UTR00006506,U004114,TAG09,0.7646,2026-02-06 00:28:48,rule
UTR00006507,U004301,TAG12,0.9465,2026-01-18 19:04:59,model
UTR00006508,U004648,TAG03,0.8374,2025-11-23 04:32:58,model
UTR00006509,U003798,TAG15,0.578,2026-04-03 19:35:11,model
UTR00006510,U004312,TAG10,0.6713,2025-01-20 21:19:46,rule
UTR00006511,U004134,TAG07,0.8285,2025-08-31 12:24:10,rule
UTR00006512,U004186,TAG06,0.5802,2025-08-21 15:42:05,rule
UTR00006513,U004106,TAG01,0.6653,2026-04-23 11:40:03,model
UTR00006514,U002280,TAG07,0.7128,2026-06-14 12:23:40,model
UTR00006515,U002362,TAG01,0.766,2025-12-14 19:04:44,model
UTR00006516,U000790,TAG04,0.7396,2026-01-30 19:10:42,manual
UTR00006517,U004487,TAG09,0.6804,2025-02-11 00:28:42,rule
UTR00006518,U004843,TAG10,0.6981,2025-07-01 14:58:18,rule
UTR00006519,U003458,TAG13,0.8137,2025-02-10 13:53:46,rule
UTR00006520,U003207,TAG01,0.7555,2025-05-27 00:34:56,manual
UTR00006521,U000684,TAG12,0.8483,2026-01-02 17:55:48,rule
UTR00006522,U001829,TAG01,0.5883,2026-04-14 11:01:43,model
UTR00006523,U004350,TAG10,0.9512,2025-10-09 03:55:25,rule
UTR00006524,U001728,TAG01,0.8004,2025-08-09 02:53:37,model
UTR00006525,U001550,TAG08,0.8357,2025-01-04 06:50:01,rule
UTR00006526,U004964,TAG09,0.7929,2025-05-23 00:09:18,model
UTR00006527,U003332,TAG15,0.9784,2025-06-22 20:38:08,rule
UTR00006528,U002412,TAG03,0.9717,2025-08-29 21:01:26,rule
UTR00006529,U003230,TAG10,0.6939,2025-11-16 07:53:13,rule
UTR00006530,U002913,TAG04,0.8372,2026-01-22 21:45:44,manual
UTR00006531,U001713,TAG04,0.757,2026-05-21 01:33:21,rule
UTR00006532,U001317,TAG08,0.5581,2026-03-01 13:36:50,rule
UTR00006533,U003982,TAG01,0.9089,2026-06-29 19:54:05,rule
UTR00006534,U002674,TAG03,0.9743,2025-06-27 06:19:00,model
UTR00006535,U000427,TAG07,0.9077,2025-03-24 22:24:56,model
UTR00006536,U000384,TAG04,0.9363,2025-03-09 07:01:21,model
UTR00006537,U003112,TAG11,0.729,2025-10-11 13:24:57,model
UTR00006538,U003830,TAG02,0.5979,2025-05-07 02:54:27,rule
UTR00006539,U002938,TAG15,0.5764,2026-01-25 15:16:48,rule
UTR00006540,U002731,TAG16,0.7347,2025-04-14 09:55:38,rule
UTR00006541,U004818,TAG14,0.9119,2025-09-21 06:02:53,rule
UTR00006542,U004511,TAG02,0.6572,2025-01-02 04:44:25,model
UTR00006543,U000725,TAG03,0.5815,2025-01-12 16:42:46,model
UTR00006544,U002381,TAG12,0.8051,2025-08-06 21:44:20,model
UTR00006545,U003538,TAG09,0.7857,2026-01-18 11:00:11,rule
UTR00006546,U000571,TAG01,0.8493,2025-04-25 18:07:21,rule
UTR00006547,U002183,TAG05,0.8945,2026-03-19 16:37:08,rule
UTR00006548,U001535,TAG03,0.8062,2025-10-17 20:00:10,model
UTR00006549,U002571,TAG13,0.6299,2026-04-06 05:33:46,model
UTR00006550,U002662,TAG03,0.8508,2025-07-29 08:56:30,model
UTR00006551,U003142,TAG11,0.6863,2025-09-19 23:01:57,rule
UTR00006552,U003346,TAG04,0.8515,2025-12-05 19:35:36,rule
UTR00006553,U001824,TAG07,0.6061,2026-07-20 04:11:14,rule
UTR00006554,U001952,TAG05,0.8843,2025-05-24 04:07:27,manual
UTR00006555,U001157,TAG05,0.8737,2025-12-17 22:26:23,model
UTR00006556,U001097,TAG11,0.635,2026-08-02 09:39:02,model
UTR00006557,U003861,TAG04,0.8578,2026-06-25 08:57:33,rule
UTR00006558,U002570,TAG02,0.9582,2025-11-14 16:32:52,model
UTR00006559,U001749,TAG09,0.9972,2025-09-02 10:41:09,model
UTR00006560,U000502,TAG14,0.9665,2025-12-25 09:33:53,rule
UTR00006561,U004611,TAG04,0.87,2025-01-26 13:04:27,rule
UTR00006562,U003842,TAG02,0.8054,2025-11-23 22:10:53,rule
UTR00006563,U002679,TAG06,0.7188,2025-02-05 13:54:53,rule
UTR00006564,U001742,TAG11,0.8807,2025-03-04 23:51:42,model
UTR00006565,U002539,TAG01,0.833,2026-05-27 00:09:23,rule
UTR00006566,U000285,TAG05,0.7199,2026-06-11 04:54:07,model
UTR00006567,U000842,TAG13,0.9621,2025-10-10 11:13:11,model
UTR00006568,U004744,TAG04,0.7724,2026-06-08 19:26:23,rule
UTR00006569,U004394,TAG15,0.9937,2026-03-01 18:49:12,rule
UTR00006570,U003555,TAG10,0.808,2025-04-18 14:34:05,manual
UTR00006571,U004753,TAG11,0.774,2025-08-08 18:19:08,rule
UTR00006572,U000984,TAG11,0.5654,2026-03-03 13:48:32,model
UTR00006573,U002959,TAG04,0.8659,2026-05-30 20:32:37,rule
UTR00006574,U003803,TAG09,0.7638,2026-02-05 05:06:35,rule
UTR00006575,U003844,TAG09,0.8752,2025-04-28 21:50:25,model
UTR00006576,U002623,TAG03,0.6402,2026-05-11 13:50:57,model
UTR00006577,U002262,TAG16,0.7019,2026-03-20 10:42:11,rule
UTR00006578,U002459,TAG11,0.9535,2025-10-22 01:15:15,rule
UTR00006579,U001677,TAG03,0.8253,2026-05-12 19:38:54,rule
UTR00006580,U001422,TAG05,0.6217,2025-02-20 16:54:00,rule
UTR00006581,U001108,TAG16,0.9516,2025-12-24 04:57:20,model
UTR00006582,U004772,TAG16,0.6515,2025-10-26 01:20:18,rule
UTR00006583,U004991,TAG06,0.6193,2026-08-18 02:35:59,model
UTR00006584,U003982,TAG11,0.5555,2026-03-17 14:41:50,rule
UTR00006585,U001053,TAG09,0.9083,2025-01-24 10:40:56,rule
UTR00006586,U003507,TAG09,0.9791,2025-07-19 01:18:13,rule
UTR00006587,U003513,TAG01,0.9852,2025-06-19 09:43:28,rule
UTR00006588,U000279,TAG10,0.589,2025-08-17 22:21:46,rule
UTR00006589,U003330,TAG14,0.8726,2026-01-31 20:33:34,rule
UTR00006590,U000500,TAG05,0.9346,2025-06-06 02:10:30,rule
UTR00006591,U004331,TAG12,0.7802,2026-02-08 00:33:29,model
UTR00006592,U002633,TAG02,0.9119,2025-02-25 11:57:55,model
UTR00006593,U004350,TAG10,0.7261,2026-08-02 13:51:15,rule
UTR00006594,U000486,TAG12,0.5798,2026-04-18 03:08:06,model
UTR00006595,U003910,TAG02,0.5721,2026-06-16 21:54:28,rule
UTR00006596,U002801,TAG16,0.6372,2026-07-16 05:04:15,rule
UTR00006597,U000228,TAG09,0.5922,2026-05-06 17:52:21,model
UTR00006598,U000735,TAG04,0.6851,2026-01-24 19:26:56,rule
UTR00006599,U001854,TAG03,0.6243,2026-06-22 15:33:35,model
UTR00006600,U003831,TAG13,0.8813,2025-07-13 23:55:52,manual
UTR00006601,U003963,TAG11,0.5848,2026-01-13 14:05:12,model
UTR00006602,U004073,TAG14,0.568,2026-02-22 00:43:12,rule
UTR00006603,U003429,TAG16,0.663,2025-03-23 05:34:38,model
UTR00006604,U001400,TAG15,0.8284,2026-02-28 01:37:01,rule
UTR00006605,U000391,TAG10,0.5595,2026-07-25 05:23:55,model
UTR00006606,U000360,TAG03,0.609,2026-01-08 11:58:12,rule
UTR00006607,U002100,TAG12,0.7016,2026-07-17 13:36:41,model
UTR00006608,U003200,TAG07,0.9176,2025-05-05 01:25:21,model
UTR00006609,U000873,TAG12,0.8819,2025-02-17 06:27:47,model
UTR00006610,U004919,TAG05,0.7387,2025-12-10 05:07:33,rule
UTR00006611,U004510,TAG07,0.7336,2025-06-20 10:18:07,rule
UTR00006612,U002890,TAG04,0.5806,2025-08-27 07:58:21,rule
UTR00006613,U003487,TAG09,0.9853,2025-10-01 22:03:39,model
UTR00006614,U002388,TAG14,0.8401,2026-06-27 20:16:00,rule
UTR00006615,U002404,TAG07,0.7603,2026-02-16 03:22:40,model
UTR00006616,U002284,TAG05,0.8683,2025-08-16 02:19:02,model
UTR00006617,U004744,TAG16,0.8214,2025-11-02 12:50:00,rule
UTR00006618,U002494,TAG03,0.6193,2026-02-24 04:38:23,model
UTR00006619,U002796,TAG09,0.7852,2025-04-23 18:18:20,model
UTR00006620,U003162,TAG16,0.8746,2025-06-22 12:36:23,model
UTR00006621,U002467,TAG15,0.9277,2025-10-27 11:55:23,rule
UTR00006622,U001133,TAG11,0.9597,2025-09-21 16:46:32,rule
UTR00006623,U003188,TAG05,0.9017,2026-01-06 16:38:34,manual
UTR00006624,U000685,TAG11,0.7441,2026-02-19 02:59:37,rule
UTR00006625,U001586,TAG14,0.5812,2025-02-25 15:08:40,rule
UTR00006626,U003482,TAG09,0.941,2026-03-30 10:26:36,model
UTR00006627,U003892,TAG09,0.6569,2025-06-27 02:16:46,model
UTR00006628,U002371,TAG08,0.8484,2025-06-10 05:38:35,model
UTR00006629,U001785,TAG04,0.6224,2025-01-19 15:58:47,rule
UTR00006630,U001993,TAG16,0.8586,2026-03-01 07:08:50,rule
UTR00006631,U003815,TAG05,0.5951,2025-05-01 12:20:21,rule
UTR00006632,U003510,TAG13,0.8508,2025-10-06 20:30:04,rule
UTR00006633,U000996,TAG10,0.8948,2026-08-17 00:11:31,model
UTR00006634,U002459,TAG04,0.5799,2025-10-26 14:10:26,rule
UTR00006635,U001805,TAG12,0.6262,2025-02-07 17:13:19,model
UTR00006636,U003257,TAG01,0.822,2025-04-24 00:27:31,rule
UTR00006637,U003414,TAG01,0.8922,2025-04-18 02:02:01,model
UTR00006638,U000346,TAG07,0.8998,2026-02-28 23:40:11,model
UTR00006639,U001073,TAG01,0.7393,2025-11-14 04:34:26,model
UTR00006640,U004344,TAG08,0.7265,2025-11-12 23:46:43,model
UTR00006641,U002933,TAG05,0.9438,2026-01-01 13:26:35,rule
UTR00006642,U000035,TAG16,0.8934,2026-04-23 10:26:20,rule
UTR00006643,U003829,TAG01,0.6923,2026-02-07 03:30:38,rule
UTR00006644,U002710,TAG12,0.9495,2025-06-17 19:13:04,rule
UTR00006645,U001848,TAG11,0.7897,2025-09-26 19:48:20,model
UTR00006646,U000478,TAG04,0.5518,2025-07-12 09:48:23,model
UTR00006647,U000498,TAG14,0.6246,2026-01-26 15:52:10,rule
UTR00006648,U004993,TAG03,0.5624,2025-05-11 16:10:31,rule
UTR00006649,U002719,TAG07,0.7164,2026-01-29 12:11:34,rule
UTR00006650,U002179,TAG08,0.9829,2025-05-28 21:59:35,rule
UTR00006651,U002924,TAG15,0.9083,2026-04-14 15:56:25,manual
UTR00006652,U002401,TAG16,0.6559,2025-05-02 10:13:00,rule
UTR00006653,U004359,TAG08,0.6746,2025-02-12 01:45:18,rule
UTR00006654,U004189,TAG12,0.5931,2025-04-02 03:09:06,model
UTR00006655,U004872,TAG01,0.8089,2026-06-23 07:56:20,rule
UTR00006656,U003950,TAG08,0.8364,2025-05-25 23:40:45,model
UTR00006657,U003649,TAG04,0.6628,2025-10-05 07:26:57,model
UTR00006658,U003497,TAG14,0.8199,2026-05-24 08:18:09,rule
UTR00006659,U000729,TAG11,0.7301,2025-09-21 04:35:34,model
UTR00006660,U004937,TAG16,0.5706,2026-06-10 02:08:56,model
UTR00006661,U002044,TAG01,0.7894,2025-11-03 02:19:01,rule
UTR00006662,U003241,TAG06,0.8307,2026-03-27 07:40:10,model
UTR00006663,U000608,TAG05,0.7084,2025-11-01 02:43:29,model
UTR00006664,U002835,TAG01,0.8118,2026-06-12 00:10:54,rule
UTR00006665,U001644,TAG04,0.8278,2026-05-24 00:34:08,rule
UTR00006666,U001980,TAG03,0.7614,2025-03-23 05:44:34,rule
UTR00006667,U001672,TAG15,0.697,2026-05-06 14:30:33,rule
UTR00006668,U001693,TAG15,0.914,2025-11-25 18:56:49,model
UTR00006669,U003736,TAG06,0.5745,2026-08-19 21:38:40,model
UTR00006670,U001525,TAG06,0.931,2025-02-04 01:42:46,rule
UTR00006671,U002339,TAG04,0.7664,2025-02-05 05:43:19,model
UTR00006672,U003197,TAG15,0.9159,2025-07-14 13:13:06,rule
UTR00006673,U003762,TAG07,0.8644,2025-03-18 11:02:44,rule
UTR00006674,U000912,TAG11,0.5538,2026-04-17 11:34:19,model
UTR00006675,U002835,TAG03,0.843,2025-10-12 15:32:22,rule
UTR00006676,U000481,TAG04,0.8611,2025-09-22 05:14:38,model
UTR00006677,U001088,TAG12,0.6083,2026-04-03 23:41:30,model
UTR00006678,U003823,TAG16,0.5876,2025-04-10 14:52:50,model
UTR00006679,U001881,TAG12,0.6323,2026-02-02 10:46:30,rule
UTR00006680,U000492,TAG03,0.9165,2025-06-30 01:08:53,model
UTR00006681,U003261,TAG11,0.7967,2026-03-11 17:52:59,rule
UTR00006682,U002077,TAG15,0.8607,2026-04-30 02:56:44,rule
UTR00006683,U000895,TAG04,0.8231,2026-07-08 23:31:51,manual
UTR00006684,U000597,TAG05,0.5759,2025-04-30 11:32:06,rule
UTR00006685,U004346,TAG01,0.7713,2026-03-14 07:14:43,rule
UTR00006686,U003867,TAG02,0.6704,2025-06-08 01:29:58,model
UTR00006687,U001620,TAG15,0.6391,2026-03-20 13:40:03,rule
UTR00006688,U002526,TAG09,0.8275,2025-01-16 07:16:53,rule
UTR00006689,U002675,TAG11,0.7872,2025-03-03 18:47:26,rule
UTR00006690,U003277,TAG09,0.9262,2025-08-09 02:35:32,model
UTR00006691,U000434,TAG10,0.7838,2026-08-11 00:06:16,model
UTR00006692,U000085,TAG15,0.8469,2025-07-02 14:14:54,model
UTR00006693,U000894,TAG13,0.8732,2025-01-04 08:07:44,rule
UTR00006694,U003584,TAG11,0.7825,2025-06-26 12:06:01,model
UTR00006695,U004695,TAG12,0.9272,2025-11-12 05:13:09,model
UTR00006696,U003033,TAG04,0.9941,2025-08-22 21:17:44,model
UTR00006697,U003244,TAG09,0.8812,2025-12-22 22:02:07,rule
UTR00006698,U001449,TAG08,0.8217,2025-01-14 19:13:02,model
UTR00006699,U000537,TAG06,0.8603,2025-10-15 02:22:38,rule
UTR00006700,U003485,TAG15,0.9221,2025-07-24 19:06:47,model
UTR00006701,U004253,TAG13,0.9134,2025-08-20 20:43:07,rule
UTR00006702,U000780,TAG03,0.7915,2025-03-16 21:34:47,rule
UTR00006703,U002893,TAG06,0.6697,2026-08-21 21:53:04,model
UTR00006704,U000437,TAG06,0.9748,2026-07-06 16:08:27,model
UTR00006705,U001400,TAG15,0.9637,2026-01-19 04:00:08,model
UTR00006706,U004857,TAG11,0.6042,2026-02-02 12:17:46,model
UTR00006707,U004914,TAG08,0.9168,2026-01-09 16:30:29,model
UTR00006708,U000928,TAG02,0.8873,2025-08-17 09:03:31,model
UTR00006709,U003147,TAG04,0.7112,2026-04-02 08:21:29,rule
UTR00006710,U000469,TAG15,0.6682,2025-07-21 05:33:38,rule
UTR00006711,U002204,TAG15,0.691,2025-08-14 01:42:18,model
UTR00006712,U002466,TAG06,0.5745,2026-04-01 04:20:47,rule
UTR00006713,U003764,TAG16,0.6634,2026-08-14 17:35:53,rule
UTR00006714,U003337,TAG16,0.9409,2026-05-03 17:37:01,rule
UTR00006715,U004576,TAG02,0.5891,2025-01-24 22:36:50,rule
UTR00006716,U000938,TAG14,0.9867,2026-02-18 21:15:24,rule
UTR00006717,U003937,TAG11,0.7765,2025-09-02 09:05:15,model
UTR00006718,U003846,TAG05,0.5713,2026-04-04 01:48:20,rule
UTR00006719,U003247,TAG13,0.7674,2025-04-23 04:18:52,model
UTR00006720,U001663,TAG06,0.7904,2025-09-03 04:22:12,rule
UTR00006721,U002267,TAG09,0.7082,2025-11-06 23:31:05,rule
UTR00006722,U003010,TAG01,0.9765,2025-06-14 19:55:47,model
UTR00006723,U002696,TAG11,0.7204,2025-07-10 12:00:43,rule
UTR00006724,U000291,TAG02,0.8386,2025-12-10 22:05:58,rule
UTR00006725,U000723,TAG09,0.9579,2026-06-16 04:35:19,model
UTR00006726,U002560,TAG05,0.9711,2025-07-10 16:35:08,rule
UTR00006727,U003144,TAG03,0.6534,2025-02-09 12:16:11,rule
UTR00006728,U002023,TAG15,0.5882,2026-05-27 08:09:01,rule
UTR00006729,U003017,TAG12,0.9108,2025-08-25 08:48:50,rule
UTR00006730,U000823,TAG02,0.9072,2026-05-05 20:06:27,rule
UTR00006731,U003787,TAG01,0.9319,2025-08-06 21:28:32,rule
UTR00006732,U004097,TAG01,0.6305,2025-04-05 10:29:33,model
UTR00006733,U001310,TAG13,0.8293,2025-12-28 04:30:03,rule
UTR00006734,U001950,TAG10,0.7171,2025-05-14 11:41:55,rule
UTR00006735,U002707,TAG10,0.8989,2026-05-08 12:04:52,rule
UTR00006736,U004730,TAG04,0.8373,2026-04-19 06:42:44,rule
UTR00006737,U002926,TAG01,0.9109,2026-05-26 12:07:55,model
UTR00006738,U001580,TAG08,0.5888,2025-11-17 00:21:15,model
UTR00006739,U001553,TAG12,0.709,2026-01-24 07:04:03,model
UTR00006740,U004330,TAG11,0.8518,2026-02-09 01:58:51,rule
UTR00006741,U003781,TAG13,0.7802,2025-01-08 12:44:37,rule
UTR00006742,U003288,TAG08,0.8345,2026-04-25 05:03:22,rule
UTR00006743,U001923,TAG15,0.8819,2026-05-07 01:02:09,rule
UTR00006744,U004224,TAG04,0.7205,2026-07-31 15:57:10,rule
UTR00006745,U004379,TAG13,0.833,2026-01-13 11:08:29,rule
UTR00006746,U003886,TAG14,0.7888,2025-07-23 16:52:18,rule
UTR00006747,U002090,TAG14,0.5564,2025-08-01 20:44:02,model
UTR00006748,U004016,TAG02,0.9626,2025-07-27 03:07:21,model
UTR00006749,U000097,TAG06,0.5864,2025-03-15 00:48:46,model
UTR00006750,U003658,TAG16,0.5797,2025-10-18 16:31:13,rule
UTR00006751,U002625,TAG06,0.8407,2025-05-23 18:40:18,rule
UTR00006752,U003471,TAG14,0.9992,2026-06-26 23:59:18,rule
UTR00006753,U000966,TAG02,0.6117,2026-08-09 07:56:19,model
UTR00006754,U000871,TAG06,0.9388,2026-01-10 22:35:41,model
UTR00006755,U002528,TAG04,0.8148,2026-06-10 16:18:53,manual
UTR00006756,U004967,TAG14,0.7045,2025-02-17 14:26:35,model
UTR00006757,U001824,TAG09,0.95,2025-02-19 10:40:08,model
UTR00006758,U004339,TAG08,0.7559,2025-03-06 13:37:28,rule
UTR00006759,U001783,TAG01,0.7277,2026-04-30 17:54:07,rule
UTR00006760,U003503,TAG14,0.8911,2025-05-31 20:27:17,manual
UTR00006761,U000968,TAG14,0.647,2025-01-12 03:40:57,rule
UTR00006762,U004559,TAG14,0.8273,2026-04-17 23:19:13,model
UTR00006763,U000486,TAG12,0.9877,2025-12-24 19:53:23,model
UTR00006764,U001636,TAG09,0.7673,2025-07-08 03:53:33,rule
UTR00006765,U004476,TAG10,0.8865,2025-08-26 14:59:46,rule
UTR00006766,U003716,TAG11,0.7457,2025-06-15 12:15:44,rule
UTR00006767,U002658,TAG02,0.6258,2026-03-24 04:08:57,model
UTR00006768,U001779,TAG06,0.9883,2026-06-07 02:30:52,rule
UTR00006769,U000131,TAG07,0.9606,2025-04-22 01:34:38,model
UTR00006770,U001533,TAG12,0.7784,2025-03-09 12:39:49,model
UTR00006771,U003515,TAG15,0.9437,2026-06-25 10:14:53,model
UTR00006772,U003427,TAG16,0.9219,2025-09-16 20:49:04,rule
UTR00006773,U001239,TAG07,0.992,2025-12-13 14:30:20,rule
UTR00006774,U004066,TAG15,0.6487,2026-04-19 22:53:10,model
UTR00006775,U001072,TAG13,0.7803,2025-08-25 19:41:13,model
UTR00006776,U003874,TAG01,0.7111,2025-03-11 11:37:02,rule
UTR00006777,U002562,TAG16,0.9445,2025-06-27 15:00:42,model
UTR00006778,U004553,TAG14,0.9621,2026-08-21 15:33:23,rule
UTR00006779,U003575,TAG03,0.6233,2025-04-08 21:42:05,rule
UTR00006780,U003539,TAG15,0.8008,2025-12-04 08:39:03,rule
UTR00006781,U003506,TAG04,0.6011,2025-10-28 00:27:12,rule
UTR00006782,U004510,TAG07,0.6054,2025-09-17 23:54:36,rule
UTR00006783,U001520,TAG02,0.8932,2026-02-11 02:22:05,model
UTR00006784,U004495,TAG15,0.7173,2026-01-18 11:46:36,rule
UTR00006785,U004146,TAG09,0.7976,2026-03-27 01:40:48,rule
UTR00006786,U000844,TAG05,0.9664,2026-07-07 09:29:45,model
UTR00006787,U003353,TAG08,0.9038,2026-02-22 15:07:58,model
UTR00006788,U003145,TAG13,0.6191,2026-07-29 21:13:38,rule
UTR00006789,U001743,TAG15,0.6635,2026-07-19 23:46:35,rule
UTR00006790,U004723,TAG05,0.9333,2025-04-22 22:59:23,rule
UTR00006791,U003360,TAG02,0.9347,2025-10-31 12:01:58,model
UTR00006792,U000717,TAG02,0.5507,2025-01-14 02:33:31,model
UTR00006793,U000802,TAG08,0.8306,2025-06-10 11:18:23,model
UTR00006794,U001258,TAG04,0.6792,2025-06-22 14:00:50,manual
UTR00006795,U004190,TAG12,0.9513,2025-03-08 07:39:10,model
UTR00006796,U002115,TAG12,0.8297,2026-05-29 23:11:20,model
UTR00006797,U003199,TAG02,0.8957,2026-03-01 15:31:41,rule
UTR00006798,U001650,TAG12,0.9595,2025-09-05 18:40:40,model
UTR00006799,U004710,TAG01,0.9398,2025-05-09 22:38:47,rule
UTR00006800,U000538,TAG03,0.597,2026-06-14 23:23:27,rule
UTR00006801,U003609,TAG05,0.5825,2025-01-18 04:02:17,rule
UTR00006802,U001028,TAG04,0.7647,2026-01-20 10:24:08,manual
UTR00006803,U000250,TAG11,0.8923,2026-02-23 09:57:27,rule
UTR00006804,U000964,TAG09,0.9521,2026-02-02 18:12:05,rule
UTR00006805,U001816,TAG06,0.6073,2025-03-31 19:54:06,rule
UTR00006806,U002778,TAG09,0.566,2025-07-13 12:15:43,rule
UTR00006807,U002892,TAG11,0.7259,2025-05-22 13:03:12,model
UTR00006808,U004953,TAG04,0.8194,2025-04-28 03:23:08,manual
UTR00006809,U000281,TAG11,0.9127,2025-07-10 04:44:25,rule
UTR00006810,U002345,TAG04,0.6041,2025-04-27 03:46:48,model
UTR00006811,U001307,TAG16,0.7283,2025-07-17 05:24:06,model
UTR00006812,U002409,TAG03,0.7957,2025-07-04 22:45:23,model
UTR00006813,U002257,TAG08,0.8525,2026-04-07 11:12:29,rule
UTR00006814,U002840,TAG01,0.6338,2025-01-11 20:49:13,rule
UTR00006815,U002431,TAG15,0.6066,2026-08-15 10:10:30,rule
UTR00006816,U003899,TAG12,0.5762,2026-07-16 02:56:21,model
UTR00006817,U004279,TAG12,0.633,2025-05-25 04:55:45,rule
UTR00006818,U004966,TAG13,0.5534,2025-07-28 00:08:30,model
UTR00006819,U002073,TAG07,0.7274,2026-07-30 23:59:13,model
UTR00006820,U003799,TAG06,0.795,2026-02-19 17:37:30,model
UTR00006821,U003199,TAG08,0.8157,2026-01-18 00:10:30,model
UTR00006822,U002123,TAG12,0.5985,2025-07-03 19:19:25,manual
UTR00006823,U001423,TAG10,0.7033,2026-03-27 11:28:05,rule
UTR00006824,U003370,TAG14,0.7074,2026-04-13 23:58:22,rule
UTR00006825,U004195,TAG10,0.748,2025-11-29 09:30:33,rule
UTR00006826,U003495,TAG02,0.5625,2025-04-15 16:43:36,model
UTR00006827,U002944,TAG02,0.8227,2026-02-06 10:48:15,model
UTR00006828,U001134,TAG13,0.8215,2025-07-02 22:37:37,rule
UTR00006829,U001521,TAG02,0.7524,2026-07-16 20:04:53,model
UTR00006830,U004073,TAG12,0.9373,2026-07-10 02:28:39,rule
UTR00006831,U002048,TAG06,0.8761,2025-02-01 04:37:28,rule
UTR00006832,U000707,TAG02,0.7219,2026-04-14 15:51:16,rule
UTR00006833,U000195,TAG15,0.9946,2025-02-02 11:13:28,rule
UTR00006834,U001068,TAG08,0.6596,2026-01-20 03:07:30,rule
UTR00006835,U000484,TAG05,0.6919,2025-05-31 13:02:12,model
UTR00006836,U001208,TAG13,0.5716,2026-04-29 20:37:55,rule
UTR00006837,U000355,TAG11,0.9067,2026-03-02 09:46:56,rule
UTR00006838,U004304,TAG13,0.7533,2026-03-03 21:20:11,model
UTR00006839,U002445,TAG01,0.6531,2025-07-11 00:08:47,rule
UTR00006840,U004015,TAG12,0.7177,2026-04-25 22:00:37,model
UTR00006841,U000302,TAG09,0.7606,2026-03-23 09:43:40,rule
UTR00006842,U003324,TAG09,0.8094,2025-01-23 15:15:28,rule
UTR00006843,U001373,TAG13,0.9534,2025-09-08 20:53:00,model
UTR00006844,U003628,TAG07,0.821,2025-12-01 03:30:53,model
UTR00006845,U001949,TAG13,0.8599,2026-07-07 07:52:50,rule
UTR00006846,U003868,TAG10,0.9443,2025-04-30 20:27:24,model
UTR00006847,U002377,TAG01,0.6222,2026-08-13 17:06:46,model
UTR00006848,U002968,TAG12,0.9653,2025-12-23 17:01:23,rule
UTR00006849,U004082,TAG10,0.6042,2025-06-02 12:40:35,model
UTR00006850,U002758,TAG04,0.8844,2026-05-14 02:21:57,model
UTR00006851,U002707,TAG01,0.5875,2025-08-06 06:16:13,rule
UTR00006852,U003367,TAG01,0.6693,2026-06-09 07:40:25,rule
UTR00006853,U003227,TAG16,0.6886,2025-01-03 02:56:35,rule
UTR00006854,U003864,TAG09,0.8719,2026-08-20 07:33:29,model
UTR00006855,U003401,TAG13,0.771,2025-02-27 09:08:47,rule
UTR00006856,U001177,TAG15,0.5515,2026-06-07 12:00:30,rule
UTR00006857,U003129,TAG16,0.5752,2026-04-06 07:06:17,rule
UTR00006858,U002947,TAG07,0.8252,2025-02-12 11:22:11,model
UTR00006859,U004535,TAG08,0.8145,2025-11-01 13:00:55,rule
UTR00006860,U000123,TAG02,0.9686,2025-02-21 23:57:38,model
UTR00006861,U003522,TAG03,0.8954,2025-07-31 04:11:41,rule
UTR00006862,U003003,TAG04,0.5681,2025-11-18 06:26:00,model
UTR00006863,U002153,TAG03,0.8628,2025-09-16 15:48:56,rule
UTR00006864,U001832,TAG11,0.9749,2026-01-12 14:05:56,rule
UTR00006865,U003693,TAG14,0.8545,2026-03-11 05:30:17,model
UTR00006866,U002295,TAG02,0.9649,2025-01-02 20:21:23,model
UTR00006867,U003110,TAG10,0.9188,2026-07-03 05:31:55,rule
UTR00006868,U001305,TAG08,0.8958,2026-03-15 12:49:09,rule
UTR00006869,U004815,TAG13,0.8712,2025-11-04 03:42:50,rule
UTR00006870,U003160,TAG10,0.6238,2025-06-06 15:56:06,model
UTR00006871,U001563,TAG04,0.8497,2026-04-16 05:23:34,model
UTR00006872,U002292,TAG06,0.945,2026-02-21 03:25:13,rule
UTR00006873,U000920,TAG06,0.9111,2025-12-08 05:55:49,manual
UTR00006874,U000903,TAG07,0.8291,2025-04-07 04:29:24,model
UTR00006875,U001390,TAG04,0.813,2025-11-20 20:19:57,rule
UTR00006876,U002285,TAG05,0.5638,2025-02-27 15:14:11,model
UTR00006877,U003777,TAG16,0.893,2025-06-30 14:37:30,model
UTR00006878,U000236,TAG06,0.9508,2026-08-07 22:39:59,model
UTR00006879,U004155,TAG10,0.7266,2025-12-03 07:23:29,rule
UTR00006880,U003457,TAG10,0.9715,2026-06-05 07:10:12,model
UTR00006881,U000032,TAG15,0.9974,2026-05-18 14:01:41,rule
UTR00006882,U001223,TAG09,0.7075,2025-11-20 17:49:50,model
UTR00006883,U000507,TAG01,0.6901,2025-11-14 10:11:29,rule
UTR00006884,U002304,TAG10,0.74,2026-07-20 09:50:17,rule
UTR00006885,U001623,TAG04,0.6996,2025-02-11 19:40:16,model
UTR00006886,U002650,TAG10,0.8013,2026-03-10 17:55:27,rule
UTR00006887,U003139,TAG13,0.6585,2026-07-31 08:25:29,rule
UTR00006888,U004767,TAG04,0.9092,2025-12-30 06:30:34,model
UTR00006889,U000795,TAG06,0.6711,2025-04-27 18:24:28,model
UTR00006890,U002201,TAG08,0.9,2025-11-29 17:46:11,model
UTR00006891,U004703,TAG09,0.9777,2025-05-13 22:17:45,rule
UTR00006892,U001313,TAG08,0.6049,2026-03-10 18:51:07,rule
UTR00006893,U003140,TAG08,0.5923,2025-03-28 15:46:14,model
UTR00006894,U003355,TAG10,0.5709,2026-01-27 08:39:57,rule
UTR00006895,U001881,TAG05,0.5619,2025-09-07 18:37:21,rule
UTR00006896,U003676,TAG06,0.9467,2025-04-02 23:49:16,rule
UTR00006897,U001400,TAG10,0.6469,2026-05-06 06:42:46,rule
UTR00006898,U002846,TAG15,0.8236,2026-01-25 08:12:09,model
UTR00006899,U002273,TAG16,0.9144,2026-01-05 14:59:05,rule
UTR00006900,U003805,TAG14,0.8896,2026-06-30 16:44:32,model
UTR00006901,U004085,TAG05,0.5654,2025-04-14 08:00:12,model
UTR00006902,U000091,TAG09,0.9949,2025-02-17 12:01:43,model
UTR00006903,U002067,TAG06,0.9922,2026-07-11 19:42:05,rule
UTR00006904,U003402,TAG04,0.6659,2026-04-16 22:48:28,rule
UTR00006905,U000810,TAG02,0.8417,2026-03-20 10:10:55,rule
UTR00006906,U001697,TAG14,0.6381,2025-05-01 21:48:43,rule
UTR00006907,U002249,TAG05,0.9816,2026-02-15 17:16:24,model
UTR00006908,U001605,TAG10,0.6748,2025-04-09 20:28:45,rule
UTR00006909,U001896,TAG08,0.8156,2025-09-01 21:07:01,model
UTR00006910,U000593,TAG08,0.9226,2025-11-19 05:35:02,rule
UTR00006911,U001985,TAG16,0.6988,2025-04-15 07:18:19,model
UTR00006912,U000479,TAG07,0.9843,2025-02-14 12:02:16,rule
UTR00006913,U004530,TAG08,0.6131,2025-09-10 01:02:41,rule
UTR00006914,U003555,TAG07,0.9606,2026-02-21 05:46:11,rule
UTR00006915,U001991,TAG02,0.5508,2025-09-24 04:09:06,model
UTR00006916,U000611,TAG14,0.901,2025-11-12 08:43:34,rule
UTR00006917,U001606,TAG16,0.6245,2025-07-21 14:44:57,rule
UTR00006918,U002323,TAG12,0.7429,2025-03-05 16:53:10,rule
UTR00006919,U000228,TAG08,0.9209,2025-09-19 06:48:58,model
UTR00006920,U001243,TAG09,0.6599,2026-07-04 18:28:22,rule
UTR00006921,U001547,TAG06,0.8325,2026-07-19 08:45:39,model
UTR00006922,U002220,TAG16,0.8904,2025-05-06 02:49:35,model
UTR00006923,U004185,TAG04,0.8803,2026-01-30 21:24:57,rule
UTR00006924,U001229,TAG08,0.932,2026-08-04 04:23:46,rule
UTR00006925,U002389,TAG06,0.7333,2026-04-13 19:39:43,model
UTR00006926,U001907,TAG10,0.7957,2025-03-08 09:16:45,rule
UTR00006927,U001400,TAG03,0.5935,2026-05-07 11:55:37,rule
UTR00006928,U004124,TAG05,0.8186,2025-10-10 14:33:05,rule
UTR00006929,U002724,TAG16,0.9292,2026-06-04 16:58:09,model
UTR00006930,U003471,TAG11,0.9744,2025-10-17 08:29:01,rule
UTR00006931,U001599,TAG10,0.6005,2026-04-25 03:37:38,rule
UTR00006932,U004647,TAG14,0.6222,2026-08-12 01:35:39,model
UTR00006933,U002962,TAG10,0.5747,2025-12-10 05:40:59,rule
UTR00006934,U003595,TAG01,0.7727,2026-02-07 20:36:41,rule
UTR00006935,U002169,TAG12,0.9217,2026-07-17 18:47:45,rule
UTR00006936,U002915,TAG12,0.5741,2025-12-28 07:23:30,model
UTR00006937,U003184,TAG01,0.6189,2026-02-19 00:59:21,manual
UTR00006938,U004825,TAG04,0.8192,2025-09-16 04:28:36,rule
UTR00006939,U004712,TAG15,0.9238,2025-04-21 20:43:43,model
UTR00006940,U003379,TAG13,0.7353,2026-03-03 17:27:03,model
UTR00006941,U000275,TAG14,0.9235,2025-12-20 17:38:42,rule
UTR00006942,U000692,TAG04,0.9447,2025-09-08 02:14:49,rule
UTR00006943,U001339,TAG09,0.8322,2025-08-21 23:16:08,rule
UTR00006944,U004145,TAG04,0.9904,2025-07-24 08:24:12,model
UTR00006945,U003953,TAG02,0.7762,2026-03-16 13:01:08,rule
UTR00006946,U003669,TAG08,0.7335,2025-09-24 10:34:48,model
UTR00006947,U001189,TAG06,0.8911,2025-02-10 19:08:17,rule
UTR00006948,U003557,TAG07,0.8197,2026-03-30 20:25:33,rule
UTR00006949,U004073,TAG12,0.5766,2025-10-29 10:25:56,model
UTR00006950,U001640,TAG04,0.9749,2025-06-20 21:55:05,model
UTR00006951,U001054,TAG10,0.734,2025-12-29 16:14:05,model
UTR00006952,U000216,TAG01,0.6578,2026-06-17 08:12:36,rule
UTR00006953,U001478,TAG04,0.5969,2026-07-19 17:44:47,model
UTR00006954,U004811,TAG12,0.7599,2025-10-22 06:13:55,manual
UTR00006955,U004992,TAG11,0.9611,2025-05-05 09:37:55,rule
UTR00006956,U000243,TAG10,0.6683,2025-12-12 02:15:44,rule
UTR00006957,U001315,TAG06,0.906,2025-10-31 13:48:36,rule
UTR00006958,U001800,TAG01,0.7532,2025-12-13 09:08:56,manual
UTR00006959,U004502,TAG03,0.5794,2025-01-07 04:09:20,rule
UTR00006960,U004632,TAG15,0.8078,2025-01-03 17:45:00,model
UTR00006961,U001612,TAG15,0.8059,2026-02-28 09:35:41,model
UTR00006962,U004980,TAG14,0.6235,2025-08-26 19:44:35,rule
UTR00006963,U001712,TAG07,0.97,2025-10-29 20:27:06,model
UTR00006964,U003384,TAG13,0.6118,2026-07-27 14:26:09,model
UTR00006965,U000867,TAG06,0.5811,2025-04-19 06:23:52,rule
UTR00006966,U004482,TAG16,0.9701,2025-07-09 19:53:51,rule
UTR00006967,U000327,TAG16,0.8102,2025-10-02 00:57:10,model
UTR00006968,U004580,TAG02,0.8311,2025-10-22 21:58:55,rule
UTR00006969,U002347,TAG09,0.6386,2026-01-06 01:15:14,rule
UTR00006970,U002608,TAG16,0.7936,2025-07-02 03:12:33,model
UTR00006971,U000007,TAG04,0.9933,2025-08-25 05:34:44,model
UTR00006972,U002746,TAG03,0.8897,2025-07-23 18:57:06,rule
UTR00006973,U002338,TAG01,0.8848,2026-07-28 20:15:15,rule
UTR00006974,U001328,TAG06,0.7783,2025-12-16 12:11:48,rule
UTR00006975,U004090,TAG05,0.7872,2025-08-26 18:57:31,model
UTR00006976,U004647,TAG09,0.9602,2026-05-28 01:59:08,rule
UTR00006977,U004534,TAG05,0.878,2026-07-09 09:19:38,rule
UTR00006978,U001548,TAG16,0.5768,2026-05-03 01:16:15,model
UTR00006979,U003912,TAG07,0.6397,2026-06-25 04:51:11,rule
UTR00006980,U001336,TAG01,0.7722,2025-05-20 21:57:10,model
UTR00006981,U001024,TAG06,0.938,2025-11-19 18:05:47,model
UTR00006982,U004547,TAG10,0.6104,2025-12-12 21:13:00,rule
UTR00006983,U000496,TAG03,0.8485,2025-06-23 17:53:25,model
UTR00006984,U002698,TAG09,0.9571,2026-03-02 23:07:06,rule
UTR00006985,U004129,TAG01,0.934,2025-05-01 09:29:20,rule
UTR00006986,U002565,TAG06,0.5871,2026-03-26 13:47:34,model
UTR00006987,U002822,TAG05,0.7941,2025-11-18 17:29:26,rule
UTR00006988,U001192,TAG10,0.9199,2025-08-20 17:27:56,rule
UTR00006989,U002111,TAG01,0.8258,2026-06-14 19:42:01,rule
UTR00006990,U002564,TAG12,0.7988,2025-02-23 02:19:08,model
UTR00006991,U000721,TAG09,0.781,2026-01-09 22:25:07,model
UTR00006992,U003116,TAG10,0.8139,2025-07-30 03:09:29,rule
UTR00006993,U002292,TAG05,0.8946,2026-03-03 02:30:29,rule
UTR00006994,U003398,TAG08,0.6243,2025-01-25 09:59:42,model
UTR00006995,U002883,TAG05,0.9078,2026-04-22 04:36:23,model
UTR00006996,U001697,TAG15,0.7576,2025-08-28 04:10:56,model
UTR00006997,U001663,TAG11,0.9267,2025-08-11 21:21:21,rule
UTR00006998,U002975,TAG06,0.7753,2026-06-12 20:53:07,model
UTR00006999,U002574,TAG01,0.7315,2026-08-03 15:38:32,rule
UTR00007000,U003657,TAG14,0.626,2026-06-08 23:13:46,model
UTR00007001,U001329,TAG13,0.819,2026-06-03 08:00:05,rule
UTR00007002,U001259,TAG07,0.9635,2025-02-13 17:35:56,model
UTR00007003,U000052,TAG07,0.6889,2026-01-10 13:05:41,model
UTR00007004,U004120,TAG09,0.9867,2025-01-17 16:30:20,rule
UTR00007005,U004384,TAG14,0.8235,2025-03-01 19:09:42,model
UTR00007006,U000239,TAG02,0.6778,2026-02-08 17:11:20,model
UTR00007007,U000461,TAG01,0.5833,2026-06-06 12:30:26,rule
UTR00007008,U002382,TAG06,0.6548,2026-06-22 00:05:31,rule
UTR00007009,U001644,TAG01,0.8019,2025-06-27 05:27:52,rule
UTR00007010,U002402,TAG13,0.8558,2025-01-27 20:01:47,model
UTR00007011,U002410,TAG09,0.9727,2026-08-06 03:45:29,rule
UTR00007012,U003487,TAG11,0.6743,2026-06-02 21:12:54,rule
UTR00007013,U002990,TAG07,0.9546,2025-07-02 11:50:34,model
UTR00007014,U002151,TAG14,0.9714,2026-01-19 00:46:01,model
UTR00007015,U002283,TAG10,0.594,2025-03-07 23:48:32,manual
UTR00007016,U003590,TAG01,0.7359,2025-12-08 00:01:31,model
UTR00007017,U003228,TAG02,0.7343,2026-05-06 09:29:16,rule
UTR00007018,U004493,TAG02,0.9527,2025-03-20 09:05:44,model
UTR00007019,U002001,TAG15,0.5758,2025-02-02 02:31:39,rule
UTR00007020,U000537,TAG14,0.9309,2025-12-29 07:28:54,model
UTR00007021,U004679,TAG10,0.7113,2026-05-27 22:39:08,model
UTR00007022,U003492,TAG09,0.6352,2025-12-28 12:31:10,model
UTR00007023,U001108,TAG13,0.7041,2026-03-12 02:16:22,model
UTR00007024,U003302,TAG15,0.9414,2025-07-19 00:11:52,rule
UTR00007025,U001100,TAG14,0.6314,2026-05-30 04:05:25,model
UTR00007026,U003738,TAG05,0.8493,2025-11-22 15:50:04,rule
UTR00007027,U000946,TAG05,0.756,2025-06-11 00:49:40,rule
UTR00007028,U001733,TAG04,0.7114,2026-05-17 22:51:15,rule
UTR00007029,U001327,TAG11,0.9448,2025-01-06 14:17:28,rule
UTR00007030,U004085,TAG13,0.9243,2026-08-11 03:19:50,model
UTR00007031,U004498,TAG14,0.7685,2025-09-16 15:30:52,model
UTR00007032,U002192,TAG12,0.847,2025-12-07 18:43:38,model
UTR00007033,U004926,TAG06,0.5845,2026-07-14 19:06:06,model
UTR00007034,U002142,TAG13,0.8428,2025-04-05 10:31:25,rule
UTR00007035,U002868,TAG11,0.6752,2025-08-05 22:39:47,manual
UTR00007036,U001193,TAG10,0.6758,2025-03-01 16:00:29,model
UTR00007037,U001790,TAG10,0.6809,2025-03-19 04:31:17,rule
UTR00007038,U004581,TAG09,0.9652,2025-08-21 05:05:05,rule
UTR00007039,U004354,TAG16,0.6,2026-01-15 19:49:37,rule
UTR00007040,U000688,TAG06,0.8378,2026-02-26 06:59:51,rule
UTR00007041,U002106,TAG06,0.6158,2025-10-09 00:48:42,model
UTR00007042,U002160,TAG09,0.7248,2025-01-17 23:22:10,rule
UTR00007043,U000496,TAG16,0.6609,2025-09-06 19:09:20,rule
UTR00007044,U000357,TAG06,0.803,2025-12-15 04:24:21,rule
UTR00007045,U004485,TAG07,0.6211,2026-04-05 07:04:53,model
UTR00007046,U004913,TAG13,0.8454,2025-02-07 08:28:14,rule
UTR00007047,U004663,TAG08,0.8567,2026-07-15 00:41:03,model
UTR00007048,U004152,TAG07,0.9883,2025-11-22 12:21:19,rule
UTR00007049,U000818,TAG09,0.6647,2025-09-27 04:20:44,rule
UTR00007050,U003182,TAG08,0.7257,2025-09-20 17:22:44,model
UTR00007051,U000871,TAG14,0.7518,2025-06-10 14:52:45,rule
UTR00007052,U002650,TAG01,0.8592,2025-05-05 02:40:35,model
UTR00007053,U003011,TAG03,0.5571,2025-05-19 00:19:09,rule
UTR00007054,U003442,TAG06,0.8078,2025-07-16 20:22:19,model
UTR00007055,U000066,TAG15,0.8187,2026-07-04 15:33:19,rule
UTR00007056,U002042,TAG14,0.8864,2025-03-17 06:39:51,model
UTR00007057,U004870,TAG11,0.6395,2026-03-23 06:43:17,rule
UTR00007058,U004859,TAG16,0.5622,2025-12-27 14:24:46,model
UTR00007059,U004830,TAG14,0.6766,2026-07-09 08:21:23,model
UTR00007060,U004865,TAG15,0.7806,2025-04-16 12:42:27,model
UTR00007061,U003713,TAG08,0.6826,2025-04-19 20:10:14,manual
UTR00007062,U004351,TAG14,0.9561,2025-01-21 16:27:09,rule
UTR00007063,U000111,TAG08,0.6875,2026-08-06 19:57:24,model
UTR00007064,U002585,TAG03,0.6421,2025-12-02 00:33:44,rule
UTR00007065,U001908,TAG12,0.698,2026-03-16 08:01:30,rule
UTR00007066,U001416,TAG12,0.9187,2026-03-02 12:08:55,rule
UTR00007067,U003139,TAG10,0.786,2026-04-10 17:11:33,rule
UTR00007068,U004140,TAG04,0.6338,2025-06-01 07:44:04,rule
UTR00007069,U003573,TAG12,0.9571,2026-02-04 12:02:49,model
UTR00007070,U001086,TAG12,0.6211,2026-06-19 10:37:36,model
UTR00007071,U000958,TAG10,0.5766,2025-09-01 11:56:08,model
UTR00007072,U002581,TAG06,0.9218,2025-08-18 07:50:18,model
UTR00007073,U004624,TAG16,0.578,2025-10-05 02:08:54,model
UTR00007074,U001227,TAG03,0.6301,2025-12-07 02:02:56,model
UTR00007075,U003301,TAG11,0.5898,2025-04-11 13:52:08,rule
UTR00007076,U003864,TAG09,0.8739,2026-06-12 04:21:50,rule
UTR00007077,U004388,TAG03,0.736,2025-10-09 15:19:16,rule
UTR00007078,U000118,TAG16,0.678,2025-07-29 06:39:20,rule
UTR00007079,U004592,TAG09,0.6891,2026-05-25 19:02:41,rule
UTR00007080,U003200,TAG01,0.9942,2026-06-01 19:30:22,model
UTR00007081,U002694,TAG02,0.7752,2026-01-10 23:38:20,rule
UTR00007082,U000405,TAG03,0.9544,2025-08-28 00:07:47,rule
UTR00007083,U001710,TAG01,0.8524,2025-10-11 11:34:05,rule
UTR00007084,U001023,TAG03,0.6001,2026-01-21 16:48:20,rule
UTR00007085,U000187,TAG02,0.6579,2026-06-27 12:46:15,rule
UTR00007086,U000801,TAG08,0.7531,2025-06-08 10:36:20,rule
UTR00007087,U002435,TAG06,0.871,2025-07-14 16:05:00,model
UTR00007088,U003674,TAG16,0.6934,2026-07-01 12:29:21,model
UTR00007089,U004710,TAG10,0.6386,2026-06-22 07:00:09,model
UTR00007090,U001333,TAG16,0.9842,2026-02-11 09:24:35,model
UTR00007091,U002323,TAG03,0.8981,2025-07-26 14:49:51,model
UTR00007092,U001263,TAG07,0.5522,2026-04-23 22:08:24,rule
UTR00007093,U000458,TAG01,0.641,2025-02-26 06:02:35,rule
UTR00007094,U004670,TAG02,0.8551,2025-02-20 00:20:24,rule
UTR00007095,U003463,TAG09,0.9706,2025-10-29 12:32:40,rule
UTR00007096,U000036,TAG09,0.6626,2025-07-26 14:54:09,rule
UTR00007097,U003368,TAG15,0.8514,2025-05-02 23:41:35,model
UTR00007098,U000708,TAG13,0.8752,2026-03-22 22:29:07,rule
UTR00007099,U004451,TAG13,0.7909,2026-06-26 00:19:45,rule
UTR00007100,U001293,TAG07,0.995,2025-01-11 04:45:47,model
UTR00007101,U001191,TAG08,0.756,2025-12-25 18:27:16,rule
UTR00007102,U003789,TAG01,0.6792,2025-11-11 14:14:47,rule
UTR00007103,U001434,TAG09,0.9894,2026-02-10 07:26:09,rule
UTR00007104,U002734,TAG03,0.5942,2026-03-19 02:07:33,rule
UTR00007105,U000622,TAG08,0.5991,2025-02-02 15:45:27,model
UTR00007106,U003302,TAG15,0.7627,2026-01-12 12:40:38,model
UTR00007107,U004931,TAG13,0.96,2026-04-11 01:47:07,model
UTR00007108,U000288,TAG08,0.635,2025-09-25 22:13:41,model
UTR00007109,U004221,TAG16,0.9567,2026-02-23 09:33:12,model
UTR00007110,U003562,TAG15,0.7021,2025-02-24 09:12:16,model
UTR00007111,U000407,TAG13,0.9584,2025-07-12 05:08:40,model
UTR00007112,U001973,TAG08,0.7249,2025-05-12 00:01:01,rule
UTR00007113,U003833,TAG14,0.6184,2025-09-26 22:48:24,rule
UTR00007114,U004055,TAG10,0.9398,2026-08-02 06:57:55,rule
UTR00007115,U002368,TAG12,0.6254,2025-02-26 06:28:53,rule
UTR00007116,U003062,TAG06,0.6183,2025-10-26 02:23:55,rule
UTR00007117,U004431,TAG09,0.9754,2025-12-17 18:40:09,rule
UTR00007118,U000937,TAG15,0.8083,2026-03-27 18:16:41,model
UTR00007119,U001898,TAG03,0.7009,2026-02-15 06:22:01,model
UTR00007120,U004422,TAG03,0.6237,2025-03-14 17:20:48,model
UTR00007121,U000457,TAG08,0.8535,2025-06-23 17:29:22,model
UTR00007122,U000523,TAG14,0.5632,2026-02-03 15:38:07,rule
UTR00007123,U001259,TAG14,0.9926,2026-02-14 21:01:42,rule
UTR00007124,U003044,TAG04,0.5923,2026-07-27 14:00:44,model
UTR00007125,U003217,TAG03,0.6588,2026-03-19 17:36:26,model
UTR00007126,U000884,TAG09,0.8124,2025-08-11 00:58:48,model
UTR00007127,U000179,TAG14,0.7172,2025-05-25 19:30:29,rule
UTR00007128,U003971,TAG04,0.9776,2025-03-30 07:04:25,model
UTR00007129,U002123,TAG04,0.6125,2025-06-11 04:37:54,rule
UTR00007130,U000703,TAG11,0.8892,2026-02-26 18:18:33,model
UTR00007131,U002113,TAG09,0.7881,2026-04-23 03:01:36,rule
UTR00007132,U003564,TAG01,0.6775,2025-04-21 05:02:51,model
UTR00007133,U000679,TAG16,0.9627,2025-04-23 03:50:24,rule
UTR00007134,U003557,TAG07,0.7933,2025-09-02 22:05:48,model
UTR00007135,U001813,TAG08,0.6901,2025-08-03 22:37:06,rule
UTR00007136,U002520,TAG03,0.5686,2025-10-14 11:50:12,rule
UTR00007137,U003810,TAG10,0.976,2026-06-09 00:10:27,model
UTR00007138,U003935,TAG15,0.8671,2025-02-06 15:35:16,rule
UTR00007139,U001837,TAG10,0.702,2025-10-05 22:39:43,model
UTR00007140,U001325,TAG12,0.7736,2025-01-16 08:43:59,rule
UTR00007141,U004070,TAG08,0.8429,2025-01-05 23:39:07,rule
UTR00007142,U003058,TAG06,0.6325,2026-07-25 19:09:34,rule
UTR00007143,U003068,TAG06,0.692,2025-09-28 02:24:33,rule
UTR00007144,U002219,TAG16,0.7211,2026-04-07 11:41:57,model
UTR00007145,U000919,TAG04,0.9271,2025-11-21 23:54:08,model
UTR00007146,U002081,TAG01,0.8382,2026-07-30 12:15:00,manual
UTR00007147,U002069,TAG10,0.8902,2025-01-16 11:06:30,rule
UTR00007148,U003862,TAG01,0.6119,2025-12-17 07:18:31,rule
UTR00007149,U001080,TAG03,0.9142,2025-03-31 10:28:56,rule
UTR00007150,U000937,TAG13,0.7622,2025-01-31 07:11:07,model
UTR00007151,U002566,TAG13,0.9155,2025-12-17 18:15:39,rule
UTR00007152,U000084,TAG05,0.9926,2025-07-03 04:56:30,rule
UTR00007153,U000345,TAG10,0.8794,2026-08-03 03:46:05,model
UTR00007154,U001086,TAG04,0.7139,2025-05-02 19:27:00,model
UTR00007155,U002820,TAG01,0.959,2026-05-04 01:38:32,rule
UTR00007156,U001709,TAG03,0.9299,2026-07-27 13:34:55,rule
UTR00007157,U002320,TAG14,0.992,2026-06-08 18:24:52,rule
UTR00007158,U000224,TAG10,0.9886,2026-05-31 23:19:26,rule
UTR00007159,U001787,TAG08,0.5637,2026-07-02 01:18:59,model
UTR00007160,U002243,TAG15,0.7906,2025-06-20 13:32:04,rule
UTR00007161,U003979,TAG13,0.6223,2025-10-07 13:27:08,rule
UTR00007162,U004529,TAG13,0.9058,2025-03-20 21:34:01,rule
UTR00007163,U004951,TAG15,0.8334,2025-07-16 11:55:57,model
UTR00007164,U000061,TAG04,0.8626,2026-05-07 14:17:52,rule
UTR00007165,U003664,TAG10,0.9895,2025-07-07 23:02:48,model
UTR00007166,U000710,TAG03,0.6703,2025-05-20 02:12:06,rule
UTR00007167,U001369,TAG02,0.7087,2025-09-17 23:12:31,rule
UTR00007168,U003404,TAG14,0.8202,2025-07-25 10:28:16,rule
UTR00007169,U004046,TAG11,0.6095,2026-05-30 21:44:07,model
UTR00007170,U000986,TAG15,0.6548,2025-03-26 12:47:51,rule
UTR00007171,U003194,TAG16,0.8085,2025-08-02 10:35:23,rule
UTR00007172,U001054,TAG05,0.5864,2025-04-09 09:45:39,model
UTR00007173,U002573,TAG04,0.9291,2026-08-07 15:07:12,model
UTR00007174,U000616,TAG02,0.8002,2025-03-05 00:00:28,model
UTR00007175,U001633,TAG02,0.8459,2026-05-30 21:17:44,model
UTR00007176,U003971,TAG05,0.828,2025-01-03 13:13:46,rule
UTR00007177,U004903,TAG11,0.7644,2026-02-09 11:30:38,rule
UTR00007178,U004790,TAG16,0.8086,2025-05-27 18:40:28,rule
UTR00007179,U004502,TAG05,0.7573,2025-08-18 19:52:40,rule
UTR00007180,U000841,TAG06,0.8845,2026-08-10 08:27:30,rule
UTR00007181,U002700,TAG11,0.5736,2025-11-14 14:26:31,model
UTR00007182,U003940,TAG03,0.5552,2025-11-27 12:39:24,rule
UTR00007183,U000348,TAG02,0.8488,2025-12-27 11:07:49,rule
UTR00007184,U004091,TAG06,0.8458,2025-05-10 02:56:36,rule
UTR00007185,U004683,TAG07,0.5846,2026-08-09 05:04:54,rule
UTR00007186,U002825,TAG11,0.719,2025-09-16 18:46:35,manual
UTR00007187,U000948,TAG13,0.7378,2026-07-25 12:26:28,rule
UTR00007188,U003782,TAG05,0.8325,2026-03-28 20:26:08,model
UTR00007189,U004137,TAG14,0.7279,2025-10-30 06:50:14,rule
UTR00007190,U000751,TAG09,0.9549,2025-05-05 09:05:44,rule
UTR00007191,U004331,TAG06,0.7647,2025-05-31 13:14:15,model
UTR00007192,U004298,TAG15,0.9673,2025-02-22 13:47:45,model
UTR00007193,U001749,TAG13,0.9247,2026-03-10 09:03:09,rule
UTR00007194,U004083,TAG16,0.6342,2025-08-28 03:25:14,rule
UTR00007195,U000336,TAG09,0.5989,2025-11-12 01:18:42,model
UTR00007196,U002447,TAG03,0.8578,2026-07-12 09:50:53,rule
UTR00007197,U003339,TAG11,0.5555,2026-06-30 23:52:18,rule
UTR00007198,U000813,TAG09,0.9233,2026-04-22 05:31:29,rule
UTR00007199,U003414,TAG13,0.6999,2025-08-13 17:29:44,rule
UTR00007200,U003452,TAG13,0.7338,2025-11-02 11:15:32,rule
UTR00007201,U004672,TAG02,0.7165,2025-09-01 10:37:00,rule
UTR00007202,U002040,TAG08,0.9712,2026-03-09 04:19:28,model
UTR00007203,U003926,TAG10,0.6984,2026-01-22 08:07:52,rule
UTR00007204,U001049,TAG04,0.707,2026-02-02 15:41:09,model
UTR00007205,U003036,TAG16,0.5541,2025-04-01 04:53:20,model
UTR00007206,U003992,TAG05,0.675,2026-04-30 21:30:12,model
UTR00007207,U003093,TAG10,0.8513,2025-10-23 03:33:07,model
UTR00007208,U003827,TAG05,0.9433,2025-10-16 20:34:28,rule
UTR00007209,U003848,TAG02,0.8202,2025-11-11 05:17:12,rule
UTR00007210,U001021,TAG11,0.7647,2026-08-20 19:40:31,model
UTR00007211,U004059,TAG15,0.8027,2025-11-01 07:52:31,manual
UTR00007212,U001771,TAG02,0.9061,2025-11-28 15:41:23,rule
UTR00007213,U001751,TAG02,0.7544,2025-09-27 16:48:51,model
UTR00007214,U003220,TAG10,0.9038,2025-10-27 19:23:49,model
UTR00007215,U002424,TAG02,0.6558,2025-04-15 18:08:22,rule
UTR00007216,U000738,TAG11,0.716,2025-08-10 06:23:11,rule
UTR00007217,U000101,TAG11,0.9268,2026-06-01 14:41:09,rule
UTR00007218,U003250,TAG10,0.6734,2025-09-25 20:52:41,rule
UTR00007219,U004135,TAG09,0.7024,2025-05-07 05:21:33,rule
UTR00007220,U001606,TAG12,0.8739,2025-04-06 20:06:32,rule
UTR00007221,U003333,TAG14,0.6521,2025-12-18 03:59:40,model
UTR00007222,U004181,TAG12,0.5549,2026-03-22 01:25:46,rule
UTR00007223,U001285,TAG03,0.9257,2025-03-26 04:48:37,rule
UTR00007224,U004348,TAG16,0.7095,2026-04-30 09:13:59,rule
UTR00007225,U002761,TAG02,0.9506,2025-09-08 09:19:56,rule
UTR00007226,U000228,TAG03,0.7796,2025-08-26 19:12:51,rule
UTR00007227,U004594,TAG13,0.6219,2026-07-24 10:00:50,rule
UTR00007228,U003055,TAG04,0.7796,2025-06-16 15:18:49,manual
UTR00007229,U001933,TAG04,0.6369,2026-06-28 19:04:37,rule
UTR00007230,U000241,TAG01,0.565,2025-10-10 05:07:05,rule
UTR00007231,U001828,TAG06,0.9955,2026-03-20 18:07:39,model
UTR00007232,U002974,TAG05,0.711,2025-07-29 12:42:00,rule
UTR00007233,U004961,TAG08,0.5571,2025-06-07 00:44:57,model
UTR00007234,U004461,TAG13,0.6647,2025-02-08 14:18:56,model
UTR00007235,U003594,TAG15,0.8244,2026-02-22 13:10:46,model
UTR00007236,U003337,TAG08,0.8263,2025-08-13 05:32:03,model
UTR00007237,U002526,TAG03,0.9965,2025-10-26 15:59:02,model
UTR00007238,U004588,TAG03,0.8684,2026-01-27 22:23:15,rule
UTR00007239,U004685,TAG11,0.9514,2025-02-01 13:56:34,model
UTR00007240,U000846,TAG05,0.6729,2025-12-25 20:26:26,model
UTR00007241,U004417,TAG04,0.7095,2025-03-12 21:19:46,model
UTR00007242,U001443,TAG11,0.953,2026-02-16 03:09:40,rule
UTR00007243,U003703,TAG06,0.8859,2025-08-10 13:38:02,model
UTR00007244,U001450,TAG13,0.7125,2026-01-26 14:43:44,model
UTR00007245,U003689,TAG15,0.9787,2026-01-01 00:35:42,rule
UTR00007246,U002275,TAG15,0.6848,2026-07-23 15:04:42,rule
UTR00007247,U004758,TAG15,0.7248,2025-12-19 20:14:53,rule
UTR00007248,U004757,TAG03,0.8407,2025-06-12 09:08:10,model
UTR00007249,U004489,TAG10,0.9009,2025-03-26 08:06:43,rule
UTR00007250,U001347,TAG11,0.5816,2025-09-30 22:17:57,rule
UTR00007251,U004611,TAG07,0.8083,2025-09-21 06:09:05,model
UTR00007252,U003997,TAG11,0.8901,2025-11-29 19:14:14,rule
UTR00007253,U002603,TAG12,0.8515,2025-08-14 00:42:09,model
UTR00007254,U004318,TAG14,0.9884,2025-05-27 16:24:36,model
UTR00007255,U001088,TAG10,0.5501,2025-04-25 11:29:48,rule
UTR00007256,U000147,TAG09,0.6567,2025-11-10 12:06:20,rule
UTR00007257,U003097,TAG16,0.6255,2025-08-22 18:03:56,manual
UTR00007258,U004290,TAG10,0.7104,2025-04-16 04:12:31,rule
UTR00007259,U001205,TAG08,0.5983,2025-01-13 11:31:59,rule
UTR00007260,U002506,TAG04,0.8507,2025-11-09 19:12:07,model
UTR00007261,U002167,TAG01,0.5701,2025-06-04 19:14:46,rule
UTR00007262,U000327,TAG12,0.6105,2026-04-03 19:35:01,rule
UTR00007263,U003485,TAG03,0.7914,2026-08-04 22:24:50,rule
UTR00007264,U003799,TAG14,0.6852,2026-07-21 18:50:27,rule
UTR00007265,U000405,TAG11,0.5791,2025-05-14 20:11:23,rule
UTR00007266,U002996,TAG14,0.9241,2026-03-16 13:58:26,rule
UTR00007267,U004608,TAG01,0.5903,2025-02-17 08:22:27,model
UTR00007268,U003206,TAG04,0.6324,2025-03-26 03:13:09,rule
UTR00007269,U001805,TAG02,0.8802,2025-04-12 02:13:03,rule
UTR00007270,U000309,TAG15,0.6899,2026-06-17 03:38:33,model
UTR00007271,U004636,TAG14,0.6646,2025-06-05 08:15:15,rule
UTR00007272,U002062,TAG08,0.78,2026-07-07 14:22:32,rule
UTR00007273,U002791,TAG07,0.7329,2025-09-24 04:42:45,model
UTR00007274,U000170,TAG05,0.5876,2026-06-18 11:28:11,model
UTR00007275,U002088,TAG14,0.7512,2025-04-30 09:57:04,model
UTR00007276,U004803,TAG14,0.6468,2025-12-14 06:19:45,rule
UTR00007277,U002614,TAG03,0.7296,2025-01-14 13:29:59,rule
UTR00007278,U000759,TAG03,0.7189,2025-05-02 01:55:57,rule
UTR00007279,U004654,TAG05,0.659,2026-05-18 05:56:21,model
UTR00007280,U001737,TAG06,0.6667,2025-03-17 03:44:14,rule
UTR00007281,U000926,TAG15,0.6281,2026-08-18 04:07:50,model
UTR00007282,U003653,TAG02,0.6983,2025-02-16 22:48:43,rule
UTR00007283,U002128,TAG05,0.9067,2025-05-19 07:37:49,manual
UTR00007284,U004818,TAG14,0.6157,2025-04-25 06:41:20,rule
UTR00007285,U001586,TAG06,0.8357,2025-06-04 01:46:10,rule
UTR00007286,U000462,TAG05,0.9272,2026-03-20 19:33:34,model
UTR00007287,U002606,TAG15,0.5754,2026-06-05 04:06:48,rule
UTR00007288,U004253,TAG12,0.9841,2026-07-04 16:04:03,rule
UTR00007289,U002597,TAG13,0.852,2025-12-18 22:54:08,rule
UTR00007290,U004910,TAG12,0.8891,2025-04-20 23:20:02,rule
UTR00007291,U004704,TAG16,0.8983,2025-12-29 05:38:46,model
UTR00007292,U004134,TAG14,0.6506,2026-03-03 13:59:18,model
UTR00007293,U001314,TAG09,0.8301,2025-12-28 22:16:26,rule
UTR00007294,U000377,TAG04,0.8663,2025-11-24 08:27:37,model
UTR00007295,U000403,TAG11,0.9153,2026-04-02 14:50:19,rule
UTR00007296,U004764,TAG09,0.7445,2026-05-01 03:27:42,rule
UTR00007297,U000705,TAG13,0.9064,2025-08-07 08:10:27,model
UTR00007298,U002756,TAG13,0.7798,2025-05-31 08:37:53,rule
UTR00007299,U001882,TAG14,0.8898,2025-12-18 05:01:15,manual
UTR00007300,U001433,TAG02,0.7687,2026-04-25 19:02:29,rule
UTR00007301,U001976,TAG14,0.9051,2025-05-01 17:24:03,rule
UTR00007302,U000657,TAG11,0.9598,2025-05-04 02:41:04,rule
UTR00007303,U002195,TAG01,0.7382,2025-05-12 21:18:48,model
UTR00007304,U001549,TAG09,0.6686,2025-03-06 17:41:55,model
UTR00007305,U001364,TAG09,0.816,2025-08-13 15:02:27,rule
UTR00007306,U001420,TAG12,0.7271,2026-01-01 17:57:35,rule
UTR00007307,U002888,TAG03,0.7062,2026-06-07 14:56:03,rule
UTR00007308,U001818,TAG09,0.9959,2025-01-11 01:15:05,rule
UTR00007309,U003508,TAG04,0.6501,2025-11-07 15:28:48,rule
UTR00007310,U001839,TAG03,0.8101,2026-01-29 19:12:55,model
UTR00007311,U004856,TAG03,0.9571,2025-03-01 06:33:27,rule
UTR00007312,U001113,TAG14,0.7991,2025-07-08 11:29:39,model
UTR00007313,U003601,TAG09,0.9305,2025-01-23 15:07:47,rule
UTR00007314,U000460,TAG04,0.7184,2025-02-26 14:42:50,model
UTR00007315,U001452,TAG06,0.7077,2025-09-08 12:31:32,rule
UTR00007316,U004106,TAG08,0.9116,2025-08-14 01:58:06,model
UTR00007317,U001754,TAG08,0.5745,2026-08-17 09:29:15,manual
UTR00007318,U002723,TAG09,0.8076,2025-07-09 01:03:47,rule
UTR00007319,U003588,TAG09,0.847,2026-04-02 18:54:36,model
UTR00007320,U001941,TAG07,0.6645,2026-05-27 16:27:54,manual
UTR00007321,U003377,TAG13,0.9264,2025-05-27 09:31:07,rule
UTR00007322,U003317,TAG05,0.9197,2025-08-07 08:12:04,model
UTR00007323,U000731,TAG14,0.6385,2025-08-08 04:00:29,rule
UTR00007324,U004370,TAG15,0.7404,2025-12-07 14:07:11,rule
UTR00007325,U003731,TAG03,0.9837,2025-01-30 10:19:05,model
UTR00007326,U002344,TAG09,0.9079,2025-04-19 15:18:03,rule
UTR00007327,U002382,TAG06,0.9567,2026-06-28 07:39:58,model
UTR00007328,U002133,TAG14,0.731,2026-06-09 07:40:58,model
UTR00007329,U004323,TAG15,0.7739,2025-03-21 14:19:45,rule
UTR00007330,U000297,TAG10,0.6018,2025-09-18 12:58:08,rule
UTR00007331,U004340,TAG03,0.9848,2025-01-11 11:42:22,model
UTR00007332,U004042,TAG08,0.6405,2025-01-03 17:48:52,manual
UTR00007333,U002458,TAG02,0.9573,2026-05-05 05:15:50,model
UTR00007334,U000671,TAG14,0.8569,2026-02-23 14:43:21,rule
UTR00007335,U004545,TAG08,0.6944,2025-06-15 19:46:07,model
UTR00007336,U002874,TAG15,0.7707,2025-05-07 22:34:36,rule
UTR00007337,U001143,TAG04,0.9991,2025-11-11 10:17:33,rule
UTR00007338,U002682,TAG14,0.5505,2025-01-03 13:19:16,rule
UTR00007339,U003802,TAG12,0.8064,2025-01-30 23:10:05,rule
UTR00007340,U003483,TAG11,0.6277,2025-03-31 10:16:16,model
UTR00007341,U003885,TAG14,0.9796,2025-09-03 09:13:29,rule
UTR00007342,U003152,TAG01,0.8606,2025-10-13 15:45:41,rule
UTR00007343,U003545,TAG15,0.6116,2025-12-29 19:48:57,rule
UTR00007344,U002345,TAG01,0.909,2025-02-23 13:10:06,model
UTR00007345,U001022,TAG02,0.7581,2025-05-18 03:58:00,rule
UTR00007346,U003720,TAG12,0.9209,2025-09-25 10:25:21,rule
UTR00007347,U002496,TAG05,0.6487,2026-04-04 07:42:39,manual
UTR00007348,U001460,TAG09,0.8431,2025-01-29 06:01:19,rule
UTR00007349,U001330,TAG07,0.7162,2025-01-20 08:33:20,rule
UTR00007350,U003993,TAG15,0.7683,2026-04-03 12:25:40,model
UTR00007351,U004649,TAG09,0.9638,2025-08-14 21:36:35,rule
UTR00007352,U001597,TAG05,0.7261,2025-07-28 12:38:01,model
UTR00007353,U002674,TAG16,0.7355,2026-03-01 16:04:10,rule
UTR00007354,U001186,TAG03,0.9965,2025-06-10 20:05:32,rule
UTR00007355,U002873,TAG05,0.684,2025-11-13 20:26:31,rule
UTR00007356,U002222,TAG12,0.6451,2025-01-04 14:39:47,model
UTR00007357,U003408,TAG07,0.6791,2026-08-15 23:41:19,model
UTR00007358,U002502,TAG15,0.9744,2026-03-21 10:38:44,rule
UTR00007359,U001809,TAG07,0.6433,2025-10-25 06:08:00,rule
UTR00007360,U001786,TAG12,0.8963,2026-05-16 05:20:54,rule
UTR00007361,U004446,TAG09,0.8207,2025-03-01 09:20:49,rule
UTR00007362,U002954,TAG15,0.6842,2026-01-28 12:28:03,model
UTR00007363,U001376,TAG08,0.7593,2026-03-18 11:01:53,rule
UTR00007364,U003930,TAG13,0.8055,2026-04-05 15:17:23,rule
UTR00007365,U003119,TAG11,0.9128,2026-02-03 01:11:43,rule
UTR00007366,U000566,TAG01,0.9721,2026-02-02 19:54:58,model
UTR00007367,U004662,TAG15,0.5693,2026-07-16 10:29:42,rule
UTR00007368,U001250,TAG09,0.7509,2025-03-26 03:38:54,rule
UTR00007369,U003249,TAG09,0.9613,2025-06-21 02:08:27,model
UTR00007370,U004756,TAG01,0.5513,2025-11-05 22:48:33,rule
UTR00007371,U002382,TAG07,0.8042,2026-01-23 06:47:47,rule
UTR00007372,U001255,TAG13,0.9812,2026-05-16 13:33:54,rule
UTR00007373,U003015,TAG01,0.8877,2025-01-02 07:20:02,rule
UTR00007374,U000486,TAG13,0.9405,2026-04-26 17:09:51,model
UTR00007375,U000802,TAG13,0.8691,2025-08-17 20:48:02,model
UTR00007376,U001735,TAG12,0.9575,2025-01-07 01:25:39,model
UTR00007377,U004351,TAG12,0.5547,2026-03-08 22:52:53,rule
UTR00007378,U001398,TAG13,0.6744,2025-05-16 00:12:30,rule
UTR00007379,U004522,TAG08,0.5966,2025-06-20 18:11:05,model
UTR00007380,U004340,TAG05,0.981,2025-06-02 13:27:41,rule
UTR00007381,U003579,TAG06,0.9724,2025-11-01 00:49:44,manual
UTR00007382,U003719,TAG09,0.6633,2025-08-21 23:02:14,rule
UTR00007383,U002690,TAG09,0.7916,2025-03-02 13:15:24,model
UTR00007384,U000056,TAG13,0.654,2025-08-17 13:18:46,model
UTR00007385,U000060,TAG03,0.6036,2025-10-04 22:52:34,rule
UTR00007386,U001369,TAG07,0.5793,2026-03-27 06:58:16,rule
UTR00007387,U001843,TAG02,0.8937,2026-04-21 02:37:19,model
UTR00007388,U000115,TAG15,0.6014,2026-03-16 20:11:07,model
UTR00007389,U004700,TAG13,0.7401,2026-07-17 02:43:22,model
UTR00007390,U001631,TAG14,0.9647,2026-05-15 08:57:27,rule
UTR00007391,U000795,TAG08,0.8945,2025-07-28 02:15:59,model
UTR00007392,U000480,TAG10,0.7973,2025-05-24 12:34:28,model
UTR00007393,U001970,TAG06,0.6904,2025-09-13 01:35:08,rule
UTR00007394,U004607,TAG03,0.5893,2026-07-02 02:20:17,model
UTR00007395,U002299,TAG01,0.5765,2026-05-05 02:32:26,manual
UTR00007396,U002867,TAG02,0.9414,2025-03-30 22:51:37,model
UTR00007397,U004945,TAG10,0.5601,2025-12-03 20:01:55,rule
UTR00007398,U000988,TAG01,0.6773,2026-04-23 19:55:28,rule
UTR00007399,U003776,TAG07,0.6705,2025-01-29 18:35:25,model
UTR00007400,U004446,TAG11,0.7844,2026-05-22 10:54:12,rule
UTR00007401,U004374,TAG07,0.8633,2025-11-10 13:21:16,rule
UTR00007402,U001896,TAG10,0.6903,2025-07-20 07:28:02,rule
UTR00007403,U000657,TAG06,0.6069,2026-05-08 20:50:39,rule
UTR00007404,U004749,TAG07,0.9174,2025-10-16 03:53:11,rule
UTR00007405,U003770,TAG16,0.5843,2025-07-31 05:02:08,rule
UTR00007406,U001213,TAG06,0.8629,2026-08-13 10:44:15,model
UTR00007407,U002856,TAG05,0.9034,2025-08-04 16:18:46,rule
UTR00007408,U004983,TAG15,0.8544,2026-01-01 17:30:08,rule
UTR00007409,U004152,TAG02,0.8537,2025-02-13 09:25:32,rule
UTR00007410,U001550,TAG06,0.7198,2025-05-29 03:42:24,model
UTR00007411,U003136,TAG16,0.6337,2025-04-18 04:55:51,model
UTR00007412,U002070,TAG09,0.628,2025-04-26 15:24:29,model
UTR00007413,U004710,TAG09,0.5887,2025-07-29 01:44:40,model
UTR00007414,U004538,TAG04,0.7514,2025-12-25 18:15:38,model
UTR00007415,U002803,TAG04,0.9956,2026-04-12 20:10:58,rule
UTR00007416,U002814,TAG03,0.7557,2025-07-20 06:13:08,rule
UTR00007417,U001922,TAG05,0.605,2026-02-26 11:37:19,model
UTR00007418,U003662,TAG09,0.7107,2026-06-09 13:44:50,model
UTR00007419,U001766,TAG08,0.7743,2025-12-03 06:36:05,rule
UTR00007420,U001393,TAG05,0.9086,2025-06-07 18:23:41,rule
UTR00007421,U004940,TAG14,0.6618,2025-03-05 02:57:39,rule
UTR00007422,U000616,TAG10,0.5783,2026-01-08 01:11:29,model
UTR00007423,U003722,TAG14,0.5756,2025-02-19 00:38:26,rule
UTR00007424,U004585,TAG12,0.6108,2025-03-30 08:36:50,rule
UTR00007425,U003831,TAG16,0.5858,2025-10-04 05:15:25,rule
UTR00007426,U003101,TAG16,0.9362,2026-03-25 15:54:54,rule
UTR00007427,U000489,TAG03,0.6024,2025-02-19 15:00:44,model
UTR00007428,U002863,TAG04,0.9383,2025-10-08 02:49:42,manual
UTR00007429,U003583,TAG15,0.9686,2026-01-19 15:42:14,model
UTR00007430,U000003,TAG04,0.558,2026-02-23 14:42:03,rule
UTR00007431,U000985,TAG12,0.9845,2025-07-03 19:20:26,rule
UTR00007432,U002625,TAG07,0.8901,2026-07-12 16:32:35,model
UTR00007433,U000653,TAG08,0.8301,2025-11-07 16:14:36,rule
UTR00007434,U001816,TAG05,0.5805,2026-06-23 18:37:25,rule
UTR00007435,U003196,TAG08,0.9373,2026-06-25 20:14:51,rule
UTR00007436,U003686,TAG12,0.9136,2026-03-31 17:39:30,rule
UTR00007437,U003272,TAG03,0.707,2025-12-12 04:21:18,rule
UTR00007438,U003711,TAG02,0.5943,2026-08-20 11:19:49,rule
UTR00007439,U004605,TAG06,0.7545,2025-10-21 13:08:16,model
UTR00007440,U001360,TAG06,0.6576,2025-08-23 00:06:51,model
UTR00007441,U002301,TAG05,0.8779,2025-04-12 06:27:03,model
UTR00007442,U003677,TAG09,0.9237,2025-08-20 10:51:20,rule
UTR00007443,U004062,TAG13,0.712,2025-12-06 09:59:44,rule
UTR00007444,U000539,TAG10,0.6541,2025-11-03 15:12:12,rule
UTR00007445,U003874,TAG14,0.9203,2026-05-15 21:21:04,model
UTR00007446,U004511,TAG11,0.7751,2026-01-18 09:30:05,rule
UTR00007447,U001334,TAG03,0.7035,2025-12-16 10:53:57,rule
UTR00007448,U002023,TAG04,0.9509,2026-08-17 07:19:11,rule
UTR00007449,U004450,TAG03,0.6931,2025-12-14 07:49:26,rule
UTR00007450,U004954,TAG14,0.9283,2025-08-31 22:35:27,rule
UTR00007451,U000093,TAG09,0.9019,2025-11-13 12:38:09,rule
UTR00007452,U000960,TAG09,0.9798,2025-12-24 20:30:57,rule
UTR00007453,U003415,TAG01,0.8683,2026-04-03 11:16:28,rule
UTR00007454,U000735,TAG10,0.5931,2025-10-05 23:12:33,rule
UTR00007455,U003007,TAG11,0.9437,2025-03-01 15:01:44,model
UTR00007456,U001261,TAG01,0.9876,2025-01-17 18:08:04,model
UTR00007457,U002261,TAG05,0.7143,2026-04-19 01:29:15,rule
UTR00007458,U000945,TAG05,0.6703,2026-03-27 19:47:36,model
UTR00007459,U004323,TAG16,0.5762,2025-08-01 19:35:07,rule
UTR00007460,U004775,TAG11,0.7399,2025-09-02 00:38:30,rule
UTR00007461,U000676,TAG05,0.8696,2025-08-17 23:00:02,model
UTR00007462,U001973,TAG03,0.9169,2026-04-21 02:37:42,rule
UTR00007463,U002457,TAG14,0.9961,2025-05-05 04:03:06,rule
UTR00007464,U001961,TAG08,0.6512,2025-08-22 15:53:36,rule
UTR00007465,U000100,TAG15,0.6877,2026-07-15 08:51:06,model
UTR00007466,U004077,TAG01,0.5605,2025-09-21 20:22:08,rule
UTR00007467,U003856,TAG05,0.9638,2025-04-04 01:48:09,rule
UTR00007468,U003134,TAG15,0.692,2025-10-24 07:34:11,model
UTR00007469,U000048,TAG13,0.769,2025-04-19 07:01:54,rule
UTR00007470,U002538,TAG07,0.9499,2026-06-20 13:53:30,rule
UTR00007471,U002595,TAG10,0.9413,2025-06-17 09:17:15,rule
UTR00007472,U003114,TAG02,0.8977,2026-04-15 10:52:59,model
UTR00007473,U004247,TAG05,0.8642,2025-12-11 07:46:55,model
UTR00007474,U004425,TAG05,0.98,2026-04-21 23:26:29,rule
UTR00007475,U001056,TAG10,0.5941,2025-11-14 01:59:57,rule
UTR00007476,U002718,TAG07,0.9708,2026-01-05 16:16:37,rule
UTR00007477,U002948,TAG13,0.6531,2026-02-24 12:19:22,rule
UTR00007478,U004191,TAG14,0.8111,2025-05-03 16:44:33,model
UTR00007479,U004109,TAG14,0.7271,2025-11-18 04:42:12,rule
UTR00007480,U000117,TAG05,0.8752,2026-06-29 19:03:24,rule
UTR00007481,U002910,TAG14,0.5959,2025-01-13 03:14:47,model
UTR00007482,U000866,TAG08,0.6704,2025-03-26 05:32:58,model
UTR00007483,U002234,TAG11,0.6581,2026-08-21 18:17:57,rule
UTR00007484,U001461,TAG13,0.9719,2025-07-22 19:02:18,rule
UTR00007485,U003153,TAG03,0.8697,2025-12-01 15:44:00,rule
UTR00007486,U000237,TAG02,0.8097,2025-06-15 07:35:04,rule
UTR00007487,U000503,TAG08,0.987,2025-05-17 07:04:31,rule
UTR00007488,U000091,TAG04,0.9892,2025-12-03 05:53:46,rule
UTR00007489,U003231,TAG03,0.8799,2025-04-26 06:40:44,rule
UTR00007490,U004938,TAG12,0.5549,2026-03-18 17:19:07,model
UTR00007491,U001791,TAG02,0.6626,2025-08-03 11:22:29,rule
UTR00007492,U004068,TAG06,0.6531,2026-03-14 10:25:21,rule
UTR00007493,U001103,TAG16,0.5666,2025-10-15 10:38:49,model
UTR00007494,U003560,TAG02,0.5671,2026-05-08 10:32:35,rule
UTR00007495,U003521,TAG08,0.5516,2025-02-18 15:35:01,model
UTR00007496,U000448,TAG09,0.5719,2025-01-30 06:37:12,model
UTR00007497,U003118,TAG12,0.6305,2026-06-15 13:38:53,rule
UTR00007498,U003856,TAG01,0.8475,2025-04-17 22:30:06,rule
UTR00007499,U004711,TAG07,0.8806,2026-07-21 04:28:28,rule
UTR00007500,U004209,TAG06,0.7537,2026-08-02 21:34:03,model
UTR00007501,U000083,TAG02,0.9173,2025-02-15 15:00:56,model
UTR00007502,U003068,TAG11,0.6305,2026-05-08 08:09:56,model
UTR00007503,U004341,TAG14,0.6896,2025-12-09 11:33:24,model
UTR00007504,U001315,TAG11,0.8954,2026-04-06 19:48:21,rule
UTR00007505,U000978,TAG12,0.6399,2026-01-24 19:38:13,rule
UTR00007506,U001328,TAG03,0.8968,2025-03-07 05:25:44,rule
UTR00007507,U000479,TAG16,0.6653,2025-03-17 02:46:45,rule
UTR00007508,U001867,TAG16,0.9786,2025-05-24 02:31:13,rule
UTR00007509,U001093,TAG10,0.6805,2026-07-05 12:45:44,model
UTR00007510,U004317,TAG03,0.8093,2026-04-20 06:46:18,rule
UTR00007511,U004677,TAG08,0.6171,2026-01-18 16:20:40,rule
UTR00007512,U000143,TAG03,0.5704,2025-05-06 01:17:45,rule
UTR00007513,U003562,TAG07,0.86,2026-02-03 14:45:33,model
UTR00007514,U001633,TAG02,0.8023,2025-07-22 04:43:30,rule
UTR00007515,U002575,TAG03,0.8815,2026-04-01 15:59:35,rule
UTR00007516,U003600,TAG13,0.7901,2026-06-06 12:54:02,model
UTR00007517,U002434,TAG09,0.7474,2025-08-18 18:02:28,model
UTR00007518,U002683,TAG15,0.8189,2026-04-21 11:43:30,rule
UTR00007519,U001101,TAG03,0.8984,2026-04-11 14:11:08,model
UTR00007520,U001336,TAG08,0.7224,2025-07-01 23:11:08,rule
UTR00007521,U000084,TAG14,0.8049,2026-05-12 18:16:14,rule
UTR00007522,U001828,TAG10,0.7529,2025-06-01 08:05:57,model
UTR00007523,U000522,TAG10,0.6516,2025-01-16 01:18:18,manual
UTR00007524,U004765,TAG10,0.7275,2026-02-10 11:17:04,rule
UTR00007525,U003242,TAG11,0.7175,2025-08-14 19:25:23,rule
UTR00007526,U002726,TAG02,0.5501,2025-06-09 14:31:58,model
UTR00007527,U004549,TAG12,0.5813,2025-08-05 16:43:27,model
UTR00007528,U002824,TAG07,0.6584,2026-05-27 12:32:53,rule
UTR00007529,U003940,TAG15,0.7903,2025-08-10 15:17:34,model
UTR00007530,U001529,TAG04,0.8173,2025-07-01 19:20:26,rule
UTR00007531,U003015,TAG09,0.9439,2025-02-13 11:41:01,rule
UTR00007532,U000290,TAG12,0.6524,2026-06-09 00:09:02,manual
UTR00007533,U002049,TAG11,0.7633,2026-06-21 04:03:34,rule
UTR00007534,U001310,TAG13,0.5611,2026-03-16 14:07:31,rule
UTR00007535,U003637,TAG16,0.9465,2025-08-05 06:08:31,rule
UTR00007536,U003262,TAG14,0.7083,2025-12-05 11:17:19,model
UTR00007537,U004862,TAG16,0.8725,2025-08-15 00:07:05,model
UTR00007538,U002449,TAG06,0.6429,2025-05-23 21:06:51,model
UTR00007539,U003509,TAG09,0.7013,2025-07-12 04:18:19,rule
UTR00007540,U004667,TAG14,0.6538,2025-10-22 11:30:57,rule
UTR00007541,U002127,TAG09,0.732,2026-07-19 15:09:29,model
UTR00007542,U002057,TAG02,0.7317,2026-01-08 07:59:09,model
UTR00007543,U000909,TAG02,0.62,2025-03-13 14:57:36,rule
UTR00007544,U002806,TAG13,0.872,2026-01-17 03:37:16,rule
UTR00007545,U003102,TAG10,0.8569,2026-02-20 16:01:15,rule
UTR00007546,U002419,TAG02,0.8709,2025-11-04 02:57:45,rule
UTR00007547,U002580,TAG02,0.8312,2025-08-10 00:15:51,model
UTR00007548,U002261,TAG12,0.7127,2025-05-28 07:33:26,rule
UTR00007549,U000770,TAG09,0.684,2026-04-08 01:36:11,model
UTR00007550,U004301,TAG09,0.9282,2025-12-15 13:32:10,rule
UTR00007551,U002156,TAG16,0.748,2025-07-05 08:50:54,rule
UTR00007552,U002691,TAG04,0.5636,2025-07-30 13:27:36,rule
UTR00007553,U000283,TAG14,0.7898,2025-01-19 06:12:36,model
UTR00007554,U003317,TAG10,0.8017,2025-07-04 00:43:43,manual
UTR00007555,U003580,TAG09,0.8813,2025-09-05 10:12:09,rule
UTR00007556,U000141,TAG14,0.6836,2025-06-29 22:44:05,model
UTR00007557,U002434,TAG13,0.641,2025-10-30 18:20:41,model
UTR00007558,U004378,TAG06,0.8123,2026-04-18 01:07:35,rule
UTR00007559,U002576,TAG05,0.8388,2026-07-24 08:26:43,rule
UTR00007560,U000359,TAG10,0.8449,2026-03-26 19:07:00,rule
UTR00007561,U001834,TAG10,0.8749,2025-09-12 20:19:32,rule
UTR00007562,U004687,TAG16,0.8919,2025-10-16 14:17:38,rule
UTR00007563,U002622,TAG13,0.9107,2025-01-08 08:31:38,rule
UTR00007564,U002073,TAG13,0.6722,2025-01-02 18:34:30,rule
UTR00007565,U000173,TAG05,0.8053,2025-05-01 03:32:42,rule
UTR00007566,U002790,TAG01,0.5685,2025-06-27 04:52:12,rule
UTR00007567,U004554,TAG01,0.7078,2025-11-18 21:04:59,model
UTR00007568,U003131,TAG11,0.6186,2026-07-01 16:57:03,model
UTR00007569,U001249,TAG04,0.9744,2025-09-29 00:18:54,rule
UTR00007570,U002403,TAG05,0.6742,2026-04-17 05:25:44,rule
UTR00007571,U001870,TAG13,0.8548,2025-01-28 16:51:09,rule
UTR00007572,U000492,TAG16,0.7302,2025-04-30 18:21:32,model
UTR00007573,U003921,TAG13,0.9351,2026-05-05 22:36:58,rule
UTR00007574,U002085,TAG05,0.6458,2025-12-31 05:55:17,model
UTR00007575,U000282,TAG01,0.6919,2025-12-22 07:21:18,rule
UTR00007576,U000017,TAG01,0.9641,2025-12-02 21:21:04,rule
UTR00007577,U002451,TAG16,0.785,2026-01-31 12:47:32,model
UTR00007578,U004732,TAG05,0.8407,2026-04-15 09:26:10,model
UTR00007579,U003120,TAG01,0.7055,2025-11-26 08:52:04,rule
UTR00007580,U004760,TAG08,0.8148,2026-07-08 07:12:16,rule
UTR00007581,U000790,TAG11,0.8101,2025-02-12 10:05:37,model
UTR00007582,U004199,TAG04,0.6556,2026-07-09 18:00:57,model
UTR00007583,U004104,TAG12,0.6424,2026-04-07 04:49:56,model
UTR00007584,U003249,TAG09,0.9078,2025-10-13 10:44:18,rule
UTR00007585,U003973,TAG02,0.6086,2025-12-17 00:23:18,model
UTR00007586,U003956,TAG13,0.8042,2025-07-31 06:12:34,rule
UTR00007587,U003242,TAG12,0.6173,2025-07-14 13:34:39,rule
UTR00007588,U003782,TAG05,0.5898,2025-12-12 15:49:41,rule
UTR00007589,U002335,TAG13,0.5939,2026-04-17 13:01:40,rule
UTR00007590,U003686,TAG03,0.6806,2025-11-05 13:38:07,model
UTR00007591,U004100,TAG12,0.7286,2026-07-27 20:32:07,rule
UTR00007592,U004603,TAG05,0.9673,2025-10-17 20:50:37,rule
UTR00007593,U003141,TAG03,0.8075,2025-12-24 03:21:38,rule
UTR00007594,U001275,TAG16,0.6676,2026-03-18 22:15:59,model
UTR00007595,U002047,TAG16,0.7824,2025-10-26 16:56:15,rule
UTR00007596,U002698,TAG15,0.7332,2025-06-09 10:47:33,rule
UTR00007597,U004493,TAG07,0.8418,2025-08-25 14:54:32,rule
UTR00007598,U001097,TAG15,0.5542,2026-04-15 11:20:04,manual
UTR00007599,U003157,TAG01,0.8216,2025-03-16 22:05:17,rule
UTR00007600,U002219,TAG02,0.8956,2026-01-19 19:59:30,rule
UTR00007601,U003454,TAG05,0.6491,2025-04-28 19:38:37,model
UTR00007602,U000764,TAG02,0.6562,2026-02-07 02:35:14,rule
UTR00007603,U004675,TAG10,0.6637,2026-02-22 20:21:55,rule
UTR00007604,U000017,TAG14,0.8688,2025-04-07 19:27:59,rule
UTR00007605,U002043,TAG02,0.8319,2025-11-08 13:40:11,rule
UTR00007606,U003629,TAG09,0.7702,2026-01-02 21:17:20,rule
UTR00007607,U000989,TAG08,0.9496,2026-08-11 04:02:16,rule
UTR00007608,U004678,TAG02,0.7764,2026-05-27 04:42:37,manual
UTR00007609,U003170,TAG14,0.8376,2025-10-07 22:08:11,model
UTR00007610,U000373,TAG12,0.7135,2025-12-01 14:13:38,rule
UTR00007611,U001938,TAG09,0.936,2026-07-19 06:29:39,rule
UTR00007612,U004972,TAG05,0.8415,2025-07-11 11:47:48,model
UTR00007613,U000671,TAG12,0.6133,2025-05-06 01:08:13,rule
UTR00007614,U001238,TAG15,0.7819,2025-04-05 03:51:52,rule
UTR00007615,U004635,TAG11,0.7281,2025-12-25 19:02:48,rule
UTR00007616,U003064,TAG12,0.7808,2026-06-02 10:11:15,rule
UTR00007617,U004517,TAG06,0.8476,2026-01-14 01:15:53,model
UTR00007618,U001302,TAG10,0.9145,2025-10-07 00:43:21,rule
UTR00007619,U001242,TAG02,0.8103,2025-09-28 23:37:20,model
UTR00007620,U004056,TAG05,0.9066,2026-06-28 02:37:04,rule
UTR00007621,U001253,TAG14,0.7757,2026-06-11 20:04:54,model
UTR00007622,U002651,TAG03,0.9311,2025-06-15 22:47:40,model
UTR00007623,U004086,TAG04,0.7968,2025-07-24 08:18:26,rule
UTR00007624,U000450,TAG04,0.9081,2026-02-02 15:26:46,model
UTR00007625,U000978,TAG08,0.659,2025-10-27 05:21:40,rule
UTR00007626,U004597,TAG02,0.5839,2025-07-23 15:29:25,rule
UTR00007627,U000152,TAG05,0.7167,2025-06-06 06:42:53,model
UTR00007628,U003431,TAG05,0.7982,2025-12-20 00:16:28,rule
UTR00007629,U003714,TAG03,0.6387,2025-02-20 02:36:51,rule
UTR00007630,U004413,TAG04,0.6839,2026-05-21 06:26:56,rule
UTR00007631,U003831,TAG13,0.9302,2026-05-22 03:08:11,rule
UTR00007632,U004005,TAG12,0.8062,2025-05-18 10:58:49,model
UTR00007633,U003089,TAG08,0.5512,2025-08-12 02:47:45,model
UTR00007634,U004228,TAG07,0.6769,2025-12-02 18:58:28,model
UTR00007635,U001845,TAG03,0.8963,2025-04-10 17:41:09,model
UTR00007636,U001071,TAG13,0.936,2025-02-23 03:06:54,model
UTR00007637,U000366,TAG03,0.9377,2025-09-15 10:47:55,model
UTR00007638,U003814,TAG08,0.5908,2025-04-02 14:43:30,model
UTR00007639,U000739,TAG02,0.9266,2025-06-11 12:12:26,rule
UTR00007640,U004576,TAG05,0.682,2025-04-30 14:47:08,rule
UTR00007641,U000042,TAG15,0.7623,2025-07-16 07:06:55,rule
UTR00007642,U003412,TAG14,0.5951,2026-04-24 09:38:08,rule
UTR00007643,U001887,TAG15,0.8298,2025-04-15 10:41:38,model
UTR00007644,U004911,TAG03,0.7735,2025-02-19 04:04:18,rule
UTR00007645,U004865,TAG11,0.9667,2025-05-20 09:17:57,rule
UTR00007646,U001524,TAG03,0.9877,2026-04-21 00:50:39,model
UTR00007647,U003995,TAG06,0.8072,2026-06-30 22:25:26,rule
UTR00007648,U004013,TAG07,0.7592,2026-02-08 15:29:39,model
UTR00007649,U001822,TAG07,0.7903,2025-03-20 14:54:56,model
UTR00007650,U000775,TAG06,0.9731,2025-10-28 05:40:58,model
UTR00007651,U000611,TAG13,0.9076,2025-04-14 11:04:15,rule
UTR00007652,U004043,TAG12,0.6522,2026-07-01 01:33:23,rule
UTR00007653,U000709,TAG12,0.8867,2026-02-15 12:05:10,rule
UTR00007654,U000313,TAG06,0.6196,2025-04-19 14:38:35,model
UTR00007655,U003946,TAG01,0.9529,2025-05-23 17:26:00,rule
UTR00007656,U001211,TAG05,0.9764,2026-03-31 06:13:30,rule
UTR00007657,U003517,TAG16,0.7067,2026-03-03 18:07:38,model
UTR00007658,U000480,TAG13,0.8861,2026-04-30 06:23:00,rule
UTR00007659,U004409,TAG08,0.7414,2025-04-01 13:23:47,model
UTR00007660,U001836,TAG08,0.837,2025-01-07 04:55:49,rule
UTR00007661,U003278,TAG14,0.7813,2025-08-08 11:29:20,rule
UTR00007662,U000075,TAG14,0.7009,2026-05-05 21:19:24,rule
UTR00007663,U002271,TAG12,0.6422,2026-07-09 14:11:23,rule
UTR00007664,U000093,TAG14,0.8779,2026-07-30 22:32:41,model
UTR00007665,U000045,TAG01,0.85,2025-06-28 07:27:44,rule
UTR00007666,U001220,TAG04,0.6657,2025-09-18 20:36:14,model
UTR00007667,U002956,TAG02,0.9031,2025-12-09 18:52:06,model
UTR00007668,U000926,TAG10,0.75,2026-05-30 14:26:47,model
UTR00007669,U004655,TAG12,0.5935,2026-01-22 16:09:54,model
UTR00007670,U001602,TAG01,0.7335,2026-07-08 02:07:54,rule
UTR00007671,U004099,TAG05,0.9598,2026-06-19 12:31:59,rule
UTR00007672,U003460,TAG13,0.85,2025-10-29 17:35:36,model
UTR00007673,U004026,TAG13,0.6543,2026-05-30 14:26:51,rule
UTR00007674,U003343,TAG11,0.6638,2026-04-06 21:39:58,model
UTR00007675,U001805,TAG11,0.6521,2026-01-07 16:33:33,rule
UTR00007676,U003213,TAG05,0.6751,2025-09-20 21:20:49,model
UTR00007677,U002710,TAG02,0.6493,2025-03-02 11:29:58,rule
UTR00007678,U004605,TAG01,0.5908,2025-12-09 05:36:33,rule
UTR00007679,U004573,TAG14,0.6912,2025-10-28 16:35:12,rule
UTR00007680,U003266,TAG16,0.9533,2026-06-19 05:02:21,model
UTR00007681,U002498,TAG16,0.6703,2026-08-18 12:07:04,rule
UTR00007682,U003365,TAG09,0.9557,2025-06-27 02:37:05,model
UTR00007683,U004899,TAG11,0.9538,2026-05-27 23:18:28,rule
UTR00007684,U004940,TAG16,0.697,2026-02-08 22:05:52,manual
UTR00007685,U002613,TAG09,0.6534,2025-05-11 01:00:57,model
UTR00007686,U004286,TAG15,0.9405,2025-12-23 06:19:23,rule
UTR00007687,U002233,TAG09,0.7446,2025-11-05 08:55:06,model
UTR00007688,U000543,TAG11,0.9819,2026-01-21 04:58:42,rule
UTR00007689,U001238,TAG14,0.7223,2025-03-24 08:10:09,rule
UTR00007690,U004578,TAG13,0.9866,2025-10-10 12:40:07,rule
UTR00007691,U004929,TAG15,0.6054,2025-08-05 22:59:49,rule
UTR00007692,U000719,TAG15,0.6735,2025-03-02 15:16:16,manual
UTR00007693,U001767,TAG12,0.8029,2026-04-06 13:07:49,model
UTR00007694,U003887,TAG16,0.6582,2025-12-23 10:33:10,rule
UTR00007695,U004720,TAG06,0.8757,2026-05-02 21:43:10,model
UTR00007696,U004505,TAG05,0.6962,2025-10-13 04:43:51,rule
UTR00007697,U004563,TAG04,0.8286,2026-02-28 02:37:10,model
UTR00007698,U003787,TAG04,0.9351,2025-12-30 08:56:57,model
UTR00007699,U002517,TAG02,0.6698,2026-01-28 08:50:52,model
UTR00007700,U004045,TAG09,0.666,2026-07-03 01:31:39,rule
UTR00007701,U003664,TAG02,0.8523,2025-07-29 15:10:44,rule
UTR00007702,U004797,TAG12,0.7251,2025-05-20 13:13:43,rule
UTR00007703,U002277,TAG06,0.577,2025-05-19 07:31:48,rule
UTR00007704,U001446,TAG15,0.7899,2026-04-09 12:28:47,model
UTR00007705,U001504,TAG06,0.6362,2025-08-20 18:05:20,model
UTR00007706,U003656,TAG08,0.6702,2026-03-01 13:01:08,rule
UTR00007707,U003456,TAG03,0.6593,2025-12-13 08:31:24,model
UTR00007708,U001605,TAG14,0.8542,2025-04-22 15:06:42,rule
UTR00007709,U003582,TAG10,0.5952,2025-04-16 21:13:32,model
UTR00007710,U001302,TAG13,0.651,2026-04-17 04:09:16,rule
UTR00007711,U001647,TAG15,0.9233,2025-04-19 07:23:35,model
UTR00007712,U002341,TAG08,0.8257,2026-08-14 20:43:22,rule
UTR00007713,U003347,TAG03,0.9948,2025-07-02 14:35:46,rule
UTR00007714,U000345,TAG09,0.5588,2026-06-01 01:26:02,rule
UTR00007715,U000089,TAG04,0.9607,2026-02-27 16:38:45,rule
UTR00007716,U004203,TAG13,0.6965,2026-04-26 00:03:23,rule
UTR00007717,U004613,TAG15,0.9823,2026-05-18 05:20:49,model
UTR00007718,U003423,TAG10,0.7397,2025-11-22 12:18:20,rule
UTR00007719,U003165,TAG15,0.7391,2026-04-16 02:57:38,rule
UTR00007720,U000760,TAG05,0.5914,2026-05-10 04:40:58,rule
UTR00007721,U003539,TAG16,0.7406,2026-05-10 16:55:50,rule
UTR00007722,U000519,TAG14,0.6952,2026-06-12 18:32:13,model
UTR00007723,U002916,TAG05,0.628,2025-03-21 21:14:32,model
UTR00007724,U001986,TAG08,0.5543,2025-04-16 02:28:07,model
UTR00007725,U004053,TAG10,0.8011,2025-08-20 02:10:34,manual
UTR00007726,U002999,TAG05,0.9963,2026-06-01 08:52:59,model
UTR00007727,U002641,TAG16,0.7934,2025-03-26 05:22:53,model
UTR00007728,U000654,TAG13,0.7125,2025-11-02 17:56:09,rule
UTR00007729,U004167,TAG12,0.8857,2026-05-29 14:09:22,rule
UTR00007730,U002907,TAG16,0.9159,2025-01-12 15:44:38,model
UTR00007731,U001816,TAG13,0.8082,2026-07-22 18:29:24,model
UTR00007732,U004022,TAG01,0.6776,2025-08-23 11:56:17,rule
UTR00007733,U004790,TAG02,0.9652,2026-04-05 18:04:46,model
UTR00007734,U003598,TAG16,0.6457,2025-11-23 14:48:15,rule
UTR00007735,U000287,TAG08,0.7893,2026-03-02 00:00:37,rule
UTR00007736,U003917,TAG16,0.8358,2025-02-17 18:31:11,rule
UTR00007737,U004080,TAG02,0.6788,2026-07-20 20:50:28,rule
UTR00007738,U003826,TAG05,0.647,2025-01-28 20:52:12,rule
UTR00007739,U001908,TAG10,0.8695,2025-05-14 17:24:18,manual
UTR00007740,U002556,TAG11,0.6888,2025-02-06 11:02:30,model
UTR00007741,U002031,TAG04,0.6233,2025-04-19 18:18:44,model
UTR00007742,U001305,TAG14,0.8244,2026-07-25 03:41:57,model
UTR00007743,U001773,TAG02,0.5691,2025-10-08 15:14:27,rule
UTR00007744,U003532,TAG12,0.6387,2025-10-30 17:29:56,rule
UTR00007745,U004937,TAG12,0.5964,2026-01-27 10:32:47,model
UTR00007746,U002500,TAG02,0.9711,2026-05-22 08:02:25,rule
UTR00007747,U001907,TAG08,0.6334,2026-08-11 11:28:44,model
UTR00007748,U002249,TAG14,0.7948,2026-01-28 00:04:52,rule
UTR00007749,U001184,TAG15,0.875,2025-01-10 21:02:09,rule
UTR00007750,U000204,TAG12,0.664,2025-01-31 02:51:59,rule
UTR00007751,U002623,TAG13,0.9073,2025-07-13 08:29:59,model
UTR00007752,U002149,TAG06,0.7065,2025-10-24 11:46:01,rule
UTR00007753,U000980,TAG14,0.8073,2026-01-11 12:56:46,rule
UTR00007754,U001280,TAG03,0.6175,2025-01-22 20:42:19,rule
UTR00007755,U001334,TAG08,0.8082,2025-11-01 03:27:18,rule
UTR00007756,U000876,TAG09,0.5949,2026-03-26 16:01:05,rule
UTR00007757,U000869,TAG04,0.7776,2025-01-14 01:55:21,model
UTR00007758,U003885,TAG14,0.816,2026-01-05 23:51:46,model
UTR00007759,U003687,TAG09,0.9936,2026-05-27 18:38:28,rule
UTR00007760,U004759,TAG05,0.9199,2025-08-12 09:04:35,model
UTR00007761,U000103,TAG10,0.7097,2025-09-29 16:26:43,model
UTR00007762,U004911,TAG16,0.6774,2026-07-20 17:40:45,manual
UTR00007763,U001265,TAG01,0.9597,2025-09-19 18:04:43,rule
UTR00007764,U001825,TAG06,0.7411,2025-10-09 09:33:47,rule
UTR00007765,U000214,TAG12,0.8096,2025-01-07 19:31:21,rule
UTR00007766,U004791,TAG04,0.7528,2026-04-24 20:35:00,model
UTR00007767,U002816,TAG07,0.7077,2025-06-17 04:53:32,rule
UTR00007768,U001560,TAG14,0.684,2026-02-19 23:50:40,model
UTR00007769,U002237,TAG16,0.9841,2026-02-20 10:43:27,model
UTR00007770,U002954,TAG12,0.7212,2026-07-11 05:42:13,model
UTR00007771,U000110,TAG14,0.6371,2026-05-07 08:50:10,model
UTR00007772,U004562,TAG05,0.6717,2025-05-22 16:27:34,model
UTR00007773,U003848,TAG13,0.596,2025-04-23 09:10:43,model
UTR00007774,U003749,TAG16,0.7493,2025-01-28 15:49:46,rule
UTR00007775,U004015,TAG07,0.912,2025-05-24 08:23:51,rule
UTR00007776,U000609,TAG01,0.8835,2025-08-27 01:31:15,rule
UTR00007777,U001614,TAG14,0.7244,2026-04-16 15:40:40,model
UTR00007778,U000337,TAG04,0.5919,2025-07-12 08:10:07,rule
UTR00007779,U003306,TAG03,0.9741,2026-05-21 11:17:30,rule
UTR00007780,U000333,TAG06,0.595,2025-09-03 06:59:46,rule
UTR00007781,U001422,TAG01,0.7436,2025-02-08 23:56:15,rule
UTR00007782,U002521,TAG01,0.9879,2025-03-30 00:20:02,rule
UTR00007783,U001442,TAG03,0.6795,2025-03-20 03:37:32,rule
UTR00007784,U004635,TAG05,0.9825,2025-10-17 00:43:30,rule
UTR00007785,U001273,TAG02,0.6284,2026-08-07 20:33:27,rule
UTR00007786,U001004,TAG04,0.6947,2025-03-21 12:45:19,model
UTR00007787,U002310,TAG11,0.8271,2025-01-24 01:54:59,rule
UTR00007788,U001861,TAG09,0.7063,2025-05-05 17:17:04,rule
UTR00007789,U002711,TAG14,0.6007,2025-12-03 16:12:28,rule
UTR00007790,U001065,TAG02,0.6326,2025-09-26 18:24:22,rule
UTR00007791,U001040,TAG14,0.589,2025-10-20 15:50:39,model
UTR00007792,U000445,TAG11,0.8249,2025-06-23 21:14:36,rule
UTR00007793,U003734,TAG05,0.7567,2026-01-23 18:48:19,rule
UTR00007794,U004900,TAG05,0.8987,2026-05-02 03:56:05,rule
UTR00007795,U004656,TAG08,0.5554,2025-06-04 08:11:21,model
UTR00007796,U000147,TAG05,0.8805,2025-02-03 03:37:33,model
UTR00007797,U002427,TAG09,0.5718,2026-02-08 07:36:17,rule
UTR00007798,U000946,TAG01,0.8291,2025-04-26 15:03:22,rule
UTR00007799,U004910,TAG07,0.869,2025-04-21 02:16:42,rule
UTR00007800,U004808,TAG03,0.9275,2025-06-15 07:31:05,manual
UTR00007801,U001347,TAG14,0.662,2025-03-04 06:03:30,rule
UTR00007802,U003015,TAG09,0.8174,2025-06-25 05:43:07,model
UTR00007803,U000092,TAG10,0.8418,2025-07-22 09:57:05,rule
UTR00007804,U002804,TAG16,0.6397,2025-01-25 10:26:16,rule
UTR00007805,U000876,TAG15,0.9486,2025-09-19 20:19:43,rule
UTR00007806,U003060,TAG10,0.7639,2025-08-23 21:55:27,rule
UTR00007807,U003872,TAG04,0.8566,2026-02-15 12:59:40,rule
UTR00007808,U002859,TAG02,0.8793,2025-07-21 01:36:11,rule
UTR00007809,U000284,TAG16,0.7129,2026-02-19 14:11:09,rule
UTR00007810,U002323,TAG10,0.695,2025-04-12 12:57:28,rule
UTR00007811,U002544,TAG04,0.915,2025-08-18 10:33:34,model
UTR00007812,U004610,TAG04,0.6932,2026-05-14 22:44:03,model
UTR00007813,U003137,TAG05,0.9317,2025-01-30 15:03:46,model
UTR00007814,U002196,TAG06,0.5708,2025-12-16 11:51:21,rule
UTR00007815,U004648,TAG08,0.6609,2025-06-16 14:44:12,model
UTR00007816,U000110,TAG04,0.6959,2025-10-31 03:55:11,rule
UTR00007817,U000886,TAG03,0.8994,2025-02-04 22:01:40,model
UTR00007818,U001189,TAG05,0.9194,2026-04-11 02:04:39,rule
UTR00007819,U000883,TAG05,0.666,2025-05-13 05:45:15,model
UTR00007820,U002641,TAG04,0.5875,2025-11-20 16:03:33,model
UTR00007821,U001136,TAG16,0.9362,2025-05-28 03:37:25,rule
UTR00007822,U003570,TAG13,0.9187,2025-02-16 05:08:56,rule
UTR00007823,U000454,TAG15,0.7075,2025-03-19 20:32:11,rule
UTR00007824,U000010,TAG03,0.9117,2025-09-08 08:00:06,model
UTR00007825,U003405,TAG04,0.6953,2025-05-31 20:18:46,rule
UTR00007826,U004017,TAG02,0.6221,2026-03-15 22:28:23,rule
UTR00007827,U001841,TAG08,0.8768,2025-09-12 17:11:45,rule
UTR00007828,U002581,TAG13,0.7411,2025-11-21 06:40:16,model
UTR00007829,U002945,TAG07,0.6227,2025-05-16 18:56:29,rule
UTR00007830,U000866,TAG04,0.8443,2025-05-30 14:14:32,rule
UTR00007831,U001924,TAG03,0.6733,2026-02-27 02:42:39,rule
UTR00007832,U001550,TAG10,0.8144,2026-07-25 08:39:55,model
UTR00007833,U004560,TAG10,0.9244,2025-12-18 11:44:18,rule
UTR00007834,U003199,TAG13,0.9779,2026-03-06 11:59:51,rule
UTR00007835,U004867,TAG09,0.94,2025-12-06 15:24:14,rule
UTR00007836,U001287,TAG16,0.7184,2025-06-18 07:24:48,rule
UTR00007837,U002602,TAG14,0.6539,2025-03-23 09:44:43,model
UTR00007838,U001184,TAG11,0.6894,2025-07-09 02:57:45,model
UTR00007839,U001466,TAG15,0.9185,2025-06-07 07:55:15,rule
UTR00007840,U002992,TAG01,0.6852,2025-07-31 19:24:07,rule
UTR00007841,U003685,TAG13,0.9385,2026-08-17 15:05:27,model
UTR00007842,U003907,TAG03,0.8633,2025-02-25 06:28:30,model
UTR00007843,U000468,TAG14,0.725,2026-07-27 06:13:09,model
UTR00007844,U000990,TAG03,0.8288,2025-11-11 02:02:43,rule
UTR00007845,U001810,TAG05,0.6657,2025-10-21 13:33:30,model
UTR00007846,U002680,TAG14,0.7768,2025-11-17 07:49:34,model
UTR00007847,U004958,TAG07,0.8628,2025-04-21 16:42:05,model
UTR00007848,U004342,TAG08,0.7148,2025-04-10 20:00:56,manual
UTR00007849,U002770,TAG07,0.8114,2025-12-31 17:14:33,rule
UTR00007850,U003319,TAG13,0.608,2025-06-01 15:09:48,model
UTR00007851,U003767,TAG07,0.7735,2025-01-28 05:43:25,model
UTR00007852,U002261,TAG04,0.9512,2026-01-14 21:17:53,model
UTR00007853,U003060,TAG09,0.981,2026-05-12 02:23:21,rule
UTR00007854,U001773,TAG10,0.9997,2026-03-29 11:29:30,rule
UTR00007855,U004620,TAG14,0.808,2025-01-16 00:53:05,model
UTR00007856,U002089,TAG16,0.5514,2026-03-30 07:34:27,rule
UTR00007857,U001923,TAG15,0.8665,2026-03-07 10:58:46,rule
UTR00007858,U001167,TAG05,0.6531,2026-04-03 14:12:08,rule
UTR00007859,U003790,TAG07,0.7948,2025-03-25 12:42:25,rule
UTR00007860,U001515,TAG16,0.7929,2026-04-30 14:33:04,rule
UTR00007861,U001633,TAG14,0.5995,2026-01-24 20:17:06,model
UTR00007862,U003142,TAG15,0.8698,2025-10-04 19:28:09,model
UTR00007863,U002357,TAG13,0.859,2026-05-15 05:08:37,model
UTR00007864,U004617,TAG07,0.5743,2025-09-10 02:02:10,model
UTR00007865,U004091,TAG02,0.7744,2026-03-29 15:00:25,rule
UTR00007866,U000477,TAG13,0.8871,2025-12-25 05:07:40,model
UTR00007867,U001351,TAG09,0.9678,2026-03-21 01:15:36,model
UTR00007868,U001672,TAG03,0.6329,2026-07-24 08:08:33,rule
UTR00007869,U002560,TAG12,0.9678,2026-02-13 06:56:54,rule
UTR00007870,U001216,TAG05,0.9434,2025-12-11 16:42:48,rule
UTR00007871,U000640,TAG14,0.9989,2026-01-06 01:19:56,model
UTR00007872,U003347,TAG07,0.8371,2026-04-14 01:19:17,rule
UTR00007873,U001251,TAG16,0.5822,2026-03-21 11:39:07,rule
UTR00007874,U004903,TAG10,0.7814,2026-03-06 16:09:08,rule
UTR00007875,U002274,TAG15,0.5895,2025-09-11 06:44:32,rule
UTR00007876,U002748,TAG15,0.6695,2025-02-06 17:03:19,model
UTR00007877,U001296,TAG12,0.9154,2026-07-22 01:19:49,model
UTR00007878,U003494,TAG10,0.8463,2026-08-06 04:53:56,rule
UTR00007879,U000932,TAG11,0.8832,2026-02-23 20:26:33,rule
UTR00007880,U002460,TAG10,0.8421,2025-06-09 17:12:05,rule
UTR00007881,U003394,TAG15,0.5685,2025-05-20 17:05:42,model
UTR00007882,U002275,TAG12,0.636,2026-04-05 05:46:31,rule
UTR00007883,U003372,TAG02,0.5896,2025-12-06 04:41:31,rule
UTR00007884,U000980,TAG15,0.9618,2025-02-23 13:51:18,rule
UTR00007885,U004804,TAG12,0.7049,2026-05-24 13:41:46,rule
UTR00007886,U000631,TAG01,0.8491,2025-12-20 06:53:50,model
UTR00007887,U002664,TAG09,0.9676,2026-04-19 14:35:33,model
UTR00007888,U004545,TAG10,0.8217,2025-08-28 09:40:13,rule
UTR00007889,U003725,TAG05,0.5931,2026-06-10 00:36:19,model
UTR00007890,U004341,TAG11,0.704,2025-05-28 17:34:57,model
UTR00007891,U002131,TAG10,0.6699,2025-07-06 11:35:30,rule
UTR00007892,U003967,TAG09,0.7789,2026-02-14 00:08:27,rule
UTR00007893,U003243,TAG08,0.6555,2026-01-09 05:09:00,model
UTR00007894,U003261,TAG14,0.9328,2025-08-08 08:06:07,rule
UTR00007895,U004605,TAG06,0.5948,2026-04-02 03:46:30,model
UTR00007896,U002575,TAG01,0.6217,2025-09-03 19:42:53,rule
UTR00007897,U000613,TAG10,0.9394,2025-03-09 07:43:17,model
UTR00007898,U002762,TAG16,0.562,2025-01-01 16:05:36,model
UTR00007899,U002676,TAG03,0.6536,2026-05-16 06:07:08,rule
UTR00007900,U004823,TAG09,0.7991,2026-08-14 05:37:22,model
UTR00007901,U001253,TAG07,0.6486,2025-11-28 15:41:06,model
UTR00007902,U001578,TAG08,0.9532,2025-06-13 10:51:13,model
UTR00007903,U001040,TAG11,0.7488,2025-11-22 11:01:29,model
UTR00007904,U002098,TAG07,0.5526,2025-04-30 13:59:58,model
UTR00007905,U001678,TAG05,0.5534,2026-06-15 18:03:38,model
UTR00007906,U004006,TAG11,0.9077,2025-02-08 06:37:57,rule
UTR00007907,U001676,TAG09,0.8228,2026-04-05 10:15:32,model
UTR00007908,U002542,TAG08,0.6586,2025-05-30 02:01:05,rule
UTR00007909,U003877,TAG15,0.7398,2026-07-14 10:26:24,model
UTR00007910,U002280,TAG15,0.9211,2025-08-12 22:57:22,rule
UTR00007911,U004354,TAG14,0.9828,2025-02-27 22:20:17,rule
UTR00007912,U000209,TAG10,0.9254,2025-09-12 03:21:38,model
UTR00007913,U000274,TAG16,0.6644,2025-11-07 23:11:47,rule
UTR00007914,U000438,TAG09,0.9249,2025-07-12 07:28:47,model
UTR00007915,U003019,TAG03,0.6361,2025-08-04 09:14:04,rule
UTR00007916,U001917,TAG12,0.8925,2025-10-04 08:45:37,model
UTR00007917,U004185,TAG06,0.9463,2025-09-21 22:47:56,rule
UTR00007918,U003865,TAG10,0.6246,2026-05-31 08:52:59,rule
UTR00007919,U002534,TAG14,0.9116,2026-06-16 15:05:34,rule
UTR00007920,U000198,TAG12,0.77,2025-03-12 09:39:52,rule
UTR00007921,U001371,TAG01,0.6588,2025-05-20 23:02:43,rule
UTR00007922,U000159,TAG15,0.9229,2026-08-05 23:06:40,rule
UTR00007923,U000862,TAG16,0.7934,2025-03-12 14:49:49,model
UTR00007924,U002467,TAG09,0.6529,2025-11-30 01:57:08,rule
UTR00007925,U004487,TAG06,0.9433,2025-08-13 06:23:56,rule
UTR00007926,U000081,TAG14,0.635,2026-06-09 06:54:04,rule
UTR00007927,U003702,TAG08,0.6222,2025-12-29 08:12:45,rule
UTR00007928,U001128,TAG02,0.6268,2026-05-05 19:28:28,model
UTR00007929,U002935,TAG04,0.6354,2025-11-04 05:09:37,rule
UTR00007930,U003843,TAG10,0.5858,2025-01-25 21:00:45,model
UTR00007931,U000621,TAG03,0.9657,2025-02-27 21:24:43,rule
UTR00007932,U004978,TAG09,0.9961,2025-04-12 11:13:15,rule
UTR00007933,U001880,TAG02,0.8927,2026-03-06 14:33:23,rule
UTR00007934,U004562,TAG09,0.893,2026-04-15 14:56:24,rule
UTR00007935,U001266,TAG03,0.8881,2025-09-01 10:40:55,model
UTR00007936,U002095,TAG14,0.8871,2026-04-15 15:20:32,rule
UTR00007937,U004571,TAG09,0.6556,2025-06-10 14:56:38,model
UTR00007938,U004994,TAG09,0.655,2026-01-23 20:31:54,model
UTR00007939,U002398,TAG08,0.5719,2026-01-05 01:12:29,rule
UTR00007940,U004167,TAG04,0.855,2026-07-13 22:22:59,model
UTR00007941,U004398,TAG02,0.9078,2025-04-15 20:16:13,rule
UTR00007942,U003805,TAG15,0.6803,2025-12-25 00:45:21,model
UTR00007943,U004211,TAG15,0.9847,2025-05-25 13:35:14,rule
UTR00007944,U001106,TAG03,0.6003,2025-03-30 00:04:00,rule
UTR00007945,U002841,TAG15,0.8833,2025-03-05 02:15:01,rule
UTR00007946,U002843,TAG12,0.7552,2025-10-26 06:30:27,model
UTR00007947,U001671,TAG06,0.7805,2025-07-09 04:40:35,rule
UTR00007948,U003306,TAG14,0.775,2025-04-16 20:27:26,rule
UTR00007949,U004625,TAG13,0.8482,2025-02-25 15:31:01,manual
UTR00007950,U002625,TAG01,0.7774,2026-02-07 00:15:53,manual
UTR00007951,U004521,TAG03,0.8265,2026-05-15 21:04:02,model
UTR00007952,U004667,TAG04,0.7083,2026-03-12 12:21:33,model
UTR00007953,U004717,TAG03,0.8601,2026-08-14 11:19:22,model
UTR00007954,U003774,TAG05,0.7259,2025-06-11 20:00:15,rule
UTR00007955,U003524,TAG07,0.9315,2026-01-23 15:27:38,model
UTR00007956,U000226,TAG08,0.8485,2025-04-30 01:42:04,model
UTR00007957,U004355,TAG03,0.7264,2025-07-30 06:56:28,model
UTR00007958,U000320,TAG03,0.6526,2025-09-06 14:30:18,manual
UTR00007959,U004513,TAG08,0.8338,2026-02-13 01:11:32,rule
UTR00007960,U004888,TAG08,0.5968,2025-02-18 06:41:19,model
UTR00007961,U004126,TAG10,0.9684,2025-06-12 21:56:06,model
UTR00007962,U003764,TAG11,0.9042,2025-11-14 07:42:12,rule
UTR00007963,U001696,TAG14,0.9693,2025-12-28 04:32:38,rule
UTR00007964,U000631,TAG09,0.9457,2025-09-20 03:46:47,rule
UTR00007965,U004855,TAG09,0.6654,2025-09-10 17:47:07,rule
UTR00007966,U004061,TAG05,0.8992,2026-03-07 17:40:12,model
UTR00007967,U001098,TAG06,0.6987,2025-08-28 09:14:16,rule
UTR00007968,U002950,TAG08,0.7997,2025-11-22 12:40:54,rule
UTR00007969,U002840,TAG07,0.8157,2026-02-05 06:01:43,model
UTR00007970,U004408,TAG16,0.645,2026-06-29 11:34:17,rule
UTR00007971,U001809,TAG07,0.6397,2025-12-23 02:23:58,model
UTR00007972,U001510,TAG09,0.9661,2026-06-08 19:39:47,rule
UTR00007973,U003507,TAG09,0.8768,2026-02-17 16:06:06,model
UTR00007974,U002861,TAG02,0.7604,2025-09-21 02:41:15,rule
UTR00007975,U004205,TAG01,0.9169,2025-06-06 09:27:05,model
UTR00007976,U003186,TAG07,0.6212,2025-08-28 23:55:03,model
UTR00007977,U002967,TAG15,0.7993,2025-04-27 19:18:41,rule
UTR00007978,U003653,TAG15,0.5633,2026-04-22 05:00:28,rule
UTR00007979,U003802,TAG04,0.5706,2026-07-20 20:54:58,manual
UTR00007980,U000290,TAG13,0.8068,2025-05-04 10:24:30,rule
UTR00007981,U003862,TAG04,0.9332,2026-02-15 06:47:24,rule
UTR00007982,U002988,TAG03,0.9804,2026-04-13 22:02:52,rule
UTR00007983,U004690,TAG03,0.9199,2026-01-17 20:54:31,rule
UTR00007984,U000522,TAG02,0.9708,2025-10-20 18:35:21,model
UTR00007985,U003315,TAG08,0.5669,2026-05-30 17:15:49,model
UTR00007986,U001972,TAG06,0.8287,2026-08-12 22:49:02,rule
UTR00007987,U000523,TAG14,0.7284,2025-03-22 12:32:56,manual
UTR00007988,U000810,TAG11,0.7112,2025-10-19 07:57:28,rule
UTR00007989,U000175,TAG06,0.9492,2025-10-16 12:54:39,rule
UTR00007990,U004460,TAG11,0.7617,2026-03-13 23:28:09,rule
UTR00007991,U003222,TAG03,0.6343,2026-03-08 03:06:34,rule
UTR00007992,U003550,TAG04,0.7042,2026-01-06 17:45:41,rule
UTR00007993,U001153,TAG12,0.9041,2026-05-29 10:09:49,rule
UTR00007994,U000190,TAG04,0.7233,2025-06-12 12:24:17,model
UTR00007995,U004721,TAG05,0.8206,2026-05-10 15:56:25,rule
UTR00007996,U003132,TAG10,0.7006,2025-03-28 17:19:29,rule
UTR00007997,U003406,TAG09,0.982,2025-11-18 12:33:55,rule
UTR00007998,U002045,TAG03,0.7314,2025-07-27 13:45:45,model
UTR00007999,U001618,TAG04,0.7941,2026-05-04 12:46:09,rule
UTR00008000,U002879,TAG02,0.9639,2025-07-29 12:58:30,rule
