device_id,user_id,device_type,platform,app_version,last_active_at,trusted
D0000001,U001666,Android,星购App,6.0.0,2025-01-27 03:40:55,1
D0000002,U004917,Android,微信小程序,5.9.1,2025-05-05 11:53:47,1
D0000003,U002807,iOS,星购App,6.0.0,2026-08-19 15:04:42,1
D0000004,U004128,Windows,星购App,6.0.0,2025-09-25 09:45:44,1
D0000005,U004927,Android,星购App,5.9.1,2026-06-08 03:16:31,1
D0000006,U001867,Android,星购App,web,2025-09-21 19:55:12,1
D0000007,U003072,iOS,星购App,6.0.0,2025-11-15 04:38:56,1
D0000008,U000987,Android,微信小程序,6.0.0,2025-03-28 13:16:04,1
D0000009,U003473,Android,星购App,6.0.0,2026-08-04 00:18:27,1
D0000010,U002424,Android,星购App,5.8.0,2026-08-07 03:01:51,1
D0000011,U002919,iOS,星购App,5.9.1,2026-02-14 09:17:18,1
D0000012,U001147,Windows,星购App,6.0.0,2026-08-21 13:19:14,1
D0000013,U001005,Android,星购App,5.9.1,2025-11-24 15:25:37,1
D0000014,U003247,iOS,星购App,5.9.1,2026-01-21 08:50:52,1
D0000015,U003619,Android,星购App,5.9.1,2026-08-01 04:44:44,1
D0000016,U002775,Android,网页,5.9.1,2026-06-06 21:12:40,1
D0000017,U004051,Android,星购App,web,2026-03-01 01:56:44,1
D0000018,U000587,Windows,星购App,5.8.0,2026-08-11 03:15:26,1
D0000019,U002568,Windows,星购App,web,2025-01-15 04:06:03,1
D0000020,U000683,Android,星购App,web,2025-02-15 23:12:20,1
D0000021,U004160,iOS,星购App,6.0.0,2026-01-17 18:59:50,1
D0000022,U003629,Android,星购App,web,2025-01-02 15:40:37,1
D0000023,U004071,Android,星购App,5.9.1,2026-04-15 01:44:43,1
D0000024,U001653,iOS,星购App,5.9.1,2026-08-18 19:24:10,1
D0000025,U002949,Android,星购App,5.9.1,2025-08-22 04:13:48,1
D0000026,U002034,Windows,网页,5.8.0,2025-02-23 12:24:21,1
D0000027,U000699,iOS,星购App,6.0.0,2025-07-29 18:43:08,1
D0000028,U001152,iOS,星购App,6.0.0,2025-07-29 00:48:55,1
D0000029,U000581,Android,网页,5.8.0,2026-08-09 21:48:01,1
D0000030,U002354,Android,星购App,5.8.0,2025-01-20 09:47:50,1
D0000031,U003322,iOS,星购App,6.0.0,2026-05-04 12:46:35,1
D0000032,U001655,Windows,星购App,5.8.0,2026-06-13 06:24:02,1
D0000033,U002463,iOS,微信小程序,6.0.0,2025-03-18 07:15:05,1
D0000034,U001672,Windows,星购App,6.0.0,2025-02-18 09:01:28,1
D0000035,U002701,Android,星购App,5.8.0,2025-09-18 16:25:45,1
D0000036,U000300,iOS,星购App,5.9.1,2025-02-19 21:34:05,1
D0000037,U004498,Windows,星购App,web,2026-08-02 19:23:46,1
D0000038,U003961,macOS,星购App,6.0.0,2026-04-21 19:16:21,1
D0000039,U004482,Android,网页,6.0.0,2025-01-13 18:40:37,1
D0000040,U000293,iOS,星购App,5.8.0,2026-03-08 20:07:16,1
D0000041,U000830,Android,星购App,5.8.0,2026-05-14 06:02:32,1
D0000042,U004126,macOS,星购App,6.0.0,2025-02-23 22:46:40,1
D0000043,U000980,Android,星购App,6.0.0,2026-03-19 18:24:46,1
D0000044,U003049,iOS,星购App,5.9.1,2025-02-15 07:05:23,1
D0000045,U004934,Android,微信小程序,6.0.0,2025-09-06 16:50:12,1
D0000046,U002032,Android,星购App,5.8.0,2025-09-21 23:06:44,1
D0000047,U002113,Android,星购App,6.0.0,2025-09-07 01:33:39,1
D0000048,U004204,iOS,网页,5.8.0,2026-01-08 06:25:22,1
D0000049,U001775,Android,星购App,6.0.0,2025-11-22 19:00:29,1
D0000050,U000173,macOS,星购App,web,2025-11-15 17:37:09,1
D0000051,U003950,Android,微信小程序,6.0.0,2025-02-01 22:15:57,1
D0000052,U000383,Android,星购App,5.9.1,2025-04-27 21:45:53,1
D0000053,U001962,Android,星购App,5.9.1,2025-05-23 19:01:14,1
D0000054,U002000,Windows,星购App,5.8.0,2026-08-20 02:59:00,1
D0000055,U002375,iOS,星购App,5.9.1,2026-07-31 11:16:45,1
D0000056,U004670,Android,星购App,5.9.1,2026-05-29 16:01:34,1
D0000057,U004877,iOS,星购App,web,2025-01-18 10:10:15,1
D0000058,U001341,Android,星购App,5.8.0,2025-04-22 22:52:41,1
D0000059,U000833,Android,网页,6.0.0,2025-05-25 12:49:49,1
D0000060,U003343,Android,星购App,5.8.0,2026-07-10 17:11:46,1
D0000061,U002116,Windows,星购App,5.9.1,2025-10-07 03:18:02,1
D0000062,U001715,Android,网页,6.0.0,2026-01-07 17:43:31,1
D0000063,U000913,Android,网页,6.0.0,2026-02-08 17:35:34,1
D0000064,U003782,Android,星购App,5.8.0,2026-02-21 08:58:42,1
D0000065,U000869,Windows,网页,6.0.0,2025-09-23 05:08:21,1
D0000066,U002937,iOS,星购App,6.0.0,2025-02-11 10:45:31,1
D0000067,U000257,Android,星购App,6.0.0,2026-05-21 18:19:24,1
D0000068,U004536,Windows,星购App,5.8.0,2025-02-10 06:52:05,1
D0000069,U000362,iOS,微信小程序,5.8.0,2025-01-03 01:54:54,1
D0000070,U004951,iOS,星购App,5.8.0,2025-09-02 11:49:31,1
D0000071,U002583,Android,星购App,6.0.0,2025-08-17 10:51:26,1
D0000072,U004256,iOS,星购App,5.9.1,2026-01-12 23:31:42,1
D0000073,U001816,iOS,网页,5.9.1,2026-07-26 01:59:51,1
D0000074,U002804,Android,星购App,5.8.0,2025-05-24 06:01:31,1
D0000075,U000880,Android,星购App,5.9.1,2025-03-18 15:00:51,1
D0000076,U004451,Android,星购App,5.9.1,2025-07-24 08:31:53,1
D0000077,U004146,Windows,网页,6.0.0,2025-10-25 08:47:06,1
D0000078,U001061,iOS,星购App,6.0.0,2025-05-15 22:53:44,1
D0000079,U002282,Windows,网页,6.0.0,2025-08-17 03:58:46,1
D0000080,U003329,Android,星购App,web,2026-05-19 21:54:54,1
D0000081,U000955,Android,微信小程序,5.9.1,2025-06-08 16:26:15,1
D0000082,U001185,Android,星购App,5.9.1,2025-11-27 20:49:20,1
D0000083,U003803,Windows,星购App,5.8.0,2025-04-07 11:35:30,1
D0000084,U002944,Android,微信小程序,6.0.0,2026-08-19 05:04:10,1
D0000085,U001067,Windows,星购App,5.8.0,2025-04-03 00:30:17,1
D0000086,U003788,iOS,微信小程序,6.0.0,2025-03-01 01:26:41,1
D0000087,U001922,iOS,星购App,web,2025-11-25 07:43:20,1
D0000088,U003337,iOS,微信小程序,5.8.0,2026-07-30 11:54:12,1
D0000089,U000612,Android,星购App,5.9.1,2025-09-01 13:35:15,1
D0000090,U003312,iOS,网页,6.0.0,2025-04-21 22:26:06,1
D0000091,U003663,Windows,微信小程序,5.8.0,2025-11-27 00:52:36,1
D0000092,U002662,Android,星购App,5.9.1,2025-11-09 04:25:25,1
D0000093,U002478,Windows,星购App,web,2025-06-09 06:49:14,1
D0000094,U003301,iOS,星购App,5.9.1,2026-06-27 17:46:04,1
D0000095,U002276,Android,星购App,6.0.0,2025-02-16 23:01:49,1
D0000096,U003139,Windows,微信小程序,6.0.0,2025-10-04 21:29:05,1
D0000097,U001925,iOS,星购App,5.8.0,2025-07-12 01:38:29,1
D0000098,U000095,iOS,星购App,web,2026-01-16 19:30:41,1
D0000099,U002909,Android,微信小程序,6.0.0,2025-07-23 05:23:57,1
D0000100,U004636,Android,网页,web,2025-01-07 06:13:59,1
D0000101,U001117,Android,微信小程序,5.9.1,2025-03-23 20:24:36,1
D0000102,U004396,Android,星购App,web,2026-06-08 03:34:10,1
D0000103,U002300,Android,星购App,6.0.0,2026-05-07 08:24:08,1
D0000104,U000862,iOS,星购App,6.0.0,2026-05-10 20:17:58,1
D0000105,U001869,Android,星购App,5.9.1,2025-04-26 07:57:58,1
D0000106,U003706,Android,星购App,5.9.1,2025-06-16 10:48:23,1
D0000107,U000012,iOS,星购App,5.9.1,2026-03-03 22:59:07,1
D0000108,U003588,Windows,微信小程序,5.8.0,2025-12-21 19:50:05,1
D0000109,U003892,Android,星购App,6.0.0,2025-01-29 08:03:25,1
D0000110,U000851,iOS,微信小程序,6.0.0,2025-04-09 19:05:28,1
D0000111,U001570,Android,网页,5.8.0,2026-07-20 21:27:09,1
D0000112,U002906,Android,网页,5.9.1,2025-06-10 15:33:01,1
D0000113,U001778,iOS,星购App,6.0.0,2025-08-22 09:24:26,1
D0000114,U000467,iOS,星购App,web,2026-03-08 20:13:09,1
D0000115,U004963,iOS,星购App,5.8.0,2026-06-07 19:46:32,1
D0000116,U002741,Android,星购App,5.9.1,2026-01-23 21:29:24,1
D0000117,U001102,Android,星购App,5.9.1,2025-02-14 18:51:39,1
D0000118,U001854,iOS,微信小程序,6.0.0,2025-12-19 04:59:39,1
D0000119,U002190,Android,微信小程序,6.0.0,2026-01-19 02:42:25,1
D0000120,U004292,Android,星购App,6.0.0,2026-06-04 07:32:51,1
D0000121,U002641,Windows,星购App,6.0.0,2025-08-27 18:13:48,1
D0000122,U001843,iOS,网页,5.9.1,2026-01-17 05:16:28,1
D0000123,U003577,iOS,微信小程序,5.8.0,2025-06-25 12:02:49,1
D0000124,U002099,iOS,微信小程序,6.0.0,2025-06-23 17:37:46,1
D0000125,U001347,Windows,网页,5.9.1,2025-08-31 10:12:00,1
D0000126,U003377,iOS,星购App,web,2026-03-30 06:52:52,1
D0000127,U000236,Android,星购App,6.0.0,2025-07-12 13:18:28,1
D0000128,U000367,iOS,星购App,6.0.0,2026-05-14 15:29:23,1
D0000129,U002930,Android,星购App,5.8.0,2025-06-16 16:03:25,1
D0000130,U002146,Android,网页,5.9.1,2025-01-12 18:51:38,1
D0000131,U000692,iOS,微信小程序,6.0.0,2026-04-07 08:30:05,1
D0000132,U004507,iOS,星购App,5.8.0,2025-11-15 10:43:07,1
D0000133,U003457,Android,星购App,5.8.0,2025-10-06 13:26:55,1
D0000134,U000049,Android,星购App,6.0.0,2025-07-17 06:04:30,1
D0000135,U003080,iOS,微信小程序,5.9.1,2025-09-24 05:56:56,1
D0000136,U001308,Android,星购App,6.0.0,2025-08-19 02:38:14,1
D0000137,U004071,Android,微信小程序,5.9.1,2025-11-02 13:28:42,1
D0000138,U001436,Windows,网页,5.8.0,2025-05-03 08:53:28,1
D0000139,U003504,Windows,微信小程序,5.9.1,2025-09-13 12:55:08,1
D0000140,U004424,macOS,星购App,5.8.0,2025-01-21 22:44:20,1
D0000141,U004964,macOS,星购App,5.8.0,2025-11-10 01:46:53,1
D0000142,U000769,Windows,微信小程序,5.9.1,2026-03-17 14:39:16,1
D0000143,U002419,Windows,网页,6.0.0,2025-01-20 21:05:59,1
D0000144,U004281,iOS,星购App,5.8.0,2026-02-19 10:41:03,1
D0000145,U001465,Android,星购App,web,2025-07-05 08:07:24,1
D0000146,U003433,Android,星购App,5.9.1,2025-12-20 03:53:06,1
D0000147,U001590,Android,星购App,web,2026-05-17 16:17:32,1
D0000148,U001614,Android,网页,web,2025-05-10 00:56:22,1
D0000149,U003019,Android,星购App,6.0.0,2025-02-25 14:43:25,1
D0000150,U004048,Windows,星购App,5.9.1,2026-02-02 18:33:12,1
D0000151,U002113,iOS,星购App,6.0.0,2026-01-14 22:41:53,1
D0000152,U000328,Android,星购App,6.0.0,2025-07-27 12:10:11,1
D0000153,U000504,iOS,星购App,5.8.0,2025-02-07 22:23:26,1
D0000154,U004506,iOS,微信小程序,5.9.1,2025-02-18 21:58:47,1
D0000155,U004585,iOS,星购App,5.8.0,2026-07-18 18:17:36,1
D0000156,U004849,iOS,微信小程序,6.0.0,2025-01-10 10:19:05,1
D0000157,U001422,Android,微信小程序,5.9.1,2025-10-31 23:56:40,1
D0000158,U002724,Android,微信小程序,5.8.0,2025-04-26 04:41:05,1
D0000159,U004013,iOS,微信小程序,6.0.0,2025-03-21 19:39:43,1
D0000160,U002989,iOS,微信小程序,5.9.1,2026-02-24 21:29:42,1
D0000161,U004694,Android,星购App,web,2025-08-15 05:50:18,1
D0000162,U000456,iOS,星购App,6.0.0,2025-11-06 03:39:27,1
D0000163,U002807,Android,星购App,5.9.1,2025-05-06 23:02:19,1
D0000164,U004647,Windows,星购App,5.9.1,2026-04-06 10:27:37,1
D0000165,U001299,iOS,星购App,web,2026-05-13 05:45:54,1
D0000166,U001036,iOS,星购App,6.0.0,2025-06-16 02:39:49,1
D0000167,U002236,Windows,星购App,5.8.0,2025-01-06 10:46:22,1
D0000168,U001796,Windows,微信小程序,5.8.0,2026-03-05 17:10:29,1
D0000169,U003539,Android,星购App,5.8.0,2025-01-31 20:26:59,1
D0000170,U000408,iOS,微信小程序,5.8.0,2025-03-03 22:40:42,1
D0000171,U004575,Android,微信小程序,6.0.0,2026-07-12 04:02:49,1
D0000172,U000130,Android,网页,5.9.1,2025-07-06 16:20:09,1
D0000173,U000484,Android,星购App,5.9.1,2026-02-16 03:55:32,1
D0000174,U003142,iOS,星购App,5.9.1,2026-02-07 22:53:43,1
D0000175,U001108,Android,星购App,5.8.0,2025-03-05 19:51:25,1
D0000176,U001260,Android,星购App,5.9.1,2025-04-27 22:25:10,1
D0000177,U002379,Windows,微信小程序,5.9.1,2026-04-13 07:12:06,1
D0000178,U001968,Android,微信小程序,5.9.1,2026-05-22 07:13:42,1
D0000179,U004756,Android,星购App,web,2025-11-07 01:35:35,1
D0000180,U002932,Android,微信小程序,web,2025-07-12 11:44:27,1
D0000181,U003066,Windows,网页,web,2026-07-17 23:27:45,1
D0000182,U001495,iOS,星购App,5.8.0,2025-09-30 00:46:22,1
D0000183,U001666,Windows,网页,5.9.1,2025-03-22 07:13:44,1
D0000184,U002828,Android,星购App,5.8.0,2026-01-09 06:29:54,1
D0000185,U002388,Android,微信小程序,6.0.0,2025-11-19 14:00:38,1
D0000186,U002132,Android,星购App,5.9.1,2025-10-31 22:57:56,1
D0000187,U001452,iOS,星购App,6.0.0,2025-08-12 02:34:23,1
D0000188,U000407,Android,星购App,5.9.1,2026-07-08 04:17:53,1
D0000189,U002788,Windows,微信小程序,6.0.0,2025-01-11 03:21:06,1
D0000190,U000737,Android,网页,5.9.1,2025-12-26 00:51:17,1
D0000191,U003904,Android,微信小程序,5.8.0,2025-06-19 04:01:00,1
D0000192,U002508,iOS,星购App,5.8.0,2025-06-11 18:51:41,1
D0000193,U002297,macOS,星购App,6.0.0,2025-05-30 23:29:36,1
D0000194,U004925,iOS,星购App,5.9.1,2026-03-29 08:54:24,1
D0000195,U000657,iOS,星购App,5.8.0,2026-05-02 09:40:48,1
D0000196,U002826,iOS,微信小程序,6.0.0,2025-07-28 01:07:54,1
D0000197,U000286,iOS,星购App,web,2025-09-14 17:54:43,1
D0000198,U003297,Windows,网页,6.0.0,2025-08-05 14:44:00,1
D0000199,U004490,Android,微信小程序,5.9.1,2025-09-25 01:34:37,1
D0000200,U002240,Android,星购App,5.8.0,2025-06-07 10:08:02,1
D0000201,U004460,Android,网页,5.9.1,2026-07-21 12:32:44,1
D0000202,U001641,Android,星购App,5.9.1,2025-03-09 20:44:12,1
D0000203,U001377,Android,微信小程序,5.8.0,2026-08-02 03:12:49,1
D0000204,U004667,Windows,星购App,6.0.0,2025-10-09 03:42:09,1
D0000205,U001817,Windows,微信小程序,5.9.1,2025-03-17 19:39:51,1
D0000206,U001738,iOS,网页,5.9.1,2026-07-04 01:49:00,1
D0000207,U000156,Android,微信小程序,6.0.0,2026-05-13 13:29:36,1
D0000208,U002756,Android,网页,5.9.1,2025-12-31 21:34:48,1
D0000209,U000983,macOS,星购App,5.8.0,2025-02-22 11:37:28,1
D0000210,U001552,iOS,星购App,5.9.1,2026-01-25 05:24:17,1
D0000211,U000126,Windows,星购App,5.8.0,2025-04-05 07:39:12,1
D0000212,U001542,Android,星购App,5.9.1,2026-02-13 12:10:04,1
D0000213,U001003,iOS,微信小程序,5.9.1,2026-02-06 11:48:39,1
D0000214,U003281,Android,星购App,5.8.0,2025-07-08 21:19:56,1
D0000215,U003084,Windows,微信小程序,5.9.1,2026-06-02 11:03:12,1
D0000216,U001587,Android,微信小程序,5.8.0,2026-01-15 05:23:16,1
D0000217,U004132,Android,网页,6.0.0,2025-07-10 19:48:38,1
D0000218,U000286,Windows,网页,6.0.0,2025-11-30 05:18:48,1
D0000219,U003209,iOS,星购App,5.9.1,2026-08-13 21:43:16,1
D0000220,U003339,Android,网页,5.8.0,2025-12-27 02:20:44,1
D0000221,U001883,iOS,网页,5.9.1,2026-05-15 22:25:16,1
D0000222,U000020,macOS,微信小程序,web,2026-03-01 03:06:23,1
D0000223,U004140,Android,网页,6.0.0,2025-07-27 23:12:03,1
D0000224,U003222,Android,星购App,5.9.1,2025-08-19 03:49:29,1
D0000225,U000225,Android,网页,5.9.1,2025-06-10 19:36:47,1
D0000226,U002942,Windows,星购App,5.9.1,2025-05-11 11:00:28,1
D0000227,U000869,iOS,星购App,6.0.0,2026-04-02 05:31:46,1
D0000228,U003715,Android,微信小程序,6.0.0,2025-07-08 13:17:53,1
D0000229,U002693,iOS,星购App,5.9.1,2025-03-30 15:56:42,1
D0000230,U004171,iOS,星购App,6.0.0,2025-05-21 03:58:22,1
D0000231,U004141,Windows,星购App,6.0.0,2025-08-20 16:25:21,1
D0000232,U001183,macOS,星购App,web,2026-08-08 07:27:59,1
D0000233,U003485,iOS,网页,5.9.1,2026-05-20 12:14:18,1
D0000234,U004812,Windows,微信小程序,5.8.0,2026-04-25 10:19:23,1
D0000235,U002122,Android,星购App,6.0.0,2025-09-16 03:02:21,1
D0000236,U004203,Windows,星购App,5.8.0,2025-10-03 00:44:26,1
D0000237,U001134,Windows,星购App,5.9.1,2026-02-09 23:22:32,1
D0000238,U003705,iOS,星购App,5.8.0,2026-08-17 21:58:24,1
D0000239,U000078,Android,网页,6.0.0,2025-04-14 22:08:11,1
D0000240,U001768,Android,微信小程序,5.9.1,2026-02-04 01:28:58,1
D0000241,U001169,iOS,星购App,5.8.0,2025-06-06 06:04:32,1
D0000242,U004552,iOS,微信小程序,5.9.1,2026-06-01 00:11:35,1
D0000243,U003686,Android,微信小程序,6.0.0,2026-04-15 08:20:42,1
D0000244,U001658,Android,星购App,6.0.0,2025-02-20 21:45:55,1
D0000245,U003795,iOS,网页,web,2025-04-24 21:05:31,1
D0000246,U003447,macOS,星购App,5.9.1,2026-06-06 21:27:45,1
D0000247,U002826,Android,星购App,web,2025-04-17 22:43:56,1
D0000248,U001809,Android,星购App,5.8.0,2026-04-08 04:00:58,1
D0000249,U004840,Android,星购App,6.0.0,2025-05-03 16:14:01,1
D0000250,U002027,macOS,网页,5.9.1,2026-03-12 07:21:52,1
D0000251,U004592,iOS,星购App,6.0.0,2025-02-24 20:43:17,1
D0000252,U000967,Android,微信小程序,5.9.1,2025-06-21 22:44:17,1
D0000253,U002193,iOS,网页,5.9.1,2025-01-17 09:38:39,1
D0000254,U003138,macOS,网页,6.0.0,2025-03-28 20:41:12,1
D0000255,U000216,iOS,星购App,5.8.0,2025-02-02 14:30:16,1
D0000256,U003884,iOS,星购App,5.8.0,2025-08-13 15:35:35,1
D0000257,U000567,Android,星购App,6.0.0,2025-03-28 02:37:20,1
D0000258,U004421,Windows,星购App,5.8.0,2026-08-02 13:09:47,1
D0000259,U000244,Android,星购App,5.9.1,2025-06-15 05:49:41,1
D0000260,U001163,Android,网页,6.0.0,2025-07-23 23:42:45,1
D0000261,U002542,iOS,星购App,5.9.1,2026-07-27 20:26:15,1
D0000262,U000165,iOS,星购App,6.0.0,2026-07-04 18:43:30,1
D0000263,U001620,iOS,网页,web,2025-07-02 12:23:54,1
D0000264,U002199,Android,星购App,5.8.0,2026-02-03 10:48:41,1
D0000265,U003535,Windows,星购App,web,2026-04-06 07:10:42,1
D0000266,U001755,Android,星购App,5.9.1,2026-06-30 17:12:52,1
D0000267,U003799,Android,网页,6.0.0,2026-02-22 04:51:30,1
D0000268,U001379,Windows,星购App,5.9.1,2025-06-19 17:22:13,1
D0000269,U001684,Android,星购App,5.9.1,2026-04-20 07:35:38,1
D0000270,U004144,Android,网页,6.0.0,2025-01-24 04:16:00,1
D0000271,U002229,Windows,星购App,web,2025-03-16 10:24:09,1
D0000272,U002500,Android,星购App,5.9.1,2025-06-02 12:56:01,1
D0000273,U002243,Android,微信小程序,5.9.1,2025-07-20 10:12:42,1
D0000274,U003520,Android,微信小程序,5.9.1,2026-04-08 10:45:26,1
D0000275,U000471,Windows,星购App,5.9.1,2025-02-26 00:32:45,1
D0000276,U001094,iOS,星购App,5.9.1,2026-07-11 22:48:16,1
D0000277,U002631,Android,星购App,5.9.1,2026-01-01 12:55:21,1
D0000278,U002682,iOS,网页,6.0.0,2026-07-10 11:21:14,1
D0000279,U001298,iOS,星购App,5.8.0,2026-02-14 23:38:36,1
D0000280,U001083,Android,微信小程序,6.0.0,2025-12-25 09:27:57,1
D0000281,U000817,Android,网页,6.0.0,2025-08-14 20:53:17,1
D0000282,U001384,Android,微信小程序,5.8.0,2026-01-17 13:18:19,1
D0000283,U001761,iOS,星购App,5.8.0,2026-04-10 02:21:04,1
D0000284,U001950,Android,微信小程序,5.9.1,2025-01-03 20:36:41,1
D0000285,U000500,Android,星购App,5.8.0,2025-06-18 09:26:50,1
D0000286,U003278,Android,微信小程序,web,2025-07-12 16:33:56,1
D0000287,U004165,Android,微信小程序,5.8.0,2025-09-24 10:04:10,1
D0000288,U004360,iOS,星购App,6.0.0,2025-09-17 17:27:30,1
D0000289,U000940,Android,微信小程序,5.8.0,2026-03-13 02:40:40,1
D0000290,U001372,iOS,网页,6.0.0,2025-12-06 11:42:22,1
D0000291,U000227,iOS,星购App,6.0.0,2025-07-29 11:53:21,1
D0000292,U001270,Android,星购App,5.9.1,2026-08-08 16:59:25,1
D0000293,U004744,iOS,微信小程序,5.9.1,2025-02-28 00:53:31,1
D0000294,U003430,Android,网页,6.0.0,2025-12-26 08:28:07,1
D0000295,U000906,iOS,星购App,5.8.0,2025-09-14 14:42:18,1
D0000296,U000797,iOS,微信小程序,web,2026-02-25 16:16:17,1
D0000297,U000660,iOS,星购App,5.8.0,2026-07-06 14:03:58,1
D0000298,U001056,iOS,星购App,web,2026-06-28 00:34:55,1
D0000299,U001315,Android,星购App,6.0.0,2025-08-02 06:51:55,1
D0000300,U002891,macOS,微信小程序,6.0.0,2025-10-30 05:49:17,1
D0000301,U001554,Android,星购App,5.8.0,2025-09-25 02:16:04,1
D0000302,U004942,Android,星购App,5.8.0,2026-03-16 10:27:34,1
D0000303,U002251,iOS,微信小程序,5.9.1,2026-01-28 17:35:34,1
D0000304,U000513,Android,网页,web,2025-01-17 08:38:23,1
D0000305,U002889,Windows,星购App,web,2026-08-11 15:47:45,1
D0000306,U001332,iOS,星购App,5.8.0,2025-06-16 23:26:22,1
D0000307,U002616,iOS,星购App,5.8.0,2026-02-10 06:05:05,1
D0000308,U003470,Android,网页,5.8.0,2025-01-17 20:57:52,1
D0000309,U002915,Android,星购App,6.0.0,2025-03-07 21:27:47,1
D0000310,U004053,iOS,网页,5.8.0,2025-09-05 05:56:37,1
D0000311,U004711,iOS,网页,6.0.0,2025-02-03 10:45:00,1
D0000312,U000430,iOS,星购App,6.0.0,2025-03-12 05:43:31,1
D0000313,U004084,iOS,微信小程序,6.0.0,2026-07-05 14:21:52,1
D0000314,U004240,iOS,星购App,5.9.1,2025-08-01 23:53:46,1
D0000315,U002274,Android,星购App,5.9.1,2026-01-12 09:02:13,1
D0000316,U004086,Android,星购App,5.8.0,2025-06-14 18:17:15,1
D0000317,U002943,iOS,网页,5.8.0,2025-12-15 04:37:57,1
D0000318,U004727,Windows,星购App,6.0.0,2025-01-22 07:09:14,1
D0000319,U000255,iOS,网页,5.9.1,2025-07-12 11:23:31,1
D0000320,U004788,Android,网页,6.0.0,2025-08-26 08:57:09,1
D0000321,U001262,iOS,星购App,5.9.1,2025-07-05 23:44:18,1
D0000322,U003175,Android,星购App,web,2025-05-10 08:33:29,1
D0000323,U002568,Android,网页,5.8.0,2025-01-24 02:28:05,1
D0000324,U003458,Windows,微信小程序,5.9.1,2025-07-29 07:11:16,1
D0000325,U001422,Android,微信小程序,5.9.1,2026-05-04 02:17:12,1
D0000326,U000067,Windows,星购App,5.9.1,2025-11-21 16:22:30,1
D0000327,U004973,iOS,星购App,5.9.1,2026-01-16 21:31:59,1
D0000328,U000352,Android,星购App,web,2025-08-05 17:12:37,1
D0000329,U000133,iOS,星购App,5.9.1,2026-02-17 02:50:05,1
D0000330,U004596,Android,星购App,5.9.1,2025-08-23 19:50:44,1
D0000331,U004138,Android,星购App,6.0.0,2026-04-05 01:36:06,1
D0000332,U001127,Android,星购App,5.8.0,2025-07-14 18:44:56,1
D0000333,U002067,iOS,网页,web,2025-05-16 00:17:30,1
D0000334,U002739,iOS,星购App,5.9.1,2026-06-30 19:01:29,1
D0000335,U000754,iOS,星购App,6.0.0,2026-06-23 02:48:46,1
D0000336,U003586,Android,微信小程序,5.8.0,2026-04-24 03:46:58,1
D0000337,U004033,iOS,微信小程序,6.0.0,2025-11-18 02:59:00,1
D0000338,U002978,Android,星购App,6.0.0,2026-01-30 06:22:31,1
D0000339,U003332,Android,星购App,6.0.0,2025-08-04 04:31:38,1
D0000340,U002702,Android,星购App,5.9.1,2025-08-04 00:28:21,1
D0000341,U003668,Android,网页,6.0.0,2026-04-25 14:20:54,1
D0000342,U004978,iOS,星购App,5.8.0,2026-04-02 22:59:51,1
D0000343,U003710,iOS,网页,6.0.0,2025-10-24 17:36:01,1
D0000344,U000636,iOS,星购App,5.8.0,2025-08-12 17:13:20,1
D0000345,U003010,Android,星购App,5.9.1,2025-10-15 08:40:45,1
D0000346,U003058,iOS,星购App,5.9.1,2025-12-31 14:17:10,1
D0000347,U002942,iOS,网页,5.9.1,2026-04-15 18:35:27,1
D0000348,U001905,iOS,星购App,6.0.0,2025-04-24 09:23:46,1
D0000349,U000164,macOS,星购App,6.0.0,2026-08-21 21:09:54,1
D0000350,U001295,iOS,星购App,5.8.0,2025-04-06 13:03:18,1
D0000351,U003135,iOS,星购App,web,2026-01-30 02:07:30,1
D0000352,U003625,iOS,星购App,5.9.1,2026-06-10 11:58:13,1
D0000353,U002049,iOS,星购App,5.9.1,2025-08-05 20:56:09,1
D0000354,U002465,iOS,网页,6.0.0,2025-09-23 12:30:52,1
D0000355,U002505,Android,微信小程序,5.9.1,2025-12-16 02:22:24,1
D0000356,U003722,Android,微信小程序,5.8.0,2025-12-03 12:58:02,1
D0000357,U004802,Windows,星购App,6.0.0,2025-04-29 06:14:33,1
D0000358,U003220,Android,网页,5.9.1,2026-02-11 01:06:18,1
D0000359,U000371,iOS,星购App,web,2026-03-07 12:59:39,1
D0000360,U004153,iOS,星购App,5.8.0,2025-07-02 01:10:57,1
D0000361,U004081,macOS,星购App,5.8.0,2026-01-15 07:13:26,1
D0000362,U004113,Android,星购App,5.9.1,2025-12-23 04:58:58,1
D0000363,U002840,iOS,星购App,5.9.1,2025-04-04 02:23:55,1
D0000364,U001880,iOS,星购App,5.9.1,2025-03-04 11:48:42,1
D0000365,U001529,Windows,星购App,5.9.1,2025-12-31 19:38:30,1
D0000366,U004329,Android,星购App,6.0.0,2025-01-10 17:50:01,1
D0000367,U001256,iOS,星购App,5.9.1,2025-03-07 07:54:08,1
D0000368,U002353,iOS,星购App,5.9.1,2025-07-23 05:59:22,1
D0000369,U002369,iOS,星购App,5.9.1,2025-07-01 17:18:39,1
D0000370,U001314,iOS,微信小程序,6.0.0,2025-03-14 11:35:25,1
D0000371,U002239,iOS,网页,5.9.1,2026-08-19 19:44:11,1
D0000372,U002037,Windows,星购App,5.9.1,2026-01-14 19:41:57,1
D0000373,U004582,Android,星购App,web,2025-08-23 04:23:37,1
D0000374,U002203,Android,星购App,6.0.0,2025-03-05 23:05:25,1
D0000375,U002603,Android,星购App,5.8.0,2025-08-10 18:35:28,1
D0000376,U004342,Android,星购App,5.8.0,2026-01-03 22:18:25,1
D0000377,U000362,iOS,星购App,5.8.0,2026-07-11 23:52:32,1
D0000378,U004407,iOS,网页,5.8.0,2025-02-17 05:02:40,1
D0000379,U001570,Android,星购App,web,2025-06-23 07:25:30,1
D0000380,U003980,iOS,星购App,5.9.1,2026-07-29 07:32:05,1
D0000381,U000217,Android,星购App,5.9.1,2026-03-04 13:37:33,1
D0000382,U000879,Android,网页,6.0.0,2026-01-28 11:37:11,1
D0000383,U004657,Android,星购App,6.0.0,2026-07-10 10:32:09,1
D0000384,U001779,Android,星购App,6.0.0,2025-03-12 05:14:47,1
D0000385,U002165,Android,星购App,5.8.0,2025-10-08 23:33:26,1
D0000386,U000543,Android,星购App,6.0.0,2025-03-26 06:43:21,1
D0000387,U002890,Windows,星购App,6.0.0,2025-02-22 05:30:20,1
D0000388,U003038,Windows,星购App,5.9.1,2025-06-25 00:22:36,1
D0000389,U002586,Android,微信小程序,6.0.0,2025-01-08 02:33:39,1
D0000390,U003414,iOS,星购App,5.8.0,2026-08-06 22:54:16,1
D0000391,U000884,iOS,星购App,5.9.1,2025-07-18 02:12:47,1
D0000392,U001006,Android,星购App,web,2025-02-27 05:14:14,1
D0000393,U004681,Android,星购App,6.0.0,2025-10-02 14:34:55,1
D0000394,U000568,iOS,星购App,5.8.0,2026-08-01 07:04:30,1
D0000395,U001495,Android,星购App,5.9.1,2026-05-21 17:26:49,1
D0000396,U000912,Android,星购App,6.0.0,2025-02-28 23:55:05,1
D0000397,U000048,Android,网页,5.8.0,2025-12-07 18:16:54,1
D0000398,U002987,iOS,微信小程序,6.0.0,2026-06-14 05:47:52,1
D0000399,U000286,Android,星购App,5.8.0,2025-12-06 03:50:31,1
D0000400,U002832,iOS,微信小程序,5.9.1,2025-10-06 12:42:13,1
D0000401,U001515,Android,星购App,5.9.1,2025-09-11 01:24:52,1
D0000402,U003461,iOS,星购App,5.9.1,2025-08-12 23:32:29,1
D0000403,U000383,Windows,星购App,6.0.0,2026-06-05 05:11:11,1
D0000404,U004206,Android,星购App,5.8.0,2025-02-07 07:11:42,1
D0000405,U004370,iOS,星购App,5.8.0,2026-02-19 12:20:38,1
D0000406,U001991,iOS,星购App,5.9.1,2026-01-08 20:43:55,1
D0000407,U000324,iOS,星购App,5.9.1,2025-09-01 13:07:26,1
D0000408,U001837,Windows,星购App,5.8.0,2025-01-13 23:04:24,1
D0000409,U000122,iOS,网页,6.0.0,2026-06-10 11:23:20,1
D0000410,U000288,Android,微信小程序,web,2025-03-25 09:56:21,1
D0000411,U000365,iOS,星购App,5.9.1,2026-07-15 22:59:39,1
D0000412,U001230,Android,星购App,5.9.1,2025-08-22 01:19:40,1
D0000413,U003427,Android,网页,web,2026-08-05 04:17:18,1
D0000414,U000367,Android,星购App,6.0.0,2025-04-09 22:14:55,1
D0000415,U004445,Android,星购App,6.0.0,2026-02-17 14:45:11,1
D0000416,U002764,Android,微信小程序,6.0.0,2025-05-30 02:38:49,1
D0000417,U003122,Android,星购App,5.9.1,2025-10-23 22:16:34,1
D0000418,U004851,Android,星购App,5.8.0,2025-10-11 14:28:59,1
D0000419,U003714,iOS,网页,web,2025-10-22 20:37:54,1
D0000420,U002028,iOS,网页,6.0.0,2025-12-05 16:20:36,1
D0000421,U003171,Android,星购App,web,2026-07-26 08:37:09,1
D0000422,U004727,iOS,微信小程序,5.8.0,2025-02-07 02:32:43,1
D0000423,U001682,macOS,星购App,web,2026-06-30 12:12:08,1
D0000424,U002983,Android,星购App,6.0.0,2025-07-18 20:04:35,1
D0000425,U000740,Android,星购App,5.8.0,2025-05-20 22:58:27,1
D0000426,U002862,Android,星购App,6.0.0,2025-02-25 03:22:57,1
D0000427,U004352,iOS,星购App,6.0.0,2025-07-27 00:16:31,1
D0000428,U003309,iOS,星购App,web,2025-03-03 19:34:14,1
D0000429,U001502,Android,微信小程序,5.9.1,2026-05-02 08:45:19,1
D0000430,U003697,iOS,星购App,5.8.0,2025-05-31 20:55:32,1
D0000431,U003828,Android,星购App,web,2025-10-12 18:02:26,1
D0000432,U003533,Android,微信小程序,5.9.1,2025-07-24 15:04:39,1
D0000433,U002627,Android,微信小程序,5.8.0,2025-04-08 23:49:32,1
D0000434,U002571,Android,星购App,6.0.0,2025-08-13 18:22:54,1
D0000435,U003313,iOS,星购App,5.8.0,2026-06-25 03:21:46,1
D0000436,U000111,Android,星购App,5.8.0,2025-02-28 21:58:16,1
D0000437,U003741,iOS,星购App,5.8.0,2026-06-17 21:45:22,1
D0000438,U000454,iOS,网页,5.9.1,2026-02-01 04:56:33,1
D0000439,U001393,iOS,星购App,6.0.0,2025-05-23 16:04:58,1
D0000440,U004769,iOS,星购App,5.9.1,2025-07-29 05:49:55,1
D0000441,U000565,iOS,微信小程序,5.8.0,2026-04-10 11:19:55,1
D0000442,U003651,macOS,微信小程序,5.8.0,2025-01-10 03:46:26,1
D0000443,U001482,Android,网页,5.8.0,2026-02-25 19:26:58,1
D0000444,U003183,Android,网页,5.8.0,2025-07-14 11:31:30,1
D0000445,U004615,iOS,星购App,6.0.0,2025-11-05 20:52:51,1
D0000446,U004942,Android,星购App,5.9.1,2026-02-27 20:37:53,1
D0000447,U003156,iOS,星购App,6.0.0,2025-12-20 21:53:25,1
D0000448,U002669,Windows,微信小程序,6.0.0,2025-05-05 12:53:05,1
D0000449,U001455,Android,微信小程序,5.9.1,2025-01-30 14:32:36,1
D0000450,U002265,iOS,星购App,6.0.0,2025-12-19 05:29:50,1
D0000451,U004318,Android,网页,6.0.0,2025-12-08 14:47:06,1
D0000452,U003739,Windows,星购App,6.0.0,2025-06-26 19:59:12,1
D0000453,U004674,Android,星购App,6.0.0,2025-06-23 05:29:41,1
D0000454,U003652,Windows,星购App,web,2025-06-23 21:30:48,1
D0000455,U004132,Android,星购App,5.8.0,2025-04-11 17:38:11,1
D0000456,U002673,iOS,微信小程序,5.9.1,2025-03-17 16:32:18,1
D0000457,U004973,iOS,星购App,5.8.0,2026-05-26 08:21:03,1
D0000458,U002353,Android,网页,6.0.0,2026-08-13 09:53:38,1
D0000459,U001608,Android,微信小程序,5.8.0,2025-07-30 07:38:22,1
D0000460,U001819,Android,星购App,6.0.0,2026-06-03 03:49:37,1
D0000461,U003934,Android,网页,6.0.0,2026-06-08 00:52:45,1
D0000462,U003204,Android,星购App,5.8.0,2026-04-04 17:14:44,1
D0000463,U000191,Android,星购App,6.0.0,2025-10-25 11:21:50,1
D0000464,U002066,Android,微信小程序,6.0.0,2025-02-17 23:05:43,1
D0000465,U000691,iOS,微信小程序,5.8.0,2025-10-23 19:17:55,1
D0000466,U004584,iOS,星购App,5.8.0,2025-12-29 00:58:54,1
D0000467,U003641,iOS,星购App,web,2025-03-16 00:57:00,1
D0000468,U003666,Android,星购App,5.8.0,2025-12-10 10:31:06,1
D0000469,U001057,Android,网页,6.0.0,2025-09-23 07:02:12,1
D0000470,U001024,iOS,星购App,5.9.1,2025-12-14 08:34:32,1
D0000471,U004446,Android,星购App,5.8.0,2025-04-12 21:02:45,1
D0000472,U003780,Windows,星购App,6.0.0,2025-06-27 09:28:06,1
D0000473,U003311,iOS,微信小程序,5.9.1,2025-09-12 23:53:48,1
D0000474,U002680,Windows,星购App,6.0.0,2025-06-13 06:11:12,1
D0000475,U004161,Android,微信小程序,5.9.1,2025-08-16 22:01:44,1
D0000476,U002485,Android,星购App,6.0.0,2026-08-06 09:25:47,1
D0000477,U000114,Android,星购App,5.9.1,2025-12-10 18:43:52,1
D0000478,U003873,iOS,微信小程序,6.0.0,2026-01-07 03:17:33,1
D0000479,U003623,iOS,星购App,5.8.0,2026-06-01 06:00:03,1
D0000480,U001246,iOS,微信小程序,web,2026-03-26 18:30:15,1
D0000481,U002757,Android,微信小程序,5.8.0,2025-02-25 18:47:22,1
D0000482,U003512,iOS,星购App,5.8.0,2025-08-16 06:04:37,1
D0000483,U003686,Android,星购App,web,2025-07-29 21:54:28,1
D0000484,U000909,iOS,星购App,6.0.0,2026-01-05 11:15:34,1
D0000485,U000968,iOS,网页,6.0.0,2026-01-16 23:02:29,1
D0000486,U004537,iOS,星购App,5.9.1,2025-10-15 14:11:24,1
D0000487,U004594,Android,星购App,5.8.0,2025-02-28 19:36:02,1
D0000488,U002244,Android,星购App,web,2026-05-23 12:47:32,1
D0000489,U000835,Android,网页,5.9.1,2025-05-12 20:33:21,1
D0000490,U002552,Android,星购App,6.0.0,2026-06-01 02:20:05,1
D0000491,U004615,Windows,星购App,6.0.0,2025-11-16 21:21:23,1
D0000492,U000496,Android,微信小程序,5.8.0,2025-05-08 23:05:09,1
D0000493,U001130,Android,星购App,5.9.1,2025-06-08 04:47:10,1
D0000494,U002038,Android,微信小程序,5.8.0,2026-01-25 11:41:46,1
D0000495,U001161,Android,星购App,6.0.0,2025-10-01 15:07:58,1
D0000496,U000500,iOS,星购App,6.0.0,2025-09-30 20:11:49,1
D0000497,U003474,iOS,微信小程序,5.8.0,2025-04-20 07:56:08,1
D0000498,U003406,iOS,网页,5.8.0,2025-08-11 03:06:39,1
D0000499,U001700,Windows,星购App,6.0.0,2025-02-21 01:23:47,1
D0000500,U003403,Android,微信小程序,5.9.1,2025-12-22 18:39:56,1
D0000501,U000601,Windows,微信小程序,5.8.0,2026-03-01 10:17:36,1
D0000502,U003908,Android,星购App,5.8.0,2025-07-04 00:37:20,1
D0000503,U000616,Android,微信小程序,5.9.1,2025-06-11 23:00:30,1
D0000504,U000041,iOS,网页,6.0.0,2025-10-04 00:36:57,1
D0000505,U000887,iOS,星购App,5.9.1,2026-01-10 13:33:57,1
D0000506,U001506,Android,网页,5.9.1,2026-08-07 04:56:22,1
D0000507,U003241,iOS,网页,5.8.0,2025-12-06 14:40:43,1
D0000508,U003039,Windows,星购App,5.8.0,2025-06-21 23:16:37,1
D0000509,U000857,iOS,网页,web,2025-09-17 08:30:51,1
D0000510,U004089,iOS,星购App,5.8.0,2025-09-19 09:24:25,1
D0000511,U000017,Android,星购App,5.8.0,2025-08-05 22:30:15,1
D0000512,U002358,Android,星购App,6.0.0,2025-03-09 08:48:36,1
D0000513,U001017,Windows,网页,5.9.1,2026-07-25 17:36:20,1
D0000514,U000396,iOS,星购App,6.0.0,2025-02-05 11:36:51,1
D0000515,U003272,iOS,星购App,5.8.0,2025-07-06 06:40:34,1
D0000516,U000403,Android,微信小程序,5.9.1,2025-07-28 01:49:00,1
D0000517,U004077,Android,网页,6.0.0,2026-06-09 13:07:06,1
D0000518,U000891,Android,网页,6.0.0,2025-07-29 14:07:14,1
D0000519,U001627,iOS,微信小程序,5.9.1,2026-03-17 16:09:54,1
D0000520,U000729,iOS,星购App,6.0.0,2025-07-23 14:22:05,1
D0000521,U003977,iOS,星购App,5.8.0,2025-09-01 14:05:06,1
D0000522,U001895,iOS,星购App,6.0.0,2026-03-20 20:30:28,1
D0000523,U002057,Android,星购App,6.0.0,2025-12-23 10:42:57,1
D0000524,U004404,Android,星购App,5.9.1,2026-04-23 02:53:18,1
D0000525,U002417,iOS,网页,6.0.0,2025-09-02 21:43:39,1
D0000526,U000891,Android,星购App,5.9.1,2026-05-09 09:11:21,1
D0000527,U004125,iOS,微信小程序,5.8.0,2026-02-23 10:14:54,1
D0000528,U000425,Android,星购App,5.9.1,2025-03-10 10:54:30,1
D0000529,U001427,iOS,网页,web,2026-01-14 08:06:52,1
D0000530,U000062,Windows,星购App,6.0.0,2025-05-14 20:55:02,1
D0000531,U000359,Windows,网页,6.0.0,2025-05-10 05:46:17,1
D0000532,U000862,Android,网页,5.8.0,2025-03-03 04:07:23,1
D0000533,U004488,macOS,星购App,5.8.0,2025-01-05 09:47:32,1
D0000534,U001929,Android,星购App,web,2025-06-30 05:31:56,1
D0000535,U004154,iOS,星购App,5.9.1,2026-03-19 17:49:41,1
D0000536,U000778,iOS,星购App,web,2025-04-19 14:38:22,1
D0000537,U001789,Android,星购App,5.9.1,2025-09-19 22:42:31,1
D0000538,U002348,iOS,星购App,6.0.0,2026-08-03 19:57:35,1
D0000539,U004432,Android,网页,5.9.1,2025-12-02 10:26:20,1
D0000540,U000830,Windows,星购App,6.0.0,2025-10-13 11:52:18,1
D0000541,U003988,iOS,微信小程序,6.0.0,2025-05-22 07:31:32,1
D0000542,U000932,Android,微信小程序,5.9.1,2025-08-11 18:29:52,1
D0000543,U003887,Android,星购App,5.9.1,2025-09-30 15:37:44,1
D0000544,U002855,Android,网页,5.9.1,2025-02-20 10:03:24,1
D0000545,U000598,Windows,星购App,5.9.1,2026-07-04 08:12:21,1
D0000546,U002746,Android,网页,5.8.0,2026-07-30 19:50:29,1
D0000547,U002738,iOS,星购App,6.0.0,2025-10-06 18:24:17,1
D0000548,U003921,Android,网页,6.0.0,2025-11-01 03:12:46,1
D0000549,U003018,Windows,星购App,5.8.0,2025-06-11 23:08:33,1
D0000550,U001419,Windows,微信小程序,5.8.0,2025-03-28 23:04:23,1
D0000551,U001125,Windows,星购App,5.9.1,2026-06-02 03:56:35,1
D0000552,U004288,Android,微信小程序,5.9.1,2025-09-13 00:13:31,1
D0000553,U000197,Android,微信小程序,6.0.0,2026-01-13 05:40:56,1
D0000554,U003923,iOS,网页,6.0.0,2025-09-14 14:29:46,1
D0000555,U002995,iOS,网页,5.9.1,2025-06-22 16:38:53,1
D0000556,U002693,Windows,微信小程序,6.0.0,2026-02-17 15:46:01,1
D0000557,U001920,iOS,星购App,5.9.1,2026-02-25 08:26:46,1
D0000558,U004455,Android,星购App,web,2025-04-01 23:02:55,1
D0000559,U003060,macOS,星购App,5.9.1,2026-04-29 23:59:22,1
D0000560,U004234,Android,微信小程序,web,2025-11-26 16:54:04,1
D0000561,U002967,Android,网页,web,2025-09-19 04:13:51,1
D0000562,U001067,iOS,星购App,6.0.0,2025-04-14 10:34:18,1
D0000563,U002602,iOS,微信小程序,5.8.0,2026-06-13 17:57:20,1
D0000564,U002515,Android,星购App,5.8.0,2025-12-17 17:18:17,1
D0000565,U003277,Windows,星购App,5.8.0,2026-08-10 10:50:05,1
D0000566,U003491,iOS,微信小程序,5.9.1,2025-09-14 17:39:47,1
D0000567,U001518,iOS,微信小程序,5.9.1,2025-07-07 11:15:52,1
D0000568,U002103,Android,星购App,5.9.1,2025-03-15 18:15:44,1
D0000569,U004454,iOS,网页,6.0.0,2025-09-25 05:05:24,1
D0000570,U003320,iOS,网页,5.9.1,2026-07-13 03:00:20,1
D0000571,U001499,iOS,微信小程序,6.0.0,2026-07-05 15:18:10,1
D0000572,U004585,iOS,微信小程序,5.8.0,2026-07-03 03:02:30,1
D0000573,U001844,iOS,星购App,5.9.1,2025-05-06 13:12:48,1
D0000574,U002138,Windows,星购App,5.9.1,2026-06-07 01:43:58,1
D0000575,U003760,Android,星购App,6.0.0,2026-03-26 11:17:02,1
D0000576,U003079,Android,微信小程序,5.8.0,2026-05-26 16:20:03,1
D0000577,U000965,iOS,星购App,6.0.0,2026-07-31 04:02:28,1
D0000578,U003824,iOS,星购App,6.0.0,2025-08-16 20:34:59,1
D0000579,U002671,Android,星购App,6.0.0,2025-09-27 05:12:00,1
D0000580,U001388,Android,网页,6.0.0,2026-08-09 01:05:12,1
D0000581,U004744,Android,微信小程序,5.8.0,2026-02-08 03:59:45,1
D0000582,U000404,Android,星购App,6.0.0,2026-02-04 03:32:23,1
D0000583,U002915,Android,微信小程序,5.9.1,2025-09-26 19:14:16,1
D0000584,U003436,Windows,星购App,5.9.1,2026-04-05 21:37:09,1
D0000585,U004531,Android,星购App,5.8.0,2025-11-13 14:02:55,1
D0000586,U003468,iOS,微信小程序,6.0.0,2026-02-24 15:23:59,1
D0000587,U000083,Android,网页,5.8.0,2025-08-14 12:48:44,1
D0000588,U003871,Android,微信小程序,5.8.0,2026-01-17 05:16:36,1
D0000589,U001478,macOS,星购App,6.0.0,2025-01-22 11:10:23,1
D0000590,U001737,Windows,星购App,6.0.0,2025-02-19 01:43:47,1
D0000591,U001984,iOS,微信小程序,6.0.0,2025-03-26 06:47:03,1
D0000592,U003226,iOS,星购App,6.0.0,2025-09-06 01:36:50,1
D0000593,U000652,Windows,微信小程序,6.0.0,2025-03-09 03:17:27,1
D0000594,U003445,Windows,星购App,web,2025-03-07 01:17:20,1
D0000595,U002791,Android,星购App,web,2025-04-20 01:36:34,1
D0000596,U003954,iOS,星购App,5.8.0,2026-06-01 10:23:47,1
D0000597,U000267,iOS,星购App,5.8.0,2025-06-10 21:46:46,1
D0000598,U001730,Android,星购App,5.8.0,2025-08-12 19:59:11,1
D0000599,U003581,iOS,网页,web,2025-01-10 01:35:11,1
D0000600,U000959,macOS,星购App,web,2025-07-11 17:45:00,1
D0000601,U003459,Android,星购App,5.9.1,2025-01-26 00:24:44,1
D0000602,U001566,iOS,星购App,6.0.0,2026-01-28 09:07:22,1
D0000603,U003659,Android,星购App,5.9.1,2026-01-13 06:02:42,1
D0000604,U004644,Android,网页,6.0.0,2025-11-14 02:46:47,1
D0000605,U003369,Android,星购App,5.8.0,2026-03-12 08:25:55,1
D0000606,U003693,iOS,微信小程序,5.8.0,2025-06-01 21:33:03,1
D0000607,U002900,Android,星购App,5.8.0,2025-09-30 00:53:25,1
D0000608,U001870,Windows,星购App,5.9.1,2025-09-20 19:40:08,1
D0000609,U003033,Android,网页,6.0.0,2026-01-26 14:14:18,1
D0000610,U004175,Android,星购App,6.0.0,2025-06-25 18:08:42,1
D0000611,U004832,Windows,星购App,6.0.0,2026-02-10 16:22:47,1
D0000612,U003426,iOS,星购App,6.0.0,2025-04-09 16:03:54,1
D0000613,U004305,Android,星购App,5.8.0,2025-06-07 23:36:53,1
D0000614,U003485,Android,星购App,5.8.0,2025-01-18 02:04:38,1
D0000615,U004955,Windows,微信小程序,5.8.0,2025-12-05 11:54:51,1
D0000616,U004837,macOS,网页,6.0.0,2026-06-12 13:41:01,1
D0000617,U002781,Android,网页,5.8.0,2026-08-10 22:42:20,1
D0000618,U001540,Android,星购App,web,2025-05-24 04:14:31,1
D0000619,U000191,iOS,星购App,web,2026-07-14 23:53:43,1
D0000620,U002558,iOS,星购App,5.8.0,2025-09-04 13:00:14,1
D0000621,U004774,iOS,星购App,5.9.1,2025-09-18 09:39:45,1
D0000622,U004615,Windows,星购App,5.8.0,2025-11-25 19:09:12,1
D0000623,U004682,Windows,星购App,5.8.0,2025-09-13 20:25:42,1
D0000624,U002274,Android,微信小程序,6.0.0,2025-05-23 09:03:23,1
D0000625,U003130,Android,星购App,5.9.1,2026-01-11 07:29:32,1
D0000626,U003869,Android,星购App,6.0.0,2025-03-24 19:56:24,1
D0000627,U001605,iOS,星购App,5.8.0,2025-02-07 10:33:56,1
D0000628,U003031,Android,微信小程序,web,2025-05-18 07:05:03,1
D0000629,U001085,Windows,星购App,6.0.0,2025-07-11 09:10:04,1
D0000630,U000036,Windows,微信小程序,5.9.1,2025-07-21 01:46:18,1
D0000631,U004918,Windows,星购App,5.8.0,2025-12-29 18:58:31,1
D0000632,U004078,iOS,微信小程序,5.9.1,2025-05-06 07:31:02,1
D0000633,U001041,Android,微信小程序,5.8.0,2026-04-08 09:18:35,1
D0000634,U004430,Android,星购App,5.9.1,2026-03-31 12:33:11,1
D0000635,U002219,Android,微信小程序,5.8.0,2025-07-17 00:02:15,1
D0000636,U003559,Android,星购App,5.9.1,2026-07-29 08:29:04,1
D0000637,U004121,Android,星购App,6.0.0,2025-06-11 15:59:58,1
D0000638,U001306,Android,星购App,6.0.0,2025-05-14 21:16:48,1
D0000639,U003597,Android,星购App,5.9.1,2025-05-11 21:36:04,1
D0000640,U002878,Windows,星购App,6.0.0,2026-06-02 22:21:28,1
D0000641,U000642,iOS,网页,5.9.1,2026-02-15 05:34:30,1
D0000642,U001366,iOS,星购App,6.0.0,2025-02-19 05:17:35,1
D0000643,U003285,iOS,星购App,5.8.0,2026-07-10 00:36:40,1
D0000644,U001913,Android,星购App,6.0.0,2025-06-16 08:58:46,1
D0000645,U003468,Android,微信小程序,5.8.0,2026-02-25 02:20:08,1
D0000646,U000791,Android,网页,6.0.0,2025-01-06 07:37:08,1
D0000647,U002644,Android,星购App,6.0.0,2025-06-05 18:31:07,1
D0000648,U003093,iOS,星购App,5.8.0,2025-12-14 14:24:13,1
D0000649,U000836,Android,网页,6.0.0,2025-11-07 15:59:24,1
D0000650,U003275,Windows,星购App,5.8.0,2025-01-17 10:46:07,1
D0000651,U002723,Android,星购App,5.9.1,2026-02-09 15:38:22,1
D0000652,U004490,iOS,星购App,5.9.1,2025-01-20 15:03:35,1
D0000653,U004285,Android,星购App,5.9.1,2026-08-14 22:17:04,1
D0000654,U001849,iOS,星购App,5.9.1,2025-04-11 08:51:53,1
D0000655,U002700,Android,网页,5.9.1,2026-08-21 16:12:52,1
D0000656,U004665,Android,微信小程序,6.0.0,2025-02-10 06:52:49,1
D0000657,U003591,iOS,网页,5.9.1,2026-06-07 06:35:39,1
D0000658,U003826,Android,星购App,6.0.0,2025-10-17 10:10:48,1
D0000659,U004573,iOS,网页,6.0.0,2025-05-26 18:16:29,1
D0000660,U004191,iOS,星购App,5.9.1,2025-06-26 20:07:47,1
D0000661,U004070,iOS,网页,6.0.0,2025-08-05 14:12:16,1
D0000662,U000710,Android,星购App,5.8.0,2025-09-11 17:24:53,1
D0000663,U000938,Windows,星购App,5.8.0,2026-08-10 10:10:01,1
D0000664,U002565,iOS,星购App,6.0.0,2025-08-26 14:50:00,1
D0000665,U000497,Android,星购App,5.9.1,2026-08-01 09:58:04,1
D0000666,U004013,Android,网页,5.8.0,2025-12-04 21:24:04,1
D0000667,U004437,Android,微信小程序,5.9.1,2025-10-26 08:12:24,1
D0000668,U002213,Android,微信小程序,6.0.0,2025-03-02 07:33:01,1
D0000669,U004457,iOS,星购App,5.9.1,2026-06-02 08:25:01,1
D0000670,U001942,Windows,星购App,5.9.1,2025-10-18 05:36:29,1
D0000671,U002356,iOS,星购App,5.9.1,2026-01-09 10:08:57,1
D0000672,U000492,iOS,微信小程序,5.8.0,2026-05-18 03:25:38,1
D0000673,U000006,Windows,微信小程序,web,2026-03-02 08:05:54,1
D0000674,U003683,macOS,星购App,5.9.1,2026-07-19 10:18:22,1
D0000675,U002060,Android,星购App,5.9.1,2025-02-24 22:12:42,1
D0000676,U003034,Android,星购App,6.0.0,2025-09-14 09:10:51,1
D0000677,U002907,iOS,星购App,6.0.0,2025-01-01 02:51:18,1
D0000678,U000578,iOS,星购App,6.0.0,2025-06-12 18:48:07,1
D0000679,U004184,iOS,网页,web,2025-12-09 07:04:52,1
D0000680,U003376,iOS,微信小程序,6.0.0,2025-10-16 03:05:28,1
D0000681,U003459,Android,网页,5.8.0,2025-01-09 05:08:05,1
D0000682,U001991,Android,星购App,web,2026-02-16 13:55:07,1
D0000683,U002228,Windows,星购App,6.0.0,2025-10-10 16:11:22,1
D0000684,U000093,Android,星购App,web,2025-05-23 16:38:14,1
D0000685,U004044,iOS,网页,6.0.0,2025-08-31 02:47:42,1
D0000686,U004701,Windows,星购App,5.9.1,2026-03-18 13:28:09,1
D0000687,U004145,iOS,星购App,6.0.0,2025-03-31 08:39:33,1
D0000688,U003492,Android,星购App,6.0.0,2026-07-02 02:28:26,1
D0000689,U001097,macOS,星购App,6.0.0,2026-02-13 22:26:17,1
D0000690,U002300,Android,星购App,5.8.0,2026-01-12 12:02:45,1
D0000691,U000625,Android,网页,5.8.0,2026-04-30 09:08:35,1
D0000692,U003059,Android,星购App,web,2025-02-11 22:17:35,1
D0000693,U001225,Android,星购App,6.0.0,2025-09-13 21:02:27,1
D0000694,U001637,Android,网页,6.0.0,2025-12-24 00:43:50,1
D0000695,U003822,Android,网页,5.9.1,2025-05-09 05:19:03,1
D0000696,U001580,Windows,星购App,6.0.0,2025-12-17 13:50:35,1
D0000697,U001998,iOS,微信小程序,5.9.1,2025-02-07 22:03:35,1
D0000698,U001193,Android,网页,6.0.0,2025-12-25 09:58:44,1
D0000699,U001344,Android,微信小程序,6.0.0,2025-12-03 14:19:52,1
D0000700,U000171,Windows,星购App,5.8.0,2025-12-31 16:41:06,1
D0000701,U002108,Android,星购App,6.0.0,2025-08-20 09:11:31,1
D0000702,U003122,iOS,星购App,5.8.0,2025-05-16 14:11:56,1
D0000703,U003015,iOS,星购App,5.8.0,2025-11-13 18:18:52,1
D0000704,U003758,iOS,微信小程序,6.0.0,2026-05-21 01:07:10,1
D0000705,U000949,iOS,星购App,6.0.0,2025-04-12 05:22:20,1
D0000706,U002361,iOS,网页,6.0.0,2025-04-03 10:31:43,1
D0000707,U000682,Android,星购App,5.8.0,2026-01-22 02:36:21,1
D0000708,U002419,iOS,网页,5.8.0,2026-02-13 01:41:13,1
D0000709,U000556,Windows,星购App,6.0.0,2025-10-16 00:25:02,1
D0000710,U004183,Windows,星购App,6.0.0,2025-11-16 07:02:35,1
D0000711,U004298,iOS,网页,6.0.0,2026-04-18 02:22:07,1
D0000712,U001885,Android,星购App,5.9.1,2025-06-04 11:38:47,1
D0000713,U002219,Android,星购App,web,2025-09-30 19:48:25,1
D0000714,U004384,macOS,网页,5.9.1,2026-02-15 09:15:08,1
D0000715,U003974,Android,星购App,6.0.0,2025-09-14 16:50:56,1
D0000716,U001441,iOS,星购App,6.0.0,2025-12-19 23:48:15,1
D0000717,U003895,Android,微信小程序,5.8.0,2025-07-12 15:15:49,1
D0000718,U003340,Android,星购App,6.0.0,2025-08-10 20:23:19,1
D0000719,U004699,Android,微信小程序,6.0.0,2025-09-11 03:05:30,1
D0000720,U003303,Android,微信小程序,web,2025-10-10 08:28:05,1
D0000721,U000837,Android,星购App,6.0.0,2025-07-30 01:49:27,1
D0000722,U001448,iOS,网页,6.0.0,2025-11-27 20:12:56,1
D0000723,U001130,Android,微信小程序,5.9.1,2025-03-11 13:24:51,1
D0000724,U003180,iOS,星购App,5.8.0,2025-03-12 15:50:11,1
D0000725,U003907,iOS,星购App,6.0.0,2026-03-31 16:57:04,1
D0000726,U004827,Android,星购App,web,2025-11-26 00:10:01,1
D0000727,U003277,iOS,网页,web,2026-05-10 04:50:11,1
D0000728,U002392,Windows,星购App,6.0.0,2026-08-15 17:17:56,1
D0000729,U004896,Android,星购App,5.9.1,2025-11-20 14:38:09,1
D0000730,U003338,Android,星购App,5.8.0,2026-07-21 22:33:01,1
D0000731,U000608,Android,星购App,web,2026-03-05 13:36:20,1
D0000732,U003703,Windows,星购App,5.9.1,2025-01-04 21:57:22,1
D0000733,U004035,iOS,星购App,6.0.0,2026-05-12 19:10:18,1
D0000734,U003720,Windows,微信小程序,6.0.0,2026-05-25 04:40:41,1
D0000735,U002000,iOS,星购App,5.9.1,2025-06-11 01:22:30,1
D0000736,U003873,Windows,星购App,6.0.0,2025-02-08 21:11:59,1
D0000737,U002673,iOS,网页,5.8.0,2026-05-06 17:19:38,1
D0000738,U004919,Android,微信小程序,5.9.1,2025-10-04 19:04:21,1
D0000739,U004725,Windows,星购App,5.8.0,2026-07-20 14:20:58,1
D0000740,U004495,Android,星购App,6.0.0,2026-05-16 14:23:51,1
D0000741,U000803,iOS,网页,5.8.0,2025-05-18 19:07:53,1
D0000742,U000485,Android,星购App,5.9.1,2026-04-15 08:20:15,1
D0000743,U003625,iOS,网页,6.0.0,2026-01-18 22:29:40,1
D0000744,U004059,iOS,星购App,web,2026-07-25 05:50:12,1
D0000745,U004472,iOS,微信小程序,web,2025-12-20 11:33:47,1
D0000746,U003710,Windows,微信小程序,web,2026-02-04 17:05:19,1
D0000747,U002585,Android,星购App,6.0.0,2025-01-26 17:21:39,1
D0000748,U001160,iOS,星购App,5.8.0,2025-04-20 18:51:54,1
D0000749,U004286,Android,微信小程序,5.9.1,2025-07-13 08:58:11,1
D0000750,U001656,Android,星购App,5.9.1,2026-07-20 23:52:29,1
D0000751,U002902,Windows,网页,5.8.0,2025-04-03 11:38:41,1
D0000752,U002016,macOS,星购App,6.0.0,2025-06-22 20:47:05,1
D0000753,U002487,iOS,星购App,5.9.1,2025-06-17 13:10:26,1
D0000754,U002930,Android,星购App,6.0.0,2025-08-14 09:28:27,1
D0000755,U000331,Android,星购App,6.0.0,2025-03-17 02:15:14,1
D0000756,U002981,iOS,星购App,5.8.0,2025-09-03 02:58:03,1
D0000757,U004317,Android,网页,web,2025-04-20 13:24:51,1
D0000758,U001497,Android,星购App,5.9.1,2025-02-13 00:38:37,1
D0000759,U004876,Android,微信小程序,5.9.1,2025-12-06 00:07:55,1
D0000760,U003328,iOS,星购App,6.0.0,2025-01-25 03:04:08,1
D0000761,U004927,Android,星购App,6.0.0,2025-08-11 08:36:42,1
D0000762,U003270,Android,网页,5.9.1,2025-10-06 07:00:19,1
D0000763,U001111,iOS,微信小程序,5.8.0,2025-10-12 15:10:40,1
D0000764,U003955,Windows,星购App,5.9.1,2026-05-09 07:20:39,1
D0000765,U004866,Android,微信小程序,web,2025-02-14 19:05:13,1
D0000766,U001744,iOS,星购App,5.8.0,2025-04-05 05:37:36,1
D0000767,U003281,Android,微信小程序,5.9.1,2025-12-13 05:52:16,1
D0000768,U003141,Android,星购App,5.9.1,2026-04-21 08:37:40,1
D0000769,U002128,iOS,星购App,5.8.0,2026-03-27 14:35:39,1
D0000770,U000565,Windows,星购App,6.0.0,2026-06-20 04:49:05,1
D0000771,U001331,Android,微信小程序,6.0.0,2026-01-22 15:21:35,1
D0000772,U001468,macOS,星购App,5.8.0,2025-02-03 12:42:30,1
D0000773,U001990,iOS,星购App,5.9.1,2026-04-04 14:43:45,1
D0000774,U002640,iOS,星购App,6.0.0,2026-03-16 20:50:20,1
D0000775,U002253,iOS,微信小程序,6.0.0,2026-03-17 04:15:02,1
D0000776,U000398,iOS,微信小程序,6.0.0,2026-02-14 21:01:49,1
D0000777,U001637,Windows,星购App,5.8.0,2025-02-08 21:52:05,1
D0000778,U002445,Android,星购App,5.9.1,2026-05-01 05:21:18,1
D0000779,U000785,iOS,微信小程序,5.9.1,2025-04-02 17:04:03,1
D0000780,U003656,iOS,星购App,6.0.0,2026-01-15 14:44:19,1
D0000781,U004679,iOS,星购App,6.0.0,2025-06-10 01:10:00,1
D0000782,U001613,Android,微信小程序,6.0.0,2026-01-10 15:06:58,1
D0000783,U000155,Android,星购App,5.9.1,2025-11-22 00:36:16,1
D0000784,U003444,iOS,星购App,6.0.0,2026-01-14 22:22:52,1
D0000785,U003293,Windows,微信小程序,5.8.0,2025-04-14 10:27:30,1
D0000786,U000308,iOS,星购App,5.9.1,2026-04-10 20:01:20,1
D0000787,U003398,iOS,微信小程序,6.0.0,2025-05-06 10:40:29,1
D0000788,U003541,Android,星购App,5.9.1,2025-07-20 07:36:25,1
D0000789,U000174,Android,星购App,6.0.0,2025-10-26 19:43:34,1
D0000790,U001045,Android,星购App,5.8.0,2026-05-16 23:18:23,1
D0000791,U003770,Android,星购App,5.9.1,2026-06-17 12:50:17,1
D0000792,U001804,Windows,星购App,5.9.1,2025-05-28 18:28:55,1
D0000793,U001345,iOS,星购App,web,2026-02-05 04:11:05,1
D0000794,U004241,iOS,星购App,6.0.0,2025-06-10 06:46:28,1
D0000795,U002306,iOS,网页,6.0.0,2025-12-02 08:10:55,1
D0000796,U004447,Windows,星购App,5.9.1,2025-04-09 14:41:51,1
D0000797,U003510,Android,星购App,5.9.1,2025-04-06 18:15:37,1
D0000798,U003944,iOS,微信小程序,5.9.1,2025-02-23 04:27:59,1
D0000799,U003469,Android,星购App,5.8.0,2025-12-03 10:43:24,1
D0000800,U003878,iOS,星购App,5.9.1,2026-03-08 13:16:59,1
D0000801,U002811,Windows,网页,5.8.0,2025-09-28 03:07:45,1
D0000802,U000091,iOS,星购App,5.9.1,2025-07-04 02:29:15,1
D0000803,U004479,iOS,星购App,5.8.0,2026-08-15 14:47:41,1
D0000804,U001901,Android,网页,web,2025-03-24 19:18:47,1
D0000805,U002656,iOS,星购App,5.8.0,2025-12-28 20:12:25,1
D0000806,U003237,Windows,星购App,5.8.0,2025-11-17 03:14:37,1
D0000807,U002353,iOS,微信小程序,5.9.1,2025-06-25 18:26:09,1
D0000808,U001846,Android,星购App,6.0.0,2026-08-13 08:53:29,1
D0000809,U001755,Android,星购App,6.0.0,2025-06-11 10:14:37,1
D0000810,U002966,iOS,星购App,5.9.1,2025-05-03 08:43:25,1
D0000811,U002784,iOS,星购App,5.9.1,2026-06-02 10:51:26,1
D0000812,U002904,Android,星购App,5.9.1,2025-04-26 05:54:02,1
D0000813,U000667,iOS,网页,6.0.0,2026-07-21 11:55:33,1
D0000814,U001171,Android,微信小程序,5.9.1,2026-07-11 15:59:06,1
D0000815,U004154,iOS,星购App,6.0.0,2025-02-24 02:44:45,1
D0000816,U001079,macOS,星购App,5.8.0,2025-11-07 14:19:33,1
D0000817,U002131,iOS,星购App,6.0.0,2026-07-03 08:12:30,1
D0000818,U002261,Android,星购App,5.9.1,2025-07-10 12:55:07,1
D0000819,U003861,Android,星购App,5.9.1,2026-03-09 06:23:45,1
D0000820,U004401,iOS,星购App,5.8.0,2025-02-14 04:00:07,1
D0000821,U001376,Android,星购App,5.9.1,2026-02-15 02:48:52,1
D0000822,U004813,Android,星购App,web,2026-02-12 02:18:54,1
D0000823,U000658,Android,网页,6.0.0,2025-10-22 19:09:46,1
D0000824,U002700,iOS,星购App,5.9.1,2026-01-18 15:43:53,1
D0000825,U001079,iOS,网页,6.0.0,2025-02-10 17:37:07,1
D0000826,U000128,Android,网页,6.0.0,2025-08-10 03:07:35,1
D0000827,U002542,Android,星购App,5.9.1,2025-07-24 03:40:53,1
D0000828,U002598,Windows,网页,5.9.1,2025-09-14 04:37:19,1
D0000829,U004147,Android,星购App,5.8.0,2025-07-02 10:46:03,1
D0000830,U000205,iOS,微信小程序,5.8.0,2026-07-20 06:22:25,1
D0000831,U002895,iOS,星购App,6.0.0,2026-07-19 15:31:59,1
D0000832,U001714,Android,星购App,6.0.0,2026-04-20 22:23:47,1
D0000833,U002802,Windows,星购App,6.0.0,2026-07-20 15:21:28,1
D0000834,U000781,Windows,星购App,6.0.0,2026-03-07 21:42:03,1
D0000835,U004574,macOS,星购App,5.8.0,2026-07-12 00:09:36,1
D0000836,U002511,Windows,星购App,5.9.1,2025-11-26 23:42:52,1
D0000837,U000274,Android,星购App,6.0.0,2025-11-05 06:34:13,1
D0000838,U003619,Android,微信小程序,6.0.0,2026-04-28 10:23:32,1
D0000839,U002775,Android,网页,5.8.0,2026-08-21 14:29:32,1
D0000840,U001073,Android,微信小程序,5.8.0,2026-03-05 18:36:36,1
D0000841,U003868,Android,星购App,5.9.1,2025-11-03 16:03:52,1
D0000842,U003175,Android,星购App,6.0.0,2026-08-20 18:15:21,1
D0000843,U001943,Android,微信小程序,5.8.0,2026-05-14 15:06:38,1
D0000844,U004056,iOS,网页,6.0.0,2025-12-16 10:13:30,1
D0000845,U003159,Android,星购App,5.9.1,2025-02-04 14:53:56,1
D0000846,U004196,Windows,微信小程序,5.8.0,2025-03-23 10:18:29,1
D0000847,U003431,Android,网页,5.8.0,2026-05-21 17:15:25,1
D0000848,U004408,Android,星购App,5.9.1,2026-04-04 19:24:58,1
D0000849,U004929,Android,网页,5.8.0,2025-01-29 22:02:00,1
D0000850,U004524,iOS,星购App,5.9.1,2025-02-13 06:00:39,1
D0000851,U001153,Android,星购App,5.8.0,2025-07-16 07:08:28,1
D0000852,U004161,macOS,星购App,5.8.0,2025-07-23 02:56:13,1
D0000853,U003445,iOS,微信小程序,5.9.1,2025-10-14 21:53:49,1
D0000854,U002649,Windows,微信小程序,5.8.0,2026-02-17 07:02:30,1
D0000855,U003437,iOS,星购App,6.0.0,2026-04-22 19:06:38,1
D0000856,U004263,Android,微信小程序,6.0.0,2025-07-17 16:07:24,1
D0000857,U002836,iOS,微信小程序,5.8.0,2025-04-26 19:45:28,1
D0000858,U002541,Android,星购App,5.9.1,2025-02-19 16:43:16,1
D0000859,U001278,Android,星购App,5.9.1,2025-08-22 07:10:12,1
D0000860,U002232,Android,星购App,5.8.0,2025-09-11 18:18:18,1
D0000861,U004129,Android,网页,6.0.0,2026-03-28 19:04:42,1
D0000862,U002026,iOS,星购App,5.8.0,2025-03-21 15:25:18,1
D0000863,U000284,macOS,微信小程序,5.9.1,2025-12-09 14:25:18,1
D0000864,U001258,Android,网页,6.0.0,2025-01-03 06:23:06,1
D0000865,U003953,Windows,微信小程序,6.0.0,2025-05-29 16:52:01,1
D0000866,U000651,Android,星购App,6.0.0,2025-05-10 12:27:13,1
D0000867,U000287,Android,星购App,5.9.1,2025-03-14 00:09:51,1
D0000868,U003052,iOS,星购App,5.8.0,2026-06-04 11:02:11,1
D0000869,U004991,iOS,微信小程序,6.0.0,2025-11-03 21:55:45,1
D0000870,U002979,iOS,网页,5.9.1,2025-04-30 00:10:25,1
D0000871,U004952,Windows,星购App,6.0.0,2025-05-05 02:23:34,1
D0000872,U002662,Android,星购App,5.8.0,2025-02-27 20:49:16,1
D0000873,U000851,Android,星购App,5.8.0,2026-01-22 15:59:25,1
D0000874,U004928,Android,星购App,5.9.1,2026-08-08 08:41:34,1
D0000875,U001870,Windows,微信小程序,5.8.0,2025-03-08 12:20:09,1
D0000876,U004550,Windows,网页,6.0.0,2025-09-14 16:32:49,1
D0000877,U004782,Android,微信小程序,6.0.0,2025-05-10 08:10:37,1
D0000878,U001947,Android,微信小程序,5.8.0,2026-02-03 10:11:30,1
D0000879,U001658,Windows,星购App,6.0.0,2025-06-22 02:14:41,1
D0000880,U002295,Android,星购App,5.8.0,2025-03-15 12:13:44,1
D0000881,U001484,Android,星购App,6.0.0,2026-02-05 02:38:59,1
D0000882,U001179,Android,星购App,5.8.0,2025-01-12 02:29:24,1
D0000883,U001368,Windows,网页,5.9.1,2025-11-18 02:35:53,1
D0000884,U003152,Android,星购App,5.9.1,2025-12-20 20:42:51,1
D0000885,U004007,iOS,星购App,5.9.1,2025-08-21 22:52:52,1
D0000886,U003328,iOS,微信小程序,5.8.0,2026-01-23 08:46:39,1
D0000887,U004061,Android,星购App,web,2026-04-24 13:25:55,1
D0000888,U002366,macOS,星购App,5.9.1,2025-07-12 15:50:59,1
D0000889,U000906,Android,网页,web,2025-03-12 02:55:43,1
D0000890,U004358,Android,网页,5.8.0,2025-10-01 14:00:53,1
D0000891,U002468,Windows,微信小程序,5.9.1,2026-03-09 11:05:26,1
D0000892,U001417,Android,星购App,6.0.0,2026-07-12 15:38:01,1
D0000893,U001892,Android,星购App,5.9.1,2026-02-26 03:36:28,1
D0000894,U001798,Android,微信小程序,5.8.0,2026-06-20 10:32:37,1
D0000895,U004971,Android,星购App,5.9.1,2025-01-06 07:04:09,1
D0000896,U004377,Android,星购App,6.0.0,2026-02-27 03:35:46,1
D0000897,U002654,Android,星购App,5.9.1,2025-09-11 08:58:12,1
D0000898,U002770,Android,星购App,5.8.0,2026-01-25 22:26:24,1
D0000899,U004661,Android,星购App,6.0.0,2026-07-10 14:37:08,1
D0000900,U002210,macOS,微信小程序,5.8.0,2026-04-13 15:15:50,1
D0000901,U003418,iOS,星购App,5.9.1,2025-07-28 02:10:35,1
D0000902,U001266,Android,星购App,5.9.1,2026-02-04 03:52:27,1
D0000903,U000235,Android,星购App,5.9.1,2025-08-10 15:22:31,1
D0000904,U002484,Android,微信小程序,5.9.1,2025-07-22 18:32:40,1
D0000905,U003231,Android,星购App,5.8.0,2025-11-20 00:27:27,1
D0000906,U003596,Android,微信小程序,5.9.1,2025-12-21 16:05:57,1
D0000907,U002576,Android,网页,5.9.1,2025-11-05 13:29:13,1
D0000908,U002111,iOS,星购App,5.9.1,2025-08-05 10:11:00,1
D0000909,U001564,Android,微信小程序,6.0.0,2026-06-23 19:41:36,1
D0000910,U004221,Android,星购App,web,2026-01-05 15:57:42,1
D0000911,U001614,iOS,星购App,5.8.0,2025-10-18 06:27:28,1
D0000912,U004281,Android,星购App,web,2026-01-20 16:50:16,1
D0000913,U002348,iOS,星购App,5.8.0,2025-04-23 19:18:09,1
D0000914,U004348,Android,微信小程序,5.9.1,2025-06-30 01:27:13,1
D0000915,U002247,Android,星购App,5.9.1,2025-04-26 00:37:01,1
D0000916,U002630,Android,星购App,6.0.0,2025-03-07 13:10:41,1
D0000917,U003290,Android,星购App,5.9.1,2025-04-24 01:12:38,1
D0000918,U003508,Android,星购App,web,2025-10-01 10:58:33,1
D0000919,U004633,iOS,星购App,5.8.0,2026-04-21 04:53:53,1
D0000920,U003043,iOS,网页,5.8.0,2026-01-28 21:24:21,1
D0000921,U000108,Android,网页,5.8.0,2026-06-03 15:50:48,1
D0000922,U002770,Android,星购App,5.9.1,2025-02-28 20:00:28,1
D0000923,U002507,Windows,星购App,5.9.1,2025-08-06 08:45:47,1
D0000924,U001895,macOS,微信小程序,5.9.1,2026-07-17 06:51:33,1
D0000925,U001768,Android,网页,web,2026-01-21 13:16:31,1
D0000926,U004825,macOS,星购App,6.0.0,2025-08-20 08:36:39,1
D0000927,U004265,Android,星购App,6.0.0,2025-10-16 20:54:46,1
D0000928,U000636,iOS,星购App,web,2026-06-13 14:40:12,1
D0000929,U004514,Android,网页,6.0.0,2026-07-30 03:51:01,1
D0000930,U004812,Android,星购App,6.0.0,2025-02-28 01:13:00,1
D0000931,U003259,Windows,星购App,5.9.1,2025-11-24 06:32:41,1
D0000932,U004138,Android,星购App,6.0.0,2025-06-11 14:47:10,1
D0000933,U000576,iOS,微信小程序,6.0.0,2025-05-19 18:37:27,1
D0000934,U004869,iOS,微信小程序,5.8.0,2025-08-23 09:42:06,1
D0000935,U003961,iOS,星购App,6.0.0,2025-11-15 02:33:12,1
D0000936,U004752,iOS,微信小程序,5.8.0,2025-10-23 20:13:25,1
D0000937,U003276,Android,星购App,6.0.0,2025-11-22 01:14:30,1
D0000938,U000461,Android,网页,5.9.1,2026-04-30 09:20:07,1
D0000939,U004327,Android,网页,5.9.1,2026-03-04 22:46:01,1
D0000940,U004316,macOS,星购App,web,2026-02-08 06:13:50,1
D0000941,U002984,Windows,网页,5.9.1,2025-01-12 00:43:46,1
D0000942,U001323,iOS,微信小程序,6.0.0,2025-04-15 12:51:12,1
D0000943,U004330,iOS,星购App,web,2025-05-17 05:42:17,1
D0000944,U001059,Android,微信小程序,6.0.0,2025-11-24 02:23:57,1
D0000945,U001400,macOS,星购App,6.0.0,2025-02-06 17:04:38,1
D0000946,U000170,Windows,网页,5.9.1,2026-04-04 15:01:44,1
D0000947,U004516,Android,微信小程序,6.0.0,2025-06-14 07:17:22,1
D0000948,U001834,Android,星购App,5.9.1,2025-05-05 03:04:54,1
D0000949,U001178,Windows,微信小程序,5.8.0,2025-04-01 23:33:56,1
D0000950,U000630,Android,微信小程序,6.0.0,2025-04-30 07:56:39,1
D0000951,U004102,Windows,星购App,6.0.0,2025-02-12 08:24:28,1
D0000952,U004351,Android,星购App,5.9.1,2026-06-07 13:35:10,1
D0000953,U002529,iOS,微信小程序,5.8.0,2026-04-21 09:23:32,1
D0000954,U002491,Android,星购App,5.9.1,2026-08-10 20:35:01,1
D0000955,U004413,iOS,星购App,5.8.0,2025-01-13 13:54:28,1
D0000956,U001111,Android,星购App,5.9.1,2025-09-23 19:08:43,1
D0000957,U000884,iOS,网页,web,2025-11-03 10:14:46,1
D0000958,U002066,Android,星购App,6.0.0,2026-08-02 12:02:38,1
D0000959,U003778,Android,网页,5.9.1,2025-02-18 22:01:39,1
D0000960,U001514,Android,星购App,6.0.0,2026-02-26 00:50:21,1
D0000961,U003550,Android,微信小程序,5.9.1,2026-04-13 13:54:49,1
D0000962,U003121,Android,微信小程序,6.0.0,2025-10-16 18:12:33,1
D0000963,U000262,iOS,星购App,web,2025-02-08 04:26:49,1
D0000964,U000406,Windows,星购App,5.9.1,2026-01-10 06:00:27,1
D0000965,U000938,iOS,星购App,web,2025-11-05 17:11:50,1
D0000966,U000641,Android,星购App,web,2025-08-13 15:45:16,1
D0000967,U001117,iOS,微信小程序,5.8.0,2025-08-29 23:34:00,1
D0000968,U001874,Android,微信小程序,5.8.0,2025-08-31 04:12:57,1
D0000969,U001106,Android,星购App,6.0.0,2025-02-22 20:36:08,1
D0000970,U001256,Android,星购App,5.8.0,2025-07-18 06:21:35,1
D0000971,U003945,iOS,星购App,5.8.0,2025-10-31 09:09:38,1
D0000972,U000704,Android,星购App,6.0.0,2026-07-28 11:23:27,1
D0000973,U001772,iOS,星购App,web,2026-07-21 13:46:54,1
D0000974,U004889,Android,网页,6.0.0,2025-04-09 03:57:38,1
D0000975,U004851,Android,星购App,5.8.0,2025-11-21 00:44:36,1
D0000976,U004629,Android,星购App,5.9.1,2026-02-01 04:07:57,1
D0000977,U002784,Android,网页,5.9.1,2025-01-24 08:31:09,1
D0000978,U001713,iOS,星购App,6.0.0,2025-05-17 00:21:18,1
D0000979,U001957,Android,星购App,5.9.1,2025-02-28 01:06:58,1
D0000980,U000256,Android,星购App,web,2025-11-04 16:25:37,1
D0000981,U002570,Android,星购App,5.8.0,2026-06-12 07:26:40,1
D0000982,U000296,Android,网页,6.0.0,2025-03-31 20:41:04,1
D0000983,U000957,Android,星购App,web,2025-09-30 02:21:58,1
D0000984,U001483,Android,微信小程序,5.9.1,2025-12-09 22:35:51,1
D0000985,U002750,Android,星购App,web,2026-02-21 10:33:58,1
D0000986,U003265,Android,星购App,6.0.0,2025-11-01 11:47:30,1
D0000987,U000720,iOS,星购App,6.0.0,2025-10-29 02:33:40,1
D0000988,U004346,Windows,微信小程序,5.8.0,2026-04-14 19:28:04,1
D0000989,U002896,Android,星购App,6.0.0,2025-11-19 22:36:15,1
D0000990,U001402,Android,网页,5.8.0,2026-01-27 10:18:25,1
D0000991,U000252,Android,星购App,6.0.0,2025-04-23 09:23:42,1
D0000992,U000149,Android,星购App,5.8.0,2025-03-15 15:46:17,1
D0000993,U003256,macOS,星购App,5.8.0,2025-05-23 20:22:37,1
D0000994,U004914,Android,网页,6.0.0,2026-03-25 21:40:29,1
D0000995,U000724,Android,星购App,5.9.1,2026-08-18 04:10:38,1
D0000996,U002935,Android,网页,5.9.1,2026-04-05 09:21:08,1
D0000997,U001237,iOS,微信小程序,5.9.1,2025-05-29 07:24:40,1
D0000998,U002597,Android,星购App,web,2026-02-09 13:27:51,1
D0000999,U001053,Windows,微信小程序,web,2025-01-02 13:42:05,1
D0001000,U004061,iOS,微信小程序,6.0.0,2025-12-08 18:08:44,1
D0001001,U000152,iOS,微信小程序,6.0.0,2025-06-22 06:35:57,1
D0001002,U001554,iOS,星购App,6.0.0,2026-06-07 04:27:01,1
D0001003,U001416,Android,星购App,5.8.0,2025-07-09 17:59:43,1
D0001004,U000239,iOS,星购App,5.8.0,2025-12-16 20:01:04,1
D0001005,U004837,Windows,星购App,5.8.0,2025-12-26 04:03:01,1
D0001006,U001608,Android,星购App,6.0.0,2025-02-20 05:04:23,1
D0001007,U004404,iOS,网页,6.0.0,2026-02-09 13:14:10,1
D0001008,U000321,iOS,星购App,6.0.0,2026-01-29 19:25:06,1
D0001009,U001177,iOS,星购App,6.0.0,2025-05-22 02:28:18,1
D0001010,U001241,iOS,星购App,5.8.0,2026-06-14 05:06:40,1
D0001011,U001945,iOS,微信小程序,5.9.1,2026-02-10 05:26:46,1
D0001012,U004536,iOS,星购App,6.0.0,2026-06-11 12:53:31,1
D0001013,U001206,Android,星购App,6.0.0,2025-11-03 08:46:49,1
D0001014,U004086,Android,网页,6.0.0,2025-04-23 10:53:28,1
D0001015,U000317,Android,网页,5.9.1,2025-11-30 09:15:08,1
D0001016,U003677,iOS,微信小程序,6.0.0,2026-07-15 00:05:23,1
D0001017,U001413,Windows,星购App,6.0.0,2025-03-21 18:30:50,1
D0001018,U000376,Android,微信小程序,5.8.0,2026-07-05 22:12:48,1
D0001019,U004174,iOS,网页,6.0.0,2025-09-16 09:25:20,1
D0001020,U004386,Android,星购App,6.0.0,2026-08-02 14:10:35,1
D0001021,U003603,Android,星购App,5.8.0,2025-03-05 06:53:55,1
D0001022,U002812,Android,网页,6.0.0,2025-07-11 07:26:49,1
D0001023,U001602,Android,网页,web,2025-04-24 16:28:54,1
D0001024,U001332,iOS,网页,5.9.1,2025-09-24 07:48:57,1
D0001025,U002972,iOS,星购App,6.0.0,2025-10-24 07:27:02,1
D0001026,U001181,Android,微信小程序,5.8.0,2025-12-04 16:03:01,1
D0001027,U002517,Windows,星购App,5.8.0,2026-07-22 01:59:08,1
D0001028,U002349,iOS,星购App,5.9.1,2025-05-24 20:47:51,1
D0001029,U002255,Android,星购App,5.9.1,2026-05-12 11:44:35,1
D0001030,U002840,iOS,微信小程序,6.0.0,2026-01-07 22:59:50,1
D0001031,U003740,Android,微信小程序,6.0.0,2025-02-11 04:57:35,1
D0001032,U003233,Android,网页,5.9.1,2025-12-25 05:14:53,1
D0001033,U003895,Android,微信小程序,5.9.1,2025-12-10 05:33:14,1
D0001034,U000807,iOS,星购App,5.9.1,2025-05-03 18:28:28,1
D0001035,U000748,Windows,星购App,5.9.1,2025-07-20 12:31:16,1
D0001036,U003719,Windows,微信小程序,5.8.0,2026-07-06 11:17:45,1
D0001037,U000192,Windows,星购App,5.9.1,2025-04-01 08:39:42,1
D0001038,U001469,Android,星购App,web,2026-06-15 15:02:13,1
D0001039,U003310,iOS,星购App,web,2025-12-22 09:05:13,1
D0001040,U004119,iOS,星购App,5.8.0,2026-01-26 10:14:52,1
D0001041,U002577,Android,微信小程序,5.8.0,2026-02-15 18:04:51,1
D0001042,U003376,Windows,星购App,5.9.1,2025-05-08 22:39:57,1
D0001043,U000334,Android,微信小程序,5.9.1,2026-08-14 01:49:52,1
D0001044,U003578,Android,微信小程序,6.0.0,2026-02-02 19:05:38,1
D0001045,U003434,Android,星购App,6.0.0,2025-08-19 02:03:01,1
D0001046,U004770,iOS,星购App,6.0.0,2025-01-27 03:37:47,1
D0001047,U001729,Android,星购App,5.9.1,2025-03-02 03:25:39,1
D0001048,U001379,iOS,星购App,6.0.0,2025-02-12 16:23:27,1
D0001049,U000062,Android,微信小程序,5.9.1,2025-12-31 22:37:51,1
D0001050,U002726,iOS,网页,5.9.1,2025-06-11 09:15:45,1
D0001051,U004718,iOS,星购App,web,2025-01-11 22:29:07,1
D0001052,U001474,Android,微信小程序,5.9.1,2025-06-26 14:11:17,1
D0001053,U004113,Windows,微信小程序,5.8.0,2026-02-26 05:41:08,1
D0001054,U001537,iOS,微信小程序,6.0.0,2025-02-21 23:18:19,1
D0001055,U000123,iOS,星购App,5.9.1,2025-10-31 18:59:00,1
D0001056,U004099,iOS,星购App,5.8.0,2025-08-24 09:59:52,1
D0001057,U001910,Android,星购App,6.0.0,2025-04-30 13:32:57,1
D0001058,U001229,Android,星购App,6.0.0,2025-01-16 21:34:47,1
D0001059,U002909,macOS,星购App,6.0.0,2025-05-11 13:29:07,1
D0001060,U001903,iOS,微信小程序,5.8.0,2026-03-18 17:22:38,1
D0001061,U002237,iOS,微信小程序,5.9.1,2025-05-13 12:52:16,1
D0001062,U000957,iOS,微信小程序,web,2025-08-09 01:27:31,1
D0001063,U004510,macOS,网页,5.8.0,2025-08-04 13:24:02,1
D0001064,U004834,iOS,网页,web,2026-04-18 08:49:35,1
D0001065,U003003,macOS,网页,6.0.0,2026-01-30 17:12:04,1
D0001066,U000740,Windows,微信小程序,6.0.0,2026-01-29 02:07:02,1
D0001067,U003249,Android,微信小程序,5.8.0,2025-07-22 20:38:40,1
D0001068,U004118,Android,星购App,6.0.0,2025-09-05 07:37:41,1
D0001069,U004805,macOS,微信小程序,5.8.0,2025-12-03 11:57:25,1
D0001070,U000386,Windows,星购App,5.9.1,2025-02-14 21:39:43,1
D0001071,U000360,iOS,微信小程序,5.9.1,2025-10-30 06:22:18,1
D0001072,U001222,iOS,微信小程序,6.0.0,2025-03-25 15:13:37,1
D0001073,U003259,Android,星购App,web,2026-01-30 06:53:44,1
D0001074,U001957,Android,星购App,5.9.1,2025-05-23 14:21:06,1
D0001075,U000517,Android,星购App,5.9.1,2025-03-13 00:25:51,1
D0001076,U003002,iOS,星购App,6.0.0,2026-02-03 11:03:42,1
D0001077,U000869,iOS,星购App,5.9.1,2025-04-10 03:27:17,1
D0001078,U003333,Android,星购App,5.8.0,2026-08-18 04:50:00,1
D0001079,U001152,Android,网页,5.9.1,2026-06-09 03:05:39,1
D0001080,U003976,Android,星购App,5.9.1,2025-07-21 21:47:13,1
D0001081,U003106,iOS,网页,5.9.1,2025-05-25 19:55:22,1
D0001082,U002341,macOS,星购App,5.9.1,2025-02-17 02:23:02,1
D0001083,U000692,Android,星购App,6.0.0,2026-07-02 00:50:49,1
D0001084,U001815,Android,星购App,5.9.1,2025-10-30 13:18:31,1
D0001085,U001109,Android,星购App,5.9.1,2025-10-15 17:02:49,1
D0001086,U002438,iOS,星购App,6.0.0,2025-01-25 07:31:35,1
D0001087,U004504,Android,网页,5.8.0,2025-12-06 01:49:46,1
D0001088,U003596,Android,网页,5.8.0,2025-04-30 21:13:06,1
D0001089,U000812,iOS,星购App,5.9.1,2026-05-12 03:52:07,1
D0001090,U004662,iOS,微信小程序,6.0.0,2025-01-29 13:31:49,1
D0001091,U000706,Android,网页,5.9.1,2025-12-31 10:01:46,1
D0001092,U003705,iOS,微信小程序,5.9.1,2026-02-15 06:57:42,1
D0001093,U003874,Android,网页,6.0.0,2025-10-01 02:55:34,1
D0001094,U000235,Windows,星购App,5.9.1,2025-12-09 07:28:10,1
D0001095,U002550,Android,微信小程序,6.0.0,2025-09-15 04:10:05,1
D0001096,U001336,Android,星购App,5.8.0,2025-12-16 03:49:53,1
D0001097,U001590,Android,微信小程序,5.9.1,2026-05-12 22:19:11,1
D0001098,U001901,iOS,网页,5.9.1,2025-09-22 07:26:40,1
D0001099,U000065,macOS,微信小程序,5.8.0,2025-06-10 20:21:19,1
D0001100,U003292,Android,微信小程序,5.8.0,2026-06-03 19:25:15,1
D0001101,U000014,Android,星购App,6.0.0,2025-01-12 17:09:52,1
D0001102,U000935,Windows,微信小程序,web,2025-01-18 13:57:08,1
D0001103,U002098,Android,微信小程序,6.0.0,2025-02-05 14:04:50,1
D0001104,U001633,iOS,星购App,6.0.0,2025-05-03 06:40:51,1
D0001105,U004933,iOS,星购App,5.8.0,2025-03-24 12:54:33,1
D0001106,U000049,iOS,星购App,6.0.0,2026-05-10 13:47:44,1
D0001107,U000940,Android,星购App,6.0.0,2025-04-30 16:57:38,1
D0001108,U001116,iOS,网页,5.8.0,2025-08-03 12:19:50,1
D0001109,U001331,Android,网页,5.8.0,2025-10-03 05:48:25,1
D0001110,U002162,iOS,网页,5.9.1,2026-08-12 23:28:17,1
D0001111,U004154,Android,星购App,web,2025-02-20 02:35:58,1
D0001112,U001532,iOS,星购App,5.9.1,2026-07-04 02:45:04,1
D0001113,U003191,Windows,星购App,web,2025-08-01 04:19:18,1
D0001114,U000973,Android,网页,5.9.1,2025-09-12 20:58:33,1
D0001115,U004065,iOS,网页,5.9.1,2026-03-04 00:06:34,1
D0001116,U002898,Android,星购App,6.0.0,2025-07-05 17:24:21,1
D0001117,U002290,Windows,微信小程序,5.9.1,2025-05-24 02:27:44,1
D0001118,U001182,Android,微信小程序,6.0.0,2025-04-15 22:28:32,1
D0001119,U004050,Windows,星购App,6.0.0,2026-05-11 02:20:33,1
D0001120,U000312,Android,微信小程序,5.9.1,2025-09-14 22:03:18,1
D0001121,U000684,iOS,星购App,5.9.1,2025-07-29 19:45:57,1
D0001122,U003669,iOS,微信小程序,5.9.1,2026-02-15 23:16:27,1
D0001123,U004045,Android,星购App,6.0.0,2025-03-26 21:13:35,1
D0001124,U002087,Android,网页,5.9.1,2025-07-16 22:50:35,1
D0001125,U003834,Android,网页,6.0.0,2025-10-17 15:05:34,1
D0001126,U000673,Android,网页,6.0.0,2025-12-03 10:37:32,1
D0001127,U004745,iOS,星购App,5.8.0,2025-12-21 01:21:52,1
D0001128,U003816,Windows,网页,5.9.1,2025-04-01 18:07:11,1
D0001129,U001331,Android,星购App,6.0.0,2025-01-09 21:44:06,1
D0001130,U003513,iOS,星购App,web,2025-06-26 06:52:40,1
D0001131,U002739,Android,网页,web,2025-07-11 17:33:42,1
D0001132,U000351,iOS,微信小程序,5.8.0,2025-07-11 15:46:29,1
D0001133,U002884,iOS,微信小程序,5.8.0,2025-12-26 17:41:02,1
D0001134,U001452,Android,星购App,5.8.0,2026-01-21 16:13:08,1
D0001135,U004820,Android,星购App,5.8.0,2025-06-15 22:41:50,1
D0001136,U002780,macOS,网页,5.8.0,2026-04-28 09:30:57,1
D0001137,U001049,Android,星购App,5.9.1,2025-05-13 14:17:06,1
D0001138,U003727,iOS,微信小程序,5.8.0,2026-04-05 18:36:18,1
D0001139,U001783,iOS,星购App,5.9.1,2026-03-01 07:54:51,1
D0001140,U004020,Android,微信小程序,5.8.0,2025-04-17 09:39:12,1
D0001141,U004573,Android,网页,5.9.1,2025-09-20 11:23:30,1
D0001142,U000064,iOS,星购App,5.8.0,2025-03-27 07:08:28,1
D0001143,U003057,macOS,微信小程序,6.0.0,2025-03-28 13:51:41,1
D0001144,U004983,Android,星购App,5.8.0,2025-09-26 05:53:25,1
D0001145,U003327,iOS,星购App,5.9.1,2026-08-01 09:45:39,1
D0001146,U001846,iOS,微信小程序,5.9.1,2025-08-13 18:59:51,1
D0001147,U002158,Windows,网页,5.9.1,2026-01-13 17:44:47,1
D0001148,U003232,Android,星购App,6.0.0,2026-02-24 03:50:56,1
D0001149,U000950,iOS,星购App,5.9.1,2025-01-14 21:16:32,1
D0001150,U002699,iOS,星购App,5.8.0,2025-09-14 08:46:08,1
D0001151,U002040,Android,星购App,6.0.0,2025-02-25 02:01:58,1
D0001152,U002508,Windows,网页,web,2025-04-07 16:43:44,1
D0001153,U003027,Android,微信小程序,5.9.1,2025-05-26 02:10:38,1
D0001154,U004599,Android,微信小程序,5.8.0,2026-04-07 10:52:23,1
D0001155,U004816,Android,星购App,web,2025-12-21 05:11:10,1
D0001156,U002046,iOS,星购App,6.0.0,2025-08-05 12:32:43,1
D0001157,U001964,iOS,星购App,5.9.1,2026-06-17 10:18:24,1
D0001158,U003381,macOS,星购App,5.8.0,2026-01-02 19:49:54,1
D0001159,U003601,iOS,星购App,5.9.1,2026-02-04 07:15:31,1
D0001160,U003604,Android,星购App,5.8.0,2025-11-21 03:14:49,1
D0001161,U004117,Windows,星购App,5.9.1,2025-07-21 18:23:42,1
D0001162,U000537,Android,星购App,5.9.1,2026-03-26 13:49:49,1
D0001163,U003160,Windows,网页,5.8.0,2026-03-01 18:07:35,1
D0001164,U000477,Android,微信小程序,5.8.0,2025-11-25 13:46:44,1
D0001165,U002146,Android,星购App,5.8.0,2025-07-18 08:49:47,1
D0001166,U004999,Android,星购App,6.0.0,2025-08-18 19:49:33,1
D0001167,U000335,Android,星购App,5.9.1,2025-08-09 20:29:31,1
D0001168,U003500,Windows,星购App,6.0.0,2025-12-05 03:30:10,1
D0001169,U004479,Android,星购App,5.9.1,2025-03-25 01:14:12,1
D0001170,U000534,Android,星购App,6.0.0,2025-02-14 19:10:02,1
D0001171,U001603,Android,微信小程序,6.0.0,2025-06-04 09:06:12,1
D0001172,U000421,iOS,星购App,6.0.0,2025-05-16 03:22:57,1
D0001173,U003101,macOS,星购App,6.0.0,2025-06-06 02:14:37,1
D0001174,U000090,Android,网页,5.9.1,2025-05-25 15:35:10,1
D0001175,U000343,Android,星购App,web,2025-12-08 21:54:14,1
D0001176,U002536,iOS,星购App,5.8.0,2026-06-11 02:02:42,1
D0001177,U002346,iOS,星购App,6.0.0,2025-03-03 19:58:22,1
D0001178,U001635,iOS,星购App,6.0.0,2025-06-28 11:23:32,1
D0001179,U002638,Android,星购App,web,2025-04-25 12:13:29,1
D0001180,U004198,macOS,星购App,5.9.1,2025-09-25 08:45:13,1
D0001181,U002382,iOS,微信小程序,5.9.1,2025-12-25 02:09:08,1
D0001182,U001176,Windows,星购App,5.8.0,2026-05-04 03:55:21,1
D0001183,U004084,Android,星购App,5.9.1,2026-08-12 08:41:42,1
D0001184,U001940,Android,星购App,5.9.1,2025-03-09 00:59:58,1
D0001185,U001262,Android,星购App,5.8.0,2025-04-07 20:34:54,1
D0001186,U000407,Android,星购App,web,2025-03-12 11:11:28,1
D0001187,U000420,Android,星购App,5.9.1,2025-04-23 06:54:59,1
D0001188,U000371,iOS,星购App,5.8.0,2025-04-07 16:04:25,1
D0001189,U001835,Android,微信小程序,6.0.0,2025-06-10 06:35:25,1
D0001190,U000610,Windows,星购App,6.0.0,2026-03-03 16:46:39,1
D0001191,U000571,Android,星购App,6.0.0,2026-07-22 03:16:11,1
D0001192,U002491,Android,星购App,web,2025-08-18 11:13:14,1
D0001193,U004852,Android,星购App,6.0.0,2025-06-07 05:19:44,1
D0001194,U000365,Android,星购App,5.9.1,2025-11-07 15:37:32,1
D0001195,U003644,Android,星购App,6.0.0,2025-01-14 01:37:45,1
D0001196,U001322,iOS,星购App,5.9.1,2026-02-01 00:41:10,1
D0001197,U002495,iOS,星购App,6.0.0,2026-06-01 16:48:35,1
D0001198,U000123,Android,星购App,5.8.0,2025-12-20 03:43:02,1
D0001199,U000222,iOS,星购App,5.8.0,2026-03-14 23:46:59,1
D0001200,U003090,iOS,微信小程序,5.8.0,2026-07-25 13:18:37,1
D0001201,U000234,Android,星购App,6.0.0,2025-02-20 09:59:06,1
D0001202,U001597,Windows,微信小程序,5.9.1,2026-08-02 06:08:38,1
D0001203,U002428,Windows,星购App,6.0.0,2025-05-07 02:04:29,1
D0001204,U003256,iOS,微信小程序,5.8.0,2025-11-24 13:35:00,1
D0001205,U004344,Android,星购App,5.9.1,2026-06-23 17:01:50,1
D0001206,U002416,Android,星购App,5.8.0,2025-09-20 00:25:49,1
D0001207,U002884,iOS,星购App,web,2026-03-23 10:28:50,1
D0001208,U000580,iOS,星购App,5.9.1,2025-02-07 02:49:09,1
D0001209,U001122,Android,网页,5.8.0,2026-06-25 15:19:03,1
D0001210,U001430,iOS,星购App,5.9.1,2026-05-17 09:48:03,1
D0001211,U002064,Android,星购App,web,2025-02-19 12:16:46,1
D0001212,U001780,Windows,星购App,web,2026-07-21 16:16:26,1
D0001213,U004231,macOS,微信小程序,web,2025-02-25 15:55:07,1
D0001214,U003710,Android,网页,5.8.0,2026-01-07 04:32:10,1
D0001215,U000883,iOS,星购App,6.0.0,2026-05-07 02:09:28,1
D0001216,U000419,Android,网页,5.9.1,2026-01-29 02:48:53,1
D0001217,U000693,iOS,星购App,6.0.0,2025-02-21 07:50:57,1
D0001218,U001953,Android,星购App,web,2025-02-05 04:16:04,1
D0001219,U002873,iOS,星购App,6.0.0,2026-02-02 19:48:08,1
D0001220,U002629,iOS,星购App,5.9.1,2025-02-26 16:46:12,1
D0001221,U003006,iOS,星购App,6.0.0,2025-05-03 03:38:01,1
D0001222,U003649,iOS,星购App,6.0.0,2026-06-03 05:19:24,1
D0001223,U003793,Android,星购App,5.9.1,2025-10-08 21:54:57,1
D0001224,U004396,Android,网页,6.0.0,2026-06-27 04:02:34,1
D0001225,U001859,Android,星购App,6.0.0,2026-03-17 00:52:50,1
D0001226,U004621,Android,星购App,5.8.0,2026-03-24 15:34:58,1
D0001227,U003122,Android,星购App,5.9.1,2026-06-18 01:15:38,1
D0001228,U004550,Android,星购App,5.9.1,2026-06-17 09:24:52,1
D0001229,U003294,Android,星购App,6.0.0,2026-08-05 15:22:34,1
D0001230,U002189,Windows,星购App,web,2025-05-07 03:10:12,1
D0001231,U002375,iOS,星购App,5.9.1,2025-06-07 10:48:11,1
D0001232,U000973,iOS,微信小程序,5.8.0,2025-02-18 01:31:41,1
D0001233,U000216,Android,星购App,web,2025-11-30 05:55:04,1
D0001234,U001765,Android,星购App,5.8.0,2026-01-07 13:44:57,1
D0001235,U001689,Android,星购App,5.9.1,2026-03-29 02:17:20,1
D0001236,U004677,Android,微信小程序,5.8.0,2025-06-03 22:19:56,1
D0001237,U002949,iOS,星购App,5.8.0,2026-03-31 19:18:04,1
D0001238,U002346,Windows,星购App,6.0.0,2026-05-30 14:42:25,1
D0001239,U001704,Android,星购App,6.0.0,2026-05-01 19:00:21,1
D0001240,U000132,iOS,微信小程序,web,2026-03-11 23:48:29,1
D0001241,U004799,iOS,星购App,6.0.0,2025-11-22 21:14:56,1
D0001242,U000017,Android,网页,5.8.0,2025-11-13 07:10:47,1
D0001243,U000111,Android,星购App,5.9.1,2025-12-05 02:22:12,1
D0001244,U001053,iOS,星购App,5.8.0,2025-09-18 12:00:20,1
D0001245,U002580,Android,星购App,5.9.1,2026-05-13 09:47:12,1
D0001246,U004484,Android,星购App,5.9.1,2025-04-24 23:50:15,1
D0001247,U001061,Windows,星购App,5.8.0,2025-01-27 03:46:15,1
D0001248,U004423,Android,星购App,web,2025-12-22 17:28:12,1
D0001249,U000872,Android,微信小程序,web,2025-08-04 10:50:20,1
D0001250,U000526,Android,星购App,web,2025-08-13 09:49:50,1
D0001251,U004300,Android,网页,5.9.1,2025-05-14 04:10:54,1
D0001252,U004666,Windows,网页,5.9.1,2026-07-06 13:37:09,1
D0001253,U002159,iOS,星购App,6.0.0,2025-07-18 18:05:08,1
D0001254,U004689,Windows,星购App,web,2025-03-29 12:25:07,1
D0001255,U001067,Android,微信小程序,5.8.0,2026-07-14 14:36:13,1
D0001256,U000185,Android,网页,5.8.0,2026-08-02 07:13:54,1
D0001257,U001568,iOS,星购App,5.9.1,2025-10-22 12:26:30,1
D0001258,U004213,iOS,网页,5.8.0,2025-04-30 21:28:11,1
D0001259,U001114,iOS,微信小程序,web,2025-02-25 23:30:03,1
D0001260,U003565,Android,星购App,5.9.1,2025-11-25 18:10:08,1
D0001261,U003820,Android,星购App,5.9.1,2025-05-27 07:33:43,1
D0001262,U000413,Android,星购App,5.8.0,2025-01-07 18:21:09,1
D0001263,U004093,Windows,微信小程序,6.0.0,2026-08-05 20:31:57,1
D0001264,U003309,iOS,星购App,5.9.1,2026-07-13 06:52:10,1
D0001265,U003333,Windows,星购App,5.9.1,2025-08-20 06:18:54,1
D0001266,U000222,Android,微信小程序,5.8.0,2025-07-16 09:37:05,1
D0001267,U001078,iOS,网页,6.0.0,2026-01-30 16:43:33,1
D0001268,U003148,Android,网页,5.8.0,2025-05-06 10:00:51,1
D0001269,U004058,Windows,微信小程序,5.9.1,2026-08-14 04:28:39,1
D0001270,U004005,iOS,微信小程序,5.8.0,2025-06-11 14:43:58,1
D0001271,U004078,iOS,星购App,6.0.0,2025-10-28 17:09:42,1
D0001272,U002624,Windows,星购App,5.9.1,2026-03-08 15:58:39,1
D0001273,U002533,Android,微信小程序,6.0.0,2026-08-13 23:39:11,1
D0001274,U003100,iOS,网页,5.8.0,2026-04-01 00:04:53,1
D0001275,U000538,macOS,星购App,6.0.0,2025-09-04 09:42:50,1
D0001276,U002165,iOS,星购App,6.0.0,2025-08-02 14:42:53,1
D0001277,U000770,iOS,星购App,6.0.0,2025-10-16 01:35:32,1
D0001278,U002016,iOS,星购App,5.8.0,2025-06-08 22:01:14,1
D0001279,U000662,Android,星购App,6.0.0,2025-01-01 10:46:25,1
D0001280,U002207,iOS,星购App,5.8.0,2026-04-14 00:33:20,1
D0001281,U001305,iOS,网页,6.0.0,2025-03-15 11:14:24,1
D0001282,U003488,iOS,网页,6.0.0,2026-02-27 13:01:03,1
D0001283,U002141,iOS,星购App,6.0.0,2026-03-15 23:58:31,1
D0001284,U002539,iOS,微信小程序,5.8.0,2026-06-12 14:31:06,1
D0001285,U003898,iOS,星购App,6.0.0,2026-03-17 20:39:02,1
D0001286,U001245,iOS,星购App,5.9.1,2025-06-17 10:17:02,1
D0001287,U001401,iOS,星购App,6.0.0,2026-07-03 19:25:40,1
D0001288,U003990,Windows,星购App,5.9.1,2026-08-10 02:30:33,1
D0001289,U003640,Windows,星购App,5.8.0,2026-06-27 20:11:27,1
D0001290,U004362,Android,星购App,5.8.0,2026-06-12 02:43:28,1
D0001291,U003908,Android,微信小程序,6.0.0,2025-04-29 15:02:21,1
D0001292,U003505,Android,星购App,5.9.1,2025-05-29 18:18:50,1
D0001293,U002149,Android,星购App,6.0.0,2025-01-26 08:50:37,1
D0001294,U000143,Android,星购App,5.8.0,2026-08-06 23:37:30,1
D0001295,U004608,Android,星购App,web,2025-11-03 04:36:21,1
D0001296,U004897,Android,网页,5.8.0,2026-06-24 06:42:25,1
D0001297,U000427,iOS,微信小程序,6.0.0,2026-08-15 20:33:59,1
D0001298,U003363,Android,星购App,5.9.1,2025-12-10 05:43:33,1
D0001299,U000743,iOS,星购App,5.9.1,2026-05-01 06:46:07,1
D0001300,U003396,Android,微信小程序,6.0.0,2025-08-14 16:16:33,1
D0001301,U004751,macOS,星购App,5.8.0,2025-09-11 01:50:20,1
D0001302,U000202,Android,微信小程序,web,2026-01-26 02:23:46,1
D0001303,U003862,Windows,微信小程序,6.0.0,2025-01-09 12:38:30,1
D0001304,U000757,Android,微信小程序,5.8.0,2026-06-03 10:22:02,1
D0001305,U000835,Android,网页,web,2025-10-29 07:15:54,1
D0001306,U003703,iOS,星购App,5.9.1,2025-12-19 19:41:34,1
D0001307,U001395,Android,网页,6.0.0,2025-06-07 19:01:40,1
D0001308,U004873,Android,星购App,web,2026-05-10 05:25:57,1
D0001309,U003604,Android,星购App,6.0.0,2025-08-19 00:36:22,1
D0001310,U002869,Android,星购App,5.8.0,2026-03-09 05:06:22,1
D0001311,U000867,Android,星购App,5.8.0,2025-10-28 05:19:53,1
D0001312,U003609,iOS,星购App,6.0.0,2026-03-10 03:04:39,1
D0001313,U004231,Android,网页,web,2025-01-28 01:19:43,1
D0001314,U004293,Windows,网页,5.9.1,2025-07-26 05:28:07,1
D0001315,U001330,iOS,星购App,6.0.0,2025-03-15 10:57:57,1
D0001316,U004650,iOS,星购App,web,2026-01-28 22:25:38,1
D0001317,U002540,Android,星购App,6.0.0,2026-06-04 10:46:12,1
D0001318,U000815,iOS,微信小程序,5.8.0,2026-02-01 05:17:45,1
D0001319,U002202,iOS,星购App,5.8.0,2026-05-21 07:05:24,1
D0001320,U000829,Android,网页,6.0.0,2026-07-01 02:23:22,1
D0001321,U003390,iOS,微信小程序,5.8.0,2025-03-06 19:00:17,1
D0001322,U004313,Android,星购App,5.9.1,2026-07-30 20:44:07,1
D0001323,U001270,iOS,星购App,5.9.1,2026-07-11 03:36:42,1
D0001324,U002305,Android,星购App,5.9.1,2025-01-14 08:54:17,1
D0001325,U004609,Android,星购App,5.9.1,2026-06-29 11:30:56,1
D0001326,U004669,Windows,微信小程序,5.9.1,2025-06-28 02:10:54,1
D0001327,U000979,Android,网页,web,2025-01-27 13:05:57,1
D0001328,U004321,Android,微信小程序,5.8.0,2025-05-16 22:45:49,1
D0001329,U003237,Windows,星购App,5.9.1,2026-06-01 14:29:06,1
D0001330,U002644,Android,网页,5.8.0,2025-05-28 23:02:47,1
D0001331,U000168,iOS,微信小程序,5.8.0,2025-08-25 03:10:28,1
D0001332,U002981,iOS,网页,5.9.1,2025-02-06 09:07:19,1
D0001333,U004089,Windows,星购App,5.8.0,2026-06-24 05:29:58,1
D0001334,U002727,Android,星购App,6.0.0,2026-03-21 22:54:59,1
D0001335,U002137,iOS,网页,5.9.1,2025-04-17 02:53:45,1
D0001336,U001908,Android,星购App,5.8.0,2025-04-04 23:28:42,1
D0001337,U004492,iOS,微信小程序,6.0.0,2026-06-18 01:25:22,1
D0001338,U004285,Windows,星购App,5.8.0,2025-05-08 16:30:52,1
D0001339,U000741,iOS,星购App,6.0.0,2025-11-09 20:39:57,1
D0001340,U001471,Android,星购App,5.9.1,2026-07-08 07:43:39,1
D0001341,U002156,macOS,微信小程序,5.9.1,2025-05-28 22:45:32,1
D0001342,U004119,Android,星购App,6.0.0,2025-07-07 02:25:12,1
D0001343,U002142,macOS,星购App,5.8.0,2026-07-28 22:02:37,1
D0001344,U000040,macOS,星购App,5.9.1,2026-03-06 07:25:00,1
D0001345,U003161,Windows,星购App,5.9.1,2026-03-20 18:11:23,1
D0001346,U001492,iOS,星购App,5.9.1,2025-07-15 06:23:01,1
D0001347,U003821,iOS,星购App,5.8.0,2025-08-22 07:41:09,1
D0001348,U004875,Windows,网页,6.0.0,2025-03-17 15:00:46,1
D0001349,U002658,iOS,网页,web,2025-10-18 12:10:36,1
D0001350,U000046,macOS,微信小程序,6.0.0,2025-06-01 06:15:28,1
D0001351,U004618,iOS,星购App,5.9.1,2026-06-28 02:00:05,1
D0001352,U001415,iOS,微信小程序,5.9.1,2025-06-25 06:56:46,1
D0001353,U000782,macOS,星购App,5.8.0,2025-09-21 09:17:16,1
D0001354,U004263,Windows,星购App,5.8.0,2026-04-22 05:34:24,1
D0001355,U002288,iOS,星购App,5.9.1,2025-06-21 14:19:55,1
D0001356,U003693,Windows,星购App,6.0.0,2025-09-30 09:31:20,1
D0001357,U000272,iOS,星购App,5.8.0,2025-08-30 19:21:54,1
D0001358,U002246,iOS,星购App,5.8.0,2026-05-18 21:09:53,1
D0001359,U003236,macOS,星购App,6.0.0,2025-08-24 15:09:42,1
D0001360,U000954,iOS,微信小程序,5.9.1,2026-02-15 16:13:25,1
D0001361,U001499,iOS,星购App,5.8.0,2026-06-01 23:10:02,1
D0001362,U001683,iOS,星购App,6.0.0,2025-06-03 18:31:49,1
D0001363,U001567,iOS,网页,5.9.1,2026-04-22 23:15:07,1
D0001364,U000548,Android,星购App,5.9.1,2025-02-03 03:10:05,1
D0001365,U003166,iOS,星购App,6.0.0,2025-09-19 07:05:23,1
D0001366,U004067,iOS,网页,5.9.1,2025-08-15 09:20:17,1
D0001367,U001820,macOS,网页,web,2025-08-20 21:33:53,1
D0001368,U003343,Windows,星购App,5.8.0,2025-01-13 11:08:17,1
D0001369,U004938,iOS,星购App,5.8.0,2025-02-05 03:01:12,1
D0001370,U000576,Android,微信小程序,5.8.0,2025-05-15 07:24:33,1
D0001371,U003196,iOS,微信小程序,5.9.1,2026-07-20 10:56:16,1
D0001372,U001588,Android,星购App,6.0.0,2026-06-27 05:10:20,1
D0001373,U004343,iOS,星购App,web,2025-09-19 12:04:14,1
D0001374,U000706,iOS,星购App,6.0.0,2025-05-25 14:46:29,1
D0001375,U000826,Android,微信小程序,5.9.1,2025-06-08 20:49:33,1
D0001376,U004728,Android,网页,5.8.0,2025-01-22 17:09:00,1
D0001377,U004044,Android,网页,5.8.0,2025-04-28 23:02:05,1
D0001378,U004833,Android,星购App,5.8.0,2026-04-19 01:38:31,1
D0001379,U001529,Android,网页,5.8.0,2025-10-22 16:51:31,1
D0001380,U002777,Android,星购App,6.0.0,2025-10-27 10:15:07,1
D0001381,U003896,iOS,星购App,5.9.1,2025-12-12 06:32:15,1
D0001382,U000727,Android,星购App,6.0.0,2026-06-08 15:17:27,1
D0001383,U001217,iOS,星购App,5.8.0,2025-04-10 02:41:03,1
D0001384,U000607,Android,星购App,6.0.0,2026-07-14 01:31:21,1
D0001385,U003499,Android,星购App,5.8.0,2025-07-14 15:12:52,1
D0001386,U000793,iOS,星购App,5.8.0,2026-02-11 22:16:24,1
D0001387,U003344,Windows,星购App,5.8.0,2026-03-18 07:02:14,1
D0001388,U001425,Android,微信小程序,5.9.1,2026-04-27 13:30:41,1
D0001389,U000424,iOS,星购App,5.9.1,2025-12-03 23:51:20,1
D0001390,U003661,Android,微信小程序,6.0.0,2025-03-23 12:30:04,1
D0001391,U002283,iOS,星购App,5.9.1,2026-03-22 03:07:26,1
D0001392,U004120,iOS,星购App,5.8.0,2026-04-02 16:19:14,1
D0001393,U000208,Android,微信小程序,5.8.0,2026-05-23 13:35:20,1
D0001394,U002836,Android,星购App,6.0.0,2026-02-16 16:18:04,1
D0001395,U004866,iOS,网页,5.8.0,2026-06-28 10:29:51,1
D0001396,U004665,Android,星购App,5.9.1,2026-06-08 07:38:45,1
D0001397,U003341,Windows,星购App,5.8.0,2025-11-22 11:24:23,1
D0001398,U001262,Android,星购App,5.9.1,2025-01-02 19:41:44,1
D0001399,U002745,iOS,微信小程序,5.9.1,2025-05-06 20:40:02,1
D0001400,U003816,iOS,星购App,web,2026-01-24 20:44:59,1
D0001401,U000196,Android,星购App,5.9.1,2025-04-17 05:07:37,1
D0001402,U001748,iOS,星购App,web,2025-01-13 17:36:56,1
D0001403,U000963,Android,星购App,web,2025-01-24 11:37:04,1
D0001404,U003153,iOS,星购App,web,2026-07-20 02:23:06,1
D0001405,U001192,Android,星购App,6.0.0,2025-07-30 02:23:10,1
D0001406,U004228,Android,网页,6.0.0,2026-04-29 20:41:47,1
D0001407,U002130,Android,星购App,5.8.0,2025-11-03 05:35:35,1
D0001408,U001956,iOS,微信小程序,5.8.0,2025-03-04 15:35:02,1
D0001409,U002745,Windows,星购App,5.9.1,2026-06-10 08:08:03,1
D0001410,U003767,Android,星购App,5.9.1,2025-09-28 12:13:53,1
D0001411,U000124,Android,星购App,5.9.1,2026-02-18 12:36:13,1
D0001412,U002574,Android,网页,web,2026-03-17 15:35:45,1
D0001413,U000619,iOS,星购App,5.8.0,2026-05-05 00:31:05,1
D0001414,U004262,Android,网页,5.9.1,2025-10-14 01:34:25,1
D0001415,U004309,macOS,网页,5.8.0,2026-07-08 10:52:28,1
D0001416,U002301,macOS,星购App,5.8.0,2025-05-25 02:25:40,1
D0001417,U001449,Android,星购App,5.9.1,2025-05-14 04:43:43,1
D0001418,U000818,Android,星购App,5.9.1,2026-07-13 06:41:52,1
D0001419,U000317,iOS,微信小程序,6.0.0,2025-10-05 11:56:12,1
D0001420,U003750,Android,微信小程序,6.0.0,2026-07-31 18:23:09,1
D0001421,U000491,Windows,星购App,6.0.0,2025-11-30 01:57:32,1
D0001422,U001436,iOS,星购App,6.0.0,2026-01-21 14:21:20,1
D0001423,U000647,Android,微信小程序,web,2025-04-26 22:40:09,1
D0001424,U000908,Windows,星购App,5.9.1,2026-07-10 12:17:07,1
D0001425,U003992,iOS,星购App,5.8.0,2025-04-29 10:47:39,1
D0001426,U001449,macOS,微信小程序,6.0.0,2025-08-29 10:50:08,1
D0001427,U003135,Android,微信小程序,5.9.1,2026-01-09 12:55:56,1
D0001428,U004110,Android,星购App,5.8.0,2026-04-13 02:48:20,1
D0001429,U004573,Windows,微信小程序,5.8.0,2026-01-13 09:17:35,1
D0001430,U001871,Android,网页,5.9.1,2025-07-05 16:49:10,1
D0001431,U000764,iOS,星购App,6.0.0,2026-03-22 09:46:09,1
D0001432,U003205,iOS,星购App,web,2025-12-21 10:13:26,1
D0001433,U000009,Windows,星购App,5.9.1,2025-01-23 12:08:38,1
D0001434,U004057,iOS,星购App,6.0.0,2026-04-07 03:31:16,1
D0001435,U004159,iOS,微信小程序,6.0.0,2025-03-23 03:20:58,1
D0001436,U004964,iOS,星购App,6.0.0,2025-09-03 13:57:13,1
D0001437,U004501,iOS,微信小程序,5.8.0,2026-04-02 01:05:25,1
D0001438,U004194,iOS,星购App,6.0.0,2025-03-22 01:24:54,1
D0001439,U003847,Android,微信小程序,5.9.1,2025-12-22 08:05:42,1
D0001440,U002149,Android,星购App,5.8.0,2026-08-13 07:29:46,1
D0001441,U002260,macOS,星购App,5.9.1,2025-02-16 01:24:05,1
D0001442,U003406,Windows,网页,5.8.0,2026-06-02 08:47:31,1
D0001443,U001560,Android,星购App,5.9.1,2025-09-26 04:45:08,1
D0001444,U002571,Windows,星购App,5.9.1,2025-03-19 08:39:42,1
D0001445,U004803,Windows,星购App,5.9.1,2025-04-26 08:13:29,1
D0001446,U004593,Android,网页,6.0.0,2025-03-21 18:39:15,1
D0001447,U000828,Android,星购App,5.9.1,2025-11-19 12:58:29,1
D0001448,U000460,Android,网页,5.8.0,2025-12-21 12:53:11,1
D0001449,U000094,Windows,星购App,6.0.0,2026-06-14 07:51:26,1
D0001450,U004109,Android,微信小程序,6.0.0,2025-04-22 22:24:22,1
D0001451,U000749,Android,星购App,6.0.0,2026-01-17 22:06:44,1
D0001452,U000794,iOS,星购App,6.0.0,2026-03-24 06:54:53,1
D0001453,U001573,Android,微信小程序,5.8.0,2025-06-19 09:12:48,1
D0001454,U000100,Android,星购App,web,2025-10-07 22:49:24,1
D0001455,U001465,iOS,星购App,6.0.0,2026-07-12 03:09:53,1
D0001456,U003134,iOS,星购App,6.0.0,2026-07-29 23:47:13,1
D0001457,U001882,Android,星购App,6.0.0,2025-04-02 20:06:13,1
D0001458,U001050,Android,星购App,5.8.0,2025-05-16 07:38:07,1
D0001459,U002693,iOS,星购App,6.0.0,2025-07-22 14:43:30,1
D0001460,U002491,iOS,微信小程序,5.9.1,2025-12-08 13:21:59,1
D0001461,U002846,Android,星购App,5.9.1,2026-04-11 06:12:29,1
D0001462,U003954,macOS,网页,5.8.0,2026-05-14 13:09:56,1
D0001463,U001919,Android,网页,5.9.1,2026-02-17 23:47:31,1
D0001464,U001657,Android,星购App,6.0.0,2026-05-07 15:30:27,1
D0001465,U004267,Windows,星购App,web,2026-04-05 17:14:57,1
D0001466,U004468,Android,星购App,5.8.0,2026-03-10 10:05:04,1
D0001467,U001942,Android,微信小程序,web,2025-06-02 04:32:12,1
D0001468,U004313,Android,星购App,6.0.0,2025-10-09 01:18:04,1
D0001469,U001043,Android,网页,5.9.1,2026-06-26 10:03:54,1
D0001470,U001466,Android,星购App,5.9.1,2026-04-17 22:56:56,1
D0001471,U002174,Android,星购App,6.0.0,2026-04-09 20:54:16,1
D0001472,U001700,Android,星购App,5.9.1,2026-05-06 16:30:59,1
D0001473,U004306,Windows,星购App,6.0.0,2026-08-04 15:07:17,1
D0001474,U004559,Android,微信小程序,5.9.1,2026-06-27 01:37:09,1
D0001475,U002938,Android,微信小程序,5.9.1,2026-08-10 00:58:25,1
D0001476,U002165,iOS,星购App,6.0.0,2025-02-17 20:03:18,1
D0001477,U002466,iOS,微信小程序,6.0.0,2025-03-12 18:46:46,1
D0001478,U000650,iOS,星购App,5.8.0,2026-03-10 11:15:27,1
D0001479,U001474,iOS,微信小程序,6.0.0,2026-04-07 05:54:03,1
D0001480,U001706,Android,星购App,5.8.0,2026-04-10 04:10:30,1
D0001481,U004514,Android,星购App,web,2025-04-14 19:42:06,1
D0001482,U004703,macOS,星购App,5.9.1,2026-01-29 07:04:58,1
D0001483,U004535,Android,网页,6.0.0,2025-01-23 06:15:55,1
D0001484,U001543,iOS,网页,6.0.0,2026-02-20 01:53:52,1
D0001485,U004796,Android,星购App,6.0.0,2025-03-05 08:28:19,1
D0001486,U002537,iOS,星购App,5.8.0,2026-03-24 06:37:27,1
D0001487,U002181,iOS,星购App,5.9.1,2026-01-02 08:01:36,1
D0001488,U001414,Android,星购App,web,2025-10-24 10:00:49,1
D0001489,U003381,Android,星购App,5.8.0,2025-08-24 11:59:44,1
D0001490,U000237,Android,星购App,5.9.1,2025-07-23 17:59:22,1
D0001491,U003482,Windows,星购App,5.9.1,2025-10-04 19:05:16,1
D0001492,U004556,Android,星购App,6.0.0,2025-05-01 13:31:26,1
D0001493,U004496,iOS,星购App,web,2025-10-13 19:22:05,1
D0001494,U002916,Android,星购App,web,2025-02-14 01:07:56,1
D0001495,U000892,Android,微信小程序,5.8.0,2025-05-07 07:54:26,1
D0001496,U001229,macOS,星购App,5.9.1,2025-03-23 17:33:36,1
D0001497,U003065,Android,星购App,web,2025-03-08 18:07:44,1
D0001498,U003719,Android,星购App,5.9.1,2025-10-18 21:58:26,1
D0001499,U003975,Android,星购App,6.0.0,2026-04-12 12:50:58,1
D0001500,U002227,iOS,网页,5.9.1,2025-11-07 13:40:41,1
D0001501,U004675,iOS,星购App,5.8.0,2025-04-07 16:55:23,1
D0001502,U004382,iOS,星购App,5.8.0,2026-05-02 06:05:13,1
D0001503,U000910,Android,网页,6.0.0,2026-01-26 19:08:19,1
D0001504,U003029,Windows,星购App,6.0.0,2026-05-16 05:55:22,1
D0001505,U000919,Android,星购App,6.0.0,2026-05-09 21:38:12,1
D0001506,U001626,Windows,星购App,5.8.0,2025-05-29 17:13:49,1
D0001507,U001779,Android,星购App,5.8.0,2026-07-17 16:56:06,1
D0001508,U002435,Android,微信小程序,6.0.0,2026-06-10 05:02:54,1
D0001509,U002609,Android,星购App,6.0.0,2026-07-11 23:41:21,1
D0001510,U003633,macOS,微信小程序,5.9.1,2026-03-12 13:50:13,1
D0001511,U003819,Windows,星购App,5.8.0,2025-09-26 04:44:54,1
D0001512,U001889,Android,星购App,6.0.0,2025-01-27 17:49:33,1
D0001513,U002823,Windows,星购App,6.0.0,2026-05-06 03:38:36,1
D0001514,U001259,Android,网页,6.0.0,2025-03-11 21:44:17,1
D0001515,U001650,Android,星购App,6.0.0,2026-03-27 09:03:12,1
D0001516,U000842,Android,微信小程序,5.9.1,2025-11-16 21:07:05,1
D0001517,U004230,iOS,星购App,web,2026-04-13 01:09:22,1
D0001518,U004295,iOS,星购App,5.8.0,2026-02-07 17:23:14,1
D0001519,U004720,Android,网页,web,2026-07-19 12:34:46,1
D0001520,U003680,macOS,星购App,5.8.0,2025-05-22 17:31:52,1
D0001521,U000498,iOS,星购App,5.9.1,2026-04-27 14:01:15,1
D0001522,U000264,Windows,星购App,6.0.0,2026-03-06 02:31:16,1
D0001523,U000755,Android,星购App,5.8.0,2026-08-10 16:39:23,1
D0001524,U002358,iOS,微信小程序,5.9.1,2026-07-09 23:43:18,1
D0001525,U000091,Android,星购App,6.0.0,2025-10-25 18:16:10,1
D0001526,U002281,Android,星购App,6.0.0,2025-08-06 15:45:54,1
D0001527,U000747,iOS,星购App,5.8.0,2025-06-22 23:42:50,1
D0001528,U001361,Windows,网页,5.8.0,2026-06-16 14:59:45,1
D0001529,U002300,Windows,星购App,5.8.0,2025-03-02 15:40:08,1
D0001530,U004297,Android,星购App,5.8.0,2025-09-29 14:46:46,1
D0001531,U004928,Android,微信小程序,5.8.0,2025-07-28 23:35:04,1
D0001532,U004652,Android,微信小程序,5.8.0,2026-05-03 04:34:12,1
D0001533,U002015,iOS,网页,5.9.1,2025-12-10 03:48:57,1
D0001534,U001512,iOS,微信小程序,web,2025-10-25 00:06:24,1
D0001535,U004139,Windows,星购App,6.0.0,2025-12-01 08:09:21,1
D0001536,U003214,Android,星购App,5.8.0,2025-05-20 23:55:37,1
D0001537,U003505,iOS,网页,5.9.1,2026-03-27 17:39:21,1
D0001538,U004779,Android,星购App,web,2025-06-22 18:21:55,1
D0001539,U003485,Android,网页,5.8.0,2026-02-20 03:57:18,1
D0001540,U001051,Android,微信小程序,6.0.0,2025-06-20 17:37:10,1
D0001541,U000745,iOS,星购App,5.8.0,2026-05-15 19:10:19,1
D0001542,U004895,macOS,微信小程序,5.8.0,2026-02-22 10:09:26,1
D0001543,U004637,Android,星购App,6.0.0,2025-01-18 08:27:10,1
D0001544,U004728,Windows,微信小程序,6.0.0,2026-06-12 20:53:54,1
D0001545,U004112,iOS,微信小程序,6.0.0,2025-07-08 18:01:30,1
D0001546,U000369,Android,星购App,5.9.1,2025-02-28 14:53:23,1
D0001547,U004242,Android,星购App,5.9.1,2026-04-02 11:52:39,1
D0001548,U000060,Windows,星购App,5.8.0,2026-06-15 18:01:26,1
D0001549,U001187,iOS,网页,6.0.0,2026-03-05 01:14:40,1
D0001550,U001497,Windows,星购App,web,2026-08-11 15:37:46,1
D0001551,U000027,Android,星购App,5.9.1,2025-09-17 14:22:15,1
D0001552,U001403,Windows,微信小程序,5.8.0,2026-01-17 22:46:14,1
D0001553,U002721,iOS,星购App,6.0.0,2025-02-10 00:37:54,1
D0001554,U000698,Android,微信小程序,5.9.1,2026-07-27 10:28:40,1
D0001555,U002072,iOS,星购App,6.0.0,2025-03-18 09:45:55,1
D0001556,U003921,Android,星购App,5.8.0,2025-10-13 04:12:21,1
D0001557,U000973,iOS,星购App,5.8.0,2025-08-08 22:21:04,1
D0001558,U000037,Android,星购App,6.0.0,2025-06-21 06:26:28,1
D0001559,U003480,macOS,星购App,5.9.1,2026-08-22 23:05:40,1
D0001560,U002194,iOS,星购App,5.9.1,2026-06-25 16:41:05,1
D0001561,U004180,Windows,星购App,6.0.0,2025-05-20 12:55:09,1
D0001562,U001270,Windows,星购App,5.9.1,2025-08-28 09:32:40,1
D0001563,U001342,iOS,星购App,5.8.0,2025-05-25 17:30:06,1
D0001564,U004685,Android,星购App,6.0.0,2025-02-15 06:38:38,1
D0001565,U001784,Android,星购App,5.8.0,2026-01-01 07:14:20,1
D0001566,U003760,Android,星购App,5.9.1,2026-02-19 06:10:50,1
D0001567,U004841,Windows,星购App,5.9.1,2025-04-01 21:21:43,1
D0001568,U003199,Windows,微信小程序,6.0.0,2025-05-26 10:57:22,1
D0001569,U001530,iOS,微信小程序,5.9.1,2025-02-16 11:07:43,1
D0001570,U004450,Android,网页,web,2026-02-13 02:43:26,1
D0001571,U000332,Android,星购App,5.9.1,2025-07-17 12:10:21,1
D0001572,U001062,Android,网页,6.0.0,2026-04-02 13:05:12,1
D0001573,U002271,Windows,微信小程序,5.8.0,2025-02-15 15:52:42,1
D0001574,U003364,Android,星购App,5.8.0,2026-01-17 10:21:38,1
D0001575,U001248,Android,微信小程序,6.0.0,2026-04-10 11:53:26,1
D0001576,U003335,iOS,微信小程序,5.8.0,2026-01-07 23:35:51,1
D0001577,U002775,iOS,网页,6.0.0,2025-09-27 08:54:14,1
D0001578,U004935,Windows,星购App,5.9.1,2026-07-14 21:39:53,1
D0001579,U003424,Windows,微信小程序,5.9.1,2025-10-11 21:13:18,1
D0001580,U002554,iOS,微信小程序,5.8.0,2026-06-15 08:49:53,1
D0001581,U004640,Android,微信小程序,web,2025-08-28 07:02:40,1
D0001582,U002276,iOS,星购App,6.0.0,2025-09-17 19:14:02,1
D0001583,U004902,Android,网页,5.9.1,2025-03-31 10:13:25,1
D0001584,U002586,iOS,星购App,6.0.0,2026-05-28 01:58:19,1
D0001585,U001571,iOS,星购App,web,2025-04-20 03:56:26,1
D0001586,U004648,Android,星购App,5.9.1,2026-05-25 21:37:37,1
D0001587,U003735,iOS,微信小程序,5.8.0,2026-08-11 14:41:07,1
D0001588,U000393,Android,星购App,5.9.1,2026-07-13 04:26:54,1
D0001589,U001919,Android,星购App,6.0.0,2026-01-04 09:05:11,1
D0001590,U001713,Android,星购App,6.0.0,2025-02-16 21:41:57,1
D0001591,U001800,Windows,星购App,5.8.0,2025-04-28 14:19:26,1
D0001592,U003651,Android,星购App,5.9.1,2025-04-02 18:49:57,1
D0001593,U000272,Windows,网页,5.8.0,2025-05-06 19:48:46,1
D0001594,U003376,Android,微信小程序,6.0.0,2026-02-10 02:12:46,1
D0001595,U003038,iOS,星购App,5.9.1,2025-11-19 03:53:52,1
D0001596,U003289,iOS,微信小程序,6.0.0,2025-09-11 01:16:00,1
D0001597,U001029,Android,星购App,5.9.1,2025-04-01 17:06:30,1
D0001598,U003733,macOS,星购App,5.9.1,2025-10-08 00:16:45,1
D0001599,U004950,iOS,星购App,5.9.1,2026-08-11 19:53:17,1
D0001600,U004317,Windows,星购App,6.0.0,2026-07-07 03:06:39,1
D0001601,U001115,iOS,微信小程序,5.8.0,2025-11-21 23:58:39,1
D0001602,U002624,iOS,星购App,6.0.0,2025-10-02 14:46:24,1
D0001603,U002308,Android,星购App,5.8.0,2026-02-10 16:55:42,1
D0001604,U003940,Android,星购App,5.8.0,2025-02-20 18:02:46,1
D0001605,U004006,Windows,星购App,5.9.1,2026-02-14 10:04:13,1
D0001606,U003064,Android,微信小程序,5.8.0,2025-04-09 12:35:15,1
D0001607,U003268,iOS,星购App,web,2025-04-09 04:06:58,1
D0001608,U002695,iOS,星购App,5.9.1,2026-06-18 12:58:43,1
D0001609,U003912,Android,网页,6.0.0,2026-06-12 18:54:45,1
D0001610,U003792,Android,微信小程序,6.0.0,2025-05-02 08:07:17,1
D0001611,U003460,Android,网页,5.9.1,2026-04-11 04:39:46,1
D0001612,U002331,Android,网页,web,2026-06-30 22:39:06,1
D0001613,U003816,Android,星购App,6.0.0,2025-11-03 05:04:40,1
D0001614,U002551,iOS,星购App,6.0.0,2025-03-23 08:43:02,1
D0001615,U004976,Android,微信小程序,6.0.0,2026-07-09 00:20:50,1
D0001616,U001017,Android,星购App,5.9.1,2026-06-11 10:56:51,1
D0001617,U001392,Android,星购App,5.9.1,2025-03-01 19:22:04,1
D0001618,U002385,Android,星购App,5.9.1,2025-05-11 07:56:16,1
D0001619,U002818,iOS,星购App,6.0.0,2025-02-10 10:45:45,1
D0001620,U001998,Android,星购App,6.0.0,2025-02-23 06:15:30,1
D0001621,U004432,Android,星购App,6.0.0,2026-02-14 14:37:54,1
D0001622,U000121,Windows,网页,5.9.1,2026-06-15 19:56:38,1
D0001623,U000777,Android,微信小程序,5.9.1,2026-03-16 18:36:46,1
D0001624,U002460,Android,星购App,5.9.1,2025-09-25 08:43:50,1
D0001625,U003225,Android,星购App,6.0.0,2026-03-06 20:05:29,1
D0001626,U001773,iOS,星购App,5.8.0,2025-10-28 20:44:17,1
D0001627,U001085,iOS,星购App,6.0.0,2025-10-02 09:43:00,1
D0001628,U001491,Android,微信小程序,6.0.0,2025-03-25 20:48:32,1
D0001629,U004257,iOS,微信小程序,6.0.0,2025-04-29 04:52:30,1
D0001630,U002453,Windows,星购App,5.9.1,2026-04-15 04:05:56,1
D0001631,U003649,iOS,星购App,6.0.0,2025-05-26 06:40:13,1
D0001632,U004804,Android,微信小程序,5.8.0,2026-08-12 22:45:43,1
D0001633,U001096,Android,网页,5.8.0,2026-08-22 08:37:48,1
D0001634,U004733,iOS,星购App,6.0.0,2026-07-18 07:30:56,1
D0001635,U002379,Android,星购App,web,2025-08-22 14:19:10,1
D0001636,U003414,Android,星购App,5.9.1,2026-04-08 15:17:29,1
D0001637,U002016,Windows,网页,5.9.1,2025-11-04 11:25:00,1
D0001638,U000723,Android,微信小程序,5.8.0,2026-04-08 15:14:00,1
D0001639,U002092,iOS,星购App,6.0.0,2025-12-30 08:02:42,1
D0001640,U004931,Android,星购App,5.9.1,2026-07-21 19:28:10,1
D0001641,U003967,iOS,星购App,6.0.0,2026-07-07 14:20:24,1
D0001642,U002380,Windows,星购App,5.8.0,2026-03-26 18:18:55,1
D0001643,U001557,Windows,星购App,5.9.1,2025-10-30 00:51:00,1
D0001644,U002345,Android,星购App,5.9.1,2026-07-29 11:30:25,1
D0001645,U003591,Android,微信小程序,5.9.1,2025-09-21 03:19:21,1
D0001646,U000151,Android,网页,5.9.1,2026-02-20 13:12:15,1
D0001647,U004037,Windows,网页,6.0.0,2026-01-23 22:07:01,1
D0001648,U002612,Windows,网页,5.9.1,2025-01-27 00:52:47,1
D0001649,U003917,Android,网页,5.9.1,2025-12-22 21:43:36,1
D0001650,U000279,macOS,微信小程序,5.9.1,2025-09-25 17:07:55,1
D0001651,U000480,Android,网页,6.0.0,2025-11-06 15:22:50,1
D0001652,U003490,Android,星购App,6.0.0,2026-05-15 23:03:06,1
D0001653,U001301,iOS,网页,5.9.1,2026-01-13 17:25:25,1
D0001654,U002811,Android,星购App,5.8.0,2025-04-01 19:37:19,1
D0001655,U003630,Windows,网页,web,2026-07-30 14:41:02,1
D0001656,U004617,Android,网页,5.8.0,2025-12-27 00:56:00,1
D0001657,U002838,Windows,微信小程序,5.9.1,2026-07-28 13:27:40,1
D0001658,U002977,macOS,星购App,6.0.0,2026-04-20 08:12:09,1
D0001659,U004114,iOS,星购App,5.9.1,2025-05-15 00:31:20,1
D0001660,U000857,Android,网页,5.9.1,2025-08-03 23:00:15,1
D0001661,U004089,Android,星购App,5.8.0,2026-04-15 06:52:54,1
D0001662,U003613,iOS,星购App,5.9.1,2026-02-21 17:44:55,1
D0001663,U001702,Android,星购App,6.0.0,2026-05-27 21:50:03,1
D0001664,U004657,Android,微信小程序,5.8.0,2025-05-14 17:59:25,1
D0001665,U004737,iOS,微信小程序,5.9.1,2025-08-24 05:56:57,1
D0001666,U004222,Android,星购App,web,2026-03-08 10:11:06,1
D0001667,U004668,Android,星购App,5.9.1,2026-07-12 05:50:55,1
D0001668,U003498,Android,网页,web,2025-12-11 19:00:34,1
D0001669,U002393,Android,星购App,5.8.0,2025-10-21 22:54:48,1
D0001670,U000114,Android,网页,5.9.1,2026-04-24 00:19:08,1
D0001671,U000791,iOS,微信小程序,5.8.0,2025-10-13 23:28:50,1
D0001672,U003970,iOS,星购App,6.0.0,2026-02-22 08:53:34,1
D0001673,U001004,Android,星购App,6.0.0,2026-08-22 20:28:05,1
D0001674,U002715,Android,星购App,6.0.0,2026-06-03 08:20:10,1
D0001675,U003382,Android,星购App,5.8.0,2026-04-18 03:11:21,1
D0001676,U001763,Windows,网页,5.9.1,2026-04-07 08:53:07,1
D0001677,U004595,Android,星购App,5.9.1,2026-01-07 18:38:13,1
D0001678,U002934,Android,星购App,5.9.1,2026-04-02 03:59:02,1
D0001679,U000456,iOS,星购App,6.0.0,2025-08-27 19:02:34,1
D0001680,U000311,Windows,星购App,6.0.0,2025-04-20 12:41:06,1
D0001681,U001246,Android,星购App,6.0.0,2025-08-19 09:21:49,1
D0001682,U000701,Windows,微信小程序,5.9.1,2026-01-18 16:56:56,1
D0001683,U001068,Android,星购App,5.9.1,2025-02-20 01:06:23,1
D0001684,U002221,iOS,星购App,6.0.0,2026-02-27 10:05:33,1
D0001685,U002527,iOS,网页,6.0.0,2025-01-28 02:16:08,1
D0001686,U000454,Windows,微信小程序,6.0.0,2026-05-27 14:42:56,1
D0001687,U004162,Windows,微信小程序,5.9.1,2026-05-06 01:08:29,1
D0001688,U004891,Windows,星购App,5.9.1,2025-07-18 09:34:21,1
D0001689,U002585,iOS,微信小程序,5.8.0,2025-09-30 11:31:44,1
D0001690,U001987,iOS,星购App,5.9.1,2026-03-06 04:43:25,1
D0001691,U004532,Android,星购App,6.0.0,2026-01-16 04:48:11,1
D0001692,U004530,iOS,网页,6.0.0,2026-04-19 09:56:42,1
D0001693,U003328,iOS,星购App,6.0.0,2025-03-24 01:46:09,1
D0001694,U002761,iOS,星购App,6.0.0,2025-10-17 07:34:29,1
D0001695,U002118,Android,星购App,6.0.0,2025-06-09 06:43:34,1
D0001696,U002729,macOS,微信小程序,5.8.0,2025-05-19 07:56:05,1
D0001697,U003737,iOS,星购App,5.9.1,2025-05-14 16:11:44,1
D0001698,U000931,iOS,星购App,5.9.1,2025-06-11 03:16:05,1
D0001699,U002627,Android,星购App,5.9.1,2025-07-16 13:46:24,1
D0001700,U003862,Android,星购App,6.0.0,2025-11-08 02:25:17,1
D0001701,U001765,Windows,网页,6.0.0,2026-05-29 00:39:48,1
D0001702,U001100,iOS,星购App,6.0.0,2026-04-24 07:52:30,1
D0001703,U000898,Android,星购App,5.9.1,2026-02-05 13:20:01,1
D0001704,U001784,iOS,星购App,5.8.0,2025-11-07 14:54:20,1
D0001705,U001037,Android,网页,6.0.0,2025-07-22 18:56:38,1
D0001706,U004302,iOS,星购App,web,2025-11-15 07:02:57,1
D0001707,U000568,iOS,星购App,6.0.0,2025-05-13 04:44:38,1
D0001708,U001884,Android,星购App,6.0.0,2026-05-26 04:20:57,1
D0001709,U001373,Android,网页,5.9.1,2025-08-12 00:23:38,1
D0001710,U001649,Windows,微信小程序,6.0.0,2026-03-10 06:10:36,1
D0001711,U003663,iOS,网页,5.8.0,2026-07-21 13:22:50,1
D0001712,U001649,macOS,网页,5.8.0,2025-05-31 23:27:45,1
D0001713,U001592,Windows,星购App,web,2025-07-22 01:01:10,1
D0001714,U003881,iOS,星购App,6.0.0,2025-11-29 17:30:56,1
D0001715,U002262,Android,星购App,6.0.0,2025-05-29 21:34:56,1
D0001716,U001727,Android,网页,5.8.0,2025-10-17 20:28:35,1
D0001717,U004115,Android,微信小程序,5.8.0,2026-07-15 23:03:14,1
D0001718,U001690,iOS,星购App,6.0.0,2025-01-26 21:50:28,1
D0001719,U001788,iOS,星购App,6.0.0,2025-08-05 01:24:19,1
D0001720,U001638,macOS,星购App,5.8.0,2025-12-14 23:19:11,1
D0001721,U001261,Android,星购App,6.0.0,2025-07-31 23:42:38,1
D0001722,U002287,Android,网页,5.8.0,2025-10-01 04:59:31,1
D0001723,U002421,iOS,网页,5.9.1,2025-01-14 01:39:03,1
D0001724,U001690,Android,星购App,6.0.0,2025-01-22 08:13:09,1
D0001725,U004560,Windows,微信小程序,5.9.1,2025-07-24 21:29:16,1
D0001726,U000154,Android,星购App,web,2026-05-24 02:09:41,1
D0001727,U001601,Windows,星购App,5.9.1,2025-12-30 10:50:17,1
D0001728,U001786,Android,微信小程序,web,2025-08-25 03:51:49,1
D0001729,U003198,iOS,网页,6.0.0,2026-07-28 18:31:13,1
D0001730,U004030,iOS,星购App,5.9.1,2025-05-02 12:24:37,1
D0001731,U003849,iOS,星购App,5.9.1,2025-04-22 13:22:04,1
D0001732,U003556,iOS,网页,5.8.0,2026-06-18 14:51:31,1
D0001733,U001103,Android,星购App,5.9.1,2025-05-06 09:53:05,1
D0001734,U002013,Windows,微信小程序,5.8.0,2025-07-23 17:49:21,1
D0001735,U002842,Android,网页,6.0.0,2025-07-17 10:55:49,1
D0001736,U001737,iOS,微信小程序,5.9.1,2025-09-06 17:10:01,1
D0001737,U003316,Android,微信小程序,5.9.1,2025-03-04 18:13:17,1
D0001738,U004626,iOS,星购App,5.9.1,2025-03-06 00:16:17,1
D0001739,U002869,iOS,星购App,6.0.0,2026-01-31 14:17:25,1
D0001740,U003764,macOS,星购App,6.0.0,2025-10-01 19:11:12,1
D0001741,U003285,Android,星购App,5.8.0,2025-04-15 01:35:21,1
D0001742,U000750,macOS,星购App,6.0.0,2025-03-26 05:01:37,1
D0001743,U002483,Android,网页,6.0.0,2026-07-16 05:10:21,1
D0001744,U003228,iOS,微信小程序,5.9.1,2025-08-10 23:37:16,1
D0001745,U000196,iOS,网页,5.9.1,2025-12-12 15:30:45,1
D0001746,U004143,Windows,星购App,5.8.0,2026-05-01 09:38:22,1
D0001747,U002095,Android,微信小程序,6.0.0,2026-02-12 09:18:04,1
D0001748,U003054,Windows,星购App,6.0.0,2026-01-06 13:08:09,1
D0001749,U000706,iOS,星购App,5.8.0,2026-04-21 19:39:16,1
D0001750,U003143,Windows,微信小程序,web,2025-04-26 14:16:32,1
D0001751,U002709,iOS,微信小程序,5.8.0,2026-05-17 07:13:56,1
D0001752,U003105,Android,微信小程序,5.9.1,2026-07-05 15:23:28,1
D0001753,U001007,Android,星购App,5.8.0,2026-03-29 10:08:46,1
D0001754,U003417,Android,星购App,6.0.0,2026-08-20 13:16:37,1
D0001755,U002144,Android,星购App,5.9.1,2026-08-03 10:52:11,1
D0001756,U003099,Android,微信小程序,5.8.0,2026-03-29 05:51:02,1
D0001757,U000719,iOS,星购App,6.0.0,2025-11-27 01:27:21,1
D0001758,U000851,Windows,微信小程序,5.9.1,2026-08-05 07:11:10,1
D0001759,U003418,Android,星购App,5.9.1,2025-12-02 13:12:17,1
D0001760,U004063,iOS,微信小程序,5.9.1,2026-03-14 05:39:26,1
D0001761,U000006,Android,网页,5.8.0,2025-12-11 15:16:32,1
D0001762,U004648,Android,星购App,6.0.0,2026-05-06 21:04:03,1
D0001763,U002335,Android,网页,web,2026-03-23 07:28:49,1
D0001764,U003317,Android,星购App,5.9.1,2026-05-11 09:40:44,1
D0001765,U001333,iOS,星购App,5.9.1,2026-04-24 20:12:51,1
D0001766,U001549,iOS,星购App,6.0.0,2025-03-21 16:56:46,1
D0001767,U001485,Windows,微信小程序,5.8.0,2025-01-09 23:48:47,1
D0001768,U004717,Android,微信小程序,5.9.1,2026-03-08 05:18:12,1
D0001769,U002933,iOS,星购App,6.0.0,2026-08-13 06:40:38,1
D0001770,U004063,iOS,星购App,5.9.1,2025-10-28 23:40:06,1
D0001771,U001987,Android,星购App,5.9.1,2026-05-19 23:16:52,1
D0001772,U004704,Android,星购App,web,2025-06-24 04:21:25,1
D0001773,U003504,Android,星购App,5.8.0,2026-07-05 06:45:08,1
D0001774,U003533,Android,星购App,6.0.0,2025-02-13 05:27:10,1
D0001775,U001032,iOS,星购App,web,2026-07-09 18:20:47,1
D0001776,U001303,macOS,网页,5.8.0,2025-04-06 14:22:59,1
D0001777,U001357,Android,星购App,5.8.0,2025-09-05 21:07:19,1
D0001778,U004796,Android,网页,5.9.1,2025-11-28 21:31:16,1
D0001779,U004990,Windows,星购App,5.8.0,2026-04-04 18:07:52,1
D0001780,U002470,iOS,网页,6.0.0,2026-04-02 15:13:21,1
D0001781,U001827,iOS,星购App,5.9.1,2026-02-26 00:26:48,1
D0001782,U000813,iOS,微信小程序,6.0.0,2025-09-13 15:28:56,1
D0001783,U003412,Windows,网页,5.8.0,2026-08-02 22:29:13,1
D0001784,U002390,iOS,星购App,web,2025-08-19 04:51:27,1
D0001785,U003372,macOS,星购App,web,2025-10-18 21:50:56,1
D0001786,U000072,Android,星购App,5.9.1,2025-12-13 05:13:40,1
D0001787,U004643,Windows,网页,5.8.0,2026-07-17 10:45:04,1
D0001788,U004945,iOS,星购App,5.9.1,2026-07-29 20:07:52,1
D0001789,U001680,Android,星购App,web,2026-02-03 14:51:17,1
D0001790,U002671,Android,星购App,web,2026-06-15 04:51:55,1
D0001791,U001982,Windows,星购App,5.9.1,2025-02-13 16:22:03,1
D0001792,U003819,Android,星购App,6.0.0,2025-12-06 20:17:52,1
D0001793,U002407,Android,星购App,5.9.1,2026-01-21 12:24:38,1
D0001794,U002983,Windows,星购App,5.9.1,2025-09-30 19:36:26,1
D0001795,U002230,Android,星购App,web,2025-07-19 23:00:12,1
D0001796,U000663,iOS,微信小程序,6.0.0,2026-05-14 01:02:28,1
D0001797,U001834,Windows,星购App,6.0.0,2026-06-08 00:14:51,1
D0001798,U001791,iOS,星购App,6.0.0,2025-08-04 21:07:12,1
D0001799,U003158,Android,星购App,6.0.0,2026-06-06 06:10:40,1
D0001800,U001632,Android,星购App,5.9.1,2025-06-11 15:33:14,1
D0001801,U000212,iOS,星购App,6.0.0,2026-07-31 23:48:15,1
D0001802,U003330,iOS,星购App,6.0.0,2026-07-10 17:59:16,1
D0001803,U004467,Android,星购App,web,2025-04-27 10:46:02,1
D0001804,U002608,Windows,网页,5.9.1,2026-01-25 17:29:49,1
D0001805,U001479,Android,微信小程序,5.9.1,2025-09-28 22:08:51,1
D0001806,U003343,iOS,星购App,web,2026-02-09 16:32:25,1
D0001807,U000577,Android,微信小程序,5.8.0,2025-10-04 15:00:00,1
D0001808,U001566,iOS,星购App,web,2025-12-03 12:35:07,1
D0001809,U002292,Android,网页,6.0.0,2026-01-25 10:29:27,1
D0001810,U003293,macOS,星购App,5.8.0,2025-07-13 16:09:19,1
D0001811,U001017,Android,星购App,5.8.0,2026-05-20 16:14:14,1
D0001812,U003055,Android,星购App,6.0.0,2025-03-13 22:49:44,1
D0001813,U003271,Android,网页,5.9.1,2025-07-19 03:42:21,1
D0001814,U001352,Android,星购App,6.0.0,2026-07-30 08:49:27,1
D0001815,U003424,iOS,网页,5.9.1,2026-02-02 11:02:47,1
D0001816,U001141,Android,微信小程序,5.8.0,2026-01-02 16:49:30,1
D0001817,U001870,iOS,星购App,web,2025-06-08 12:32:02,1
D0001818,U000622,Android,星购App,5.9.1,2025-04-09 05:47:09,1
D0001819,U003172,iOS,微信小程序,5.9.1,2026-01-09 00:34:31,1
D0001820,U004546,Windows,星购App,6.0.0,2025-12-24 11:52:41,1
D0001821,U004747,Windows,网页,6.0.0,2026-05-26 23:17:26,1
D0001822,U001279,iOS,星购App,5.9.1,2026-02-11 02:29:31,1
D0001823,U004571,Android,微信小程序,5.8.0,2025-09-22 05:21:39,1
D0001824,U002727,iOS,星购App,6.0.0,2025-10-19 22:00:16,1
D0001825,U001260,macOS,星购App,6.0.0,2026-04-08 17:41:26,1
D0001826,U001718,iOS,网页,5.9.1,2026-03-24 11:35:09,1
D0001827,U000832,Windows,星购App,5.9.1,2026-04-11 08:42:27,1
D0001828,U003780,macOS,微信小程序,5.9.1,2025-04-18 00:48:30,1
D0001829,U003555,iOS,星购App,5.9.1,2025-01-28 19:19:49,1
D0001830,U003001,Android,星购App,5.8.0,2025-05-05 12:48:37,1
D0001831,U002427,Windows,微信小程序,web,2025-06-18 21:43:44,1
D0001832,U002448,Android,星购App,6.0.0,2026-02-05 20:48:59,1
D0001833,U000840,iOS,星购App,6.0.0,2025-11-20 19:10:13,1
D0001834,U003408,Windows,星购App,5.9.1,2026-06-06 09:39:30,1
D0001835,U000488,Android,网页,6.0.0,2026-08-06 00:46:46,1
D0001836,U002494,Android,星购App,5.9.1,2025-01-31 02:14:54,1
D0001837,U002057,Windows,微信小程序,6.0.0,2025-02-09 06:44:49,1
D0001838,U000045,Android,微信小程序,6.0.0,2025-08-26 03:08:43,1
D0001839,U003345,Windows,星购App,5.8.0,2025-03-16 22:46:11,1
D0001840,U001899,iOS,网页,6.0.0,2025-06-28 12:58:11,1
D0001841,U000810,Windows,星购App,5.9.1,2026-04-25 09:09:43,1
D0001842,U000826,Windows,微信小程序,6.0.0,2026-05-18 14:01:34,1
D0001843,U000501,Android,微信小程序,6.0.0,2026-08-16 09:14:40,1
D0001844,U000416,Android,星购App,6.0.0,2026-03-27 00:09:41,1
D0001845,U002041,Android,星购App,6.0.0,2025-06-19 16:52:00,1
D0001846,U000056,Android,星购App,6.0.0,2026-05-05 13:40:26,1
D0001847,U000846,Android,微信小程序,5.9.1,2025-03-21 02:03:32,1
D0001848,U002531,macOS,星购App,5.9.1,2026-01-29 22:30:17,1
D0001849,U001054,macOS,星购App,5.8.0,2026-01-17 16:43:33,1
D0001850,U001422,Android,星购App,5.9.1,2025-11-01 16:16:08,1
D0001851,U000507,Android,星购App,5.8.0,2025-08-30 23:05:06,1
D0001852,U001167,Android,星购App,web,2026-04-25 15:04:06,1
D0001853,U002438,macOS,网页,5.9.1,2025-04-07 06:03:26,1
D0001854,U004450,iOS,星购App,6.0.0,2025-12-20 17:00:26,1
D0001855,U004932,Android,网页,5.8.0,2025-02-17 21:54:36,1
D0001856,U002496,iOS,星购App,5.8.0,2025-08-25 06:48:08,1
D0001857,U003320,Android,星购App,5.8.0,2025-08-31 08:02:23,1
D0001858,U002132,Android,网页,6.0.0,2025-07-02 17:36:15,1
D0001859,U002052,Android,微信小程序,5.9.1,2026-03-24 18:45:11,1
D0001860,U002362,iOS,星购App,web,2026-02-21 01:34:41,1
D0001861,U000696,Android,星购App,6.0.0,2025-04-05 11:11:12,1
D0001862,U001871,Android,微信小程序,5.9.1,2025-12-11 19:41:19,1
D0001863,U000335,Android,网页,5.9.1,2025-01-04 12:50:13,1
D0001864,U002231,macOS,星购App,6.0.0,2025-01-07 14:58:36,1
D0001865,U004059,iOS,星购App,5.9.1,2025-11-25 09:39:18,1
D0001866,U002479,macOS,星购App,5.8.0,2026-07-15 06:05:38,1
D0001867,U001885,Android,星购App,6.0.0,2026-05-01 15:08:42,1
D0001868,U004310,Windows,星购App,5.9.1,2025-07-18 00:29:44,1
D0001869,U000447,iOS,网页,5.9.1,2025-06-19 13:27:29,1
D0001870,U000884,macOS,星购App,6.0.0,2025-03-18 22:31:44,1
D0001871,U000027,Windows,星购App,5.9.1,2025-10-18 18:11:41,1
D0001872,U002367,Windows,微信小程序,6.0.0,2025-05-11 14:31:44,1
D0001873,U004916,Android,星购App,5.8.0,2025-10-23 01:52:06,1
D0001874,U003395,Android,星购App,5.8.0,2026-07-14 11:39:59,1
D0001875,U000948,iOS,星购App,6.0.0,2025-02-26 04:22:40,1
D0001876,U000428,iOS,网页,5.8.0,2026-07-23 03:30:18,1
D0001877,U004360,Windows,星购App,5.9.1,2025-06-30 20:35:01,1
D0001878,U003250,iOS,星购App,web,2026-03-16 00:09:18,1
D0001879,U004766,Android,星购App,5.9.1,2025-01-13 09:25:07,1
D0001880,U004165,iOS,微信小程序,5.9.1,2026-06-01 04:01:13,1
D0001881,U003091,Android,星购App,6.0.0,2025-02-16 15:03:01,1
D0001882,U003086,Android,星购App,web,2025-12-15 13:04:31,1
D0001883,U001547,Android,网页,6.0.0,2026-02-27 14:33:10,1
D0001884,U003198,Android,星购App,5.9.1,2025-02-07 06:34:20,1
D0001885,U000990,Android,星购App,5.9.1,2025-02-20 01:21:48,1
D0001886,U004009,Android,网页,6.0.0,2026-08-13 21:37:09,1
D0001887,U001454,Android,微信小程序,6.0.0,2025-02-13 00:52:21,1
D0001888,U002928,Android,网页,5.9.1,2025-07-15 22:49:09,1
D0001889,U003776,Android,星购App,5.8.0,2026-06-17 05:46:03,1
D0001890,U001016,Android,星购App,web,2025-11-11 05:47:24,1
D0001891,U004397,Android,星购App,5.9.1,2025-04-07 14:04:50,1
D0001892,U002782,Android,星购App,5.9.1,2025-11-19 03:13:21,1
D0001893,U000797,Android,星购App,6.0.0,2025-11-06 02:21:53,1
D0001894,U002932,iOS,网页,5.9.1,2025-03-13 01:01:01,1
D0001895,U002757,Android,星购App,5.9.1,2025-09-26 10:59:15,1
D0001896,U001536,Android,网页,6.0.0,2026-01-10 05:24:42,1
D0001897,U004538,Android,网页,6.0.0,2026-07-15 11:46:40,1
D0001898,U000605,Android,星购App,5.8.0,2025-06-11 13:07:09,1
D0001899,U002767,iOS,星购App,web,2025-07-15 02:32:14,1
D0001900,U000537,Android,星购App,6.0.0,2025-04-16 02:39:41,1
D0001901,U002764,Windows,星购App,5.8.0,2026-01-26 21:14:30,1
D0001902,U004335,Android,微信小程序,web,2025-12-09 11:22:23,1
D0001903,U004508,iOS,星购App,6.0.0,2026-05-10 01:56:47,1
D0001904,U001536,iOS,星购App,6.0.0,2026-04-21 12:58:22,1
D0001905,U003860,Windows,星购App,5.9.1,2025-08-20 12:18:55,1
D0001906,U003146,Android,星购App,5.9.1,2025-08-05 01:00:46,1
D0001907,U002745,iOS,星购App,5.8.0,2025-08-14 13:07:13,1
D0001908,U002580,Android,微信小程序,web,2026-03-15 22:18:19,1
D0001909,U004910,iOS,网页,5.9.1,2025-05-27 02:41:57,1
D0001910,U004346,Android,星购App,6.0.0,2026-05-12 17:33:31,1
D0001911,U004085,Android,星购App,5.9.1,2026-06-10 08:31:56,1
D0001912,U004312,macOS,星购App,5.9.1,2025-11-10 00:35:46,1
D0001913,U004044,Android,星购App,5.9.1,2025-08-10 13:54:27,1
D0001914,U000999,Android,星购App,6.0.0,2026-08-04 14:17:16,1
D0001915,U004418,iOS,星购App,5.8.0,2026-03-07 02:55:14,1
D0001916,U004851,iOS,微信小程序,6.0.0,2026-01-26 14:43:44,1
D0001917,U002087,Android,星购App,5.9.1,2026-07-23 22:37:36,1
D0001918,U000556,Android,星购App,5.9.1,2026-04-02 04:48:09,1
D0001919,U001306,iOS,星购App,5.9.1,2025-02-24 11:55:00,1
D0001920,U003956,iOS,星购App,5.9.1,2026-07-06 23:44:05,1
D0001921,U002832,Android,星购App,6.0.0,2025-04-06 07:48:37,1
D0001922,U002333,macOS,星购App,6.0.0,2026-08-02 06:54:02,1
D0001923,U000441,iOS,星购App,web,2025-05-22 19:53:36,1
D0001924,U004514,Android,微信小程序,5.8.0,2026-04-03 17:52:35,1
D0001925,U001782,iOS,微信小程序,6.0.0,2026-02-23 21:37:44,1
D0001926,U003990,Android,星购App,6.0.0,2025-09-04 00:27:33,1
D0001927,U001366,Android,星购App,5.9.1,2025-04-22 11:32:39,1
D0001928,U003085,Windows,微信小程序,5.8.0,2025-11-21 09:00:52,1
D0001929,U001427,Android,星购App,6.0.0,2025-12-04 13:46:21,1
D0001930,U001849,iOS,星购App,6.0.0,2025-07-23 16:40:25,1
D0001931,U003893,Android,星购App,6.0.0,2025-05-02 05:04:36,1
D0001932,U000796,iOS,网页,5.8.0,2026-01-14 19:18:41,1
D0001933,U002086,iOS,星购App,5.8.0,2026-07-17 06:51:05,1
D0001934,U004714,Android,星购App,5.8.0,2025-04-12 21:11:25,1
D0001935,U004226,Android,微信小程序,5.9.1,2025-10-17 11:12:17,1
D0001936,U003863,Windows,星购App,6.0.0,2025-12-29 17:40:44,1
D0001937,U004075,Android,星购App,5.8.0,2026-03-29 22:06:58,1
D0001938,U002641,Android,微信小程序,5.9.1,2025-06-23 06:10:34,1
D0001939,U003363,Android,星购App,5.9.1,2025-08-26 11:51:02,1
D0001940,U001209,Android,星购App,5.9.1,2025-10-19 06:55:42,1
D0001941,U003738,iOS,星购App,5.9.1,2025-11-06 11:17:51,1
D0001942,U002207,Android,星购App,web,2025-08-07 19:59:18,1
D0001943,U001755,iOS,星购App,6.0.0,2025-04-04 20:25:56,1
D0001944,U003341,Android,星购App,5.9.1,2026-05-21 04:55:44,1
D0001945,U002508,iOS,星购App,5.8.0,2025-06-16 01:58:06,1
D0001946,U004322,iOS,星购App,5.9.1,2025-05-16 09:41:27,1
D0001947,U002755,Android,星购App,5.9.1,2025-09-02 07:01:16,1
D0001948,U004559,iOS,星购App,web,2026-01-17 06:50:36,1
D0001949,U003511,Android,网页,5.9.1,2025-01-13 07:03:31,1
D0001950,U003948,Android,网页,web,2026-05-13 08:51:10,1
D0001951,U003742,Android,微信小程序,6.0.0,2025-03-07 02:06:09,1
D0001952,U002655,Windows,微信小程序,5.9.1,2025-01-05 15:37:33,1
D0001953,U000005,Android,星购App,5.8.0,2025-06-01 06:42:10,1
D0001954,U003122,Android,星购App,6.0.0,2026-04-05 05:41:43,1
D0001955,U004751,iOS,星购App,6.0.0,2025-11-07 04:37:12,1
D0001956,U004027,iOS,星购App,5.8.0,2026-04-16 11:34:39,1
D0001957,U001002,Android,微信小程序,6.0.0,2026-07-22 18:27:45,1
D0001958,U004891,iOS,微信小程序,6.0.0,2025-08-27 20:18:25,1
D0001959,U002401,iOS,微信小程序,6.0.0,2026-04-24 20:20:30,1
D0001960,U000130,Android,星购App,5.8.0,2026-05-22 12:59:55,1
D0001961,U002017,Windows,微信小程序,5.9.1,2026-01-31 22:44:51,1
D0001962,U000910,Android,微信小程序,6.0.0,2025-02-18 05:52:18,1
D0001963,U000853,Android,星购App,6.0.0,2026-01-05 06:56:55,1
D0001964,U002062,Android,星购App,5.8.0,2025-10-15 04:52:45,1
D0001965,U004578,Android,微信小程序,6.0.0,2025-09-19 09:35:08,1
D0001966,U003422,iOS,星购App,web,2026-06-15 19:29:49,1
D0001967,U003235,iOS,星购App,web,2025-03-05 07:01:08,1
D0001968,U003455,Android,星购App,5.8.0,2025-05-11 08:50:40,1
D0001969,U003376,macOS,网页,5.8.0,2026-03-19 23:51:10,1
D0001970,U002468,Android,星购App,5.8.0,2026-03-03 13:37:58,1
D0001971,U000782,Android,星购App,5.9.1,2025-10-16 00:13:56,1
D0001972,U003403,Android,星购App,5.8.0,2025-05-08 11:22:43,1
D0001973,U002816,iOS,微信小程序,5.9.1,2025-08-10 06:54:33,1
D0001974,U001685,Android,微信小程序,6.0.0,2026-01-07 12:12:31,1
D0001975,U001492,Android,星购App,5.9.1,2025-09-03 22:52:17,1
D0001976,U002452,iOS,网页,5.9.1,2026-04-18 06:32:30,1
D0001977,U003561,macOS,星购App,web,2025-01-27 10:45:49,1
D0001978,U003029,iOS,星购App,5.9.1,2026-02-25 07:17:22,1
D0001979,U004957,Android,星购App,6.0.0,2026-03-15 06:16:02,1
D0001980,U000390,iOS,星购App,5.9.1,2025-05-02 04:33:14,1
D0001981,U004192,Android,星购App,6.0.0,2025-03-13 01:43:50,1
D0001982,U004388,iOS,星购App,6.0.0,2025-05-14 05:12:11,1
D0001983,U004171,iOS,星购App,5.9.1,2026-02-20 05:48:25,1
D0001984,U002379,iOS,网页,5.8.0,2025-04-07 11:16:22,1
D0001985,U001621,Android,星购App,5.9.1,2025-09-06 04:40:14,1
D0001986,U003441,iOS,星购App,5.8.0,2025-02-24 15:35:06,1
D0001987,U001554,iOS,星购App,5.9.1,2025-09-23 23:47:45,1
D0001988,U000999,Windows,星购App,5.8.0,2025-01-16 10:27:10,1
D0001989,U003394,iOS,微信小程序,5.8.0,2026-01-18 11:42:04,1
D0001990,U000613,Android,微信小程序,6.0.0,2026-02-11 00:46:54,1
D0001991,U002124,Android,微信小程序,5.8.0,2026-05-31 12:12:16,1
D0001992,U002289,Windows,微信小程序,5.9.1,2025-06-21 22:57:20,1
D0001993,U003918,iOS,网页,5.8.0,2025-07-10 19:14:41,1
D0001994,U002513,Android,星购App,5.9.1,2026-01-26 14:29:42,1
D0001995,U000941,iOS,星购App,5.8.0,2025-05-11 11:08:55,1
D0001996,U003200,Android,星购App,6.0.0,2025-12-08 21:09:20,1
D0001997,U003796,Android,微信小程序,6.0.0,2025-05-03 12:54:29,1
D0001998,U002268,Windows,微信小程序,6.0.0,2026-01-07 08:33:42,1
D0001999,U000030,iOS,星购App,6.0.0,2026-04-01 18:56:09,1
D0002000,U002209,iOS,星购App,6.0.0,2025-10-14 13:10:24,1
D0002001,U003050,Windows,微信小程序,6.0.0,2025-10-29 09:26:11,1
D0002002,U003450,iOS,星购App,5.9.1,2026-01-25 11:00:36,1
D0002003,U004489,Windows,星购App,5.9.1,2025-09-30 06:51:59,1
D0002004,U001016,Windows,星购App,6.0.0,2026-07-21 12:10:06,1
D0002005,U003370,Android,星购App,5.9.1,2025-05-13 18:26:13,1
D0002006,U003252,Android,网页,6.0.0,2025-02-07 18:21:06,1
D0002007,U001472,iOS,星购App,6.0.0,2026-04-27 10:29:47,1
D0002008,U003593,Android,网页,5.8.0,2026-08-03 18:31:22,1
D0002009,U002198,iOS,星购App,6.0.0,2026-06-30 23:12:26,1
D0002010,U001738,iOS,星购App,5.9.1,2025-06-12 15:48:50,1
D0002011,U001041,Android,星购App,5.9.1,2026-07-27 06:21:16,1
D0002012,U004803,Android,星购App,6.0.0,2026-05-12 09:53:18,1
D0002013,U000802,Android,星购App,5.8.0,2026-08-22 22:51:51,1
D0002014,U000263,iOS,星购App,5.8.0,2025-01-18 01:22:34,1
D0002015,U004930,Android,星购App,6.0.0,2026-06-27 20:59:38,1
D0002016,U000034,iOS,微信小程序,5.8.0,2026-01-30 22:45:46,1
D0002017,U004704,Android,星购App,web,2026-03-27 05:53:33,1
D0002018,U003048,Android,微信小程序,6.0.0,2025-07-04 15:55:45,1
D0002019,U003227,Android,星购App,5.8.0,2025-10-25 21:21:00,1
D0002020,U002080,iOS,网页,5.9.1,2025-09-07 07:48:46,1
D0002021,U001711,Android,星购App,6.0.0,2026-04-01 01:59:40,1
D0002022,U000923,Android,网页,6.0.0,2025-07-19 11:51:05,1
D0002023,U000089,Android,微信小程序,web,2026-05-29 22:02:09,1
D0002024,U002313,Android,星购App,5.8.0,2025-11-01 13:10:40,1
D0002025,U001765,Android,星购App,5.9.1,2026-04-05 15:56:51,1
D0002026,U002317,iOS,星购App,5.9.1,2025-10-18 05:44:59,1
D0002027,U004676,Android,星购App,5.9.1,2025-08-28 08:15:12,1
D0002028,U002089,Android,微信小程序,5.9.1,2026-07-27 17:53:57,1
D0002029,U001383,Windows,星购App,web,2025-02-04 08:56:31,1
D0002030,U001428,Android,微信小程序,6.0.0,2025-07-31 02:02:47,1
D0002031,U002751,Android,星购App,5.8.0,2025-12-30 09:30:52,1
D0002032,U003199,iOS,星购App,5.9.1,2026-06-17 16:32:25,1
D0002033,U002505,Android,星购App,6.0.0,2025-01-17 12:29:21,1
D0002034,U001182,Android,星购App,5.8.0,2025-01-06 00:59:13,1
D0002035,U003642,iOS,微信小程序,6.0.0,2026-01-16 06:30:06,1
D0002036,U004120,Android,微信小程序,5.8.0,2025-01-02 20:22:57,1
D0002037,U001128,Android,星购App,6.0.0,2025-02-07 16:51:25,1
D0002038,U004042,iOS,微信小程序,5.9.1,2026-04-05 04:00:30,1
D0002039,U004446,Android,微信小程序,5.9.1,2026-03-08 07:37:22,1
D0002040,U000964,macOS,微信小程序,5.8.0,2025-09-28 14:21:28,1
D0002041,U002226,iOS,网页,5.9.1,2026-03-09 13:40:24,1
D0002042,U003709,iOS,星购App,6.0.0,2025-05-06 16:56:07,1
D0002043,U000723,Android,微信小程序,6.0.0,2025-08-10 13:33:23,1
D0002044,U002353,Android,网页,5.9.1,2025-08-29 02:34:12,1
D0002045,U000528,macOS,微信小程序,5.8.0,2025-08-08 18:20:31,1
D0002046,U000823,Android,星购App,6.0.0,2026-05-06 04:46:43,1
D0002047,U004415,macOS,星购App,6.0.0,2025-08-20 17:58:20,1
D0002048,U004092,Android,微信小程序,5.9.1,2025-11-30 11:39:08,1
D0002049,U003532,Android,星购App,5.8.0,2026-07-26 02:07:29,1
D0002050,U000149,Android,微信小程序,6.0.0,2026-01-19 12:44:23,1
D0002051,U000150,iOS,星购App,web,2025-04-02 20:11:19,1
D0002052,U001038,iOS,微信小程序,5.9.1,2026-04-19 00:27:56,1
D0002053,U003655,Windows,星购App,5.8.0,2025-05-31 07:12:22,1
D0002054,U003316,Android,星购App,5.9.1,2026-05-27 11:45:52,1
D0002055,U004371,Android,星购App,5.9.1,2025-02-24 07:43:15,1
D0002056,U001561,Android,星购App,5.8.0,2026-05-28 07:52:46,1
D0002057,U001670,Android,星购App,6.0.0,2025-09-08 06:54:33,1
D0002058,U002182,Android,微信小程序,web,2025-09-28 08:38:29,1
D0002059,U002680,Android,微信小程序,6.0.0,2026-06-13 14:34:37,1
D0002060,U004006,Android,星购App,6.0.0,2025-05-02 01:15:49,1
D0002061,U002426,Android,星购App,5.8.0,2025-03-09 02:45:34,1
D0002062,U003710,iOS,网页,web,2025-05-15 04:32:53,1
D0002063,U001425,Android,星购App,5.8.0,2026-01-01 20:34:49,1
D0002064,U004294,iOS,星购App,web,2025-01-04 23:25:47,1
D0002065,U000116,macOS,星购App,5.9.1,2026-08-09 12:29:11,1
D0002066,U001482,iOS,星购App,5.9.1,2026-03-30 17:28:28,1
D0002067,U001724,iOS,网页,6.0.0,2025-03-02 08:16:36,1
D0002068,U000144,Android,星购App,5.8.0,2026-03-31 22:27:44,1
D0002069,U001164,iOS,星购App,6.0.0,2026-04-16 10:22:58,1
D0002070,U002767,iOS,星购App,5.8.0,2025-01-30 08:03:14,1
D0002071,U000107,Android,微信小程序,6.0.0,2026-08-04 12:56:14,1
D0002072,U004243,Android,网页,6.0.0,2025-09-27 14:29:51,1
D0002073,U004941,Android,星购App,6.0.0,2026-04-19 09:55:33,1
D0002074,U002924,Android,星购App,web,2025-01-23 09:59:53,1
D0002075,U000811,Android,星购App,6.0.0,2025-11-01 04:10:39,1
D0002076,U001656,Android,星购App,5.9.1,2026-01-15 22:59:35,1
D0002077,U001512,iOS,星购App,6.0.0,2026-01-18 05:03:02,1
D0002078,U003768,Android,微信小程序,5.9.1,2025-02-08 19:56:02,1
D0002079,U002799,Android,星购App,5.9.1,2026-05-05 16:27:34,1
D0002080,U001527,iOS,星购App,5.9.1,2025-09-12 05:59:33,1
D0002081,U000318,Android,微信小程序,6.0.0,2025-11-17 01:11:48,1
D0002082,U000774,iOS,网页,6.0.0,2026-01-09 02:52:29,1
D0002083,U002553,Android,星购App,5.9.1,2025-05-14 11:16:24,1
D0002084,U000744,iOS,星购App,6.0.0,2026-01-07 06:33:06,1
D0002085,U004198,Android,星购App,5.8.0,2025-08-01 14:13:17,1
D0002086,U004331,iOS,网页,5.9.1,2025-07-06 18:07:34,1
D0002087,U004102,Android,星购App,6.0.0,2025-11-23 12:37:18,1
D0002088,U004731,Android,星购App,5.9.1,2025-10-14 11:18:41,1
D0002089,U004274,Android,网页,5.9.1,2026-01-26 19:58:07,1
D0002090,U001784,Android,微信小程序,5.8.0,2026-06-29 13:29:25,1
D0002091,U004951,Android,星购App,5.8.0,2025-06-14 10:09:30,1
D0002092,U001941,iOS,微信小程序,5.9.1,2025-02-09 16:43:30,1
D0002093,U004734,Android,星购App,6.0.0,2026-03-04 21:35:18,1
D0002094,U002755,Android,星购App,5.9.1,2025-08-18 04:37:23,1
D0002095,U000585,Android,星购App,5.8.0,2025-03-25 22:33:40,1
D0002096,U003710,iOS,星购App,web,2025-12-10 19:31:09,1
D0002097,U001989,Android,微信小程序,5.9.1,2026-01-31 02:27:51,1
D0002098,U003737,Windows,星购App,6.0.0,2025-02-12 03:28:22,1
D0002099,U004833,Android,星购App,5.9.1,2025-06-11 14:57:28,1
D0002100,U003782,Android,网页,web,2025-06-21 13:16:01,1
D0002101,U004199,Android,星购App,5.9.1,2026-01-28 14:09:39,1
D0002102,U004581,Android,网页,6.0.0,2026-03-08 12:59:12,1
D0002103,U003748,Android,星购App,5.9.1,2025-06-05 10:19:51,1
D0002104,U001555,Android,微信小程序,5.9.1,2025-12-24 18:59:16,1
D0002105,U000775,macOS,微信小程序,5.9.1,2025-03-19 09:06:39,1
D0002106,U004059,Android,星购App,5.8.0,2026-04-19 00:07:09,1
D0002107,U004173,Android,星购App,5.9.1,2025-10-04 23:59:34,1
D0002108,U001773,Android,星购App,5.9.1,2025-06-06 09:37:00,1
D0002109,U003311,macOS,星购App,6.0.0,2025-05-02 19:27:44,1
D0002110,U001036,Windows,网页,5.8.0,2026-05-12 15:11:36,1
D0002111,U004805,iOS,星购App,5.9.1,2025-06-03 01:05:15,1
D0002112,U003040,iOS,网页,5.8.0,2025-03-08 22:19:58,1
D0002113,U001896,iOS,微信小程序,5.9.1,2025-06-13 09:55:10,1
D0002114,U004057,Android,星购App,5.9.1,2025-04-12 13:03:01,1
D0002115,U002220,Android,微信小程序,5.8.0,2026-03-22 22:10:10,1
D0002116,U002102,Windows,星购App,6.0.0,2025-04-10 02:44:34,1
D0002117,U004734,Android,微信小程序,5.9.1,2026-03-04 10:04:09,1
D0002118,U001278,Android,星购App,6.0.0,2025-04-18 04:34:15,1
D0002119,U002707,macOS,星购App,5.9.1,2025-09-04 17:52:14,1
D0002120,U001727,iOS,星购App,5.8.0,2025-08-28 20:09:14,1
D0002121,U001221,iOS,微信小程序,6.0.0,2026-03-13 19:02:26,1
D0002122,U003301,iOS,微信小程序,6.0.0,2026-05-30 00:20:07,1
D0002123,U002530,Android,星购App,6.0.0,2025-03-29 09:59:00,1
D0002124,U001446,Android,星购App,5.8.0,2026-01-11 10:48:24,1
D0002125,U003334,Android,星购App,5.8.0,2025-05-01 06:39:51,1
D0002126,U003983,Android,网页,5.8.0,2025-09-09 14:57:03,1
D0002127,U002102,iOS,网页,5.9.1,2025-02-08 10:06:00,1
D0002128,U002602,iOS,星购App,6.0.0,2026-07-01 02:02:40,1
D0002129,U001887,Android,星购App,5.8.0,2025-08-20 07:13:59,1
D0002130,U000197,macOS,星购App,5.9.1,2025-08-16 06:28:07,1
D0002131,U003096,Android,星购App,6.0.0,2025-01-03 11:46:53,1
D0002132,U000828,Android,网页,5.9.1,2026-06-23 21:35:33,1
D0002133,U003411,iOS,星购App,web,2026-03-18 22:49:49,1
D0002134,U000262,Android,网页,5.9.1,2026-01-06 13:22:58,1
D0002135,U003853,Windows,星购App,5.9.1,2025-06-19 16:54:38,1
D0002136,U003174,iOS,网页,5.9.1,2025-04-06 05:42:51,1
D0002137,U001853,iOS,网页,6.0.0,2025-02-13 19:03:41,1
D0002138,U004948,iOS,星购App,5.8.0,2026-03-31 00:00:04,1
D0002139,U002214,iOS,星购App,5.8.0,2025-08-12 19:55:43,1
D0002140,U003256,iOS,星购App,5.9.1,2025-04-14 17:54:26,1
D0002141,U004951,Android,星购App,5.9.1,2026-03-11 01:03:53,1
D0002142,U001822,iOS,微信小程序,6.0.0,2026-01-26 15:10:27,1
D0002143,U004191,Android,星购App,6.0.0,2026-07-27 23:32:35,1
D0002144,U001453,Android,网页,5.9.1,2026-02-16 07:04:42,1
D0002145,U000682,iOS,网页,6.0.0,2026-04-17 02:37:16,1
D0002146,U003464,iOS,星购App,5.9.1,2025-06-02 00:46:14,1
D0002147,U002388,Android,星购App,5.8.0,2025-07-04 14:45:21,1
D0002148,U002941,iOS,星购App,6.0.0,2025-08-05 00:11:26,1
D0002149,U000954,Windows,星购App,5.8.0,2026-06-14 23:47:51,1
D0002150,U004469,Android,星购App,6.0.0,2025-07-16 15:00:39,1
D0002151,U001988,iOS,星购App,5.9.1,2026-07-27 13:24:44,1
D0002152,U004272,Windows,星购App,5.9.1,2025-07-08 18:36:17,1
D0002153,U004216,iOS,星购App,5.9.1,2026-01-08 17:23:46,1
D0002154,U004249,iOS,星购App,5.9.1,2026-03-13 19:15:32,1
D0002155,U002709,iOS,微信小程序,web,2026-08-14 00:04:10,1
D0002156,U002365,iOS,星购App,6.0.0,2025-09-25 15:21:45,1
D0002157,U003379,Android,网页,5.8.0,2026-03-24 20:01:56,1
D0002158,U004702,Android,微信小程序,5.9.1,2025-01-10 06:38:40,1
D0002159,U003564,Windows,网页,6.0.0,2026-01-04 18:40:33,1
D0002160,U003227,iOS,微信小程序,5.9.1,2025-03-20 10:56:11,1
D0002161,U001919,Android,星购App,5.8.0,2026-01-17 03:56:11,1
D0002162,U000385,iOS,星购App,6.0.0,2026-08-20 23:11:32,1
D0002163,U002094,iOS,网页,5.9.1,2026-04-19 22:50:55,1
D0002164,U003367,Android,星购App,web,2025-06-16 05:30:40,1
D0002165,U000926,Windows,微信小程序,6.0.0,2025-05-09 15:26:01,1
D0002166,U000099,macOS,星购App,6.0.0,2026-03-28 04:42:25,1
D0002167,U004122,Android,星购App,6.0.0,2026-04-06 21:57:36,1
D0002168,U000052,iOS,星购App,6.0.0,2025-10-24 06:44:47,1
D0002169,U001755,iOS,微信小程序,5.8.0,2025-09-23 06:10:37,1
D0002170,U003507,Android,微信小程序,6.0.0,2025-04-13 06:38:21,1
D0002171,U000305,Windows,星购App,6.0.0,2025-04-10 10:05:16,1
D0002172,U002160,Android,星购App,5.8.0,2026-04-10 08:25:38,1
D0002173,U000818,Android,星购App,web,2026-01-15 02:39:40,1
D0002174,U002630,iOS,星购App,6.0.0,2025-08-21 20:15:49,1
D0002175,U004936,Android,星购App,5.8.0,2025-06-04 08:29:05,1
D0002176,U003051,Android,星购App,5.8.0,2026-04-12 10:21:34,1
D0002177,U000839,iOS,星购App,5.8.0,2026-07-13 10:38:58,1
D0002178,U004999,Windows,星购App,5.8.0,2025-09-17 01:54:35,1
D0002179,U001799,Android,微信小程序,5.9.1,2025-03-25 13:57:49,1
D0002180,U003115,Android,网页,5.8.0,2025-11-02 01:01:45,1
D0002181,U001637,Windows,星购App,web,2025-05-04 07:32:14,1
D0002182,U002097,iOS,星购App,5.9.1,2026-07-10 16:52:47,1
D0002183,U002294,Android,微信小程序,6.0.0,2025-01-18 22:34:03,1
D0002184,U003053,iOS,星购App,6.0.0,2025-12-04 13:33:35,1
D0002185,U004223,Android,星购App,5.8.0,2025-03-25 15:40:39,1
D0002186,U002660,iOS,星购App,5.8.0,2025-11-24 12:49:04,1
D0002187,U002525,iOS,网页,5.8.0,2026-06-08 09:40:40,1
D0002188,U003523,iOS,微信小程序,5.8.0,2025-07-28 21:34:39,1
D0002189,U004643,Android,星购App,5.9.1,2026-02-21 21:23:42,1
D0002190,U003358,Android,网页,5.8.0,2025-12-19 16:49:14,1
D0002191,U001683,Android,微信小程序,6.0.0,2026-04-27 04:06:24,1
D0002192,U001869,iOS,网页,6.0.0,2025-08-01 23:52:11,1
D0002193,U001499,Android,网页,5.9.1,2025-04-19 21:45:32,1
D0002194,U000679,iOS,星购App,6.0.0,2025-11-09 16:22:34,1
D0002195,U002978,Windows,星购App,6.0.0,2026-01-14 10:29:59,1
D0002196,U003728,Android,星购App,5.9.1,2025-03-08 07:38:57,1
D0002197,U002512,Windows,星购App,6.0.0,2025-03-10 18:36:27,1
D0002198,U000964,iOS,微信小程序,5.8.0,2026-06-07 05:16:58,1
D0002199,U002893,Android,星购App,5.9.1,2026-06-03 23:12:13,1
D0002200,U002874,Android,星购App,6.0.0,2025-04-03 16:08:30,1
D0002201,U001388,Windows,网页,5.8.0,2026-04-05 07:36:41,1
D0002202,U002887,Android,星购App,6.0.0,2026-04-25 20:42:49,1
D0002203,U002306,iOS,星购App,6.0.0,2025-02-02 13:37:22,1
D0002204,U002095,Android,微信小程序,6.0.0,2026-01-30 04:48:59,1
D0002205,U001389,Windows,星购App,5.9.1,2026-03-23 15:09:08,1
D0002206,U002578,iOS,星购App,5.8.0,2026-06-03 19:04:10,1
D0002207,U002093,Android,网页,5.9.1,2025-12-14 09:59:45,1
D0002208,U004305,iOS,星购App,5.9.1,2025-01-13 09:32:58,1
D0002209,U003972,Android,星购App,5.8.0,2026-02-03 23:35:15,1
D0002210,U000194,Android,星购App,6.0.0,2026-03-08 20:39:07,1
D0002211,U001338,Android,星购App,5.8.0,2025-05-10 17:27:20,1
D0002212,U001205,macOS,微信小程序,5.8.0,2025-09-24 00:25:50,1
D0002213,U001550,macOS,微信小程序,6.0.0,2025-06-28 19:31:47,1
D0002214,U004425,Android,星购App,5.8.0,2026-01-07 01:45:01,1
D0002215,U004181,Android,星购App,6.0.0,2025-11-21 21:34:56,1
D0002216,U000844,Windows,星购App,5.9.1,2026-05-21 01:53:50,1
D0002217,U000939,iOS,星购App,5.8.0,2025-12-02 20:21:42,1
D0002218,U001290,iOS,网页,web,2025-08-19 07:40:59,1
D0002219,U002026,Windows,星购App,6.0.0,2025-05-20 03:49:54,1
D0002220,U001305,Android,星购App,5.9.1,2025-06-16 20:43:57,1
D0002221,U001916,iOS,星购App,5.9.1,2025-08-02 16:00:08,1
D0002222,U002185,iOS,星购App,6.0.0,2025-09-08 16:31:16,1
D0002223,U000021,Android,星购App,5.8.0,2025-01-02 02:36:47,1
D0002224,U001594,iOS,星购App,6.0.0,2025-11-05 06:17:54,1
D0002225,U003347,iOS,星购App,6.0.0,2026-03-28 20:48:32,1
D0002226,U000815,Android,微信小程序,6.0.0,2025-01-07 09:13:10,1
D0002227,U003175,iOS,星购App,5.9.1,2025-10-23 05:46:54,1
D0002228,U001375,Windows,网页,5.9.1,2025-09-11 08:51:36,1
D0002229,U004549,Android,星购App,5.9.1,2026-03-11 00:34:18,1
D0002230,U001605,Android,星购App,5.8.0,2026-08-20 15:39:19,1
D0002231,U003893,Android,网页,5.9.1,2025-10-05 10:39:31,1
D0002232,U003568,Android,星购App,5.8.0,2025-05-30 18:32:52,1
D0002233,U002457,iOS,星购App,6.0.0,2026-01-14 03:06:31,1
D0002234,U000925,Windows,星购App,6.0.0,2026-08-14 23:37:57,1
D0002235,U000535,iOS,星购App,6.0.0,2026-01-10 22:44:26,1
D0002236,U002717,Android,星购App,6.0.0,2025-04-17 11:27:44,1
D0002237,U002255,iOS,星购App,web,2025-08-11 16:10:38,1
D0002238,U000541,Windows,星购App,6.0.0,2026-07-28 09:53:21,1
D0002239,U001592,iOS,星购App,5.9.1,2026-06-03 22:12:32,1
D0002240,U000405,Android,网页,6.0.0,2025-04-08 12:14:30,1
D0002241,U001128,Android,网页,6.0.0,2025-10-01 19:18:40,1
D0002242,U003053,iOS,星购App,5.9.1,2026-03-17 18:50:23,1
D0002243,U004060,iOS,星购App,5.8.0,2025-06-22 18:40:39,1
D0002244,U004752,Android,星购App,6.0.0,2025-07-05 14:31:19,1
D0002245,U003297,Android,星购App,5.8.0,2026-06-04 03:23:02,1
D0002246,U003234,iOS,微信小程序,6.0.0,2026-07-22 12:43:21,1
D0002247,U001227,iOS,星购App,6.0.0,2026-04-13 06:23:29,1
D0002248,U001449,Android,网页,5.9.1,2025-02-27 02:00:01,1
D0002249,U003840,Android,星购App,web,2026-02-26 10:32:16,1
D0002250,U002721,Android,星购App,6.0.0,2025-06-16 05:06:38,1
D0002251,U004105,Android,网页,6.0.0,2025-12-02 11:00:43,1
D0002252,U001901,Android,星购App,5.8.0,2025-09-08 14:23:04,1
D0002253,U004553,Windows,星购App,5.9.1,2025-01-03 11:09:35,1
D0002254,U001059,Android,星购App,6.0.0,2025-12-31 06:25:09,1
D0002255,U004215,iOS,星购App,5.9.1,2026-06-07 00:14:56,1
D0002256,U004910,Android,星购App,5.8.0,2025-08-19 07:53:27,1
D0002257,U003998,Windows,微信小程序,5.8.0,2025-12-18 09:37:33,1
D0002258,U001516,Android,星购App,5.9.1,2025-09-29 08:47:46,1
D0002259,U003597,Android,星购App,5.9.1,2026-02-11 08:47:14,1
D0002260,U002709,Android,星购App,6.0.0,2026-08-17 19:23:19,1
D0002261,U004937,Android,星购App,5.8.0,2025-10-07 21:00:26,1
D0002262,U002393,Android,星购App,6.0.0,2026-06-22 22:03:48,1
D0002263,U003018,Windows,星购App,5.9.1,2026-03-15 02:23:42,1
D0002264,U001835,iOS,星购App,web,2026-07-10 23:51:57,1
D0002265,U004419,Android,星购App,5.9.1,2026-02-19 14:21:22,1
D0002266,U000341,iOS,星购App,6.0.0,2025-11-17 05:10:09,1
D0002267,U004640,Android,网页,6.0.0,2025-07-11 17:31:58,1
D0002268,U000376,Android,星购App,5.8.0,2026-06-09 11:00:40,1
D0002269,U002275,Android,微信小程序,5.9.1,2025-04-23 20:11:17,1
D0002270,U004379,Android,星购App,5.8.0,2026-06-23 16:50:35,1
D0002271,U000802,iOS,星购App,5.9.1,2025-01-19 06:12:40,1
D0002272,U002643,macOS,星购App,5.9.1,2026-04-14 02:17:19,1
D0002273,U001967,iOS,网页,5.9.1,2026-03-02 00:47:00,1
D0002274,U000568,Android,星购App,6.0.0,2025-01-12 04:20:10,1
D0002275,U004909,Android,星购App,6.0.0,2026-03-01 12:16:38,1
D0002276,U004103,Android,微信小程序,5.8.0,2025-10-18 01:50:51,1
D0002277,U002289,Android,网页,6.0.0,2025-04-09 03:55:22,1
D0002278,U001816,iOS,星购App,5.8.0,2025-07-02 04:56:10,1
D0002279,U000540,Android,星购App,6.0.0,2025-10-05 20:36:47,1
D0002280,U000552,Android,微信小程序,6.0.0,2026-07-21 08:57:13,1
D0002281,U000002,Android,星购App,6.0.0,2025-12-05 10:51:53,1
D0002282,U002968,Windows,星购App,5.9.1,2025-12-02 17:02:48,1
D0002283,U003327,Android,星购App,6.0.0,2025-04-27 21:17:57,1
D0002284,U001862,Android,星购App,5.9.1,2025-01-14 22:16:09,1
D0002285,U001016,Android,微信小程序,6.0.0,2025-11-13 12:43:22,1
D0002286,U001166,iOS,微信小程序,5.9.1,2025-03-07 09:12:12,1
D0002287,U002596,iOS,星购App,6.0.0,2025-08-04 10:28:05,1
D0002288,U002823,iOS,微信小程序,5.9.1,2025-09-03 06:14:43,1
D0002289,U004786,Android,星购App,6.0.0,2026-05-29 11:15:34,1
D0002290,U002260,iOS,星购App,web,2025-06-28 20:27:53,1
D0002291,U000790,Windows,星购App,6.0.0,2026-04-02 08:00:02,1
D0002292,U004897,iOS,星购App,5.9.1,2025-06-17 14:48:51,1
D0002293,U002841,iOS,星购App,5.8.0,2026-01-31 04:56:30,1
D0002294,U001361,iOS,星购App,6.0.0,2025-10-14 04:41:05,1
D0002295,U004814,macOS,星购App,5.9.1,2026-08-20 20:27:02,1
D0002296,U000066,iOS,微信小程序,5.9.1,2025-02-16 00:17:08,1
D0002297,U004453,iOS,星购App,web,2025-06-22 18:59:42,1
D0002298,U004293,Android,星购App,5.9.1,2026-05-08 22:22:59,1
D0002299,U000066,Android,微信小程序,5.8.0,2025-12-18 21:13:48,1
D0002300,U004507,iOS,星购App,5.8.0,2026-06-18 15:16:53,1
D0002301,U004267,iOS,星购App,5.8.0,2025-09-14 00:02:25,1
D0002302,U002318,iOS,微信小程序,5.9.1,2025-02-23 16:57:20,1
D0002303,U000852,iOS,星购App,6.0.0,2026-05-17 17:15:59,1
D0002304,U003077,Android,星购App,6.0.0,2025-03-06 22:20:11,1
D0002305,U002892,Android,网页,6.0.0,2025-10-12 23:55:26,1
D0002306,U003785,iOS,网页,6.0.0,2026-05-11 07:44:58,1
D0002307,U004565,iOS,微信小程序,web,2025-11-09 07:12:29,1
D0002308,U003520,iOS,星购App,5.9.1,2026-08-03 22:09:59,1
D0002309,U003760,macOS,星购App,6.0.0,2025-05-17 22:15:20,1
D0002310,U000211,Windows,星购App,5.9.1,2026-07-06 12:07:42,1
D0002311,U004013,Android,星购App,5.8.0,2026-08-12 18:49:37,1
D0002312,U004108,iOS,网页,5.8.0,2025-07-24 02:58:22,1
D0002313,U002210,Android,星购App,5.9.1,2025-03-09 05:23:20,1
D0002314,U001912,macOS,网页,5.9.1,2025-07-22 22:46:52,1
D0002315,U002696,Android,星购App,5.8.0,2025-07-21 03:35:00,1
D0002316,U001603,Android,星购App,5.8.0,2025-12-04 10:06:44,1
D0002317,U001294,iOS,网页,5.8.0,2026-07-11 21:17:40,1
D0002318,U003841,Android,星购App,5.9.1,2025-09-09 09:11:55,1
D0002319,U004190,iOS,星购App,5.8.0,2025-12-28 19:33:52,1
D0002320,U003580,Android,星购App,6.0.0,2026-02-06 16:04:43,1
D0002321,U002867,Android,星购App,5.9.1,2026-06-06 20:04:05,1
D0002322,U003053,Android,星购App,web,2025-04-14 05:04:10,1
D0002323,U000698,Android,星购App,5.8.0,2026-01-28 02:49:19,1
D0002324,U004461,Android,星购App,web,2025-07-20 05:36:26,1
D0002325,U003256,Android,星购App,5.8.0,2025-01-14 16:45:55,1
D0002326,U004932,Android,星购App,web,2025-06-05 04:53:20,1
D0002327,U003408,Windows,网页,6.0.0,2025-06-25 10:19:50,1
D0002328,U000129,iOS,微信小程序,6.0.0,2026-07-20 19:47:08,1
D0002329,U003364,Android,微信小程序,5.9.1,2025-04-04 23:16:16,1
D0002330,U002091,Android,星购App,web,2025-10-10 22:39:45,1
D0002331,U000265,Windows,网页,5.9.1,2026-08-02 08:55:37,1
D0002332,U004648,iOS,星购App,5.9.1,2026-04-11 07:18:46,1
D0002333,U002330,iOS,星购App,6.0.0,2025-02-18 22:39:26,1
D0002334,U001891,Android,网页,5.9.1,2025-03-28 06:51:41,1
D0002335,U004286,Android,微信小程序,6.0.0,2025-03-28 01:19:05,1
D0002336,U000655,iOS,星购App,web,2025-09-08 06:54:40,1
D0002337,U000155,iOS,星购App,5.8.0,2025-04-30 04:15:30,1
D0002338,U003682,Android,星购App,6.0.0,2026-02-06 07:41:25,1
D0002339,U002317,Android,微信小程序,6.0.0,2025-01-03 12:04:02,1
D0002340,U003612,macOS,星购App,6.0.0,2025-04-08 14:45:18,1
D0002341,U003898,macOS,微信小程序,5.9.1,2025-10-11 23:02:35,1
D0002342,U003681,iOS,星购App,6.0.0,2025-05-03 15:25:03,1
D0002343,U004432,iOS,星购App,5.8.0,2026-06-27 15:22:29,1
D0002344,U003518,Android,星购App,6.0.0,2025-01-24 05:27:25,1
D0002345,U003119,Windows,网页,5.8.0,2026-06-29 11:58:18,1
D0002346,U004691,Windows,星购App,5.9.1,2025-04-26 14:21:43,1
D0002347,U004327,iOS,星购App,5.9.1,2025-03-16 03:32:20,1
D0002348,U004939,iOS,星购App,6.0.0,2025-12-02 02:55:13,1
D0002349,U000325,iOS,微信小程序,5.9.1,2025-01-06 17:17:23,1
D0002350,U002728,Android,星购App,6.0.0,2026-04-03 05:10:23,1
D0002351,U000664,iOS,微信小程序,5.9.1,2026-02-10 20:40:31,1
D0002352,U002501,Android,星购App,5.8.0,2026-02-14 22:25:59,1
D0002353,U000451,iOS,星购App,5.9.1,2026-07-01 17:33:02,1
D0002354,U004351,Android,星购App,6.0.0,2026-07-20 12:06:54,1
D0002355,U001602,iOS,微信小程序,5.8.0,2025-08-27 03:26:45,1
D0002356,U004901,Android,星购App,6.0.0,2025-05-25 09:47:29,1
D0002357,U004455,iOS,微信小程序,5.9.1,2026-02-21 04:34:48,1
D0002358,U003527,iOS,网页,5.9.1,2025-03-19 23:54:31,1
D0002359,U004961,Windows,星购App,6.0.0,2026-01-17 08:26:57,1
D0002360,U000389,iOS,星购App,6.0.0,2026-07-20 01:17:18,1
D0002361,U002294,Windows,星购App,5.9.1,2025-06-22 17:26:00,1
D0002362,U003252,Android,星购App,5.9.1,2025-02-28 02:21:36,1
D0002363,U004297,iOS,网页,6.0.0,2026-05-24 22:52:57,1
D0002364,U004337,iOS,微信小程序,6.0.0,2026-01-07 16:28:46,1
D0002365,U001388,Windows,星购App,5.8.0,2025-08-31 09:22:06,1
D0002366,U000321,Android,星购App,5.8.0,2025-11-04 15:10:34,1
D0002367,U004020,iOS,星购App,6.0.0,2025-03-02 11:39:27,1
D0002368,U000910,iOS,网页,web,2025-02-05 15:34:50,1
D0002369,U001455,Android,星购App,web,2025-06-14 03:54:07,1
D0002370,U002969,Android,微信小程序,5.9.1,2025-03-09 16:28:27,1
D0002371,U002996,Android,星购App,5.9.1,2026-07-24 04:27:10,1
D0002372,U001133,iOS,微信小程序,5.9.1,2025-02-22 08:28:11,1
D0002373,U003067,Android,微信小程序,5.9.1,2026-03-25 01:32:14,1
D0002374,U002515,Android,星购App,6.0.0,2026-07-13 14:47:59,1
D0002375,U004164,Windows,星购App,web,2025-12-27 17:35:45,1
D0002376,U004242,iOS,星购App,5.8.0,2026-05-07 05:01:14,1
D0002377,U003156,Android,星购App,5.8.0,2026-03-08 17:25:13,1
D0002378,U000344,Windows,微信小程序,5.9.1,2026-07-17 01:15:58,1
D0002379,U003284,Windows,星购App,5.8.0,2026-02-21 03:22:14,1
D0002380,U001960,Android,网页,5.8.0,2026-01-21 10:36:44,1
D0002381,U004436,Android,星购App,5.9.1,2026-06-06 15:22:06,1
D0002382,U000464,iOS,网页,5.9.1,2025-06-09 20:02:31,1
D0002383,U002146,iOS,微信小程序,5.8.0,2026-07-18 10:07:25,1
D0002384,U001476,Android,微信小程序,6.0.0,2025-11-11 22:01:02,1
D0002385,U002333,Windows,网页,5.9.1,2025-05-24 21:09:52,1
D0002386,U001063,Windows,星购App,5.8.0,2025-07-05 16:43:25,1
D0002387,U000105,iOS,微信小程序,web,2026-05-13 04:27:51,1
D0002388,U001403,Windows,星购App,5.9.1,2026-04-06 01:29:29,1
D0002389,U003302,iOS,星购App,6.0.0,2025-03-04 19:06:13,1
D0002390,U004231,iOS,星购App,web,2026-06-17 16:49:22,1
D0002391,U003986,Android,星购App,5.9.1,2026-07-25 23:13:54,1
D0002392,U001045,Android,星购App,6.0.0,2025-06-14 00:04:35,1
D0002393,U004464,Android,微信小程序,6.0.0,2026-08-09 13:52:40,1
D0002394,U003236,iOS,星购App,5.9.1,2025-08-04 00:43:44,1
D0002395,U000347,Android,星购App,6.0.0,2026-04-08 05:33:46,1
D0002396,U001192,iOS,星购App,5.9.1,2025-02-04 10:43:30,1
D0002397,U002974,Windows,星购App,5.8.0,2025-10-24 19:05:40,1
D0002398,U000930,Windows,星购App,5.9.1,2026-02-20 01:55:39,1
D0002399,U003845,Windows,星购App,5.9.1,2025-05-05 21:14:45,1
D0002400,U003258,iOS,星购App,6.0.0,2025-01-31 20:56:36,1
D0002401,U003122,Android,星购App,6.0.0,2026-02-09 18:25:18,1
D0002402,U001746,Android,微信小程序,6.0.0,2025-07-18 14:23:34,1
D0002403,U000765,macOS,星购App,5.8.0,2026-02-15 20:21:46,1
D0002404,U000336,macOS,星购App,5.8.0,2025-04-30 17:06:22,1
D0002405,U001288,iOS,微信小程序,5.9.1,2025-02-13 12:09:39,1
D0002406,U004873,Android,星购App,web,2025-05-03 12:40:42,1
D0002407,U001518,macOS,微信小程序,5.9.1,2026-07-19 21:54:25,1
D0002408,U000381,Android,星购App,5.8.0,2026-01-07 16:03:23,1
D0002409,U004919,Android,网页,5.8.0,2025-01-09 18:22:58,1
D0002410,U002382,iOS,星购App,5.9.1,2025-02-04 18:33:41,1
D0002411,U001157,Windows,微信小程序,6.0.0,2025-12-13 00:02:01,1
D0002412,U004422,iOS,星购App,5.8.0,2026-02-06 01:06:39,1
D0002413,U000499,iOS,微信小程序,5.9.1,2025-05-22 10:52:13,1
D0002414,U004103,Android,星购App,5.8.0,2026-01-29 19:12:59,1
D0002415,U000224,Android,星购App,6.0.0,2025-01-26 14:50:04,1
D0002416,U000372,Android,星购App,6.0.0,2025-05-15 02:11:45,1
D0002417,U002096,iOS,星购App,6.0.0,2025-06-25 15:07:15,1
D0002418,U004294,Windows,星购App,5.9.1,2025-10-02 00:54:11,1
D0002419,U003753,iOS,网页,6.0.0,2025-10-10 13:11:52,1
D0002420,U001085,Android,网页,6.0.0,2026-04-25 13:30:42,1
D0002421,U003927,Android,星购App,6.0.0,2025-06-26 18:37:15,1
D0002422,U004600,Android,微信小程序,5.8.0,2025-03-30 20:21:01,1
D0002423,U002062,iOS,星购App,6.0.0,2026-01-15 00:56:19,1
D0002424,U001685,iOS,星购App,6.0.0,2025-03-17 01:34:23,1
D0002425,U002695,Android,星购App,6.0.0,2025-06-22 00:49:15,1
D0002426,U004919,Android,星购App,5.8.0,2026-01-09 09:22:29,1
D0002427,U002922,Windows,微信小程序,web,2025-06-15 14:57:29,1
D0002428,U000017,iOS,星购App,5.9.1,2025-08-12 20:10:22,1
D0002429,U003492,Android,星购App,5.9.1,2025-02-17 23:26:15,1
D0002430,U001394,Android,网页,6.0.0,2025-12-25 01:22:16,1
D0002431,U000270,Android,星购App,5.9.1,2025-11-23 08:54:07,1
D0002432,U002065,iOS,微信小程序,6.0.0,2025-05-14 14:51:36,1
D0002433,U000609,Android,星购App,5.8.0,2025-02-23 17:43:21,1
D0002434,U001743,Android,星购App,5.8.0,2025-09-20 10:21:58,1
D0002435,U000465,iOS,微信小程序,5.8.0,2025-11-07 10:13:43,1
D0002436,U003626,iOS,微信小程序,6.0.0,2026-01-01 10:26:25,1
D0002437,U003887,Windows,微信小程序,6.0.0,2025-04-24 10:30:42,1
D0002438,U003428,Windows,星购App,web,2025-12-10 23:48:27,1
D0002439,U002695,iOS,星购App,5.8.0,2026-03-24 07:21:22,1
D0002440,U002089,Android,网页,5.9.1,2025-02-20 10:10:48,1
D0002441,U003906,Android,星购App,5.9.1,2025-01-19 11:20:59,1
D0002442,U000986,Android,星购App,5.9.1,2025-03-27 18:41:31,1
D0002443,U001929,Windows,星购App,5.9.1,2025-11-22 23:01:23,1
D0002444,U001761,Windows,微信小程序,web,2026-05-08 10:16:20,1
D0002445,U000446,Android,星购App,5.9.1,2026-02-19 21:07:44,1
D0002446,U003972,Android,微信小程序,5.9.1,2026-05-09 07:33:42,1
D0002447,U004065,macOS,星购App,5.9.1,2025-12-22 18:35:54,1
D0002448,U001952,Windows,微信小程序,5.9.1,2025-10-01 09:12:03,1
D0002449,U000007,Android,星购App,6.0.0,2025-02-02 10:28:13,1
D0002450,U003131,Android,星购App,web,2025-05-18 07:28:39,1
D0002451,U004749,Windows,星购App,5.8.0,2025-11-28 07:18:43,1
D0002452,U004883,Android,微信小程序,6.0.0,2025-09-27 01:34:54,1
D0002453,U002467,iOS,网页,5.8.0,2026-07-30 08:05:53,1
D0002454,U003272,iOS,微信小程序,6.0.0,2026-02-10 04:32:34,1
D0002455,U001676,Android,微信小程序,5.9.1,2025-12-23 00:32:14,1
D0002456,U002862,Android,微信小程序,5.9.1,2025-05-31 07:34:11,1
D0002457,U001811,Android,星购App,6.0.0,2026-06-14 10:24:52,1
D0002458,U000979,Android,星购App,6.0.0,2026-01-01 01:23:13,1
D0002459,U000076,iOS,网页,6.0.0,2025-03-24 01:32:57,1
D0002460,U002906,iOS,星购App,5.8.0,2025-10-26 22:46:27,1
D0002461,U004971,macOS,星购App,6.0.0,2026-03-09 21:36:26,1
D0002462,U004638,Android,星购App,5.9.1,2025-06-07 04:51:15,1
D0002463,U000268,Android,星购App,5.9.1,2026-03-16 06:14:40,1
D0002464,U001703,Android,微信小程序,5.8.0,2026-05-07 21:45:26,1
D0002465,U004611,iOS,星购App,6.0.0,2026-01-14 21:11:44,1
D0002466,U002369,Android,微信小程序,5.8.0,2025-03-01 13:19:55,1
D0002467,U000317,iOS,微信小程序,6.0.0,2025-09-18 08:48:28,1
D0002468,U002357,iOS,星购App,6.0.0,2026-08-17 17:21:20,1
D0002469,U001229,Android,星购App,5.8.0,2025-12-14 18:00:07,1
D0002470,U001330,Android,微信小程序,web,2026-07-02 19:39:18,1
D0002471,U003964,macOS,微信小程序,6.0.0,2025-07-16 07:49:24,1
D0002472,U000961,iOS,星购App,5.9.1,2025-11-16 02:45:08,1
D0002473,U002318,Android,网页,web,2025-04-04 02:58:42,1
D0002474,U001795,Android,网页,5.8.0,2025-12-16 21:47:09,1
D0002475,U002265,iOS,星购App,6.0.0,2025-03-08 06:47:17,1
D0002476,U000638,iOS,星购App,5.9.1,2025-08-20 14:20:48,1
D0002477,U001433,Android,网页,5.8.0,2025-10-15 03:03:39,1
D0002478,U004285,Android,星购App,5.8.0,2026-07-25 07:35:32,1
D0002479,U001803,Android,星购App,5.9.1,2025-12-01 19:57:41,1
D0002480,U003887,iOS,星购App,5.9.1,2025-08-04 18:51:41,1
D0002481,U001918,iOS,星购App,5.9.1,2025-09-16 18:04:07,1
D0002482,U002514,Android,星购App,6.0.0,2025-11-24 21:04:43,1
D0002483,U003034,iOS,星购App,6.0.0,2026-07-19 00:56:59,1
D0002484,U003552,Windows,微信小程序,5.8.0,2025-03-11 01:03:59,1
D0002485,U004923,Android,星购App,6.0.0,2025-02-22 17:48:12,1
D0002486,U004160,iOS,星购App,5.8.0,2025-09-29 22:34:39,1
D0002487,U001102,iOS,星购App,5.8.0,2026-07-30 16:45:42,1
D0002488,U003343,Android,星购App,6.0.0,2026-01-02 21:46:25,1
D0002489,U003495,iOS,星购App,6.0.0,2025-01-17 16:21:06,1
D0002490,U000719,iOS,星购App,web,2026-02-27 00:07:32,1
D0002491,U000046,Android,微信小程序,6.0.0,2026-07-23 06:25:59,1
D0002492,U001417,iOS,微信小程序,6.0.0,2025-11-13 01:44:03,1
D0002493,U004098,Android,星购App,5.8.0,2025-03-06 01:16:37,1
D0002494,U003474,Android,微信小程序,5.8.0,2026-05-19 16:59:56,1
D0002495,U002613,Android,星购App,5.8.0,2025-01-22 01:03:20,1
D0002496,U004040,iOS,星购App,5.9.1,2026-06-10 01:30:43,1
D0002497,U000749,iOS,微信小程序,6.0.0,2026-07-11 10:56:02,1
D0002498,U004613,iOS,星购App,5.9.1,2025-10-09 12:49:52,1
D0002499,U003053,iOS,微信小程序,6.0.0,2025-05-09 20:39:29,1
D0002500,U001628,Android,星购App,web,2026-07-03 07:23:25,1
D0002501,U002180,Android,网页,5.8.0,2025-12-23 23:35:14,1
D0002502,U001456,Windows,微信小程序,6.0.0,2026-07-23 01:38:43,1
D0002503,U002950,Android,星购App,5.8.0,2026-04-04 14:58:03,1
D0002504,U000230,Android,星购App,5.9.1,2025-04-20 00:38:56,1
D0002505,U004778,macOS,微信小程序,6.0.0,2026-06-28 00:26:01,1
D0002506,U001671,Android,星购App,web,2025-06-10 18:22:31,1
D0002507,U002725,macOS,星购App,5.9.1,2025-12-08 18:44:39,1
D0002508,U002043,Windows,微信小程序,6.0.0,2025-02-21 16:17:25,1
D0002509,U002406,Windows,星购App,6.0.0,2026-02-17 14:09:18,1
D0002510,U004155,Android,微信小程序,5.9.1,2026-02-11 21:51:07,1
D0002511,U002553,Windows,微信小程序,5.8.0,2025-08-19 14:11:45,1
D0002512,U003698,iOS,微信小程序,5.9.1,2026-02-24 11:11:32,1
D0002513,U000698,iOS,网页,5.8.0,2025-09-30 16:37:15,1
D0002514,U001510,Android,星购App,6.0.0,2025-06-05 20:03:49,1
D0002515,U000984,Android,星购App,web,2025-07-12 08:24:42,1
D0002516,U002242,iOS,星购App,5.9.1,2025-02-18 02:15:17,1
D0002517,U002521,Android,星购App,5.8.0,2026-02-13 02:53:31,1
D0002518,U003154,iOS,星购App,5.9.1,2026-03-26 23:19:32,1
D0002519,U001137,iOS,网页,6.0.0,2025-06-21 22:20:59,1
D0002520,U000637,Android,微信小程序,5.9.1,2026-02-01 20:09:09,1
D0002521,U004054,Android,星购App,6.0.0,2025-01-26 13:09:42,1
D0002522,U001883,Android,星购App,5.8.0,2025-06-29 09:05:22,1
D0002523,U004131,iOS,星购App,5.8.0,2026-06-29 08:19:09,1
D0002524,U002731,iOS,微信小程序,6.0.0,2025-05-24 14:44:43,1
D0002525,U001674,iOS,微信小程序,6.0.0,2026-04-13 01:03:58,1
D0002526,U002412,Android,星购App,web,2026-01-25 20:36:00,1
D0002527,U003353,Android,星购App,6.0.0,2025-11-27 22:03:39,1
D0002528,U004007,Android,星购App,web,2025-04-11 02:20:40,1
D0002529,U003999,iOS,星购App,6.0.0,2026-04-18 17:09:53,1
D0002530,U000597,iOS,星购App,6.0.0,2026-04-19 09:28:14,1
D0002531,U003932,iOS,网页,6.0.0,2025-03-24 04:26:54,1
D0002532,U000182,Android,星购App,5.9.1,2026-01-14 15:31:38,1
D0002533,U000397,Android,网页,6.0.0,2025-12-19 13:23:40,1
D0002534,U002204,Windows,星购App,web,2026-07-30 03:39:17,1
D0002535,U002577,iOS,网页,6.0.0,2025-10-14 03:24:03,1
D0002536,U002929,iOS,星购App,6.0.0,2025-03-17 14:22:13,1
D0002537,U002992,Android,星购App,5.9.1,2026-06-09 16:22:28,1
D0002538,U004223,Android,星购App,6.0.0,2025-11-14 18:45:44,1
D0002539,U000304,Android,星购App,6.0.0,2025-04-05 18:20:58,1
D0002540,U002540,iOS,星购App,5.8.0,2025-06-01 18:00:37,1
D0002541,U003852,iOS,星购App,5.9.1,2026-05-18 11:05:05,1
D0002542,U002661,Android,星购App,5.9.1,2025-12-11 20:35:14,1
D0002543,U003453,macOS,星购App,5.8.0,2025-02-08 11:46:17,1
D0002544,U001049,Android,星购App,5.8.0,2026-01-27 11:02:40,1
D0002545,U000477,Android,星购App,5.8.0,2026-08-05 19:01:39,1
D0002546,U002029,iOS,星购App,6.0.0,2025-02-09 07:20:00,1
D0002547,U002908,Android,星购App,web,2026-08-06 16:18:50,1
D0002548,U003906,Windows,星购App,5.9.1,2025-07-09 16:55:19,1
D0002549,U002248,iOS,星购App,5.8.0,2025-07-10 14:08:38,1
D0002550,U001641,iOS,微信小程序,web,2025-06-29 02:00:35,1
D0002551,U004308,Android,星购App,5.8.0,2025-07-19 10:01:43,1
D0002552,U004434,Android,微信小程序,5.9.1,2025-06-02 16:51:57,1
D0002553,U000675,Android,网页,5.8.0,2026-08-05 05:31:16,1
D0002554,U002771,iOS,星购App,5.9.1,2025-07-20 13:06:51,1
D0002555,U002814,Android,星购App,6.0.0,2025-02-22 09:48:45,1
D0002556,U003392,iOS,微信小程序,6.0.0,2025-10-30 11:04:10,1
D0002557,U004668,Android,星购App,6.0.0,2026-01-09 13:16:09,1
D0002558,U004088,Android,网页,web,2025-10-15 16:51:40,1
D0002559,U002347,iOS,网页,6.0.0,2026-01-12 19:28:39,1
D0002560,U003257,Android,网页,6.0.0,2025-12-31 12:03:44,1
D0002561,U004993,Android,星购App,5.8.0,2026-08-20 11:57:23,1
D0002562,U000577,iOS,星购App,5.9.1,2026-03-22 19:51:13,1
D0002563,U003394,iOS,星购App,5.9.1,2025-08-23 00:46:12,1
D0002564,U001044,iOS,星购App,web,2025-05-18 16:29:21,1
D0002565,U002644,Windows,网页,6.0.0,2025-01-10 00:02:52,1
D0002566,U003603,Android,星购App,5.8.0,2025-04-15 04:29:15,1
D0002567,U003848,Windows,星购App,5.9.1,2026-04-10 07:00:36,1
D0002568,U004020,Android,星购App,6.0.0,2025-12-10 09:53:29,1
D0002569,U004888,Windows,星购App,5.9.1,2025-03-12 03:35:40,1
D0002570,U000864,Android,网页,6.0.0,2025-04-25 12:51:00,1
D0002571,U002895,macOS,星购App,6.0.0,2026-04-02 23:35:26,1
D0002572,U004356,iOS,星购App,5.8.0,2025-06-09 03:11:22,1
D0002573,U002775,macOS,星购App,6.0.0,2025-06-04 15:17:51,1
D0002574,U004446,iOS,星购App,6.0.0,2025-12-11 22:15:29,1
D0002575,U002140,iOS,微信小程序,6.0.0,2025-12-30 15:24:49,1
D0002576,U002663,Android,微信小程序,5.9.1,2025-08-23 19:36:27,1
D0002577,U004216,Android,星购App,web,2026-07-25 02:36:15,1
D0002578,U004966,iOS,星购App,5.8.0,2026-01-10 01:52:06,1
D0002579,U004742,Android,星购App,5.8.0,2025-01-29 11:20:31,1
D0002580,U004736,Android,网页,5.9.1,2025-04-24 02:44:59,1
D0002581,U000110,Windows,网页,5.9.1,2025-12-28 19:32:11,1
D0002582,U002753,Windows,星购App,6.0.0,2025-03-17 22:47:12,1
D0002583,U004333,Android,星购App,5.9.1,2026-04-13 14:00:22,1
D0002584,U002533,Android,网页,5.8.0,2025-06-13 11:48:20,1
D0002585,U002956,macOS,星购App,5.8.0,2026-02-27 22:03:50,1
D0002586,U002923,Android,网页,6.0.0,2026-08-10 11:45:12,1
D0002587,U001813,Android,星购App,5.9.1,2025-08-17 17:02:35,1
D0002588,U002181,Android,星购App,6.0.0,2025-09-12 21:48:57,1
D0002589,U004036,Android,微信小程序,5.9.1,2025-07-21 14:25:53,1
D0002590,U002896,macOS,星购App,5.9.1,2025-02-23 23:01:19,1
D0002591,U003416,Android,网页,5.9.1,2025-08-13 04:12:32,1
D0002592,U001312,iOS,星购App,5.8.0,2025-05-20 18:14:11,1
D0002593,U000394,Android,微信小程序,6.0.0,2025-02-15 07:13:53,1
D0002594,U003935,Android,星购App,5.9.1,2026-01-23 08:57:35,1
D0002595,U004224,Android,星购App,5.9.1,2026-05-02 16:56:14,1
D0002596,U001892,iOS,网页,6.0.0,2026-02-08 05:11:27,1
D0002597,U002848,Android,星购App,5.8.0,2025-12-13 23:13:15,1
D0002598,U004800,iOS,星购App,5.8.0,2025-10-29 16:49:43,1
D0002599,U003858,Android,星购App,6.0.0,2025-02-15 07:29:10,1
D0002600,U000021,iOS,微信小程序,5.8.0,2026-04-08 18:48:31,1
D0002601,U002311,Android,微信小程序,5.8.0,2026-08-02 10:59:06,1
D0002602,U001886,iOS,网页,5.8.0,2026-02-15 16:50:42,1
D0002603,U004230,Android,微信小程序,5.8.0,2025-07-18 11:36:36,1
D0002604,U002955,iOS,星购App,5.9.1,2025-09-01 04:56:55,1
D0002605,U003177,iOS,星购App,5.8.0,2025-05-19 10:56:46,1
D0002606,U001728,iOS,星购App,web,2026-04-07 06:31:47,1
D0002607,U004856,iOS,星购App,5.8.0,2025-04-12 16:27:30,1
D0002608,U004297,macOS,星购App,6.0.0,2026-02-04 19:24:26,1
D0002609,U002961,Android,星购App,5.8.0,2026-02-25 23:43:15,1
D0002610,U000645,Android,星购App,5.9.1,2026-03-28 04:57:31,1
D0002611,U002320,Android,网页,6.0.0,2026-04-08 14:49:49,1
D0002612,U000469,Android,星购App,5.9.1,2025-10-11 03:43:11,1
D0002613,U003257,iOS,微信小程序,web,2025-03-10 20:08:16,1
D0002614,U004542,iOS,星购App,5.8.0,2026-03-29 12:59:48,1
D0002615,U003514,Android,星购App,5.9.1,2025-12-29 02:58:37,1
D0002616,U003788,Android,微信小程序,6.0.0,2026-07-11 14:51:39,1
D0002617,U004584,iOS,星购App,5.9.1,2026-05-20 07:35:15,1
D0002618,U004733,Android,微信小程序,5.8.0,2026-05-21 17:29:18,1
D0002619,U002192,Android,网页,6.0.0,2026-03-01 03:42:27,1
D0002620,U004191,Android,微信小程序,web,2025-03-08 04:23:10,1
D0002621,U000767,Android,网页,6.0.0,2026-07-07 17:08:20,1
D0002622,U000021,iOS,网页,5.9.1,2025-11-18 18:29:22,1
D0002623,U002087,Android,星购App,6.0.0,2025-01-18 19:41:43,1
D0002624,U003395,iOS,星购App,5.8.0,2025-02-05 16:49:25,1
D0002625,U002944,Android,星购App,6.0.0,2026-01-26 03:09:26,1
D0002626,U004645,iOS,网页,5.9.1,2025-06-08 16:04:17,1
D0002627,U001838,iOS,星购App,5.9.1,2026-05-16 17:05:55,1
D0002628,U001327,iOS,星购App,web,2025-11-10 09:39:59,1
D0002629,U004792,iOS,微信小程序,6.0.0,2025-07-08 17:06:42,1
D0002630,U001992,Windows,星购App,6.0.0,2025-07-12 07:24:11,1
D0002631,U002026,iOS,网页,6.0.0,2025-06-06 18:02:38,1
D0002632,U003683,Windows,星购App,5.8.0,2026-01-25 19:46:29,1
D0002633,U002138,macOS,星购App,5.8.0,2025-11-29 12:08:37,1
D0002634,U001813,Android,星购App,5.9.1,2025-08-25 10:46:09,1
D0002635,U002385,iOS,微信小程序,6.0.0,2025-10-29 16:08:37,1
D0002636,U004496,Windows,星购App,5.9.1,2025-06-27 21:23:53,1
D0002637,U001102,Windows,星购App,5.8.0,2025-09-29 04:57:24,1
D0002638,U002492,Android,星购App,5.9.1,2026-03-08 14:35:18,1
D0002639,U002815,Android,微信小程序,6.0.0,2025-05-05 18:04:21,1
D0002640,U002793,Android,星购App,5.8.0,2026-07-18 21:56:57,1
D0002641,U003333,Android,星购App,6.0.0,2026-02-14 14:47:48,1
D0002642,U001334,Android,星购App,5.9.1,2026-07-16 00:31:20,1
D0002643,U003696,iOS,星购App,5.9.1,2025-05-23 10:18:39,1
D0002644,U000374,Windows,微信小程序,5.9.1,2025-03-10 09:21:23,1
D0002645,U003838,Android,网页,5.8.0,2025-04-11 01:03:19,1
D0002646,U002302,Android,微信小程序,5.8.0,2025-03-11 02:10:51,1
D0002647,U002611,Windows,网页,6.0.0,2025-07-28 16:58:56,1
D0002648,U004347,iOS,微信小程序,web,2026-04-06 10:30:10,1
D0002649,U000889,Android,星购App,6.0.0,2025-02-23 03:24:08,1
D0002650,U004088,iOS,星购App,5.8.0,2026-01-26 16:49:33,1
D0002651,U000402,iOS,星购App,6.0.0,2025-06-16 02:37:42,1
D0002652,U004796,Android,微信小程序,5.9.1,2026-04-06 14:44:45,1
D0002653,U001207,Android,微信小程序,5.9.1,2026-01-16 06:37:32,1
D0002654,U002395,Android,星购App,5.8.0,2025-07-23 18:21:17,1
D0002655,U000272,iOS,星购App,6.0.0,2026-04-25 01:56:19,1
D0002656,U000184,Android,星购App,5.9.1,2025-05-17 04:34:04,1
D0002657,U003489,Android,星购App,5.9.1,2025-10-25 14:21:16,1
D0002658,U001783,iOS,星购App,5.9.1,2025-06-25 22:03:15,1
D0002659,U000778,Windows,微信小程序,6.0.0,2025-10-25 04:39:15,1
D0002660,U001932,iOS,星购App,5.9.1,2026-04-05 00:04:22,1
D0002661,U000560,Android,微信小程序,5.8.0,2026-04-12 20:13:19,1
D0002662,U004330,Android,微信小程序,6.0.0,2025-10-16 18:31:37,1
D0002663,U004308,Android,星购App,web,2026-04-10 01:08:06,1
D0002664,U003975,Windows,微信小程序,6.0.0,2026-02-09 10:36:22,1
D0002665,U003169,Android,星购App,6.0.0,2025-06-27 07:25:16,1
D0002666,U004573,iOS,星购App,6.0.0,2026-05-26 21:45:05,1
D0002667,U001325,Android,网页,5.9.1,2026-04-20 11:51:23,1
D0002668,U000052,iOS,星购App,5.9.1,2025-11-06 00:22:48,1
D0002669,U000651,Windows,星购App,6.0.0,2025-02-18 22:39:12,1
D0002670,U004449,Android,星购App,6.0.0,2025-03-30 05:06:49,1
D0002671,U003580,iOS,网页,5.9.1,2025-02-11 19:00:55,1
D0002672,U000936,macOS,星购App,5.9.1,2025-04-06 08:11:30,1
D0002673,U004070,Android,星购App,6.0.0,2026-06-14 16:29:59,1
D0002674,U000676,Windows,微信小程序,5.9.1,2026-04-10 09:17:01,1
D0002675,U001292,Windows,微信小程序,5.9.1,2025-03-20 03:26:48,1
D0002676,U000430,iOS,星购App,6.0.0,2025-08-31 21:45:41,1
D0002677,U001936,Android,微信小程序,5.9.1,2026-04-08 11:17:26,1
D0002678,U001099,Android,星购App,5.8.0,2025-12-17 00:42:02,1
D0002679,U001295,Android,星购App,5.8.0,2025-11-07 13:24:47,1
D0002680,U004366,Android,星购App,5.9.1,2026-05-26 15:53:26,1
D0002681,U001752,Android,微信小程序,5.8.0,2025-02-28 23:56:00,1
D0002682,U001632,iOS,网页,6.0.0,2025-07-13 14:12:09,1
D0002683,U003809,Android,微信小程序,6.0.0,2026-01-16 12:07:27,1
D0002684,U002210,Android,星购App,5.9.1,2025-11-27 21:29:21,1
D0002685,U000080,Android,星购App,6.0.0,2026-01-02 18:08:19,1
D0002686,U002882,Android,微信小程序,web,2025-02-14 01:01:13,1
D0002687,U001923,Android,网页,5.8.0,2026-04-09 03:47:12,1
D0002688,U004254,Android,微信小程序,5.9.1,2026-04-21 18:18:17,1
D0002689,U003946,Android,星购App,5.8.0,2026-04-09 21:41:13,1
D0002690,U003028,Android,微信小程序,5.8.0,2025-05-10 16:48:48,1
D0002691,U000467,Android,星购App,5.9.1,2026-03-19 02:07:00,1
D0002692,U002853,iOS,星购App,6.0.0,2026-06-05 05:30:59,1
D0002693,U004728,iOS,星购App,6.0.0,2025-07-02 09:40:10,1
D0002694,U001488,Android,星购App,web,2026-02-01 12:21:42,1
D0002695,U004451,Android,网页,6.0.0,2025-09-30 07:21:55,1
D0002696,U001999,iOS,星购App,5.9.1,2025-08-27 05:09:20,1
D0002697,U004675,Android,微信小程序,5.8.0,2025-10-22 18:37:39,1
D0002698,U004511,Windows,星购App,6.0.0,2026-02-23 06:50:20,1
D0002699,U001000,macOS,星购App,6.0.0,2025-03-03 23:01:04,1
D0002700,U003695,iOS,星购App,web,2026-07-24 10:48:31,1
D0002701,U002274,iOS,星购App,web,2026-04-21 22:07:02,1
D0002702,U004421,Android,星购App,5.8.0,2026-01-19 21:05:21,1
D0002703,U002375,Windows,星购App,5.9.1,2026-04-16 14:25:18,1
D0002704,U003633,Windows,星购App,6.0.0,2026-01-12 22:27:46,1
D0002705,U004104,iOS,星购App,web,2025-06-06 18:56:43,1
D0002706,U004757,iOS,微信小程序,web,2026-08-08 23:31:33,1
D0002707,U001959,iOS,星购App,5.9.1,2026-02-20 06:08:01,1
D0002708,U001862,iOS,星购App,5.8.0,2026-01-15 21:58:00,1
D0002709,U003426,Windows,星购App,6.0.0,2025-12-05 00:57:31,1
D0002710,U002721,Android,星购App,web,2026-08-07 01:35:54,1
D0002711,U003259,Android,星购App,6.0.0,2025-09-26 12:00:19,1
D0002712,U000631,Android,微信小程序,6.0.0,2025-02-25 12:14:16,1
D0002713,U001370,macOS,微信小程序,5.9.1,2025-06-15 19:36:24,1
D0002714,U003206,Android,星购App,6.0.0,2025-11-18 14:26:08,1
D0002715,U000836,iOS,微信小程序,5.8.0,2026-03-20 20:42:37,1
D0002716,U001130,iOS,星购App,5.9.1,2025-12-14 06:42:33,1
D0002717,U004878,Android,星购App,6.0.0,2025-07-10 17:08:43,1
D0002718,U001578,Android,星购App,5.9.1,2025-12-10 12:20:47,1
D0002719,U001134,Android,星购App,5.8.0,2026-07-28 14:27:25,1
D0002720,U004125,Android,星购App,5.8.0,2025-03-25 11:18:42,1
D0002721,U000214,iOS,微信小程序,6.0.0,2025-12-27 18:50:53,1
D0002722,U003804,Android,微信小程序,6.0.0,2026-07-09 08:17:58,1
D0002723,U002848,Android,星购App,6.0.0,2025-10-21 00:03:51,1
D0002724,U002141,Android,星购App,5.9.1,2025-02-11 11:03:41,1
D0002725,U000992,Android,星购App,web,2025-10-23 23:27:36,1
D0002726,U001369,iOS,星购App,6.0.0,2025-06-19 17:28:41,1
D0002727,U004661,Android,星购App,5.9.1,2025-02-25 11:12:00,1
D0002728,U003694,iOS,星购App,5.9.1,2025-09-09 12:01:07,1
D0002729,U001828,macOS,星购App,6.0.0,2026-05-03 00:31:42,1
D0002730,U004633,iOS,星购App,6.0.0,2025-11-01 04:01:25,1
D0002731,U003432,Windows,网页,6.0.0,2026-04-28 07:48:42,1
D0002732,U003967,Android,微信小程序,5.8.0,2026-05-05 21:49:03,1
D0002733,U000931,Android,星购App,5.9.1,2025-09-21 02:24:21,1
D0002734,U000607,Android,微信小程序,5.9.1,2026-06-20 02:52:48,1
D0002735,U004891,Android,星购App,5.9.1,2026-05-10 00:02:24,1
D0002736,U002326,Windows,星购App,5.9.1,2026-07-27 03:54:30,1
D0002737,U003182,Android,网页,5.9.1,2026-01-03 01:26:29,1
D0002738,U001405,iOS,网页,5.9.1,2026-03-09 12:38:27,1
D0002739,U004013,iOS,微信小程序,6.0.0,2026-01-19 01:12:53,1
D0002740,U003044,Android,网页,6.0.0,2026-03-18 17:11:42,1
D0002741,U002453,Android,星购App,5.8.0,2025-04-20 13:36:11,1
D0002742,U003118,iOS,网页,5.8.0,2026-06-28 21:16:15,1
D0002743,U001840,Android,网页,5.9.1,2025-05-08 17:35:03,1
D0002744,U000627,Android,星购App,5.8.0,2026-08-21 15:53:39,1
D0002745,U001549,Android,星购App,6.0.0,2025-09-22 00:28:56,1
D0002746,U002809,Android,星购App,6.0.0,2025-02-17 15:12:47,1
D0002747,U000296,Android,星购App,5.8.0,2025-12-09 10:58:08,1
D0002748,U002362,Android,微信小程序,6.0.0,2025-05-05 20:48:31,1
D0002749,U003963,Android,星购App,5.9.1,2026-04-26 22:21:24,1
D0002750,U000481,Android,微信小程序,5.8.0,2026-01-18 03:57:32,1
D0002751,U001616,Android,微信小程序,6.0.0,2026-04-23 23:29:41,1
D0002752,U002820,Android,网页,5.9.1,2025-01-27 18:02:32,1
D0002753,U004301,Android,网页,5.8.0,2026-02-11 12:07:37,1
D0002754,U002540,Windows,微信小程序,6.0.0,2026-01-09 15:34:24,1
D0002755,U000083,iOS,微信小程序,web,2025-05-24 09:41:03,1
D0002756,U002164,Android,星购App,5.9.1,2025-12-09 09:58:06,1
D0002757,U000248,Android,微信小程序,6.0.0,2026-05-08 01:50:51,1
D0002758,U001895,iOS,星购App,5.9.1,2026-07-29 08:00:45,1
D0002759,U001990,Android,星购App,5.8.0,2025-08-21 04:06:48,1
D0002760,U002895,iOS,星购App,6.0.0,2025-02-27 01:59:00,1
D0002761,U004044,Windows,星购App,5.9.1,2025-11-23 14:38:15,1
D0002762,U003831,Windows,星购App,5.9.1,2026-08-04 22:01:10,1
D0002763,U002519,iOS,星购App,5.8.0,2025-05-09 02:25:11,1
D0002764,U002690,Android,微信小程序,6.0.0,2025-12-29 15:05:10,1
D0002765,U002962,Android,微信小程序,6.0.0,2026-03-26 17:17:17,1
D0002766,U004036,iOS,网页,5.9.1,2025-07-09 16:25:33,1
D0002767,U003721,Windows,星购App,5.8.0,2026-01-17 17:16:23,1
D0002768,U000828,Android,星购App,6.0.0,2025-01-14 03:43:19,1
D0002769,U000759,Android,微信小程序,5.9.1,2025-11-04 12:41:52,1
D0002770,U002384,iOS,星购App,6.0.0,2026-02-18 13:35:24,1
D0002771,U002213,iOS,星购App,6.0.0,2026-07-23 18:37:29,1
D0002772,U001305,Windows,星购App,6.0.0,2025-09-30 03:24:52,1
D0002773,U002634,iOS,微信小程序,6.0.0,2025-08-02 04:36:58,1
D0002774,U001117,Android,星购App,5.9.1,2026-05-21 06:14:37,1
D0002775,U001773,Android,星购App,web,2025-01-31 23:00:38,1
D0002776,U003765,Android,星购App,6.0.0,2026-01-29 01:40:36,1
D0002777,U001264,iOS,网页,5.9.1,2025-05-11 22:45:11,1
D0002778,U003601,Android,星购App,5.9.1,2025-01-20 08:22:13,1
D0002779,U003635,iOS,微信小程序,web,2025-11-07 11:18:44,1
D0002780,U003374,Android,网页,5.8.0,2025-02-17 11:24:17,1
D0002781,U000978,Android,星购App,5.8.0,2025-06-17 05:50:45,1
D0002782,U002154,Android,网页,web,2025-02-03 01:26:17,1
D0002783,U002411,Android,网页,5.9.1,2025-02-03 03:09:27,1
D0002784,U000925,Android,星购App,5.9.1,2025-03-21 13:54:17,1
D0002785,U002262,Windows,星购App,6.0.0,2025-05-01 09:16:36,1
D0002786,U004893,Android,星购App,5.9.1,2025-02-25 19:27:24,1
D0002787,U001020,Android,星购App,5.8.0,2025-02-14 23:45:08,1
D0002788,U004476,iOS,星购App,5.8.0,2025-01-11 00:29:46,1
D0002789,U004702,macOS,星购App,6.0.0,2025-03-26 19:25:52,1
D0002790,U001826,Android,星购App,6.0.0,2025-03-27 20:43:53,1
D0002791,U002896,Android,网页,6.0.0,2026-01-19 01:12:39,1
D0002792,U000064,Windows,网页,6.0.0,2025-07-22 02:28:48,1
D0002793,U001850,Android,微信小程序,5.8.0,2026-02-19 01:40:58,1
D0002794,U002305,Android,星购App,5.8.0,2025-02-12 04:11:57,1
D0002795,U003498,iOS,网页,web,2026-06-02 21:34:00,1
D0002796,U001270,iOS,网页,web,2025-07-02 12:44:51,1
D0002797,U000042,Windows,网页,5.9.1,2026-06-12 12:18:49,1
D0002798,U004102,Android,星购App,5.9.1,2026-08-15 13:07:04,1
D0002799,U001343,Windows,星购App,5.9.1,2026-01-22 22:32:49,1
D0002800,U001871,iOS,微信小程序,5.8.0,2025-12-18 10:50:17,1
D0002801,U002366,Windows,微信小程序,6.0.0,2025-10-27 03:29:41,1
D0002802,U004596,iOS,网页,web,2026-06-12 16:06:03,1
D0002803,U004390,iOS,网页,6.0.0,2026-02-21 22:14:10,1
D0002804,U003887,iOS,网页,web,2025-06-29 00:03:50,1
D0002805,U000493,Android,星购App,5.9.1,2025-07-03 05:24:21,1
D0002806,U002076,Android,星购App,5.8.0,2025-03-29 12:46:21,1
D0002807,U004108,iOS,星购App,5.9.1,2025-06-06 23:49:54,1
D0002808,U001742,Android,微信小程序,5.9.1,2025-08-24 16:41:48,1
D0002809,U003128,iOS,星购App,5.9.1,2026-02-23 09:02:38,1
D0002810,U003168,Android,星购App,6.0.0,2025-05-18 20:09:06,1
D0002811,U003863,iOS,星购App,5.9.1,2025-11-27 01:01:08,1
D0002812,U000063,Android,星购App,6.0.0,2025-05-04 17:17:46,1
D0002813,U003711,iOS,星购App,5.9.1,2026-08-15 10:53:52,1
D0002814,U004953,Android,星购App,5.8.0,2026-02-15 23:16:14,1
D0002815,U003910,Android,星购App,5.8.0,2025-01-12 13:52:54,1
D0002816,U001069,iOS,星购App,5.9.1,2026-01-28 16:49:58,1
D0002817,U002903,iOS,星购App,6.0.0,2025-09-14 18:48:03,1
D0002818,U002323,Android,微信小程序,5.9.1,2026-04-26 07:18:18,1
D0002819,U001574,Android,网页,5.9.1,2025-07-18 12:18:43,1
D0002820,U004199,iOS,网页,6.0.0,2026-03-10 22:42:16,1
D0002821,U000551,Windows,星购App,5.8.0,2025-10-01 09:27:28,1
D0002822,U003855,iOS,微信小程序,6.0.0,2025-08-16 15:05:47,1
D0002823,U001213,Android,微信小程序,5.9.1,2025-01-06 17:00:46,1
D0002824,U001989,Windows,微信小程序,web,2025-10-25 02:46:44,1
D0002825,U001218,Android,星购App,5.8.0,2025-08-24 13:15:12,1
D0002826,U004818,iOS,星购App,6.0.0,2025-06-26 03:12:59,1
D0002827,U001662,iOS,星购App,5.9.1,2026-06-28 09:35:37,1
D0002828,U004270,iOS,微信小程序,5.9.1,2026-03-24 10:17:15,1
D0002829,U003530,Android,星购App,5.9.1,2026-05-30 19:01:44,1
D0002830,U000122,Android,网页,6.0.0,2026-03-17 05:18:10,1
D0002831,U003764,iOS,星购App,5.9.1,2026-08-22 02:09:25,1
D0002832,U003359,Android,星购App,web,2025-01-16 05:34:10,1
D0002833,U002088,Android,星购App,5.8.0,2025-07-19 01:19:32,1
D0002834,U004240,iOS,网页,5.9.1,2026-06-23 17:04:31,1
D0002835,U003314,iOS,星购App,6.0.0,2025-05-09 11:32:07,1
D0002836,U001754,iOS,微信小程序,5.8.0,2025-10-15 14:32:37,1
D0002837,U000770,Android,星购App,6.0.0,2026-03-31 15:38:45,1
D0002838,U002149,iOS,星购App,5.9.1,2025-11-09 15:11:28,1
D0002839,U001291,Windows,星购App,5.9.1,2025-05-04 13:53:47,1
D0002840,U001247,iOS,微信小程序,6.0.0,2025-04-23 02:59:11,1
D0002841,U002212,iOS,星购App,5.9.1,2025-05-31 19:44:43,1
D0002842,U002582,Android,微信小程序,6.0.0,2025-05-03 07:11:26,1
D0002843,U004833,Android,星购App,5.8.0,2026-05-13 04:23:00,1
D0002844,U002315,iOS,星购App,5.8.0,2025-01-28 17:16:32,1
D0002845,U002274,Android,星购App,5.8.0,2026-01-24 20:28:03,1
D0002846,U000073,Android,星购App,5.9.1,2026-03-22 13:16:30,1
D0002847,U001698,iOS,星购App,web,2025-08-17 02:04:50,1
D0002848,U001748,iOS,星购App,5.8.0,2025-06-22 12:45:50,1
D0002849,U004357,Android,星购App,5.9.1,2025-10-07 19:59:42,1
D0002850,U003073,Android,星购App,5.8.0,2025-07-18 18:56:23,1
D0002851,U004670,Android,星购App,6.0.0,2025-05-01 06:26:18,1
D0002852,U001628,Android,网页,5.9.1,2025-05-27 23:49:26,1
D0002853,U003664,Android,微信小程序,5.9.1,2025-11-21 12:12:42,1
D0002854,U001377,iOS,微信小程序,6.0.0,2025-12-19 23:37:04,1
D0002855,U002803,Android,星购App,5.9.1,2025-09-16 07:08:00,1
D0002856,U003969,Windows,星购App,5.9.1,2025-02-22 06:21:28,1
D0002857,U004690,iOS,星购App,5.9.1,2026-04-05 04:08:23,1
D0002858,U001716,macOS,网页,5.9.1,2025-05-22 13:45:27,1
D0002859,U003970,Windows,星购App,5.9.1,2025-06-07 06:37:14,1
D0002860,U000052,Windows,星购App,6.0.0,2025-07-21 05:52:30,1
D0002861,U002337,Windows,网页,5.8.0,2026-08-09 20:03:23,1
D0002862,U000868,iOS,微信小程序,6.0.0,2025-04-21 23:25:23,1
D0002863,U004610,macOS,星购App,5.9.1,2025-03-24 00:05:55,1
D0002864,U000109,Android,星购App,5.9.1,2025-07-13 22:51:16,1
D0002865,U004701,Windows,网页,5.8.0,2025-07-11 21:39:41,1
D0002866,U002843,Android,星购App,6.0.0,2026-01-31 18:06:50,1
D0002867,U002877,Android,网页,5.9.1,2025-02-08 03:37:43,1
D0002868,U000383,iOS,星购App,6.0.0,2026-02-01 21:45:26,1
D0002869,U000542,Android,星购App,web,2026-08-01 20:35:03,1
D0002870,U004069,Windows,星购App,5.9.1,2026-08-12 21:40:36,1
D0002871,U003973,Android,星购App,5.9.1,2026-04-22 05:35:14,1
D0002872,U002123,Windows,星购App,5.9.1,2026-05-15 00:22:10,1
D0002873,U001981,iOS,星购App,6.0.0,2025-10-14 11:45:02,1
D0002874,U003721,iOS,星购App,5.9.1,2025-10-31 15:07:38,1
D0002875,U004632,iOS,星购App,5.8.0,2026-04-14 21:06:26,1
D0002876,U002508,Android,星购App,5.8.0,2025-08-11 10:36:07,1
D0002877,U001750,Android,微信小程序,6.0.0,2025-05-20 22:12:12,1
D0002878,U002804,Android,星购App,6.0.0,2026-04-21 12:49:45,1
D0002879,U002046,Android,星购App,5.9.1,2026-08-01 14:43:37,1
D0002880,U002405,iOS,星购App,5.9.1,2026-05-13 20:24:57,1
D0002881,U003335,Android,星购App,web,2026-03-26 01:26:04,1
D0002882,U004584,Android,星购App,5.8.0,2026-03-07 23:50:42,1
D0002883,U000839,iOS,星购App,5.8.0,2026-08-17 09:51:50,1
D0002884,U001157,iOS,网页,web,2026-04-28 00:53:37,1
D0002885,U001825,Android,星购App,5.9.1,2025-05-02 09:47:39,1
D0002886,U001735,iOS,网页,5.9.1,2026-04-23 06:51:36,1
D0002887,U003772,iOS,网页,5.9.1,2026-08-09 21:31:57,1
D0002888,U001286,Android,星购App,6.0.0,2025-04-12 23:41:43,1
D0002889,U003837,Android,网页,6.0.0,2026-06-05 12:05:45,1
D0002890,U003963,iOS,星购App,5.9.1,2025-01-31 14:48:22,1
D0002891,U001775,Android,网页,6.0.0,2026-07-24 07:11:14,1
D0002892,U001384,iOS,网页,web,2025-02-18 17:34:23,1
D0002893,U003530,iOS,星购App,6.0.0,2025-01-18 12:26:06,1
D0002894,U003712,iOS,网页,5.8.0,2026-05-26 11:23:40,1
D0002895,U004511,Android,星购App,6.0.0,2025-03-02 17:20:12,1
D0002896,U001737,Android,星购App,6.0.0,2025-02-04 00:48:45,1
D0002897,U001094,Windows,网页,5.8.0,2026-02-19 16:19:49,1
D0002898,U001377,Android,星购App,5.9.1,2025-10-29 07:33:08,1
D0002899,U003110,iOS,星购App,6.0.0,2025-06-04 06:10:52,1
D0002900,U004936,macOS,星购App,5.9.1,2025-01-21 09:15:41,1
D0002901,U002704,Android,星购App,6.0.0,2025-09-28 14:23:06,1
D0002902,U001316,Android,微信小程序,5.9.1,2025-01-16 08:53:59,1
D0002903,U000070,iOS,网页,5.9.1,2026-07-06 17:39:59,1
D0002904,U000830,iOS,星购App,6.0.0,2025-09-24 16:18:13,1
D0002905,U000281,iOS,星购App,6.0.0,2025-07-02 23:32:57,1
D0002906,U001790,Android,网页,5.8.0,2025-10-19 22:46:04,1
D0002907,U002072,Android,星购App,5.8.0,2025-03-05 02:13:44,1
D0002908,U002739,Android,星购App,5.9.1,2026-07-16 21:53:22,1
D0002909,U000267,iOS,星购App,web,2026-03-06 19:10:54,1
D0002910,U002047,iOS,网页,5.9.1,2025-05-01 17:19:33,1
D0002911,U003823,Android,微信小程序,web,2025-07-11 03:22:41,1
D0002912,U000017,Android,星购App,6.0.0,2025-04-18 04:25:07,1
D0002913,U001122,Android,星购App,5.9.1,2025-07-31 21:46:52,1
D0002914,U001364,iOS,星购App,6.0.0,2025-09-16 19:46:32,1
D0002915,U004276,Android,星购App,5.9.1,2025-10-05 05:14:13,1
D0002916,U001730,Android,星购App,5.9.1,2025-03-24 06:32:14,1
D0002917,U002574,iOS,星购App,5.8.0,2025-04-17 12:53:50,1
D0002918,U004468,iOS,星购App,6.0.0,2025-01-13 21:11:33,1
D0002919,U001639,Windows,微信小程序,6.0.0,2025-11-26 14:15:26,1
D0002920,U004200,iOS,微信小程序,6.0.0,2025-06-06 16:51:39,1
D0002921,U004830,Windows,星购App,5.9.1,2026-03-03 10:53:51,1
D0002922,U000259,Android,星购App,5.8.0,2026-05-12 03:03:56,1
D0002923,U002586,Windows,星购App,5.8.0,2025-04-10 11:26:25,1
D0002924,U000585,Android,星购App,5.8.0,2025-10-20 11:55:05,1
D0002925,U001568,iOS,星购App,6.0.0,2025-06-07 01:24:54,1
D0002926,U001016,Android,微信小程序,5.8.0,2025-08-20 08:31:28,1
D0002927,U003951,iOS,星购App,web,2025-05-25 23:25:09,1
D0002928,U001088,Android,星购App,6.0.0,2025-12-03 11:57:23,1
D0002929,U001838,macOS,星购App,5.9.1,2025-08-02 10:31:39,1
D0002930,U000984,Android,微信小程序,6.0.0,2026-08-05 12:40:51,1
D0002931,U000721,iOS,星购App,5.9.1,2025-07-20 17:09:27,1
D0002932,U000119,Android,网页,6.0.0,2025-04-20 11:22:53,1
D0002933,U001430,Android,星购App,6.0.0,2025-10-11 07:28:48,1
D0002934,U000113,Android,微信小程序,6.0.0,2026-05-04 23:27:07,1
D0002935,U002175,iOS,星购App,6.0.0,2025-07-21 20:42:16,1
D0002936,U004057,Android,星购App,5.8.0,2025-12-08 00:49:45,1
D0002937,U001930,Android,星购App,6.0.0,2026-04-22 11:39:28,1
D0002938,U003915,iOS,星购App,6.0.0,2026-03-04 18:54:37,1
D0002939,U003886,iOS,微信小程序,6.0.0,2025-01-21 21:20:19,1
D0002940,U001631,Android,星购App,6.0.0,2025-09-20 12:06:58,1
D0002941,U003545,Android,星购App,6.0.0,2025-02-13 17:26:47,1
D0002942,U001887,Windows,星购App,6.0.0,2025-08-27 13:06:39,1
D0002943,U002994,Android,星购App,web,2025-04-20 05:31:17,1
D0002944,U001182,Android,网页,6.0.0,2026-03-08 03:57:50,1
D0002945,U001323,Android,微信小程序,6.0.0,2025-05-17 22:55:41,1
D0002946,U001131,Windows,网页,5.9.1,2025-08-24 16:22:18,1
D0002947,U002923,iOS,网页,6.0.0,2025-05-05 06:33:13,1
D0002948,U003614,Android,星购App,6.0.0,2025-05-24 01:43:18,1
D0002949,U001704,iOS,网页,5.9.1,2025-09-04 09:09:14,1
D0002950,U003880,iOS,星购App,6.0.0,2025-08-26 17:44:19,1
D0002951,U000303,Android,星购App,5.9.1,2025-07-20 12:57:26,1
D0002952,U000875,Windows,星购App,5.9.1,2026-06-01 06:40:34,1
D0002953,U001754,Android,微信小程序,6.0.0,2026-01-16 15:28:59,1
D0002954,U003080,Android,星购App,5.8.0,2025-09-08 03:45:10,1
D0002955,U004340,macOS,网页,web,2025-02-11 21:37:36,1
D0002956,U002292,iOS,星购App,6.0.0,2025-07-17 14:39:30,1
D0002957,U001932,Android,星购App,6.0.0,2026-08-15 01:01:16,1
D0002958,U002339,Windows,星购App,5.9.1,2026-02-22 00:58:50,1
D0002959,U001987,Android,星购App,6.0.0,2025-08-06 10:06:05,1
D0002960,U001643,Android,星购App,6.0.0,2025-04-22 11:42:53,1
D0002961,U000087,iOS,星购App,5.8.0,2025-03-13 15:22:51,1
D0002962,U000123,iOS,网页,5.8.0,2026-01-16 19:30:48,1
D0002963,U003741,Android,星购App,6.0.0,2025-02-22 10:16:57,1
D0002964,U002579,Android,微信小程序,6.0.0,2025-04-14 12:20:37,1
D0002965,U003374,Android,星购App,5.8.0,2025-10-27 19:46:55,1
D0002966,U003438,Android,微信小程序,5.9.1,2025-05-03 15:48:16,1
D0002967,U001792,Android,星购App,5.9.1,2025-07-09 17:06:27,1
D0002968,U000856,Android,微信小程序,web,2025-05-20 13:11:14,1
D0002969,U004245,iOS,星购App,5.8.0,2026-07-15 19:03:32,1
D0002970,U001226,iOS,网页,web,2026-01-19 14:15:58,1
D0002971,U004164,Android,星购App,6.0.0,2025-08-29 08:58:39,1
D0002972,U004173,Android,星购App,6.0.0,2025-11-28 03:26:05,1
D0002973,U004695,Windows,星购App,5.9.1,2026-07-11 09:54:07,1
D0002974,U002222,Android,星购App,6.0.0,2026-07-16 02:06:31,1
D0002975,U001492,Windows,微信小程序,5.9.1,2026-04-27 23:08:22,1
D0002976,U004283,Android,星购App,5.9.1,2026-04-22 23:39:16,1
D0002977,U001428,iOS,星购App,5.8.0,2026-06-12 12:30:36,1
D0002978,U002224,Android,星购App,5.9.1,2026-07-19 13:45:16,1
D0002979,U003530,Android,星购App,6.0.0,2026-03-26 06:07:47,1
D0002980,U001584,iOS,网页,5.9.1,2025-11-11 13:34:52,1
D0002981,U003546,iOS,星购App,5.8.0,2025-08-16 23:13:22,1
D0002982,U001774,Android,星购App,6.0.0,2025-09-11 03:01:32,1
D0002983,U002201,iOS,网页,5.9.1,2025-11-05 00:03:53,1
D0002984,U001473,Android,网页,5.9.1,2026-01-15 07:06:26,1
D0002985,U001865,iOS,微信小程序,5.9.1,2025-11-23 14:17:15,1
D0002986,U002605,iOS,星购App,5.9.1,2026-04-15 14:59:52,1
D0002987,U004984,iOS,星购App,web,2026-08-14 23:43:58,1
D0002988,U004000,iOS,星购App,6.0.0,2026-04-26 21:09:57,1
D0002989,U004841,Android,星购App,6.0.0,2026-04-03 00:00:51,1
D0002990,U001635,Android,星购App,6.0.0,2025-12-24 18:43:26,1
D0002991,U001184,Android,星购App,5.9.1,2025-04-03 12:23:42,1
D0002992,U000851,iOS,网页,5.9.1,2025-09-29 11:49:49,1
D0002993,U001713,iOS,网页,5.9.1,2025-05-16 04:01:16,1
D0002994,U003353,iOS,网页,web,2025-07-03 10:40:56,1
D0002995,U000262,Android,星购App,5.8.0,2026-02-26 17:21:37,1
D0002996,U000151,macOS,网页,6.0.0,2025-03-31 15:28:39,1
D0002997,U004319,Windows,星购App,5.8.0,2026-08-10 18:37:48,1
D0002998,U000770,Windows,星购App,6.0.0,2025-11-17 01:07:48,1
D0002999,U000023,iOS,微信小程序,5.9.1,2025-02-06 18:38:46,1
D0003000,U002850,Android,星购App,6.0.0,2026-06-01 04:46:38,1
D0003001,U002746,iOS,星购App,6.0.0,2025-08-24 20:17:16,1
D0003002,U002112,Android,星购App,6.0.0,2025-05-25 14:22:45,1
D0003003,U002278,Windows,星购App,6.0.0,2025-10-18 14:52:50,1
D0003004,U001421,Windows,微信小程序,web,2025-09-23 12:42:24,1
D0003005,U001124,iOS,网页,6.0.0,2025-11-02 02:32:00,1
D0003006,U004436,iOS,微信小程序,5.8.0,2026-01-11 09:18:42,1
D0003007,U001867,iOS,星购App,6.0.0,2025-12-20 05:31:49,1
D0003008,U002645,iOS,星购App,5.9.1,2025-11-15 05:48:35,1
D0003009,U000235,Android,星购App,5.8.0,2026-06-18 17:16:15,1
D0003010,U002581,Windows,星购App,5.9.1,2025-10-27 21:08:40,1
D0003011,U001083,Android,网页,6.0.0,2025-08-09 15:35:24,1
D0003012,U002275,iOS,星购App,5.9.1,2025-04-27 02:42:19,1
D0003013,U004712,Android,星购App,5.9.1,2026-05-26 14:03:05,1
D0003014,U000698,Windows,星购App,6.0.0,2025-08-09 15:56:51,1
D0003015,U004425,iOS,星购App,6.0.0,2025-06-05 07:04:46,1
D0003016,U003455,iOS,星购App,6.0.0,2026-06-03 17:02:32,1
D0003017,U000787,Android,星购App,6.0.0,2026-03-02 15:43:20,1
D0003018,U004743,Android,星购App,6.0.0,2026-04-19 13:15:25,1
D0003019,U003896,iOS,星购App,web,2025-09-16 18:17:10,1
D0003020,U003655,iOS,星购App,web,2025-11-10 19:18:15,1
D0003021,U000221,Android,星购App,5.8.0,2025-06-01 00:17:46,1
D0003022,U001655,iOS,星购App,5.8.0,2025-02-13 07:37:45,1
D0003023,U004546,Android,微信小程序,5.8.0,2025-05-01 09:25:45,1
D0003024,U000192,iOS,星购App,6.0.0,2025-08-14 20:41:27,1
D0003025,U002506,iOS,星购App,web,2026-05-04 03:31:00,1
D0003026,U004556,Android,星购App,5.9.1,2026-01-23 09:45:06,1
D0003027,U004732,macOS,星购App,5.9.1,2026-02-24 19:06:59,1
D0003028,U001503,iOS,星购App,6.0.0,2025-04-13 22:01:53,1
D0003029,U000849,Android,网页,5.9.1,2025-08-19 07:27:55,1
D0003030,U002216,iOS,星购App,5.9.1,2025-07-02 16:34:33,1
D0003031,U002391,iOS,星购App,5.9.1,2026-07-21 02:19:05,1
D0003032,U001322,Android,星购App,6.0.0,2026-07-12 16:52:30,1
D0003033,U001351,iOS,星购App,5.9.1,2026-06-14 04:14:27,1
D0003034,U001208,Windows,星购App,5.8.0,2026-06-29 12:49:04,1
D0003035,U004892,iOS,星购App,5.9.1,2025-04-08 15:15:32,1
D0003036,U002996,Android,网页,5.9.1,2026-07-10 11:42:22,1
D0003037,U004827,iOS,星购App,5.8.0,2025-09-23 23:54:06,1
D0003038,U004836,Android,微信小程序,6.0.0,2025-08-05 22:11:19,1
D0003039,U001987,iOS,网页,5.9.1,2025-08-18 04:25:46,1
D0003040,U001546,Android,星购App,5.9.1,2025-05-11 12:07:28,1
D0003041,U001790,Android,星购App,5.8.0,2025-11-11 07:16:27,1
D0003042,U000540,iOS,星购App,5.9.1,2026-08-03 05:27:28,1
D0003043,U003245,Android,微信小程序,5.9.1,2026-08-20 14:17:39,1
D0003044,U002892,Android,星购App,5.9.1,2025-05-05 22:54:29,1
D0003045,U001432,Android,网页,6.0.0,2025-01-19 03:02:54,1
D0003046,U003342,Windows,星购App,6.0.0,2026-04-07 20:34:06,1
D0003047,U003262,Android,星购App,5.8.0,2025-11-14 07:35:32,1
D0003048,U001694,Android,星购App,5.9.1,2025-10-23 23:16:08,1
D0003049,U002775,Android,星购App,5.8.0,2025-02-22 18:15:03,1
D0003050,U003635,iOS,网页,6.0.0,2025-07-19 15:29:01,1
D0003051,U002853,iOS,星购App,5.8.0,2025-03-11 23:26:58,1
D0003052,U000695,Android,星购App,6.0.0,2025-06-28 06:24:58,1
D0003053,U000794,Windows,星购App,5.8.0,2025-11-19 18:16:51,1
D0003054,U003142,Android,星购App,5.8.0,2026-02-10 17:56:37,1
D0003055,U003441,Android,网页,web,2026-08-19 12:43:01,1
D0003056,U001522,Android,微信小程序,6.0.0,2025-10-06 21:54:10,1
D0003057,U001781,Android,网页,5.9.1,2025-02-27 22:09:35,1
D0003058,U002965,iOS,星购App,5.8.0,2025-10-01 18:36:58,1
D0003059,U000950,Android,网页,6.0.0,2025-05-25 07:22:33,1
D0003060,U000557,iOS,星购App,5.9.1,2025-03-09 10:46:36,1
D0003061,U001065,Android,网页,5.9.1,2026-05-21 07:29:49,1
D0003062,U000387,Android,星购App,5.9.1,2025-05-30 17:38:11,1
D0003063,U004161,Windows,星购App,6.0.0,2026-07-27 15:16:20,1
D0003064,U000561,macOS,星购App,5.9.1,2026-07-12 20:47:07,1
D0003065,U000708,Android,星购App,5.8.0,2025-04-14 16:36:01,1
D0003066,U002583,iOS,星购App,5.8.0,2026-01-25 08:18:46,1
D0003067,U000525,iOS,网页,6.0.0,2025-07-25 11:08:13,1
D0003068,U003401,iOS,网页,5.8.0,2025-05-02 01:49:03,1
D0003069,U002325,Android,星购App,5.8.0,2025-04-30 22:10:08,1
D0003070,U001456,iOS,网页,6.0.0,2026-01-14 05:34:06,1
D0003071,U001504,iOS,星购App,5.9.1,2025-05-13 07:39:36,1
D0003072,U002928,Windows,星购App,5.8.0,2026-08-13 03:20:00,1
D0003073,U004375,Android,星购App,6.0.0,2026-06-07 00:20:29,1
D0003074,U004715,Android,星购App,5.9.1,2025-09-24 18:29:33,1
D0003075,U001585,iOS,星购App,6.0.0,2026-01-06 01:10:46,1
D0003076,U000359,iOS,星购App,6.0.0,2026-06-20 13:05:19,1
D0003077,U000841,iOS,微信小程序,5.9.1,2025-03-29 08:49:39,1
D0003078,U002830,Android,网页,5.9.1,2025-08-29 00:58:13,1
D0003079,U002380,Android,微信小程序,6.0.0,2026-07-29 22:22:24,1
D0003080,U000170,Android,微信小程序,6.0.0,2025-07-29 11:45:08,1
D0003081,U004548,Windows,星购App,5.8.0,2025-11-07 19:11:13,1
D0003082,U004596,Android,星购App,5.8.0,2026-01-17 22:20:13,1
D0003083,U004724,Android,星购App,6.0.0,2026-03-02 03:01:11,1
D0003084,U003033,iOS,星购App,5.9.1,2025-09-23 08:11:25,1
D0003085,U001323,iOS,星购App,5.8.0,2026-04-08 13:46:05,1
D0003086,U002105,iOS,网页,5.9.1,2025-10-04 18:31:39,1
D0003087,U002801,Android,微信小程序,5.9.1,2026-08-17 10:06:20,1
D0003088,U000018,iOS,星购App,6.0.0,2026-04-15 08:36:26,1
D0003089,U003040,macOS,星购App,5.8.0,2025-08-05 05:20:11,1
D0003090,U004143,Windows,星购App,6.0.0,2025-06-24 12:45:28,1
D0003091,U003168,iOS,微信小程序,5.8.0,2026-08-18 23:05:23,1
D0003092,U004202,Android,星购App,5.8.0,2025-01-11 02:17:05,1
D0003093,U002267,iOS,星购App,6.0.0,2026-01-14 17:16:39,1
D0003094,U001662,Windows,星购App,5.8.0,2026-03-22 21:33:11,1
D0003095,U001511,Android,星购App,5.9.1,2025-08-07 08:11:07,1
D0003096,U002009,Android,星购App,6.0.0,2025-01-28 03:18:11,1
D0003097,U003049,Android,微信小程序,5.9.1,2025-01-18 21:05:18,1
D0003098,U004564,iOS,网页,6.0.0,2025-12-25 20:48:01,1
D0003099,U002194,Android,星购App,5.8.0,2025-04-09 12:35:34,1
D0003100,U000505,Android,星购App,web,2026-02-19 02:18:15,1
D0003101,U003935,Android,星购App,web,2025-01-01 08:12:37,1
D0003102,U003417,iOS,星购App,5.8.0,2025-01-05 09:56:28,1
D0003103,U003357,Android,星购App,5.8.0,2025-05-30 10:16:29,1
D0003104,U001066,Android,星购App,5.9.1,2026-01-13 23:45:30,1
D0003105,U004738,iOS,星购App,6.0.0,2026-08-22 03:00:31,1
D0003106,U002429,Android,星购App,5.8.0,2026-07-10 19:12:26,1
D0003107,U000573,iOS,星购App,web,2025-03-15 04:19:56,1
D0003108,U003603,Windows,网页,6.0.0,2025-08-09 20:08:28,1
D0003109,U002534,Android,星购App,6.0.0,2025-10-25 19:16:13,1
D0003110,U000298,iOS,星购App,5.8.0,2026-04-24 20:48:21,1
D0003111,U002333,Android,网页,5.9.1,2025-04-11 10:46:20,1
D0003112,U000825,iOS,星购App,5.9.1,2025-02-25 06:18:17,1
D0003113,U003419,Android,星购App,6.0.0,2025-10-05 13:11:26,1
D0003114,U003174,Windows,星购App,5.9.1,2026-08-04 16:02:37,1
D0003115,U002507,Android,星购App,6.0.0,2025-12-20 07:39:26,1
D0003116,U004278,Android,星购App,5.9.1,2025-11-15 13:01:59,1
D0003117,U002935,Android,星购App,5.9.1,2025-03-17 22:13:46,1
D0003118,U001907,Android,星购App,6.0.0,2025-05-08 06:23:09,1
D0003119,U002466,iOS,微信小程序,6.0.0,2026-06-18 15:49:04,1
D0003120,U004082,Android,星购App,6.0.0,2025-09-25 22:02:31,1
D0003121,U004077,Windows,星购App,5.8.0,2025-02-24 07:12:27,1
D0003122,U004413,Windows,星购App,5.9.1,2025-09-06 03:43:24,1
D0003123,U000845,Android,星购App,web,2025-03-02 17:20:49,1
D0003124,U002197,Android,星购App,5.8.0,2026-03-31 06:11:19,1
D0003125,U000865,Windows,星购App,5.9.1,2025-09-01 23:58:39,1
D0003126,U003625,iOS,星购App,5.9.1,2026-05-19 12:41:45,1
D0003127,U003817,Android,星购App,web,2026-01-11 20:16:42,1
D0003128,U002866,Android,星购App,5.9.1,2025-11-04 14:29:06,1
D0003129,U000097,iOS,星购App,5.9.1,2026-04-02 01:04:45,1
D0003130,U003309,Android,网页,5.8.0,2026-02-19 19:55:22,1
D0003131,U003109,macOS,微信小程序,6.0.0,2025-11-09 05:59:34,1
D0003132,U002041,Android,星购App,6.0.0,2025-09-12 03:25:51,1
D0003133,U002877,iOS,微信小程序,5.8.0,2025-10-24 05:50:15,1
D0003134,U000022,Windows,星购App,6.0.0,2026-04-07 05:11:52,1
D0003135,U000142,iOS,微信小程序,6.0.0,2025-02-21 21:30:29,1
D0003136,U002613,Windows,网页,5.8.0,2025-06-20 19:19:52,1
D0003137,U003032,iOS,星购App,5.8.0,2026-02-24 17:51:14,1
D0003138,U002545,Windows,微信小程序,6.0.0,2026-02-24 13:46:46,1
D0003139,U003398,Windows,微信小程序,5.8.0,2025-12-10 17:52:45,1
D0003140,U004498,Android,网页,5.9.1,2026-01-04 07:05:48,1
D0003141,U002364,iOS,星购App,6.0.0,2025-05-15 19:03:01,1
D0003142,U004645,Android,星购App,6.0.0,2025-02-26 00:52:06,1
D0003143,U001698,iOS,星购App,6.0.0,2025-08-15 13:53:03,1
D0003144,U003117,Windows,星购App,5.9.1,2026-04-09 04:39:20,1
D0003145,U003202,Windows,星购App,5.9.1,2025-05-21 15:38:42,1
D0003146,U002563,Android,星购App,5.8.0,2025-06-08 02:52:02,1
D0003147,U001536,iOS,星购App,6.0.0,2025-08-22 18:16:28,1
D0003148,U001243,Windows,星购App,5.8.0,2026-06-13 15:45:03,1
D0003149,U002733,Android,星购App,5.9.1,2026-01-18 05:00:09,1
D0003150,U000744,iOS,星购App,6.0.0,2025-08-05 12:15:43,1
D0003151,U003999,Windows,星购App,5.9.1,2026-05-31 13:17:49,1
D0003152,U004537,Android,微信小程序,5.8.0,2026-07-21 16:02:39,1
D0003153,U003920,Android,网页,5.8.0,2025-09-28 15:59:01,1
D0003154,U003782,Android,星购App,5.9.1,2025-12-07 14:19:30,1
D0003155,U000438,iOS,微信小程序,5.8.0,2026-03-28 09:17:29,1
D0003156,U004876,Android,星购App,web,2025-03-12 09:59:18,1
D0003157,U003964,Windows,微信小程序,5.8.0,2025-02-20 15:25:16,1
D0003158,U000853,Android,星购App,5.9.1,2025-03-07 06:23:56,1
D0003159,U002999,Windows,星购App,web,2025-11-27 08:47:58,1
D0003160,U002914,Android,星购App,6.0.0,2025-03-25 04:27:56,1
D0003161,U001350,Windows,星购App,web,2025-12-29 03:19:40,1
D0003162,U004354,Android,星购App,5.8.0,2025-05-25 08:40:08,1
D0003163,U002162,Android,网页,web,2026-08-16 06:17:54,1
D0003164,U001132,Windows,网页,5.9.1,2025-01-03 18:36:06,1
D0003165,U004576,Android,星购App,6.0.0,2026-01-14 20:32:02,1
D0003166,U002810,iOS,星购App,6.0.0,2025-08-26 06:59:27,1
D0003167,U002397,Android,星购App,6.0.0,2025-06-21 17:18:28,1
D0003168,U004836,iOS,星购App,5.9.1,2025-11-27 13:33:26,1
D0003169,U002669,Android,星购App,6.0.0,2025-12-24 15:27:35,1
D0003170,U003976,iOS,星购App,5.8.0,2025-07-11 14:39:41,1
D0003171,U000990,Android,星购App,5.9.1,2025-05-18 12:59:55,1
D0003172,U000785,Android,星购App,5.8.0,2026-01-20 06:08:35,1
D0003173,U001908,iOS,星购App,5.8.0,2025-07-01 12:17:12,1
D0003174,U004643,Android,星购App,5.8.0,2025-09-29 06:24:26,1
D0003175,U000621,iOS,网页,6.0.0,2026-02-09 16:29:48,1
D0003176,U000024,iOS,星购App,5.9.1,2025-04-01 07:18:50,1
D0003177,U000243,Android,星购App,5.9.1,2026-01-12 15:54:26,1
D0003178,U004846,Android,网页,6.0.0,2025-11-16 01:04:16,1
D0003179,U002787,iOS,星购App,6.0.0,2025-11-12 13:47:17,1
D0003180,U000116,Android,星购App,5.9.1,2025-05-07 23:03:51,1
D0003181,U003229,Android,星购App,6.0.0,2025-09-03 16:19:25,1
D0003182,U001429,iOS,网页,6.0.0,2025-09-05 07:37:54,1
D0003183,U002777,Android,微信小程序,5.9.1,2025-02-07 19:03:54,1
D0003184,U002095,iOS,网页,5.9.1,2026-01-08 22:22:58,1
D0003185,U004342,Android,星购App,5.8.0,2026-08-10 04:53:42,1
D0003186,U002094,Android,星购App,6.0.0,2026-06-01 15:30:42,1
D0003187,U004413,Android,星购App,5.9.1,2026-01-08 08:46:45,1
D0003188,U001313,Android,星购App,5.9.1,2026-07-20 13:32:46,1
D0003189,U001355,iOS,微信小程序,5.9.1,2025-11-25 20:55:00,1
D0003190,U004795,iOS,星购App,5.8.0,2026-03-16 10:25:23,1
D0003191,U004545,iOS,星购App,5.8.0,2026-08-07 06:26:51,1
D0003192,U000272,Android,星购App,6.0.0,2025-04-13 09:06:47,1
D0003193,U004202,Android,星购App,6.0.0,2026-08-12 16:49:31,1
D0003194,U003652,iOS,星购App,5.9.1,2026-06-28 20:08:52,1
D0003195,U002088,iOS,微信小程序,5.9.1,2025-12-03 11:18:31,1
D0003196,U000414,iOS,星购App,6.0.0,2025-04-12 16:39:48,1
D0003197,U000461,Windows,星购App,5.8.0,2026-06-25 12:53:32,1
D0003198,U003573,iOS,星购App,5.9.1,2025-06-01 06:47:22,1
D0003199,U002810,Android,星购App,5.8.0,2025-08-30 06:19:14,1
D0003200,U004617,Android,星购App,6.0.0,2025-07-09 05:44:26,1
D0003201,U003684,Windows,星购App,5.8.0,2025-09-01 05:35:51,1
D0003202,U004271,iOS,星购App,6.0.0,2025-12-04 13:48:22,1
D0003203,U001888,Android,星购App,5.9.1,2025-07-05 03:59:50,1
D0003204,U002099,Windows,星购App,5.9.1,2025-09-24 03:31:07,1
D0003205,U002736,iOS,网页,5.9.1,2025-09-15 16:15:07,1
D0003206,U004921,Android,星购App,6.0.0,2026-08-03 19:30:31,1
D0003207,U000016,Android,微信小程序,5.9.1,2025-03-14 02:10:51,1
D0003208,U000150,iOS,星购App,6.0.0,2025-02-15 20:53:05,1
D0003209,U000667,Android,微信小程序,6.0.0,2025-08-20 17:59:48,1
D0003210,U001338,Android,星购App,5.9.1,2026-02-12 15:52:08,1
D0003211,U004074,iOS,微信小程序,5.8.0,2025-03-25 02:54:22,1
D0003212,U004709,iOS,星购App,5.8.0,2026-02-24 07:37:35,1
D0003213,U002717,iOS,网页,6.0.0,2025-02-04 16:17:26,1
D0003214,U000758,Android,星购App,6.0.0,2025-12-23 15:07:35,1
D0003215,U000046,Android,星购App,5.9.1,2026-05-08 08:43:27,1
D0003216,U002480,Android,微信小程序,5.9.1,2025-12-15 04:18:17,1
D0003217,U002713,iOS,星购App,5.9.1,2025-09-22 22:30:06,1
D0003218,U001169,Android,星购App,6.0.0,2025-12-17 00:59:01,1
D0003219,U002894,Android,网页,5.9.1,2026-07-28 09:57:19,1
D0003220,U004547,iOS,星购App,5.9.1,2025-01-01 08:00:42,1
D0003221,U003237,Android,星购App,5.9.1,2026-04-11 02:47:30,1
D0003222,U001074,Android,星购App,6.0.0,2026-06-07 22:01:43,1
D0003223,U002001,Windows,星购App,5.9.1,2026-02-18 04:40:12,1
D0003224,U002279,iOS,微信小程序,6.0.0,2025-07-29 16:46:03,1
D0003225,U001737,Android,星购App,5.9.1,2025-07-23 20:56:56,1
D0003226,U002833,Android,星购App,5.9.1,2025-03-16 18:11:56,1
D0003227,U000068,Android,星购App,5.8.0,2026-06-03 22:46:10,1
D0003228,U001462,Android,星购App,5.8.0,2025-06-22 05:25:51,1
D0003229,U001878,Android,星购App,6.0.0,2025-03-05 19:19:54,1
D0003230,U004484,iOS,微信小程序,6.0.0,2026-05-14 18:14:11,1
D0003231,U003466,Android,星购App,5.8.0,2026-06-22 21:53:18,1
D0003232,U003774,Android,星购App,5.8.0,2026-06-05 13:35:21,1
D0003233,U000763,Android,星购App,6.0.0,2025-07-21 22:35:23,1
D0003234,U000301,Windows,微信小程序,5.8.0,2025-02-03 09:03:00,1
D0003235,U000956,Windows,微信小程序,5.9.1,2025-02-16 09:17:51,1
D0003236,U002554,Android,星购App,5.8.0,2025-09-21 19:30:15,1
D0003237,U001877,Android,星购App,5.9.1,2025-08-13 12:24:32,1
D0003238,U000949,Windows,星购App,5.9.1,2026-02-11 10:55:43,1
D0003239,U004938,Android,星购App,6.0.0,2025-02-04 05:35:56,1
D0003240,U001838,iOS,星购App,5.8.0,2025-02-01 10:22:59,1
D0003241,U001332,Android,微信小程序,5.9.1,2025-12-22 05:20:27,1
D0003242,U003778,Android,微信小程序,5.9.1,2026-05-02 10:50:25,1
D0003243,U003083,macOS,星购App,5.8.0,2025-10-08 03:46:43,1
D0003244,U000445,Windows,微信小程序,5.8.0,2026-05-01 00:34:27,1
D0003245,U004035,iOS,星购App,5.9.1,2026-05-25 06:12:53,1
D0003246,U000058,Android,网页,6.0.0,2026-04-18 22:50:26,1
D0003247,U002545,Android,星购App,5.9.1,2025-03-02 16:04:25,1
D0003248,U000896,iOS,微信小程序,6.0.0,2025-04-01 15:57:04,1
D0003249,U003162,Android,微信小程序,5.9.1,2025-10-12 06:01:25,1
D0003250,U000699,iOS,星购App,5.8.0,2025-04-23 03:16:55,1
D0003251,U002362,iOS,星购App,5.8.0,2025-07-10 15:27:22,1
D0003252,U004635,Android,星购App,5.8.0,2025-05-22 20:32:18,1
D0003253,U000392,Android,星购App,web,2026-04-16 17:59:58,1
D0003254,U003769,iOS,微信小程序,6.0.0,2025-09-24 07:48:57,1
D0003255,U000984,iOS,微信小程序,5.8.0,2025-06-18 14:33:00,1
D0003256,U000706,Android,星购App,5.8.0,2025-08-28 10:32:20,1
D0003257,U003311,macOS,星购App,5.9.1,2026-05-15 12:45:27,1
D0003258,U002616,iOS,网页,5.9.1,2025-05-02 19:59:58,1
D0003259,U003294,Android,星购App,5.8.0,2025-06-15 02:56:48,1
D0003260,U000717,Android,星购App,6.0.0,2026-01-12 13:22:55,1
D0003261,U004018,Android,星购App,6.0.0,2025-07-14 11:53:10,1
D0003262,U004179,Android,网页,5.9.1,2025-05-10 07:24:43,1
D0003263,U004049,iOS,微信小程序,5.9.1,2026-08-02 20:07:07,1
D0003264,U003939,Android,微信小程序,5.9.1,2026-07-07 05:51:35,1
D0003265,U000094,Android,星购App,5.9.1,2026-04-10 23:05:43,1
D0003266,U004945,Android,网页,5.8.0,2026-07-06 01:18:40,1
D0003267,U000657,Android,星购App,5.8.0,2025-01-15 03:05:44,1
D0003268,U004671,Android,星购App,5.8.0,2025-07-10 20:18:43,1
D0003269,U004512,Windows,星购App,5.9.1,2026-05-04 13:25:02,1
D0003270,U001378,Android,星购App,5.9.1,2026-07-05 10:33:37,1
D0003271,U000764,Android,网页,5.9.1,2025-01-17 07:46:11,1
D0003272,U001790,Android,星购App,web,2026-04-09 14:08:37,1
D0003273,U000179,iOS,星购App,6.0.0,2026-01-13 06:06:24,1
D0003274,U000106,Windows,星购App,5.9.1,2025-08-29 08:46:42,1
D0003275,U002269,iOS,星购App,5.9.1,2025-09-16 08:11:50,1
D0003276,U003010,Android,星购App,6.0.0,2026-06-03 20:47:07,1
D0003277,U004005,iOS,星购App,5.9.1,2026-06-08 07:23:59,1
D0003278,U003291,Android,星购App,6.0.0,2025-12-21 14:39:39,1
D0003279,U002206,iOS,星购App,6.0.0,2025-12-11 21:03:19,1
D0003280,U004155,iOS,星购App,5.8.0,2025-03-14 00:28:03,1
D0003281,U003923,iOS,星购App,5.8.0,2026-05-15 18:27:36,1
D0003282,U001485,macOS,网页,5.9.1,2026-06-21 02:39:02,1
D0003283,U002764,Android,星购App,5.9.1,2026-07-06 16:06:51,1
D0003284,U001442,Android,星购App,5.8.0,2025-03-01 16:53:48,1
D0003285,U001289,iOS,微信小程序,5.8.0,2025-01-25 08:00:31,1
D0003286,U001123,iOS,网页,5.9.1,2025-03-23 06:59:12,1
D0003287,U000561,Windows,网页,6.0.0,2025-08-15 18:17:39,1
D0003288,U000790,Android,微信小程序,5.9.1,2026-01-22 00:13:20,1
D0003289,U000697,iOS,星购App,5.8.0,2026-04-20 01:02:37,1
D0003290,U003242,Android,微信小程序,5.8.0,2026-04-16 21:36:40,1
D0003291,U004873,Android,星购App,5.9.1,2025-11-05 17:44:06,1
D0003292,U002989,iOS,微信小程序,5.9.1,2025-01-25 04:38:43,1
D0003293,U000360,Android,星购App,5.8.0,2026-07-30 16:30:46,1
D0003294,U004178,Android,网页,5.9.1,2026-07-08 19:54:31,1
D0003295,U000821,Android,星购App,web,2026-05-22 04:40:44,1
D0003296,U002172,Android,网页,5.9.1,2025-01-19 01:59:07,1
D0003297,U003458,Android,星购App,5.9.1,2025-11-24 23:45:18,1
D0003298,U004290,iOS,网页,5.8.0,2025-09-16 19:21:17,1
D0003299,U002304,Android,星购App,5.9.1,2025-06-07 21:12:12,1
D0003300,U002818,Windows,微信小程序,6.0.0,2025-03-21 08:42:10,1
D0003301,U000006,Android,微信小程序,5.8.0,2025-10-21 23:04:13,1
D0003302,U002301,Android,星购App,5.9.1,2026-04-15 05:20:50,1
D0003303,U004039,iOS,微信小程序,5.8.0,2025-03-08 23:02:52,1
D0003304,U003832,Android,网页,5.8.0,2026-07-01 20:03:54,1
D0003305,U002332,Android,星购App,6.0.0,2025-08-17 06:00:11,1
D0003306,U004522,iOS,星购App,5.9.1,2025-11-27 14:56:45,1
D0003307,U003600,iOS,星购App,5.9.1,2025-11-28 23:53:34,1
D0003308,U001963,Windows,网页,6.0.0,2025-12-11 20:04:32,1
D0003309,U004768,Android,星购App,5.9.1,2025-12-13 15:33:33,1
D0003310,U000597,Windows,微信小程序,5.9.1,2025-01-09 22:54:10,1
D0003311,U003386,iOS,星购App,5.9.1,2026-05-03 04:29:17,1
D0003312,U004078,Android,微信小程序,5.9.1,2025-11-12 11:34:12,1
D0003313,U002354,macOS,微信小程序,web,2025-11-10 17:04:28,1
D0003314,U003904,iOS,微信小程序,5.9.1,2026-08-16 06:20:22,1
D0003315,U002878,Windows,星购App,6.0.0,2025-09-15 10:51:58,1
D0003316,U001352,Android,星购App,6.0.0,2025-10-31 04:36:21,1
D0003317,U002068,Android,微信小程序,5.9.1,2025-04-26 16:50:16,1
D0003318,U003659,iOS,网页,5.9.1,2026-08-11 11:20:21,1
D0003319,U003588,Windows,微信小程序,6.0.0,2025-09-04 02:05:30,1
D0003320,U003084,iOS,星购App,5.8.0,2026-01-21 16:32:28,1
D0003321,U000083,iOS,星购App,5.8.0,2026-07-01 00:46:24,1
D0003322,U000304,Android,星购App,5.8.0,2025-01-12 15:57:23,1
D0003323,U002480,Android,微信小程序,6.0.0,2025-05-08 22:53:31,1
D0003324,U000613,iOS,星购App,5.9.1,2026-04-01 01:37:52,1
D0003325,U000779,iOS,网页,6.0.0,2025-08-10 17:31:55,1
D0003326,U003638,iOS,星购App,5.8.0,2026-04-22 20:20:14,1
D0003327,U001014,iOS,星购App,6.0.0,2025-04-11 15:07:02,1
D0003328,U003922,Android,微信小程序,5.9.1,2026-06-12 02:35:32,1
D0003329,U000921,Android,星购App,6.0.0,2026-02-07 20:47:11,1
D0003330,U001326,iOS,星购App,5.8.0,2026-07-12 17:37:05,1
D0003331,U003096,Windows,星购App,5.8.0,2025-01-27 12:06:36,1
D0003332,U000764,iOS,星购App,6.0.0,2025-04-13 14:01:44,1
D0003333,U001044,Android,星购App,5.8.0,2026-02-27 20:31:06,1
D0003334,U003514,Android,星购App,5.8.0,2025-06-09 04:32:51,1
D0003335,U002811,Windows,星购App,5.9.1,2025-07-30 21:02:37,1
D0003336,U003723,Android,星购App,5.9.1,2025-05-26 13:42:45,1
D0003337,U001626,iOS,网页,5.9.1,2025-06-03 18:02:47,1
D0003338,U000727,Android,星购App,5.9.1,2025-09-11 16:29:22,1
D0003339,U002679,iOS,星购App,5.9.1,2025-11-05 02:23:54,1
D0003340,U001950,Android,星购App,web,2026-07-12 21:13:41,1
D0003341,U001071,iOS,星购App,6.0.0,2025-06-15 06:51:02,1
D0003342,U001697,iOS,星购App,6.0.0,2025-01-19 22:52:19,1
D0003343,U003031,Windows,星购App,5.8.0,2025-03-14 21:44:14,1
D0003344,U000536,Windows,微信小程序,5.8.0,2026-08-21 11:56:39,1
D0003345,U003301,iOS,星购App,5.9.1,2025-02-24 23:39:28,1
D0003346,U000159,Android,星购App,5.8.0,2026-03-03 18:54:40,1
D0003347,U000222,iOS,星购App,6.0.0,2025-01-28 01:22:43,1
D0003348,U003755,Android,微信小程序,5.9.1,2026-07-06 00:06:31,1
D0003349,U001867,Android,星购App,5.9.1,2026-03-29 06:56:50,1
D0003350,U002500,iOS,微信小程序,5.9.1,2026-08-18 23:41:03,1
D0003351,U000500,iOS,微信小程序,web,2025-09-18 15:10:59,1
D0003352,U000898,Android,网页,5.9.1,2026-08-14 14:18:41,1
D0003353,U002267,iOS,星购App,5.8.0,2025-06-03 16:17:15,1
D0003354,U000575,iOS,微信小程序,6.0.0,2026-08-10 14:41:26,1
D0003355,U004496,Android,星购App,6.0.0,2025-09-02 22:15:32,1
D0003356,U001719,Android,星购App,5.9.1,2025-02-03 00:43:19,1
D0003357,U002979,Android,星购App,5.8.0,2026-02-02 19:04:05,1
D0003358,U001978,Android,星购App,5.8.0,2026-03-06 13:44:09,1
D0003359,U000689,iOS,微信小程序,5.8.0,2025-12-01 03:16:24,1
D0003360,U001133,iOS,微信小程序,5.8.0,2026-01-24 09:02:30,1
D0003361,U000796,Android,网页,web,2025-11-21 22:04:40,1
D0003362,U002413,iOS,星购App,6.0.0,2026-07-03 11:35:40,1
D0003363,U001778,Windows,微信小程序,5.9.1,2025-08-03 05:11:59,1
D0003364,U000060,iOS,星购App,6.0.0,2025-08-03 06:45:06,1
D0003365,U003972,Android,星购App,5.8.0,2025-05-02 05:17:33,1
D0003366,U000153,Android,网页,6.0.0,2026-03-30 18:18:36,1
D0003367,U000732,iOS,微信小程序,6.0.0,2025-09-26 21:05:06,1
D0003368,U001902,Android,微信小程序,5.9.1,2025-01-20 17:02:21,1
D0003369,U002133,Android,网页,5.8.0,2026-06-07 15:42:45,1
D0003370,U001910,iOS,星购App,6.0.0,2025-05-31 01:17:57,1
D0003371,U002588,Android,星购App,6.0.0,2025-03-15 17:35:29,1
D0003372,U001717,iOS,星购App,5.8.0,2026-07-08 02:44:44,1
D0003373,U000085,iOS,星购App,5.8.0,2025-07-02 13:08:55,1
D0003374,U002623,macOS,星购App,6.0.0,2025-12-20 00:31:31,1
D0003375,U000743,Android,星购App,5.8.0,2026-05-11 14:17:54,1
D0003376,U004099,Android,网页,5.9.1,2025-03-13 04:17:53,1
D0003377,U002105,Android,星购App,5.9.1,2026-01-06 03:33:50,1
D0003378,U002361,Android,星购App,5.9.1,2026-08-22 12:14:25,1
D0003379,U003774,iOS,星购App,5.9.1,2026-08-22 12:58:58,1
D0003380,U000288,Android,星购App,5.8.0,2025-12-02 09:31:10,1
D0003381,U000310,Windows,微信小程序,6.0.0,2025-10-14 01:16:26,1
D0003382,U001472,Android,网页,5.9.1,2025-09-29 11:39:40,1
D0003383,U003070,Windows,星购App,6.0.0,2026-06-23 06:38:29,1
D0003384,U000066,Android,微信小程序,web,2025-11-11 06:04:25,1
D0003385,U004550,iOS,星购App,6.0.0,2026-01-10 19:34:35,1
D0003386,U004689,iOS,星购App,6.0.0,2026-05-04 01:52:07,1
D0003387,U000807,iOS,星购App,5.9.1,2026-02-09 11:02:20,1
D0003388,U001654,iOS,网页,6.0.0,2025-01-07 02:32:08,1
D0003389,U000763,Android,微信小程序,5.9.1,2026-02-15 09:32:31,1
D0003390,U003448,Android,网页,5.8.0,2026-05-29 09:21:50,1
D0003391,U001905,Android,星购App,5.9.1,2026-04-27 09:24:34,1
D0003392,U002247,Android,网页,5.9.1,2026-06-28 23:52:43,1
D0003393,U004411,Windows,星购App,5.8.0,2025-03-12 15:04:25,1
D0003394,U000327,Android,网页,5.8.0,2025-08-06 05:29:07,1
D0003395,U002647,Android,星购App,web,2025-08-28 23:06:29,1
D0003396,U003650,Android,星购App,5.9.1,2025-09-21 23:21:30,1
D0003397,U000792,iOS,星购App,5.9.1,2025-12-16 08:09:16,1
D0003398,U002448,Android,星购App,6.0.0,2026-02-12 07:55:22,1
D0003399,U003678,Android,星购App,6.0.0,2025-02-27 03:42:24,1
D0003400,U003287,Android,微信小程序,5.8.0,2026-05-06 16:33:52,1
D0003401,U001477,iOS,网页,6.0.0,2025-05-31 04:49:57,1
D0003402,U003138,iOS,星购App,5.8.0,2025-12-28 06:31:13,1
D0003403,U002381,iOS,星购App,6.0.0,2025-03-27 14:42:24,1
D0003404,U001206,macOS,星购App,5.8.0,2025-02-08 11:21:23,1
D0003405,U002461,iOS,网页,6.0.0,2025-09-24 23:43:09,1
D0003406,U002059,iOS,微信小程序,web,2026-04-16 11:36:49,1
D0003407,U000420,Android,星购App,5.9.1,2025-07-24 17:18:48,1
D0003408,U002525,Android,微信小程序,6.0.0,2025-04-12 00:27:05,1
D0003409,U002197,Android,星购App,5.8.0,2025-10-02 10:15:49,1
D0003410,U001101,Android,星购App,5.8.0,2025-12-05 00:43:53,1
D0003411,U001529,Android,星购App,6.0.0,2025-01-02 04:50:30,1
D0003412,U003870,iOS,微信小程序,5.9.1,2026-07-23 03:54:57,1
D0003413,U000201,Android,星购App,5.8.0,2025-01-29 20:49:45,1
D0003414,U003483,iOS,星购App,5.8.0,2025-08-23 17:57:08,1
D0003415,U000198,Windows,星购App,5.9.1,2025-11-20 03:38:59,1
D0003416,U003276,iOS,星购App,web,2026-04-20 18:24:22,1
D0003417,U000686,iOS,星购App,5.8.0,2025-10-13 22:19:20,1
D0003418,U000130,Android,星购App,6.0.0,2026-04-29 18:27:40,1
D0003419,U001382,Android,微信小程序,5.9.1,2025-02-27 09:45:01,1
D0003420,U004470,Windows,微信小程序,web,2026-07-31 17:06:41,1
D0003421,U002122,macOS,网页,web,2026-04-27 18:56:20,1
D0003422,U004469,Android,星购App,5.8.0,2025-07-04 07:00:03,1
D0003423,U004049,iOS,微信小程序,5.9.1,2025-12-12 17:48:26,1
D0003424,U002347,Android,网页,6.0.0,2025-10-25 11:31:54,1
D0003425,U000581,Android,微信小程序,6.0.0,2025-02-08 02:40:38,1
D0003426,U001965,iOS,星购App,web,2026-04-08 04:50:11,1
D0003427,U000083,Android,微信小程序,5.8.0,2025-02-18 20:46:55,1
D0003428,U004626,Android,星购App,5.8.0,2025-11-18 16:39:36,1
D0003429,U000698,Windows,网页,5.9.1,2025-02-10 05:14:27,1
D0003430,U003507,iOS,微信小程序,6.0.0,2026-04-08 17:43:37,1
D0003431,U002216,Android,网页,6.0.0,2026-06-22 08:54:33,1
D0003432,U002271,Windows,网页,6.0.0,2025-03-27 13:59:02,1
D0003433,U000932,iOS,星购App,5.8.0,2026-04-18 00:41:29,1
D0003434,U003217,Android,星购App,6.0.0,2025-02-19 20:17:27,1
D0003435,U003155,Windows,星购App,5.9.1,2026-04-04 09:47:06,1
D0003436,U002104,iOS,微信小程序,5.8.0,2025-10-16 21:40:09,1
D0003437,U001834,iOS,微信小程序,5.8.0,2025-05-12 02:50:38,1
D0003438,U000505,Android,星购App,6.0.0,2026-08-03 17:09:15,1
D0003439,U000563,Android,星购App,5.9.1,2025-06-25 00:47:02,1
D0003440,U001485,iOS,星购App,5.9.1,2026-02-16 01:47:39,1
D0003441,U004991,Android,星购App,5.8.0,2026-07-18 20:54:36,1
D0003442,U003973,Android,网页,5.9.1,2025-08-25 01:56:10,1
D0003443,U000357,Android,星购App,6.0.0,2026-05-02 09:56:25,1
D0003444,U001509,iOS,星购App,5.8.0,2025-11-13 10:21:06,1
D0003445,U004612,macOS,微信小程序,6.0.0,2025-11-19 04:14:07,1
D0003446,U000828,Android,星购App,5.8.0,2026-01-31 02:12:58,1
D0003447,U003513,iOS,星购App,6.0.0,2025-10-13 07:10:01,1
D0003448,U004209,iOS,网页,5.8.0,2026-02-11 23:11:51,1
D0003449,U004904,iOS,星购App,5.8.0,2025-10-02 09:18:58,1
D0003450,U003130,Windows,星购App,6.0.0,2025-01-31 13:26:07,1
D0003451,U001722,Android,星购App,6.0.0,2026-04-04 23:04:47,1
D0003452,U004275,iOS,星购App,5.8.0,2025-12-31 20:51:19,1
D0003453,U001289,Windows,星购App,5.8.0,2026-06-12 02:09:20,1
D0003454,U000323,iOS,星购App,web,2026-08-18 15:06:00,1
D0003455,U001907,Android,微信小程序,5.8.0,2025-06-20 05:51:20,1
D0003456,U002853,Android,星购App,5.9.1,2026-05-09 17:28:42,1
D0003457,U000624,iOS,星购App,5.8.0,2026-06-15 04:41:21,1
D0003458,U001970,macOS,网页,5.8.0,2025-04-25 12:11:09,1
D0003459,U004023,iOS,微信小程序,web,2025-04-06 21:40:30,1
D0003460,U003529,Android,星购App,6.0.0,2025-07-12 01:01:40,1
D0003461,U003668,iOS,星购App,5.8.0,2025-11-04 23:20:04,1
D0003462,U004086,Android,星购App,5.8.0,2025-07-19 04:33:01,1
D0003463,U004258,Android,微信小程序,5.8.0,2026-07-05 16:04:02,1
D0003464,U001726,iOS,星购App,web,2025-02-16 00:21:48,1
D0003465,U001216,iOS,星购App,5.8.0,2025-09-15 17:59:48,1
D0003466,U000573,iOS,星购App,5.9.1,2025-11-15 06:42:51,1
D0003467,U001541,Android,星购App,6.0.0,2025-08-29 10:15:54,1
D0003468,U003558,Windows,星购App,web,2025-08-19 02:44:00,1
D0003469,U004576,macOS,星购App,6.0.0,2025-02-13 10:25:35,1
D0003470,U001225,Android,网页,6.0.0,2026-03-18 12:24:22,1
D0003471,U001604,Android,星购App,5.8.0,2025-11-13 03:50:58,1
D0003472,U003743,Android,网页,6.0.0,2026-01-21 00:11:55,1
D0003473,U001960,Windows,星购App,5.8.0,2025-03-30 10:59:58,1
D0003474,U000544,iOS,微信小程序,5.8.0,2025-02-12 12:14:15,1
D0003475,U002235,iOS,星购App,5.9.1,2026-03-01 12:48:49,1
D0003476,U004775,Android,星购App,5.9.1,2026-05-24 09:28:41,1
D0003477,U004308,Android,网页,5.9.1,2025-12-14 09:13:57,1
D0003478,U004108,iOS,星购App,5.8.0,2025-06-26 11:05:58,1
D0003479,U000276,iOS,星购App,5.9.1,2025-12-05 04:08:06,1
D0003480,U000941,iOS,星购App,6.0.0,2025-02-26 07:32:22,1
D0003481,U000877,iOS,星购App,5.9.1,2025-10-07 08:44:21,1
D0003482,U001136,Windows,星购App,5.9.1,2026-06-17 00:21:11,1
D0003483,U003462,Android,星购App,6.0.0,2025-09-09 22:09:07,1
D0003484,U000054,iOS,网页,6.0.0,2025-07-11 17:47:27,1
D0003485,U001642,iOS,星购App,web,2025-11-09 04:30:33,1
D0003486,U001892,Android,网页,5.9.1,2025-09-08 23:28:45,1
D0003487,U003215,iOS,微信小程序,6.0.0,2025-09-08 03:48:06,1
D0003488,U004755,Android,星购App,6.0.0,2026-03-05 05:12:55,1
D0003489,U004717,Windows,星购App,5.9.1,2025-04-23 12:17:03,1
D0003490,U001039,Windows,网页,6.0.0,2026-04-03 12:38:06,1
D0003491,U004720,iOS,星购App,6.0.0,2026-07-08 22:52:48,1
D0003492,U004324,iOS,网页,5.9.1,2026-02-21 17:43:47,1
D0003493,U004872,Android,星购App,5.8.0,2025-10-08 06:20:20,1
D0003494,U004497,Android,网页,5.8.0,2025-03-18 21:54:04,1
D0003495,U001513,Windows,星购App,5.8.0,2025-02-21 07:48:41,1
D0003496,U000540,Android,网页,5.9.1,2026-07-05 03:42:13,1
D0003497,U001648,Android,星购App,5.8.0,2025-07-04 06:40:49,1
D0003498,U003052,iOS,星购App,6.0.0,2026-04-06 22:12:32,1
D0003499,U000630,Android,网页,web,2025-02-13 05:36:43,1
D0003500,U003775,Windows,星购App,5.8.0,2025-08-11 13:42:18,1
D0003501,U001563,Android,星购App,6.0.0,2025-09-15 14:08:45,1
D0003502,U002119,Android,星购App,5.8.0,2026-04-10 18:01:27,1
D0003503,U002469,iOS,星购App,5.8.0,2025-12-02 20:42:38,1
D0003504,U000939,Android,微信小程序,5.9.1,2026-03-09 03:45:19,1
D0003505,U001101,Android,星购App,5.8.0,2026-08-09 22:42:14,1
D0003506,U001164,Windows,微信小程序,5.8.0,2026-03-09 17:39:17,1
D0003507,U001586,Android,星购App,5.9.1,2026-04-20 07:56:38,1
D0003508,U000645,Android,星购App,5.8.0,2025-11-16 22:09:24,1
D0003509,U004058,iOS,星购App,6.0.0,2025-04-13 10:39:09,1
D0003510,U001304,iOS,星购App,6.0.0,2025-06-05 00:42:26,1
D0003511,U000776,iOS,星购App,5.9.1,2025-09-23 07:41:58,1
D0003512,U000135,iOS,网页,6.0.0,2026-08-21 15:08:05,1
D0003513,U002062,iOS,星购App,6.0.0,2025-06-02 19:17:52,1
D0003514,U002331,iOS,微信小程序,6.0.0,2026-01-31 12:49:24,1
D0003515,U000293,iOS,微信小程序,web,2025-05-25 05:23:19,1
D0003516,U002321,iOS,微信小程序,6.0.0,2026-03-14 01:07:35,1
D0003517,U003481,iOS,星购App,6.0.0,2026-02-18 03:04:54,1
D0003518,U001337,iOS,星购App,5.9.1,2025-09-16 19:12:22,1
D0003519,U004684,Android,星购App,5.8.0,2026-02-14 01:04:34,1
D0003520,U004834,Android,微信小程序,6.0.0,2025-03-31 05:32:08,1
D0003521,U004509,iOS,微信小程序,5.9.1,2026-03-18 05:44:02,1
D0003522,U003883,Android,星购App,6.0.0,2025-05-01 02:58:11,1
D0003523,U000253,Android,星购App,web,2025-03-25 08:44:50,1
D0003524,U000092,Android,星购App,6.0.0,2025-04-14 08:57:15,1
D0003525,U002739,Android,微信小程序,web,2026-07-18 04:43:44,1
D0003526,U002451,Android,星购App,6.0.0,2025-05-25 19:28:12,1
D0003527,U004513,Android,星购App,5.9.1,2026-02-21 16:58:59,1
D0003528,U001550,iOS,星购App,web,2025-05-29 14:57:29,1
D0003529,U002443,macOS,星购App,5.8.0,2025-05-03 08:05:20,1
D0003530,U004914,Windows,星购App,6.0.0,2026-05-07 20:10:26,1
D0003531,U000402,iOS,星购App,6.0.0,2025-10-13 04:56:57,1
D0003532,U002557,iOS,微信小程序,5.8.0,2026-04-18 21:52:23,1
D0003533,U002109,macOS,微信小程序,5.9.1,2025-07-24 15:53:10,1
D0003534,U004302,Android,网页,5.9.1,2026-06-08 23:13:22,1
D0003535,U000213,Android,星购App,5.8.0,2026-04-29 23:46:10,1
D0003536,U002691,Android,星购App,5.9.1,2025-04-19 13:48:14,1
D0003537,U000428,iOS,星购App,5.9.1,2026-06-25 12:44:56,1
D0003538,U000207,Android,星购App,5.9.1,2026-02-20 07:01:30,1
D0003539,U002344,iOS,星购App,6.0.0,2026-03-20 02:53:24,1
D0003540,U004498,Android,星购App,5.9.1,2026-01-10 23:20:12,1
D0003541,U002022,iOS,星购App,web,2026-03-15 09:48:44,1
D0003542,U002858,Android,微信小程序,5.8.0,2025-12-24 09:31:25,1
D0003543,U001577,Android,星购App,web,2025-12-19 21:19:49,1
D0003544,U003661,Android,星购App,5.8.0,2025-08-19 06:09:00,1
D0003545,U004695,Android,星购App,6.0.0,2025-10-02 10:05:18,1
D0003546,U002207,Android,星购App,5.8.0,2025-03-26 04:26:51,1
D0003547,U002071,Android,微信小程序,web,2025-08-12 10:46:35,1
D0003548,U004002,iOS,星购App,6.0.0,2025-06-21 05:32:51,1
D0003549,U001481,Windows,星购App,6.0.0,2026-05-11 19:40:03,1
D0003550,U002715,Windows,星购App,6.0.0,2025-07-12 03:37:57,1
D0003551,U002644,iOS,微信小程序,5.9.1,2026-07-08 00:05:55,1
D0003552,U002828,iOS,星购App,6.0.0,2025-02-14 19:14:29,1
D0003553,U000623,Android,星购App,5.9.1,2026-05-22 01:19:12,1
D0003554,U000011,iOS,微信小程序,6.0.0,2026-01-08 18:39:14,1
D0003555,U000276,iOS,星购App,6.0.0,2026-06-19 22:29:48,1
D0003556,U002983,iOS,星购App,web,2025-06-21 14:17:43,1
D0003557,U002230,Android,星购App,5.9.1,2026-03-14 13:46:44,1
D0003558,U002215,iOS,星购App,6.0.0,2025-05-14 01:16:52,1
D0003559,U003384,iOS,星购App,5.9.1,2025-11-01 12:03:34,1
D0003560,U001254,Android,网页,5.8.0,2026-02-11 18:47:20,1
D0003561,U001588,Windows,星购App,6.0.0,2026-02-13 23:53:46,1
D0003562,U003370,Android,微信小程序,5.9.1,2025-01-19 08:22:54,1
D0003563,U004439,Android,微信小程序,6.0.0,2025-01-29 16:38:36,1
D0003564,U003926,Windows,星购App,5.8.0,2026-06-03 14:25:20,1
D0003565,U002615,iOS,网页,web,2025-08-31 23:51:10,1
D0003566,U003579,iOS,星购App,5.9.1,2025-09-01 22:55:51,1
D0003567,U002300,Android,微信小程序,6.0.0,2026-02-28 05:09:49,1
D0003568,U002314,Android,星购App,5.8.0,2025-12-12 08:24:45,1
D0003569,U003662,iOS,星购App,5.8.0,2025-04-06 13:36:16,1
D0003570,U000924,Windows,网页,6.0.0,2025-03-03 17:48:00,1
D0003571,U003023,Android,星购App,6.0.0,2025-06-28 01:52:45,1
D0003572,U003374,Android,星购App,web,2026-01-24 00:23:28,1
D0003573,U000468,Android,星购App,5.8.0,2025-12-31 01:46:20,1
D0003574,U004080,iOS,星购App,5.8.0,2025-11-08 01:37:28,1
D0003575,U001700,Android,星购App,6.0.0,2025-04-13 15:17:26,1
D0003576,U002831,Android,星购App,5.9.1,2025-06-29 11:54:03,1
D0003577,U000526,Android,网页,6.0.0,2026-05-30 11:37:10,1
D0003578,U002961,iOS,星购App,web,2026-05-04 15:37:13,1
D0003579,U002131,Android,网页,5.8.0,2025-10-16 22:05:26,1
D0003580,U000488,iOS,星购App,5.9.1,2025-09-19 22:48:54,1
D0003581,U003369,Android,星购App,5.8.0,2025-08-20 08:55:07,1
D0003582,U002930,Android,网页,5.9.1,2025-12-14 19:03:23,1
D0003583,U001187,Windows,星购App,6.0.0,2025-03-17 18:17:03,1
D0003584,U001980,iOS,星购App,5.9.1,2025-04-24 18:01:07,1
D0003585,U003545,iOS,星购App,5.9.1,2025-12-16 22:16:41,1
D0003586,U000329,Windows,星购App,5.9.1,2026-01-18 21:26:23,1
D0003587,U001438,iOS,星购App,5.9.1,2026-02-20 14:29:25,1
D0003588,U000071,iOS,星购App,5.8.0,2025-03-15 12:46:50,1
D0003589,U003259,Android,星购App,6.0.0,2026-02-25 14:48:42,1
D0003590,U002061,Windows,星购App,6.0.0,2025-09-02 02:27:25,1
D0003591,U002783,Android,星购App,6.0.0,2025-02-19 01:17:48,1
D0003592,U001483,iOS,星购App,6.0.0,2026-05-29 07:35:09,1
D0003593,U000236,Android,微信小程序,6.0.0,2025-09-17 06:40:38,1
D0003594,U002387,macOS,网页,5.9.1,2026-06-25 09:13:10,1
D0003595,U001057,macOS,星购App,6.0.0,2025-05-02 17:05:43,1
D0003596,U001429,iOS,网页,6.0.0,2025-08-26 07:01:07,1
D0003597,U003746,Android,星购App,web,2025-10-09 14:47:44,1
D0003598,U003997,Android,微信小程序,5.9.1,2026-07-21 21:29:27,1
D0003599,U001004,Android,星购App,6.0.0,2025-10-02 11:14:55,1
D0003600,U001566,Android,星购App,5.9.1,2025-02-12 03:01:48,1
D0003601,U004728,iOS,星购App,6.0.0,2025-07-24 13:50:05,1
D0003602,U002386,iOS,星购App,5.9.1,2025-10-18 15:07:22,1
D0003603,U002525,Android,网页,5.8.0,2026-07-11 16:08:06,1
D0003604,U000517,iOS,星购App,5.9.1,2025-05-21 16:05:13,1
D0003605,U000701,Windows,星购App,6.0.0,2026-08-05 00:51:45,1
D0003606,U002300,Android,星购App,6.0.0,2026-07-16 15:28:57,1
D0003607,U000107,Windows,星购App,6.0.0,2025-09-01 12:07:18,1
D0003608,U000610,iOS,星购App,6.0.0,2025-08-20 03:59:33,1
D0003609,U000194,Windows,星购App,web,2025-10-23 02:07:13,1
D0003610,U003309,Android,微信小程序,5.8.0,2025-08-02 18:45:30,1
D0003611,U000901,iOS,微信小程序,5.8.0,2025-05-03 17:58:22,1
D0003612,U004903,iOS,微信小程序,5.9.1,2025-04-30 13:27:02,1
D0003613,U002363,iOS,星购App,5.9.1,2025-09-05 07:41:20,1
D0003614,U000781,iOS,星购App,5.8.0,2025-05-19 05:24:12,1
D0003615,U003538,Android,星购App,6.0.0,2026-05-10 16:09:50,1
D0003616,U001088,Android,网页,5.9.1,2025-11-10 06:35:31,1
D0003617,U004116,Android,星购App,6.0.0,2026-07-27 01:55:35,1
D0003618,U001245,Android,星购App,web,2026-04-08 16:09:55,1
D0003619,U004883,iOS,星购App,6.0.0,2025-02-26 12:16:58,1
D0003620,U001699,Android,星购App,5.9.1,2026-01-31 17:34:21,1
D0003621,U002988,Android,星购App,5.9.1,2025-09-19 14:54:25,1
D0003622,U004306,Android,微信小程序,5.8.0,2025-07-16 14:56:37,1
D0003623,U001759,Android,星购App,5.9.1,2026-02-28 06:29:43,1
D0003624,U003115,Windows,星购App,6.0.0,2026-07-10 08:42:58,1
D0003625,U003075,Android,微信小程序,5.8.0,2026-01-09 13:26:04,1
D0003626,U001411,iOS,网页,5.9.1,2026-08-09 19:21:23,1
D0003627,U000766,Windows,星购App,web,2026-08-17 17:54:10,1
D0003628,U002546,Android,星购App,5.9.1,2026-04-03 14:43:21,1
D0003629,U004379,Windows,星购App,5.9.1,2025-01-19 03:02:46,1
D0003630,U003005,macOS,星购App,5.9.1,2025-05-09 20:42:36,1
D0003631,U004091,Android,星购App,6.0.0,2025-03-15 09:20:25,1
D0003632,U000631,Windows,星购App,web,2026-04-20 22:15:10,1
D0003633,U001211,Android,星购App,web,2025-07-24 13:59:32,1
D0003634,U003175,Android,网页,5.9.1,2025-05-22 20:33:14,1
D0003635,U002410,macOS,星购App,web,2026-03-20 07:57:06,1
D0003636,U004538,iOS,星购App,5.9.1,2025-12-18 12:56:48,1
D0003637,U002734,Android,微信小程序,5.8.0,2026-03-31 15:34:37,1
D0003638,U002917,Android,网页,5.9.1,2026-05-19 08:08:54,1
D0003639,U001382,iOS,星购App,5.9.1,2025-05-01 11:54:34,1
D0003640,U001965,Android,微信小程序,5.9.1,2025-10-30 10:50:57,1
D0003641,U003923,Android,微信小程序,5.8.0,2025-09-12 04:42:33,1
D0003642,U004735,Android,星购App,5.9.1,2026-08-07 07:07:20,1
D0003643,U001951,Android,星购App,5.8.0,2025-06-17 19:14:09,1
D0003644,U001499,iOS,星购App,6.0.0,2026-05-26 00:44:37,1
D0003645,U004745,Android,星购App,5.9.1,2025-10-19 22:54:54,1
D0003646,U001164,Windows,星购App,6.0.0,2025-03-01 13:30:33,1
D0003647,U001388,iOS,星购App,5.9.1,2026-06-19 18:40:38,1
D0003648,U001747,Android,星购App,6.0.0,2025-03-13 14:40:26,1
D0003649,U003574,Windows,星购App,5.9.1,2026-07-13 15:31:07,1
D0003650,U004090,macOS,网页,web,2025-04-17 03:48:52,1
D0003651,U000670,Android,星购App,6.0.0,2025-10-03 14:40:48,1
D0003652,U004171,Android,星购App,web,2026-06-27 03:39:35,1
D0003653,U001593,Android,微信小程序,5.9.1,2025-07-09 22:59:08,1
D0003654,U002555,iOS,微信小程序,5.8.0,2025-12-16 02:16:50,1
D0003655,U000421,Windows,星购App,5.9.1,2025-07-04 23:22:52,1
D0003656,U001600,Android,星购App,6.0.0,2025-09-25 20:05:44,1
D0003657,U000943,Android,星购App,6.0.0,2025-10-08 21:10:51,1
D0003658,U002421,Android,网页,6.0.0,2025-10-21 07:48:19,1
D0003659,U003595,Android,星购App,6.0.0,2026-06-23 11:03:15,1
D0003660,U000722,iOS,星购App,6.0.0,2026-08-13 06:21:27,1
D0003661,U001119,Android,星购App,web,2026-07-14 10:43:24,1
D0003662,U004591,iOS,微信小程序,5.9.1,2025-03-18 09:42:13,1
D0003663,U003734,Android,星购App,5.9.1,2025-06-28 01:22:56,1
D0003664,U000118,iOS,星购App,5.9.1,2025-11-28 13:50:47,1
D0003665,U002248,Android,微信小程序,5.8.0,2025-01-18 07:34:36,1
D0003666,U001247,iOS,星购App,6.0.0,2026-01-08 02:57:28,1
D0003667,U003533,Android,星购App,5.9.1,2025-07-29 04:36:03,1
D0003668,U004664,Android,网页,5.9.1,2026-07-15 10:35:02,1
D0003669,U002387,iOS,微信小程序,5.8.0,2025-06-24 01:04:01,1
D0003670,U000953,Windows,星购App,5.9.1,2026-02-14 23:04:12,1
D0003671,U002318,iOS,星购App,6.0.0,2025-01-25 12:51:31,1
D0003672,U002851,Android,星购App,6.0.0,2025-11-09 23:38:03,1
D0003673,U002760,Android,星购App,5.8.0,2025-10-16 02:18:59,1
D0003674,U001521,iOS,网页,5.8.0,2026-03-17 15:14:27,1
D0003675,U003283,Android,星购App,6.0.0,2025-04-23 19:46:53,1
D0003676,U001704,Android,星购App,5.8.0,2025-01-23 11:15:52,1
D0003677,U004201,iOS,星购App,6.0.0,2025-11-27 04:27:54,1
D0003678,U001988,Windows,星购App,5.9.1,2026-04-13 21:40:32,1
D0003679,U004405,Windows,微信小程序,5.9.1,2025-03-19 00:19:26,1
D0003680,U002738,Android,星购App,web,2025-12-22 07:29:20,1
D0003681,U004567,Android,星购App,5.8.0,2025-08-10 04:09:00,1
D0003682,U002563,Android,微信小程序,6.0.0,2026-01-12 00:40:20,1
D0003683,U004256,iOS,星购App,6.0.0,2026-03-18 03:31:15,1
D0003684,U000491,iOS,网页,web,2025-01-20 16:19:39,1
D0003685,U000993,Windows,星购App,5.8.0,2025-01-08 19:32:55,1
D0003686,U004474,iOS,网页,web,2025-01-30 00:52:04,1
D0003687,U003855,Android,星购App,5.8.0,2026-05-12 02:42:18,1
D0003688,U003721,Android,星购App,6.0.0,2025-09-23 08:07:43,1
D0003689,U000966,iOS,微信小程序,5.9.1,2025-04-26 21:08:20,1
D0003690,U001117,iOS,星购App,5.8.0,2025-10-20 17:07:47,1
D0003691,U004609,Android,网页,6.0.0,2026-05-13 19:12:54,1
D0003692,U001893,Android,星购App,5.9.1,2025-07-18 20:35:11,1
D0003693,U003933,iOS,星购App,5.9.1,2025-12-25 13:50:40,1
D0003694,U002087,iOS,星购App,6.0.0,2026-01-12 00:53:29,1
D0003695,U002339,Android,星购App,5.8.0,2025-04-18 15:36:00,1
D0003696,U004046,Android,星购App,5.8.0,2025-12-30 13:16:02,1
D0003697,U001212,iOS,星购App,6.0.0,2025-03-11 23:12:23,1
D0003698,U004460,Android,星购App,6.0.0,2026-03-19 11:45:05,1
D0003699,U002544,Windows,星购App,5.9.1,2025-06-15 18:03:08,1
D0003700,U003216,iOS,星购App,6.0.0,2026-05-06 07:32:24,1
D0003701,U001755,Android,微信小程序,5.9.1,2025-09-28 15:24:46,1
D0003702,U004443,Windows,星购App,6.0.0,2026-02-11 04:08:43,1
D0003703,U000652,macOS,星购App,web,2026-05-02 21:22:21,1
D0003704,U001381,Android,星购App,5.9.1,2025-01-29 23:10:13,1
D0003705,U003328,macOS,微信小程序,6.0.0,2025-01-05 18:49:11,1
D0003706,U003503,Android,星购App,5.8.0,2025-04-28 23:34:51,1
D0003707,U004665,iOS,星购App,web,2025-01-23 11:46:28,1
D0003708,U002595,Android,星购App,6.0.0,2025-09-18 05:28:50,1
D0003709,U002575,Windows,星购App,5.8.0,2026-03-24 05:06:29,1
D0003710,U004083,iOS,星购App,5.8.0,2025-11-23 21:57:33,1
D0003711,U001281,Windows,微信小程序,5.9.1,2025-08-18 09:59:10,1
D0003712,U003546,iOS,星购App,web,2025-01-15 11:24:51,1
D0003713,U003258,iOS,微信小程序,6.0.0,2025-03-28 10:05:35,1
D0003714,U004341,iOS,星购App,5.9.1,2025-03-02 09:06:43,1
D0003715,U004393,Android,星购App,6.0.0,2025-06-13 15:20:30,1
D0003716,U002552,Android,星购App,6.0.0,2025-08-03 12:51:55,1
D0003717,U003254,Windows,星购App,6.0.0,2025-12-20 20:45:33,1
D0003718,U004315,Windows,微信小程序,5.9.1,2025-06-19 04:32:20,1
D0003719,U004625,iOS,星购App,6.0.0,2026-07-20 15:13:14,1
D0003720,U002179,iOS,星购App,5.9.1,2025-05-04 14:42:56,1
D0003721,U000939,Android,微信小程序,6.0.0,2026-05-17 07:45:46,1
D0003722,U002127,iOS,星购App,5.8.0,2026-04-09 20:33:48,1
D0003723,U004283,Android,星购App,5.9.1,2025-05-20 17:35:56,1
D0003724,U000651,Android,网页,5.9.1,2026-03-06 12:35:28,1
D0003725,U002031,iOS,星购App,web,2026-04-26 17:29:27,1
D0003726,U004356,Windows,微信小程序,5.9.1,2026-06-27 07:31:14,1
D0003727,U000646,Android,网页,5.9.1,2026-08-11 01:46:59,1
D0003728,U002820,Windows,星购App,5.9.1,2025-07-10 16:00:47,1
D0003729,U004205,Android,星购App,5.8.0,2026-04-15 15:19:37,1
D0003730,U003602,Android,网页,5.9.1,2025-03-19 01:45:34,1
D0003731,U000203,iOS,微信小程序,5.9.1,2025-03-14 01:50:40,1
D0003732,U003695,iOS,微信小程序,6.0.0,2025-09-05 07:32:23,1
D0003733,U002136,iOS,星购App,6.0.0,2026-03-12 15:37:43,1
D0003734,U001408,Android,星购App,web,2026-03-04 02:25:44,1
D0003735,U003840,Android,微信小程序,web,2026-04-24 18:52:36,1
D0003736,U001072,iOS,微信小程序,5.9.1,2025-01-07 21:10:34,1
D0003737,U003059,Android,星购App,6.0.0,2026-02-17 02:49:41,1
D0003738,U003015,Windows,微信小程序,5.8.0,2025-03-15 07:26:22,1
D0003739,U004597,iOS,星购App,5.8.0,2025-12-31 04:54:12,1
D0003740,U004435,Windows,微信小程序,5.8.0,2025-04-02 16:18:19,1
D0003741,U000439,Android,星购App,5.8.0,2025-04-25 16:31:29,1
D0003742,U000877,Android,微信小程序,5.9.1,2026-05-14 01:27:49,1
D0003743,U003337,Android,星购App,5.9.1,2026-04-16 06:39:42,1
D0003744,U004632,Windows,星购App,5.9.1,2025-01-11 17:17:54,1
D0003745,U000959,Android,星购App,5.8.0,2025-12-29 08:53:33,1
D0003746,U001816,iOS,微信小程序,5.9.1,2025-06-29 07:41:14,1
D0003747,U000570,Android,星购App,6.0.0,2026-08-02 07:42:23,1
D0003748,U003682,iOS,星购App,5.9.1,2026-03-10 23:19:41,1
D0003749,U004059,Android,星购App,5.9.1,2025-01-18 09:41:16,1
D0003750,U001408,Android,微信小程序,5.9.1,2025-04-25 09:47:29,1
D0003751,U004649,iOS,微信小程序,5.8.0,2026-07-21 15:14:10,1
D0003752,U002177,Android,星购App,5.9.1,2026-02-11 10:05:45,1
D0003753,U001959,Windows,星购App,5.8.0,2026-03-04 18:53:35,1
D0003754,U001227,Android,星购App,6.0.0,2025-12-17 18:32:56,1
D0003755,U000148,Windows,星购App,web,2025-10-07 01:36:30,1
D0003756,U000652,Android,星购App,6.0.0,2025-10-28 15:35:07,1
D0003757,U003752,iOS,网页,6.0.0,2026-06-15 11:18:08,1
D0003758,U002692,Android,星购App,5.9.1,2025-03-16 19:29:30,1
D0003759,U002470,iOS,星购App,5.9.1,2026-02-07 06:42:10,1
D0003760,U004396,Android,星购App,5.8.0,2025-01-06 17:00:56,1
D0003761,U004761,Android,星购App,web,2026-08-06 15:53:18,1
D0003762,U000297,iOS,微信小程序,6.0.0,2025-08-16 16:45:34,1
D0003763,U003684,Windows,星购App,5.9.1,2026-08-06 06:26:10,1
D0003764,U002860,Android,星购App,5.8.0,2025-04-14 11:59:18,1
D0003765,U004594,Android,星购App,5.8.0,2026-07-15 05:48:18,1
D0003766,U004637,macOS,星购App,5.9.1,2026-04-05 04:40:56,1
D0003767,U002720,Android,星购App,5.8.0,2025-04-24 20:27:13,1
D0003768,U004159,Windows,星购App,5.9.1,2026-07-30 16:19:47,1
D0003769,U003737,Android,星购App,6.0.0,2025-10-22 15:45:37,1
D0003770,U001717,Android,星购App,web,2025-12-01 19:36:15,1
D0003771,U002175,Android,星购App,web,2025-11-21 19:32:52,1
D0003772,U000761,iOS,星购App,5.9.1,2025-04-10 20:45:11,1
D0003773,U004186,Android,网页,5.9.1,2026-03-03 04:21:53,1
D0003774,U004708,Windows,星购App,5.8.0,2026-04-03 01:08:55,1
D0003775,U002132,iOS,星购App,6.0.0,2025-03-21 22:40:55,1
D0003776,U001111,Android,星购App,6.0.0,2025-05-03 22:53:48,1
D0003777,U000383,Windows,微信小程序,6.0.0,2025-01-27 21:48:04,1
D0003778,U003706,Windows,微信小程序,5.8.0,2025-03-30 05:01:36,1
D0003779,U002151,iOS,星购App,web,2025-09-20 07:30:02,1
D0003780,U004503,Windows,星购App,6.0.0,2025-11-26 05:47:27,1
D0003781,U004021,Windows,微信小程序,6.0.0,2026-07-18 12:53:47,1
D0003782,U000231,Android,网页,5.9.1,2026-06-09 06:36:16,1
D0003783,U004662,Android,网页,5.9.1,2025-02-11 17:09:09,1
D0003784,U004935,Android,星购App,5.8.0,2026-02-04 06:07:20,1
D0003785,U001755,iOS,星购App,6.0.0,2026-04-15 23:42:21,1
D0003786,U000148,iOS,星购App,5.9.1,2025-12-24 16:24:30,1
D0003787,U000997,Windows,星购App,6.0.0,2025-07-22 04:31:10,1
D0003788,U001399,iOS,星购App,5.9.1,2026-02-10 14:43:19,1
D0003789,U000596,iOS,星购App,5.9.1,2025-08-10 09:30:15,1
D0003790,U003939,Android,微信小程序,web,2026-06-26 20:05:19,1
D0003791,U001080,Android,网页,6.0.0,2025-02-03 02:24:48,1
D0003792,U001493,Android,星购App,5.8.0,2025-06-04 18:13:23,1
D0003793,U002030,iOS,网页,5.8.0,2025-07-24 04:12:43,1
D0003794,U004836,iOS,网页,5.9.1,2025-04-25 11:42:40,1
D0003795,U004827,Android,星购App,6.0.0,2025-04-06 15:16:53,1
D0003796,U002744,iOS,星购App,6.0.0,2026-06-06 04:18:18,1
D0003797,U002160,Android,星购App,5.9.1,2025-06-15 08:52:42,1
D0003798,U000587,iOS,星购App,5.8.0,2025-01-17 16:54:00,1
D0003799,U004871,Android,网页,5.9.1,2025-02-02 19:52:26,1
D0003800,U004523,Android,星购App,6.0.0,2025-12-13 19:13:16,1
D0003801,U002441,Windows,微信小程序,6.0.0,2026-08-20 15:29:45,1
D0003802,U003959,iOS,星购App,6.0.0,2025-07-18 06:19:53,1
D0003803,U000902,Windows,网页,6.0.0,2026-07-25 13:24:34,1
D0003804,U001999,iOS,星购App,5.8.0,2026-03-21 22:32:42,1
D0003805,U004956,Android,星购App,6.0.0,2025-01-25 08:10:01,1
D0003806,U004995,Windows,星购App,6.0.0,2026-07-08 20:44:17,1
D0003807,U001278,iOS,星购App,5.9.1,2025-11-20 08:37:58,1
D0003808,U002628,Android,星购App,6.0.0,2025-11-15 08:06:01,1
D0003809,U002588,Windows,微信小程序,5.9.1,2025-12-14 01:59:33,1
D0003810,U002542,Android,星购App,5.8.0,2026-03-17 14:39:50,1
D0003811,U003603,Windows,星购App,5.8.0,2025-08-23 06:44:11,1
D0003812,U004243,iOS,星购App,5.8.0,2026-04-09 04:24:47,1
D0003813,U002242,Windows,星购App,6.0.0,2026-05-14 15:32:35,1
D0003814,U004087,Android,星购App,5.9.1,2026-08-12 06:27:01,1
D0003815,U000741,iOS,星购App,6.0.0,2026-06-15 06:27:58,1
D0003816,U001687,Android,星购App,5.9.1,2025-09-15 11:02:17,1
D0003817,U000997,Android,星购App,5.9.1,2025-03-21 02:36:01,1
D0003818,U002819,iOS,星购App,5.8.0,2025-05-01 16:18:30,1
D0003819,U000472,iOS,星购App,5.9.1,2025-01-23 04:17:18,1
D0003820,U000758,Android,星购App,6.0.0,2025-01-12 13:18:38,1
D0003821,U004324,iOS,星购App,5.8.0,2026-02-16 00:10:43,1
D0003822,U001598,Android,网页,6.0.0,2025-05-06 13:05:43,1
D0003823,U003203,Android,网页,web,2025-12-07 12:34:47,1
D0003824,U002228,macOS,网页,web,2025-12-14 04:43:07,1
D0003825,U001711,iOS,星购App,5.9.1,2026-06-11 03:28:23,1
D0003826,U002160,iOS,星购App,5.9.1,2026-06-07 20:56:23,1
D0003827,U003898,Windows,星购App,5.9.1,2026-05-22 01:27:38,1
D0003828,U003756,Android,微信小程序,5.9.1,2025-10-20 13:16:22,1
D0003829,U004512,iOS,星购App,6.0.0,2026-02-11 09:02:49,1
D0003830,U003363,Android,星购App,6.0.0,2025-05-25 20:27:51,1
D0003831,U002811,Android,星购App,5.9.1,2026-05-22 05:05:53,1
D0003832,U003323,iOS,星购App,5.9.1,2025-09-22 00:27:33,1
D0003833,U002496,iOS,星购App,5.9.1,2025-06-27 15:10:27,1
D0003834,U004337,Windows,网页,5.8.0,2025-11-05 14:12:34,1
D0003835,U004503,Windows,星购App,5.9.1,2026-03-11 00:15:50,1
D0003836,U001929,Windows,星购App,5.8.0,2025-09-24 13:57:59,1
D0003837,U000300,Android,星购App,5.8.0,2025-11-03 14:44:51,1
D0003838,U002353,Android,星购App,web,2025-10-15 02:22:32,1
D0003839,U003231,Android,微信小程序,5.9.1,2025-05-13 07:13:59,1
D0003840,U003265,iOS,星购App,5.9.1,2025-09-06 15:23:28,1
D0003841,U000268,Android,星购App,5.8.0,2025-10-10 16:27:57,1
D0003842,U001535,iOS,星购App,6.0.0,2025-09-10 04:31:18,1
D0003843,U004975,iOS,星购App,5.9.1,2026-01-01 10:16:51,1
D0003844,U002432,Android,星购App,5.9.1,2025-07-07 06:36:24,1
D0003845,U001028,Windows,网页,5.8.0,2025-10-16 22:44:18,1
D0003846,U002390,Android,星购App,6.0.0,2025-01-18 17:30:13,1
D0003847,U003885,macOS,星购App,5.8.0,2025-05-19 21:35:35,1
D0003848,U002807,Android,网页,5.9.1,2026-03-03 13:11:50,1
D0003849,U001252,iOS,星购App,5.9.1,2025-02-02 05:45:10,1
D0003850,U004813,Android,星购App,5.9.1,2026-01-04 07:44:45,1
D0003851,U001498,iOS,微信小程序,web,2025-02-26 02:36:20,1
D0003852,U001297,iOS,星购App,5.9.1,2026-05-21 01:55:54,1
D0003853,U004412,Android,星购App,6.0.0,2025-01-24 06:41:45,1
D0003854,U002009,macOS,微信小程序,5.9.1,2025-10-21 02:08:52,1
D0003855,U004811,iOS,星购App,6.0.0,2025-10-01 20:58:12,1
D0003856,U002400,iOS,微信小程序,6.0.0,2025-11-27 11:52:02,1
D0003857,U002226,Windows,星购App,6.0.0,2026-03-15 23:43:24,1
D0003858,U002960,Android,星购App,6.0.0,2025-09-20 06:41:27,1
D0003859,U002715,iOS,星购App,5.9.1,2025-05-20 21:38:11,1
D0003860,U004512,macOS,微信小程序,5.9.1,2026-06-21 14:40:48,1
D0003861,U000929,Android,星购App,web,2025-05-29 15:54:26,1
D0003862,U001151,iOS,星购App,6.0.0,2026-07-11 11:13:23,1
D0003863,U002637,Android,微信小程序,web,2025-12-26 05:21:32,1
D0003864,U000544,iOS,星购App,5.9.1,2025-05-28 07:14:19,1
D0003865,U003365,iOS,星购App,6.0.0,2026-02-20 01:13:49,1
D0003866,U002493,Android,微信小程序,6.0.0,2025-09-29 21:43:11,1
D0003867,U003884,iOS,星购App,5.9.1,2026-06-04 13:36:54,1
D0003868,U001563,iOS,星购App,6.0.0,2026-08-15 22:10:06,1
D0003869,U002611,Windows,星购App,web,2025-07-27 05:02:28,1
D0003870,U001348,Android,星购App,5.8.0,2025-01-25 22:29:38,1
D0003871,U002436,iOS,星购App,web,2025-06-18 22:40:46,1
D0003872,U004369,iOS,微信小程序,6.0.0,2026-04-01 12:34:19,1
D0003873,U002392,Windows,星购App,5.8.0,2026-05-01 20:51:06,1
D0003874,U003362,Android,星购App,5.9.1,2025-01-26 16:26:13,1
D0003875,U003339,Android,星购App,6.0.0,2025-01-24 06:38:22,1
D0003876,U004155,Android,星购App,5.9.1,2026-02-17 19:31:48,1
D0003877,U000190,iOS,星购App,5.9.1,2025-11-10 17:40:34,1
D0003878,U004741,Android,星购App,6.0.0,2026-02-01 23:05:50,1
D0003879,U003849,Windows,星购App,5.8.0,2025-02-09 15:53:39,1
D0003880,U002216,Windows,星购App,5.9.1,2025-10-21 00:08:39,1
D0003881,U000105,iOS,星购App,5.9.1,2026-05-23 20:58:07,1
D0003882,U002808,iOS,星购App,5.9.1,2025-03-20 00:41:12,1
D0003883,U001733,iOS,星购App,5.9.1,2025-04-25 09:36:29,1
D0003884,U003633,Android,星购App,6.0.0,2025-10-23 14:31:39,1
D0003885,U002031,macOS,微信小程序,6.0.0,2025-10-01 15:15:05,1
D0003886,U000516,Android,微信小程序,5.9.1,2025-05-25 21:29:01,1
D0003887,U002587,macOS,星购App,5.9.1,2025-07-20 21:11:00,1
D0003888,U004985,iOS,网页,5.9.1,2026-02-10 08:44:48,1
D0003889,U001550,Windows,星购App,6.0.0,2025-05-12 19:15:30,1
D0003890,U000739,iOS,微信小程序,5.8.0,2026-03-31 23:21:16,1
D0003891,U003023,iOS,星购App,5.8.0,2026-07-30 13:26:43,1
D0003892,U004235,Android,星购App,6.0.0,2026-05-10 21:28:20,1
D0003893,U001043,Windows,星购App,web,2026-01-01 12:00:07,1
D0003894,U003398,Windows,星购App,5.8.0,2025-07-13 04:45:05,1
D0003895,U003233,Android,星购App,web,2025-05-04 21:31:55,1
D0003896,U004917,Android,星购App,6.0.0,2025-01-30 07:37:11,1
D0003897,U001523,Windows,微信小程序,web,2025-07-31 17:14:44,1
D0003898,U001722,Android,星购App,5.8.0,2026-02-22 15:53:20,1
D0003899,U000299,Windows,星购App,5.8.0,2025-01-19 14:04:11,1
D0003900,U002733,Android,微信小程序,6.0.0,2025-11-16 01:38:44,1
D0003901,U003882,iOS,星购App,5.9.1,2026-05-17 04:12:24,1
D0003902,U003227,Android,网页,6.0.0,2025-06-02 06:56:04,1
D0003903,U000400,Android,微信小程序,5.9.1,2026-07-28 18:22:21,1
D0003904,U004675,iOS,网页,5.9.1,2025-12-23 18:01:43,1
D0003905,U001089,iOS,星购App,5.8.0,2025-09-08 21:43:43,1
D0003906,U004619,iOS,星购App,5.8.0,2025-11-30 02:41:30,1
D0003907,U000367,iOS,网页,6.0.0,2025-05-18 18:20:19,1
D0003908,U001160,Android,星购App,6.0.0,2025-12-07 23:08:39,1
D0003909,U002499,Android,星购App,5.8.0,2026-06-17 20:51:11,1
D0003910,U002121,iOS,星购App,6.0.0,2026-03-09 15:41:17,1
D0003911,U002035,macOS,网页,5.9.1,2025-11-24 05:40:22,1
D0003912,U002119,iOS,星购App,5.9.1,2025-05-25 10:08:32,1
D0003913,U001945,Android,星购App,5.9.1,2025-09-07 11:47:25,1
D0003914,U001135,iOS,星购App,5.9.1,2026-05-10 00:10:00,1
D0003915,U004814,Android,星购App,5.8.0,2025-10-03 00:55:56,1
D0003916,U000347,iOS,星购App,web,2025-08-20 17:32:38,1
D0003917,U003033,Android,微信小程序,6.0.0,2025-02-17 00:03:43,1
D0003918,U003420,iOS,星购App,5.9.1,2025-03-18 03:23:38,1
D0003919,U004453,Android,星购App,5.9.1,2025-01-01 16:25:02,1
D0003920,U002120,Android,微信小程序,5.9.1,2025-06-16 01:00:44,1
D0003921,U000773,Android,星购App,5.9.1,2025-07-26 20:02:20,1
D0003922,U001095,macOS,微信小程序,5.8.0,2025-04-25 15:30:04,1
D0003923,U002420,Android,星购App,5.8.0,2026-08-03 21:38:39,1
D0003924,U003634,Android,微信小程序,5.9.1,2025-10-05 10:39:29,1
D0003925,U000105,Android,微信小程序,5.9.1,2026-05-28 15:45:35,1
D0003926,U000003,iOS,网页,6.0.0,2025-08-29 15:22:48,1
D0003927,U004362,Android,星购App,web,2025-12-20 07:08:54,1
D0003928,U002903,Android,微信小程序,5.8.0,2026-02-15 06:30:17,1
D0003929,U001670,Windows,网页,6.0.0,2026-02-17 12:00:35,1
D0003930,U004405,Android,星购App,5.8.0,2026-01-11 00:38:00,1
D0003931,U003394,iOS,星购App,web,2026-03-08 06:35:44,1
D0003932,U002103,iOS,星购App,5.9.1,2026-02-05 06:29:52,1
D0003933,U002335,iOS,微信小程序,6.0.0,2025-10-29 10:16:23,1
D0003934,U003237,Android,微信小程序,5.8.0,2025-12-25 12:14:21,1
D0003935,U003311,iOS,星购App,web,2025-01-22 06:43:01,1
D0003936,U004943,Android,星购App,6.0.0,2025-05-14 17:25:02,1
D0003937,U004155,iOS,星购App,5.9.1,2026-05-02 10:29:19,1
D0003938,U001122,Android,星购App,5.8.0,2025-01-17 01:24:47,1
D0003939,U004254,Windows,微信小程序,5.8.0,2025-02-17 17:01:05,1
D0003940,U002324,Android,微信小程序,5.9.1,2025-06-17 19:26:12,1
D0003941,U001503,Windows,网页,5.9.1,2026-08-19 05:08:39,1
D0003942,U003742,Android,星购App,5.8.0,2025-11-24 18:36:12,1
D0003943,U004836,Windows,星购App,6.0.0,2025-12-16 06:23:45,1
D0003944,U000634,Android,网页,5.8.0,2026-03-11 11:44:07,1
D0003945,U003590,Android,网页,5.9.1,2025-10-24 11:28:43,1
D0003946,U002125,iOS,微信小程序,5.8.0,2025-11-30 17:07:49,1
D0003947,U000382,iOS,星购App,5.9.1,2025-06-19 11:31:55,1
D0003948,U001080,iOS,星购App,6.0.0,2025-11-09 02:07:22,1
D0003949,U002109,iOS,星购App,6.0.0,2026-07-19 02:20:37,1
D0003950,U001195,Windows,星购App,web,2025-05-10 15:56:59,1
D0003951,U004887,Android,微信小程序,5.9.1,2025-04-03 08:21:44,1
D0003952,U004134,iOS,星购App,5.8.0,2025-09-14 02:53:38,1
D0003953,U002928,Android,星购App,5.8.0,2026-01-22 20:40:33,1
D0003954,U004364,Android,星购App,web,2026-06-14 09:06:00,1
D0003955,U002588,Android,微信小程序,5.9.1,2025-11-07 14:42:30,1
D0003956,U003892,iOS,网页,6.0.0,2026-07-22 00:21:36,1
D0003957,U002706,iOS,微信小程序,6.0.0,2025-12-19 23:56:07,1
D0003958,U004936,iOS,星购App,5.8.0,2025-01-28 22:59:35,1
D0003959,U000110,Android,网页,5.8.0,2025-08-06 06:39:13,1
D0003960,U000710,iOS,微信小程序,6.0.0,2025-04-08 18:41:22,1
D0003961,U001812,Windows,微信小程序,6.0.0,2025-01-25 16:33:52,1
D0003962,U000037,Android,星购App,6.0.0,2025-06-04 01:45:11,1
D0003963,U003934,Android,星购App,5.9.1,2026-02-12 19:11:30,1
D0003964,U003348,Android,星购App,5.9.1,2025-11-19 20:03:03,1
D0003965,U001151,iOS,微信小程序,5.8.0,2025-10-24 03:44:53,1
D0003966,U004752,Android,星购App,5.8.0,2025-09-14 13:12:49,1
D0003967,U001266,iOS,星购App,web,2026-08-13 20:05:47,1
D0003968,U000596,Android,微信小程序,5.9.1,2026-05-16 12:49:05,1
D0003969,U000908,Android,星购App,5.9.1,2026-03-05 18:39:29,1
D0003970,U004717,Android,星购App,5.9.1,2025-02-02 00:21:28,1
D0003971,U003193,iOS,星购App,5.9.1,2026-03-26 16:19:39,1
D0003972,U002053,iOS,星购App,web,2026-01-30 16:22:31,1
D0003973,U000408,Android,星购App,5.8.0,2025-11-01 03:57:23,1
D0003974,U002754,Windows,星购App,5.8.0,2026-05-21 12:33:22,1
D0003975,U001535,iOS,星购App,5.8.0,2025-03-01 02:31:55,1
D0003976,U004648,iOS,星购App,6.0.0,2025-08-28 12:19:39,1
D0003977,U004343,Android,星购App,5.8.0,2025-04-13 05:06:13,1
D0003978,U003082,Android,星购App,6.0.0,2025-10-14 02:14:47,1
D0003979,U000589,Android,网页,5.9.1,2026-07-05 08:02:42,1
D0003980,U000565,macOS,星购App,5.8.0,2025-06-29 11:26:20,1
D0003981,U000716,iOS,星购App,5.9.1,2025-12-11 05:58:14,1
D0003982,U004567,Android,星购App,6.0.0,2025-01-22 15:36:21,1
D0003983,U004429,Android,星购App,6.0.0,2025-05-19 13:49:08,1
D0003984,U000189,iOS,网页,6.0.0,2026-06-08 00:59:42,1
D0003985,U001929,Android,星购App,web,2025-09-12 02:34:22,1
D0003986,U001063,Windows,星购App,5.8.0,2026-08-16 23:53:30,1
D0003987,U000984,Android,星购App,5.8.0,2025-01-20 02:30:26,1
D0003988,U000570,Android,星购App,6.0.0,2025-12-12 00:35:42,1
D0003989,U000256,iOS,星购App,6.0.0,2025-09-21 07:58:28,1
D0003990,U002708,Android,星购App,6.0.0,2026-07-14 10:39:46,1
D0003991,U001339,iOS,星购App,5.9.1,2025-03-28 21:37:49,1
D0003992,U004351,Android,星购App,5.8.0,2025-05-03 16:58:29,1
D0003993,U004547,Android,星购App,6.0.0,2026-07-18 17:09:40,1
D0003994,U002170,Windows,星购App,5.8.0,2026-08-17 14:01:43,1
D0003995,U002410,Android,星购App,6.0.0,2025-09-09 16:49:23,1
D0003996,U002721,Android,微信小程序,6.0.0,2025-12-19 00:55:10,1
D0003997,U004494,iOS,星购App,5.9.1,2025-02-08 12:57:52,1
D0003998,U003250,Windows,星购App,5.9.1,2025-07-18 05:47:56,1
D0003999,U004369,Android,星购App,web,2025-02-08 07:01:48,1
D0004000,U003976,iOS,星购App,5.8.0,2025-05-16 00:16:20,1
D0004001,U001824,Android,星购App,5.8.0,2025-03-01 14:35:06,1
D0004002,U003583,Android,星购App,6.0.0,2026-03-20 15:02:23,1
D0004003,U002660,iOS,星购App,5.9.1,2025-02-02 12:50:16,1
D0004004,U004514,iOS,微信小程序,5.8.0,2026-06-06 17:45:39,1
D0004005,U000674,iOS,星购App,5.9.1,2026-05-05 02:19:01,1
D0004006,U004719,Windows,微信小程序,5.9.1,2025-09-23 17:42:25,1
D0004007,U003288,iOS,星购App,6.0.0,2025-08-03 18:17:39,1
D0004008,U004720,Android,网页,5.9.1,2026-05-09 17:29:13,1
D0004009,U002104,Windows,微信小程序,5.8.0,2025-02-20 23:29:03,1
D0004010,U003655,Android,星购App,web,2026-02-10 05:16:37,1
D0004011,U003844,Android,星购App,5.9.1,2026-08-08 09:01:18,1
D0004012,U004600,iOS,星购App,5.8.0,2026-05-25 19:18:23,1
D0004013,U004956,iOS,星购App,5.8.0,2026-04-16 07:15:56,1
D0004014,U002007,iOS,星购App,5.9.1,2025-10-28 17:20:20,1
D0004015,U003340,Android,星购App,5.8.0,2025-11-29 08:00:30,1
D0004016,U003586,Android,网页,5.8.0,2026-06-15 16:50:56,1
D0004017,U002427,Android,网页,5.8.0,2025-04-25 02:02:13,1
D0004018,U003350,Android,星购App,5.8.0,2025-01-30 10:48:40,1
D0004019,U003231,iOS,微信小程序,6.0.0,2025-08-02 23:52:07,1
D0004020,U002911,Android,星购App,5.9.1,2025-12-12 16:20:18,1
D0004021,U002654,Windows,星购App,6.0.0,2025-05-06 15:36:19,1
D0004022,U002484,Android,微信小程序,web,2025-03-01 00:18:11,1
D0004023,U002711,Windows,星购App,5.9.1,2026-05-04 16:01:58,1
D0004024,U001740,Android,星购App,6.0.0,2025-10-26 14:34:03,1
D0004025,U000803,Android,网页,6.0.0,2026-04-22 15:59:03,1
D0004026,U003788,Windows,星购App,web,2025-06-21 21:25:43,1
D0004027,U001034,Android,星购App,6.0.0,2025-12-09 21:49:34,1
D0004028,U003763,Android,网页,6.0.0,2025-06-21 20:46:39,1
D0004029,U003940,iOS,星购App,5.8.0,2025-07-13 17:47:55,1
D0004030,U002141,iOS,微信小程序,5.8.0,2025-03-03 21:31:46,1
D0004031,U001132,iOS,星购App,5.8.0,2025-11-15 10:18:51,1
D0004032,U004064,Windows,星购App,5.9.1,2025-04-26 09:40:43,1
D0004033,U000143,Android,网页,5.9.1,2025-03-11 19:19:10,1
D0004034,U004135,Android,星购App,web,2025-06-20 23:56:12,1
D0004035,U002064,Android,星购App,5.9.1,2025-02-23 08:44:21,1
D0004036,U004069,iOS,星购App,6.0.0,2025-08-16 09:07:52,1
D0004037,U002476,Android,星购App,6.0.0,2026-05-13 20:47:03,1
D0004038,U003528,iOS,网页,5.8.0,2025-09-02 17:56:42,1
D0004039,U004527,macOS,微信小程序,5.9.1,2026-07-03 15:15:28,1
D0004040,U004315,Windows,星购App,6.0.0,2026-05-23 07:46:36,1
D0004041,U002942,iOS,星购App,5.9.1,2025-06-22 05:13:44,1
D0004042,U000669,Windows,星购App,6.0.0,2026-06-04 04:56:15,1
D0004043,U004049,iOS,星购App,5.9.1,2025-03-01 06:47:02,1
D0004044,U004537,Windows,网页,5.9.1,2025-10-05 18:43:08,1
D0004045,U001804,iOS,星购App,5.9.1,2025-10-12 03:22:49,1
D0004046,U003861,iOS,星购App,6.0.0,2026-06-27 07:01:18,1
D0004047,U002632,Android,星购App,5.9.1,2026-03-09 09:02:56,1
D0004048,U000603,Windows,微信小程序,5.8.0,2025-05-12 11:30:15,1
D0004049,U000543,Windows,星购App,5.9.1,2025-12-26 05:43:42,1
D0004050,U004677,Android,星购App,5.9.1,2026-01-28 07:28:21,1
D0004051,U001216,iOS,星购App,5.8.0,2025-06-28 08:20:10,1
D0004052,U001288,Android,微信小程序,6.0.0,2025-09-26 00:59:25,1
D0004053,U001800,Windows,星购App,5.8.0,2025-04-27 01:46:05,1
D0004054,U003014,iOS,网页,6.0.0,2026-05-31 12:43:55,1
D0004055,U002245,Android,网页,5.8.0,2026-05-10 18:49:37,1
D0004056,U003909,iOS,网页,6.0.0,2026-08-07 11:56:45,1
D0004057,U001596,iOS,星购App,6.0.0,2025-02-11 08:12:07,1
D0004058,U003176,Windows,星购App,5.9.1,2025-02-03 05:58:28,1
D0004059,U003384,iOS,微信小程序,5.9.1,2025-09-15 04:47:49,1
D0004060,U000218,iOS,星购App,6.0.0,2026-08-10 04:47:52,1
D0004061,U000321,iOS,星购App,5.9.1,2025-12-16 21:44:56,1
D0004062,U003725,Android,网页,5.9.1,2026-04-28 23:50:22,1
D0004063,U001397,iOS,微信小程序,6.0.0,2026-08-14 01:50:07,1
D0004064,U002185,iOS,网页,5.9.1,2025-10-27 03:55:52,1
D0004065,U003096,Windows,微信小程序,web,2026-05-02 10:13:19,1
D0004066,U001912,Android,星购App,5.9.1,2026-02-04 19:50:27,1
D0004067,U003428,Android,星购App,6.0.0,2026-07-20 17:41:13,1
D0004068,U004609,iOS,微信小程序,6.0.0,2025-04-10 03:14:05,1
D0004069,U000523,iOS,星购App,5.8.0,2026-07-15 04:45:54,1
D0004070,U000727,Android,星购App,5.9.1,2025-03-10 02:25:41,1
D0004071,U003026,iOS,星购App,6.0.0,2026-04-01 02:17:37,1
D0004072,U000818,Android,星购App,5.9.1,2025-12-11 01:56:25,1
D0004073,U000807,iOS,星购App,5.9.1,2025-12-04 03:56:22,1
D0004074,U001379,Android,星购App,5.9.1,2026-07-24 07:19:19,1
D0004075,U004193,iOS,微信小程序,5.9.1,2025-05-26 20:40:04,1
D0004076,U003973,Windows,星购App,5.8.0,2025-10-31 10:10:41,1
D0004077,U004595,iOS,微信小程序,6.0.0,2025-03-24 16:53:03,1
D0004078,U002614,Windows,微信小程序,5.9.1,2025-02-10 23:18:43,1
D0004079,U000845,iOS,星购App,5.9.1,2026-02-13 06:40:56,1
D0004080,U000087,iOS,网页,5.8.0,2025-03-08 14:27:18,1
D0004081,U000624,iOS,星购App,5.9.1,2026-03-08 04:23:04,1
D0004082,U001273,iOS,微信小程序,5.9.1,2026-06-10 18:39:07,1
D0004083,U002943,Android,星购App,5.8.0,2026-02-26 06:38:36,1
D0004084,U003402,Android,网页,5.9.1,2025-07-09 09:31:56,1
D0004085,U001395,Windows,星购App,5.9.1,2025-06-04 04:08:54,1
D0004086,U004069,Android,星购App,6.0.0,2026-05-04 01:52:26,1
D0004087,U000316,Android,星购App,5.9.1,2025-10-21 23:11:59,1
D0004088,U000608,Android,星购App,5.9.1,2025-06-12 23:00:43,1
D0004089,U003400,iOS,网页,6.0.0,2026-02-06 12:52:31,1
D0004090,U004746,Android,星购App,5.8.0,2026-05-20 14:39:41,1
D0004091,U004147,Android,微信小程序,5.9.1,2025-05-31 05:37:16,1
D0004092,U003943,Android,微信小程序,6.0.0,2026-04-06 22:48:25,1
D0004093,U000914,Windows,微信小程序,5.9.1,2025-07-30 10:49:33,1
D0004094,U000521,Windows,星购App,5.9.1,2026-04-01 00:00:51,1
D0004095,U000346,iOS,星购App,5.9.1,2026-02-06 01:56:30,1
D0004096,U000384,iOS,网页,6.0.0,2025-03-14 01:32:17,1
D0004097,U003571,iOS,星购App,5.8.0,2026-05-09 17:51:01,1
D0004098,U003470,iOS,星购App,5.8.0,2025-10-22 15:42:06,1
D0004099,U000994,Windows,星购App,5.8.0,2025-08-26 05:24:00,1
D0004100,U000759,iOS,星购App,5.9.1,2025-07-06 03:06:09,1
D0004101,U000181,iOS,微信小程序,5.9.1,2025-11-05 08:15:17,1
D0004102,U001679,Android,星购App,6.0.0,2025-05-11 08:01:47,1
D0004103,U004338,Android,微信小程序,5.8.0,2025-01-15 10:10:38,1
D0004104,U000800,Android,星购App,5.9.1,2025-10-07 08:46:59,1
D0004105,U000017,iOS,星购App,6.0.0,2025-07-16 22:32:18,1
D0004106,U004381,iOS,网页,6.0.0,2025-09-04 22:17:09,1
D0004107,U004370,Windows,网页,5.9.1,2026-02-08 09:52:37,1
D0004108,U000040,iOS,星购App,6.0.0,2026-03-29 17:12:59,1
D0004109,U000643,iOS,星购App,5.9.1,2025-02-17 09:04:56,1
D0004110,U001801,Android,微信小程序,5.8.0,2025-02-18 13:46:37,1
D0004111,U000088,iOS,星购App,web,2025-05-07 20:09:25,1
D0004112,U004431,Android,微信小程序,5.9.1,2025-02-27 05:17:51,1
D0004113,U001617,Android,网页,5.9.1,2025-05-09 04:47:00,1
D0004114,U003712,iOS,网页,5.9.1,2025-01-22 09:59:02,1
D0004115,U002791,Android,星购App,5.8.0,2025-07-03 23:13:39,1
D0004116,U001493,macOS,微信小程序,6.0.0,2025-12-18 05:30:04,1
D0004117,U004438,Android,微信小程序,5.8.0,2025-01-12 12:48:24,1
D0004118,U004158,Windows,星购App,6.0.0,2026-04-12 15:47:40,1
D0004119,U000529,iOS,星购App,6.0.0,2025-06-21 04:56:32,1
D0004120,U003032,iOS,星购App,5.9.1,2025-03-29 00:50:12,1
D0004121,U000144,Windows,星购App,5.9.1,2026-07-16 11:13:01,1
D0004122,U004134,Android,星购App,6.0.0,2026-04-28 13:11:32,1
D0004123,U000065,macOS,星购App,5.9.1,2026-02-19 05:52:01,1
D0004124,U001028,Android,网页,5.9.1,2025-12-31 00:58:59,1
D0004125,U003320,Android,网页,5.9.1,2026-05-26 11:44:21,1
D0004126,U000761,Android,星购App,5.8.0,2025-07-06 22:47:19,1
D0004127,U004863,macOS,微信小程序,6.0.0,2025-09-03 10:25:48,1
D0004128,U003376,Android,微信小程序,6.0.0,2025-07-19 16:57:07,1
D0004129,U003796,Android,星购App,6.0.0,2026-01-15 12:06:05,1
D0004130,U000603,Android,网页,web,2025-10-30 07:47:11,1
D0004131,U002055,Android,星购App,6.0.0,2025-10-27 05:02:49,1
D0004132,U004002,Android,星购App,5.8.0,2025-08-01 13:34:25,1
D0004133,U001931,Android,星购App,6.0.0,2025-01-01 09:20:27,1
D0004134,U002244,Windows,星购App,5.9.1,2026-02-06 00:04:09,1
D0004135,U004296,macOS,网页,5.9.1,2025-08-13 13:43:54,1
D0004136,U003423,Android,网页,6.0.0,2026-01-26 09:07:18,1
D0004137,U003602,iOS,星购App,web,2025-02-27 17:20:12,1
D0004138,U000173,Android,星购App,6.0.0,2025-07-04 14:51:31,1
D0004139,U001959,iOS,星购App,web,2026-01-20 09:48:39,1
D0004140,U000701,iOS,星购App,6.0.0,2026-06-05 21:33:28,1
D0004141,U004738,Android,星购App,6.0.0,2026-05-19 20:25:15,1
D0004142,U003815,Android,星购App,5.8.0,2025-12-28 19:24:35,1
D0004143,U003971,iOS,星购App,5.9.1,2025-05-01 05:21:44,1
D0004144,U000467,Android,星购App,5.8.0,2026-03-01 01:52:57,1
D0004145,U003611,Android,星购App,6.0.0,2025-09-27 23:55:50,1
D0004146,U000916,iOS,星购App,6.0.0,2025-01-22 19:53:49,1
D0004147,U001618,iOS,网页,5.9.1,2026-03-15 10:05:59,1
D0004148,U003127,Android,星购App,6.0.0,2026-06-02 18:41:01,1
D0004149,U002225,Android,微信小程序,6.0.0,2025-06-06 08:46:03,1
D0004150,U000334,Android,微信小程序,6.0.0,2026-01-15 04:02:14,1
D0004151,U002875,Android,星购App,5.9.1,2025-04-07 20:46:56,1
D0004152,U002562,Windows,星购App,6.0.0,2026-04-21 20:22:22,1
D0004153,U000222,iOS,星购App,5.9.1,2026-08-02 11:29:12,1
D0004154,U004935,iOS,星购App,5.9.1,2026-04-30 02:48:15,1
D0004155,U003421,Android,星购App,6.0.0,2025-08-14 17:25:22,1
D0004156,U000440,macOS,星购App,5.9.1,2025-09-15 03:23:47,1
D0004157,U004233,Android,星购App,5.9.1,2026-06-11 09:26:36,1
D0004158,U002910,Windows,星购App,5.9.1,2025-11-02 04:29:43,1
D0004159,U001220,Windows,微信小程序,5.9.1,2026-01-06 00:40:33,1
D0004160,U001128,Android,星购App,6.0.0,2025-03-21 02:07:15,1
D0004161,U002875,Android,星购App,5.9.1,2025-03-29 10:41:01,1
D0004162,U003868,Android,星购App,5.8.0,2026-02-21 21:20:27,1
D0004163,U000543,Android,微信小程序,5.9.1,2025-12-28 20:52:02,1
D0004164,U000784,Android,网页,5.8.0,2026-03-21 16:08:16,1
D0004165,U001365,Android,星购App,5.8.0,2025-01-08 13:07:25,1
D0004166,U001409,iOS,星购App,5.9.1,2026-03-25 09:16:28,1
D0004167,U004736,Android,网页,5.9.1,2025-08-21 11:20:52,1
D0004168,U004216,iOS,网页,5.8.0,2025-11-02 05:58:15,1
D0004169,U002590,iOS,星购App,5.9.1,2026-05-23 14:52:53,1
D0004170,U000532,Windows,星购App,6.0.0,2025-09-07 02:25:16,1
D0004171,U002998,Android,星购App,5.9.1,2025-10-08 20:42:45,1
D0004172,U001142,iOS,网页,5.8.0,2025-09-20 02:21:13,1
D0004173,U002111,Android,星购App,5.8.0,2026-04-03 15:06:37,1
D0004174,U001749,iOS,网页,6.0.0,2025-05-06 12:00:25,1
D0004175,U001926,Android,星购App,5.9.1,2026-04-19 23:34:51,1
D0004176,U001979,Android,星购App,5.9.1,2025-06-03 15:44:53,1
D0004177,U001970,Windows,星购App,5.8.0,2026-03-20 22:04:20,1
D0004178,U002854,Android,微信小程序,5.9.1,2026-05-20 07:27:14,1
D0004179,U003730,Android,星购App,6.0.0,2025-11-02 11:14:44,1
D0004180,U001513,Android,星购App,5.8.0,2025-07-22 14:27:33,1
D0004181,U002302,Android,网页,web,2025-04-19 03:13:52,1
D0004182,U001181,Android,星购App,5.9.1,2026-07-11 17:48:51,1
D0004183,U001639,Android,星购App,5.9.1,2025-08-18 16:02:54,1
D0004184,U003037,Android,星购App,5.9.1,2026-02-17 16:00:56,1
D0004185,U004952,iOS,星购App,5.8.0,2025-12-23 17:02:21,1
D0004186,U000629,iOS,微信小程序,5.9.1,2025-02-11 02:13:01,1
D0004187,U002589,iOS,星购App,5.9.1,2025-04-05 01:25:47,1
D0004188,U000881,Android,星购App,5.9.1,2025-10-12 12:53:33,1
D0004189,U000220,iOS,微信小程序,6.0.0,2025-01-04 09:48:51,1
D0004190,U002272,iOS,微信小程序,5.8.0,2026-04-21 23:22:45,1
D0004191,U001068,Android,微信小程序,5.8.0,2025-01-26 21:40:17,1
D0004192,U002885,Android,星购App,5.9.1,2026-03-10 10:09:04,1
D0004193,U000944,Android,星购App,5.9.1,2026-03-05 23:51:02,1
D0004194,U003045,iOS,微信小程序,5.9.1,2025-06-09 00:49:58,1
D0004195,U004436,Android,星购App,5.8.0,2025-06-21 18:45:33,1
D0004196,U000577,Android,星购App,5.9.1,2025-10-09 00:32:45,1
D0004197,U001459,Android,星购App,6.0.0,2025-10-23 09:09:16,1
D0004198,U000095,iOS,星购App,5.8.0,2026-08-12 08:10:28,1
D0004199,U000723,iOS,星购App,5.8.0,2025-01-21 09:29:16,1
D0004200,U002252,Android,星购App,web,2026-01-14 05:47:21,1
D0004201,U001009,Android,星购App,5.9.1,2026-03-30 10:46:46,1
D0004202,U001065,Android,微信小程序,5.9.1,2025-01-20 05:45:43,1
D0004203,U001776,Android,星购App,5.9.1,2026-05-26 12:01:17,1
D0004204,U003355,iOS,星购App,5.8.0,2026-06-18 13:09:34,1
D0004205,U003687,Android,微信小程序,5.9.1,2026-05-26 23:40:23,1
D0004206,U000079,iOS,网页,5.8.0,2025-12-03 22:26:10,1
D0004207,U002437,Android,微信小程序,6.0.0,2025-06-02 03:44:14,1
D0004208,U002989,Android,星购App,5.8.0,2025-06-30 15:14:16,1
D0004209,U002270,Android,网页,5.8.0,2025-02-14 15:06:38,1
D0004210,U001530,Windows,星购App,5.8.0,2026-06-03 12:55:59,1
D0004211,U003837,Android,星购App,web,2025-10-31 12:42:06,1
D0004212,U004786,iOS,星购App,6.0.0,2025-05-20 18:50:19,1
D0004213,U002996,Android,星购App,5.9.1,2026-04-02 20:57:48,1
D0004214,U000321,macOS,星购App,web,2025-06-16 08:06:23,1
D0004215,U004824,Android,网页,6.0.0,2025-03-15 08:18:31,1
D0004216,U004163,Android,星购App,6.0.0,2025-10-14 08:44:35,1
D0004217,U003906,Android,星购App,5.8.0,2025-12-04 20:18:35,1
D0004218,U004998,iOS,星购App,6.0.0,2025-06-10 03:03:54,1
D0004219,U003357,iOS,微信小程序,5.9.1,2025-04-30 09:28:57,1
D0004220,U004227,iOS,星购App,5.8.0,2026-07-03 05:21:08,1
D0004221,U002706,iOS,星购App,6.0.0,2026-02-08 21:58:42,1
D0004222,U001618,Android,星购App,web,2025-04-14 05:57:57,1
D0004223,U004042,Windows,星购App,6.0.0,2025-11-29 08:34:58,1
D0004224,U002548,Windows,星购App,5.8.0,2025-10-11 21:22:12,1
D0004225,U003511,Windows,星购App,5.8.0,2025-01-28 09:49:07,1
D0004226,U003145,iOS,微信小程序,6.0.0,2025-12-24 03:38:57,1
D0004227,U003149,Windows,星购App,5.9.1,2026-06-29 08:58:09,1
D0004228,U003240,Windows,星购App,6.0.0,2026-05-29 08:51:08,1
D0004229,U003650,iOS,星购App,5.9.1,2025-06-04 02:10:24,1
D0004230,U000966,iOS,网页,6.0.0,2026-01-21 22:05:57,1
D0004231,U003857,Android,星购App,6.0.0,2025-09-17 13:34:03,1
D0004232,U002593,iOS,星购App,5.8.0,2026-02-16 12:32:26,1
D0004233,U000861,iOS,网页,5.8.0,2025-08-11 17:58:44,1
D0004234,U002004,iOS,星购App,5.8.0,2025-12-13 14:19:16,1
D0004235,U001260,Windows,星购App,5.8.0,2026-02-25 01:30:34,1
D0004236,U003897,Android,网页,6.0.0,2025-04-06 20:54:14,1
D0004237,U001412,iOS,星购App,5.8.0,2025-05-06 18:42:06,1
D0004238,U000035,Android,星购App,5.9.1,2026-07-19 22:34:39,1
D0004239,U001741,Windows,微信小程序,5.9.1,2025-02-01 21:00:53,1
D0004240,U003254,iOS,网页,6.0.0,2025-08-18 08:56:13,1
D0004241,U002348,Android,星购App,5.9.1,2025-07-21 08:30:49,1
D0004242,U000487,Android,微信小程序,5.9.1,2026-06-26 22:16:07,1
D0004243,U001474,Android,星购App,5.9.1,2026-04-11 13:13:10,1
D0004244,U003023,iOS,微信小程序,5.9.1,2026-01-10 20:28:03,1
D0004245,U004494,iOS,星购App,6.0.0,2026-05-01 22:28:21,1
D0004246,U004478,iOS,网页,5.9.1,2026-05-17 23:56:18,1
D0004247,U004847,iOS,网页,5.9.1,2025-10-02 10:57:02,1
D0004248,U001460,Android,微信小程序,6.0.0,2025-11-16 14:25:32,1
D0004249,U001004,iOS,星购App,6.0.0,2025-04-02 00:59:48,1
D0004250,U002492,Android,星购App,5.9.1,2025-12-30 11:54:52,1
D0004251,U000768,Android,网页,5.8.0,2025-10-12 23:49:07,1
D0004252,U001445,Android,微信小程序,web,2026-08-03 11:18:09,1
D0004253,U000264,iOS,网页,5.8.0,2025-04-19 04:51:55,1
D0004254,U001155,Android,网页,6.0.0,2025-12-21 22:24:11,1
D0004255,U002689,Android,微信小程序,6.0.0,2025-09-14 03:56:10,1
D0004256,U001132,iOS,星购App,6.0.0,2025-11-24 08:00:42,1
D0004257,U002330,iOS,星购App,5.8.0,2025-09-22 04:01:53,1
D0004258,U002554,iOS,网页,5.8.0,2025-03-16 14:23:43,1
D0004259,U004298,Android,网页,5.9.1,2025-11-21 01:29:05,1
D0004260,U004337,Android,星购App,web,2025-02-05 01:46:04,1
D0004261,U001377,macOS,网页,5.9.1,2025-11-16 17:16:46,1
D0004262,U001104,iOS,网页,6.0.0,2025-12-08 03:51:10,1
D0004263,U000411,Android,星购App,5.8.0,2025-06-25 00:44:37,1
D0004264,U000871,Android,星购App,6.0.0,2025-12-09 08:03:17,1
D0004265,U003452,Android,星购App,5.8.0,2025-03-30 11:41:33,1
D0004266,U002913,Android,微信小程序,6.0.0,2026-07-01 09:04:46,1
D0004267,U000250,Windows,微信小程序,6.0.0,2025-02-11 04:25:34,1
D0004268,U001805,Android,星购App,5.8.0,2025-02-06 06:00:16,1
D0004269,U002850,iOS,微信小程序,6.0.0,2026-06-13 03:14:35,1
D0004270,U000095,Android,星购App,5.8.0,2026-05-07 18:22:59,1
D0004271,U004667,iOS,星购App,5.9.1,2025-07-06 03:47:40,1
D0004272,U003432,Android,星购App,5.8.0,2025-10-21 13:33:10,1
D0004273,U004047,Android,微信小程序,6.0.0,2026-04-21 10:21:49,1
D0004274,U002822,Android,微信小程序,5.9.1,2025-07-11 01:02:13,1
D0004275,U002340,iOS,星购App,5.8.0,2026-04-20 05:08:10,1
D0004276,U002277,Android,星购App,6.0.0,2026-04-02 15:03:06,1
D0004277,U003600,iOS,微信小程序,5.9.1,2026-02-10 01:16:53,1
D0004278,U003649,Android,星购App,5.8.0,2025-08-05 23:23:21,1
D0004279,U000513,Android,星购App,5.8.0,2026-03-15 14:12:12,1
D0004280,U000682,Android,微信小程序,5.9.1,2025-08-02 12:17:57,1
D0004281,U003197,Android,星购App,5.8.0,2026-07-07 10:43:52,1
D0004282,U002072,Android,星购App,6.0.0,2025-02-21 11:54:40,1
D0004283,U003291,iOS,星购App,5.9.1,2025-09-14 21:23:45,1
D0004284,U002342,iOS,星购App,6.0.0,2025-06-17 03:11:56,1
D0004285,U002259,Android,星购App,6.0.0,2026-06-08 02:29:56,1
D0004286,U003372,Android,星购App,5.9.1,2025-12-06 10:40:19,1
D0004287,U001627,Android,网页,5.8.0,2025-05-30 15:11:00,1
D0004288,U004543,Android,微信小程序,6.0.0,2025-09-10 01:24:11,1
D0004289,U000494,iOS,微信小程序,6.0.0,2025-07-15 01:16:07,1
D0004290,U000185,Android,星购App,web,2025-12-13 11:17:22,1
D0004291,U004735,iOS,星购App,6.0.0,2025-01-26 13:50:54,1
D0004292,U002429,iOS,星购App,6.0.0,2025-11-16 16:54:34,1
D0004293,U004930,Windows,网页,5.9.1,2026-04-10 06:52:41,1
D0004294,U002328,macOS,星购App,5.8.0,2026-02-27 10:37:19,1
D0004295,U000949,Android,微信小程序,web,2025-01-23 00:19:25,1
D0004296,U004624,iOS,星购App,5.9.1,2026-06-24 12:36:31,1
D0004297,U004330,iOS,星购App,5.9.1,2025-08-29 13:04:20,1
D0004298,U003141,Android,网页,5.9.1,2025-02-19 20:53:02,1
D0004299,U002180,iOS,星购App,5.8.0,2025-07-13 02:36:48,1
D0004300,U003866,Android,星购App,5.8.0,2025-08-15 04:06:36,1
D0004301,U000139,iOS,星购App,5.9.1,2026-07-07 03:54:56,1
D0004302,U004230,Windows,微信小程序,web,2025-02-06 08:01:19,1
D0004303,U000984,iOS,微信小程序,5.8.0,2026-05-23 05:29:20,1
D0004304,U002380,Android,网页,6.0.0,2025-06-06 17:42:48,1
D0004305,U004892,iOS,星购App,5.8.0,2025-02-18 03:03:08,1
D0004306,U003491,Android,微信小程序,6.0.0,2026-06-22 12:30:05,1
D0004307,U000449,Android,星购App,5.9.1,2026-05-22 05:03:57,1
D0004308,U000231,iOS,星购App,5.8.0,2026-06-15 04:54:02,1
D0004309,U002151,Android,星购App,6.0.0,2026-03-30 16:43:53,1
D0004310,U002800,Android,星购App,5.9.1,2025-09-23 01:37:32,1
D0004311,U000292,Android,星购App,5.9.1,2025-02-03 00:52:25,1
D0004312,U001207,iOS,微信小程序,5.8.0,2026-04-12 01:27:47,1
D0004313,U001048,Windows,微信小程序,5.9.1,2025-12-18 00:52:38,1
D0004314,U003396,iOS,星购App,5.8.0,2025-05-16 06:31:48,1
D0004315,U003708,Windows,星购App,web,2025-12-11 21:22:54,1
D0004316,U001410,iOS,星购App,5.9.1,2025-09-16 17:23:02,1
D0004317,U004100,Windows,星购App,5.9.1,2025-01-20 11:06:28,1
D0004318,U000764,Android,星购App,5.9.1,2026-05-14 09:23:20,1
D0004319,U004395,iOS,星购App,5.9.1,2026-01-05 08:35:19,1
D0004320,U000074,Android,星购App,6.0.0,2025-01-09 09:30:40,1
D0004321,U000516,iOS,微信小程序,web,2025-11-10 22:58:24,1
D0004322,U002803,iOS,微信小程序,6.0.0,2025-06-12 10:18:03,1
D0004323,U001113,iOS,星购App,web,2026-03-25 20:39:02,1
D0004324,U002507,iOS,星购App,5.9.1,2026-05-23 04:37:53,1
D0004325,U000343,Android,微信小程序,5.8.0,2025-07-08 06:39:39,1
D0004326,U002365,iOS,星购App,5.9.1,2025-02-17 05:53:02,1
D0004327,U004190,Android,星购App,6.0.0,2026-01-17 03:04:55,1
D0004328,U000888,Android,星购App,6.0.0,2026-05-23 17:08:40,1
D0004329,U003389,macOS,星购App,5.9.1,2026-01-03 20:39:38,1
D0004330,U002809,Android,星购App,5.9.1,2026-04-05 20:19:21,1
D0004331,U001715,Windows,微信小程序,5.8.0,2025-08-01 17:44:02,1
D0004332,U004653,Windows,微信小程序,5.9.1,2025-08-22 19:42:52,1
D0004333,U004337,Android,网页,web,2025-04-01 13:53:57,1
D0004334,U004006,iOS,星购App,6.0.0,2025-08-04 15:20:09,1
D0004335,U001370,iOS,星购App,5.8.0,2026-05-27 00:57:17,1
D0004336,U003404,iOS,星购App,5.9.1,2025-05-01 22:57:26,1
D0004337,U004144,Android,星购App,6.0.0,2025-01-16 03:46:11,1
D0004338,U001881,Windows,星购App,5.8.0,2025-10-29 07:46:49,1
D0004339,U000974,Android,网页,web,2026-04-15 00:19:15,1
D0004340,U000733,Windows,网页,5.9.1,2026-07-09 10:20:37,1
D0004341,U001431,Windows,星购App,5.9.1,2026-05-06 23:02:44,1
D0004342,U004787,Windows,星购App,5.9.1,2025-07-06 03:05:23,1
D0004343,U000369,Windows,网页,5.8.0,2026-01-06 00:07:51,1
D0004344,U001710,iOS,星购App,5.9.1,2026-01-03 19:29:54,1
D0004345,U003540,Android,星购App,5.8.0,2025-06-27 19:28:48,1
D0004346,U000090,Android,星购App,5.8.0,2026-04-24 00:41:15,1
D0004347,U004851,Android,微信小程序,5.9.1,2026-04-14 13:01:42,1
D0004348,U000345,iOS,星购App,6.0.0,2026-06-17 16:53:01,1
D0004349,U004025,iOS,星购App,6.0.0,2025-09-11 14:24:19,1
D0004350,U002730,Android,星购App,web,2025-06-13 12:52:48,1
D0004351,U003098,iOS,微信小程序,6.0.0,2025-12-19 21:52:36,1
D0004352,U000936,Android,网页,6.0.0,2025-02-26 21:20:04,1
D0004353,U001351,iOS,微信小程序,web,2025-09-21 01:48:12,1
D0004354,U000166,iOS,星购App,5.9.1,2026-03-31 11:54:29,1
D0004355,U000950,iOS,星购App,5.9.1,2025-12-10 04:55:13,1
D0004356,U002553,iOS,微信小程序,6.0.0,2025-06-17 23:15:35,1
D0004357,U003695,iOS,星购App,5.9.1,2026-07-09 23:40:32,1
D0004358,U001699,iOS,星购App,5.9.1,2025-11-17 08:23:11,1
D0004359,U001980,Windows,网页,5.9.1,2025-07-26 17:20:31,1
D0004360,U004779,Android,星购App,5.9.1,2026-06-07 12:34:48,1
D0004361,U002274,iOS,星购App,5.8.0,2025-06-20 02:23:40,1
D0004362,U004698,Android,微信小程序,web,2025-11-21 04:38:37,1
D0004363,U002302,Android,微信小程序,6.0.0,2025-05-18 00:28:22,1
D0004364,U001296,Android,星购App,5.9.1,2025-03-24 23:35:10,1
D0004365,U003303,iOS,星购App,5.8.0,2026-06-24 22:52:58,1
D0004366,U000073,Android,星购App,5.8.0,2025-10-26 06:51:10,1
D0004367,U004445,Android,星购App,5.9.1,2025-10-05 20:48:55,1
D0004368,U001225,Android,星购App,6.0.0,2025-09-04 01:02:57,1
D0004369,U004179,Windows,微信小程序,5.8.0,2025-06-19 00:29:07,1
D0004370,U001917,Android,星购App,5.9.1,2025-04-15 21:09:34,1
D0004371,U000782,Android,星购App,6.0.0,2026-06-07 01:23:51,1
D0004372,U000435,iOS,微信小程序,6.0.0,2025-08-05 19:02:00,1
D0004373,U003800,Android,星购App,6.0.0,2026-04-04 08:03:19,1
D0004374,U000029,iOS,微信小程序,5.9.1,2026-03-02 18:46:16,1
D0004375,U001973,Android,星购App,5.9.1,2025-08-14 00:33:15,1
D0004376,U002465,Android,网页,6.0.0,2025-04-05 13:33:03,1
D0004377,U003368,Android,网页,5.9.1,2025-02-04 22:18:37,1
D0004378,U004954,Android,星购App,5.8.0,2025-06-22 12:32:23,1
D0004379,U002437,Windows,星购App,5.9.1,2025-09-04 11:39:42,1
D0004380,U003655,Windows,星购App,5.9.1,2026-01-21 06:28:47,1
D0004381,U002433,iOS,星购App,6.0.0,2025-11-02 21:21:04,1
D0004382,U001339,iOS,网页,6.0.0,2026-05-06 09:18:29,1
D0004383,U003921,iOS,星购App,5.9.1,2025-04-29 14:37:49,1
D0004384,U000158,iOS,网页,6.0.0,2025-07-20 17:46:05,1
D0004385,U001554,iOS,网页,5.9.1,2026-06-10 10:50:21,1
D0004386,U002336,iOS,微信小程序,web,2025-07-11 22:36:43,1
D0004387,U004533,Android,星购App,web,2025-03-16 22:28:43,1
D0004388,U002080,Android,微信小程序,web,2026-01-24 14:17:22,1
D0004389,U004746,Android,星购App,6.0.0,2026-04-04 05:13:37,1
D0004390,U003609,Android,星购App,5.9.1,2026-06-28 12:33:53,1
D0004391,U002783,iOS,星购App,5.9.1,2026-03-02 03:44:16,1
D0004392,U002299,iOS,星购App,5.9.1,2025-01-22 17:19:03,1
D0004393,U002689,Windows,网页,6.0.0,2025-01-22 17:08:07,1
D0004394,U003197,iOS,微信小程序,5.9.1,2026-06-20 07:15:50,1
D0004395,U003823,iOS,星购App,5.9.1,2026-08-16 23:10:15,1
D0004396,U002567,Android,微信小程序,5.8.0,2025-04-20 10:05:11,1
D0004397,U000643,Android,微信小程序,5.9.1,2026-01-15 10:51:31,1
D0004398,U000391,iOS,星购App,5.9.1,2025-12-09 10:13:41,1
D0004399,U000388,iOS,微信小程序,5.8.0,2026-01-01 04:43:56,1
D0004400,U002665,Android,星购App,6.0.0,2025-03-23 09:41:48,1
D0004401,U004697,iOS,星购App,5.9.1,2025-10-25 22:12:04,1
D0004402,U001595,Android,微信小程序,5.8.0,2026-05-08 09:27:28,1
D0004403,U004372,Android,星购App,5.9.1,2026-07-01 09:27:13,1
D0004404,U001814,macOS,星购App,6.0.0,2026-05-06 12:24:28,1
D0004405,U004371,Android,星购App,5.8.0,2025-06-06 10:42:49,1
D0004406,U001252,Windows,网页,5.9.1,2026-06-29 10:04:00,1
D0004407,U001536,iOS,网页,5.9.1,2025-03-17 15:36:48,1
D0004408,U002638,iOS,微信小程序,5.9.1,2026-01-20 21:22:26,1
D0004409,U002610,Android,星购App,5.9.1,2026-07-20 09:25:15,1
D0004410,U002805,Android,星购App,5.8.0,2025-09-19 08:01:31,1
D0004411,U004511,Android,星购App,web,2026-06-06 01:11:05,1
D0004412,U003909,iOS,星购App,6.0.0,2026-03-14 08:13:28,1
D0004413,U000892,Android,星购App,web,2026-02-28 06:34:57,1
D0004414,U001918,macOS,网页,5.8.0,2025-10-31 12:48:44,1
D0004415,U003015,Android,星购App,5.8.0,2026-03-30 21:10:07,1
D0004416,U000829,Android,网页,5.8.0,2025-09-24 19:19:50,1
D0004417,U002967,Windows,星购App,6.0.0,2026-06-20 07:02:58,1
D0004418,U004023,iOS,星购App,6.0.0,2026-03-26 20:20:12,1
D0004419,U002345,macOS,星购App,6.0.0,2025-01-17 11:53:29,1
D0004420,U000635,Windows,星购App,5.8.0,2026-08-09 12:40:50,1
D0004421,U004697,Android,网页,5.9.1,2026-08-10 10:51:06,1
D0004422,U002642,Windows,微信小程序,5.8.0,2026-08-05 05:56:30,1
D0004423,U000680,Android,网页,6.0.0,2025-08-25 20:52:39,1
D0004424,U004809,iOS,星购App,web,2026-05-28 13:44:33,1
D0004425,U001681,Windows,微信小程序,web,2025-05-08 01:32:02,1
D0004426,U004762,iOS,星购App,6.0.0,2025-06-18 00:21:33,1
D0004427,U001896,macOS,星购App,5.9.1,2026-08-20 22:36:23,1
D0004428,U004955,Android,微信小程序,5.9.1,2025-05-06 17:50:09,1
D0004429,U001845,Windows,星购App,5.9.1,2026-04-22 04:26:51,1
D0004430,U004190,Android,星购App,5.8.0,2025-07-08 10:41:46,1
D0004431,U003008,Android,微信小程序,5.9.1,2025-02-10 04:32:57,1
D0004432,U000049,iOS,微信小程序,6.0.0,2025-05-04 03:34:47,1
D0004433,U003610,Android,星购App,6.0.0,2025-06-02 01:35:13,1
D0004434,U003950,Windows,星购App,web,2025-06-28 22:56:34,1
D0004435,U004856,iOS,网页,web,2025-07-25 12:36:41,1
D0004436,U000299,Android,星购App,6.0.0,2025-07-19 04:09:09,1
D0004437,U001398,Android,星购App,5.8.0,2025-06-29 17:35:26,1
D0004438,U003227,iOS,星购App,6.0.0,2026-08-05 01:11:57,1
D0004439,U001882,Android,微信小程序,6.0.0,2025-04-14 22:11:30,1
D0004440,U004750,Android,网页,5.8.0,2025-07-27 00:09:49,1
D0004441,U002656,Android,星购App,5.8.0,2025-06-03 06:14:07,1
D0004442,U004047,Android,微信小程序,5.9.1,2025-10-03 22:29:28,1
D0004443,U000664,Android,星购App,web,2026-01-02 10:56:09,1
D0004444,U003184,Windows,星购App,6.0.0,2025-09-26 03:57:20,1
D0004445,U000235,Windows,星购App,6.0.0,2026-03-06 00:31:01,1
D0004446,U003160,macOS,网页,6.0.0,2026-08-08 20:18:01,1
D0004447,U002352,iOS,微信小程序,5.8.0,2025-04-10 04:14:59,1
D0004448,U003987,Android,星购App,6.0.0,2025-09-10 17:30:02,1
D0004449,U004963,Android,星购App,6.0.0,2025-03-06 09:03:03,1
D0004450,U000092,Android,微信小程序,5.9.1,2025-06-20 15:08:12,1
D0004451,U002425,Windows,微信小程序,5.8.0,2025-05-23 23:04:43,1
D0004452,U003813,Android,网页,5.9.1,2026-04-08 02:06:14,1
D0004453,U004206,iOS,微信小程序,5.8.0,2025-03-14 08:55:58,1
D0004454,U002310,Android,微信小程序,6.0.0,2025-11-17 01:45:29,1
D0004455,U001602,iOS,网页,5.8.0,2026-04-16 17:09:46,1
D0004456,U001649,iOS,网页,6.0.0,2026-06-19 16:19:51,1
D0004457,U003144,Android,微信小程序,5.8.0,2025-05-03 23:07:50,1
D0004458,U003646,macOS,微信小程序,5.8.0,2026-08-19 22:34:51,1
D0004459,U002840,iOS,微信小程序,5.9.1,2026-07-03 03:15:08,1
D0004460,U001540,Android,星购App,5.9.1,2025-02-25 03:20:30,1
D0004461,U002118,Android,微信小程序,5.9.1,2025-06-18 15:11:02,1
D0004462,U004568,iOS,微信小程序,5.9.1,2025-01-12 23:37:54,1
D0004463,U003101,Android,星购App,5.9.1,2026-06-17 00:55:50,1
D0004464,U003760,Android,网页,6.0.0,2025-02-12 20:20:54,1
D0004465,U003035,iOS,星购App,6.0.0,2026-04-15 11:33:39,1
D0004466,U000282,Android,星购App,5.8.0,2026-05-10 15:22:13,1
D0004467,U004938,Android,星购App,5.8.0,2025-03-28 17:38:40,1
D0004468,U004783,Android,网页,5.8.0,2026-06-04 12:08:07,1
D0004469,U001835,Android,星购App,5.9.1,2025-03-24 21:54:52,1
D0004470,U001442,Windows,网页,6.0.0,2025-06-07 05:47:59,1
D0004471,U004970,iOS,星购App,5.9.1,2025-05-12 13:15:54,1
D0004472,U000726,Android,星购App,5.8.0,2025-10-30 23:11:14,1
D0004473,U003410,Android,微信小程序,5.8.0,2026-04-30 01:03:19,1
D0004474,U003451,Android,微信小程序,6.0.0,2025-09-13 13:41:42,1
D0004475,U002482,Android,星购App,5.9.1,2026-03-13 09:26:19,1
D0004476,U000612,Android,星购App,6.0.0,2026-01-18 21:40:16,1
D0004477,U004668,macOS,星购App,6.0.0,2025-10-28 09:03:46,1
D0004478,U001917,iOS,星购App,5.9.1,2026-06-19 19:37:43,1
D0004479,U003244,iOS,星购App,5.9.1,2026-08-10 23:16:31,1
D0004480,U003478,Windows,星购App,6.0.0,2026-04-19 12:30:34,1
D0004481,U001292,Android,星购App,5.8.0,2026-01-07 05:01:20,1
D0004482,U000949,iOS,星购App,6.0.0,2025-07-26 14:37:17,1
D0004483,U001862,iOS,星购App,6.0.0,2025-07-11 13:49:13,1
D0004484,U000277,Android,星购App,5.8.0,2026-03-25 14:02:35,1
D0004485,U000972,iOS,星购App,5.9.1,2026-06-17 11:44:36,1
D0004486,U003044,iOS,网页,5.8.0,2025-10-07 04:14:18,1
D0004487,U000146,iOS,微信小程序,5.8.0,2026-04-10 20:20:22,1
D0004488,U004973,Android,星购App,web,2025-10-29 19:40:52,1
D0004489,U002231,Windows,星购App,5.8.0,2026-07-06 04:03:12,1
D0004490,U004629,iOS,星购App,5.8.0,2025-02-25 11:53:21,1
D0004491,U001342,iOS,星购App,5.9.1,2025-08-02 04:26:29,1
D0004492,U003019,Android,网页,5.8.0,2026-04-27 10:25:24,1
D0004493,U000606,Android,星购App,5.9.1,2025-09-14 02:18:42,1
D0004494,U003776,iOS,星购App,5.9.1,2025-05-13 04:23:45,1
D0004495,U000543,Windows,微信小程序,5.9.1,2025-08-30 14:23:59,1
D0004496,U002925,Android,网页,5.8.0,2025-08-01 00:00:21,1
D0004497,U002172,iOS,星购App,5.8.0,2025-01-14 18:58:40,1
D0004498,U004443,Android,星购App,5.8.0,2026-03-12 20:45:29,1
D0004499,U003872,Android,网页,6.0.0,2025-09-28 19:39:21,1
D0004500,U004899,Android,星购App,5.9.1,2026-07-08 17:00:41,1
D0004501,U003805,iOS,网页,5.8.0,2025-11-05 09:20:56,1
D0004502,U002617,iOS,微信小程序,6.0.0,2025-03-04 19:41:29,1
D0004503,U004455,Windows,星购App,web,2025-09-22 19:55:42,1
D0004504,U000353,Android,星购App,web,2025-12-09 12:04:52,1
D0004505,U000235,Android,星购App,5.8.0,2025-06-24 02:18:24,1
D0004506,U004529,Android,微信小程序,6.0.0,2025-03-25 05:53:57,1
D0004507,U002671,macOS,微信小程序,6.0.0,2026-06-16 08:13:30,1
D0004508,U001573,iOS,微信小程序,5.9.1,2026-05-10 14:17:41,1
D0004509,U003068,iOS,星购App,5.9.1,2025-03-09 19:21:43,1
D0004510,U001239,Android,星购App,5.8.0,2026-02-08 09:04:35,1
D0004511,U003500,Android,微信小程序,5.9.1,2025-10-07 14:31:43,1
D0004512,U002857,Android,网页,6.0.0,2025-11-07 10:58:50,1
D0004513,U003678,iOS,星购App,6.0.0,2025-10-23 11:03:32,1
D0004514,U003654,Android,网页,web,2026-07-10 13:30:23,1
D0004515,U000624,iOS,星购App,5.9.1,2025-07-21 09:15:59,1
D0004516,U003501,iOS,星购App,5.9.1,2026-03-18 15:19:03,1
D0004517,U000964,macOS,星购App,5.9.1,2026-08-14 05:23:57,1
D0004518,U004801,Windows,星购App,5.9.1,2025-11-28 16:53:25,1
D0004519,U003972,iOS,星购App,5.9.1,2025-05-19 16:45:48,1
D0004520,U004534,iOS,星购App,5.8.0,2025-02-18 09:30:09,1
D0004521,U004203,iOS,星购App,web,2025-10-03 20:30:05,1
D0004522,U002385,Android,星购App,5.9.1,2025-06-19 19:05:01,1
D0004523,U004953,Android,微信小程序,5.9.1,2025-11-07 11:35:57,1
D0004524,U003658,iOS,星购App,6.0.0,2025-01-19 17:59:24,1
D0004525,U003534,Android,星购App,5.9.1,2025-04-13 03:54:31,1
D0004526,U000888,Android,微信小程序,5.9.1,2026-07-21 05:41:53,1
D0004527,U002453,Android,星购App,5.8.0,2026-01-17 23:06:38,1
D0004528,U000288,iOS,网页,5.9.1,2025-05-02 13:26:12,1
D0004529,U001871,Android,网页,5.9.1,2026-06-09 02:11:33,1
D0004530,U004534,Windows,星购App,5.9.1,2025-02-14 18:21:30,1
D0004531,U000939,iOS,星购App,5.9.1,2026-05-14 14:51:53,1
D0004532,U004053,iOS,星购App,5.8.0,2026-06-23 13:25:57,1
D0004533,U003346,Android,星购App,5.8.0,2025-05-24 03:10:13,1
D0004534,U002121,iOS,微信小程序,6.0.0,2025-01-15 21:41:55,1
D0004535,U000958,iOS,微信小程序,6.0.0,2025-09-14 05:04:43,1
D0004536,U002389,iOS,星购App,5.8.0,2025-07-07 10:04:49,1
D0004537,U001587,Android,星购App,6.0.0,2025-12-19 08:39:29,1
D0004538,U002938,Android,星购App,5.9.1,2026-02-13 09:38:39,1
D0004539,U000831,iOS,星购App,6.0.0,2026-01-14 00:21:36,1
D0004540,U002587,iOS,星购App,5.9.1,2025-11-04 05:38:18,1
D0004541,U003774,Android,网页,5.9.1,2025-10-01 04:33:05,1
D0004542,U002689,Android,星购App,5.9.1,2026-06-15 08:02:24,1
D0004543,U001798,iOS,星购App,5.9.1,2025-05-16 02:37:01,1
D0004544,U001368,Android,星购App,6.0.0,2025-07-08 01:37:27,1
D0004545,U000145,Android,网页,5.9.1,2026-05-01 20:58:36,1
D0004546,U003529,iOS,星购App,5.8.0,2025-04-08 23:26:56,1
D0004547,U004323,iOS,星购App,5.8.0,2026-01-24 20:14:14,1
D0004548,U001368,Android,星购App,5.9.1,2026-05-02 14:04:19,1
D0004549,U002046,Android,星购App,5.8.0,2025-01-15 10:41:15,1
D0004550,U003938,iOS,星购App,5.8.0,2026-04-11 23:41:46,1
D0004551,U004556,iOS,星购App,5.8.0,2026-05-06 07:43:32,1
D0004552,U000880,Android,星购App,5.9.1,2026-01-28 22:10:27,1
D0004553,U000784,Windows,星购App,web,2025-08-25 23:20:29,1
D0004554,U000817,iOS,星购App,6.0.0,2026-07-15 12:03:47,1
D0004555,U001646,iOS,星购App,5.9.1,2025-09-04 14:15:08,1
D0004556,U000609,Android,星购App,5.8.0,2025-06-09 13:40:13,1
D0004557,U001771,Windows,星购App,5.9.1,2025-09-10 20:58:52,1
D0004558,U000984,iOS,微信小程序,5.9.1,2025-10-04 01:54:49,1
D0004559,U001424,Android,星购App,5.9.1,2025-05-22 12:26:48,1
D0004560,U001618,iOS,星购App,5.9.1,2026-02-10 16:00:14,1
D0004561,U001125,iOS,星购App,5.8.0,2026-05-07 13:45:58,1
D0004562,U002702,Windows,网页,5.9.1,2025-12-26 20:49:42,1
D0004563,U002327,iOS,星购App,6.0.0,2026-01-13 16:51:57,1
D0004564,U003348,Android,星购App,6.0.0,2025-07-08 15:15:59,1
D0004565,U003136,Android,星购App,web,2026-04-14 02:33:24,1
D0004566,U004770,iOS,网页,5.9.1,2026-01-28 03:18:04,1
D0004567,U000554,iOS,星购App,5.9.1,2026-05-02 06:39:19,1
D0004568,U003489,Android,网页,5.8.0,2026-08-09 05:26:26,1
D0004569,U000659,Android,星购App,5.8.0,2025-11-04 00:28:40,1
D0004570,U003641,macOS,星购App,5.9.1,2025-02-20 05:14:38,1
D0004571,U003069,Android,微信小程序,5.9.1,2026-07-28 17:20:51,1
D0004572,U003518,Android,星购App,5.9.1,2025-07-16 15:30:07,1
D0004573,U002386,Android,网页,6.0.0,2025-04-28 20:21:08,1
D0004574,U003484,iOS,星购App,5.9.1,2025-11-08 23:14:14,1
D0004575,U004612,iOS,星购App,5.9.1,2025-05-08 02:51:00,1
D0004576,U002539,iOS,微信小程序,5.9.1,2025-08-30 23:14:34,1
D0004577,U004297,iOS,星购App,web,2026-05-01 08:58:33,1
D0004578,U003833,iOS,星购App,5.8.0,2025-05-29 21:03:03,1
D0004579,U003789,Android,星购App,6.0.0,2025-12-11 11:07:10,1
D0004580,U004835,Android,微信小程序,5.8.0,2025-01-03 22:50:35,1
D0004581,U004541,Android,星购App,5.9.1,2025-06-01 20:49:46,1
D0004582,U003357,Android,星购App,6.0.0,2025-08-12 23:30:13,1
D0004583,U001921,Android,网页,5.9.1,2025-12-20 08:59:10,1
D0004584,U004093,Windows,微信小程序,web,2026-07-19 20:58:19,1
D0004585,U004399,iOS,网页,5.8.0,2025-02-07 15:46:22,1
D0004586,U004792,iOS,星购App,5.9.1,2025-04-18 01:55:07,1
D0004587,U001035,iOS,微信小程序,5.9.1,2025-09-07 04:18:46,1
D0004588,U001521,Windows,星购App,web,2025-03-28 14:12:25,1
D0004589,U001420,Windows,微信小程序,5.9.1,2025-11-30 19:22:39,1
D0004590,U000627,iOS,星购App,5.9.1,2026-04-13 04:04:45,1
D0004591,U001380,iOS,网页,5.9.1,2025-03-27 02:51:37,1
D0004592,U004795,iOS,星购App,5.8.0,2025-01-26 19:32:40,1
D0004593,U003491,Windows,微信小程序,5.9.1,2026-07-31 19:50:07,1
D0004594,U003349,Android,微信小程序,5.8.0,2026-04-23 19:23:29,1
D0004595,U001017,iOS,微信小程序,web,2026-04-20 23:09:25,1
D0004596,U003511,Android,网页,5.9.1,2025-07-03 18:49:28,1
D0004597,U004133,Android,星购App,6.0.0,2025-04-05 06:11:45,1
D0004598,U003222,macOS,星购App,5.8.0,2026-02-08 14:50:52,1
D0004599,U004905,iOS,星购App,5.9.1,2026-01-16 11:06:33,1
D0004600,U002249,Android,星购App,6.0.0,2025-01-19 19:50:29,1
D0004601,U003222,iOS,星购App,5.9.1,2026-06-17 22:39:01,1
D0004602,U000751,iOS,星购App,5.8.0,2026-04-13 21:05:36,1
D0004603,U002880,Android,星购App,6.0.0,2025-02-11 08:24:00,1
D0004604,U001209,Android,星购App,5.9.1,2025-09-09 16:34:33,1
D0004605,U002242,iOS,星购App,web,2026-05-24 10:51:32,1
D0004606,U002991,Android,星购App,6.0.0,2025-10-26 10:08:12,1
D0004607,U003582,Android,网页,6.0.0,2025-06-16 09:10:24,1
D0004608,U002489,Android,微信小程序,5.9.1,2025-08-10 10:36:19,1
D0004609,U004630,iOS,星购App,5.8.0,2025-04-01 08:53:22,1
D0004610,U001630,Android,星购App,6.0.0,2026-03-07 07:47:49,1
D0004611,U001275,Android,星购App,5.9.1,2025-04-26 09:48:26,1
D0004612,U003145,Android,星购App,6.0.0,2026-05-29 15:19:11,1
D0004613,U000023,iOS,星购App,5.9.1,2025-02-27 16:27:37,1
D0004614,U003669,Android,星购App,web,2025-12-22 22:24:04,1
D0004615,U002031,Windows,网页,5.9.1,2025-11-16 08:07:50,1
D0004616,U004933,Android,星购App,web,2026-08-20 07:49:08,1
D0004617,U002530,Android,星购App,web,2025-07-31 20:26:46,1
D0004618,U003761,iOS,微信小程序,6.0.0,2026-04-01 06:11:34,1
D0004619,U002033,Android,星购App,6.0.0,2026-03-15 19:04:35,1
D0004620,U004186,Android,星购App,web,2026-01-08 04:05:14,1
D0004621,U004760,iOS,微信小程序,5.8.0,2025-11-05 04:12:51,1
D0004622,U004134,macOS,星购App,5.8.0,2026-02-28 16:30:33,1
D0004623,U003897,Windows,星购App,5.9.1,2026-02-07 07:37:21,1
D0004624,U003262,Windows,星购App,5.9.1,2025-09-04 07:38:25,1
D0004625,U004003,iOS,星购App,6.0.0,2025-04-29 01:01:57,1
D0004626,U004897,iOS,微信小程序,5.8.0,2026-02-06 13:32:35,1
D0004627,U002322,iOS,微信小程序,6.0.0,2025-02-04 19:38:03,1
D0004628,U003944,iOS,星购App,6.0.0,2025-02-20 20:52:57,1
D0004629,U001181,Windows,微信小程序,6.0.0,2025-07-13 14:47:51,1
D0004630,U002515,iOS,微信小程序,5.9.1,2026-01-15 09:10:19,1
D0004631,U003323,Windows,星购App,5.8.0,2026-01-22 10:23:42,1
D0004632,U000435,iOS,星购App,5.9.1,2025-01-15 05:08:59,1
D0004633,U003597,Android,星购App,5.9.1,2026-03-27 17:06:58,1
D0004634,U003806,iOS,网页,6.0.0,2026-04-26 23:06:36,1
D0004635,U002662,Android,网页,5.8.0,2026-06-03 12:04:42,1
D0004636,U004177,Android,星购App,web,2025-04-20 04:50:44,1
D0004637,U002262,macOS,星购App,5.9.1,2025-01-01 22:26:17,1
D0004638,U000785,Android,星购App,5.9.1,2025-01-19 16:27:05,1
D0004639,U000817,Windows,星购App,5.9.1,2025-05-06 03:04:40,1
D0004640,U004732,Android,星购App,6.0.0,2026-03-13 02:36:07,1
D0004641,U003946,Android,星购App,5.8.0,2026-03-11 05:30:58,1
D0004642,U001505,Windows,星购App,web,2025-04-29 21:16:52,1
D0004643,U002764,Android,星购App,6.0.0,2025-06-11 09:34:20,1
D0004644,U004212,Android,星购App,6.0.0,2026-04-22 17:52:29,1
D0004645,U001375,Windows,星购App,5.9.1,2026-06-18 08:12:23,1
D0004646,U003621,Android,微信小程序,5.9.1,2026-02-26 05:29:02,1
D0004647,U004527,iOS,网页,6.0.0,2025-05-19 11:10:47,1
D0004648,U000171,iOS,星购App,web,2026-03-25 15:02:59,1
D0004649,U000646,iOS,星购App,web,2025-08-30 16:38:58,1
D0004650,U001648,Android,星购App,6.0.0,2025-01-31 04:41:54,1
D0004651,U002919,Windows,星购App,6.0.0,2026-06-17 11:40:41,1
D0004652,U001546,Android,微信小程序,6.0.0,2026-06-16 04:56:24,1
D0004653,U001271,Windows,星购App,5.9.1,2025-08-01 12:20:31,1
D0004654,U001805,Android,星购App,5.9.1,2025-08-06 19:24:23,1
D0004655,U000410,Android,网页,web,2025-11-29 06:04:38,1
D0004656,U003214,Android,星购App,6.0.0,2026-07-13 06:06:36,1
D0004657,U000059,Android,星购App,5.9.1,2025-08-12 21:28:05,1
D0004658,U004307,Android,微信小程序,5.9.1,2026-05-20 01:40:48,1
D0004659,U001684,Android,星购App,6.0.0,2025-01-16 10:23:55,1
D0004660,U004725,macOS,星购App,5.9.1,2026-01-02 18:29:25,1
D0004661,U000381,iOS,网页,5.8.0,2025-04-30 22:54:37,1
D0004662,U001951,Android,星购App,6.0.0,2026-01-11 03:51:53,1
D0004663,U003125,Android,星购App,5.9.1,2026-03-05 01:07:25,1
D0004664,U003316,iOS,微信小程序,6.0.0,2026-03-28 04:54:45,1
D0004665,U002835,Android,星购App,web,2026-05-10 10:49:22,1
D0004666,U000090,Android,星购App,5.8.0,2025-05-10 11:28:42,1
D0004667,U001860,Windows,星购App,5.9.1,2025-10-16 20:49:04,1
D0004668,U003931,Windows,星购App,web,2025-06-18 01:57:28,1
D0004669,U000518,Android,微信小程序,5.9.1,2025-04-05 14:41:22,1
D0004670,U000187,Android,星购App,5.9.1,2025-01-29 06:27:41,1
D0004671,U004042,iOS,星购App,5.8.0,2026-02-15 12:47:06,1
D0004672,U000353,Windows,星购App,6.0.0,2025-10-19 10:01:03,1
D0004673,U002133,Windows,星购App,5.8.0,2026-03-20 02:58:23,1
D0004674,U004639,iOS,网页,5.8.0,2026-06-27 18:02:20,1
D0004675,U004819,Android,微信小程序,5.9.1,2025-12-15 21:49:21,1
D0004676,U000014,iOS,星购App,6.0.0,2026-03-21 16:21:15,1
D0004677,U004986,Android,微信小程序,5.9.1,2025-06-23 17:46:16,1
D0004678,U002340,Android,星购App,5.8.0,2025-09-23 00:45:16,1
D0004679,U002238,iOS,星购App,5.8.0,2025-03-01 11:14:36,1
D0004680,U001884,iOS,网页,5.8.0,2026-05-28 02:07:10,1
D0004681,U004374,Windows,星购App,5.9.1,2025-11-03 04:11:06,1
D0004682,U001191,iOS,网页,6.0.0,2026-07-24 19:18:29,1
D0004683,U003881,macOS,星购App,6.0.0,2026-07-31 19:26:28,1
D0004684,U001360,Windows,星购App,5.8.0,2025-03-27 06:18:41,1
D0004685,U000876,iOS,星购App,5.9.1,2025-07-30 23:16:33,1
D0004686,U001424,iOS,星购App,5.8.0,2025-07-26 04:19:21,1
D0004687,U000547,Android,星购App,6.0.0,2025-01-25 13:26:20,1
D0004688,U000326,Android,网页,6.0.0,2025-01-06 22:30:07,1
D0004689,U003873,iOS,星购App,6.0.0,2026-04-17 17:53:04,1
D0004690,U002911,Windows,微信小程序,5.9.1,2025-05-03 09:59:11,1
D0004691,U004483,Android,星购App,6.0.0,2025-03-16 22:03:11,1
D0004692,U001258,Android,网页,5.9.1,2025-12-11 05:28:48,1
D0004693,U001573,Android,微信小程序,6.0.0,2025-11-27 19:53:22,1
D0004694,U001462,Windows,微信小程序,5.8.0,2025-05-25 08:46:12,1
D0004695,U000580,Windows,星购App,5.9.1,2025-08-16 01:53:14,1
D0004696,U001322,Windows,星购App,5.8.0,2025-07-25 00:10:09,1
D0004697,U000550,Android,星购App,5.9.1,2026-08-12 14:36:50,1
D0004698,U000304,Android,星购App,web,2025-12-17 00:01:32,1
D0004699,U003030,iOS,微信小程序,5.9.1,2026-06-28 01:41:33,1
D0004700,U002277,iOS,星购App,5.8.0,2026-03-12 19:52:30,1
D0004701,U004549,Android,星购App,5.9.1,2026-01-24 11:42:39,1
D0004702,U001373,Android,星购App,6.0.0,2026-04-24 05:15:00,1
D0004703,U000839,iOS,微信小程序,5.8.0,2025-07-08 23:42:06,1
D0004704,U001965,Windows,星购App,5.8.0,2026-01-17 03:37:17,1
D0004705,U002925,Android,网页,6.0.0,2026-03-05 19:20:20,1
D0004706,U001607,Android,微信小程序,5.8.0,2026-02-20 03:46:09,1
D0004707,U002449,iOS,微信小程序,5.8.0,2026-07-02 13:55:21,1
D0004708,U001726,iOS,星购App,5.9.1,2026-03-28 06:29:01,1
D0004709,U004580,Android,星购App,web,2025-01-02 06:46:30,1
D0004710,U001946,Android,微信小程序,5.8.0,2025-01-16 22:46:31,1
D0004711,U001845,Android,微信小程序,6.0.0,2025-08-11 20:59:21,1
D0004712,U002239,Windows,星购App,6.0.0,2025-05-14 16:01:18,1
D0004713,U004230,iOS,星购App,5.9.1,2026-07-21 18:13:21,1
D0004714,U004754,macOS,星购App,5.9.1,2026-01-13 18:55:42,1
D0004715,U002337,iOS,星购App,6.0.0,2025-02-27 10:17:21,1
D0004716,U002541,iOS,星购App,5.9.1,2025-07-20 20:08:50,1
D0004717,U002926,iOS,网页,5.9.1,2025-04-07 09:35:36,1
D0004718,U004161,Android,星购App,5.9.1,2025-10-20 03:59:26,1
D0004719,U003444,iOS,微信小程序,5.8.0,2026-03-14 17:34:14,1
D0004720,U002979,Windows,星购App,5.9.1,2026-04-25 22:57:45,1
D0004721,U004460,Android,微信小程序,web,2026-07-20 06:19:16,1
D0004722,U000336,Android,星购App,6.0.0,2026-01-04 16:33:54,1
D0004723,U003006,Android,星购App,6.0.0,2025-01-09 03:21:53,1
D0004724,U002742,Windows,星购App,6.0.0,2025-02-07 00:50:30,1
D0004725,U000224,Android,星购App,6.0.0,2026-06-04 19:31:10,1
D0004726,U004276,iOS,星购App,5.9.1,2026-05-28 00:57:15,1
D0004727,U004822,Windows,微信小程序,5.8.0,2026-02-14 21:03:09,1
D0004728,U001923,Android,星购App,5.9.1,2025-02-07 02:28:51,1
D0004729,U001649,iOS,星购App,5.9.1,2025-01-04 12:38:51,1
D0004730,U002509,Android,星购App,web,2026-05-13 19:07:59,1
D0004731,U004592,Android,星购App,web,2026-01-18 06:17:00,1
D0004732,U003235,Android,微信小程序,5.9.1,2026-04-05 04:07:33,1
D0004733,U001761,Android,星购App,5.8.0,2025-09-18 07:40:49,1
D0004734,U000184,iOS,星购App,5.9.1,2025-02-28 17:53:13,1
D0004735,U002552,Android,网页,5.9.1,2025-03-20 11:54:19,1
D0004736,U000408,Android,星购App,6.0.0,2025-05-15 08:47:03,1
D0004737,U003831,Android,星购App,6.0.0,2025-05-06 13:46:20,1
D0004738,U001759,Android,星购App,5.8.0,2025-07-03 22:24:33,1
D0004739,U002063,Android,星购App,5.9.1,2025-03-06 10:02:32,1
D0004740,U002185,iOS,网页,5.9.1,2026-03-01 01:03:35,1
D0004741,U000577,Android,微信小程序,6.0.0,2025-11-09 11:31:43,1
D0004742,U001562,Windows,星购App,5.9.1,2026-03-15 14:57:57,1
D0004743,U003061,Windows,星购App,6.0.0,2025-04-23 11:30:23,1
D0004744,U001801,iOS,星购App,6.0.0,2026-03-27 23:08:11,1
D0004745,U003722,iOS,星购App,5.9.1,2025-12-12 07:10:04,1
D0004746,U001912,iOS,星购App,5.9.1,2025-11-12 10:33:11,1
D0004747,U004171,iOS,星购App,5.9.1,2025-04-30 06:00:17,1
D0004748,U004286,macOS,星购App,5.8.0,2026-07-28 19:41:51,1
D0004749,U002504,iOS,星购App,5.8.0,2026-03-30 17:41:50,1
D0004750,U001313,iOS,星购App,5.8.0,2025-06-28 09:17:38,1
D0004751,U001218,Android,星购App,5.9.1,2025-07-03 15:03:40,1
D0004752,U000836,Android,微信小程序,6.0.0,2026-03-20 21:38:19,1
D0004753,U003782,Android,星购App,5.9.1,2025-05-21 04:04:23,1
D0004754,U000364,Windows,星购App,5.8.0,2026-03-04 15:43:06,1
D0004755,U000471,Android,网页,6.0.0,2026-03-02 04:35:55,1
D0004756,U002357,iOS,星购App,5.8.0,2025-01-09 12:25:05,1
D0004757,U002530,iOS,星购App,6.0.0,2025-08-18 12:51:58,1
D0004758,U000033,iOS,星购App,web,2025-05-28 19:56:43,1
D0004759,U000948,iOS,星购App,5.8.0,2025-06-14 19:17:43,1
D0004760,U000367,Android,网页,5.9.1,2025-05-31 15:43:03,1
D0004761,U000141,iOS,微信小程序,5.8.0,2025-01-11 18:23:45,1
D0004762,U004833,Android,星购App,5.8.0,2026-07-10 09:03:38,1
D0004763,U004405,iOS,星购App,5.8.0,2025-09-06 09:20:11,1
D0004764,U004377,iOS,星购App,5.9.1,2025-12-12 09:06:06,1
D0004765,U001818,Android,星购App,6.0.0,2025-09-13 03:47:17,1
D0004766,U001051,Windows,微信小程序,6.0.0,2025-06-19 10:48:01,1
D0004767,U001174,iOS,星购App,6.0.0,2026-04-12 12:41:45,1
D0004768,U001258,Android,微信小程序,5.9.1,2025-09-24 05:37:49,1
D0004769,U000841,Android,微信小程序,5.8.0,2025-02-09 02:58:03,1
D0004770,U004133,Windows,星购App,6.0.0,2025-11-01 17:22:57,1
D0004771,U001968,Android,微信小程序,5.8.0,2025-12-25 07:29:30,1
D0004772,U000651,Android,星购App,web,2026-01-11 15:05:36,1
D0004773,U001651,Windows,网页,5.9.1,2025-11-05 23:24:18,1
D0004774,U000176,Android,网页,6.0.0,2025-03-24 04:11:15,1
D0004775,U004671,Android,星购App,6.0.0,2025-06-17 23:22:02,1
D0004776,U003807,iOS,星购App,web,2026-08-21 00:36:00,1
D0004777,U001332,iOS,星购App,5.8.0,2025-05-14 09:44:07,1
D0004778,U003337,Android,星购App,6.0.0,2026-06-07 20:20:41,1
D0004779,U002902,Android,微信小程序,5.9.1,2026-01-24 18:53:43,1
D0004780,U001506,iOS,网页,6.0.0,2025-03-25 19:56:36,1
D0004781,U002691,Android,网页,6.0.0,2026-02-02 12:40:56,1
D0004782,U004291,Android,星购App,6.0.0,2026-08-21 13:09:13,1
D0004783,U004746,iOS,微信小程序,web,2026-07-07 16:51:21,1
D0004784,U001519,iOS,星购App,6.0.0,2025-07-09 00:19:20,1
D0004785,U003672,Android,星购App,5.9.1,2026-06-23 05:22:27,1
D0004786,U003991,Windows,微信小程序,5.8.0,2026-02-17 13:37:56,1
D0004787,U003720,Windows,网页,web,2025-07-25 03:12:08,1
D0004788,U001155,iOS,网页,6.0.0,2025-06-06 18:50:36,1
D0004789,U002744,iOS,网页,5.9.1,2026-01-21 14:47:22,1
D0004790,U002926,iOS,网页,5.8.0,2026-07-07 08:42:19,1
D0004791,U002729,Android,网页,6.0.0,2025-08-17 08:00:58,1
D0004792,U001085,iOS,星购App,5.9.1,2026-03-03 20:18:07,1
D0004793,U004546,iOS,网页,5.9.1,2026-08-10 02:53:37,1
D0004794,U002806,iOS,微信小程序,5.9.1,2025-12-12 11:54:47,1
D0004795,U004397,Android,星购App,5.9.1,2025-04-04 22:39:43,1
D0004796,U001091,Android,星购App,5.8.0,2026-07-15 19:07:49,1
D0004797,U000883,Windows,网页,5.8.0,2025-02-11 20:36:33,1
D0004798,U002178,Windows,星购App,5.8.0,2026-07-21 20:58:03,1
D0004799,U001186,macOS,网页,5.8.0,2026-01-14 14:58:49,1
D0004800,U000434,iOS,网页,5.8.0,2025-12-04 21:23:13,1
D0004801,U002329,iOS,网页,5.8.0,2025-03-01 02:07:28,1
D0004802,U001987,Android,网页,6.0.0,2026-06-11 12:41:46,1
D0004803,U002251,iOS,星购App,5.8.0,2025-04-24 08:58:37,1
D0004804,U001600,iOS,星购App,5.9.1,2025-08-30 05:27:22,1
D0004805,U000714,iOS,网页,6.0.0,2026-06-12 12:09:19,1
D0004806,U000554,Android,星购App,5.8.0,2026-04-05 08:34:53,1
D0004807,U000460,iOS,星购App,6.0.0,2026-06-16 21:50:51,1
D0004808,U001287,Windows,微信小程序,5.9.1,2025-08-11 15:43:32,1
D0004809,U001251,iOS,星购App,5.9.1,2026-05-27 13:13:36,1
D0004810,U001734,iOS,微信小程序,5.9.1,2025-08-04 08:23:44,1
D0004811,U000240,iOS,星购App,5.9.1,2025-02-13 02:59:20,1
D0004812,U004812,Android,星购App,5.9.1,2025-06-14 05:21:04,1
D0004813,U001897,Android,星购App,5.9.1,2025-12-22 21:48:00,1
D0004814,U000497,iOS,星购App,5.9.1,2025-07-10 23:21:41,1
D0004815,U000464,iOS,星购App,5.8.0,2026-02-20 06:21:40,1
D0004816,U000996,Android,网页,6.0.0,2026-05-18 01:05:37,1
D0004817,U004530,Android,星购App,web,2025-01-30 09:42:29,1
D0004818,U003249,Android,星购App,5.8.0,2025-02-10 03:16:09,1
D0004819,U004850,iOS,星购App,6.0.0,2026-02-15 02:02:54,1
D0004820,U000594,Android,星购App,5.8.0,2026-01-31 16:36:38,1
D0004821,U004877,iOS,星购App,5.9.1,2025-09-26 12:39:34,1
D0004822,U004859,iOS,星购App,5.8.0,2026-02-23 04:43:19,1
D0004823,U003598,Android,微信小程序,5.9.1,2025-06-21 04:03:55,1
D0004824,U003269,macOS,网页,5.8.0,2026-04-04 07:18:19,1
D0004825,U003326,Android,网页,5.9.1,2026-05-27 10:24:25,1
D0004826,U000291,Android,微信小程序,5.9.1,2026-04-21 11:22:02,1
D0004827,U001761,iOS,网页,6.0.0,2025-01-04 19:35:46,1
D0004828,U001667,Android,星购App,6.0.0,2025-04-24 15:05:08,1
D0004829,U004077,Android,网页,5.8.0,2025-01-20 13:37:45,1
D0004830,U004169,Windows,星购App,web,2025-07-20 22:49:16,1
D0004831,U003118,iOS,星购App,6.0.0,2026-04-18 12:27:48,1
D0004832,U000938,iOS,星购App,5.8.0,2026-03-09 20:01:00,1
D0004833,U002113,iOS,网页,5.9.1,2026-02-15 14:15:45,1
D0004834,U000123,Android,星购App,6.0.0,2025-01-22 06:55:39,1
D0004835,U003191,Windows,星购App,6.0.0,2025-08-16 08:07:55,1
D0004836,U003422,iOS,星购App,5.9.1,2026-04-17 00:53:16,1
D0004837,U002617,Android,微信小程序,6.0.0,2025-04-21 14:01:41,1
D0004838,U001197,iOS,星购App,5.8.0,2026-03-10 04:59:37,1
D0004839,U002491,Android,网页,6.0.0,2025-05-20 05:00:04,1
D0004840,U002177,Android,微信小程序,5.8.0,2025-08-10 00:14:55,1
D0004841,U000865,iOS,网页,5.8.0,2026-03-06 20:32:13,1
D0004842,U004917,Windows,星购App,5.9.1,2025-11-28 23:40:36,1
D0004843,U002655,Android,微信小程序,5.9.1,2026-01-29 16:21:16,1
D0004844,U003972,Android,微信小程序,5.9.1,2025-02-23 05:00:27,1
D0004845,U003967,iOS,星购App,web,2025-03-08 14:29:51,1
D0004846,U000439,iOS,星购App,6.0.0,2025-12-25 21:09:15,1
D0004847,U003584,iOS,星购App,5.8.0,2025-12-15 12:27:01,1
D0004848,U003589,iOS,星购App,5.9.1,2026-06-14 21:27:13,1
D0004849,U003520,iOS,网页,5.9.1,2026-08-16 11:24:26,1
D0004850,U003691,Android,微信小程序,5.9.1,2026-03-24 03:40:48,1
D0004851,U001964,Android,星购App,5.8.0,2026-03-26 22:58:44,1
D0004852,U002003,iOS,星购App,web,2025-08-11 05:53:24,1
D0004853,U002710,Android,网页,5.8.0,2025-12-08 10:38:54,1
D0004854,U002215,Windows,网页,6.0.0,2025-02-14 06:02:36,1
D0004855,U001935,Android,微信小程序,6.0.0,2026-07-06 13:55:11,1
D0004856,U000870,iOS,星购App,web,2025-05-27 05:18:35,1
D0004857,U002050,Android,微信小程序,6.0.0,2025-09-04 05:43:26,1
D0004858,U000649,Android,网页,6.0.0,2025-02-19 14:46:47,1
D0004859,U004630,iOS,星购App,web,2026-06-15 02:56:19,1
D0004860,U001072,iOS,星购App,6.0.0,2026-01-27 03:54:05,1
D0004861,U002344,iOS,星购App,6.0.0,2026-05-13 09:00:40,1
D0004862,U002269,Android,网页,5.8.0,2026-02-09 00:52:13,1
D0004863,U000155,Windows,微信小程序,6.0.0,2025-03-13 15:16:43,1
D0004864,U003133,iOS,星购App,web,2026-03-07 15:11:01,1
D0004865,U000393,Android,微信小程序,6.0.0,2026-08-18 05:17:43,1
D0004866,U002721,iOS,星购App,web,2025-10-06 16:19:17,1
D0004867,U002298,Android,星购App,6.0.0,2025-08-12 22:36:15,1
D0004868,U001235,Android,星购App,5.8.0,2026-03-18 22:33:51,1
D0004869,U001936,Android,微信小程序,5.9.1,2025-01-16 00:11:59,1
D0004870,U003707,Windows,微信小程序,5.9.1,2025-09-24 05:30:54,1
D0004871,U000252,Windows,星购App,5.8.0,2026-03-03 13:58:31,1
D0004872,U004746,Android,星购App,5.8.0,2026-03-27 18:51:10,1
D0004873,U004657,iOS,星购App,5.9.1,2026-02-15 05:45:26,1
D0004874,U003765,Android,微信小程序,5.9.1,2025-08-30 20:50:29,1
D0004875,U000343,iOS,网页,6.0.0,2026-05-23 06:28:32,1
D0004876,U000075,Android,网页,5.9.1,2026-03-22 18:03:30,1
D0004877,U000973,Android,星购App,5.9.1,2026-04-04 22:06:35,1
D0004878,U000619,Android,星购App,5.9.1,2025-05-18 04:23:58,1
D0004879,U001935,Android,微信小程序,5.8.0,2026-02-17 20:51:38,1
D0004880,U002761,Android,星购App,6.0.0,2025-05-02 07:19:47,1
D0004881,U000292,iOS,微信小程序,5.9.1,2025-05-22 03:40:14,1
D0004882,U004092,Android,网页,5.9.1,2026-06-19 00:13:56,1
D0004883,U000956,Android,微信小程序,6.0.0,2026-01-29 02:02:11,1
D0004884,U000745,iOS,星购App,6.0.0,2026-04-08 06:51:27,1
D0004885,U001669,Android,星购App,6.0.0,2026-07-16 04:16:44,1
D0004886,U000712,Android,微信小程序,5.9.1,2025-06-04 17:00:50,1
D0004887,U002987,iOS,星购App,5.9.1,2025-08-08 21:03:44,1
D0004888,U001704,Android,网页,5.9.1,2025-05-26 09:43:00,1
D0004889,U004680,Windows,微信小程序,5.8.0,2025-01-23 10:42:46,1
D0004890,U002434,iOS,星购App,5.9.1,2025-09-04 09:45:58,1
D0004891,U000951,Android,星购App,6.0.0,2026-05-25 10:31:12,1
D0004892,U003445,Windows,星购App,5.9.1,2026-06-12 04:34:01,1
D0004893,U004220,Windows,星购App,5.9.1,2025-09-18 04:25:56,1
D0004894,U002891,Android,星购App,6.0.0,2025-02-09 10:39:40,1
D0004895,U001050,Android,星购App,5.8.0,2025-05-17 14:35:02,1
D0004896,U004101,Android,网页,5.8.0,2025-05-13 12:09:12,1
D0004897,U004820,iOS,星购App,5.8.0,2026-01-27 13:41:52,1
D0004898,U002091,iOS,网页,6.0.0,2026-05-23 10:42:51,1
D0004899,U000833,iOS,微信小程序,5.9.1,2025-12-06 22:47:56,1
D0004900,U003025,iOS,星购App,web,2026-05-04 10:29:36,1
D0004901,U002776,macOS,网页,5.8.0,2026-06-05 02:56:12,1
D0004902,U004926,Windows,星购App,5.8.0,2025-12-21 14:45:34,1
D0004903,U003783,Android,星购App,6.0.0,2026-03-06 01:59:42,1
D0004904,U003185,Android,星购App,5.8.0,2025-06-02 05:22:46,1
D0004905,U002450,Windows,星购App,5.9.1,2026-08-07 12:31:56,1
D0004906,U000534,Android,微信小程序,6.0.0,2025-11-21 17:11:41,1
D0004907,U003270,Android,微信小程序,6.0.0,2025-10-26 08:13:19,1
D0004908,U000847,Android,星购App,6.0.0,2026-05-27 23:30:24,1
D0004909,U002124,Android,微信小程序,5.9.1,2025-05-07 19:24:40,1
D0004910,U000369,iOS,微信小程序,5.8.0,2025-11-13 23:10:50,1
D0004911,U003641,iOS,星购App,5.9.1,2025-02-19 22:23:21,1
D0004912,U003008,iOS,微信小程序,5.9.1,2025-12-19 10:13:58,1
D0004913,U000543,Windows,星购App,5.8.0,2025-03-29 13:03:30,1
D0004914,U000824,Android,微信小程序,6.0.0,2026-05-25 23:45:19,1
D0004915,U003588,Android,网页,5.8.0,2026-02-18 05:07:08,1
D0004916,U003166,iOS,星购App,5.9.1,2026-05-10 18:38:51,1
D0004917,U000258,Android,星购App,5.8.0,2025-03-28 02:41:02,1
D0004918,U001467,iOS,星购App,5.9.1,2025-02-06 06:15:16,1
D0004919,U004576,iOS,微信小程序,6.0.0,2025-06-04 16:01:56,1
D0004920,U003139,Windows,星购App,5.8.0,2026-03-08 00:29:14,1
D0004921,U003588,Android,网页,web,2025-12-19 04:10:30,1
D0004922,U001288,Android,微信小程序,5.8.0,2025-08-19 23:13:34,1
D0004923,U003951,Android,微信小程序,6.0.0,2026-08-16 09:39:51,1
D0004924,U001316,Android,星购App,5.8.0,2025-10-21 08:29:35,1
D0004925,U000085,Android,星购App,6.0.0,2026-06-20 00:03:45,1
D0004926,U003868,macOS,星购App,6.0.0,2026-04-29 12:31:34,1
D0004927,U003867,Android,网页,6.0.0,2025-10-17 14:53:03,1
D0004928,U001534,Android,微信小程序,6.0.0,2025-02-19 15:28:33,1
D0004929,U003153,iOS,微信小程序,6.0.0,2026-03-03 02:20:48,1
D0004930,U001754,Android,星购App,5.8.0,2025-10-25 23:20:48,1
D0004931,U000977,iOS,网页,5.9.1,2025-08-23 11:57:31,1
D0004932,U000058,iOS,微信小程序,6.0.0,2025-09-24 01:12:08,1
D0004933,U004669,Android,星购App,5.9.1,2025-08-31 04:50:28,1
D0004934,U002527,Android,星购App,5.9.1,2026-06-18 12:34:06,1
D0004935,U003779,iOS,网页,5.9.1,2025-11-20 00:21:50,1
D0004936,U002691,Windows,微信小程序,5.9.1,2026-04-17 18:05:37,1
D0004937,U004016,iOS,星购App,5.9.1,2026-04-27 21:35:26,1
D0004938,U004334,Android,网页,5.8.0,2026-02-07 14:40:49,1
D0004939,U003047,Android,星购App,5.9.1,2025-01-08 06:19:09,1
D0004940,U003945,Windows,微信小程序,5.8.0,2026-05-20 04:14:14,1
D0004941,U000963,Android,微信小程序,6.0.0,2026-02-02 10:34:46,1
D0004942,U001151,Android,星购App,5.9.1,2026-08-20 03:30:14,1
D0004943,U000765,Android,星购App,6.0.0,2026-04-13 05:34:15,1
D0004944,U003129,Android,星购App,6.0.0,2025-03-05 14:18:22,1
D0004945,U003830,iOS,微信小程序,6.0.0,2025-08-29 18:33:37,1
D0004946,U003952,macOS,星购App,web,2025-02-26 15:22:20,1
D0004947,U002346,iOS,微信小程序,5.8.0,2026-07-16 03:56:20,1
D0004948,U003165,iOS,星购App,5.9.1,2026-06-04 15:43:37,1
D0004949,U004887,iOS,星购App,5.9.1,2026-03-05 17:02:24,1
D0004950,U003042,iOS,星购App,5.8.0,2026-03-12 19:43:41,1
D0004951,U004561,Android,星购App,5.8.0,2025-09-28 11:05:29,1
D0004952,U003459,Windows,星购App,6.0.0,2026-04-10 10:07:59,1
D0004953,U001382,Android,星购App,5.8.0,2025-01-05 06:57:51,1
D0004954,U004260,Android,网页,6.0.0,2025-08-19 23:49:34,1
D0004955,U002807,Android,星购App,5.9.1,2025-05-30 20:09:32,1
D0004956,U004976,Android,网页,5.9.1,2026-04-09 02:43:15,1
D0004957,U003884,Android,网页,5.9.1,2025-09-14 17:50:03,1
D0004958,U003052,Android,星购App,5.9.1,2025-12-04 12:38:49,1
D0004959,U001912,Android,星购App,6.0.0,2025-10-15 04:34:11,1
D0004960,U004234,Android,微信小程序,5.8.0,2025-05-21 23:51:33,1
D0004961,U002946,Windows,网页,6.0.0,2025-12-02 05:07:07,1
D0004962,U001875,Android,微信小程序,5.9.1,2025-09-09 05:33:39,1
D0004963,U001014,Android,星购App,web,2025-05-23 19:25:41,1
D0004964,U000355,macOS,微信小程序,5.9.1,2025-06-09 15:19:11,1
D0004965,U004326,Android,网页,6.0.0,2026-06-18 16:10:16,1
D0004966,U000384,Android,星购App,5.8.0,2025-12-22 06:45:38,1
D0004967,U003366,Android,星购App,6.0.0,2026-01-30 23:33:11,1
D0004968,U004825,Windows,微信小程序,6.0.0,2026-03-30 05:58:34,1
D0004969,U001743,iOS,星购App,6.0.0,2025-08-09 15:51:58,1
D0004970,U003601,Android,星购App,6.0.0,2026-06-29 05:00:15,1
D0004971,U004004,Android,网页,6.0.0,2025-04-08 01:08:48,1
D0004972,U000268,Android,星购App,5.8.0,2025-01-26 14:47:52,1
D0004973,U003237,Android,星购App,6.0.0,2026-08-22 00:09:24,1
D0004974,U004793,iOS,网页,5.9.1,2025-10-10 12:36:28,1
D0004975,U004879,Windows,微信小程序,5.8.0,2025-07-30 18:33:56,1
D0004976,U002758,iOS,星购App,5.9.1,2025-04-02 16:26:07,1
D0004977,U003402,iOS,微信小程序,web,2025-05-17 13:33:03,1
D0004978,U003346,Android,星购App,5.8.0,2025-10-19 14:11:24,1
D0004979,U000576,iOS,网页,6.0.0,2025-01-04 09:30:58,1
D0004980,U001414,iOS,网页,5.8.0,2026-03-03 20:57:02,1
D0004981,U004986,Windows,星购App,6.0.0,2025-11-25 07:19:05,1
D0004982,U002815,Android,星购App,5.8.0,2026-07-04 04:05:26,1
D0004983,U002313,Android,微信小程序,6.0.0,2025-03-07 16:08:31,1
D0004984,U000560,iOS,星购App,6.0.0,2025-06-09 04:30:23,1
D0004985,U001224,Android,微信小程序,5.9.1,2026-01-06 22:14:23,1
D0004986,U003858,Android,星购App,5.8.0,2026-08-18 07:36:44,1
D0004987,U004912,Android,微信小程序,web,2025-04-29 00:03:44,1
D0004988,U004781,Android,星购App,6.0.0,2026-02-04 06:41:27,1
D0004989,U002020,Windows,星购App,5.9.1,2026-01-08 15:56:04,1
D0004990,U003156,Android,微信小程序,5.9.1,2026-03-23 09:47:09,1
D0004991,U001210,Android,星购App,5.9.1,2026-02-15 19:49:14,1
D0004992,U000645,iOS,星购App,6.0.0,2026-03-28 01:51:42,1
D0004993,U003225,iOS,星购App,5.9.1,2025-01-14 14:40:23,1
D0004994,U002235,Android,星购App,5.9.1,2025-08-27 06:14:31,1
D0004995,U004313,Android,星购App,web,2026-06-15 11:18:19,1
D0004996,U000560,iOS,星购App,web,2025-01-12 19:41:47,1
D0004997,U003015,Android,星购App,6.0.0,2025-06-07 07:30:45,1
D0004998,U003433,iOS,星购App,5.8.0,2026-02-20 16:29:40,1
D0004999,U001431,iOS,微信小程序,5.9.1,2026-04-07 02:49:24,1
D0005000,U001770,macOS,星购App,5.9.1,2025-04-05 11:37:09,1
D0005001,U000086,iOS,微信小程序,5.9.1,2025-03-30 04:56:28,1
D0005002,U000284,Windows,星购App,web,2025-07-18 00:39:54,1
D0005003,U003988,iOS,星购App,6.0.0,2025-10-29 03:18:24,1
D0005004,U002658,Android,星购App,5.8.0,2025-12-05 09:51:05,1
D0005005,U001254,macOS,星购App,5.9.1,2025-09-14 15:46:21,1
D0005006,U002652,Android,星购App,6.0.0,2025-06-28 08:40:34,1
D0005007,U003801,Android,微信小程序,6.0.0,2026-02-25 05:41:06,1
D0005008,U003789,iOS,微信小程序,5.8.0,2026-06-09 06:46:16,1
D0005009,U001585,Android,微信小程序,web,2025-01-31 11:58:24,1
D0005010,U004979,Android,星购App,5.9.1,2025-04-22 19:58:53,1
D0005011,U001275,Android,星购App,5.8.0,2026-04-26 01:11:06,1
D0005012,U001817,Android,星购App,5.8.0,2026-06-13 10:54:02,1
D0005013,U001719,iOS,星购App,6.0.0,2025-03-28 07:15:26,1
D0005014,U002357,iOS,微信小程序,6.0.0,2026-05-25 08:45:48,1
D0005015,U000216,iOS,微信小程序,web,2025-08-24 10:12:48,1
D0005016,U000028,Android,星购App,6.0.0,2025-02-21 10:09:19,1
D0005017,U000787,Android,星购App,5.9.1,2026-01-30 22:40:27,1
D0005018,U004991,Android,网页,6.0.0,2026-02-02 10:55:43,1
D0005019,U001391,Android,星购App,web,2026-05-25 21:06:54,1
D0005020,U001595,iOS,星购App,6.0.0,2025-01-01 11:36:20,1
D0005021,U000063,macOS,星购App,6.0.0,2025-02-06 18:45:02,1
D0005022,U003343,Android,微信小程序,web,2026-03-23 04:03:39,1
D0005023,U000093,Android,星购App,6.0.0,2025-11-26 22:42:08,1
D0005024,U000382,Android,星购App,6.0.0,2025-11-18 14:52:25,1
D0005025,U001654,Android,星购App,6.0.0,2025-12-26 22:34:57,1
D0005026,U000655,Windows,星购App,5.8.0,2025-09-10 07:07:00,1
D0005027,U001353,Windows,星购App,5.9.1,2026-02-13 18:12:11,1
D0005028,U004297,Android,微信小程序,5.8.0,2025-01-08 13:36:34,1
D0005029,U004845,macOS,星购App,web,2025-03-28 21:46:09,1
D0005030,U001799,Android,网页,5.8.0,2026-06-28 15:21:41,1
D0005031,U001477,Android,星购App,5.9.1,2025-06-18 17:18:04,1
D0005032,U004355,Android,网页,5.9.1,2026-07-09 17:55:19,1
D0005033,U003981,Android,微信小程序,5.9.1,2025-06-16 02:06:43,1
D0005034,U003253,Android,星购App,5.8.0,2025-09-01 00:22:35,1
D0005035,U004926,Android,星购App,5.9.1,2026-07-11 14:36:03,1
D0005036,U003984,Windows,网页,5.9.1,2026-05-04 20:43:03,1
D0005037,U004021,iOS,星购App,6.0.0,2026-07-30 08:56:15,1
D0005038,U003313,macOS,星购App,6.0.0,2025-04-22 02:06:21,1
D0005039,U000931,Windows,星购App,5.9.1,2025-08-19 16:04:38,1
D0005040,U000759,Android,网页,6.0.0,2026-03-04 01:30:06,1
D0005041,U000381,Android,星购App,6.0.0,2026-01-31 13:54:29,1
D0005042,U002918,iOS,星购App,5.9.1,2025-11-11 21:27:26,1
D0005043,U001666,Android,微信小程序,5.9.1,2026-05-30 22:10:24,1
D0005044,U000194,iOS,星购App,5.9.1,2025-06-07 23:02:58,1
D0005045,U001844,iOS,微信小程序,6.0.0,2026-07-25 00:24:47,1
D0005046,U000645,iOS,星购App,5.9.1,2026-04-30 07:55:53,1
D0005047,U003116,Android,星购App,5.9.1,2025-11-19 22:14:30,1
D0005048,U004658,Android,星购App,5.8.0,2025-07-22 11:26:45,1
D0005049,U002494,Android,星购App,6.0.0,2025-07-17 00:22:05,1
D0005050,U000756,iOS,星购App,5.9.1,2025-11-27 17:09:27,1
D0005051,U003879,iOS,星购App,6.0.0,2026-06-29 18:56:14,1
D0005052,U004218,Android,微信小程序,5.8.0,2025-07-01 08:02:45,1
D0005053,U004306,Android,星购App,6.0.0,2025-07-23 09:35:01,1
D0005054,U002530,Android,星购App,5.8.0,2025-12-31 06:55:15,1
D0005055,U000015,iOS,网页,6.0.0,2025-08-06 14:27:48,1
D0005056,U001992,iOS,微信小程序,5.8.0,2025-12-24 08:05:44,1
D0005057,U004169,Android,微信小程序,5.8.0,2026-02-11 12:17:51,1
D0005058,U002127,Android,星购App,5.9.1,2026-03-17 09:05:35,1
D0005059,U002040,iOS,星购App,5.8.0,2025-09-06 18:25:15,1
D0005060,U000664,Android,星购App,6.0.0,2025-04-26 21:25:59,1
D0005061,U003396,iOS,星购App,6.0.0,2026-01-07 19:23:55,1
D0005062,U000006,Windows,星购App,6.0.0,2026-07-20 07:51:34,1
D0005063,U001099,iOS,星购App,5.9.1,2025-09-15 03:51:31,1
D0005064,U004075,Windows,星购App,5.8.0,2025-02-20 14:29:43,1
D0005065,U000398,iOS,网页,web,2026-04-13 09:18:32,1
D0005066,U000997,Android,微信小程序,5.8.0,2026-05-08 22:50:36,1
D0005067,U003400,Android,星购App,5.8.0,2025-08-04 13:41:35,1
D0005068,U003429,Android,星购App,5.9.1,2025-12-20 18:35:57,1
D0005069,U002520,Android,星购App,6.0.0,2026-03-19 16:50:20,1
D0005070,U000514,Windows,网页,5.8.0,2025-09-02 03:01:10,1
D0005071,U002698,iOS,星购App,5.8.0,2025-08-16 15:47:03,1
D0005072,U002881,Android,微信小程序,5.9.1,2025-04-16 00:44:37,1
D0005073,U001024,iOS,星购App,5.8.0,2026-03-19 18:29:19,1
D0005074,U000628,Windows,星购App,5.8.0,2026-07-08 12:04:35,1
D0005075,U002680,Android,星购App,5.9.1,2025-12-16 10:47:44,1
D0005076,U002715,iOS,微信小程序,5.9.1,2026-07-15 22:49:04,1
D0005077,U002704,iOS,星购App,6.0.0,2026-07-21 15:54:15,1
D0005078,U000012,Windows,微信小程序,6.0.0,2026-07-31 22:04:36,1
D0005079,U001017,Android,星购App,5.8.0,2025-04-23 12:24:06,1
D0005080,U003388,Android,星购App,6.0.0,2025-06-02 22:03:56,1
D0005081,U002591,Android,星购App,6.0.0,2025-05-31 13:17:21,1
D0005082,U003636,iOS,微信小程序,5.9.1,2026-01-02 15:33:01,1
D0005083,U003607,Android,星购App,6.0.0,2025-01-01 12:27:15,1
D0005084,U002948,Android,星购App,5.9.1,2025-07-22 12:31:52,1
D0005085,U002136,macOS,网页,6.0.0,2025-10-08 00:34:03,1
D0005086,U003256,iOS,星购App,web,2025-07-04 02:27:23,1
D0005087,U001971,Android,星购App,6.0.0,2025-01-10 06:41:52,1
D0005088,U003152,Android,微信小程序,5.9.1,2025-08-12 21:15:48,1
D0005089,U001117,iOS,星购App,5.9.1,2025-01-07 12:28:04,1
D0005090,U002308,iOS,网页,5.9.1,2025-11-15 18:29:51,1
D0005091,U003755,Android,星购App,5.8.0,2025-10-03 14:09:24,1
D0005092,U000796,Windows,网页,5.8.0,2025-09-09 23:59:51,1
D0005093,U000612,Windows,星购App,5.9.1,2026-04-06 06:56:52,1
D0005094,U002431,Android,微信小程序,6.0.0,2025-10-29 10:56:58,1
D0005095,U003326,iOS,星购App,6.0.0,2025-07-12 10:51:37,1
D0005096,U004472,iOS,星购App,5.9.1,2025-03-02 04:20:46,1
D0005097,U000654,iOS,网页,5.8.0,2025-11-30 23:33:26,1
D0005098,U000591,Android,网页,6.0.0,2025-11-01 15:14:16,1
D0005099,U001233,iOS,微信小程序,5.9.1,2025-06-18 03:01:08,1
D0005100,U002725,macOS,微信小程序,5.9.1,2026-02-16 09:40:21,1
D0005101,U003170,iOS,星购App,6.0.0,2025-12-22 03:19:48,1
D0005102,U002015,iOS,星购App,5.8.0,2025-08-02 00:14:12,1
D0005103,U004703,iOS,星购App,5.8.0,2025-04-14 09:26:10,1
D0005104,U001015,iOS,星购App,5.8.0,2025-06-08 09:01:01,1
D0005105,U004888,Android,微信小程序,5.8.0,2025-12-11 09:05:53,1
D0005106,U003536,Android,星购App,6.0.0,2025-06-18 18:14:59,1
D0005107,U003009,iOS,网页,5.9.1,2025-10-23 10:59:06,1
D0005108,U004588,iOS,微信小程序,5.9.1,2025-11-07 19:14:06,1
D0005109,U003891,Android,星购App,5.9.1,2025-06-20 14:19:03,1
D0005110,U000849,iOS,星购App,web,2025-10-15 10:20:29,1
D0005111,U001039,Android,星购App,5.8.0,2026-06-02 15:40:48,1
D0005112,U003320,Android,微信小程序,web,2026-05-05 06:59:28,1
D0005113,U004833,iOS,星购App,5.9.1,2025-06-19 15:08:11,1
D0005114,U002634,Android,星购App,5.8.0,2026-02-19 22:58:51,1
D0005115,U000764,iOS,星购App,5.9.1,2025-06-20 21:02:57,1
D0005116,U004504,Android,星购App,5.9.1,2026-07-27 10:48:18,1
D0005117,U000091,Android,星购App,5.9.1,2026-07-23 14:50:28,1
D0005118,U002272,Windows,星购App,6.0.0,2025-09-23 17:10:52,1
D0005119,U001887,Android,星购App,6.0.0,2026-08-21 17:59:36,1
D0005120,U002189,iOS,星购App,6.0.0,2026-06-15 16:12:18,1
D0005121,U001984,Android,微信小程序,6.0.0,2025-01-14 07:32:32,1
D0005122,U001884,Android,星购App,5.9.1,2026-05-10 10:40:51,1
D0005123,U003957,Android,星购App,5.9.1,2025-11-04 07:43:25,1
D0005124,U000090,Android,星购App,5.9.1,2026-07-28 10:05:54,1
D0005125,U000788,Android,网页,5.9.1,2026-06-12 04:15:04,1
D0005126,U003286,iOS,星购App,6.0.0,2025-05-23 13:44:19,1
D0005127,U001008,Android,星购App,5.9.1,2026-03-10 09:04:57,1
D0005128,U001371,Windows,星购App,6.0.0,2025-09-24 09:01:59,1
D0005129,U002939,Android,网页,6.0.0,2026-07-07 04:01:39,1
D0005130,U001668,Android,星购App,5.9.1,2026-05-03 00:41:46,1
D0005131,U002582,macOS,星购App,5.8.0,2025-02-27 14:55:13,1
D0005132,U002487,iOS,星购App,5.9.1,2025-10-14 02:28:12,1
D0005133,U004289,Android,网页,6.0.0,2025-01-10 19:41:42,1
D0005134,U002667,iOS,星购App,5.9.1,2025-11-06 04:31:31,1
D0005135,U000885,Android,星购App,6.0.0,2025-04-30 23:50:42,1
D0005136,U002707,macOS,星购App,5.8.0,2026-06-16 00:48:55,1
D0005137,U003813,Android,星购App,web,2026-02-13 03:34:05,1
D0005138,U004554,Android,微信小程序,5.9.1,2026-04-20 00:01:10,1
D0005139,U001521,Android,星购App,5.9.1,2025-08-14 19:36:37,1
D0005140,U002504,Android,微信小程序,6.0.0,2025-12-10 19:00:20,1
D0005141,U003890,iOS,微信小程序,5.8.0,2026-02-23 15:53:21,1
D0005142,U003200,iOS,星购App,web,2026-01-31 00:13:18,1
D0005143,U001043,Android,星购App,5.9.1,2025-12-29 20:12:37,1
D0005144,U002411,iOS,微信小程序,6.0.0,2025-07-08 22:52:23,1
D0005145,U002831,Android,星购App,5.9.1,2026-08-15 16:37:52,1
D0005146,U000750,Android,星购App,web,2025-11-09 20:00:18,1
D0005147,U000958,iOS,星购App,web,2026-03-12 15:37:01,1
D0005148,U001540,iOS,星购App,6.0.0,2025-08-31 20:11:01,1
D0005149,U004689,Android,微信小程序,5.9.1,2025-02-16 09:46:38,1
D0005150,U004962,Android,星购App,6.0.0,2026-01-11 04:24:43,1
D0005151,U003538,Android,星购App,5.9.1,2026-06-25 20:26:45,1
D0005152,U002529,Android,星购App,6.0.0,2025-10-25 17:47:41,1
D0005153,U002666,Windows,微信小程序,5.9.1,2025-07-09 05:46:46,1
D0005154,U003432,Windows,星购App,6.0.0,2025-07-18 12:29:36,1
D0005155,U004551,iOS,网页,6.0.0,2025-08-19 05:43:45,1
D0005156,U002030,Android,微信小程序,5.9.1,2025-04-20 17:16:33,1
D0005157,U001150,Windows,星购App,5.9.1,2025-12-10 15:14:11,1
D0005158,U004791,Android,微信小程序,web,2026-02-20 12:34:07,1
D0005159,U000098,macOS,微信小程序,6.0.0,2025-08-01 12:20:56,1
D0005160,U004751,macOS,星购App,6.0.0,2025-11-01 00:05:35,1
D0005161,U000698,Android,星购App,5.9.1,2026-05-24 20:27:04,1
D0005162,U004432,Android,星购App,6.0.0,2025-03-11 04:11:51,1
D0005163,U002967,Android,星购App,5.8.0,2025-12-15 17:05:18,1
D0005164,U002985,Android,网页,5.8.0,2026-07-03 19:56:36,1
D0005165,U002923,iOS,网页,5.9.1,2025-04-14 09:54:11,1
D0005166,U000661,Windows,星购App,5.9.1,2025-08-12 09:22:52,1
D0005167,U002449,Windows,星购App,5.9.1,2025-08-22 13:25:14,1
D0005168,U000578,Windows,星购App,5.9.1,2025-07-23 08:24:51,1
D0005169,U004211,macOS,星购App,6.0.0,2026-04-21 04:53:53,1
D0005170,U001536,iOS,星购App,6.0.0,2025-09-07 02:22:23,1
D0005171,U003722,iOS,星购App,web,2025-12-16 12:56:26,1
D0005172,U003691,Android,星购App,5.8.0,2026-06-16 17:59:23,1
D0005173,U000943,Android,网页,web,2025-07-11 02:53:04,1
D0005174,U002642,Android,网页,6.0.0,2025-01-07 04:17:39,1
D0005175,U002578,iOS,网页,5.9.1,2025-01-16 18:07:14,1
D0005176,U000969,iOS,星购App,5.8.0,2026-08-20 16:05:17,1
D0005177,U004458,Windows,星购App,5.8.0,2025-01-31 13:05:54,1
D0005178,U002106,iOS,星购App,5.8.0,2026-03-06 13:38:29,1
D0005179,U004592,Windows,星购App,5.9.1,2025-01-13 01:58:02,1
D0005180,U004780,Android,星购App,6.0.0,2026-02-07 08:30:46,1
D0005181,U000648,iOS,微信小程序,6.0.0,2025-01-25 00:26:32,1
D0005182,U002389,iOS,星购App,6.0.0,2025-12-04 03:02:44,1
D0005183,U001347,Android,星购App,6.0.0,2026-04-28 17:38:45,1
D0005184,U003866,iOS,星购App,5.9.1,2025-06-17 03:28:04,1
D0005185,U000977,Android,星购App,5.9.1,2025-09-29 11:48:51,1
D0005186,U000666,iOS,网页,5.9.1,2026-01-09 14:26:24,1
D0005187,U001259,Windows,星购App,5.9.1,2026-02-17 17:19:09,1
D0005188,U003315,Android,星购App,5.9.1,2026-03-03 18:01:13,1
D0005189,U001704,Android,星购App,web,2025-07-17 15:51:55,1
D0005190,U003471,iOS,星购App,5.9.1,2026-02-05 02:19:59,1
D0005191,U004354,iOS,星购App,5.8.0,2025-01-08 22:19:38,1
D0005192,U002811,iOS,星购App,5.8.0,2025-08-15 14:20:18,1
D0005193,U001705,Android,微信小程序,6.0.0,2026-02-11 22:27:17,1
D0005194,U003143,Windows,星购App,5.9.1,2025-07-27 23:59:38,1
D0005195,U000341,Android,星购App,6.0.0,2025-10-22 01:29:43,1
D0005196,U002889,Android,星购App,5.8.0,2025-07-16 05:19:17,1
D0005197,U003565,Android,网页,6.0.0,2026-03-14 06:30:01,1
D0005198,U003767,Android,星购App,6.0.0,2026-05-12 16:49:09,1
D0005199,U001088,iOS,星购App,6.0.0,2026-07-11 22:02:31,1
D0005200,U001130,Windows,星购App,5.9.1,2025-06-25 22:13:59,1
D0005201,U001725,Android,网页,5.8.0,2025-12-23 05:34:24,1
D0005202,U003271,Android,微信小程序,5.8.0,2025-02-24 23:52:21,1
D0005203,U004709,Android,星购App,web,2026-08-09 00:35:40,1
D0005204,U001517,iOS,微信小程序,web,2025-01-27 22:50:00,1
D0005205,U000333,iOS,星购App,5.9.1,2026-01-30 06:16:43,1
D0005206,U004367,Windows,星购App,6.0.0,2025-08-13 10:56:00,1
D0005207,U003673,Windows,星购App,6.0.0,2026-07-17 11:14:17,1
D0005208,U003902,iOS,星购App,web,2025-03-09 05:26:43,1
D0005209,U004297,iOS,微信小程序,5.9.1,2026-08-06 04:55:23,1
D0005210,U004985,iOS,星购App,web,2025-03-14 00:47:49,1
D0005211,U001896,Windows,星购App,5.9.1,2026-05-17 06:41:06,1
D0005212,U001020,Android,微信小程序,5.8.0,2025-11-21 02:05:28,1
D0005213,U001809,Android,微信小程序,web,2025-12-18 07:04:56,1
D0005214,U000918,iOS,网页,6.0.0,2026-03-22 20:35:00,1
D0005215,U002488,Windows,星购App,5.9.1,2026-03-09 02:06:45,1
D0005216,U004306,Android,星购App,6.0.0,2025-09-20 18:35:45,1
D0005217,U003267,Windows,星购App,6.0.0,2025-12-17 02:38:53,1
D0005218,U000564,Android,微信小程序,web,2025-10-16 23:12:10,1
D0005219,U002148,Android,星购App,6.0.0,2025-09-11 17:05:20,1
D0005220,U000630,iOS,星购App,web,2026-01-26 08:15:07,1
D0005221,U000554,Android,网页,6.0.0,2025-03-03 10:32:36,1
D0005222,U003598,iOS,星购App,6.0.0,2025-06-02 17:49:51,1
D0005223,U003732,iOS,微信小程序,web,2025-03-02 11:44:58,1
D0005224,U002898,iOS,网页,5.9.1,2026-03-24 14:31:05,1
D0005225,U000366,Windows,星购App,6.0.0,2025-01-01 12:16:00,1
D0005226,U004098,Windows,星购App,6.0.0,2026-06-08 12:31:31,1
D0005227,U003919,Windows,星购App,5.9.1,2025-04-10 14:18:58,1
D0005228,U002946,Android,微信小程序,5.9.1,2026-05-11 04:53:25,1
D0005229,U000013,Android,微信小程序,5.8.0,2025-12-04 21:53:54,1
D0005230,U004599,Android,微信小程序,6.0.0,2026-01-17 11:32:38,1
D0005231,U004598,iOS,星购App,5.9.1,2025-05-20 15:37:05,1
D0005232,U004397,Android,星购App,6.0.0,2025-10-13 00:34:25,1
D0005233,U004294,iOS,网页,web,2026-01-06 04:12:46,1
D0005234,U003756,Android,星购App,6.0.0,2025-12-13 03:16:25,1
D0005235,U001700,Android,星购App,5.9.1,2025-11-12 03:02:55,1
D0005236,U002054,iOS,星购App,5.9.1,2025-06-20 16:23:27,1
D0005237,U004993,Android,星购App,5.9.1,2026-02-19 21:24:43,1
D0005238,U002734,Android,星购App,6.0.0,2025-07-03 12:22:58,1
D0005239,U004513,Windows,星购App,5.8.0,2025-03-06 05:22:22,1
D0005240,U004422,Windows,星购App,5.9.1,2025-05-07 23:30:49,1
D0005241,U004607,iOS,星购App,5.8.0,2026-06-13 00:01:02,1
D0005242,U000378,Android,网页,5.8.0,2025-12-15 11:42:08,1
D0005243,U002065,Android,星购App,5.9.1,2025-02-19 09:47:32,1
D0005244,U004986,iOS,微信小程序,5.9.1,2026-07-13 15:36:17,1
D0005245,U000145,Windows,微信小程序,6.0.0,2026-02-22 20:57:31,1
D0005246,U003258,iOS,星购App,5.8.0,2025-09-13 19:04:36,1
D0005247,U003707,Android,微信小程序,6.0.0,2026-07-27 13:42:13,1
D0005248,U004674,iOS,星购App,6.0.0,2026-02-14 22:08:43,1
D0005249,U004614,Android,微信小程序,6.0.0,2025-02-27 08:56:11,1
D0005250,U000413,iOS,微信小程序,5.8.0,2025-02-17 17:15:55,1
D0005251,U004693,Android,星购App,6.0.0,2025-09-14 14:45:16,1
D0005252,U002043,iOS,星购App,5.8.0,2025-01-13 22:52:22,1
D0005253,U000625,iOS,星购App,5.9.1,2025-03-13 16:41:44,1
D0005254,U002223,iOS,星购App,5.9.1,2025-08-15 10:51:44,1
D0005255,U001322,iOS,星购App,6.0.0,2025-12-14 07:36:53,1
D0005256,U000431,Android,星购App,6.0.0,2026-07-20 00:34:50,1
D0005257,U004950,iOS,网页,5.8.0,2026-06-04 10:33:35,1
D0005258,U003614,iOS,网页,web,2025-01-13 20:01:24,1
D0005259,U000193,Windows,微信小程序,5.9.1,2025-02-23 14:23:27,1
D0005260,U001415,Android,网页,6.0.0,2025-10-06 19:06:05,1
D0005261,U003075,iOS,星购App,5.8.0,2025-02-14 08:05:02,1
D0005262,U003844,iOS,星购App,5.8.0,2025-10-24 15:52:41,1
D0005263,U002459,Android,星购App,5.8.0,2026-02-26 05:17:43,1
D0005264,U004531,Android,微信小程序,5.9.1,2026-07-10 03:25:21,1
D0005265,U003714,iOS,星购App,6.0.0,2025-10-03 20:33:17,1
D0005266,U000683,iOS,星购App,5.9.1,2025-09-30 03:23:24,1
D0005267,U003113,iOS,星购App,5.8.0,2025-06-06 21:15:36,1
D0005268,U002626,Android,星购App,web,2025-07-25 13:01:15,1
D0005269,U000758,Android,星购App,5.9.1,2025-07-18 21:08:26,1
D0005270,U004610,Android,星购App,5.8.0,2025-04-23 01:33:48,1
D0005271,U000668,iOS,星购App,5.9.1,2025-08-19 11:09:19,1
D0005272,U002630,iOS,网页,6.0.0,2025-12-15 17:02:14,1
D0005273,U003896,iOS,星购App,6.0.0,2026-03-04 19:31:16,1
D0005274,U001661,iOS,微信小程序,5.9.1,2026-05-19 00:50:42,1
D0005275,U002663,Android,网页,web,2025-08-23 08:03:24,1
D0005276,U002071,iOS,网页,web,2025-03-28 08:01:45,1
D0005277,U000206,iOS,星购App,5.8.0,2025-12-05 08:26:49,1
D0005278,U001370,Android,微信小程序,6.0.0,2025-10-06 23:02:29,1
D0005279,U003680,Windows,微信小程序,5.9.1,2025-09-15 14:46:10,1
D0005280,U002530,Android,网页,5.8.0,2026-04-26 16:33:48,1
D0005281,U002028,Android,网页,5.8.0,2025-04-24 11:30:55,1
D0005282,U003449,Windows,星购App,5.8.0,2025-03-25 03:44:52,1
D0005283,U001857,Android,星购App,5.9.1,2026-05-28 20:16:12,1
D0005284,U000720,Android,星购App,5.9.1,2025-01-22 03:10:42,1
D0005285,U002865,iOS,网页,web,2025-05-09 15:26:21,1
D0005286,U002600,Android,星购App,5.9.1,2025-03-26 05:35:28,1
D0005287,U002316,iOS,微信小程序,5.9.1,2026-08-21 08:47:21,1
D0005288,U000031,iOS,微信小程序,web,2025-06-22 23:28:28,1
D0005289,U002553,Android,星购App,6.0.0,2025-09-03 23:57:04,1
D0005290,U002411,Android,星购App,5.9.1,2025-02-09 00:02:47,1
D0005291,U004459,Android,星购App,6.0.0,2026-05-01 01:29:49,1
D0005292,U000198,iOS,星购App,5.9.1,2025-08-27 02:38:52,1
D0005293,U004599,Windows,星购App,5.8.0,2025-11-18 18:14:32,1
D0005294,U002115,Android,星购App,5.8.0,2025-05-26 23:12:03,1
D0005295,U002305,Android,微信小程序,5.9.1,2025-10-16 03:27:46,1
D0005296,U003489,iOS,网页,6.0.0,2025-07-13 12:16:34,1
D0005297,U003275,Windows,微信小程序,5.8.0,2025-10-29 14:51:19,1
D0005298,U003286,iOS,网页,6.0.0,2026-07-11 19:40:58,1
D0005299,U003200,Android,星购App,6.0.0,2026-06-18 04:33:33,1
D0005300,U002398,Android,星购App,5.8.0,2025-07-19 05:47:26,1
D0005301,U001660,Windows,星购App,6.0.0,2025-01-08 19:59:02,1
D0005302,U001375,Android,星购App,5.8.0,2025-11-19 07:53:07,1
D0005303,U003308,Android,星购App,5.9.1,2026-04-24 11:43:36,1
D0005304,U004889,Android,星购App,5.9.1,2025-01-09 21:05:13,1
D0005305,U003572,Windows,星购App,6.0.0,2025-08-09 05:50:33,1
D0005306,U001166,iOS,星购App,5.8.0,2025-02-05 06:23:25,1
D0005307,U001456,Android,星购App,web,2025-10-07 18:14:10,1
D0005308,U003009,iOS,网页,5.8.0,2025-09-07 03:16:24,1
D0005309,U004169,Android,微信小程序,5.8.0,2025-02-28 03:51:07,1
D0005310,U002587,iOS,星购App,5.9.1,2026-08-12 03:32:18,1
D0005311,U001898,Android,星购App,5.9.1,2025-03-18 15:15:13,1
D0005312,U003492,Android,星购App,6.0.0,2026-07-26 22:16:50,1
D0005313,U001751,Android,微信小程序,5.8.0,2025-01-12 01:15:27,1
D0005314,U000140,Android,星购App,6.0.0,2026-04-15 10:50:31,1
D0005315,U004261,Android,星购App,5.8.0,2025-09-21 06:58:57,1
D0005316,U004914,iOS,微信小程序,5.9.1,2025-01-08 21:55:05,1
D0005317,U000744,iOS,星购App,web,2026-07-24 13:33:47,1
D0005318,U000956,iOS,微信小程序,6.0.0,2026-04-13 21:21:45,1
D0005319,U002940,Windows,星购App,6.0.0,2026-06-21 16:08:37,1
D0005320,U000293,Android,星购App,5.9.1,2025-01-21 19:23:37,1
D0005321,U001385,Android,星购App,5.9.1,2026-07-15 11:14:39,1
D0005322,U004836,iOS,微信小程序,6.0.0,2025-04-25 08:25:27,1
D0005323,U002913,Android,网页,web,2025-11-21 23:47:21,1
D0005324,U000305,macOS,星购App,5.8.0,2025-10-13 21:43:44,1
D0005325,U002877,Windows,星购App,5.9.1,2026-08-03 16:53:04,1
D0005326,U000798,iOS,星购App,6.0.0,2025-07-19 16:31:18,1
D0005327,U002593,iOS,星购App,5.8.0,2025-10-14 00:48:20,1
D0005328,U001769,Android,微信小程序,6.0.0,2025-09-07 17:15:05,1
D0005329,U001880,Windows,星购App,5.9.1,2025-11-07 01:19:17,1
D0005330,U004769,Android,微信小程序,6.0.0,2026-06-24 08:51:21,1
D0005331,U001329,Android,星购App,5.8.0,2025-05-04 21:27:45,1
D0005332,U000053,Android,星购App,6.0.0,2026-06-17 03:39:15,1
D0005333,U001492,Windows,网页,5.9.1,2026-06-19 02:32:34,1
D0005334,U002654,iOS,微信小程序,6.0.0,2025-01-17 12:46:35,1
D0005335,U002581,iOS,星购App,6.0.0,2026-03-16 18:51:56,1
D0005336,U001766,Android,星购App,6.0.0,2026-04-07 01:39:58,1
D0005337,U003158,Android,微信小程序,5.9.1,2025-02-19 04:33:01,1
D0005338,U003572,Android,微信小程序,6.0.0,2025-09-28 04:15:16,1
D0005339,U000079,Android,星购App,5.8.0,2025-12-18 19:07:39,1
D0005340,U001878,Android,星购App,5.9.1,2025-05-14 05:44:58,1
D0005341,U001642,Android,星购App,5.9.1,2026-01-23 21:59:41,1
D0005342,U004686,Android,星购App,6.0.0,2026-03-10 10:09:29,1
D0005343,U004306,Android,星购App,6.0.0,2025-01-09 04:32:54,1
D0005344,U003132,macOS,星购App,6.0.0,2025-11-14 02:34:28,1
D0005345,U003336,Windows,星购App,5.8.0,2026-06-28 00:10:42,1
D0005346,U000809,macOS,星购App,web,2025-07-29 04:53:07,1
D0005347,U001301,Windows,微信小程序,6.0.0,2025-03-29 19:24:30,1
D0005348,U003887,Windows,网页,5.8.0,2026-02-05 20:52:07,1
D0005349,U004011,Windows,网页,6.0.0,2026-08-16 01:21:18,1
D0005350,U001999,iOS,星购App,6.0.0,2025-10-05 16:43:38,1
D0005351,U001437,Android,星购App,5.9.1,2026-06-24 09:46:24,1
D0005352,U004103,iOS,网页,6.0.0,2025-09-08 04:08:32,1
D0005353,U001343,Android,微信小程序,5.9.1,2025-06-26 01:01:16,1
D0005354,U001975,Android,星购App,6.0.0,2025-06-24 13:38:07,1
D0005355,U003531,Android,星购App,5.9.1,2026-08-17 09:19:25,1
D0005356,U001467,iOS,星购App,5.9.1,2025-10-30 17:05:24,1
D0005357,U004967,iOS,星购App,6.0.0,2025-01-21 02:09:31,1
D0005358,U001960,Windows,星购App,6.0.0,2025-11-16 08:18:07,1
D0005359,U004018,Android,网页,web,2025-04-10 00:46:22,1
D0005360,U004875,macOS,星购App,6.0.0,2025-08-13 01:23:35,1
D0005361,U001097,iOS,星购App,5.8.0,2025-09-27 19:08:43,1
D0005362,U004997,Android,星购App,web,2025-10-09 15:06:27,1
D0005363,U003591,iOS,星购App,web,2025-12-29 15:21:04,1
D0005364,U000904,iOS,星购App,5.8.0,2025-07-24 23:38:53,1
D0005365,U001016,Android,星购App,5.9.1,2025-08-12 22:57:25,1
D0005366,U001328,Android,星购App,web,2026-07-28 21:03:19,1
D0005367,U002947,Android,微信小程序,5.9.1,2025-06-04 20:44:15,1
D0005368,U003578,Windows,网页,5.8.0,2025-02-16 03:52:25,1
D0005369,U001015,Android,网页,5.8.0,2025-04-06 05:35:18,1
D0005370,U001108,Android,星购App,5.8.0,2025-01-17 15:48:59,1
D0005371,U000451,iOS,星购App,5.9.1,2025-09-07 19:29:11,1
D0005372,U002761,Android,星购App,6.0.0,2025-08-26 10:07:10,1
D0005373,U003073,iOS,星购App,6.0.0,2025-08-31 23:14:11,1
D0005374,U003341,Android,星购App,5.9.1,2025-01-09 00:37:50,1
D0005375,U003505,iOS,星购App,6.0.0,2025-10-04 08:44:54,1
D0005376,U003519,Windows,星购App,5.9.1,2025-11-25 01:14:02,1
D0005377,U003796,Android,星购App,5.8.0,2026-08-16 02:16:09,1
D0005378,U000320,iOS,星购App,5.8.0,2026-05-22 22:08:05,1
D0005379,U002764,iOS,星购App,5.9.1,2026-02-01 22:31:07,1
D0005380,U002138,iOS,星购App,6.0.0,2025-05-17 20:10:38,1
D0005381,U003651,Android,星购App,5.8.0,2025-01-29 09:17:47,1
D0005382,U001818,Android,星购App,6.0.0,2026-02-06 06:06:05,1
D0005383,U003536,iOS,星购App,6.0.0,2025-05-01 06:23:49,1
D0005384,U000438,iOS,星购App,6.0.0,2026-05-12 22:43:21,1
D0005385,U004928,Android,网页,5.8.0,2025-03-30 18:34:09,1
D0005386,U003482,Android,微信小程序,5.8.0,2025-04-09 04:05:48,1
D0005387,U000503,Windows,星购App,6.0.0,2026-03-09 10:49:16,1
D0005388,U003979,Android,网页,5.9.1,2025-02-12 21:56:04,1
D0005389,U004166,Windows,星购App,5.8.0,2025-05-31 09:07:33,1
D0005390,U004511,Android,星购App,5.8.0,2026-07-13 21:17:02,1
D0005391,U004966,Windows,星购App,5.9.1,2025-05-13 13:16:36,1
D0005392,U001987,Windows,微信小程序,6.0.0,2026-03-19 14:57:10,1
D0005393,U003120,Android,网页,6.0.0,2025-08-22 16:30:54,1
D0005394,U002589,iOS,星购App,5.8.0,2026-02-17 10:08:15,1
D0005395,U001269,iOS,星购App,5.9.1,2026-05-13 00:36:22,1
D0005396,U003117,Android,网页,5.9.1,2026-05-31 02:24:22,1
D0005397,U002204,Android,网页,6.0.0,2025-10-27 19:12:38,1
D0005398,U003365,Android,星购App,6.0.0,2025-11-21 03:14:26,1
D0005399,U000159,iOS,微信小程序,5.9.1,2025-03-22 02:28:44,1
D0005400,U001001,Android,星购App,5.9.1,2026-08-01 08:03:41,1
D0005401,U003865,iOS,星购App,5.8.0,2025-01-23 06:06:46,1
D0005402,U003443,Android,网页,5.9.1,2026-05-04 02:23:50,1
D0005403,U000439,iOS,星购App,6.0.0,2025-02-20 05:21:17,1
D0005404,U004907,Android,星购App,5.9.1,2025-07-08 18:54:30,1
D0005405,U001872,Android,微信小程序,5.9.1,2025-08-06 19:52:54,1
D0005406,U004548,Android,微信小程序,5.9.1,2025-10-13 18:15:11,1
D0005407,U001992,Android,微信小程序,web,2025-11-18 06:11:57,1
D0005408,U000526,iOS,星购App,5.8.0,2025-12-06 10:24:25,1
D0005409,U002562,Android,星购App,web,2026-06-10 04:27:46,1
D0005410,U000587,iOS,微信小程序,web,2026-03-23 00:58:40,1
D0005411,U001854,Windows,星购App,5.9.1,2026-01-16 07:45:11,1
D0005412,U004458,Android,网页,5.8.0,2025-09-09 23:30:16,1
D0005413,U000036,Android,星购App,web,2026-07-21 12:44:49,1
D0005414,U002640,Windows,星购App,5.9.1,2026-08-19 23:30:10,1
D0005415,U003279,Windows,星购App,5.8.0,2025-07-21 15:59:07,1
D0005416,U003843,Android,星购App,5.9.1,2025-08-29 03:21:34,1
D0005417,U001242,Android,星购App,5.9.1,2026-01-29 17:50:19,1
D0005418,U004803,iOS,微信小程序,5.8.0,2025-09-08 15:10:21,1
D0005419,U004299,Android,星购App,6.0.0,2026-04-09 20:56:26,1
D0005420,U004315,macOS,网页,web,2025-10-01 03:49:20,1
D0005421,U000589,Android,星购App,6.0.0,2026-07-07 01:16:00,1
D0005422,U004910,Android,微信小程序,5.9.1,2026-05-24 02:02:56,1
D0005423,U004318,Android,微信小程序,5.9.1,2025-09-06 06:18:55,1
D0005424,U002752,iOS,星购App,5.8.0,2026-06-11 01:09:34,1
D0005425,U001534,iOS,星购App,6.0.0,2025-10-18 22:40:32,1
D0005426,U003050,iOS,网页,5.9.1,2026-06-01 03:35:08,1
D0005427,U002445,Android,星购App,5.9.1,2026-07-21 18:13:25,1
D0005428,U000665,Android,微信小程序,web,2026-02-20 17:01:15,1
D0005429,U000238,Android,星购App,6.0.0,2026-05-27 21:09:12,1
D0005430,U003416,Android,微信小程序,6.0.0,2025-04-22 00:50:49,1
D0005431,U003387,iOS,网页,5.8.0,2025-02-08 06:39:37,1
D0005432,U000491,Android,星购App,5.9.1,2026-04-09 07:10:43,1
D0005433,U002478,Android,微信小程序,web,2026-03-05 10:18:32,1
D0005434,U003811,Android,网页,5.9.1,2025-10-09 11:25:01,1
D0005435,U003145,Android,网页,web,2026-07-08 07:00:50,1
D0005436,U002819,iOS,星购App,6.0.0,2025-03-13 03:48:50,1
D0005437,U000624,iOS,微信小程序,5.9.1,2025-02-06 18:40:11,1
D0005438,U002760,Android,星购App,5.9.1,2026-01-12 05:00:49,1
D0005439,U002232,Windows,网页,6.0.0,2025-02-06 04:31:06,1
D0005440,U004428,Android,网页,5.8.0,2025-06-25 02:56:16,1
D0005441,U001449,Android,星购App,5.9.1,2026-06-05 11:43:02,1
D0005442,U001720,Windows,星购App,6.0.0,2026-08-04 19:34:56,1
D0005443,U001976,iOS,网页,6.0.0,2026-05-16 09:08:27,1
D0005444,U002552,Android,星购App,6.0.0,2026-03-18 06:53:18,1
D0005445,U004375,Android,星购App,6.0.0,2026-07-27 10:41:52,1
D0005446,U000802,iOS,星购App,5.8.0,2025-04-29 02:56:47,1
D0005447,U001791,iOS,星购App,6.0.0,2026-02-02 15:52:02,1
D0005448,U004276,Android,星购App,5.9.1,2026-03-11 08:49:15,1
D0005449,U002110,Windows,微信小程序,5.8.0,2026-03-11 23:04:29,1
D0005450,U000388,Android,星购App,5.9.1,2026-07-14 20:46:31,1
D0005451,U000850,Windows,微信小程序,5.9.1,2026-04-20 02:38:26,1
D0005452,U003228,iOS,星购App,6.0.0,2025-09-05 17:22:44,1
D0005453,U000349,iOS,星购App,6.0.0,2025-11-17 23:57:49,1
D0005454,U004279,Android,星购App,5.9.1,2025-05-25 16:23:14,1
D0005455,U004850,iOS,网页,5.9.1,2025-11-17 20:55:53,1
D0005456,U000628,Android,星购App,6.0.0,2025-02-23 11:43:10,1
D0005457,U001674,Android,星购App,web,2026-06-05 08:04:47,1
D0005458,U003402,Android,网页,5.8.0,2026-06-16 03:11:00,1
D0005459,U000162,iOS,星购App,web,2026-08-16 23:14:53,1
D0005460,U003814,iOS,星购App,web,2026-01-06 23:44:18,1
D0005461,U004639,iOS,星购App,5.9.1,2025-07-09 09:45:46,1
D0005462,U001783,Android,微信小程序,5.8.0,2026-01-28 07:57:57,1
D0005463,U003650,Windows,星购App,5.9.1,2025-11-10 17:54:30,1
D0005464,U002756,iOS,网页,6.0.0,2026-04-27 20:08:54,1
D0005465,U000366,Android,星购App,6.0.0,2025-03-01 01:05:39,1
D0005466,U004750,Android,星购App,5.9.1,2025-09-21 11:20:14,1
D0005467,U000844,Windows,星购App,6.0.0,2025-12-17 02:48:26,1
D0005468,U001591,iOS,星购App,6.0.0,2025-12-03 14:57:32,1
D0005469,U003574,macOS,微信小程序,6.0.0,2026-01-24 04:58:05,1
D0005470,U004293,macOS,星购App,5.9.1,2026-02-20 20:24:58,1
D0005471,U004481,iOS,星购App,6.0.0,2025-04-29 19:37:00,1
D0005472,U003439,Android,微信小程序,5.9.1,2026-01-11 00:19:18,1
D0005473,U003927,iOS,网页,6.0.0,2025-02-02 18:15:43,1
D0005474,U004124,iOS,星购App,web,2025-03-27 10:00:45,1
D0005475,U004176,iOS,网页,5.9.1,2025-05-20 12:32:17,1
D0005476,U001427,iOS,微信小程序,web,2025-08-21 21:20:19,1
D0005477,U000675,iOS,微信小程序,6.0.0,2026-07-29 16:40:17,1
D0005478,U001717,iOS,微信小程序,web,2025-09-04 23:16:35,1
D0005479,U004060,Windows,星购App,5.9.1,2025-08-28 06:32:52,1
D0005480,U003030,iOS,微信小程序,6.0.0,2026-03-03 17:06:56,1
D0005481,U004605,iOS,星购App,6.0.0,2026-03-12 21:16:38,1
D0005482,U001921,Windows,星购App,6.0.0,2026-05-12 03:41:33,1
D0005483,U000986,iOS,微信小程序,5.9.1,2025-10-23 20:56:09,1
D0005484,U002421,Android,星购App,6.0.0,2025-01-02 06:34:30,1
D0005485,U002135,Android,微信小程序,5.9.1,2025-07-31 14:37:44,1
D0005486,U001305,iOS,网页,5.9.1,2026-03-05 07:28:21,1
D0005487,U003460,Android,网页,5.9.1,2026-05-22 19:23:36,1
D0005488,U004418,Windows,微信小程序,5.9.1,2025-09-02 00:09:48,1
D0005489,U003687,iOS,微信小程序,5.8.0,2025-10-12 23:40:40,1
D0005490,U000068,Windows,网页,6.0.0,2025-03-27 23:45:25,1
D0005491,U003739,iOS,微信小程序,5.8.0,2026-06-09 09:55:15,1
D0005492,U001646,Android,星购App,6.0.0,2025-12-19 16:32:43,1
D0005493,U002948,Android,星购App,5.8.0,2026-01-19 21:34:24,1
D0005494,U003875,Android,星购App,5.9.1,2025-12-09 05:39:11,1
D0005495,U002020,Android,星购App,5.9.1,2025-08-19 02:03:41,1
D0005496,U004594,iOS,微信小程序,web,2025-03-20 07:24:45,1
D0005497,U004758,Windows,网页,5.8.0,2025-08-04 16:04:04,1
D0005498,U002649,macOS,星购App,5.9.1,2025-06-19 01:38:23,1
D0005499,U002548,Android,星购App,5.9.1,2025-01-11 08:30:34,1
D0005500,U004987,Android,微信小程序,5.9.1,2025-11-01 00:03:29,1
D0005501,U000285,iOS,星购App,6.0.0,2025-10-02 12:24:15,1
D0005502,U002302,Windows,网页,5.9.1,2025-07-24 21:45:36,1
D0005503,U001671,Android,星购App,5.9.1,2026-04-16 09:18:24,1
D0005504,U001029,Windows,星购App,5.8.0,2025-10-04 02:09:27,1
D0005505,U005000,Windows,星购App,5.9.1,2026-07-20 03:33:46,1
D0005506,U002854,Windows,微信小程序,5.9.1,2025-03-03 12:19:07,1
D0005507,U000621,Android,星购App,5.8.0,2025-11-10 08:22:38,1
D0005508,U000538,Android,星购App,5.8.0,2026-05-23 08:14:56,1
D0005509,U001679,Android,网页,5.9.1,2026-04-17 10:57:51,1
D0005510,U000806,iOS,星购App,5.8.0,2025-09-01 22:56:54,1
D0005511,U001424,iOS,星购App,5.8.0,2025-10-15 07:53:10,1
D0005512,U003225,iOS,微信小程序,5.9.1,2026-07-14 20:33:40,1
D0005513,U001147,iOS,星购App,5.9.1,2025-05-07 20:32:12,1
D0005514,U002166,Android,星购App,6.0.0,2025-07-25 10:43:35,1
D0005515,U000910,iOS,星购App,6.0.0,2025-05-10 20:19:17,1
D0005516,U000380,Windows,星购App,5.8.0,2025-07-12 14:38:41,1
D0005517,U000391,iOS,微信小程序,5.8.0,2026-04-23 04:40:51,1
D0005518,U002115,iOS,星购App,5.9.1,2025-12-08 20:29:51,1
D0005519,U001297,iOS,星购App,5.8.0,2026-06-27 05:37:30,1
D0005520,U002111,iOS,星购App,5.9.1,2025-07-11 15:55:54,1
D0005521,U002046,Android,微信小程序,6.0.0,2025-03-13 16:15:19,1
D0005522,U000917,Android,星购App,6.0.0,2025-11-13 21:59:37,1
D0005523,U002174,iOS,网页,6.0.0,2025-11-05 13:16:51,1
D0005524,U002568,Android,星购App,5.9.1,2025-03-08 09:52:20,1
D0005525,U003477,iOS,星购App,web,2026-08-11 19:54:09,1
D0005526,U003211,Android,网页,5.8.0,2025-01-24 05:13:05,1
D0005527,U001457,Android,星购App,5.9.1,2025-01-31 12:46:02,1
D0005528,U003143,Android,星购App,web,2025-03-02 14:01:33,1
D0005529,U004330,iOS,微信小程序,5.8.0,2026-01-23 21:46:58,1
D0005530,U001941,Android,星购App,6.0.0,2025-08-12 21:05:38,1
D0005531,U000590,iOS,微信小程序,5.9.1,2025-07-24 04:08:32,1
D0005532,U004856,Windows,网页,5.9.1,2025-03-19 19:15:40,1
D0005533,U002586,Windows,星购App,5.8.0,2025-06-14 06:43:11,1
D0005534,U000560,iOS,微信小程序,5.9.1,2025-12-15 11:14:11,1
D0005535,U004418,iOS,微信小程序,5.9.1,2026-06-20 06:58:56,1
D0005536,U002602,iOS,星购App,web,2026-02-24 17:08:47,1
D0005537,U002628,iOS,星购App,web,2025-07-27 16:12:44,1
D0005538,U001841,Android,星购App,web,2026-05-26 17:07:38,1
D0005539,U003588,Android,星购App,5.8.0,2025-09-22 11:54:45,1
D0005540,U003516,Android,微信小程序,5.8.0,2026-06-18 08:01:07,1
D0005541,U000368,Android,星购App,6.0.0,2025-04-24 00:55:17,1
D0005542,U004549,iOS,微信小程序,5.9.1,2025-09-14 13:05:51,1
D0005543,U002890,iOS,微信小程序,6.0.0,2026-03-27 10:39:47,1
D0005544,U003526,iOS,星购App,6.0.0,2025-04-01 15:56:25,1
D0005545,U002368,Android,星购App,5.8.0,2025-02-23 04:21:40,1
D0005546,U000823,Android,网页,6.0.0,2026-08-19 13:09:12,1
D0005547,U001045,Windows,星购App,6.0.0,2025-10-05 08:48:30,1
D0005548,U004873,iOS,星购App,5.8.0,2025-06-12 16:13:04,1
D0005549,U001532,iOS,星购App,web,2025-01-13 02:29:41,1
D0005550,U003105,iOS,星购App,5.8.0,2026-08-09 02:03:20,1
D0005551,U002644,iOS,网页,5.8.0,2025-04-04 09:23:46,1
D0005552,U000756,Windows,星购App,5.9.1,2026-05-20 11:49:25,1
D0005553,U002550,iOS,网页,6.0.0,2025-05-22 15:50:10,1
D0005554,U003575,iOS,微信小程序,6.0.0,2025-11-21 01:44:37,1
D0005555,U002806,Android,星购App,5.9.1,2026-01-16 00:40:04,1
D0005556,U000424,iOS,星购App,5.8.0,2026-02-24 23:19:37,1
D0005557,U001709,Android,星购App,5.9.1,2025-01-13 13:58:34,1
D0005558,U003826,macOS,星购App,5.9.1,2026-05-31 22:24:46,1
D0005559,U001290,iOS,星购App,5.8.0,2026-06-11 16:17:23,1
D0005560,U001768,iOS,网页,5.9.1,2025-08-02 01:39:57,1
D0005561,U003461,Android,星购App,5.8.0,2025-05-31 18:09:42,1
D0005562,U001994,Android,星购App,5.8.0,2026-02-17 10:08:31,1
D0005563,U004869,Android,星购App,5.8.0,2025-08-27 05:51:22,1
D0005564,U002696,iOS,星购App,5.9.1,2025-10-08 18:17:20,1
D0005565,U001607,iOS,微信小程序,6.0.0,2025-04-06 10:03:30,1
D0005566,U004676,Android,星购App,6.0.0,2026-08-10 10:22:52,1
D0005567,U001166,Android,微信小程序,5.9.1,2026-01-02 01:11:26,1
D0005568,U001060,iOS,星购App,5.9.1,2025-07-11 14:42:55,1
D0005569,U001289,Windows,网页,5.8.0,2025-03-04 22:10:27,1
D0005570,U003053,Windows,星购App,5.9.1,2025-12-20 11:17:02,1
D0005571,U002315,iOS,网页,5.8.0,2025-11-13 04:25:48,1
D0005572,U000914,Android,星购App,5.8.0,2025-04-20 10:40:28,1
D0005573,U004733,iOS,微信小程序,5.8.0,2025-07-21 03:29:42,1
D0005574,U000479,Android,网页,5.8.0,2025-06-15 19:17:49,1
D0005575,U002431,macOS,星购App,6.0.0,2025-02-13 10:30:37,1
D0005576,U002502,Windows,星购App,5.9.1,2025-03-19 19:23:22,1
D0005577,U002426,Android,星购App,6.0.0,2025-05-28 04:31:26,1
D0005578,U002240,Windows,微信小程序,5.9.1,2025-10-28 03:10:23,1
D0005579,U002785,iOS,星购App,5.9.1,2025-03-24 09:00:55,1
D0005580,U000386,Android,星购App,5.9.1,2026-04-29 08:03:24,1
D0005581,U000052,iOS,星购App,web,2025-09-05 17:07:14,1
D0005582,U003927,iOS,星购App,5.9.1,2025-02-18 00:54:50,1
D0005583,U000421,iOS,微信小程序,5.9.1,2026-03-13 00:12:26,1
D0005584,U002040,Android,网页,5.9.1,2025-02-15 18:16:31,1
D0005585,U004461,Android,网页,5.9.1,2025-11-22 23:07:29,1
D0005586,U000521,Android,网页,5.8.0,2026-02-19 03:02:06,1
D0005587,U001137,Android,星购App,6.0.0,2026-02-13 16:14:37,1
D0005588,U004872,iOS,微信小程序,5.9.1,2025-09-16 10:11:34,1
D0005589,U003447,Android,微信小程序,5.8.0,2025-04-01 21:13:18,1
D0005590,U001603,iOS,星购App,5.8.0,2026-06-19 00:52:26,1
D0005591,U003000,iOS,网页,5.9.1,2026-08-16 13:42:49,1
D0005592,U001400,iOS,星购App,5.8.0,2025-06-16 17:25:42,1
D0005593,U002237,iOS,星购App,5.9.1,2026-08-02 21:04:25,1
D0005594,U001536,Android,星购App,5.9.1,2025-02-02 20:13:58,1
D0005595,U003964,Windows,星购App,5.8.0,2026-02-04 00:50:28,1
D0005596,U001066,iOS,星购App,6.0.0,2025-02-25 10:08:51,1
D0005597,U001237,iOS,星购App,web,2026-08-20 15:08:23,1
D0005598,U001873,iOS,星购App,web,2026-01-13 09:09:32,1
D0005599,U003790,macOS,星购App,web,2025-10-13 20:21:28,1
D0005600,U000090,Android,星购App,6.0.0,2025-02-13 15:23:07,1
D0005601,U004280,Android,星购App,6.0.0,2025-08-31 15:26:34,1
D0005602,U001705,iOS,微信小程序,5.9.1,2025-11-01 12:00:45,1
D0005603,U002252,Android,星购App,5.9.1,2025-04-15 12:46:54,1
D0005604,U002267,iOS,星购App,5.9.1,2025-07-08 18:50:52,1
D0005605,U000189,iOS,微信小程序,web,2026-04-23 18:54:46,1
D0005606,U002339,Android,微信小程序,5.9.1,2025-10-10 01:41:18,1
D0005607,U003835,Android,星购App,6.0.0,2025-01-03 05:36:31,1
D0005608,U001842,Android,网页,5.9.1,2026-05-06 16:00:59,1
D0005609,U004146,iOS,微信小程序,5.8.0,2025-10-08 01:39:48,1
D0005610,U002031,Windows,微信小程序,5.8.0,2025-06-21 23:22:38,1
D0005611,U004603,Windows,星购App,5.8.0,2025-12-06 06:31:30,1
D0005612,U004938,Android,星购App,5.8.0,2025-04-28 01:39:58,1
D0005613,U000844,Android,微信小程序,5.8.0,2025-12-22 19:37:11,1
D0005614,U004521,iOS,星购App,5.9.1,2026-08-06 07:54:04,1
D0005615,U002636,Windows,网页,5.9.1,2026-02-01 21:45:20,1
D0005616,U000254,macOS,星购App,5.8.0,2025-03-14 07:47:56,1
D0005617,U001803,iOS,星购App,5.9.1,2026-08-18 03:45:10,1
D0005618,U004901,macOS,星购App,6.0.0,2025-04-12 09:36:51,1
D0005619,U001166,Android,星购App,6.0.0,2025-01-11 00:43:41,1
D0005620,U002885,iOS,微信小程序,5.8.0,2025-02-19 20:11:50,1
D0005621,U002680,Android,微信小程序,6.0.0,2025-11-21 09:16:47,1
D0005622,U003834,iOS,微信小程序,5.9.1,2025-03-28 19:43:20,1
D0005623,U002045,Android,星购App,5.8.0,2025-11-22 22:28:00,1
D0005624,U004824,iOS,星购App,6.0.0,2025-11-15 03:26:00,1
D0005625,U004612,iOS,星购App,5.9.1,2025-06-27 10:43:22,1
D0005626,U000734,iOS,星购App,5.9.1,2026-01-11 13:59:23,1
D0005627,U000184,iOS,微信小程序,5.9.1,2025-04-09 07:08:18,1
D0005628,U004425,Android,网页,5.8.0,2025-01-22 15:39:11,1
D0005629,U004330,Android,星购App,5.8.0,2026-01-11 14:38:59,1
D0005630,U004805,iOS,微信小程序,5.9.1,2026-03-27 22:34:25,1
D0005631,U001106,Android,网页,6.0.0,2026-05-05 12:53:16,1
D0005632,U002977,iOS,微信小程序,5.8.0,2026-03-04 12:15:45,1
D0005633,U003247,iOS,网页,6.0.0,2025-02-25 03:01:57,1
D0005634,U002838,iOS,微信小程序,5.9.1,2025-01-31 08:49:10,1
D0005635,U004303,iOS,网页,6.0.0,2025-07-03 16:33:09,1
D0005636,U001029,iOS,星购App,5.9.1,2026-03-27 03:32:57,1
D0005637,U002520,Android,星购App,6.0.0,2026-05-16 01:02:14,1
D0005638,U003294,iOS,星购App,5.8.0,2025-04-25 02:23:49,1
D0005639,U002822,iOS,星购App,5.9.1,2025-08-14 08:16:41,1
D0005640,U004776,Android,星购App,6.0.0,2025-05-23 23:49:58,1
D0005641,U000786,iOS,星购App,5.8.0,2026-07-07 14:03:38,1
D0005642,U001453,iOS,微信小程序,6.0.0,2026-01-03 09:35:52,1
D0005643,U001495,Windows,网页,5.9.1,2025-09-13 22:29:31,1
D0005644,U003127,Windows,星购App,5.9.1,2026-07-03 23:39:55,1
D0005645,U002422,Windows,星购App,6.0.0,2025-07-10 00:09:16,1
D0005646,U004285,Android,星购App,5.9.1,2025-10-19 14:52:57,1
D0005647,U003411,iOS,星购App,6.0.0,2025-07-06 05:23:52,1
D0005648,U000554,iOS,星购App,5.9.1,2026-03-26 06:16:14,1
D0005649,U004449,Windows,星购App,6.0.0,2026-06-18 17:18:20,1
D0005650,U003559,iOS,网页,6.0.0,2025-06-03 10:55:15,1
D0005651,U001645,Windows,星购App,5.9.1,2025-09-24 10:06:45,1
D0005652,U002055,macOS,星购App,6.0.0,2026-07-04 08:27:18,1
D0005653,U004276,Android,微信小程序,5.9.1,2025-11-17 09:49:27,1
D0005654,U004746,iOS,星购App,6.0.0,2025-12-02 16:38:48,1
D0005655,U002326,Windows,星购App,5.9.1,2025-05-19 09:13:58,1
D0005656,U001184,Windows,星购App,6.0.0,2025-12-27 02:24:21,1
D0005657,U000504,Android,网页,6.0.0,2026-06-27 23:36:54,1
D0005658,U003185,Windows,微信小程序,web,2025-07-21 01:38:59,1
D0005659,U001694,iOS,星购App,5.8.0,2025-03-29 16:36:26,1
D0005660,U002204,iOS,星购App,5.9.1,2026-08-18 22:59:17,1
D0005661,U002379,iOS,网页,6.0.0,2025-06-11 14:57:29,1
D0005662,U003619,iOS,网页,5.8.0,2025-03-15 21:28:49,1
D0005663,U001398,Android,网页,5.9.1,2025-10-06 16:23:46,1
D0005664,U003235,iOS,星购App,5.9.1,2025-01-21 14:17:48,1
D0005665,U003177,Android,星购App,5.9.1,2026-05-07 23:01:59,1
D0005666,U001365,Windows,星购App,6.0.0,2025-01-13 12:42:46,1
D0005667,U002481,Android,网页,5.9.1,2025-03-22 23:48:28,1
D0005668,U002408,iOS,星购App,web,2026-01-18 23:55:12,1
D0005669,U002835,Android,微信小程序,5.9.1,2026-06-30 13:00:43,1
D0005670,U000535,Windows,微信小程序,5.8.0,2026-06-06 12:55:19,1
D0005671,U002778,Android,星购App,web,2025-01-17 16:57:56,1
D0005672,U002519,iOS,星购App,6.0.0,2025-02-17 15:45:23,1
D0005673,U004710,Android,星购App,6.0.0,2026-03-31 02:57:28,1
D0005674,U002646,iOS,微信小程序,5.9.1,2025-12-24 05:30:11,1
D0005675,U002425,Android,星购App,5.8.0,2026-06-02 23:27:44,1
D0005676,U002326,Android,星购App,6.0.0,2025-01-28 02:21:11,1
D0005677,U002927,Android,网页,5.8.0,2025-10-12 09:06:59,1
D0005678,U003123,iOS,星购App,5.9.1,2026-06-12 20:17:51,1
D0005679,U002598,Android,星购App,5.9.1,2026-01-07 08:36:01,1
D0005680,U004466,Android,网页,6.0.0,2026-01-03 21:14:43,1
D0005681,U002558,Android,网页,5.8.0,2026-04-22 09:09:35,1
D0005682,U001702,Android,星购App,5.9.1,2025-02-04 21:07:15,1
D0005683,U000456,Android,网页,6.0.0,2025-09-19 00:06:06,1
D0005684,U001055,Android,星购App,6.0.0,2025-12-08 17:46:59,1
D0005685,U002020,iOS,星购App,5.8.0,2025-05-26 08:01:20,1
D0005686,U004691,iOS,网页,5.8.0,2026-08-08 08:10:58,1
D0005687,U001999,Android,星购App,6.0.0,2025-10-10 20:53:41,1
D0005688,U003770,iOS,微信小程序,5.9.1,2025-01-07 02:52:57,1
D0005689,U004004,Android,星购App,5.9.1,2025-04-22 12:26:09,1
D0005690,U000733,Android,星购App,5.9.1,2025-08-26 01:14:36,1
D0005691,U002414,Android,星购App,5.9.1,2025-07-05 00:59:01,1
D0005692,U002702,iOS,星购App,5.9.1,2026-07-12 17:23:04,1
D0005693,U000905,Android,星购App,5.8.0,2026-01-28 23:58:30,1
D0005694,U004536,iOS,网页,5.9.1,2025-09-23 13:45:33,1
D0005695,U005000,Android,星购App,6.0.0,2026-07-15 08:30:02,1
D0005696,U000666,Android,微信小程序,6.0.0,2026-02-14 08:20:58,1
D0005697,U003722,iOS,星购App,5.9.1,2025-07-10 04:06:35,1
D0005698,U001198,iOS,星购App,6.0.0,2025-05-01 14:44:18,1
D0005699,U001025,Android,星购App,5.8.0,2025-04-17 19:10:00,1
D0005700,U001465,Windows,网页,6.0.0,2025-03-12 16:52:36,1
D0005701,U003566,iOS,网页,5.8.0,2025-11-10 14:38:11,1
D0005702,U000924,Windows,微信小程序,web,2026-01-02 18:18:16,1
D0005703,U002951,Android,微信小程序,web,2025-01-27 11:08:54,1
D0005704,U004303,Windows,星购App,6.0.0,2025-12-16 18:53:44,1
D0005705,U001596,iOS,星购App,6.0.0,2026-08-11 12:41:08,1
D0005706,U001239,iOS,星购App,5.8.0,2025-12-11 22:35:55,1
D0005707,U003875,Android,微信小程序,6.0.0,2026-08-17 10:08:46,1
D0005708,U000553,iOS,星购App,5.9.1,2025-09-06 04:15:11,1
D0005709,U000983,iOS,星购App,web,2025-06-13 21:04:25,1
D0005710,U002284,iOS,网页,6.0.0,2026-06-20 06:35:53,1
D0005711,U004611,Android,微信小程序,5.8.0,2026-08-14 18:30:51,1
D0005712,U000453,Android,星购App,web,2026-05-19 10:15:05,1
D0005713,U001380,Android,星购App,5.8.0,2025-12-08 22:33:43,1
D0005714,U003793,Android,星购App,6.0.0,2025-08-02 03:53:53,1
D0005715,U002817,Android,网页,6.0.0,2026-08-21 00:15:04,1
D0005716,U001566,Android,微信小程序,5.8.0,2026-03-20 23:18:18,1
D0005717,U003739,Android,网页,5.9.1,2025-07-02 16:35:48,1
D0005718,U000970,iOS,微信小程序,5.8.0,2025-09-09 09:30:24,1
D0005719,U004510,iOS,星购App,6.0.0,2026-02-18 19:16:12,1
D0005720,U000784,iOS,星购App,web,2025-11-16 13:02:34,1
D0005721,U004464,Android,星购App,5.9.1,2025-10-09 06:26:51,1
D0005722,U000849,Android,网页,5.9.1,2026-07-27 23:43:14,1
D0005723,U002162,iOS,微信小程序,5.9.1,2025-05-26 21:28:37,1
D0005724,U003953,Android,网页,6.0.0,2025-07-11 12:55:14,1
D0005725,U000212,Windows,星购App,6.0.0,2026-03-27 11:51:56,1
D0005726,U003350,iOS,星购App,5.8.0,2025-04-25 04:38:37,1
D0005727,U000310,Android,微信小程序,5.9.1,2025-04-19 06:05:50,1
D0005728,U002233,Android,微信小程序,5.9.1,2026-05-29 17:41:16,1
D0005729,U003321,Android,星购App,5.9.1,2026-03-20 10:58:50,1
D0005730,U003965,iOS,星购App,5.8.0,2025-01-09 02:31:58,1
D0005731,U003959,Android,网页,6.0.0,2025-07-26 22:06:04,1
D0005732,U002485,iOS,星购App,5.9.1,2025-12-11 12:51:41,1
D0005733,U004862,Android,微信小程序,6.0.0,2026-01-19 07:47:59,1
D0005734,U004149,iOS,网页,6.0.0,2025-04-15 18:03:55,1
D0005735,U002137,Windows,网页,web,2025-10-26 02:19:27,1
D0005736,U001435,iOS,星购App,6.0.0,2025-09-05 21:45:21,1
D0005737,U000483,Android,星购App,6.0.0,2026-08-06 17:22:59,1
D0005738,U004493,iOS,星购App,6.0.0,2025-06-11 14:10:12,1
D0005739,U001526,iOS,星购App,5.9.1,2026-04-03 12:01:58,1
D0005740,U002861,Windows,微信小程序,5.9.1,2025-10-06 07:55:35,1
D0005741,U002152,Android,微信小程序,6.0.0,2026-07-08 13:46:05,1
D0005742,U001416,Android,网页,5.9.1,2026-05-05 02:33:06,1
D0005743,U002766,Android,星购App,web,2025-05-29 07:43:49,1
D0005744,U000493,Windows,星购App,6.0.0,2026-04-09 08:37:50,1
D0005745,U001143,Android,星购App,web,2026-04-05 17:43:29,1
D0005746,U002411,iOS,微信小程序,5.8.0,2026-08-10 13:50:25,1
D0005747,U004949,Android,网页,5.9.1,2025-06-06 03:17:19,1
D0005748,U003745,Android,星购App,5.9.1,2025-07-02 06:01:25,1
D0005749,U002193,Android,星购App,5.8.0,2026-08-03 07:29:51,1
D0005750,U004429,iOS,网页,web,2025-02-15 23:16:48,1
D0005751,U003138,Android,星购App,web,2025-04-29 19:35:43,1
D0005752,U002082,Android,星购App,5.8.0,2026-05-23 19:52:05,1
D0005753,U000510,iOS,微信小程序,5.8.0,2025-12-09 16:17:58,1
D0005754,U001430,iOS,星购App,5.8.0,2025-04-05 19:04:47,1
D0005755,U000986,macOS,星购App,5.9.1,2025-05-22 18:43:12,1
D0005756,U003714,iOS,星购App,web,2025-01-13 05:09:35,1
D0005757,U002334,Android,星购App,6.0.0,2025-06-03 12:46:52,1
D0005758,U001021,iOS,星购App,web,2025-11-12 02:08:43,1
D0005759,U000418,Android,星购App,5.9.1,2026-07-18 13:47:20,1
D0005760,U004892,Android,网页,6.0.0,2025-08-17 08:27:24,1
D0005761,U003455,Android,星购App,6.0.0,2026-06-05 17:34:34,1
D0005762,U003927,macOS,星购App,5.8.0,2026-03-07 13:33:14,1
D0005763,U000812,iOS,星购App,6.0.0,2026-08-21 14:02:28,1
D0005764,U001698,iOS,星购App,5.8.0,2025-03-08 05:30:30,1
D0005765,U003038,Windows,星购App,5.9.1,2026-05-01 08:04:05,1
D0005766,U000441,Windows,星购App,web,2025-01-23 01:09:24,1
D0005767,U001978,Android,微信小程序,6.0.0,2025-06-03 20:53:24,1
D0005768,U002332,Android,星购App,6.0.0,2025-03-19 02:42:51,1
D0005769,U000927,macOS,星购App,5.8.0,2025-06-09 22:50:56,1
D0005770,U000263,macOS,星购App,5.9.1,2025-11-30 00:40:12,1
D0005771,U004978,iOS,星购App,5.8.0,2026-01-02 04:17:34,1
D0005772,U001676,Android,星购App,web,2026-08-14 01:59:14,1
D0005773,U002934,Android,网页,5.8.0,2025-05-01 09:25:53,1
D0005774,U003477,Android,微信小程序,6.0.0,2026-05-19 07:09:13,1
D0005775,U001673,Android,星购App,6.0.0,2025-10-12 17:27:26,1
D0005776,U000446,Android,网页,6.0.0,2025-06-04 19:53:26,1
D0005777,U004584,Android,星购App,6.0.0,2025-09-01 11:54:35,1
D0005778,U002485,Windows,星购App,6.0.0,2026-04-18 08:19:41,1
D0005779,U001451,iOS,微信小程序,5.8.0,2026-03-08 13:40:49,1
D0005780,U003004,Android,星购App,web,2025-03-08 15:22:33,1
D0005781,U004321,Android,星购App,6.0.0,2025-09-02 13:21:15,1
D0005782,U003267,Android,网页,5.9.1,2025-09-16 06:32:43,1
D0005783,U003737,Windows,星购App,5.9.1,2026-05-02 07:48:18,1
D0005784,U000485,iOS,星购App,6.0.0,2025-12-24 17:37:16,1
D0005785,U003907,Android,星购App,5.8.0,2025-10-24 22:09:09,1
D0005786,U002252,Android,星购App,5.9.1,2026-04-22 01:26:12,1
D0005787,U003128,iOS,星购App,5.9.1,2025-09-11 02:33:32,1
D0005788,U004551,Windows,星购App,5.8.0,2025-03-21 11:25:12,1
D0005789,U003281,Windows,星购App,5.9.1,2026-07-08 08:38:22,1
D0005790,U001624,Android,星购App,6.0.0,2026-05-20 20:36:44,1
D0005791,U001059,macOS,星购App,5.8.0,2025-01-23 03:13:06,1
D0005792,U001336,macOS,星购App,web,2025-10-01 07:15:32,1
D0005793,U003402,Android,星购App,5.9.1,2025-06-27 23:56:42,1
D0005794,U004994,Android,星购App,5.8.0,2025-01-15 10:29:28,1
D0005795,U004638,Android,星购App,6.0.0,2026-05-04 05:26:20,1
D0005796,U003795,iOS,微信小程序,5.9.1,2025-12-08 09:20:36,1
D0005797,U004498,iOS,微信小程序,6.0.0,2026-01-08 01:51:49,1
D0005798,U002187,Windows,微信小程序,5.8.0,2025-06-23 18:46:44,1
D0005799,U004622,macOS,星购App,5.8.0,2025-07-09 19:50:06,1
D0005800,U002678,Windows,星购App,5.9.1,2025-01-05 16:27:24,1
D0005801,U004914,Android,星购App,5.9.1,2025-03-15 18:24:36,1
D0005802,U001641,Android,网页,6.0.0,2026-03-28 06:45:09,1
D0005803,U004267,Android,星购App,5.8.0,2026-08-16 13:00:41,1
D0005804,U001037,Android,微信小程序,5.9.1,2025-03-31 20:23:56,1
D0005805,U000548,iOS,微信小程序,6.0.0,2026-03-15 02:48:16,1
D0005806,U002870,iOS,微信小程序,5.9.1,2025-02-08 23:02:47,1
D0005807,U004801,Android,星购App,5.8.0,2026-03-28 09:57:09,1
D0005808,U000053,Android,星购App,5.8.0,2025-11-12 01:56:09,1
D0005809,U003098,Android,星购App,6.0.0,2026-03-28 04:50:07,1
D0005810,U002700,Android,星购App,5.8.0,2026-05-18 12:18:13,1
D0005811,U004641,Android,星购App,5.9.1,2026-07-12 00:20:45,1
D0005812,U002937,Android,网页,5.9.1,2025-04-07 21:54:16,1
D0005813,U004107,Android,星购App,6.0.0,2026-08-06 19:07:47,1
D0005814,U000360,Android,微信小程序,5.9.1,2026-07-31 11:06:46,1
D0005815,U000883,Android,星购App,5.9.1,2025-03-30 11:14:52,1
D0005816,U002486,Windows,网页,6.0.0,2026-05-20 18:37:20,1
D0005817,U002704,iOS,星购App,5.9.1,2025-06-12 22:18:36,1
D0005818,U001579,Windows,星购App,5.8.0,2026-07-27 18:48:08,1
D0005819,U003227,macOS,星购App,6.0.0,2025-02-02 06:17:47,1
D0005820,U001037,Android,星购App,5.9.1,2025-07-17 14:32:51,1
D0005821,U000001,iOS,星购App,6.0.0,2026-06-30 15:45:20,1
D0005822,U002011,Android,微信小程序,5.8.0,2025-06-14 19:24:09,1
D0005823,U001551,Android,星购App,5.9.1,2026-03-04 13:48:59,1
D0005824,U000302,iOS,微信小程序,6.0.0,2026-05-03 21:32:05,1
D0005825,U000201,Windows,星购App,5.8.0,2026-02-05 18:12:24,1
D0005826,U003998,iOS,星购App,6.0.0,2026-07-04 11:42:50,1
D0005827,U000699,Android,网页,5.8.0,2025-09-05 22:01:25,1
D0005828,U004442,Android,星购App,6.0.0,2025-11-05 04:52:03,1
D0005829,U000960,iOS,微信小程序,5.8.0,2025-05-08 13:37:00,1
D0005830,U000482,Android,网页,6.0.0,2026-05-26 07:26:20,1
D0005831,U002388,Android,星购App,6.0.0,2025-12-17 10:55:46,1
D0005832,U003778,iOS,网页,5.9.1,2025-06-29 16:07:14,1
D0005833,U003234,iOS,星购App,6.0.0,2026-05-23 03:20:30,1
D0005834,U002087,Android,微信小程序,web,2025-01-24 18:24:26,1
D0005835,U000849,Android,星购App,6.0.0,2025-01-03 12:06:11,1
D0005836,U004942,iOS,星购App,5.9.1,2026-07-06 13:09:36,1
D0005837,U002819,Android,星购App,5.8.0,2026-04-22 08:28:35,1
D0005838,U002201,Windows,星购App,5.8.0,2025-08-12 20:08:57,1
D0005839,U003636,Android,微信小程序,6.0.0,2025-10-09 00:38:17,1
D0005840,U001730,iOS,星购App,5.9.1,2025-06-19 19:22:07,1
D0005841,U002739,iOS,星购App,6.0.0,2025-03-04 06:49:32,1
D0005842,U002450,Android,网页,6.0.0,2026-08-07 02:07:34,1
D0005843,U004092,Windows,星购App,5.8.0,2025-11-04 07:44:49,1
D0005844,U001922,iOS,星购App,6.0.0,2025-05-30 01:33:41,1
D0005845,U000069,iOS,星购App,web,2025-07-26 04:49:45,1
D0005846,U002230,Android,星购App,5.9.1,2025-03-12 13:13:09,1
D0005847,U000825,Android,星购App,6.0.0,2025-07-18 01:44:12,1
D0005848,U004242,iOS,网页,web,2025-12-19 09:39:49,1
D0005849,U000547,iOS,网页,6.0.0,2026-04-02 00:12:25,1
D0005850,U000283,iOS,微信小程序,6.0.0,2025-06-15 08:58:27,1
D0005851,U001586,Windows,星购App,5.9.1,2026-01-27 07:07:05,1
D0005852,U002702,Android,网页,5.9.1,2025-11-30 18:54:25,1
D0005853,U001491,iOS,星购App,5.9.1,2026-04-11 21:58:23,1
D0005854,U002259,Android,星购App,5.9.1,2025-05-03 22:35:19,1
D0005855,U000296,iOS,网页,web,2025-04-25 12:52:07,1
D0005856,U001337,iOS,星购App,6.0.0,2026-01-09 00:37:24,1
D0005857,U000790,Android,星购App,5.9.1,2025-09-23 00:18:35,1
D0005858,U002394,iOS,网页,5.9.1,2026-01-16 03:01:50,1
D0005859,U001237,Android,星购App,5.9.1,2026-07-14 18:22:29,1
D0005860,U004839,Android,微信小程序,5.9.1,2025-07-24 13:03:53,1
D0005861,U004802,iOS,星购App,5.9.1,2026-01-30 05:11:52,1
D0005862,U002880,Android,星购App,5.8.0,2025-07-07 17:48:26,1
D0005863,U003105,iOS,星购App,6.0.0,2025-10-23 22:59:51,1
D0005864,U001066,iOS,星购App,6.0.0,2026-01-08 16:30:18,1
D0005865,U001826,Android,网页,6.0.0,2025-05-16 00:07:17,1
D0005866,U004148,Android,星购App,web,2026-01-02 12:59:03,1
D0005867,U000392,iOS,星购App,5.8.0,2026-06-18 05:53:02,1
D0005868,U004407,iOS,星购App,5.9.1,2025-11-02 03:38:59,1
D0005869,U001364,Android,星购App,5.9.1,2025-06-11 18:51:26,1
D0005870,U000949,Android,星购App,5.9.1,2026-01-16 04:42:19,1
D0005871,U004067,Android,星购App,6.0.0,2026-01-10 07:50:46,1
D0005872,U001456,iOS,星购App,5.9.1,2025-04-29 23:05:46,1
D0005873,U001474,Android,星购App,6.0.0,2025-06-22 09:49:50,1
D0005874,U003317,Windows,星购App,web,2026-07-31 07:42:51,1
D0005875,U003902,Android,星购App,5.8.0,2025-05-02 15:09:05,1
D0005876,U004787,Android,星购App,5.8.0,2025-05-11 17:19:39,1
D0005877,U004428,Android,微信小程序,5.9.1,2026-07-25 15:21:18,1
D0005878,U004382,Android,网页,6.0.0,2025-04-11 07:53:28,1
D0005879,U002978,Android,星购App,5.8.0,2026-03-18 16:43:50,1
D0005880,U004851,iOS,星购App,6.0.0,2025-10-29 08:54:57,1
D0005881,U003232,Windows,星购App,6.0.0,2025-08-28 19:34:21,1
D0005882,U000679,Windows,微信小程序,5.9.1,2025-08-01 11:11:49,1
D0005883,U001325,Android,星购App,6.0.0,2025-01-15 07:19:16,1
D0005884,U001909,iOS,星购App,5.8.0,2026-03-16 11:11:49,1
D0005885,U003118,Android,星购App,5.8.0,2026-04-06 15:04:50,1
D0005886,U004882,macOS,星购App,5.8.0,2026-05-25 18:35:28,1
D0005887,U000912,iOS,微信小程序,5.9.1,2025-06-23 08:25:11,1
D0005888,U003006,Android,星购App,5.9.1,2026-01-20 04:32:10,1
D0005889,U002403,Windows,微信小程序,6.0.0,2026-08-12 11:51:14,1
D0005890,U002344,Android,星购App,5.9.1,2025-07-26 03:24:53,1
D0005891,U000548,Windows,网页,6.0.0,2025-05-13 01:33:04,1
D0005892,U003457,iOS,星购App,5.9.1,2025-12-07 01:22:06,1
D0005893,U000763,Android,微信小程序,6.0.0,2025-06-07 07:21:14,1
D0005894,U001624,iOS,星购App,5.9.1,2025-06-14 08:18:15,1
D0005895,U001938,Android,网页,5.8.0,2025-09-23 15:59:24,1
D0005896,U002454,Android,微信小程序,6.0.0,2026-05-05 06:01:41,1
D0005897,U001367,iOS,微信小程序,web,2025-06-30 06:26:27,1
D0005898,U003918,Android,星购App,web,2026-06-17 11:32:49,1
D0005899,U001538,Android,星购App,5.8.0,2025-06-01 15:35:51,1
D0005900,U003505,Android,星购App,5.9.1,2026-06-02 02:54:40,1
D0005901,U003239,Android,星购App,6.0.0,2025-02-06 00:05:51,1
D0005902,U003632,iOS,星购App,5.8.0,2026-04-18 05:26:20,1
D0005903,U001318,Windows,微信小程序,5.9.1,2026-04-26 21:52:53,1
D0005904,U003127,Windows,星购App,6.0.0,2026-02-24 04:01:22,1
D0005905,U001514,Android,星购App,5.8.0,2025-07-12 11:34:54,1
D0005906,U001265,Android,微信小程序,6.0.0,2026-03-01 08:47:15,1
D0005907,U001506,Windows,星购App,6.0.0,2025-04-08 19:38:20,1
D0005908,U000549,Android,星购App,5.8.0,2026-03-07 18:25:30,1
D0005909,U000220,iOS,星购App,web,2025-06-28 12:31:52,1
D0005910,U002337,iOS,网页,5.9.1,2026-05-23 18:53:11,1
D0005911,U004346,iOS,星购App,5.8.0,2026-06-20 05:41:13,1
D0005912,U001517,Android,星购App,6.0.0,2026-03-07 18:46:04,1
D0005913,U003653,iOS,星购App,5.8.0,2026-06-16 07:38:20,1
D0005914,U002146,iOS,网页,5.8.0,2025-03-19 05:17:01,1
D0005915,U001692,Android,微信小程序,5.8.0,2025-11-12 20:34:31,1
D0005916,U004793,Android,星购App,5.9.1,2026-04-01 19:23:34,1
D0005917,U001013,iOS,微信小程序,6.0.0,2025-10-29 02:57:33,1
D0005918,U000949,Windows,星购App,5.8.0,2026-02-15 08:17:57,1
D0005919,U002602,Android,星购App,5.9.1,2026-02-08 17:47:21,1
D0005920,U004948,iOS,微信小程序,5.8.0,2026-02-05 11:00:00,1
D0005921,U004047,iOS,星购App,5.9.1,2025-08-16 03:23:21,1
D0005922,U001328,Android,星购App,5.9.1,2026-04-08 06:22:47,1
D0005923,U000447,Android,微信小程序,5.8.0,2025-10-14 16:31:55,1
D0005924,U003107,Android,微信小程序,5.9.1,2025-04-09 13:54:38,1
D0005925,U000120,Android,星购App,5.9.1,2026-02-27 01:15:32,1
D0005926,U001925,iOS,星购App,5.9.1,2026-07-06 20:05:19,1
D0005927,U001074,iOS,星购App,5.8.0,2026-01-22 03:14:58,1
D0005928,U000705,Android,微信小程序,5.9.1,2025-11-30 10:57:03,1
D0005929,U000808,Android,星购App,6.0.0,2025-03-14 16:23:42,1
D0005930,U000575,Android,微信小程序,5.8.0,2026-01-19 15:27:31,1
D0005931,U001744,iOS,网页,5.8.0,2025-04-28 05:21:34,1
D0005932,U000676,iOS,网页,6.0.0,2026-06-30 10:43:45,1
D0005933,U003867,iOS,网页,6.0.0,2025-11-10 21:46:41,1
D0005934,U002750,Windows,网页,6.0.0,2025-03-09 15:03:30,1
D0005935,U004895,Android,星购App,5.9.1,2025-10-21 14:05:39,1
D0005936,U003465,Android,星购App,5.9.1,2026-03-23 02:51:29,1
D0005937,U004967,Android,星购App,6.0.0,2025-02-21 04:24:10,1
D0005938,U003602,Windows,微信小程序,5.9.1,2026-03-28 19:46:51,1
D0005939,U000585,iOS,微信小程序,5.9.1,2025-03-04 06:36:32,1
D0005940,U000774,Android,星购App,5.8.0,2025-10-23 04:55:10,1
D0005941,U004280,Windows,星购App,5.9.1,2025-01-11 08:13:09,1
D0005942,U000602,Android,星购App,5.9.1,2026-02-07 04:06:57,1
D0005943,U004376,Android,星购App,6.0.0,2025-02-15 15:08:56,1
D0005944,U001317,Android,星购App,6.0.0,2025-01-01 19:14:48,1
D0005945,U000233,Android,微信小程序,5.9.1,2025-03-26 20:16:38,1
D0005946,U001000,Windows,星购App,6.0.0,2025-11-25 02:30:09,1
D0005947,U002567,iOS,微信小程序,5.9.1,2026-01-26 14:09:17,1
D0005948,U003078,Android,星购App,6.0.0,2025-04-14 06:15:22,1
D0005949,U000648,Windows,星购App,6.0.0,2025-09-28 03:34:56,1
D0005950,U004616,iOS,网页,web,2026-02-05 01:08:47,1
D0005951,U000232,iOS,星购App,5.9.1,2026-06-11 07:40:43,1
D0005952,U002703,Windows,星购App,6.0.0,2026-01-05 08:29:09,1
D0005953,U001434,iOS,星购App,5.8.0,2026-07-01 12:01:34,1
D0005954,U002216,Windows,微信小程序,5.9.1,2025-08-27 13:49:18,1
D0005955,U000157,Android,星购App,5.8.0,2025-09-30 08:48:30,1
D0005956,U001098,Android,星购App,6.0.0,2026-02-12 04:16:12,1
D0005957,U004223,Android,星购App,5.9.1,2025-11-30 05:46:53,1
D0005958,U002148,Android,网页,5.8.0,2025-07-27 08:20:46,1
D0005959,U003444,iOS,星购App,6.0.0,2026-05-14 00:56:13,1
D0005960,U003336,Android,星购App,6.0.0,2025-08-20 17:24:27,1
D0005961,U001671,iOS,微信小程序,5.8.0,2026-02-09 02:49:15,1
D0005962,U004806,Android,星购App,5.9.1,2025-09-19 16:12:07,1
D0005963,U000028,iOS,星购App,5.9.1,2026-07-08 16:38:08,1
D0005964,U003072,Android,星购App,6.0.0,2025-08-16 20:14:30,1
D0005965,U000903,Android,星购App,5.9.1,2026-02-23 08:44:49,1
D0005966,U001763,Windows,星购App,5.9.1,2025-05-03 00:48:48,1
D0005967,U001464,Android,星购App,5.8.0,2025-09-19 21:42:50,1
D0005968,U004306,iOS,星购App,5.8.0,2026-05-09 14:04:33,1
D0005969,U004608,Android,星购App,5.9.1,2025-02-25 01:31:25,1
D0005970,U002458,Windows,星购App,5.9.1,2026-08-12 06:01:40,1
D0005971,U002255,Android,星购App,5.9.1,2026-07-06 10:21:01,1
D0005972,U003725,Windows,星购App,6.0.0,2025-01-05 18:33:17,1
D0005973,U003137,macOS,星购App,6.0.0,2026-01-14 03:31:28,1
D0005974,U004336,Windows,网页,6.0.0,2026-05-14 06:34:17,1
D0005975,U004774,macOS,星购App,5.8.0,2025-02-24 05:59:49,1
D0005976,U002074,Android,星购App,5.9.1,2025-08-09 17:04:29,1
D0005977,U001040,Android,星购App,5.8.0,2025-05-12 00:02:15,1
D0005978,U003384,macOS,微信小程序,5.9.1,2025-07-09 14:08:15,1
D0005979,U004718,iOS,星购App,5.9.1,2026-01-03 13:29:02,1
D0005980,U002376,iOS,星购App,5.8.0,2025-09-18 21:20:05,1
D0005981,U004428,Android,星购App,5.9.1,2025-12-25 03:26:48,1
D0005982,U000255,iOS,星购App,6.0.0,2025-12-31 06:48:47,1
D0005983,U002846,iOS,星购App,5.8.0,2025-02-07 11:42:19,1
D0005984,U004642,iOS,微信小程序,6.0.0,2025-08-27 13:32:40,1
D0005985,U003579,Android,网页,5.8.0,2026-02-09 07:23:23,1
D0005986,U001537,Android,网页,6.0.0,2025-05-27 21:51:28,1
D0005987,U003466,iOS,微信小程序,web,2026-02-03 14:18:35,1
D0005988,U003576,Android,星购App,5.8.0,2025-02-22 09:52:26,1
D0005989,U001870,iOS,微信小程序,web,2025-06-28 03:25:56,1
D0005990,U003719,Windows,星购App,5.9.1,2026-06-12 05:27:13,1
D0005991,U002409,Android,星购App,6.0.0,2026-02-11 13:41:04,1
D0005992,U002404,Android,星购App,6.0.0,2026-06-25 10:25:27,1
D0005993,U001521,Android,星购App,5.9.1,2025-10-22 19:24:56,1
D0005994,U004734,Android,星购App,6.0.0,2025-11-07 17:44:28,1
D0005995,U001245,Windows,星购App,5.9.1,2025-10-23 00:54:09,1
D0005996,U003254,Windows,网页,6.0.0,2025-11-21 21:32:51,1
D0005997,U000195,Android,星购App,6.0.0,2026-03-01 13:05:10,1
D0005998,U000061,Android,微信小程序,5.8.0,2026-02-11 22:02:00,1
D0005999,U001114,iOS,星购App,5.8.0,2026-01-17 14:43:41,1
D0006000,U002935,Windows,星购App,web,2025-07-11 19:21:05,1
D0006001,U000196,Android,星购App,5.9.1,2025-09-24 22:02:53,1
D0006002,U004668,iOS,星购App,6.0.0,2026-02-19 07:39:43,1
D0006003,U002964,Android,星购App,6.0.0,2025-07-26 22:38:09,1
D0006004,U003274,Android,微信小程序,6.0.0,2025-05-17 05:24:34,1
D0006005,U002938,iOS,微信小程序,5.9.1,2026-07-26 09:42:05,1
D0006006,U004533,iOS,星购App,5.9.1,2025-07-19 03:01:12,1
D0006007,U002236,iOS,星购App,web,2026-01-05 05:52:31,1
D0006008,U000318,Android,星购App,6.0.0,2025-03-14 15:09:48,1
D0006009,U003918,Android,微信小程序,6.0.0,2026-05-02 05:36:05,1
D0006010,U001308,Android,星购App,5.9.1,2026-08-01 01:57:08,1
D0006011,U004795,iOS,星购App,5.8.0,2026-03-12 05:03:38,1
D0006012,U001160,Android,网页,5.9.1,2026-04-08 21:21:01,1
D0006013,U000591,Windows,星购App,web,2025-07-21 04:39:03,1
D0006014,U000744,iOS,星购App,web,2026-04-14 12:28:22,1
D0006015,U000265,iOS,网页,5.8.0,2025-05-17 15:55:31,1
D0006016,U002325,iOS,星购App,web,2025-12-28 22:23:17,1
D0006017,U004793,iOS,星购App,5.8.0,2025-06-23 02:39:22,1
D0006018,U003342,Android,网页,5.8.0,2026-05-11 04:05:03,1
D0006019,U001070,iOS,星购App,6.0.0,2025-10-06 09:29:04,1
D0006020,U003264,Android,星购App,5.9.1,2025-04-20 21:06:41,1
D0006021,U004295,macOS,星购App,6.0.0,2025-03-25 10:08:11,1
D0006022,U003848,Windows,微信小程序,5.9.1,2025-10-28 10:41:25,1
D0006023,U000512,Windows,星购App,5.9.1,2025-08-01 18:16:05,1
D0006024,U003608,iOS,星购App,5.8.0,2026-08-12 03:41:48,1
D0006025,U001270,Android,星购App,5.9.1,2025-07-13 02:33:56,1
D0006026,U003333,macOS,星购App,6.0.0,2025-02-06 16:57:36,1
D0006027,U000786,iOS,星购App,6.0.0,2025-04-19 15:10:23,1
D0006028,U002774,Windows,网页,6.0.0,2025-08-27 00:51:31,1
D0006029,U001381,macOS,网页,5.8.0,2026-02-18 16:31:46,1
D0006030,U001082,Android,星购App,5.9.1,2025-11-04 14:15:19,1
D0006031,U004526,iOS,网页,5.8.0,2025-02-08 01:23:15,1
D0006032,U003996,iOS,网页,5.9.1,2026-07-10 00:16:30,1
D0006033,U003951,Android,微信小程序,5.8.0,2025-06-29 10:02:53,1
D0006034,U003794,Android,星购App,5.9.1,2026-07-03 01:04:22,1
D0006035,U003310,iOS,星购App,5.8.0,2026-06-07 23:37:36,1
D0006036,U002326,Android,网页,5.9.1,2025-10-11 02:14:15,1
D0006037,U001178,iOS,星购App,5.9.1,2025-05-14 19:02:33,1
D0006038,U000926,Android,星购App,5.9.1,2026-04-27 18:17:06,1
D0006039,U002142,iOS,星购App,5.8.0,2026-05-28 01:38:15,1
D0006040,U003278,iOS,星购App,web,2026-08-14 07:50:49,1
D0006041,U002226,iOS,星购App,6.0.0,2025-10-07 18:02:10,1
D0006042,U002257,iOS,星购App,5.8.0,2025-12-30 09:11:55,1
D0006043,U004357,Android,微信小程序,5.9.1,2025-09-30 15:11:29,1
D0006044,U001538,Android,星购App,5.9.1,2026-08-12 18:05:01,1
D0006045,U001805,Android,网页,web,2025-02-19 18:14:26,1
D0006046,U003756,Windows,星购App,web,2026-05-31 01:27:40,1
D0006047,U004013,Windows,微信小程序,5.9.1,2026-02-24 13:30:43,1
D0006048,U003144,Windows,星购App,5.9.1,2025-07-29 22:56:41,1
D0006049,U001550,Windows,星购App,5.8.0,2025-07-12 12:41:26,1
D0006050,U001661,Windows,星购App,6.0.0,2025-09-13 08:14:18,1
D0006051,U001489,macOS,星购App,5.9.1,2026-07-23 20:29:15,1
D0006052,U002466,Android,星购App,5.9.1,2025-04-01 04:45:37,1
D0006053,U000329,Android,网页,6.0.0,2025-08-12 01:01:36,1
D0006054,U003550,Android,网页,6.0.0,2026-01-30 02:08:24,1
D0006055,U000052,Android,星购App,5.9.1,2025-10-12 15:50:29,1
D0006056,U003749,Android,网页,5.9.1,2026-08-18 21:02:11,1
D0006057,U002239,Android,星购App,web,2026-05-08 23:28:01,1
D0006058,U003269,Android,微信小程序,5.9.1,2025-11-20 18:24:07,1
D0006059,U000230,Android,网页,6.0.0,2026-02-28 22:50:56,1
D0006060,U002808,Android,星购App,web,2025-12-15 00:11:12,1
D0006061,U002750,iOS,星购App,5.9.1,2025-12-05 23:16:45,1
D0006062,U001869,Android,星购App,5.8.0,2025-09-19 03:10:10,1
D0006063,U003767,Android,星购App,5.8.0,2025-12-17 22:31:56,1
D0006064,U004501,Android,星购App,6.0.0,2025-05-16 22:55:39,1
D0006065,U002335,Android,网页,5.9.1,2025-04-14 08:13:00,1
D0006066,U004297,Windows,星购App,5.8.0,2026-08-05 05:48:32,1
D0006067,U000020,Windows,星购App,5.8.0,2025-08-20 13:20:54,1
D0006068,U003843,Android,星购App,5.9.1,2026-06-12 01:56:28,1
D0006069,U001945,Android,网页,5.8.0,2026-08-09 03:17:52,1
D0006070,U000096,Android,星购App,5.9.1,2026-02-02 13:34:44,1
D0006071,U001204,Android,网页,web,2025-04-02 05:55:37,1
D0006072,U003040,Android,星购App,6.0.0,2026-01-15 10:20:20,1
D0006073,U003710,iOS,星购App,5.8.0,2025-11-24 23:08:22,1
D0006074,U000068,Android,星购App,5.9.1,2025-08-22 02:03:41,1
D0006075,U004007,iOS,星购App,5.9.1,2026-03-04 09:55:05,1
D0006076,U004835,iOS,星购App,6.0.0,2025-01-23 17:21:38,1
D0006077,U004431,Android,星购App,5.8.0,2026-03-11 02:33:09,1
D0006078,U004630,Android,星购App,5.8.0,2026-03-15 08:15:24,1
D0006079,U002727,iOS,网页,5.8.0,2025-04-29 17:37:11,1
D0006080,U004475,Android,星购App,6.0.0,2025-06-01 16:48:10,1
D0006081,U004254,Android,星购App,5.9.1,2025-07-06 06:00:27,1
D0006082,U002549,iOS,星购App,6.0.0,2025-03-11 17:15:42,1
D0006083,U000515,iOS,微信小程序,6.0.0,2026-07-31 00:25:21,1
D0006084,U000877,iOS,网页,5.9.1,2025-07-19 17:28:11,1
D0006085,U001188,Android,星购App,6.0.0,2025-12-25 22:38:21,1
D0006086,U002163,iOS,星购App,6.0.0,2025-11-10 17:03:02,1
D0006087,U002409,Android,星购App,5.8.0,2025-09-20 23:13:16,1
D0006088,U004539,Android,星购App,6.0.0,2026-02-22 13:13:05,1
D0006089,U001316,Windows,星购App,5.9.1,2025-11-02 02:07:34,1
D0006090,U004893,iOS,微信小程序,6.0.0,2025-09-25 00:50:21,1
D0006091,U000210,Android,微信小程序,6.0.0,2025-01-05 14:36:58,1
D0006092,U004087,Android,微信小程序,web,2025-08-25 13:49:31,1
D0006093,U004464,Android,星购App,6.0.0,2025-06-08 15:35:10,1
D0006094,U004974,Android,星购App,5.9.1,2025-07-13 17:18:25,1
D0006095,U004800,iOS,星购App,5.9.1,2025-03-05 04:00:14,1
D0006096,U000758,iOS,星购App,5.9.1,2026-04-26 14:59:05,1
D0006097,U001135,Android,星购App,5.8.0,2025-09-23 22:31:17,1
D0006098,U002564,Windows,微信小程序,5.8.0,2025-12-01 19:29:38,1
D0006099,U003024,iOS,星购App,web,2025-01-19 06:37:11,1
D0006100,U004955,Windows,微信小程序,6.0.0,2025-05-23 09:34:34,1
D0006101,U001953,macOS,网页,5.8.0,2025-07-10 15:45:13,1
D0006102,U001158,Android,星购App,6.0.0,2026-04-12 21:45:59,1
D0006103,U003885,Windows,星购App,6.0.0,2025-02-25 14:43:25,1
D0006104,U004854,iOS,网页,5.9.1,2025-04-15 02:00:10,1
D0006105,U001826,Android,星购App,5.8.0,2025-05-07 14:17:16,1
D0006106,U004528,macOS,微信小程序,6.0.0,2026-03-22 20:51:24,1
D0006107,U004406,Android,微信小程序,5.9.1,2026-07-16 20:09:18,1
D0006108,U000607,Android,微信小程序,5.9.1,2025-06-08 18:11:19,1
D0006109,U003189,iOS,微信小程序,5.9.1,2025-02-01 07:46:24,1
D0006110,U001451,Android,星购App,6.0.0,2025-02-28 17:55:25,1
D0006111,U001678,iOS,星购App,web,2026-01-05 03:12:58,1
D0006112,U003328,Android,微信小程序,6.0.0,2026-04-23 19:14:11,1
D0006113,U001695,iOS,网页,5.8.0,2025-04-02 03:03:56,1
D0006114,U001002,iOS,微信小程序,6.0.0,2025-11-04 18:21:29,1
D0006115,U001577,Android,网页,6.0.0,2025-01-19 09:02:06,1
D0006116,U001258,Android,星购App,5.8.0,2026-02-11 11:23:56,1
D0006117,U004571,Android,星购App,6.0.0,2025-07-10 16:53:27,1
D0006118,U000305,Windows,网页,5.9.1,2025-03-14 17:53:49,1
D0006119,U004062,Android,星购App,6.0.0,2025-07-30 05:38:00,1
D0006120,U004095,Windows,微信小程序,5.9.1,2025-04-27 07:44:41,1
D0006121,U003398,Android,微信小程序,5.9.1,2026-01-21 21:58:14,1
D0006122,U000260,iOS,星购App,6.0.0,2025-09-18 18:42:31,1
D0006123,U003971,Windows,微信小程序,5.9.1,2025-02-12 04:18:54,1
D0006124,U004718,Android,星购App,6.0.0,2025-06-10 06:19:56,1
D0006125,U002747,iOS,星购App,6.0.0,2026-04-22 10:07:42,1
D0006126,U000019,Android,星购App,5.9.1,2025-05-14 22:11:09,1
D0006127,U004897,Android,星购App,6.0.0,2025-04-27 12:27:04,1
D0006128,U000380,Android,星购App,5.8.0,2025-11-20 00:15:58,1
D0006129,U004767,Android,微信小程序,5.9.1,2025-04-11 12:54:36,1
D0006130,U002391,iOS,星购App,5.8.0,2025-09-15 02:11:34,1
D0006131,U004137,Android,星购App,web,2025-06-09 23:13:02,1
D0006132,U000397,iOS,星购App,6.0.0,2025-10-11 14:33:13,1
D0006133,U003325,Android,微信小程序,6.0.0,2026-04-02 13:10:03,1
D0006134,U001331,Android,星购App,6.0.0,2025-10-02 04:17:04,1
D0006135,U000608,Android,星购App,5.8.0,2026-05-07 07:53:41,1
D0006136,U002790,Android,星购App,5.9.1,2026-06-11 01:46:33,1
D0006137,U002855,Android,星购App,6.0.0,2026-08-19 07:15:49,1
D0006138,U004619,Android,星购App,web,2025-07-27 17:38:23,1
D0006139,U004233,Android,星购App,web,2025-07-25 04:25:23,1
D0006140,U001318,Android,微信小程序,5.8.0,2026-04-26 06:54:25,1
D0006141,U002282,Android,星购App,6.0.0,2026-01-29 07:00:28,1
D0006142,U004643,iOS,星购App,6.0.0,2026-05-17 02:42:04,1
D0006143,U001798,Android,星购App,6.0.0,2025-06-27 22:12:27,1
D0006144,U000681,iOS,微信小程序,5.9.1,2026-04-10 03:29:26,1
D0006145,U003382,iOS,星购App,web,2025-08-24 15:40:09,1
D0006146,U003566,Windows,微信小程序,web,2025-08-02 10:22:58,1
D0006147,U001169,Windows,网页,6.0.0,2025-09-19 22:59:01,1
D0006148,U000885,Windows,星购App,web,2026-06-19 20:41:24,1
D0006149,U001382,iOS,网页,5.8.0,2026-01-13 21:27:29,1
D0006150,U004772,iOS,星购App,web,2026-02-17 22:20:20,1
D0006151,U001702,Windows,星购App,5.9.1,2025-12-28 16:25:54,1
D0006152,U004976,Android,星购App,5.9.1,2026-05-08 07:25:17,1
D0006153,U000198,Android,星购App,5.8.0,2026-01-21 22:40:13,1
D0006154,U002675,Android,网页,5.9.1,2025-12-12 20:25:39,1
D0006155,U004260,macOS,微信小程序,web,2025-05-24 04:46:28,1
D0006156,U004828,iOS,星购App,5.8.0,2026-01-05 05:59:31,1
D0006157,U003805,Android,星购App,6.0.0,2025-09-02 21:14:56,1
D0006158,U001464,Android,星购App,5.9.1,2026-01-30 14:40:20,1
D0006159,U002626,Android,星购App,5.9.1,2025-07-26 03:10:51,1
D0006160,U000892,Windows,微信小程序,web,2026-06-17 09:15:52,1
D0006161,U004428,iOS,星购App,5.8.0,2025-10-04 08:02:52,1
D0006162,U003256,Android,网页,5.9.1,2025-02-06 21:55:03,1
D0006163,U001610,iOS,微信小程序,5.9.1,2025-01-31 23:02:36,1
D0006164,U004281,iOS,网页,6.0.0,2025-12-26 17:58:00,1
D0006165,U004044,macOS,星购App,web,2026-03-07 16:21:34,1
D0006166,U003242,Windows,星购App,6.0.0,2025-02-03 05:45:02,1
D0006167,U003971,macOS,星购App,web,2026-07-19 02:45:29,1
D0006168,U003518,macOS,星购App,6.0.0,2025-03-12 16:30:57,1
D0006169,U002969,Android,网页,6.0.0,2025-12-30 17:54:09,1
D0006170,U001142,Windows,星购App,6.0.0,2026-01-19 11:04:59,1
D0006171,U000927,Windows,星购App,5.9.1,2025-11-19 10:25:36,1
D0006172,U001109,Android,微信小程序,5.9.1,2026-07-09 14:52:27,1
D0006173,U003679,Android,星购App,5.8.0,2025-06-20 02:23:16,1
D0006174,U003689,Android,星购App,web,2026-04-25 08:42:09,1
D0006175,U003881,Android,星购App,6.0.0,2025-04-06 08:23:25,1
D0006176,U003462,iOS,星购App,5.9.1,2025-12-06 12:28:52,1
D0006177,U000484,Android,微信小程序,5.9.1,2025-10-04 16:35:46,1
D0006178,U003885,Android,微信小程序,5.9.1,2025-11-02 11:00:49,1
D0006179,U001183,iOS,星购App,6.0.0,2026-08-10 05:30:00,1
D0006180,U004460,iOS,星购App,5.8.0,2025-10-02 05:21:33,1
D0006181,U000354,macOS,星购App,6.0.0,2025-01-29 17:39:19,1
D0006182,U003741,Android,网页,6.0.0,2025-05-25 07:34:37,1
D0006183,U002311,Android,星购App,6.0.0,2026-04-14 03:00:59,1
D0006184,U000367,iOS,星购App,5.9.1,2025-09-02 22:54:52,1
D0006185,U002314,iOS,星购App,5.9.1,2026-07-28 06:24:34,1
D0006186,U002559,Android,星购App,5.8.0,2025-02-17 21:29:14,1
D0006187,U000983,Android,星购App,5.8.0,2025-05-16 12:37:21,1
D0006188,U003156,macOS,星购App,web,2025-03-17 01:52:59,1
D0006189,U003761,Android,微信小程序,5.9.1,2025-04-07 09:58:41,1
D0006190,U003394,Android,微信小程序,6.0.0,2026-07-02 09:09:06,1
D0006191,U004360,macOS,微信小程序,5.9.1,2025-07-10 03:48:40,1
D0006192,U003536,Android,网页,5.9.1,2025-03-09 10:35:07,1
D0006193,U004309,iOS,星购App,5.8.0,2025-08-19 16:20:05,1
D0006194,U000507,Android,微信小程序,5.9.1,2025-10-28 03:59:34,1
D0006195,U000231,iOS,星购App,web,2025-08-03 19:49:06,1
D0006196,U000377,iOS,微信小程序,6.0.0,2025-10-18 11:10:13,1
D0006197,U001426,iOS,星购App,5.9.1,2025-03-14 01:03:52,1
D0006198,U003102,Android,微信小程序,6.0.0,2025-07-07 10:53:37,1
D0006199,U003793,Android,网页,6.0.0,2025-01-29 23:01:04,1
D0006200,U000587,Android,星购App,5.9.1,2026-08-12 19:03:46,1
D0006201,U000132,iOS,微信小程序,5.8.0,2025-12-24 15:19:11,1
D0006202,U001314,iOS,微信小程序,web,2026-08-03 00:23:19,1
D0006203,U001935,Android,星购App,6.0.0,2026-06-03 23:04:14,1
D0006204,U001647,Android,星购App,6.0.0,2025-04-22 11:04:33,1
D0006205,U004346,iOS,网页,5.9.1,2025-09-05 20:49:55,1
D0006206,U004586,macOS,星购App,5.9.1,2026-01-22 16:07:57,1
D0006207,U003151,Windows,微信小程序,5.9.1,2025-12-02 05:31:20,1
D0006208,U003014,Android,星购App,5.9.1,2025-09-30 07:11:47,1
D0006209,U001372,Android,微信小程序,5.9.1,2025-10-07 07:49:14,1
D0006210,U001162,iOS,微信小程序,6.0.0,2026-01-01 23:38:31,1
D0006211,U000885,iOS,星购App,6.0.0,2025-10-23 09:49:29,1
D0006212,U003530,Android,星购App,web,2026-06-22 16:30:16,1
D0006213,U003179,Android,网页,6.0.0,2026-04-10 05:22:07,1
D0006214,U000127,Android,星购App,5.9.1,2025-03-19 00:06:53,1
D0006215,U001353,Android,星购App,5.8.0,2025-05-26 06:41:33,1
D0006216,U004219,iOS,星购App,5.8.0,2026-03-24 00:10:47,1
D0006217,U001685,Android,星购App,5.8.0,2026-06-01 16:02:00,1
D0006218,U002200,Windows,星购App,5.8.0,2026-07-12 22:20:48,1
D0006219,U004710,macOS,微信小程序,5.8.0,2026-05-01 23:48:57,1
D0006220,U001612,Android,微信小程序,5.8.0,2025-09-20 02:50:08,1
D0006221,U000662,Android,星购App,5.9.1,2026-02-11 18:29:45,1
D0006222,U002890,Android,微信小程序,6.0.0,2025-07-08 21:27:58,1
D0006223,U004901,Android,微信小程序,6.0.0,2025-08-15 00:32:15,1
D0006224,U003807,Android,星购App,5.9.1,2025-10-16 22:28:01,1
D0006225,U001506,Android,网页,5.8.0,2026-04-14 07:55:20,1
D0006226,U004419,iOS,网页,5.8.0,2026-06-11 19:40:47,1
D0006227,U001969,iOS,微信小程序,6.0.0,2026-01-08 11:50:42,1
D0006228,U000325,iOS,星购App,6.0.0,2025-09-19 05:34:54,1
D0006229,U001941,Android,星购App,6.0.0,2025-10-23 02:35:13,1
D0006230,U004819,iOS,星购App,5.9.1,2026-05-11 11:55:19,1
D0006231,U003561,Android,微信小程序,6.0.0,2026-06-19 00:35:36,1
D0006232,U004812,Windows,星购App,6.0.0,2025-05-14 09:53:58,1
D0006233,U004615,iOS,星购App,5.8.0,2025-08-12 23:37:17,1
D0006234,U001352,Android,星购App,5.9.1,2026-03-05 08:05:54,1
D0006235,U003062,iOS,星购App,6.0.0,2025-03-25 11:53:21,1
D0006236,U000767,Android,微信小程序,6.0.0,2026-03-14 07:18:08,1
D0006237,U002373,Windows,星购App,5.8.0,2026-04-11 14:43:57,1
D0006238,U001704,iOS,星购App,5.8.0,2025-04-28 15:44:57,1
D0006239,U003969,Windows,星购App,6.0.0,2026-07-22 08:26:03,1
D0006240,U000022,Android,星购App,6.0.0,2025-10-22 22:56:31,1
D0006241,U000832,Android,网页,web,2025-04-14 11:27:40,1
D0006242,U003599,Android,星购App,6.0.0,2025-06-26 15:18:28,1
D0006243,U002814,macOS,星购App,5.8.0,2025-05-17 14:50:57,1
D0006244,U002509,Android,星购App,6.0.0,2026-01-25 00:23:01,1
D0006245,U000986,iOS,星购App,5.8.0,2025-08-31 02:48:07,1
D0006246,U001616,Android,星购App,5.8.0,2026-04-30 10:13:30,1
D0006247,U000261,iOS,星购App,5.8.0,2026-05-15 07:12:39,1
D0006248,U004854,Android,微信小程序,6.0.0,2025-06-17 03:32:10,1
D0006249,U001522,iOS,星购App,5.8.0,2025-11-05 01:07:43,1
D0006250,U000484,Android,星购App,5.9.1,2026-03-03 20:11:48,1
D0006251,U003895,Android,微信小程序,6.0.0,2025-11-22 04:20:08,1
D0006252,U002912,iOS,星购App,5.8.0,2026-05-23 20:43:21,1
D0006253,U004553,Windows,微信小程序,5.8.0,2025-02-05 17:53:59,1
D0006254,U003526,iOS,微信小程序,5.8.0,2025-11-26 12:08:04,1
D0006255,U000418,Android,星购App,5.8.0,2026-06-21 13:21:24,1
D0006256,U002754,iOS,星购App,web,2026-05-14 11:27:49,1
D0006257,U002237,iOS,网页,5.8.0,2026-04-18 18:20:00,1
D0006258,U000316,Windows,网页,5.8.0,2025-03-26 23:40:18,1
D0006259,U001704,iOS,网页,5.9.1,2025-06-06 04:59:51,1
D0006260,U000165,Android,星购App,web,2026-04-12 02:48:16,1
D0006261,U000898,iOS,星购App,5.8.0,2025-10-21 19:33:06,1
D0006262,U000055,Android,星购App,6.0.0,2025-07-10 01:03:13,1
D0006263,U000168,iOS,星购App,5.9.1,2025-01-13 18:36:08,1
D0006264,U002595,iOS,星购App,web,2025-10-12 11:30:11,1
D0006265,U003451,iOS,网页,6.0.0,2025-12-07 12:59:23,1
D0006266,U002869,Android,星购App,6.0.0,2026-01-27 04:30:06,1
D0006267,U001732,Android,微信小程序,web,2025-10-17 06:59:00,1
D0006268,U004818,iOS,微信小程序,5.8.0,2026-04-27 17:20:57,1
D0006269,U002374,Android,星购App,web,2025-11-15 05:48:59,1
D0006270,U001436,Windows,网页,6.0.0,2025-07-20 16:46:07,1
D0006271,U000005,iOS,微信小程序,5.8.0,2026-03-31 19:07:55,1
D0006272,U001446,iOS,微信小程序,5.9.1,2025-05-11 18:57:53,1
D0006273,U002712,iOS,星购App,5.9.1,2026-06-11 15:44:25,1
D0006274,U003424,iOS,网页,6.0.0,2025-04-27 17:59:10,1
D0006275,U004328,Android,星购App,5.9.1,2025-03-10 04:53:18,1
D0006276,U002485,Android,星购App,5.9.1,2025-05-01 18:50:39,1
D0006277,U002873,iOS,网页,5.9.1,2025-06-27 12:25:04,1
D0006278,U002010,iOS,网页,5.9.1,2026-02-15 04:24:09,1
D0006279,U004454,Android,微信小程序,web,2026-05-03 11:20:01,1
D0006280,U000988,Android,星购App,5.9.1,2025-05-06 18:29:45,1
D0006281,U000216,Windows,星购App,5.8.0,2025-08-17 04:01:01,1
D0006282,U002119,iOS,星购App,6.0.0,2026-07-05 17:55:24,1
D0006283,U004372,Windows,星购App,5.9.1,2025-10-30 09:02:15,1
D0006284,U004390,iOS,微信小程序,5.9.1,2025-04-08 15:05:13,1
D0006285,U002927,Android,星购App,5.9.1,2025-06-26 23:14:59,1
D0006286,U003311,Android,网页,5.9.1,2026-03-23 00:05:44,1
D0006287,U002180,Windows,星购App,5.9.1,2025-06-21 17:10:59,1
D0006288,U003226,macOS,星购App,5.9.1,2025-01-23 17:27:36,1
D0006289,U004070,Android,星购App,5.8.0,2025-06-23 08:08:34,1
D0006290,U003399,Windows,微信小程序,5.8.0,2026-07-21 19:42:22,1
D0006291,U001599,Windows,星购App,5.9.1,2026-02-07 04:54:53,1
D0006292,U004974,iOS,星购App,5.9.1,2026-03-04 16:02:08,1
D0006293,U002720,Android,网页,6.0.0,2025-09-18 11:10:35,1
D0006294,U001180,iOS,星购App,5.9.1,2025-01-30 03:05:27,1
D0006295,U004268,Android,星购App,6.0.0,2026-01-31 10:11:47,1
D0006296,U004289,Android,星购App,6.0.0,2025-10-05 13:51:49,1
D0006297,U003490,Windows,网页,5.8.0,2025-03-15 16:58:09,1
D0006298,U002142,iOS,星购App,5.9.1,2025-11-12 07:17:26,1
D0006299,U004992,iOS,星购App,5.8.0,2026-05-29 02:53:25,1
D0006300,U004232,Android,星购App,web,2026-07-06 09:24:27,1
D0006301,U002643,Android,星购App,5.9.1,2025-09-04 01:00:09,1
D0006302,U004569,Android,微信小程序,5.8.0,2026-06-29 14:00:46,1
D0006303,U003162,Android,网页,6.0.0,2026-08-01 23:16:57,1
D0006304,U000340,Android,网页,6.0.0,2026-08-14 03:42:44,1
D0006305,U001974,Android,星购App,6.0.0,2026-06-09 14:24:18,1
D0006306,U002997,iOS,星购App,6.0.0,2025-09-09 13:00:26,1
D0006307,U000037,Android,星购App,5.9.1,2026-04-13 17:33:09,1
D0006308,U001929,Windows,星购App,6.0.0,2026-02-20 21:34:27,1
D0006309,U001253,Android,星购App,5.9.1,2026-03-23 03:15:34,1
D0006310,U002637,Android,星购App,web,2025-02-22 23:58:56,1
D0006311,U002127,Android,网页,5.9.1,2025-01-31 20:16:28,1
D0006312,U002271,macOS,微信小程序,6.0.0,2026-06-29 14:19:53,1
D0006313,U003988,Android,星购App,5.8.0,2025-04-12 22:58:32,1
D0006314,U002285,Android,网页,5.8.0,2026-06-04 08:07:06,1
D0006315,U003500,iOS,微信小程序,5.9.1,2026-08-08 12:48:25,1
D0006316,U004155,iOS,星购App,6.0.0,2025-01-04 16:57:17,1
D0006317,U002120,Android,星购App,5.9.1,2025-09-06 12:34:50,1
D0006318,U000740,Android,微信小程序,5.9.1,2026-01-07 13:59:05,1
D0006319,U002669,Android,星购App,6.0.0,2025-04-24 14:20:28,1
D0006320,U004297,Android,星购App,5.9.1,2026-07-02 20:14:13,1
D0006321,U000174,Windows,星购App,5.9.1,2025-01-20 13:40:14,1
D0006322,U000399,Android,星购App,5.8.0,2025-09-10 00:01:03,1
D0006323,U002025,Android,星购App,5.9.1,2025-04-06 23:05:34,1
D0006324,U003702,Android,星购App,5.9.1,2026-05-31 16:28:02,1
D0006325,U004718,iOS,星购App,5.8.0,2025-06-27 15:41:38,1
D0006326,U004861,Android,星购App,5.8.0,2025-04-05 01:01:22,1
D0006327,U000960,iOS,网页,5.9.1,2025-02-16 21:09:05,1
D0006328,U003638,Android,星购App,web,2026-04-06 16:30:47,1
D0006329,U002167,Android,微信小程序,5.9.1,2026-07-15 17:55:36,1
D0006330,U002538,iOS,星购App,web,2025-12-03 20:33:33,1
D0006331,U001109,Android,星购App,6.0.0,2025-06-03 01:03:19,1
D0006332,U004500,Android,星购App,web,2025-11-17 08:30:20,1
D0006333,U001165,Android,网页,5.9.1,2025-02-25 21:40:59,1
D0006334,U001695,Windows,星购App,6.0.0,2026-07-20 02:39:11,1
D0006335,U002980,Android,网页,6.0.0,2025-10-08 10:53:34,1
D0006336,U002823,Windows,星购App,web,2026-03-01 08:57:59,1
D0006337,U004729,Android,星购App,5.8.0,2025-12-12 16:59:58,1
D0006338,U000536,Android,星购App,5.9.1,2025-05-16 18:21:20,1
D0006339,U004861,iOS,星购App,5.9.1,2026-07-22 13:52:31,1
D0006340,U004096,Android,星购App,5.8.0,2025-07-30 21:32:20,1
D0006341,U000779,iOS,网页,web,2026-05-03 19:41:22,1
D0006342,U002525,Android,星购App,6.0.0,2026-04-18 00:11:01,1
D0006343,U000966,iOS,星购App,5.8.0,2026-05-17 16:31:15,1
D0006344,U000476,Android,微信小程序,6.0.0,2025-05-07 10:30:27,1
D0006345,U003650,Android,星购App,5.9.1,2026-02-03 10:34:29,1
D0006346,U000031,iOS,星购App,6.0.0,2026-01-20 03:59:10,1
D0006347,U001944,Windows,星购App,5.8.0,2025-12-25 08:20:35,1
D0006348,U002557,Android,星购App,web,2026-01-05 07:10:50,1
D0006349,U003289,iOS,微信小程序,web,2025-08-30 04:49:36,1
D0006350,U000101,Android,星购App,web,2025-05-19 02:47:40,1
D0006351,U002442,iOS,微信小程序,5.8.0,2026-02-01 00:17:02,1
D0006352,U000860,iOS,星购App,6.0.0,2025-10-26 02:56:49,1
D0006353,U003782,Android,微信小程序,6.0.0,2026-06-10 16:52:30,1
D0006354,U003080,Android,微信小程序,6.0.0,2025-07-29 06:38:32,1
D0006355,U001109,iOS,星购App,5.9.1,2026-02-12 09:43:23,1
D0006356,U000474,iOS,星购App,5.8.0,2025-03-24 08:48:01,1
D0006357,U000675,iOS,星购App,6.0.0,2026-02-15 06:39:22,1
D0006358,U001227,iOS,星购App,6.0.0,2026-02-10 11:03:02,1
D0006359,U003591,Android,星购App,6.0.0,2025-06-27 21:16:43,1
D0006360,U002178,Android,星购App,5.8.0,2025-08-05 14:55:25,1
D0006361,U003253,Android,星购App,5.9.1,2026-04-18 03:45:27,1
D0006362,U004633,iOS,星购App,5.9.1,2026-03-26 10:31:00,1
D0006363,U004737,Android,星购App,6.0.0,2025-10-28 02:32:40,1
D0006364,U004593,Windows,星购App,6.0.0,2025-03-17 00:49:56,1
D0006365,U002822,iOS,星购App,6.0.0,2026-01-09 14:41:42,1
D0006366,U002453,iOS,星购App,5.8.0,2025-09-05 10:44:13,1
D0006367,U002709,Android,网页,web,2026-07-30 10:31:13,1
D0006368,U000786,Android,星购App,5.8.0,2026-03-13 00:38:04,1
D0006369,U001482,macOS,微信小程序,web,2026-06-19 14:51:42,1
D0006370,U000998,iOS,星购App,6.0.0,2025-05-22 18:07:39,1
D0006371,U004319,Android,星购App,6.0.0,2026-01-04 18:25:11,1
D0006372,U004218,Android,星购App,6.0.0,2026-02-25 07:20:05,1
D0006373,U003933,iOS,星购App,5.8.0,2025-11-12 09:06:44,1
D0006374,U004380,Android,网页,5.8.0,2025-04-16 06:14:06,1
D0006375,U002064,Android,星购App,6.0.0,2025-03-02 15:02:54,1
D0006376,U001968,Android,微信小程序,5.8.0,2025-02-17 00:12:13,1
D0006377,U002581,macOS,微信小程序,5.9.1,2025-02-18 22:56:05,1
D0006378,U003892,Android,星购App,5.8.0,2025-03-19 04:02:30,1
D0006379,U003667,Android,星购App,5.8.0,2025-02-05 08:16:05,1
D0006380,U002187,Android,星购App,5.9.1,2025-02-11 02:16:31,1
D0006381,U004550,Android,星购App,5.9.1,2026-06-27 18:16:45,1
D0006382,U003422,iOS,星购App,6.0.0,2025-08-28 22:01:40,1
D0006383,U000330,iOS,微信小程序,5.8.0,2025-03-19 16:55:49,1
D0006384,U001294,iOS,星购App,5.9.1,2026-05-12 12:27:24,1
D0006385,U004748,Android,星购App,6.0.0,2025-03-10 19:29:34,1
D0006386,U003569,iOS,星购App,6.0.0,2025-08-12 17:59:30,1
D0006387,U004068,macOS,星购App,web,2025-06-23 14:11:12,1
D0006388,U001873,Android,星购App,5.8.0,2026-08-06 16:01:11,1
D0006389,U003053,Android,微信小程序,6.0.0,2026-02-26 03:50:36,1
D0006390,U003194,Windows,星购App,6.0.0,2026-07-25 19:37:42,1
D0006391,U000285,iOS,微信小程序,5.8.0,2026-08-08 06:52:17,1
D0006392,U000689,iOS,微信小程序,5.9.1,2026-05-02 22:53:08,1
D0006393,U002636,Android,网页,5.9.1,2026-07-12 09:26:27,1
D0006394,U001339,iOS,星购App,6.0.0,2026-07-21 02:49:17,1
D0006395,U000620,iOS,微信小程序,web,2025-06-17 07:01:30,1
D0006396,U004039,Android,星购App,5.8.0,2025-04-25 00:12:04,1
D0006397,U000122,iOS,网页,5.9.1,2025-09-28 17:05:43,1
D0006398,U001303,iOS,星购App,5.8.0,2025-09-11 18:53:59,1
D0006399,U002156,Android,微信小程序,6.0.0,2026-05-09 06:42:37,1
D0006400,U002631,Android,星购App,web,2025-03-25 00:49:26,1
D0006401,U000797,iOS,星购App,6.0.0,2026-05-02 10:49:26,1
D0006402,U001684,Android,微信小程序,5.9.1,2026-02-23 19:18:42,1
D0006403,U002521,Android,星购App,5.9.1,2025-04-30 08:00:41,1
D0006404,U000628,Android,网页,6.0.0,2025-10-18 08:48:45,1
D0006405,U001069,Android,微信小程序,6.0.0,2026-04-19 03:05:45,1
D0006406,U004138,iOS,微信小程序,5.9.1,2025-07-03 16:32:46,1
D0006407,U001663,Android,星购App,6.0.0,2025-04-11 23:56:10,1
D0006408,U003597,iOS,网页,5.9.1,2026-05-27 00:30:02,1
D0006409,U004220,Android,网页,5.9.1,2025-12-12 18:33:59,1
D0006410,U001135,iOS,星购App,5.9.1,2026-08-01 02:23:59,1
D0006411,U004622,Windows,星购App,5.8.0,2025-11-03 17:43:45,1
D0006412,U000635,macOS,微信小程序,6.0.0,2026-04-04 04:33:39,1
D0006413,U003806,Android,星购App,6.0.0,2026-08-08 23:08:03,1
D0006414,U004019,iOS,星购App,6.0.0,2025-12-13 10:19:03,1
D0006415,U003450,iOS,星购App,5.9.1,2026-04-07 11:18:55,1
D0006416,U001226,Android,微信小程序,6.0.0,2026-04-05 07:00:33,1
D0006417,U003480,Android,星购App,5.9.1,2026-05-03 12:41:44,1
D0006418,U000746,Android,网页,6.0.0,2025-12-13 12:38:47,1
D0006419,U003489,iOS,星购App,6.0.0,2025-10-12 13:23:36,1
D0006420,U003156,Android,星购App,6.0.0,2026-01-05 20:21:43,1
D0006421,U004595,Android,微信小程序,5.9.1,2025-04-12 06:05:30,1
D0006422,U002370,Android,星购App,web,2025-04-08 20:45:11,1
D0006423,U002067,Android,星购App,5.9.1,2026-03-05 20:36:14,1
D0006424,U000220,Android,微信小程序,6.0.0,2025-09-13 03:35:40,1
D0006425,U003708,Android,星购App,5.9.1,2025-04-16 22:47:11,1
D0006426,U000720,Android,星购App,6.0.0,2025-12-31 00:26:06,1
D0006427,U001773,Windows,星购App,5.9.1,2025-05-18 09:46:19,1
D0006428,U003434,Android,网页,5.9.1,2025-01-26 18:59:54,1
D0006429,U001833,Android,星购App,5.8.0,2025-09-09 12:30:40,1
D0006430,U003362,Android,星购App,web,2025-01-17 06:00:56,1
D0006431,U000706,Windows,微信小程序,5.8.0,2025-12-11 10:39:35,1
D0006432,U004353,Android,星购App,5.9.1,2025-09-12 14:22:12,1
D0006433,U003566,Android,星购App,5.9.1,2025-12-03 11:01:17,1
D0006434,U000608,iOS,星购App,5.9.1,2025-04-19 02:18:50,1
D0006435,U001940,Android,网页,5.9.1,2026-04-21 15:16:49,1
D0006436,U004793,iOS,星购App,5.9.1,2025-10-02 08:20:06,1
D0006437,U003135,Android,微信小程序,5.8.0,2025-07-20 00:51:15,1
D0006438,U003199,Android,星购App,6.0.0,2026-02-11 22:12:18,1
D0006439,U001313,Android,星购App,5.8.0,2025-05-08 20:40:32,1
D0006440,U004480,iOS,星购App,5.9.1,2025-06-06 09:38:55,1
D0006441,U003936,Android,星购App,5.9.1,2026-06-04 09:49:59,1
D0006442,U002733,Android,星购App,6.0.0,2025-07-24 22:37:33,1
D0006443,U001544,iOS,星购App,6.0.0,2026-03-25 20:15:20,1
D0006444,U003404,Android,星购App,6.0.0,2025-08-11 05:16:42,1
D0006445,U002919,Android,星购App,5.8.0,2026-06-21 07:14:45,1
D0006446,U003130,Android,微信小程序,5.9.1,2026-03-16 16:27:14,1
D0006447,U000306,iOS,星购App,5.9.1,2026-07-15 15:29:28,1
D0006448,U002336,iOS,星购App,5.9.1,2025-11-27 20:52:32,1
D0006449,U004022,macOS,微信小程序,5.9.1,2025-01-15 13:49:13,1
D0006450,U000341,Windows,微信小程序,5.9.1,2026-04-19 05:41:22,1
D0006451,U003654,iOS,微信小程序,5.8.0,2025-11-22 18:17:59,1
D0006452,U003282,Android,网页,5.9.1,2025-06-03 02:02:52,1
D0006453,U004143,iOS,星购App,web,2025-10-08 01:30:10,1
D0006454,U002106,Android,星购App,5.9.1,2025-10-05 11:35:42,1
D0006455,U003851,Android,星购App,5.9.1,2025-04-14 08:14:19,1
D0006456,U004790,Android,网页,6.0.0,2026-04-28 22:01:47,1
D0006457,U000700,Android,星购App,5.8.0,2026-05-21 14:35:40,1
D0006458,U003140,Android,网页,5.8.0,2025-01-26 13:26:16,1
D0006459,U000206,iOS,星购App,5.8.0,2025-12-29 16:54:43,1
D0006460,U003194,iOS,星购App,5.9.1,2025-05-16 10:16:08,1
D0006461,U004410,iOS,星购App,5.9.1,2026-05-05 07:40:18,1
D0006462,U002472,Android,微信小程序,6.0.0,2025-08-15 03:47:10,1
D0006463,U004235,Android,微信小程序,5.9.1,2025-07-06 05:27:01,1
D0006464,U001882,Android,星购App,6.0.0,2025-09-19 05:35:20,1
D0006465,U001206,Android,微信小程序,5.8.0,2025-04-01 08:45:35,1
D0006466,U004796,Android,微信小程序,5.9.1,2026-06-22 07:27:02,1
D0006467,U003232,iOS,星购App,web,2025-08-02 09:09:59,1
D0006468,U001112,iOS,星购App,5.8.0,2025-11-08 23:22:14,1
D0006469,U000862,Android,微信小程序,5.9.1,2025-05-25 14:22:02,1
D0006470,U003016,Android,微信小程序,5.8.0,2026-02-08 17:28:00,1
D0006471,U001048,Windows,星购App,web,2026-03-06 19:39:04,1
D0006472,U001221,iOS,星购App,6.0.0,2025-09-15 16:00:43,1
D0006473,U001629,Android,星购App,5.9.1,2026-03-20 06:31:32,1
D0006474,U001101,iOS,星购App,6.0.0,2025-02-09 04:41:42,1
D0006475,U001568,Android,星购App,5.9.1,2025-04-22 01:16:55,1
D0006476,U002899,Android,微信小程序,5.8.0,2025-01-16 17:17:17,1
D0006477,U000219,iOS,星购App,web,2025-12-16 16:21:59,1
D0006478,U004664,iOS,星购App,6.0.0,2025-07-05 10:54:42,1
D0006479,U003530,iOS,星购App,5.9.1,2026-01-06 01:02:50,1
D0006480,U001119,Android,星购App,5.9.1,2026-06-13 21:41:36,1
D0006481,U000388,Windows,网页,6.0.0,2026-02-26 13:38:59,1
D0006482,U001758,iOS,星购App,web,2025-08-24 13:44:36,1
D0006483,U000802,iOS,星购App,5.9.1,2025-01-02 08:53:52,1
D0006484,U000865,Android,微信小程序,5.9.1,2025-01-09 11:54:11,1
D0006485,U004285,iOS,星购App,5.9.1,2026-05-22 13:08:38,1
D0006486,U004666,Android,星购App,5.9.1,2026-03-25 23:00:44,1
D0006487,U001937,iOS,星购App,5.8.0,2025-07-09 09:01:08,1
D0006488,U000035,Android,星购App,6.0.0,2025-06-02 11:11:53,1
D0006489,U002193,iOS,微信小程序,5.8.0,2026-07-28 21:34:42,1
D0006490,U002738,iOS,星购App,web,2026-07-20 03:49:38,1
D0006491,U002805,iOS,微信小程序,5.8.0,2025-03-02 15:34:21,1
D0006492,U001203,Android,微信小程序,6.0.0,2026-03-13 13:09:02,1
D0006493,U002290,iOS,微信小程序,6.0.0,2025-06-17 18:49:08,1
D0006494,U004385,Android,星购App,6.0.0,2025-06-23 10:43:15,1
D0006495,U003395,Android,微信小程序,6.0.0,2025-03-03 03:37:58,1
D0006496,U002233,iOS,星购App,5.9.1,2026-05-30 10:59:00,1
D0006497,U004085,Android,星购App,5.9.1,2025-03-11 07:43:02,1
D0006498,U004319,Android,网页,5.8.0,2025-08-02 17:00:27,1
D0006499,U001269,iOS,微信小程序,6.0.0,2025-01-28 13:08:28,1
D0006500,U000862,Android,网页,5.8.0,2025-08-18 04:13:54,1
D0006501,U000171,iOS,微信小程序,5.9.1,2026-06-10 01:10:44,1
D0006502,U002960,Android,微信小程序,6.0.0,2025-06-26 17:12:02,1
D0006503,U003807,Android,网页,web,2026-05-01 14:16:42,1
D0006504,U004169,Android,星购App,6.0.0,2026-03-06 13:24:35,1
D0006505,U003830,Android,网页,web,2026-04-21 06:14:16,1
D0006506,U000550,Android,星购App,5.9.1,2026-06-23 23:48:37,1
D0006507,U000993,Windows,星购App,6.0.0,2025-02-19 05:48:05,1
D0006508,U000842,Android,微信小程序,web,2025-04-09 02:45:07,1
D0006509,U004473,Windows,星购App,5.9.1,2025-06-04 13:55:09,1
D0006510,U001080,Android,星购App,5.8.0,2025-04-25 01:13:04,1
D0006511,U001372,Windows,星购App,6.0.0,2025-12-08 00:00:10,1
D0006512,U001523,iOS,星购App,5.9.1,2026-06-04 10:51:49,1
D0006513,U002697,iOS,星购App,5.8.0,2025-06-24 09:10:30,1
D0006514,U004309,Android,网页,web,2026-07-03 19:34:20,1
D0006515,U001393,iOS,星购App,5.9.1,2025-04-25 01:34:25,1
D0006516,U000005,Android,网页,6.0.0,2025-04-07 08:04:52,1
D0006517,U003574,iOS,微信小程序,6.0.0,2026-05-31 19:16:03,1
D0006518,U000016,Android,星购App,5.9.1,2026-07-23 23:30:09,1
D0006519,U001493,Windows,星购App,5.9.1,2025-08-12 20:41:24,1
D0006520,U002264,Windows,星购App,6.0.0,2026-01-16 21:56:17,1
D0006521,U000809,Android,星购App,6.0.0,2026-06-11 03:16:03,1
D0006522,U003812,Android,网页,6.0.0,2025-06-18 07:54:39,1
D0006523,U003915,Windows,微信小程序,5.8.0,2025-02-15 17:57:05,1
D0006524,U002747,Android,微信小程序,6.0.0,2025-01-10 20:44:41,1
D0006525,U001054,Windows,星购App,5.8.0,2025-09-06 07:47:28,1
D0006526,U000545,Windows,星购App,6.0.0,2025-06-29 10:01:27,1
D0006527,U002231,iOS,星购App,5.9.1,2025-01-01 08:55:24,1
D0006528,U001925,Android,星购App,6.0.0,2026-02-11 21:03:42,1
D0006529,U004884,iOS,星购App,6.0.0,2026-05-06 10:06:20,1
D0006530,U003435,Windows,星购App,6.0.0,2025-12-12 13:25:51,1
D0006531,U001779,Windows,微信小程序,web,2025-11-19 04:26:29,1
D0006532,U000457,iOS,网页,5.9.1,2025-12-11 17:46:41,1
D0006533,U002717,macOS,微信小程序,5.9.1,2025-07-29 06:40:44,1
D0006534,U003597,Android,网页,5.8.0,2025-08-01 17:47:13,1
D0006535,U001907,macOS,星购App,6.0.0,2025-11-19 15:20:34,1
D0006536,U000014,Android,微信小程序,6.0.0,2026-06-02 18:02:26,1
D0006537,U000332,iOS,网页,6.0.0,2025-01-13 22:20:58,1
D0006538,U002418,Android,微信小程序,5.9.1,2025-05-06 06:15:09,1
D0006539,U002655,Android,星购App,web,2025-08-08 09:41:43,1
D0006540,U004530,Windows,网页,5.9.1,2025-06-16 11:49:35,1
D0006541,U004087,iOS,星购App,web,2025-05-11 04:31:20,1
D0006542,U004495,iOS,星购App,5.9.1,2025-10-25 04:02:07,1
D0006543,U004126,iOS,星购App,5.9.1,2025-08-22 05:20:22,1
D0006544,U002048,Android,星购App,5.8.0,2026-03-08 20:05:21,1
D0006545,U002665,Android,星购App,6.0.0,2026-03-14 10:03:09,1
D0006546,U001001,iOS,星购App,6.0.0,2025-12-13 13:18:03,1
D0006547,U003387,Android,星购App,web,2025-03-19 16:25:49,1
D0006548,U001708,Android,星购App,6.0.0,2026-03-09 07:32:58,1
D0006549,U003267,iOS,星购App,web,2025-01-03 02:06:29,1
D0006550,U003428,Android,微信小程序,5.8.0,2026-06-08 02:59:41,1
D0006551,U000722,Android,网页,5.8.0,2026-02-10 11:40:46,1
D0006552,U004308,Android,星购App,6.0.0,2026-01-22 15:31:57,1
D0006553,U003928,iOS,星购App,web,2026-07-16 02:42:03,1
D0006554,U001245,Android,星购App,5.8.0,2026-06-19 00:37:13,1
D0006555,U001257,Windows,星购App,5.9.1,2025-02-15 18:55:20,1
D0006556,U000257,Android,星购App,6.0.0,2026-06-26 13:04:50,1
D0006557,U004038,iOS,网页,5.9.1,2025-04-06 07:05:52,1
D0006558,U002877,Windows,星购App,5.8.0,2025-12-19 21:06:55,1
D0006559,U000106,iOS,星购App,5.8.0,2026-05-30 09:31:25,1
D0006560,U004171,iOS,星购App,5.8.0,2025-04-21 15:01:25,1
D0006561,U002466,Android,星购App,6.0.0,2026-04-19 10:15:21,1
D0006562,U001834,Windows,星购App,5.9.1,2025-03-07 03:25:28,1
D0006563,U002771,Android,星购App,6.0.0,2026-04-23 14:57:35,1
D0006564,U004939,Android,网页,5.8.0,2026-05-17 02:16:59,1
D0006565,U002550,iOS,星购App,5.8.0,2026-06-27 11:40:09,1
D0006566,U004810,Android,星购App,6.0.0,2026-07-23 15:59:29,1
D0006567,U000640,Android,微信小程序,5.9.1,2026-07-05 21:24:07,1
D0006568,U001896,iOS,网页,6.0.0,2025-03-31 23:51:06,1
D0006569,U000615,Android,星购App,6.0.0,2026-08-13 10:10:39,1
D0006570,U003720,Android,星购App,6.0.0,2026-05-27 15:04:38,1
D0006571,U000275,Android,网页,5.9.1,2025-06-18 05:45:10,1
D0006572,U004933,iOS,星购App,5.8.0,2026-04-02 02:47:38,1
D0006573,U002481,Android,网页,6.0.0,2026-05-14 00:12:12,1
D0006574,U003906,iOS,网页,5.8.0,2026-03-04 05:38:26,1
D0006575,U001271,Windows,星购App,web,2025-02-05 13:47:12,1
D0006576,U002597,iOS,星购App,5.9.1,2026-04-30 09:45:37,1
D0006577,U001944,Windows,星购App,5.9.1,2025-05-28 01:37:32,1
D0006578,U002300,Android,网页,5.9.1,2025-01-07 23:57:52,1
D0006579,U002464,iOS,星购App,6.0.0,2026-07-20 19:26:41,1
D0006580,U004664,iOS,星购App,5.9.1,2025-12-19 12:40:33,1
D0006581,U001549,macOS,星购App,5.8.0,2026-06-06 12:48:36,1
D0006582,U004862,Android,星购App,6.0.0,2026-04-13 23:31:28,1
D0006583,U002311,iOS,微信小程序,5.8.0,2026-07-25 22:05:44,1
D0006584,U002655,iOS,微信小程序,web,2026-05-05 10:29:26,1
D0006585,U003219,iOS,星购App,6.0.0,2025-04-24 07:19:55,1
D0006586,U000495,macOS,星购App,5.9.1,2026-06-01 02:04:15,1
D0006587,U000602,Android,星购App,5.8.0,2025-10-03 10:15:27,1
D0006588,U002266,Android,星购App,6.0.0,2026-03-13 06:10:47,1
D0006589,U003641,Android,星购App,6.0.0,2025-07-26 17:07:49,1
D0006590,U001041,iOS,星购App,5.9.1,2026-01-29 21:59:34,1
D0006591,U002790,iOS,星购App,5.9.1,2025-04-11 19:25:30,1
D0006592,U001854,iOS,星购App,6.0.0,2026-02-19 09:07:11,1
D0006593,U000363,iOS,星购App,5.9.1,2025-08-11 16:16:05,1
D0006594,U000215,Windows,星购App,5.9.1,2025-06-11 17:25:22,1
D0006595,U000375,Android,微信小程序,6.0.0,2026-03-23 08:06:01,1
D0006596,U000027,Android,星购App,web,2025-10-16 02:19:03,1
D0006597,U001228,iOS,星购App,5.9.1,2025-04-20 16:50:24,1
D0006598,U000068,iOS,星购App,web,2026-07-13 20:43:42,1
D0006599,U002853,Android,星购App,5.9.1,2026-04-28 00:17:29,1
D0006600,U002656,Android,星购App,6.0.0,2025-10-15 01:56:40,1
D0006601,U003784,Android,星购App,6.0.0,2025-06-27 01:12:16,1
D0006602,U004395,Windows,网页,5.8.0,2026-07-11 19:13:55,1
D0006603,U001941,iOS,星购App,5.9.1,2025-09-26 06:35:41,1
D0006604,U001701,iOS,星购App,5.8.0,2025-08-15 03:20:15,1
D0006605,U002646,Android,微信小程序,5.9.1,2025-09-17 07:37:01,1
D0006606,U003033,iOS,微信小程序,5.8.0,2025-01-09 12:41:29,1
D0006607,U002270,iOS,星购App,6.0.0,2025-05-25 06:34:16,1
D0006608,U000528,Android,星购App,5.8.0,2025-03-25 00:06:01,1
D0006609,U003812,Android,星购App,5.9.1,2026-01-14 07:45:44,1
D0006610,U004034,Windows,星购App,5.9.1,2026-06-24 20:32:36,1
D0006611,U001594,Android,网页,5.8.0,2026-08-16 04:19:40,1
D0006612,U000989,Android,星购App,6.0.0,2026-03-14 10:31:40,1
D0006613,U002773,Android,星购App,6.0.0,2026-04-04 16:52:07,1
D0006614,U000430,Windows,星购App,6.0.0,2026-02-26 03:01:44,1
D0006615,U004399,Android,星购App,5.8.0,2025-04-03 11:47:31,1
D0006616,U001193,Windows,微信小程序,6.0.0,2025-06-09 10:13:25,1
D0006617,U000108,Android,星购App,6.0.0,2025-05-18 08:52:11,1
D0006618,U000433,Android,星购App,5.9.1,2025-01-29 05:31:34,1
D0006619,U002107,Android,星购App,6.0.0,2025-03-26 14:23:57,1
D0006620,U000291,iOS,星购App,6.0.0,2025-03-23 16:43:55,1
D0006621,U002147,Windows,星购App,web,2025-10-07 12:01:08,1
D0006622,U002538,iOS,网页,web,2026-06-28 11:46:57,1
D0006623,U004671,Android,星购App,5.9.1,2025-08-07 06:27:34,1
D0006624,U001583,Android,网页,5.9.1,2025-11-14 00:34:06,1
D0006625,U004867,Android,星购App,5.8.0,2026-05-29 12:09:19,1
D0006626,U001374,iOS,微信小程序,5.8.0,2025-10-08 01:43:36,1
D0006627,U000606,Windows,微信小程序,6.0.0,2026-06-03 11:20:37,1
D0006628,U002756,iOS,星购App,web,2025-05-08 08:39:38,1
D0006629,U002224,macOS,星购App,5.9.1,2025-11-05 18:02:30,1
D0006630,U000049,Android,星购App,5.8.0,2025-02-10 21:43:07,1
D0006631,U003985,iOS,微信小程序,5.8.0,2025-02-03 13:24:32,1
D0006632,U003027,Android,星购App,5.9.1,2025-09-22 23:05:08,1
D0006633,U000980,Windows,星购App,6.0.0,2026-02-12 01:45:17,1
D0006634,U004394,macOS,网页,5.9.1,2025-11-06 03:33:05,1
D0006635,U003448,Android,星购App,6.0.0,2026-07-17 10:50:04,1
D0006636,U004218,iOS,星购App,6.0.0,2025-03-25 22:28:42,1
D0006637,U001716,Android,网页,5.9.1,2026-08-05 18:11:34,1
D0006638,U003339,Windows,微信小程序,5.9.1,2025-10-22 17:20:08,1
D0006639,U000296,macOS,星购App,5.9.1,2026-06-26 23:27:24,1
D0006640,U003700,iOS,星购App,6.0.0,2025-01-07 07:54:57,1
D0006641,U002540,Windows,网页,5.9.1,2025-07-29 16:53:28,1
D0006642,U001058,Android,星购App,6.0.0,2025-05-17 10:56:31,1
D0006643,U003257,iOS,星购App,web,2025-06-26 08:46:46,1
D0006644,U001047,Android,星购App,5.9.1,2025-02-16 17:00:56,1
D0006645,U001905,iOS,星购App,web,2026-06-02 16:34:36,1
D0006646,U000973,iOS,星购App,6.0.0,2025-12-28 08:24:03,1
D0006647,U001993,iOS,星购App,6.0.0,2025-10-08 17:14:26,1
D0006648,U000635,Android,微信小程序,5.9.1,2025-09-09 12:51:08,1
D0006649,U004758,Android,星购App,6.0.0,2026-05-22 00:55:17,1
D0006650,U000454,Android,星购App,5.8.0,2025-06-05 23:04:02,1
D0006651,U002593,Android,星购App,web,2026-01-21 10:12:37,1
D0006652,U003065,Android,星购App,6.0.0,2026-07-26 01:39:56,1
D0006653,U000002,Android,星购App,6.0.0,2026-01-05 17:53:57,1
D0006654,U001997,iOS,网页,web,2026-06-15 03:53:49,1
D0006655,U004644,Android,星购App,5.9.1,2026-08-13 21:32:47,1
D0006656,U001738,Android,微信小程序,6.0.0,2025-05-23 03:21:43,1
D0006657,U000846,Android,星购App,5.8.0,2026-08-21 19:20:42,1
D0006658,U002993,Android,星购App,6.0.0,2026-02-27 12:32:00,1
D0006659,U000951,iOS,星购App,6.0.0,2026-05-20 09:26:51,1
D0006660,U003749,Android,星购App,6.0.0,2025-02-20 08:15:33,1
D0006661,U002491,Android,微信小程序,5.9.1,2026-07-15 05:42:59,1
D0006662,U002277,Android,星购App,6.0.0,2026-05-05 03:45:22,1
D0006663,U002278,iOS,星购App,5.8.0,2026-08-19 14:13:04,1
D0006664,U003394,Windows,微信小程序,5.9.1,2025-10-03 23:27:25,1
D0006665,U002710,macOS,网页,5.8.0,2025-11-03 15:53:26,1
D0006666,U000061,Android,星购App,5.9.1,2025-05-07 06:04:59,1
D0006667,U003783,iOS,星购App,5.9.1,2025-05-16 07:45:26,1
D0006668,U001590,Android,星购App,5.8.0,2025-09-30 14:05:27,1
D0006669,U001783,Android,星购App,6.0.0,2025-01-20 17:53:05,1
D0006670,U004218,iOS,星购App,5.8.0,2025-01-17 16:39:05,1
D0006671,U000550,Windows,星购App,6.0.0,2025-10-17 10:04:21,1
D0006672,U001733,macOS,星购App,6.0.0,2025-05-22 06:44:38,1
D0006673,U001392,Android,星购App,5.8.0,2026-03-11 23:15:45,1
D0006674,U003271,iOS,微信小程序,5.8.0,2026-05-29 14:25:00,1
D0006675,U001639,Windows,星购App,6.0.0,2025-10-15 09:17:41,1
D0006676,U001127,iOS,星购App,6.0.0,2025-05-23 05:01:02,1
D0006677,U002029,iOS,星购App,5.9.1,2026-05-28 19:47:31,1
D0006678,U000491,Android,星购App,5.8.0,2025-07-27 10:08:30,1
D0006679,U003660,Android,星购App,5.8.0,2026-01-23 20:24:22,1
D0006680,U003763,iOS,网页,web,2025-08-18 12:39:47,1
D0006681,U000298,macOS,星购App,6.0.0,2025-09-07 03:16:20,1
D0006682,U003188,Windows,网页,5.8.0,2026-04-28 13:53:26,1
D0006683,U003070,Android,微信小程序,5.9.1,2025-08-19 06:42:21,1
D0006684,U001722,Android,网页,5.8.0,2025-07-15 17:08:26,1
D0006685,U004309,Android,微信小程序,6.0.0,2025-08-05 09:03:42,1
D0006686,U000612,iOS,网页,5.9.1,2026-07-01 21:46:41,1
D0006687,U001737,Android,星购App,6.0.0,2025-04-13 10:14:15,1
D0006688,U003098,iOS,星购App,5.8.0,2026-07-21 06:12:48,1
D0006689,U001023,iOS,微信小程序,6.0.0,2026-02-25 08:09:49,1
D0006690,U004744,iOS,星购App,5.9.1,2026-08-06 00:35:31,1
D0006691,U003753,iOS,微信小程序,5.9.1,2026-02-24 13:23:21,1
D0006692,U004889,Android,星购App,web,2026-07-23 12:56:53,1
D0006693,U003396,Windows,星购App,5.8.0,2025-10-07 11:15:13,1
D0006694,U001343,iOS,星购App,5.8.0,2025-08-09 02:53:05,1
D0006695,U004216,iOS,星购App,5.8.0,2025-06-28 23:26:41,1
D0006696,U000680,iOS,网页,6.0.0,2026-02-24 20:52:00,1
D0006697,U003042,iOS,星购App,5.8.0,2025-04-20 03:44:59,1
D0006698,U000027,Android,网页,5.9.1,2026-07-02 16:59:14,1
D0006699,U003705,iOS,星购App,5.8.0,2025-01-13 19:19:10,1
D0006700,U003240,iOS,星购App,5.9.1,2026-04-22 10:15:04,1
D0006701,U000216,iOS,微信小程序,6.0.0,2026-05-18 10:25:18,1
D0006702,U002728,Windows,网页,6.0.0,2025-03-03 08:59:38,1
D0006703,U000981,Windows,网页,6.0.0,2025-02-01 19:23:36,1
D0006704,U004216,Android,星购App,6.0.0,2025-05-12 08:52:34,1
D0006705,U001058,iOS,网页,5.9.1,2025-03-27 07:14:58,1
D0006706,U004800,iOS,星购App,6.0.0,2026-01-16 09:25:55,1
D0006707,U000035,Android,星购App,5.9.1,2026-04-10 09:46:08,1
D0006708,U004202,iOS,星购App,6.0.0,2025-11-05 02:43:39,1
D0006709,U002590,Android,星购App,5.8.0,2025-07-20 06:16:59,1
D0006710,U000555,Android,星购App,web,2025-11-01 15:33:55,1
D0006711,U005000,iOS,星购App,5.9.1,2026-02-09 03:03:28,1
D0006712,U004791,Android,星购App,5.9.1,2025-08-25 02:20:35,1
D0006713,U004422,Android,星购App,6.0.0,2026-08-18 21:59:41,1
D0006714,U002292,iOS,星购App,web,2025-07-14 07:26:34,1
D0006715,U002906,Windows,网页,5.9.1,2026-07-14 10:23:59,1
D0006716,U000649,Android,星购App,6.0.0,2026-07-07 10:37:41,1
D0006717,U003847,iOS,星购App,5.9.1,2025-01-28 22:07:35,1
D0006718,U004613,iOS,微信小程序,5.9.1,2025-08-28 01:24:57,1
D0006719,U000170,iOS,星购App,5.9.1,2025-08-16 21:53:14,1
D0006720,U001400,iOS,星购App,5.9.1,2025-01-24 21:00:44,1
D0006721,U003136,iOS,星购App,5.8.0,2026-08-15 22:02:23,1
D0006722,U003314,Android,星购App,5.9.1,2026-07-23 06:22:33,1
D0006723,U003477,Windows,星购App,6.0.0,2025-02-24 05:22:02,1
D0006724,U000683,Windows,网页,web,2026-04-07 20:17:33,1
D0006725,U003591,macOS,星购App,6.0.0,2025-06-16 01:09:09,1
D0006726,U003068,iOS,星购App,5.9.1,2025-11-28 03:05:50,1
D0006727,U002686,macOS,星购App,5.9.1,2026-08-05 06:58:35,1
D0006728,U003661,Android,网页,5.9.1,2025-03-03 23:01:24,1
D0006729,U004218,Windows,网页,6.0.0,2026-04-19 09:09:38,1
D0006730,U001537,iOS,星购App,5.9.1,2025-02-10 17:40:39,1
D0006731,U000264,Android,星购App,5.9.1,2026-08-20 02:54:53,1
D0006732,U000128,Android,微信小程序,5.9.1,2026-06-16 03:07:52,1
D0006733,U000245,Windows,微信小程序,web,2025-05-22 21:47:58,1
D0006734,U002859,Android,星购App,6.0.0,2026-06-09 02:32:01,1
D0006735,U002571,Android,网页,6.0.0,2025-01-08 03:38:28,1
D0006736,U000279,iOS,星购App,5.8.0,2026-08-19 13:46:54,1
D0006737,U001097,iOS,星购App,5.9.1,2026-04-25 17:57:32,1
D0006738,U004037,Android,微信小程序,6.0.0,2026-01-06 21:04:46,1
D0006739,U002920,iOS,星购App,5.9.1,2025-07-09 19:19:29,1
D0006740,U001159,macOS,星购App,5.9.1,2025-11-27 17:56:47,1
D0006741,U003237,Android,星购App,5.9.1,2026-02-05 08:31:01,1
D0006742,U004198,iOS,星购App,5.8.0,2026-07-06 13:38:19,1
D0006743,U000614,iOS,星购App,5.9.1,2026-01-16 03:36:35,1
D0006744,U000306,iOS,星购App,5.9.1,2025-11-10 16:28:10,1
D0006745,U001306,iOS,星购App,5.8.0,2025-08-06 07:56:43,1
D0006746,U000729,Windows,网页,6.0.0,2026-02-26 05:02:17,1
D0006747,U000773,iOS,星购App,web,2025-09-30 05:34:21,1
D0006748,U003421,iOS,星购App,5.9.1,2025-08-08 19:13:33,1
D0006749,U001043,Android,微信小程序,5.9.1,2026-04-24 16:17:55,1
D0006750,U001211,Android,星购App,5.9.1,2025-04-12 06:46:07,1
D0006751,U004207,Windows,星购App,web,2026-03-14 20:39:02,1
D0006752,U004756,Android,星购App,5.9.1,2025-01-03 21:03:00,1
D0006753,U004152,iOS,星购App,5.9.1,2025-10-13 09:00:23,1
D0006754,U001059,Android,星购App,5.9.1,2025-09-11 00:43:15,1
D0006755,U002108,iOS,星购App,5.8.0,2026-07-19 05:55:42,1
D0006756,U003863,iOS,星购App,web,2025-12-14 15:37:00,1
D0006757,U002919,Android,网页,5.8.0,2026-04-25 19:03:31,1
D0006758,U004774,Android,星购App,6.0.0,2026-01-30 21:18:06,1
D0006759,U003371,Android,微信小程序,5.9.1,2025-06-27 01:26:26,1
D0006760,U001667,Android,星购App,6.0.0,2025-06-26 04:02:51,1
D0006761,U003634,iOS,星购App,6.0.0,2026-03-19 20:25:12,1
D0006762,U000941,Android,星购App,6.0.0,2025-04-26 20:03:14,1
D0006763,U001822,iOS,微信小程序,5.8.0,2026-05-07 05:09:00,1
D0006764,U000332,iOS,网页,6.0.0,2025-08-30 23:16:08,1
D0006765,U003527,iOS,网页,5.8.0,2025-10-07 02:40:19,1
D0006766,U004858,Android,网页,6.0.0,2025-05-21 12:05:02,1
D0006767,U002051,iOS,星购App,5.8.0,2026-07-30 22:54:56,1
D0006768,U001400,Android,星购App,6.0.0,2026-08-07 15:57:07,1
D0006769,U000847,Android,星购App,5.9.1,2026-05-10 17:47:04,1
D0006770,U002064,Android,星购App,5.9.1,2025-04-07 17:53:28,1
D0006771,U004451,iOS,网页,5.9.1,2025-04-13 13:53:08,1
D0006772,U004226,iOS,网页,5.9.1,2025-09-05 20:29:37,1
D0006773,U003300,macOS,微信小程序,6.0.0,2025-07-23 06:56:11,1
D0006774,U001860,iOS,星购App,5.9.1,2025-03-07 21:58:00,1
D0006775,U004234,Android,微信小程序,5.8.0,2025-12-14 12:12:58,1
D0006776,U002424,Android,星购App,5.9.1,2026-06-09 04:31:46,1
D0006777,U001298,iOS,星购App,5.8.0,2025-05-06 15:46:05,1
D0006778,U003815,iOS,星购App,5.9.1,2025-08-05 04:16:59,1
D0006779,U001398,Android,星购App,6.0.0,2025-11-02 23:17:08,1
D0006780,U000369,Windows,星购App,5.8.0,2025-12-25 15:44:09,1
D0006781,U000366,Android,星购App,6.0.0,2026-05-02 05:37:28,1
D0006782,U004995,iOS,星购App,5.9.1,2026-08-19 11:11:19,1
D0006783,U002524,Android,微信小程序,5.9.1,2025-06-17 10:15:39,1
D0006784,U004343,Android,微信小程序,5.8.0,2026-07-25 02:51:59,1
D0006785,U002523,iOS,微信小程序,6.0.0,2025-07-16 03:52:52,1
D0006786,U004881,Android,星购App,5.8.0,2025-05-06 11:42:18,1
D0006787,U003579,iOS,星购App,6.0.0,2026-07-23 02:17:03,1
D0006788,U004436,macOS,星购App,6.0.0,2025-12-11 14:09:18,1
D0006789,U001588,iOS,星购App,6.0.0,2026-05-28 07:02:02,1
D0006790,U001252,Android,星购App,5.8.0,2026-06-06 22:27:34,1
D0006791,U001260,Windows,网页,5.9.1,2025-12-20 04:14:43,1
D0006792,U000282,Android,星购App,5.8.0,2025-11-07 20:54:06,1
D0006793,U001291,iOS,星购App,5.9.1,2025-08-11 10:40:25,1
D0006794,U001828,iOS,星购App,web,2025-02-03 23:52:18,1
D0006795,U002313,iOS,星购App,web,2026-08-20 05:45:44,1
D0006796,U000263,Android,网页,6.0.0,2026-02-16 07:07:49,1
D0006797,U001262,Android,星购App,5.8.0,2025-05-28 13:02:56,1
D0006798,U002233,iOS,星购App,5.9.1,2025-08-30 05:47:32,1
D0006799,U003068,iOS,星购App,6.0.0,2026-04-28 22:25:54,1
D0006800,U001553,Android,星购App,5.9.1,2026-06-29 02:01:44,1
D0006801,U000813,Android,星购App,5.9.1,2025-01-24 02:03:01,1
D0006802,U001881,macOS,微信小程序,web,2025-11-25 22:05:50,1
D0006803,U002288,iOS,微信小程序,5.9.1,2026-05-02 05:23:29,1
D0006804,U004408,iOS,星购App,5.9.1,2025-01-24 12:50:31,1
D0006805,U004946,Android,微信小程序,5.8.0,2026-04-08 01:04:53,1
D0006806,U003485,iOS,网页,5.9.1,2025-10-03 02:31:26,1
D0006807,U002410,Android,星购App,5.8.0,2025-03-25 04:49:18,1
D0006808,U000146,iOS,微信小程序,web,2026-04-16 06:42:34,1
D0006809,U003911,Android,微信小程序,6.0.0,2026-02-27 01:34:31,1
D0006810,U004361,iOS,星购App,6.0.0,2025-04-28 00:07:37,1
D0006811,U000852,Android,星购App,6.0.0,2025-07-13 16:36:31,1
D0006812,U002008,Windows,星购App,5.8.0,2026-03-19 13:22:31,1
D0006813,U001428,Android,微信小程序,5.9.1,2025-08-04 23:35:18,1
D0006814,U002253,iOS,星购App,5.8.0,2025-06-02 22:46:54,1
D0006815,U002769,iOS,星购App,6.0.0,2025-06-10 19:59:43,1
D0006816,U002448,Windows,星购App,5.9.1,2026-01-31 02:18:40,1
D0006817,U001939,iOS,星购App,5.8.0,2026-05-31 08:04:06,1
D0006818,U004125,Android,网页,5.9.1,2026-05-06 16:39:21,1
D0006819,U003135,iOS,微信小程序,6.0.0,2025-11-25 23:02:25,1
D0006820,U000185,Android,网页,6.0.0,2025-01-05 09:03:46,1
D0006821,U002039,Windows,星购App,5.9.1,2025-02-14 05:12:47,1
D0006822,U000906,iOS,星购App,5.9.1,2025-10-16 09:12:08,1
D0006823,U000479,Windows,星购App,5.9.1,2025-12-21 01:34:29,1
D0006824,U004027,Android,微信小程序,6.0.0,2025-05-04 19:04:48,1
D0006825,U000759,Android,微信小程序,5.9.1,2025-07-25 10:02:29,1
D0006826,U002306,Android,星购App,6.0.0,2026-07-07 12:25:07,1
D0006827,U004800,Android,网页,web,2025-08-12 16:35:39,1
D0006828,U002490,Android,网页,5.9.1,2025-05-10 12:21:47,1
D0006829,U001625,Android,星购App,5.8.0,2025-12-31 21:49:47,1
D0006830,U002776,Windows,星购App,6.0.0,2026-02-12 11:58:29,1
D0006831,U002165,Android,微信小程序,5.9.1,2025-10-04 07:37:55,1
D0006832,U004735,iOS,星购App,6.0.0,2025-05-08 23:12:14,1
D0006833,U000403,Android,星购App,web,2025-08-29 04:39:39,1
D0006834,U004424,Android,星购App,5.8.0,2025-08-26 03:02:16,1
D0006835,U000726,Windows,星购App,5.9.1,2025-10-16 11:03:11,1
D0006836,U002643,iOS,星购App,5.9.1,2025-10-23 05:37:27,1
D0006837,U002256,iOS,网页,5.9.1,2025-05-18 02:12:09,1
D0006838,U001407,iOS,星购App,5.9.1,2025-12-29 00:11:54,1
D0006839,U003144,Android,微信小程序,web,2026-05-09 22:48:47,1
D0006840,U004451,Android,星购App,5.8.0,2025-04-12 09:51:19,1
D0006841,U002349,Android,星购App,5.8.0,2025-09-05 22:39:28,1
D0006842,U001483,Windows,星购App,5.8.0,2025-04-23 07:39:05,1
D0006843,U000418,Windows,星购App,web,2026-06-20 10:37:12,1
D0006844,U001164,Windows,微信小程序,5.8.0,2026-02-28 03:39:23,1
D0006845,U001717,iOS,星购App,5.9.1,2025-03-05 09:35:38,1
D0006846,U003622,iOS,微信小程序,5.9.1,2025-01-10 23:45:33,1
D0006847,U004974,Android,星购App,6.0.0,2026-04-27 21:29:43,1
D0006848,U003494,Android,星购App,6.0.0,2025-12-10 18:00:54,1
D0006849,U000715,iOS,星购App,5.9.1,2026-03-08 06:15:46,1
D0006850,U001192,Windows,星购App,5.9.1,2026-03-26 22:50:48,1
D0006851,U000091,Android,网页,5.8.0,2025-04-23 16:25:43,1
D0006852,U001803,Android,网页,web,2026-02-08 12:56:08,1
D0006853,U002235,iOS,微信小程序,5.8.0,2025-03-02 02:36:15,1
D0006854,U004749,iOS,网页,5.9.1,2026-02-27 11:46:39,1
D0006855,U002583,Android,微信小程序,5.9.1,2025-12-04 21:47:49,1
D0006856,U004409,iOS,网页,5.9.1,2026-01-12 06:14:10,1
D0006857,U004974,Android,网页,6.0.0,2026-01-29 15:29:58,1
D0006858,U003133,Android,星购App,web,2025-11-13 13:47:31,1
D0006859,U000579,Android,星购App,5.9.1,2025-03-10 22:44:03,1
D0006860,U002294,iOS,微信小程序,5.9.1,2025-07-30 15:49:51,1
D0006861,U001756,iOS,网页,5.9.1,2025-09-03 01:28:56,1
D0006862,U002301,Android,微信小程序,6.0.0,2025-10-24 10:05:49,1
D0006863,U000802,Android,星购App,5.8.0,2025-07-18 17:17:35,1
D0006864,U003912,Android,微信小程序,6.0.0,2026-02-10 08:53:21,1
D0006865,U004636,iOS,网页,5.8.0,2025-07-19 11:25:59,1
D0006866,U002431,Android,星购App,6.0.0,2025-04-27 06:18:43,1
D0006867,U001107,Android,微信小程序,5.8.0,2025-01-08 20:05:43,1
D0006868,U002216,iOS,星购App,6.0.0,2025-08-15 05:24:57,1
D0006869,U004559,Windows,微信小程序,web,2026-06-12 01:21:50,1
D0006870,U004508,iOS,星购App,5.8.0,2026-01-29 12:37:19,1
D0006871,U002891,iOS,网页,6.0.0,2025-05-24 08:02:22,1
D0006872,U004025,Android,网页,5.8.0,2026-02-23 12:55:32,1
D0006873,U003232,iOS,星购App,6.0.0,2025-02-05 22:47:47,1
D0006874,U003083,macOS,网页,5.9.1,2026-03-01 00:31:53,1
D0006875,U002631,Android,网页,6.0.0,2026-05-05 20:15:30,1
D0006876,U001217,Windows,网页,6.0.0,2026-02-24 09:43:53,1
D0006877,U002748,iOS,星购App,6.0.0,2025-06-09 04:57:58,1
D0006878,U004188,iOS,微信小程序,5.8.0,2026-04-12 17:50:21,1
D0006879,U002408,Android,星购App,5.9.1,2025-02-25 07:24:08,1
D0006880,U001240,iOS,星购App,6.0.0,2025-09-18 19:56:47,1
D0006881,U001739,iOS,星购App,6.0.0,2026-06-27 01:50:36,1
D0006882,U004066,macOS,星购App,5.8.0,2025-01-28 08:52:56,1
D0006883,U000916,iOS,星购App,5.8.0,2026-08-05 23:29:17,1
D0006884,U003959,Android,星购App,6.0.0,2026-02-22 06:57:13,1
D0006885,U002168,Android,微信小程序,5.9.1,2026-01-20 16:24:01,1
D0006886,U001639,Android,微信小程序,5.9.1,2026-07-21 07:44:07,1
D0006887,U004041,Android,星购App,6.0.0,2025-11-04 13:26:51,1
D0006888,U000617,Android,星购App,5.8.0,2026-04-10 07:03:58,1
D0006889,U003865,Android,星购App,6.0.0,2025-08-18 01:47:56,1
D0006890,U001376,iOS,星购App,5.8.0,2026-06-21 14:52:56,1
D0006891,U002271,Android,微信小程序,web,2026-05-11 17:22:16,1
D0006892,U001175,iOS,星购App,5.9.1,2025-08-22 07:42:39,1
D0006893,U004358,Android,星购App,5.8.0,2026-05-09 20:39:16,1
D0006894,U003143,Android,星购App,6.0.0,2025-05-19 05:04:37,1
D0006895,U004354,Windows,星购App,5.9.1,2025-12-31 09:01:36,1
D0006896,U001447,Android,星购App,5.8.0,2026-05-06 02:09:18,1
D0006897,U003773,Android,星购App,6.0.0,2026-01-13 06:39:25,1
D0006898,U003525,iOS,星购App,6.0.0,2026-02-25 03:46:10,1
D0006899,U001560,Windows,星购App,web,2025-12-20 02:22:44,1
D0006900,U000970,iOS,星购App,6.0.0,2025-09-28 20:30:44,1
D0006901,U000396,Android,星购App,5.8.0,2026-03-29 12:16:00,1
D0006902,U001736,iOS,星购App,5.8.0,2026-06-10 00:58:29,1
D0006903,U002372,Android,星购App,6.0.0,2025-06-19 14:57:10,1
D0006904,U002610,Android,星购App,5.9.1,2025-03-26 07:55:14,1
D0006905,U000633,Android,星购App,5.8.0,2026-04-04 17:39:10,1
D0006906,U004203,iOS,星购App,5.8.0,2026-06-10 17:12:42,1
D0006907,U003738,iOS,微信小程序,5.8.0,2026-04-18 13:12:21,1
D0006908,U000216,iOS,星购App,5.9.1,2025-10-11 17:15:51,1
D0006909,U000305,Android,网页,5.9.1,2025-08-01 04:29:55,1
D0006910,U002123,Windows,星购App,web,2025-09-24 04:13:25,1
D0006911,U003069,Android,星购App,5.8.0,2025-12-08 09:56:51,1
D0006912,U002850,macOS,星购App,5.9.1,2026-06-20 03:01:21,1
D0006913,U004415,iOS,星购App,5.8.0,2025-06-06 01:37:53,1
D0006914,U001936,Android,星购App,5.9.1,2025-07-08 21:19:42,1
D0006915,U000297,Android,星购App,5.9.1,2025-06-24 03:51:48,1
D0006916,U004844,iOS,星购App,web,2026-02-06 00:41:48,1
D0006917,U003549,Android,星购App,5.8.0,2026-03-01 11:26:04,1
D0006918,U004136,Android,网页,5.9.1,2026-06-14 16:28:39,1
D0006919,U000374,Android,星购App,5.9.1,2026-05-19 21:12:47,1
D0006920,U001193,Android,星购App,5.8.0,2025-09-04 18:14:39,1
D0006921,U004853,Android,星购App,6.0.0,2025-06-30 15:03:01,1
D0006922,U000571,Windows,星购App,5.9.1,2025-12-22 20:51:00,1
D0006923,U004899,iOS,网页,6.0.0,2025-06-18 16:08:38,1
D0006924,U001492,Android,星购App,web,2025-12-17 01:26:01,1
D0006925,U004219,Android,星购App,5.9.1,2025-03-08 15:36:26,1
D0006926,U004941,Android,星购App,5.9.1,2025-12-17 14:23:55,1
D0006927,U000228,Windows,星购App,6.0.0,2026-05-20 06:42:21,1
D0006928,U003750,iOS,网页,5.9.1,2026-06-18 19:45:58,1
D0006929,U003251,Android,微信小程序,6.0.0,2026-08-02 11:49:03,1
D0006930,U001129,iOS,网页,6.0.0,2026-06-27 19:58:53,1
D0006931,U002680,Android,网页,5.9.1,2026-01-22 12:24:10,1
D0006932,U002189,Windows,星购App,5.8.0,2026-05-04 19:38:26,1
D0006933,U000153,Android,微信小程序,5.8.0,2025-04-26 16:39:14,1
D0006934,U004804,iOS,微信小程序,5.9.1,2025-08-02 05:30:24,1
D0006935,U000154,iOS,微信小程序,5.8.0,2025-05-22 17:19:25,1
D0006936,U004237,Windows,星购App,6.0.0,2025-09-03 04:08:10,1
D0006937,U004174,Windows,星购App,5.8.0,2026-01-15 15:29:52,1
D0006938,U000546,iOS,星购App,6.0.0,2025-08-18 03:06:37,1
D0006939,U003798,Android,星购App,5.8.0,2026-04-30 15:24:54,1
D0006940,U003369,Windows,星购App,5.9.1,2026-02-13 06:02:43,1
D0006941,U001298,iOS,星购App,5.8.0,2026-07-13 06:54:43,1
D0006942,U003200,iOS,星购App,5.9.1,2025-08-27 12:33:36,1
D0006943,U001480,Android,星购App,5.8.0,2026-04-17 22:13:13,1
D0006944,U000409,Windows,网页,web,2026-01-07 11:21:46,1
D0006945,U004626,iOS,网页,5.8.0,2026-06-09 20:31:18,1
D0006946,U001129,Android,星购App,6.0.0,2026-04-14 02:19:41,1
D0006947,U003456,iOS,星购App,6.0.0,2025-03-04 11:55:01,1
D0006948,U001476,Android,星购App,5.8.0,2025-06-13 03:38:41,1
D0006949,U002445,iOS,网页,6.0.0,2026-01-13 09:13:04,1
D0006950,U000165,Android,微信小程序,6.0.0,2025-07-01 22:31:27,1
D0006951,U000940,Android,星购App,5.9.1,2025-12-07 18:29:54,1
D0006952,U004456,iOS,星购App,5.8.0,2025-03-17 21:22:39,1
D0006953,U001868,Windows,微信小程序,6.0.0,2026-03-10 21:02:57,1
D0006954,U004314,Android,星购App,web,2025-07-19 04:10:26,1
D0006955,U000509,iOS,星购App,5.9.1,2025-11-28 23:52:18,1
D0006956,U004195,Android,星购App,6.0.0,2025-09-17 05:31:31,1
D0006957,U001201,Windows,星购App,5.8.0,2026-02-12 10:32:48,1
D0006958,U002661,iOS,星购App,web,2026-08-07 11:28:53,1
D0006959,U001705,iOS,网页,5.8.0,2025-06-07 20:35:02,1
D0006960,U003488,Android,星购App,5.9.1,2026-03-15 05:09:50,1
D0006961,U003753,Android,微信小程序,5.8.0,2025-11-21 06:00:52,1
D0006962,U000525,Android,微信小程序,5.9.1,2025-03-14 17:38:17,1
D0006963,U002288,Android,星购App,5.8.0,2026-07-05 19:05:57,1
D0006964,U003846,Android,星购App,5.8.0,2025-04-08 19:34:17,1
D0006965,U001927,Windows,星购App,5.9.1,2025-01-03 18:32:42,1
D0006966,U000533,Android,星购App,6.0.0,2026-07-16 10:24:12,1
D0006967,U001405,iOS,星购App,5.9.1,2025-01-10 20:33:03,1
D0006968,U003756,iOS,微信小程序,web,2026-06-21 17:25:33,1
D0006969,U001884,iOS,微信小程序,6.0.0,2025-08-16 22:20:27,1
D0006970,U002114,macOS,网页,5.8.0,2025-11-30 18:09:37,1
D0006971,U001677,Android,微信小程序,5.9.1,2025-12-15 23:32:51,1
D0006972,U003076,Windows,星购App,5.8.0,2025-01-04 05:45:28,1
D0006973,U001677,iOS,网页,5.9.1,2026-01-07 15:43:39,1
D0006974,U001022,iOS,网页,6.0.0,2026-03-04 07:24:34,1
D0006975,U000432,iOS,星购App,6.0.0,2026-03-18 05:40:08,1
D0006976,U002338,iOS,网页,5.8.0,2026-01-20 00:35:27,1
D0006977,U004862,Android,微信小程序,web,2025-04-27 09:36:57,1
D0006978,U002552,Windows,星购App,5.8.0,2026-01-29 18:24:40,1
D0006979,U001176,Android,星购App,5.9.1,2026-06-05 05:00:20,1
D0006980,U003186,Windows,星购App,web,2025-12-30 08:36:21,1
D0006981,U004970,Windows,网页,5.8.0,2025-06-20 21:55:30,1
D0006982,U000342,Windows,星购App,5.9.1,2025-07-01 09:25:49,1
D0006983,U002813,macOS,网页,6.0.0,2026-08-17 10:54:39,1
D0006984,U001047,Android,星购App,6.0.0,2025-01-04 14:42:39,1
D0006985,U001257,Android,星购App,6.0.0,2025-03-07 05:43:09,1
D0006986,U001571,Android,微信小程序,web,2026-05-27 12:07:15,1
D0006987,U000481,Windows,网页,5.8.0,2025-05-03 09:44:59,1
D0006988,U000882,Windows,星购App,5.9.1,2025-08-10 02:16:53,1
D0006989,U000221,iOS,星购App,web,2025-11-13 23:56:28,1
D0006990,U001211,iOS,星购App,6.0.0,2026-02-20 01:19:31,1
D0006991,U002223,iOS,微信小程序,6.0.0,2025-09-05 05:37:35,1
D0006992,U002561,Android,星购App,5.8.0,2026-08-14 23:52:51,1
D0006993,U004530,iOS,网页,web,2025-03-09 21:07:21,1
D0006994,U003990,Android,微信小程序,5.9.1,2026-07-05 16:21:51,1
D0006995,U003981,Android,星购App,5.8.0,2026-04-09 09:29:35,1
D0006996,U002617,iOS,星购App,5.8.0,2025-07-23 19:22:57,1
D0006997,U002031,Android,星购App,5.9.1,2025-12-15 00:01:23,1
D0006998,U004987,Windows,星购App,5.8.0,2025-02-02 12:47:57,1
D0006999,U003155,Android,星购App,6.0.0,2026-07-06 09:20:12,1
D0007000,U003388,Android,网页,6.0.0,2025-08-20 14:12:56,1
